time_min,A246_mAU,A254_mAU,A261_mAU,A273_mAU,A290_mAU,A324_mAU,A350_mAU,A445_mAU
0.00000,30.860,26.149,22.336,14.688,9.548,4.387,1.946,1.404
0.00333,30.864,26.192,22.319,14.704,9.592,4.432,1.965,1.410
0.00667,30.826,26.208,22.388,14.717,9.496,4.405,1.965,1.334
0.01000,30.964,26.193,22.289,14.688,9.524,4.409,1.920,1.351
0.01333,30.951,26.169,22.340,14.765,9.604,4.442,1.963,1.362
0.01667,30.920,26.220,22.371,14.747,9.553,4.383,1.962,1.412
0.02000,31.076,26.205,22.375,14.770,9.576,4.404,1.885,1.354
0.02333,30.988,26.236,22.443,14.747,9.580,4.398,1.956,1.393
0.02667,31.019,26.333,22.428,14.786,9.611,4.391,1.979,1.400
0.03000,30.995,26.317,22.445,14.799,9.570,4.440,1.904,1.357
0.03333,31.081,26.304,22.478,14.826,9.512,4.470,2.038,1.353
0.03667,31.138,26.358,22.459,14.772,9.612,4.493,1.985,1.420
0.04000,31.085,26.361,22.497,14.833,9.583,4.480,1.965,1.340
0.04333,31.146,26.334,22.547,14.845,9.618,4.428,1.951,1.385
0.04667,31.136,26.430,22.547,14.811,9.672,4.515,1.972,1.404
0.05000,31.118,26.413,22.534,14.938,9.656,4.480,1.920,1.361
0.05333,31.224,26.455,22.554,14.878,9.651,4.498,1.947,1.427
0.05667,31.309,26.430,22.574,14.809,9.612,4.472,1.976,1.289
0.06000,31.290,26.523,22.595,14.866,9.602,4.494,1.963,1.349
0.06333,31.285,26.542,22.591,14.933,9.644,4.517,1.930,1.443
0.06667,31.305,26.482,22.623,14.912,9.672,4.401,2.001,1.329
0.07000,31.335,26.524,22.590,14.916,9.641,4.487,1.979,1.344
0.07333,31.372,26.592,22.683,14.869,9.709,4.538,1.999,1.441
0.07667,31.418,26.606,22.652,14.916,9.728,4.510,2.003,1.334
0.08000,31.418,26.611,22.671,14.926,9.718,4.491,1.934,1.425
0.08333,31.387,26.649,22.674,14.959,9.716,4.494,1.995,1.346
0.08667,31.437,26.681,22.713,14.966,9.642,4.482,2.038,1.352
0.09000,31.461,26.679,22.723,14.926,9.742,4.564,1.963,1.414
0.09333,31.468,26.731,22.820,14.971,9.788,4.533,1.996,1.352
0.09667,31.540,26.686,22.811,14.952,9.746,4.506,1.970,1.388
0.10000,31.519,26.737,22.794,15.020,9.665,4.543,2.000,1.425
0.10333,31.534,26.834,22.875,15.013,9.701,4.490,2.053,1.363
0.10667,31.622,26.756,22.826,15.086,9.752,4.537,1.968,1.427
0.11000,31.559,26.809,22.869,15.036,9.756,4.556,1.917,1.366
0.11333,31.652,26.808,22.901,15.052,9.707,4.559,2.005,1.392
0.11667,31.718,26.845,22.863,15.048,9.766,4.537,2.014,1.373
0.12000,31.646,26.947,22.956,15.052,9.809,4.513,2.031,1.422
0.12333,31.734,26.854,22.934,15.073,9.850,4.573,2.034,1.376
0.12667,31.733,26.933,22.984,15.097,9.785,4.587,2.045,1.371
0.13000,31.733,26.935,22.961,15.127,9.789,4.525,1.975,1.377
0.13333,31.760,26.972,22.962,15.073,9.812,4.592,1.956,1.475
0.13667,31.798,26.939,23.006,15.172,9.814,4.500,2.004,1.387
0.14000,31.796,26.985,23.030,15.146,9.778,4.588,1.991,1.427
0.14333,31.836,26.986,23.005,15.227,9.838,4.562,2.037,1.412
0.14667,31.930,27.060,23.011,15.126,9.807,4.583,1.994,1.413
0.15000,31.876,27.106,23.062,15.222,9.793,4.541,1.984,1.447
0.15333,31.943,27.075,23.110,15.136,9.867,4.608,2.029,1.411
0.15667,31.972,27.161,23.067,15.282,9.806,4.624,1.992,1.444
0.16000,31.950,27.148,23.133,15.230,9.941,4.605,2.089,1.366
0.16333,32.030,27.173,23.179,15.249,9.846,4.574,1.970,1.383
0.16667,32.060,27.176,23.128,15.199,9.894,4.619,2.110,1.366
0.17000,32.002,27.240,23.195,15.178,9.827,4.605,2.010,1.467
0.17333,32.108,27.227,23.203,15.247,9.909,4.639,2.046,1.383
0.17667,32.088,27.176,23.256,15.298,9.892,4.620,2.047,1.389
0.18000,32.132,27.237,23.179,15.291,9.905,4.659,2.034,1.359
0.18333,32.105,27.232,23.275,15.338,9.893,4.637,2.071,1.415
0.18667,32.142,27.338,23.237,15.229,9.911,4.630,2.056,1.404
0.19000,32.166,27.337,23.295,15.253,9.953,4.692,2.010,1.473
0.19333,32.215,27.298,23.296,15.300,9.954,4.562,2.071,1.370
0.19667,32.276,27.351,23.260,15.297,9.960,4.712,2.074,1.414
0.20000,32.295,27.354,23.314,15.314,9.981,4.623,2.095,1.468
0.20333,32.301,27.424,23.363,15.330,9.996,4.714,2.043,1.429
0.20667,32.314,27.443,23.450,15.399,9.973,4.648,2.085,1.399
0.21000,32.383,27.404,23.337,15.424,10.028,4.652,2.095,1.432
0.21333,32.353,27.575,23.400,15.444,9.970,4.698,2.057,1.455
0.21667,32.379,27.562,23.372,15.422,9.936,4.664,2.049,1.391
0.22000,32.389,27.520,23.498,15.397,9.977,4.658,2.089,1.429
0.22333,32.464,27.591,23.459,15.414,9.982,4.614,2.111,1.443
0.22667,32.496,27.626,23.498,15.458,9.985,4.650,2.087,1.474
0.23000,32.511,27.577,23.531,15.433,9.996,4.725,2.084,1.417
0.23333,32.564,27.633,23.471,15.530,10.115,4.694,2.047,1.452
0.23667,32.574,27.591,23.579,15.469,10.102,4.681,2.107,1.472
0.24000,32.577,27.653,23.508,15.535,10.005,4.698,2.085,1.445
0.24333,32.620,27.604,23.557,15.538,10.030,4.732,2.092,1.446
0.24667,32.657,27.680,23.610,15.462,10.080,4.760,2.127,1.434
0.25000,32.640,27.725,23.642,15.492,10.058,4.689,2.087,1.381
0.25333,32.643,27.749,23.681,15.533,10.070,4.755,2.113,1.424
0.25667,32.729,27.709,23.632,15.527,10.039,4.646,2.155,1.450
0.26000,32.747,27.791,23.653,15.461,10.063,4.747,2.056,1.465
0.26333,32.736,27.773,23.696,15.545,10.078,4.726,2.027,1.457
0.26667,32.804,27.821,23.736,15.603,10.080,4.740,2.082,1.393
0.27000,32.859,27.951,23.666,15.544,10.054,4.756,2.067,1.403
0.27333,32.829,27.888,23.819,15.633,10.158,4.747,2.124,1.499
0.27667,32.912,27.885,23.756,15.491,10.122,4.779,2.227,1.386
0.28000,32.827,27.917,23.838,15.598,10.171,4.716,2.144,1.427
0.28333,32.897,27.893,23.801,15.664,10.161,4.679,2.112,1.512
0.28667,32.900,27.986,23.810,15.614,10.135,4.719,2.106,1.530
0.29000,32.963,27.978,23.864,15.619,10.188,4.765,2.132,1.499
0.29333,32.987,27.994,23.867,15.662,10.114,4.787,2.134,1.484
0.29667,33.035,27.997,23.912,15.673,10.161,4.791,2.063,1.465
0.30000,33.060,28.005,23.946,15.672,10.127,4.729,2.113,1.477
0.30333,33.074,28.060,23.929,15.689,10.280,4.793,2.184,1.517
0.30667,33.088,28.061,23.971,15.726,10.190,4.775,2.055,1.426
0.31000,33.128,28.068,23.997,15.693,10.179,4.802,2.169,1.501
0.31333,33.142,28.146,24.002,15.718,10.208,4.825,2.158,1.459
0.31667,33.149,28.161,23.995,15.819,10.276,4.789,2.125,1.454
0.32000,33.206,28.180,24.007,15.796,10.221,4.817,2.153,1.458
0.32333,33.223,28.132,24.030,15.734,10.224,4.785,2.145,1.485
0.32667,33.206,28.246,24.059,15.766,10.294,4.792,2.201,1.483
0.33000,33.294,28.272,24.045,15.839,10.239,4.844,2.209,1.410
0.33333,33.300,28.212,24.108,15.860,10.343,4.845,2.121,1.479
0.33667,33.370,28.300,24.111,15.816,10.265,4.819,2.178,1.481
0.34000,33.352,28.372,24.133,15.811,10.285,4.816,2.244,1.426
0.34333,33.415,28.340,24.106,15.829,10.310,4.824,2.155,1.490
0.34667,33.435,28.414,24.230,15.851,10.283,4.841,2.140,1.477
0.35000,33.478,28.357,24.174,15.852,10.306,4.753,2.216,1.475
0.35333,33.473,28.435,24.240,15.876,10.366,4.813,2.185,1.479
0.35667,33.491,28.516,24.244,15.832,10.317,4.907,2.169,1.476
0.36000,33.529,28.446,24.226,15.980,10.328,4.859,2.178,1.576
0.36333,33.594,28.510,24.223,15.916,10.312,4.895,2.151,1.512
0.36667,33.560,28.464,24.327,15.920,10.312,4.815,2.163,1.462
0.37000,33.632,28.483,24.341,15.957,10.362,4.897,2.215,1.472
0.37333,33.698,28.586,24.276,16.022,10.356,4.911,2.193,1.494
0.37667,33.667,28.617,24.350,15.937,10.382,4.865,2.199,1.426
0.38000,33.719,28.651,24.374,16.022,10.336,4.868,2.167,1.486
0.38333,33.713,28.647,24.382,15.976,10.424,4.899,2.187,1.457
0.38667,33.726,28.699,24.423,16.007,10.448,4.927,2.184,1.464
0.39000,33.817,28.650,24.446,15.953,10.398,4.858,2.208,1.431
0.39333,33.868,28.723,24.438,16.068,10.419,4.904,2.191,1.493
0.39667,33.810,28.702,24.480,16.099,10.422,4.878,2.201,1.454
0.40000,33.892,28.796,24.546,16.090,10.414,4.945,2.209,1.467
0.40333,33.927,28.747,24.531,16.053,10.414,4.905,2.188,1.502
0.40667,33.937,28.770,24.552,16.109,10.546,4.998,2.227,1.526
0.41000,33.971,28.807,24.561,16.109,10.432,4.939,2.216,1.527
0.41333,34.021,28.788,24.590,16.148,10.413,4.998,2.207,1.466
0.41667,33.979,28.923,24.579,16.165,10.483,4.951,2.148,1.526
0.42000,34.109,28.900,24.662,16.130,10.419,4.944,2.203,1.486
0.42333,34.102,28.928,24.642,16.213,10.483,4.912,2.190,1.539
0.42667,34.059,28.901,24.706,16.143,10.438,4.964,2.219,1.515
0.43000,34.163,28.953,24.685,16.161,10.548,4.922,2.217,1.401
0.43333,34.167,28.968,24.626,16.229,10.504,4.946,2.237,1.470
0.43667,34.207,29.027,24.689,16.245,10.592,4.956,2.223,1.449
0.44000,34.234,29.063,24.820,16.183,10.569,4.923,2.229,1.514
0.44333,34.219,29.125,24.743,16.241,10.525,4.929,2.263,1.461
0.44667,34.274,29.061,24.760,16.257,10.544,4.971,2.271,1.509
0.45000,34.343,29.201,24.761,16.254,10.533,4.994,2.241,1.499
0.45333,34.320,29.152,24.808,16.295,10.528,4.967,2.210,1.521
0.45667,34.346,29.131,24.785,16.328,10.570,5.008,2.273,1.490
0.46000,34.431,29.242,24.878,16.272,10.511,5.046,2.272,1.617
0.46333,34.436,29.213,24.894,16.341,10.599,5.031,2.232,1.514
0.46667,34.366,29.222,24.915,16.323,10.552,4.987,2.293,1.593
0.47000,34.472,29.199,24.923,16.319,10.682,5.004,2.348,1.515
0.47333,34.533,29.333,24.885,16.380,10.638,5.035,2.249,1.456
0.47667,34.596,29.368,24.986,16.335,10.666,5.106,2.245,1.544
0.48000,34.556,29.354,24.940,16.391,10.655,5.036,2.257,1.545
0.48333,34.613,29.384,24.981,16.322,10.605,5.001,2.300,1.501
0.48667,34.648,29.368,25.076,16.414,10.645,4.991,2.304,1.558
0.49000,34.683,29.407,25.067,16.447,10.678,5.018,2.267,1.597
0.49333,34.692,29.403,25.106,16.400,10.680,5.023,2.350,1.547
0.49667,34.757,29.431,25.013,16.436,10.684,5.114,2.278,1.566
0.50000,34.704,29.480,25.138,16.519,10.700,5.143,2.267,1.539
0.50333,34.784,29.583,25.173,16.534,10.711,5.068,2.283,1.493
0.50667,34.786,29.514,25.137,16.497,10.679,5.056,2.329,1.528
0.51000,34.797,29.535,25.222,16.492,10.696,5.104,2.397,1.540
0.51333,34.844,29.624,25.153,16.523,10.755,5.045,2.328,1.570
0.51667,34.871,29.689,25.208,16.487,10.721,5.052,2.284,1.580
0.52000,34.951,29.683,25.236,16.588,10.739,5.110,2.310,1.547
0.52333,34.940,29.717,25.261,16.554,10.742,5.080,2.345,1.555
0.52667,34.996,29.683,25.315,16.617,10.803,5.110,2.328,1.494
0.53000,35.032,29.679,25.314,16.581,10.799,5.051,2.313,1.539
0.53333,35.058,29.802,25.310,16.646,10.788,5.075,2.334,1.574
0.53667,35.118,29.787,25.367,16.630,10.790,5.098,2.326,1.477
0.54000,35.126,29.827,25.431,16.664,10.806,5.091,2.395,1.432
0.54333,35.144,29.831,25.363,16.638,10.800,5.126,2.237,1.503
0.54667,35.150,29.846,25.406,16.680,10.791,5.130,2.323,1.530
0.55000,35.252,29.881,25.394,16.653,10.835,5.153,2.329,1.479
0.55333,35.270,29.869,25.466,16.695,10.835,5.186,2.389,1.504
0.55667,35.301,29.891,25.535,16.624,10.860,5.114,2.339,1.546
0.56000,35.277,29.963,25.599,16.749,10.859,5.102,2.371,1.500
0.56333,35.362,29.938,25.508,16.691,10.905,5.131,2.265,1.554
0.56667,35.321,29.979,25.507,16.720,10.876,5.151,2.356,1.509
0.57000,35.395,30.086,25.492,16.739,10.909,5.148,2.399,1.515
0.57333,35.390,30.126,25.630,16.733,10.853,5.141,2.400,1.505
0.57667,35.416,30.129,25.625,16.769,10.923,5.168,2.337,1.543
0.58000,35.496,30.133,25.591,16.894,10.991,5.231,2.399,1.558
0.58333,35.545,30.148,25.726,16.783,10.938,5.204,2.393,1.497
0.58667,35.504,30.176,25.657,16.914,10.975,5.159,2.326,1.535
0.59000,35.525,30.217,25.691,16.847,10.948,5.219,2.397,1.582
0.59333,35.656,30.190,25.735,16.891,10.952,5.277,2.415,1.605
0.59667,35.670,30.245,25.754,16.857,11.054,5.265,2.425,1.583
0.60000,35.685,30.295,25.804,16.879,11.045,5.204,2.375,1.569
0.60333,35.658,30.358,25.830,16.872,11.024,5.226,2.307,1.561
0.60667,35.729,30.393,25.822,16.926,10.981,5.130,2.387,1.568
0.61000,35.725,30.343,25.856,16.919,11.062,5.159,2.405,1.507
0.61333,35.803,30.406,25.901,16.943,11.022,5.312,2.390,1.518
0.61667,35.847,30.450,25.908,16.942,11.014,5.172,2.387,1.554
0.62000,35.772,30.387,25.953,17.001,10.983,5.241,2.413,1.577
0.62333,35.851,30.465,25.986,16.945,11.080,5.272,2.408,1.550
0.62667,35.928,30.562,25.956,17.020,10.996,5.182,2.413,1.534
0.63000,35.966,30.546,26.034,16.995,11.007,5.263,2.359,1.542
0.63333,35.986,30.582,26.047,17.057,10.995,5.243,2.396,1.618
0.63667,36.071,30.551,25.995,17.048,11.141,5.290,2.418,1.551
0.64000,36.083,30.596,26.084,17.106,11.042,5.244,2.443,1.577
0.64333,36.164,30.678,26.107,17.054,11.046,5.345,2.441,1.594
0.64667,36.099,30.693,26.060,17.055,11.134,5.304,2.400,1.555
0.65000,36.160,30.648,26.100,17.108,11.149,5.281,2.402,1.574
0.65333,36.243,30.729,26.219,17.099,11.145,5.273,2.419,1.598
0.65667,36.137,30.768,26.177,17.118,11.088,5.293,2.457,1.621
0.66000,36.240,30.744,26.155,17.206,11.159,5.253,2.513,1.594
0.66333,36.286,30.814,26.275,17.174,11.184,5.321,2.419,1.587
0.66667,36.339,30.853,26.267,17.151,11.153,5.373,2.467,1.613
0.67000,36.365,30.841,26.264,17.163,11.215,5.343,2.407,1.581
0.67333,36.424,30.892,26.304,17.159,11.203,5.308,2.456,1.558
0.67667,36.450,30.974,26.282,17.227,11.178,5.387,2.482,1.586
0.68000,36.479,30.928,26.349,17.224,11.211,5.355,2.489,1.611
0.68333,36.465,31.008,26.331,17.218,11.207,5.357,2.421,1.604
0.68667,36.465,31.010,26.402,17.275,11.194,5.376,2.431,1.592
0.69000,36.507,31.014,26.386,17.261,11.292,5.325,2.427,1.607
0.69333,36.531,31.077,26.540,17.255,11.285,5.368,2.442,1.568
0.69667,36.624,31.088,26.433,17.260,11.216,5.415,2.399,1.622
0.70000,36.637,31.146,26.472,17.284,11.248,5.352,2.405,1.574
0.70333,36.709,31.153,26.550,17.287,11.301,5.400,2.463,1.533
0.70667,36.759,31.202,26.487,17.334,11.239,5.362,2.478,1.674
0.71000,36.786,31.119,26.553,17.361,11.266,5.406,2.401,1.532
0.71333,36.760,31.285,26.520,17.367,11.270,5.367,2.421,1.595
0.71667,36.821,31.217,26.569,17.378,11.313,5.399,2.461,1.576
0.72000,36.861,31.330,26.664,17.417,11.356,5.444,2.423,1.565
0.72333,36.901,31.287,26.646,17.424,11.407,5.374,2.475,1.601
0.72667,36.982,31.335,26.724,17.418,11.419,5.400,2.541,1.585
0.73000,36.966,31.360,26.760,17.463,11.395,5.406,2.516,1.579
0.73333,37.016,31.374,26.716,17.426,11.352,5.421,2.430,1.544
0.73667,37.011,31.386,26.784,17.494,11.366,5.394,2.441,1.650
0.74000,37.102,31.504,26.778,17.482,11.388,5.424,2.496,1.598
0.74333,37.100,31.473,26.786,17.469,11.444,5.391,2.503,1.639
0.74667,37.066,31.570,26.825,17.594,11.458,5.487,2.469,1.602
0.75000,37.203,31.557,26.867,17.600,11.400,5.435,2.556,1.600
0.75333,37.204,31.553,26.947,17.584,11.397,5.448,2.567,1.617
0.75667,37.184,31.656,26.974,17.619,11.543,5.479,2.491,1.588
0.76000,37.313,31.588,26.891,17.620,11.437,5.474,2.519,1.585
0.76333,37.294,31.694,27.007,17.583,11.424,5.487,2.491,1.562
0.76667,37.352,31.789,26.979,17.627,11.411,5.463,2.548,1.651
0.77000,37.347,31.712,27.070,17.627,11.468,5.439,2.582,1.613
0.77333,37.447,31.697,26.970,17.681,11.525,5.508,2.461,1.738
0.77667,37.443,31.767,27.010,17.641,11.516,5.477,2.563,1.674
0.78000,37.458,31.802,27.114,17.661,11.528,5.527,2.522,1.634
0.78333,37.482,31.892,27.156,17.764,11.536,5.470,2.513,1.620
0.78667,37.553,31.892,27.118,17.699,11.529,5.474,2.581,1.634
0.79000,37.624,31.901,27.134,17.715,11.506,5.491,2.545,1.605
0.79333,37.628,31.943,27.149,17.818,11.530,5.536,2.584,1.690
0.79667,37.626,31.976,27.253,17.752,11.595,5.546,2.581,1.673
0.80000,37.679,31.988,27.206,17.805,11.590,5.488,2.558,1.658
0.80333,37.697,32.017,27.235,17.792,11.521,5.526,2.559,1.667
0.80667,37.768,32.026,27.322,17.795,11.564,5.572,2.594,1.583
0.81000,37.840,32.062,27.311,17.897,11.574,5.528,2.521,1.648
0.81333,37.818,32.164,27.330,17.841,11.608,5.645,2.632,1.598
0.81667,37.880,32.141,27.335,17.877,11.566,5.607,2.576,1.637
0.82000,37.881,32.143,27.383,17.853,11.633,5.571,2.602,1.635
0.82333,37.907,32.207,27.405,17.944,11.587,5.603,2.545,1.642
0.82667,37.966,32.198,27.437,17.972,11.602,5.606,2.627,1.669
0.83000,38.052,32.302,27.458,17.924,11.759,5.619,2.662,1.654
0.83333,38.000,32.363,27.427,17.941,11.708,5.633,2.587,1.715
0.83667,38.083,32.285,27.505,17.984,11.766,5.550,2.610,1.663
0.84000,38.111,32.423,27.544,18.026,11.791,5.649,2.606,1.671
0.84333,38.146,32.461,27.567,17.992,11.709,5.565,2.544,1.642
0.84667,38.176,32.396,27.632,18.016,11.708,5.604,2.634,1.590
0.85000,38.273,32.498,27.661,18.031,11.777,5.595,2.623,1.652
0.85333,38.255,32.531,27.666,18.050,11.754,5.639,2.630,1.618
0.85667,38.267,32.523,27.668,17.976,11.698,5.613,2.642,1.737
0.86000,38.333,32.574,27.729,18.019,11.707,5.709,2.626,1.693
0.86333,38.392,32.558,27.703,18.078,11.828,5.601,2.615,1.728
0.86667,38.457,32.599,27.773,18.124,11.792,5.622,2.568,1.713
0.87000,38.411,32.652,27.777,18.167,11.802,5.731,2.591,1.643
0.87333,38.488,32.710,27.818,18.101,11.860,5.638,2.606,1.661
0.87667,38.470,32.719,27.834,18.174,11.830,5.700,2.670,1.684
0.88000,38.609,32.690,27.824,18.100,11.855,5.664,2.640,1.624
0.88333,38.588,32.757,27.864,18.242,11.871,5.633,2.617,1.692
0.88667,38.598,32.780,27.905,18.183,11.801,5.744,2.645,1.653
0.89000,38.694,32.839,27.899,18.206,11.834,5.667,2.637,1.732
0.89333,38.782,32.897,27.992,18.323,11.865,5.755,2.695,1.702
0.89667,38.727,32.911,27.955,18.228,11.935,5.705,2.660,1.668
0.90000,38.778,33.023,28.064,18.338,11.920,5.683,2.649,1.674
0.90333,38.812,32.968,28.059,18.255,11.915,5.678,2.658,1.686
0.90667,38.892,33.025,28.019,18.379,11.905,5.700,2.617,1.678
0.91000,38.863,33.052,28.135,18.327,11.979,5.766,2.538,1.689
0.91333,38.900,33.081,28.169,18.254,11.979,5.766,2.652,1.715
0.91667,39.039,33.152,28.178,18.283,11.963,5.767,2.615,1.732
0.92000,39.029,33.142,28.134,18.363,12.005,5.773,2.674,1.715
0.92333,39.074,33.093,28.210,18.330,11.939,5.788,2.655,1.665
0.92667,39.144,33.195,28.254,18.402,11.969,5.835,2.699,1.681
0.93000,39.145,33.221,28.304,18.405,12.013,5.826,2.742,1.726
0.93333,39.097,33.258,28.343,18.406,11.994,5.768,2.679,1.648
0.93667,39.184,33.271,28.358,18.526,12.036,5.795,2.698,1.671
0.94000,39.252,33.244,28.339,18.515,12.090,5.771,2.636,1.673
0.94333,39.298,33.305,28.381,18.433,11.976,5.719,2.720,1.661
0.94667,39.277,33.387,28.331,18.553,12.098,5.763,2.754,1.738
0.95000,39.365,33.439,28.464,18.452,12.150,5.789,2.703,1.678
0.95333,39.406,33.453,28.468,18.588,12.081,5.822,2.686,1.774
0.95667,39.440,33.506,28.482,18.559,12.134,5.817,2.676,1.700
0.96000,39.460,33.585,28.564,18.543,12.119,5.815,2.710,1.665
0.96333,39.553,33.579,28.563,18.561,12.098,5.762,2.705,1.781
0.96667,39.509,33.685,28.552,18.643,12.132,5.841,2.735,1.686
0.97000,39.564,33.689,28.535,18.630,12.186,5.875,2.711,1.709
0.97333,39.621,33.655,28.607,18.620,12.212,5.810,2.703,1.692
0.97667,39.682,33.717,28.655,18.654,12.173,5.902,2.722,1.674
0.98000,39.745,33.676,28.631,18.652,12.169,5.865,2.770,1.724
0.98333,39.717,33.726,28.754,18.725,12.117,5.885,2.708,1.745
0.98667,39.726,33.764,28.699,18.697,12.195,5.875,2.829,1.726
0.99000,39.835,33.800,28.715,18.749,12.226,5.836,2.810,1.681
0.99333,39.792,33.828,28.781,18.694,12.246,5.910,2.763,1.750
0.99667,39.918,33.889,28.844,18.721,12.209,5.910,2.796,1.697
1.00000,39.927,33.884,28.833,18.820,12.192,5.964,2.784,1.773
1.00333,39.945,33.923,28.889,18.873,12.265,5.888,2.654,1.706
1.00667,40.003,33.945,28.930,18.832,12.295,5.988,2.739,1.809
1.01000,40.104,34.025,28.969,18.874,12.267,5.885,2.806,1.698
1.01333,40.091,34.062,28.932,18.872,12.321,5.922,2.816,1.742
1.01667,40.045,34.065,28.917,18.929,12.341,5.990,2.730,1.679
1.02000,40.267,34.161,29.046,18.923,12.346,5.939,2.792,1.773
1.02333,40.236,34.130,29.011,18.919,12.424,5.941,2.831,1.755
1.02667,40.186,34.201,29.077,18.923,12.313,5.968,2.736,1.728
1.03000,40.273,34.191,29.157,18.959,12.337,5.951,2.766,1.708
1.03333,40.331,34.250,29.159,18.966,12.437,5.940,2.840,1.746
1.03667,40.374,34.350,29.129,18.934,12.380,5.964,2.786,1.720
1.04000,40.413,34.300,29.195,18.927,12.412,5.944,2.776,1.776
1.04333,40.494,34.337,29.195,18.973,12.450,6.030,2.824,1.716
1.04667,40.551,34.392,29.229,19.017,12.405,5.972,2.820,1.728
1.05000,40.604,34.396,29.341,19.061,12.406,5.984,2.811,1.744
1.05333,40.542,34.497,29.323,19.093,12.400,5.973,2.775,1.734
1.05667,40.632,34.480,29.396,19.146,12.436,6.013,2.767,1.779
1.06000,40.605,34.546,29.415,19.132,12.454,6.005,2.808,1.759
1.06333,40.646,34.496,29.429,19.165,12.499,6.072,2.790,1.753
1.06667,40.757,34.588,29.411,19.151,12.493,6.022,2.816,1.738
1.07000,40.733,34.575,29.431,19.167,12.467,6.047,2.774,1.759
1.07333,40.797,34.665,29.505,19.242,12.440,6.031,2.852,1.785
1.07667,40.850,34.670,29.519,19.236,12.538,6.012,2.820,1.775
1.08000,40.936,34.742,29.546,19.166,12.526,6.031,2.789,1.753
1.08333,40.955,34.779,29.592,19.280,12.577,6.019,2.856,1.726
1.08667,41.053,34.790,29.559,19.177,12.575,6.073,2.920,1.777
1.09000,41.034,34.819,29.663,19.249,12.538,6.077,2.858,1.894
1.09333,41.049,34.875,29.665,19.303,12.605,6.150,2.884,1.838
1.09667,41.107,34.960,29.662,19.375,12.622,6.121,2.967,1.726
1.10000,41.180,34.955,29.719,19.370,12.612,6.117,2.814,1.790
1.10333,41.180,34.939,29.796,19.296,12.623,6.208,2.889,1.740
1.10667,41.181,35.003,29.817,19.349,12.619,6.083,2.873,1.743
1.11000,41.292,35.020,29.864,19.394,12.666,6.139,2.882,1.787
1.11333,41.325,35.167,29.879,19.415,12.625,6.171,2.804,1.783
1.11667,41.324,35.212,29.914,19.430,12.669,6.179,2.859,1.775
1.12000,41.352,35.177,29.848,19.380,12.672,6.163,2.918,1.798
1.12333,41.466,35.225,29.931,19.478,12.636,6.183,2.922,1.782
1.12667,41.444,35.337,29.941,19.462,12.749,6.201,2.927,1.777
1.13000,41.516,35.306,29.990,19.490,12.719,6.226,2.956,1.761
1.13333,41.566,35.314,30.010,19.551,12.724,6.144,2.954,1.782
1.13667,41.589,35.346,30.085,19.561,12.828,6.202,2.884,1.771
1.14000,41.576,35.379,30.067,19.564,12.756,6.212,2.906,1.800
1.14333,41.706,35.497,30.155,19.604,12.741,6.190,2.891,1.768
1.14667,41.745,35.507,30.101,19.637,12.776,6.187,2.973,1.806
1.15000,41.706,35.486,30.200,19.652,12.839,6.268,2.960,1.840
1.15333,41.855,35.559,30.254,19.624,12.786,6.222,2.945,1.827
1.15667,41.774,35.561,30.176,19.682,12.852,6.193,2.948,1.838
1.16000,41.859,35.523,30.280,19.626,12.879,6.197,2.948,1.744
1.16333,42.038,35.604,30.293,19.692,12.852,6.266,2.990,1.814
1.16667,41.981,35.638,30.383,19.746,12.799,6.250,2.921,1.794
1.17000,42.015,35.781,30.389,19.728,12.859,6.236,2.946,1.821
1.17333,42.015,35.776,30.427,19.764,12.957,6.300,2.943,1.845
1.17667,42.092,35.780,30.413,19.723,12.925,6.355,3.001,1.756
1.18000,42.164,35.886,30.447,19.843,12.912,6.267,2.964,1.804
1.18333,42.208,35.851,30.439,19.800,12.967,6.313,2.959,1.839
1.18667,42.203,35.894,30.568,19.857,12.960,6.316,2.947,1.859
1.19000,42.269,35.972,30.535,19.852,12.915,6.264,2.927,1.853
1.19333,42.320,35.952,30.618,19.841,12.994,6.312,3.033,1.807
1.19667,42.352,35.991,30.647,19.893,12.955,6.333,2.942,1.843
1.20000,42.467,36.104,30.646,19.911,12.955,6.320,2.980,1.821
1.20333,42.415,36.108,30.616,19.972,12.994,6.278,2.972,1.771
1.20667,42.554,36.178,30.743,19.972,13.027,6.363,3.038,1.807
1.21000,42.623,36.217,30.713,19.956,13.079,6.347,2.983,1.811
1.21333,42.628,36.252,30.797,20.008,13.063,6.334,2.997,1.839
1.21667,42.579,36.278,30.865,19.999,13.103,6.336,3.016,1.882
1.22000,42.674,36.336,30.816,20.078,13.070,6.321,3.054,1.834
1.22333,42.805,36.353,30.855,20.047,13.130,6.383,2.991,1.888
1.22667,42.744,36.336,30.910,20.118,13.130,6.316,3.005,1.872
1.23000,42.793,36.367,30.945,20.144,13.125,6.376,3.007,1.868
1.23333,42.864,36.438,30.953,20.146,13.134,6.397,3.058,1.853
1.23667,42.870,36.524,30.977,20.163,13.162,6.418,3.007,1.855
1.24000,42.932,36.448,31.109,20.200,13.181,6.439,3.019,1.819
1.24333,42.958,36.563,31.057,20.208,13.139,6.397,3.032,1.852
1.24667,43.040,36.542,31.036,20.213,13.194,6.444,3.033,1.836
1.25000,43.073,36.659,31.051,20.195,13.207,6.407,3.004,1.827
1.25333,43.071,36.640,31.231,20.270,13.234,6.406,3.047,1.722
1.25667,43.229,36.685,31.139,20.210,13.208,6.451,3.080,1.826
1.26000,43.287,36.702,31.330,20.304,13.274,6.497,3.086,1.822
1.26333,43.271,36.752,31.276,20.255,13.258,6.459,3.031,1.882
1.26667,43.263,36.803,31.257,20.340,13.236,6.461,3.075,1.931
1.27000,43.358,36.866,31.316,20.303,13.301,6.396,3.090,1.925
1.27333,43.420,36.915,31.344,20.369,13.281,6.507,3.031,1.839
1.27667,43.478,36.946,31.431,20.406,13.289,6.528,3.067,1.867
1.28000,43.532,36.918,31.415,20.402,13.345,6.534,3.107,1.841
1.28333,43.552,37.008,31.444,20.418,13.322,6.556,3.109,1.821
1.28667,43.533,36.976,31.464,20.432,13.295,6.530,3.113,1.841
1.29000,43.663,37.108,31.517,20.532,13.358,6.479,3.092,1.823
1.29333,43.732,37.179,31.498,20.459,13.384,6.499,3.128,1.891
1.29667,43.706,37.236,31.577,20.521,13.432,6.498,3.108,1.812
1.30000,43.834,37.272,31.628,20.508,13.391,6.520,3.090,1.850
1.30333,43.869,37.212,31.633,20.497,13.388,6.549,3.107,1.913
1.30667,43.886,37.257,31.666,20.582,13.444,6.509,3.034,1.834
1.31000,43.844,37.324,31.746,20.641,13.353,6.533,3.132,1.952
1.31333,43.968,37.368,31.789,20.506,13.452,6.574,3.084,1.849
1.31667,43.990,37.387,31.772,20.549,13.467,6.556,3.106,1.882
1.32000,44.016,37.401,31.776,20.655,13.529,6.629,3.086,1.866
1.32333,44.096,37.495,31.813,20.655,13.522,6.624,3.170,1.918
1.32667,44.096,37.545,31.828,20.666,13.564,6.640,3.162,1.878
1.33000,44.148,37.575,31.947,20.732,13.531,6.568,3.182,1.933
1.33333,44.289,37.661,31.949,20.753,13.515,6.632,3.060,1.872
1.33667,44.266,37.653,32.011,20.770,13.551,6.645,3.116,1.873
1.34000,44.364,37.733,32.017,20.720,13.558,6.686,3.108,1.961
1.34333,44.402,37.758,32.027,20.775,13.604,6.661,3.178,1.892
1.34667,44.381,37.723,32.066,20.815,13.612,6.641,3.123,1.887
1.35000,44.463,37.805,32.162,20.815,13.580,6.660,3.252,1.932
1.35333,44.540,37.788,32.207,20.912,13.608,6.649,3.189,1.882
1.35667,44.607,37.887,32.245,20.926,13.664,6.629,3.169,1.966
1.36000,44.527,37.904,32.197,20.899,13.664,6.634,3.231,2.045
1.36333,44.694,38.005,32.248,20.881,13.698,6.732,3.262,1.914
1.36667,44.709,37.979,32.272,20.935,13.703,6.682,3.144,1.955
1.37000,44.739,38.011,32.346,20.989,13.671,6.711,3.185,1.894
1.37333,44.826,38.055,32.317,21.014,13.708,6.706,3.177,1.900
1.37667,44.846,38.125,32.328,20.971,13.734,6.672,3.191,1.945
1.38000,44.928,38.164,32.512,21.007,13.749,6.753,3.196,1.952
1.38333,44.980,38.291,32.486,21.010,13.761,6.752,3.196,1.927
1.38667,44.956,38.198,32.529,21.126,13.722,6.698,3.252,1.964
1.39000,45.061,38.279,32.532,21.103,13.781,6.715,3.246,1.951
1.39333,45.050,38.377,32.503,21.095,13.801,6.805,3.198,1.915
1.39667,45.074,38.400,32.591,21.144,13.791,6.754,3.179,2.000
1.40000,45.236,38.400,32.645,21.118,13.903,6.786,3.210,1.954
1.40333,45.228,38.477,32.645,21.246,13.783,6.820,3.225,1.952
1.40667,45.291,38.489,32.658,21.234,13.821,6.762,3.168,1.959
1.41000,45.250,38.553,32.737,21.305,13.880,6.737,3.278,2.007
1.41333,45.364,38.627,32.795,21.247,13.825,6.772,3.293,1.927
1.41667,45.414,38.624,32.913,21.271,13.894,6.791,3.296,1.930
1.42000,45.481,38.644,32.844,21.253,13.887,6.838,3.259,1.990
1.42333,45.509,38.658,32.878,21.306,13.967,6.795,3.339,1.921
1.42667,45.604,38.726,32.957,21.261,13.957,6.903,3.237,1.949
1.43000,45.656,38.776,32.990,21.339,13.934,6.803,3.252,1.998
1.43333,45.598,38.769,33.016,21.400,14.000,6.880,3.279,1.933
1.43667,45.728,38.866,33.083,21.410,13.961,6.857,3.268,1.922
1.44000,45.756,38.865,33.076,21.424,13.984,6.856,3.296,2.052
1.44333,45.828,38.955,33.143,21.407,14.071,6.860,3.260,1.988
1.44667,45.844,38.985,33.147,21.434,14.082,6.847,3.243,1.980
1.45000,45.923,39.055,33.255,21.540,14.076,6.888,3.288,1.962
1.45333,45.945,39.086,33.184,21.488,14.081,6.895,3.254,1.960
1.45667,46.071,39.113,33.257,21.538,14.104,6.837,3.313,1.960
1.46000,46.032,39.252,33.232,21.498,14.100,6.983,3.300,1.967
1.46333,46.091,39.260,33.324,21.622,14.139,6.930,3.324,1.942
1.46667,46.089,39.276,33.444,21.533,14.078,6.954,3.302,1.946
1.47000,46.256,39.280,33.434,21.551,14.161,6.937,3.339,2.004
1.47333,46.258,39.352,33.384,21.677,14.126,6.946,3.325,2.024
1.47667,46.298,39.395,33.460,21.707,14.180,6.978,3.304,1.965
1.48000,46.355,39.339,33.492,21.708,14.190,7.002,3.303,2.033
1.48333,46.459,39.485,33.549,21.679,14.214,6.940,3.363,1.951
1.48667,46.476,39.493,33.567,21.714,14.216,6.997,3.356,1.961
1.49000,46.474,39.563,33.591,21.715,14.224,6.951,3.345,1.997
1.49333,46.562,39.622,33.691,21.782,14.220,7.007,3.268,1.962
1.49667,46.616,39.641,33.734,21.794,14.297,7.020,3.333,1.975
1.50000,46.654,39.707,33.714,21.848,14.302,6.994,3.391,2.020
1.50333,46.705,39.772,33.689,21.856,14.264,7.059,3.356,2.087
1.50667,46.731,39.769,33.816,21.884,14.295,7.027,3.333,2.016
1.51000,46.811,39.822,33.836,21.969,14.356,7.008,3.383,2.028
1.51333,46.937,39.892,33.802,21.935,14.301,7.042,3.377,2.015
1.51667,46.939,39.954,33.838,21.907,14.387,7.031,3.337,1.972
1.52000,46.888,39.981,33.985,21.969,14.365,7.133,3.430,2.010
1.52333,46.982,39.973,33.947,22.008,14.310,7.085,3.383,2.000
1.52667,47.024,40.051,33.993,22.036,14.431,7.112,3.367,2.008
1.53000,47.118,40.032,34.069,22.038,14.407,7.062,3.409,1.987
1.53333,47.151,40.119,34.097,22.060,14.416,7.139,3.417,2.070
1.53667,47.175,40.187,34.160,22.117,14.465,7.127,3.415,1.999
1.54000,47.347,40.164,34.216,22.109,14.450,7.152,3.468,2.057
1.54333,47.361,40.222,34.243,22.181,14.469,7.164,3.415,2.018
1.54667,47.339,40.341,34.264,22.191,14.428,7.113,3.476,2.070
1.55000,47.495,40.337,34.292,22.120,14.491,7.163,3.394,2.089
1.55333,47.439,40.363,34.324,22.198,14.543,7.178,3.472,2.006
1.55667,47.510,40.521,34.259,22.252,14.502,7.129,3.436,2.038
1.56000,47.568,40.448,34.326,22.234,14.569,7.203,3.415,2.031
1.56333,47.643,40.512,34.402,22.272,14.580,7.200,3.484,2.048
1.56667,47.706,40.610,34.432,22.286,14.625,7.180,3.490,2.069
1.57000,47.714,40.655,34.497,22.337,14.629,7.216,3.433,2.007
1.57333,47.845,40.630,34.529,22.315,14.656,7.181,3.355,2.096
1.57667,47.837,40.746,34.584,22.379,14.641,7.249,3.470,2.068
1.58000,47.917,40.776,34.601,22.383,14.650,7.171,3.504,2.115
1.58333,48.005,40.785,34.649,22.443,14.610,7.213,3.455,2.067
1.58667,48.014,40.847,34.652,22.465,14.594,7.316,3.541,2.088
1.59000,48.112,40.870,34.684,22.441,14.719,7.247,3.545,2.102
1.59333,48.113,40.950,34.713,22.508,14.726,7.301,3.516,2.100
1.59667,48.114,40.954,34.792,22.449,14.732,7.247,3.502,2.148
1.60000,48.245,41.038,34.842,22.537,14.782,7.302,3.527,2.073
1.60333,48.264,41.049,34.915,22.522,14.736,7.276,3.494,2.023
1.60667,48.350,41.152,34.913,22.548,14.774,7.279,3.496,2.115
1.61000,48.450,41.209,34.993,22.617,14.803,7.256,3.494,2.006
1.61333,48.470,41.226,35.014,22.608,14.816,7.293,3.519,2.087
1.61667,48.520,41.268,35.034,22.673,14.797,7.397,3.562,2.048
1.62000,48.558,41.328,35.004,22.620,14.871,7.357,3.514,2.102
1.62333,48.585,41.325,35.068,22.713,14.853,7.345,3.492,2.093
1.62667,48.690,41.330,35.174,22.700,14.928,7.355,3.540,2.061
1.63000,48.683,41.464,35.210,22.752,14.844,7.379,3.596,2.027
1.63333,48.695,41.565,35.206,22.828,14.932,7.348,3.551,2.105
1.63667,48.793,41.517,35.255,22.809,14.944,7.346,3.548,2.109
1.64000,48.931,41.584,35.333,22.836,14.967,7.415,3.498,2.068
1.64333,48.933,41.620,35.322,22.845,14.991,7.443,3.582,2.019
1.64667,49.040,41.715,35.366,22.893,14.965,7.410,3.547,2.104
1.65000,49.063,41.758,35.462,22.858,15.031,7.467,3.569,2.110
1.65333,49.081,41.809,35.511,22.912,15.047,7.484,3.609,2.022
1.65667,49.139,41.836,35.482,22.918,15.042,7.472,3.647,2.080
1.66000,49.234,41.859,35.529,22.981,15.067,7.492,3.590,2.079
1.66333,49.282,41.915,35.576,22.964,14.997,7.511,3.608,2.092
1.66667,49.343,41.951,35.654,22.988,15.094,7.503,3.587,2.204
1.67000,49.409,42.040,35.665,23.014,15.072,7.466,3.562,2.063
1.67333,49.423,42.054,35.725,23.074,15.136,7.515,3.610,2.115
1.67667,49.409,42.090,35.756,23.118,15.116,7.485,3.673,2.078
1.68000,49.534,42.148,35.745,23.142,15.166,7.479,3.594,2.133
1.68333,49.615,42.213,35.811,23.156,15.188,7.532,3.624,2.104
1.68667,49.616,42.205,35.857,23.191,15.136,7.547,3.683,2.095
1.69000,49.748,42.262,35.889,23.132,15.174,7.414,3.648,2.139
1.69333,49.689,42.300,35.970,23.224,15.180,7.542,3.668,2.097
1.69667,49.822,42.397,36.000,23.278,15.214,7.527,3.585,2.140
1.70000,49.839,42.382,36.034,23.267,15.266,7.537,3.649,2.141
1.70333,49.931,42.463,36.015,23.287,15.296,7.547,3.669,2.188
1.70667,49.976,42.568,36.109,23.359,15.301,7.556,3.664,2.057
1.71000,50.082,42.619,36.133,23.408,15.291,7.620,3.650,2.201
1.71333,50.100,42.635,36.171,23.406,15.369,7.566,3.699,2.116
1.71667,50.230,42.706,36.248,23.361,15.320,7.519,3.742,2.169
1.72000,50.280,42.673,36.292,23.449,15.359,7.572,3.650,2.155
1.72333,50.289,42.786,36.323,23.383,15.390,7.663,3.704,2.227
1.72667,50.399,42.810,36.331,23.461,15.357,7.697,3.707,2.198
1.73000,50.409,42.820,36.343,23.499,15.330,7.574,3.719,2.092
1.73333,50.496,42.912,36.409,23.499,15.422,7.637,3.695,2.156
1.73667,50.515,42.899,36.463,23.589,15.527,7.654,3.739,2.175
1.74000,50.594,43.034,36.515,23.607,15.438,7.665,3.650,2.155
1.74333,50.681,43.069,36.549,23.621,15.465,7.655,3.725,2.209
1.74667,50.617,43.099,36.595,23.669,15.475,7.616,3.744,2.212
1.75000,50.689,43.190,36.555,23.662,15.500,7.649,3.750,2.158
1.75333,50.759,43.233,36.673,23.621,15.525,7.698,3.702,2.219
1.75667,50.818,43.258,36.757,23.727,15.565,7.733,3.728,2.159
1.76000,50.878,43.304,36.756,23.674,15.577,7.734,3.773,2.185
1.76333,50.986,43.358,36.741,23.729,15.553,7.742,3.723,2.192
1.76667,50.938,43.432,36.806,23.782,15.537,7.807,3.807,2.147
1.77000,51.088,43.466,36.932,23.810,15.581,7.779,3.725,2.229
1.77333,51.115,43.489,36.911,23.838,15.602,7.725,3.747,2.175
1.77667,51.214,43.546,36.922,23.883,15.623,7.831,3.757,2.187
1.78000,51.211,43.642,36.986,23.861,15.637,7.771,3.743,2.191
1.78333,51.294,43.648,37.054,23.876,15.661,7.782,3.790,2.207
1.78667,51.389,43.717,37.115,23.911,15.616,7.801,3.749,2.209
1.79000,51.384,43.767,37.194,23.959,15.758,7.748,3.848,2.160
1.79333,51.576,43.772,37.172,24.028,15.739,7.850,3.761,2.218
1.79667,51.550,43.818,37.206,24.082,15.714,7.826,3.831,2.187
1.80000,51.547,43.930,37.314,24.114,15.703,7.853,3.798,2.153
1.80333,51.660,43.950,37.283,24.055,15.798,7.859,3.794,2.191
1.80667,51.692,44.008,37.349,24.107,15.786,7.799,3.823,2.253
1.81000,51.765,44.010,37.369,24.104,15.810,7.840,3.853,2.232
1.81333,51.882,44.100,37.438,24.149,15.845,7.987,3.830,2.246
1.81667,51.939,44.126,37.426,24.182,15.859,7.864,3.817,2.174
1.82000,51.941,44.168,37.531,24.223,15.868,7.950,3.765,2.234
1.82333,52.006,44.243,37.505,24.230,15.915,7.866,3.803,2.185
1.82667,52.063,44.386,37.614,24.299,15.829,7.909,3.873,2.213
1.83000,52.124,44.366,37.672,24.304,15.902,7.891,3.811,2.238
1.83333,52.175,44.427,37.617,24.309,15.927,8.012,3.812,2.272
1.83667,52.270,44.453,37.706,24.299,15.964,7.936,3.924,2.284
1.84000,52.394,44.514,37.811,24.363,15.987,7.925,3.847,2.298
1.84333,52.441,44.549,37.779,24.388,16.037,7.938,3.898,2.263
1.84667,52.448,44.574,37.834,24.460,15.971,7.996,3.866,2.233
1.85000,52.498,44.596,37.943,24.449,16.049,7.996,3.883,2.248
1.85333,52.577,44.707,37.954,24.455,16.102,7.968,3.885,2.272
1.85667,52.574,44.746,37.951,24.493,16.023,8.064,3.845,2.216
1.86000,52.601,44.830,37.960,24.601,16.127,8.027,3.876,2.212
1.86333,52.715,44.831,38.072,24.545,16.086,8.014,3.922,2.315
1.86667,52.733,44.928,38.194,24.598,16.108,7.982,3.868,2.238
1.87000,52.856,44.964,38.122,24.630,16.150,7.978,3.984,2.223
1.87333,52.870,45.018,38.255,24.628,16.175,8.033,3.940,2.268
1.87667,53.035,45.143,38.295,24.704,16.176,8.008,3.884,2.240
1.88000,52.977,45.141,38.253,24.656,16.261,8.069,3.837,2.271
1.88333,53.127,45.216,38.331,24.696,16.208,8.103,3.879,2.258
1.88667,53.151,45.211,38.385,24.753,16.255,8.094,3.969,2.211
1.89000,53.219,45.260,38.443,24.746,16.236,8.069,3.909,2.269
1.89333,53.244,45.354,38.533,24.788,16.279,8.185,4.053,2.287
1.89667,53.411,45.420,38.547,24.887,16.272,8.178,3.917,2.261
1.90000,53.380,45.441,38.541,24.917,16.277,8.146,4.053,2.302
1.90333,53.484,45.544,38.606,24.888,16.316,8.145,3.924,2.228
1.90667,53.497,45.530,38.603,24.903,16.337,8.187,4.061,2.274
1.91000,53.531,45.595,38.661,24.931,16.342,8.216,3.977,2.259
1.91333,53.683,45.696,38.684,24.972,16.377,8.147,4.019,2.328
1.91667,53.659,45.706,38.790,25.048,16.356,8.203,3.998,2.262
1.92000,53.772,45.757,38.828,25.048,16.375,8.175,3.999,2.353
1.92333,53.831,45.760,38.840,25.095,16.451,8.166,4.000,2.302
1.92667,53.917,45.815,38.876,25.089,16.479,8.231,3.987,2.301
1.93000,53.902,45.915,38.912,25.101,16.542,8.196,3.965,2.300
1.93333,53.968,45.898,39.031,25.139,16.463,8.201,3.983,2.268
1.93667,54.071,46.036,39.063,25.102,16.461,8.266,4.058,2.372
1.94000,54.168,46.034,39.083,25.181,16.535,8.292,4.064,2.334
1.94333,54.173,46.158,39.162,25.222,16.577,8.284,4.014,2.292
1.94667,54.260,46.173,39.197,25.239,16.578,8.263,4.106,2.245
1.95000,54.330,46.229,39.203,25.253,16.640,8.253,4.132,2.292
1.95333,54.363,46.288,39.318,25.320,16.626,8.333,4.099,2.299
1.95667,54.452,46.413,39.299,25.388,16.592,8.322,4.027,2.337
1.96000,54.524,46.407,39.256,25.409,16.686,8.320,4.106,2.335
1.96333,54.580,46.477,39.405,25.366,16.638,8.363,4.007,2.282
1.96667,54.607,46.463,39.492,25.509,16.663,8.395,4.080,2.344
1.97000,54.704,46.550,39.516,25.446,16.667,8.363,4.078,2.330
1.97333,54.764,46.622,39.548,25.463,16.703,8.384,4.152,2.334
1.97667,54.799,46.683,39.604,25.498,16.755,8.397,4.184,2.260
1.98000,54.892,46.746,39.611,25.543,16.747,8.376,4.109,2.319
1.98333,54.982,46.725,39.725,25.615,16.774,8.430,4.087,2.325
1.98667,55.024,46.857,39.713,25.600,16.784,8.390,4.134,2.406
1.99000,55.093,46.915,39.754,25.628,16.827,8.432,4.085,2.322
1.99333,55.129,46.934,39.812,25.713,16.866,8.447,4.120,2.361
1.99667,55.170,46.986,39.910,25.654,16.878,8.408,4.096,2.352
2.00000,55.271,47.099,39.963,25.693,16.879,8.477,4.129,2.322
2.00333,55.362,47.182,39.929,25.773,16.851,8.413,4.110,2.392
2.00667,55.356,47.217,39.992,25.708,16.885,8.393,4.135,2.330
2.01000,55.434,47.199,40.114,25.807,16.892,8.417,4.192,2.397
2.01333,55.634,47.303,40.095,25.795,16.977,8.529,4.171,2.393
2.01667,55.583,47.374,40.141,25.882,16.986,8.456,4.190,2.411
2.02000,55.671,47.388,40.099,25.882,16.982,8.544,4.178,2.385
2.02333,55.702,47.407,40.256,25.912,16.988,8.485,4.200,2.347
2.02667,55.754,47.483,40.235,26.018,17.097,8.472,4.241,2.392
2.03000,55.935,47.527,40.316,25.996,17.009,8.528,4.154,2.316
2.03333,55.982,47.631,40.413,26.033,17.019,8.515,4.248,2.354
2.03667,55.990,47.662,40.387,26.039,17.149,8.583,4.178,2.424
2.04000,55.983,47.737,40.445,26.056,17.090,8.565,4.226,2.297
2.04333,56.101,47.748,40.504,26.052,17.093,8.549,4.269,2.397
2.04667,56.233,47.794,40.536,26.121,17.153,8.638,4.238,2.381
2.05000,56.210,47.874,40.635,26.130,17.093,8.595,4.208,2.500
2.05333,56.339,47.994,40.666,26.142,17.124,8.637,4.243,2.325
2.05667,56.365,47.996,40.682,26.224,17.179,8.567,4.207,2.427
2.06000,56.498,48.093,40.728,26.171,17.209,8.649,4.230,2.444
2.06333,56.472,48.178,40.730,26.325,17.228,8.703,4.197,2.354
2.06667,56.577,48.154,40.816,26.313,17.222,8.642,4.287,2.355
2.07000,56.645,48.232,40.887,26.336,17.235,8.683,4.282,2.368
2.07333,56.696,48.253,40.901,26.294,17.250,8.667,4.300,2.448
2.07667,56.824,48.315,40.974,26.417,17.326,8.728,4.294,2.440
2.08000,56.848,48.425,41.072,26.512,17.398,8.705,4.239,2.435
2.08333,56.985,48.499,41.029,26.438,17.338,8.683,4.287,2.428
2.08667,56.981,48.479,41.129,26.511,17.364,8.708,4.311,2.486
2.09000,57.076,48.580,41.151,26.478,17.386,8.696,4.229,2.420
2.09333,57.113,48.631,41.243,26.522,17.383,8.719,4.338,2.431
2.09667,57.206,48.699,41.285,26.600,17.423,8.750,4.360,2.377
2.10000,57.213,48.749,41.317,26.637,17.476,8.766,4.288,2.421
2.10333,57.327,48.831,41.432,26.670,17.484,8.751,4.334,2.336
2.10667,57.441,48.808,41.431,26.625,17.467,8.806,4.317,2.425
2.11000,57.439,48.965,41.437,26.665,17.470,8.797,4.319,2.415
2.11333,57.613,48.945,41.622,26.717,17.547,8.794,4.361,2.430
2.11667,57.598,48.999,41.570,26.774,17.593,8.805,4.419,2.418
2.12000,57.735,49.150,41.614,26.756,17.686,8.900,4.343,2.479
2.12333,57.717,49.134,41.624,26.728,17.596,8.882,4.401,2.455
2.12667,57.736,49.218,41.694,26.812,17.606,8.908,4.375,2.401
2.13000,57.897,49.265,41.803,26.864,17.604,8.897,4.316,2.415
2.13333,58.004,49.312,41.791,26.821,17.610,8.931,4.446,2.447
2.13667,57.939,49.401,41.828,26.929,17.682,8.855,4.396,2.406
2.14000,58.092,49.432,41.875,26.956,17.700,8.934,4.355,2.449
2.14333,58.125,49.530,41.924,26.997,17.719,8.977,4.432,2.418
2.14667,58.187,49.571,41.941,27.041,17.759,8.944,4.378,2.485
2.15000,58.241,49.580,42.069,27.098,17.787,8.928,4.380,2.461
2.15333,58.334,49.627,42.070,27.070,17.856,8.957,4.411,2.478
2.15667,58.421,49.738,42.117,27.131,17.764,8.918,4.341,2.546
2.16000,58.534,49.806,42.259,27.159,17.806,8.967,4.472,2.468
2.16333,58.496,49.844,42.253,27.189,17.828,8.972,4.433,2.480
2.16667,58.588,49.864,42.274,27.158,17.903,8.969,4.449,2.399
2.17000,58.711,49.944,42.392,27.231,17.887,9.021,4.450,2.473
2.17333,58.840,50.009,42.544,27.327,17.849,9.045,4.487,2.475
2.17667,58.829,50.099,42.495,27.320,17.828,9.037,4.478,2.549
2.18000,58.880,50.185,42.536,27.314,17.960,9.063,4.531,2.478
2.18333,58.944,50.235,42.515,27.390,17.994,9.041,4.449,2.525
2.18667,58.955,50.337,42.611,27.347,18.054,9.026,4.495,2.481
2.19000,59.102,50.308,42.696,27.436,18.038,9.123,4.477,2.529
2.19333,59.164,50.405,42.778,27.489,18.020,9.057,4.526,2.565
2.19667,59.204,50.512,42.785,27.493,18.067,9.078,4.493,2.468
2.20000,59.270,50.488,42.829,27.476,18.063,9.120,4.545,2.514
2.20333,59.369,50.528,42.882,27.541,18.113,9.163,4.473,2.527
2.20667,59.481,50.545,42.954,27.612,18.095,9.138,4.533,2.514
2.21000,59.548,50.690,43.038,27.622,18.106,9.181,4.556,2.489
2.21333,59.558,50.790,43.046,27.658,18.165,9.143,4.507,2.536
2.21667,59.557,50.788,43.034,27.642,18.151,9.202,4.544,2.485
2.22000,59.777,50.901,43.161,27.692,18.199,9.217,4.593,2.481
2.22333,59.809,50.938,43.171,27.692,18.275,9.132,4.542,2.562
2.22667,59.862,50.963,43.152,27.771,18.255,9.198,4.548,2.594
2.23000,59.906,51.070,43.234,27.772,18.258,9.199,4.504,2.539
2.23333,60.037,51.047,43.371,27.844,18.256,9.150,4.519,2.548
2.23667,60.101,51.156,43.394,27.847,18.373,9.235,4.605,2.559
2.24000,60.120,51.266,43.368,27.932,18.333,9.250,4.606,2.548
2.24333,60.208,51.315,43.486,27.976,18.351,9.298,4.555,2.506
2.24667,60.269,51.389,43.544,27.963,18.389,9.245,4.592,2.589
2.25000,60.386,51.356,43.565,27.984,18.441,9.234,4.642,2.529
2.25333,60.464,51.451,43.640,28.010,18.456,9.290,4.547,2.517
2.25667,60.503,51.564,43.624,28.105,18.477,9.304,4.618,2.568
2.26000,60.580,51.593,43.724,28.054,18.478,9.354,4.570,2.557
2.26333,60.668,51.680,43.832,28.096,18.528,9.278,4.631,2.611
2.26667,60.778,51.723,43.831,28.141,18.549,9.346,4.671,2.617
2.27000,60.794,51.850,43.846,28.168,18.472,9.393,4.659,2.523
2.27333,60.901,51.853,43.908,28.169,18.496,9.391,4.655,2.566
2.27667,60.982,51.873,43.984,28.253,18.607,9.347,4.605,2.546
2.28000,60.999,51.953,44.074,28.261,18.591,9.425,4.679,2.597
2.28333,61.054,51.992,44.084,28.362,18.592,9.436,4.648,2.617
2.28667,61.148,52.073,44.170,28.352,18.640,9.400,4.691,2.533
2.29000,61.249,52.150,44.163,28.355,18.644,9.388,4.698,2.537
2.29333,61.232,52.226,44.245,28.399,18.773,9.442,4.681,2.554
2.29667,61.373,52.293,44.277,28.395,18.722,9.417,4.625,2.534
2.30000,61.435,52.371,44.359,28.522,18.743,9.469,4.680,2.639
2.30333,61.528,52.385,44.371,28.391,18.745,9.477,4.716,2.614
2.30667,61.652,52.443,44.472,28.542,18.787,9.458,4.707,2.537
2.31000,61.741,52.485,44.569,28.586,18.767,9.470,4.764,2.607
2.31333,61.828,52.617,44.537,28.643,18.743,9.487,4.689,2.704
2.31667,61.805,52.670,44.576,28.719,18.785,9.549,4.725,2.558
2.32000,61.864,52.677,44.726,28.659,18.832,9.570,4.665,2.597
2.32333,61.990,52.773,44.742,28.736,18.929,9.521,4.815,2.636
2.32667,62.077,52.858,44.814,28.802,18.945,9.523,4.770,2.613
2.33000,62.154,52.891,44.892,28.770,18.930,9.558,4.761,2.591
2.33333,62.209,52.988,44.916,28.905,18.921,9.631,4.785,2.546
2.33667,62.226,53.024,44.985,28.903,19.005,9.557,4.762,2.644
2.34000,62.321,53.094,44.992,28.866,19.003,9.615,4.812,2.660
2.34333,62.439,53.177,45.089,28.873,18.990,9.656,4.808,2.592
2.34667,62.506,53.240,45.144,28.926,19.036,9.641,4.816,2.682
2.35000,62.595,53.274,45.111,28.982,19.124,9.687,4.768,2.643
2.35333,62.647,53.375,45.138,28.937,18.980,9.728,4.819,2.626
2.35667,62.771,53.405,45.199,29.082,19.099,9.681,4.837,2.593
2.36000,62.800,53.469,45.366,29.051,19.092,9.706,4.806,2.653
2.36333,62.858,53.581,45.296,29.046,19.150,9.658,4.786,2.646
2.36667,62.959,53.676,45.440,29.121,19.211,9.715,4.854,2.636
2.37000,63.002,53.716,45.442,29.191,19.117,9.761,4.859,2.712
2.37333,63.088,53.812,45.586,29.221,19.231,9.712,4.893,2.661
2.37667,63.256,53.805,45.606,29.350,19.178,9.777,4.805,2.694
2.38000,63.277,53.870,45.641,29.316,19.239,9.758,4.899,2.672
2.38333,63.294,53.930,45.701,29.395,19.278,9.703,4.918,2.731
2.38667,63.419,53.951,45.774,29.381,19.251,9.785,4.857,2.666
2.39000,63.459,54.067,45.836,29.372,19.400,9.725,4.897,2.674
2.39333,63.499,54.165,45.872,29.450,19.337,9.813,4.904,2.667
2.39667,63.667,54.184,45.878,29.525,19.399,9.785,4.855,2.654
2.40000,63.750,54.227,45.945,29.480,19.418,9.779,4.948,2.671
2.40333,63.736,54.290,46.076,29.573,19.444,9.869,4.867,2.674
2.40667,63.876,54.374,46.135,29.543,19.391,9.870,4.917,2.736
2.41000,63.882,54.407,46.091,29.661,19.442,9.882,4.997,2.663
2.41333,64.015,54.521,46.218,29.617,19.467,9.869,4.971,2.697
2.41667,64.069,54.610,46.175,29.697,19.564,9.904,4.963,2.708
2.42000,64.229,54.662,46.332,29.719,19.467,9.920,5.008,2.646
2.42333,64.210,54.754,46.330,29.800,19.541,9.907,4.950,2.713
2.42667,64.327,54.780,46.440,29.796,19.520,9.891,4.937,2.716
2.43000,64.442,54.865,46.465,29.786,19.574,9.934,4.922,2.638
2.43333,64.448,54.863,46.513,29.835,19.619,10.048,4.980,2.712
2.43667,64.538,54.934,46.586,29.855,19.660,10.048,4.983,2.746
2.44000,64.664,55.062,46.675,29.954,19.740,9.990,4.961,2.690
2.44333,64.669,55.113,46.648,29.982,19.689,10.023,5.031,2.705
2.44667,64.742,55.130,46.785,29.989,19.697,10.034,4.994,2.768
2.45000,64.793,55.294,46.833,30.027,19.716,10.008,5.026,2.732
2.45333,64.969,55.243,46.856,30.024,19.879,10.124,4.986,2.753
2.45667,65.014,55.413,46.916,30.086,19.778,10.065,5.070,2.702
2.46000,65.121,55.440,46.984,30.074,19.809,10.071,5.059,2.761
2.46333,65.143,55.491,47.004,30.145,19.893,10.058,5.084,2.685
2.46667,65.238,55.565,47.058,30.192,19.817,10.144,5.112,2.667
2.47000,65.354,55.625,47.128,30.252,19.878,10.092,5.037,2.753
2.47333,65.430,55.623,47.206,30.304,19.887,10.088,5.036,2.768
2.47667,65.456,55.748,47.245,30.215,19.944,10.104,5.069,2.671
2.48000,65.578,55.835,47.328,30.350,19.986,10.123,5.066,2.744
2.48333,65.690,55.874,47.304,30.338,20.024,10.169,4.987,2.773
2.48667,65.690,56.038,47.411,30.394,20.087,10.197,5.052,2.802
2.49000,65.847,56.045,47.514,30.413,20.035,10.191,5.034,2.738
2.49333,65.881,56.118,47.576,30.460,20.075,10.208,5.005,2.801
2.49667,65.950,56.210,47.553,30.491,20.113,10.203,5.065,2.719
2.50000,66.098,56.201,47.610,30.513,20.075,10.180,5.137,2.803
2.50333,66.085,56.301,47.719,30.638,20.091,10.252,5.105,2.734
2.50667,66.226,56.402,47.767,30.565,20.146,10.277,5.078,2.813
2.51000,66.220,56.471,47.802,30.629,20.191,10.318,5.103,2.781
2.51333,66.305,56.484,47.909,30.689,20.194,10.271,5.123,2.786
2.51667,66.439,56.569,47.920,30.706,20.210,10.306,5.161,2.815
2.52000,66.524,56.645,47.973,30.800,20.242,10.207,5.153,2.840
2.52333,66.589,56.729,48.025,30.824,20.222,10.333,5.213,2.885
2.52667,66.646,56.795,48.155,30.871,20.258,10.400,5.146,2.779
2.53000,66.703,56.978,48.134,30.896,20.279,10.323,5.141,2.877
2.53333,66.834,56.890,48.139,30.930,20.265,10.319,5.213,2.814
2.53667,66.901,56.996,48.325,30.871,20.304,10.410,5.151,2.777
2.54000,67.012,57.092,48.295,30.965,20.409,10.371,5.182,2.786
2.54333,67.038,57.173,48.377,31.008,20.384,10.433,5.217,2.850
2.54667,67.174,57.236,48.512,31.056,20.482,10.416,5.237,2.874
2.55000,67.243,57.224,48.530,31.075,20.451,10.411,5.239,2.826
2.55333,67.257,57.315,48.587,31.150,20.529,10.445,5.228,2.822
2.55667,67.323,57.352,48.647,31.115,20.442,10.477,5.245,2.818
2.56000,67.429,57.462,48.729,31.214,20.552,10.450,5.250,2.858
2.56333,67.534,57.524,48.751,31.205,20.571,10.460,5.267,2.871
2.56667,67.629,57.598,48.836,31.294,20.602,10.476,5.293,2.816
2.57000,67.625,57.714,48.831,31.351,20.515,10.502,5.284,2.901
2.57333,67.784,57.710,48.955,31.339,20.615,10.543,5.238,2.890
2.57667,67.890,57.834,48.942,31.364,20.597,10.552,5.310,2.795
2.58000,67.977,57.831,49.069,31.456,20.674,10.596,5.251,2.862
2.58333,67.965,57.973,49.076,31.489,20.646,10.543,5.309,2.874
2.58667,68.158,57.989,49.127,31.446,20.698,10.573,5.280,2.895
2.59000,68.197,58.101,49.204,31.528,20.748,10.575,5.321,2.851
2.59333,68.213,58.212,49.282,31.557,20.754,10.553,5.312,2.863
2.59667,68.338,58.254,49.346,31.616,20.786,10.583,5.311,2.902
2.60000,68.427,58.301,49.404,31.666,20.803,10.629,5.336,2.843
2.60333,68.574,58.410,49.440,31.710,20.875,10.585,5.417,2.823
2.60667,68.605,58.391,49.543,31.694,20.878,10.634,5.280,2.860
2.61000,68.675,58.526,49.596,31.668,20.911,10.607,5.331,2.880
2.61333,68.690,58.629,49.627,31.762,20.879,10.672,5.316,2.887
2.61667,68.867,58.724,49.612,31.799,20.889,10.735,5.394,2.914
2.62000,68.897,58.764,49.737,31.846,21.006,10.701,5.349,2.946
2.62333,69.011,58.780,49.787,31.873,21.062,10.692,5.406,2.855
2.62667,69.164,58.869,49.828,31.900,21.037,10.694,5.456,2.919
2.63000,69.189,58.912,49.905,31.973,20.995,10.741,5.403,2.922
2.63333,69.244,58.975,49.943,32.065,21.061,10.738,5.420,2.913
2.63667,69.347,59.064,50.003,32.028,21.071,10.801,5.336,2.913
2.64000,69.454,59.188,50.112,32.106,21.072,10.747,5.418,2.941
2.64333,69.463,59.250,50.181,32.068,21.132,10.810,5.413,2.953
2.64667,69.627,59.331,50.235,32.204,21.221,10.803,5.418,2.952
2.65000,69.705,59.408,50.321,32.235,21.224,10.852,5.388,2.954
2.65333,69.754,59.384,50.344,32.186,21.183,10.777,5.445,2.931
2.65667,69.891,59.538,50.416,32.297,21.268,10.856,5.462,2.943
2.66000,69.936,59.580,50.468,32.343,21.261,10.924,5.442,2.930
2.66333,69.994,59.678,50.527,32.387,21.303,10.847,5.415,2.910
2.66667,70.142,59.671,50.631,32.457,21.315,10.985,5.553,2.928
2.67000,70.203,59.799,50.631,32.427,21.318,10.908,5.505,2.943
2.67333,70.271,59.887,50.749,32.440,21.372,10.907,5.498,2.959
2.67667,70.337,59.826,50.751,32.477,21.433,10.920,5.531,2.966
2.68000,70.425,60.041,50.857,32.495,21.358,10.985,5.512,2.956
2.68333,70.540,60.106,50.885,32.605,21.472,10.972,5.488,2.954
2.68667,70.616,60.192,50.907,32.648,21.467,10.972,5.571,2.936
2.69000,70.683,60.241,50.984,32.620,21.495,11.036,5.591,2.955
2.69333,70.760,60.301,51.070,32.699,21.612,11.046,5.442,2.909
2.69667,70.850,60.402,51.103,32.686,21.555,11.009,5.590,3.016
2.70000,70.988,60.413,51.138,32.800,21.539,11.072,5.556,2.987
2.70333,71.016,60.458,51.202,32.820,21.602,11.015,5.522,2.972
2.70667,71.104,60.597,51.311,32.847,21.623,11.073,5.581,2.948
2.71000,71.208,60.698,51.327,32.861,21.644,11.065,5.507,2.994
2.71333,71.237,60.739,51.449,32.874,21.702,11.032,5.528,2.955
2.71667,71.387,60.827,51.442,32.975,21.644,11.073,5.588,2.984
2.72000,71.456,60.874,51.574,32.958,21.771,11.110,5.616,2.935
2.72333,71.506,60.963,51.613,33.022,21.791,11.174,5.598,3.005
2.72667,71.621,61.042,51.703,32.976,21.796,11.098,5.593,3.031
2.73000,71.730,61.095,51.843,33.114,21.820,11.225,5.731,2.979
2.73333,71.829,61.138,51.806,33.127,21.818,11.241,5.672,2.967
2.73667,71.835,61.297,51.822,33.143,21.923,11.135,5.682,2.988
2.74000,71.979,61.378,51.846,33.225,21.847,11.161,5.590,2.999
2.74333,71.993,61.368,52.047,33.262,21.933,11.173,5.612,3.011
2.74667,72.128,61.488,52.082,33.277,21.887,11.221,5.624,3.046
2.75000,72.238,61.535,52.176,33.347,21.958,11.231,5.718,3.010
2.75333,72.338,61.609,52.156,33.326,21.974,11.272,5.682,3.004
2.75667,72.433,61.709,52.233,33.422,21.968,11.275,5.706,2.986
2.76000,72.526,61.719,52.341,33.504,22.057,11.275,5.700,3.086
2.76333,72.552,61.884,52.416,33.552,22.030,11.383,5.777,2.980
2.76667,72.641,61.880,52.474,33.499,22.021,11.328,5.699,3.028
2.77000,72.727,61.930,52.478,33.564,22.124,11.344,5.749,3.070
2.77333,72.824,62.125,52.530,33.582,22.120,11.275,5.734,3.039
2.77667,72.925,62.127,52.631,33.652,22.159,11.412,5.724,3.079
2.78000,73.019,62.235,52.694,33.667,22.173,11.434,5.710,3.047
2.78333,73.075,62.277,52.761,33.761,22.188,11.408,5.801,3.042
2.78667,73.260,62.361,52.800,33.781,22.274,11.336,5.767,3.011
2.79000,73.290,62.509,52.875,33.826,22.342,11.424,5.758,3.097
2.79333,73.357,62.553,52.912,33.874,22.313,11.326,5.777,3.156
2.79667,73.489,62.609,53.045,33.838,22.385,11.407,5.796,3.050
2.80000,73.509,62.669,53.049,33.987,22.422,11.440,5.805,3.074
2.80333,73.611,62.693,53.101,33.994,22.417,11.454,5.769,3.076
2.80667,73.709,62.819,53.237,34.045,22.456,11.526,5.837,3.065
2.81000,73.743,62.905,53.278,34.075,22.497,11.444,5.834,3.086
2.81333,73.891,62.959,53.376,34.076,22.494,11.500,5.796,3.048
2.81667,73.988,63.037,53.440,34.167,22.506,11.560,5.878,3.122
2.82000,74.079,63.110,53.478,34.166,22.518,11.599,5.804,3.059
2.82333,74.167,63.236,53.428,34.163,22.549,11.553,5.886,3.125
2.82667,74.261,63.276,53.594,34.271,22.525,11.625,5.828,3.130
2.83000,74.291,63.343,53.636,34.342,22.610,11.617,5.806,3.087
2.83333,74.426,63.437,53.818,34.336,22.649,11.640,5.868,3.103
2.83667,74.510,63.502,53.752,34.414,22.666,11.595,5.927,3.124
2.84000,74.634,63.557,53.822,34.462,22.714,11.609,5.914,3.053
2.84333,74.654,63.661,53.898,34.408,22.694,11.647,5.921,3.151
2.84667,74.815,63.749,53.937,34.465,22.674,11.612,5.909,3.075
2.85000,74.937,63.867,53.947,34.541,22.743,11.671,5.897,3.137
2.85333,74.946,63.832,54.075,34.528,22.810,11.720,5.892,3.118
2.85667,74.999,63.953,54.164,34.597,22.841,11.782,5.878,3.134
2.86000,75.153,64.035,54.232,34.690,22.901,11.717,5.901,3.140
2.86333,75.166,64.053,54.353,34.718,22.907,11.700,5.966,3.126
2.86667,75.239,64.226,54.365,34.684,22.975,11.794,5.906,3.144
2.87000,75.435,64.255,54.488,34.795,22.874,11.773,5.923,3.157
2.87333,75.471,64.356,54.427,34.817,22.968,11.770,6.029,3.151
2.87667,75.539,64.416,54.632,34.831,22.989,11.798,6.004,3.188
2.88000,75.676,64.469,54.638,34.870,22.976,11.907,5.989,3.170
2.88333,75.741,64.515,54.579,34.890,23.055,11.809,6.019,3.125
2.88667,75.844,64.665,54.773,35.064,23.081,11.869,5.934,3.203
2.89000,75.982,64.761,54.804,35.014,23.085,11.816,6.039,3.176
2.89333,76.019,64.747,54.852,35.109,23.091,11.869,6.115,3.199
2.89667,76.144,64.946,54.966,35.147,23.183,11.936,6.013,3.204
2.90000,76.240,64.992,55.001,35.103,23.183,11.864,6.093,3.199
2.90333,76.272,65.021,55.070,35.195,23.279,11.935,5.972,3.165
2.90667,76.387,65.139,55.158,35.204,23.247,11.908,6.013,3.230
2.91000,76.461,65.237,55.193,35.262,23.262,11.970,6.028,3.159
2.91333,76.589,65.301,55.281,35.313,23.315,11.932,6.113,3.177
2.91667,76.743,65.412,55.342,35.371,23.282,12.016,6.098,3.215
2.92000,76.721,65.393,55.352,35.394,23.324,11.982,6.066,3.223
2.92333,76.914,65.526,55.456,35.458,23.390,12.040,6.065,3.204
2.92667,76.945,65.584,55.541,35.453,23.414,12.039,6.122,3.193
2.93000,77.034,65.690,55.567,35.502,23.368,12.037,6.100,3.154
2.93333,77.103,65.701,55.691,35.578,23.422,12.058,6.130,3.203
2.93667,77.293,65.799,55.726,35.617,23.435,12.103,6.079,3.172
2.94000,77.345,65.868,55.807,35.604,23.458,12.110,6.146,3.245
2.94333,77.435,66.010,55.820,35.672,23.495,12.142,6.212,3.198
2.94667,77.525,66.088,55.953,35.721,23.573,12.070,6.111,3.267
2.95000,77.635,66.216,56.034,35.800,23.579,12.116,6.111,3.195
2.95333,77.714,66.300,56.100,35.820,23.630,12.131,6.160,3.207
2.95667,77.818,66.293,56.046,35.905,23.592,12.203,6.223,3.240
2.96000,77.898,66.382,56.202,35.886,23.677,12.266,6.179,3.232
2.96333,77.950,66.461,56.208,35.882,23.707,12.200,6.182,3.220
2.96667,78.043,66.543,56.327,35.944,23.689,12.165,6.233,3.266
2.97000,78.132,66.637,56.369,36.039,23.755,12.171,6.177,3.318
2.97333,78.254,66.695,56.495,36.052,23.775,12.284,6.228,3.290
2.97667,78.339,66.796,56.550,36.113,23.802,12.316,6.234,3.299
2.98000,78.462,66.815,56.615,36.161,23.846,12.259,6.229,3.276
2.98333,78.498,66.901,56.625,36.134,23.856,12.270,6.254,3.256
2.98667,78.576,67.031,56.688,36.278,23.874,12.351,6.276,3.232
2.99000,78.691,67.086,56.847,36.258,23.924,12.290,6.274,3.240
2.99333,78.850,67.231,56.870,36.321,23.957,12.320,6.306,3.383
2.99667,78.994,67.254,56.888,36.373,23.933,12.310,6.298,3.298
3.00000,79.036,67.374,57.044,36.351,24.088,12.360,6.307,3.306
3.00333,79.118,67.460,57.024,36.484,23.996,12.386,6.323,3.297
3.00667,79.141,67.508,57.150,36.526,24.073,12.402,6.300,3.347
3.01000,79.283,67.599,57.223,36.528,24.068,12.416,6.288,3.384
3.01333,79.385,67.678,57.243,36.577,24.163,12.484,6.234,3.351
3.01667,79.431,67.758,57.367,36.585,24.133,12.475,6.306,3.343
3.02000,79.569,67.832,57.430,36.655,24.212,12.448,6.368,3.310
3.02333,79.659,67.847,57.518,36.685,24.174,12.495,6.329,3.307
3.02667,79.692,67.996,57.544,36.762,24.214,12.501,6.352,3.331
3.03000,79.835,68.087,57.705,36.764,24.239,12.500,6.341,3.350
3.03333,79.856,68.126,57.726,36.820,24.322,12.555,6.338,3.393
3.03667,80.077,68.213,57.718,36.863,24.307,12.450,6.404,3.299
3.04000,80.121,68.313,57.820,36.926,24.369,12.551,6.421,3.295
3.04333,80.183,68.342,57.874,36.971,24.395,12.599,6.360,3.361
3.04667,80.312,68.478,57.976,36.996,24.376,12.534,6.327,3.354
3.05000,80.389,68.577,57.991,37.019,24.396,12.601,6.450,3.339
3.05333,80.482,68.642,58.136,37.026,24.387,12.645,6.337,3.311
3.05667,80.627,68.739,58.232,37.080,24.509,12.659,6.439,3.420
3.06000,80.688,68.761,58.266,37.180,24.562,12.669,6.389,3.346
3.06333,80.796,68.845,58.293,37.197,24.524,12.640,6.484,3.354
3.06667,80.940,68.994,58.386,37.269,24.589,12.674,6.532,3.408
3.07000,80.953,69.066,58.476,37.269,24.556,12.710,6.458,3.471
3.07333,81.045,69.117,58.480,37.331,24.601,12.729,6.448,3.431
3.07667,81.156,69.159,58.618,37.365,24.613,12.764,6.439,3.401
3.08000,81.344,69.305,58.663,37.464,24.674,12.780,6.441,3.383
3.08333,81.328,69.408,58.739,37.438,24.714,12.698,6.517,3.467
3.08667,81.482,69.414,58.776,37.482,24.747,12.765,6.510,3.397
3.09000,81.528,69.562,58.857,37.573,24.737,12.819,6.509,3.444
3.09333,81.630,69.618,58.989,37.600,24.787,12.767,6.535,3.485
3.09667,81.749,69.664,58.955,37.670,24.771,12.829,6.506,3.388
3.10000,81.894,69.800,59.068,37.662,24.831,12.848,6.603,3.490
3.10333,82.042,69.842,59.157,37.746,24.806,12.921,6.502,3.416
3.10667,82.058,69.950,59.207,37.723,24.923,12.823,6.513,3.404
3.11000,82.175,70.101,59.340,37.772,24.911,12.910,6.486,3.440
3.11333,82.262,70.076,59.369,37.818,24.941,12.917,6.577,3.423
3.11667,82.379,70.151,59.406,37.884,24.972,12.927,6.564,3.452
3.12000,82.458,70.268,59.430,37.938,24.978,12.914,6.568,3.400
3.12333,82.605,70.416,59.595,37.983,25.069,12.921,6.571,3.429
3.12667,82.619,70.512,59.659,37.996,25.101,12.978,6.565,3.425
3.13000,82.715,70.561,59.728,38.146,25.116,12.963,6.654,3.433
3.13333,82.824,70.598,59.809,38.150,25.106,12.982,6.627,3.478
3.13667,82.904,70.764,59.859,38.175,25.084,13.014,6.623,3.461
3.14000,83.032,70.834,59.876,38.238,25.158,13.122,6.663,3.458
3.14333,83.124,70.895,59.976,38.264,25.198,13.062,6.631,3.480
3.14667,83.249,70.930,60.055,38.270,25.279,13.127,6.631,3.510
3.15000,83.328,71.057,60.056,38.331,25.393,13.099,6.652,3.453
3.15333,83.444,71.155,60.155,38.351,25.350,13.065,6.704,3.476
3.15667,83.445,71.225,60.199,38.442,25.336,13.164,6.670,3.548
3.16000,83.635,71.267,60.335,38.556,25.355,13.142,6.750,3.463
3.16333,83.764,71.414,60.396,38.563,25.447,13.149,6.738,3.531
3.16667,83.811,71.460,60.424,38.577,25.396,13.162,6.710,3.475
3.17000,83.935,71.587,60.600,38.605,25.497,13.188,6.711,3.437
3.17333,83.919,71.514,60.558,38.670,25.486,13.174,6.755,3.465
3.17667,84.098,71.659,60.687,38.762,25.519,13.192,6.774,3.521
3.18000,84.155,71.818,60.665,38.764,25.504,13.222,6.659,3.547
3.18333,84.323,71.864,60.825,38.810,25.558,13.300,6.747,3.498
3.18667,84.422,72.001,60.873,38.839,25.677,13.315,6.781,3.517
3.19000,84.442,72.074,60.910,38.915,25.686,13.255,6.671,3.486
3.19333,84.584,72.189,61.072,38.928,25.682,13.282,6.764,3.520
3.19667,84.731,72.283,61.074,39.011,25.730,13.324,6.811,3.566
3.20000,84.808,72.284,61.191,38.999,25.711,13.366,6.801,3.614
3.20333,84.887,72.395,61.268,39.069,25.781,13.354,6.776,3.519
3.20667,85.013,72.494,61.344,39.153,25.806,13.356,6.818,3.513
3.21000,85.116,72.518,61.387,39.170,25.834,13.366,6.854,3.503
3.21333,85.229,72.658,61.468,39.225,25.840,13.375,6.865,3.609
3.21667,85.311,72.717,61.498,39.202,25.903,13.417,6.866,3.557
3.22000,85.397,72.786,61.545,39.313,25.924,13.446,6.917,3.507
3.22333,85.536,72.892,61.677,39.299,25.956,13.398,6.931,3.600
3.22667,85.548,73.015,61.778,39.366,25.986,13.428,6.877,3.592
3.23000,85.637,73.072,61.866,39.427,25.943,13.453,6.799,3.602
3.23333,85.808,73.180,61.830,39.486,26.035,13.412,6.863,3.542
3.23667,85.871,73.263,61.970,39.487,26.076,13.481,6.896,3.546
3.24000,85.966,73.335,62.068,39.522,26.132,13.479,6.973,3.573
3.24333,86.089,73.421,62.124,39.576,26.079,13.501,6.909,3.575
3.24667,86.240,73.547,62.228,39.616,26.165,13.576,6.960,3.531
3.25000,86.301,73.648,62.332,39.649,26.202,13.581,6.962,3.565
3.25333,86.413,73.691,62.358,39.729,26.252,13.669,6.979,3.578
3.25667,86.530,73.739,62.464,39.810,26.267,13.594,6.947,3.574
3.26000,86.587,73.910,62.476,39.864,26.327,13.628,6.966,3.588
3.26333,86.708,73.961,62.557,39.902,26.382,13.606,7.013,3.643
3.26667,86.868,74.001,62.631,39.915,26.291,13.700,7.018,3.567
3.27000,86.932,74.089,62.741,40.010,26.340,13.698,7.012,3.577
3.27333,86.994,74.265,62.768,40.006,26.368,13.681,6.947,3.625
3.27667,87.086,74.245,62.854,40.050,26.436,13.714,7.003,3.623
3.28000,87.242,74.374,62.895,40.097,26.510,13.721,7.014,3.661
3.28333,87.314,74.481,63.026,40.080,26.539,13.797,7.011,3.582
3.28667,87.436,74.536,63.030,40.225,26.485,13.798,7.049,3.612
3.29000,87.528,74.567,63.189,40.242,26.608,13.805,7.053,3.626
3.29333,87.631,74.700,63.212,40.312,26.608,13.802,7.103,3.651
3.29667,87.759,74.769,63.332,40.347,26.617,13.711,7.054,3.609
3.30000,87.812,74.914,63.385,40.407,26.654,13.855,7.078,3.678
3.30333,87.914,75.018,63.488,40.480,26.742,13.859,7.076,3.666
3.30667,88.050,75.129,63.502,40.394,26.699,13.850,7.102,3.670
3.31000,88.186,75.141,63.572,40.437,26.712,13.895,7.053,3.728
3.31333,88.232,75.218,63.682,40.560,26.785,13.907,7.064,3.660
3.31667,88.381,75.339,63.731,40.557,26.799,13.922,7.069,3.616
3.32000,88.412,75.401,63.839,40.635,26.855,13.956,7.130,3.678
3.32333,88.479,75.504,63.944,40.738,26.869,14.006,7.071,3.657
3.32667,88.618,75.617,63.984,40.749,26.870,13.992,7.157,3.749
3.33000,88.711,75.748,64.038,40.774,26.874,13.981,7.144,3.676
3.33333,88.890,75.743,64.032,40.866,27.004,14.036,7.220,3.621
3.33667,88.934,75.817,64.110,40.882,26.976,14.010,7.233,3.711
3.34000,88.996,75.934,64.304,40.930,27.037,14.077,7.190,3.712
3.34333,89.173,76.003,64.377,40.984,27.028,14.054,7.169,3.738
3.34667,89.272,76.123,64.383,40.990,27.140,14.038,7.197,3.723
3.35000,89.379,76.183,64.486,41.051,27.097,14.081,7.208,3.672
3.35333,89.476,76.312,64.590,41.155,27.112,14.078,7.270,3.686
3.35667,89.568,76.372,64.599,41.182,27.125,14.145,7.236,3.674
3.36000,89.661,76.493,64.660,41.164,27.208,14.065,7.194,3.731
3.36333,89.801,76.569,64.802,41.247,27.172,14.178,7.255,3.710
3.36667,89.862,76.634,64.885,41.226,27.327,14.134,7.330,3.744
3.37000,89.986,76.755,64.987,41.364,27.304,14.224,7.195,3.721
3.37333,90.091,76.865,64.970,41.382,27.279,14.236,7.329,3.742
3.37667,90.136,76.914,65.073,41.523,27.413,14.192,7.251,3.722
3.38000,90.329,77.053,65.141,41.491,27.413,14.247,7.303,3.799
3.38333,90.456,77.066,65.217,41.541,27.501,14.230,7.312,3.751
3.38667,90.551,77.232,65.278,41.591,27.465,14.299,7.340,3.723
3.39000,90.653,77.271,65.394,41.647,27.445,14.291,7.354,3.763
3.39333,90.704,77.382,65.476,41.590,27.525,14.375,7.346,3.733
3.39667,90.843,77.413,65.506,41.709,27.556,14.294,7.350,3.781
3.40000,90.928,77.562,65.592,41.805,27.600,14.357,7.348,3.807
3.40333,91.068,77.700,65.693,41.845,27.610,14.310,7.284,3.785
3.40667,91.104,77.692,65.790,41.837,27.640,14.428,7.365,3.775
3.41000,91.268,77.837,65.784,41.848,27.706,14.408,7.389,3.743
3.41333,91.370,77.886,65.853,41.996,27.728,14.407,7.411,3.840
3.41667,91.454,77.996,66.070,41.996,27.716,14.466,7.395,3.830
3.42000,91.558,78.062,66.073,42.056,27.735,14.454,7.438,3.807
3.42333,91.727,78.199,66.130,42.118,27.768,14.463,7.437,3.827
3.42667,91.786,78.261,66.218,42.149,27.822,14.450,7.421,3.816
3.43000,91.871,78.356,66.286,42.232,27.908,14.393,7.460,3.832
3.43333,91.992,78.486,66.424,42.315,27.931,14.524,7.464,3.867
3.43667,92.077,78.541,66.451,42.402,27.946,14.570,7.449,3.834
3.44000,92.148,78.609,66.544,42.361,27.951,14.561,7.465,3.777
3.44333,92.274,78.789,66.585,42.391,27.979,14.626,7.444,3.925
3.44667,92.388,78.843,66.669,42.433,28.033,14.699,7.502,3.864
3.45000,92.560,78.887,66.696,42.540,28.035,14.587,7.497,3.862
3.45333,92.649,78.954,66.835,42.543,28.133,14.626,7.539,3.860
3.45667,92.694,79.069,66.892,42.590,28.143,14.665,7.494,3.855
3.46000,92.769,79.202,66.949,42.622,28.234,14.679,7.541,3.844
3.46333,92.936,79.193,67.059,42.725,28.213,14.673,7.437,3.848
3.46667,93.041,79.393,67.096,42.742,28.187,14.737,7.528,3.893
3.47000,93.128,79.513,67.218,42.799,28.281,14.752,7.627,3.846
3.47333,93.348,79.563,67.299,42.819,28.245,14.641,7.555,3.861
3.47667,93.403,79.628,67.429,42.881,28.280,14.751,7.570,3.844
3.48000,93.448,79.732,67.482,42.923,28.372,14.756,7.602,3.859
3.48333,93.558,79.856,67.526,42.972,28.331,14.778,7.587,3.865
3.48667,93.687,79.941,67.587,43.043,28.398,14.769,7.592,3.847
3.49000,93.751,80.072,67.701,43.112,28.496,14.836,7.641,3.951
3.49333,93.919,80.109,67.747,43.085,28.527,14.907,7.643,3.912
3.49667,94.044,80.099,67.772,43.231,28.551,14.831,7.607,3.883
3.50000,94.092,80.243,67.904,43.212,28.505,14.884,7.634,3.911
3.50333,94.189,80.372,67.986,43.313,28.653,14.876,7.660,3.929
3.50667,94.297,80.494,68.069,43.382,28.628,14.953,7.686,3.901
3.51000,94.489,80.492,68.132,43.366,28.673,14.951,7.652,3.919
3.51333,94.513,80.687,68.200,43.425,28.653,14.924,7.633,3.959
3.51667,94.630,80.795,68.300,43.467,28.697,14.984,7.689,3.911
3.52000,94.792,80.867,68.352,43.554,28.697,14.992,7.687,3.923
3.52333,94.887,80.969,68.403,43.560,28.822,15.009,7.712,3.951
3.52667,94.976,81.000,68.601,43.618,28.798,15.007,7.740,3.939
3.53000,95.084,81.070,68.658,43.696,28.824,15.040,7.688,3.937
3.53333,95.251,81.247,68.682,43.790,28.839,15.011,7.745,3.984
3.53667,95.348,81.340,68.743,43.691,28.909,15.077,7.774,3.957
3.54000,95.407,81.405,68.768,43.803,28.896,15.055,7.746,3.974
3.54333,95.536,81.437,68.887,43.901,28.978,15.124,7.758,3.945
3.54667,95.664,81.532,69.007,43.893,29.036,15.169,7.800,3.980
3.55000,95.776,81.650,69.108,44.006,29.013,15.117,7.816,3.962
3.55333,95.854,81.760,69.129,44.022,29.071,15.114,7.759,4.024
3.55667,95.927,81.841,69.227,44.023,29.127,15.153,7.778,3.937
3.56000,96.143,81.923,69.305,44.132,29.133,15.183,7.779,3.963
3.56333,96.127,82.035,69.347,44.128,29.147,15.210,7.793,3.954
3.56667,96.270,82.155,69.503,44.241,29.170,15.294,7.764,3.994
3.57000,96.383,82.248,69.533,44.249,29.170,15.284,7.842,4.085
3.57333,96.511,82.352,69.582,44.273,29.275,15.202,7.933,3.993
3.57667,96.596,82.415,69.695,44.275,29.319,15.351,7.902,4.042
3.58000,96.688,82.449,69.859,44.384,29.306,15.294,7.867,4.019
3.58333,96.804,82.645,69.861,44.451,29.355,15.328,7.866,4.026
3.58667,96.926,82.771,69.918,44.420,29.434,15.389,7.874,4.008
3.59000,97.068,82.830,70.065,44.491,29.448,15.422,7.927,3.976
3.59333,97.099,82.849,70.057,44.641,29.465,15.420,7.880,4.027
3.59667,97.290,83.010,70.184,44.699,29.479,15.409,7.941,4.029
3.60000,97.368,83.038,70.230,44.697,29.515,15.414,7.977,4.019
3.60333,97.494,83.135,70.331,44.765,29.532,15.361,7.971,4.019
3.60667,97.565,83.204,70.407,44.787,29.608,15.455,7.944,4.087
3.61000,97.675,83.328,70.518,44.837,29.584,15.418,7.929,4.043
3.61333,97.793,83.439,70.528,44.911,29.654,15.461,7.990,4.039
3.61667,97.979,83.514,70.652,44.936,29.654,15.574,8.010,4.065
3.62000,98.032,83.568,70.738,44.990,29.662,15.489,8.005,4.050
3.62333,98.189,83.754,70.840,45.012,29.687,15.530,7.972,4.069
3.62667,98.243,83.876,70.901,45.113,29.786,15.542,8.037,4.005
3.63000,98.357,83.879,70.972,45.165,29.880,15.602,8.063,4.131
3.63333,98.443,84.058,71.088,45.157,29.842,15.571,7.991,4.079
3.63667,98.558,84.105,71.108,45.209,29.862,15.611,8.043,4.080
3.64000,98.680,84.183,71.181,45.250,29.886,15.603,8.057,4.127
3.64333,98.847,84.330,71.329,45.330,29.924,15.699,8.077,4.110
3.64667,98.896,84.343,71.342,45.351,30.000,15.673,8.081,4.031
3.65000,99.051,84.469,71.426,45.468,30.015,15.698,8.101,4.088
3.65333,99.105,84.550,71.555,45.505,30.101,15.758,8.038,4.095
3.65667,99.210,84.684,71.597,45.503,30.090,15.771,8.129,4.148
3.66000,99.331,84.858,71.679,45.549,30.120,15.741,8.088,4.071
3.66333,99.460,84.903,71.782,45.616,30.153,15.776,8.101,4.087
3.66667,99.627,84.918,71.795,45.686,30.208,15.747,8.154,4.093
3.67000,99.736,85.033,71.932,45.729,30.227,15.818,8.152,4.120
3.67333,99.777,85.143,72.021,45.788,30.207,15.803,8.179,4.142
3.67667,99.909,85.287,72.099,45.798,30.267,15.896,8.244,4.199
3.68000,99.991,85.362,72.177,45.832,30.301,15.851,8.187,4.178
3.68333,100.091,85.456,72.251,45.971,30.335,15.816,8.158,4.135
3.68667,100.273,85.525,72.330,45.946,30.389,15.838,8.243,4.170
3.69000,100.388,85.672,72.447,46.079,30.387,15.898,8.205,4.153
3.69333,100.447,85.781,72.480,46.127,30.485,15.910,8.197,4.174
3.69667,100.538,85.852,72.636,46.092,30.469,15.914,8.284,4.156
3.70000,100.656,85.968,72.660,46.181,30.443,15.978,8.160,4.141
3.70333,100.823,86.045,72.703,46.293,30.504,15.914,8.284,4.180
3.70667,100.928,86.137,72.770,46.285,30.583,16.025,8.241,4.224
3.71000,100.995,86.225,72.954,46.304,30.622,15.996,8.261,4.201
3.71333,101.058,86.353,72.978,46.366,30.671,16.058,8.205,4.184
3.71667,101.297,86.387,73.048,46.426,30.699,16.077,8.286,4.203
3.72000,101.411,86.436,73.146,46.410,30.736,16.055,8.300,4.214
3.72333,101.489,86.603,73.237,46.543,30.771,16.127,8.342,4.209
3.72667,101.613,86.682,73.299,46.582,30.771,16.069,8.326,4.228
3.73000,101.732,86.726,73.412,46.574,30.842,16.178,8.327,4.219
3.73333,101.826,86.869,73.453,46.742,30.878,16.169,8.328,4.231
3.73667,101.949,86.896,73.530,46.790,30.921,16.126,8.356,4.164
3.74000,102.059,87.055,73.667,46.735,30.929,16.150,8.330,4.139
3.74333,102.118,87.120,73.691,46.840,30.936,16.212,8.280,4.255
3.74667,102.267,87.320,73.801,46.808,31.027,16.320,8.426,4.233
3.75000,102.441,87.375,73.891,46.926,31.027,16.291,8.387,4.242
3.75333,102.499,87.454,73.928,46.984,31.080,16.156,8.342,4.296
3.75667,102.582,87.570,74.085,47.048,31.114,16.217,8.356,4.230
3.76000,102.729,87.601,74.119,47.133,31.192,16.330,8.398,4.321
3.76333,102.845,87.797,74.228,47.185,31.197,16.295,8.412,4.266
3.76667,102.915,87.890,74.241,47.216,31.234,16.318,8.460,4.253
3.77000,103.076,87.914,74.353,47.241,31.290,16.386,8.398,4.243
3.77333,103.222,88.025,74.462,47.311,31.305,16.361,8.391,4.265
3.77667,103.272,88.093,74.526,47.374,31.336,16.378,8.527,4.329
3.78000,103.408,88.207,74.615,47.449,31.318,16.476,8.512,4.251
3.78333,103.476,88.329,74.668,47.398,31.338,16.383,8.521,4.241
3.78667,103.616,88.402,74.768,47.516,31.374,16.410,8.519,4.262
3.79000,103.753,88.445,74.811,47.607,31.378,16.428,8.528,4.313
3.79333,103.823,88.600,74.859,47.603,31.467,16.428,8.505,4.338
3.79667,103.927,88.740,74.932,47.641,31.571,16.497,8.606,4.261
3.80000,104.087,88.824,75.063,47.679,31.580,16.537,8.591,4.299
3.80333,104.207,88.935,75.167,47.784,31.595,16.587,8.548,4.321
3.80667,104.337,89.028,75.256,47.758,31.630,16.540,8.595,4.370
3.81000,104.381,89.108,75.268,47.900,31.633,16.569,8.553,4.292
3.81333,104.513,89.198,75.409,47.946,31.677,16.628,8.631,4.330
3.81667,104.673,89.228,75.496,47.947,31.763,16.556,8.561,4.373
3.82000,104.802,89.354,75.559,47.959,31.723,16.562,8.608,4.328
3.82333,104.870,89.479,75.606,48.095,31.782,16.641,8.592,4.353
3.82667,105.019,89.580,75.790,48.143,31.781,16.635,8.586,4.317
3.83000,105.086,89.687,75.792,48.135,31.864,16.703,8.604,4.322
3.83333,105.210,89.829,75.907,48.245,31.883,16.687,8.661,4.343
3.83667,105.263,89.868,75.954,48.287,31.971,16.740,8.666,4.318
3.84000,105.451,89.986,76.050,48.273,31.971,16.767,8.691,4.366
3.84333,105.525,90.063,76.219,48.419,31.940,16.769,8.675,4.335
3.84667,105.681,90.146,76.256,48.496,32.026,16.802,8.749,4.389
3.85000,105.736,90.215,76.270,48.454,32.091,16.822,8.674,4.338
3.85333,105.876,90.305,76.468,48.579,32.095,16.855,8.733,4.424
3.85667,106.028,90.424,76.455,48.630,32.109,16.835,8.715,4.361
3.86000,106.092,90.630,76.499,48.610,32.121,16.852,8.727,4.354
3.86333,106.191,90.626,76.618,48.717,32.249,16.914,8.729,4.477
3.86667,106.397,90.849,76.765,48.673,32.229,16.963,8.697,4.388
3.87000,106.452,90.891,76.765,48.854,32.288,16.914,8.721,4.406
3.87333,106.545,90.952,76.915,48.830,32.318,16.850,8.713,4.452
3.87667,106.671,91.030,76.961,48.981,32.350,17.004,8.842,4.392
3.88000,106.842,91.160,77.113,48.970,32.377,17.054,8.832,4.471
3.88333,106.962,91.237,77.131,49.069,32.413,16.980,8.812,4.363
3.88667,107.056,91.385,77.247,49.031,32.482,16.987,8.827,4.427
3.89000,107.177,91.470,77.274,49.110,32.507,17.033,8.821,4.452
3.89333,107.276,91.549,77.378,49.166,32.531,17.068,8.803,4.436
3.89667,107.447,91.676,77.480,49.236,32.521,17.065,8.813,4.451
3.90000,107.472,91.783,77.581,49.246,32.565,17.110,8.886,4.495
3.90333,107.592,91.804,77.635,49.336,32.606,17.106,8.829,4.482
3.90667,107.775,91.907,77.722,49.361,32.653,17.139,8.859,4.493
3.91000,107.881,92.026,77.799,49.403,32.656,17.142,8.872,4.442
3.91333,108.022,92.129,77.881,49.493,32.738,17.248,8.895,4.389
3.91667,108.033,92.215,77.951,49.512,32.762,17.148,8.926,4.463
3.92000,108.235,92.342,78.045,49.571,32.813,17.171,8.921,4.509
3.92333,108.300,92.413,78.183,49.561,32.847,17.234,8.916,4.449
3.92667,108.431,92.519,78.223,49.656,32.856,17.252,8.935,4.389
3.93000,108.639,92.678,78.369,49.754,32.907,17.285,8.933,4.453
3.93333,108.687,92.719,78.337,49.854,32.962,17.296,9.007,4.481
3.93667,108.772,92.832,78.461,49.799,32.903,17.341,8.960,4.509
3.94000,108.865,92.920,78.552,49.922,33.013,17.302,9.001,4.429
3.94333,109.079,93.082,78.632,49.925,33.052,17.284,9.040,4.486
3.94667,109.149,93.131,78.716,49.993,33.057,17.445,9.031,4.471
3.95000,109.207,93.231,78.819,50.043,33.068,17.401,9.020,4.516
3.95333,109.379,93.314,78.920,50.158,33.086,17.377,9.047,4.479
3.95667,109.499,93.418,78.990,50.161,33.152,17.431,9.026,4.543
3.96000,109.597,93.486,79.093,50.247,33.199,17.447,8.994,4.577
3.96333,109.687,93.576,79.155,50.222,33.180,17.414,9.088,4.560
3.96667,109.792,93.728,79.275,50.345,33.286,17.480,9.045,4.584
3.97000,109.927,93.884,79.230,50.285,33.271,17.486,9.103,4.592
3.97333,110.017,93.934,79.427,50.425,33.315,17.593,9.134,4.568
3.97667,110.171,94.047,79.508,50.468,33.384,17.511,9.103,4.565
3.98000,110.279,94.121,79.564,50.583,33.409,17.542,9.134,4.619
3.98333,110.370,94.228,79.704,50.589,33.465,17.565,9.082,4.535
3.98667,110.549,94.372,79.714,50.601,33.565,17.544,9.136,4.644
3.99000,110.670,94.462,79.827,50.631,33.486,17.573,9.073,4.532
3.99333,110.778,94.533,79.881,50.676,33.600,17.604,9.196,4.536
3.99667,110.823,94.680,79.964,50.743,33.591,17.643,9.179,4.584
4.00000,111.048,94.764,80.122,50.824,33.601,17.599,9.211,4.590
4.00333,111.140,94.903,80.193,50.897,33.720,17.692,9.179,4.602
4.00667,111.294,94.960,80.296,50.981,33.730,17.735,9.297,4.589
4.01000,111.301,95.022,80.342,51.016,33.732,17.701,9.181,4.658
4.01333,111.542,95.185,80.498,51.076,33.701,17.777,9.235,4.626
4.01667,111.612,95.222,80.540,51.083,33.796,17.786,9.254,4.604
4.02000,111.785,95.314,80.565,51.137,33.855,17.765,9.273,4.641
4.02333,111.863,95.382,80.679,51.151,33.852,17.893,9.206,4.647
4.02667,111.986,95.561,80.739,51.287,33.913,17.887,9.291,4.610
4.03000,112.000,95.662,80.870,51.251,33.995,17.786,9.272,4.623
4.03333,112.196,95.690,80.913,51.391,34.021,17.863,9.263,4.606
4.03667,112.261,95.845,80.998,51.398,34.083,17.900,9.245,4.622
4.04000,112.404,95.883,81.080,51.504,34.058,17.928,9.286,4.648
4.04333,112.515,96.032,81.202,51.599,34.150,17.877,9.279,4.664
4.04667,112.708,96.160,81.288,51.676,34.124,17.886,9.305,4.656
4.05000,112.796,96.244,81.352,51.653,34.166,17.992,9.314,4.706
4.05333,112.918,96.353,81.470,51.683,34.221,18.041,9.351,4.691
4.05667,113.017,96.363,81.565,51.761,34.283,17.989,9.375,4.709
4.06000,113.119,96.515,81.583,51.802,34.254,18.018,9.342,4.667
4.06333,113.250,96.591,81.712,51.819,34.330,18.036,9.373,4.698
4.06667,113.322,96.815,81.745,51.860,34.317,18.052,9.301,4.678
4.07000,113.453,96.859,81.854,51.995,34.344,18.067,9.440,4.666
4.07333,113.601,97.009,81.888,52.002,34.427,18.121,9.389,4.718
4.07667,113.733,97.100,82.070,52.037,34.484,18.103,9.400,4.689
4.08000,113.895,97.145,82.064,52.096,34.476,18.155,9.499,4.709
4.08333,113.990,97.246,82.193,52.196,34.565,18.171,9.436,4.708
4.08667,114.056,97.357,82.318,52.192,34.547,18.169,9.539,4.731
4.09000,114.207,97.483,82.372,52.244,34.556,18.199,9.573,4.651
4.09333,114.308,97.504,82.496,52.350,34.621,18.231,9.432,4.756
4.09667,114.469,97.657,82.539,52.362,34.653,18.255,9.494,4.747
4.10000,114.581,97.812,82.655,52.448,34.627,18.346,9.495,4.670
4.10333,114.683,97.856,82.763,52.500,34.761,18.318,9.547,4.727
4.10667,114.757,97.907,82.775,52.565,34.823,18.302,9.530,4.741
4.11000,114.894,98.095,82.875,52.598,34.750,18.295,9.472,4.706
4.11333,115.033,98.154,82.922,52.570,34.831,18.301,9.596,4.779
4.11667,115.132,98.226,83.090,52.714,34.905,18.355,9.523,4.743
4.12000,115.256,98.430,83.078,52.711,34.866,18.409,9.552,4.772
4.12333,115.316,98.438,83.169,52.789,34.931,18.334,9.529,4.743
4.12667,115.476,98.575,83.354,52.898,35.056,18.430,9.454,4.715
4.13000,115.636,98.684,83.414,52.942,35.035,18.450,9.551,4.697
4.13333,115.736,98.765,83.507,52.936,35.026,18.409,9.580,4.765
4.13667,115.915,98.867,83.541,53.018,35.060,18.465,9.604,4.710
4.14000,115.930,98.955,83.651,53.196,35.122,18.539,9.635,4.825
4.14333,116.053,99.054,83.760,53.098,35.172,18.558,9.665,4.786
4.14667,116.218,99.228,83.850,53.184,35.272,18.555,9.669,4.770
4.15000,116.352,99.278,83.891,53.281,35.242,18.516,9.655,4.801
4.15333,116.496,99.399,84.107,53.370,35.285,18.544,9.644,4.826
4.15667,116.580,99.463,84.075,53.328,35.277,18.581,9.625,4.818
4.16000,116.706,99.585,84.223,53.406,35.365,18.627,9.657,4.794
4.16333,116.774,99.705,84.244,53.505,35.382,18.693,9.738,4.843
4.16667,116.878,99.773,84.358,53.574,35.396,18.572,9.717,4.739
4.17000,117.110,99.928,84.398,53.569,35.474,18.592,9.735,4.747
4.17333,117.200,100.027,84.558,53.639,35.412,18.629,9.732,4.856
4.17667,117.324,100.141,84.593,53.620,35.513,18.738,9.741,4.811
4.18000,117.387,100.168,84.761,53.735,35.580,18.778,9.723,4.893
4.18333,117.496,100.261,84.759,53.766,35.593,18.720,9.711,4.875
4.18667,117.713,100.353,84.899,53.915,35.709,18.742,9.810,4.878
4.19000,117.779,100.553,84.994,53.951,35.667,18.726,9.777,4.888
4.19333,117.877,100.602,85.058,53.896,35.738,18.842,9.809,4.796
4.19667,118.033,100.732,85.134,53.983,35.675,18.838,9.855,4.861
4.20000,118.187,100.857,85.247,54.052,35.824,18.831,9.860,4.872
4.20333,118.217,100.907,85.338,54.097,35.782,18.811,9.785,4.880
4.20667,118.362,101.035,85.361,54.173,35.881,18.860,9.917,4.862
4.21000,118.467,101.170,85.466,54.172,35.848,18.912,9.800,4.831
4.21333,118.570,101.232,85.587,54.310,35.904,18.982,9.824,4.886
4.21667,118.699,101.342,85.652,54.342,36.035,18.981,9.795,4.881
4.22000,118.797,101.434,85.720,54.338,35.960,18.985,9.905,4.855
4.22333,118.974,101.458,85.777,54.431,35.993,19.012,9.891,4.876
4.22667,119.094,101.639,85.973,54.473,36.027,19.069,9.903,4.837
4.23000,119.232,101.708,86.012,54.528,36.048,18.953,9.874,4.898
4.23333,119.266,101.896,86.107,54.642,36.153,19.088,9.922,4.941
4.23667,119.426,101.937,86.174,54.696,36.132,19.019,9.931,4.939
4.24000,119.625,102.032,86.232,54.659,36.222,19.082,9.970,4.983
4.24333,119.750,102.127,86.374,54.778,36.246,19.064,9.981,4.883
4.24667,119.832,102.251,86.401,54.894,36.272,19.052,10.002,4.923
4.25000,119.929,102.415,86.530,54.886,36.378,19.165,9.960,4.937
4.25333,120.076,102.543,86.662,54.904,36.384,19.247,9.936,4.915
4.25667,120.152,102.557,86.694,55.019,36.357,19.199,9.985,5.023
4.26000,120.279,102.670,86.768,55.046,36.408,19.181,10.047,4.996
4.26333,120.416,102.759,86.817,55.111,36.426,19.193,10.052,4.975
4.26667,120.516,102.850,86.968,55.108,36.468,19.280,9.996,5.031
4.27000,120.616,103.042,87.029,55.209,36.491,19.258,10.102,5.054
4.27333,120.759,103.043,87.047,55.204,36.582,19.334,10.103,4.982
4.27667,120.892,103.105,87.190,55.323,36.625,19.284,10.066,4.964
4.28000,121.035,103.258,87.283,55.351,36.663,19.355,10.100,4.977
4.28333,121.127,103.394,87.435,55.391,36.639,19.350,10.110,5.012
4.28667,121.255,103.521,87.465,55.511,36.757,19.390,9.987,4.972
4.29000,121.367,103.596,87.568,55.559,36.714,19.424,10.112,4.999
4.29333,121.513,103.713,87.622,55.560,36.801,19.372,10.158,5.024
4.29667,121.641,103.796,87.768,55.613,36.843,19.404,10.125,4.987
4.30000,121.758,103.911,87.791,55.691,36.888,19.364,10.120,4.982
4.30333,121.892,104.026,87.873,55.782,36.857,19.465,10.130,4.973
4.30667,121.978,104.097,87.990,55.799,36.956,19.469,10.160,5.048
4.31000,122.089,104.203,88.058,55.843,36.988,19.461,10.168,5.055
4.31333,122.221,104.332,88.148,55.916,37.075,19.566,10.204,5.005
4.31667,122.392,104.476,88.259,55.924,37.001,19.589,10.223,4.968
4.32000,122.505,104.529,88.396,56.036,37.016,19.639,10.202,5.039
4.32333,122.659,104.549,88.467,56.029,37.050,19.596,10.207,5.049
4.32667,122.725,104.724,88.511,56.156,37.181,19.660,10.242,5.014
4.33000,122.823,104.815,88.619,56.162,37.224,19.647,10.243,5.065
4.33333,122.965,105.005,88.614,56.222,37.209,19.663,10.222,5.040
4.33667,123.066,105.073,88.771,56.287,37.260,19.682,10.249,5.098
4.34000,123.180,105.139,88.901,56.349,37.251,19.690,10.328,5.091
4.34333,123.281,105.265,88.918,56.350,37.349,19.663,10.258,5.056
4.34667,123.514,105.335,89.052,56.470,37.391,19.698,10.313,5.093
4.35000,123.528,105.486,89.116,56.523,37.432,19.798,10.317,5.038
4.35333,123.685,105.588,89.203,56.568,37.413,19.748,10.339,5.038
4.35667,123.774,105.671,89.297,56.647,37.520,19.830,10.305,5.122
4.36000,123.971,105.778,89.393,56.690,37.483,19.781,10.321,5.067
4.36333,124.077,105.910,89.475,56.800,37.528,19.791,10.351,5.142
4.36667,124.187,105.988,89.545,56.775,37.676,19.858,10.455,5.109
4.37000,124.326,106.083,89.731,56.831,37.681,19.937,10.390,5.144
4.37333,124.385,106.249,89.678,56.941,37.630,19.894,10.386,5.184
4.37667,124.527,106.317,89.858,56.992,37.760,19.947,10.364,5.111
4.38000,124.690,106.397,89.958,57.077,37.757,19.923,10.409,5.095
4.38333,124.784,106.506,89.978,57.070,37.833,19.977,10.389,5.114
4.38667,124.869,106.616,90.060,57.134,37.853,20.005,10.403,5.155
4.39000,125.018,106.697,90.192,57.163,37.849,19.918,10.448,5.217
4.39333,125.187,106.812,90.293,57.196,37.962,20.007,10.457,5.154
4.39667,125.290,106.855,90.295,57.253,37.880,19.964,10.402,5.142
4.40000,125.384,106.985,90.437,57.328,37.957,20.143,10.503,5.101
4.40333,125.498,107.120,90.559,57.397,37.988,20.160,10.460,5.150
4.40667,125.607,107.189,90.596,57.401,38.045,20.138,10.519,5.176
4.41000,125.677,107.387,90.740,57.416,38.031,20.128,10.520,5.220
4.41333,125.840,107.481,90.814,57.595,38.076,20.142,10.533,5.216
4.41667,126.000,107.600,90.916,57.652,38.171,20.173,10.606,5.130
4.42000,126.118,107.674,90.961,57.653,38.191,20.212,10.520,5.212
4.42333,126.207,107.717,91.026,57.651,38.162,20.174,10.572,5.180
4.42667,126.387,107.832,91.212,57.773,38.264,20.258,10.548,5.166
4.43000,126.422,107.945,91.255,57.815,38.232,20.240,10.569,5.254
4.43333,126.584,108.116,91.255,57.890,38.308,20.316,10.565,5.257
4.43667,126.724,108.179,91.431,57.921,38.330,20.309,10.631,5.218
4.44000,126.827,108.282,91.499,58.037,38.436,20.308,10.611,5.184
4.44333,126.990,108.386,91.584,58.058,38.422,20.324,10.710,5.222
4.44667,127.104,108.522,91.735,58.050,38.457,20.296,10.667,5.199
4.45000,127.219,108.550,91.749,58.161,38.462,20.343,10.604,5.210
4.45333,127.362,108.745,91.894,58.193,38.602,20.392,10.654,5.257
4.45667,127.483,108.840,91.989,58.282,38.607,20.382,10.653,5.275
4.46000,127.606,108.938,91.987,58.334,38.604,20.425,10.644,5.228
4.46333,127.690,109.055,92.142,58.304,38.627,20.458,10.698,5.223
4.46667,127.844,109.093,92.192,58.495,38.703,20.427,10.708,5.337
4.47000,127.976,109.298,92.280,58.485,38.741,20.459,10.635,5.214
4.47333,128.083,109.355,92.408,58.587,38.729,20.497,10.730,5.236
4.47667,128.209,109.447,92.420,58.582,38.777,20.481,10.675,5.287
4.48000,128.331,109.548,92.543,58.644,38.860,20.501,10.742,5.226
4.48333,128.444,109.625,92.632,58.772,38.870,20.551,10.750,5.288
4.48667,128.566,109.714,92.736,58.760,38.964,20.578,10.775,5.270
4.49000,128.649,109.904,92.819,58.788,38.927,20.556,10.757,5.291
4.49333,128.725,109.896,92.889,58.770,38.990,20.591,10.772,5.344
4.49667,128.950,110.062,93.009,58.870,39.033,20.672,10.741,5.265
4.50000,129.030,110.191,93.055,58.969,39.056,20.679,10.830,5.288
4.50333,129.108,110.252,93.134,59.024,39.132,20.684,10.879,5.394
4.50667,129.336,110.362,93.188,59.149,39.164,20.676,10.805,5.322
4.51000,129.409,110.441,93.315,59.135,39.206,20.735,10.821,5.312
4.51333,129.561,110.568,93.429,59.199,39.275,20.753,10.937,5.310
4.51667,129.688,110.705,93.498,59.291,39.266,20.778,10.881,5.392
4.52000,129.783,110.811,93.677,59.391,39.300,20.787,10.853,5.321
4.52333,129.913,110.914,93.651,59.392,39.357,20.831,10.833,5.335
4.52667,130.019,110.969,93.819,59.505,39.360,20.833,10.919,5.349
4.53000,130.123,111.123,93.942,59.447,39.437,20.880,10.895,5.331
4.53333,130.296,111.224,93.971,59.508,39.460,20.838,10.908,5.357
4.53667,130.403,111.324,94.098,59.611,39.480,20.872,10.968,5.351
4.54000,130.460,111.444,94.142,59.618,39.530,20.889,10.905,5.291
4.54333,130.627,111.510,94.238,59.688,39.580,20.963,10.927,5.377
4.54667,130.830,111.629,94.317,59.722,39.563,20.899,10.956,5.416
4.55000,130.851,111.728,94.354,59.857,39.629,20.924,10.984,5.383
4.55333,131.024,111.892,94.491,59.906,39.639,20.959,11.002,5.408
4.55667,131.105,112.020,94.622,59.913,39.753,20.992,10.980,5.390
4.56000,131.198,112.019,94.713,59.952,39.755,21.055,11.051,5.383
4.56333,131.436,112.162,94.764,60.027,39.787,21.035,11.016,5.400
4.56667,131.493,112.277,94.864,60.072,39.786,21.089,11.006,5.369
4.57000,131.649,112.326,94.941,60.131,39.777,21.050,11.084,5.409
4.57333,131.671,112.442,95.044,60.206,39.887,21.136,11.034,5.366
4.57667,131.918,112.610,95.110,60.275,39.900,21.143,11.050,5.433
4.58000,131.993,112.747,95.168,60.300,39.945,21.176,11.061,5.424
4.58333,132.052,112.796,95.293,60.310,39.963,21.180,11.062,5.511
4.58667,132.216,112.882,95.374,60.378,39.991,21.206,11.065,5.458
4.59000,132.316,112.974,95.498,60.522,40.069,21.214,11.155,5.421
4.59333,132.500,113.069,95.583,60.532,40.052,21.250,11.135,5.488
4.59667,132.600,113.190,95.674,60.571,40.125,21.315,11.159,5.428
4.60000,132.706,113.352,95.734,60.699,40.187,21.230,11.107,5.441
4.60333,132.885,113.397,95.798,60.741,40.162,21.277,11.192,5.509
4.60667,132.921,113.583,95.866,60.762,40.215,21.323,11.178,5.415
4.61000,133.104,113.634,95.985,60.845,40.259,21.310,11.193,5.435
4.61333,133.224,113.745,96.077,60.848,40.314,21.411,11.208,5.530
4.61667,133.293,113.819,96.143,60.923,40.413,21.384,11.222,5.506
4.62000,133.502,113.851,96.287,60.941,40.387,21.439,11.221,5.474
4.62333,133.612,114.059,96.354,60.953,40.485,21.383,11.229,5.510
4.62667,133.679,114.136,96.449,61.105,40.418,21.419,11.204,5.545
4.63000,133.827,114.313,96.594,61.179,40.449,21.443,11.168,5.523
4.63333,133.953,114.395,96.630,61.195,40.517,21.431,11.237,5.518
4.63667,134.039,114.453,96.720,61.289,40.607,21.504,11.315,5.509
4.64000,134.179,114.567,96.835,61.286,40.576,21.483,11.302,5.515
4.64333,134.237,114.648,96.881,61.389,40.710,21.524,11.267,5.532
4.64667,134.505,114.738,96.990,61.398,40.736,21.509,11.275,5.551
4.65000,134.560,114.898,97.029,61.485,40.749,21.570,11.326,5.522
4.65333,134.666,115.004,97.214,61.509,40.772,21.571,11.282,5.580
4.65667,134.809,115.084,97.236,61.558,40.778,21.617,11.384,5.493
4.66000,134.945,115.188,97.345,61.637,40.790,21.639,11.360,5.581
4.66333,135.069,115.293,97.401,61.686,40.863,21.642,11.363,5.544
4.66667,135.138,115.398,97.485,61.791,40.956,21.659,11.292,5.471
4.67000,135.319,115.520,97.514,61.801,40.965,21.688,11.388,5.574
4.67333,135.370,115.638,97.698,61.856,41.004,21.705,11.429,5.506
4.67667,135.585,115.736,97.701,61.957,40.955,21.768,11.405,5.545
4.68000,135.653,115.821,97.898,62.007,40.989,21.749,11.459,5.552
4.68333,135.745,115.981,97.942,62.092,41.072,21.779,11.399,5.587
4.68667,135.931,116.058,98.027,62.057,41.198,21.819,11.415,5.606
4.69000,136.009,116.158,98.085,62.150,41.160,21.841,11.445,5.562
4.69333,136.143,116.253,98.186,62.153,41.203,21.875,11.462,5.614
4.69667,136.270,116.343,98.324,62.181,41.228,21.925,11.490,5.607
4.70000,136.415,116.440,98.403,62.235,41.223,21.866,11.478,5.627
4.70333,136.458,116.589,98.516,62.329,41.315,21.889,11.470,5.569
4.70667,136.630,116.631,98.570,62.463,41.364,21.909,11.491,5.628
4.71000,136.744,116.764,98.703,62.487,41.426,21.916,11.504,5.663
4.71333,136.865,116.935,98.808,62.516,41.467,22.035,11.529,5.554
4.71667,137.036,116.972,98.798,62.588,41.440,22.009,11.483,5.583
4.72000,137.104,117.067,98.907,62.646,41.474,21.996,11.513,5.611
4.72333,137.289,117.167,99.045,62.693,41.558,22.049,11.536,5.624
4.72667,137.309,117.310,99.143,62.704,41.587,22.003,11.596,5.680
4.73000,137.468,117.419,99.160,62.753,41.644,22.100,11.584,5.598
4.73333,137.618,117.548,99.274,62.813,41.619,22.026,11.602,5.590
4.73667,137.746,117.607,99.338,62.978,41.732,22.074,11.583,5.637
4.74000,137.889,117.694,99.431,62.978,41.751,22.120,11.600,5.699
4.74333,137.974,117.792,99.525,63.057,41.726,22.130,11.642,5.615
4.74667,138.093,117.961,99.578,63.064,41.779,22.226,11.639,5.687
4.75000,138.227,118.082,99.733,63.116,41.822,22.210,11.651,5.733
4.75333,138.308,118.182,99.778,63.208,41.812,22.187,11.676,5.724
4.75667,138.478,118.294,99.890,63.255,41.921,22.197,11.601,5.679
4.76000,138.680,118.339,100.033,63.306,41.933,22.285,11.673,5.701
4.76333,138.681,118.464,100.042,63.330,41.958,22.300,11.668,5.677
4.76667,138.873,118.550,100.154,63.371,42.002,22.291,11.734,5.720
4.77000,139.065,118.683,100.299,63.468,42.025,22.328,11.696,5.706
4.77333,139.042,118.777,100.337,63.524,42.115,22.382,11.740,5.693
4.77667,139.209,118.886,100.413,63.526,42.093,22.308,11.742,5.757
4.78000,139.338,118.993,100.508,63.583,42.236,22.319,11.746,5.705
4.78333,139.510,119.042,100.606,63.722,42.160,22.397,11.723,5.726
4.78667,139.599,119.163,100.695,63.792,42.179,22.420,11.791,5.667
4.79000,139.709,119.271,100.803,63.813,42.254,22.359,11.778,5.729
4.79333,139.808,119.490,100.828,63.817,42.269,22.506,11.766,5.769
4.79667,139.957,119.471,100.931,63.885,42.331,22.474,11.776,5.739
4.80000,140.092,119.599,101.005,64.033,42.401,22.543,11.773,5.751
4.80333,140.245,119.777,101.069,63.990,42.449,22.557,11.776,5.773
4.80667,140.292,119.849,101.218,64.132,42.496,22.457,11.819,5.690
4.81000,140.436,119.896,101.352,64.215,42.508,22.543,11.834,5.687
4.81333,140.609,120.015,101.369,64.212,42.494,22.591,11.851,5.737
4.81667,140.667,120.134,101.514,64.184,42.602,22.644,11.884,5.706
4.82000,140.821,120.282,101.540,64.369,42.641,22.590,11.839,5.830
4.82333,140.916,120.359,101.622,64.373,42.709,22.607,11.908,5.794
4.82667,141.017,120.446,101.746,64.431,42.637,22.582,11.939,5.837
4.83000,141.198,120.570,101.892,64.483,42.741,22.676,11.903,5.804
4.83333,141.354,120.612,102.003,64.551,42.756,22.622,11.885,5.809
4.83667,141.393,120.750,102.028,64.529,42.827,22.737,11.932,5.817
4.84000,141.586,120.826,102.124,64.600,42.839,22.762,11.945,5.780
4.84333,141.730,120.983,102.191,64.638,42.819,22.783,11.900,5.881
4.84667,141.780,121.138,102.215,64.742,42.923,22.717,12.019,5.789
4.85000,141.903,121.193,102.332,64.803,42.972,22.783,11.944,5.866
4.85333,141.968,121.378,102.445,64.837,43.012,22.840,11.976,5.796
4.85667,142.195,121.390,102.538,64.874,43.006,22.876,11.975,5.850
4.86000,142.274,121.450,102.621,64.915,43.054,22.907,11.985,5.874
4.86333,142.440,121.559,102.735,64.960,43.082,22.884,11.974,5.877
4.86667,142.513,121.749,102.782,65.096,43.156,22.925,12.073,5.859
4.87000,142.626,121.830,102.932,65.143,43.188,22.918,11.975,5.846
4.87333,142.762,121.853,102.942,65.244,43.181,22.929,12.112,5.872
4.87667,142.923,122.022,103.026,65.243,43.225,22.928,12.070,5.871
4.88000,142.993,122.086,103.180,65.235,43.277,23.002,12.045,5.799
4.88333,143.070,122.265,103.302,65.333,43.279,23.012,12.121,5.879
4.88667,143.274,122.367,103.337,65.412,43.376,23.011,12.102,5.910
4.89000,143.347,122.461,103.475,65.431,43.368,23.075,12.090,5.893
4.89333,143.484,122.591,103.501,65.564,43.427,23.082,12.128,5.887
4.89667,143.674,122.574,103.549,65.578,43.484,23.104,12.113,5.904
4.90000,143.755,122.727,103.701,65.625,43.512,23.054,12.075,5.854
4.90333,143.892,122.816,103.714,65.612,43.655,23.146,12.147,5.998
4.90667,143.916,123.017,103.844,65.773,43.569,23.060,12.176,5.990
4.91000,144.089,123.089,103.984,65.771,43.603,23.174,12.103,5.963
4.91333,144.181,123.215,104.088,65.865,43.627,23.214,12.213,5.963
4.91667,144.362,123.298,104.156,65.844,43.687,23.168,12.227,6.005
4.92000,144.517,123.413,104.211,65.901,43.710,23.188,12.222,5.963
4.92333,144.592,123.502,104.322,66.066,43.734,23.221,12.248,5.913
4.92667,144.765,123.539,104.358,66.063,43.809,23.251,12.160,5.905
4.93000,144.832,123.685,104.451,66.136,43.856,23.270,12.308,5.954
4.93333,144.976,123.784,104.561,66.171,43.916,23.334,12.245,5.933
4.93667,145.012,123.868,104.685,66.235,43.916,23.343,12.262,5.962
4.94000,145.196,124.004,104.776,66.218,43.897,23.302,12.278,6.071
4.94333,145.326,124.135,104.789,66.342,43.947,23.341,12.232,5.904
4.94667,145.460,124.233,104.961,66.346,44.010,23.344,12.339,5.941
4.95000,145.612,124.273,105.022,66.533,44.032,23.490,12.264,5.973
4.95333,145.678,124.407,105.128,66.466,44.075,23.408,12.251,5.961
4.95667,145.802,124.481,105.167,66.590,44.110,23.451,12.335,5.954
4.96000,145.922,124.613,105.278,66.681,44.181,23.438,12.371,6.009
4.96333,146.035,124.700,105.366,66.686,44.169,23.537,12.334,5.999
4.96667,146.193,124.823,105.441,66.743,44.238,23.522,12.404,6.019
4.97000,146.248,124.962,105.544,66.808,44.211,23.557,12.351,5.982
4.97333,146.420,125.068,105.602,66.854,44.357,23.553,12.390,6.019
4.97667,146.576,125.144,105.767,66.927,44.296,23.538,12.370,6.052
4.98000,146.653,125.244,105.846,66.963,44.423,23.595,12.415,6.008
4.98333,146.792,125.372,105.905,67.028,44.420,23.640,12.436,6.057
4.98667,146.859,125.434,106.011,67.089,44.411,23.602,12.416,6.012
4.99000,146.991,125.548,106.073,67.113,44.499,23.657,12.408,6.051
4.99333,147.178,125.624,106.186,67.101,44.488,23.677,12.482,6.085
4.99667,147.313,125.749,106.279,67.210,44.635,23.716,12.519,5.966
5.00000,147.450,125.928,106.346,67.230,44.586,23.727,12.495,6.061
5.00333,147.519,125.983,106.455,67.316,44.613,23.748,12.490,6.035
5.00667,147.675,126.126,106.472,67.391,44.715,23.738,12.473,6.000
5.01000,147.688,126.193,106.646,67.464,44.784,23.723,12.504,6.066
5.01333,147.838,126.357,106.692,67.458,44.692,23.744,12.546,6.129
5.01667,147.972,126.389,106.749,67.595,44.765,23.794,12.470,6.097
5.02000,148.129,126.501,106.864,67.622,44.853,23.833,12.561,6.104
5.02333,148.331,126.616,106.955,67.528,44.837,23.837,12.533,6.127
5.02667,148.392,126.695,106.940,67.717,44.907,23.863,12.602,6.113
5.03000,148.479,126.811,107.143,67.799,44.996,23.874,12.592,6.132
5.03333,148.609,126.921,107.219,67.789,44.903,23.914,12.555,6.110
5.03667,148.713,127.043,107.279,67.890,45.032,24.004,12.540,6.061
5.04000,148.911,127.075,107.350,67.898,45.012,23.885,12.570,6.079
5.04333,148.972,127.241,107.465,68.043,45.075,23.967,12.615,6.163
5.04667,149.042,127.307,107.573,68.104,45.080,23.982,12.611,6.130
5.05000,149.272,127.414,107.666,68.078,45.097,24.005,12.606,6.103
5.05333,149.356,127.540,107.715,68.145,45.207,24.021,12.615,6.123
5.05667,149.454,127.665,107.802,68.172,45.207,24.013,12.634,6.159
5.06000,149.604,127.714,107.860,68.205,45.219,24.056,12.747,6.170
5.06333,149.767,127.842,107.977,68.328,45.260,24.049,12.677,6.094
5.06667,149.810,127.971,108.098,68.351,45.298,24.161,12.734,6.120
5.07000,149.920,128.038,108.259,68.473,45.367,24.147,12.731,6.189
5.07333,150.066,128.152,108.257,68.455,45.417,24.139,12.722,6.167
5.07667,150.207,128.302,108.380,68.580,45.414,24.151,12.712,6.180
5.08000,150.297,128.350,108.427,68.555,45.441,24.202,12.758,6.155
5.08333,150.397,128.585,108.487,68.604,45.515,24.241,12.701,6.106
5.08667,150.613,128.556,108.553,68.732,45.541,24.242,12.719,6.227
5.09000,150.686,128.668,108.650,68.810,45.634,24.273,12.744,6.152
5.09333,150.842,128.779,108.788,68.780,45.625,24.287,12.789,6.199
5.09667,150.923,128.869,108.904,68.896,45.657,24.238,12.827,6.187
5.10000,151.081,128.950,109.022,68.931,45.692,24.314,12.816,6.173
5.10333,151.147,129.039,109.024,68.934,45.776,24.319,12.860,6.171
5.10667,151.227,129.183,109.147,69.038,45.790,24.322,12.769,6.156
5.11000,151.393,129.245,109.284,69.127,45.802,24.408,12.818,6.254
5.11333,151.522,129.386,109.374,69.138,45.839,24.377,12.847,6.239
5.11667,151.663,129.499,109.340,69.264,45.871,24.439,12.875,6.176
5.12000,151.809,129.649,109.482,69.241,45.933,24.463,12.832,6.166
5.12333,151.913,129.808,109.592,69.299,45.987,24.445,12.858,6.233
5.12667,151.951,129.868,109.651,69.358,46.002,24.506,12.916,6.299
5.13000,152.089,129.888,109.793,69.384,46.060,24.439,12.931,6.250
5.13333,152.256,130.068,109.884,69.418,46.052,24.485,12.891,6.260
5.13667,152.350,130.141,109.950,69.537,46.089,24.518,12.922,6.284
5.14000,152.550,130.212,110.011,69.582,46.109,24.575,12.932,6.226
5.14333,152.601,130.376,110.112,69.584,46.162,24.598,12.974,6.228
5.14667,152.702,130.560,110.211,69.671,46.183,24.629,12.965,6.313
5.15000,152.852,130.539,110.193,69.708,46.203,24.605,12.983,6.322
5.15333,152.986,130.567,110.418,69.762,46.319,24.670,12.938,6.239
5.15667,153.071,130.751,110.416,69.851,46.266,24.674,12.938,6.275
5.16000,153.227,130.866,110.555,69.931,46.370,24.682,12.936,6.315
5.16333,153.343,130.969,110.586,69.976,46.520,24.680,12.994,6.293
5.16667,153.426,130.996,110.695,69.930,46.466,24.723,12.987,6.302
5.17000,153.546,131.205,110.796,70.132,46.446,24.745,12.972,6.265
5.17333,153.720,131.286,110.850,70.134,46.541,24.807,13.070,6.311
5.17667,153.806,131.335,110.964,70.170,46.566,24.852,13.112,6.260
5.18000,153.890,131.443,111.027,70.215,46.541,24.741,13.061,6.336
5.18333,154.040,131.642,111.189,70.268,46.613,24.823,13.067,6.369
5.18667,154.218,131.641,111.253,70.275,46.700,24.843,13.138,6.318
5.19000,154.290,131.757,111.356,70.401,46.690,24.908,13.037,6.339
5.19333,154.358,131.861,111.439,70.416,46.744,24.814,13.122,6.248
5.19667,154.535,131.971,111.524,70.535,46.738,24.862,13.141,6.366
5.20000,154.588,132.056,111.594,70.539,46.870,24.923,13.144,6.361
5.20333,154.786,132.208,111.702,70.611,46.803,24.908,13.184,6.369
5.20667,154.921,132.286,111.692,70.700,46.873,24.910,13.171,6.296
5.21000,155.027,132.363,111.855,70.816,46.889,24.977,13.135,6.367
5.21333,155.141,132.521,111.902,70.678,46.909,24.950,13.191,6.346
5.21667,155.299,132.571,112.015,70.820,46.996,25.040,13.146,6.346
5.22000,155.378,132.695,112.104,70.852,47.022,25.045,13.124,6.442
5.22333,155.510,132.845,112.163,70.934,47.104,25.043,13.228,6.361
5.22667,155.591,132.910,112.274,70.926,47.090,25.066,13.204,6.312
5.23000,155.666,133.079,112.391,71.056,47.097,25.084,13.183,6.339
5.23333,155.816,133.119,112.473,71.113,47.205,25.098,13.261,6.343
5.23667,155.981,133.249,112.501,71.135,47.185,25.197,13.232,6.323
5.24000,156.069,133.309,112.627,71.198,47.252,25.195,13.231,6.441
5.24333,156.230,133.433,112.776,71.210,47.302,25.202,13.260,6.502
5.24667,156.322,133.522,112.834,71.324,47.278,25.208,13.303,6.429
5.25000,156.378,133.648,112.834,71.410,47.243,25.171,13.281,6.388
5.25333,156.591,133.749,112.984,71.432,47.400,25.240,13.322,6.461
5.25667,156.691,133.794,113.011,71.485,47.401,25.284,13.246,6.394
5.26000,156.826,133.930,113.098,71.513,47.439,25.291,13.281,6.430
5.26333,156.937,134.134,113.265,71.587,47.495,25.294,13.306,6.470
5.26667,157.038,134.091,113.363,71.625,47.563,25.352,13.365,6.494
5.27000,157.198,134.275,113.389,71.707,47.542,25.334,13.385,6.388
5.27333,157.309,134.365,113.536,71.766,47.542,25.341,13.323,6.413
5.27667,157.385,134.387,113.641,71.809,47.610,25.466,13.392,6.435
5.28000,157.562,134.591,113.724,71.868,47.676,25.411,13.388,6.495
5.28333,157.695,134.612,113.709,71.969,47.669,25.358,13.382,6.510
5.28667,157.760,134.753,113.830,71.943,47.703,25.430,13.388,6.450
5.29000,157.843,134.860,113.911,71.967,47.736,25.400,13.412,6.513
5.29333,157.984,135.002,114.006,72.072,47.776,25.427,13.407,6.499
5.29667,158.131,135.044,114.085,72.083,47.804,25.509,13.408,6.494
5.30000,158.219,135.204,114.135,72.193,47.847,25.442,13.449,6.457
5.30333,158.426,135.235,114.234,72.238,48.027,25.470,13.391,6.443
5.30667,158.450,135.434,114.354,72.315,47.940,25.576,13.467,6.510
5.31000,158.605,135.470,114.434,72.328,48.017,25.555,13.520,6.467
5.31333,158.756,135.520,114.489,72.380,48.016,25.594,13.547,6.518
5.31667,158.844,135.670,114.541,72.466,48.006,25.631,13.513,6.502
5.32000,158.985,135.768,114.766,72.486,48.075,25.639,13.515,6.447
5.32333,159.058,135.920,114.714,72.555,48.087,25.578,13.508,6.540
5.32667,159.220,135.942,114.895,72.619,48.174,25.681,13.515,6.568
5.33000,159.351,136.120,114.904,72.632,48.151,25.647,13.574,6.534
5.33333,159.419,136.214,115.017,72.752,48.261,25.687,13.475,6.570
5.33667,159.542,136.244,115.141,72.771,48.271,25.704,13.543,6.477
5.34000,159.677,136.436,115.124,72.864,48.280,25.777,13.574,6.523
5.34333,159.775,136.487,115.269,72.860,48.371,25.739,13.599,6.594
5.34667,159.944,136.649,115.386,72.873,48.371,25.811,13.586,6.571
5.35000,160.083,136.702,115.480,72.984,48.367,25.796,13.658,6.581
5.35333,160.196,136.792,115.601,73.057,48.450,25.845,13.610,6.514
5.35667,160.316,136.894,115.654,73.066,48.487,25.834,13.599,6.617
5.36000,160.466,137.035,115.774,73.178,48.523,25.825,13.628,6.586
5.36333,160.505,137.063,115.756,73.200,48.610,25.898,13.594,6.563
5.36667,160.629,137.193,115.913,73.355,48.601,25.927,13.630,6.579
5.37000,160.710,137.333,115.994,73.355,48.644,25.931,13.680,6.625
5.37333,160.885,137.381,116.119,73.357,48.601,26.058,13.635,6.565
5.37667,161.023,137.474,116.157,73.436,48.742,25.993,13.656,6.619
5.38000,161.128,137.658,116.300,73.427,48.711,25.969,13.731,6.639
5.38333,161.185,137.719,116.319,73.492,48.723,25.941,13.683,6.608
5.38667,161.329,137.867,116.448,73.593,48.807,26.032,13.781,6.567
5.39000,161.418,137.894,116.468,73.661,48.872,25.996,13.793,6.650
5.39333,161.534,137.967,116.533,73.644,48.919,26.036,13.720,6.613
5.39667,161.645,138.117,116.676,73.763,48.928,26.051,13.814,6.665
5.40000,161.808,138.236,116.714,73.768,48.957,26.098,13.757,6.634
5.40333,161.931,138.306,116.817,73.836,48.940,26.096,13.746,6.667
5.40667,162.064,138.403,116.909,73.901,49.101,26.137,13.744,6.586
5.41000,162.196,138.518,117.033,73.920,49.107,26.162,13.808,6.638
5.41333,162.226,138.652,117.104,73.976,49.069,26.196,13.859,6.606
5.41667,162.392,138.689,117.189,74.117,49.098,26.211,13.881,6.644
5.42000,162.524,138.804,117.240,74.046,49.168,26.181,13.861,6.758
5.42333,162.609,138.945,117.291,74.117,49.172,26.212,13.927,6.649
5.42667,162.767,139.066,117.474,74.236,49.208,26.284,13.921,6.700
5.43000,162.883,139.130,117.468,74.256,49.232,26.319,13.836,6.647
5.43333,162.953,139.163,117.514,74.297,49.287,26.284,13.908,6.618
5.43667,163.108,139.318,117.641,74.410,49.317,26.313,13.921,6.696
5.44000,163.174,139.428,117.753,74.447,49.400,26.400,13.849,6.672
5.44333,163.331,139.574,117.876,74.552,49.393,26.347,13.865,6.647
5.44667,163.391,139.632,117.878,74.495,49.391,26.394,13.921,6.701
5.45000,163.592,139.714,117.996,74.541,49.528,26.410,13.950,6.715
5.45333,163.702,139.838,118.085,74.600,49.469,26.469,13.991,6.715
5.45667,163.847,140.029,118.181,74.634,49.587,26.480,13.936,6.663
5.46000,163.922,140.034,118.289,74.747,49.591,26.532,13.915,6.719
5.46333,164.036,140.109,118.361,74.774,49.639,26.452,14.024,6.664
5.46667,164.168,140.277,118.425,74.826,49.716,26.494,13.990,6.758
5.47000,164.274,140.358,118.464,74.891,49.673,26.532,14.044,6.731
5.47333,164.333,140.387,118.604,74.926,49.750,26.488,13.963,6.752
5.47667,164.505,140.534,118.710,75.020,49.751,26.563,14.042,6.782
5.48000,164.656,140.597,118.800,75.147,49.841,26.595,13.985,6.816
5.48333,164.761,140.734,118.787,75.175,49.826,26.567,14.059,6.779
5.48667,164.856,140.884,118.966,75.143,49.884,26.546,14.021,6.734
5.49000,164.948,140.931,118.947,75.254,49.919,26.642,14.077,6.800
5.49333,165.036,141.110,119.079,75.285,49.908,26.686,14.109,6.729
5.49667,165.215,141.123,119.230,75.358,49.980,26.656,14.048,6.808
5.50000,165.341,141.210,119.194,75.401,49.981,26.654,14.084,6.742
5.50333,165.400,141.294,119.365,75.423,50.119,26.700,14.121,6.737
5.50667,165.510,141.412,119.456,75.497,50.020,26.715,14.103,6.783
5.51000,165.721,141.556,119.513,75.583,50.147,26.813,14.103,6.782
5.51333,165.773,141.640,119.651,75.594,50.153,26.802,14.202,6.783
5.51667,165.905,141.682,119.700,75.616,50.160,26.744,14.208,6.834
5.52000,166.040,141.857,119.806,75.683,50.234,26.845,14.137,6.876
5.52333,166.113,141.927,119.902,75.755,50.219,26.868,14.208,6.796
5.52667,166.250,142.042,119.941,75.817,50.288,26.897,14.199,6.794
5.53000,166.425,142.116,119.994,75.916,50.371,26.897,14.222,6.875
5.53333,166.520,142.174,120.159,75.888,50.353,26.897,14.227,6.805
5.53667,166.606,142.324,120.182,76.004,50.339,26.933,14.160,6.798
5.54000,166.702,142.425,120.270,75.931,50.471,26.993,14.222,6.853
5.54333,166.853,142.497,120.339,76.091,50.464,26.910,14.222,6.821
5.54667,166.926,142.603,120.461,76.166,50.488,26.947,14.222,6.831
5.55000,167.084,142.734,120.547,76.099,50.604,26.982,14.292,6.825
5.55333,167.190,142.863,120.585,76.240,50.609,26.979,14.214,6.853
5.55667,167.325,142.939,120.684,76.282,50.653,26.961,14.319,6.828
5.56000,167.425,142.973,120.750,76.360,50.613,27.019,14.286,6.846
5.56333,167.550,143.151,120.864,76.406,50.674,27.058,14.284,6.842
5.56667,167.642,143.176,121.024,76.426,50.750,27.035,14.287,6.843
5.57000,167.802,143.302,120.988,76.580,50.719,27.068,14.344,6.937
5.57333,167.933,143.378,121.164,76.574,50.815,27.068,14.353,6.871
5.57667,167.905,143.487,121.184,76.553,50.801,27.200,14.252,6.850
5.58000,168.071,143.607,121.264,76.591,50.857,27.170,14.309,6.897
5.58333,168.152,143.722,121.345,76.697,50.895,27.078,14.324,6.859
5.58667,168.387,143.847,121.422,76.777,50.926,27.175,14.366,6.899
5.59000,168.503,143.883,121.527,76.816,50.945,27.128,14.384,6.904
5.59333,168.519,144.025,121.640,76.884,50.955,27.231,14.350,6.847
5.59667,168.679,144.082,121.790,76.878,51.035,27.241,14.420,6.939
5.60000,168.827,144.202,121.834,76.930,51.061,27.221,14.364,6.941
5.60333,168.896,144.323,121.865,76.990,51.167,27.254,14.470,6.870
5.60667,169.006,144.425,121.971,76.985,51.160,27.313,14.393,6.887
5.61000,169.113,144.454,121.997,77.157,51.146,27.374,14.488,6.931
5.61333,169.260,144.549,122.130,77.208,51.162,27.375,14.473,6.983
5.61667,169.432,144.671,122.267,77.220,51.266,27.378,14.456,6.948
5.62000,169.519,144.826,122.336,77.216,51.265,27.362,14.513,6.927
5.62333,169.641,144.850,122.333,77.231,51.271,27.442,14.489,7.019
5.62667,169.709,145.028,122.499,77.403,51.333,27.425,14.425,6.933
5.63000,169.871,145.062,122.513,77.393,51.360,27.448,14.451,6.960
5.63333,169.992,145.181,122.589,77.457,51.398,27.433,14.542,6.984
5.63667,170.042,145.355,122.638,77.551,51.454,27.455,14.600,7.041
5.64000,170.210,145.409,122.800,77.571,51.486,27.526,14.515,6.990
5.64333,170.268,145.452,122.886,77.597,51.534,27.480,14.551,6.960
5.64667,170.379,145.643,122.937,77.724,51.560,27.469,14.484,6.981
5.65000,170.510,145.671,122.977,77.777,51.601,27.566,14.586,6.964
5.65333,170.641,145.776,123.080,77.821,51.592,27.600,14.582,7.002
5.65667,170.832,145.917,123.179,77.838,51.622,27.600,14.622,7.039
5.66000,170.809,145.971,123.304,77.905,51.692,27.587,14.634,6.987
5.66333,170.977,146.049,123.349,77.912,51.679,27.657,14.659,7.020
5.66667,171.138,146.114,123.468,78.034,51.781,27.710,14.615,6.961
5.67000,171.215,146.212,123.532,78.062,51.735,27.706,14.661,6.977
5.67333,171.286,146.380,123.609,78.083,51.867,27.672,14.605,7.027
5.67667,171.478,146.467,123.761,78.181,51.881,27.638,14.650,6.984
5.68000,171.587,146.579,123.740,78.212,51.875,27.705,14.630,6.996
5.68333,171.658,146.651,123.860,78.262,51.927,27.754,14.665,6.946
5.68667,171.756,146.768,123.897,78.258,52.008,27.793,14.621,6.965
5.69000,171.861,146.810,124.041,78.380,52.024,27.744,14.671,7.038
5.69333,172.013,146.924,124.087,78.405,52.020,27.733,14.640,7.010
5.69667,172.100,147.035,124.172,78.481,52.109,27.839,14.707,7.050
5.70000,172.229,147.163,124.263,78.536,52.093,27.803,14.662,6.987
5.70333,172.358,147.299,124.320,78.553,52.125,27.818,14.731,7.051
5.70667,172.414,147.382,124.430,78.614,52.185,27.865,14.771,7.084
5.71000,172.641,147.463,124.524,78.610,52.159,27.865,14.745,7.090
5.71333,172.647,147.502,124.571,78.727,52.255,27.946,14.791,6.999
5.71667,172.780,147.631,124.629,78.737,52.345,27.979,14.829,7.082
5.72000,172.889,147.732,124.795,78.801,52.234,27.948,14.747,7.100
5.72333,173.058,147.873,124.849,78.884,52.364,27.986,14.824,6.994
5.72667,173.189,147.913,124.865,78.894,52.421,27.961,14.761,7.066
5.73000,173.273,148.033,124.912,78.995,52.383,28.055,14.826,7.121
5.73333,173.405,148.066,125.042,78.988,52.459,28.013,14.835,7.046
5.73667,173.399,148.224,125.147,79.076,52.433,28.065,14.806,7.076
5.74000,173.597,148.322,125.124,79.153,52.484,28.044,14.828,7.082
5.74333,173.641,148.399,125.336,79.169,52.549,28.047,14.879,7.162
5.74667,173.890,148.442,125.458,79.301,52.512,28.152,14.902,7.097
5.75000,173.940,148.598,125.464,79.272,52.654,28.156,14.890,7.166
5.75333,174.004,148.728,125.603,79.319,52.656,28.117,14.866,7.075
5.75667,174.183,148.776,125.580,79.343,52.709,28.182,14.907,7.085
5.76000,174.264,148.906,125.716,79.396,52.698,28.148,14.969,7.142
5.76333,174.415,149.046,125.784,79.453,52.741,28.227,14.919,7.136
5.76667,174.460,149.101,125.895,79.512,52.785,28.127,14.945,7.182
5.77000,174.632,149.126,125.982,79.530,52.803,28.290,14.901,7.134
5.77333,174.670,149.343,126.026,79.646,52.831,28.250,14.960,7.137
5.77667,174.793,149.369,126.172,79.669,52.922,28.337,14.936,7.161
5.78000,174.942,149.459,126.246,79.671,52.913,28.311,14.997,7.122
5.78333,175.106,149.544,126.228,79.781,52.902,28.363,14.981,7.178
5.78667,175.165,149.637,126.442,79.805,53.017,28.357,14.942,7.129
5.79000,175.296,149.740,126.438,79.926,53.065,28.309,14.981,7.175
5.79333,175.364,149.858,126.490,79.946,53.067,28.346,15.067,7.125
5.79667,175.434,149.922,126.572,80.027,53.135,28.360,15.014,7.138
5.80000,175.600,150.028,126.733,80.050,53.149,28.381,15.028,7.189
5.80333,175.646,150.121,126.801,80.079,53.086,28.420,15.061,7.115
5.80667,175.825,150.249,126.923,80.166,53.196,28.388,15.033,7.223
5.81000,175.961,150.337,126.941,80.143,53.181,28.511,15.103,7.112
5.81333,176.028,150.446,127.048,80.258,53.213,28.452,15.091,7.200
5.81667,176.170,150.509,127.082,80.303,53.222,28.435,15.066,7.220
5.82000,176.298,150.596,127.170,80.279,53.273,28.500,15.063,7.227
5.82333,176.417,150.735,127.260,80.459,53.362,28.548,15.156,7.218
5.82667,176.500,150.787,127.299,80.458,53.407,28.594,15.129,7.183
5.83000,176.592,150.923,127.417,80.529,53.402,28.556,15.157,7.227
5.83333,176.761,150.972,127.490,80.534,53.453,28.496,15.088,7.161
5.83667,176.875,151.057,127.617,80.613,53.524,28.600,15.213,7.230
5.84000,176.974,151.153,127.636,80.546,53.481,28.669,15.164,7.252
5.84333,177.086,151.285,127.840,80.692,53.561,28.592,15.207,7.219
5.84667,177.183,151.348,127.817,80.776,53.582,28.644,15.212,7.272
5.85000,177.277,151.536,127.892,80.835,53.566,28.659,15.137,7.264
5.85333,177.381,151.597,127.918,80.814,53.672,28.680,15.222,7.234
5.85667,177.538,151.666,128.123,80.912,53.702,28.694,15.222,7.318
5.86000,177.679,151.827,128.157,80.870,53.789,28.756,15.210,7.232
5.86333,177.692,151.831,128.281,81.000,53.760,28.739,15.217,7.255
5.86667,177.837,151.964,128.367,81.041,53.837,28.727,15.256,7.353
5.87000,177.917,152.107,128.385,81.063,53.845,28.760,15.194,7.324
5.87333,178.142,152.123,128.501,81.124,53.867,28.865,15.252,7.321
5.87667,178.167,152.225,128.611,81.193,53.920,28.798,15.281,7.269
5.88000,178.296,152.297,128.661,81.216,53.963,28.815,15.337,7.243
5.88333,178.399,152.461,128.683,81.332,53.954,28.835,15.234,7.300
5.88667,178.571,152.548,128.858,81.365,53.986,28.855,15.295,7.348
5.89000,178.617,152.636,128.870,81.405,54.023,28.899,15.323,7.294
5.89333,178.777,152.730,128.936,81.464,54.061,28.937,15.302,7.253
5.89667,178.867,152.790,129.026,81.459,54.107,28.979,15.316,7.375
5.90000,179.001,152.846,129.201,81.479,54.115,28.979,15.336,7.328
5.90333,179.104,153.066,129.195,81.595,54.188,28.987,15.353,7.299
5.90667,179.170,153.107,129.307,81.661,54.134,29.016,15.299,7.347
5.91000,179.311,153.179,129.368,81.669,54.231,29.030,15.363,7.273
5.91333,179.356,153.275,129.369,81.748,54.295,29.013,15.370,7.362
5.91667,179.513,153.350,129.491,81.814,54.277,28.998,15.336,7.298
5.92000,179.574,153.458,129.609,81.825,54.337,29.109,15.427,7.372
5.92333,179.766,153.574,129.697,81.917,54.395,29.098,15.358,7.313
5.92667,179.858,153.639,129.772,81.935,54.402,29.152,15.414,7.337
5.93000,179.938,153.744,129.890,82.001,54.461,29.080,15.434,7.390
5.93333,180.043,153.889,129.886,82.039,54.450,29.186,15.459,7.369
5.93667,180.157,153.983,129.978,82.127,54.528,29.184,15.436,7.323
5.94000,180.252,154.033,130.146,82.131,54.514,29.142,15.384,7.354
5.94333,180.300,154.146,130.177,82.161,54.546,29.143,15.506,7.359
5.94667,180.473,154.233,130.207,82.265,54.576,29.184,15.524,7.359
5.95000,180.645,154.351,130.340,82.297,54.635,29.269,15.473,7.424
5.95333,180.724,154.417,130.418,82.331,54.601,29.251,15.542,7.447
5.95667,180.836,154.434,130.446,82.353,54.705,29.236,15.544,7.392
5.96000,180.987,154.614,130.559,82.442,54.741,29.339,15.542,7.441
5.96333,181.067,154.735,130.635,82.485,54.700,29.287,15.535,7.393
5.96667,181.179,154.814,130.653,82.556,54.868,29.339,15.546,7.461
5.97000,181.261,154.868,130.837,82.608,54.887,29.260,15.580,7.397
5.97333,181.390,154.906,130.905,82.632,54.830,29.400,15.592,7.433
5.97667,181.522,155.042,130.972,82.671,54.907,29.319,15.590,7.370
5.98000,181.589,155.187,131.041,82.771,55.015,29.370,15.531,7.524
5.98333,181.737,155.250,131.063,82.777,54.904,29.404,15.593,7.432
5.98667,181.815,155.313,131.174,82.884,55.009,29.429,15.560,7.423
5.99000,181.966,155.460,131.301,82.888,55.006,29.396,15.622,7.422
5.99333,182.106,155.556,131.309,82.958,55.075,29.470,15.580,7.419
5.99667,182.183,155.619,131.452,82.942,55.118,29.463,15.660,7.439
6.00000,182.194,155.682,131.560,83.013,55.215,29.477,15.646,7.434
6.00333,182.355,155.751,131.536,83.115,55.143,29.550,15.637,7.488
6.00667,182.476,155.959,131.676,83.150,55.240,29.603,15.634,7.448
6.01000,182.596,156.007,131.758,83.135,55.218,29.514,15.673,7.504
6.01333,182.689,156.122,131.847,83.199,55.243,29.573,15.667,7.441
6.01667,182.761,156.210,131.886,83.277,55.311,29.599,15.681,7.460
6.02000,182.924,156.297,131.927,83.297,55.322,29.557,15.721,7.501
6.02333,183.022,156.366,131.998,83.352,55.364,29.638,15.697,7.465
6.02667,183.191,156.430,132.138,83.372,55.327,29.683,15.664,7.455
6.03000,183.211,156.553,132.196,83.468,55.466,29.647,15.768,7.493
6.03333,183.315,156.648,132.262,83.570,55.462,29.669,15.755,7.508
6.03667,183.474,156.779,132.388,83.603,55.464,29.677,15.751,7.493
6.04000,183.626,156.817,132.407,83.686,55.424,29.728,15.793,7.474
6.04333,183.659,156.910,132.421,83.639,55.583,29.764,15.693,7.521
6.04667,183.783,157.056,132.603,83.702,55.615,29.782,15.768,7.484
6.05000,183.897,157.111,132.701,83.827,55.657,29.733,15.782,7.537
6.05333,183.967,157.219,132.740,83.834,55.618,29.839,15.744,7.509
6.05667,184.061,157.339,132.791,83.855,55.724,29.776,15.800,7.560
6.06000,184.274,157.452,132.868,83.962,55.742,29.790,15.795,7.516
6.06333,184.366,157.438,133.033,83.972,55.708,29.875,15.828,7.571
6.06667,184.432,157.604,133.085,84.042,55.849,29.786,15.868,7.483
6.07000,184.477,157.729,133.134,84.103,55.836,29.891,15.880,7.541
6.07333,184.602,157.722,133.160,84.181,55.862,29.908,15.809,7.533
6.07667,184.826,157.907,133.266,84.194,55.899,29.897,15.873,7.587
6.08000,184.834,157.940,133.374,84.284,55.917,29.936,15.941,7.563
6.08333,184.973,157.986,133.509,84.315,55.947,29.999,15.820,7.575
6.08667,185.095,158.146,133.515,84.340,55.956,30.018,15.947,7.603
6.09000,185.167,158.246,133.656,84.392,55.981,29.891,15.941,7.563
6.09333,185.284,158.325,133.772,84.432,56.052,30.073,15.888,7.577
6.09667,185.318,158.360,133.830,84.492,56.060,29.992,15.881,7.571
6.10000,185.563,158.521,133.853,84.524,56.118,30.062,15.916,7.535
6.10333,185.647,158.598,133.905,84.577,56.153,30.008,15.900,7.597
6.10667,185.699,158.699,134.010,84.541,56.124,30.073,15.959,7.546
6.11000,185.826,158.776,134.115,84.658,56.228,30.083,15.991,7.554
6.11333,185.853,158.911,134.105,84.674,56.176,30.095,15.972,7.692
6.11667,186.054,158.951,134.207,84.759,56.285,30.138,16.010,7.598
6.12000,186.121,159.094,134.259,84.763,56.365,30.125,15.980,7.566
6.12333,186.313,159.144,134.339,84.845,56.362,30.201,16.017,7.634
6.12667,186.375,159.259,134.462,84.834,56.375,30.163,16.004,7.617
6.13000,186.435,159.296,134.531,84.977,56.432,30.171,16.057,7.618
6.13333,186.602,159.465,134.659,85.046,56.503,30.266,16.099,7.647
6.13667,186.683,159.530,134.690,85.032,56.458,30.220,16.039,7.671
6.14000,186.804,159.629,134.806,85.105,56.512,30.268,16.036,7.661
6.14333,186.917,159.724,134.819,85.149,56.556,30.228,16.026,7.654
6.14667,187.014,159.793,134.926,85.260,56.544,30.263,16.077,7.614
6.15000,187.078,159.880,134.994,85.257,56.604,30.349,16.061,7.648
6.15333,187.193,159.922,135.136,85.295,56.690,30.356,16.141,7.628
6.15667,187.314,160.066,135.138,85.364,56.659,30.394,16.090,7.691
6.16000,187.464,160.187,135.275,85.337,56.714,30.376,16.087,7.572
6.16333,187.591,160.262,135.351,85.458,56.748,30.413,16.080,7.681
6.16667,187.607,160.308,135.325,85.520,56.791,30.392,16.096,7.660
6.17000,187.771,160.440,135.508,85.498,56.815,30.414,16.081,7.604
6.17333,187.827,160.454,135.558,85.618,56.793,30.426,16.132,7.728
6.17667,187.941,160.626,135.692,85.620,56.790,30.562,16.122,7.732
6.18000,188.039,160.727,135.688,85.692,56.880,30.525,16.134,7.728
6.18333,188.173,160.754,135.771,85.696,56.923,30.515,16.141,7.782
6.18667,188.281,160.882,135.831,85.870,56.971,30.471,16.213,7.728
6.19000,188.372,161.011,135.947,85.800,56.958,30.506,16.179,7.656
6.19333,188.482,161.090,136.061,85.909,57.028,30.581,16.199,7.710
6.19667,188.608,161.117,136.053,85.875,57.040,30.612,16.208,7.644
6.20000,188.675,161.253,136.211,85.964,57.038,30.651,16.155,7.825
6.20333,188.713,161.349,136.182,86.028,57.119,30.594,16.192,7.753
6.20667,188.858,161.420,136.357,86.055,57.118,30.628,16.214,7.659
6.21000,188.981,161.517,136.391,86.080,57.160,30.592,16.334,7.682
6.21333,189.155,161.590,136.488,86.165,57.178,30.620,16.221,7.692
6.21667,189.279,161.712,136.569,86.188,57.281,30.659,16.298,7.798
6.22000,189.387,161.839,136.660,86.270,57.264,30.627,16.298,7.772
6.22333,189.418,161.900,136.745,86.298,57.255,30.765,16.333,7.768
6.22667,189.542,161.980,136.738,86.296,57.361,30.770,16.400,7.731
6.23000,189.669,162.079,136.832,86.403,57.377,30.716,16.286,7.803
6.23333,189.783,162.228,136.919,86.418,57.419,30.754,16.357,7.736
6.23667,189.867,162.174,137.008,86.535,57.369,30.792,16.315,7.769
6.24000,189.970,162.398,137.099,86.556,57.450,30.793,16.364,7.701
6.24333,190.140,162.411,137.166,86.556,57.522,30.742,16.288,7.751
6.24667,190.192,162.439,137.240,86.613,57.510,30.818,16.327,7.761
6.25000,190.320,162.710,137.287,86.698,57.561,30.912,16.408,7.762
6.25333,190.409,162.681,137.375,86.762,57.633,30.887,16.372,7.784
6.25667,190.460,162.755,137.483,86.699,57.671,30.915,16.339,7.824
6.26000,190.632,162.819,137.584,86.834,57.684,30.937,16.380,7.783
6.26333,190.677,162.965,137.653,86.929,57.757,30.973,16.414,7.784
6.26667,190.778,163.049,137.663,86.929,57.726,30.969,16.447,7.799
6.27000,190.885,163.122,137.778,86.900,57.693,30.899,16.455,7.786
6.27333,191.077,163.195,137.816,87.013,57.757,30.976,16.452,7.756
6.27667,191.202,163.286,137.926,87.076,57.794,30.978,16.391,7.792
6.28000,191.210,163.429,137.980,87.077,57.807,31.020,16.470,7.921
6.28333,191.340,163.472,138.063,87.180,57.843,30.988,16.469,7.853
6.28667,191.391,163.567,138.187,87.240,57.854,31.037,16.507,7.850
6.29000,191.526,163.709,138.226,87.262,57.934,31.067,16.497,7.791
6.29333,191.710,163.789,138.311,87.279,57.975,31.134,16.464,7.850
6.29667,191.759,163.892,138.344,87.318,58.020,31.000,16.526,7.877
6.30000,191.899,163.983,138.456,87.401,58.027,31.139,16.536,7.822
6.30333,191.981,164.040,138.554,87.448,57.977,31.117,16.608,7.824
6.30667,192.032,164.149,138.605,87.436,58.106,31.077,16.530,7.854
6.31000,192.153,164.271,138.666,87.493,58.068,31.201,16.559,7.904
6.31333,192.348,164.284,138.725,87.559,58.145,31.159,16.570,7.826
6.31667,192.312,164.371,138.799,87.620,58.226,31.210,16.532,7.890
6.32000,192.500,164.417,138.854,87.701,58.208,31.207,16.501,7.862
6.32333,192.632,164.599,138.949,87.693,58.257,31.228,16.550,7.910
6.32667,192.720,164.743,139.039,87.736,58.240,31.241,16.565,7.871
6.33000,192.860,164.821,139.137,87.843,58.273,31.238,16.613,7.912
6.33333,192.888,164.822,139.185,87.904,58.335,31.230,16.607,7.898
6.33667,193.033,164.945,139.300,87.863,58.310,31.298,16.635,7.866
6.34000,193.107,165.040,139.365,87.935,58.420,31.239,16.628,7.956
6.34333,193.224,165.094,139.460,88.052,58.495,31.317,16.658,7.879
6.34667,193.293,165.286,139.505,88.067,58.449,31.399,16.637,7.931
6.35000,193.455,165.337,139.615,88.084,58.531,31.417,16.647,7.860
6.35333,193.566,165.320,139.679,88.085,58.487,31.325,16.689,7.957
6.35667,193.624,165.497,139.699,88.171,58.528,31.371,16.677,7.895
6.36000,193.818,165.529,139.757,88.309,58.545,31.402,16.690,7.966
6.36333,193.869,165.604,139.797,88.327,58.602,31.437,16.668,7.926
6.36667,193.951,165.706,139.918,88.300,58.684,31.436,16.736,7.951
6.37000,194.079,165.842,140.012,88.361,58.716,31.484,16.754,7.866
6.37333,194.143,165.978,140.139,88.427,58.702,31.449,16.696,7.968
6.37667,194.233,166.043,140.122,88.455,58.781,31.530,16.708,7.970
6.38000,194.404,166.125,140.260,88.551,58.787,31.528,16.802,7.977
6.38333,194.400,166.189,140.366,88.603,58.718,31.492,16.800,7.980
6.38667,194.543,166.269,140.401,88.644,58.895,31.546,16.773,7.913
6.39000,194.720,166.386,140.449,88.641,58.913,31.532,16.738,7.945
6.39333,194.750,166.406,140.492,88.713,58.940,31.558,16.794,7.963
6.39667,194.921,166.505,140.632,88.771,58.938,31.624,16.775,8.002
6.40000,194.990,166.656,140.737,88.820,58.959,31.581,16.824,7.933
6.40333,195.112,166.720,140.764,88.808,58.999,31.646,16.785,8.015
6.40667,195.168,166.821,140.869,88.894,59.023,31.671,16.772,7.989
6.41000,195.285,166.878,140.887,88.990,59.048,31.633,16.783,7.961
6.41333,195.402,166.954,140.952,89.018,59.145,31.681,16.867,8.022
6.41667,195.454,167.040,141.047,89.051,59.149,31.653,16.823,7.960
6.42000,195.567,167.182,141.178,89.091,59.156,31.750,16.865,7.970
6.42333,195.671,167.256,141.222,89.149,59.191,31.715,16.831,7.989
6.42667,195.874,167.346,141.332,89.192,59.260,31.757,16.847,8.019
6.43000,195.895,167.390,141.350,89.247,59.231,31.813,16.814,8.000
6.43333,195.971,167.506,141.446,89.197,59.317,31.791,16.837,8.055
6.43667,196.094,167.600,141.526,89.303,59.327,31.801,16.908,8.037
6.44000,196.240,167.717,141.586,89.385,59.384,31.894,16.944,8.015
6.44333,196.347,167.794,141.597,89.468,59.349,31.854,16.900,7.961
6.44667,196.375,167.855,141.775,89.443,59.446,31.874,16.960,8.041
6.45000,196.551,167.942,141.820,89.437,59.462,31.914,16.929,8.059
6.45333,196.601,168.051,141.876,89.566,59.489,31.907,16.955,8.070
6.45667,196.725,168.171,141.910,89.609,59.438,31.968,16.896,8.072
6.46000,196.841,168.203,142.058,89.618,59.555,32.013,16.934,8.005
6.46333,196.992,168.302,142.098,89.635,59.544,31.955,16.985,8.005
6.46667,197.103,168.384,142.206,89.763,59.572,31.938,16.938,8.015
6.47000,197.116,168.516,142.211,89.806,59.622,31.996,16.974,8.042
6.47333,197.225,168.674,142.385,89.871,59.659,32.042,16.975,8.094
6.47667,197.372,168.655,142.359,89.931,59.653,32.055,17.036,7.966
6.48000,197.458,168.757,142.478,89.925,59.706,32.044,16.960,8.041
6.48333,197.534,168.813,142.534,89.992,59.732,31.983,17.028,8.112
6.48667,197.592,168.896,142.635,90.033,59.725,32.096,17.026,8.075
6.49000,197.768,169.002,142.727,90.077,59.833,32.090,17.064,8.060
6.49333,197.799,169.097,142.764,90.107,59.827,32.115,17.123,8.065
6.49667,197.955,169.195,142.843,90.098,59.899,32.127,17.057,8.068
6.50000,198.059,169.299,142.932,90.182,59.908,32.082,17.003,8.010
6.50333,198.172,169.367,142.995,90.181,59.916,32.174,17.066,8.116
6.50667,198.322,169.444,143.111,90.303,60.016,32.211,17.060,8.125
6.51000,198.289,169.568,143.148,90.324,59.943,32.156,17.097,8.127
6.51333,198.491,169.684,143.222,90.378,60.006,32.187,17.142,8.058
6.51667,198.604,169.729,143.275,90.449,60.119,32.217,17.181,8.069
6.52000,198.618,169.825,143.407,90.487,60.094,32.254,17.121,8.104
6.52333,198.773,169.915,143.457,90.535,60.150,32.252,17.136,8.121
6.52667,198.919,169.941,143.516,90.610,60.126,32.334,17.158,8.131
6.53000,198.985,170.011,143.541,90.617,60.171,32.265,17.097,8.078
6.53333,199.084,170.211,143.667,90.659,60.172,32.238,17.172,8.171
6.53667,199.158,170.292,143.748,90.792,60.238,32.377,17.141,8.116
6.54000,199.214,170.336,143.846,90.821,60.220,32.290,17.155,8.137
6.54333,199.406,170.420,143.912,90.767,60.335,32.343,17.231,8.131
6.54667,199.519,170.479,143.977,90.801,60.318,32.373,17.168,8.184
6.55000,199.620,170.546,144.087,90.923,60.348,32.386,17.233,8.195
6.55333,199.673,170.636,144.135,90.972,60.405,32.402,17.190,8.160
6.55667,199.791,170.796,144.202,91.022,60.347,32.435,17.265,8.137
6.56000,199.922,170.860,144.213,90.999,60.425,32.436,17.260,8.204
6.56333,200.020,170.980,144.358,91.074,60.483,32.424,17.215,8.120
6.56667,200.119,171.020,144.387,91.102,60.503,32.422,17.256,8.216
6.57000,200.224,171.083,144.464,91.099,60.503,32.455,17.292,8.206
6.57333,200.324,171.186,144.521,91.222,60.628,32.467,17.268,8.150
6.57667,200.419,171.209,144.599,91.267,60.559,32.495,17.290,8.183
6.58000,200.499,171.417,144.668,91.328,60.654,32.550,17.245,8.123
6.58333,200.625,171.485,144.789,91.316,60.633,32.521,17.322,8.200
6.58667,200.728,171.547,144.803,91.425,60.748,32.599,17.340,8.187
6.59000,200.851,171.597,144.911,91.413,60.719,32.543,17.281,8.185
6.59333,200.968,171.721,144.971,91.486,60.821,32.523,17.315,8.242
6.59667,200.984,171.820,145.058,91.508,60.831,32.701,17.303,8.178
6.60000,201.123,171.903,145.134,91.586,60.790,32.669,17.350,8.280
6.60333,201.236,171.972,145.303,91.601,60.797,32.655,17.377,8.174
6.60667,201.325,171.951,145.262,91.702,60.877,32.713,17.333,8.255
6.61000,201.471,172.132,145.366,91.823,61.003,32.644,17.428,8.208
6.61333,201.503,172.313,145.386,91.763,60.949,32.713,17.361,8.237
6.61667,201.599,172.349,145.512,91.838,60.982,32.780,17.385,8.239
6.62000,201.711,172.435,145.588,91.895,60.985,32.811,17.384,8.230
6.62333,201.760,172.502,145.602,91.880,61.059,32.711,17.402,8.194
6.62667,201.959,172.582,145.724,91.931,61.069,32.703,17.378,8.227
6.63000,202.048,172.773,145.780,92.059,61.124,32.789,17.366,8.327
6.63333,202.085,172.773,145.839,92.033,61.154,32.806,17.447,8.266
6.63667,202.232,172.887,145.929,92.052,61.196,32.843,17.427,8.252
6.64000,202.291,172.865,145.984,92.148,61.181,32.844,17.433,8.312
6.64333,202.486,172.974,146.040,92.146,61.261,32.881,17.457,8.271
6.64667,202.525,173.122,146.127,92.309,61.255,32.919,17.432,8.299
6.65000,202.615,173.213,146.229,92.278,61.293,32.891,17.518,8.269
6.65333,202.752,173.224,146.302,92.367,61.302,32.900,17.479,8.323
6.65667,202.862,173.321,146.409,92.398,61.361,32.880,17.547,8.306
6.66000,202.931,173.498,146.444,92.474,61.444,33.015,17.555,8.317
6.66333,203.018,173.518,146.558,92.509,61.343,33.003,17.558,8.238
6.66667,203.159,173.658,146.585,92.511,61.419,32.952,17.507,8.317
6.67000,203.214,173.676,146.622,92.510,61.454,33.055,17.487,8.325
6.67333,203.348,173.812,146.753,92.544,61.544,33.015,17.562,8.283
6.67667,203.408,173.838,146.837,92.644,61.562,33.074,17.580,8.269
6.68000,203.553,173.952,146.872,92.712,61.557,33.005,17.566,8.341
6.68333,203.657,174.044,146.970,92.773,61.539,33.107,17.577,8.386
6.68667,203.760,174.131,147.082,92.809,61.613,33.019,17.636,8.331
6.69000,203.893,174.200,147.075,92.793,61.629,33.147,17.608,8.333
6.69333,203.919,174.230,147.214,92.832,61.634,33.103,17.612,8.372
6.69667,204.063,174.347,147.245,92.842,61.666,33.153,17.681,8.372
6.70000,204.042,174.473,147.350,92.962,61.763,33.207,17.642,8.423
6.70333,204.184,174.594,147.347,92.995,61.822,33.228,17.662,8.337
6.70667,204.323,174.640,147.473,93.120,61.787,33.103,17.646,8.322
6.71000,204.434,174.728,147.520,93.142,61.863,33.194,17.663,8.295
6.71333,204.587,174.785,147.623,93.116,61.815,33.262,17.707,8.340
6.71667,204.647,174.933,147.637,93.154,61.868,33.217,17.659,8.372
6.72000,204.723,175.025,147.738,93.179,61.967,33.289,17.637,8.370
6.72333,204.782,175.059,147.878,93.266,61.969,33.303,17.679,8.392
6.72667,205.033,175.158,147.949,93.331,62.018,33.295,17.641,8.394
6.73000,205.080,175.231,147.993,93.386,62.023,33.344,17.737,8.358
6.73333,205.193,175.356,148.069,93.391,62.009,33.325,17.662,8.403
6.73667,205.243,175.409,148.085,93.428,62.117,33.380,17.707,8.386
6.74000,205.322,175.486,148.167,93.549,62.006,33.322,17.794,8.352
6.74333,205.475,175.569,148.284,93.562,62.161,33.408,17.800,8.441
6.74667,205.563,175.672,148.252,93.597,62.137,33.331,17.691,8.360
6.75000,205.648,175.774,148.373,93.641,62.208,33.324,17.729,8.406
6.75333,205.700,175.854,148.452,93.670,62.269,33.389,17.791,8.431
6.75667,205.866,175.873,148.557,93.776,62.316,33.459,17.756,8.444
6.76000,205.962,176.050,148.630,93.789,62.232,33.480,17.742,8.448
6.76333,206.058,176.066,148.668,93.764,62.323,33.459,17.835,8.402
6.76667,206.200,176.218,148.758,93.842,62.330,33.498,17.854,8.446
6.77000,206.233,176.215,148.820,93.893,62.517,33.533,17.787,8.384
6.77333,206.355,176.396,148.908,94.004,62.436,33.494,17.859,8.502
6.77667,206.399,176.426,148.975,94.025,62.421,33.470,17.873,8.403
6.78000,206.570,176.518,149.065,94.032,62.455,33.556,17.901,8.374
6.78333,206.624,176.559,149.159,94.111,62.503,33.587,17.865,8.440
6.78667,206.754,176.706,149.175,94.121,62.497,33.577,17.833,8.430
6.79000,206.737,176.858,149.284,94.186,62.573,33.609,17.883,8.383
6.79333,206.918,176.922,149.350,94.244,62.581,33.643,17.885,8.418
6.79667,207.015,176.964,149.424,94.296,62.627,33.634,17.882,8.534
6.80000,207.132,177.075,149.513,94.363,62.660,33.621,17.868,8.485
6.80333,207.262,177.214,149.581,94.423,62.672,33.702,17.936,8.503
6.80667,207.385,177.221,149.679,94.410,62.684,33.670,17.843,8.520
6.81000,207.470,177.353,149.656,94.410,62.747,33.734,17.983,8.513
6.81333,207.544,177.436,149.787,94.535,62.720,33.738,17.915,8.508
6.81667,207.662,177.472,149.832,94.554,62.776,33.741,17.976,8.508
6.82000,207.764,177.587,149.874,94.581,62.863,33.774,17.978,8.482
6.82333,207.815,177.589,149.984,94.593,62.864,33.774,17.917,8.477
6.82667,207.975,177.782,150.108,94.612,62.902,33.724,17.988,8.514
6.83000,208.002,177.819,150.155,94.724,62.947,33.757,18.008,8.435
6.83333,208.168,177.918,150.191,94.757,62.958,33.832,17.951,8.528
6.83667,208.215,178.027,150.318,94.771,63.013,33.794,18.016,8.520
6.84000,208.342,178.078,150.293,94.891,62.976,33.880,17.989,8.447
6.84333,208.406,178.231,150.423,94.874,62.997,33.817,17.998,8.506
6.84667,208.565,178.190,150.559,94.963,63.075,33.836,18.016,8.522
6.85000,208.616,178.348,150.573,94.986,63.170,33.829,18.054,8.579
6.85333,208.782,178.391,150.644,95.025,63.259,33.908,17.993,8.555
6.85667,208.857,178.484,150.649,95.143,63.189,33.951,18.079,8.540
6.86000,208.885,178.530,150.784,95.169,63.187,33.950,18.016,8.505
6.86333,209.098,178.627,150.889,95.133,63.181,33.985,18.110,8.507
6.86667,209.168,178.822,150.896,95.253,63.207,33.928,18.086,8.547
6.87000,209.261,178.857,151.007,95.234,63.314,34.039,18.072,8.528
6.87333,209.320,178.850,151.102,95.308,63.311,33.990,18.114,8.578
6.87667,209.451,179.008,151.126,95.308,63.337,34.042,18.053,8.577
6.88000,209.521,179.104,151.223,95.367,63.384,34.031,18.093,8.532
6.88333,209.646,179.160,151.289,95.467,63.456,34.122,18.155,8.584
6.88667,209.756,179.182,151.432,95.498,63.402,34.046,18.128,8.521
6.89000,209.813,179.357,151.418,95.514,63.393,34.095,18.071,8.615
6.89333,209.899,179.373,151.493,95.585,63.442,34.126,18.183,8.531
6.89667,210.001,179.541,151.503,95.616,63.521,34.109,18.217,8.555
6.90000,210.122,179.611,151.618,95.652,63.566,34.152,18.110,8.561
6.90333,210.298,179.766,151.737,95.692,63.645,34.102,18.127,8.525
6.90667,210.308,179.804,151.762,95.746,63.600,34.201,18.162,8.578
6.91000,210.431,179.899,151.850,95.843,63.606,34.201,18.153,8.632
6.91333,210.578,179.900,151.964,95.816,63.680,34.151,18.238,8.553
6.91667,210.656,180.023,152.036,95.889,63.713,34.184,18.173,8.645
6.92000,210.725,180.090,152.100,95.960,63.687,34.289,18.190,8.549
6.92333,210.774,180.227,152.204,95.948,63.781,34.243,18.225,8.618
6.92667,210.917,180.315,152.249,96.046,63.765,34.258,18.210,8.609
6.93000,210.985,180.347,152.270,96.075,63.835,34.344,18.265,8.634
6.93333,211.203,180.479,152.363,96.046,63.840,34.270,18.213,8.647
6.93667,211.309,180.560,152.440,96.136,63.918,34.326,18.275,8.558
6.94000,211.361,180.604,152.498,96.194,63.980,34.256,18.323,8.650
6.94333,211.462,180.696,152.633,96.264,63.982,34.347,18.246,8.610
6.94667,211.585,180.804,152.591,96.334,63.940,34.386,18.289,8.627
6.95000,211.618,180.880,152.697,96.393,64.046,34.381,18.331,8.649
6.95333,211.782,180.991,152.781,96.390,64.047,34.398,18.345,8.586
6.95667,211.828,181.037,152.883,96.441,64.072,34.426,18.308,8.672
6.96000,211.897,181.133,152.861,96.507,64.158,34.405,18.334,8.645
6.96333,212.042,181.250,152.992,96.529,64.210,34.442,18.412,8.627
6.96667,212.082,181.318,153.079,96.548,64.183,34.515,18.347,8.629
6.97000,212.234,181.402,153.157,96.599,64.188,34.515,18.372,8.712
6.97333,212.323,181.426,153.189,96.640,64.250,34.481,18.369,8.769
6.97667,212.440,181.611,153.359,96.717,64.308,34.481,18.336,8.655
6.98000,212.543,181.716,153.397,96.754,64.264,34.518,18.414,8.702
6.98333,212.582,181.775,153.457,96.838,64.299,34.583,18.370,8.731
6.98667,212.729,181.863,153.468,96.792,64.355,34.614,18.446,8.670
6.99000,212.767,181.851,153.603,96.871,64.441,34.579,18.360,8.691
6.99333,212.935,181.986,153.676,96.985,64.416,34.607,18.434,8.634
6.99667,213.031,182.025,153.686,96.913,64.425,34.668,18.437,8.683
7.00000,213.115,182.219,153.784,97.000,64.433,34.620,18.419,8.717
7.00333,213.264,182.289,153.833,97.076,64.455,34.603,18.432,8.771
7.00667,213.352,182.348,153.923,97.095,64.513,34.686,18.488,8.749
7.01000,213.412,182.391,153.997,97.195,64.573,34.723,18.525,8.700
7.01333,213.482,182.530,154.103,97.232,64.541,34.699,18.477,8.673
7.01667,213.606,182.576,154.150,97.277,64.569,34.756,18.480,8.825
7.02000,213.672,182.677,154.191,97.277,64.685,34.757,18.458,8.763
7.02333,213.831,182.757,154.308,97.389,64.662,34.729,18.529,8.658
7.02667,213.958,182.879,154.340,97.349,64.715,34.799,18.489,8.713
7.03000,214.026,182.974,154.497,97.391,64.693,34.848,18.471,8.702
7.03333,214.106,183.033,154.524,97.479,64.766,34.829,18.527,8.703
7.03667,214.243,183.149,154.612,97.506,64.793,34.855,18.467,8.744
7.04000,214.305,183.164,154.599,97.546,64.832,34.894,18.553,8.820
7.04333,214.411,183.323,154.750,97.638,64.831,34.895,18.618,8.667
7.04667,214.542,183.312,154.824,97.604,64.900,34.913,18.533,8.819
7.05000,214.626,183.463,154.924,97.695,64.902,34.897,18.603,8.718
7.05333,214.683,183.536,154.964,97.778,64.938,34.904,18.587,8.804
7.05667,214.817,183.691,155.035,97.764,64.985,34.894,18.621,8.770
7.06000,214.914,183.716,155.100,97.821,65.024,34.898,18.579,8.840
7.06333,215.021,183.833,155.143,97.927,65.020,34.997,18.592,8.789
7.06667,215.098,183.881,155.292,97.942,65.058,34.928,18.650,8.839
7.07000,215.192,183.990,155.272,98.007,65.056,34.999,18.637,8.815
7.07333,215.264,184.017,155.479,98.039,65.176,35.004,18.591,8.738
7.07667,215.410,184.134,155.454,98.074,65.162,35.071,18.641,8.809
7.08000,215.485,184.203,155.516,98.096,65.164,35.047,18.593,8.791
7.08333,215.628,184.317,155.582,98.186,65.265,35.070,18.673,8.834
7.08667,215.720,184.428,155.682,98.144,65.228,35.063,18.669,8.826
7.09000,215.812,184.369,155.752,98.300,65.264,35.125,18.665,8.804
7.09333,215.842,184.565,155.829,98.249,65.292,35.087,18.644,8.861
7.09667,215.943,184.653,155.827,98.256,65.391,35.121,18.748,8.820
7.10000,216.077,184.747,155.980,98.429,65.333,35.150,18.648,8.823
7.10333,216.229,184.758,156.087,98.449,65.429,35.128,18.682,8.829
7.10667,216.250,184.896,156.164,98.436,65.436,35.241,18.671,8.761
7.11000,216.405,184.951,156.101,98.510,65.436,35.184,18.725,8.830
7.11333,216.505,185.112,156.243,98.532,65.536,35.173,18.784,8.811
7.11667,216.699,185.155,156.290,98.568,65.570,35.286,18.744,8.854
7.12000,216.703,185.220,156.432,98.601,65.585,35.196,18.773,8.838
7.12333,216.778,185.343,156.444,98.670,65.528,35.257,18.788,8.852
7.12667,216.881,185.390,156.582,98.709,65.673,35.235,18.772,8.830
7.13000,217.021,185.534,156.624,98.750,65.637,35.339,18.785,8.953
7.13333,217.106,185.654,156.657,98.821,65.690,35.291,18.870,8.862
7.13667,217.202,185.646,156.757,98.882,65.683,35.357,18.830,8.907
7.14000,217.327,185.724,156.852,98.844,65.712,35.367,18.879,8.863
7.14333,217.415,185.858,156.891,98.953,65.783,35.311,18.794,8.818
7.14667,217.515,185.937,156.955,99.011,65.804,35.369,18.915,8.886
7.15000,217.605,186.011,157.020,99.097,65.797,35.394,18.838,8.850
7.15333,217.685,186.117,157.140,99.094,65.922,35.402,18.862,8.845
7.15667,217.735,186.160,157.261,99.164,65.885,35.378,18.815,8.869
7.16000,217.849,186.322,157.275,99.222,65.943,35.411,18.872,8.866
7.16333,217.932,186.346,157.318,99.236,65.938,35.452,18.925,8.878
7.16667,218.117,186.493,157.407,99.264,65.967,35.425,18.858,8.881
7.17000,218.259,186.544,157.480,99.316,66.010,35.451,18.911,8.911
7.17333,218.296,186.613,157.557,99.351,66.009,35.475,18.892,8.942
7.17667,218.376,186.674,157.601,99.399,66.089,35.525,18.922,8.895
7.18000,218.538,186.727,157.754,99.495,66.084,35.532,18.969,8.865
7.18333,218.583,186.841,157.753,99.453,66.155,35.605,18.884,8.952
7.18667,218.738,187.021,157.846,99.550,66.098,35.550,18.963,8.971
7.19000,218.817,187.036,157.889,99.584,66.185,35.596,18.946,8.939
7.19333,218.897,187.133,158.020,99.577,66.196,35.604,18.938,8.953
7.19667,218.970,187.238,158.002,99.676,66.252,35.564,18.891,8.960
7.20000,219.019,187.358,158.099,99.754,66.228,35.681,18.981,8.971
7.20333,219.223,187.379,158.208,99.776,66.298,35.609,18.961,8.923
7.20667,219.309,187.487,158.229,99.867,66.336,35.658,18.968,8.933
7.21000,219.448,187.479,158.307,99.864,66.385,35.673,19.008,8.977
7.21333,219.490,187.657,158.410,99.851,66.393,35.689,19.043,9.018
7.21667,219.604,187.710,158.506,99.962,66.514,35.705,19.025,9.019
7.22000,219.749,187.857,158.591,100.028,66.468,35.710,19.066,9.030
7.22333,219.750,187.948,158.637,100.021,66.492,35.760,19.014,8.981
7.22667,219.959,187.978,158.719,100.094,66.496,35.712,19.051,9.015
7.23000,220.015,188.071,158.767,100.157,66.554,35.800,19.059,8.982
7.23333,220.090,188.091,158.773,100.166,66.582,35.860,19.119,8.953
7.23667,220.182,188.237,158.902,100.217,66.645,35.786,19.121,8.962
7.24000,220.289,188.359,158.970,100.292,66.572,35.850,19.076,8.934
7.24333,220.390,188.388,159.068,100.350,66.645,35.791,19.112,8.980
7.24667,220.488,188.509,159.150,100.334,66.696,35.870,19.124,8.995
7.25000,220.600,188.590,159.228,100.390,66.750,35.943,19.177,9.053
7.25333,220.666,188.726,159.243,100.442,66.709,35.871,19.139,9.004
7.25667,220.772,188.737,159.429,100.515,66.774,35.928,19.115,8.972
7.26000,220.866,188.831,159.411,100.603,66.819,35.934,19.176,9.003
7.26333,221.015,188.894,159.488,100.610,66.832,35.945,19.150,9.035
7.26667,221.079,189.040,159.589,100.619,66.857,36.027,19.188,9.037
7.27000,221.201,189.048,159.663,100.705,66.973,35.969,19.128,9.060
7.27333,221.350,189.206,159.739,100.790,66.979,36.017,19.165,9.037
7.27667,221.326,189.248,159.817,100.755,67.004,36.014,19.202,9.111
7.28000,221.517,189.386,159.899,100.752,66.972,36.039,19.147,9.033
7.28333,221.674,189.437,159.904,100.904,67.011,36.061,19.255,9.054
7.28667,221.718,189.549,159.980,100.950,67.064,36.097,19.266,9.065
7.29000,221.763,189.592,160.023,100.973,67.064,36.152,19.289,8.980
7.29333,221.897,189.731,160.171,100.990,67.072,36.080,19.308,9.075
7.29667,221.992,189.774,160.224,101.094,67.153,36.093,19.246,9.120
7.30000,222.140,189.887,160.325,100.998,67.154,36.205,19.257,9.052
7.30333,222.171,189.936,160.348,101.143,67.194,36.242,19.291,9.071
7.30667,222.302,190.088,160.474,101.176,67.252,36.135,19.247,9.069
7.31000,222.396,190.136,160.551,101.255,67.363,36.141,19.296,9.123
7.31333,222.508,190.197,160.641,101.346,67.316,36.182,19.237,9.104
7.31667,222.556,190.260,160.649,101.348,67.316,36.183,19.306,9.032
7.32000,222.709,190.378,160.726,101.340,67.335,36.272,19.267,9.061
7.32333,222.829,190.530,160.890,101.391,67.341,36.293,19.330,9.067
7.32667,222.913,190.679,160.878,101.452,67.420,36.337,19.405,9.072
7.33000,223.048,190.648,160.908,101.528,67.441,36.329,19.350,9.071
7.33333,223.023,190.717,161.056,101.591,67.467,36.285,19.347,9.081
7.33667,223.183,190.868,161.045,101.617,67.554,36.372,19.446,9.172
7.34000,223.319,190.888,161.199,101.673,67.532,36.338,19.399,9.121
7.34333,223.451,190.947,161.226,101.693,67.559,36.349,19.441,9.080
7.34667,223.573,191.091,161.330,101.771,67.584,36.365,19.386,9.089
7.35000,223.567,191.210,161.415,101.776,67.642,36.358,19.365,9.104
7.35333,223.706,191.282,161.447,101.786,67.650,36.383,19.427,9.150
7.35667,223.810,191.358,161.472,101.877,67.649,36.445,19.418,9.125
7.36000,223.875,191.437,161.628,101.996,67.702,36.480,19.461,9.128
7.36333,224.045,191.509,161.726,101.945,67.730,36.433,19.498,9.102
7.36667,224.134,191.591,161.796,102.015,67.804,36.441,19.500,9.122
7.37000,224.264,191.677,161.875,102.031,67.818,36.513,19.519,9.082
7.37333,224.320,191.752,161.875,102.122,67.853,36.541,19.438,9.165
7.37667,224.453,191.845,162.076,102.134,67.851,36.567,19.388,9.179
7.38000,224.554,191.956,162.067,102.221,67.932,36.491,19.467,9.140
7.38333,224.600,192.097,162.098,102.247,67.952,36.604,19.504,9.149
7.38667,224.742,192.129,162.187,102.324,68.035,36.626,19.478,9.170
7.39000,224.845,192.222,162.217,102.334,67.985,36.587,19.455,9.167
7.39333,224.929,192.284,162.375,102.357,68.079,36.673,19.479,9.144
7.39667,225.068,192.361,162.391,102.502,68.045,36.693,19.466,9.217
7.40000,225.144,192.498,162.482,102.415,68.045,36.635,19.476,9.201
7.40333,225.278,192.565,162.579,102.516,68.170,36.628,19.560,9.166
7.40667,225.353,192.673,162.645,102.616,68.127,36.689,19.568,9.239
7.41000,225.475,192.749,162.706,102.595,68.192,36.658,19.542,9.151
7.41333,225.641,192.848,162.786,102.656,68.230,36.745,19.587,9.201
7.41667,225.664,192.928,162.863,102.697,68.216,36.727,19.598,9.250
7.42000,225.796,192.959,162.913,102.764,68.261,36.756,19.545,9.270
7.42333,225.913,193.138,163.037,102.802,68.301,36.777,19.603,9.197
7.42667,225.988,193.130,163.048,102.851,68.303,36.789,19.599,9.210
7.43000,226.064,193.252,163.134,102.923,68.404,36.773,19.606,9.160
7.43333,226.156,193.355,163.201,102.953,68.419,36.801,19.601,9.222
7.43667,226.287,193.431,163.290,102.981,68.462,36.841,19.628,9.184
7.44000,226.390,193.529,163.385,103.070,68.442,36.898,19.650,9.255
7.44333,226.477,193.618,163.434,103.110,68.511,36.833,19.675,9.266
7.44667,226.575,193.671,163.465,103.127,68.504,36.911,19.678,9.229
7.45000,226.674,193.773,163.583,103.136,68.577,36.870,19.702,9.222
7.45333,226.781,193.861,163.702,103.260,68.569,36.891,19.742,9.257
7.45667,226.897,193.926,163.729,103.269,68.615,36.966,19.664,9.232
7.46000,226.978,194.061,163.732,103.294,68.709,36.954,19.717,9.318
7.46333,227.078,194.121,163.938,103.333,68.654,37.003,19.665,9.277
7.46667,227.192,194.239,163.981,103.344,68.751,36.955,19.748,9.299
7.47000,227.333,194.413,164.008,103.457,68.717,36.972,19.688,9.276
7.47333,227.379,194.372,164.143,103.446,68.727,37.021,19.745,9.292
7.47667,227.504,194.490,164.260,103.529,68.790,37.025,19.725,9.296
7.48000,227.570,194.606,164.326,103.689,68.834,37.052,19.697,9.267
7.48333,227.697,194.680,164.282,103.619,68.906,37.124,19.741,9.264
7.48667,227.833,194.782,164.469,103.677,68.893,37.133,19.741,9.308
7.49000,227.915,194.823,164.478,103.733,68.946,37.099,19.797,9.303
7.49333,228.095,194.861,164.569,103.852,68.951,37.158,19.801,9.290
7.49667,228.063,194.969,164.630,103.832,69.016,37.171,19.833,9.282
7.50000,228.259,195.173,164.749,103.887,68.999,37.132,19.820,9.362
7.50333,228.306,195.224,164.763,103.969,69.058,37.181,19.725,9.329
7.50667,228.378,195.331,164.836,104.031,69.067,37.269,19.912,9.307
7.51000,228.522,195.410,164.950,104.064,69.096,37.235,19.821,9.274
7.51333,228.667,195.471,165.019,104.005,69.163,37.227,19.827,9.337
7.51667,228.734,195.544,165.101,104.047,69.232,37.279,19.885,9.282
7.52000,228.865,195.648,165.109,104.124,69.200,37.299,19.846,9.266
7.52333,228.960,195.765,165.254,104.272,69.257,37.269,19.863,9.301
7.52667,229.036,195.816,165.320,104.233,69.232,37.244,19.919,9.387
7.53000,229.168,195.909,165.381,104.320,69.388,37.259,19.859,9.321
7.53333,229.191,195.999,165.410,104.322,69.320,37.357,19.935,9.315
7.53667,229.397,196.066,165.582,104.324,69.312,37.389,19.933,9.376
7.54000,229.418,196.117,165.610,104.506,69.413,37.359,19.845,9.352
7.54333,229.531,196.258,165.690,104.450,69.458,37.448,19.962,9.364
7.54667,229.696,196.403,165.800,104.543,69.468,37.319,19.957,9.325
7.55000,229.790,196.431,165.816,104.588,69.506,37.410,19.937,9.332
7.55333,229.872,196.517,165.921,104.642,69.565,37.491,19.950,9.355
7.55667,229.940,196.594,166.057,104.618,69.532,37.473,19.975,9.405
7.56000,230.121,196.737,166.036,104.731,69.606,37.512,19.956,9.379
7.56333,230.151,196.810,166.113,104.779,69.647,37.470,20.023,9.356
7.56667,230.326,196.919,166.202,104.838,69.651,37.466,20.006,9.415
7.57000,230.370,197.013,166.290,104.840,69.696,37.612,20.010,9.426
7.57333,230.500,197.124,166.332,104.933,69.732,37.562,20.032,9.398
7.57667,230.611,197.107,166.438,104.998,69.708,37.571,20.025,9.467
7.58000,230.684,197.279,166.498,104.986,69.757,37.581,19.943,9.412
7.58333,230.841,197.374,166.590,105.030,69.838,37.587,20.060,9.366
7.58667,230.875,197.399,166.649,105.057,69.832,37.593,20.025,9.432
7.59000,231.017,197.424,166.748,105.092,69.840,37.570,20.082,9.443
7.59333,231.093,197.593,166.764,105.197,69.979,37.627,20.084,9.452
7.59667,231.257,197.726,166.913,105.208,69.954,37.652,20.139,9.388
7.60000,231.361,197.774,166.994,105.254,69.963,37.629,20.103,9.467
7.60333,231.456,197.891,167.082,105.316,69.944,37.665,20.065,9.393
7.60667,231.502,197.944,167.173,105.348,70.049,37.730,20.083,9.501
7.61000,231.622,198.015,167.265,105.389,70.036,37.713,20.108,9.425
7.61333,231.760,198.164,167.267,105.463,70.092,37.780,20.100,9.530
7.61667,231.909,198.270,167.343,105.519,70.116,37.793,20.158,9.437
7.62000,231.989,198.287,167.385,105.546,70.184,37.747,20.188,9.426
7.62333,231.998,198.405,167.497,105.678,70.243,37.798,20.189,9.463
7.62667,232.198,198.484,167.568,105.676,70.228,37.794,20.177,9.439
7.63000,232.334,198.625,167.611,105.679,70.243,37.907,20.149,9.509
7.63333,232.415,198.664,167.770,105.757,70.347,37.820,20.183,9.507
7.63667,232.539,198.738,167.758,105.814,70.335,37.865,20.184,9.495
7.64000,232.591,198.890,167.867,105.928,70.349,37.910,20.168,9.521
7.64333,232.723,198.895,167.971,105.868,70.386,37.892,20.276,9.495
7.64667,232.767,199.006,168.046,105.928,70.446,37.879,20.222,9.529
7.65000,232.891,199.095,168.125,105.963,70.478,37.995,20.237,9.447
7.65333,233.013,199.258,168.192,106.014,70.490,37.982,20.247,9.517
7.65667,233.112,199.352,168.245,106.096,70.486,37.985,20.234,9.573
7.66000,233.212,199.379,168.290,106.148,70.526,38.067,20.287,9.602
7.66333,233.391,199.474,168.363,106.167,70.582,38.074,20.291,9.569
7.66667,233.417,199.603,168.530,106.265,70.625,38.063,20.283,9.524
7.67000,233.589,199.691,168.502,106.271,70.674,38.061,20.331,9.517
7.67333,233.579,199.801,168.693,106.349,70.607,38.037,20.294,9.562
7.67667,233.772,199.802,168.699,106.414,70.681,38.037,20.392,9.547
7.68000,233.880,199.949,168.778,106.472,70.748,38.092,20.285,9.529
7.68333,233.978,200.059,168.883,106.507,70.737,38.048,20.329,9.526
7.68667,234.106,200.147,169.003,106.525,70.782,38.143,20.349,9.550
7.69000,234.149,200.248,169.045,106.594,70.883,38.115,20.363,9.610
7.69333,234.281,200.318,169.056,106.592,70.884,38.159,20.346,9.528
7.69667,234.448,200.424,169.149,106.704,70.803,38.211,20.386,9.575
7.70000,234.486,200.515,169.265,106.718,70.920,38.213,20.380,9.575
7.70333,234.620,200.564,169.335,106.776,70.951,38.217,20.328,9.582
7.70667,234.653,200.692,169.375,106.794,71.013,38.295,20.498,9.587
7.71000,234.833,200.735,169.474,106.746,71.044,38.303,20.420,9.659
7.71333,234.909,200.921,169.471,106.913,71.044,38.291,20.470,9.556
7.71667,234.996,200.946,169.671,106.973,71.068,38.242,20.414,9.560
7.72000,235.163,201.044,169.674,106.953,71.142,38.293,20.495,9.610
7.72333,235.161,201.151,169.818,106.975,71.142,38.316,20.430,9.618
7.72667,235.320,201.173,169.891,107.094,71.198,38.358,20.517,9.637
7.73000,235.456,201.330,169.880,107.168,71.206,38.413,20.452,9.585
7.73333,235.601,201.425,170.034,107.142,71.223,38.351,20.504,9.668
7.73667,235.640,201.486,170.120,107.231,71.288,38.429,20.479,9.563
7.74000,235.771,201.556,170.275,107.241,71.309,38.453,20.499,9.613
7.74333,235.898,201.676,170.283,107.366,71.288,38.453,20.501,9.603
7.74667,236.050,201.758,170.314,107.433,71.316,38.428,20.552,9.705
7.75000,236.087,201.851,170.349,107.443,71.415,38.505,20.557,9.599
7.75333,236.209,201.915,170.522,107.418,71.396,38.442,20.518,9.649
7.75667,236.356,202.041,170.561,107.490,71.512,38.551,20.623,9.686
7.76000,236.431,202.145,170.670,107.561,71.433,38.580,20.560,9.615
7.76333,236.531,202.238,170.797,107.696,71.531,38.611,20.604,9.636
7.76667,236.613,202.329,170.840,107.666,71.557,38.546,20.604,9.667
7.77000,236.765,202.399,170.913,107.747,71.562,38.567,20.585,9.657
7.77333,236.899,202.542,170.920,107.778,71.640,38.588,20.583,9.717
7.77667,236.984,202.551,171.039,107.878,71.670,38.659,20.607,9.646
7.78000,237.070,202.703,171.092,107.883,71.737,38.633,20.592,9.673
7.78333,237.162,202.817,171.229,107.889,71.738,38.643,20.628,9.657
7.78667,237.284,202.891,171.313,108.030,71.732,38.601,20.632,9.690
7.79000,237.355,202.884,171.408,108.049,71.784,38.735,20.644,9.706
7.79333,237.533,203.113,171.414,108.024,71.878,38.683,20.657,9.621
7.79667,237.627,203.149,171.468,108.086,71.930,38.760,20.695,9.709
7.80000,237.751,203.268,171.554,108.209,71.954,38.753,20.649,9.752
7.80333,237.849,203.335,171.641,108.215,71.946,38.760,20.696,9.640
7.80667,237.925,203.326,171.775,108.335,72.003,38.771,20.660,9.717
7.81000,238.039,203.519,171.747,108.324,71.907,38.732,20.755,9.752
7.81333,238.152,203.608,171.911,108.368,72.021,38.808,20.665,9.717
7.81667,238.295,203.658,172.015,108.485,72.089,38.862,20.727,9.708
7.82000,238.359,203.799,172.018,108.437,72.096,38.803,20.726,9.746
7.82333,238.536,203.891,172.112,108.559,72.160,38.861,20.736,9.643
7.82667,238.624,204.079,172.225,108.587,72.137,38.847,20.749,9.708
7.83000,238.709,204.119,172.285,108.626,72.216,38.956,20.731,9.736
7.83333,238.795,204.179,172.364,108.697,72.209,38.928,20.785,9.765
7.83667,238.897,204.340,172.422,108.681,72.330,38.919,20.827,9.773
7.84000,239.018,204.383,172.537,108.744,72.338,38.974,20.784,9.784
7.84333,239.167,204.445,172.541,108.827,72.391,39.057,20.784,9.748
7.84667,239.219,204.500,172.748,108.890,72.398,39.005,20.846,9.794
7.85000,239.342,204.664,172.805,108.913,72.393,38.956,20.810,9.755
7.85333,239.458,204.733,172.866,108.940,72.440,38.988,20.859,9.758
7.85667,239.618,204.877,172.932,109.006,72.502,39.083,20.841,9.752
7.86000,239.704,204.962,172.979,109.083,72.475,39.101,20.879,9.792
7.86333,239.776,205.032,173.095,109.179,72.579,39.091,20.899,9.820
7.86667,239.903,205.037,173.168,109.168,72.564,39.095,20.928,9.837
7.87000,239.989,205.282,173.281,109.174,72.585,39.145,20.884,9.774
7.87333,240.076,205.344,173.353,109.242,72.637,39.102,20.932,9.797
7.87667,240.277,205.387,173.430,109.333,72.688,39.185,20.881,9.813
7.88000,240.393,205.453,173.498,109.340,72.732,39.148,20.868,9.814
7.88333,240.455,205.547,173.545,109.411,72.783,39.241,20.912,9.830
7.88667,240.608,205.675,173.644,109.391,72.748,39.235,20.933,9.898
7.89000,240.707,205.800,173.694,109.457,72.809,39.223,20.998,9.806
7.89333,240.751,205.887,173.765,109.581,72.817,39.264,20.931,9.850
7.89667,240.926,205.961,173.889,109.591,72.895,39.293,20.942,9.802
7.90000,240.973,206.055,173.980,109.708,72.955,39.330,20.932,9.847
7.90333,241.164,206.101,174.009,109.682,72.956,39.263,20.969,9.934
7.90667,241.233,206.230,174.091,109.758,72.967,39.329,20.975,9.846
7.91000,241.357,206.362,174.197,109.850,73.086,39.333,21.093,9.842
7.91333,241.488,206.428,174.335,109.868,73.009,39.405,21.065,9.923
7.91667,241.516,206.466,174.357,109.951,73.008,39.451,21.039,9.832
7.92000,241.663,206.602,174.458,109.974,73.051,39.385,21.043,9.810
7.92333,241.784,206.722,174.531,109.996,73.160,39.441,21.079,9.892
7.92667,241.862,206.778,174.538,110.125,73.133,39.470,21.029,9.839
7.93000,242.060,206.913,174.692,110.140,73.176,39.436,21.076,9.885
7.93333,242.114,207.030,174.706,110.241,73.248,39.543,21.068,9.931
7.93667,242.209,207.113,174.834,110.187,73.213,39.406,21.132,9.889
7.94000,242.357,207.224,174.945,110.252,73.308,39.584,21.067,9.916
7.94333,242.488,207.285,175.047,110.296,73.326,39.545,21.153,9.885
7.94667,242.507,207.402,175.100,110.362,73.356,39.562,21.107,9.821
7.95000,242.646,207.444,175.193,110.482,73.342,39.579,21.051,9.893
7.95333,242.695,207.619,175.256,110.506,73.371,39.548,21.147,9.939
7.95667,242.936,207.619,175.321,110.544,73.524,39.661,21.145,9.865
7.96000,243.045,207.776,175.395,110.515,73.539,39.635,21.121,9.944
7.96333,243.134,207.852,175.575,110.641,73.547,39.702,21.218,9.945
7.96667,243.174,207.955,175.604,110.708,73.556,39.613,21.236,9.867
7.97000,243.302,208.070,175.655,110.712,73.649,39.721,21.293,9.944
7.97333,243.413,208.132,175.838,110.749,73.631,39.648,21.138,9.953
7.97667,243.502,208.282,175.739,110.797,73.629,39.693,21.266,9.917
7.98000,243.716,208.360,175.895,110.862,73.740,39.726,21.203,9.944
7.98333,243.747,208.463,175.997,110.909,73.731,39.741,21.234,9.934
7.98667,243.851,208.553,176.050,110.897,73.769,39.779,21.244,9.936
7.99000,243.988,208.643,176.191,111.000,73.792,39.732,21.253,9.943
7.99333,244.133,208.753,176.236,111.084,73.832,39.848,21.213,9.938
7.99667,244.220,208.848,176.313,111.066,73.907,39.806,21.313,9.933
8.00000,244.328,208.951,176.357,111.224,73.937,39.902,21.251,9.952
8.00333,244.485,208.967,176.426,111.193,73.932,39.863,21.317,9.962
8.00667,244.536,209.123,176.618,111.317,73.949,39.916,21.227,9.984
8.01000,244.635,209.255,176.641,111.296,74.005,39.933,21.297,9.966
8.01333,244.751,209.300,176.724,111.443,74.042,39.959,21.295,9.994
8.01667,244.950,209.396,176.754,111.456,74.136,39.932,21.349,10.052
8.02000,245.032,209.469,176.895,111.458,74.140,39.951,21.335,10.005
8.02333,245.113,209.583,176.865,111.548,74.157,39.925,21.361,9.966
8.02667,245.296,209.754,177.039,111.582,74.198,40.092,21.405,9.989
8.03000,245.426,209.815,177.144,111.621,74.238,40.025,21.417,10.020
8.03333,245.480,209.895,177.178,111.707,74.302,40.076,21.432,9.938
8.03667,245.610,210.025,177.380,111.749,74.309,40.023,21.390,10.033
8.04000,245.715,210.052,177.420,111.784,74.287,40.102,21.339,10.031
8.04333,245.828,210.201,177.494,111.853,74.365,40.016,21.408,10.037
8.04667,245.962,210.294,177.483,111.969,74.381,40.094,21.424,9.982
8.05000,246.064,210.321,177.634,111.960,74.409,40.164,21.424,10.022
8.05333,246.123,210.507,177.702,112.044,74.472,40.181,21.445,10.048
8.05667,246.341,210.640,177.785,112.093,74.489,40.103,21.464,10.043
8.06000,246.375,210.676,177.883,112.104,74.552,40.300,21.466,10.029
8.06333,246.486,210.737,177.955,112.149,74.527,40.225,21.461,10.040
8.06667,246.594,210.829,177.988,112.230,74.564,40.230,21.447,10.002
8.07000,246.703,210.927,178.110,112.162,74.647,40.249,21.520,10.082
8.07333,246.834,211.092,178.192,112.356,74.671,40.265,21.502,10.057
8.07667,246.950,211.211,178.335,112.355,74.734,40.309,21.500,10.103
8.08000,247.026,211.298,178.360,112.401,74.750,40.330,21.510,10.085
8.08333,247.162,211.410,178.457,112.482,74.805,40.322,21.506,10.094
8.08667,247.257,211.518,178.555,112.545,74.824,40.321,21.599,10.086
8.09000,247.427,211.589,178.606,112.614,74.864,40.415,21.507,10.106
8.09333,247.457,211.592,178.713,112.674,74.854,40.471,21.606,10.091
8.09667,247.640,211.802,178.776,112.708,74.896,40.404,21.633,10.130
8.10000,247.780,211.801,178.922,112.648,74.949,40.431,21.591,10.100
8.10333,247.818,211.910,178.952,112.789,74.988,40.402,21.621,10.093
8.10667,247.954,212.048,179.063,112.833,75.050,40.467,21.624,10.087
8.11000,248.100,212.131,179.101,112.932,75.077,40.549,21.609,10.103
8.11333,248.243,212.268,179.076,112.964,75.105,40.484,21.619,10.136
8.11667,248.377,212.423,179.244,113.023,75.076,40.494,21.654,10.106
8.12000,248.465,212.470,179.436,113.114,75.159,40.570,21.634,10.115
8.12333,248.566,212.574,179.390,113.064,75.229,40.566,21.762,10.155
8.12667,248.676,212.670,179.528,113.078,75.189,40.583,21.666,10.071
8.13000,248.730,212.715,179.626,113.227,75.280,40.625,21.668,10.089
8.13333,248.931,212.853,179.685,113.293,75.281,40.589,21.712,10.191
8.13667,249.038,212.989,179.751,113.266,75.353,40.636,21.729,10.160
8.14000,249.172,213.005,179.869,113.392,75.389,40.650,21.715,10.138
8.14333,249.300,213.195,179.926,113.386,75.420,40.698,21.742,10.128
8.14667,249.407,213.249,180.073,113.496,75.451,40.654,21.748,10.118
8.15000,249.519,213.337,180.143,113.495,75.439,40.683,21.785,10.198
8.15333,249.681,213.461,180.230,113.524,75.515,40.688,21.823,10.212
8.15667,249.715,213.445,180.240,113.641,75.524,40.788,21.762,10.181
8.16000,249.784,213.634,180.350,113.687,75.603,40.808,21.752,10.212
8.16333,249.945,213.727,180.441,113.734,75.615,40.773,21.744,10.160
8.16667,250.106,213.862,180.582,113.769,75.631,40.749,21.832,10.133
8.17000,250.225,213.859,180.654,113.848,75.703,40.843,21.813,10.268
8.17333,250.335,214.041,180.643,113.889,75.685,40.882,21.825,10.230
8.17667,250.440,214.142,180.806,113.970,75.777,40.871,21.846,10.276
8.18000,250.494,214.260,180.880,114.040,75.807,40.866,21.805,10.211
8.18333,250.637,214.353,180.910,113.966,75.889,40.946,21.808,10.195
8.18667,250.774,214.467,181.035,114.064,75.880,40.993,21.888,10.258
8.19000,250.955,214.572,181.146,114.142,75.984,40.945,21.961,10.279
8.19333,250.978,214.675,181.179,114.200,75.906,40.982,21.949,10.273
8.19667,251.079,214.685,181.317,114.273,75.979,40.936,21.877,10.260
8.20000,251.244,214.905,181.359,114.214,75.977,41.061,21.981,10.211
8.20333,251.365,214.919,181.546,114.406,76.035,41.012,21.858,10.234
8.20667,251.538,215.025,181.525,114.478,76.112,41.073,21.959,10.245
8.21000,251.634,215.155,181.654,114.459,76.091,41.090,21.906,10.219
8.21333,251.808,215.276,181.732,114.544,76.099,41.092,21.936,10.172
8.21667,251.816,215.358,181.787,114.581,76.173,41.126,21.981,10.245
8.22000,251.901,215.464,181.912,114.654,76.236,41.142,22.061,10.245
8.22333,252.103,215.559,181.999,114.668,76.233,41.138,22.015,10.210
8.22667,252.172,215.613,182.009,114.670,76.318,41.183,21.981,10.256
8.23000,252.392,215.762,182.120,114.804,76.353,41.163,22.004,10.297
8.23333,252.444,215.796,182.267,114.884,76.409,41.170,22.011,10.297
8.23667,252.521,215.946,182.255,114.867,76.416,41.233,21.987,10.296
8.24000,252.620,216.056,182.437,114.948,76.438,41.271,22.015,10.322
8.24333,252.752,216.203,182.504,115.057,76.521,41.324,22.020,10.327
8.24667,252.998,216.319,182.520,115.059,76.525,41.273,22.054,10.303
8.25000,253.026,216.339,182.630,115.074,76.485,41.290,22.129,10.286
8.25333,253.155,216.422,182.752,115.157,76.543,41.266,22.120,10.378
8.25667,253.216,216.582,182.755,115.271,76.589,41.311,22.182,10.276
8.26000,253.344,216.663,182.898,115.381,76.656,41.335,22.065,10.312
8.26333,253.450,216.780,182.999,115.372,76.641,41.319,22.159,10.308
8.26667,253.574,216.843,183.160,115.376,76.769,41.373,22.142,10.346
8.27000,253.732,216.952,183.206,115.416,76.807,41.422,22.179,10.380
8.27333,253.824,217.045,183.245,115.478,76.823,41.420,22.167,10.298
8.27667,253.943,217.177,183.341,115.498,76.822,41.514,22.137,10.348
8.28000,254.068,217.291,183.389,115.551,76.910,41.474,22.199,10.332
8.28333,254.185,217.355,183.512,115.656,76.879,41.441,22.186,10.325
8.28667,254.349,217.467,183.587,115.763,76.976,41.479,22.144,10.346
8.29000,254.491,217.584,183.682,115.853,76.919,41.532,22.233,10.324
8.29333,254.591,217.650,183.740,115.832,77.034,41.561,22.143,10.400
8.29667,254.717,217.731,183.853,115.857,77.083,41.562,22.276,10.385
8.30000,254.823,217.871,183.931,115.878,77.012,41.596,22.208,10.410
8.30333,254.922,217.994,184.016,115.980,77.127,41.636,22.301,10.388
8.30667,254.977,218.069,184.071,116.060,77.132,41.687,22.246,10.437
8.31000,255.137,218.157,184.174,116.056,77.201,41.680,22.240,10.424
8.31333,255.220,218.290,184.277,116.185,77.239,41.692,22.292,10.419
8.31667,255.374,218.395,184.375,116.144,77.290,41.727,22.309,10.388
8.32000,255.541,218.479,184.424,116.293,77.315,41.684,22.387,10.403
8.32333,255.584,218.571,184.549,116.288,77.359,41.701,22.264,10.426
8.32667,255.777,218.641,184.620,116.346,77.343,41.742,22.330,10.421
8.33000,255.840,218.788,184.725,116.449,77.366,41.826,22.313,10.434
8.33333,255.992,218.957,184.779,116.439,77.439,41.828,22.280,10.443
8.33667,256.087,218.978,184.899,116.531,77.498,41.831,22.355,10.450
8.34000,256.224,219.052,184.993,116.635,77.523,41.782,22.376,10.401
8.34333,256.338,219.159,185.095,116.668,77.560,41.834,22.362,10.503
8.34667,256.394,219.321,185.192,116.703,77.630,41.833,22.297,10.366
8.35000,256.611,219.441,185.169,116.719,77.611,41.917,22.373,10.489
8.35333,256.693,219.543,185.304,116.782,77.674,41.868,22.397,10.492
8.35667,256.858,219.634,185.370,116.847,77.692,41.908,22.434,10.450
8.36000,256.914,219.761,185.504,116.833,77.782,41.894,22.437,10.430
8.36333,257.034,219.781,185.535,116.983,77.857,42.058,22.422,10.458
8.36667,257.224,219.952,185.731,117.025,77.780,42.056,22.446,10.464
8.37000,257.308,220.058,185.817,117.112,77.819,42.047,22.446,10.551
8.37333,257.453,220.064,185.850,117.210,77.985,42.021,22.418,10.506
8.37667,257.548,220.239,185.897,117.194,77.889,42.058,22.460,10.484
8.38000,257.687,220.345,186.021,117.258,77.942,42.103,22.486,10.578
8.38333,257.738,220.456,186.069,117.299,77.963,42.066,22.575,10.575
8.38667,257.884,220.532,186.238,117.352,77.982,42.128,22.477,10.561
8.39000,257.996,220.641,186.326,117.391,78.064,42.114,22.538,10.559
8.39333,258.196,220.759,186.358,117.459,78.061,42.146,22.586,10.557
8.39667,258.288,220.830,186.519,117.468,78.105,42.210,22.560,10.543
8.40000,258.399,220.953,186.556,117.554,78.158,42.136,22.574,10.533
8.40333,258.519,221.038,186.645,117.598,78.157,42.213,22.649,10.530
8.40667,258.651,221.162,186.696,117.692,78.213,42.299,22.602,10.529
8.41000,258.782,221.318,186.897,117.715,78.238,42.256,22.598,10.545
8.41333,258.852,221.386,186.864,117.770,78.300,42.376,22.616,10.549
8.41667,258.953,221.503,187.023,117.777,78.285,42.307,22.616,10.574
8.42000,259.138,221.547,187.059,117.901,78.381,42.345,22.624,10.558
8.42333,259.294,221.712,187.167,117.909,78.368,42.357,22.622,10.544
8.42667,259.337,221.817,187.264,117.969,78.428,42.374,22.701,10.627
8.43000,259.505,221.980,187.365,118.055,78.488,42.420,22.639,10.572
8.43333,259.613,221.987,187.428,118.148,78.561,42.472,22.614,10.592
8.43667,259.750,222.074,187.512,118.152,78.616,42.420,22.657,10.620
8.44000,259.846,222.236,187.568,118.228,78.673,42.435,22.721,10.636
8.44333,259.952,222.336,187.681,118.252,78.660,42.428,22.681,10.630
8.44667,260.085,222.477,187.804,118.317,78.723,42.516,22.714,10.616
8.45000,260.265,222.531,187.814,118.453,78.694,42.511,22.788,10.592
8.45333,260.293,222.625,187.975,118.440,78.752,42.622,22.759,10.607
8.45667,260.486,222.741,188.007,118.508,78.805,42.535,22.710,10.669
8.46000,260.630,222.797,188.183,118.601,78.824,42.618,22.752,10.605
8.46333,260.713,222.951,188.212,118.701,78.853,42.600,22.825,10.621
8.46667,260.790,223.064,188.273,118.674,78.903,42.618,22.793,10.608
8.47000,260.932,223.169,188.396,118.684,78.907,42.610,22.826,10.693
8.47333,261.080,223.237,188.509,118.736,79.008,42.670,22.757,10.675
8.47667,261.183,223.380,188.587,118.819,79.026,42.709,22.898,10.692
8.48000,261.293,223.490,188.661,118.896,79.048,42.730,22.736,10.678
8.48333,261.455,223.586,188.726,118.927,79.114,42.683,22.823,10.653
8.48667,261.530,223.645,188.813,118.909,79.108,42.753,22.837,10.621
8.49000,261.660,223.826,188.859,119.071,79.187,42.749,22.927,10.716
8.49333,261.781,223.878,189.009,119.137,79.239,42.794,22.866,10.720
8.49667,261.906,223.958,189.102,119.136,79.250,42.721,22.893,10.686
8.50000,262.039,224.119,189.141,119.222,79.245,42.813,22.953,10.654
8.50333,262.166,224.217,189.297,119.242,79.357,42.839,22.906,10.689
8.50667,262.312,224.273,189.376,119.265,79.402,42.951,22.911,10.620
8.51000,262.377,224.498,189.469,119.391,79.449,42.891,22.920,10.679
8.51333,262.586,224.505,189.524,119.455,79.445,42.924,22.964,10.700
8.51667,262.645,224.677,189.608,119.534,79.468,42.958,22.986,10.666
8.52000,262.740,224.735,189.683,119.555,79.555,42.940,22.974,10.674
8.52333,262.906,224.800,189.832,119.606,79.539,43.005,22.956,10.759
8.52667,263.069,224.978,189.933,119.667,79.524,42.947,22.932,10.749
8.53000,263.173,225.045,190.038,119.761,79.634,42.973,22.992,10.711
8.53333,263.259,225.138,190.145,119.822,79.645,43.031,23.014,10.718
8.53667,263.387,225.281,190.183,119.816,79.678,43.079,23.027,10.721
8.54000,263.541,225.385,190.228,119.889,79.761,43.067,23.017,10.728
8.54333,263.647,225.483,190.286,119.954,79.703,43.054,23.047,10.817
8.54667,263.725,225.565,190.446,120.005,79.832,43.121,23.115,10.749
8.55000,263.878,225.665,190.555,120.101,79.875,43.082,23.046,10.743
8.55333,264.038,225.832,190.585,120.131,79.864,43.173,23.106,10.680
8.55667,264.137,225.941,190.731,120.159,79.956,43.167,23.056,10.757
8.56000,264.267,225.992,190.819,120.223,79.897,43.129,23.075,10.743
8.56333,264.396,226.178,190.860,120.322,79.944,43.181,23.088,10.770
8.56667,264.563,226.234,190.995,120.329,80.063,43.226,23.125,10.822
8.57000,264.628,226.289,191.033,120.402,79.956,43.251,23.139,10.884
8.57333,264.778,226.467,191.147,120.435,80.062,43.327,23.121,10.821
8.57667,264.845,226.526,191.221,120.585,80.205,43.264,23.159,10.757
8.58000,264.993,226.663,191.343,120.586,80.171,43.377,23.149,10.781
8.58333,265.121,226.791,191.396,120.589,80.270,43.327,23.166,10.875
8.58667,265.321,226.895,191.555,120.704,80.286,43.417,23.215,10.805
8.59000,265.420,226.883,191.661,120.744,80.302,43.374,23.210,10.828
8.59333,265.483,227.033,191.654,120.793,80.394,43.331,23.263,10.817
8.59667,265.669,227.180,191.827,120.854,80.389,43.360,23.224,10.802
8.60000,265.782,227.285,191.885,120.914,80.415,43.394,23.202,10.804
8.60333,265.926,227.400,191.976,120.955,80.416,43.496,23.268,10.878
8.60667,265.951,227.532,192.082,121.026,80.445,43.426,23.309,10.902
8.61000,266.084,227.596,192.116,121.092,80.480,43.477,23.231,10.802
8.61333,266.238,227.726,192.204,121.166,80.477,43.583,23.299,10.874
8.61667,266.378,227.833,192.364,121.192,80.560,43.514,23.261,10.824
8.62000,266.521,227.884,192.402,121.312,80.624,43.522,23.312,10.895
8.62333,266.633,227.967,192.515,121.254,80.682,43.587,23.277,10.926
8.62667,266.703,228.178,192.596,121.388,80.707,43.602,23.308,10.839
8.63000,266.902,228.289,192.632,121.380,80.775,43.590,23.297,10.868
8.63333,267.039,228.354,192.772,121.484,80.799,43.642,23.336,10.886
8.63667,267.142,228.484,192.833,121.568,80.830,43.642,23.373,10.897
8.64000,267.209,228.555,193.005,121.593,80.839,43.726,23.343,10.907
8.64333,267.367,228.681,193.061,121.673,80.934,43.743,23.447,10.943
8.64667,267.440,228.833,193.185,121.682,80.995,43.714,23.394,10.961
8.65000,267.591,228.890,193.253,121.802,81.009,43.682,23.419,10.922
8.65333,267.711,228.969,193.329,121.787,80.964,43.764,23.390,10.975
8.65667,267.836,229.086,193.397,121.798,81.038,43.834,23.407,10.963
8.66000,267.922,229.232,193.502,121.909,81.059,43.842,23.441,10.988
8.66333,268.112,229.264,193.566,121.985,81.100,43.848,23.450,10.922
8.66667,268.227,229.370,193.674,122.004,81.208,43.781,23.525,10.929
8.67000,268.329,229.511,193.798,122.124,81.211,43.895,23.489,10.964
8.67333,268.485,229.619,193.818,122.122,81.212,43.882,23.481,10.959
8.67667,268.609,229.735,193.941,122.224,81.247,43.974,23.514,10.998
8.68000,268.701,229.826,193.981,122.241,81.233,43.964,23.492,10.941
8.68333,268.920,229.942,194.080,122.262,81.329,43.965,23.508,10.935
8.68667,269.050,230.062,194.199,122.391,81.381,44.001,23.464,10.950
8.69000,269.100,230.185,194.320,122.445,81.431,43.974,23.544,10.977
8.69333,269.215,230.292,194.368,122.500,81.492,44.036,23.556,10.929
8.69667,269.288,230.346,194.460,122.523,81.433,44.006,23.516,11.006
8.70000,269.518,230.457,194.567,122.563,81.569,44.058,23.589,11.026
8.70333,269.590,230.604,194.724,122.672,81.569,44.033,23.588,11.003
8.70667,269.742,230.710,194.775,122.730,81.633,44.116,23.613,10.989
8.71000,269.867,230.797,194.825,122.800,81.619,44.086,23.596,10.942
8.71333,269.989,230.945,194.904,122.807,81.709,44.232,23.647,10.986
8.71667,270.061,231.070,195.058,122.959,81.746,44.188,23.638,11.046
8.72000,270.307,231.149,195.140,122.912,81.840,44.168,23.639,10.994
8.72333,270.323,231.191,195.210,123.000,81.835,44.198,23.694,11.011
8.72667,270.505,231.367,195.352,123.074,81.839,44.272,23.633,11.010
8.73000,270.584,231.441,195.391,123.097,81.846,44.217,23.652,11.077
8.73333,270.741,231.539,195.509,123.182,81.940,44.302,23.693,11.030
8.73667,270.824,231.634,195.567,123.285,82.018,44.272,23.714,11.081
8.74000,271.004,231.734,195.678,123.245,82.019,44.303,23.718,11.071
8.74333,271.088,231.942,195.788,123.326,82.033,44.323,23.786,11.010
8.74667,271.248,231.911,195.880,123.369,82.077,44.357,23.733,11.002
8.75000,271.288,232.088,195.913,123.448,82.104,44.344,23.731,11.043
8.75333,271.506,232.153,195.975,123.506,82.156,44.334,23.724,11.034
8.75667,271.605,232.298,196.160,123.632,82.197,44.382,23.714,11.089
8.76000,271.758,232.393,196.150,123.662,82.139,44.438,23.800,11.024
8.76333,271.837,232.438,196.278,123.685,82.239,44.476,23.796,11.097
8.76667,271.930,232.620,196.427,123.707,82.317,44.454,23.782,11.138
8.77000,272.131,232.674,196.444,123.796,82.356,44.518,23.884,11.029
8.77333,272.161,232.868,196.563,123.823,82.340,44.544,23.879,11.099
8.77667,272.437,232.992,196.711,123.907,82.424,44.541,23.881,11.099
8.78000,272.484,233.058,196.690,123.963,82.449,44.514,23.880,11.115
8.78333,272.625,233.109,196.801,123.943,82.543,44.572,23.902,11.062
8.78667,272.658,233.226,196.884,124.101,82.550,44.599,23.868,11.144
8.79000,272.874,233.391,197.011,124.143,82.602,44.597,23.924,11.125
8.79333,272.957,233.458,197.069,124.220,82.606,44.665,23.853,11.115
8.79667,273.102,233.597,197.157,124.257,82.670,44.645,23.924,11.159
8.80000,273.259,233.672,197.310,124.291,82.673,44.661,23.950,11.107
8.80333,273.383,233.820,197.375,124.374,82.729,44.698,23.936,11.185
8.80667,273.473,233.881,197.447,124.429,82.815,44.622,23.921,11.138
8.81000,273.676,234.012,197.603,124.437,82.832,44.714,23.914,11.169
8.81333,273.706,234.151,197.669,124.508,82.841,44.767,23.953,11.148
8.81667,273.896,234.252,197.747,124.618,82.846,44.766,23.995,11.211
8.82000,273.906,234.306,197.765,124.620,82.901,44.823,24.059,11.186
8.82333,274.097,234.365,197.952,124.666,83.000,44.818,24.033,11.193
8.82667,274.239,234.561,198.045,124.748,82.915,44.866,24.017,11.180
8.83000,274.384,234.668,198.061,124.797,83.021,44.919,23.991,11.212
8.83333,274.523,234.720,198.192,124.832,83.061,44.847,24.006,11.159
8.83667,274.597,234.939,198.265,124.859,83.058,44.882,24.038,11.134
8.84000,274.729,234.948,198.460,125.050,83.137,44.939,24.044,11.200
8.84333,274.840,235.103,198.432,125.029,83.173,44.975,23.970,11.247
8.84667,274.966,235.251,198.545,125.068,83.244,45.018,24.090,11.219
8.85000,275.120,235.316,198.638,125.151,83.252,45.017,24.141,11.235
8.85333,275.240,235.419,198.733,125.171,83.223,45.037,24.072,11.307
8.85667,275.387,235.429,198.875,125.258,83.249,45.044,24.106,11.256
8.86000,275.503,235.602,198.900,125.326,83.371,45.072,24.151,11.232
8.86333,275.629,235.746,199.026,125.413,83.345,45.109,24.071,11.246
8.86667,275.747,235.847,199.065,125.512,83.380,45.133,24.075,11.240
8.87000,275.902,235.928,199.218,125.502,83.462,45.192,24.136,11.234
8.87333,276.062,236.114,199.276,125.516,83.531,45.108,24.174,11.176
8.87667,276.153,236.112,199.379,125.622,83.603,45.162,24.205,11.266
8.88000,276.234,236.306,199.389,125.702,83.599,45.260,24.166,11.263
8.88333,276.346,236.373,199.533,125.644,83.606,45.149,24.206,11.293
8.88667,276.510,236.509,199.628,125.760,83.679,45.250,24.274,11.315
8.89000,276.573,236.553,199.731,125.816,83.727,45.255,24.215,11.270
8.89333,276.802,236.707,199.854,125.876,83.700,45.256,24.231,11.308
8.89667,276.873,236.774,199.930,125.999,83.796,45.282,24.287,11.250
8.90000,276.936,236.950,199.981,126.067,83.805,45.339,24.299,11.299
8.90333,277.170,236.972,200.086,126.061,83.878,45.324,24.277,11.267
8.90667,277.193,237.125,200.190,126.126,83.872,45.316,24.327,11.289
8.91000,277.314,237.175,200.290,126.166,83.886,45.345,24.209,11.275
8.91333,277.514,237.398,200.352,126.222,83.984,45.398,24.375,11.310
8.91667,277.618,237.470,200.497,126.316,83.990,45.463,24.370,11.315
8.92000,277.732,237.582,200.559,126.349,84.024,45.456,24.329,11.368
8.92333,277.855,237.645,200.720,126.447,84.056,45.497,24.330,11.339
8.92667,277.978,237.761,200.719,126.431,84.114,45.493,24.420,11.269
8.93000,278.089,237.917,200.799,126.465,84.143,45.455,24.323,11.289
8.93333,278.198,237.974,200.921,126.568,84.229,45.514,24.423,11.358
8.93667,278.366,238.030,201.015,126.668,84.272,45.498,24.392,11.272
8.94000,278.442,238.195,201.126,126.711,84.277,45.533,24.319,11.381
8.94333,278.557,238.272,201.118,126.782,84.384,45.623,24.368,11.404
8.94667,278.689,238.431,201.335,126.769,84.317,45.590,24.408,11.346
8.95000,278.893,238.464,201.334,126.870,84.387,45.585,24.478,11.364
8.95333,279.046,238.595,201.438,127.003,84.461,45.598,24.451,11.431
8.95667,279.121,238.686,201.534,126.945,84.515,45.629,24.489,11.370
8.96000,279.174,238.864,201.676,127.029,84.448,45.637,24.488,11.359
8.96333,279.291,238.941,201.711,127.107,84.511,45.714,24.538,11.444
8.96667,279.419,239.068,201.815,127.150,84.557,45.782,24.460,11.399
8.97000,279.611,239.188,201.918,127.177,84.583,45.772,24.489,11.401
8.97333,279.700,239.308,201.972,127.261,84.699,45.756,24.516,11.413
8.97667,279.786,239.360,202.098,127.270,84.695,45.779,24.526,11.413
8.98000,279.922,239.449,202.179,127.359,84.739,45.779,24.505,11.370
8.98333,280.088,239.590,202.230,127.418,84.815,45.814,24.516,11.398
8.98667,280.193,239.685,202.391,127.480,84.812,45.891,24.496,11.425
8.99000,280.374,239.713,202.527,127.491,84.885,45.817,24.526,11.433
8.99333,280.512,239.866,202.575,127.598,84.876,45.874,24.606,11.446
8.99667,280.576,240.002,202.640,127.690,84.881,45.905,24.552,11.460
9.00000,280.750,240.115,202.732,127.692,84.956,45.945,24.563,11.430
9.00333,280.845,240.188,202.778,127.798,85.002,45.956,24.591,11.394
9.00667,281.013,240.301,202.906,127.819,85.069,45.991,24.610,11.468
9.01000,281.065,240.411,202.995,127.870,85.015,46.039,24.615,11.467
9.01333,281.181,240.528,203.040,127.989,85.114,46.036,24.645,11.529
9.01667,281.330,240.649,203.106,127.988,85.123,46.076,24.669,11.477
9.02000,281.461,240.775,203.271,128.045,85.211,46.059,24.645,11.452
9.02333,281.617,240.836,203.416,128.057,85.152,46.037,24.702,11.531
9.02667,281.702,241.017,203.438,128.156,85.241,46.122,24.635,11.529
9.03000,281.755,241.128,203.498,128.232,85.279,46.073,24.683,11.471
9.03333,281.925,241.113,203.649,128.235,85.340,46.155,24.671,11.552
9.03667,282.023,241.270,203.700,128.318,85.251,46.197,24.744,11.500
9.04000,282.268,241.364,203.861,128.405,85.373,46.167,24.746,11.542
9.04333,282.288,241.501,203.850,128.462,85.451,46.246,24.703,11.604
9.04667,282.415,241.594,203.910,128.427,85.449,46.231,24.757,11.565
9.05000,282.565,241.662,204.145,128.504,85.496,46.310,24.745,11.500
9.05333,282.631,241.832,204.138,128.540,85.547,46.237,24.830,11.524
9.05667,282.813,241.952,204.231,128.734,85.598,46.313,24.752,11.518
9.06000,282.971,241.998,204.327,128.723,85.601,46.344,24.829,11.612
9.06333,283.092,242.108,204.401,128.844,85.637,46.356,24.822,11.516
9.06667,283.181,242.247,204.531,128.857,85.739,46.398,24.781,11.536
9.07000,283.285,242.366,204.531,128.921,85.729,46.408,24.817,11.504
9.07333,283.486,242.385,204.682,128.982,85.736,46.360,24.817,11.609
9.07667,283.541,242.509,204.727,129.022,85.836,46.406,24.855,11.537
9.08000,283.672,242.655,204.855,129.068,85.867,46.428,24.925,11.591
9.08333,283.803,242.738,204.960,129.162,85.797,46.448,24.908,11.613
9.08667,283.972,242.837,205.035,129.302,85.906,46.481,24.840,11.542
9.09000,283.999,242.977,205.116,129.207,86.002,46.515,24.850,11.565
9.09333,284.183,243.048,205.211,129.281,86.024,46.570,24.870,11.581
9.09667,284.273,243.218,205.296,129.371,86.039,46.598,24.958,11.556
9.10000,284.420,243.274,205.312,129.369,86.057,46.582,24.935,11.595
9.10333,284.506,243.402,205.496,129.469,86.147,46.559,24.904,11.602
9.10667,284.623,243.476,205.558,129.532,86.164,46.584,24.988,11.551
9.11000,284.732,243.552,205.670,129.561,86.260,46.594,25.000,11.621
9.11333,284.959,243.700,205.774,129.654,86.171,46.681,24.961,11.552
9.11667,285.010,243.803,205.785,129.621,86.240,46.652,24.968,11.614
9.12000,285.177,243.886,205.935,129.690,86.309,46.640,25.055,11.686
9.12333,285.259,244.062,206.004,129.785,86.331,46.687,25.024,11.663
9.12667,285.389,244.112,206.095,129.815,86.433,46.727,25.029,11.629
9.13000,285.559,244.246,206.134,129.892,86.508,46.729,25.039,11.647
9.13333,285.666,244.376,206.284,129.939,86.436,46.773,25.070,11.632
9.13667,285.712,244.439,206.450,130.017,86.502,46.759,25.046,11.629
9.14000,285.876,244.581,206.470,130.028,86.471,46.801,25.106,11.557
9.14333,285.976,244.642,206.566,130.145,86.521,46.880,25.026,11.683
9.14667,286.170,244.754,206.643,130.131,86.620,46.827,25.110,11.705
9.15000,286.318,244.818,206.759,130.160,86.622,46.874,25.148,11.644
9.15333,286.454,245.013,206.754,130.336,86.663,46.890,25.163,11.605
9.15667,286.523,245.043,206.923,130.332,86.667,46.907,25.139,11.713
9.16000,286.652,245.143,207.002,130.360,86.735,46.875,25.094,11.632
9.16333,286.770,245.285,207.096,130.460,86.845,46.937,25.125,11.690
9.16667,286.816,245.321,207.100,130.473,86.804,46.966,25.200,11.707
9.17000,286.999,245.521,207.168,130.542,86.854,46.995,25.150,11.709
9.17333,287.114,245.658,207.309,130.606,86.853,47.032,25.201,11.716
9.17667,287.268,245.749,207.400,130.623,86.914,47.011,25.246,11.716
9.18000,287.341,245.783,207.476,130.752,86.990,47.002,25.184,11.719
9.18333,287.474,245.913,207.630,130.776,86.958,47.096,25.224,11.713
9.18667,287.578,245.994,207.680,130.826,87.090,47.122,25.180,11.774
9.19000,287.714,246.105,207.709,130.853,87.083,47.160,25.263,11.730
9.19333,287.824,246.244,207.848,130.907,87.180,47.117,25.221,11.721
9.19667,287.874,246.312,207.966,131.006,87.128,47.126,25.291,11.785
9.20000,288.092,246.412,207.998,131.051,87.235,47.164,25.319,11.771
9.20333,288.162,246.470,208.043,131.121,87.192,47.236,25.298,11.832
9.20667,288.276,246.614,208.216,131.122,87.219,47.188,25.312,11.727
9.21000,288.486,246.728,208.318,131.172,87.267,47.275,25.359,11.758
9.21333,288.559,246.777,208.365,131.276,87.381,47.241,25.317,11.775
9.21667,288.660,246.977,208.473,131.350,87.373,47.280,25.384,11.737
9.22000,288.800,247.073,208.567,131.399,87.441,47.288,25.373,11.847
9.22333,288.900,247.185,208.634,131.425,87.452,47.284,25.365,11.818
9.22667,289.005,247.227,208.778,131.478,87.491,47.303,25.421,11.764
9.23000,289.142,247.327,208.806,131.528,87.512,47.328,25.419,11.778
9.23333,289.270,247.393,208.896,131.618,87.562,47.327,25.402,11.788
9.23667,289.387,247.542,208.992,131.705,87.582,47.428,25.390,11.759
9.24000,289.544,247.696,209.081,131.665,87.599,47.370,25.405,11.814
9.24333,289.578,247.808,209.181,131.813,87.688,47.415,25.417,11.828
9.24667,289.762,247.869,209.292,131.818,87.748,47.460,25.490,11.884
9.25000,289.828,247.946,209.350,131.895,87.739,47.412,25.421,11.750
9.25333,289.924,248.038,209.440,131.870,87.730,47.551,25.590,11.758
9.25667,290.089,248.149,209.516,131.950,87.850,47.552,25.499,11.785
9.26000,290.233,248.216,209.570,132.083,87.841,47.534,25.544,11.838
9.26333,290.301,248.368,209.663,132.019,87.830,47.545,25.520,11.853
9.26667,290.484,248.405,209.732,132.071,87.919,47.524,25.528,11.819
9.27000,290.579,248.580,209.871,132.264,88.016,47.594,25.501,11.797
9.27333,290.706,248.632,209.915,132.206,87.952,47.620,25.552,11.773
9.27667,290.787,248.835,210.044,132.255,88.042,47.679,25.488,11.927
9.28000,290.952,248.861,210.125,132.368,88.062,47.613,25.532,11.902
9.28333,291.055,248.995,210.132,132.415,88.166,47.649,25.549,11.855
9.28667,291.169,249.045,210.289,132.524,88.149,47.640,25.572,11.811
9.29000,291.305,249.175,210.391,132.534,88.153,47.739,25.574,11.807
9.29333,291.401,249.277,210.474,132.559,88.171,47.714,25.532,11.859
9.29667,291.489,249.363,210.517,132.630,88.226,47.771,25.537,11.912
9.30000,291.632,249.529,210.623,132.659,88.223,47.778,25.604,11.845
9.30333,291.809,249.555,210.666,132.780,88.277,47.770,25.577,11.861
9.30667,291.875,249.633,210.848,132.828,88.331,47.850,25.649,11.854
9.31000,291.965,249.792,210.901,132.847,88.408,47.853,25.590,11.932
9.31333,292.149,249.895,210.948,132.874,88.445,47.867,25.646,11.875
9.31667,292.232,250.024,211.031,132.902,88.447,47.810,25.641,11.919
9.32000,292.364,250.115,211.094,132.982,88.441,47.857,25.752,11.922
9.32333,292.406,250.211,211.273,133.034,88.503,47.928,25.705,11.941
9.32667,292.557,250.342,211.322,133.105,88.539,47.909,25.698,11.995
9.33000,292.667,250.375,211.426,133.193,88.558,47.912,25.664,11.904
9.33333,292.841,250.482,211.491,133.211,88.640,47.957,25.709,11.913
9.33667,292.941,250.600,211.547,133.228,88.650,47.940,25.669,11.946
9.34000,293.039,250.647,211.629,133.291,88.675,48.013,25.698,11.918
9.34333,293.204,250.796,211.703,133.390,88.766,48.038,25.752,11.892
9.34667,293.328,250.918,211.807,133.457,88.766,47.990,25.780,11.914
9.35000,293.386,251.025,211.972,133.491,88.716,48.065,25.762,12.003
9.35333,293.562,251.089,212.028,133.528,88.804,48.140,25.750,11.895
9.35667,293.657,251.195,212.041,133.626,88.882,48.012,25.813,11.935
9.36000,293.802,251.277,212.099,133.633,88.913,48.078,25.824,11.973
9.36333,293.879,251.409,212.226,133.685,88.890,48.147,25.756,11.989
9.36667,293.968,251.492,212.316,133.762,88.964,48.173,25.841,12.002
9.37000,294.087,251.558,212.384,133.785,89.096,48.166,25.796,11.986
9.37333,294.343,251.719,212.504,133.816,89.090,48.172,25.849,11.998
9.37667,294.346,251.852,212.579,133.877,89.083,48.227,25.850,12.019
9.38000,294.461,251.879,212.672,133.908,89.109,48.237,25.817,11.990
9.38333,294.570,252.001,212.761,134.014,89.162,48.239,25.884,12.002
9.38667,294.671,252.049,212.805,134.080,89.219,48.230,25.904,12.021
9.39000,294.841,252.204,212.930,134.188,89.289,48.333,25.899,12.034
9.39333,294.871,252.225,212.984,134.207,89.340,48.311,25.924,12.000
9.39667,295.052,252.434,213.051,134.247,89.319,48.343,25.954,12.050
9.40000,295.177,252.504,213.180,134.320,89.366,48.378,25.871,11.991
9.40333,295.275,252.571,213.232,134.342,89.382,48.414,25.898,11.992
9.40667,295.349,252.679,213.344,134.369,89.377,48.397,25.955,12.032
9.41000,295.424,252.773,213.414,134.423,89.441,48.395,25.930,12.098
9.41333,295.634,252.884,213.417,134.478,89.507,48.418,25.950,12.034
9.41667,295.698,252.969,213.594,134.582,89.515,48.372,25.937,12.033
9.42000,295.839,253.092,213.621,134.572,89.572,48.454,25.939,12.068
9.42333,295.959,253.216,213.724,134.690,89.679,48.519,26.045,12.021
9.42667,296.014,253.247,213.831,134.646,89.605,48.536,26.032,12.019
9.43000,296.153,253.386,213.807,134.752,89.675,48.478,26.027,12.124
9.43333,296.281,253.483,213.916,134.752,89.688,48.602,26.031,12.048
9.43667,296.377,253.499,214.124,134.864,89.747,48.618,25.982,12.065
9.44000,296.525,253.637,214.183,134.890,89.773,48.541,26.097,12.090
9.44333,296.624,253.801,214.136,134.967,89.778,48.575,26.057,12.095
9.44667,296.779,253.816,214.256,134.947,89.846,48.617,26.069,12.126
9.45000,296.876,253.930,214.422,135.023,89.811,48.578,26.118,12.078
9.45333,296.957,254.035,214.409,135.099,89.929,48.627,26.073,12.131
9.45667,297.138,254.162,214.521,135.174,89.987,48.683,26.058,12.133
9.46000,297.164,254.240,214.688,135.216,89.960,48.673,26.073,12.138
9.46333,297.217,254.347,214.635,135.294,89.999,48.755,26.166,12.139
9.46667,297.381,254.459,214.801,135.349,90.043,48.757,26.156,12.121
9.47000,297.527,254.531,214.864,135.378,90.050,48.722,26.140,12.091
9.47333,297.641,254.604,214.982,135.346,90.078,48.761,26.123,12.148
9.47667,297.705,254.777,215.024,135.484,90.222,48.857,26.158,12.068
9.48000,297.890,254.862,215.108,135.556,90.131,48.837,26.241,12.110
9.48333,297.972,254.898,215.189,135.581,90.190,48.810,26.195,12.196
9.48667,298.118,255.001,215.289,135.629,90.251,48.844,26.182,12.081
9.49000,298.180,255.086,215.353,135.633,90.363,48.826,26.212,12.127
9.49333,298.325,255.211,215.423,135.665,90.256,48.856,26.188,12.147
9.49667,298.389,255.341,215.551,135.777,90.281,48.896,26.188,12.191
9.50000,298.493,255.390,215.574,135.843,90.391,48.952,26.220,12.187
9.50333,298.607,255.480,215.688,135.846,90.405,48.996,26.249,12.171
9.50667,298.698,255.614,215.758,135.906,90.505,48.944,26.219,12.166
9.51000,298.787,255.655,215.811,135.960,90.458,48.969,26.325,12.169
9.51333,299.022,255.809,215.886,136.039,90.511,48.932,26.232,12.188
9.51667,299.082,255.797,215.998,136.073,90.577,49.063,26.267,12.220
9.52000,299.142,255.990,216.049,136.083,90.590,49.017,26.270,12.209
9.52333,299.305,256.059,216.190,136.164,90.549,49.050,26.243,12.137
9.52667,299.354,256.143,216.318,136.210,90.705,49.052,26.314,12.189
9.53000,299.472,256.265,216.239,136.291,90.705,49.016,26.264,12.262
9.53333,299.605,256.276,216.375,136.336,90.721,49.106,26.420,12.232
9.53667,299.690,256.380,216.478,136.332,90.688,49.110,26.335,12.222
9.54000,299.849,256.546,216.611,136.437,90.785,49.182,26.351,12.145
9.54333,299.992,256.569,216.654,136.477,90.846,49.141,26.393,12.293
9.54667,300.090,256.675,216.712,136.565,90.890,49.090,26.406,12.230
9.55000,300.175,256.747,216.835,136.528,90.889,49.214,26.343,12.280
9.55333,300.280,256.945,216.964,136.725,90.876,49.215,26.361,12.234
9.55667,300.405,256.956,216.970,136.600,90.969,49.237,26.460,12.253
9.56000,300.482,257.018,217.002,136.704,90.981,49.200,26.385,12.318
9.56333,300.528,257.188,217.155,136.718,91.035,49.298,26.410,12.232
9.56667,300.705,257.301,217.174,136.780,91.040,49.244,26.452,12.279
9.57000,300.872,257.347,217.257,136.816,91.095,49.334,26.408,12.259
9.57333,300.924,257.457,217.373,136.926,91.152,49.338,26.442,12.308
9.57667,301.040,257.568,217.402,136.930,91.161,49.287,26.438,12.281
9.58000,301.160,257.675,217.564,137.067,91.163,49.384,26.462,12.300
9.58333,301.266,257.737,217.660,137.057,91.240,49.350,26.527,12.240
9.58667,301.402,257.780,217.644,137.091,91.244,49.429,26.513,12.301
9.59000,301.477,257.962,217.740,137.086,91.283,49.444,26.536,12.294
9.59333,301.632,258.032,217.812,137.162,91.275,49.497,26.493,12.291
9.59667,301.734,258.123,217.884,137.214,91.311,49.394,26.440,12.249
9.60000,301.807,258.226,218.004,137.283,91.324,49.453,26.569,12.320
9.60333,301.912,258.258,218.114,137.316,91.481,49.440,26.518,12.358
9.60667,302.040,258.396,218.184,137.404,91.404,49.516,26.544,12.318
9.61000,302.087,258.525,218.186,137.427,91.499,49.556,26.588,12.382
9.61333,302.261,258.573,218.283,137.525,91.468,49.514,26.564,12.288
9.61667,302.299,258.714,218.331,137.550,91.557,49.595,26.622,12.291
9.62000,302.344,258.735,218.459,137.589,91.581,49.591,26.607,12.249
9.62333,302.531,258.834,218.583,137.615,91.561,49.665,26.619,12.313
9.62667,302.721,258.931,218.629,137.679,91.580,49.642,26.652,12.324
9.63000,302.819,258.990,218.746,137.781,91.622,49.667,26.596,12.373
9.63333,302.817,259.145,218.748,137.741,91.686,49.655,26.591,12.346
9.63667,302.994,259.211,218.834,137.837,91.677,49.685,26.640,12.377
9.64000,303.083,259.316,218.886,137.858,91.745,49.700,26.718,12.357
9.64333,303.160,259.393,218.957,137.947,91.779,49.785,26.683,12.365
9.64667,303.320,259.510,219.092,137.965,91.855,49.748,26.690,12.354
9.65000,303.450,259.562,219.129,138.087,91.862,49.771,26.701,12.356
9.65333,303.469,259.651,219.204,138.089,91.909,49.754,26.704,12.294
9.65667,303.602,259.739,219.274,138.187,91.953,49.753,26.706,12.401
9.66000,303.745,259.743,219.361,138.125,91.956,49.774,26.678,12.372
9.66333,303.801,259.873,219.448,138.204,91.941,49.857,26.671,12.360
9.66667,303.879,259.955,219.530,138.263,92.045,49.796,26.758,12.387
9.67000,304.029,260.061,219.550,138.286,92.035,49.847,26.742,12.353
9.67333,304.020,260.145,219.699,138.397,92.069,49.858,26.772,12.318
9.67667,304.208,260.261,219.713,138.432,92.086,49.949,26.733,12.429
9.68000,304.344,260.436,219.803,138.452,92.120,49.884,26.766,12.371
9.68333,304.464,260.471,219.847,138.568,92.187,49.927,26.780,12.439
9.68667,304.558,260.577,219.965,138.546,92.173,49.949,26.795,12.482
9.69000,304.619,260.593,220.054,138.566,92.241,49.909,26.843,12.412
9.69333,304.700,260.675,220.111,138.677,92.245,49.947,26.791,12.382
9.69667,304.824,260.839,220.212,138.715,92.311,49.959,26.853,12.430
9.70000,304.901,260.928,220.269,138.727,92.370,50.026,26.855,12.446
9.70333,305.023,260.973,220.260,138.769,92.345,49.999,26.804,12.449
9.70667,305.118,261.053,220.472,138.796,92.433,50.005,26.803,12.472
9.71000,305.208,261.122,220.460,138.831,92.435,50.147,26.821,12.413
9.71333,305.315,261.309,220.574,138.899,92.467,50.027,26.821,12.433
9.71667,305.440,261.331,220.612,138.992,92.497,50.119,26.879,12.439
9.72000,305.531,261.408,220.682,139.042,92.507,50.148,26.909,12.510
9.72333,305.556,261.491,220.748,139.009,92.549,50.070,26.897,12.510
9.72667,305.730,261.627,220.869,139.177,92.499,50.078,26.819,12.498
9.73000,305.910,261.673,220.918,139.167,92.592,50.117,26.944,12.461
9.73333,305.944,261.768,220.995,139.214,92.615,50.165,26.915,12.428
9.73667,306.024,261.844,221.043,139.209,92.688,50.153,26.911,12.523
9.74000,306.131,261.917,221.087,139.244,92.726,50.224,26.950,12.483
9.74333,306.289,262.002,221.185,139.314,92.716,50.274,26.935,12.461
9.74667,306.384,262.079,221.320,139.362,92.733,50.251,26.960,12.450
9.75000,306.453,262.178,221.376,139.477,92.766,50.181,26.922,12.467
9.75333,306.585,262.313,221.430,139.428,92.809,50.262,26.968,12.517
9.75667,306.618,262.341,221.566,139.521,92.824,50.290,26.979,12.546
9.76000,306.798,262.393,221.540,139.573,92.879,50.281,26.966,12.451
9.76333,306.869,262.499,221.706,139.585,92.948,50.336,26.982,12.490
9.76667,306.915,262.595,221.729,139.632,92.930,50.312,27.008,12.505
9.77000,306.991,262.781,221.719,139.702,93.025,50.311,27.085,12.492
9.77333,307.146,262.741,221.851,139.696,92.975,50.366,27.030,12.494
9.77667,307.249,262.863,221.900,139.719,93.012,50.383,27.070,12.531
9.78000,307.342,262.949,221.989,139.866,93.074,50.406,27.089,12.552
9.78333,307.389,263.041,222.133,139.898,93.063,50.441,27.059,12.525
9.78667,307.522,263.119,222.179,139.882,93.125,50.424,27.039,12.491
9.79000,307.659,263.217,222.245,139.940,93.182,50.447,27.051,12.523
9.79333,307.693,263.315,222.323,140.010,93.138,50.480,27.063,12.512
9.79667,307.878,263.392,222.382,140.039,93.213,50.527,27.054,12.522
9.80000,307.940,263.360,222.460,140.082,93.223,50.498,27.089,12.511
9.80333,308.036,263.540,222.516,140.140,93.292,50.463,27.046,12.539
9.80667,308.134,263.578,222.528,140.149,93.322,50.570,27.114,12.551
9.81000,308.203,263.711,222.617,140.224,93.320,50.569,27.156,12.523
9.81333,308.318,263.848,222.710,140.297,93.378,50.550,27.072,12.605
9.81667,308.402,263.907,222.810,140.281,93.426,50.547,27.085,12.575
9.82000,308.601,263.942,222.845,140.321,93.467,50.592,27.121,12.610
9.82333,308.626,264.027,222.901,140.403,93.410,50.592,27.150,12.558
9.82667,308.679,264.152,223.032,140.472,93.515,50.624,27.192,12.486
9.83000,308.771,264.077,223.068,140.494,93.512,50.683,27.125,12.550
9.83333,308.857,264.217,223.077,140.538,93.561,50.670,27.197,12.655
9.83667,309.026,264.315,223.225,140.610,93.523,50.666,27.175,12.583
9.84000,309.100,264.463,223.313,140.628,93.610,50.719,27.230,12.548
9.84333,309.124,264.515,223.336,140.635,93.658,50.760,27.263,12.591
9.84667,309.259,264.613,223.378,140.727,93.635,50.690,27.203,12.613
9.85000,309.404,264.692,223.536,140.793,93.710,50.738,27.258,12.615
9.85333,309.439,264.753,223.528,140.766,93.754,50.697,27.305,12.634
9.85667,309.564,264.828,223.595,140.853,93.681,50.761,27.210,12.578
9.86000,309.633,264.938,223.663,140.892,93.744,50.775,27.168,12.633
9.86333,309.738,265.029,223.725,140.944,93.851,50.844,27.274,12.621
9.86667,309.779,265.160,223.852,140.984,93.799,50.844,27.254,12.600
9.87000,309.952,265.168,223.919,141.003,93.908,50.842,27.280,12.654
9.87333,310.061,265.271,223.975,141.066,93.891,50.846,27.253,12.615
9.87667,310.106,265.331,224.098,141.176,93.952,50.812,27.293,12.565
9.88000,310.199,265.482,224.132,141.090,93.917,50.928,27.231,12.644
9.88333,310.272,265.482,224.158,141.165,93.978,50.975,27.388,12.639
9.88667,310.357,265.593,224.269,141.236,94.020,50.913,27.278,12.658
9.89000,310.436,265.661,224.340,141.258,93.972,50.901,27.307,12.697
9.89333,310.567,265.726,224.363,141.236,94.042,50.948,27.374,12.664
9.89667,310.667,265.786,224.424,141.295,94.119,50.946,27.370,12.713
9.90000,310.726,265.936,224.472,141.419,94.128,50.976,27.388,12.687
9.90333,310.874,265.965,224.599,141.414,94.103,51.021,27.386,12.658
9.90667,310.950,266.074,224.664,141.579,94.205,51.022,27.381,12.671
9.91000,311.061,266.159,224.670,141.529,94.209,50.997,27.390,12.657
9.91333,311.157,266.241,224.763,141.632,94.230,51.060,27.393,12.697
9.91667,311.223,266.310,224.807,141.605,94.231,51.080,27.435,12.701
9.92000,311.313,266.384,224.872,141.596,94.322,51.129,27.383,12.709
9.92333,311.409,266.430,224.927,141.633,94.309,51.046,27.399,12.604
9.92667,311.529,266.577,225.070,141.709,94.352,51.083,27.327,12.711
9.93000,311.536,266.583,225.153,141.789,94.305,51.122,27.394,12.765
9.93333,311.656,266.578,225.127,141.834,94.428,51.158,27.466,12.680
9.93667,311.790,266.785,225.263,141.822,94.430,51.182,27.464,12.695
9.94000,311.905,266.832,225.285,141.869,94.463,51.170,27.448,12.770
9.94333,312.007,266.875,225.357,141.940,94.461,51.184,27.439,12.710
9.94667,312.074,267.025,225.413,141.911,94.518,51.174,27.446,12.670
9.95000,312.137,267.079,225.423,142.001,94.462,51.165,27.508,12.752
9.95333,312.266,267.100,225.549,142.081,94.512,51.176,27.462,12.746
9.95667,312.341,267.233,225.575,142.113,94.603,51.258,27.490,12.695
9.96000,312.454,267.375,225.678,142.142,94.566,51.211,27.529,12.779
9.96333,312.535,267.331,225.728,142.138,94.615,51.268,27.538,12.693
9.96667,312.592,267.514,225.828,142.211,94.624,51.256,27.548,12.699
9.97000,312.715,267.485,225.898,142.328,94.628,51.303,27.468,12.780
9.97333,312.813,267.570,225.943,142.293,94.684,51.312,27.517,12.783
9.97667,312.840,267.739,226.014,142.351,94.753,51.340,27.565,12.751
9.98000,312.955,267.800,226.082,142.371,94.804,51.335,27.539,12.766
9.98333,313.013,267.775,226.128,142.442,94.828,51.365,27.637,12.755
9.98667,313.156,267.896,226.175,142.494,94.815,51.406,27.643,12.757
9.99000,313.278,268.020,226.270,142.516,94.815,51.396,27.525,12.701
9.99333,313.382,268.067,226.307,142.555,94.865,51.379,27.630,12.761
9.99667,313.424,268.160,226.357,142.613,94.903,51.441,27.598,12.799
10.00000,313.471,268.261,226.436,142.537,94.984,51.373,27.567,12.705
10.00333,313.581,268.286,226.461,142.653,94.994,51.439,27.583,12.776
10.00667,313.638,268.284,226.504,142.686,94.943,51.485,27.608,12.845
10.01000,313.693,268.386,226.552,142.651,94.970,51.493,27.696,12.852
10.01333,313.857,268.541,226.779,142.864,95.069,51.508,27.633,12.863
10.01667,313.890,268.543,226.777,142.895,95.080,51.495,27.636,12.858
10.02000,314.000,268.704,226.848,142.878,95.135,51.463,27.626,12.763
10.02333,314.053,268.754,226.888,142.995,95.070,51.501,27.682,12.806
10.02667,314.148,268.857,226.905,142.946,95.183,51.493,27.592,12.757
10.03000,314.196,268.913,227.007,143.016,95.253,51.544,27.722,12.835
10.03333,314.342,268.956,227.079,143.018,95.208,51.614,27.641,12.828
10.03667,314.499,269.084,227.113,143.044,95.237,51.567,27.737,12.843
10.04000,314.491,269.121,227.164,143.094,95.228,51.636,27.731,12.876
10.04333,314.575,269.155,227.318,143.123,95.263,51.573,27.684,12.828
10.04667,314.689,269.229,227.312,143.174,95.263,51.594,27.691,12.805
10.05000,314.780,269.286,227.383,143.194,95.339,51.614,27.724,12.830
10.05333,314.822,269.373,227.453,143.259,95.319,51.639,27.771,12.867
10.05667,314.971,269.454,227.437,143.305,95.352,51.622,27.820,12.871
10.06000,315.027,269.559,227.569,143.357,95.377,51.706,27.718,12.837
10.06333,315.042,269.604,227.599,143.305,95.420,51.749,27.792,12.814
10.06667,315.175,269.712,227.717,143.366,95.393,51.680,27.789,12.883
10.07000,315.301,269.749,227.807,143.454,95.513,51.705,27.792,12.877
10.07333,315.319,269.797,227.818,143.503,95.509,51.723,27.738,12.824
10.07667,315.395,269.870,227.848,143.522,95.501,51.788,27.719,12.803
10.08000,315.522,270.014,227.986,143.544,95.539,51.757,27.793,12.816
10.08333,315.626,269.983,227.971,143.578,95.560,51.757,27.779,12.852
10.08667,315.679,270.115,228.072,143.562,95.543,51.808,27.774,12.873
10.09000,315.773,270.123,228.135,143.642,95.670,51.832,27.879,12.883
10.09333,315.860,270.270,228.124,143.705,95.657,51.864,27.816,12.883
10.09667,315.956,270.352,228.191,143.742,95.626,51.826,27.849,12.852
10.10000,316.030,270.417,228.303,143.760,95.771,51.837,27.823,12.833
10.10333,316.123,270.471,228.365,143.837,95.771,51.883,27.886,12.869
10.10667,316.192,270.507,228.447,143.831,95.731,51.880,27.843,12.978
10.11000,316.207,270.619,228.503,143.885,95.756,51.945,27.857,12.923
10.11333,316.360,270.701,228.551,143.931,95.808,51.908,27.781,12.904
10.11667,316.435,270.778,228.566,143.971,95.760,51.925,27.889,12.904
10.12000,316.509,270.798,228.698,143.961,95.770,51.977,27.892,12.883
10.12333,316.570,270.866,228.776,144.089,95.849,51.946,27.875,12.980
10.12667,316.653,270.936,228.765,144.055,95.884,52.052,27.867,12.888
10.13000,316.739,271.026,228.877,144.152,95.885,51.964,27.910,12.940
10.13333,316.793,271.020,228.880,144.166,95.974,51.992,27.906,12.836
10.13667,316.845,271.120,229.010,144.209,95.991,52.022,27.866,12.923
10.14000,317.028,271.199,228.989,144.234,95.962,52.023,27.921,12.959
10.14333,316.996,271.293,229.017,144.203,96.021,52.074,27.956,12.920
10.14667,317.139,271.443,229.155,144.328,96.053,52.023,27.960,13.000
10.15000,317.192,271.457,229.131,144.388,96.074,52.084,27.951,12.877
10.15333,317.355,271.499,229.248,144.393,96.115,52.154,27.948,12.951
10.15667,317.359,271.554,229.271,144.369,96.086,52.055,27.991,12.960
10.16000,317.508,271.613,229.333,144.455,96.116,52.139,27.966,12.910
10.16333,317.562,271.696,229.389,144.452,96.142,52.173,27.973,13.023
10.16667,317.620,271.798,229.460,144.533,96.222,52.082,28.031,12.960
10.17000,317.715,271.917,229.460,144.487,96.193,52.142,27.974,13.002
10.17333,317.766,271.956,229.580,144.601,96.230,52.160,27.934,12.954
10.17667,317.883,272.042,229.645,144.582,96.273,52.100,27.945,12.981
10.18000,317.954,272.062,229.643,144.638,96.279,52.182,27.962,12.995
10.18333,317.969,272.100,229.782,144.657,96.335,52.185,27.990,12.894
10.18667,318.068,272.225,229.813,144.717,96.272,52.214,28.054,12.956
10.19000,318.146,272.226,229.817,144.751,96.349,52.253,28.057,12.988
10.19333,318.220,272.314,229.841,144.763,96.383,52.227,28.037,13.002
10.19667,318.359,272.380,229.964,144.847,96.353,52.210,28.062,13.022
10.20000,318.427,272.431,229.975,144.900,96.396,52.207,28.052,12.942
10.20333,318.546,272.517,230.059,144.867,96.489,52.291,28.038,13.011
10.20667,318.551,272.591,230.174,144.899,96.376,52.261,28.099,12.995
10.21000,318.594,272.678,230.119,144.951,96.483,52.246,28.058,12.936
10.21333,318.661,272.687,230.244,144.926,96.572,52.291,28.022,13.008
10.21667,318.818,272.740,230.361,145.048,96.462,52.316,28.084,13.021
10.22000,318.852,272.799,230.356,145.109,96.561,52.340,28.102,12.981
10.22333,318.954,272.897,230.404,145.107,96.583,52.333,28.094,12.929
10.22667,319.026,272.881,230.359,145.151,96.602,52.379,28.154,12.993
10.23000,319.132,273.054,230.447,145.212,96.678,52.347,28.080,12.997
10.23333,319.155,273.157,230.563,145.174,96.657,52.365,28.071,12.998
10.23667,319.318,273.172,230.646,145.251,96.730,52.364,28.083,12.984
10.24000,319.293,273.259,230.731,145.318,96.686,52.437,28.181,12.912
10.24333,319.401,273.277,230.729,145.335,96.754,52.362,28.131,13.033
10.24667,319.482,273.311,230.735,145.315,96.722,52.460,28.132,13.031
10.25000,319.525,273.501,230.873,145.350,96.732,52.463,28.185,13.020
10.25333,319.601,273.444,230.895,145.427,96.768,52.484,28.196,13.001
10.25667,319.641,273.546,230.921,145.483,96.867,52.435,28.126,13.036
10.26000,319.750,273.613,230.976,145.477,96.856,52.511,28.134,13.016
10.26333,319.807,273.583,231.010,145.522,96.861,52.497,28.109,12.995
10.26667,319.800,273.775,231.089,145.556,96.891,52.499,28.213,13.067
10.27000,319.967,273.730,231.163,145.577,96.881,52.522,28.190,13.004
10.27333,320.018,273.811,231.203,145.539,96.864,52.488,28.158,13.063
10.27667,320.131,273.955,231.246,145.645,96.892,52.574,28.178,12.972
10.28000,320.178,274.060,231.297,145.624,96.985,52.588,28.291,13.052
10.28333,320.250,274.002,231.378,145.759,97.003,52.612,28.190,13.035
10.28667,320.316,274.134,231.400,145.752,97.057,52.638,28.173,13.090
10.29000,320.454,274.148,231.546,145.788,97.027,52.623,28.294,13.080
10.29333,320.439,274.215,231.519,145.799,97.053,52.633,28.211,13.102
10.29667,320.603,274.361,231.513,145.795,97.087,52.615,28.276,13.051
10.30000,320.611,274.358,231.670,145.918,97.102,52.631,28.276,13.124
10.30333,320.621,274.397,231.685,145.885,97.106,52.592,28.297,13.127
10.30667,320.789,274.537,231.783,145.930,97.186,52.629,28.192,13.052
10.31000,320.846,274.539,231.793,145.991,97.188,52.644,28.246,13.069
10.31333,320.886,274.598,231.757,146.032,97.190,52.687,28.234,13.105
10.31667,320.966,274.659,231.932,146.057,97.229,52.719,28.279,13.121
10.32000,320.998,274.664,231.966,146.048,97.197,52.735,28.260,13.131
10.32333,321.101,274.759,231.996,146.169,97.295,52.731,28.300,13.070
10.32667,321.137,274.822,232.031,146.145,97.339,52.769,28.276,13.065
10.33000,321.243,274.900,232.089,146.135,97.221,52.776,28.295,13.156
10.33333,321.317,274.970,232.128,146.269,97.412,52.717,28.309,13.096
10.33667,321.402,275.005,232.105,146.227,97.332,52.759,28.345,13.146
10.34000,321.420,275.139,232.265,146.286,97.397,52.796,28.297,13.162
10.34333,321.612,275.182,232.264,146.301,97.395,52.819,28.329,13.118
10.34667,321.592,275.231,232.334,146.397,97.381,52.849,28.342,13.067
10.35000,321.730,275.255,232.388,146.357,97.496,52.813,28.300,13.085
10.35333,321.698,275.287,232.462,146.399,97.359,52.807,28.382,13.097
10.35667,321.762,275.352,232.478,146.403,97.499,52.841,28.333,13.098
10.36000,321.878,275.430,232.491,146.418,97.427,52.842,28.352,13.212
10.36333,321.915,275.463,232.668,146.470,97.544,52.798,28.391,13.058
10.36667,321.959,275.616,232.701,146.498,97.529,52.858,28.333,13.184
10.37000,322.095,275.643,232.661,146.552,97.563,52.854,28.363,13.159
10.37333,322.174,275.640,232.772,146.550,97.586,52.877,28.424,13.137
10.37667,322.238,275.723,232.786,146.586,97.541,52.931,28.423,13.136
10.38000,322.274,275.785,232.840,146.599,97.636,52.903,28.439,13.086
10.38333,322.383,275.825,232.873,146.720,97.624,52.923,28.429,13.146
10.38667,322.418,275.927,232.941,146.657,97.614,52.908,28.470,13.190
10.39000,322.454,275.975,233.008,146.758,97.686,52.989,28.417,13.161
10.39333,322.590,276.033,233.053,146.754,97.647,52.942,28.435,13.234
10.39667,322.642,276.112,233.068,146.872,97.713,52.977,28.449,13.138
10.40000,322.701,276.046,233.158,146.855,97.662,52.952,28.495,13.206
10.40333,322.767,276.128,233.195,146.787,97.730,52.932,28.370,13.128
10.40667,322.869,276.221,233.211,146.827,97.788,52.981,28.430,13.133
10.41000,322.906,276.297,233.303,146.848,97.807,53.050,28.459,13.187
10.41333,322.931,276.363,233.296,146.939,97.832,53.072,28.402,13.185
10.41667,323.013,276.417,233.360,146.966,97.768,53.065,28.502,13.167
10.42000,323.055,276.466,233.413,147.038,97.848,52.996,28.417,13.194
10.42333,323.138,276.508,233.452,147.064,97.903,53.064,28.468,13.175
10.42667,323.171,276.587,233.506,147.034,97.952,53.104,28.466,13.153
10.43000,323.270,276.628,233.533,147.146,97.909,53.077,28.529,13.129
10.43333,323.334,276.683,233.644,147.153,97.921,53.116,28.525,13.194
10.43667,323.411,276.771,233.561,147.171,97.987,53.131,28.528,13.174
10.44000,323.493,276.773,233.778,147.221,98.022,53.103,28.524,13.196
10.44333,323.569,276.842,233.804,147.201,97.953,53.132,28.453,13.176
10.44667,323.580,276.867,233.796,147.240,98.037,53.095,28.563,13.196
10.45000,323.633,277.016,233.853,147.259,98.008,53.175,28.568,13.189
10.45333,323.758,277.075,233.886,147.349,98.020,53.155,28.539,13.196
10.45667,323.796,277.040,233.946,147.312,98.102,53.162,28.617,13.195
10.46000,323.859,277.161,234.023,147.289,98.054,53.212,28.575,13.188
10.46333,323.924,277.175,234.056,147.373,98.204,53.170,28.550,13.247
10.46667,323.959,277.198,234.053,147.399,98.148,53.207,28.526,13.208
10.47000,324.042,277.301,234.090,147.461,98.105,53.197,28.588,13.157
10.47333,324.078,277.319,234.183,147.452,98.194,53.245,28.539,13.239
10.47667,324.218,277.413,234.202,147.466,98.233,53.245,28.580,13.163
10.48000,324.242,277.431,234.227,147.540,98.279,53.260,28.567,13.269
10.48333,324.349,277.512,234.276,147.575,98.234,53.271,28.601,13.228
10.48667,324.367,277.565,234.363,147.645,98.231,53.271,28.618,13.235
10.49000,324.459,277.610,234.452,147.655,98.247,53.295,28.602,13.253
10.49333,324.422,277.665,234.380,147.657,98.315,53.308,28.608,13.181
10.49667,324.632,277.817,234.469,147.705,98.336,53.300,28.604,13.290
10.50000,324.562,277.800,234.561,147.732,98.343,53.275,28.654,13.236
10.50333,324.658,277.833,234.595,147.757,98.326,53.326,28.644,13.217
10.50667,324.788,277.874,234.660,147.721,98.355,53.272,28.631,13.260
10.51000,324.838,277.911,234.641,147.809,98.286,53.298,28.576,13.214
10.51333,324.864,277.974,234.723,147.872,98.442,53.346,28.691,13.241
10.51667,324.973,278.026,234.740,147.837,98.448,53.346,28.619,13.179
10.52000,324.974,278.077,234.770,147.897,98.422,53.393,28.624,13.239
10.52333,325.000,278.184,234.854,147.909,98.448,53.325,28.645,13.309
10.52667,325.157,278.212,234.847,147.919,98.508,53.376,28.603,13.271
10.53000,325.139,278.264,234.940,147.983,98.493,53.404,28.719,13.275
10.53333,325.229,278.226,234.965,147.971,98.513,53.385,28.644,13.278
10.53667,325.210,278.384,235.069,148.036,98.558,53.437,28.640,13.262
10.54000,325.288,278.350,235.003,148.052,98.537,53.355,28.696,13.213
10.54333,325.393,278.482,235.047,148.056,98.597,53.469,28.709,13.313
10.54667,325.445,278.491,235.132,148.083,98.596,53.458,28.703,13.290
10.55000,325.441,278.604,235.220,148.129,98.560,53.502,28.675,13.244
10.55333,325.568,278.639,235.249,148.154,98.572,53.487,28.703,13.272
10.55667,325.619,278.603,235.211,148.129,98.706,53.473,28.732,13.195
10.56000,325.719,278.685,235.273,148.107,98.651,53.455,28.772,13.291
10.56333,325.731,278.797,235.379,148.259,98.669,53.438,28.761,13.303
10.56667,325.854,278.801,235.355,148.229,98.749,53.405,28.698,13.299
10.57000,325.839,278.851,235.504,148.269,98.737,53.507,28.717,13.320
10.57333,325.905,278.891,235.486,148.238,98.788,53.534,28.736,13.283
10.57667,325.975,278.980,235.516,148.294,98.735,53.544,28.810,13.327
10.58000,326.026,278.985,235.592,148.326,98.820,53.545,28.736,13.302
10.58333,326.097,279.089,235.593,148.412,98.685,53.567,28.707,13.271
10.58667,326.207,279.127,235.716,148.388,98.825,53.583,28.733,13.319
10.59000,326.196,279.163,235.737,148.460,98.773,53.575,28.784,13.268
10.59333,326.265,279.212,235.714,148.409,98.885,53.599,28.806,13.350
10.59667,326.302,279.317,235.761,148.519,98.890,53.621,28.839,13.282
10.60000,326.377,279.317,235.759,148.512,98.836,53.560,28.792,13.337
10.60333,326.455,279.302,235.826,148.571,98.878,53.614,28.757,13.298
10.60667,326.451,279.381,235.918,148.520,98.909,53.618,28.744,13.279
10.61000,326.519,279.400,235.863,148.595,98.925,53.580,28.822,13.276
10.61333,326.603,279.457,236.007,148.644,98.900,53.628,28.818,13.332
10.61667,326.642,279.519,236.017,148.606,98.913,53.663,28.711,13.324
10.62000,326.694,279.600,236.078,148.632,98.953,53.696,28.776,13.308
10.62333,326.770,279.675,236.057,148.697,98.978,53.676,28.851,13.314
10.62667,326.770,279.624,236.128,148.771,99.041,53.634,28.815,13.347
10.63000,326.920,279.706,236.164,148.733,98.967,53.671,28.823,13.396
10.63333,326.932,279.848,236.182,148.812,98.992,53.718,28.858,13.248
10.63667,327.005,279.841,236.233,148.759,99.083,53.687,28.876,13.324
10.64000,327.059,279.854,236.312,148.774,99.065,53.706,28.808,13.347
10.64333,327.054,279.955,236.402,148.827,99.050,53.709,28.858,13.270
10.64667,327.120,279.981,236.395,148.920,99.130,53.741,28.886,13.332
10.65000,327.280,280.050,236.422,148.880,99.144,53.726,28.836,13.282
10.65333,327.236,280.078,236.456,148.888,99.146,53.746,28.851,13.323
10.65667,327.317,280.150,236.501,148.931,99.139,53.719,28.841,13.320
10.66000,327.358,280.163,236.540,148.943,99.110,53.781,28.878,13.347
10.66333,327.442,280.179,236.554,148.957,99.231,53.775,28.884,13.354
10.66667,327.490,280.244,236.638,148.978,99.217,53.749,28.908,13.367
10.67000,327.625,280.267,236.595,149.079,99.228,53.742,28.853,13.423
10.67333,327.650,280.338,236.640,149.099,99.251,53.843,28.849,13.325
10.67667,327.667,280.398,236.766,149.058,99.215,53.839,28.855,13.353
10.68000,327.717,280.411,236.849,149.104,99.264,53.802,28.840,13.322
10.68333,327.747,280.506,236.888,149.068,99.275,53.776,28.939,13.367
10.68667,327.863,280.470,236.913,149.133,99.357,53.844,28.935,13.343
10.69000,327.874,280.550,236.894,149.175,99.312,53.858,28.928,13.341
10.69333,327.902,280.583,236.892,149.243,99.315,53.892,29.000,13.436
10.69667,328.017,280.681,236.938,149.271,99.296,53.854,28.915,13.397
10.70000,328.033,280.742,236.994,149.235,99.367,53.863,28.899,13.379
10.70333,328.026,280.794,237.043,149.265,99.338,53.946,29.002,13.415
10.70667,328.191,280.782,237.069,149.329,99.415,53.892,28.941,13.374
10.71000,328.150,280.766,237.159,149.243,99.406,53.890,28.939,13.425
10.71333,328.200,280.853,237.181,149.254,99.449,53.894,28.979,13.426
10.71667,328.258,280.859,237.215,149.410,99.458,53.948,28.925,13.407
10.72000,328.362,280.932,237.302,149.392,99.437,53.919,28.985,13.363
10.72333,328.311,280.984,237.230,149.451,99.428,53.904,28.987,13.379
10.72667,328.506,281.109,237.330,149.464,99.512,53.909,28.937,13.404
10.73000,328.509,281.090,237.394,149.505,99.445,54.016,28.999,13.390
10.73333,328.575,281.094,237.377,149.499,99.545,53.990,29.013,13.405
10.73667,328.592,281.197,237.466,149.527,99.526,53.975,28.984,13.449
10.74000,328.686,281.239,237.458,149.549,99.561,53.947,29.031,13.340
10.74333,328.739,281.243,237.491,149.590,99.565,54.008,29.003,13.417
10.74667,328.703,281.402,237.477,149.544,99.613,53.973,28.998,13.380
10.75000,328.837,281.391,237.591,149.576,99.585,53.954,28.985,13.393
10.75333,328.869,281.369,237.603,149.591,99.575,54.000,29.061,13.372
10.75667,328.890,281.439,237.603,149.666,99.665,54.024,29.011,13.366
10.76000,328.941,281.472,237.677,149.695,99.624,54.032,28.996,13.403
10.76333,328.965,281.483,237.716,149.659,99.678,54.064,29.015,13.401
10.76667,329.023,281.544,237.722,149.690,99.624,54.111,29.072,13.418
10.77000,329.035,281.582,237.745,149.761,99.652,54.075,29.052,13.343
10.77333,329.059,281.725,237.788,149.820,99.685,54.099,29.033,13.386
10.77667,329.151,281.652,237.846,149.815,99.734,54.119,29.099,13.395
10.78000,329.253,281.788,237.917,149.806,99.691,54.073,29.073,13.381
10.78333,329.333,281.813,237.931,149.825,99.814,54.092,29.015,13.450
10.78667,329.297,281.835,237.941,149.823,99.756,54.158,29.058,13.483
10.79000,329.354,281.903,238.006,149.888,99.798,54.107,29.077,13.381
10.79333,329.453,281.902,238.012,149.895,99.754,54.090,29.017,13.439
10.79667,329.489,282.032,238.029,149.913,99.810,54.097,29.131,13.366
10.80000,329.499,281.982,238.132,149.953,99.828,54.151,29.058,13.382
10.80333,329.590,281.990,238.125,149.995,99.855,54.206,29.058,13.405
10.80667,329.660,282.114,238.114,150.025,99.913,54.141,29.062,13.434
10.81000,329.720,282.155,238.241,149.987,99.857,54.135,29.103,13.422
10.81333,329.726,282.144,238.196,149.992,99.776,54.147,29.093,13.428
10.81667,329.736,282.199,238.312,150.067,99.898,54.211,29.084,13.407
10.82000,329.825,282.234,238.321,150.047,99.896,54.166,29.173,13.501
10.82333,329.855,282.313,238.385,150.076,99.927,54.158,29.172,13.443
10.82667,329.915,282.271,238.339,150.025,99.971,54.188,29.150,13.508
10.83000,329.977,282.367,238.404,150.195,99.961,54.193,29.139,13.453
10.83333,330.034,282.436,238.451,150.168,99.938,54.145,29.149,13.424
10.83667,330.007,282.470,238.466,150.147,99.988,54.180,29.038,13.502
10.84000,330.074,282.525,238.400,150.188,99.998,54.227,29.086,13.510
10.84333,330.108,282.554,238.517,150.141,99.994,54.206,29.158,13.457
10.84667,330.209,282.573,238.572,150.203,100.011,54.258,29.160,13.470
10.85000,330.209,282.627,238.552,150.282,100.034,54.357,29.121,13.466
10.85333,330.295,282.649,238.586,150.301,100.097,54.237,29.213,13.416
10.85667,330.334,282.714,238.627,150.315,100.067,54.286,29.160,13.496
10.86000,330.418,282.731,238.739,150.305,100.051,54.255,29.200,13.442
10.86333,330.384,282.820,238.711,150.334,100.041,54.274,29.064,13.484
10.86667,330.408,282.745,238.836,150.302,100.060,54.276,29.174,13.470
10.87000,330.554,282.870,238.736,150.408,100.161,54.314,29.151,13.465
10.87333,330.587,282.868,238.852,150.470,100.119,54.315,29.192,13.468
10.87667,330.540,282.954,238.857,150.453,100.061,54.329,29.156,13.525
10.88000,330.639,282.957,238.894,150.463,100.194,54.321,29.136,13.457
10.88333,330.631,282.992,238.964,150.496,100.126,54.299,29.173,13.505
10.88667,330.697,283.042,238.929,150.453,100.167,54.286,29.163,13.455
10.89000,330.728,283.016,238.981,150.486,100.191,54.328,29.203,13.482
10.89333,330.866,283.071,238.995,150.505,100.183,54.333,29.191,13.445
10.89667,330.866,283.188,238.997,150.495,100.170,54.336,29.200,13.543
10.90000,330.892,283.169,239.043,150.529,100.234,54.344,29.179,13.498
10.90333,330.916,283.292,239.165,150.604,100.213,54.331,29.188,13.493
10.90667,331.072,283.291,239.128,150.590,100.229,54.340,29.169,13.497
10.91000,330.958,283.248,239.203,150.635,100.287,54.447,29.204,13.434
10.91333,331.179,283.347,239.139,150.672,100.306,54.436,29.164,13.443
10.91667,331.102,283.363,239.295,150.673,100.313,54.365,29.161,13.489
10.92000,331.183,283.389,239.279,150.709,100.287,54.383,29.236,13.507
10.92333,331.224,283.448,239.310,150.734,100.405,54.361,29.229,13.526
10.92667,331.234,283.532,239.340,150.738,100.368,54.400,29.281,13.478
10.93000,331.239,283.519,239.384,150.714,100.330,54.374,29.290,13.575
10.93333,331.354,283.580,239.438,150.783,100.431,54.391,29.214,13.465
10.93667,331.339,283.564,239.463,150.816,100.424,54.391,29.277,13.477
10.94000,331.396,283.681,239.470,150.848,100.409,54.444,29.208,13.482
10.94333,331.466,283.672,239.538,150.768,100.415,54.459,29.278,13.498
10.94667,331.534,283.681,239.461,150.853,100.413,54.437,29.207,13.579
10.95000,331.542,283.760,239.518,150.874,100.420,54.408,29.262,13.497
10.95333,331.556,283.831,239.597,150.911,100.448,54.554,29.185,13.502
10.95667,331.709,283.803,239.610,150.886,100.426,54.479,29.285,13.486
10.96000,331.626,283.792,239.650,150.911,100.556,54.498,29.220,13.463
10.96333,331.683,283.914,239.684,150.915,100.469,54.453,29.201,13.491
10.96667,331.709,283.893,239.682,150.932,100.546,54.470,29.245,13.524
10.97000,331.810,283.971,239.772,150.953,100.532,54.482,29.282,13.524
10.97333,331.866,284.032,239.770,150.996,100.495,54.473,29.271,13.530
10.97667,331.925,284.081,239.802,151.058,100.506,54.558,29.242,13.510
10.98000,331.935,284.081,239.800,151.001,100.528,54.552,29.256,13.463
10.98333,332.021,284.070,239.900,151.047,100.576,54.530,29.341,13.484
10.98667,332.018,284.149,239.936,151.075,100.568,54.497,29.324,13.505
10.99000,332.026,284.201,239.873,151.068,100.578,54.573,29.243,13.550
10.99333,332.161,284.200,239.953,151.037,100.624,54.577,29.304,13.542
10.99667,332.148,284.256,240.011,151.090,100.611,54.543,29.390,13.529
11.00000,332.172,284.246,239.966,151.199,100.614,54.589,29.351,13.531
11.00333,332.227,284.279,239.998,151.132,100.615,54.617,29.263,13.552
11.00667,332.213,284.346,240.060,151.186,100.641,54.621,29.342,13.537
11.01000,332.361,284.390,240.078,151.149,100.716,54.599,29.304,13.595
11.01333,332.343,284.394,240.150,151.232,100.649,54.575,29.356,13.545
11.01667,332.384,284.510,240.159,151.189,100.651,54.539,29.319,13.550
11.02000,332.408,284.501,240.186,151.225,100.709,54.624,29.349,13.524
11.02333,332.434,284.478,240.241,151.276,100.699,54.570,29.396,13.615
11.02667,332.514,284.510,240.177,151.299,100.720,54.617,29.375,13.535
11.03000,332.535,284.550,240.277,151.302,100.702,54.616,29.337,13.586
11.03333,332.563,284.603,240.288,151.361,100.663,54.622,29.362,13.594
11.03667,332.635,284.684,240.339,151.400,100.782,54.590,29.330,13.575
11.04000,332.669,284.633,240.365,151.301,100.775,54.680,29.310,13.549
11.04333,332.715,284.661,240.375,151.368,100.765,54.578,29.322,13.573
11.04667,332.803,284.725,240.392,151.340,100.732,54.661,29.298,13.553
11.05000,332.764,284.746,240.379,151.406,100.829,54.638,29.391,13.558
11.05333,332.735,284.821,240.474,151.438,100.849,54.669,29.384,13.570
11.05667,332.803,284.800,240.517,151.454,100.839,54.655,29.376,13.525
11.06000,332.871,284.891,240.494,151.425,100.834,54.701,29.362,13.529
11.06333,332.906,284.988,240.580,151.456,100.828,54.714,29.326,13.584
11.06667,332.939,284.964,240.597,151.501,100.846,54.657,29.402,13.552
11.07000,332.986,284.998,240.592,151.530,100.921,54.722,29.342,13.584
11.07333,333.063,285.016,240.644,151.551,100.955,54.746,29.419,13.627
11.07667,333.134,285.122,240.667,151.550,100.949,54.779,29.443,13.552
11.08000,333.156,285.103,240.713,151.551,100.901,54.747,29.410,13.545
11.08333,333.175,285.070,240.702,151.575,100.962,54.751,29.437,13.529
11.08667,333.169,285.190,240.769,151.620,100.969,54.748,29.375,13.549
11.09000,333.200,285.147,240.770,151.625,100.925,54.716,29.326,13.556
11.09333,333.209,285.205,240.799,151.604,100.974,54.751,29.443,13.551
11.09667,333.267,285.229,240.852,151.664,100.947,54.778,29.404,13.622
11.10000,333.261,285.320,240.771,151.649,100.948,54.780,29.492,13.621
11.10333,333.368,285.339,240.814,151.654,100.957,54.747,29.398,13.663
11.10667,333.389,285.314,240.834,151.730,101.038,54.777,29.413,13.611
11.11000,333.471,285.312,240.908,151.737,100.972,54.735,29.459,13.610
11.11333,333.454,285.308,240.979,151.715,101.040,54.809,29.437,13.643
11.11667,333.533,285.423,240.978,151.750,101.003,54.753,29.436,13.555
11.12000,333.582,285.458,241.084,151.797,101.035,54.857,29.402,13.580
11.12333,333.562,285.481,241.040,151.735,101.059,54.836,29.440,13.545
11.12667,333.628,285.546,241.000,151.796,101.082,54.783,29.465,13.607
11.13000,333.579,285.535,241.094,151.859,101.067,54.782,29.532,13.589
11.13333,333.657,285.610,241.083,151.828,101.160,54.833,29.466,13.620
11.13667,333.776,285.614,241.121,151.871,101.170,54.805,29.460,13.624
11.14000,333.757,285.630,241.170,151.877,101.063,54.823,29.414,13.637
11.14333,333.798,285.625,241.167,151.843,101.051,54.881,29.452,13.638
11.14667,333.833,285.663,241.185,151.906,101.154,54.891,29.470,13.608
11.15000,333.905,285.722,241.207,151.940,101.164,54.906,29.502,13.617
11.15333,333.882,285.799,241.252,151.912,101.138,54.868,29.408,13.626
11.15667,333.913,285.835,241.335,151.971,101.186,54.852,29.552,13.545
11.16000,334.001,285.855,241.351,151.992,101.154,54.895,29.466,13.607
11.16333,334.045,285.855,241.312,151.982,101.135,54.883,29.503,13.587
11.16667,333.990,285.914,241.397,151.988,101.199,54.967,29.535,13.612
11.17000,334.081,285.904,241.402,152.017,101.187,54.889,29.557,13.614
11.17333,334.174,285.959,241.350,152.068,101.202,54.847,29.497,13.595
11.17667,334.181,285.983,241.495,152.029,101.272,54.935,29.491,13.659
11.18000,334.147,286.010,241.485,152.018,101.205,54.884,29.538,13.597
11.18333,334.187,285.972,241.474,152.084,101.243,54.905,29.474,13.616
11.18667,334.280,286.121,241.574,152.116,101.187,54.952,29.551,13.647
11.19000,334.305,286.095,241.515,152.148,101.249,54.912,29.527,13.633
11.19333,334.263,286.060,241.551,152.162,101.285,55.021,29.507,13.576
11.19667,334.364,286.137,241.551,152.143,101.259,54.909,29.432,13.571
11.20000,334.372,286.175,241.617,152.141,101.336,54.936,29.544,13.649
11.20333,334.470,286.211,241.595,152.168,101.387,54.934,29.541,13.613
11.20667,334.423,286.249,241.649,152.180,101.322,54.929,29.504,13.682
11.21000,334.411,286.264,241.701,152.126,101.342,54.958,29.565,13.669
11.21333,334.500,286.216,241.726,152.248,101.276,54.977,29.533,13.601
11.21667,334.586,286.325,241.726,152.202,101.348,55.017,29.588,13.636
11.22000,334.566,286.279,241.727,152.225,101.401,54.959,29.520,13.611
11.22333,334.557,286.378,241.745,152.277,101.360,55.045,29.529,13.634
11.22667,334.669,286.447,241.836,152.311,101.357,55.014,29.533,13.630
11.23000,334.677,286.373,241.848,152.295,101.442,55.010,29.527,13.646
11.23333,334.714,286.527,241.879,152.275,101.334,55.044,29.598,13.638
11.23667,334.710,286.474,241.821,152.309,101.480,55.013,29.518,13.658
11.24000,334.773,286.482,241.913,152.346,101.462,55.024,29.559,13.654
11.24333,334.832,286.503,241.918,152.397,101.440,55.066,29.558,13.630
11.24667,334.837,286.560,241.958,152.310,101.385,55.017,29.593,13.675
11.25000,334.823,286.642,241.935,152.350,101.441,55.022,29.573,13.695
11.25333,334.908,286.636,242.060,152.353,101.446,54.923,29.567,13.632
11.25667,334.926,286.663,242.035,152.378,101.453,55.023,29.538,13.636
11.26000,335.001,286.692,242.054,152.392,101.503,55.007,29.588,13.625
11.26333,334.981,286.684,242.058,152.404,101.501,55.030,29.528,13.713
11.26667,335.049,286.826,242.081,152.439,101.516,55.098,29.505,13.625
11.27000,335.058,286.760,242.113,152.446,101.472,55.030,29.621,13.683
11.27333,335.093,286.745,242.155,152.429,101.549,55.055,29.628,13.663
11.27667,335.109,286.761,242.197,152.476,101.567,55.081,29.499,13.659
11.28000,335.099,286.837,242.179,152.483,101.569,55.103,29.614,13.659
11.28333,335.205,286.822,242.201,152.517,101.526,55.038,29.629,13.700
11.28667,335.168,286.867,242.189,152.532,101.529,55.077,29.574,13.684
11.29000,335.253,286.835,242.231,152.582,101.628,55.178,29.630,13.663
11.29333,335.202,286.978,242.230,152.572,101.580,55.042,29.654,13.732
11.29667,335.294,287.017,242.284,152.628,101.611,55.149,29.584,13.730
11.30000,335.346,287.016,242.291,152.597,101.634,55.088,29.670,13.662
11.30333,335.403,287.043,242.323,152.582,101.574,55.106,29.591,13.647
11.30667,335.358,287.103,242.383,152.584,101.599,55.165,29.595,13.652
11.31000,335.407,287.063,242.465,152.610,101.625,55.090,29.614,13.724
11.31333,335.426,287.157,242.407,152.612,101.601,55.126,29.581,13.709
11.31667,335.505,287.157,242.439,152.678,101.711,55.167,29.631,13.647
11.32000,335.500,287.161,242.429,152.690,101.657,55.118,29.667,13.611
11.32333,335.549,287.148,242.497,152.693,101.692,55.141,29.676,13.665
11.32667,335.561,287.219,242.515,152.719,101.739,55.179,29.603,13.676
11.33000,335.554,287.188,242.521,152.666,101.690,55.190,29.650,13.706
11.33333,335.594,287.297,242.500,152.738,101.714,55.136,29.664,13.707
11.33667,335.636,287.256,242.534,152.752,101.690,55.146,29.665,13.671
11.34000,335.666,287.371,242.535,152.838,101.711,55.224,29.645,13.616
11.34333,335.728,287.389,242.663,152.823,101.733,55.140,29.629,13.641
11.34667,335.784,287.326,242.629,152.821,101.663,55.124,29.668,13.698
11.35000,335.825,287.329,242.714,152.795,101.747,55.175,29.660,13.685
11.35333,335.804,287.419,242.608,152.791,101.753,55.196,29.632,13.688
11.35667,335.819,287.443,242.722,152.827,101.713,55.222,29.644,13.746
11.36000,335.818,287.438,242.739,152.822,101.745,55.218,29.608,13.693
11.36333,335.943,287.459,242.730,152.877,101.756,55.160,29.665,13.735
11.36667,335.908,287.540,242.776,152.894,101.823,55.228,29.678,13.639
11.37000,335.978,287.549,242.770,152.877,101.802,55.199,29.653,13.665
11.37333,335.975,287.540,242.753,152.909,101.750,55.176,29.667,13.641
11.37667,335.952,287.500,242.785,152.850,101.748,55.217,29.675,13.678
11.38000,336.083,287.555,242.815,152.906,101.831,55.220,29.669,13.713
11.38333,336.064,287.584,242.862,152.967,101.806,55.202,29.622,13.701
11.38667,336.148,287.663,242.810,152.864,101.918,55.267,29.644,13.653
11.39000,336.129,287.674,242.861,152.923,101.857,55.223,29.665,13.692
11.39333,336.191,287.684,242.911,153.024,101.857,55.266,29.723,13.720
11.39667,336.188,287.750,242.926,152.927,101.851,55.201,29.718,13.739
11.40000,336.231,287.699,242.975,152.992,101.857,55.179,29.669,13.726
11.40333,336.231,287.716,242.975,152.951,101.928,55.275,29.681,13.792
11.40667,336.241,287.786,242.961,152.981,101.897,55.244,29.704,13.628
11.41000,336.300,287.770,242.981,153.067,101.878,55.315,29.671,13.675
11.41333,336.388,287.776,243.000,153.017,101.801,55.296,29.723,13.670
11.41667,336.307,287.894,243.047,153.039,101.848,55.245,29.722,13.737
11.42000,336.406,287.922,243.151,153.046,101.901,55.316,29.707,13.753
11.42333,336.397,287.962,243.102,153.115,101.876,55.314,29.724,13.753
11.42667,336.419,287.944,243.147,153.113,101.908,55.291,29.707,13.713
11.43000,336.490,287.950,243.177,153.113,101.898,55.230,29.733,13.732
11.43333,336.489,287.960,243.173,153.097,101.957,55.231,29.697,13.708
11.43667,336.517,288.024,243.116,153.065,101.922,55.285,29.746,13.733
11.44000,336.506,287.998,243.140,153.155,101.961,55.317,29.700,13.685
11.44333,336.516,288.065,243.168,153.143,101.975,55.248,29.733,13.724
11.44667,336.612,288.066,243.227,153.091,101.958,55.311,29.736,13.775
11.45000,336.680,288.114,243.289,153.160,101.964,55.354,29.741,13.711
11.45333,336.643,288.092,243.260,153.204,101.938,55.332,29.747,13.627
11.45667,336.686,288.156,243.242,153.212,102.025,55.336,29.787,13.739
11.46000,336.691,288.154,243.284,153.243,101.969,55.389,29.772,13.764
11.46333,336.757,288.198,243.321,153.253,101.954,55.347,29.707,13.731
11.46667,336.709,288.213,243.333,153.289,102.015,55.374,29.758,13.723
11.47000,336.735,288.207,243.372,153.196,102.086,55.336,29.751,13.752
11.47333,336.784,288.272,243.396,153.281,102.040,55.388,29.768,13.758
11.47667,336.829,288.263,243.412,153.300,102.034,55.318,29.738,13.703
11.48000,336.863,288.313,243.470,153.261,102.021,55.449,29.823,13.680
11.48333,336.879,288.266,243.423,153.339,102.118,55.369,29.793,13.752
11.48667,336.924,288.396,243.415,153.281,102.124,55.357,29.796,13.714
11.49000,336.929,288.419,243.420,153.342,102.064,55.383,29.745,13.706
11.49333,336.969,288.371,243.485,153.352,102.030,55.396,29.806,13.730
11.49667,337.008,288.401,243.512,153.324,102.155,55.369,29.773,13.703
11.50000,337.028,288.400,243.510,153.339,102.152,55.429,29.731,13.716
11.50333,336.994,288.430,243.509,153.301,102.148,55.353,29.725,13.667
11.50667,337.062,288.397,243.523,153.359,102.162,55.359,29.784,13.750
11.51000,337.099,288.474,243.585,153.364,102.093,55.405,29.840,13.674
11.51333,337.145,288.513,243.612,153.428,102.141,55.423,29.755,13.745
11.51667,337.131,288.599,243.602,153.400,102.166,55.393,29.751,13.725
11.52000,337.111,288.641,243.665,153.432,102.100,55.425,29.758,13.720
11.52333,337.223,288.495,243.642,153.401,102.098,55.447,29.797,13.770
11.52667,337.219,288.564,243.600,153.438,102.142,55.417,29.882,13.740
11.53000,337.218,288.665,243.658,153.398,102.121,55.437,29.799,13.737
11.53333,337.227,288.638,243.753,153.492,102.237,55.491,29.849,13.711
11.53667,337.309,288.606,243.626,153.395,102.162,55.350,29.745,13.782
11.54000,337.314,288.721,243.742,153.539,102.197,55.463,29.793,13.795
11.54333,337.334,288.711,243.747,153.502,102.181,55.383,29.839,13.774
11.54667,337.385,288.801,243.755,153.551,102.222,55.454,29.803,13.782
11.55000,337.339,288.729,243.794,153.512,102.216,55.425,29.801,13.706
11.55333,337.449,288.733,243.836,153.531,102.222,55.427,29.784,13.729
11.55667,337.360,288.735,243.824,153.501,102.189,55.532,29.847,13.703
11.56000,337.379,288.807,243.855,153.567,102.267,55.508,29.875,13.811
11.56333,337.418,288.788,243.884,153.582,102.248,55.482,29.833,13.730
11.56667,337.550,288.785,243.874,153.620,102.272,55.498,29.828,13.726
11.57000,337.511,288.839,243.928,153.527,102.251,55.477,29.891,13.756
11.57333,337.609,288.928,243.892,153.571,102.357,55.511,29.834,13.750
11.57667,337.507,288.916,243.999,153.589,102.345,55.491,29.775,13.680
11.58000,337.513,288.929,244.049,153.665,102.261,55.526,29.835,13.718
11.58333,337.607,288.960,243.918,153.669,102.331,55.525,29.758,13.755
11.58667,337.665,288.907,243.928,153.649,102.318,55.430,29.844,13.767
11.59000,337.653,288.929,244.067,153.622,102.262,55.533,29.830,13.823
11.59333,337.671,289.025,244.001,153.684,102.243,55.498,29.818,13.807
11.59667,337.723,289.005,244.028,153.665,102.334,55.511,29.785,13.761
11.60000,337.740,289.034,244.049,153.679,102.314,55.494,29.811,13.828
11.60333,337.790,289.068,244.033,153.691,102.373,55.512,29.892,13.746
11.60667,337.756,289.074,244.130,153.636,102.330,55.561,29.842,13.759
11.61000,337.795,289.072,244.060,153.722,102.263,55.521,29.821,13.780
11.61333,337.799,289.123,244.043,153.709,102.311,55.518,29.918,13.718
11.61667,337.819,289.115,244.086,153.742,102.444,55.573,29.849,13.751
11.62000,337.908,289.141,244.151,153.728,102.370,55.464,29.826,13.814
11.62333,337.939,289.214,244.158,153.721,102.372,55.554,29.869,13.811
11.62667,337.859,289.182,244.174,153.737,102.432,55.524,29.794,13.775
11.63000,337.930,289.232,244.125,153.722,102.425,55.542,29.790,13.790
11.63333,337.955,289.224,244.166,153.746,102.397,55.551,29.900,13.785
11.63667,337.999,289.237,244.216,153.810,102.396,55.527,29.857,13.761
11.64000,337.984,289.229,244.187,153.758,102.394,55.573,29.862,13.753
11.64333,337.967,289.280,244.196,153.802,102.368,55.619,29.832,13.782
11.64667,338.061,289.327,244.252,153.860,102.387,55.510,29.893,13.761
11.65000,338.054,289.269,244.343,153.907,102.422,55.561,29.803,13.776
11.65333,338.055,289.337,244.287,153.837,102.435,55.559,29.881,13.712
11.65667,338.085,289.355,244.299,153.853,102.366,55.625,29.915,13.722
11.66000,338.137,289.422,244.323,153.856,102.477,55.576,29.868,13.778
11.66333,338.159,289.439,244.435,153.853,102.463,55.639,29.883,13.778
11.66667,338.190,289.447,244.304,153.848,102.436,55.607,29.887,13.762
11.67000,338.196,289.452,244.409,153.923,102.433,55.614,29.866,13.801
11.67333,338.188,289.444,244.392,153.878,102.487,55.565,29.844,13.777
11.67667,338.208,289.492,244.419,153.984,102.477,55.611,29.920,13.757
11.68000,338.245,289.464,244.424,153.955,102.467,55.558,29.874,13.746
11.68333,338.229,289.490,244.451,153.991,102.531,55.603,29.916,13.745
11.68667,338.286,289.497,244.480,153.957,102.511,55.650,29.909,13.745
11.69000,338.324,289.553,244.432,153.908,102.546,55.603,29.913,13.817
11.69333,338.334,289.544,244.473,153.966,102.527,55.605,29.955,13.756
11.69667,338.348,289.569,244.512,154.015,102.478,55.596,29.895,13.744
11.70000,338.401,289.543,244.485,153.965,102.526,55.574,29.922,13.773
11.70333,338.445,289.644,244.583,153.945,102.510,55.584,29.925,13.786
11.70667,338.445,289.590,244.611,153.983,102.558,55.641,29.919,13.787
11.71000,338.445,289.714,244.605,154.032,102.528,55.640,29.827,13.794
11.71333,338.489,289.743,244.587,154.019,102.602,55.590,29.981,13.740
11.71667,338.450,289.660,244.557,154.017,102.555,55.605,29.903,13.821
11.72000,338.503,289.714,244.597,154.023,102.589,55.605,29.896,13.817
11.72333,338.524,289.798,244.609,154.047,102.596,55.669,29.909,13.733
11.72667,338.541,289.734,244.648,154.058,102.594,55.677,29.890,13.753
11.73000,338.580,289.704,244.639,154.038,102.563,55.580,29.915,13.819
11.73333,338.547,289.775,244.752,154.085,102.607,55.648,29.892,13.678
11.73667,338.637,289.815,244.735,154.067,102.564,55.635,29.891,13.807
11.74000,338.626,289.852,244.668,154.092,102.628,55.645,29.934,13.791
11.74333,338.598,289.856,244.768,154.155,102.671,55.728,29.886,13.789
11.74667,338.667,289.884,244.715,154.133,102.582,55.650,29.991,13.758
11.75000,338.702,289.881,244.798,154.096,102.592,55.609,29.890,13.788
11.75333,338.743,289.876,244.771,154.045,102.691,55.679,29.853,13.784
11.75667,338.740,289.896,244.763,154.148,102.576,55.670,29.914,13.827
11.76000,338.759,289.932,244.770,154.174,102.633,55.687,29.923,13.732
11.76333,338.841,289.926,244.832,154.178,102.620,55.663,29.879,13.782
11.76667,338.769,289.929,244.826,154.134,102.591,55.636,29.919,13.817
11.77000,338.791,290.003,244.807,154.170,102.666,55.665,30.020,13.809
11.77333,338.819,290.052,244.828,154.064,102.649,55.709,29.941,13.770
11.77667,338.862,289.975,244.866,154.185,102.686,55.731,29.873,13.777
11.78000,338.867,290.037,244.890,154.212,102.663,55.670,29.978,13.876
11.78333,338.886,290.090,244.888,154.121,102.611,55.695,29.943,13.831
11.78667,338.881,289.985,244.892,154.222,102.546,55.707,29.937,13.834
11.79000,338.897,290.068,244.938,154.269,102.656,55.701,29.901,13.740
11.79333,338.938,290.062,244.999,154.267,102.698,55.691,29.968,13.805
11.79667,338.975,290.108,244.924,154.284,102.705,55.730,29.831,13.827
11.80000,338.956,290.144,244.955,154.222,102.737,55.723,29.973,13.830
11.80333,339.024,290.145,244.978,154.299,102.697,55.687,29.954,13.807
11.80667,338.967,290.109,245.020,154.271,102.734,55.774,30.005,13.721
11.81000,338.990,290.101,245.015,154.272,102.739,55.717,29.970,13.864
11.81333,339.159,290.211,245.037,154.272,102.697,55.767,29.967,13.829
11.81667,339.044,290.168,245.047,154.301,102.758,55.736,29.991,13.836
11.82000,339.053,290.265,244.963,154.359,102.728,55.750,29.988,13.806
11.82333,339.134,290.222,245.019,154.316,102.749,55.794,29.979,13.787
11.82667,339.116,290.262,245.084,154.308,102.732,55.741,29.962,13.814
11.83000,339.155,290.253,245.059,154.366,102.745,55.787,29.928,13.713
11.83333,339.154,290.250,245.048,154.359,102.829,55.727,29.928,13.786
11.83667,339.210,290.238,245.133,154.339,102.786,55.773,29.974,13.874
11.84000,339.188,290.265,245.092,154.388,102.796,55.749,30.002,13.943
11.84333,339.183,290.329,245.168,154.412,102.836,55.788,29.972,13.811
11.84667,339.283,290.401,245.097,154.345,102.715,55.754,29.971,13.859
11.85000,339.249,290.385,245.138,154.371,102.741,55.726,29.954,13.833
11.85333,339.267,290.409,245.210,154.339,102.812,55.741,29.943,13.826
11.85667,339.240,290.454,245.150,154.404,102.797,55.704,29.963,13.823
11.86000,339.276,290.317,245.207,154.408,102.740,55.768,29.977,13.789
11.86333,339.333,290.440,245.251,154.404,102.760,55.758,29.997,13.786
11.86667,339.376,290.461,245.222,154.379,102.855,55.802,29.989,13.887
11.87000,339.447,290.415,245.230,154.499,102.767,55.779,29.997,13.770
11.87333,339.342,290.447,245.287,154.354,102.826,55.746,29.962,13.851
11.87667,339.403,290.452,245.219,154.449,102.785,55.861,29.975,13.838
11.88000,339.450,290.439,245.319,154.403,102.819,55.814,29.983,13.867
11.88333,339.406,290.588,245.312,154.368,102.839,55.862,29.956,13.798
11.88667,339.425,290.545,245.278,154.501,102.847,55.796,30.013,13.808
11.89000,339.460,290.555,245.373,154.402,102.801,55.784,29.996,13.846
11.89333,339.538,290.595,245.318,154.525,102.813,55.848,29.971,13.832
11.89667,339.451,290.538,245.323,154.488,102.810,55.784,29.996,13.807
11.90000,339.579,290.575,245.346,154.473,102.798,55.759,30.011,13.782
11.90333,339.598,290.605,245.342,154.494,102.849,55.823,29.997,13.822
11.90667,339.499,290.597,245.350,154.467,102.898,55.800,30.025,13.828
11.91000,339.534,290.627,245.396,154.539,102.839,55.872,30.050,13.934
11.91333,339.641,290.702,245.403,154.555,102.932,55.801,29.937,13.803
11.91667,339.518,290.655,245.379,154.515,102.909,55.798,30.078,13.809
11.92000,339.599,290.676,245.402,154.497,102.865,55.870,30.057,13.852
11.92333,339.588,290.601,245.423,154.558,102.895,55.792,29.975,13.833
11.92667,339.641,290.701,245.454,154.581,102.910,55.804,30.061,13.862
11.93000,339.652,290.727,245.490,154.544,102.977,55.789,29.960,13.875
11.93333,339.703,290.711,245.496,154.566,102.908,55.798,30.043,13.884
11.93667,339.709,290.751,245.459,154.605,102.934,55.828,29.988,13.817
11.94000,339.740,290.712,245.435,154.596,102.942,55.820,30.069,13.850
11.94333,339.674,290.685,245.507,154.580,102.964,55.859,30.063,13.865
11.94667,339.730,290.750,245.528,154.658,102.938,55.796,30.009,13.789
11.95000,339.749,290.858,245.514,154.618,102.968,55.805,29.967,13.869
11.95333,339.800,290.765,245.546,154.579,102.939,55.826,30.013,13.827
11.95667,339.827,290.838,245.559,154.580,102.935,55.846,30.044,13.883
11.96000,339.818,290.869,245.517,154.639,103.017,55.869,30.034,13.901
11.96333,339.774,290.863,245.595,154.659,102.961,55.852,30.025,13.796
11.96667,339.821,290.821,245.643,154.675,102.989,55.863,29.972,13.866
11.97000,339.907,290.891,245.565,154.640,102.994,55.858,30.012,13.824
11.97333,339.877,290.905,245.585,154.720,102.946,55.857,30.025,13.865
11.97667,339.906,290.941,245.642,154.709,102.982,55.867,29.999,13.822
11.98000,340.020,290.933,245.602,154.683,103.008,55.897,30.017,13.828
11.98333,339.946,290.923,245.640,154.724,102.972,55.875,30.032,13.865
11.98667,339.978,290.933,245.640,154.665,102.994,55.918,29.979,13.921
11.99000,339.957,291.019,245.650,154.699,102.988,55.882,30.122,13.856
11.99333,339.986,290.989,245.651,154.615,103.001,55.796,30.029,13.851
11.99667,339.983,291.002,245.696,154.751,103.087,55.910,30.034,13.877
12.00000,340.053,290.983,245.683,154.749,103.062,55.875,30.029,13.772
