time_min,A246_mAU,A254_mAU,A261_mAU,A273_mAU,A290_mAU,A324_mAU,A350_mAU,A445_mAU
0.00000,32.585,27.522,23.572,14.655,10.389,4.697,3.510,0.463
0.00417,32.642,27.576,23.562,14.726,10.458,4.657,3.538,0.534
0.00833,32.666,27.533,23.496,14.834,10.400,4.607,3.510,0.574
0.01250,32.678,27.623,23.513,14.740,10.396,4.715,3.516,0.519
0.01667,32.717,27.604,23.668,14.688,10.422,4.643,3.532,0.506
0.02083,32.724,27.747,23.608,14.735,10.413,4.712,3.431,0.528
0.02500,32.774,27.628,23.688,14.748,10.433,4.647,3.533,0.558
0.02917,32.801,27.753,23.707,14.802,10.447,4.666,3.487,0.574
0.03333,32.766,27.728,23.688,14.773,10.487,4.645,3.546,0.556
0.03750,32.846,27.761,23.669,14.768,10.461,4.745,3.570,0.534
0.04167,32.883,27.800,23.703,14.833,10.482,4.735,3.532,0.512
0.04583,32.853,27.747,23.683,14.844,10.485,4.759,3.541,0.572
0.05000,32.941,27.795,23.841,14.840,10.481,4.709,3.514,0.593
0.05417,32.901,27.864,23.771,14.821,10.533,4.721,3.547,0.537
0.05833,32.963,27.867,23.760,14.886,10.496,4.743,3.555,0.546
0.06250,32.993,27.865,23.817,14.875,10.568,4.748,3.546,0.552
0.06667,32.974,27.910,23.826,14.827,10.512,4.713,3.522,0.537
0.07083,33.052,27.999,23.887,14.894,10.567,4.748,3.575,0.609
0.07500,33.114,27.948,23.888,14.888,10.552,4.708,3.559,0.566
0.07917,33.148,28.035,23.926,14.901,10.529,4.759,3.599,0.617
0.08333,33.142,28.044,23.894,14.942,10.538,4.775,3.604,0.567
0.08750,33.216,28.067,23.932,14.969,10.591,4.760,3.618,0.555
0.09167,33.271,28.103,23.944,15.011,10.572,4.712,3.583,0.531
0.09583,33.298,28.096,24.004,14.970,10.587,4.781,3.527,0.515
0.10000,33.387,28.142,24.056,15.012,10.618,4.710,3.584,0.546
0.10417,33.325,28.184,24.080,14.981,10.539,4.771,3.563,0.604
0.10833,33.298,28.155,24.058,15.045,10.554,4.742,3.618,0.601
0.11250,33.415,28.174,24.079,15.035,10.677,4.823,3.561,0.534
0.11667,33.369,28.224,24.111,15.036,10.612,4.810,3.532,0.554
0.12083,33.414,28.277,24.058,15.081,10.614,4.818,3.569,0.624
0.12500,33.487,28.359,24.182,15.069,10.631,4.774,3.561,0.532
0.12917,33.450,28.295,24.160,15.180,10.610,4.817,3.589,0.509
0.13333,33.506,28.300,24.197,15.141,10.673,4.765,3.529,0.491
0.13750,33.533,28.403,24.175,15.193,10.713,4.770,3.636,0.538
0.14167,33.606,28.399,24.147,15.157,10.711,4.808,3.621,0.567
0.14583,33.664,28.416,24.232,15.108,10.713,4.790,3.612,0.557
0.15000,33.701,28.434,24.293,15.152,10.677,4.882,3.651,0.593
0.15417,33.680,28.450,24.328,15.195,10.726,4.867,3.624,0.598
0.15833,33.778,28.562,24.312,15.226,10.724,4.866,3.627,0.602
0.16250,33.761,28.501,24.385,15.213,10.762,4.861,3.673,0.577
0.16667,33.800,28.560,24.369,15.223,10.761,4.871,3.559,0.605
0.17083,33.762,28.599,24.398,15.209,10.809,4.921,3.593,0.532
0.17500,33.832,28.610,24.464,15.218,10.740,4.909,3.638,0.601
0.17917,33.839,28.720,24.448,15.268,10.822,4.841,3.609,0.614
0.18333,33.865,28.669,24.461,15.296,10.781,4.928,3.586,0.553
0.18750,33.964,28.682,24.445,15.290,10.837,4.819,3.668,0.579
0.19167,33.982,28.655,24.488,15.322,10.788,4.905,3.662,0.629
0.19583,33.973,28.759,24.461,15.344,10.829,4.883,3.646,0.594
0.20000,34.105,28.738,24.495,15.305,10.843,4.933,3.651,0.625
0.20417,34.039,28.801,24.547,15.314,10.759,4.876,3.629,0.596
0.20833,34.122,28.841,24.549,15.378,10.801,4.852,3.679,0.583
0.21250,34.148,28.842,24.615,15.344,10.855,4.896,3.697,0.653
0.21667,34.157,28.870,24.684,15.377,10.833,4.892,3.625,0.621
0.22083,34.146,28.882,24.673,15.359,10.876,4.897,3.665,0.559
0.22500,34.238,28.905,24.743,15.460,10.884,4.930,3.644,0.603
0.22917,34.239,28.950,24.749,15.469,10.926,4.903,3.693,0.620
0.23333,34.329,29.009,24.753,15.465,10.910,4.937,3.722,0.594
0.23750,34.307,28.973,24.811,15.440,10.926,4.903,3.693,0.656
0.24167,34.358,29.066,24.740,15.492,10.913,4.922,3.760,0.634
0.24583,34.366,29.054,24.814,15.488,10.898,4.969,3.654,0.619
0.25000,34.439,29.091,24.853,15.444,10.923,4.993,3.669,0.605
0.25417,34.524,29.096,24.863,15.553,11.002,5.003,3.737,0.592
0.25833,34.450,29.119,24.943,15.524,11.006,5.059,3.660,0.575
0.26250,34.508,29.158,24.847,15.571,10.990,5.010,3.717,0.616
0.26667,34.615,29.211,24.958,15.525,11.018,4.972,3.673,0.595
0.27083,34.556,29.220,24.935,15.597,10.972,4.976,3.656,0.627
0.27500,34.600,29.306,24.969,15.631,11.056,4.954,3.755,0.623
0.27917,34.601,29.208,25.059,15.638,11.026,5.033,3.732,0.626
0.28333,34.695,29.215,25.023,15.642,11.058,5.009,3.659,0.626
0.28750,34.725,29.376,25.000,15.611,11.037,5.030,3.772,0.578
0.29167,34.768,29.365,25.032,15.606,11.018,5.019,3.666,0.637
0.29583,34.816,29.331,25.053,15.750,11.106,5.033,3.719,0.625
0.30000,34.858,29.512,25.071,15.730,11.022,4.971,3.668,0.666
0.30417,34.906,29.423,25.151,15.725,11.052,5.061,3.722,0.625
0.30833,34.867,29.466,25.136,15.715,11.035,5.008,3.735,0.671
0.31250,34.906,29.518,25.155,15.746,11.123,5.057,3.732,0.661
0.31667,34.926,29.611,25.226,15.750,11.092,4.973,3.813,0.629
0.32083,34.921,29.574,25.221,15.834,11.153,4.996,3.742,0.625
0.32500,35.027,29.600,25.301,15.747,11.090,5.082,3.682,0.611
0.32917,35.094,29.613,25.302,15.818,11.137,5.099,3.747,0.624
0.33333,35.085,29.653,25.324,15.899,11.176,5.146,3.773,0.676
0.33750,35.141,29.666,25.401,15.850,11.154,5.105,3.782,0.652
0.34167,35.131,29.681,25.321,15.853,11.159,5.102,3.820,0.631
0.34583,35.173,29.740,25.346,15.849,11.163,5.065,3.699,0.674
0.35000,35.188,29.813,25.431,15.916,11.216,5.049,3.729,0.579
0.35417,35.267,29.787,25.431,15.970,11.146,5.044,3.763,0.622
0.35833,35.254,29.835,25.453,15.941,11.242,5.011,3.802,0.687
0.36250,35.315,29.852,25.462,15.934,11.253,5.112,3.788,0.643
0.36667,35.348,29.864,25.519,15.955,11.257,5.163,3.757,0.610
0.37083,35.354,29.922,25.557,15.891,11.226,5.139,3.777,0.599
0.37500,35.369,30.014,25.539,15.993,11.257,5.101,3.682,0.615
0.37917,35.447,29.943,25.615,15.945,11.221,5.194,3.813,0.693
0.38333,35.474,30.075,25.645,15.966,11.239,5.138,3.783,0.589
0.38750,35.610,29.970,25.621,16.026,11.297,5.129,3.722,0.693
0.39167,35.586,30.177,25.695,16.061,11.237,5.160,3.712,0.694
0.39583,35.635,30.089,25.683,16.007,11.319,5.141,3.828,0.672
0.40000,35.576,30.163,25.619,16.019,11.256,5.107,3.773,0.638
0.40417,35.622,30.145,25.731,16.088,11.310,5.177,3.753,0.699
0.40833,35.660,30.143,25.748,16.071,11.455,5.158,3.791,0.667
0.41250,35.705,30.204,25.773,16.114,11.359,5.170,3.837,0.677
0.41667,35.823,30.323,25.775,16.063,11.397,5.128,3.831,0.720
0.42083,35.846,30.287,25.823,16.111,11.373,5.101,3.812,0.664
0.42500,35.801,30.301,25.909,16.116,11.357,5.218,3.790,0.676
0.42917,35.882,30.372,25.874,16.161,11.366,5.225,3.800,0.720
0.43333,35.859,30.337,25.869,16.248,11.435,5.184,3.824,0.668
0.43750,35.924,30.471,25.943,16.211,11.396,5.238,3.797,0.644
0.44167,35.976,30.393,25.992,16.191,11.434,5.252,3.865,0.673
0.44583,36.004,30.489,25.998,16.197,11.417,5.206,3.835,0.653
0.45000,36.016,30.490,25.960,16.278,11.436,5.355,3.792,0.655
0.45417,36.167,30.558,26.057,16.335,11.392,5.218,3.882,0.703
0.45833,36.134,30.547,26.014,16.282,11.462,5.237,3.869,0.679
0.46250,36.195,30.614,26.128,16.379,11.405,5.299,3.844,0.687
0.46667,36.197,30.576,26.082,16.382,11.457,5.260,3.844,0.726
0.47083,36.283,30.668,26.127,16.385,11.518,5.215,3.906,0.702
0.47500,36.270,30.684,26.159,16.334,11.485,5.250,3.794,0.657
0.47917,36.307,30.654,26.238,16.302,11.518,5.281,3.847,0.726
0.48333,36.309,30.801,26.226,16.437,11.530,5.282,3.857,0.675
0.48750,36.386,30.759,26.295,16.389,11.553,5.281,3.958,0.659
0.49167,36.459,30.825,26.336,16.468,11.586,5.301,3.841,0.693
0.49583,36.470,30.811,26.295,16.447,11.578,5.364,3.879,0.710
0.50000,36.519,30.898,26.300,16.389,11.511,5.348,3.857,0.678
0.50417,36.558,30.880,26.390,16.435,11.564,5.352,3.864,0.768
0.50833,36.649,30.926,26.377,16.548,11.619,5.294,3.925,0.715
0.51250,36.625,30.959,26.422,16.471,11.632,5.282,3.830,0.729
0.51667,36.656,31.051,26.413,16.522,11.601,5.300,3.863,0.716
0.52083,36.753,31.019,26.419,16.590,11.646,5.327,3.929,0.721
0.52500,36.695,31.108,26.483,16.533,11.645,5.364,3.919,0.692
0.52917,36.821,31.080,26.504,16.566,11.720,5.345,3.935,0.765
0.53333,36.730,31.110,26.585,16.576,11.657,5.382,3.929,0.721
0.53750,36.835,31.149,26.566,16.581,11.666,5.362,3.912,0.749
0.54167,36.902,31.224,26.655,16.641,11.689,5.371,3.887,0.680
0.54583,36.899,31.285,26.674,16.641,11.693,5.339,3.882,0.766
0.55000,37.026,31.332,26.712,16.701,11.672,5.465,3.911,0.760
0.55417,36.976,31.306,26.684,16.653,11.711,5.363,3.912,0.715
0.55833,37.082,31.262,26.724,16.675,11.722,5.429,3.962,0.707
0.56250,37.120,31.411,26.767,16.668,11.739,5.404,3.866,0.719
0.56667,37.110,31.427,26.773,16.746,11.750,5.447,3.877,0.695
0.57083,37.168,31.477,26.839,16.794,11.736,5.437,4.010,0.709
0.57500,37.183,31.489,26.793,16.761,11.810,5.397,3.962,0.751
0.57917,37.174,31.499,26.848,16.864,11.824,5.389,3.959,0.740
0.58333,37.258,31.506,26.905,16.763,11.777,5.402,3.970,0.654
0.58750,37.278,31.598,26.920,16.829,11.717,5.421,3.966,0.674
0.59167,37.344,31.583,26.939,16.853,11.806,5.399,3.926,0.817
0.59583,37.288,31.630,26.891,16.837,11.807,5.432,3.953,0.754
0.60000,37.434,31.695,27.011,16.907,11.873,5.422,3.936,0.725
0.60417,37.461,31.684,26.934,16.821,11.810,5.502,3.983,0.722
0.60833,37.461,31.744,27.051,16.868,11.904,5.443,3.975,0.729
0.61250,37.602,31.804,27.034,16.905,11.880,5.508,3.944,0.738
0.61667,37.629,31.826,27.144,16.975,11.925,5.476,3.929,0.736
0.62083,37.662,31.917,27.164,16.963,11.917,5.537,3.979,0.666
0.62500,37.659,31.837,27.169,16.927,11.852,5.483,3.924,0.826
0.62917,37.749,31.945,27.155,17.024,11.940,5.533,3.972,0.756
0.63333,37.744,31.945,27.232,17.008,11.907,5.505,3.967,0.725
0.63750,37.837,31.995,27.284,17.049,11.956,5.472,4.001,0.775
0.64167,37.850,32.039,27.298,17.039,11.931,5.541,3.984,0.742
0.64583,37.832,32.032,27.328,17.077,11.922,5.467,4.009,0.786
0.65000,37.988,32.089,27.273,17.059,11.974,5.566,3.989,0.774
0.65417,37.924,32.212,27.298,17.127,12.023,5.485,3.967,0.805
0.65833,37.955,32.168,27.426,17.199,12.033,5.612,3.964,0.784
0.66250,37.999,32.105,27.405,17.166,12.073,5.560,4.047,0.772
0.66667,38.065,32.221,27.439,17.130,12.022,5.553,4.039,0.815
0.67083,38.087,32.288,27.530,17.164,11.981,5.582,4.029,0.787
0.67500,38.140,32.336,27.576,17.233,12.130,5.512,4.102,0.711
0.67917,38.183,32.389,27.493,17.243,12.046,5.629,4.032,0.774
0.68333,38.241,32.341,27.541,17.258,12.082,5.581,3.969,0.773
0.68750,38.239,32.358,27.620,17.295,12.128,5.578,3.983,0.796
0.69167,38.324,32.466,27.617,17.294,12.113,5.589,3.997,0.777
0.69583,38.346,32.492,27.616,17.282,12.135,5.612,4.039,0.735
0.70000,38.426,32.558,27.657,17.347,12.122,5.642,4.081,0.763
0.70417,38.412,32.636,27.714,17.326,12.136,5.691,4.101,0.775
0.70833,38.498,32.568,27.765,17.360,12.199,5.676,3.996,0.819
0.71250,38.558,32.619,27.837,17.354,12.240,5.578,4.065,0.763
0.71667,38.640,32.698,27.842,17.347,12.188,5.663,4.060,0.804
0.72083,38.668,32.687,27.913,17.391,12.232,5.669,4.089,0.748
0.72500,38.679,32.765,27.922,17.384,12.214,5.653,4.039,0.772
0.72917,38.681,32.722,27.910,17.449,12.259,5.639,4.052,0.783
0.73333,38.762,32.749,27.912,17.431,12.191,5.670,4.062,0.731
0.73750,38.857,32.823,27.988,17.423,12.240,5.680,4.082,0.737
0.74167,38.834,32.924,27.972,17.496,12.292,5.699,4.079,0.817
0.74583,38.881,32.914,28.089,17.529,12.300,5.763,4.114,0.774
0.75000,38.955,32.936,28.045,17.499,12.304,5.708,4.067,0.825
0.75417,38.988,33.018,28.089,17.617,12.249,5.740,4.133,0.816
0.75833,39.037,33.047,28.137,17.566,12.336,5.707,4.103,0.768
0.76250,39.108,33.090,28.116,17.592,12.335,5.686,4.085,0.763
0.76667,39.059,33.091,28.206,17.638,12.328,5.714,4.092,0.810
0.77083,39.105,33.087,28.206,17.649,12.413,5.740,4.108,0.835
0.77500,39.259,33.194,28.311,17.637,12.404,5.791,4.102,0.797
0.77917,39.265,33.243,28.276,17.686,12.340,5.761,4.073,0.899
0.78333,39.270,33.221,28.332,17.676,12.401,5.737,4.207,0.832
0.78750,39.262,33.327,28.326,17.737,12.417,5.813,4.122,0.786
0.79167,39.324,33.301,28.416,17.772,12.445,5.758,4.055,0.778
0.79583,39.381,33.401,28.425,17.783,12.474,5.753,4.136,0.804
0.80000,39.446,33.435,28.447,17.769,12.481,5.740,4.104,0.848
0.80417,39.456,33.525,28.487,17.823,12.508,5.844,4.116,0.792
0.80833,39.586,33.493,28.498,17.846,12.491,5.785,4.151,0.858
0.81250,39.565,33.475,28.588,17.898,12.491,5.816,4.115,0.822
0.81667,39.563,33.592,28.620,17.825,12.497,5.766,4.148,0.844
0.82083,39.655,33.578,28.634,17.856,12.472,5.867,4.197,0.831
0.82500,39.650,33.640,28.622,17.894,12.501,5.823,4.148,0.831
0.82917,39.718,33.649,28.658,17.942,12.530,5.814,4.139,0.817
0.83333,39.801,33.712,28.698,17.966,12.532,5.880,4.165,0.831
0.83750,39.815,33.776,28.708,17.955,12.609,5.866,4.244,0.819
0.84167,39.933,33.750,28.828,17.968,12.647,5.860,4.231,0.853
0.84583,39.932,33.825,28.802,18.015,12.636,5.857,4.135,0.807
0.85000,39.960,33.822,28.812,18.049,12.602,5.973,4.145,0.789
0.85417,40.004,33.940,28.886,18.065,12.665,5.890,4.217,0.800
0.85833,40.073,33.912,28.903,18.100,12.636,5.847,4.150,0.821
0.86250,40.162,34.004,28.960,18.098,12.690,5.894,4.226,0.841
0.86667,40.112,34.022,29.008,18.046,12.689,5.966,4.137,0.851
0.87083,40.212,34.064,29.056,18.141,12.688,5.865,4.154,0.860
0.87500,40.237,34.027,29.022,18.175,12.711,5.983,4.261,0.809
0.87917,40.297,34.139,29.016,18.123,12.695,6.002,4.209,0.800
0.88333,40.400,34.182,29.058,18.190,12.760,6.015,4.171,0.805
0.88750,40.421,34.221,29.095,18.177,12.720,5.874,4.247,0.854
0.89167,40.466,34.296,29.168,18.174,12.735,5.961,4.205,0.804
0.89583,40.443,34.297,29.192,18.306,12.742,5.957,4.199,0.878
0.90000,40.560,34.307,29.201,18.261,12.828,5.994,4.224,0.774
0.90417,40.558,34.338,29.312,18.224,12.789,5.982,4.263,0.873
0.90833,40.664,34.368,29.338,18.326,12.865,5.940,4.219,0.861
0.91250,40.619,34.456,29.318,18.361,12.862,5.968,4.297,0.853
0.91667,40.782,34.503,29.353,18.351,12.785,5.989,4.222,0.934
0.92083,40.747,34.532,29.341,18.366,12.854,6.051,4.271,0.868
0.92500,40.839,34.568,29.456,18.423,12.828,6.057,4.295,0.786
0.92917,40.772,34.551,29.508,18.407,12.854,6.058,4.260,0.845
0.93333,40.955,34.635,29.532,18.474,12.941,6.007,4.274,0.887
0.93750,40.959,34.700,29.551,18.440,12.927,5.977,4.295,0.858
0.94167,41.060,34.731,29.548,18.489,12.945,6.015,4.210,0.842
0.94583,41.078,34.734,29.666,18.541,12.971,6.120,4.274,0.894
0.95000,41.057,34.840,29.602,18.587,12.935,6.060,4.336,0.953
0.95417,41.177,34.895,29.628,18.529,13.012,6.034,4.280,0.961
0.95833,41.234,34.946,29.765,18.561,12.969,6.045,4.293,0.904
0.96250,41.216,34.882,29.749,18.553,13.039,6.064,4.298,0.876
0.96667,41.264,35.027,29.839,18.613,13.036,6.067,4.262,0.914
0.97083,41.400,34.983,29.786,18.680,12.985,6.138,4.285,0.889
0.97500,41.422,35.037,29.904,18.662,13.024,6.163,4.325,0.864
0.97917,41.375,35.096,29.887,18.651,13.005,6.149,4.305,0.952
0.98333,41.487,35.179,29.957,18.716,13.085,6.131,4.284,0.958
0.98750,41.572,35.228,29.932,18.713,13.085,6.111,4.370,0.904
0.99167,41.538,35.187,29.984,18.757,13.092,6.172,4.377,0.840
0.99583,41.679,35.295,30.074,18.734,13.105,6.113,4.338,0.862
1.00000,41.681,35.301,30.038,18.750,13.067,6.132,4.284,0.902
1.00417,41.748,35.350,30.095,18.802,13.181,6.200,4.304,0.904
1.00833,41.842,35.357,30.121,18.839,13.143,6.172,4.336,0.863
1.01250,41.864,35.452,30.169,18.903,13.168,6.190,4.382,0.917
1.01667,41.833,35.489,30.202,18.885,13.184,6.164,4.354,0.886
1.02083,41.986,35.509,30.271,18.846,13.185,6.161,4.369,0.866
1.02500,41.996,35.520,30.256,18.886,13.191,6.187,4.371,0.999
1.02917,42.033,35.596,30.276,18.956,13.259,6.213,4.336,0.845
1.03333,42.077,35.670,30.387,18.949,13.265,6.147,4.383,0.953
1.03750,42.150,35.746,30.370,18.958,13.225,6.239,4.355,0.917
1.04167,42.200,35.759,30.392,19.037,13.265,6.241,4.359,0.908
1.04583,42.231,35.751,30.454,19.036,13.262,6.267,4.419,0.943
1.05000,42.312,35.861,30.435,19.080,13.292,6.256,4.383,0.946
1.05417,42.372,35.888,30.528,19.126,13.329,6.252,4.385,0.948
1.05833,42.421,35.974,30.552,19.133,13.383,6.265,4.481,0.884
1.06250,42.393,35.956,30.568,19.156,13.373,6.263,4.373,0.877
1.06667,42.446,36.030,30.662,19.197,13.378,6.303,4.442,0.946
1.07083,42.621,36.023,30.689,19.186,13.421,6.281,4.467,0.916
1.07500,42.567,36.135,30.717,19.182,13.418,6.245,4.386,0.926
1.07917,42.657,36.098,30.728,19.179,13.440,6.294,4.441,0.903
1.08333,42.661,36.156,30.778,19.282,13.406,6.302,4.420,0.985
1.08750,42.746,36.194,30.836,19.291,13.437,6.314,4.426,0.970
1.09167,42.813,36.228,30.798,19.273,13.423,6.268,4.404,0.969
1.09583,42.793,36.339,30.904,19.302,13.395,6.305,4.444,0.918
1.10000,42.931,36.297,30.901,19.377,13.456,6.367,4.453,0.935
1.10417,42.907,36.485,30.985,19.358,13.498,6.359,4.477,0.964
1.10833,42.985,36.389,30.996,19.378,13.552,6.361,4.460,0.943
1.11250,43.100,36.498,31.056,19.411,13.495,6.395,4.437,0.936
1.11667,43.124,36.493,31.021,19.399,13.589,6.393,4.467,0.935
1.12083,43.097,36.585,31.122,19.450,13.591,6.398,4.511,0.973
1.12500,43.188,36.595,31.219,19.454,13.568,6.434,4.406,0.952
1.12917,43.298,36.671,31.177,19.491,13.614,6.309,4.513,0.920
1.13333,43.365,36.791,31.256,19.488,13.656,6.477,4.463,0.965
1.13750,43.289,36.757,31.234,19.537,13.645,6.428,4.444,0.951
1.14167,43.441,36.756,31.355,19.562,13.624,6.477,4.475,0.985
1.14583,43.465,36.842,31.352,19.543,13.672,6.412,4.503,0.950
1.15000,43.501,36.867,31.432,19.633,13.720,6.452,4.544,0.946
1.15417,43.559,36.922,31.387,19.638,13.695,6.491,4.450,0.943
1.15833,43.593,36.981,31.445,19.675,13.726,6.500,4.494,0.955
1.16250,43.672,36.997,31.484,19.705,13.665,6.504,4.532,0.993
1.16667,43.677,37.111,31.521,19.731,13.787,6.473,4.537,0.951
1.17083,43.809,37.155,31.598,19.736,13.688,6.521,4.458,0.949
1.17500,43.816,37.227,31.569,19.818,13.812,6.521,4.567,1.048
1.17917,43.907,37.226,31.687,19.761,13.834,6.525,4.578,0.998
1.18333,43.873,37.282,31.747,19.847,13.842,6.539,4.592,1.016
1.18750,44.034,37.300,31.793,19.847,13.803,6.592,4.517,0.970
1.19167,44.128,37.349,31.743,19.826,13.909,6.572,4.539,1.010
1.19583,44.132,37.386,31.807,19.890,13.859,6.593,4.589,0.980
1.20000,44.191,37.508,31.804,19.884,13.849,6.532,4.607,1.038
1.20417,44.290,37.483,31.839,19.981,13.878,6.557,4.606,0.995
1.20833,44.266,37.522,31.980,19.978,13.850,6.448,4.556,1.006
1.21250,44.338,37.602,31.925,20.035,13.856,6.572,4.670,0.948
1.21667,44.390,37.691,31.999,20.075,13.963,6.588,4.661,0.965
1.22083,44.450,37.651,32.094,20.053,13.980,6.609,4.646,1.004
1.22500,44.505,37.765,32.098,20.111,13.942,6.576,4.617,1.019
1.22917,44.614,37.752,32.143,20.052,13.979,6.668,4.600,1.040
1.23333,44.631,37.808,32.219,20.117,13.990,6.601,4.577,0.987
1.23750,44.679,37.828,32.243,20.150,13.991,6.654,4.637,1.037
1.24167,44.732,37.999,32.258,20.228,14.032,6.672,4.600,1.055
1.24583,44.802,37.970,32.312,20.121,14.078,6.634,4.607,1.052
1.25000,44.837,38.025,32.346,20.193,14.093,6.699,4.634,1.047
1.25417,44.906,38.029,32.457,20.238,14.057,6.713,4.647,1.010
1.25833,44.869,38.069,32.414,20.235,14.078,6.642,4.618,0.974
1.26250,45.040,38.176,32.456,20.250,14.163,6.704,4.650,1.019
1.26667,45.073,38.178,32.488,20.363,14.172,6.722,4.677,1.056
1.27083,45.159,38.263,32.476,20.251,14.153,6.690,4.633,1.054
1.27500,45.152,38.328,32.583,20.377,14.166,6.753,4.664,1.005
1.27917,45.268,38.370,32.621,20.430,14.199,6.719,4.583,1.069
1.28333,45.304,38.385,32.656,20.456,14.222,6.720,4.647,1.081
1.28750,45.362,38.448,32.717,20.386,14.253,6.785,4.619,1.078
1.29167,45.465,38.544,32.731,20.495,14.255,6.770,4.633,1.026
1.29583,45.497,38.553,32.812,20.510,14.205,6.806,4.676,1.091
1.30000,45.463,38.526,32.851,20.530,14.294,6.814,4.672,1.020
1.30417,45.563,38.640,32.927,20.527,14.295,6.761,4.731,1.061
1.30833,45.676,38.740,32.873,20.628,14.355,6.817,4.712,1.059
1.31250,45.673,38.785,32.943,20.570,14.373,6.815,4.715,1.032
1.31667,45.711,38.711,33.047,20.512,14.355,6.802,4.722,1.033
1.32083,45.799,38.857,33.099,20.662,14.329,6.802,4.765,1.017
1.32500,45.818,38.803,33.042,20.721,14.316,6.867,4.700,1.057
1.32917,45.924,39.015,33.062,20.718,14.376,6.942,4.809,1.074
1.33333,45.984,39.031,33.179,20.707,14.431,6.901,4.730,1.072
1.33750,46.032,39.052,33.202,20.749,14.430,6.917,4.755,1.117
1.34167,46.098,39.143,33.280,20.735,14.427,6.840,4.679,1.054
1.34583,46.154,39.257,33.238,20.791,14.513,6.894,4.733,1.054
1.35000,46.249,39.221,33.368,20.824,14.518,6.901,4.765,1.046
1.35417,46.324,39.294,33.364,20.841,14.524,6.923,4.764,1.080
1.35833,46.321,39.327,33.421,20.868,14.526,6.948,4.703,1.129
1.36250,46.429,39.346,33.447,20.887,14.572,6.972,4.760,1.098
1.36667,46.437,39.418,33.455,20.915,14.554,6.953,4.797,1.118
1.37083,46.535,39.440,33.549,21.047,14.536,7.062,4.779,1.138
1.37500,46.636,39.495,33.585,20.967,14.596,6.953,4.771,1.077
1.37917,46.542,39.529,33.669,21.025,14.664,6.924,4.786,1.114
1.38333,46.686,39.579,33.667,21.027,14.655,7.057,4.791,1.020
1.38750,46.741,39.673,33.694,21.104,14.673,7.088,4.822,1.134
1.39167,46.850,39.714,33.796,21.170,14.649,6.992,4.869,1.069
1.39583,46.926,39.777,33.831,21.214,14.679,7.041,4.732,1.076
1.40000,46.943,39.825,33.857,21.149,14.710,7.007,4.794,1.128
1.40417,46.981,39.840,33.926,21.235,14.717,7.112,4.739,1.112
1.40833,47.036,39.922,33.938,21.204,14.696,7.053,4.814,1.135
1.41250,47.196,39.953,33.986,21.251,14.749,7.063,4.818,1.138
1.41667,47.188,40.034,33.986,21.272,14.759,7.061,4.834,1.084
1.42083,47.249,40.112,34.021,21.357,14.801,7.085,4.858,1.093
1.42500,47.321,40.080,34.137,21.347,14.790,7.071,4.826,1.130
1.42917,47.363,40.227,34.202,21.299,14.812,7.042,4.871,1.094
1.43333,47.428,40.238,34.163,21.416,14.874,7.102,4.919,1.098
1.43750,47.482,40.288,34.231,21.430,14.830,7.019,4.920,1.140
1.44167,47.548,40.384,34.302,21.449,14.880,7.066,4.870,1.124
1.44583,47.656,40.399,34.279,21.428,14.882,7.079,4.913,1.129
1.45000,47.669,40.458,34.369,21.523,14.989,7.111,4.909,1.141
1.45417,47.789,40.487,34.416,21.508,14.883,7.159,4.885,1.107
1.45833,47.810,40.521,34.507,21.586,14.959,7.171,4.868,1.242
1.46250,47.868,40.633,34.614,21.587,14.941,7.209,4.866,1.169
1.46667,47.897,40.724,34.523,21.655,14.948,7.171,4.940,1.130
1.47083,47.928,40.706,34.614,21.659,15.093,7.156,4.871,1.187
1.47500,48.031,40.807,34.630,21.656,15.083,7.168,4.977,1.123
1.47917,48.106,40.790,34.684,21.707,15.045,7.197,4.986,1.204
1.48333,48.194,40.962,34.710,21.681,15.073,7.192,4.956,1.173
1.48750,48.257,40.908,34.791,21.749,15.067,7.262,4.939,1.184
1.49167,48.276,40.955,34.849,21.813,15.102,7.262,4.881,1.224
1.49583,48.290,41.055,34.934,21.836,15.137,7.251,4.962,1.258
1.50000,48.400,41.084,34.888,21.820,15.191,7.278,4.984,1.195
1.50417,48.484,41.136,34.992,21.869,15.165,7.271,4.995,1.170
1.50833,48.592,41.216,35.018,21.876,15.173,7.304,4.977,1.196
1.51250,48.591,41.274,35.004,21.845,15.219,7.328,4.929,1.215
1.51667,48.636,41.317,35.155,21.923,15.208,7.281,4.918,1.191
1.52083,48.759,41.350,35.133,22.015,15.267,7.364,4.917,1.141
1.52500,48.864,41.461,35.212,21.971,15.256,7.374,4.969,1.093
1.52917,48.894,41.480,35.249,22.014,15.285,7.397,5.009,1.162
1.53333,49.002,41.537,35.266,22.039,15.326,7.298,4.939,1.237
1.53750,49.035,41.620,35.356,22.084,15.322,7.358,5.052,1.175
1.54167,49.072,41.653,35.361,22.184,15.335,7.396,5.009,1.194
1.54583,49.095,41.662,35.397,22.168,15.376,7.429,5.066,1.284
1.55000,49.204,41.795,35.408,22.235,15.446,7.370,5.003,1.221
1.55417,49.262,41.846,35.574,22.234,15.373,7.344,4.990,1.202
1.55833,49.299,41.892,35.541,22.263,15.413,7.409,5.070,1.183
1.56250,49.450,41.872,35.666,22.284,15.513,7.424,4.998,1.184
1.56667,49.479,42.015,35.641,22.316,15.520,7.424,5.101,1.215
1.57083,49.566,42.041,35.646,22.378,15.538,7.442,5.117,1.191
1.57500,49.571,42.068,35.822,22.387,15.513,7.473,5.019,1.249
1.57917,49.700,42.088,35.791,22.461,15.581,7.427,5.037,1.213
1.58333,49.709,42.210,35.814,22.420,15.539,7.486,5.039,1.185
1.58750,49.777,42.268,35.871,22.460,15.547,7.510,5.084,1.177
1.59167,49.900,42.290,35.999,22.563,15.549,7.479,5.042,1.251
1.59583,49.881,42.289,36.022,22.479,15.580,7.523,5.078,1.239
1.60000,50.047,42.384,36.047,22.468,15.617,7.461,5.142,1.225
1.60417,50.064,42.463,36.100,22.537,15.656,7.564,5.097,1.180
1.60833,50.077,42.491,36.182,22.606,15.661,7.606,5.133,1.283
1.61250,50.240,42.633,36.247,22.675,15.710,7.535,5.073,1.223
1.61667,50.300,42.727,36.230,22.670,15.728,7.580,5.107,1.230
1.62083,50.369,42.762,36.275,22.746,15.692,7.672,5.068,1.261
1.62500,50.337,42.827,36.367,22.700,15.725,7.643,5.097,1.221
1.62917,50.530,42.849,36.304,22.727,15.770,7.600,5.164,1.239
1.63333,50.520,42.857,36.439,22.795,15.733,7.585,5.186,1.246
1.63750,50.541,42.957,36.465,22.786,15.773,7.638,5.147,1.275
1.64167,50.710,43.023,36.606,22.863,15.794,7.623,5.172,1.251
1.64583,50.779,43.044,36.598,22.876,15.813,7.693,5.177,1.250
1.65000,50.786,43.086,36.635,22.849,15.904,7.712,5.248,1.221
1.65417,50.892,43.202,36.656,22.905,15.896,7.621,5.185,1.224
1.65833,50.916,43.244,36.796,22.999,15.920,7.716,5.219,1.274
1.66250,51.073,43.254,36.780,22.992,15.918,7.723,5.185,1.353
1.66667,51.037,43.324,36.854,23.052,15.874,7.723,5.136,1.303
1.67083,51.187,43.362,36.885,23.049,15.928,7.734,5.144,1.265
1.67500,51.204,43.443,36.903,23.137,16.011,7.695,5.218,1.217
1.67917,51.297,43.521,36.997,23.090,16.017,7.657,5.214,1.286
1.68333,51.395,43.588,37.057,23.128,16.037,7.822,5.138,1.319
1.68750,51.435,43.658,37.122,23.164,16.098,7.808,5.224,1.289
1.69167,51.429,43.754,37.156,23.256,16.125,7.740,5.286,1.311
1.69583,51.632,43.759,37.200,23.256,16.082,7.812,5.204,1.309
1.70000,51.640,43.842,37.250,23.251,16.091,7.695,5.205,1.327
1.70417,51.725,43.841,37.300,23.298,16.122,7.819,5.263,1.315
1.70833,51.756,43.933,37.338,23.346,16.182,7.820,5.185,1.265
1.71250,51.841,44.066,37.395,23.413,16.190,7.852,5.247,1.352
1.71667,51.942,44.097,37.469,23.452,16.219,7.872,5.305,1.306
1.72083,51.992,44.108,37.494,23.433,16.223,7.892,5.279,1.340
1.72500,52.084,44.179,37.526,23.478,16.252,7.858,5.258,1.279
1.72917,52.115,44.256,37.611,23.539,16.250,7.848,5.293,1.285
1.73333,52.175,44.286,37.613,23.575,16.276,7.919,5.317,1.322
1.73750,52.298,44.351,37.664,23.571,16.305,7.939,5.286,1.293
1.74167,52.369,44.444,37.670,23.557,16.340,7.927,5.320,1.398
1.74583,52.426,44.385,37.884,23.641,16.326,7.934,5.323,1.334
1.75000,52.528,44.583,37.815,23.688,16.336,7.915,5.318,1.266
1.75417,52.603,44.662,37.856,23.679,16.402,7.932,5.356,1.275
1.75833,52.679,44.650,37.925,23.710,16.441,7.984,5.338,1.350
1.76250,52.686,44.801,38.006,23.764,16.413,8.016,5.428,1.381
1.76667,52.827,44.783,38.002,23.796,16.395,8.013,5.373,1.355
1.77083,52.841,44.888,38.098,23.828,16.510,8.041,5.320,1.334
1.77500,52.958,44.938,38.161,23.878,16.469,8.035,5.366,1.330
1.77917,53.014,45.002,38.226,23.860,16.512,7.991,5.297,1.333
1.78333,53.102,45.072,38.198,23.855,16.540,8.007,5.375,1.360
1.78750,53.055,45.114,38.333,23.908,16.578,8.052,5.364,1.377
1.79167,53.232,45.185,38.372,24.050,16.588,8.074,5.346,1.332
1.79583,53.258,45.212,38.401,24.019,16.602,8.084,5.332,1.337
1.80000,53.336,45.293,38.407,24.005,16.659,8.089,5.401,1.389
1.80417,53.421,45.333,38.556,24.003,16.649,8.092,5.412,1.386
1.80833,53.499,45.460,38.608,24.197,16.632,8.108,5.359,1.465
1.81250,53.506,45.489,38.544,24.114,16.692,8.066,5.377,1.353
1.81667,53.720,45.507,38.686,24.167,16.726,8.100,5.453,1.327
1.82083,53.719,45.723,38.765,24.171,16.737,8.175,5.453,1.389
1.82500,53.740,45.700,38.731,24.221,16.759,8.148,5.397,1.422
1.82917,53.898,45.734,38.826,24.321,16.762,8.121,5.431,1.317
1.83333,53.927,45.706,38.881,24.334,16.792,8.179,5.502,1.396
1.83750,53.978,45.889,38.968,24.325,16.813,8.169,5.454,1.404
1.84167,54.067,45.853,39.037,24.408,16.873,8.224,5.473,1.384
1.84583,54.145,46.006,39.117,24.403,16.877,8.203,5.442,1.388
1.85000,54.221,46.056,39.161,24.443,16.920,8.224,5.520,1.434
1.85417,54.387,46.133,39.196,24.466,16.895,8.249,5.435,1.381
1.85833,54.347,46.170,39.191,24.560,16.938,8.177,5.482,1.473
1.86250,54.419,46.246,39.324,24.563,16.988,8.328,5.453,1.427
1.86667,54.545,46.311,39.313,24.574,17.010,8.270,5.406,1.365
1.87083,54.599,46.315,39.431,24.632,17.081,8.299,5.586,1.442
1.87500,54.749,46.446,39.471,24.604,17.043,8.312,5.491,1.376
1.87917,54.764,46.530,39.472,24.648,17.029,8.328,5.563,1.364
1.88333,54.845,46.607,39.531,24.745,17.097,8.297,5.483,1.443
1.88750,54.928,46.653,39.621,24.788,17.078,8.356,5.574,1.477
1.89167,55.029,46.682,39.629,24.722,17.132,8.465,5.534,1.452
1.89583,55.070,46.800,39.771,24.844,17.158,8.352,5.567,1.399
1.90000,55.145,46.842,39.756,24.869,17.205,8.321,5.647,1.448
1.90417,55.194,46.880,39.833,24.880,17.177,8.339,5.592,1.494
1.90833,55.327,46.954,39.884,24.912,17.207,8.393,5.573,1.443
1.91250,55.399,47.045,39.956,24.988,17.307,8.478,5.549,1.463
1.91667,55.459,47.109,39.996,24.992,17.308,8.367,5.620,1.529
1.92083,55.520,47.155,40.023,25.080,17.343,8.503,5.577,1.503
1.92500,55.604,47.238,40.065,25.092,17.305,8.448,5.587,1.492
1.92917,55.712,47.346,40.140,25.069,17.315,8.537,5.564,1.529
1.93333,55.793,47.356,40.187,25.142,17.392,8.536,5.588,1.504
1.93750,55.899,47.447,40.302,25.204,17.391,8.522,5.564,1.499
1.94167,56.012,47.478,40.306,25.172,17.420,8.475,5.664,1.478
1.94583,56.027,47.639,40.407,25.248,17.432,8.555,5.625,1.424
1.95000,56.082,47.598,40.411,25.256,17.472,8.547,5.627,1.455
1.95417,56.226,47.659,40.536,25.326,17.463,8.544,5.628,1.485
1.95833,56.216,47.778,40.573,25.429,17.532,8.588,5.646,1.484
1.96250,56.356,47.840,40.637,25.382,17.522,8.542,5.693,1.468
1.96667,56.411,47.901,40.631,25.452,17.518,8.613,5.694,1.475
1.97083,56.502,48.021,40.782,25.510,17.509,8.565,5.700,1.524
1.97500,56.594,48.051,40.805,25.452,17.669,8.636,5.715,1.463
1.97917,56.613,48.127,40.858,25.429,17.655,8.619,5.715,1.475
1.98333,56.762,48.200,40.929,25.549,17.662,8.630,5.689,1.516
1.98750,56.877,48.242,40.982,25.607,17.661,8.638,5.774,1.460
1.99167,56.857,48.350,41.006,25.680,17.668,8.678,5.696,1.554
1.99583,56.982,48.437,41.075,25.663,17.810,8.668,5.718,1.471
2.00000,57.064,48.435,41.090,25.721,17.771,8.700,5.745,1.562
2.00417,57.174,48.562,41.224,25.735,17.746,8.742,5.712,1.448
2.00833,57.213,48.586,41.266,25.814,17.730,8.720,5.689,1.493
2.01250,57.311,48.655,41.300,25.804,17.803,8.696,5.784,1.531
2.01667,57.317,48.772,41.352,25.865,17.838,8.765,5.769,1.538
2.02083,57.439,48.761,41.479,25.849,17.914,8.720,5.780,1.572
2.02500,57.564,48.857,41.491,25.943,17.896,8.802,5.760,1.544
2.02917,57.654,48.969,41.516,25.972,17.849,8.839,5.793,1.524
2.03333,57.726,48.983,41.589,26.050,17.913,8.812,5.763,1.446
2.03750,57.765,49.061,41.704,26.040,18.003,8.854,5.806,1.513
2.04167,57.860,49.123,41.716,26.080,18.024,8.857,5.755,1.533
2.04583,58.022,49.203,41.768,26.165,18.006,8.874,5.843,1.591
2.05000,58.066,49.222,41.860,26.171,18.055,8.833,5.779,1.542
2.05417,58.143,49.328,41.916,26.200,18.096,8.865,5.805,1.613
2.05833,58.151,49.394,41.945,26.182,18.105,8.884,5.916,1.557
2.06250,58.326,49.511,42.022,26.257,18.158,8.904,5.813,1.600
2.06667,58.379,49.622,42.087,26.294,18.104,8.919,5.812,1.647
2.07083,58.466,49.687,42.114,26.382,18.188,8.980,5.832,1.492
2.07500,58.556,49.652,42.185,26.313,18.191,8.961,5.863,1.599
2.07917,58.639,49.727,42.273,26.473,18.169,8.970,5.855,1.549
2.08333,58.693,49.916,42.351,26.453,18.246,8.993,5.941,1.606
2.08750,58.745,49.941,42.391,26.452,18.243,8.995,5.820,1.578
2.09167,58.784,50.006,42.511,26.573,18.322,8.965,5.878,1.610
2.09583,59.009,50.073,42.462,26.636,18.385,8.990,5.889,1.654
2.10000,59.030,50.155,42.503,26.658,18.313,9.049,5.918,1.625
2.10417,59.065,50.216,42.565,26.661,18.345,9.042,5.943,1.593
2.10833,59.174,50.328,42.741,26.636,18.331,9.009,5.915,1.621
2.11250,59.213,50.338,42.792,26.727,18.437,9.064,5.923,1.598
2.11667,59.392,50.479,42.838,26.813,18.421,9.071,5.941,1.561
2.12083,59.527,50.421,42.781,26.799,18.483,9.076,5.922,1.587
2.12500,59.538,50.612,42.912,26.838,18.479,9.086,5.921,1.608
2.12917,59.629,50.645,42.990,26.886,18.507,9.084,5.965,1.652
2.13333,59.730,50.704,43.094,26.892,18.516,9.101,5.893,1.669
2.13750,59.786,50.817,43.007,26.880,18.553,9.143,5.989,1.618
2.14167,59.878,50.846,43.178,26.954,18.569,9.153,5.999,1.660
2.14583,59.941,50.960,43.161,26.975,18.636,9.228,5.966,1.640
2.15000,60.036,51.023,43.267,27.053,18.551,9.216,5.991,1.637
2.15417,60.170,51.031,43.283,27.102,18.654,9.214,5.972,1.682
2.15833,60.271,51.182,43.392,27.143,18.658,9.292,6.004,1.630
2.16250,60.248,51.194,43.422,27.198,18.686,9.140,5.990,1.695
2.16667,60.368,51.266,43.591,27.202,18.743,9.205,6.059,1.646
2.17083,60.398,51.391,43.615,27.290,18.792,9.316,6.010,1.647
2.17500,60.570,51.479,43.643,27.255,18.800,9.329,6.043,1.624
2.17917,60.659,51.522,43.741,27.389,18.764,9.292,6.043,1.651
2.18333,60.713,51.587,43.807,27.370,18.835,9.344,6.044,1.639
2.18750,60.836,51.723,43.867,27.392,18.804,9.292,6.073,1.634
2.19167,60.897,51.726,43.942,27.427,18.866,9.338,6.054,1.650
2.19583,60.981,51.819,44.001,27.535,18.906,9.278,6.075,1.701
2.20000,61.063,51.927,44.063,27.489,18.978,9.314,6.101,1.721
2.20417,61.207,51.992,44.133,27.599,18.940,9.445,6.076,1.701
2.20833,61.218,52.113,44.174,27.616,18.965,9.371,6.071,1.668
2.21250,61.373,52.129,44.160,27.681,19.005,9.416,6.090,1.691
2.21667,61.447,52.230,44.257,27.678,19.072,9.391,6.170,1.689
2.22083,61.517,52.283,44.378,27.720,19.061,9.473,6.150,1.672
2.22500,61.590,52.408,44.416,27.805,19.104,9.457,6.107,1.727
2.22917,61.643,52.518,44.485,27.850,19.099,9.459,6.131,1.651
2.23333,61.775,52.550,44.565,27.851,19.165,9.505,6.137,1.741
2.23750,61.921,52.559,44.559,27.895,19.205,9.477,6.114,1.743
2.24167,61.973,52.638,44.603,27.922,19.155,9.524,6.174,1.750
2.24583,62.104,52.737,44.731,27.910,19.298,9.568,6.214,1.706
2.25000,62.140,52.831,44.733,28.055,19.254,9.491,6.218,1.764
2.25417,62.231,52.888,44.853,28.064,19.352,9.549,6.191,1.705
2.25833,62.343,52.954,44.939,28.096,19.239,9.603,6.174,1.698
2.26250,62.403,53.072,44.982,28.137,19.412,9.613,6.204,1.803
2.26667,62.505,53.128,45.062,28.177,19.324,9.525,6.142,1.717
2.27083,62.561,53.184,45.105,28.235,19.408,9.616,6.210,1.714
2.27500,62.711,53.257,45.128,28.314,19.540,9.657,6.233,1.825
2.27917,62.737,53.392,45.278,28.303,19.498,9.631,6.315,1.742
2.28333,62.889,53.447,45.338,28.342,19.503,9.695,6.241,1.724
2.28750,62.978,53.510,45.328,28.376,19.557,9.637,6.286,1.757
2.29167,63.038,53.639,45.489,28.365,19.530,9.671,6.270,1.740
2.29583,63.152,53.679,45.461,28.451,19.620,9.700,6.314,1.811
2.30000,63.162,53.818,45.554,28.506,19.586,9.739,6.315,1.802
2.30417,63.333,53.775,45.625,28.520,19.665,9.742,6.251,1.761
2.30833,63.376,53.951,45.702,28.584,19.616,9.777,6.315,1.797
2.31250,63.601,53.949,45.780,28.650,19.685,9.840,6.293,1.843
2.31667,63.574,54.066,45.825,28.559,19.716,9.756,6.306,1.766
2.32083,63.674,54.161,45.934,28.676,19.670,9.832,6.300,1.822
2.32500,63.784,54.258,45.961,28.785,19.745,9.793,6.293,1.745
2.32917,63.905,54.242,46.140,28.779,19.772,9.796,6.401,1.735
2.33333,64.000,54.381,46.089,28.887,19.765,9.826,6.329,1.802
2.33750,64.096,54.415,46.249,28.847,19.893,9.895,6.408,1.812
2.34167,64.187,54.490,46.283,28.931,19.938,9.875,6.401,1.831
2.34583,64.252,54.591,46.316,28.936,19.888,9.867,6.370,1.788
2.35000,64.366,54.663,46.380,29.017,19.950,9.831,6.374,1.795
2.35417,64.403,54.718,46.436,29.068,19.917,9.984,6.390,1.831
2.35833,64.502,54.892,46.564,29.022,19.956,9.990,6.415,1.865
2.36250,64.617,54.886,46.606,29.067,20.028,9.958,6.474,1.801
2.36667,64.686,55.049,46.650,29.194,20.040,10.027,6.372,1.755
2.37083,64.803,55.085,46.714,29.210,20.085,9.942,6.430,1.878
2.37500,64.899,55.174,46.796,29.201,20.083,10.008,6.425,1.789
2.37917,64.984,55.269,46.858,29.265,20.123,10.002,6.452,1.846
2.38333,65.140,55.390,46.984,29.319,20.149,10.023,6.510,1.799
2.38750,65.215,55.425,47.018,29.379,20.175,9.967,6.514,1.786
2.39167,65.310,55.482,47.062,29.447,20.230,10.066,6.449,1.875
2.39583,65.330,55.545,47.157,29.457,20.281,10.145,6.486,1.880
2.40000,65.512,55.600,47.223,29.465,20.287,10.070,6.489,1.802
2.40417,65.607,55.736,47.265,29.504,20.278,10.111,6.494,1.858
2.40833,65.703,55.857,47.382,29.526,20.348,10.104,6.496,1.945
2.41250,65.758,55.950,47.397,29.642,20.325,10.122,6.515,1.886
2.41667,65.877,55.994,47.457,29.640,20.435,10.150,6.510,1.869
2.42083,65.916,56.062,47.561,29.671,20.430,10.124,6.550,1.917
2.42500,66.050,56.182,47.565,29.739,20.439,10.131,6.564,1.874
2.42917,66.152,56.240,47.625,29.770,20.506,10.225,6.577,1.815
2.43333,66.183,56.295,47.790,29.867,20.477,10.235,6.526,1.894
2.43750,66.359,56.406,47.787,29.851,20.531,10.264,6.638,1.862
2.44167,66.419,56.463,47.831,29.906,20.587,10.206,6.612,1.905
2.44583,66.557,56.554,47.978,29.947,20.557,10.291,6.576,1.911
2.45000,66.671,56.617,48.060,30.013,20.608,10.283,6.611,1.945
2.45417,66.643,56.730,48.111,30.028,20.685,10.288,6.601,1.890
2.45833,66.887,56.785,48.125,30.115,20.704,10.313,6.577,1.929
2.46250,66.901,56.878,48.232,30.128,20.730,10.382,6.637,1.924
2.46667,67.033,56.994,48.330,30.153,20.717,10.270,6.601,1.935
2.47083,67.037,57.053,48.385,30.228,20.733,10.355,6.688,1.939
2.47500,67.223,57.182,48.459,30.356,20.802,10.353,6.604,1.914
2.47917,67.308,57.184,48.523,30.266,20.809,10.396,6.650,1.898
2.48333,67.372,57.358,48.553,30.327,20.851,10.420,6.681,1.972
2.48750,67.491,57.424,48.654,30.385,20.903,10.460,6.674,1.952
2.49167,67.578,57.497,48.747,30.473,20.956,10.417,6.721,1.894
2.49583,67.733,57.537,48.756,30.546,20.962,10.464,6.656,1.957
2.50000,67.781,57.751,48.898,30.576,20.946,10.476,6.635,1.947
2.50417,67.843,57.744,48.893,30.538,20.989,10.462,6.690,1.942
2.50833,68.020,57.792,48.976,30.640,21.013,10.495,6.729,1.956
2.51250,68.083,57.884,49.073,30.675,21.076,10.518,6.736,1.937
2.51667,68.197,58.019,49.226,30.735,21.117,10.492,6.719,1.946
2.52083,68.371,58.105,49.270,30.782,21.146,10.554,6.769,2.016
2.52500,68.355,58.126,49.302,30.796,21.098,10.599,6.806,1.901
2.52917,68.435,58.270,49.335,30.823,21.143,10.619,6.792,1.994
2.53333,68.592,58.312,49.378,30.913,21.186,10.615,6.756,2.030
2.53750,68.727,58.468,49.505,30.964,21.259,10.580,6.808,1.959
2.54167,68.800,58.493,49.591,30.973,21.311,10.662,6.810,2.024
2.54583,68.867,58.581,49.644,31.045,21.353,10.676,6.856,2.035
2.55000,69.047,58.668,49.758,31.107,21.352,10.707,6.812,2.028
2.55417,69.063,58.760,49.800,31.178,21.310,10.720,6.850,2.020
2.55833,69.246,58.870,49.853,31.157,21.438,10.685,6.813,1.998
2.56250,69.266,58.918,49.966,31.227,21.438,10.713,6.888,2.008
2.56667,69.398,58.988,50.042,31.277,21.380,10.724,6.853,2.011
2.57083,69.548,59.090,50.129,31.328,21.462,10.745,6.801,1.987
2.57500,69.582,59.191,50.121,31.319,21.493,10.754,6.791,1.982
2.57917,69.692,59.234,50.215,31.436,21.565,10.828,6.889,2.002
2.58333,69.780,59.364,50.255,31.446,21.583,10.843,6.902,2.088
2.58750,69.907,59.451,50.333,31.503,21.592,10.835,6.910,2.125
2.59167,69.964,59.543,50.456,31.517,21.638,10.917,6.875,2.048
2.59583,70.140,59.600,50.572,31.620,21.708,10.841,6.962,2.071
2.60000,70.166,59.787,50.636,31.666,21.749,10.869,6.873,2.059
2.60417,70.243,59.763,50.705,31.649,21.667,10.873,6.994,2.083
2.60833,70.417,59.851,50.743,31.745,21.825,10.851,6.969,2.004
2.61250,70.505,59.966,50.811,31.759,21.754,10.937,6.936,2.088
2.61667,70.663,60.021,50.978,31.807,21.868,10.942,6.940,2.071
2.62083,70.742,60.112,50.960,31.906,21.792,10.990,6.941,2.122
2.62500,70.775,60.231,51.055,31.909,21.910,11.001,6.985,2.057
2.62917,70.927,60.359,51.155,31.964,21.997,11.081,6.958,2.141
2.63333,71.045,60.433,51.186,32.072,21.943,11.040,6.987,2.063
2.63750,71.133,60.508,51.287,32.046,21.935,10.987,7.004,2.033
2.64167,71.264,60.520,51.339,32.087,21.984,10.966,6.978,2.066
2.64583,71.320,60.693,51.479,32.120,22.003,11.014,7.048,2.100
2.65000,71.446,60.744,51.494,32.231,22.063,11.098,7.011,2.043
2.65417,71.583,60.849,51.595,32.163,22.106,11.062,7.119,2.031
2.65833,71.693,60.963,51.710,32.307,22.129,11.111,6.996,2.080
2.66250,71.824,61.077,51.738,32.367,22.214,11.102,7.038,2.135
2.66667,71.881,61.141,51.843,32.344,22.218,11.117,7.066,2.066
2.67083,71.990,61.211,51.867,32.402,22.297,11.168,7.138,2.160
2.67500,72.080,61.347,52.002,32.521,22.273,11.167,7.081,2.126
2.67917,72.157,61.439,51.991,32.537,22.291,11.205,7.128,2.130
2.68333,72.254,61.499,52.103,32.568,22.334,11.248,7.096,2.175
2.68750,72.409,61.542,52.157,32.625,22.363,11.276,7.112,2.075
2.69167,72.494,61.675,52.223,32.727,22.399,11.307,7.137,2.103
2.69583,72.518,61.800,52.394,32.651,22.446,11.271,7.156,2.150
2.70000,72.657,61.902,52.353,32.805,22.441,11.293,7.119,2.223
2.70417,72.747,61.935,52.508,32.865,22.548,11.302,7.072,2.211
2.70833,72.958,62.084,52.598,32.894,22.538,11.362,7.150,2.139
2.71250,73.038,62.092,52.634,32.896,22.582,11.359,7.218,2.151
2.71667,73.138,62.201,52.811,33.005,22.610,11.375,7.168,2.151
2.72083,73.240,62.326,52.792,33.010,22.621,11.390,7.185,2.202
2.72500,73.364,62.364,52.911,33.012,22.589,11.438,7.212,2.167
2.72917,73.449,62.497,52.904,33.116,22.698,11.439,7.177,2.193
2.73333,73.498,62.569,53.026,33.156,22.712,11.442,7.197,2.157
2.73750,73.679,62.745,53.079,33.147,22.763,11.458,7.309,2.167
2.74167,73.786,62.768,53.208,33.230,22.830,11.481,7.222,2.143
2.74583,73.842,62.886,53.178,33.280,22.817,11.450,7.215,2.129
2.75000,74.017,62.942,53.349,33.314,22.886,11.470,7.219,2.266
2.75417,74.139,63.044,53.463,33.424,22.895,11.468,7.323,2.250
2.75833,74.256,63.147,53.523,33.490,22.927,11.566,7.303,2.166
2.76250,74.388,63.203,53.622,33.499,22.966,11.511,7.314,2.232
2.76667,74.427,63.348,53.695,33.591,22.953,11.542,7.381,2.222
2.77083,74.533,63.419,53.813,33.577,22.951,11.605,7.341,2.220
2.77500,74.623,63.532,53.774,33.654,22.999,11.596,7.286,2.210
2.77917,74.731,63.687,53.905,33.712,23.080,11.608,7.321,2.165
2.78333,74.922,63.665,53.967,33.778,23.115,11.615,7.345,2.243
2.78750,75.075,63.785,54.017,33.812,23.135,11.655,7.384,2.250
2.79167,75.068,63.947,54.119,33.828,23.161,11.668,7.389,2.199
2.79583,75.144,64.014,54.251,33.921,23.243,11.699,7.322,2.247
2.80000,75.317,64.052,54.354,33.900,23.279,11.729,7.332,2.185
2.80417,75.435,64.151,54.363,33.950,23.256,11.780,7.425,2.245
2.80833,75.504,64.261,54.449,34.031,23.274,11.736,7.399,2.278
2.81250,75.634,64.373,54.565,34.040,23.356,11.800,7.376,2.231
2.81667,75.722,64.498,54.569,34.168,23.377,11.849,7.388,2.317
2.82083,75.862,64.503,54.623,34.171,23.406,11.721,7.428,2.285
2.82500,75.935,64.629,54.739,34.257,23.382,11.801,7.409,2.242
2.82917,76.072,64.718,54.867,34.308,23.454,11.859,7.399,2.301
2.83333,76.214,64.842,54.952,34.360,23.553,11.891,7.481,2.278
2.83750,76.243,64.898,54.969,34.408,23.479,11.858,7.458,2.259
2.84167,76.401,64.975,55.115,34.396,23.576,11.882,7.456,2.265
2.84583,76.522,65.108,55.194,34.513,23.566,11.993,7.495,2.325
2.85000,76.714,65.202,55.260,34.594,23.659,11.959,7.523,2.301
2.85417,76.743,65.336,55.384,34.612,23.644,11.897,7.533,2.355
2.85833,76.902,65.445,55.402,34.671,23.698,12.006,7.519,2.380
2.86250,77.048,65.507,55.509,34.727,23.662,11.935,7.586,2.304
2.86667,77.108,65.668,55.658,34.705,23.811,11.984,7.510,2.323
2.87083,77.205,65.665,55.759,34.801,23.803,12.012,7.562,2.253
2.87500,77.325,65.765,55.766,34.911,23.860,12.100,7.487,2.321
2.87917,77.433,65.940,55.792,34.925,23.821,12.083,7.521,2.386
2.88333,77.602,66.015,55.906,34.980,23.871,12.142,7.602,2.314
2.88750,77.688,66.120,56.007,35.047,23.931,12.116,7.514,2.336
2.89167,77.828,66.194,56.067,35.085,23.951,12.097,7.601,2.376
2.89583,77.923,66.244,56.143,35.140,24.062,12.148,7.605,2.372
2.90000,77.967,66.392,56.249,35.178,24.013,12.131,7.626,2.380
2.90417,78.117,66.521,56.356,35.187,24.070,12.199,7.647,2.350
2.90833,78.203,66.633,56.439,35.243,24.105,12.203,7.709,2.384
2.91250,78.392,66.677,56.418,35.353,24.114,12.167,7.650,2.404
2.91667,78.452,66.752,56.542,35.319,24.133,12.184,7.622,2.391
2.92083,78.521,66.946,56.646,35.415,24.216,12.277,7.685,2.438
2.92500,78.645,66.944,56.800,35.391,24.204,12.217,7.686,2.422
2.92917,78.865,67.095,56.794,35.536,24.248,12.339,7.688,2.414
2.93333,78.934,67.160,56.888,35.591,24.267,12.310,7.613,2.411
2.93750,79.028,67.308,56.914,35.640,24.380,12.401,7.684,2.396
2.94167,79.168,67.323,57.050,35.635,24.403,12.357,7.788,2.437
2.94583,79.236,67.521,57.142,35.733,24.384,12.385,7.766,2.456
2.95000,79.379,67.561,57.217,35.784,24.481,12.368,7.693,2.447
2.95417,79.510,67.684,57.284,35.803,24.537,12.433,7.813,2.422
2.95833,79.611,67.772,57.387,35.847,24.458,12.451,7.777,2.439
2.96250,79.700,67.826,57.485,35.902,24.521,12.447,7.813,2.450
2.96667,79.826,67.917,57.575,35.989,24.559,12.431,7.784,2.436
2.97083,79.958,68.114,57.700,36.067,24.617,12.426,7.796,2.377
2.97500,80.102,68.102,57.708,36.099,24.717,12.513,7.776,2.483
2.97917,80.141,68.243,57.737,36.125,24.725,12.558,7.884,2.518
2.98333,80.336,68.419,57.858,36.163,24.742,12.527,7.862,2.483
2.98750,80.441,68.462,57.934,36.249,24.805,12.563,7.846,2.512
2.99167,80.506,68.572,58.094,36.302,24.832,12.576,7.828,2.488
2.99583,80.624,68.642,58.100,36.399,24.823,12.646,7.839,2.421
3.00000,80.787,68.747,58.225,36.420,24.904,12.608,7.814,2.508
3.00417,80.899,68.884,58.352,36.456,24.930,12.590,7.847,2.437
3.00833,81.008,68.952,58.420,36.526,24.992,12.709,7.848,2.502
3.01250,81.116,69.039,58.494,36.580,24.992,12.704,7.848,2.505
3.01667,81.256,69.096,58.496,36.664,25.054,12.674,7.876,2.453
3.02083,81.346,69.239,58.685,36.687,25.019,12.773,7.917,2.498
3.02500,81.493,69.373,58.731,36.783,25.135,12.686,7.940,2.455
3.02917,81.576,69.497,58.804,36.722,25.125,12.796,8.015,2.522
3.03333,81.657,69.501,58.967,36.844,25.195,12.743,7.974,2.537
3.03750,81.875,69.629,58.978,36.908,25.221,12.749,7.965,2.520
3.04167,81.958,69.771,59.066,37.014,25.229,12.728,7.953,2.490
3.04583,82.107,69.890,59.143,37.029,25.296,12.776,7.980,2.550
3.05000,82.179,69.936,59.251,36.986,25.326,12.919,7.999,2.504
3.05417,82.299,70.054,59.309,37.107,25.345,12.869,7.996,2.466
3.05833,82.384,70.120,59.498,37.183,25.361,12.858,7.962,2.542
3.06250,82.554,70.314,59.519,37.211,25.384,12.944,8.006,2.522
3.06667,82.714,70.384,59.573,37.305,25.411,12.915,8.010,2.551
3.07083,82.765,70.483,59.754,37.364,25.473,12.865,8.087,2.546
3.07500,82.917,70.591,59.760,37.400,25.437,13.020,7.963,2.552
3.07917,83.017,70.714,59.887,37.502,25.573,13.027,8.125,2.528
3.08333,83.168,70.768,59.921,37.510,25.607,12.974,8.072,2.581
3.08750,83.281,70.852,60.070,37.550,25.631,13.099,8.032,2.642
3.09167,83.376,70.923,60.123,37.631,25.627,13.059,8.150,2.576
3.09583,83.536,71.103,60.255,37.623,25.691,13.074,8.169,2.654
3.10000,83.668,71.243,60.284,37.727,25.687,13.112,8.115,2.578
3.10417,83.705,71.278,60.378,37.830,25.781,13.142,8.138,2.597
3.10833,83.889,71.401,60.521,37.858,25.817,13.153,8.131,2.651
3.11250,84.020,71.534,60.526,37.813,25.863,13.185,8.136,2.628
3.11667,84.126,71.595,60.611,37.911,25.840,13.225,8.139,2.597
3.12083,84.241,71.681,60.694,37.956,25.919,13.278,8.159,2.654
3.12500,84.331,71.830,60.824,38.014,25.958,13.206,8.203,2.595
3.12917,84.522,71.906,60.854,38.070,26.027,13.295,8.164,2.582
3.13333,84.609,72.034,61.059,38.135,26.007,13.278,8.232,2.555
3.13750,84.727,72.221,61.066,38.152,26.094,13.237,8.278,2.671
3.14167,84.944,72.198,61.201,38.261,26.077,13.297,8.232,2.689
3.14583,84.926,72.347,61.261,38.298,26.157,13.347,8.266,2.629
3.15000,85.155,72.452,61.286,38.392,26.155,13.267,8.313,2.697
3.15417,85.172,72.633,61.370,38.424,26.205,13.286,8.258,2.593
3.15833,85.374,72.654,61.457,38.528,26.290,13.336,8.276,2.680
3.16250,85.457,72.785,61.638,38.504,26.244,13.423,8.240,2.699
3.16667,85.577,72.879,61.655,38.576,26.375,13.390,8.304,2.638
3.17083,85.715,72.914,61.795,38.640,26.373,13.429,8.324,2.691
3.17500,85.852,73.066,61.900,38.661,26.422,13.509,8.340,2.671
3.17917,85.975,73.234,61.933,38.784,26.422,13.405,8.355,2.680
3.18333,86.093,73.317,62.018,38.813,26.511,13.510,8.337,2.665
3.18750,86.220,73.409,62.107,38.879,26.455,13.451,8.294,2.651
3.19167,86.348,73.560,62.286,38.851,26.599,13.531,8.369,2.655
3.19583,86.417,73.546,62.313,38.973,26.567,13.547,8.361,2.733
3.20000,86.605,73.715,62.425,39.042,26.580,13.478,8.419,2.657
3.20417,86.716,73.862,62.485,39.079,26.615,13.640,8.340,2.724
3.20833,86.896,73.902,62.549,39.181,26.674,13.597,8.445,2.693
3.21250,86.941,74.055,62.637,39.187,26.705,13.623,8.497,2.688
3.21667,87.053,74.123,62.799,39.240,26.799,13.610,8.404,2.657
3.22083,87.225,74.224,62.882,39.331,26.810,13.705,8.492,2.747
3.22500,87.343,74.309,62.960,39.357,26.843,13.667,8.455,2.753
3.22917,87.417,74.490,63.074,39.412,26.872,13.750,8.455,2.775
3.23333,87.584,74.543,63.131,39.496,26.928,13.730,8.462,2.753
3.23750,87.739,74.669,63.179,39.546,26.894,13.781,8.459,2.743
3.24167,87.830,74.790,63.384,39.600,26.988,13.744,8.515,2.775
3.24583,87.932,74.938,63.390,39.627,27.013,13.779,8.480,2.789
3.25000,88.077,75.024,63.483,39.732,27.044,13.812,8.542,2.777
3.25417,88.149,75.108,63.635,39.809,27.114,13.803,8.530,2.746
3.25833,88.316,75.150,63.711,39.867,27.147,13.844,8.601,2.737
3.26250,88.511,75.322,63.802,39.840,27.184,13.877,8.490,2.737
3.26667,88.583,75.413,63.881,39.994,27.245,13.884,8.537,2.774
3.27083,88.669,75.546,63.933,39.938,27.253,13.905,8.571,2.776
3.27500,88.816,75.709,64.059,40.045,27.346,13.878,8.621,2.806
3.27917,88.966,75.750,64.095,40.121,27.344,13.998,8.587,2.782
3.28333,89.059,75.881,64.248,40.171,27.341,13.995,8.577,2.795
3.28750,89.157,75.970,64.312,40.204,27.457,14.098,8.597,2.763
3.29167,89.333,76.079,64.404,40.305,27.460,13.995,8.616,2.845
3.29583,89.444,76.213,64.527,40.287,27.454,14.059,8.635,2.839
3.30000,89.587,76.352,64.617,40.395,27.560,14.032,8.643,2.847
3.30417,89.803,76.464,64.653,40.451,27.621,14.080,8.663,2.789
3.30833,89.842,76.479,64.801,40.498,27.611,14.155,8.686,2.838
3.31250,90.010,76.638,64.799,40.576,27.689,14.147,8.696,2.848
3.31667,90.138,76.748,64.996,40.681,27.676,14.094,8.697,2.768
3.32083,90.290,76.832,65.114,40.715,27.710,14.166,8.748,2.829
3.32500,90.322,76.936,65.172,40.808,27.764,14.213,8.764,2.883
3.32917,90.555,77.035,65.265,40.813,27.801,14.205,8.749,2.892
3.33333,90.712,77.153,65.374,40.854,27.797,14.271,8.778,2.815
3.33750,90.774,77.291,65.450,40.895,27.918,14.289,8.685,2.824
3.34167,90.865,77.431,65.488,40.995,27.904,14.308,8.776,2.871
3.34583,90.999,77.504,65.659,41.026,28.007,14.292,8.803,2.845
3.35000,91.167,77.609,65.750,41.051,28.023,14.308,8.829,2.913
3.35417,91.282,77.676,65.766,41.126,28.089,14.389,8.855,2.841
3.35833,91.447,77.880,65.842,41.207,28.096,14.365,8.864,2.879
3.36250,91.597,77.975,66.019,41.306,28.132,14.377,8.792,2.831
3.36667,91.688,78.048,66.196,41.319,28.168,14.414,8.850,2.909
3.37083,91.798,78.194,66.210,41.412,28.180,14.404,8.864,2.930
3.37500,91.909,78.312,66.263,41.442,28.291,14.488,8.901,2.939
3.37917,92.016,78.428,66.399,41.536,28.286,14.532,8.935,2.933
3.38333,92.179,78.513,66.452,41.452,28.290,14.510,8.900,2.873
3.38750,92.429,78.667,66.579,41.647,28.371,14.536,8.884,2.939
3.39167,92.455,78.750,66.678,41.633,28.404,14.580,8.920,2.903
3.39583,92.574,78.880,66.734,41.758,28.417,14.594,8.938,2.906
3.40000,92.669,78.995,66.804,41.777,28.448,14.636,8.969,2.960
3.40417,92.841,79.062,66.901,41.915,28.556,14.586,9.006,2.960
3.40833,92.969,79.157,67.053,41.931,28.519,14.610,9.002,2.955
3.41250,93.193,79.346,67.153,41.943,28.604,14.633,8.896,2.988
3.41667,93.286,79.463,67.162,41.980,28.666,14.682,8.998,3.054
3.42083,93.417,79.564,67.383,42.063,28.713,14.698,8.999,2.997
3.42500,93.529,79.635,67.415,42.196,28.714,14.734,8.980,2.944
3.42917,93.705,79.833,67.511,42.251,28.737,14.769,9.037,3.005
3.43333,93.767,79.894,67.630,42.311,28.787,14.840,9.046,3.002
3.43750,93.884,80.021,67.666,42.319,28.862,14.737,9.063,2.999
3.44167,94.097,80.103,67.824,42.400,28.864,14.796,9.034,2.964
3.44583,94.109,80.186,67.836,42.499,28.875,14.898,9.058,3.041
3.45000,94.353,80.314,67.994,42.499,28.913,14.887,9.124,2.983
3.45417,94.426,80.423,68.038,42.542,28.994,14.886,9.119,2.927
3.45833,94.576,80.531,68.190,42.617,29.047,14.925,9.147,2.947
3.46250,94.679,80.651,68.291,42.612,29.043,14.940,9.161,2.989
3.46667,94.828,80.799,68.347,42.796,29.130,14.866,9.149,3.032
3.47083,94.982,80.866,68.428,42.827,29.166,14.979,9.123,2.946
3.47500,95.115,80.987,68.488,42.909,29.207,15.021,9.142,3.063
3.47917,95.228,81.119,68.704,43.004,29.196,15.053,9.223,3.032
3.48333,95.359,81.218,68.738,42.939,29.230,15.025,9.145,3.072
3.48750,95.493,81.345,68.800,43.040,29.295,15.008,9.238,3.060
3.49167,95.592,81.489,68.896,43.085,29.347,15.058,9.193,3.075
3.49583,95.741,81.595,69.040,43.185,29.333,15.163,9.221,3.098
3.50000,95.895,81.633,69.097,43.287,29.453,15.127,9.257,3.109
3.50417,96.023,81.766,69.154,43.320,29.500,15.217,9.218,3.109
3.50833,96.174,81.980,69.344,43.307,29.535,15.180,9.262,3.032
3.51250,96.312,82.031,69.404,43.416,29.517,15.218,9.283,3.019
3.51667,96.417,82.103,69.484,43.429,29.560,15.239,9.271,3.123
3.52083,96.601,82.292,69.626,43.499,29.613,15.228,9.319,3.117
3.52500,96.738,82.354,69.667,43.635,29.671,15.253,9.251,3.145
3.52917,96.847,82.480,69.778,43.623,29.661,15.272,9.298,3.125
3.53333,96.957,82.627,69.932,43.700,29.675,15.271,9.252,3.176
3.53750,97.069,82.785,70.014,43.785,29.844,15.318,9.356,3.091
3.54167,97.265,82.852,70.114,43.848,29.845,15.398,9.339,3.180
3.54583,97.452,82.983,70.201,43.945,29.867,15.324,9.387,3.178
3.55000,97.500,83.097,70.286,43.994,29.944,15.382,9.404,3.151
3.55417,97.652,83.158,70.352,44.049,29.978,15.428,9.403,3.159
3.55833,97.800,83.280,70.500,44.111,30.017,15.420,9.405,3.141
3.56250,97.956,83.399,70.592,44.174,30.079,15.484,9.357,3.216
3.56667,98.049,83.589,70.732,44.180,30.073,15.479,9.454,3.112
3.57083,98.134,83.676,70.763,44.289,30.042,15.451,9.407,3.109
3.57500,98.335,83.845,70.911,44.275,30.117,15.512,9.454,3.213
3.57917,98.495,83.871,70.979,44.403,30.272,15.580,9.420,3.203
3.58333,98.663,83.982,71.083,44.401,30.237,15.594,9.522,3.172
3.58750,98.734,84.134,71.183,44.447,30.334,15.576,9.438,3.192
3.59167,98.910,84.209,71.275,44.561,30.307,15.669,9.480,3.190
3.59583,98.998,84.299,71.399,44.604,30.385,15.622,9.505,3.222
3.60000,99.164,84.478,71.474,44.680,30.379,15.684,9.512,3.296
3.60417,99.331,84.624,71.569,44.727,30.445,15.684,9.560,3.247
3.60833,99.483,84.716,71.676,44.853,30.497,15.732,9.422,3.226
3.61250,99.591,84.879,71.684,44.855,30.523,15.774,9.598,3.188
3.61667,99.701,84.964,71.899,44.920,30.625,15.800,9.623,3.246
3.62083,99.889,85.062,71.963,45.008,30.640,15.803,9.620,3.238
3.62500,100.019,85.248,72.058,45.047,30.658,15.819,9.635,3.205
3.62917,100.115,85.351,72.181,45.132,30.687,15.845,9.615,3.265
3.63333,100.235,85.408,72.313,45.141,30.744,15.904,9.595,3.247
3.63750,100.381,85.570,72.354,45.282,30.756,15.845,9.632,3.248
3.64167,100.555,85.642,72.532,45.317,30.840,15.903,9.684,3.253
3.64583,100.658,85.858,72.542,45.353,30.799,15.951,9.607,3.209
3.65000,100.753,85.843,72.686,45.471,30.919,15.962,9.671,3.286
3.65417,101.038,86.063,72.772,45.558,30.953,15.899,9.684,3.249
3.65833,101.111,86.122,72.981,45.510,30.939,15.927,9.713,3.238
3.66250,101.236,86.264,72.934,45.603,31.049,16.000,9.675,3.283
3.66667,101.337,86.368,73.065,45.686,31.077,16.040,9.707,3.197
3.67083,101.468,86.459,73.191,45.764,31.066,16.030,9.732,3.345
3.67500,101.649,86.604,73.318,45.806,31.166,16.073,9.801,3.317
3.67917,101.742,86.728,73.435,45.885,31.228,16.101,9.778,3.362
3.68333,101.865,86.874,73.469,45.927,31.291,16.074,9.730,3.281
3.68750,102.066,86.904,73.552,46.030,31.262,16.097,9.825,3.338
3.69167,102.208,87.058,73.711,46.106,31.346,16.077,9.804,3.369
3.69583,102.347,87.222,73.751,46.111,31.358,16.162,9.849,3.341
3.70000,102.442,87.330,73.858,46.196,31.477,16.182,9.870,3.388
3.70417,102.584,87.431,73.997,46.325,31.437,16.203,9.792,3.352
3.70833,102.785,87.510,74.063,46.311,31.530,16.267,9.850,3.337
3.71250,102.880,87.674,74.165,46.328,31.518,16.239,9.928,3.422
3.71667,103.050,87.794,74.341,46.403,31.534,16.294,9.890,3.367
3.72083,103.223,87.955,74.404,46.497,31.589,16.306,9.913,3.357
3.72500,103.330,88.066,74.456,46.612,31.639,16.371,9.832,3.340
3.72917,103.514,88.159,74.562,46.716,31.750,16.334,9.916,3.325
3.73333,103.574,88.230,74.715,46.688,31.766,16.392,9.922,3.423
3.73750,103.701,88.411,74.766,46.746,31.821,16.394,9.957,3.411
3.74167,103.860,88.510,74.847,46.825,31.814,16.454,9.953,3.381
3.74583,104.006,88.662,74.945,46.855,31.929,16.423,9.929,3.394
3.75000,104.156,88.742,75.119,46.994,31.982,16.501,9.936,3.353
3.75417,104.287,88.846,75.154,47.016,31.969,16.512,9.962,3.407
3.75833,104.387,88.984,75.308,47.074,32.052,16.502,10.047,3.382
3.76250,104.608,89.145,75.459,47.255,32.024,16.554,10.042,3.441
3.76667,104.724,89.206,75.565,47.229,32.123,16.564,10.048,3.457
3.77083,104.904,89.384,75.634,47.291,32.153,16.553,10.088,3.460
3.77500,104.992,89.483,75.730,47.351,32.177,16.629,10.080,3.452
3.77917,105.199,89.609,75.789,47.461,32.177,16.688,10.020,3.416
3.78333,105.287,89.789,75.918,47.470,32.316,16.632,10.071,3.434
3.78750,105.467,89.825,75.937,47.535,32.368,16.673,10.064,3.496
3.79167,105.619,90.012,76.137,47.631,32.361,16.733,10.097,3.510
3.79583,105.723,90.144,76.168,47.727,32.385,16.744,10.079,3.431
3.80000,105.903,90.259,76.317,47.760,32.409,16.797,10.174,3.480
3.80417,105.992,90.256,76.444,47.811,32.449,16.845,10.162,3.482
3.80833,106.152,90.455,76.525,47.873,32.529,16.821,10.154,3.475
3.81250,106.313,90.519,76.660,47.929,32.598,16.892,10.204,3.523
3.81667,106.402,90.718,76.725,47.975,32.581,16.891,10.189,3.473
3.82083,106.534,90.839,76.804,47.999,32.656,16.864,10.202,3.487
3.82500,106.710,90.970,76.984,48.034,32.689,16.902,10.253,3.520
3.82917,106.824,91.107,77.025,48.195,32.695,16.904,10.227,3.496
3.83333,106.995,91.275,77.152,48.235,32.730,17.010,10.226,3.517
3.83750,107.134,91.342,77.323,48.275,32.835,16.965,10.282,3.628
3.84167,107.323,91.474,77.377,48.359,32.874,17.033,10.317,3.504
3.84583,107.467,91.569,77.444,48.457,32.923,17.027,10.259,3.534
3.85000,107.647,91.701,77.578,48.479,33.036,17.062,10.317,3.517
3.85417,107.727,91.855,77.670,48.581,32.992,17.028,10.260,3.582
3.85833,107.831,91.945,77.752,48.631,32.984,17.092,10.335,3.582
3.86250,108.017,92.046,77.868,48.708,33.096,17.201,10.301,3.603
3.86667,108.097,92.230,77.967,48.781,33.090,17.132,10.301,3.568
3.87083,108.299,92.323,78.021,48.820,33.125,17.221,10.303,3.590
3.87500,108.440,92.470,78.150,48.844,33.195,17.206,10.310,3.567
3.87917,108.548,92.495,78.238,48.939,33.228,17.226,10.386,3.573
3.88333,108.777,92.636,78.372,49.044,33.316,17.186,10.397,3.667
3.88750,108.855,92.788,78.452,49.125,33.372,17.275,10.423,3.604
3.89167,109.042,92.886,78.583,49.111,33.342,17.325,10.430,3.634
3.89583,109.236,93.050,78.728,49.215,33.405,17.341,10.412,3.564
3.90000,109.283,93.199,78.793,49.358,33.491,17.329,10.402,3.617
3.90417,109.472,93.324,78.841,49.377,33.480,17.376,10.476,3.661
3.90833,109.619,93.416,78.967,49.357,33.628,17.360,10.464,3.610
3.91250,109.723,93.548,79.073,49.537,33.609,17.394,10.458,3.668
3.91667,109.927,93.699,79.213,49.636,33.637,17.406,10.522,3.679
3.92083,110.053,93.758,79.350,49.622,33.650,17.506,10.512,3.684
3.92500,110.154,93.929,79.487,49.655,33.740,17.520,10.578,3.628
3.92917,110.328,94.060,79.526,49.752,33.707,17.533,10.556,3.640
3.93333,110.414,94.160,79.639,49.786,33.804,17.490,10.550,3.645
3.93750,110.575,94.261,79.766,49.860,33.888,17.521,10.591,3.702
3.94167,110.701,94.402,79.817,49.954,33.944,17.586,10.578,3.669
3.94583,110.943,94.535,79.990,50.094,33.924,17.590,10.608,3.738
3.95000,111.137,94.626,80.016,50.086,33.975,17.610,10.648,3.713
3.95417,111.169,94.770,80.069,50.110,34.032,17.644,10.618,3.685
3.95833,111.407,94.898,80.226,50.193,34.120,17.687,10.684,3.728
3.96250,111.521,95.053,80.354,50.284,34.167,17.691,10.693,3.642
3.96667,111.603,95.145,80.524,50.384,34.158,17.761,10.709,3.687
3.97083,111.819,95.314,80.490,50.367,34.175,17.762,10.624,3.771
3.97500,111.989,95.414,80.662,50.519,34.241,17.768,10.681,3.730
3.97917,111.970,95.567,80.768,50.507,34.310,17.784,10.709,3.767
3.98333,112.159,95.617,80.916,50.668,34.395,17.894,10.676,3.752
3.98750,112.370,95.804,80.989,50.671,34.359,17.801,10.777,3.722
3.99167,112.521,95.894,81.116,50.748,34.416,17.914,10.722,3.761
3.99583,112.608,96.034,81.186,50.860,34.436,17.927,10.748,3.733
4.00000,112.813,96.107,81.392,50.909,34.556,17.898,10.792,3.767
4.00417,112.947,96.246,81.501,50.860,34.520,17.992,10.734,3.833
4.00833,113.133,96.381,81.478,50.992,34.536,18.007,10.777,3.701
4.01250,113.164,96.512,81.637,51.043,34.613,17.953,10.749,3.791
4.01667,113.385,96.603,81.713,51.107,34.659,17.978,10.911,3.736
4.02083,113.554,96.764,81.801,51.151,34.720,17.978,10.784,3.794
4.02500,113.662,96.863,81.969,51.229,34.782,18.065,10.905,3.715
4.02917,113.864,97.062,82.079,51.377,34.861,18.058,10.851,3.823
4.03333,113.975,97.115,82.199,51.399,34.874,18.131,10.895,3.823
4.03750,114.119,97.289,82.253,51.461,34.901,18.069,10.927,3.773
4.04167,114.272,97.446,82.427,51.427,34.970,18.170,10.926,3.789
4.04583,114.452,97.500,82.487,51.642,34.992,18.228,10.873,3.794
4.05000,114.611,97.657,82.572,51.676,35.065,18.214,10.879,3.824
4.05417,114.704,97.757,82.703,51.753,35.049,18.217,10.966,3.789
4.05833,114.846,97.931,82.873,51.765,35.163,18.266,10.881,3.878
4.06250,115.013,98.042,82.857,51.817,35.145,18.315,10.973,3.842
4.06667,115.150,98.138,83.043,51.920,35.177,18.298,10.937,3.850
4.07083,115.279,98.307,83.130,51.918,35.298,18.371,10.965,3.843
4.07500,115.476,98.422,83.204,52.078,35.322,18.359,11.064,3.867
4.07917,115.588,98.478,83.361,52.153,35.325,18.437,10.939,3.807
4.08333,115.776,98.649,83.451,52.214,35.413,18.355,11.052,3.876
4.08750,115.906,98.835,83.547,52.292,35.478,18.463,11.088,3.872
4.09167,116.049,98.953,83.664,52.293,35.529,18.480,11.059,3.898
4.09583,116.193,99.002,83.807,52.409,35.576,18.486,11.024,3.940
4.10000,116.402,99.273,83.860,52.437,35.550,18.555,11.069,3.910
4.10417,116.523,99.264,83.965,52.452,35.609,18.542,11.130,3.959
4.10833,116.658,99.436,84.059,52.589,35.647,18.581,11.095,3.844
4.11250,116.826,99.503,84.212,52.713,35.686,18.609,11.139,3.976
4.11667,116.866,99.725,84.256,52.723,35.710,18.633,11.122,3.900
4.12083,117.015,99.859,84.404,52.713,35.820,18.677,11.185,3.892
4.12500,117.259,99.903,84.538,52.868,35.821,18.684,11.126,3.914
4.12917,117.385,100.139,84.533,52.968,35.889,18.698,11.184,3.951
4.13333,117.533,100.188,84.716,53.016,35.937,18.719,11.140,3.972
4.13750,117.690,100.349,84.842,53.045,36.038,18.771,11.176,3.931
4.14167,117.836,100.385,84.998,53.097,36.096,18.756,11.222,3.863
4.14583,117.947,100.508,85.097,53.226,36.010,18.744,11.265,3.937
4.15000,118.145,100.739,85.195,53.286,36.123,18.795,11.327,4.008
4.15417,118.300,100.820,85.306,53.384,36.250,18.831,11.283,3.881
4.15833,118.436,101.010,85.343,53.453,36.286,18.870,11.269,4.000
4.16250,118.592,101.129,85.473,53.440,36.205,18.865,11.293,3.961
4.16667,118.681,101.204,85.634,53.558,36.343,18.954,11.300,4.075
4.17083,118.947,101.386,85.750,53.602,36.332,18.893,11.307,4.022
4.17500,119.048,101.530,85.762,53.666,36.347,18.948,11.309,4.039
4.17917,119.171,101.555,85.958,53.705,36.413,18.934,11.346,4.033
4.18333,119.369,101.745,85.983,53.776,36.498,19.039,11.388,3.947
4.18750,119.462,101.810,86.091,53.916,36.504,19.079,11.345,4.004
4.19167,119.691,102.065,86.203,53.978,36.535,19.033,11.434,4.003
4.19583,119.801,102.131,86.381,53.971,36.616,19.109,11.315,4.067
4.20000,119.921,102.271,86.481,54.055,36.642,19.096,11.394,3.976
4.20417,120.077,102.392,86.558,54.149,36.693,19.099,11.391,4.040
4.20833,120.204,102.508,86.601,54.307,36.759,19.152,11.481,4.037
4.21250,120.411,102.650,86.798,54.277,36.779,19.176,11.450,4.064
4.21667,120.568,102.735,86.921,54.383,36.863,19.193,11.501,4.011
4.22083,120.661,102.908,86.980,54.420,36.883,19.256,11.528,4.055
4.22500,120.871,102.988,87.086,54.448,36.924,19.278,11.488,4.075
4.22917,120.952,103.136,87.231,54.531,37.004,19.314,11.494,4.123
4.23333,121.083,103.241,87.320,54.575,36.954,19.311,11.483,4.093
4.23750,121.287,103.460,87.449,54.765,37.057,19.311,11.553,4.101
4.24167,121.439,103.611,87.467,54.793,37.094,19.313,11.580,4.078
4.24583,121.553,103.714,87.610,54.802,37.174,19.398,11.523,4.118
4.25000,121.706,103.740,87.784,54.932,37.138,19.353,11.611,4.085
4.25417,121.835,103.940,87.873,54.957,37.312,19.375,11.620,4.086
4.25833,122.010,104.030,87.987,55.000,37.205,19.396,11.586,4.196
4.26250,122.171,104.131,88.126,55.057,37.347,19.483,11.604,4.143
4.26667,122.378,104.332,88.155,55.189,37.346,19.481,11.629,4.150
4.27083,122.500,104.409,88.290,55.217,37.449,19.556,11.608,4.190
4.27500,122.592,104.576,88.419,55.359,37.487,19.544,11.632,4.233
4.27917,122.749,104.727,88.538,55.361,37.481,19.586,11.594,4.156
4.28333,122.894,104.852,88.645,55.384,37.514,19.592,11.653,4.226
4.28750,123.035,104.927,88.671,55.560,37.587,19.654,11.731,4.211
4.29167,123.188,105.175,88.851,55.540,37.676,19.663,11.734,4.167
4.29583,123.420,105.243,88.956,55.612,37.701,19.735,11.750,4.156
4.30000,123.554,105.313,89.073,55.690,37.776,19.643,11.755,4.174
4.30417,123.673,105.492,89.195,55.762,37.769,19.710,11.743,4.189
4.30833,123.805,105.620,89.330,55.814,37.884,19.809,11.787,4.160
4.31250,124.005,105.713,89.439,55.887,37.908,19.854,11.720,4.152
4.31667,124.143,105.830,89.501,56.018,37.969,19.799,11.760,4.253
4.32083,124.240,105.975,89.593,56.111,37.952,19.816,11.823,4.257
4.32500,124.418,106.102,89.733,56.110,38.013,19.847,11.772,4.200
4.32917,124.602,106.216,89.801,56.183,38.052,19.896,11.848,4.250
4.33333,124.770,106.318,89.983,56.292,38.077,19.842,11.814,4.191
4.33750,124.869,106.504,90.054,56.301,38.172,19.892,11.826,4.262
4.34167,125.065,106.670,90.198,56.328,38.198,19.946,11.845,4.215
4.34583,125.230,106.766,90.251,56.496,38.300,20.020,11.910,4.235
4.35000,125.346,106.893,90.398,56.540,38.241,19.982,12.021,4.234
4.35417,125.522,107.014,90.496,56.599,38.369,20.031,11.873,4.212
4.35833,125.635,107.138,90.585,56.611,38.359,20.063,11.982,4.313
4.36250,125.797,107.299,90.766,56.750,38.459,20.101,12.001,4.307
4.36667,125.930,107.390,90.857,56.843,38.519,20.120,12.009,4.285
4.37083,126.137,107.528,90.909,56.907,38.564,20.129,12.001,4.287
4.37500,126.338,107.640,90.970,56.907,38.533,20.144,11.975,4.257
4.37917,126.427,107.805,91.119,56.944,38.593,20.137,11.999,4.286
4.38333,126.543,107.943,91.248,57.033,38.646,20.184,12.008,4.324
4.38750,126.685,108.070,91.371,57.149,38.705,20.225,12.012,4.292
4.39167,126.909,108.227,91.437,57.232,38.692,20.228,12.026,4.277
4.39583,127.032,108.329,91.515,57.334,38.782,20.252,12.096,4.367
4.40000,127.200,108.500,91.606,57.325,38.761,20.284,12.010,4.332
4.40417,127.308,108.540,91.807,57.426,38.899,20.372,12.059,4.357
4.40833,127.468,108.736,91.855,57.485,38.931,20.364,12.083,4.361
4.41250,127.619,108.888,92.061,57.537,38.963,20.383,12.160,4.323
4.41667,127.816,108.997,92.133,57.630,39.067,20.398,12.138,4.344
4.42083,127.866,109.107,92.252,57.677,39.038,20.482,12.152,4.333
4.42500,128.079,109.263,92.428,57.750,39.050,20.452,12.149,4.414
4.42917,128.221,109.360,92.416,57.807,39.097,20.498,12.160,4.371
4.43333,128.412,109.513,92.581,57.869,39.151,20.554,12.185,4.387
4.43750,128.542,109.590,92.662,57.922,39.255,20.561,12.216,4.418
4.44167,128.715,109.777,92.776,58.038,39.285,20.549,12.161,4.429
4.44583,128.906,109.882,92.913,58.150,39.401,20.568,12.197,4.406
4.45000,129.030,110.065,93.083,58.166,39.375,20.672,12.203,4.391
4.45417,129.147,110.182,93.078,58.245,39.414,20.655,12.215,4.444
4.45833,129.305,110.289,93.244,58.317,39.487,20.676,12.257,4.407
4.46250,129.489,110.402,93.355,58.439,39.569,20.708,12.248,4.395
4.46667,129.546,110.468,93.463,58.440,39.594,20.678,12.230,4.452
4.47083,129.803,110.644,93.585,58.480,39.632,20.676,12.357,4.430
4.47500,129.966,110.836,93.683,58.529,39.706,20.777,12.256,4.455
4.47917,130.122,111.008,93.788,58.604,39.664,20.850,12.315,4.420
4.48333,130.237,111.090,93.877,58.691,39.779,20.836,12.349,4.487
4.48750,130.368,111.263,93.947,58.755,39.865,20.880,12.326,4.454
4.49167,130.540,111.372,94.098,58.926,39.813,20.820,12.360,4.481
4.49583,130.677,111.492,94.180,58.978,39.925,20.894,12.372,4.468
4.50000,130.867,111.535,94.358,58.917,40.006,20.943,12.382,4.537
4.50417,131.056,111.751,94.440,59.060,40.028,20.946,12.412,4.484
4.50833,131.138,111.829,94.610,59.112,40.035,21.036,12.312,4.519
4.51250,131.303,112.034,94.650,59.194,40.071,20.954,12.418,4.552
4.51667,131.482,112.153,94.846,59.349,40.142,21.047,12.418,4.531
4.52083,131.569,112.196,94.957,59.304,40.164,21.029,12.458,4.500
4.52500,131.796,112.408,95.042,59.429,40.232,21.056,12.460,4.524
4.52917,131.932,112.496,95.118,59.475,40.219,21.092,12.450,4.574
4.53333,132.036,112.608,95.254,59.503,40.300,21.102,12.599,4.486
4.53750,132.237,112.734,95.264,59.657,40.333,21.145,12.481,4.539
4.54167,132.372,112.935,95.418,59.695,40.373,21.164,12.527,4.551
4.54583,132.535,112.970,95.547,59.747,40.461,21.203,12.538,4.549
4.55000,132.692,113.162,95.634,59.830,40.523,21.221,12.572,4.507
4.55417,132.850,113.293,95.763,59.915,40.532,21.236,12.530,4.573
4.55833,133.022,113.379,95.873,59.968,40.579,21.249,12.625,4.624
4.56250,133.121,113.521,95.995,60.099,40.620,21.299,12.604,4.571
4.56667,133.245,113.772,96.098,60.086,40.703,21.401,12.633,4.495
4.57083,133.343,113.811,96.220,60.165,40.701,21.387,12.569,4.617
4.57500,133.671,113.949,96.357,60.233,40.775,21.389,12.686,4.588
4.57917,133.757,114.036,96.437,60.294,40.765,21.436,12.653,4.617
4.58333,133.945,114.214,96.614,60.375,40.914,21.356,12.602,4.584
4.58750,134.020,114.338,96.681,60.456,40.905,21.499,12.626,4.582
4.59167,134.255,114.501,96.824,60.463,41.037,21.567,12.723,4.574
4.59583,134.369,114.644,96.846,60.522,41.005,21.514,12.737,4.620
4.60000,134.515,114.681,96.994,60.684,41.085,21.564,12.684,4.618
4.60417,134.654,114.842,97.091,60.730,41.156,21.579,12.757,4.619
4.60833,134.863,114.986,97.238,60.788,41.111,21.590,12.739,4.637
4.61250,135.013,115.091,97.308,60.919,41.264,21.647,12.782,4.652
4.61667,135.116,115.208,97.371,61.008,41.248,21.621,12.746,4.613
4.62083,135.324,115.371,97.598,60.991,41.307,21.687,12.754,4.592
4.62500,135.441,115.467,97.626,61.118,41.348,21.700,12.790,4.657
4.62917,135.607,115.705,97.761,61.113,41.312,21.727,12.851,4.692
4.63333,135.686,115.781,97.951,61.248,41.482,21.738,12.848,4.666
4.63750,135.875,115.951,97.997,61.311,41.489,21.807,12.926,4.687
4.64167,136.061,116.062,98.060,61.337,41.518,21.743,12.853,4.684
4.64583,136.152,116.207,98.211,61.392,41.577,21.817,12.952,4.771
4.65000,136.346,116.284,98.299,61.481,41.598,21.836,12.946,4.655
4.65417,136.492,116.396,98.424,61.573,41.698,21.822,12.883,4.704
4.65833,136.626,116.577,98.531,61.677,41.661,21.871,12.951,4.710
4.66250,136.793,116.706,98.617,61.735,41.738,21.939,12.920,4.748
4.66667,136.945,116.811,98.755,61.774,41.778,21.948,13.020,4.759
4.67083,137.124,116.998,98.891,61.831,41.865,21.987,12.925,4.776
4.67500,137.170,117.125,98.979,61.968,41.960,21.948,13.007,4.698
4.67917,137.380,117.302,99.097,61.979,41.913,21.929,12.979,4.768
4.68333,137.597,117.306,99.184,62.034,42.007,22.035,13.008,4.734
4.68750,137.722,117.529,99.328,62.206,41.945,22.047,13.034,4.787
4.69167,137.878,117.608,99.420,62.215,42.061,22.072,13.060,4.780
4.69583,138.038,117.747,99.518,62.243,42.109,22.074,13.101,4.787
4.70000,138.228,117.867,99.623,62.294,42.169,22.120,13.065,4.884
4.70417,138.396,118.013,99.775,62.380,42.256,22.193,13.100,4.786
4.70833,138.514,118.118,99.796,62.439,42.262,22.199,13.074,4.815
4.71250,138.598,118.211,99.949,62.490,42.341,22.182,13.064,4.835
4.71667,138.819,118.433,100.111,62.621,42.309,22.240,13.130,4.782
4.72083,138.943,118.584,100.232,62.735,42.410,22.230,13.151,4.835
4.72500,139.089,118.660,100.269,62.730,42.479,22.308,13.155,4.854
4.72917,139.314,118.793,100.388,62.806,42.462,22.291,13.180,4.778
4.73333,139.451,118.993,100.507,62.876,42.482,22.311,13.164,4.869
4.73750,139.517,119.100,100.609,62.988,42.559,22.350,13.187,4.821
4.74167,139.733,119.247,100.714,63.017,42.626,22.381,13.243,4.781
4.74583,139.802,119.363,100.934,63.002,42.676,22.407,13.234,4.844
4.75000,140.039,119.526,101.006,63.141,42.686,22.442,13.208,4.821
4.75417,140.206,119.647,101.092,63.258,42.782,22.487,13.298,4.921
4.75833,140.293,119.764,101.132,63.237,42.808,22.430,13.245,4.882
4.76250,140.505,119.851,101.269,63.352,42.870,22.444,13.252,4.785
4.76667,140.682,119.962,101.421,63.407,42.866,22.564,13.265,4.857
4.77083,140.822,120.088,101.494,63.551,42.928,22.558,13.291,4.906
4.77500,140.936,120.178,101.609,63.573,43.051,22.598,13.266,4.838
4.77917,141.133,120.373,101.766,63.674,43.098,22.607,13.371,4.932
4.78333,141.290,120.543,101.848,63.661,43.125,22.689,13.367,4.915
4.78750,141.424,120.651,101.993,63.823,43.143,22.662,13.319,4.954
4.79167,141.599,120.766,102.092,63.842,43.253,22.658,13.321,4.915
4.79583,141.686,120.949,102.207,63.891,43.215,22.786,13.404,4.887
4.80000,141.917,121.081,102.293,64.034,43.287,22.780,13.401,4.883
4.80417,141.962,121.139,102.341,64.054,43.292,22.780,13.408,4.965
4.80833,142.174,121.303,102.559,64.141,43.390,22.831,13.413,4.968
4.81250,142.377,121.434,102.628,64.190,43.435,22.889,13.455,4.963
4.81667,142.483,121.581,102.700,64.293,43.416,22.913,13.514,4.941
4.82083,142.608,121.657,102.787,64.312,43.527,22.871,13.459,4.966
4.82500,142.737,121.876,103.013,64.371,43.534,22.933,13.538,4.953
4.82917,142.914,121.912,103.102,64.505,43.557,22.914,13.474,4.912
4.83333,143.035,122.061,103.228,64.539,43.680,22.989,13.461,4.920
4.83750,143.195,122.236,103.265,64.580,43.688,22.952,13.519,5.012
4.84167,143.400,122.373,103.370,64.691,43.769,23.037,13.538,5.085
4.84583,143.546,122.463,103.527,64.806,43.836,23.017,13.494,5.003
4.85000,143.763,122.561,103.628,64.848,43.802,23.093,13.589,5.046
4.85417,143.928,122.713,103.727,64.928,43.895,23.058,13.584,5.056
4.85833,144.037,122.820,103.800,64.997,44.005,23.050,13.595,4.985
4.86250,144.142,123.045,103.988,65.063,43.936,23.108,13.616,5.048
4.86667,144.305,123.104,104.070,65.103,44.015,23.188,13.620,5.040
4.87083,144.477,123.280,104.116,65.166,44.036,23.185,13.639,4.992
4.87500,144.600,123.352,104.315,65.208,44.090,23.226,13.674,5.044
4.87917,144.775,123.511,104.417,65.348,44.149,23.195,13.689,5.059
4.88333,144.927,123.634,104.465,65.374,44.190,23.265,13.663,5.104
4.88750,145.107,123.840,104.634,65.368,44.259,23.285,13.740,5.022
4.89167,145.306,123.892,104.731,65.491,44.275,23.341,13.705,5.012
4.89583,145.393,124.030,104.831,65.592,44.367,23.320,13.660,5.117
4.90000,145.523,124.201,104.955,65.610,44.338,23.360,13.751,5.041
4.90417,145.720,124.253,105.003,65.709,44.455,23.365,13.762,5.001
4.90833,145.893,124.412,105.108,65.828,44.473,23.386,13.743,5.043
4.91250,146.007,124.522,105.271,65.820,44.536,23.395,13.764,5.095
4.91667,146.170,124.734,105.448,65.863,44.559,23.517,13.760,5.088
4.92083,146.282,124.795,105.469,65.983,44.593,23.468,13.706,5.092
4.92500,146.404,124.932,105.615,66.042,44.659,23.528,13.745,5.055
4.92917,146.627,125.088,105.758,66.119,44.751,23.584,13.845,5.149
4.93333,146.727,125.201,105.889,66.222,44.749,23.595,13.788,5.175
4.93750,146.952,125.381,105.950,66.314,44.768,23.581,13.872,5.059
4.94167,147.056,125.485,106.058,66.304,44.873,23.605,13.825,5.166
4.94583,147.158,125.662,106.158,66.356,44.852,23.671,13.863,5.100
4.95000,147.380,125.716,106.274,66.552,44.907,23.616,13.876,5.171
4.95417,147.529,125.906,106.363,66.576,44.992,23.687,13.914,5.139
4.95833,147.757,126.070,106.461,66.602,44.960,23.741,13.939,5.156
4.96250,147.812,126.203,106.639,66.671,45.121,23.718,13.970,5.189
4.96667,147.994,126.281,106.730,66.719,45.076,23.787,13.936,5.242
4.97083,148.153,126.408,106.801,66.834,45.209,23.731,13.952,5.185
4.97500,148.301,126.592,106.952,66.861,45.208,23.811,13.946,5.162
4.97917,148.403,126.653,107.007,66.917,45.274,23.862,14.015,5.208
4.98333,148.624,126.828,107.177,67.017,45.291,23.876,14.050,5.171
4.98750,148.753,126.951,107.203,67.043,45.301,23.891,14.052,5.191
4.99167,148.866,127.096,107.319,67.092,45.417,23.915,14.011,5.180
4.99583,149.077,127.305,107.497,67.203,45.386,23.904,14.059,5.199
5.00000,149.171,127.299,107.643,67.347,45.500,23.971,14.139,5.243
5.00417,149.342,127.513,107.738,67.378,45.532,23.997,14.014,5.220
5.00833,149.594,127.575,107.829,67.473,45.595,23.994,14.032,5.299
5.01250,149.636,127.690,107.928,67.554,45.598,24.046,14.113,5.253
5.01667,149.778,127.881,108.082,67.645,45.654,24.114,14.134,5.236
5.02083,149.923,127.952,108.118,67.665,45.688,24.113,14.160,5.201
5.02500,150.136,128.092,108.287,67.759,45.838,24.119,14.161,5.297
5.02917,150.267,128.232,108.366,67.787,45.854,24.176,14.198,5.250
5.03333,150.419,128.354,108.440,67.844,45.870,24.167,14.161,5.309
5.03750,150.554,128.511,108.539,67.917,45.876,24.206,14.173,5.335
5.04167,150.745,128.661,108.749,68.013,45.958,24.229,14.224,5.224
5.04583,150.802,128.750,108.851,68.081,45.993,24.262,14.213,5.284
5.05000,150.994,128.893,108.894,68.085,46.043,24.265,14.232,5.309
5.05417,151.268,129.073,108.961,68.276,46.028,24.304,14.257,5.282
5.05833,151.302,129.151,109.088,68.262,46.154,24.320,14.280,5.294
5.06250,151.555,129.278,109.230,68.367,46.159,24.309,14.302,5.298
5.06667,151.672,129.331,109.298,68.435,46.209,24.393,14.211,5.340
5.07083,151.769,129.459,109.481,68.512,46.223,24.370,14.277,5.317
5.07500,151.925,129.614,109.485,68.518,46.299,24.384,14.307,5.349
5.07917,152.095,129.786,109.686,68.574,46.376,24.471,14.404,5.308
5.08333,152.286,129.882,109.793,68.687,46.426,24.469,14.334,5.308
5.08750,152.335,130.003,109.903,68.732,46.440,24.551,14.330,5.336
5.09167,152.537,130.162,109.966,68.796,46.452,24.574,14.324,5.361
5.09583,152.678,130.287,110.074,68.924,46.625,24.605,14.377,5.324
5.10000,152.835,130.449,110.200,68.936,46.531,24.532,14.386,5.396
5.10417,152.982,130.572,110.376,69.054,46.668,24.573,14.434,5.320
5.10833,153.185,130.708,110.427,69.058,46.697,24.661,14.390,5.324
5.11250,153.268,130.818,110.516,69.175,46.787,24.662,14.384,5.351
5.11667,153.415,131.033,110.676,69.263,46.763,24.727,14.453,5.424
5.12083,153.704,131.125,110.821,69.247,46.824,24.703,14.451,5.396
5.12500,153.715,131.209,110.878,69.339,46.896,24.767,14.481,5.439
5.12917,153.897,131.277,110.960,69.441,46.906,24.736,14.461,5.389
5.13333,154.040,131.489,111.134,69.517,46.996,24.754,14.468,5.455
5.13750,154.189,131.625,111.160,69.602,46.994,24.822,14.504,5.436
5.14167,154.332,131.710,111.284,69.584,47.008,24.736,14.551,5.423
5.14583,154.524,131.882,111.432,69.701,47.128,24.873,14.566,5.436
5.15000,154.600,131.931,111.502,69.814,47.134,24.863,14.593,5.390
5.15417,154.871,132.086,111.642,69.904,47.249,24.882,14.586,5.479
5.15833,154.959,132.246,111.737,69.943,47.185,24.957,14.586,5.435
5.16250,155.066,132.348,111.836,69.951,47.241,24.925,14.587,5.442
5.16667,155.260,132.559,111.978,70.039,47.240,25.008,14.626,5.507
5.17083,155.418,132.660,112.151,70.020,47.356,24.985,14.575,5.485
5.17500,155.508,132.821,112.208,70.187,47.428,25.015,14.638,5.439
5.17917,155.667,132.883,112.294,70.280,47.487,25.070,14.612,5.441
5.18333,155.857,133.070,112.340,70.265,47.439,25.039,14.673,5.466
5.18750,155.942,133.185,112.517,70.387,47.527,25.092,14.735,5.485
5.19167,156.141,133.251,112.535,70.449,47.671,25.131,14.767,5.518
5.19583,156.282,133.345,112.746,70.561,47.686,25.141,14.673,5.503
5.20000,156.427,133.557,112.849,70.624,47.656,25.134,14.746,5.508
5.20417,156.642,133.604,112.854,70.607,47.679,25.241,14.786,5.581
5.20833,156.858,133.763,113.018,70.690,47.758,25.167,14.774,5.578
5.21250,156.951,133.954,113.114,70.791,47.825,25.203,14.833,5.501
5.21667,157.095,133.991,113.245,70.843,47.869,25.285,14.736,5.548
5.22083,157.173,134.166,113.320,70.909,47.938,25.314,14.752,5.588
5.22500,157.306,134.258,113.468,70.986,47.966,25.351,14.800,5.527
5.22917,157.535,134.451,113.637,71.122,47.981,25.329,14.844,5.560
5.23333,157.671,134.574,113.671,71.155,48.031,25.376,14.800,5.532
5.23750,157.881,134.679,113.779,71.223,48.014,25.368,14.887,5.539
5.24167,158.035,134.820,113.874,71.298,48.171,25.453,14.877,5.546
5.24583,158.154,134.920,114.072,71.315,48.196,25.468,14.837,5.582
5.25000,158.303,135.069,114.141,71.343,48.210,25.489,14.852,5.554
5.25417,158.431,135.161,114.206,71.511,48.225,25.578,14.845,5.652
5.25833,158.538,135.329,114.310,71.573,48.269,25.553,14.903,5.601
5.26250,158.795,135.459,114.474,71.622,48.304,25.587,14.904,5.555
5.26667,158.898,135.608,114.621,71.711,48.396,25.563,14.909,5.692
5.27083,158.993,135.632,114.666,71.757,48.433,25.658,14.982,5.625
5.27500,159.198,135.884,114.744,71.840,48.515,25.660,14.954,5.604
5.27917,159.304,135.960,114.847,71.861,48.586,25.676,14.932,5.668
5.28333,159.496,136.082,115.067,71.963,48.574,25.676,14.971,5.717
5.28750,159.643,136.299,115.088,71.992,48.590,25.723,15.020,5.656
5.29167,159.770,136.317,115.180,71.987,48.688,25.741,15.023,5.634
5.29583,159.874,136.462,115.316,72.096,48.756,25.731,14.992,5.664
5.30000,160.064,136.560,115.456,72.227,48.770,25.750,15.046,5.682
5.30417,160.203,136.789,115.583,72.263,48.897,25.839,15.004,5.670
5.30833,160.341,136.821,115.621,72.312,48.869,25.836,15.149,5.698
5.31250,160.569,137.007,115.714,72.341,48.900,25.837,15.158,5.751
5.31667,160.672,137.133,115.808,72.495,48.963,25.829,15.127,5.674
5.32083,160.828,137.275,115.888,72.454,48.965,25.932,15.148,5.693
5.32500,160.937,137.412,116.063,72.597,49.056,25.926,15.135,5.731
5.32917,161.064,137.476,116.245,72.730,49.126,25.947,15.155,5.696
5.33333,161.220,137.657,116.252,72.657,49.108,25.950,15.170,5.709
5.33750,161.431,137.754,116.348,72.806,49.165,25.971,15.170,5.713
5.34167,161.572,137.902,116.460,72.867,49.223,26.045,15.183,5.704
5.34583,161.686,137.996,116.592,72.976,49.291,26.068,15.163,5.731
5.35000,161.851,138.152,116.693,73.015,49.282,26.099,15.239,5.734
5.35417,162.038,138.268,116.830,73.074,49.283,26.075,15.191,5.762
5.35833,162.190,138.341,116.935,73.116,49.414,26.093,15.187,5.816
5.36250,162.315,138.476,116.996,73.253,49.377,26.182,15.293,5.800
5.36667,162.387,138.662,117.137,73.322,49.516,26.135,15.306,5.768
5.37083,162.565,138.757,117.256,73.388,49.501,26.256,15.282,5.750
5.37500,162.677,138.894,117.339,73.411,49.593,26.192,15.293,5.721
5.37917,162.882,139.090,117.420,73.504,49.673,26.264,15.248,5.778
5.38333,163.026,139.173,117.498,73.511,49.591,26.335,15.330,5.794
5.38750,163.093,139.260,117.646,73.658,49.670,26.327,15.281,5.755
5.39167,163.298,139.416,117.725,73.720,49.779,26.339,15.328,5.753
5.39583,163.451,139.571,117.861,73.778,49.814,26.319,15.435,5.885
5.40000,163.620,139.620,117.966,73.844,49.839,26.350,15.379,5.771
5.40417,163.686,139.763,118.109,73.876,49.843,26.418,15.410,5.831
5.40833,163.900,139.884,118.212,73.981,49.932,26.400,15.388,5.790
5.41250,164.115,139.964,118.292,73.931,49.981,26.495,15.421,5.765
5.41667,164.186,140.103,118.370,74.070,50.056,26.477,15.423,5.795
5.42083,164.357,140.279,118.432,74.203,50.061,26.508,15.402,5.809
5.42500,164.561,140.425,118.644,74.300,50.170,26.527,15.476,5.835
5.42917,164.581,140.478,118.752,74.303,50.127,26.428,15.447,5.918
5.43333,164.777,140.616,118.855,74.352,50.108,26.500,15.474,5.806
5.43750,164.938,140.732,118.952,74.437,50.202,26.612,15.502,5.850
5.44167,165.055,140.872,119.003,74.408,50.255,26.634,15.575,5.861
5.44583,165.185,141.131,119.158,74.506,50.274,26.634,15.515,5.874
5.45000,165.406,141.201,119.266,74.641,50.330,26.604,15.575,5.894
5.45417,165.570,141.330,119.316,74.720,50.418,26.705,15.558,5.827
5.45833,165.703,141.423,119.496,74.737,50.519,26.679,15.578,5.913
5.46250,165.789,141.561,119.622,74.808,50.492,26.708,15.549,5.970
5.46667,166.017,141.680,119.696,74.886,50.551,26.772,15.553,5.944
5.47083,166.122,141.732,119.730,75.006,50.604,26.733,15.631,5.906
5.47500,166.249,141.901,119.860,75.044,50.615,26.733,15.670,5.920
5.47917,166.398,142.023,119.944,75.075,50.658,26.820,15.641,5.941
5.48333,166.557,142.157,120.055,75.163,50.710,26.835,15.604,5.916
5.48750,166.740,142.307,120.208,75.186,50.810,26.881,15.618,5.891
5.49167,166.802,142.404,120.287,75.283,50.773,26.946,15.690,5.979
5.49583,166.985,142.553,120.392,75.348,50.873,26.924,15.633,5.942
5.50000,167.189,142.702,120.498,75.458,50.945,26.949,15.609,5.896
5.50417,167.283,142.826,120.612,75.480,50.925,26.969,15.673,5.929
5.50833,167.461,142.902,120.644,75.566,51.018,26.923,15.616,5.944
5.51250,167.523,143.098,120.858,75.635,51.005,27.049,15.644,5.928
5.51667,167.685,143.146,120.924,75.691,51.107,27.109,15.727,5.950
5.52083,167.874,143.302,121.070,75.787,51.070,27.051,15.773,5.930
5.52500,167.997,143.443,121.129,75.889,51.203,27.158,15.802,5.968
5.52917,168.166,143.622,121.240,75.934,51.241,27.123,15.826,6.060
5.53333,168.270,143.686,121.343,75.955,51.271,27.190,15.806,5.945
5.53750,168.392,143.808,121.494,76.030,51.297,27.153,15.857,5.961
5.54167,168.585,143.919,121.551,76.108,51.354,27.220,15.837,6.000
5.54583,168.737,144.018,121.773,76.164,51.329,27.194,15.848,6.011
5.55000,168.870,144.122,121.754,76.196,51.450,27.202,15.826,5.952
5.55417,169.043,144.245,121.856,76.298,51.444,27.152,15.849,5.997
5.55833,169.175,144.451,122.002,76.351,51.521,27.262,15.875,6.026
5.56250,169.343,144.556,122.038,76.344,51.579,27.347,15.869,6.003
5.56667,169.415,144.628,122.193,76.448,51.642,27.341,15.869,5.964
5.57083,169.607,144.785,122.247,76.534,51.621,27.377,15.887,6.028
5.57500,169.825,144.890,122.408,76.629,51.666,27.385,15.901,6.091
5.57917,169.896,145.020,122.492,76.685,51.742,27.406,15.901,6.051
5.58333,170.002,145.193,122.615,76.739,51.765,27.404,15.938,6.064
5.58750,170.131,145.264,122.742,76.771,51.816,27.409,15.952,6.134
5.59167,170.307,145.494,122.798,76.813,51.868,27.513,15.946,6.079
5.59583,170.507,145.518,122.989,76.891,51.921,27.462,15.985,6.047
5.60000,170.599,145.683,123.026,77.042,52.020,27.531,15.947,6.076
5.60417,170.746,145.769,123.087,77.097,51.932,27.569,16.003,6.084
5.60833,170.864,145.899,123.225,77.071,52.023,27.599,16.053,6.073
5.61250,171.061,146.023,123.342,77.181,52.158,27.597,16.039,6.061
5.61667,171.118,146.159,123.408,77.245,52.163,27.573,16.103,6.192
5.62083,171.299,146.294,123.564,77.265,52.218,27.660,16.085,6.152
5.62500,171.448,146.498,123.616,77.376,52.242,27.661,16.105,6.085
5.62917,171.622,146.542,123.706,77.434,52.271,27.641,16.123,6.156
5.63333,171.804,146.638,123.866,77.450,52.309,27.743,16.150,6.159
5.63750,171.945,146.703,123.959,77.575,52.310,27.742,16.131,6.077
5.64167,172.039,146.825,124.080,77.628,52.404,27.762,16.133,6.119
5.64583,172.210,146.983,124.135,77.679,52.345,27.740,16.126,6.056
5.65000,172.302,147.075,124.334,77.764,52.455,27.836,16.135,6.200
5.65417,172.516,147.234,124.343,77.854,52.499,27.836,16.179,6.153
5.65833,172.529,147.379,124.480,77.952,52.576,27.827,16.164,6.180
5.66250,172.784,147.493,124.599,77.911,52.588,27.868,16.204,6.142
5.66667,172.867,147.643,124.629,78.021,52.645,27.917,16.224,6.190
5.67083,173.060,147.726,124.840,78.134,52.683,27.913,16.291,6.222
5.67500,173.138,147.836,124.930,78.135,52.722,27.955,16.203,6.146
5.67917,173.307,147.955,124.941,78.256,52.784,27.959,16.240,6.188
5.68333,173.477,148.101,125.124,78.324,52.773,28.028,16.229,6.238
5.68750,173.606,148.190,125.164,78.292,52.893,28.035,16.309,6.147
5.69167,173.814,148.350,125.281,78.359,52.908,28.057,16.288,6.211
5.69583,173.886,148.361,125.381,78.455,52.913,28.115,16.289,6.230
5.70000,174.096,148.554,125.519,78.550,52.997,28.088,16.370,6.213
5.70417,174.243,148.717,125.567,78.586,53.049,28.166,16.323,6.228
5.70833,174.300,148.802,125.720,78.638,53.114,28.131,16.423,6.215
5.71250,174.485,148.979,125.841,78.775,53.072,28.180,16.331,6.170
5.71667,174.559,149.115,125.902,78.783,53.182,28.172,16.313,6.244
5.72083,174.748,149.161,125.986,78.795,53.136,28.229,16.401,6.300
5.72500,174.848,149.295,126.135,78.927,53.268,28.233,16.384,6.239
5.72917,174.975,149.505,126.261,79.027,53.290,28.206,16.435,6.252
5.73333,175.146,149.578,126.339,79.101,53.371,28.300,16.421,6.252
5.73750,175.340,149.627,126.366,79.110,53.463,28.292,16.417,6.256
5.74167,175.528,149.847,126.520,79.145,53.429,28.369,16.434,6.294
5.74583,175.542,149.874,126.638,79.215,53.469,28.391,16.426,6.278
5.75000,175.770,150.112,126.755,79.344,53.502,28.348,16.457,6.333
5.75417,175.878,150.138,126.908,79.378,53.513,28.369,16.501,6.291
5.75833,176.047,150.245,126.968,79.482,53.577,28.382,16.530,6.324
5.76250,176.131,150.391,127.063,79.554,53.660,28.486,16.484,6.358
5.76667,176.277,150.561,127.180,79.565,53.706,28.406,16.557,6.242
5.77083,176.460,150.628,127.213,79.637,53.732,28.515,16.496,6.283
5.77500,176.624,150.710,127.302,79.684,53.723,28.517,16.559,6.316
5.77917,176.762,150.891,127.488,79.735,53.755,28.528,16.580,6.266
5.78333,176.867,151.048,127.503,79.747,53.864,28.562,16.578,6.377
5.78750,177.051,151.131,127.612,79.880,53.925,28.568,16.610,6.301
5.79167,177.227,151.252,127.743,80.015,53.890,28.614,16.608,6.326
5.79583,177.305,151.392,127.847,80.062,53.985,28.584,16.605,6.337
5.80000,177.442,151.484,127.990,80.080,53.989,28.675,16.641,6.352
5.80417,177.523,151.631,128.067,80.067,54.044,28.681,16.612,6.364
5.80833,177.711,151.748,128.067,80.176,54.143,28.694,16.683,6.319
5.81250,177.830,151.823,128.297,80.273,54.197,28.734,16.664,6.368
5.81667,177.945,151.945,128.341,80.304,54.155,28.778,16.703,6.387
5.82083,178.095,152.122,128.452,80.362,54.243,28.834,16.681,6.370
5.82500,178.283,152.219,128.525,80.413,54.207,28.830,16.677,6.319
5.82917,178.462,152.327,128.711,80.527,54.295,28.806,16.771,6.397
5.83333,178.430,152.487,128.812,80.516,54.371,28.837,16.698,6.395
5.83750,178.690,152.563,128.888,80.591,54.446,28.935,16.689,6.478
5.84167,178.890,152.703,128.984,80.693,54.486,28.862,16.781,6.404
5.84583,178.936,152.836,129.036,80.782,54.462,28.852,16.780,6.474
5.85000,179.120,152.971,129.156,80.796,54.526,28.978,16.804,6.429
5.85417,179.284,153.033,129.329,80.886,54.536,28.922,16.732,6.400
5.85833,179.369,153.183,129.397,80.869,54.550,28.997,16.771,6.430
5.86250,179.561,153.269,129.512,81.001,54.673,29.025,16.780,6.451
5.86667,179.667,153.416,129.552,81.101,54.681,29.059,16.827,6.488
5.87083,179.823,153.454,129.667,81.152,54.760,29.008,16.792,6.436
5.87500,179.905,153.631,129.804,81.277,54.763,29.123,16.885,6.430
5.87917,180.080,153.802,129.868,81.278,54.755,29.103,16.861,6.484
5.88333,180.192,153.874,129.955,81.365,54.811,29.112,16.973,6.445
5.88750,180.344,153.987,130.113,81.347,54.878,29.118,16.899,6.489
5.89167,180.506,154.084,130.172,81.458,54.945,29.213,16.864,6.509
5.89583,180.603,154.199,130.267,81.522,54.973,29.192,16.900,6.519
5.90000,180.797,154.316,130.341,81.603,55.073,29.274,16.875,6.487
5.90417,180.883,154.437,130.487,81.652,55.043,29.240,16.889,6.497
5.90833,181.133,154.587,130.537,81.739,55.085,29.312,16.912,6.492
5.91250,181.161,154.659,130.772,81.787,55.158,29.321,16.964,6.501
5.91667,181.333,154.809,130.836,81.839,55.174,29.244,16.972,6.545
5.92083,181.502,154.926,130.901,81.885,55.228,29.273,16.952,6.538
5.92500,181.592,155.059,131.022,81.930,55.258,29.340,16.992,6.516
5.92917,181.707,155.185,131.036,82.024,55.331,29.339,16.993,6.572
5.93333,181.871,155.369,131.207,82.108,55.338,29.421,17.016,6.548
5.93750,181.983,155.445,131.307,82.199,55.399,29.429,17.040,6.571
5.94167,182.152,155.534,131.361,82.259,55.519,29.469,17.053,6.595
5.94583,182.262,155.584,131.477,82.219,55.425,29.493,17.094,6.563
5.95000,182.342,155.767,131.550,82.329,55.479,29.409,17.155,6.623
5.95417,182.525,155.878,131.653,82.352,55.572,29.477,17.036,6.526
5.95833,182.676,156.019,131.793,82.456,55.616,29.428,17.030,6.556
5.96250,182.842,156.100,131.877,82.566,55.623,29.551,17.101,6.585
5.96667,182.963,156.232,131.937,82.562,55.734,29.538,17.081,6.560
5.97083,183.091,156.342,132.034,82.708,55.725,29.593,17.136,6.584
5.97500,183.183,156.514,132.163,82.744,55.759,29.662,17.171,6.570
5.97917,183.355,156.639,132.266,82.750,55.804,29.679,17.177,6.659
5.98333,183.527,156.708,132.379,82.844,55.907,29.709,17.189,6.640
5.98750,183.708,156.777,132.489,82.889,55.943,29.693,17.205,6.602
5.99167,183.833,156.933,132.606,82.954,56.000,29.731,17.160,6.678
5.99583,183.944,157.028,132.645,83.023,56.007,29.728,17.164,6.654
6.00000,184.075,157.192,132.739,83.034,56.001,29.777,17.241,6.657
6.00417,184.216,157.275,132.894,83.099,56.025,29.737,17.221,6.585
6.00833,184.338,157.355,132.935,83.217,56.077,29.871,17.256,6.602
6.01250,184.424,157.552,133.085,83.269,56.134,29.827,17.330,6.681
6.01667,184.656,157.631,133.130,83.336,56.213,29.863,17.282,6.611
6.02083,184.773,157.758,133.279,83.389,56.280,29.845,17.262,6.724
6.02500,184.906,157.863,133.321,83.403,56.231,29.911,17.325,6.627
6.02917,185.023,157.976,133.469,83.492,56.299,29.904,17.321,6.677
6.03333,185.111,158.078,133.556,83.566,56.280,29.962,17.316,6.693
6.03750,185.327,158.227,133.610,83.663,56.396,29.946,17.332,6.663
6.04167,185.401,158.363,133.788,83.690,56.452,30.021,17.349,6.706
6.04583,185.597,158.456,133.862,83.737,56.454,29.928,17.360,6.720
6.05000,185.724,158.544,133.936,83.772,56.508,29.997,17.354,6.733
6.05417,185.849,158.681,134.130,83.873,56.491,30.044,17.373,6.648
6.05833,185.957,158.838,134.156,83.938,56.633,30.083,17.439,6.709
6.06250,186.150,158.948,134.232,83.978,56.640,30.117,17.386,6.687
6.06667,186.228,158.991,134.387,84.047,56.719,30.101,17.407,6.673
6.07083,186.365,159.139,134.386,84.149,56.713,30.120,17.446,6.700
6.07500,186.541,159.261,134.453,84.163,56.799,30.140,17.429,6.764
6.07917,186.726,159.343,134.582,84.292,56.853,30.212,17.493,6.723
6.08333,186.813,159.543,134.720,84.264,56.790,30.269,17.545,6.794
6.08750,186.933,159.632,134.760,84.422,56.881,30.264,17.495,6.736
6.09167,187.031,159.732,134.929,84.366,56.963,30.265,17.474,6.743
6.09583,187.163,159.839,135.033,84.434,56.971,30.287,17.569,6.755
6.10000,187.312,159.939,135.070,84.557,57.020,30.334,17.547,6.759
6.10417,187.347,160.133,135.180,84.557,57.062,30.322,17.508,6.754
6.10833,187.598,160.140,135.375,84.637,57.082,30.331,17.519,6.777
6.11250,187.678,160.337,135.410,84.734,57.059,30.406,17.494,6.802
6.11667,187.892,160.401,135.516,84.798,57.181,30.308,17.572,6.801
6.12083,187.989,160.475,135.553,84.853,57.226,30.465,17.598,6.764
6.12500,188.159,160.650,135.769,84.873,57.208,30.445,17.585,6.784
6.12917,188.255,160.734,135.791,84.923,57.280,30.419,17.548,6.787
6.13333,188.433,160.891,135.850,85.130,57.358,30.468,17.651,6.784
6.13750,188.506,161.036,136.030,85.053,57.329,30.437,17.597,6.795
6.14167,188.686,161.083,136.064,85.144,57.390,30.506,17.645,6.800
6.14583,188.802,161.255,136.093,85.291,57.406,30.551,17.645,6.833
6.15000,188.901,161.315,136.283,85.273,57.503,30.513,17.645,6.814
6.15417,189.091,161.394,136.311,85.357,57.528,30.570,17.661,6.831
6.15833,189.210,161.604,136.458,85.440,57.500,30.605,17.770,6.819
6.16250,189.311,161.634,136.577,85.474,57.571,30.659,17.694,6.837
6.16667,189.443,161.841,136.679,85.557,57.611,30.601,17.744,6.852
6.17083,189.669,161.976,136.701,85.584,57.710,30.615,17.722,6.858
6.17500,189.760,162.000,136.848,85.648,57.705,30.822,17.669,6.885
6.17917,189.836,162.102,136.896,85.699,57.790,30.677,17.779,6.886
6.18333,190.003,162.276,137.036,85.726,57.821,30.784,17.778,6.857
6.18750,190.124,162.345,137.167,85.812,57.844,30.762,17.764,6.901
6.19167,190.222,162.503,137.218,85.850,57.888,30.772,17.828,6.833
6.19583,190.404,162.556,137.241,85.936,57.930,30.779,17.780,6.838
6.20000,190.513,162.687,137.434,85.975,57.963,30.872,17.782,6.963
6.20417,190.680,162.775,137.530,86.097,57.997,30.839,17.811,6.874
6.20833,190.826,162.951,137.613,86.132,58.045,30.855,17.812,6.919
6.21250,190.865,163.090,137.652,86.207,58.154,30.843,17.866,6.916
6.21667,191.096,163.099,137.774,86.258,58.170,30.917,17.865,6.945
6.22083,191.210,163.303,137.918,86.295,58.196,30.911,17.883,6.945
6.22500,191.389,163.368,137.940,86.358,58.217,30.929,17.858,6.892
6.22917,191.472,163.435,138.042,86.438,58.227,30.936,17.867,6.938
6.23333,191.609,163.600,138.179,86.509,58.263,31.021,17.960,6.959
6.23750,191.674,163.694,138.268,86.506,58.333,31.115,17.930,6.984
6.24167,191.885,163.809,138.339,86.649,58.369,31.055,17.888,6.991
6.24583,191.984,163.941,138.494,86.700,58.436,31.049,17.926,6.958
6.25000,192.100,164.056,138.531,86.739,58.433,31.083,17.930,6.902
6.25417,192.277,164.206,138.623,86.827,58.523,31.153,17.990,6.956
6.25833,192.352,164.216,138.750,86.877,58.501,31.199,17.985,6.916
6.26250,192.482,164.359,138.862,86.913,58.582,31.203,18.031,6.940
6.26667,192.632,164.526,138.862,86.934,58.586,31.172,18.045,6.997
6.27083,192.656,164.647,139.056,87.077,58.640,31.192,18.073,7.011
6.27500,192.958,164.762,139.146,87.066,58.685,31.133,18.021,6.958
6.27917,192.969,164.801,139.239,87.107,58.751,31.243,17.999,7.016
6.28333,193.162,164.963,139.256,87.248,58.755,31.185,17.992,6.981
6.28750,193.253,165.044,139.433,87.271,58.767,31.297,18.072,6.991
6.29167,193.397,165.161,139.531,87.268,58.851,31.386,18.085,7.001
6.29583,193.550,165.318,139.574,87.399,58.866,31.374,18.086,6.977
6.30000,193.592,165.395,139.728,87.482,58.912,31.370,18.050,6.989
6.30417,193.873,165.556,139.887,87.535,59.024,31.403,18.139,7.015
6.30833,193.958,165.588,139.835,87.564,59.020,31.402,18.139,6.999
6.31250,193.990,165.819,139.967,87.556,59.111,31.476,18.108,7.013
6.31667,194.203,165.797,140.071,87.617,59.077,31.488,18.211,7.067
6.32083,194.299,165.966,140.189,87.684,59.051,31.434,18.103,7.078
6.32500,194.465,166.061,140.284,87.743,59.124,31.452,18.118,7.064
6.32917,194.624,166.276,140.385,87.863,59.159,31.557,18.227,7.066
6.33333,194.780,166.363,140.511,87.911,59.223,31.572,18.225,7.131
6.33750,194.922,166.503,140.586,87.991,59.358,31.582,18.253,7.081
6.34167,194.931,166.576,140.702,88.071,59.314,31.559,18.223,7.074
6.34583,195.183,166.589,140.710,88.086,59.372,31.578,18.205,7.093
6.35000,195.246,166.766,140.880,88.207,59.474,31.618,18.233,7.046
6.35417,195.339,166.874,140.908,88.201,59.376,31.622,18.190,7.110
6.35833,195.501,166.940,141.029,88.221,59.514,31.637,18.293,7.089
6.36250,195.664,167.117,141.124,88.308,59.505,31.664,18.299,7.080
6.36667,195.756,167.150,141.200,88.384,59.570,31.782,18.287,7.120
6.37083,195.908,167.280,141.278,88.406,59.649,31.761,18.332,7.174
6.37500,195.978,167.440,141.422,88.468,59.661,31.768,18.283,7.123
6.37917,196.183,167.541,141.497,88.615,59.676,31.759,18.270,7.137
6.38333,196.354,167.592,141.648,88.601,59.733,31.825,18.373,7.116
6.38750,196.401,167.747,141.655,88.627,59.818,31.750,18.344,7.132
6.39167,196.513,167.855,141.764,88.694,59.828,31.891,18.323,7.161
6.39583,196.710,167.945,141.829,88.824,59.905,31.888,18.381,7.059
6.40000,196.816,168.083,141.942,88.868,59.844,31.866,18.393,7.077
6.40417,196.944,168.175,142.034,88.884,59.931,31.841,18.427,7.176
6.40833,197.123,168.290,142.104,88.964,59.943,31.972,18.443,7.143
6.41250,197.212,168.423,142.153,89.031,59.932,31.924,18.481,7.197
6.41667,197.333,168.512,142.330,89.093,60.070,31.862,18.454,7.170
6.42083,197.503,168.593,142.454,89.121,60.000,32.005,18.474,7.121
6.42500,197.610,168.679,142.480,89.129,60.093,32.006,18.452,7.203
6.42917,197.751,168.814,142.594,89.284,60.102,32.027,18.434,7.235
6.43333,197.831,168.945,142.670,89.319,60.263,32.091,18.495,7.224
6.43750,197.988,169.123,142.831,89.368,60.217,32.029,18.454,7.263
6.44167,198.102,169.175,142.902,89.418,60.261,32.094,18.517,7.259
6.44583,198.209,169.273,142.975,89.500,60.314,32.167,18.496,7.255
6.45000,198.334,169.403,143.036,89.599,60.290,32.178,18.580,7.204
6.45417,198.436,169.509,143.203,89.539,60.349,32.147,18.504,7.193
6.45833,198.572,169.657,143.242,89.672,60.439,32.202,18.591,7.172
6.46250,198.695,169.718,143.317,89.664,60.433,32.175,18.588,7.160
6.46667,198.865,169.881,143.406,89.788,60.546,32.234,18.622,7.205
6.47083,199.011,169.910,143.519,89.809,60.586,32.204,18.554,7.282
6.47500,199.110,170.062,143.599,89.950,60.573,32.309,18.652,7.265
6.47917,199.253,170.154,143.724,89.965,60.591,32.290,18.548,7.241
6.48333,199.382,170.286,143.816,90.022,60.671,32.378,18.631,7.281
6.48750,199.474,170.373,143.888,90.122,60.647,32.354,18.661,7.257
6.49167,199.622,170.492,143.995,90.113,60.744,32.294,18.588,7.277
6.49583,199.779,170.600,144.081,90.157,60.721,32.387,18.645,7.295
6.50000,199.880,170.757,144.203,90.244,60.744,32.385,18.624,7.312
6.50417,200.023,170.774,144.299,90.325,60.792,32.419,18.705,7.266
6.50833,200.129,170.982,144.413,90.324,60.898,32.398,18.791,7.199
6.51250,200.208,171.033,144.426,90.460,60.962,32.427,18.671,7.248
6.51667,200.407,171.237,144.533,90.510,60.909,32.520,18.752,7.285
6.52083,200.535,171.286,144.626,90.540,61.002,32.491,18.717,7.231
6.52500,200.649,171.381,144.741,90.526,61.047,32.529,18.731,7.363
6.52917,200.824,171.509,144.799,90.685,61.021,32.515,18.816,7.272
6.53333,200.853,171.602,144.884,90.706,61.101,32.552,18.803,7.309
6.53750,201.063,171.732,145.022,90.746,61.098,32.615,18.768,7.339
6.54167,201.179,171.867,145.097,90.766,61.204,32.628,18.796,7.320
6.54583,201.293,172.006,145.131,90.909,61.264,32.616,18.763,7.348
6.55000,201.398,172.017,145.338,90.896,61.270,32.723,18.850,7.276
6.55417,201.489,172.135,145.344,91.036,61.292,32.656,18.826,7.353
6.55833,201.679,172.271,145.486,91.115,61.308,32.671,18.824,7.353
6.56250,201.771,172.318,145.576,91.024,61.369,32.762,18.808,7.320
6.56667,201.999,172.514,145.660,91.159,61.416,32.794,18.844,7.354
6.57083,202.094,172.557,145.710,91.211,61.440,32.765,18.868,7.315
6.57500,202.144,172.691,145.806,91.316,61.486,32.814,18.874,7.372
6.57917,202.342,172.799,145.891,91.271,61.509,32.780,18.917,7.340
6.58333,202.372,172.890,146.064,91.430,61.556,32.870,18.897,7.363
6.58750,202.473,172.996,146.136,91.450,61.616,32.784,18.877,7.337
6.59167,202.712,173.129,146.195,91.557,61.582,32.879,18.814,7.408
6.59583,202.822,173.270,146.296,91.627,61.690,32.933,18.895,7.391
6.60000,202.956,173.323,146.343,91.674,61.706,32.878,18.934,7.354
6.60417,203.121,173.524,146.567,91.663,61.765,32.890,18.985,7.366
6.60833,203.204,173.535,146.583,91.713,61.798,32.930,18.968,7.425
6.61250,203.302,173.736,146.634,91.827,61.884,32.976,18.936,7.401
6.61667,203.454,173.740,146.758,91.840,61.896,32.916,18.955,7.399
6.62083,203.546,173.935,146.767,91.950,61.997,32.973,18.985,7.422
6.62500,203.763,173.971,146.894,91.938,61.975,33.077,18.998,7.422
6.62917,203.783,174.058,147.021,91.982,62.022,33.016,19.087,7.398
6.63333,203.992,174.216,147.077,92.144,61.969,32.993,19.080,7.427
6.63750,204.113,174.238,147.207,92.101,62.154,33.151,19.003,7.393
6.64167,204.158,174.420,147.294,92.145,62.090,33.111,19.074,7.453
6.64583,204.283,174.581,147.390,92.285,62.112,33.075,19.062,7.455
6.65000,204.476,174.608,147.465,92.315,62.128,33.228,19.063,7.372
6.65417,204.501,174.789,147.623,92.318,62.228,33.137,19.126,7.453
6.65833,204.654,174.753,147.651,92.456,62.328,33.219,19.025,7.433
6.66250,204.864,174.981,147.745,92.480,62.241,33.207,19.111,7.485
6.66667,204.932,175.066,147.929,92.561,62.273,33.325,19.123,7.470
6.67083,205.055,175.199,147.937,92.650,62.357,33.256,19.188,7.459
6.67500,205.254,175.270,148.067,92.692,62.410,33.216,19.175,7.475
6.67917,205.302,175.377,148.150,92.665,62.439,33.286,19.186,7.528
6.68333,205.521,175.452,148.211,92.769,62.385,33.313,19.147,7.515
6.68750,205.643,175.608,148.300,92.905,62.527,33.353,19.192,7.460
6.69167,205.704,175.791,148.412,92.924,62.473,33.406,19.236,7.574
6.69583,205.841,175.837,148.483,92.959,62.644,33.353,19.185,7.464
6.70000,206.012,175.909,148.549,93.020,62.684,33.391,19.198,7.520
6.70417,206.138,176.107,148.710,93.092,62.712,33.432,19.197,7.457
6.70833,206.247,176.167,148.742,93.074,62.669,33.366,19.237,7.483
6.71250,206.348,176.279,148.796,93.166,62.752,33.475,19.275,7.531
6.71667,206.444,176.379,148.925,93.214,62.761,33.533,19.184,7.561
6.72083,206.609,176.467,149.073,93.291,62.801,33.498,19.274,7.525
6.72500,206.712,176.624,149.079,93.300,62.872,33.512,19.256,7.590
6.72917,206.854,176.685,149.269,93.457,62.870,33.571,19.297,7.527
6.73333,206.955,176.800,149.306,93.427,62.952,33.612,19.297,7.548
6.73750,207.098,176.838,149.337,93.531,62.986,33.576,19.336,7.622
6.74167,207.246,177.007,149.464,93.552,63.030,33.649,19.396,7.549
6.74583,207.382,177.027,149.606,93.629,63.024,33.624,19.399,7.618
6.75000,207.455,177.242,149.637,93.630,63.116,33.653,19.353,7.524
6.75417,207.506,177.345,149.753,93.745,63.150,33.662,19.314,7.560
6.75833,207.649,177.382,149.794,93.741,63.241,33.708,19.377,7.600
6.76250,207.874,177.445,149.933,93.833,63.196,33.719,19.371,7.564
6.76667,207.994,177.599,150.061,93.927,63.301,33.723,19.401,7.596
6.77083,208.125,177.663,150.117,93.964,63.347,33.759,19.419,7.531
6.77500,208.250,177.835,150.185,93.994,63.331,33.744,19.430,7.612
6.77917,208.359,177.976,150.302,94.027,63.413,33.829,19.444,7.587
6.78333,208.496,178.077,150.335,94.170,63.407,33.841,19.418,7.586
6.78750,208.588,178.174,150.506,94.165,63.433,33.874,19.394,7.652
6.79167,208.699,178.329,150.600,94.289,63.465,33.850,19.486,7.661
6.79583,208.889,178.385,150.712,94.296,63.464,33.899,19.503,7.685
6.80000,208.953,178.518,150.712,94.346,63.539,33.934,19.505,7.605
6.80417,209.122,178.622,150.886,94.407,63.568,33.916,19.464,7.612
6.80833,209.207,178.734,150.940,94.460,63.600,33.979,19.485,7.589
6.81250,209.349,178.887,151.038,94.607,63.692,33.915,19.525,7.657
6.81667,209.461,179.023,151.106,94.540,63.723,34.018,19.485,7.634
6.82083,209.573,179.019,151.255,94.647,63.706,34.022,19.607,7.627
6.82500,209.691,179.160,151.307,94.722,63.784,34.066,19.564,7.644
6.82917,209.873,179.268,151.365,94.798,63.846,34.047,19.561,7.703
6.83333,210.008,179.377,151.450,94.761,63.838,34.088,19.616,7.707
6.83750,210.105,179.460,151.575,94.870,63.917,34.024,19.575,7.642
6.84167,210.141,179.550,151.626,94.901,63.974,34.112,19.584,7.703
6.84583,210.373,179.661,151.782,95.002,63.978,34.134,19.559,7.683
6.85000,210.400,179.782,151.829,95.073,64.013,34.162,19.668,7.653
6.85417,210.614,179.947,151.918,95.158,64.020,34.212,19.623,7.710
6.85833,210.778,180.070,152.037,95.143,64.093,34.218,19.613,7.717
6.86250,210.954,180.099,151.978,95.184,64.109,34.183,19.580,7.669
6.86667,210.923,180.162,152.174,95.276,64.131,34.165,19.629,7.604
6.87083,211.102,180.264,152.201,95.364,64.179,34.288,19.668,7.716
6.87500,211.243,180.407,152.422,95.412,64.225,34.272,19.670,7.740
6.87917,211.354,180.493,152.486,95.409,64.278,34.282,19.695,7.779
6.88333,211.479,180.629,152.621,95.447,64.330,34.365,19.719,7.672
6.88750,211.593,180.748,152.637,95.548,64.340,34.362,19.772,7.744
6.89167,211.642,180.866,152.709,95.608,64.362,34.332,19.680,7.843
6.89583,211.822,181.011,152.799,95.670,64.444,34.396,19.737,7.739
6.90000,211.915,181.098,152.896,95.707,64.405,34.388,19.766,7.765
6.90417,212.149,181.200,152.974,95.747,64.517,34.478,19.755,7.770
6.90833,212.258,181.250,153.111,95.892,64.566,34.495,19.750,7.812
6.91250,212.394,181.314,153.177,95.929,64.538,34.487,19.794,7.770
6.91667,212.463,181.559,153.247,95.968,64.553,34.537,19.765,7.750
6.92083,212.567,181.614,153.343,95.990,64.630,34.557,19.922,7.803
6.92500,212.749,181.691,153.539,96.035,64.678,34.519,19.816,7.798
6.92917,212.826,181.781,153.508,96.113,64.719,34.511,19.825,7.727
6.93333,212.949,181.882,153.630,96.151,64.794,34.532,19.811,7.760
6.93750,213.103,181.986,153.659,96.234,64.798,34.572,19.875,7.841
6.94167,213.220,182.062,153.783,96.235,64.846,34.619,19.914,7.790
6.94583,213.318,182.253,153.905,96.356,64.856,34.626,19.852,7.829
6.95000,213.447,182.429,153.967,96.311,64.817,34.669,19.838,7.790
6.95417,213.572,182.475,154.072,96.468,64.958,34.698,19.899,7.885
6.95833,213.720,182.560,154.134,96.496,64.960,34.670,19.943,7.825
6.96250,213.859,182.723,154.262,96.512,65.066,34.771,19.981,7.804
6.96667,213.879,182.709,154.388,96.667,65.030,34.752,19.930,7.826
6.97083,214.024,182.903,154.416,96.672,65.069,34.752,19.963,7.832
6.97500,214.183,182.988,154.501,96.692,65.107,34.759,19.958,7.842
6.97917,214.264,183.094,154.623,96.765,65.162,34.778,19.866,7.852
6.98333,214.437,183.220,154.720,96.789,65.192,34.741,19.941,7.875
6.98750,214.610,183.243,154.785,96.849,65.249,34.878,19.947,7.879
6.99167,214.730,183.488,154.875,96.952,65.245,34.841,20.001,7.884
6.99583,214.848,183.516,154.997,96.971,65.290,34.923,20.026,7.773
7.00000,214.907,183.592,155.125,97.045,65.350,34.888,20.076,7.832
7.00417,215.061,183.764,155.214,97.157,65.413,34.943,20.095,7.923
7.00833,215.195,183.850,155.303,97.193,65.428,34.883,19.994,7.883
7.01250,215.370,183.921,155.305,97.190,65.496,34.922,20.076,7.854
7.01667,215.430,184.071,155.447,97.373,65.523,35.041,20.077,7.810
7.02083,215.583,184.187,155.486,97.349,65.553,35.020,20.077,7.928
7.02500,215.715,184.293,155.627,97.417,65.640,35.005,20.108,7.867
7.02917,215.788,184.354,155.712,97.467,65.626,35.033,20.076,7.927
7.03333,215.978,184.467,155.772,97.546,65.684,35.065,20.074,7.912
7.03750,216.056,184.548,155.877,97.517,65.778,35.057,20.176,7.936
7.04167,216.162,184.681,155.956,97.628,65.793,35.109,20.061,7.924
7.04583,216.240,184.806,156.097,97.677,65.775,35.065,20.130,7.908
7.05000,216.412,184.908,156.183,97.718,65.781,35.229,20.215,7.927
7.05417,216.620,185.066,156.320,97.753,65.860,35.190,20.202,8.014
7.05833,216.705,185.063,156.316,97.818,65.940,35.175,20.186,7.944
7.06250,216.802,185.246,156.450,97.883,65.935,35.231,20.213,7.946
7.06667,217.060,185.382,156.521,97.977,65.968,35.205,20.219,7.951
7.07083,217.065,185.408,156.615,98.043,66.023,35.218,20.233,7.911
7.07500,217.196,185.594,156.613,98.044,66.050,35.297,20.214,7.990
7.07917,217.334,185.625,156.800,98.129,66.067,35.305,20.242,7.995
7.08333,217.408,185.774,156.854,98.189,66.052,35.346,20.238,7.974
7.08750,217.563,185.822,156.966,98.243,66.147,35.356,20.265,8.015
7.09167,217.658,185.935,157.090,98.309,66.195,35.335,20.286,7.982
7.09583,217.833,186.105,157.115,98.379,66.233,35.418,20.283,8.034
7.10000,217.910,186.223,157.265,98.408,66.213,35.362,20.274,7.952
7.10417,218.094,186.221,157.324,98.433,66.312,35.449,20.310,8.029
7.10833,218.182,186.419,157.434,98.537,66.326,35.438,20.368,8.051
7.11250,218.309,186.460,157.480,98.623,66.358,35.454,20.323,7.993
7.11667,218.407,186.613,157.568,98.650,66.408,35.447,20.343,8.026
7.12083,218.623,186.685,157.647,98.677,66.383,35.484,20.369,8.045
7.12500,218.681,186.906,157.782,98.751,66.536,35.509,20.351,7.987
7.12917,218.889,186.825,157.835,98.846,66.545,35.545,20.422,8.036
7.13333,218.932,187.046,157.972,98.859,66.535,35.598,20.437,7.979
7.13750,219.029,187.166,158.006,98.876,66.561,35.606,20.415,8.091
7.14167,219.181,187.249,158.132,98.993,66.694,35.595,20.434,8.136
7.14583,219.257,187.417,158.177,99.004,66.674,35.643,20.433,8.035
7.15000,219.430,187.471,158.289,99.085,66.724,35.652,20.490,8.044
7.15417,219.627,187.572,158.414,99.170,66.762,35.700,20.381,8.041
7.15833,219.673,187.694,158.470,99.244,66.754,35.710,20.421,8.106
7.16250,219.826,187.806,158.563,99.295,66.841,35.740,20.500,8.095
7.16667,219.985,187.885,158.704,99.304,66.891,35.751,20.465,8.103
7.17083,220.117,188.047,158.708,99.419,66.900,35.756,20.463,8.094
7.17500,220.206,188.099,158.844,99.410,66.949,35.865,20.466,8.086
7.17917,220.320,188.223,158.961,99.499,67.022,35.786,20.515,8.075
7.18333,220.427,188.327,159.045,99.532,67.020,35.786,20.489,8.063
7.18750,220.509,188.390,159.254,99.606,67.041,35.853,20.539,8.043
7.19167,220.735,188.595,159.270,99.666,67.156,35.851,20.632,8.159
7.19583,220.802,188.673,159.276,99.723,67.117,35.873,20.505,8.134
7.20000,220.893,188.769,159.379,99.802,67.143,35.915,20.544,8.132
7.20417,221.051,188.801,159.517,99.852,67.227,35.940,20.611,8.087
7.20833,221.217,189.020,159.538,99.872,67.255,35.975,20.565,8.026
7.21250,221.293,189.046,159.657,99.950,67.276,35.924,20.595,8.121
7.21667,221.447,189.053,159.728,100.059,67.324,35.948,20.672,8.081
7.22083,221.565,189.242,159.894,100.070,67.308,35.969,20.593,8.115
7.22500,221.704,189.398,160.016,100.152,67.371,35.980,20.637,8.159
7.22917,221.750,189.453,160.054,100.136,67.429,36.045,20.647,8.111
7.23333,222.048,189.605,160.121,100.190,67.503,36.027,20.654,8.150
7.23750,222.067,189.738,160.141,100.289,67.511,36.148,20.679,8.101
7.24167,222.128,189.760,160.339,100.395,67.527,36.119,20.696,8.182
7.24583,222.349,190.010,160.401,100.368,67.611,36.106,20.649,8.206
7.25000,222.473,190.027,160.510,100.468,67.614,36.189,20.753,8.165
7.25417,222.581,190.160,160.583,100.500,67.620,36.126,20.692,8.240
7.25833,222.697,190.247,160.681,100.573,67.686,36.188,20.829,8.153
7.26250,222.817,190.386,160.771,100.579,67.714,36.215,20.810,8.224
7.26667,222.946,190.431,160.816,100.719,67.734,36.274,20.748,8.144
7.27083,223.065,190.555,160.995,100.787,67.787,36.353,20.787,8.192
7.27500,223.176,190.665,161.004,100.895,67.848,36.260,20.746,8.148
7.27917,223.305,190.889,161.047,100.817,67.890,36.331,20.802,8.184
7.28333,223.400,190.918,161.201,100.924,67.921,36.340,20.828,8.166
7.28750,223.643,190.997,161.311,100.953,67.975,36.375,20.786,8.227
7.29167,223.729,191.090,161.395,101.080,67.999,36.317,20.823,8.291
7.29583,223.784,191.227,161.526,101.110,68.050,36.426,20.883,8.237
7.30000,223.918,191.322,161.559,101.151,68.109,36.387,20.894,8.239
7.30417,224.081,191.397,161.707,101.217,68.100,36.394,20.837,8.225
7.30833,224.184,191.564,161.712,101.245,68.151,36.474,20.917,8.192
7.31250,224.314,191.699,161.876,101.284,68.165,36.571,20.885,8.233
7.31667,224.436,191.797,161.924,101.388,68.293,36.502,20.920,8.255
7.32083,224.581,191.883,161.986,101.474,68.288,36.488,20.936,8.314
7.32500,224.679,191.973,162.140,101.475,68.241,36.513,20.944,8.324
7.32917,224.821,192.030,162.205,101.539,68.339,36.540,20.900,8.301
7.33333,224.953,192.179,162.284,101.622,68.448,36.614,20.913,8.313
7.33750,225.102,192.343,162.451,101.653,68.428,36.579,20.921,8.297
7.34167,225.160,192.398,162.518,101.736,68.490,36.565,20.919,8.303
7.34583,225.361,192.495,162.566,101.825,68.512,36.621,20.946,8.274
7.35000,225.475,192.621,162.721,101.812,68.539,36.638,20.984,8.327
7.35417,225.618,192.730,162.770,101.859,68.561,36.655,20.995,8.294
7.35833,225.727,192.790,162.858,101.826,68.614,36.707,21.033,8.340
7.36250,225.851,192.968,162.974,101.996,68.626,36.776,21.105,8.331
7.36667,225.913,193.088,162.973,102.053,68.657,36.722,21.034,8.305
7.37083,226.133,193.174,163.138,102.063,68.696,36.765,21.031,8.334
7.37500,226.219,193.255,163.160,102.146,68.711,36.813,21.040,8.340
7.37917,226.322,193.434,163.318,102.243,68.822,36.821,21.118,8.373
7.38333,226.530,193.482,163.387,102.267,68.831,36.900,21.104,8.404
7.38750,226.608,193.653,163.474,102.298,68.935,36.835,21.143,8.373
7.39167,226.819,193.717,163.598,102.393,68.927,36.923,21.063,8.345
7.39583,226.865,193.814,163.617,102.442,68.983,36.879,21.126,8.338
7.40000,226.930,193.940,163.726,102.487,68.988,36.904,21.087,8.426
7.40417,227.100,194.076,163.919,102.625,68.993,37.000,21.164,8.320
7.40833,227.238,194.119,163.956,102.701,69.100,36.848,21.200,8.381
7.41250,227.409,194.333,164.076,102.701,69.120,36.968,21.191,8.395
7.41667,227.441,194.398,164.134,102.752,69.137,37.015,21.220,8.438
7.42083,227.615,194.490,164.238,102.806,69.193,36.997,21.191,8.386
7.42500,227.741,194.637,164.329,102.906,69.201,37.060,21.172,8.404
7.42917,227.883,194.677,164.347,102.871,69.286,37.078,21.164,8.402
7.43333,227.939,194.752,164.508,103.022,69.279,37.028,21.191,8.427
7.43750,228.098,194.895,164.566,103.032,69.370,37.102,21.254,8.364
7.44167,228.261,194.996,164.681,103.077,69.407,37.140,21.238,8.421
7.44583,228.308,195.203,164.804,103.131,69.452,37.140,21.266,8.445
7.45000,228.502,195.184,164.902,103.194,69.511,37.105,21.253,8.405
7.45417,228.631,195.355,164.980,103.315,69.568,37.134,21.325,8.464
7.45833,228.750,195.431,165.095,103.373,69.535,37.157,21.289,8.389
7.46250,228.884,195.500,165.171,103.386,69.530,37.232,21.301,8.473
7.46667,229.071,195.721,165.299,103.449,69.635,37.250,21.327,8.446
7.47083,229.213,195.842,165.366,103.544,69.618,37.346,21.345,8.458
7.47500,229.339,195.900,165.373,103.565,69.719,37.286,21.367,8.398
7.47917,229.376,195.995,165.542,103.674,69.732,37.361,21.338,8.447
7.48333,229.612,196.110,165.659,103.624,69.796,37.377,21.296,8.466
7.48750,229.629,196.224,165.733,103.688,69.822,37.439,21.388,8.458
7.49167,229.766,196.384,165.816,103.846,69.874,37.382,21.456,8.439
7.49583,229.860,196.381,165.936,103.848,69.858,37.400,21.371,8.452
7.50000,230.046,196.583,165.991,103.942,69.968,37.419,21.453,8.459
7.50417,230.183,196.691,166.067,103.905,69.981,37.451,21.394,8.532
7.50833,230.283,196.818,166.152,104.024,70.032,37.459,21.372,8.542
7.51250,230.501,196.852,166.277,104.077,70.116,37.496,21.414,8.561
7.51667,230.577,196.972,166.348,104.155,70.091,37.534,21.443,8.507
7.52083,230.684,197.136,166.457,104.203,70.151,37.546,21.467,8.563
7.52500,230.800,197.191,166.578,104.249,70.178,37.544,21.414,8.522
7.52917,230.948,197.328,166.642,104.397,70.205,37.608,21.455,8.564
7.53333,231.023,197.428,166.709,104.385,70.255,37.617,21.517,8.571
7.53750,231.168,197.544,166.823,104.442,70.256,37.547,21.510,8.521
7.54167,231.419,197.715,166.952,104.539,70.320,37.645,21.538,8.523
7.54583,231.399,197.775,167.079,104.519,70.302,37.739,21.513,8.574
7.55000,231.608,197.885,167.080,104.621,70.415,37.697,21.571,8.568
7.55417,231.755,198.007,167.160,104.664,70.443,37.700,21.521,8.561
7.55833,231.850,198.126,167.263,104.675,70.481,37.692,21.567,8.577
7.56250,231.991,198.227,167.470,104.821,70.497,37.799,21.570,8.584
7.56667,232.165,198.325,167.450,104.837,70.564,37.843,21.584,8.583
7.57083,232.313,198.464,167.574,104.957,70.587,37.810,21.632,8.603
7.57500,232.376,198.676,167.649,104.969,70.617,37.892,21.571,8.562
7.57917,232.523,198.724,167.760,105.041,70.736,37.869,21.645,8.652
7.58333,232.618,198.805,167.903,105.096,70.762,37.851,21.642,8.537
7.58750,232.767,198.909,168.018,105.152,70.719,37.866,21.672,8.624
7.59167,232.906,199.008,168.071,105.149,70.760,37.950,21.688,8.600
7.59583,233.048,199.109,168.148,105.262,70.826,37.934,21.672,8.614
7.60000,233.168,199.229,168.297,105.372,70.892,37.922,21.666,8.608
7.60417,233.301,199.334,168.392,105.363,70.992,38.038,21.672,8.646
7.60833,233.464,199.468,168.431,105.474,70.972,38.016,21.710,8.607
7.61250,233.547,199.532,168.513,105.450,70.979,38.037,21.744,8.589
7.61667,233.692,199.705,168.586,105.500,70.996,37.995,21.715,8.641
7.62083,233.880,199.693,168.757,105.628,71.091,38.075,21.800,8.579
7.62500,233.982,199.903,168.809,105.701,71.103,38.042,21.765,8.627
7.62917,234.073,199.983,168.949,105.747,71.163,38.118,21.772,8.655
7.63333,234.231,200.141,168.997,105.714,71.211,38.089,21.808,8.627
7.63750,234.348,200.287,169.107,105.838,71.196,38.178,21.783,8.654
7.64167,234.475,200.347,169.125,105.966,71.270,38.142,21.819,8.654
7.64583,234.619,200.443,169.261,105.952,71.281,38.180,21.810,8.666
7.65000,234.787,200.611,169.347,106.023,71.350,38.147,21.860,8.682
7.65417,234.927,200.760,169.526,106.063,71.342,38.198,21.847,8.652
7.65833,235.017,200.780,169.550,106.140,71.419,38.259,21.841,8.682
7.66250,235.184,200.939,169.692,106.165,71.446,38.286,21.851,8.729
7.66667,235.259,201.042,169.748,106.327,71.502,38.267,21.931,8.669
7.67083,235.378,201.144,169.925,106.344,71.521,38.322,21.862,8.694
7.67500,235.560,201.287,169.970,106.389,71.629,38.353,21.944,8.768
7.67917,235.697,201.362,170.090,106.504,71.618,38.389,21.874,8.708
7.68333,235.829,201.467,170.166,106.549,71.683,38.403,21.957,8.755
7.68750,235.901,201.589,170.269,106.540,71.742,38.429,21.966,8.742
7.69167,236.114,201.689,170.352,106.664,71.774,38.469,21.945,8.776
7.69583,236.181,201.794,170.492,106.769,71.754,38.398,21.873,8.759
7.70000,236.327,201.948,170.529,106.732,71.802,38.510,22.019,8.764
7.70417,236.464,202.046,170.619,106.759,71.864,38.483,21.929,8.710
7.70833,236.627,202.182,170.696,106.857,71.900,38.479,22.036,8.756
7.71250,236.694,202.281,170.842,106.939,71.933,38.554,22.047,8.820
7.71667,236.908,202.410,170.862,106.957,71.962,38.619,22.042,8.779
7.72083,236.956,202.544,171.027,107.067,72.081,38.617,22.006,8.795
7.72500,237.121,202.600,171.136,107.121,72.121,38.584,22.034,8.709
7.72917,237.313,202.741,171.192,107.226,72.128,38.645,22.063,8.777
7.73333,237.335,202.835,171.276,107.196,72.115,38.656,21.982,8.797
7.73750,237.602,202.967,171.365,107.355,72.160,38.660,22.100,8.838
7.74167,237.674,203.055,171.554,107.364,72.211,38.709,22.119,8.832
7.74583,237.817,203.194,171.648,107.489,72.285,38.703,22.145,8.779
7.75000,237.880,203.347,171.659,107.506,72.362,38.707,22.134,8.801
7.75417,238.089,203.437,171.852,107.579,72.384,38.830,22.165,8.775
7.75833,238.230,203.563,171.866,107.606,72.425,38.746,22.201,8.815
7.76250,238.371,203.749,171.960,107.732,72.435,38.846,22.199,8.825
7.76667,238.555,203.762,172.111,107.761,72.469,38.841,22.144,8.875
7.77083,238.669,203.957,172.132,107.785,72.583,38.808,22.215,8.817
7.77500,238.732,204.019,172.275,107.838,72.554,38.737,22.190,8.864
7.77917,238.909,204.172,172.383,107.917,72.587,38.906,22.220,8.857
7.78333,238.981,204.183,172.480,107.940,72.688,38.974,22.229,8.845
7.78750,239.187,204.344,172.528,108.000,72.667,38.963,22.266,8.813
7.79167,239.255,204.475,172.631,108.107,72.754,38.921,22.286,8.900
7.79583,239.396,204.602,172.797,108.136,72.761,38.992,22.250,8.849
7.80000,239.551,204.704,172.864,108.244,72.822,39.015,22.248,8.854
7.80417,239.760,204.859,172.924,108.342,72.869,38.994,22.210,8.800
7.80833,239.889,204.981,173.106,108.280,72.889,39.128,22.323,8.932
7.81250,239.972,205.055,173.174,108.374,72.941,39.114,22.275,8.879
7.81667,240.135,205.193,173.276,108.480,72.995,39.159,22.309,8.864
7.82083,240.210,205.283,173.356,108.511,72.966,39.090,22.311,8.865
7.82500,240.339,205.407,173.460,108.607,73.070,39.138,22.290,8.899
7.82917,240.532,205.620,173.525,108.676,73.098,39.212,22.361,8.914
7.83333,240.643,205.674,173.645,108.742,73.087,39.189,22.387,8.928
7.83750,240.748,205.739,173.723,108.769,73.177,39.265,22.326,8.912
7.84167,240.911,205.939,173.805,108.846,73.249,39.276,22.338,8.963
7.84583,241.064,205.961,173.979,108.830,73.349,39.241,22.367,8.916
7.85000,241.243,206.120,174.031,108.965,73.309,39.398,22.336,8.966
7.85417,241.396,206.240,174.171,109.106,73.388,39.293,22.393,8.909
7.85833,241.505,206.372,174.242,109.088,73.374,39.295,22.407,8.995
7.86250,241.647,206.488,174.361,109.164,73.436,39.352,22.460,8.981
7.86667,241.708,206.552,174.475,109.253,73.470,39.402,22.482,8.940
7.87083,241.897,206.751,174.571,109.253,73.492,39.419,22.488,8.999
7.87500,242.051,206.824,174.643,109.290,73.591,39.378,22.548,8.985
7.87917,242.123,206.965,174.779,109.415,73.633,39.395,22.519,8.961
7.88333,242.334,207.010,174.890,109.432,73.629,39.447,22.503,8.978
7.88750,242.436,207.163,174.960,109.535,73.720,39.542,22.549,8.931
7.89167,242.548,207.313,174.946,109.550,73.730,39.493,22.578,8.976
7.89583,242.730,207.372,175.161,109.613,73.763,39.523,22.528,8.988
7.90000,242.751,207.559,175.273,109.690,73.815,39.530,22.618,9.017
7.90417,243.001,207.624,175.329,109.796,73.843,39.553,22.580,9.036
7.90833,243.130,207.788,175.464,109.796,73.905,39.583,22.563,8.983
7.91250,243.240,207.866,175.585,109.894,73.899,39.642,22.591,9.008
7.91667,243.467,208.026,175.640,109.914,74.006,39.616,22.625,9.071
7.92083,243.542,208.094,175.773,110.051,74.023,39.674,22.608,9.044
7.92500,243.671,208.279,175.885,110.055,74.050,39.644,22.596,9.043
7.92917,243.733,208.345,175.985,110.123,74.128,39.677,22.655,9.023
7.93333,244.002,208.384,176.050,110.202,74.134,39.778,22.628,9.022
7.93750,244.077,208.611,176.124,110.280,74.224,39.773,22.697,9.059
7.94167,244.230,208.737,176.235,110.295,74.153,39.813,22.668,9.042
7.94583,244.400,208.813,176.308,110.390,74.227,39.830,22.648,9.082
7.95000,244.526,208.948,176.482,110.449,74.320,39.835,22.750,9.061
7.95417,244.655,209.142,176.572,110.605,74.311,39.826,22.748,9.122
7.95833,244.800,209.183,176.673,110.595,74.376,39.847,22.745,9.089
7.96250,244.913,209.321,176.705,110.675,74.434,39.905,22.785,9.030
7.96667,245.028,209.394,176.871,110.724,74.505,39.996,22.811,9.048
7.97083,245.186,209.582,176.937,110.760,74.546,40.005,22.759,9.093
7.97500,245.320,209.717,176.977,110.872,74.569,39.994,22.845,9.109
7.97917,245.529,209.807,177.154,110.894,74.594,39.974,22.815,9.106
7.98333,245.658,209.974,177.276,111.022,74.748,40.011,22.825,9.079
7.98750,245.794,210.114,177.348,111.035,74.700,39.999,22.870,9.128
7.99167,245.892,210.182,177.454,111.129,74.760,40.071,22.871,9.203
7.99583,246.087,210.243,177.618,111.203,74.795,40.018,22.865,9.169
8.00000,246.165,210.380,177.652,111.289,74.773,40.176,22.826,9.146
8.00417,246.344,210.479,177.729,111.231,74.760,40.136,22.870,9.169
8.00833,246.446,210.599,177.898,111.356,74.853,40.181,22.902,9.124
8.01250,246.697,210.751,177.966,111.458,75.001,40.226,22.878,9.128
8.01667,246.743,210.919,178.069,111.495,74.937,40.217,22.943,9.183
8.02083,246.864,211.046,178.238,111.582,75.106,40.273,22.914,9.173
8.02500,247.003,211.147,178.316,111.609,75.163,40.239,22.977,9.162
8.02917,247.254,211.262,178.305,111.723,75.152,40.305,22.976,9.200
8.03333,247.318,211.329,178.449,111.680,75.219,40.331,22.982,9.204
8.03750,247.469,211.529,178.610,111.793,75.229,40.358,23.041,9.179
8.04167,247.576,211.608,178.766,111.920,75.253,40.377,22.944,9.203
8.04583,247.679,211.708,178.778,111.956,75.307,40.408,22.995,9.161
8.05000,247.907,211.764,178.850,112.015,75.323,40.445,23.015,9.227
8.05417,248.029,211.935,178.965,112.096,75.378,40.415,23.041,9.205
8.05833,248.070,212.100,179.139,112.125,75.449,40.428,23.088,9.180
8.06250,248.279,212.204,179.184,112.185,75.498,40.518,23.053,9.260
8.06667,248.338,212.274,179.263,112.209,75.486,40.470,23.074,9.244
8.07083,248.640,212.453,179.423,112.269,75.630,40.461,23.088,9.214
8.07500,248.723,212.633,179.504,112.370,75.559,40.532,23.094,9.248
8.07917,248.908,212.655,179.686,112.484,75.628,40.549,23.119,9.293
8.08333,249.064,212.787,179.723,112.473,75.749,40.597,23.119,9.204
8.08750,249.157,212.993,179.840,112.610,75.732,40.677,23.132,9.307
8.09167,249.354,213.041,179.897,112.637,75.750,40.612,23.191,9.273
8.09583,249.433,213.261,180.008,112.744,75.804,40.620,23.148,9.270
8.10000,249.661,213.339,180.133,112.789,75.872,40.708,23.131,9.309
8.10417,249.758,213.438,180.219,112.785,75.905,40.662,23.227,9.245
8.10833,249.885,213.513,180.380,112.893,75.975,40.759,23.229,9.290
8.11250,250.010,213.794,180.486,112.987,76.092,40.803,23.181,9.283
8.11667,250.196,213.818,180.615,113.024,76.021,40.784,23.226,9.248
8.12083,250.280,213.952,180.706,113.091,76.063,40.792,23.286,9.268
8.12500,250.517,214.038,180.750,113.136,76.099,40.891,23.269,9.371
8.12917,250.579,214.166,180.822,113.253,76.133,40.756,23.284,9.341
8.13333,250.746,214.320,180.948,113.270,76.156,40.864,23.312,9.405
8.13750,250.874,214.516,181.051,113.348,76.291,40.863,23.350,9.363
8.14167,251.062,214.521,181.221,113.434,76.256,40.980,23.319,9.337
8.14583,251.143,214.700,181.282,113.444,76.301,40.931,23.373,9.317
8.15000,251.289,214.774,181.372,113.521,76.336,40.935,23.389,9.337
8.15417,251.474,214.941,181.483,113.609,76.417,41.034,23.389,9.381
8.15833,251.622,215.146,181.652,113.743,76.486,40.994,23.383,9.320
8.16250,251.787,215.212,181.683,113.716,76.613,41.063,23.355,9.333
8.16667,251.866,215.296,181.752,113.850,76.565,41.029,23.351,9.319
8.17083,252.124,215.430,181.967,113.900,76.651,41.102,23.375,9.331
8.17500,252.242,215.525,182.008,113.944,76.697,41.140,23.463,9.404
8.17917,252.308,215.705,182.145,114.067,76.690,41.115,23.461,9.329
8.18333,252.476,215.882,182.218,114.137,76.761,41.141,23.479,9.395
8.18750,252.644,215.938,182.317,114.119,76.787,41.247,23.469,9.386
8.19167,252.744,216.101,182.439,114.236,76.813,41.232,23.446,9.408
8.19583,252.933,216.200,182.569,114.211,76.916,41.210,23.482,9.431
8.20000,253.101,216.290,182.659,114.376,76.954,41.275,23.493,9.428
8.20417,253.226,216.448,182.767,114.359,76.903,41.295,23.550,9.433
8.20833,253.314,216.571,182.842,114.477,76.939,41.359,23.533,9.419
8.21250,253.517,216.711,183.055,114.561,77.055,41.394,23.575,9.426
8.21667,253.681,216.812,183.011,114.657,77.126,41.331,23.566,9.466
8.22083,253.770,217.017,183.151,114.648,77.159,41.446,23.584,9.443
8.22500,253.988,217.078,183.254,114.758,77.214,41.453,23.571,9.441
8.22917,254.118,217.208,183.345,114.825,77.197,41.438,23.555,9.483
8.23333,254.201,217.265,183.520,114.917,77.293,41.455,23.645,9.497
8.23750,254.471,217.494,183.697,114.887,77.330,41.483,23.616,9.425
8.24167,254.571,217.579,183.674,114.986,77.408,41.548,23.681,9.497
8.24583,254.735,217.727,183.857,115.088,77.401,41.509,23.653,9.492
8.25000,254.855,217.801,183.968,115.151,77.413,41.485,23.689,9.464
8.25417,254.951,217.944,184.032,115.188,77.466,41.625,23.661,9.487
8.25833,255.137,218.072,184.077,115.300,77.538,41.644,23.751,9.475
8.26250,255.284,218.214,184.234,115.388,77.596,41.645,23.692,9.551
8.26667,255.468,218.384,184.391,115.405,77.599,41.608,23.712,9.491
8.27083,255.501,218.378,184.395,115.494,77.697,41.752,23.710,9.567
8.27500,255.695,218.534,184.632,115.572,77.763,41.726,23.753,9.525
8.27917,255.897,218.667,184.691,115.664,77.753,41.726,23.763,9.513
8.28333,256.072,218.790,184.706,115.706,77.805,41.713,23.837,9.520
8.28750,256.173,219.004,184.852,115.790,77.836,41.741,23.780,9.560
8.29167,256.294,219.085,185.022,115.753,77.836,41.801,23.846,9.532
8.29583,256.496,219.195,185.129,115.906,77.918,41.849,23.675,9.516
8.30000,256.666,219.321,185.184,116.014,78.028,41.830,23.781,9.580
8.30417,256.766,219.516,185.279,115.981,78.034,41.894,23.820,9.640
8.30833,256.928,219.583,185.491,116.073,78.043,41.917,23.857,9.643
8.31250,257.094,219.742,185.480,116.236,78.087,41.999,23.811,9.537
8.31667,257.187,219.810,185.645,116.249,78.186,41.975,23.863,9.579
8.32083,257.365,219.979,185.777,116.277,78.179,41.939,23.880,9.611
8.32500,257.516,220.176,185.847,116.412,78.338,41.977,23.890,9.578
8.32917,257.667,220.195,185.941,116.474,78.259,42.052,23.923,9.548
8.33333,257.878,220.413,186.079,116.499,78.321,42.033,23.936,9.660
8.33750,257.999,220.465,186.212,116.660,78.421,42.117,23.939,9.625
8.34167,258.141,220.680,186.283,116.633,78.445,42.123,23.893,9.634
8.34583,258.289,220.739,186.423,116.749,78.455,42.170,23.944,9.589
8.35000,258.396,220.876,186.525,116.806,78.591,42.169,23.974,9.662
8.35417,258.558,221.030,186.600,116.907,78.590,42.158,24.005,9.663
8.35833,258.753,221.128,186.736,116.921,78.643,42.236,24.028,9.690
8.36250,258.893,221.279,186.854,117.035,78.634,42.260,24.050,9.612
8.36667,259.017,221.403,186.946,117.071,78.695,42.230,24.099,9.631
8.37083,259.147,221.560,187.045,117.185,78.791,42.293,23.999,9.625
8.37500,259.288,221.629,187.165,117.161,78.777,42.234,24.069,9.649
8.37917,259.483,221.727,187.285,117.321,78.910,42.415,24.107,9.677
8.38333,259.638,222.023,187.368,117.333,78.889,42.371,24.068,9.763
8.38750,259.840,222.043,187.464,117.414,78.989,42.434,24.159,9.688
8.39167,259.959,222.176,187.613,117.448,78.963,42.469,24.078,9.754
8.39583,260.065,222.289,187.737,117.519,79.022,42.448,24.200,9.690
8.40000,260.212,222.411,187.846,117.592,79.092,42.472,24.158,9.669
8.40417,260.368,222.537,187.958,117.681,79.145,42.528,24.231,9.715
8.40833,260.511,222.730,188.087,117.767,79.140,42.535,24.220,9.769
8.41250,260.679,222.780,188.145,117.838,79.234,42.535,24.152,9.747
8.41667,260.830,223.014,188.220,117.893,79.225,42.560,24.200,9.735
8.42083,260.972,223.050,188.341,117.949,79.331,42.578,24.225,9.759
8.42500,261.209,223.261,188.471,118.079,79.363,42.661,24.167,9.764
8.42917,261.234,223.353,188.641,118.076,79.410,42.659,24.298,9.770
8.43333,261.461,223.489,188.727,118.155,79.452,42.695,24.312,9.742
8.43750,261.600,223.563,188.754,118.217,79.550,42.736,24.286,9.721
8.44167,261.807,223.729,188.946,118.319,79.599,42.704,24.296,9.765
8.44583,261.910,223.932,189.064,118.395,79.570,42.763,24.339,9.810
8.45000,262.080,224.035,189.117,118.449,79.663,42.756,24.323,9.787
8.45417,262.186,224.144,189.240,118.521,79.677,42.831,24.315,9.768
8.45833,262.390,224.241,189.305,118.485,79.776,42.839,24.320,9.808
8.46250,262.551,224.429,189.452,118.658,79.800,42.831,24.368,9.772
8.46667,262.673,224.595,189.599,118.694,79.850,42.905,24.369,9.799
8.47083,262.781,224.677,189.694,118.795,79.925,42.878,24.371,9.825
8.47500,263.031,224.771,189.812,118.806,79.952,42.948,24.422,9.803
8.47917,263.155,224.897,189.868,118.991,79.948,42.961,24.456,9.852
8.48333,263.302,225.030,189.991,119.006,80.027,42.985,24.441,9.828
8.48750,263.387,225.166,190.161,119.040,80.099,43.019,24.434,9.835
8.49167,263.652,225.361,190.258,119.123,80.098,42.978,24.443,9.802
8.49583,263.730,225.473,190.317,119.229,80.140,43.078,24.452,9.890
8.50000,263.927,225.619,190.459,119.271,80.161,43.036,24.503,9.849
8.50417,264.053,225.709,190.627,119.369,80.270,43.151,24.471,9.889
8.50833,264.223,225.827,190.736,119.416,80.371,43.090,24.529,9.895
8.51250,264.311,226.022,190.789,119.490,80.351,43.234,24.523,9.883
8.51667,264.476,226.111,190.930,119.537,80.351,43.255,24.565,9.850
8.52083,264.728,226.238,191.026,119.639,80.402,43.211,24.512,9.906
8.52500,264.849,226.356,191.128,119.705,80.510,43.262,24.574,9.867
8.52917,264.962,226.493,191.219,119.737,80.540,43.224,24.541,9.908
8.53333,265.156,226.661,191.332,119.804,80.554,43.281,24.656,9.915
8.53750,265.316,226.778,191.528,119.930,80.677,43.262,24.648,9.937
8.54167,265.408,226.921,191.680,119.984,80.651,43.324,24.644,9.986
8.54583,265.582,227.045,191.701,120.076,80.683,43.378,24.617,9.933
8.55000,265.723,227.127,191.776,120.102,80.736,43.332,24.634,9.924
8.55417,265.923,227.299,191.985,120.168,80.760,43.374,24.633,9.906
8.55833,266.082,227.478,192.088,120.224,80.906,43.383,24.705,9.977
8.56250,266.244,227.542,192.194,120.262,80.914,43.503,24.748,9.933
8.56667,266.332,227.587,192.266,120.357,80.963,43.504,24.687,9.957
8.57083,266.496,227.797,192.425,120.442,80.945,43.500,24.757,9.950
8.57500,266.627,227.955,192.517,120.558,81.063,43.561,24.789,9.930
8.57917,266.846,228.089,192.540,120.584,81.130,43.566,24.742,9.964
8.58333,266.922,228.240,192.744,120.657,81.143,43.633,24.783,9.972
8.58750,267.154,228.279,192.819,120.791,81.092,43.605,24.848,9.941
8.59167,267.266,228.495,192.934,120.770,81.188,43.666,24.793,10.009
8.59583,267.457,228.658,193.030,120.947,81.255,43.640,24.806,9.967
8.60000,267.626,228.749,193.155,120.985,81.331,43.687,24.802,9.931
8.60417,267.722,228.917,193.239,121.028,81.321,43.763,24.825,9.964
8.60833,267.831,229.014,193.394,121.106,81.404,43.792,24.829,9.999
8.61250,268.075,229.139,193.448,121.211,81.485,43.760,24.898,10.015
8.61667,268.156,229.307,193.550,121.251,81.516,43.871,24.878,9.991
8.62083,268.370,229.418,193.726,121.332,81.566,43.846,24.861,9.999
8.62500,268.438,229.568,193.765,121.361,81.587,43.800,24.901,10.022
8.62917,268.712,229.627,193.938,121.424,81.681,43.813,24.921,10.022
8.63333,268.948,229.850,193.982,121.523,81.735,43.869,24.960,10.083
8.63750,269.017,229.872,194.171,121.612,81.769,43.941,24.954,10.053
8.64167,269.159,230.137,194.302,121.676,81.790,43.991,24.990,10.041
8.64583,269.302,230.196,194.423,121.737,81.786,43.929,25.015,10.076
8.65000,269.478,230.355,194.546,121.817,81.908,44.073,25.020,10.129
8.65417,269.674,230.454,194.597,121.906,81.913,43.974,25.030,10.069
8.65833,269.781,230.677,194.753,121.929,81.962,44.060,25.023,10.066
8.66250,269.888,230.787,194.841,121.957,81.979,44.115,25.052,10.078
8.66667,270.125,230.877,194.959,122.144,82.050,44.042,25.047,10.142
8.67083,270.264,231.029,195.046,122.092,82.158,44.148,25.032,10.039
8.67500,270.373,231.184,195.126,122.224,82.205,44.168,25.104,10.158
8.67917,270.600,231.263,195.305,122.341,82.173,44.122,25.102,10.127
8.68333,270.698,231.358,195.382,122.379,82.201,44.275,25.095,10.171
8.68750,270.906,231.547,195.482,122.470,82.253,44.250,25.106,10.144
8.69167,271.037,231.711,195.547,122.537,82.439,44.247,25.088,10.144
8.69583,271.240,231.801,195.689,122.563,82.380,44.318,25.171,10.171
8.70000,271.287,231.999,195.854,122.648,82.446,44.356,25.165,10.160
8.70417,271.467,232.109,195.933,122.709,82.481,44.342,25.217,10.145
8.70833,271.620,232.191,196.072,122.772,82.536,44.380,25.185,10.209
8.71250,271.704,232.407,196.193,122.843,82.577,44.392,25.232,10.187
8.71667,271.943,232.459,196.238,122.931,82.627,44.417,25.176,10.232
8.72083,272.153,232.642,196.416,123.033,82.639,44.453,25.283,10.218
8.72500,272.267,232.811,196.525,123.081,82.646,44.475,25.222,10.161
8.72917,272.431,232.847,196.651,123.122,82.800,44.527,25.281,10.251
8.73333,272.619,233.066,196.779,123.272,82.803,44.513,25.274,10.240
8.73750,272.778,233.170,196.868,123.293,82.783,44.536,25.331,10.251
8.74167,272.901,233.342,196.994,123.426,82.822,44.616,25.325,10.201
8.74583,273.005,233.427,197.082,123.463,82.918,44.607,25.294,10.223
8.75000,273.214,233.596,197.147,123.632,83.006,44.627,25.406,10.264
8.75417,273.346,233.671,197.311,123.620,83.099,44.690,25.398,10.256
8.75833,273.438,233.825,197.446,123.662,83.120,44.677,25.406,10.290
8.76250,273.715,234.003,197.568,123.640,83.208,44.728,25.418,10.271
8.76667,273.821,234.080,197.709,123.765,83.205,44.656,25.377,10.253
8.77083,273.971,234.251,197.785,123.841,83.213,44.748,25.407,10.250
8.77500,274.081,234.355,197.897,123.977,83.290,44.802,25.449,10.262
8.77917,274.286,234.497,198.035,124.023,83.304,44.834,25.413,10.288
8.78333,274.465,234.594,198.092,124.066,83.372,44.837,25.466,10.195
8.78750,274.599,234.766,198.188,124.155,83.474,44.780,25.451,10.283
8.79167,274.760,234.884,198.385,124.200,83.506,44.898,25.544,10.261
8.79583,274.959,235.057,198.413,124.253,83.566,44.920,25.490,10.360
8.80000,275.077,235.203,198.599,124.379,83.594,44.987,25.506,10.248
8.80417,275.152,235.269,198.691,124.411,83.589,44.959,25.538,10.338
8.80833,275.338,235.462,198.838,124.529,83.686,44.997,25.484,10.265
8.81250,275.515,235.654,198.919,124.516,83.695,44.985,25.505,10.314
8.81667,275.677,235.717,199.071,124.690,83.688,45.037,25.551,10.328
8.82083,275.842,235.837,199.019,124.714,83.858,45.081,25.600,10.382
8.82500,276.036,235.960,199.190,124.718,83.886,45.093,25.566,10.302
8.82917,276.188,236.053,199.395,124.867,83.851,45.130,25.608,10.371
8.83333,276.288,236.254,199.473,124.933,83.980,45.198,25.657,10.342
8.83750,276.484,236.322,199.661,125.018,84.039,45.165,25.594,10.400
8.84167,276.594,236.512,199.685,125.163,84.084,45.172,25.644,10.329
8.84583,276.852,236.678,199.735,125.159,84.117,45.291,25.649,10.425
8.85000,276.997,236.782,199.904,125.237,84.158,45.306,25.714,10.397
8.85417,277.110,236.847,200.039,125.330,84.191,45.271,25.644,10.398
8.85833,277.254,237.031,200.185,125.324,84.279,45.370,25.676,10.398
8.86250,277.426,237.186,200.191,125.372,84.278,45.380,25.715,10.382
8.86667,277.557,237.314,200.438,125.505,84.370,45.383,25.745,10.437
8.87083,277.734,237.447,200.487,125.566,84.469,45.412,25.797,10.397
8.87500,277.936,237.563,200.610,125.681,84.532,45.476,25.784,10.426
8.87917,278.021,237.792,200.707,125.714,84.488,45.502,25.795,10.432
8.88333,278.245,237.849,200.863,125.728,84.550,45.486,25.753,10.481
8.88750,278.365,237.965,200.990,125.804,84.582,45.524,25.790,10.420
8.89167,278.532,238.157,201.044,125.901,84.674,45.494,25.775,10.451
8.89583,278.658,238.196,201.214,126.031,84.722,45.581,25.865,10.533
8.90000,278.898,238.410,201.336,126.078,84.742,45.572,25.868,10.485
8.90417,279.034,238.568,201.365,126.142,84.769,45.711,25.867,10.471
8.90833,279.052,238.605,201.525,126.254,84.819,45.610,25.903,10.449
8.91250,279.324,238.819,201.655,126.289,84.876,45.676,25.890,10.531
8.91667,279.445,238.947,201.709,126.381,84.942,45.661,25.902,10.525
8.92083,279.652,239.100,201.849,126.480,84.887,45.695,25.898,10.494
8.92500,279.738,239.193,201.894,126.480,85.007,45.729,26.009,10.460
8.92917,279.871,239.294,202.163,126.556,85.052,45.731,25.956,10.571
8.93333,280.073,239.472,202.218,126.669,85.047,45.823,26.024,10.506
8.93750,280.209,239.570,202.326,126.692,85.226,45.810,25.991,10.556
8.94167,280.377,239.693,202.412,126.739,85.172,45.843,26.025,10.479
8.94583,280.532,239.867,202.563,126.852,85.172,45.905,26.030,10.565
8.95000,280.719,239.956,202.660,126.965,85.317,45.864,26.030,10.596
8.95417,280.841,240.137,202.788,126.945,85.399,45.955,26.074,10.522
8.95833,280.986,240.277,202.780,127.066,85.405,45.970,26.068,10.573
8.96250,281.207,240.448,202.969,127.161,85.504,45.958,26.120,10.612
8.96667,281.329,240.488,203.063,127.256,85.489,45.985,26.084,10.458
8.97083,281.566,240.700,203.236,127.233,85.484,45.997,26.110,10.612
8.97500,281.624,240.807,203.294,127.360,85.593,46.009,26.147,10.627
8.97917,281.840,240.936,203.434,127.402,85.690,46.087,26.125,10.571
8.98333,281.882,241.067,203.546,127.487,85.623,46.075,26.111,10.606
8.98750,282.128,241.191,203.649,127.580,85.733,46.110,26.219,10.603
8.99167,282.271,241.343,203.761,127.575,85.820,46.140,26.184,10.653
8.99583,282.452,241.477,203.892,127.709,85.806,46.192,26.209,10.639
9.00000,282.593,241.607,204.039,127.759,85.800,46.180,26.141,10.651
9.00417,282.732,241.744,204.165,127.853,85.886,46.189,26.204,10.624
9.00833,282.937,241.866,204.179,127.875,85.946,46.256,26.241,10.558
9.01250,283.021,241.926,204.355,127.905,85.959,46.315,26.220,10.675
9.01667,283.189,242.094,204.424,128.146,86.060,46.311,26.185,10.629
9.02083,283.318,242.264,204.595,128.086,86.088,46.361,26.264,10.603
9.02500,283.468,242.431,204.696,128.191,86.220,46.325,26.273,10.646
9.02917,283.682,242.569,204.680,128.300,86.196,46.404,26.313,10.696
9.03333,283.791,242.671,204.903,128.366,86.252,46.458,26.322,10.650
9.03750,283.939,242.759,204.981,128.431,86.281,46.418,26.351,10.678
9.04167,284.170,242.902,205.081,128.445,86.321,46.519,26.347,10.720
9.04583,284.345,243.059,205.247,128.587,86.362,46.503,26.313,10.746
9.05000,284.423,243.160,205.315,128.610,86.399,46.552,26.353,10.721
9.05417,284.576,243.274,205.382,128.765,86.484,46.567,26.337,10.709
9.05833,284.667,243.459,205.546,128.727,86.575,46.549,26.404,10.702
9.06250,284.868,243.580,205.666,128.825,86.591,46.614,26.386,10.690
9.06667,285.078,243.667,205.794,128.925,86.630,46.638,26.455,10.691
9.07083,285.158,243.862,205.882,129.052,86.673,46.618,26.427,10.709
9.07500,285.404,243.965,205.953,129.006,86.735,46.656,26.472,10.761
9.07917,285.560,244.102,206.089,129.119,86.684,46.646,26.452,10.775
9.08333,285.646,244.319,206.252,129.175,86.791,46.722,26.508,10.737
9.08750,285.744,244.415,206.340,129.221,86.821,46.758,26.536,10.790
9.09167,285.956,244.530,206.382,129.240,86.971,46.768,26.523,10.715
9.09583,286.090,244.605,206.569,129.318,86.955,46.796,26.489,10.791
9.10000,286.244,244.782,206.699,129.477,86.988,46.912,26.552,10.755
9.10417,286.449,244.850,206.828,129.522,87.026,46.864,26.535,10.781
9.10833,286.574,245.048,206.876,129.572,87.068,46.842,26.530,10.788
9.11250,286.697,245.204,207.027,129.659,87.099,46.896,26.559,10.773
9.11667,286.895,245.248,207.188,129.692,87.148,46.884,26.641,10.796
9.12083,287.031,245.410,207.201,129.812,87.261,46.907,26.635,10.811
9.12500,287.233,245.596,207.430,129.876,87.255,46.988,26.688,10.900
9.12917,287.378,245.657,207.430,129.978,87.362,46.992,26.694,10.812
9.13333,287.541,245.848,207.619,130.002,87.458,47.007,26.707,10.846
9.13750,287.623,245.952,207.632,130.081,87.337,47.070,26.683,10.839
9.14167,287.872,246.033,207.829,130.082,87.455,47.104,26.673,10.814
9.14583,287.976,246.275,207.901,130.186,87.487,47.041,26.690,10.842
9.15000,288.089,246.363,208.002,130.248,87.506,47.079,26.705,10.829
9.15417,288.197,246.476,208.133,130.386,87.625,47.189,26.715,10.813
9.15833,288.462,246.622,208.271,130.332,87.620,47.213,26.741,10.795
9.16250,288.557,246.694,208.361,130.437,87.661,47.218,26.750,10.858
9.16667,288.694,246.827,208.446,130.597,87.743,47.254,26.764,10.868
9.17083,288.896,246.926,208.525,130.672,87.777,47.205,26.751,10.830
9.17500,289.020,247.152,208.644,130.681,87.892,47.305,26.751,10.903
9.17917,289.129,247.216,208.837,130.745,87.870,47.369,26.770,10.882
9.18333,289.352,247.398,208.896,130.846,87.923,47.369,26.831,10.862
9.18750,289.538,247.571,209.038,130.902,87.960,47.347,26.771,10.878
9.19167,289.605,247.646,209.128,130.932,88.007,47.357,26.848,10.883
9.19583,289.825,247.802,209.228,131.041,88.065,47.426,26.817,10.906
9.20000,289.935,247.915,209.327,131.139,88.135,47.444,26.913,10.932
9.20417,290.009,248.066,209.467,131.126,88.105,47.443,26.847,10.933
9.20833,290.288,248.172,209.540,131.282,88.183,47.498,26.889,10.940
9.21250,290.371,248.328,209.622,131.295,88.224,47.482,26.929,10.931
9.21667,290.542,248.460,209.740,131.426,88.346,47.551,26.973,10.955
9.22083,290.626,248.567,209.875,131.394,88.293,47.557,26.976,10.968
9.22500,290.853,248.683,209.996,131.526,88.359,47.577,26.985,10.912
9.22917,291.013,248.811,210.014,131.551,88.371,47.583,26.950,11.004
9.23333,291.117,248.966,210.253,131.584,88.488,47.635,26.986,10.971
9.23750,291.293,249.090,210.304,131.680,88.486,47.687,26.992,10.965
9.24167,291.372,249.205,210.415,131.797,88.606,47.666,26.992,10.989
9.24583,291.579,249.293,210.536,131.828,88.601,47.736,27.013,10.906
9.25000,291.698,249.470,210.629,131.831,88.618,47.727,27.082,11.032
9.25417,291.864,249.507,210.748,131.948,88.654,47.799,27.052,10.922
9.25833,291.991,249.676,210.847,132.029,88.702,47.748,27.035,10.995
9.26250,292.161,249.834,210.954,132.151,88.767,47.826,27.063,10.994
9.26667,292.371,250.006,211.034,132.239,88.802,47.827,27.097,10.959
9.27083,292.412,250.058,211.145,132.225,88.944,47.909,27.079,10.989
9.27500,292.614,250.166,211.288,132.376,88.918,47.862,27.091,10.973
9.27917,292.784,250.291,211.400,132.426,88.948,47.918,27.154,11.042
9.28333,292.900,250.438,211.517,132.455,89.036,47.954,27.107,11.064
9.28750,293.084,250.569,211.577,132.591,89.077,47.947,27.192,10.974
9.29167,293.279,250.741,211.721,132.646,89.108,48.002,27.202,11.026
9.29583,293.329,250.828,211.878,132.735,89.105,48.047,27.171,11.139
9.30000,293.525,250.996,211.896,132.710,89.185,48.079,27.257,11.050
9.30417,293.672,251.114,212.065,132.782,89.251,47.998,27.232,11.008
9.30833,293.783,251.230,212.076,132.900,89.299,48.105,27.216,11.049
9.31250,293.965,251.340,212.277,132.944,89.271,48.092,27.265,11.111
9.31667,294.109,251.542,212.294,133.045,89.390,48.172,27.206,11.126
9.32083,294.214,251.659,212.414,133.064,89.365,48.175,27.297,11.103
9.32500,294.398,251.695,212.531,133.140,89.397,48.214,27.304,11.121
9.32917,294.591,251.857,212.647,133.197,89.498,48.254,27.316,11.104
9.33333,294.704,251.987,212.763,133.281,89.494,48.228,27.341,11.097
9.33750,294.824,252.094,212.877,133.344,89.592,48.267,27.353,11.057
9.34167,294.927,252.216,212.991,133.388,89.611,48.287,27.310,11.231
9.34583,295.126,252.395,213.122,133.485,89.666,48.341,27.359,11.131
9.35000,295.249,252.426,213.165,133.578,89.756,48.349,27.420,11.065
9.35417,295.394,252.662,213.312,133.660,89.734,48.329,27.306,11.169
9.35833,295.520,252.727,213.391,133.621,89.920,48.351,27.376,11.131
9.36250,295.689,252.833,213.556,133.754,89.794,48.416,27.432,11.188
9.36667,295.883,252.985,213.586,133.832,89.873,48.436,27.388,11.161
9.37083,295.960,253.116,213.720,133.870,89.978,48.470,27.477,11.122
9.37500,296.079,253.222,213.803,134.021,89.977,48.395,27.397,11.171
9.37917,296.259,253.421,213.909,134.026,90.056,48.481,27.454,11.099
9.38333,296.438,253.517,214.004,134.121,90.034,48.523,27.496,11.210
9.38750,296.532,253.647,214.141,134.196,90.126,48.561,27.463,11.165
9.39167,296.703,253.717,214.268,134.238,90.151,48.567,27.452,11.237
9.39583,296.856,253.873,214.317,134.262,90.274,48.624,27.505,11.190
9.40000,297.003,253.939,214.445,134.384,90.261,48.662,27.541,11.236
9.40417,297.153,254.096,214.542,134.401,90.275,48.617,27.577,11.222
9.40833,297.371,254.277,214.654,134.469,90.330,48.757,27.545,11.271
9.41250,297.449,254.376,214.711,134.511,90.362,48.719,27.601,11.181
9.41667,297.584,254.424,214.844,134.547,90.435,48.705,27.613,11.257
9.42083,297.696,254.586,214.953,134.663,90.508,48.773,27.555,11.289
9.42500,297.873,254.717,215.035,134.689,90.513,48.732,27.629,11.215
9.42917,298.000,254.823,215.176,134.743,90.585,48.820,27.574,11.278
9.43333,298.106,254.904,215.293,134.870,90.622,48.891,27.652,11.274
9.43750,298.299,255.061,215.423,134.923,90.641,48.832,27.700,11.260
9.44167,298.482,255.163,215.461,134.964,90.679,48.859,27.642,11.251
9.44583,298.567,255.302,215.611,135.034,90.746,48.847,27.654,11.296
9.45000,298.743,255.428,215.686,135.085,90.762,48.934,27.712,11.365
9.45417,298.855,255.545,215.782,135.153,90.833,48.915,27.738,11.300
9.45833,298.934,255.726,215.827,135.201,90.824,48.956,27.686,11.257
9.46250,299.102,255.797,215.982,135.276,90.941,48.951,27.753,11.306
9.46667,299.248,255.894,216.083,135.341,90.984,49.046,27.743,11.253
9.47083,299.472,256.053,216.176,135.473,90.991,49.015,27.758,11.346
9.47500,299.591,256.169,216.245,135.510,91.108,49.032,27.772,11.292
9.47917,299.654,256.233,216.344,135.514,91.108,49.067,27.781,11.264
9.48333,299.843,256.341,216.457,135.559,91.175,49.133,27.757,11.362
9.48750,299.976,256.526,216.616,135.727,91.176,49.123,27.787,11.339
9.49167,300.116,256.671,216.793,135.721,91.195,49.174,27.805,11.339
9.49583,300.287,256.738,216.752,135.815,91.261,49.179,27.827,11.318
9.50000,300.352,256.899,216.888,135.906,91.281,49.176,27.853,11.345
9.50417,300.538,257.008,217.059,135.996,91.318,49.174,27.843,11.400
9.50833,300.632,257.109,217.018,135.989,91.358,49.247,27.845,11.373
9.51250,300.820,257.250,217.243,136.054,91.425,49.283,27.895,11.398
9.51667,300.982,257.326,217.310,136.193,91.512,49.291,27.906,11.391
9.52083,301.105,257.497,217.467,136.172,91.502,49.232,27.918,11.347
9.52500,301.286,257.543,217.564,136.218,91.545,49.315,27.871,11.357
9.52917,301.288,257.713,217.549,136.289,91.577,49.352,27.880,11.385
9.53333,301.508,257.779,217.699,136.382,91.659,49.392,27.969,11.396
9.53750,301.655,257.960,217.877,136.484,91.627,49.409,27.983,11.411
9.54167,301.739,258.105,217.902,136.424,91.646,49.427,27.899,11.348
9.54583,301.966,258.143,217.983,136.571,91.829,49.417,27.950,11.431
9.55000,302.020,258.305,218.114,136.665,91.823,49.492,27.959,11.369
9.55417,302.226,258.369,218.179,136.696,91.829,49.549,28.037,11.428
9.55833,302.261,258.496,218.278,136.793,91.900,49.518,27.981,11.423
9.56250,302.334,258.603,218.393,136.817,91.927,49.573,28.035,11.397
9.56667,302.632,258.796,218.569,136.919,91.914,49.591,28.038,11.423
9.57083,302.774,258.868,218.573,136.956,91.966,49.579,28.037,11.457
9.57500,302.826,258.989,218.720,136.961,91.980,49.630,28.024,11.457
9.57917,303.030,259.111,218.818,137.048,92.108,49.605,28.025,11.436
9.58333,303.188,259.280,218.908,137.150,92.098,49.575,28.041,11.462
9.58750,303.161,259.284,219.023,137.206,92.192,49.621,28.064,11.444
9.59167,303.498,259.464,219.090,137.265,92.178,49.696,28.083,11.505
9.59583,303.503,259.599,219.154,137.266,92.244,49.748,28.076,11.423
9.60000,303.629,259.711,219.271,137.397,92.273,49.786,28.116,11.430
9.60417,303.801,259.760,219.364,137.436,92.380,49.775,28.160,11.490
9.60833,303.969,259.943,219.433,137.455,92.341,49.713,28.154,11.508
9.61250,304.052,260.000,219.612,137.522,92.389,49.756,28.193,11.525
9.61667,304.155,260.116,219.611,137.618,92.518,49.819,28.191,11.465
9.62083,304.303,260.255,219.733,137.660,92.455,49.848,28.202,11.505
9.62500,304.438,260.384,219.838,137.739,92.518,49.889,28.158,11.539
9.62917,304.511,260.439,220.032,137.787,92.586,49.893,28.269,11.522
9.63333,304.714,260.578,220.078,137.889,92.583,49.943,28.168,11.501
9.63750,304.813,260.711,220.163,137.908,92.613,49.908,28.245,11.544
9.64167,305.013,260.790,220.175,137.985,92.706,49.978,28.251,11.506
9.64583,305.112,260.924,220.311,138.064,92.742,49.997,28.222,11.566
9.65000,305.241,260.984,220.441,138.028,92.723,50.015,28.253,11.635
9.65417,305.361,261.148,220.510,138.139,92.774,50.063,28.257,11.517
9.65833,305.441,261.267,220.630,138.233,92.864,50.096,28.252,11.612
9.66250,305.680,261.378,220.668,138.315,92.891,50.136,28.316,11.557
9.66667,305.808,261.537,220.805,138.294,92.935,50.055,28.325,11.601
9.67083,305.899,261.652,220.937,138.305,92.945,50.145,28.396,11.556
9.67500,306.009,261.768,220.945,138.418,93.023,50.226,28.340,11.561
9.67917,306.170,261.834,221.175,138.470,93.056,50.110,28.339,11.604
9.68333,306.242,261.903,221.173,138.572,93.085,50.196,28.407,11.617
9.68750,306.444,262.124,221.249,138.633,93.117,50.156,28.359,11.612
9.69167,306.529,262.133,221.403,138.665,93.087,50.290,28.436,11.593
9.69583,306.641,262.223,221.481,138.704,93.234,50.227,28.423,11.671
9.70000,306.777,262.417,221.592,138.777,93.321,50.303,28.418,11.546
9.70417,306.891,262.476,221.687,138.900,93.262,50.347,28.443,11.617
9.70833,307.029,262.604,221.712,138.915,93.292,50.306,28.415,11.594
9.71250,307.231,262.742,221.814,138.995,93.417,50.278,28.521,11.620
9.71667,307.273,262.799,221.905,139.008,93.447,50.335,28.416,11.636
9.72083,307.413,262.889,222.039,139.122,93.466,50.345,28.479,11.698
9.72500,307.502,262.969,222.131,139.143,93.420,50.322,28.502,11.569
9.72917,307.697,263.150,222.185,139.186,93.480,50.394,28.535,11.630
9.73333,307.785,263.273,222.358,139.225,93.538,50.454,28.555,11.669
9.73750,307.963,263.325,222.350,139.337,93.610,50.471,28.570,11.637
9.74167,308.108,263.427,222.460,139.406,93.617,50.443,28.473,11.718
9.74583,308.161,263.557,222.542,139.423,93.621,50.471,28.540,11.731
9.75000,308.320,263.645,222.655,139.465,93.692,50.515,28.536,11.673
9.75417,308.460,263.752,222.769,139.548,93.744,50.575,28.588,11.704
9.75833,308.586,263.905,222.876,139.605,93.739,50.629,28.574,11.665
9.76250,308.682,263.979,222.921,139.676,93.800,50.582,28.513,11.717
9.76667,308.788,264.078,222.974,139.662,93.858,50.608,28.583,11.644
9.77083,308.953,264.221,223.119,139.722,93.871,50.558,28.605,11.716
9.77500,309.034,264.343,223.246,139.833,93.977,50.685,28.560,11.671
9.77917,309.200,264.474,223.310,139.833,93.949,50.676,28.640,11.755
9.78333,309.331,264.591,223.386,139.942,94.048,50.718,28.617,11.713
9.78750,309.463,264.605,223.468,139.991,94.087,50.704,28.690,11.728
9.79167,309.540,264.736,223.492,140.077,94.085,50.785,28.650,11.826
9.79583,309.645,264.882,223.635,140.100,94.085,50.829,28.727,11.719
9.80000,309.792,264.953,223.753,140.178,94.141,50.793,28.726,11.733
9.80417,309.946,265.023,223.786,140.196,94.219,50.865,28.745,11.704
9.80833,310.094,265.161,223.877,140.287,94.217,50.798,28.739,11.731
9.81250,310.110,265.267,223.990,140.284,94.277,50.812,28.770,11.762
9.81667,310.311,265.387,224.081,140.399,94.253,50.866,28.794,11.670
9.82083,310.367,265.458,224.165,140.414,94.328,50.880,28.774,11.728
9.82500,310.527,265.589,224.208,140.559,94.392,50.815,28.777,11.759
9.82917,310.640,265.698,224.368,140.560,94.379,50.934,28.769,11.742
9.83333,310.801,265.799,224.380,140.619,94.406,50.952,28.836,11.759
9.83750,310.870,265.852,224.482,140.695,94.513,50.944,28.775,11.747
9.84167,311.009,266.043,224.514,140.666,94.436,51.019,28.746,11.737
9.84583,311.134,266.114,224.755,140.722,94.609,50.988,28.764,11.726
9.85000,311.223,266.190,224.863,140.802,94.557,50.946,28.915,11.786
9.85417,311.315,266.319,224.843,140.802,94.610,51.011,28.849,11.800
9.85833,311.539,266.378,224.957,140.932,94.698,51.044,28.870,11.861
9.86250,311.621,266.491,225.006,140.981,94.792,51.095,28.825,11.779
9.86667,311.719,266.627,225.122,141.066,94.747,51.044,28.870,11.834
9.87083,311.845,266.716,225.270,141.070,94.727,51.155,28.938,11.757
9.87500,311.956,266.782,225.267,141.125,94.808,51.145,28.840,11.846
9.87917,312.095,266.853,225.345,141.196,94.804,51.151,28.882,11.832
9.88333,312.160,266.976,225.418,141.217,94.842,51.200,28.870,11.813
9.88750,312.277,267.030,225.504,141.296,94.867,51.165,28.900,11.787
9.89167,312.452,267.188,225.558,141.374,94.967,51.236,28.913,11.823
9.89583,312.536,267.269,225.724,141.366,95.020,51.240,28.914,11.828
9.90000,312.676,267.401,225.797,141.486,95.059,51.169,28.965,11.929
9.90417,312.733,267.497,225.868,141.493,95.036,51.188,28.925,11.817
9.90833,312.895,267.551,226.037,141.561,95.049,51.278,29.003,11.824
9.91250,312.960,267.634,225.975,141.665,95.128,51.378,29.002,11.852
9.91667,313.053,267.828,226.101,141.674,95.111,51.393,28.963,11.830
9.92083,313.191,267.901,226.159,141.694,95.214,51.283,29.001,11.841
9.92500,313.292,267.997,226.265,141.779,95.243,51.382,29.084,11.825
9.92917,313.393,268.064,226.393,141.801,95.207,51.382,29.075,11.894
9.93333,313.537,268.117,226.448,141.866,95.322,51.384,29.044,11.948
9.93750,313.638,268.302,226.540,141.992,95.387,51.394,29.033,11.842
9.94167,313.794,268.325,226.647,141.980,95.373,51.424,29.017,11.932
9.94583,313.908,268.498,226.751,142.094,95.388,51.493,29.112,11.991
9.95000,314.056,268.642,226.767,142.075,95.455,51.470,29.060,11.919
9.95417,314.121,268.671,226.819,142.133,95.570,51.547,29.107,11.863
9.95833,314.271,268.744,226.894,142.189,95.503,51.542,29.059,11.861
9.96250,314.411,268.831,226.963,142.175,95.514,51.505,29.164,11.876
9.96667,314.456,268.984,227.083,142.233,95.593,51.551,29.131,11.955
9.97083,314.567,268.980,227.153,142.367,95.624,51.562,29.151,11.980
9.97500,314.650,269.136,227.276,142.330,95.601,51.580,29.104,11.992
9.97917,314.787,269.217,227.332,142.401,95.683,51.597,29.088,11.959
9.98333,314.876,269.321,227.466,142.417,95.677,51.675,29.192,11.924
9.98750,314.957,269.451,227.549,142.561,95.743,51.658,29.190,11.906
9.99167,315.037,269.521,227.610,142.627,95.754,51.682,29.186,11.976
9.99583,315.313,269.590,227.736,142.612,95.779,51.630,29.234,11.977
10.00000,315.317,269.740,227.682,142.666,95.873,51.734,29.174,11.949
10.00417,315.374,269.823,227.827,142.660,95.869,51.746,29.269,11.960
10.00833,315.552,269.898,227.921,142.796,95.947,51.746,29.143,11.955
10.01250,315.660,270.019,228.050,142.825,95.918,51.703,29.211,12.021
10.01667,315.739,270.095,228.053,142.900,95.990,51.823,29.162,11.989
10.02083,315.898,270.166,228.112,142.937,95.967,51.782,29.246,11.991
10.02500,316.074,270.229,228.211,143.031,96.028,51.781,29.293,12.023
10.02917,316.132,270.385,228.272,143.088,96.060,51.840,29.240,11.965
10.03333,316.164,270.515,228.338,143.113,96.065,51.850,29.278,11.998
10.03750,316.336,270.537,228.464,143.123,96.169,51.905,29.311,11.957
10.04167,316.434,270.685,228.571,143.197,96.119,51.867,29.303,12.011
10.04583,316.531,270.741,228.613,143.220,96.134,51.881,29.312,12.045
10.05000,316.653,270.845,228.640,143.409,96.210,51.878,29.294,11.960
10.05417,316.743,270.938,228.777,143.330,96.238,51.877,29.250,11.983
10.05833,316.874,270.991,228.832,143.388,96.276,51.944,29.385,12.004
10.06250,316.875,271.024,228.918,143.510,96.324,51.962,29.383,12.085
10.06667,317.093,271.221,229.001,143.530,96.290,51.942,29.351,12.068
10.07083,317.178,271.238,229.101,143.487,96.415,52.012,29.391,12.045
10.07500,317.293,271.292,229.093,143.581,96.428,51.955,29.374,12.036
10.07917,317.390,271.510,229.236,143.599,96.426,52.054,29.407,12.034
10.08333,317.463,271.554,229.279,143.600,96.513,52.015,29.425,12.044
10.08750,317.648,271.607,229.395,143.700,96.478,52.071,29.415,12.050
10.09167,317.705,271.703,229.444,143.773,96.554,52.104,29.431,12.087
10.09583,317.764,271.724,229.547,143.706,96.580,52.157,29.335,12.055
10.10000,317.899,271.929,229.636,143.896,96.636,52.171,29.354,12.042
10.10417,317.974,271.982,229.662,143.861,96.580,52.105,29.464,12.058
10.10833,318.054,272.101,229.729,143.943,96.676,52.248,29.496,12.089
10.11250,318.204,272.128,229.879,144.027,96.682,52.179,29.417,12.065
10.11667,318.326,272.219,229.870,144.020,96.759,52.160,29.432,12.045
10.12083,318.366,272.295,229.972,143.994,96.747,52.247,29.483,12.053
10.12500,318.514,272.383,230.081,144.053,96.840,52.287,29.530,12.081
10.12917,318.598,272.434,230.090,144.219,96.816,52.292,29.528,12.110
10.13333,318.710,272.633,230.231,144.203,96.877,52.244,29.487,12.088
10.13750,318.775,272.680,230.298,144.229,96.929,52.284,29.513,12.145
10.14167,318.931,272.728,230.260,144.283,96.942,52.327,29.556,12.081
10.14583,318.986,272.834,230.384,144.393,97.007,52.307,29.506,12.135
10.15000,319.097,272.975,230.509,144.353,96.939,52.323,29.522,12.080
10.15417,319.218,273.050,230.576,144.429,96.979,52.324,29.560,12.137
10.15833,319.260,273.155,230.630,144.403,97.055,52.340,29.564,12.132
10.16250,319.386,273.219,230.619,144.480,97.092,52.415,29.558,12.055
10.16667,319.529,273.257,230.757,144.606,97.091,52.460,29.578,12.057
10.17083,319.656,273.455,230.798,144.644,97.152,52.465,29.592,12.175
10.17500,319.705,273.433,230.882,144.639,97.184,52.413,29.529,12.083
10.17917,319.792,273.518,230.957,144.691,97.137,52.458,29.589,12.156
10.18333,319.863,273.621,231.022,144.778,97.243,52.448,29.689,12.162
10.18750,319.964,273.737,231.140,144.711,97.241,52.510,29.688,12.102
10.19167,320.086,273.767,231.152,144.818,97.290,52.536,29.680,12.178
10.19583,320.229,273.805,231.283,144.902,97.237,52.479,29.652,12.142
10.20000,320.205,273.905,231.251,144.914,97.329,52.489,29.554,12.142
10.20417,320.374,273.981,231.392,144.927,97.390,52.544,29.614,12.143
10.20833,320.485,274.104,231.389,144.978,97.367,52.582,29.661,12.140
10.21250,320.560,274.197,231.555,145.044,97.351,52.525,29.642,12.172
10.21667,320.659,274.246,231.595,145.127,97.458,52.569,29.713,12.153
10.22083,320.754,274.351,231.628,145.117,97.473,52.549,29.672,12.113
10.22500,320.873,274.393,231.753,145.170,97.512,52.680,29.753,12.169
10.22917,320.934,274.485,231.782,145.248,97.550,52.625,29.727,12.146
10.23333,320.991,274.564,231.854,145.293,97.607,52.720,29.702,12.127
10.23750,321.092,274.671,231.930,145.330,97.601,52.634,29.742,12.233
10.24167,321.137,274.786,231.967,145.386,97.554,52.710,29.754,12.167
10.24583,321.311,274.821,232.005,145.408,97.629,52.633,29.692,12.154
10.25000,321.383,274.892,232.169,145.453,97.654,52.759,29.775,12.264
10.25417,321.465,275.045,232.209,145.524,97.693,52.739,29.723,12.167
10.25833,321.578,275.065,232.300,145.529,97.707,52.768,29.767,12.195
10.26250,321.688,275.144,232.349,145.625,97.802,52.793,29.767,12.224
10.26667,321.763,275.225,232.339,145.640,97.770,52.788,29.814,12.189
10.27083,321.860,275.296,232.522,145.629,97.818,52.811,29.799,12.208
10.27500,321.976,275.406,232.496,145.733,97.874,52.822,29.785,12.199
10.27917,322.076,275.513,232.604,145.741,97.875,52.852,29.821,12.263
10.28333,322.143,275.542,232.679,145.772,97.927,52.870,29.901,12.282
10.28750,322.275,275.587,232.756,145.803,97.950,52.845,29.869,12.163
10.29167,322.329,275.670,232.747,145.902,97.961,52.879,29.882,12.234
10.29583,322.435,275.783,232.826,145.871,98.002,52.873,29.817,12.236
10.30000,322.427,275.887,232.901,145.984,98.055,52.933,29.828,12.255
10.30417,322.523,275.849,233.026,145.930,98.064,52.903,29.828,12.278
10.30833,322.703,275.992,233.006,145.982,98.139,52.938,29.874,12.308
10.31250,322.769,276.088,233.149,146.010,98.119,52.924,29.803,12.245
10.31667,322.861,276.145,233.170,146.048,98.135,52.934,29.912,12.271
10.32083,322.935,276.179,233.219,146.176,98.174,53.020,29.866,12.231
10.32500,323.051,276.300,233.251,146.175,98.193,52.993,29.838,12.216
10.32917,323.118,276.425,233.332,146.214,98.212,53.020,29.929,12.308
10.33333,323.149,276.459,233.496,146.249,98.210,53.031,29.924,12.271
10.33750,323.221,276.498,233.490,146.276,98.222,53.011,29.870,12.327
10.34167,323.330,276.629,233.517,146.303,98.268,53.017,29.902,12.255
10.34583,323.514,276.647,233.674,146.420,98.291,53.024,29.950,12.351
10.35000,323.455,276.734,233.592,146.426,98.295,53.091,29.994,12.276
10.35417,323.595,276.857,233.749,146.434,98.375,53.067,29.948,12.242
10.35833,323.663,276.874,233.868,146.514,98.357,53.127,29.956,12.275
10.36250,323.812,276.975,233.845,146.516,98.359,53.065,29.945,12.298
10.36667,323.890,277.021,233.943,146.608,98.409,53.058,29.970,12.303
10.37083,323.966,277.167,233.979,146.611,98.432,53.194,29.990,12.283
10.37500,324.019,277.227,234.035,146.626,98.522,53.120,29.973,12.268
10.37917,324.135,277.310,234.117,146.699,98.535,53.218,30.015,12.284
10.38333,324.228,277.352,234.191,146.752,98.576,53.148,30.074,12.329
10.38750,324.264,277.356,234.281,146.778,98.564,53.194,30.028,12.299
10.39167,324.372,277.469,234.275,146.770,98.606,53.166,30.022,12.365
10.39583,324.495,277.539,234.352,146.849,98.628,53.279,30.067,12.310
10.40000,324.565,277.678,234.432,146.863,98.669,53.277,30.044,12.384
10.40417,324.682,277.645,234.476,146.955,98.741,53.245,30.099,12.361
10.40833,324.693,277.715,234.568,147.006,98.729,53.238,29.996,12.377
10.41250,324.863,277.834,234.625,146.991,98.755,53.341,30.108,12.287
10.41667,324.908,277.887,234.695,147.078,98.793,53.336,30.071,12.331
10.42083,324.990,277.984,234.737,147.102,98.819,53.302,30.094,12.299
10.42500,325.046,278.026,234.726,147.173,98.780,53.317,30.059,12.323
10.42917,325.154,278.124,234.842,147.196,98.815,53.339,30.125,12.308
10.43333,325.208,278.179,234.990,147.193,98.891,53.359,30.085,12.410
10.43750,325.279,278.222,234.886,147.261,98.909,53.386,30.111,12.372
10.44167,325.430,278.343,235.012,147.233,98.866,53.355,30.111,12.328
10.44583,325.491,278.349,235.028,147.309,98.920,53.458,30.124,12.365
10.45000,325.552,278.451,235.189,147.402,98.950,53.440,30.105,12.376
10.45417,325.580,278.536,235.158,147.384,98.983,53.423,30.118,12.367
10.45833,325.755,278.583,235.288,147.418,98.982,53.368,30.158,12.367
10.46250,325.739,278.707,235.328,147.429,98.973,53.455,30.114,12.391
10.46667,325.860,278.667,235.383,147.538,99.086,53.501,30.131,12.406
10.47083,326.018,278.747,235.395,147.424,99.042,53.485,30.134,12.354
10.47500,326.065,278.868,235.487,147.531,99.117,53.510,30.214,12.355
10.47917,326.087,278.921,235.532,147.567,99.067,53.538,30.135,12.402
10.48333,326.161,278.999,235.697,147.672,99.201,53.571,30.257,12.396
10.48750,326.260,279.078,235.659,147.659,99.189,53.633,30.218,12.478
10.49167,326.341,279.142,235.758,147.662,99.206,53.516,30.220,12.393
10.49583,326.412,279.282,235.796,147.737,99.190,53.583,30.266,12.396
10.50000,326.399,279.324,235.779,147.777,99.250,53.547,30.165,12.346
10.50417,326.603,279.334,235.857,147.859,99.267,53.591,30.222,12.416
10.50833,326.623,279.406,235.932,147.846,99.265,53.632,30.230,12.411
10.51250,326.700,279.426,235.912,147.841,99.354,53.624,30.285,12.413
10.51667,326.776,279.498,236.106,147.917,99.282,53.647,30.292,12.388
10.52083,326.937,279.621,236.075,147.945,99.372,53.602,30.223,12.415
10.52500,326.893,279.630,236.142,147.991,99.382,53.629,30.224,12.485
10.52917,326.957,279.723,236.244,148.011,99.338,53.705,30.314,12.480
10.53333,327.003,279.801,236.313,148.021,99.411,53.641,30.276,12.429
10.53750,327.165,279.904,236.306,148.107,99.459,53.680,30.222,12.465
10.54167,327.257,279.838,236.370,148.096,99.510,53.740,30.236,12.440
10.54583,327.308,279.962,236.469,148.148,99.466,53.726,30.199,12.474
10.55000,327.355,280.074,236.486,148.169,99.486,53.764,30.292,12.471
10.55417,327.445,280.183,236.550,148.154,99.586,53.759,30.264,12.441
10.55833,327.538,280.194,236.574,148.268,99.577,53.714,30.325,12.425
10.56250,327.601,280.203,236.640,148.354,99.526,53.773,30.283,12.451
10.56667,327.762,280.321,236.667,148.305,99.612,53.773,30.366,12.454
10.57083,327.716,280.397,236.747,148.415,99.550,53.824,30.383,12.477
10.57500,327.821,280.484,236.853,148.386,99.631,53.775,30.337,12.474
10.57917,327.906,280.495,236.837,148.347,99.690,53.821,30.365,12.370
10.58333,328.016,280.576,236.949,148.421,99.736,53.798,30.380,12.499
10.58750,328.045,280.590,236.973,148.446,99.706,53.754,30.385,12.480
10.59167,328.118,280.611,237.030,148.502,99.742,53.855,30.407,12.443
10.59583,328.130,280.777,237.118,148.496,99.757,53.838,30.365,12.463
10.60000,328.249,280.816,237.126,148.611,99.728,53.882,30.399,12.518
10.60417,328.292,280.817,237.098,148.649,99.724,53.892,30.408,12.481
10.60833,328.394,280.903,237.246,148.595,99.851,53.850,30.416,12.491
10.61250,328.513,281.023,237.212,148.674,99.807,53.882,30.411,12.462
10.61667,328.519,281.052,237.261,148.674,99.856,53.907,30.463,12.491
10.62083,328.624,281.097,237.414,148.762,99.889,53.939,30.388,12.531
10.62500,328.676,281.120,237.384,148.776,99.954,53.967,30.377,12.511
10.62917,328.680,281.191,237.500,148.787,99.895,53.938,30.447,12.460
10.63333,328.766,281.293,237.535,148.834,99.988,53.973,30.396,12.467
10.63750,328.850,281.346,237.541,148.845,99.997,53.971,30.481,12.483
10.64167,328.976,281.434,237.639,148.912,100.000,54.013,30.432,12.562
10.64583,329.040,281.390,237.670,148.944,100.066,54.020,30.410,12.442
10.65000,329.087,281.454,237.730,148.944,100.066,53.974,30.460,12.490
10.65417,329.234,281.603,237.812,148.937,100.021,53.989,30.469,12.486
10.65833,329.276,281.608,237.863,149.017,100.075,54.083,30.517,12.539
10.66250,329.302,281.682,237.862,149.023,100.122,54.065,30.558,12.582
10.66667,329.311,281.657,237.892,149.197,100.101,54.095,30.507,12.553
10.67083,329.406,281.800,238.013,149.076,100.130,54.097,30.529,12.489
10.67500,329.562,281.913,238.036,149.093,100.153,54.110,30.515,12.473
10.67917,329.543,281.947,238.030,149.183,100.215,54.060,30.513,12.497
10.68333,329.563,281.968,238.078,149.207,100.246,54.089,30.538,12.494
10.68750,329.680,281.967,238.132,149.198,100.248,54.178,30.560,12.601
10.69167,329.804,282.052,238.238,149.256,100.304,54.116,30.506,12.572
10.69583,329.835,282.130,238.276,149.354,100.251,54.100,30.522,12.533
10.70000,329.884,282.194,238.272,149.379,100.249,54.101,30.507,12.513
10.70417,329.981,282.295,238.360,149.349,100.313,54.146,30.534,12.567
10.70833,330.023,282.332,238.371,149.389,100.325,54.159,30.523,12.530
10.71250,330.100,282.376,238.408,149.456,100.370,54.174,30.500,12.558
10.71667,330.178,282.433,238.445,149.417,100.318,54.223,30.528,12.572
10.72083,330.246,282.477,238.529,149.476,100.324,54.244,30.560,12.620
10.72500,330.295,282.541,238.532,149.454,100.455,54.264,30.612,12.568
10.72917,330.381,282.553,238.625,149.484,100.468,54.208,30.590,12.575
10.73333,330.330,282.635,238.725,149.628,100.410,54.286,30.565,12.567
10.73750,330.420,282.664,238.695,149.541,100.488,54.202,30.582,12.613
10.74167,330.518,282.747,238.716,149.686,100.496,54.267,30.596,12.497
10.74583,330.589,282.833,238.837,149.646,100.492,54.265,30.620,12.610
10.75000,330.636,282.901,238.812,149.629,100.513,54.229,30.626,12.584
10.75417,330.731,282.871,238.870,149.618,100.525,54.269,30.602,12.640
10.75833,330.763,283.029,238.946,149.792,100.543,54.250,30.634,12.572
10.76250,330.848,283.056,238.956,149.821,100.566,54.313,30.566,12.570
10.76667,330.924,283.048,239.006,149.748,100.498,54.282,30.584,12.646
10.77083,330.929,283.147,239.090,149.821,100.565,54.293,30.691,12.608
10.77500,331.089,283.132,239.077,149.845,100.687,54.383,30.568,12.579
10.77917,331.077,283.223,239.186,149.816,100.654,54.421,30.681,12.613
10.78333,331.083,283.199,239.283,149.843,100.651,54.360,30.644,12.609
10.78750,331.177,283.424,239.222,149.890,100.726,54.344,30.618,12.563
10.79167,331.281,283.397,239.337,149.960,100.678,54.423,30.720,12.649
10.79583,331.340,283.470,239.359,149.963,100.719,54.376,30.700,12.575
10.80000,331.396,283.474,239.425,150.013,100.716,54.433,30.677,12.605
10.80417,331.437,283.587,239.459,150.042,100.727,54.408,30.704,12.604
10.80833,331.486,283.586,239.481,150.066,100.766,54.437,30.715,12.625
10.81250,331.568,283.616,239.508,150.111,100.850,54.461,30.776,12.618
10.81667,331.588,283.676,239.581,150.127,100.805,54.431,30.693,12.602
10.82083,331.739,283.771,239.571,150.125,100.830,54.410,30.726,12.715
10.82500,331.799,283.755,239.653,150.154,100.877,54.437,30.675,12.666
10.82917,331.745,283.886,239.699,150.235,100.842,54.430,30.717,12.647
10.83333,331.824,283.919,239.769,150.239,100.903,54.543,30.695,12.693
10.83750,332.001,283.963,239.759,150.214,100.896,54.526,30.712,12.655
10.84167,331.941,283.986,239.821,150.250,100.894,54.492,30.725,12.668
10.84583,332.031,284.030,239.881,150.342,100.958,54.484,30.696,12.638
10.85000,332.038,284.071,239.860,150.298,100.870,54.547,30.769,12.611
10.85417,332.127,284.103,239.886,150.343,100.917,54.513,30.779,12.618
10.85833,332.211,284.196,240.045,150.423,101.010,54.479,30.754,12.645
10.86250,332.259,284.204,240.011,150.433,101.054,54.620,30.764,12.650
10.86667,332.350,284.331,240.059,150.468,101.071,54.559,30.812,12.674
10.87083,332.345,284.342,240.119,150.496,100.979,54.579,30.690,12.643
10.87500,332.447,284.386,240.113,150.463,101.098,54.557,30.756,12.625
10.87917,332.510,284.413,240.212,150.523,101.075,54.563,30.750,12.636
10.88333,332.544,284.446,240.224,150.610,101.066,54.573,30.795,12.683
10.88750,332.641,284.528,240.284,150.487,101.070,54.596,30.724,12.622
10.89167,332.635,284.591,240.296,150.584,101.162,54.664,30.793,12.659
10.89583,332.723,284.679,240.354,150.628,101.109,54.569,30.818,12.665
10.90000,332.755,284.642,240.356,150.665,101.127,54.726,30.810,12.687
10.90417,332.883,284.723,240.429,150.722,101.151,54.613,30.800,12.743
10.90833,332.859,284.825,240.513,150.735,101.182,54.683,30.830,12.643
10.91250,332.901,284.798,240.514,150.700,101.191,54.644,30.757,12.651
10.91667,333.005,284.880,240.534,150.774,101.214,54.622,30.798,12.592
10.92083,333.073,284.990,240.607,150.715,101.235,54.672,30.861,12.676
10.92500,333.113,285.005,240.665,150.868,101.322,54.679,30.848,12.600
10.92917,333.105,284.984,240.620,150.855,101.309,54.659,30.842,12.688
10.93333,333.216,285.031,240.775,150.821,101.301,54.677,30.786,12.721
10.93750,333.249,285.088,240.768,150.855,101.312,54.754,30.807,12.655
10.94167,333.280,285.145,240.786,150.824,101.306,54.749,30.820,12.695
10.94583,333.315,285.161,240.814,150.940,101.337,54.780,30.840,12.701
10.95000,333.398,285.219,240.872,150.996,101.353,54.677,30.874,12.694
10.95417,333.482,285.279,240.920,150.979,101.386,54.719,30.866,12.664
10.95833,333.495,285.405,240.894,151.011,101.390,54.810,30.849,12.604
10.96250,333.619,285.434,240.992,150.943,101.440,54.788,30.911,12.749
10.96667,333.632,285.368,241.006,151.042,101.458,54.763,30.959,12.681
10.97083,333.626,285.404,241.006,151.079,101.456,54.745,30.851,12.698
10.97500,333.754,285.500,241.046,151.088,101.480,54.803,30.936,12.721
10.97917,333.742,285.544,241.193,151.080,101.461,54.827,30.910,12.633
10.98333,333.818,285.623,241.159,151.125,101.491,54.852,30.955,12.649
10.98750,333.964,285.604,241.185,151.168,101.514,54.832,30.941,12.723
10.99167,333.989,285.637,241.234,151.114,101.466,54.772,30.892,12.751
10.99583,333.988,285.707,241.199,151.209,101.466,54.807,30.903,12.722
11.00000,334.044,285.742,241.289,151.169,101.576,54.870,30.914,12.670
11.00417,334.090,285.782,241.364,151.190,101.514,54.894,31.001,12.733
11.00833,334.179,285.813,241.391,151.330,101.536,54.865,30.916,12.775
11.01250,334.236,285.869,241.420,151.325,101.599,54.863,30.922,12.749
11.01667,334.222,285.946,241.453,151.298,101.622,54.931,30.900,12.673
11.02083,334.289,286.038,241.429,151.338,101.560,54.841,30.958,12.734
11.02500,334.341,286.016,241.496,151.342,101.627,54.890,30.968,12.685
11.02917,334.372,286.070,241.581,151.376,101.627,54.866,30.925,12.705
11.03333,334.426,286.137,241.631,151.353,101.674,54.885,30.906,12.722
11.03750,334.517,286.130,241.666,151.437,101.673,54.916,30.954,12.759
11.04167,334.579,286.205,241.644,151.425,101.700,54.885,30.991,12.803
11.04583,334.584,286.233,241.672,151.467,101.666,54.921,31.065,12.730
11.05000,334.683,286.363,241.698,151.515,101.745,54.976,30.919,12.696
11.05417,334.671,286.292,241.758,151.603,101.715,54.989,30.946,12.719
11.05833,334.680,286.353,241.844,151.517,101.726,54.966,30.939,12.774
11.06250,334.786,286.357,241.851,151.542,101.757,54.947,30.991,12.718
11.06667,334.813,286.362,241.884,151.571,101.810,55.006,30.994,12.774
11.07083,334.871,286.446,241.962,151.561,101.776,54.965,30.955,12.698
11.07500,334.901,286.508,241.978,151.615,101.810,54.996,30.956,12.707
11.07917,335.012,286.603,241.937,151.703,101.881,55.019,31.022,12.778
11.08333,335.001,286.616,241.953,151.700,101.825,55.025,30.997,12.664
11.08750,334.996,286.704,242.094,151.630,101.867,55.021,31.051,12.758
11.09167,335.113,286.676,242.134,151.673,101.862,55.036,30.997,12.738
11.09583,335.200,286.657,242.119,151.736,101.859,55.011,30.986,12.746
11.10000,335.150,286.736,242.234,151.688,101.943,55.008,31.018,12.807
11.10417,335.225,286.770,242.211,151.708,101.880,55.020,30.998,12.776
11.10833,335.221,286.837,242.215,151.814,101.923,54.977,31.045,12.757
11.11250,335.417,286.891,242.236,151.897,101.906,55.074,31.026,12.786
11.11667,335.354,286.881,242.221,151.843,101.946,55.112,31.024,12.723
11.12083,335.435,286.919,242.294,151.867,101.941,55.097,31.004,12.797
11.12500,335.457,287.049,242.387,151.861,101.936,55.055,31.010,12.728
11.12917,335.513,287.055,242.350,151.896,102.000,55.047,31.065,12.749
11.13333,335.576,287.137,242.347,151.906,102.006,55.087,31.074,12.810
11.13750,335.669,287.132,242.470,151.890,102.062,55.102,31.005,12.832
11.14167,335.637,287.141,242.457,151.967,102.001,55.073,31.067,12.820
11.14583,335.633,287.176,242.534,151.956,102.079,55.082,31.092,12.725
11.15000,335.708,287.263,242.498,151.990,102.096,55.086,31.092,12.749
11.15417,335.805,287.270,242.599,152.008,102.059,55.127,31.048,12.752
11.15833,335.861,287.321,242.620,152.069,102.137,55.188,31.092,12.762
11.16250,335.856,287.385,242.678,152.068,102.089,55.108,31.121,12.793
11.16667,335.853,287.394,242.675,152.045,102.137,55.125,31.085,12.743
11.17083,335.963,287.448,242.675,152.052,102.108,55.217,31.035,12.762
11.17500,335.931,287.356,242.742,152.083,102.128,55.122,31.107,12.837
11.17917,336.068,287.515,242.772,152.099,102.127,55.229,31.142,12.799
11.18333,336.146,287.516,242.759,152.161,102.180,55.208,31.102,12.757
11.18750,336.147,287.613,242.833,152.180,102.131,55.134,31.045,12.775
11.19167,336.207,287.645,242.875,152.234,102.247,55.244,31.093,12.754
11.19583,336.237,287.612,242.941,152.186,102.221,55.235,31.099,12.761
11.20000,336.243,287.669,242.869,152.143,102.170,55.241,31.104,12.795
11.20417,336.231,287.680,242.984,152.224,102.226,55.283,31.104,12.848
11.20833,336.308,287.746,243.026,152.291,102.257,55.198,31.190,12.836
11.21250,336.391,287.797,243.076,152.287,102.133,55.272,31.095,12.729
11.21667,336.414,287.840,243.052,152.333,102.237,55.253,31.145,12.833
11.22083,336.456,287.879,243.038,152.369,102.296,55.284,31.145,12.853
11.22500,336.527,287.898,243.068,152.287,102.288,55.267,31.145,12.854
11.22917,336.582,287.881,243.129,152.354,102.279,55.238,31.101,12.804
11.23333,336.564,287.994,243.092,152.398,102.317,55.213,31.130,12.831
11.23750,336.621,288.002,243.202,152.381,102.241,55.359,31.204,12.820
11.24167,336.671,287.998,243.202,152.426,102.441,55.351,31.132,12.849
11.24583,336.769,288.107,243.166,152.480,102.303,55.277,31.166,12.859
11.25000,336.792,288.115,243.315,152.455,102.376,55.301,31.149,12.843
11.25417,336.769,288.112,243.334,152.449,102.379,55.314,31.132,12.864
11.25833,336.827,288.145,243.332,152.517,102.369,55.272,31.178,12.848
11.26250,336.840,288.244,243.295,152.514,102.441,55.342,31.140,12.821
11.26667,336.922,288.195,243.368,152.501,102.346,55.298,31.172,12.827
11.27083,336.918,288.336,243.455,152.521,102.459,55.302,31.147,12.900
11.27500,336.991,288.254,243.430,152.624,102.374,55.349,31.249,12.831
11.27917,337.014,288.239,243.508,152.521,102.422,55.297,31.128,12.825
11.28333,337.089,288.340,243.490,152.543,102.375,55.309,31.137,12.839
11.28750,337.033,288.425,243.553,152.656,102.472,55.369,31.209,12.849
11.29167,337.157,288.415,243.548,152.593,102.469,55.342,31.168,12.826
11.29583,337.191,288.455,243.560,152.680,102.489,55.330,31.285,12.869
11.30000,337.219,288.489,243.550,152.698,102.482,55.341,31.194,12.825
11.30417,337.242,288.527,243.656,152.631,102.510,55.423,31.136,12.921
11.30833,337.294,288.507,243.670,152.742,102.567,55.417,31.209,12.804
11.31250,337.364,288.561,243.670,152.716,102.574,55.375,31.176,12.803
11.31667,337.335,288.611,243.738,152.760,102.605,55.429,31.232,12.854
11.32083,337.349,288.620,243.756,152.788,102.579,55.392,31.239,12.846
11.32500,337.402,288.700,243.781,152.765,102.565,55.425,31.244,12.805
11.32917,337.516,288.771,243.769,152.713,102.592,55.420,31.251,12.819
11.33333,337.488,288.708,243.816,152.864,102.587,55.417,31.202,12.851
11.33750,337.579,288.774,243.882,152.762,102.542,55.458,31.200,12.822
11.34167,337.527,288.776,243.882,152.897,102.664,55.412,31.253,12.786
11.34583,337.623,288.818,243.828,152.803,102.672,55.471,31.261,12.841
11.35000,337.613,288.877,243.939,152.877,102.622,55.449,31.238,12.823
11.35417,337.740,288.875,243.973,152.832,102.662,55.472,31.257,12.818
11.35833,337.740,288.957,243.928,152.878,102.676,55.456,31.243,12.887
11.36250,337.757,288.895,244.020,152.892,102.706,55.430,31.222,12.889
11.36667,337.757,288.952,244.053,152.931,102.727,55.549,31.241,12.930
11.37083,337.826,288.999,244.141,152.973,102.670,55.457,31.294,12.886
11.37500,337.888,289.077,244.138,152.929,102.710,55.549,31.292,12.862
11.37917,337.904,289.153,244.116,152.987,102.697,55.477,31.267,12.922
11.38333,337.863,289.092,244.134,152.950,102.703,55.544,31.307,12.874
11.38750,337.997,289.191,244.137,152.984,102.705,55.498,31.243,12.894
11.39167,337.999,289.243,244.304,153.054,102.751,55.613,31.295,12.832
11.39583,338.059,289.226,244.251,153.021,102.758,55.570,31.281,12.900
11.40000,338.123,289.221,244.238,153.049,102.835,55.500,31.319,12.807
11.40417,338.162,289.289,244.290,153.073,102.784,55.536,31.271,12.913
11.40833,338.144,289.281,244.244,153.091,102.799,55.485,31.277,12.884
11.41250,338.213,289.344,244.261,153.169,102.791,55.530,31.363,12.871
11.41667,338.184,289.353,244.363,153.118,102.797,55.552,31.286,12.859
11.42083,338.301,289.372,244.401,153.171,102.838,55.558,31.299,12.880
11.42500,338.237,289.430,244.404,153.139,102.829,55.583,31.293,12.952
11.42917,338.332,289.466,244.358,153.147,102.851,55.556,31.269,12.903
11.43333,338.337,289.431,244.433,153.144,102.839,55.528,31.318,12.866
11.43750,338.384,289.461,244.435,153.192,102.836,55.609,31.262,12.873
11.44167,338.416,289.514,244.473,153.246,102.881,55.550,31.332,12.894
11.44583,338.435,289.507,244.527,153.189,102.858,55.544,31.321,12.924
11.45000,338.521,289.565,244.549,153.256,102.943,55.632,31.281,12.929
11.45417,338.526,289.650,244.585,153.218,102.830,55.592,31.320,12.890
11.45833,338.578,289.603,244.544,153.276,102.900,55.628,31.334,12.907
11.46250,338.599,289.654,244.688,153.282,102.887,55.577,31.360,12.852
11.46667,338.621,289.748,244.643,153.257,102.931,55.607,31.358,12.912
11.47083,338.662,289.755,244.645,153.328,102.958,55.618,31.327,12.873
11.47500,338.736,289.776,244.723,153.328,102.967,55.612,31.400,12.847
11.47917,338.703,289.748,244.783,153.347,102.945,55.630,31.342,12.852
11.48333,338.830,289.801,244.691,153.394,102.936,55.665,31.298,12.884
11.48750,338.806,289.843,244.803,153.358,103.001,55.660,31.357,12.938
11.49167,338.840,289.808,244.776,153.450,103.004,55.614,31.359,12.893
11.49583,338.804,289.953,244.807,153.331,102.970,55.644,31.348,12.909
11.50000,338.896,289.927,244.801,153.442,103.024,55.616,31.309,12.929
11.50417,338.966,289.974,244.875,153.494,103.051,55.647,31.391,12.938
11.50833,338.933,289.915,244.900,153.489,102.996,55.695,31.318,12.936
11.51250,339.053,289.970,244.866,153.453,103.018,55.648,31.393,12.893
11.51667,339.018,290.010,244.975,153.497,103.022,55.762,31.349,12.916
11.52083,339.114,290.035,244.918,153.502,103.023,55.693,31.323,12.897
11.52500,339.102,290.097,244.936,153.516,103.078,55.704,31.319,12.908
11.52917,339.097,290.135,244.910,153.538,103.131,55.662,31.359,12.910
11.53333,339.145,290.161,245.037,153.519,102.995,55.712,31.425,12.913
11.53750,339.130,290.132,245.033,153.567,103.090,55.651,31.344,12.932
11.54167,339.185,290.210,245.072,153.571,103.126,55.701,31.453,12.955
11.54583,339.173,290.195,245.118,153.554,103.140,55.659,31.363,12.954
11.55000,339.230,290.235,245.061,153.611,103.113,55.725,31.393,12.929
11.55417,339.258,290.279,245.118,153.620,103.158,55.707,31.398,12.944
11.55833,339.301,290.348,245.135,153.534,103.110,55.756,31.395,12.887
11.56250,339.362,290.358,245.116,153.635,103.101,55.705,31.412,12.957
11.56667,339.332,290.394,245.178,153.637,103.165,55.784,31.321,12.944
11.57083,339.404,290.385,245.176,153.710,103.272,55.779,31.444,12.942
11.57500,339.463,290.388,245.240,153.648,103.189,55.699,31.406,12.927
11.57917,339.486,290.335,245.208,153.649,103.174,55.715,31.394,12.940
11.58333,339.436,290.436,245.334,153.656,103.131,55.773,31.478,12.947
11.58750,339.479,290.440,245.259,153.682,103.262,55.832,31.475,12.936
11.59167,339.555,290.484,245.283,153.717,103.235,55.747,31.475,12.932
11.59583,339.498,290.562,245.270,153.760,103.291,55.762,31.424,12.976
11.60000,339.635,290.566,245.342,153.760,103.216,55.769,31.469,12.976
11.60417,339.640,290.589,245.353,153.766,103.243,55.771,31.411,12.938
11.60833,339.644,290.596,245.404,153.809,103.194,55.812,31.404,12.949
11.61250,339.709,290.616,245.364,153.793,103.251,55.778,31.437,12.910
11.61667,339.734,290.659,245.460,153.845,103.232,55.806,31.445,12.951
11.62083,339.729,290.653,245.423,153.788,103.362,55.850,31.441,12.953
11.62500,339.719,290.646,245.479,153.887,103.321,55.819,31.403,12.961
11.62917,339.836,290.710,245.515,153.814,103.327,55.867,31.485,12.867
11.63333,339.855,290.684,245.529,153.860,103.328,55.804,31.408,12.961
11.63750,339.850,290.782,245.516,153.912,103.205,55.845,31.535,12.969
11.64167,339.880,290.841,245.571,153.897,103.366,55.887,31.477,12.956
11.64583,339.947,290.788,245.641,153.922,103.292,55.869,31.441,12.963
11.65000,339.952,290.815,245.591,153.918,103.305,55.794,31.424,12.918
11.65417,339.975,290.843,245.603,153.892,103.298,55.873,31.479,12.861
11.65833,339.956,290.865,245.633,153.955,103.359,55.797,31.456,12.951
11.66250,340.059,290.909,245.670,153.990,103.416,55.837,31.423,12.935
11.66667,340.003,290.915,245.686,153.912,103.351,55.822,31.470,12.939
11.67083,340.049,290.933,245.756,153.954,103.393,55.922,31.489,13.007
11.67500,340.124,290.960,245.680,153.944,103.436,55.904,31.504,12.958
11.67917,340.090,290.982,245.693,153.989,103.427,55.882,31.515,12.937
11.68333,340.137,291.020,245.698,153.992,103.418,55.882,31.494,12.962
11.68750,340.184,291.093,245.751,154.008,103.347,55.860,31.503,13.022
11.69167,340.169,291.072,245.797,154.034,103.380,55.941,31.483,12.994
11.69583,340.202,291.098,245.809,154.003,103.388,55.881,31.562,12.995
11.70000,340.288,291.143,245.834,154.098,103.474,55.906,31.519,12.963
11.70417,340.255,291.097,245.935,154.044,103.485,55.896,31.499,12.966
11.70833,340.394,291.180,245.908,154.086,103.484,55.888,31.543,12.993
11.71250,340.335,291.087,245.892,154.091,103.485,55.872,31.484,12.986
11.71667,340.372,291.155,245.901,154.101,103.465,55.835,31.525,12.946
11.72083,340.370,291.178,245.909,154.070,103.504,55.875,31.531,12.972
11.72500,340.376,291.249,245.966,154.173,103.505,55.871,31.501,13.037
11.72917,340.425,291.222,245.978,154.151,103.478,55.908,31.492,13.021
11.73333,340.433,291.247,245.972,154.175,103.476,55.966,31.501,12.975
11.73750,340.539,291.320,245.979,154.166,103.489,55.954,31.477,12.987
11.74167,340.511,291.355,246.015,154.195,103.548,55.894,31.547,13.012
11.74583,340.541,291.340,246.009,154.136,103.481,55.949,31.484,13.010
11.75000,340.602,291.406,246.031,154.198,103.494,55.965,31.492,12.994
11.75417,340.617,291.363,246.073,154.224,103.575,55.964,31.525,12.874
11.75833,340.601,291.429,246.015,154.221,103.568,56.006,31.523,12.956
11.76250,340.670,291.394,246.091,154.224,103.565,56.021,31.601,12.952
11.76667,340.667,291.495,246.157,154.243,103.577,55.927,31.501,12.995
11.77083,340.707,291.454,246.136,154.257,103.536,56.011,31.531,13.011
11.77500,340.668,291.492,246.147,154.276,103.593,56.021,31.566,12.957
11.77917,340.694,291.503,246.173,154.274,103.498,56.038,31.521,12.973
11.78333,340.798,291.534,246.209,154.264,103.585,55.998,31.497,13.002
11.78750,340.782,291.493,246.235,154.306,103.582,55.971,31.557,13.021
11.79167,340.823,291.602,246.170,154.302,103.609,55.957,31.491,13.041
11.79583,340.844,291.589,246.275,154.276,103.622,55.974,31.586,12.988
11.80000,340.818,291.626,246.154,154.284,103.690,56.012,31.555,13.047
11.80417,340.858,291.619,246.241,154.354,103.619,55.982,31.589,12.937
11.80833,340.900,291.633,246.275,154.377,103.603,56.013,31.554,13.022
11.81250,340.972,291.642,246.232,154.349,103.664,56.007,31.588,13.009
11.81667,340.884,291.699,246.347,154.435,103.638,56.051,31.530,12.998
11.82083,340.976,291.755,246.393,154.365,103.639,56.057,31.560,13.002
11.82500,341.000,291.710,246.403,154.319,103.643,56.012,31.582,13.037
11.82917,340.996,291.774,246.388,154.446,103.648,56.039,31.602,12.986
11.83333,341.055,291.798,246.413,154.379,103.696,56.005,31.522,13.005
11.83750,341.039,291.785,246.463,154.463,103.664,56.034,31.590,12.967
11.84167,341.101,291.798,246.380,154.414,103.665,56.062,31.568,13.053
11.84583,341.100,291.851,246.412,154.405,103.732,56.049,31.541,12.977
11.85000,341.118,291.875,246.467,154.471,103.666,56.070,31.573,13.010
11.85417,341.159,291.845,246.430,154.438,103.711,56.078,31.535,13.033
11.85833,341.201,291.827,246.418,154.419,103.745,56.018,31.565,13.052
11.86250,341.209,291.875,246.464,154.464,103.700,56.060,31.596,13.047
11.86667,341.231,291.936,246.507,154.394,103.752,56.014,31.626,13.022
11.87083,341.266,291.965,246.579,154.482,103.735,56.044,31.536,12.974
11.87500,341.237,291.939,246.501,154.526,103.732,56.102,31.655,13.041
11.87917,341.317,292.014,246.544,154.509,103.791,56.082,31.579,13.030
11.88333,341.317,291.962,246.569,154.492,103.813,55.988,31.604,13.034
11.88750,341.380,292.082,246.637,154.587,103.810,56.050,31.536,12.994
11.89167,341.375,291.971,246.643,154.571,103.767,56.043,31.531,12.989
11.89583,341.368,292.094,246.644,154.554,103.751,56.060,31.604,13.037
11.90000,341.367,292.076,246.679,154.570,103.767,56.115,31.558,12.949
11.90417,341.351,292.125,246.669,154.542,103.857,56.103,31.620,13.018
11.90833,341.459,292.134,246.724,154.587,103.848,56.065,31.594,12.991
11.91250,341.515,292.160,246.718,154.608,103.803,56.081,31.574,13.035
11.91667,341.446,292.167,246.696,154.591,103.825,56.055,31.593,12.966
11.92083,341.508,292.178,246.731,154.595,103.807,56.106,31.617,13.002
11.92500,341.561,292.252,246.692,154.633,103.792,56.043,31.613,12.963
11.92917,341.521,292.239,246.711,154.635,103.798,56.105,31.613,13.007
11.93333,341.534,292.188,246.756,154.627,103.830,56.078,31.679,13.067
11.93750,341.526,292.213,246.778,154.660,103.870,56.122,31.600,13.050
11.94167,341.618,292.309,246.755,154.621,103.836,56.173,31.667,13.013
11.94583,341.575,292.301,246.821,154.634,103.831,56.147,31.586,13.037
11.95000,341.662,292.265,246.839,154.659,103.938,56.099,31.647,13.032
11.95417,341.671,292.244,246.874,154.729,103.833,56.123,31.587,12.982
11.95833,341.661,292.309,246.889,154.742,103.821,56.051,31.644,13.036
11.96250,341.628,292.283,246.872,154.755,103.818,56.117,31.554,13.019
11.96667,341.726,292.426,246.837,154.666,103.870,56.146,31.629,13.070
11.97083,341.745,292.398,246.912,154.738,103.955,56.125,31.648,12.962
11.97500,341.722,292.428,246.934,154.687,103.910,56.117,31.647,13.051
11.97917,341.795,292.361,246.972,154.711,103.892,56.151,31.621,13.075
11.98333,341.780,292.346,246.968,154.822,103.908,56.162,31.676,13.018
11.98750,341.785,292.437,246.964,154.796,103.855,56.121,31.625,13.070
11.99167,341.838,292.468,246.954,154.760,103.941,56.157,31.619,12.967
11.99583,341.914,292.479,247.029,154.765,103.930,56.158,31.626,13.096
12.00000,341.888,292.584,246.984,154.790,103.903,56.222,31.641,13.026
