time_min,A246_mAU,A254_mAU,A261_mAU,A273_mAU,A290_mAU,A324_mAU,A350_mAU,A445_mAU
0.00000,31.165,27.358,22.735,13.462,9.427,5.552,3.052,2.141
0.00333,31.212,27.445,22.761,13.433,9.382,5.554,3.147,2.113
0.00667,31.196,27.498,22.748,13.454,9.490,5.582,3.157,2.172
0.01000,31.206,27.458,22.780,13.486,9.368,5.632,3.099,2.165
0.01333,31.211,27.438,22.832,13.458,9.430,5.585,3.160,2.168
0.01667,31.238,27.530,22.824,13.441,9.395,5.626,3.133,2.151
0.02000,31.303,27.453,22.848,13.527,9.456,5.603,3.098,2.182
0.02333,31.258,27.524,22.862,13.452,9.479,5.627,3.132,2.168
0.02667,31.363,27.588,22.860,13.533,9.468,5.624,3.095,2.120
0.03000,31.348,27.572,22.919,13.544,9.529,5.654,3.145,2.253
0.03333,31.429,27.571,22.909,13.522,9.519,5.607,3.143,2.140
0.03667,31.347,27.597,22.905,13.540,9.401,5.641,3.096,2.206
0.04000,31.467,27.559,22.927,13.601,9.488,5.663,3.108,2.140
0.04333,31.490,27.711,22.987,13.571,9.474,5.678,3.099,2.113
0.04667,31.470,27.683,22.958,13.602,9.472,5.623,3.089,2.138
0.05000,31.470,27.762,23.056,13.565,9.455,5.622,3.157,2.187
0.05333,31.478,27.667,23.063,13.561,9.457,5.627,3.123,2.197
0.05667,31.550,27.732,23.008,13.596,9.548,5.634,3.150,2.191
0.06000,31.583,27.794,23.052,13.637,9.475,5.644,3.116,2.162
0.06333,31.682,27.768,23.072,13.602,9.507,5.690,3.205,2.215
0.06667,31.611,27.810,23.088,13.604,9.553,5.656,3.115,2.199
0.07000,31.649,27.811,23.067,13.700,9.519,5.616,3.197,2.188
0.07333,31.636,27.892,23.131,13.646,9.589,5.617,3.161,2.161
0.07667,31.669,27.867,23.148,13.691,9.485,5.650,3.104,2.176
0.08000,31.674,27.878,23.157,13.654,9.534,5.679,3.160,2.195
0.08333,31.792,27.867,23.174,13.742,9.623,5.647,3.119,2.215
0.08667,31.795,27.932,23.277,13.728,9.558,5.698,3.179,2.165
0.09000,31.791,27.931,23.185,13.725,9.577,5.723,3.136,2.310
0.09333,31.778,27.950,23.179,13.781,9.646,5.709,3.159,2.221
0.09667,31.806,27.980,23.249,13.748,9.646,5.694,3.150,2.106
0.10000,31.883,28.034,23.278,13.711,9.575,5.623,3.143,2.254
0.10333,31.890,28.037,23.291,13.779,9.581,5.694,3.155,2.182
0.10667,31.939,28.031,23.285,13.752,9.594,5.752,3.116,2.214
0.11000,31.986,28.075,23.360,13.784,9.636,5.760,3.148,2.274
0.11333,31.967,28.120,23.368,13.783,9.610,5.710,3.158,2.209
0.11667,31.951,28.117,23.342,13.803,9.620,5.713,3.198,2.237
0.12000,31.997,28.119,23.362,13.848,9.615,5.723,3.139,2.197
0.12333,32.013,28.187,23.404,13.794,9.605,5.758,3.173,2.191
0.12667,32.024,28.182,23.495,13.838,9.624,5.714,3.170,2.155
0.13000,32.038,28.255,23.411,13.769,9.703,5.788,3.166,2.245
0.13333,32.107,28.223,23.467,13.831,9.647,5.711,3.189,2.255
0.13667,32.183,28.237,23.444,13.864,9.673,5.720,3.123,2.249
0.14000,32.134,28.293,23.474,13.834,9.680,5.688,3.191,2.239
0.14333,32.162,28.265,23.439,13.902,9.683,5.790,3.193,2.225
0.14667,32.233,28.295,23.516,13.916,9.661,5.715,3.144,2.236
0.15000,32.189,28.281,23.521,13.998,9.724,5.722,3.190,2.181
0.15333,32.285,28.295,23.611,13.869,9.719,5.734,3.237,2.236
0.15667,32.246,28.352,23.485,13.948,9.663,5.778,3.179,2.179
0.16000,32.273,28.440,23.524,13.928,9.736,5.795,3.175,2.262
0.16333,32.385,28.504,23.571,13.892,9.710,5.823,3.140,2.185
0.16667,32.324,28.417,23.688,13.943,9.718,5.782,3.206,2.243
0.17000,32.344,28.402,23.658,13.932,9.809,5.812,3.205,2.239
0.17333,32.352,28.456,23.702,14.023,9.765,5.770,3.174,2.172
0.17667,32.421,28.481,23.679,14.015,9.739,5.839,3.244,2.266
0.18000,32.432,28.538,23.637,14.036,9.772,5.803,3.203,2.266
0.18333,32.483,28.473,23.653,14.041,9.796,5.823,3.225,2.152
0.18667,32.486,28.633,23.759,14.054,9.738,5.761,3.238,2.247
0.19000,32.457,28.499,23.699,14.067,9.781,5.813,3.284,2.155
0.19333,32.478,28.651,23.765,14.064,9.792,5.861,3.180,2.257
0.19667,32.567,28.726,23.813,14.066,9.787,5.801,3.166,2.243
0.20000,32.536,28.629,23.868,14.164,9.797,5.799,3.283,2.287
0.20333,32.614,28.655,23.824,14.093,9.802,5.855,3.206,2.242
0.20667,32.604,28.719,23.826,14.086,9.870,5.853,3.197,2.206
0.21000,32.680,28.712,23.836,14.147,9.828,5.829,3.214,2.206
0.21333,32.689,28.713,23.858,14.062,9.865,5.793,3.232,2.204
0.21667,32.728,28.729,23.886,14.138,9.889,5.825,3.231,2.264
0.22000,32.784,28.749,23.962,14.122,9.875,5.830,3.276,2.195
0.22333,32.832,28.774,23.887,14.181,9.863,5.824,3.263,2.250
0.22667,32.784,28.752,23.913,14.178,9.892,5.903,3.255,2.259
0.23000,32.862,28.882,23.923,14.228,9.914,5.874,3.258,2.226
0.23333,32.859,28.872,23.972,14.240,9.875,5.892,3.256,2.290
0.23667,32.899,28.898,23.983,14.169,9.825,5.872,3.230,2.217
0.24000,32.922,28.868,23.982,14.237,9.907,5.833,3.302,2.321
0.24333,32.978,28.894,23.956,14.213,9.925,5.887,3.241,2.209
0.24667,33.018,28.975,24.090,14.226,9.991,5.847,3.267,2.226
0.25000,32.976,28.950,23.998,14.299,9.974,5.911,3.249,2.272
0.25333,33.064,29.002,24.083,14.279,9.920,5.896,3.298,2.277
0.25667,32.950,28.984,24.115,14.242,9.932,5.860,3.221,2.260
0.26000,33.070,29.060,24.076,14.282,9.968,5.819,3.244,2.244
0.26333,33.091,29.064,24.192,14.337,9.949,5.862,3.270,2.253
0.26667,33.158,29.081,24.103,14.230,9.984,5.940,3.260,2.251
0.27000,33.135,29.094,24.182,14.291,9.940,5.935,3.325,2.293
0.27333,33.181,29.168,24.200,14.373,9.947,5.977,3.261,2.217
0.27667,33.228,29.110,24.224,14.383,10.084,5.957,3.267,2.219
0.28000,33.224,29.177,24.280,14.325,10.054,5.918,3.251,2.253
0.28333,33.211,29.223,24.249,14.338,10.007,5.854,3.329,2.241
0.28667,33.260,29.172,24.314,14.308,10.042,5.925,3.286,2.266
0.29000,33.284,29.271,24.321,14.402,10.043,5.963,3.255,2.247
0.29333,33.407,29.228,24.337,14.448,10.022,5.986,3.342,2.317
0.29667,33.376,29.317,24.376,14.365,10.077,5.988,3.269,2.264
0.30000,33.373,29.295,24.325,14.437,10.036,6.001,3.298,2.318
0.30333,33.412,29.308,24.428,14.432,10.042,5.934,3.325,2.301
0.30667,33.441,29.369,24.362,14.381,10.028,5.930,3.294,2.285
0.31000,33.403,29.333,24.438,14.418,10.060,5.932,3.221,2.215
0.31333,33.494,29.325,24.439,14.486,10.125,5.999,3.284,2.290
0.31667,33.499,29.432,24.449,14.468,10.082,5.936,3.273,2.217
0.32000,33.573,29.458,24.418,14.468,10.082,5.987,3.304,2.292
0.32333,33.598,29.497,24.497,14.509,10.074,5.992,3.372,2.336
0.32667,33.487,29.471,24.516,14.533,10.060,6.005,3.242,2.286
0.33000,33.655,29.536,24.606,14.526,10.067,5.983,3.312,2.330
0.33333,33.586,29.539,24.536,14.602,10.124,6.001,3.318,2.244
0.33667,33.672,29.625,24.624,14.535,10.075,5.953,3.254,2.230
0.34000,33.648,29.579,24.597,14.647,10.133,5.950,3.377,2.253
0.34333,33.775,29.597,24.586,14.552,10.204,5.974,3.346,2.218
0.34667,33.690,29.694,24.667,14.590,10.214,6.074,3.326,2.321
0.35000,33.873,29.661,24.651,14.610,10.177,6.054,3.361,2.275
0.35333,33.859,29.697,24.660,14.602,10.188,6.011,3.353,2.321
0.35667,33.851,29.740,24.674,14.688,10.163,6.068,3.326,2.283
0.36000,33.906,29.785,24.748,14.706,10.234,6.031,3.310,2.273
0.36333,33.906,29.784,24.742,14.687,10.256,6.039,3.308,2.227
0.36667,33.940,29.830,24.715,14.653,10.256,6.084,3.370,2.223
0.37000,33.926,29.749,24.740,14.703,10.252,6.053,3.366,2.237
0.37333,34.005,29.829,24.762,14.713,10.253,6.049,3.389,2.277
0.37667,34.007,29.872,24.859,14.732,10.240,6.036,3.364,2.293
0.38000,34.088,29.882,24.808,14.711,10.259,6.082,3.295,2.322
0.38333,34.071,29.921,24.845,14.778,10.291,6.071,3.410,2.307
0.38667,34.106,29.939,24.885,14.763,10.290,6.073,3.412,2.244
0.39000,34.123,29.986,24.898,14.749,10.253,6.088,3.375,2.302
0.39333,34.158,29.939,24.814,14.787,10.291,6.100,3.411,2.343
0.39667,34.210,29.988,24.906,14.826,10.337,6.025,3.385,2.256
0.40000,34.194,30.059,24.977,14.723,10.314,6.088,3.373,2.263
0.40333,34.256,30.007,24.908,14.863,10.306,6.129,3.369,2.262
0.40667,34.221,30.033,25.010,14.886,10.329,6.094,3.421,2.270
0.41000,34.300,30.133,25.019,14.902,10.330,6.026,3.402,2.254
0.41333,34.347,30.160,25.018,14.890,10.373,6.148,3.377,2.268
0.41667,34.364,30.152,25.042,14.865,10.330,6.173,3.382,2.294
0.42000,34.397,30.147,25.083,14.847,10.353,6.081,3.410,2.341
0.42333,34.410,30.249,25.084,14.891,10.310,6.080,3.416,2.272
0.42667,34.457,30.176,25.134,14.933,10.373,6.182,3.339,2.292
0.43000,34.472,30.326,25.079,14.921,10.380,6.104,3.336,2.284
0.43333,34.491,30.297,25.146,14.909,10.438,6.154,3.449,2.335
0.43667,34.517,30.274,25.144,14.969,10.374,6.130,3.373,2.319
0.44000,34.537,30.302,25.223,14.925,10.406,6.194,3.465,2.286
0.44333,34.567,30.366,25.204,15.008,10.452,6.142,3.437,2.298
0.44667,34.642,30.358,25.279,15.042,10.474,6.120,3.452,2.313
0.45000,34.739,30.392,25.208,15.015,10.420,6.144,3.432,2.310
0.45333,34.678,30.393,25.320,15.038,10.475,6.159,3.418,2.320
0.45667,34.770,30.446,25.336,15.014,10.452,6.179,3.428,2.334
0.46000,34.776,30.476,25.342,15.043,10.537,6.141,3.429,2.352
0.46333,34.832,30.479,25.354,15.136,10.499,6.196,3.410,2.363
0.46667,34.794,30.486,25.451,15.047,10.588,6.200,3.460,2.327
0.47000,34.898,30.535,25.342,15.131,10.528,6.201,3.385,2.276
0.47333,34.815,30.520,25.398,15.123,10.501,6.146,3.375,2.222
0.47667,34.846,30.541,25.433,15.160,10.512,6.220,3.413,2.351
0.48000,34.879,30.623,25.414,15.087,10.494,6.235,3.443,2.261
0.48333,34.895,30.656,25.447,15.137,10.525,6.259,3.440,2.335
0.48667,34.908,30.604,25.465,15.188,10.517,6.204,3.372,2.336
0.49000,35.002,30.789,25.492,15.181,10.531,6.229,3.399,2.348
0.49333,35.069,30.767,25.566,15.118,10.541,6.235,3.454,2.331
0.49667,35.107,30.771,25.581,15.156,10.500,6.236,3.489,2.324
0.50000,35.083,30.758,25.562,15.200,10.541,6.246,3.462,2.349
0.50333,35.153,30.815,25.539,15.270,10.663,6.270,3.445,2.376
0.50667,35.160,30.836,25.656,15.211,10.635,6.304,3.511,2.256
0.51000,35.146,30.833,25.661,15.171,10.584,6.290,3.467,2.330
0.51333,35.255,30.837,25.653,15.225,10.594,6.272,3.515,2.267
0.51667,35.261,30.968,25.695,15.249,10.623,6.300,3.429,2.339
0.52000,35.307,30.930,25.746,15.305,10.615,6.251,3.512,2.316
0.52333,35.323,30.978,25.710,15.313,10.594,6.204,3.506,2.278
0.52667,35.369,30.997,25.819,15.362,10.712,6.285,3.491,2.280
0.53000,35.382,31.064,25.763,15.264,10.655,6.304,3.473,2.332
0.53333,35.408,30.998,25.804,15.345,10.645,6.302,3.457,2.358
0.53667,35.459,31.082,25.855,15.405,10.674,6.314,3.499,2.379
0.54000,35.444,31.067,25.833,15.344,10.714,6.277,3.541,2.384
0.54333,35.569,31.086,25.858,15.371,10.733,6.285,3.528,2.365
0.54667,35.455,31.136,25.895,15.368,10.652,6.266,3.430,2.352
0.55000,35.606,31.212,25.881,15.414,10.717,6.322,3.491,2.299
0.55333,35.624,31.183,25.920,15.447,10.674,6.305,3.553,2.317
0.55667,35.618,31.256,25.950,15.460,10.713,6.309,3.498,2.357
0.56000,35.654,31.219,25.993,15.440,10.662,6.371,3.480,2.371
0.56333,35.661,31.255,25.951,15.511,10.765,6.299,3.522,2.365
0.56667,35.686,31.334,25.977,15.533,10.781,6.312,3.514,2.391
0.57000,35.725,31.325,26.038,15.480,10.799,6.308,3.476,2.349
0.57333,35.810,31.413,26.059,15.460,10.791,6.357,3.446,2.296
0.57667,35.790,31.389,26.081,15.586,10.836,6.251,3.440,2.303
0.58000,35.819,31.400,26.094,15.563,10.740,6.323,3.494,2.301
0.58333,35.873,31.427,26.151,15.522,10.797,6.353,3.518,2.348
0.58667,35.890,31.473,26.180,15.552,10.816,6.354,3.508,2.321
0.59000,35.984,31.441,26.206,15.579,10.838,6.434,3.479,2.355
0.59333,35.944,31.553,26.243,15.598,10.849,6.424,3.548,2.338
0.59667,35.951,31.493,26.221,15.663,10.814,6.361,3.472,2.389
0.60000,36.004,31.525,26.244,15.636,10.884,6.439,3.560,2.317
0.60333,36.069,31.634,26.309,15.641,10.871,6.419,3.556,2.385
0.60667,36.081,31.624,26.263,15.610,10.801,6.426,3.515,2.379
0.61000,36.088,31.750,26.362,15.709,10.862,6.396,3.639,2.357
0.61333,36.185,31.710,26.377,15.652,10.819,6.380,3.516,2.338
0.61667,36.180,31.648,26.331,15.686,10.898,6.485,3.594,2.348
0.62000,36.164,31.723,26.445,15.773,10.846,6.387,3.560,2.343
0.62333,36.268,31.791,26.411,15.772,10.864,6.418,3.529,2.405
0.62667,36.261,31.808,26.416,15.766,11.044,6.425,3.546,2.390
0.63000,36.293,31.801,26.415,15.777,10.900,6.424,3.561,2.406
0.63333,36.375,31.851,26.470,15.759,10.952,6.467,3.553,2.361
0.63667,36.349,31.925,26.501,15.775,10.969,6.479,3.633,2.405
0.64000,36.407,31.856,26.437,15.766,10.956,6.413,3.548,2.416
0.64333,36.525,31.941,26.511,15.782,11.025,6.473,3.605,2.413
0.64667,36.513,31.987,26.552,15.826,10.993,6.527,3.587,2.370
0.65000,36.533,31.959,26.640,15.897,11.013,6.532,3.564,2.417
0.65333,36.537,32.058,26.507,15.859,10.994,6.428,3.576,2.376
0.65667,36.574,32.053,26.671,15.871,10.951,6.508,3.546,2.358
0.66000,36.640,32.142,26.658,15.904,11.063,6.500,3.557,2.372
0.66333,36.607,32.060,26.640,15.864,11.019,6.567,3.530,2.325
0.66667,36.657,32.095,26.688,15.896,10.981,6.529,3.632,2.417
0.67000,36.759,32.164,26.756,15.987,11.069,6.509,3.582,2.409
0.67333,36.743,32.200,26.728,15.961,11.125,6.510,3.597,2.421
0.67667,36.768,32.195,26.818,15.943,11.048,6.498,3.575,2.437
0.68000,36.768,32.253,26.841,15.938,11.047,6.530,3.587,2.353
0.68333,36.818,32.257,26.875,16.046,11.091,6.515,3.632,2.424
0.68667,36.862,32.234,26.891,16.009,11.103,6.542,3.592,2.375
0.69000,36.918,32.261,26.901,16.072,11.147,6.538,3.602,2.389
0.69333,36.972,32.348,26.950,16.028,11.100,6.512,3.648,2.435
0.69667,36.994,32.367,26.993,16.006,11.114,6.534,3.647,2.402
0.70000,36.985,32.370,26.963,16.030,11.160,6.495,3.652,2.429
0.70333,36.997,32.460,27.040,16.119,11.120,6.570,3.664,2.389
0.70667,37.034,32.432,27.020,16.118,11.157,6.558,3.538,2.441
0.71000,37.162,32.501,27.044,16.089,11.197,6.578,3.656,2.438
0.71333,37.114,32.524,27.064,16.144,11.185,6.592,3.662,2.423
0.71667,37.153,32.579,27.080,16.096,11.194,6.604,3.594,2.406
0.72000,37.200,32.580,27.120,16.179,11.199,6.574,3.661,2.398
0.72333,37.201,32.565,27.077,16.187,11.275,6.607,3.681,2.367
0.72667,37.340,32.520,27.168,16.193,11.242,6.569,3.615,2.396
0.73000,37.329,32.686,27.124,16.159,11.190,6.613,3.652,2.432
0.73333,37.334,32.719,27.204,16.211,11.227,6.571,3.629,2.416
0.73667,37.392,32.742,27.192,16.214,11.190,6.581,3.608,2.458
0.74000,37.475,32.828,27.231,16.221,11.270,6.650,3.653,2.429
0.74333,37.400,32.737,27.322,16.269,11.256,6.609,3.630,2.411
0.74667,37.480,32.850,27.327,16.322,11.266,6.617,3.640,2.379
0.75000,37.527,32.815,27.347,16.354,11.309,6.650,3.700,2.394
0.75333,37.612,32.854,27.403,16.282,11.269,6.644,3.672,2.360
0.75667,37.571,32.942,27.344,16.339,11.298,6.628,3.730,2.469
0.76000,37.591,32.921,27.424,16.386,11.352,6.665,3.648,2.455
0.76333,37.664,32.978,27.452,16.341,11.362,6.675,3.614,2.423
0.76667,37.653,32.901,27.421,16.387,11.354,6.699,3.650,2.464
0.77000,37.717,32.953,27.443,16.377,11.279,6.668,3.721,2.449
0.77333,37.760,33.063,27.504,16.430,11.346,6.686,3.688,2.415
0.77667,37.792,33.138,27.510,16.431,11.368,6.729,3.733,2.445
0.78000,37.846,33.125,27.672,16.476,11.447,6.697,3.744,2.387
0.78333,37.848,33.105,27.602,16.464,11.439,6.723,3.641,2.469
0.78667,37.934,33.140,27.587,16.479,11.395,6.689,3.659,2.497
0.79000,37.913,33.240,27.602,16.505,11.401,6.694,3.729,2.372
0.79333,37.967,33.278,27.691,16.484,11.468,6.780,3.741,2.421
0.79667,38.047,33.249,27.667,16.548,11.409,6.734,3.684,2.442
0.80000,38.046,33.255,27.694,16.543,11.476,6.675,3.663,2.447
0.80333,38.029,33.343,27.775,16.525,11.424,6.688,3.771,2.453
0.80667,38.111,33.328,27.790,16.521,11.498,6.704,3.682,2.458
0.81000,38.158,33.414,27.752,16.602,11.501,6.708,3.785,2.414
0.81333,38.227,33.458,27.804,16.637,11.555,6.756,3.753,2.393
0.81667,38.202,33.411,27.814,16.657,11.601,6.785,3.705,2.477
0.82000,38.216,33.533,27.769,16.647,11.575,6.723,3.679,2.494
0.82333,38.255,33.537,27.875,16.706,11.535,6.743,3.749,2.391
0.82667,38.278,33.505,27.893,16.650,11.517,6.852,3.798,2.448
0.83000,38.390,33.613,27.967,16.660,11.569,6.835,3.714,2.469
0.83333,38.399,33.649,27.919,16.673,11.546,6.779,3.787,2.484
0.83667,38.446,33.662,28.034,16.719,11.514,6.820,3.773,2.497
0.84000,38.418,33.682,28.058,16.755,11.557,6.777,3.752,2.531
0.84333,38.490,33.704,28.036,16.738,11.587,6.753,3.807,2.479
0.84667,38.605,33.730,28.084,16.727,11.593,6.781,3.748,2.510
0.85000,38.541,33.737,28.135,16.791,11.635,6.833,3.738,2.526
0.85333,38.626,33.812,28.151,16.757,11.640,6.788,3.742,2.464
0.85667,38.618,33.838,28.106,16.816,11.614,6.770,3.773,2.447
0.86000,38.693,33.812,28.160,16.859,11.608,6.792,3.770,2.503
0.86333,38.755,33.913,28.195,16.831,11.703,6.852,3.827,2.495
0.86667,38.792,33.926,28.195,16.855,11.650,6.895,3.722,2.415
0.87000,38.805,33.939,28.285,16.890,11.669,6.856,3.781,2.473
0.87333,38.815,33.905,28.295,16.925,11.685,6.861,3.784,2.509
0.87667,38.931,34.011,28.318,16.966,11.683,6.838,3.799,2.467
0.88000,38.918,33.968,28.321,16.937,11.652,6.915,3.811,2.447
0.88333,38.866,34.091,28.385,16.865,11.773,6.918,3.791,2.479
0.88667,38.981,34.107,28.364,16.943,11.711,6.928,3.726,2.492
0.89000,39.042,34.119,28.383,16.969,11.793,6.892,3.788,2.430
0.89333,39.103,34.176,28.448,16.956,11.744,6.873,3.804,2.455
0.89667,39.140,34.144,28.502,17.054,11.793,6.869,3.812,2.469
0.90000,39.223,34.191,28.455,17.073,11.822,6.928,3.848,2.441
0.90333,39.102,34.277,28.532,17.068,11.823,6.919,3.899,2.541
0.90667,39.158,34.296,28.640,17.077,11.850,6.884,3.812,2.547
0.91000,39.264,34.321,28.602,17.060,11.836,6.900,3.853,2.513
0.91333,39.354,34.391,28.575,17.134,11.758,6.963,3.802,2.485
0.91667,39.336,34.399,28.633,17.085,11.828,6.959,3.858,2.449
0.92000,39.335,34.418,28.615,17.138,11.879,6.999,3.866,2.510
0.92333,39.396,34.431,28.670,17.186,11.918,6.894,3.811,2.475
0.92667,39.482,34.519,28.765,17.188,11.890,6.956,3.842,2.520
0.93000,39.383,34.503,28.774,17.180,11.899,6.939,3.896,2.494
0.93333,39.504,34.544,28.792,17.205,11.903,6.968,3.862,2.489
0.93667,39.501,34.584,28.821,17.221,11.852,6.927,3.876,2.594
0.94000,39.575,34.634,28.813,17.284,11.904,7.025,3.858,2.479
0.94333,39.622,34.662,28.824,17.236,11.969,6.949,3.828,2.557
0.94667,39.651,34.688,28.912,17.330,11.950,6.954,3.841,2.496
0.95000,39.715,34.737,28.938,17.322,12.013,7.051,3.917,2.508
0.95333,39.776,34.734,28.929,17.254,11.967,6.992,3.843,2.522
0.95667,39.748,34.723,28.943,17.288,11.954,6.992,3.820,2.490
0.96000,39.820,34.778,28.997,17.355,11.951,6.998,3.865,2.505
0.96333,39.869,34.852,29.010,17.364,11.955,6.970,3.897,2.485
0.96667,39.914,34.874,29.033,17.358,12.033,6.997,3.846,2.557
0.97000,39.995,34.908,29.115,17.465,12.065,7.075,3.917,2.552
0.97333,39.965,34.907,29.063,17.458,12.059,7.068,3.937,2.584
0.97667,39.956,35.079,29.123,17.396,12.006,7.068,3.869,2.512
0.98000,40.049,35.014,29.197,17.421,12.018,7.090,3.895,2.546
0.98333,40.064,35.086,29.256,17.400,12.109,7.138,3.896,2.542
0.98667,40.096,35.064,29.178,17.506,12.063,7.070,3.930,2.505
0.99000,40.145,35.144,29.259,17.495,12.130,7.059,3.920,2.536
0.99333,40.235,35.196,29.225,17.505,12.128,7.068,3.885,2.525
0.99667,40.218,35.166,29.329,17.498,12.147,7.043,3.935,2.523
1.00000,40.299,35.197,29.293,17.514,12.077,7.141,3.924,2.517
1.00333,40.367,35.331,29.389,17.591,12.178,7.045,3.913,2.510
1.00667,40.417,35.315,29.392,17.525,12.186,7.090,3.843,2.461
1.01000,40.427,35.294,29.454,17.635,12.089,7.041,3.853,2.557
1.01333,40.413,35.335,29.457,17.627,12.234,7.079,3.903,2.502
1.01667,40.475,35.396,29.455,17.643,12.212,7.114,4.007,2.556
1.02000,40.527,35.410,29.436,17.643,12.207,7.144,3.982,2.619
1.02333,40.591,35.446,29.527,17.680,12.173,7.123,3.934,2.633
1.02667,40.624,35.504,29.560,17.699,12.237,7.184,3.935,2.555
1.03000,40.649,35.451,29.576,17.658,12.211,7.193,3.992,2.544
1.03333,40.700,35.519,29.586,17.694,12.265,7.150,3.994,2.550
1.03667,40.671,35.630,29.633,17.755,12.271,7.193,3.958,2.572
1.04000,40.754,35.623,29.638,17.773,12.222,7.139,3.985,2.476
1.04333,40.702,35.626,29.701,17.776,12.273,7.203,3.987,2.578
1.04667,40.865,35.666,29.653,17.789,12.299,7.221,4.000,2.554
1.05000,40.928,35.744,29.784,17.770,12.261,7.226,3.943,2.519
1.05333,40.897,35.757,29.702,17.881,12.330,7.217,4.011,2.496
1.05667,40.944,35.886,29.782,17.745,12.348,7.233,3.966,2.631
1.06000,41.029,35.815,29.846,17.869,12.285,7.207,3.935,2.562
1.06333,41.037,35.875,29.816,17.925,12.381,7.205,3.996,2.576
1.06667,41.167,35.847,29.930,17.842,12.325,7.232,4.073,2.635
1.07000,41.127,35.933,30.019,17.948,12.369,7.226,4.049,2.562
1.07333,41.161,35.999,29.913,17.913,12.401,7.249,3.999,2.621
1.07667,41.234,36.035,30.004,17.952,12.432,7.242,3.989,2.596
1.08000,41.246,36.023,30.042,17.996,12.390,7.179,4.003,2.612
1.08333,41.264,36.080,29.987,18.019,12.454,7.250,3.970,2.624
1.08667,41.382,36.061,30.123,18.068,12.455,7.310,3.981,2.539
1.09000,41.385,36.137,30.076,18.076,12.467,7.216,4.026,2.535
1.09333,41.415,36.172,30.141,18.057,12.482,7.308,3.987,2.589
1.09667,41.508,36.225,30.250,18.074,12.484,7.244,4.069,2.586
1.10000,41.438,36.300,30.213,18.113,12.489,7.298,4.033,2.563
1.10333,41.494,36.291,30.324,18.162,12.508,7.315,3.993,2.589
1.10667,41.564,36.346,30.275,18.126,12.591,7.363,4.054,2.643
1.11000,41.646,36.374,30.284,18.169,12.525,7.315,3.987,2.591
1.11333,41.582,36.287,30.360,18.138,12.484,7.321,4.056,2.607
1.11667,41.752,36.420,30.408,18.192,12.569,7.372,4.041,2.639
1.12000,41.696,36.488,30.376,18.217,12.552,7.287,4.041,2.596
1.12333,41.799,36.497,30.353,18.269,12.517,7.336,4.100,2.616
1.12667,41.809,36.547,30.478,18.233,12.553,7.345,4.105,2.570
1.13000,41.899,36.570,30.451,18.264,12.610,7.375,4.117,2.643
1.13333,41.898,36.641,30.526,18.220,12.625,7.353,4.072,2.588
1.13667,42.001,36.596,30.536,18.328,12.637,7.344,4.061,2.563
1.14000,42.024,36.711,30.554,18.335,12.653,7.438,4.056,2.603
1.14333,42.008,36.719,30.605,18.299,12.672,7.385,4.166,2.578
1.14667,42.113,36.772,30.683,18.360,12.687,7.412,4.097,2.545
1.15000,42.180,36.777,30.646,18.371,12.675,7.438,4.092,2.630
1.15333,42.154,36.795,30.687,18.365,12.695,7.434,4.065,2.646
1.15667,42.259,36.850,30.693,18.428,12.748,7.347,4.082,2.554
1.16000,42.293,36.907,30.786,18.432,12.752,7.410,4.074,2.642
1.16333,42.279,36.986,30.800,18.475,12.697,7.440,4.082,2.547
1.16667,42.328,37.021,30.815,18.489,12.702,7.418,4.113,2.610
1.17000,42.386,36.983,30.810,18.453,12.722,7.407,4.115,2.670
1.17333,42.419,37.051,30.882,18.534,12.818,7.391,4.218,2.601
1.17667,42.420,37.141,30.924,18.578,12.783,7.406,4.172,2.654
1.18000,42.432,37.120,30.959,18.596,12.794,7.480,4.116,2.662
1.18333,42.564,37.071,30.974,18.609,12.846,7.449,4.126,2.595
1.18667,42.586,37.180,30.975,18.570,12.834,7.496,4.127,2.601
1.19000,42.639,37.282,31.053,18.596,12.798,7.452,4.086,2.571
1.19333,42.736,37.344,31.118,18.576,12.795,7.540,4.177,2.634
1.19667,42.771,37.369,31.112,18.676,12.869,7.483,4.167,2.655
1.20000,42.781,37.348,31.177,18.661,12.836,7.497,4.180,2.662
1.20333,42.792,37.446,31.169,18.654,12.888,7.530,4.218,2.597
1.20667,42.860,37.466,31.233,18.736,12.883,7.521,4.184,2.556
1.21000,42.878,37.523,31.234,18.710,12.951,7.509,4.157,2.576
1.21333,42.988,37.535,31.231,18.746,12.910,7.563,4.128,2.661
1.21667,43.086,37.534,31.289,18.775,12.958,7.569,4.183,2.670
1.22000,43.056,37.588,31.367,18.698,12.942,7.536,4.108,2.662
1.22333,43.073,37.614,31.358,18.780,12.944,7.533,4.189,2.660
1.22667,43.210,37.675,31.424,18.814,12.967,7.594,4.200,2.613
1.23000,43.245,37.720,31.394,18.835,12.950,7.529,4.192,2.648
1.23333,43.205,37.699,31.462,18.895,13.084,7.631,4.156,2.600
1.23667,43.266,37.735,31.516,18.867,13.014,7.574,4.161,2.559
1.24000,43.343,37.855,31.510,18.932,13.055,7.564,4.154,2.656
1.24333,43.367,37.881,31.642,18.941,13.136,7.578,4.208,2.643
1.24667,43.417,37.855,31.627,18.989,13.041,7.642,4.214,2.648
1.25000,43.489,37.994,31.648,18.942,13.142,7.617,4.231,2.685
1.25333,43.464,38.005,31.655,18.962,13.074,7.656,4.236,2.576
1.25667,43.508,37.989,31.631,18.986,13.093,7.646,4.209,2.590
1.26000,43.620,38.091,31.695,19.035,13.152,7.670,4.267,2.682
1.26333,43.726,38.078,31.709,19.086,13.121,7.678,4.216,2.681
1.26667,43.676,38.056,31.729,19.096,13.138,7.650,4.196,2.664
1.27000,43.770,38.151,31.814,19.099,13.181,7.673,4.274,2.661
1.27333,43.773,38.234,31.841,19.112,13.212,7.665,4.250,2.674
1.27667,43.809,38.238,31.892,19.150,13.230,7.698,4.226,2.703
1.28000,43.851,38.273,31.872,19.188,13.202,7.717,4.240,2.697
1.28333,43.943,38.333,31.937,19.225,13.212,7.652,4.261,2.699
1.28667,43.945,38.290,31.959,19.200,13.181,7.732,4.190,2.720
1.29000,44.038,38.415,32.000,19.222,13.277,7.665,4.310,2.650
1.29333,44.061,38.501,32.046,19.269,13.190,7.693,4.247,2.641
1.29667,44.184,38.456,32.087,19.197,13.315,7.797,4.298,2.685
1.30000,44.156,38.502,32.092,19.286,13.280,7.722,4.224,2.695
1.30333,44.207,38.528,32.092,19.270,13.302,7.765,4.285,2.789
1.30667,44.229,38.549,32.164,19.268,13.367,7.777,4.244,2.697
1.31000,44.245,38.647,32.161,19.349,13.343,7.725,4.294,2.628
1.31333,44.291,38.621,32.281,19.367,13.382,7.757,4.308,2.639
1.31667,44.392,38.696,32.294,19.349,13.326,7.763,4.239,2.728
1.32000,44.427,38.715,32.303,19.404,13.339,7.810,4.311,2.739
1.32333,44.495,38.800,32.389,19.407,13.342,7.789,4.298,2.685
1.32667,44.531,38.735,32.399,19.409,13.309,7.783,4.205,2.672
1.33000,44.562,38.888,32.420,19.463,13.439,7.802,4.280,2.725
1.33333,44.625,38.978,32.498,19.491,13.493,7.788,4.317,2.717
1.33667,44.690,38.882,32.490,19.538,13.438,7.851,4.326,2.688
1.34000,44.701,39.030,32.479,19.599,13.415,7.730,4.330,2.687
1.34333,44.756,39.046,32.566,19.615,13.485,7.835,4.290,2.694
1.34667,44.801,39.058,32.571,19.578,13.398,7.848,4.414,2.692
1.35000,44.836,39.109,32.625,19.595,13.504,7.868,4.399,2.745
1.35333,44.843,39.087,32.562,19.687,13.546,7.864,4.367,2.686
1.35667,44.923,39.183,32.749,19.594,13.483,7.804,4.327,2.702
1.36000,45.032,39.209,32.706,19.675,13.559,7.915,4.341,2.752
1.36333,45.106,39.270,32.793,19.710,13.526,7.846,4.346,2.825
1.36667,45.003,39.294,32.776,19.701,13.529,7.918,4.443,2.680
1.37000,45.102,39.347,32.842,19.730,13.628,7.830,4.365,2.736
1.37333,45.182,39.369,32.842,19.772,13.566,7.897,4.353,2.691
1.37667,45.234,39.421,32.878,19.748,13.623,7.867,4.331,2.767
1.38000,45.240,39.407,32.911,19.850,13.593,7.907,4.382,2.789
1.38333,45.352,39.462,32.964,19.861,13.647,7.829,4.338,2.702
1.38667,45.349,39.533,32.959,19.815,13.693,7.898,4.407,2.692
1.39000,45.428,39.620,33.042,19.905,13.666,7.883,4.376,2.748
1.39333,45.459,39.595,33.022,19.866,13.711,7.936,4.392,2.766
1.39667,45.464,39.713,33.114,19.828,13.648,7.944,4.399,2.738
1.40000,45.591,39.723,33.094,19.896,13.675,8.019,4.390,2.717
1.40333,45.613,39.790,33.152,19.984,13.776,8.039,4.382,2.756
1.40667,45.643,39.739,33.201,20.011,13.774,7.975,4.394,2.838
1.41000,45.760,39.842,33.235,20.045,13.747,8.031,4.434,2.824
1.41333,45.779,39.864,33.273,20.049,13.735,8.030,4.472,2.721
1.41667,45.833,39.897,33.282,20.029,13.905,8.000,4.423,2.749
1.42000,45.760,40.055,33.351,20.077,13.796,7.944,4.405,2.742
1.42333,45.953,40.029,33.395,20.004,13.823,8.018,4.418,2.734
1.42667,45.922,40.076,33.419,20.121,13.789,8.061,4.368,2.735
1.43000,45.989,40.071,33.449,20.228,13.846,8.090,4.371,2.738
1.43333,46.069,40.135,33.475,20.178,13.903,8.052,4.438,2.743
1.43667,46.076,40.188,33.589,20.132,13.851,8.032,4.424,2.790
1.44000,46.146,40.190,33.604,20.211,13.825,8.014,4.453,2.770
1.44333,46.200,40.275,33.633,20.220,13.875,8.036,4.451,2.798
1.44667,46.239,40.365,33.625,20.223,13.911,8.054,4.352,2.742
1.45000,46.218,40.381,33.606,20.260,13.910,8.065,4.428,2.779
1.45333,46.365,40.412,33.658,20.280,13.950,8.062,4.434,2.778
1.45667,46.412,40.406,33.735,20.306,13.927,8.112,4.464,2.752
1.46000,46.498,40.544,33.761,20.266,13.976,8.102,4.449,2.824
1.46333,46.442,40.483,33.797,20.339,13.964,8.176,4.491,2.770
1.46667,46.524,40.567,33.824,20.384,14.005,8.148,4.534,2.733
1.47000,46.672,40.548,33.869,20.417,13.943,8.168,4.491,2.718
1.47333,46.674,40.652,33.930,20.464,14.051,8.178,4.498,2.796
1.47667,46.698,40.736,33.917,20.385,14.090,8.187,4.489,2.765
1.48000,46.794,40.748,34.025,20.440,14.051,8.113,4.425,2.782
1.48333,46.809,40.757,33.997,20.465,14.005,8.191,4.492,2.783
1.48667,46.814,40.798,34.034,20.534,14.089,8.156,4.503,2.775
1.49000,46.882,40.917,34.090,20.456,14.100,8.148,4.485,2.748
1.49333,46.948,40.932,34.132,20.579,14.139,8.200,4.521,2.834
1.49667,46.986,40.953,34.108,20.600,14.174,8.252,4.502,2.778
1.50000,47.119,41.012,34.227,20.549,14.145,8.214,4.492,2.765
1.50333,47.078,41.001,34.252,20.613,14.154,8.214,4.550,2.808
1.50667,47.179,41.088,34.272,20.633,14.191,8.267,4.504,2.783
1.51000,47.220,41.122,34.358,20.671,14.203,8.299,4.510,2.763
1.51333,47.279,41.166,34.355,20.718,14.190,8.210,4.512,2.812
1.51667,47.277,41.207,34.389,20.660,14.224,8.275,4.571,2.843
1.52000,47.399,41.261,34.449,20.755,14.275,8.220,4.578,2.766
1.52333,47.389,41.317,34.491,20.753,14.299,8.222,4.537,2.843
1.52667,47.445,41.274,34.529,20.836,14.249,8.369,4.595,2.780
1.53000,47.496,41.396,34.519,20.806,14.301,8.273,4.567,2.835
1.53333,47.510,41.437,34.566,20.831,14.285,8.348,4.585,2.854
1.53667,47.642,41.478,34.538,20.829,14.288,8.306,4.520,2.840
1.54000,47.602,41.558,34.690,20.870,14.387,8.325,4.539,2.863
1.54333,47.752,41.596,34.638,20.880,14.388,8.337,4.535,2.815
1.54667,47.741,41.615,34.737,20.931,14.373,8.300,4.571,2.904
1.55000,47.848,41.665,34.802,20.964,14.412,8.297,4.599,2.822
1.55333,47.897,41.711,34.808,20.915,14.398,8.340,4.655,2.775
1.55667,47.951,41.788,34.860,20.993,14.463,8.299,4.594,2.865
1.56000,48.026,41.799,34.862,21.051,14.440,8.372,4.672,2.813
1.56333,48.054,41.841,34.922,21.036,14.439,8.339,4.600,2.804
1.56667,48.132,41.875,34.928,21.097,14.521,8.373,4.572,2.848
1.57000,48.147,41.982,35.016,21.066,14.460,8.330,4.618,2.898
1.57333,48.180,41.989,35.018,21.126,14.472,8.376,4.648,2.874
1.57667,48.289,42.041,35.039,21.159,14.556,8.427,4.651,2.788
1.58000,48.294,42.116,35.026,21.185,14.546,8.369,4.661,2.812
1.58333,48.410,42.100,35.190,21.154,14.579,8.423,4.631,2.831
1.58667,48.322,42.095,35.156,21.180,14.606,8.487,4.637,2.862
1.59000,48.431,42.170,35.194,21.280,14.679,8.418,4.654,2.826
1.59333,48.535,42.210,35.270,21.233,14.618,8.472,4.701,2.855
1.59667,48.602,42.287,35.280,21.211,14.645,8.430,4.634,2.879
1.60000,48.683,42.351,35.418,21.306,14.603,8.425,4.733,2.917
1.60333,48.684,42.412,35.375,21.318,14.665,8.490,4.663,2.854
1.60667,48.731,42.396,35.479,21.331,14.643,8.509,4.669,2.838
1.61000,48.805,42.542,35.441,21.345,14.706,8.482,4.650,2.943
1.61333,48.826,42.537,35.517,21.410,14.692,8.525,4.687,2.828
1.61667,48.881,42.514,35.530,21.432,14.728,8.507,4.742,2.876
1.62000,48.999,42.654,35.566,21.491,14.762,8.551,4.728,2.867
1.62333,49.002,42.670,35.609,21.482,14.792,8.551,4.669,2.882
1.62667,49.101,42.676,35.648,21.467,14.808,8.553,4.684,2.927
1.63000,49.100,42.670,35.714,21.524,14.781,8.590,4.707,2.828
1.63333,49.119,42.875,35.718,21.560,14.834,8.538,4.739,2.859
1.63667,49.205,42.867,35.694,21.572,14.866,8.580,4.763,2.893
1.64000,49.260,42.926,35.845,21.593,14.883,8.582,4.684,2.885
1.64333,49.321,42.962,35.778,21.679,14.837,8.576,4.676,2.879
1.64667,49.358,42.980,35.859,21.640,14.856,8.568,4.750,2.858
1.65000,49.385,43.101,35.888,21.651,14.853,8.662,4.772,2.894
1.65333,49.448,43.064,35.952,21.726,14.882,8.623,4.753,2.880
1.65667,49.532,43.139,36.011,21.705,14.887,8.554,4.761,2.907
1.66000,49.647,43.156,36.014,21.716,14.978,8.655,4.708,2.857
1.66333,49.672,43.235,36.091,21.772,14.886,8.648,4.756,2.907
1.66667,49.705,43.273,36.123,21.785,14.993,8.631,4.813,2.925
1.67000,49.711,43.323,36.161,21.757,14.956,8.635,4.830,2.892
1.67333,49.828,43.392,36.204,21.801,14.985,8.669,4.769,2.908
1.67667,49.877,43.435,36.276,21.854,15.043,8.655,4.747,2.874
1.68000,49.896,43.432,36.281,21.907,15.046,8.669,4.870,2.929
1.68333,50.046,43.488,36.281,21.926,15.078,8.709,4.792,2.887
1.68667,50.011,43.544,36.400,21.942,15.023,8.661,4.760,2.934
1.69000,50.123,43.656,36.364,21.991,15.041,8.694,4.857,2.973
1.69333,50.177,43.644,36.436,22.057,15.109,8.745,4.827,2.969
1.69667,50.212,43.734,36.448,22.081,15.043,8.757,4.824,2.953
1.70000,50.294,43.731,36.496,22.057,15.077,8.739,4.847,2.905
1.70333,50.285,43.865,36.551,21.992,15.149,8.743,4.742,2.929
1.70667,50.374,43.851,36.605,22.073,15.172,8.762,4.815,2.954
1.71000,50.484,43.882,36.667,22.092,15.244,8.761,4.793,2.912
1.71333,50.541,43.982,36.667,22.136,15.281,8.799,4.831,2.884
1.71667,50.559,44.050,36.696,22.118,15.218,8.833,4.842,2.918
1.72000,50.583,44.077,36.746,22.201,15.261,8.808,4.809,2.933
1.72333,50.681,44.084,36.745,22.261,15.265,8.821,4.852,2.910
1.72667,50.691,44.144,36.868,22.233,15.270,8.817,4.875,2.860
1.73000,50.827,44.253,36.876,22.286,15.317,8.844,4.854,2.954
1.73333,50.834,44.269,36.954,22.306,15.300,8.848,4.844,2.909
1.73667,50.836,44.305,36.967,22.333,15.284,8.831,4.891,2.938
1.74000,50.953,44.304,37.035,22.403,15.334,8.820,4.857,2.989
1.74333,51.015,44.399,37.007,22.384,15.286,8.940,4.897,2.959
1.74667,51.076,44.443,37.054,22.388,15.356,8.829,4.906,2.961
1.75000,51.137,44.444,37.103,22.422,15.323,8.885,4.919,2.951
1.75333,51.166,44.500,37.223,22.466,15.394,8.893,4.875,2.970
1.75667,51.282,44.538,37.207,22.398,15.378,8.958,4.948,3.017
1.76000,51.306,44.602,37.259,22.455,15.384,8.918,4.900,2.965
1.76333,51.346,44.741,37.311,22.564,15.544,8.901,4.940,2.933
1.76667,51.427,44.715,37.332,22.584,15.432,8.946,4.985,2.967
1.77000,51.526,44.760,37.336,22.544,15.524,8.890,4.959,3.021
1.77333,51.521,44.869,37.452,22.602,15.506,8.929,4.926,2.970
1.77667,51.632,44.902,37.507,22.588,15.508,9.007,4.875,2.947
1.78000,51.640,44.953,37.540,22.672,15.578,9.016,4.987,3.017
1.78333,51.638,45.035,37.486,22.678,15.583,8.978,4.888,3.042
1.78667,51.747,45.041,37.588,22.717,15.613,8.991,4.921,2.999
1.79000,51.773,45.130,37.571,22.701,15.609,8.946,4.947,2.984
1.79333,51.854,45.153,37.686,22.773,15.543,9.007,4.882,2.981
1.79667,51.987,45.182,37.710,22.858,15.642,9.079,4.989,2.964
1.80000,52.017,45.182,37.742,22.799,15.581,9.058,4.937,2.961
1.80333,51.975,45.320,37.852,22.827,15.675,9.029,4.997,3.036
1.80667,52.109,45.345,37.784,22.876,15.652,8.995,4.960,3.014
1.81000,52.183,45.422,37.848,22.867,15.670,9.086,4.931,3.008
1.81333,52.237,45.434,37.957,22.963,15.737,9.107,5.015,3.046
1.81667,52.255,45.454,38.003,22.939,15.706,9.119,4.966,2.970
1.82000,52.341,45.488,37.991,22.991,15.716,9.040,5.011,3.033
1.82333,52.386,45.593,38.093,23.009,15.749,9.154,5.026,2.948
1.82667,52.461,45.685,38.125,22.987,15.830,9.038,5.008,3.071
1.83000,52.544,45.733,38.121,23.020,15.765,9.060,5.052,2.993
1.83333,52.605,45.719,38.141,23.087,15.839,9.137,4.997,3.033
1.83667,52.605,45.785,38.240,23.147,15.814,9.158,4.999,3.114
1.84000,52.704,45.807,38.286,23.200,15.898,9.109,4.985,2.981
1.84333,52.754,45.905,38.295,23.107,15.886,9.109,5.086,3.014
1.84667,52.831,45.923,38.405,23.184,15.859,9.225,5.024,2.965
1.85000,52.917,45.968,38.446,23.240,15.874,9.210,5.092,3.057
1.85333,52.970,46.009,38.480,23.253,15.929,9.187,5.105,2.943
1.85667,52.966,46.072,38.437,23.262,15.955,9.200,5.104,3.101
1.86000,53.038,46.179,38.563,23.316,15.914,9.226,5.024,3.005
1.86333,53.185,46.166,38.608,23.368,15.967,9.267,5.057,3.001
1.86667,53.227,46.240,38.596,23.365,16.007,9.241,5.026,3.101
1.87000,53.272,46.354,38.714,23.352,16.020,9.281,5.069,3.108
1.87333,53.325,46.383,38.688,23.402,16.044,9.269,5.124,3.042
1.87667,53.386,46.434,38.739,23.487,16.060,9.227,5.076,3.076
1.88000,53.447,46.504,38.788,23.519,16.093,9.301,5.042,3.073
1.88333,53.514,46.520,38.862,23.560,16.161,9.246,5.156,3.075
1.88667,53.606,46.611,38.918,23.607,16.141,9.253,5.135,3.029
1.89000,53.674,46.615,38.931,23.509,16.134,9.268,5.077,3.120
1.89333,53.695,46.713,38.955,23.538,16.118,9.328,5.100,3.069
1.89667,53.671,46.732,38.994,23.581,16.143,9.262,5.068,3.091
1.90000,53.798,46.777,39.030,23.673,16.175,9.369,5.222,3.069
1.90333,53.878,46.872,39.078,23.615,16.176,9.294,5.143,3.077
1.90667,53.941,46.918,39.187,23.741,16.162,9.348,5.158,3.097
1.91000,54.023,46.922,39.189,23.763,16.281,9.300,5.176,3.064
1.91333,54.045,46.966,39.243,23.726,16.267,9.311,5.190,3.037
1.91667,54.112,47.005,39.309,23.761,16.235,9.424,5.220,3.113
1.92000,54.166,47.107,39.338,23.823,16.417,9.379,5.166,3.068
1.92333,54.304,47.158,39.336,23.807,16.349,9.395,5.108,3.089
1.92667,54.323,47.215,39.421,23.858,16.318,9.398,5.132,3.111
1.93000,54.348,47.267,39.436,23.911,16.336,9.345,5.173,3.052
1.93333,54.442,47.297,39.514,23.910,16.421,9.438,5.159,3.086
1.93667,54.511,47.328,39.601,23.927,16.416,9.392,5.207,3.052
1.94000,54.526,47.397,39.581,23.928,16.458,9.466,5.167,3.041
1.94333,54.621,47.484,39.599,24.041,16.422,9.430,5.207,3.190
1.94667,54.617,47.567,39.730,24.013,16.433,9.477,5.219,3.097
1.95000,54.800,47.640,39.762,24.084,16.473,9.417,5.246,3.161
1.95333,54.821,47.641,39.796,24.156,16.443,9.492,5.259,3.188
1.95667,54.813,47.627,39.859,24.127,16.534,9.490,5.244,3.060
1.96000,54.965,47.751,39.903,24.162,16.587,9.531,5.240,3.086
1.96333,55.025,47.830,39.936,24.214,16.586,9.622,5.250,3.149
1.96667,55.072,47.850,39.978,24.211,16.536,9.538,5.277,3.075
1.97000,55.116,47.988,40.005,24.173,16.652,9.562,5.269,3.068
1.97333,55.160,47.986,40.058,24.239,16.609,9.549,5.250,3.134
1.97667,55.273,48.041,40.129,24.321,16.618,9.610,5.335,3.116
1.98000,55.321,48.091,40.221,24.327,16.630,9.593,5.271,3.112
1.98333,55.367,48.193,40.243,24.289,16.695,9.563,5.222,3.095
1.98667,55.418,48.186,40.284,24.336,16.578,9.533,5.254,3.178
1.99000,55.523,48.247,40.299,24.373,16.667,9.599,5.277,3.083
1.99333,55.593,48.299,40.356,24.451,16.736,9.582,5.329,3.137
1.99667,55.697,48.334,40.362,24.481,16.757,9.639,5.335,3.148
2.00000,55.696,48.364,40.513,24.569,16.711,9.678,5.316,3.188
2.00333,55.801,48.492,40.416,24.524,16.825,9.713,5.350,3.180
2.00667,55.834,48.529,40.512,24.528,16.802,9.688,5.371,3.144
2.01000,55.880,48.511,40.644,24.601,16.826,9.678,5.306,3.209
2.01333,55.966,48.644,40.644,24.580,16.843,9.693,5.352,3.184
2.01667,56.147,48.687,40.735,24.682,16.914,9.749,5.330,3.122
2.02000,56.128,48.799,40.760,24.713,16.882,9.703,5.390,3.223
2.02333,56.282,48.816,40.814,24.790,16.943,9.827,5.284,3.169
2.02667,56.336,48.982,40.927,24.829,16.946,9.739,5.336,3.171
2.03000,56.555,49.179,41.065,24.890,16.978,9.764,5.400,3.138
2.03333,56.767,49.218,41.203,24.951,17.035,9.771,5.399,3.234
2.03667,56.993,49.397,41.459,25.177,17.123,9.824,5.329,3.212
2.04000,57.306,49.629,41.752,25.331,17.208,9.772,5.383,3.202
2.04333,57.823,49.965,42.181,25.537,17.270,9.824,5.427,3.176
2.04667,58.495,50.478,42.772,25.912,17.338,9.885,5.407,3.215
2.05000,59.406,51.155,43.557,26.462,17.501,9.898,5.459,3.180
2.05333,60.615,52.013,44.594,27.159,17.782,9.940,5.425,3.183
2.05667,62.344,53.204,46.075,28.099,18.130,9.902,5.477,3.237
2.06000,64.561,54.871,48.095,29.343,18.476,10.085,5.532,3.256
2.06333,67.708,56.944,50.854,31.018,19.158,10.184,5.520,3.190
2.06667,71.759,59.848,54.428,33.339,19.786,10.329,5.539,3.315
2.07000,77.045,63.522,58.968,36.253,20.779,10.467,5.607,3.298
2.07333,83.888,68.338,65.016,40.082,22.023,10.716,5.689,3.322
2.07667,92.707,74.576,72.792,45.081,23.630,10.937,5.826,3.267
2.08000,103.790,82.263,82.564,51.295,25.590,11.312,5.908,3.336
2.08333,117.642,92.052,94.702,59.081,28.186,11.797,6.101,3.336
2.08667,134.764,103.995,109.749,68.648,31.201,12.362,6.263,3.380
2.09000,155.359,118.568,128.036,80.249,35.020,12.945,6.429,3.414
2.09333,180.317,135.999,149.962,94.248,39.482,13.679,6.697,3.440
2.09667,209.748,156.742,175.944,110.887,44.900,14.515,7.069,3.474
2.10000,244.260,180.915,206.292,130.254,51.172,15.626,7.392,3.616
2.10333,283.959,208.949,241.320,152.755,58.383,16.812,7.815,3.664
2.10667,329.065,240.719,281.260,178.262,66.673,18.247,8.270,3.746
2.11000,379.596,276.421,325.877,206.954,75.985,19.776,8.827,3.909
2.11333,435.277,315.834,375.128,238.628,86.222,21.540,9.298,4.014
2.11667,495.723,358.703,428.682,273.174,97.464,23.428,9.964,4.104
2.12000,560.118,404.723,485.983,310.251,109.559,25.437,10.655,4.276
2.12333,627.729,453.183,546.225,349.372,122.348,27.607,11.343,4.395
2.12667,697.202,503.349,608.298,390.086,135.696,29.833,12.079,4.536
2.13000,767.311,554.446,671.220,431.533,149.309,32.097,12.897,4.788
2.13333,836.527,605.353,733.821,473.036,163.114,34.427,13.616,4.933
2.13667,903.210,655.174,794.424,513.775,176.501,36.695,14.432,5.045
2.14000,966.011,702.770,852.074,552.903,189.658,38.893,15.107,5.213
2.14333,1023.535,747.148,905.197,589.429,201.911,41.019,15.838,5.306
2.14667,1074.619,787.268,952.925,622.791,213.141,42.820,16.521,5.419
2.15000,1118.337,822.332,994.253,651.903,222.976,44.498,17.034,5.563
2.15333,1154.303,851.633,1028.478,676.481,231.274,45.902,17.543,5.657
2.15667,1181.982,874.540,1055.134,695.830,237.950,47.058,17.836,5.766
2.16000,1201.534,891.035,1073.918,709.643,242.698,47.887,18.221,5.891
2.16333,1212.774,900.625,1084.926,717.647,245.461,48.379,18.290,5.850
2.16667,1215.748,903.189,1087.821,719.882,246.172,48.465,18.366,5.887
2.17000,1210.881,898.979,1083.071,716.299,245.046,48.285,18.356,5.783
2.17333,1198.266,888.344,1070.730,707.173,241.913,47.796,18.078,5.774
2.17667,1178.073,871.449,1051.272,692.998,237.029,46.992,17.881,5.699
2.18000,1150.848,848.796,1024.964,674.065,230.555,45.905,17.570,5.691
2.18333,1116.776,821.103,992.684,650.816,222.686,44.573,17.031,5.620
2.18667,1076.622,788.929,954.626,624.040,213.613,43.003,16.568,5.527
2.19000,1031.094,753.166,912.076,594.246,203.574,41.381,15.990,5.428
2.19333,981.042,714.471,865.734,562.283,192.861,39.544,15.469,5.275
2.19667,927.525,673.725,816.494,528.683,181.745,37.689,14.818,5.142
2.20000,871.591,631.685,765.493,494.271,170.255,35.794,14.141,5.076
2.20333,814.372,589.237,713.508,459.501,158.901,33.901,13.542,4.913
2.20667,756.855,546.978,661.660,425.128,147.507,31.942,12.855,4.744
2.21000,699.965,505.607,610.465,391.502,136.447,30.160,12.278,4.645
2.21333,644.539,465.530,560.928,358.997,125.798,28.370,11.711,4.537
2.21667,591.262,427.289,513.336,328.026,115.646,26.699,11.133,4.405
2.22000,540.571,391.016,468.349,298.753,106.101,25.122,10.681,4.318
2.22333,493.027,357.173,425.976,271.453,97.233,23.593,10.138,4.149
2.22667,448.778,325.725,386.703,246.007,89.028,22.273,9.658,4.135
2.23000,407.787,296.708,350.409,222.711,81.391,20.953,9.317,4.035
2.23333,370.305,270.166,317.236,201.323,74.501,19.875,8.865,3.937
2.23667,336.159,246.091,286.993,181.940,68.328,18.803,8.504,3.795
2.24000,305.229,224.337,259.585,164.427,62.608,17.916,8.255,3.828
2.24333,277.280,204.678,235.072,148.629,57.515,17.013,7.986,3.800
2.24667,252.297,187.103,212.953,134.513,53.011,16.322,7.677,3.759
2.25000,229.986,171.433,193.256,121.972,48.904,15.549,7.456,3.685
2.25333,210.191,157.507,175.723,110.721,45.346,15.002,7.273,3.651
2.25667,192.511,145.175,160.186,100.791,42.183,14.486,7.061,3.593
2.26000,176.914,134.214,146.379,92.013,39.320,13.977,7.002,3.606
2.26333,163.054,124.503,134.158,84.196,36.799,13.656,6.784,3.520
2.26667,150.890,115.925,123.441,77.289,34.630,13.249,6.681,3.544
2.27000,140.067,108.412,113.918,71.255,32.715,12.865,6.602,3.560
2.27333,130.682,101.787,105.607,66.010,31.014,12.629,6.513,3.523
2.27667,122.394,96.008,98.216,61.280,29.491,12.477,6.439,3.516
2.28000,115.074,90.939,91.835,57.200,28.184,12.230,6.338,3.482
2.28333,108.667,86.403,86.250,53.527,27.072,12.061,6.315,3.451
2.28667,103.026,82.537,81.301,50.421,26.009,11.862,6.215,3.473
2.29000,98.134,79.216,77.068,47.676,25.109,11.759,6.126,3.480
2.29333,93.783,76.301,73.419,45.256,24.305,11.575,6.191,3.453
2.29667,90.182,73.885,70.308,43.171,23.673,11.504,6.126,3.527
2.30000,86.933,71.822,67.771,41.514,23.098,11.369,6.136,3.475
2.30333,84.235,70.152,65.767,40.024,22.650,11.302,6.047,3.470
2.30667,81.879,68.929,64.353,38.757,22.213,11.283,6.090,3.436
2.31000,80.085,68.195,63.438,37.785,21.799,11.198,6.093,3.478
2.31333,78.686,67.920,63.351,37.229,21.615,11.148,6.107,3.403
2.31667,77.614,68.197,63.961,36.891,21.366,11.092,6.035,3.483
2.32000,77.174,69.219,65.446,36.939,21.351,11.097,6.005,3.441
2.32333,77.191,70.954,68.161,37.365,21.165,11.109,6.044,3.450
2.32667,77.715,73.654,72.178,38.131,21.325,11.099,6.036,3.461
2.33000,79.011,77.541,77.802,39.557,21.396,11.120,5.998,3.480
2.33333,81.094,82.880,85.391,41.561,21.737,11.189,6.078,3.478
2.33667,84.040,89.743,95.350,44.442,22.125,11.169,6.096,3.541
2.34000,87.936,98.766,108.180,48.091,22.654,11.216,6.173,3.460
2.34333,93.246,110.009,124.329,52.703,23.359,11.286,6.155,3.530
2.34667,99.730,123.837,144.186,58.586,24.261,11.420,6.220,3.477
2.35000,107.819,140.755,168.293,65.655,25.372,11.559,6.285,3.597
2.35333,117.521,161.048,197.146,74.328,26.712,11.753,6.319,3.574
2.35667,129.225,184.959,231.295,84.501,28.307,11.935,6.377,3.642
2.36000,142.840,212.926,270.949,96.520,30.226,12.093,6.424,3.695
2.36333,158.517,244.931,316.487,110.252,32.398,12.382,6.559,3.727
2.36667,176.388,281.192,367.934,125.857,34.926,12.664,6.602,3.819
2.37000,196.500,321.752,425.310,143.422,37.801,12.882,6.769,3.864
2.37333,218.688,366.355,488.227,162.805,40.908,13.180,6.948,3.888
2.37667,242.737,414.653,556.131,183.837,44.285,13.556,7.070,3.974
2.38000,268.544,466.284,628.211,206.398,47.924,13.961,7.213,4.041
2.38333,295.853,520.444,703.259,230.258,51.831,14.427,7.414,4.195
2.38667,324.134,576.342,780.123,255.017,55.818,14.792,7.537,4.256
2.39000,353.075,633.051,856.902,280.322,59.946,15.252,7.715,4.346
2.39333,382.046,689.320,932.175,305.778,64.025,15.748,7.946,4.405
2.39667,410.639,744.260,1004.073,330.733,68.126,16.157,8.135,4.484
2.40000,438.019,796.590,1071.176,354.802,72.051,16.516,8.224,4.644
2.40333,463.946,845.220,1131.933,377.484,75.715,16.944,8.426,4.677
2.40667,487.545,889.025,1185.477,398.262,79.144,17.283,8.602,4.735
2.41000,508.535,927.478,1230.778,416.747,82.286,17.618,8.664,4.821
2.41333,526.325,959.792,1267.950,432.327,84.824,17.925,8.807,4.920
2.41667,540.599,985.360,1296.623,444.873,86.950,18.222,8.948,4.926
2.42000,551.097,1003.865,1317.034,454.137,88.379,18.358,8.976,4.848
2.42333,557.489,1015.245,1329.306,459.717,89.388,18.498,9.041,4.955
2.42667,559.916,1019.574,1333.848,461.923,89.742,18.437,9.120,4.932
2.43000,558.346,1016.589,1330.767,460.367,89.461,18.452,9.065,5.016
2.43333,552.784,1006.883,1320.204,455.546,88.721,18.303,8.969,5.007
2.43667,543.718,990.585,1302.263,447.441,87.391,18.251,8.983,4.959
2.44000,531.164,968.118,1277.144,436.386,85.618,18.134,8.963,4.885
2.44333,515.620,939.981,1245.034,422.719,83.399,17.832,8.818,4.860
2.44667,497.561,906.935,1206.332,406.749,80.765,17.601,8.764,4.820
2.45000,477.326,869.482,1161.344,388.965,77.882,17.319,8.586,4.674
2.45333,455.501,828.550,1110.981,369.710,74.748,17.020,8.405,4.764
2.45667,432.427,785.089,1056.106,349.439,71.419,16.648,8.364,4.610
2.46000,408.732,739.607,997.494,328.649,68.013,16.305,8.239,4.524
2.46333,384.506,693.256,936.621,307.461,64.556,15.965,8.049,4.442
2.46667,360.574,646.603,874.469,286.355,61.229,15.643,8.024,4.377
2.47000,337.067,600.492,812.150,265.869,57.958,15.281,7.838,4.302
2.47333,314.189,555.484,750.632,245.742,54.648,14.930,7.683,4.268
2.47667,292.231,512.109,690.788,226.470,51.607,14.643,7.611,4.250
2.48000,271.374,470.609,633.396,208.295,48.654,14.280,7.496,4.229
2.48333,251.773,431.617,578.812,191.143,45.944,14.038,7.339,4.108
2.48667,233.545,394.994,527.496,175.153,43.287,13.803,7.285,4.084
2.49000,216.597,361.047,479.738,160.438,40.916,13.597,7.074,4.057
2.49333,201.112,329.834,435.479,146.795,38.821,13.403,7.104,3.983
2.49667,186.919,301.095,395.002,134.331,36.846,13.180,7.004,3.974
2.50000,174.016,275.054,357.906,123.055,35.037,12.950,6.889,3.899
2.50333,162.242,251.367,324.269,112.803,33.442,12.780,6.877,3.829
2.50667,151.700,230.028,293.923,103.571,31.887,12.745,6.805,3.764
2.51000,142.266,210.852,266.667,95.339,30.619,12.510,6.800,3.774
2.51333,133.801,193.643,242.131,87.829,29.434,12.514,6.724,3.815
2.51667,126.277,178.283,220.237,81.264,28.364,12.404,6.666,3.682
2.52000,119.515,164.598,200.653,75.382,27.509,12.298,6.646,3.777
2.52333,113.611,152.412,183.290,70.160,26.662,12.192,6.593,3.759
2.52667,108.251,141.646,167.861,65.513,25.974,12.201,6.590,3.735
2.53000,103.620,132.042,154.127,61.391,25.275,12.096,6.603,3.713
2.53333,99.428,123.593,141.961,57.782,24.703,12.001,6.561,3.721
2.53667,95.798,116.043,131.258,54.506,24.230,11.914,6.583,3.745
2.54000,92.541,109.379,121.689,51.650,23.751,11.947,6.498,3.720
2.54333,89.676,103.502,113.351,49.197,23.403,11.917,6.502,3.673
2.54667,87.209,98.370,105.864,46.936,22.959,11.874,6.550,3.736
2.55000,84.934,93.845,99.291,44.912,22.765,11.809,6.465,3.635
2.55333,83.063,89.809,93.517,43.197,22.503,11.819,6.495,3.681
2.55667,81.379,86.174,88.396,41.757,22.234,11.877,6.464,3.715
2.56000,79.773,83.081,83.851,40.394,22.095,11.895,6.436,3.755
2.56333,78.594,80.334,79.841,39.176,21.955,11.815,6.493,3.686
2.56667,77.387,77.910,76.405,38.215,21.808,11.844,6.494,3.674
2.57000,76.416,75.748,73.269,37.299,21.608,11.831,6.488,3.685
2.57333,75.513,73.870,70.579,36.549,21.572,11.840,6.480,3.714
2.57667,74.672,72.314,68.170,35.837,21.445,11.874,6.464,3.623
2.58000,74.075,70.785,65.973,35.127,21.415,11.807,6.428,3.729
2.58333,73.467,69.532,64.110,34.640,21.292,11.809,6.513,3.631
2.58667,72.989,68.397,62.510,34.153,21.275,11.823,6.477,3.670
2.59000,72.644,67.370,61.078,33.647,21.174,11.824,6.493,3.695
2.59333,72.164,66.482,59.826,33.330,21.143,11.789,6.508,3.692
2.59667,71.837,65.754,58.658,33.035,21.110,11.846,6.522,3.611
2.60000,71.557,65.157,57.739,32.756,21.055,11.883,6.479,3.718
2.60333,71.396,64.622,56.859,32.595,21.081,11.871,6.467,3.676
2.60667,71.098,64.042,56.157,32.343,21.043,11.890,6.431,3.718
2.61000,71.045,63.596,55.520,32.142,21.013,11.908,6.595,3.704
2.61333,70.903,63.294,54.949,32.017,21.075,11.937,6.553,3.656
2.61667,70.768,62.989,54.412,31.898,21.080,11.898,6.575,3.635
2.62000,70.706,62.727,53.991,31.785,21.080,11.945,6.543,3.684
2.62333,70.597,62.423,53.625,31.692,21.011,11.905,6.534,3.745
2.62667,70.564,62.333,53.260,31.595,21.023,11.939,6.584,3.765
2.63000,70.559,62.079,53.046,31.554,21.073,12.022,6.598,3.653
2.63333,70.481,61.953,52.776,31.457,21.139,11.947,6.658,3.691
2.63667,70.476,61.842,52.579,31.377,21.142,11.980,6.590,3.684
2.64000,70.445,61.741,52.448,31.399,21.169,11.977,6.630,3.744
2.64333,70.488,61.715,52.216,31.396,21.132,12.040,6.617,3.788
2.64667,70.573,61.632,52.196,31.425,21.076,11.956,6.613,3.691
2.65000,70.614,61.617,52.080,31.351,21.165,12.085,6.647,3.722
2.65333,70.581,61.563,51.939,31.414,21.125,12.074,6.597,3.729
2.65667,70.689,61.587,51.935,31.341,21.223,12.083,6.596,3.733
2.66000,70.686,61.504,51.851,31.373,21.209,12.068,6.657,3.753
2.66333,70.759,61.588,51.805,31.399,21.185,12.023,6.672,3.698
2.66667,70.794,61.532,51.847,31.391,21.217,12.144,6.626,3.751
2.67000,70.855,61.570,51.774,31.431,21.309,12.137,6.678,3.773
2.67333,70.950,61.581,51.795,31.411,21.308,12.123,6.718,3.767
2.67667,70.942,61.658,51.816,31.466,21.330,12.115,6.659,3.706
2.68000,70.980,61.685,51.828,31.472,21.381,12.208,6.646,3.742
2.68333,71.119,61.659,51.812,31.552,21.334,12.200,6.781,3.721
2.68667,71.180,61.784,51.821,31.513,21.428,12.085,6.731,3.769
2.69000,71.278,61.819,51.866,31.605,21.452,12.194,6.720,3.741
2.69333,71.308,61.829,51.884,31.581,21.438,12.225,6.711,3.763
2.69667,71.402,61.989,51.936,31.616,21.498,12.278,6.719,3.701
2.70000,71.446,61.939,51.923,31.716,21.469,12.227,6.738,3.752
2.70333,71.530,62.037,52.016,31.713,21.467,12.322,6.722,3.769
2.70667,71.628,62.046,52.012,31.628,21.480,12.349,6.726,3.772
2.71000,71.695,62.185,52.073,31.831,21.543,12.258,6.791,3.794
2.71333,71.792,62.253,52.088,31.740,21.519,12.294,6.772,3.800
2.71667,71.860,62.313,52.122,31.754,21.572,12.342,6.743,3.778
2.72000,71.961,62.300,52.236,31.858,21.662,12.304,6.754,3.789
2.72333,72.045,62.450,52.299,31.904,21.668,12.369,6.765,3.864
2.72667,72.121,62.457,52.270,31.900,21.671,12.355,6.775,3.818
2.73000,72.240,62.505,52.404,31.941,21.724,12.324,6.783,3.768
2.73333,72.257,62.616,52.461,31.994,21.780,12.396,6.771,3.792
2.73667,72.322,62.703,52.580,32.006,21.730,12.357,6.758,3.834
2.74000,72.498,62.739,52.584,32.011,21.758,12.354,6.847,3.854
2.74333,72.554,62.802,52.630,32.068,21.844,12.446,6.855,3.833
2.74667,72.596,62.867,52.644,32.126,21.806,12.416,6.820,3.843
2.75000,72.728,62.924,52.768,32.192,21.885,12.463,6.827,3.865
2.75333,72.793,62.992,52.757,32.173,21.932,12.385,6.862,3.755
2.75667,72.857,63.077,52.861,32.285,21.972,12.527,6.874,3.900
2.76000,73.012,63.152,52.926,32.280,21.948,12.510,6.914,3.881
2.76333,73.122,63.264,52.937,32.301,22.046,12.483,6.842,3.849
2.76667,73.097,63.289,53.078,32.341,21.920,12.492,6.920,3.875
2.77000,73.270,63.372,53.016,32.393,22.004,12.603,6.843,3.839
2.77333,73.349,63.466,53.174,32.416,22.025,12.488,6.934,3.830
2.77667,73.428,63.504,53.197,32.482,22.003,12.549,6.867,3.883
2.78000,73.538,63.640,53.247,32.574,22.041,12.586,6.952,3.865
2.78333,73.581,63.703,53.281,32.543,22.100,12.537,6.888,3.908
2.78667,73.730,63.776,53.400,32.645,22.134,12.612,6.863,3.925
2.79000,73.749,63.763,53.416,32.616,22.195,12.615,6.917,3.841
2.79333,73.883,63.883,53.465,32.727,22.241,12.600,6.938,3.939
2.79667,73.930,63.979,53.532,32.707,22.203,12.654,6.969,3.901
2.80000,73.983,64.031,53.611,32.803,22.198,12.701,6.984,3.803
2.80333,74.130,64.119,53.745,32.762,22.334,12.708,7.043,3.889
2.80667,74.195,64.197,53.738,32.802,22.358,12.700,6.979,3.892
2.81000,74.296,64.237,53.806,32.844,22.354,12.704,6.969,3.937
2.81333,74.328,64.355,53.900,32.931,22.390,12.726,6.997,3.806
2.81667,74.428,64.472,53.992,32.942,22.380,12.772,6.993,3.893
2.82000,74.482,64.463,54.086,32.989,22.475,12.810,7.029,3.896
2.82333,74.618,64.595,54.126,33.087,22.422,12.796,7.034,3.934
2.82667,74.693,64.667,54.133,33.041,22.488,12.736,7.046,3.920
2.83000,74.834,64.718,54.202,33.173,22.479,12.790,7.060,3.887
2.83333,74.911,64.867,54.290,33.132,22.470,12.835,7.020,3.949
2.83667,75.021,64.925,54.352,33.191,22.509,12.854,7.104,3.873
2.84000,75.029,64.973,54.404,33.202,22.587,12.848,7.092,3.951
2.84333,75.167,65.065,54.485,33.235,22.595,12.849,7.095,3.939
2.84667,75.259,65.133,54.486,33.339,22.679,12.837,7.067,3.926
2.85000,75.328,65.248,54.566,33.390,22.632,12.866,7.102,3.982
2.85333,75.475,65.303,54.610,33.373,22.704,12.909,7.073,3.917
2.85667,75.508,65.441,54.728,33.404,22.757,12.874,7.087,4.000
2.86000,75.611,65.400,54.816,33.517,22.800,12.990,7.075,3.966
2.86333,75.610,65.512,54.877,33.502,22.768,12.954,7.090,3.938
2.86667,75.799,65.601,54.955,33.545,22.798,12.958,7.120,4.012
2.87000,75.965,65.652,54.970,33.633,22.769,12.979,7.100,3.967
2.87333,75.961,65.724,55.057,33.615,22.870,12.945,7.108,3.961
2.87667,76.088,65.890,55.099,33.634,22.866,12.960,7.174,4.029
2.88000,76.133,65.923,55.178,33.675,22.933,12.993,7.185,3.933
2.88333,76.303,65.979,55.222,33.728,22.853,13.074,7.131,3.944
2.88667,76.357,66.064,55.307,33.804,22.976,13.052,7.169,3.954
2.89000,76.512,66.148,55.362,33.798,22.984,13.011,7.213,3.962
2.89333,76.546,66.283,55.503,33.885,23.072,13.038,7.247,3.988
2.89667,76.617,66.267,55.473,33.888,23.045,13.153,7.237,3.984
2.90000,76.698,66.403,55.552,33.956,23.153,13.197,7.217,4.039
2.90333,76.774,66.443,55.652,33.974,23.177,13.136,7.287,3.957
2.90667,76.874,66.454,55.669,34.004,23.124,13.197,7.218,4.007
2.91000,76.962,66.617,55.757,34.058,23.132,13.121,7.253,3.941
2.91333,77.161,66.696,55.790,34.142,23.169,13.158,7.274,3.941
2.91667,77.135,66.761,55.904,34.170,23.171,13.240,7.280,3.956
2.92000,77.267,66.867,55.974,34.234,23.326,13.209,7.238,4.030
2.92333,77.344,66.939,56.015,34.284,23.246,13.173,7.259,3.980
2.92667,77.451,66.968,56.147,34.219,23.299,13.233,7.236,4.014
2.93000,77.546,67.073,56.166,34.366,23.363,13.225,7.290,4.008
2.93333,77.622,67.154,56.237,34.419,23.335,13.204,7.321,4.026
2.93667,77.717,67.241,56.245,34.346,23.379,13.267,7.305,4.027
2.94000,77.827,67.283,56.319,34.447,23.499,13.273,7.306,4.012
2.94333,77.846,67.396,56.396,34.468,23.486,13.307,7.326,4.079
2.94667,78.003,67.420,56.533,34.612,23.437,13.365,7.344,4.007
2.95000,78.078,67.570,56.598,34.611,23.502,13.336,7.372,4.071
2.95333,78.168,67.644,56.683,34.656,23.574,13.330,7.350,3.976
2.95667,78.290,67.707,56.702,34.648,23.498,13.365,7.383,3.983
2.96000,78.338,67.780,56.711,34.696,23.583,13.371,7.334,4.056
2.96333,78.485,67.871,56.864,34.759,23.573,13.389,7.368,4.085
2.96667,78.548,67.991,56.974,34.841,23.646,13.388,7.369,4.145
2.97000,78.652,67.980,57.011,34.793,23.683,13.392,7.368,4.102
2.97333,78.725,68.080,57.067,34.902,23.710,13.488,7.451,4.055
2.97667,78.798,68.196,57.089,34.964,23.771,13.476,7.429,4.053
2.98000,78.901,68.236,57.142,34.994,23.786,13.565,7.420,4.087
2.98333,78.976,68.378,57.206,35.035,23.756,13.508,7.453,4.075
2.98667,79.104,68.423,57.308,35.033,23.809,13.513,7.354,4.059
2.99000,79.196,68.529,57.363,35.095,23.839,13.499,7.383,4.095
2.99333,79.319,68.541,57.463,35.175,23.858,13.509,7.402,4.056
2.99667,79.424,68.700,57.518,35.148,23.876,13.583,7.490,4.071
3.00000,79.520,68.747,57.555,35.300,23.875,13.520,7.434,4.088
3.00333,79.580,68.834,57.617,35.266,23.859,13.607,7.454,4.132
3.00667,79.689,68.915,57.719,35.281,23.930,13.649,7.454,4.095
3.01000,79.832,69.004,57.778,35.376,23.972,13.662,7.510,4.094
3.01333,79.839,69.071,57.829,35.417,24.036,13.571,7.509,4.087
3.01667,79.953,69.192,57.895,35.425,24.055,13.667,7.476,4.159
3.02000,80.006,69.192,58.008,35.429,24.068,13.748,7.537,4.124
3.02333,80.117,69.371,58.056,35.559,24.129,13.667,7.527,4.140
3.02667,80.277,69.453,58.118,35.554,24.139,13.728,7.570,4.141
3.03000,80.316,69.504,58.149,35.578,24.199,13.670,7.576,4.103
3.03333,80.485,69.507,58.350,35.691,24.137,13.726,7.520,4.120
3.03667,80.570,69.649,58.318,35.727,24.221,13.798,7.488,4.187
3.04000,80.648,69.700,58.377,35.791,24.206,13.712,7.583,4.148
3.04333,80.744,69.753,58.433,35.753,24.257,13.823,7.556,4.139
3.04667,80.845,69.855,58.575,35.740,24.256,13.804,7.596,4.192
3.05000,80.881,69.963,58.602,35.864,24.319,13.814,7.610,4.107
3.05333,81.037,70.084,58.695,35.868,24.342,13.779,7.583,4.205
3.05667,81.113,70.154,58.704,35.967,24.396,13.878,7.661,4.159
3.06000,81.278,70.200,58.796,35.994,24.420,13.853,7.641,4.209
3.06333,81.238,70.323,58.855,36.092,24.484,13.889,7.591,4.197
3.06667,81.428,70.339,59.022,36.035,24.497,13.857,7.599,4.217
3.07000,81.478,70.419,59.042,36.084,24.525,13.851,7.682,4.210
3.07333,81.588,70.476,59.085,36.168,24.601,13.970,7.646,4.146
3.07667,81.696,70.585,59.108,36.218,24.551,13.966,7.666,4.257
3.08000,81.844,70.748,59.243,36.234,24.619,13.951,7.658,4.277
3.08333,81.863,70.785,59.274,36.346,24.601,13.992,7.681,4.281
3.08667,81.969,70.887,59.312,36.385,24.636,14.012,7.728,4.187
3.09000,82.107,71.002,59.397,36.372,24.712,14.046,7.696,4.213
3.09333,82.109,71.013,59.547,36.451,24.748,13.968,7.754,4.177
3.09667,82.296,71.130,59.594,36.454,24.783,14.044,7.759,4.269
3.10000,82.298,71.203,59.620,36.536,24.796,14.076,7.693,4.264
3.10333,82.411,71.251,59.703,36.643,24.800,14.071,7.765,4.240
3.10667,82.506,71.445,59.760,36.555,24.822,14.086,7.736,4.251
3.11000,82.677,71.456,59.896,36.664,24.851,14.152,7.729,4.189
3.11333,82.773,71.511,59.967,36.692,24.878,14.135,7.754,4.208
3.11667,82.881,71.593,60.036,36.697,24.856,14.127,7.762,4.307
3.12000,82.951,71.694,60.099,36.756,24.944,14.129,7.754,4.183
3.12333,83.042,71.769,60.125,36.787,24.997,14.167,7.770,4.271
3.12667,83.171,71.850,60.177,36.845,25.006,14.191,7.816,4.258
3.13000,83.218,71.899,60.261,36.998,25.017,14.185,7.750,4.223
3.13333,83.312,72.063,60.357,36.964,25.120,14.224,7.734,4.270
3.13667,83.417,72.158,60.391,36.994,25.142,14.169,7.872,4.201
3.14000,83.547,72.127,60.466,37.026,25.139,14.230,7.829,4.244
3.14333,83.670,72.221,60.566,37.077,25.160,14.301,7.834,4.272
3.14667,83.771,72.356,60.646,37.159,25.198,14.330,7.805,4.260
3.15000,83.864,72.443,60.731,37.143,25.232,14.275,7.809,4.337
3.15333,83.880,72.561,60.737,37.286,25.265,14.325,7.841,4.268
3.15667,84.098,72.633,60.854,37.213,25.284,14.325,7.834,4.320
3.16000,84.100,72.698,60.862,37.349,25.331,14.347,7.878,4.283
3.16333,84.264,72.805,60.987,37.356,25.411,14.434,7.922,4.330
3.16667,84.333,72.893,61.121,37.452,25.372,14.425,7.881,4.276
3.17000,84.458,73.027,61.109,37.456,25.354,14.324,7.883,4.322
3.17333,84.502,73.110,61.264,37.455,25.406,14.391,7.922,4.295
3.17667,84.608,73.098,61.251,37.514,25.473,14.434,7.927,4.306
3.18000,84.795,73.233,61.380,37.629,25.521,14.484,7.973,4.262
3.18333,84.821,73.315,61.400,37.628,25.554,14.475,7.947,4.352
3.18667,84.946,73.397,61.475,37.649,25.561,14.486,7.937,4.307
3.19000,85.029,73.484,61.589,37.688,25.556,14.462,7.946,4.347
3.19333,85.180,73.556,61.616,37.745,25.642,14.513,7.894,4.307
3.19667,85.254,73.651,61.721,37.796,25.603,14.564,7.964,4.315
3.20000,85.322,73.686,61.724,37.817,25.689,14.576,7.928,4.366
3.20333,85.440,73.774,61.875,37.859,25.675,14.526,7.967,4.424
3.20667,85.528,73.863,61.891,37.934,25.731,14.543,8.002,4.313
3.21000,85.636,73.979,62.022,37.954,25.721,14.607,8.050,4.368
3.21333,85.710,74.041,62.111,37.974,25.760,14.587,7.972,4.389
3.21667,85.858,74.147,62.149,38.099,25.789,14.601,7.990,4.372
3.22000,85.897,74.292,62.271,38.128,25.863,14.631,8.041,4.311
3.22333,86.022,74.209,62.280,38.165,25.865,14.656,8.072,4.385
3.22667,86.153,74.410,62.372,38.260,25.888,14.669,8.050,4.374
3.23000,86.189,74.510,62.441,38.163,25.908,14.706,8.110,4.407
3.23333,86.317,74.538,62.481,38.267,25.951,14.731,8.024,4.302
3.23667,86.381,74.656,62.550,38.319,26.033,14.742,8.052,4.332
3.24000,86.501,74.800,62.590,38.414,26.069,14.716,8.107,4.344
3.24333,86.565,74.854,62.728,38.443,26.024,14.795,8.067,4.409
3.24667,86.747,75.007,62.844,38.486,26.087,14.731,8.159,4.424
3.25000,86.833,75.075,62.840,38.566,26.065,14.810,8.095,4.414
3.25333,86.911,75.085,62.988,38.641,26.142,14.872,8.083,4.377
3.25667,87.033,75.173,63.031,38.602,26.126,14.775,8.136,4.459
3.26000,87.164,75.285,63.053,38.665,26.198,14.859,8.190,4.342
3.26333,87.261,75.313,63.139,38.747,26.247,14.844,8.151,4.450
3.26667,87.275,75.485,63.201,38.771,26.262,14.851,8.171,4.388
3.27000,87.410,75.509,63.304,38.771,26.347,14.881,8.199,4.401
3.27333,87.533,75.621,63.421,38.787,26.333,14.858,8.131,4.431
3.27667,87.623,75.718,63.467,38.909,26.351,14.931,8.194,4.436
3.28000,87.728,75.762,63.547,38.949,26.356,14.940,8.212,4.382
3.28333,87.896,75.866,63.572,39.000,26.341,14.948,8.155,4.451
3.28667,88.020,75.972,63.634,39.013,26.448,14.985,8.186,4.449
3.29000,88.064,76.089,63.778,39.066,26.477,14.963,8.195,4.496
3.29333,88.153,76.160,63.744,39.022,26.486,14.935,8.293,4.429
3.29667,88.223,76.197,63.923,39.147,26.520,14.954,8.203,4.438
3.30000,88.359,76.342,63.947,39.236,26.572,15.043,8.221,4.426
3.30333,88.521,76.449,64.072,39.227,26.560,15.089,8.254,4.366
3.30667,88.592,76.511,64.105,39.298,26.651,15.101,8.282,4.456
3.31000,88.706,76.579,64.234,39.372,26.723,15.064,8.241,4.494
3.31333,88.765,76.679,64.222,39.346,26.745,15.091,8.281,4.455
3.31667,88.904,76.747,64.339,39.409,26.721,15.153,8.291,4.516
3.32000,88.934,76.872,64.423,39.502,26.771,15.087,8.313,4.453
3.32333,89.161,76.936,64.457,39.525,26.818,15.212,8.343,4.524
3.32667,89.133,77.009,64.633,39.603,26.825,15.236,8.288,4.549
3.33000,89.341,77.172,64.674,39.673,26.876,15.259,8.314,4.554
3.33333,89.391,77.211,64.762,39.622,26.885,15.196,8.359,4.422
3.33667,89.417,77.311,64.803,39.681,26.913,15.232,8.415,4.489
3.34000,89.555,77.390,64.879,39.731,26.984,15.214,8.344,4.563
3.34333,89.633,77.491,64.946,39.874,26.979,15.269,8.391,4.483
3.34667,89.830,77.528,65.014,39.931,27.024,15.242,8.376,4.533
3.35000,89.837,77.668,65.099,39.919,27.019,15.289,8.468,4.565
3.35333,90.103,77.768,65.159,39.981,27.145,15.320,8.399,4.535
3.35667,90.087,77.856,65.246,40.033,27.068,15.379,8.425,4.500
3.36000,90.181,77.988,65.297,39.988,27.104,15.318,8.370,4.528
3.36333,90.387,78.035,65.378,40.124,27.177,15.418,8.421,4.589
3.36667,90.428,78.111,65.414,40.078,27.234,15.431,8.506,4.572
3.37000,90.575,78.253,65.532,40.240,27.209,15.364,8.435,4.462
3.37333,90.572,78.214,65.613,40.269,27.314,15.459,8.453,4.592
3.37667,90.739,78.325,65.734,40.300,27.293,15.405,8.498,4.571
3.38000,90.839,78.535,65.789,40.271,27.303,15.445,8.513,4.498
3.38333,90.942,78.530,65.846,40.352,27.369,15.475,8.449,4.519
3.38667,91.056,78.659,65.881,40.528,27.437,15.525,8.397,4.508
3.39000,91.142,78.749,66.022,40.448,27.467,15.514,8.521,4.587
3.39333,91.260,78.812,66.087,40.467,27.428,15.549,8.525,4.574
3.39667,91.377,78.896,66.080,40.541,27.491,15.512,8.529,4.640
3.40000,91.416,78.966,66.179,40.671,27.504,15.594,8.515,4.543
3.40333,91.580,79.084,66.340,40.680,27.509,15.523,8.609,4.631
3.40667,91.668,79.215,66.360,40.712,27.603,15.671,8.548,4.545
3.41000,91.811,79.263,66.443,40.772,27.605,15.652,8.607,4.592
3.41333,91.886,79.374,66.516,40.796,27.657,15.697,8.591,4.634
3.41667,91.976,79.444,66.620,40.909,27.596,15.652,8.615,4.611
3.42000,92.088,79.527,66.684,40.933,27.692,15.724,8.642,4.656
3.42333,92.204,79.692,66.758,40.916,27.739,15.680,8.593,4.550
3.42667,92.301,79.732,66.827,40.984,27.829,15.753,8.606,4.595
3.43000,92.478,79.770,66.860,41.094,27.808,15.758,8.627,4.624
3.43333,92.509,79.843,66.958,41.077,27.876,15.716,8.615,4.643
3.43667,92.710,80.019,66.956,41.168,27.854,15.744,8.626,4.687
3.44000,92.741,80.091,67.107,41.085,27.895,15.742,8.690,4.725
3.44333,92.866,80.183,67.215,41.226,27.868,15.776,8.639,4.650
3.44667,92.929,80.227,67.201,41.276,27.990,15.797,8.640,4.627
3.45000,93.064,80.342,67.343,41.351,28.059,15.795,8.667,4.626
3.45333,93.130,80.473,67.435,41.340,28.010,15.792,8.659,4.694
3.45667,93.249,80.517,67.466,41.378,28.035,15.823,8.713,4.626
3.46000,93.322,80.656,67.582,41.401,28.091,15.871,8.692,4.650
3.46333,93.488,80.727,67.692,41.541,28.153,15.855,8.713,4.692
3.46667,93.626,80.827,67.682,41.580,28.240,15.942,8.764,4.646
3.47000,93.728,80.905,67.774,41.560,28.159,15.917,8.729,4.677
3.47333,93.762,80.919,67.895,41.676,28.240,15.925,8.756,4.690
3.47667,93.937,81.119,67.978,41.672,28.276,15.942,8.767,4.691
3.48000,94.036,81.172,67.989,41.754,28.279,16.011,8.809,4.669
3.48333,94.168,81.226,68.130,41.791,28.339,15.966,8.751,4.673
3.48667,94.236,81.313,68.181,41.916,28.387,15.980,8.791,4.620
3.49000,94.310,81.428,68.255,41.917,28.326,16.026,8.846,4.677
3.49333,94.479,81.550,68.374,41.918,28.433,16.028,8.806,4.692
3.49667,94.512,81.691,68.454,42.052,28.442,16.061,8.821,4.690
3.50000,94.642,81.773,68.530,42.112,28.504,16.059,8.775,4.700
3.50333,94.767,81.823,68.600,42.084,28.440,16.017,8.816,4.682
3.50667,94.920,81.950,68.687,42.224,28.504,16.183,8.818,4.724
3.51000,95.005,82.108,68.747,42.224,28.584,16.109,8.833,4.719
3.51333,95.082,82.177,68.869,42.275,28.552,16.237,8.905,4.709
3.51667,95.306,82.305,69.017,42.346,28.697,16.262,8.909,4.730
3.52000,95.409,82.449,69.083,42.378,28.775,16.301,8.857,4.776
3.52333,95.615,82.629,69.203,42.468,28.751,16.354,8.916,4.752
3.52667,95.773,82.913,69.399,42.595,28.779,16.421,8.993,4.800
3.53000,96.002,83.122,69.629,42.685,28.939,16.555,8.992,4.788
3.53333,96.199,83.429,69.893,42.751,28.957,16.681,8.993,4.703
3.53667,96.512,83.874,70.172,42.850,29.084,16.842,9.056,4.721
3.54000,96.950,84.340,70.537,43.034,29.192,17.210,9.078,4.711
3.54333,97.390,85.087,71.059,43.229,29.355,17.541,9.209,4.799
3.54667,97.932,86.022,71.774,43.515,29.488,17.959,9.217,4.781
3.55000,98.679,87.192,72.510,43.815,29.704,18.521,9.393,4.798
3.55333,99.657,88.746,73.581,44.212,30.097,19.375,9.508,4.781
3.55667,100.834,90.687,74.972,44.723,30.501,20.436,9.690,4.864
3.56000,102.336,93.097,76.754,45.333,30.955,21.742,9.912,4.877
3.56333,104.213,96.218,78.916,46.093,31.523,23.370,10.217,4.865
3.56667,106.606,100.151,81.719,47.044,32.331,25.491,10.610,4.883
3.57000,109.520,104.974,85.131,48.324,33.291,28.080,11.066,4.777
3.57333,113.026,110.858,89.390,49.837,34.484,31.338,11.637,4.841
3.57667,117.419,118.193,94.510,51.699,35.972,35.278,12.396,4.843
3.58000,122.578,126.924,100.695,53.792,37.696,39.971,13.101,4.978
3.58333,128.845,137.345,108.138,56.317,39.734,45.709,14.177,4.959
3.58667,136.181,149.700,116.842,59.465,42.146,52.451,15.326,4.986
3.59000,144.786,164.237,127.109,63.036,45.040,60.386,16.703,5.005
3.59333,154.724,180.953,138.937,67.175,48.365,69.584,18.373,5.011
3.59667,166.170,200.176,152.631,71.904,52.130,80.063,20.190,5.061
3.60000,179.081,222.000,167.999,77.420,56.346,92.013,22.229,5.086
3.60333,193.571,246.389,185.322,83.448,61.243,105.290,24.601,5.157
3.60667,209.737,273.402,204.441,90.161,66.584,120.171,27.268,5.256
3.61000,227.304,303.024,225.473,97.528,72.450,136.464,30.067,5.318
3.61333,246.367,335.091,248.233,105.522,78.873,154.074,33.193,5.334
3.61667,266.737,369.268,272.541,114.138,85.722,172.972,36.562,5.395
3.62000,288.410,405.438,298.283,123.168,92.869,193.059,39.999,5.516
3.62333,310.923,442.937,325.062,132.615,100.371,213.845,43.738,5.600
3.62667,334.054,481.494,352.662,142.345,108.110,235.395,47.560,5.730
3.63000,357.572,520.586,380.533,152.340,116.056,257.179,51.373,5.735
3.63333,381.031,559.502,408.580,162.257,123.976,279.007,55.230,5.827
3.63667,404.176,597.558,436.043,172.063,131.798,300.513,59.021,5.956
3.64000,426.496,634.307,462.585,181.483,139.403,321.238,62.761,6.066
3.64333,447.783,668.884,487.691,190.448,146.536,341.004,66.234,6.072
3.64667,467.357,700.828,511.058,198.848,153.172,359.230,69.515,6.198
3.65000,485.143,729.672,532.079,206.465,159.247,375.830,72.426,6.291
3.65333,500.734,754.658,550.522,213.085,164.698,390.301,74.988,6.286
3.65667,513.849,775.727,566.013,218.803,169.048,402.523,77.213,6.415
3.66000,524.332,792.442,578.403,223.247,172.635,412.259,78.930,6.465
3.66333,531.943,804.515,587.348,226.526,175.190,419.293,80.243,6.447
3.66667,536.624,811.944,592.803,228.543,176.775,423.628,81.040,6.437
3.67000,538.378,814.659,594.815,229.270,177.364,425.114,81.271,6.458
3.67333,537.129,812.638,593.439,228.734,177.104,424.016,81.110,6.501
3.67667,533.181,806.164,588.653,227.034,175.655,420.179,80.413,6.504
3.68000,526.516,795.485,580.700,224.142,173.336,413.854,79.321,6.446
3.68333,517.394,780.755,569.908,220.224,170.260,405.198,77.755,6.423
3.68667,506.092,762.417,556.288,215.440,166.332,394.470,75.793,6.358
3.69000,492.769,740.929,540.482,209.795,161.885,381.929,73.577,6.355
3.69333,477.762,716.606,522.725,203.387,156.713,367.866,71.082,6.309
3.69667,461.454,689.946,503.236,196.406,151.173,352.477,68.346,6.199
3.70000,444.045,661.381,482.506,189.090,145.218,336.149,65.517,6.223
3.70333,425.929,631.641,460.904,181.357,139.050,319.172,62.405,6.098
3.70667,407.328,600.990,438.735,173.516,132.785,301.648,59.439,6.043
3.71000,388.520,569.806,416.302,165.582,126.460,284.133,56.239,5.990
3.71333,369.822,538.708,393.929,157.592,120.179,266.500,53.163,5.910
3.71667,351.362,507.959,371.875,149.824,113.868,249.169,50.115,5.868
3.72000,333.343,477.892,350.420,142.247,107.897,232.325,47.115,5.816
3.72333,315.906,448.696,329.506,134.923,102.028,216.027,44.325,5.775
3.72667,299.216,420.649,309.534,127.779,96.385,200.417,41.568,5.732
3.73000,283.341,393.930,290.528,121.121,91.127,185.574,38.982,5.633
3.73333,268.321,368.701,272.616,114.941,86.103,171.542,36.458,5.523
3.73667,254.252,344.981,255.635,109.020,81.326,158.368,34.188,5.546
3.74000,241.187,322.685,239.859,103.447,76.916,146.003,32.058,5.481
3.74333,228.951,302.000,225.292,98.375,72.859,134.581,30.032,5.458
3.74667,217.613,282.929,211.693,93.671,69.051,123.978,28.256,5.379
3.75000,207.242,265.221,199.207,89.224,65.632,114.220,26.481,5.377
3.75333,197.639,249.009,187.683,85.304,62.442,105.319,24.940,5.313
3.75667,188.898,234.190,177.203,81.728,59.508,97.079,23.501,5.376
3.76000,180.902,220.523,167.572,78.340,56.863,89.590,22.138,5.359
3.76333,173.643,208.145,158.878,75.361,54.519,82.741,21.031,5.332
3.76667,167.092,196.890,150.915,72.589,52.285,76.457,19.899,5.258
3.77000,161.108,186.647,143.640,70.046,50.253,70.835,18.989,5.240
3.77333,155.535,177.446,137.150,67.756,48.459,65.797,18.066,5.285
3.77667,150.720,169.023,131.254,65.775,46.842,61.153,17.236,5.255
3.78000,146.269,161.475,125.882,63.932,45.358,56.929,16.470,5.170
3.78333,142.368,154.530,121.034,62.208,43.951,53.111,15.875,5.232
3.78667,138.758,148.366,116.677,60.713,42.804,49.747,15.271,5.262
3.79000,135.449,142.809,112.769,59.357,41.676,46.536,14.671,5.226
3.79333,132.532,137.721,109.202,58.187,40.743,43.775,14.260,5.167
3.79667,129.902,133.211,106.008,57.107,39.861,41.275,13.888,5.233
3.80000,127.610,129.081,103.083,56.094,39.092,38.943,13.355,5.173
3.80333,125.384,125.426,100.509,55.201,38.425,36.889,13.121,5.240
3.80667,123.514,122.103,98.170,54.429,37.721,35.028,12.761,5.198
3.81000,121.821,119.110,96.117,53.781,37.200,33.436,12.468,5.182
3.81333,120.306,116.394,94.199,53.050,36.651,31.975,12.235,5.164
3.81667,118.932,114.055,92.568,52.482,36.192,30.537,11.975,5.197
3.82000,117.698,111.827,91.061,52.006,35.775,29.384,11.787,5.193
3.82333,116.616,109.913,89.655,51.562,35.451,28.218,11.624,5.220
3.82667,115.679,108.140,88.406,51.152,35.094,27.185,11.440,5.134
3.83000,114.794,106.593,87.303,50.810,34.816,26.322,11.345,5.189
3.83333,114.067,105.064,86.348,50.529,34.476,25.510,11.167,5.168
3.83667,113.338,103.873,85.537,50.208,34.393,24.785,11.005,5.185
3.84000,112.722,102.760,84.616,49.955,34.071,24.164,10.934,5.196
3.84333,112.185,101.765,84.045,49.708,33.936,23.554,10.820,5.184
3.84667,111.684,100.866,83.316,49.574,33.779,23.074,10.718,5.179
3.85000,111.236,100.091,82.846,49.412,33.538,22.542,10.617,5.165
3.85333,110.916,99.361,82.408,49.294,33.502,22.189,10.617,5.222
3.85667,110.617,98.733,81.938,49.111,33.379,21.756,10.544,5.181
3.86000,110.328,98.171,81.550,49.040,33.297,21.480,10.480,5.212
3.86333,110.089,97.660,81.186,48.912,33.252,21.108,10.455,5.201
3.86667,109.894,97.212,80.896,48.796,33.102,20.878,10.456,5.214
3.87000,109.666,96.797,80.561,48.766,33.086,20.619,10.374,5.161
3.87333,109.551,96.442,80.392,48.717,32.978,20.382,10.360,5.197
3.87667,109.433,96.214,80.135,48.633,32.929,20.173,10.327,5.251
3.88000,109.332,95.877,80.035,48.591,32.984,20.022,10.312,5.179
3.88333,109.234,95.727,79.854,48.593,32.896,19.913,10.256,5.254
3.88667,109.258,95.493,79.817,48.576,32.918,19.717,10.269,5.235
3.89000,109.211,95.374,79.674,48.609,32.941,19.600,10.225,5.276
3.89333,109.248,95.267,79.583,48.548,32.948,19.459,10.220,5.244
3.89667,109.199,95.068,79.515,48.560,32.933,19.384,10.174,5.246
3.90000,109.184,94.981,79.444,48.577,32.926,19.286,10.176,5.221
3.90333,109.147,94.965,79.422,48.538,32.893,19.229,10.257,5.221
3.90667,109.212,94.868,79.361,48.663,32.872,19.183,10.227,5.337
3.91000,109.199,94.816,79.367,48.557,32.866,19.098,10.221,5.322
3.91333,109.225,94.849,79.391,48.579,32.916,19.053,10.196,5.292
3.91667,109.299,94.787,79.396,48.630,32.906,19.025,10.195,5.270
3.92000,109.445,94.784,79.364,48.679,32.975,19.020,10.236,5.244
3.92333,109.405,94.855,79.385,48.689,32.970,18.950,10.207,5.357
3.92667,109.494,94.811,79.381,48.698,32.921,18.895,10.224,5.346
3.93000,109.560,94.803,79.470,48.732,32.953,18.973,10.188,5.346
3.93333,109.613,94.853,79.453,48.794,32.989,18.830,10.266,5.252
3.93667,109.724,94.949,79.497,48.791,33.079,18.843,10.222,5.328
3.94000,109.798,94.973,79.597,48.904,33.024,18.796,10.149,5.330
3.94333,109.894,94.920,79.576,48.920,33.113,18.832,10.196,5.310
3.94667,110.021,95.029,79.638,48.998,33.124,18.815,10.193,5.378
3.95000,110.149,95.162,79.737,48.964,33.108,18.795,10.250,5.298
3.95333,110.200,95.210,79.777,49.049,33.204,18.785,10.248,5.291
3.95667,110.260,95.275,79.842,49.100,33.133,18.790,10.299,5.322
3.96000,110.394,95.305,79.875,49.105,33.205,18.796,10.262,5.296
3.96333,110.478,95.367,80.043,49.122,33.167,18.804,10.253,5.302
3.96667,110.603,95.477,80.000,49.290,33.269,18.835,10.275,5.318
3.97000,110.674,95.548,80.160,49.321,33.295,18.828,10.308,5.330
3.97333,110.747,95.633,80.207,49.364,33.304,18.833,10.269,5.302
3.97667,110.870,95.637,80.341,49.328,33.386,18.902,10.313,5.330
3.98000,111.023,95.831,80.376,49.443,33.461,18.873,10.312,5.381
3.98333,111.090,95.901,80.366,49.493,33.466,18.873,10.327,5.315
3.98667,111.229,95.947,80.485,49.508,33.463,18.890,10.377,5.354
3.99000,111.344,96.103,80.564,49.589,33.500,18.919,10.374,5.419
3.99333,111.412,96.135,80.603,49.630,33.512,18.948,10.375,5.422
3.99667,111.535,96.269,80.746,49.680,33.463,18.930,10.345,5.410
4.00000,111.646,96.369,80.776,49.702,33.575,18.940,10.346,5.464
4.00333,111.787,96.441,80.856,49.783,33.648,18.946,10.343,5.390
4.00667,111.876,96.503,80.954,49.792,33.635,18.991,10.369,5.435
4.01000,112.032,96.652,81.045,49.854,33.683,19.017,10.398,5.442
4.01333,112.171,96.691,81.130,49.905,33.755,18.980,10.366,5.433
4.01667,112.226,96.844,81.200,50.020,33.780,19.062,10.375,5.405
4.02000,112.288,96.909,81.321,49.987,33.825,19.073,10.404,5.401
4.02333,112.390,96.988,81.370,50.108,33.863,19.069,10.442,5.428
4.02667,112.568,97.134,81.482,50.151,33.888,19.066,10.478,5.424
4.03000,112.721,97.175,81.523,50.190,33.897,19.063,10.436,5.463
4.03333,112.867,97.305,81.624,50.280,33.974,19.084,10.486,5.441
4.03667,112.917,97.363,81.691,50.265,33.983,19.190,10.401,5.458
4.04000,113.131,97.423,81.804,50.310,34.016,19.167,10.424,5.465
4.04333,113.223,97.541,81.850,50.403,34.065,19.220,10.441,5.472
4.04667,113.240,97.641,81.929,50.454,34.150,19.154,10.492,5.381
4.05000,113.389,97.786,81.988,50.525,34.152,19.184,10.519,5.446
4.05333,113.527,97.840,82.097,50.506,34.151,19.220,10.557,5.443
4.05667,113.534,98.025,82.182,50.569,34.180,19.221,10.565,5.432
4.06000,113.768,98.047,82.248,50.661,34.256,19.232,10.476,5.422
4.06333,113.849,98.170,82.392,50.763,34.288,19.252,10.520,5.506
4.06667,113.979,98.290,82.449,50.734,34.242,19.303,10.561,5.473
4.07000,114.135,98.364,82.594,50.866,34.317,19.297,10.510,5.541
4.07333,114.230,98.496,82.625,50.897,34.364,19.314,10.504,5.503
4.07667,114.355,98.483,82.704,50.931,34.399,19.355,10.597,5.568
4.08000,114.466,98.647,82.862,51.038,34.433,19.393,10.620,5.562
4.08333,114.661,98.765,82.952,51.064,34.489,19.404,10.692,5.494
4.08667,114.668,98.909,82.938,51.104,34.508,19.406,10.602,5.508
4.09000,114.820,98.936,83.090,51.203,34.588,19.406,10.610,5.459
4.09333,114.910,99.075,83.075,51.195,34.569,19.421,10.700,5.521
4.09667,115.098,99.176,83.209,51.204,34.578,19.448,10.667,5.514
4.10000,115.124,99.268,83.307,51.318,34.665,19.501,10.669,5.529
4.10333,115.315,99.354,83.464,51.371,34.670,19.523,10.681,5.564
4.10667,115.355,99.463,83.462,51.483,34.706,19.562,10.654,5.535
4.11000,115.511,99.657,83.559,51.466,34.728,19.567,10.699,5.543
4.11333,115.650,99.674,83.644,51.533,34.809,19.554,10.729,5.534
4.11667,115.778,99.818,83.694,51.559,34.787,19.645,10.673,5.493
4.12000,115.875,99.892,83.875,51.644,34.904,19.621,10.738,5.591
4.12333,116.017,99.953,83.881,51.646,34.872,19.636,10.765,5.577
4.12667,116.087,100.145,83.988,51.699,34.925,19.615,10.761,5.552
4.13000,116.263,100.167,84.047,51.742,34.948,19.687,10.781,5.632
4.13333,116.352,100.312,84.122,51.853,35.051,19.682,10.771,5.578
4.13667,116.537,100.407,84.281,51.919,34.988,19.670,10.761,5.629
4.14000,116.580,100.492,84.321,52.020,35.088,19.671,10.778,5.569
4.14333,116.708,100.581,84.364,51.991,35.128,19.768,10.854,5.605
4.14667,116.778,100.626,84.553,52.127,35.205,19.794,10.805,5.615
4.15000,116.888,100.804,84.570,52.135,35.197,19.795,10.780,5.585
4.15333,117.064,100.902,84.673,52.176,35.210,19.791,10.851,5.542
4.15667,117.180,100.984,84.748,52.192,35.337,19.846,10.859,5.600
4.16000,117.239,101.059,84.838,52.251,35.324,19.850,10.869,5.619
4.16333,117.419,101.218,84.900,52.303,35.293,19.825,10.854,5.623
4.16667,117.553,101.403,84.981,52.377,35.457,19.901,10.918,5.665
4.17000,117.657,101.436,85.165,52.392,35.454,19.898,10.881,5.696
4.17333,117.740,101.441,85.205,52.547,35.403,19.907,10.860,5.636
4.17667,117.909,101.659,85.270,52.630,35.473,19.944,10.902,5.620
4.18000,118.063,101.669,85.343,52.563,35.469,19.950,10.882,5.715
4.18333,118.163,101.827,85.452,52.679,35.523,19.967,10.902,5.645
4.18667,118.307,101.932,85.574,52.702,35.595,19.965,10.967,5.688
4.19000,118.414,102.068,85.631,52.782,35.679,20.024,10.978,5.712
4.19333,118.526,102.099,85.741,52.877,35.703,20.005,10.986,5.658
4.19667,118.674,102.233,85.823,52.864,35.749,20.059,10.983,5.666
4.20000,118.751,102.342,85.876,52.913,35.727,20.098,11.023,5.675
4.20333,118.841,102.452,85.939,53.059,35.765,20.152,11.036,5.676
4.20667,118.931,102.488,86.077,53.072,35.786,20.140,11.071,5.691
4.21000,119.085,102.664,86.246,53.170,35.817,20.159,11.058,5.667
4.21333,119.165,102.773,86.236,53.198,35.908,20.118,11.029,5.687
4.21667,119.401,102.874,86.285,53.202,35.885,20.174,11.040,5.670
4.22000,119.476,102.989,86.413,53.243,35.961,20.303,11.082,5.673
4.22333,119.583,103.039,86.517,53.310,35.982,20.222,11.104,5.691
4.22667,119.776,103.184,86.579,53.394,36.003,20.224,11.068,5.721
4.23000,119.851,103.278,86.652,53.417,36.060,20.266,11.147,5.710
4.23333,120.026,103.408,86.742,53.450,36.076,20.270,11.089,5.754
4.23667,120.082,103.472,86.848,53.435,36.076,20.300,11.164,5.712
4.24000,120.151,103.573,86.926,53.602,36.126,20.362,11.084,5.737
4.24333,120.297,103.656,87.063,53.666,36.218,20.369,11.231,5.712
4.24667,120.525,103.791,87.118,53.717,36.354,20.414,11.156,5.731
4.25000,120.649,103.907,87.172,53.776,36.320,20.380,11.208,5.784
4.25333,120.635,104.030,87.281,53.827,36.332,20.439,11.162,5.716
4.25667,120.747,104.104,87.396,53.891,36.362,20.419,11.164,5.741
4.26000,120.944,104.233,87.442,53.892,36.395,20.452,11.191,5.763
4.26333,121.003,104.323,87.573,53.953,36.477,20.523,11.222,5.727
4.26667,121.171,104.470,87.566,54.005,36.464,20.452,11.202,5.757
4.27000,121.293,104.543,87.669,54.065,36.525,20.506,11.195,5.828
4.27333,121.405,104.644,87.846,54.163,36.536,20.489,11.236,5.781
4.27667,121.547,104.704,87.862,54.188,36.558,20.504,11.301,5.813
4.28000,121.657,104.865,88.037,54.289,36.577,20.623,11.290,5.781
4.28333,121.701,104.925,88.019,54.234,36.665,20.618,11.279,5.833
4.28667,121.917,105.122,88.204,54.330,36.678,20.569,11.281,5.771
4.29000,122.078,105.159,88.274,54.394,36.743,20.650,11.291,5.878
4.29333,122.126,105.193,88.299,54.456,36.664,20.677,11.352,5.805
4.29667,122.296,105.306,88.384,54.521,36.702,20.676,11.326,5.865
4.30000,122.451,105.490,88.464,54.576,36.813,20.712,11.404,5.883
4.30333,122.415,105.563,88.570,54.623,36.829,20.798,11.395,5.850
4.30667,122.585,105.664,88.615,54.676,36.929,20.757,11.406,5.777
4.31000,122.723,105.716,88.782,54.713,36.931,20.694,11.369,5.832
4.31333,122.852,105.900,88.803,54.761,36.926,20.785,11.303,5.869
4.31667,122.951,105.937,88.950,54.913,37.000,20.777,11.340,5.905
4.32000,123.091,106.110,89.040,54.879,37.058,20.764,11.377,5.930
4.32333,123.187,106.234,89.126,54.985,37.087,20.829,11.410,5.902
4.32667,123.336,106.295,89.192,55.042,37.162,20.870,11.369,5.893
4.33000,123.496,106.329,89.289,55.016,37.143,20.849,11.419,5.935
4.33333,123.583,106.473,89.408,55.137,37.162,20.870,11.449,5.963
4.33667,123.667,106.599,89.423,55.229,37.229,20.932,11.467,5.864
4.34000,123.784,106.659,89.527,55.264,37.285,20.859,11.521,5.857
4.34333,123.951,106.783,89.597,55.310,37.242,20.880,11.484,5.860
4.34667,124.104,106.924,89.683,55.368,37.298,20.985,11.483,5.820
4.35000,124.175,106.995,89.862,55.387,37.339,20.934,11.516,5.894
4.35333,124.261,107.118,89.943,55.425,37.378,21.008,11.478,5.937
4.35667,124.414,107.177,90.001,55.543,37.439,21.074,11.465,5.878
4.36000,124.598,107.342,90.085,55.529,37.529,21.100,11.495,5.823
4.36333,124.713,107.454,90.142,55.645,37.517,21.057,11.541,5.881
4.36667,124.811,107.507,90.279,55.715,37.594,21.113,11.515,5.975
4.37000,124.969,107.617,90.295,55.740,37.544,21.092,11.591,5.940
4.37333,125.006,107.724,90.396,55.855,37.624,21.123,11.590,5.936
4.37667,125.232,107.828,90.542,55.808,37.599,21.160,11.563,5.908
4.38000,125.304,107.939,90.603,55.875,37.667,21.144,11.617,5.867
4.38333,125.451,108.008,90.749,55.914,37.752,21.240,11.640,5.935
4.38667,125.519,108.170,90.823,55.988,37.788,21.170,11.666,5.943
4.39000,125.642,108.263,90.904,56.108,37.820,21.236,11.618,5.983
4.39333,125.812,108.343,91.020,56.105,37.909,21.272,11.649,6.046
4.39667,125.922,108.443,91.054,56.206,37.905,21.243,11.683,5.974
4.40000,126.023,108.649,91.131,56.264,37.953,21.263,11.615,6.049
4.40333,126.133,108.688,91.276,56.221,37.979,21.356,11.652,6.025
4.40667,126.269,108.793,91.244,56.385,37.943,21.353,11.756,6.027
4.41000,126.401,108.921,91.372,56.405,37.999,21.360,11.674,5.945
4.41333,126.483,108.994,91.468,56.459,38.047,21.405,11.692,6.023
4.41667,126.609,109.070,91.592,56.535,38.109,21.472,11.737,6.060
4.42000,126.770,109.221,91.600,56.540,38.156,21.436,11.712,6.015
4.42333,126.863,109.326,91.757,56.663,38.136,21.471,11.721,5.987
4.42667,127.021,109.438,91.867,56.664,38.163,21.477,11.719,5.994
4.43000,127.044,109.578,91.943,56.751,38.281,21.472,11.787,5.990
4.43333,127.313,109.642,91.988,56.822,38.276,21.497,11.732,6.024
4.43667,127.408,109.664,92.174,56.869,38.384,21.476,11.803,6.037
4.44000,127.538,109.819,92.152,56.895,38.357,21.545,11.752,5.988
4.44333,127.570,109.888,92.294,56.900,38.355,21.501,11.799,6.083
4.44667,127.800,110.037,92.391,57.002,38.456,21.548,11.825,6.034
4.45000,127.845,110.160,92.449,57.066,38.508,21.622,11.808,6.093
4.45333,128.005,110.277,92.561,57.123,38.546,21.588,11.752,6.067
4.45667,128.095,110.388,92.626,57.217,38.551,21.618,11.847,6.067
4.46000,128.213,110.427,92.719,57.203,38.595,21.668,11.787,6.049
4.46333,128.316,110.502,92.788,57.228,38.653,21.637,11.843,6.048
4.46667,128.513,110.657,92.922,57.317,38.658,21.680,11.929,6.033
4.47000,128.611,110.832,92.934,57.401,38.688,21.742,11.871,6.089
4.47333,128.828,110.882,93.030,57.388,38.748,21.763,11.903,6.097
4.47667,128.885,111.020,93.148,57.524,38.799,21.786,11.967,6.155
4.48000,128.969,111.099,93.309,57.596,38.801,21.788,11.904,6.108
4.48333,129.067,111.202,93.384,57.622,38.886,21.794,12.005,6.092
4.48667,129.191,111.320,93.381,57.659,38.889,21.774,12.016,6.064
4.49000,129.346,111.390,93.459,57.771,38.872,21.813,11.973,6.127
4.49333,129.507,111.472,93.620,57.818,38.981,21.865,11.932,6.113
4.49667,129.642,111.629,93.708,57.755,38.969,21.897,11.946,6.135
4.50000,129.690,111.675,93.768,57.901,39.019,21.936,11.989,6.068
4.50333,129.845,111.788,93.871,57.903,39.100,21.913,12.049,6.180
4.50667,129.969,111.982,93.859,57.994,39.161,21.953,12.074,6.167
4.51000,130.063,112.084,94.055,57.970,39.169,22.027,12.048,6.063
4.51333,130.254,112.221,94.191,58.138,39.214,22.008,12.073,6.168
4.51667,130.370,112.261,94.279,58.173,39.188,21.998,12.094,6.174
4.52000,130.419,112.440,94.407,58.190,39.281,22.033,12.038,6.199
4.52333,130.570,112.520,94.443,58.303,39.303,22.013,12.078,6.120
4.52667,130.630,112.503,94.504,58.327,39.336,22.060,12.087,6.083
4.53000,130.804,112.744,94.577,58.386,39.364,22.082,12.090,6.139
4.53333,131.024,112.808,94.687,58.429,39.411,22.098,12.101,6.130
4.53667,131.071,112.902,94.757,58.450,39.446,22.120,12.092,6.155
4.54000,131.194,112.952,94.841,58.565,39.456,22.102,12.087,6.185
4.54333,131.299,113.103,95.013,58.572,39.535,22.158,12.176,6.155
4.54667,131.403,113.107,95.044,58.678,39.544,22.163,12.128,6.182
4.55000,131.563,113.348,95.055,58.655,39.541,22.152,12.132,6.208
4.55333,131.657,113.398,95.228,58.758,39.628,22.174,12.181,6.270
4.55667,131.780,113.520,95.356,58.826,39.680,22.214,12.176,6.192
4.56000,131.947,113.582,95.435,58.884,39.775,22.238,12.216,6.191
4.56333,132.078,113.762,95.435,58.967,39.706,22.258,12.109,6.184
4.56667,132.187,113.820,95.549,59.015,39.730,22.343,12.231,6.278
4.57000,132.286,113.938,95.644,58.982,39.790,22.296,12.211,6.213
4.57333,132.430,114.064,95.727,59.119,39.856,22.314,12.250,6.212
4.57667,132.525,114.170,95.768,59.093,39.906,22.369,12.246,6.239
4.58000,132.645,114.255,95.930,59.199,39.895,22.427,12.262,6.246
4.58333,132.788,114.316,95.947,59.325,39.967,22.415,12.206,6.204
4.58667,132.857,114.384,96.166,59.289,40.003,22.441,12.288,6.291
4.59000,132.964,114.478,96.267,59.348,39.971,22.501,12.298,6.288
4.59333,133.156,114.645,96.270,59.469,40.051,22.492,12.330,6.215
4.59667,133.245,114.768,96.340,59.487,40.132,22.451,12.360,6.202
4.60000,133.332,114.860,96.397,59.523,40.107,22.518,12.344,6.312
4.60333,133.530,114.968,96.531,59.663,40.144,22.575,12.332,6.256
4.60667,133.676,115.032,96.646,59.619,40.216,22.539,12.301,6.258
4.61000,133.740,115.141,96.769,59.754,40.247,22.576,12.371,6.237
4.61333,133.876,115.290,96.793,59.741,40.275,22.600,12.416,6.294
4.61667,133.912,115.441,96.924,59.851,40.400,22.645,12.426,6.247
4.62000,134.149,115.516,96.880,59.891,40.402,22.666,12.395,6.317
4.62333,134.262,115.663,97.046,59.994,40.429,22.640,12.411,6.276
4.62667,134.388,115.708,97.116,60.018,40.457,22.667,12.414,6.341
4.63000,134.586,115.810,97.210,59.978,40.452,22.735,12.423,6.312
4.63333,134.637,115.863,97.339,60.088,40.551,22.697,12.408,6.301
4.63667,134.717,116.044,97.420,60.155,40.516,22.700,12.465,6.299
4.64000,134.956,116.034,97.503,60.177,40.578,22.809,12.471,6.300
4.64333,134.983,116.207,97.565,60.300,40.599,22.757,12.418,6.338
4.64667,135.101,116.337,97.702,60.354,40.712,22.761,12.470,6.331
4.65000,135.210,116.410,97.743,60.366,40.687,22.841,12.478,6.350
4.65333,135.341,116.582,97.835,60.412,40.685,22.855,12.562,6.263
4.65667,135.418,116.679,97.916,60.464,40.807,22.817,12.529,6.350
4.66000,135.583,116.791,97.986,60.566,40.834,22.877,12.523,6.405
4.66333,135.747,116.969,98.135,60.614,40.828,22.939,12.542,6.334
4.66667,135.797,116.952,98.283,60.627,40.873,22.913,12.535,6.388
4.67000,135.936,117.039,98.345,60.712,40.906,22.929,12.484,6.302
4.67333,136.143,117.248,98.435,60.813,40.987,22.948,12.547,6.407
4.67667,136.303,117.264,98.549,60.830,41.048,23.023,12.568,6.395
4.68000,136.310,117.369,98.590,60.910,40.972,22.977,12.626,6.445
4.68333,136.512,117.524,98.682,60.872,41.088,22.991,12.640,6.405
4.68667,136.602,117.579,98.752,61.020,41.177,23.104,12.630,6.429
4.69000,136.724,117.703,98.865,61.083,41.156,23.048,12.651,6.438
4.69333,136.819,117.832,98.945,61.113,41.156,23.057,12.691,6.385
4.69667,136.964,117.974,98.932,61.135,41.226,23.157,12.688,6.419
4.70000,137.077,117.939,99.115,61.163,41.315,23.159,12.646,6.458
4.70333,137.171,118.106,99.167,61.229,41.235,23.146,12.741,6.430
4.70667,137.254,118.246,99.231,61.342,41.331,23.196,12.685,6.422
4.71000,137.463,118.352,99.380,61.339,41.391,23.173,12.741,6.435
4.71333,137.529,118.493,99.489,61.421,41.395,23.204,12.749,6.487
4.71667,137.730,118.519,99.572,61.505,41.442,23.196,12.787,6.433
4.72000,137.861,118.716,99.660,61.550,41.482,23.243,12.728,6.454
4.72333,137.866,118.778,99.693,61.680,41.556,23.264,12.703,6.485
4.72667,138.101,118.827,99.797,61.660,41.538,23.209,12.702,6.513
4.73000,138.164,118.969,99.857,61.744,41.595,23.291,12.753,6.387
4.73333,138.311,119.148,99.984,61.814,41.648,23.388,12.775,6.418
4.73667,138.407,119.178,100.096,61.879,41.585,23.347,12.784,6.475
4.74000,138.494,119.311,100.243,61.889,41.691,23.354,12.762,6.534
4.74333,138.655,119.397,100.278,61.967,41.693,23.407,12.805,6.506
4.74667,138.792,119.482,100.393,61.949,41.780,23.396,12.809,6.438
4.75000,138.966,119.601,100.433,62.011,41.816,23.491,12.841,6.489
4.75333,139.022,119.656,100.601,62.076,41.843,23.475,12.838,6.549
4.75667,139.139,119.792,100.603,62.206,41.830,23.460,12.789,6.488
4.76000,139.327,119.907,100.731,62.224,41.968,23.502,12.834,6.488
4.76333,139.366,120.068,100.838,62.277,41.979,23.532,12.857,6.549
4.76667,139.633,120.135,100.853,62.374,41.996,23.442,12.961,6.523
4.77000,139.664,120.246,101.022,62.370,42.075,23.631,12.851,6.468
4.77333,139.741,120.423,101.036,62.475,42.077,23.510,12.891,6.529
4.77667,139.899,120.441,101.101,62.429,42.124,23.601,12.914,6.577
4.78000,140.064,120.536,101.254,62.546,42.131,23.584,12.957,6.521
4.78333,140.082,120.672,101.334,62.579,42.233,23.595,12.886,6.618
4.78667,140.302,120.690,101.364,62.650,42.210,23.658,12.963,6.561
4.79000,140.380,120.892,101.439,62.730,42.229,23.673,13.008,6.557
4.79333,140.545,120.950,101.624,62.719,42.306,23.694,12.983,6.568
4.79667,140.621,121.086,101.661,62.856,42.343,23.792,13.021,6.644
4.80000,140.810,121.191,101.773,62.876,42.334,23.707,13.012,6.554
4.80333,140.876,121.273,101.874,62.979,42.415,23.781,13.024,6.560
4.80667,141.027,121.363,101.987,63.016,42.392,23.763,13.004,6.539
4.81000,141.153,121.467,102.057,63.102,42.480,23.801,13.026,6.595
4.81333,141.236,121.602,102.112,63.130,42.515,23.770,13.053,6.581
4.81667,141.441,121.673,102.269,63.092,42.526,23.869,13.077,6.616
4.82000,141.471,121.824,102.339,63.268,42.608,23.878,13.053,6.602
4.82333,141.618,121.940,102.440,63.296,42.577,23.841,13.071,6.628
4.82667,141.729,122.040,102.485,63.274,42.642,23.912,13.094,6.580
4.83000,141.859,122.132,102.560,63.376,42.705,23.952,13.110,6.565
4.83333,142.037,122.282,102.654,63.380,42.729,23.979,13.095,6.611
4.83667,142.130,122.338,102.756,63.483,42.756,23.986,13.091,6.636
4.84000,142.264,122.435,102.888,63.537,42.825,23.979,13.138,6.674
4.84333,142.401,122.485,102.959,63.653,42.835,23.956,13.154,6.650
4.84667,142.507,122.616,102.997,63.661,42.843,24.042,13.160,6.608
4.85000,142.617,122.689,103.110,63.705,42.876,24.082,13.216,6.665
4.85333,142.798,122.925,103.162,63.785,42.917,24.081,13.203,6.635
4.85667,142.865,122.968,103.269,63.781,43.007,24.123,13.267,6.645
4.86000,143.024,123.130,103.397,63.829,43.064,24.102,13.204,6.682
4.86333,143.179,123.231,103.476,63.941,43.038,24.187,13.177,6.651
4.86667,143.260,123.316,103.482,64.026,43.079,24.160,13.217,6.603
4.87000,143.362,123.448,103.617,64.027,43.105,24.102,13.268,6.675
4.87333,143.421,123.527,103.770,64.120,43.217,24.209,13.221,6.687
4.87667,143.615,123.627,103.813,64.157,43.272,24.193,13.257,6.687
4.88000,143.736,123.718,103.910,64.213,43.265,24.258,13.249,6.749
4.88333,143.812,123.846,103.952,64.257,43.316,24.270,13.281,6.680
4.88667,143.963,123.939,104.017,64.331,43.304,24.344,13.278,6.711
4.89000,144.148,123.985,104.167,64.375,43.391,24.254,13.349,6.650
4.89333,144.272,124.183,104.242,64.449,43.369,24.305,13.341,6.723
4.89667,144.365,124.265,104.296,64.477,43.471,24.286,13.270,6.713
4.90000,144.493,124.277,104.496,64.518,43.438,24.363,13.355,6.700
4.90333,144.625,124.444,104.585,64.615,43.536,24.420,13.356,6.738
4.90667,144.732,124.568,104.619,64.658,43.581,24.408,13.378,6.744
4.91000,144.849,124.657,104.690,64.745,43.700,24.451,13.439,6.734
4.91333,144.925,124.724,104.786,64.811,43.688,24.431,13.370,6.696
4.91667,145.067,124.881,104.855,64.785,43.683,24.440,13.383,6.762
4.92000,145.160,124.984,104.913,64.976,43.714,24.415,13.393,6.676
4.92333,145.340,125.158,105.036,64.896,43.722,24.530,13.416,6.813
4.92667,145.402,125.207,105.145,64.999,43.739,24.490,13.409,6.730
4.93000,145.610,125.353,105.197,65.030,43.867,24.492,13.445,6.773
4.93333,145.615,125.418,105.276,65.130,43.818,24.511,13.435,6.718
4.93667,145.802,125.548,105.424,65.138,43.895,24.567,13.388,6.788
4.94000,145.960,125.561,105.454,65.174,43.943,24.555,13.460,6.785
4.94333,146.041,125.720,105.567,65.289,43.913,24.555,13.516,6.794
4.94667,146.157,125.836,105.560,65.330,43.995,24.654,13.546,6.803
4.95000,146.289,125.940,105.768,65.351,44.076,24.673,13.456,6.782
4.95333,146.357,126.009,105.791,65.461,44.082,24.764,13.491,6.734
4.95667,146.526,126.117,105.887,65.467,44.111,24.669,13.497,6.772
4.96000,146.628,126.218,106.004,65.509,44.209,24.693,13.515,6.794
4.96333,146.823,126.278,106.069,65.621,44.169,24.775,13.618,6.828
4.96667,146.943,126.364,106.130,65.622,44.210,24.806,13.560,6.809
4.97000,147.032,126.568,106.259,65.696,44.235,24.848,13.567,6.787
4.97333,147.174,126.655,106.455,65.758,44.303,24.799,13.602,6.842
4.97667,147.273,126.790,106.476,65.858,44.362,24.739,13.547,6.819
4.98000,147.356,126.872,106.570,65.885,44.358,24.847,13.588,6.808
4.98333,147.612,126.982,106.721,65.857,44.398,24.829,13.552,6.885
4.98667,147.672,127.045,106.707,66.016,44.445,24.921,13.595,6.827
4.99000,147.756,127.112,106.782,66.050,44.498,24.891,13.620,6.823
4.99333,147.875,127.283,106.858,66.164,44.548,24.938,13.668,6.925
4.99667,147.994,127.372,106.981,66.139,44.543,24.947,13.629,6.948
5.00000,148.119,127.530,107.060,66.172,44.590,24.977,13.730,6.854
5.00333,148.202,127.591,107.151,66.266,44.602,24.961,13.555,6.852
5.00667,148.344,127.658,107.241,66.263,44.665,24.998,13.693,6.887
5.01000,148.490,127.834,107.389,66.382,44.740,25.051,13.646,6.870
5.01333,148.607,127.868,107.411,66.476,44.742,25.070,13.677,6.852
5.01667,148.687,128.055,107.510,66.448,44.824,25.060,13.693,6.853
5.02000,148.849,128.097,107.601,66.546,44.805,25.020,13.751,6.862
5.02333,149.010,128.165,107.666,66.588,44.866,25.094,13.757,6.896
5.02667,149.130,128.308,107.782,66.624,44.939,25.148,13.771,6.897
5.03000,149.279,128.419,107.843,66.735,44.887,25.166,13.694,6.914
5.03333,149.342,128.555,108.009,66.776,44.928,25.128,13.749,6.898
5.03667,149.476,128.632,108.071,66.830,44.966,25.181,13.845,6.890
5.04000,149.643,128.707,108.146,66.894,45.006,25.228,13.852,6.906
5.04333,149.767,128.825,108.220,66.967,45.072,25.187,13.770,6.964
5.04667,149.937,128.904,108.276,67.018,45.157,25.266,13.815,6.880
5.05000,149.962,129.015,108.415,67.042,45.160,25.248,13.827,6.916
5.05333,150.056,129.176,108.465,67.014,45.173,25.244,13.794,6.926
5.05667,150.221,129.244,108.597,67.167,45.173,25.318,13.825,7.018
5.06000,150.274,129.406,108.689,67.158,45.321,25.283,13.887,6.981
5.06333,150.429,129.492,108.665,67.243,45.235,25.346,13.842,6.942
5.06667,150.623,129.536,108.799,67.292,45.288,25.330,13.911,6.946
5.07000,150.685,129.669,108.967,67.346,45.369,25.358,13.938,6.970
5.07333,150.841,129.745,108.971,67.411,45.427,25.452,13.872,6.960
5.07667,150.916,129.930,109.176,67.452,45.486,25.445,13.934,6.922
5.08000,151.034,129.961,109.179,67.491,45.490,25.460,13.962,6.984
5.08333,151.141,130.155,109.305,67.586,45.454,25.466,13.922,6.998
5.08667,151.251,130.254,109.292,67.665,45.516,25.485,13.936,7.013
5.09000,151.380,130.366,109.459,67.603,45.584,25.494,13.954,6.964
5.09333,151.545,130.459,109.620,67.734,45.654,25.549,13.957,7.081
5.09667,151.615,130.517,109.619,67.728,45.709,25.508,13.949,6.982
5.10000,151.899,130.627,109.726,67.872,45.702,25.649,13.916,7.039
5.10333,151.951,130.701,109.858,67.925,45.760,25.597,14.008,7.024
5.10667,152.062,130.837,109.919,67.914,45.700,25.576,14.021,7.004
5.11000,152.152,130.888,109.972,68.047,45.847,25.638,14.064,7.043
5.11333,152.285,131.082,110.020,68.062,45.787,25.648,14.058,7.068
5.11667,152.319,131.100,110.115,68.153,45.884,25.688,14.038,7.049
5.12000,152.516,131.197,110.218,68.295,45.882,25.705,13.968,7.031
5.12333,152.712,131.337,110.443,68.240,45.845,25.695,14.041,7.000
5.12667,152.795,131.439,110.501,68.265,45.946,25.727,14.128,7.062
5.13000,152.912,131.552,110.534,68.347,46.085,25.786,14.078,7.028
5.13333,152.982,131.688,110.603,68.368,46.085,25.730,14.100,7.037
5.13667,153.119,131.778,110.681,68.479,46.147,25.773,14.106,7.033
5.14000,153.186,131.850,110.798,68.468,46.114,25.772,14.087,7.017
5.14333,153.384,131.965,110.813,68.616,46.155,25.854,14.097,7.020
5.14667,153.503,132.130,110.921,68.583,46.213,25.898,14.191,7.095
5.15000,153.608,132.237,111.029,68.727,46.222,25.887,14.117,7.077
5.15333,153.680,132.278,111.076,68.754,46.236,25.830,14.218,7.120
5.15667,153.861,132.320,111.178,68.802,46.305,25.900,14.151,7.101
5.16000,153.914,132.490,111.296,68.846,46.332,25.922,14.261,7.106
5.16333,153.995,132.585,111.408,68.951,46.400,25.928,14.150,7.059
5.16667,154.206,132.646,111.427,68.930,46.400,25.975,14.187,7.106
5.17000,154.352,132.771,111.567,68.969,46.456,26.011,14.209,7.123
5.17333,154.442,132.925,111.655,69.080,46.460,26.024,14.262,7.144
5.17667,154.565,133.039,111.739,69.052,46.570,25.994,14.212,7.158
5.18000,154.669,133.200,111.871,69.196,46.585,26.016,14.219,7.111
5.18333,154.921,133.224,111.897,69.189,46.591,26.088,14.230,7.113
5.18667,154.904,133.284,111.983,69.298,46.642,26.063,14.242,7.138
5.19000,155.091,133.367,112.074,69.341,46.701,26.126,14.278,7.126
5.19333,155.148,133.445,112.139,69.324,46.763,26.090,14.294,7.141
5.19667,155.333,133.592,112.276,69.390,46.732,26.179,14.285,7.124
5.20000,155.431,133.721,112.323,69.497,46.785,26.193,14.338,7.139
5.20333,155.569,133.866,112.392,69.545,46.905,26.119,14.318,7.097
5.20667,155.586,133.913,112.514,69.629,46.840,26.237,14.369,7.153
5.21000,155.723,134.048,112.623,69.663,46.881,26.215,14.401,7.148
5.21333,155.839,134.188,112.695,69.705,46.938,26.235,14.347,7.200
5.21667,155.977,134.208,112.739,69.759,46.941,26.335,14.337,7.162
5.22000,156.068,134.338,112.800,69.881,47.061,26.320,14.329,7.236
5.22333,156.226,134.437,112.962,69.879,47.039,26.289,14.436,7.193
5.22667,156.421,134.555,113.033,69.922,47.070,26.277,14.440,7.204
5.23000,156.545,134.654,113.176,69.927,47.123,26.339,14.390,7.183
5.23333,156.591,134.744,113.248,70.081,47.139,26.363,14.426,7.171
5.23667,156.711,134.839,113.318,70.108,47.155,26.427,14.461,7.263
5.24000,156.909,134.936,113.368,70.132,47.214,26.421,14.446,7.201
5.24333,156.947,135.113,113.556,70.274,47.325,26.441,14.468,7.200
5.24667,157.054,135.149,113.559,70.274,47.386,26.493,14.481,7.200
5.25000,157.278,135.281,113.698,70.304,47.346,26.474,14.561,7.245
5.25333,157.308,135.372,113.785,70.392,47.310,26.456,14.494,7.231
5.25667,157.429,135.487,113.830,70.424,47.419,26.525,14.460,7.262
5.26000,157.581,135.605,113.886,70.403,47.468,26.552,14.448,7.222
5.26333,157.726,135.706,113.955,70.573,47.508,26.543,14.520,7.296
5.26667,157.780,135.777,114.101,70.582,47.458,26.553,14.543,7.287
5.27000,157.894,135.898,114.188,70.616,47.534,26.543,14.579,7.254
5.27333,158.082,136.038,114.311,70.662,47.559,26.608,14.534,7.260
5.27667,158.189,136.113,114.292,70.747,47.597,26.622,14.580,7.258
5.28000,158.272,136.223,114.429,70.839,47.686,26.661,14.534,7.241
5.28333,158.472,136.339,114.522,70.843,47.748,26.667,14.609,7.250
5.28667,158.558,136.382,114.577,70.852,47.724,26.716,14.571,7.253
5.29000,158.655,136.475,114.699,70.947,47.772,26.691,14.617,7.240
5.29333,158.760,136.583,114.745,70.974,47.807,26.615,14.580,7.283
5.29667,158.915,136.677,114.812,71.095,47.776,26.727,14.559,7.296
5.30000,158.964,136.816,114.968,71.132,47.848,26.789,14.669,7.336
5.30333,159.126,136.898,115.005,71.230,47.926,26.801,14.683,7.332
5.30667,159.216,137.017,115.112,71.274,47.938,26.842,14.641,7.391
5.31000,159.434,137.088,115.209,71.325,48.020,26.853,14.687,7.311
5.31333,159.469,137.186,115.318,71.384,48.046,26.830,14.708,7.305
5.31667,159.642,137.333,115.372,71.437,48.051,26.816,14.690,7.321
5.32000,159.768,137.436,115.500,71.552,48.081,26.908,14.724,7.319
5.32333,159.905,137.575,115.686,71.667,48.191,26.989,14.712,7.306
5.32667,160.045,137.752,115.719,71.715,48.272,26.963,14.714,7.350
5.33000,160.227,137.791,115.878,71.896,48.322,26.888,14.738,7.351
5.33333,160.363,137.937,116.071,72.058,48.362,26.924,14.778,7.357
5.33667,160.517,138.089,116.196,72.291,48.427,26.983,14.763,7.380
5.34000,160.650,138.300,116.382,72.481,48.584,27.070,14.745,7.354
5.34333,160.836,138.520,116.625,72.830,48.705,26.975,14.763,7.410
5.34667,161.078,138.716,116.894,73.166,48.863,27.015,14.804,7.368
5.35000,161.344,138.993,117.319,73.735,49.030,27.084,14.813,7.394
5.35333,161.601,139.225,117.626,74.288,49.226,27.130,14.861,7.375
5.35667,162.051,139.670,118.163,75.203,49.551,27.128,14.855,7.409
5.36000,162.420,140.064,118.761,76.181,49.945,27.235,14.908,7.374
5.36333,162.835,140.619,119.563,77.472,50.300,27.176,14.943,7.436
5.36667,163.482,141.300,120.556,79.121,50.989,27.248,14.961,7.386
5.37000,164.166,142.039,121.765,81.118,51.686,27.361,14.963,7.441
5.37333,165.027,143.016,123.161,83.661,52.520,27.480,14.957,7.387
5.37667,166.058,144.213,124.927,86.757,53.584,27.582,14.981,7.418
5.38000,167.303,145.560,127.112,90.461,54.857,27.619,14.993,7.474
5.38333,168.659,147.175,129.643,94.923,56.400,27.700,15.011,7.409
5.38667,170.531,149.140,132.686,100.370,58.272,27.835,15.108,7.414
5.39000,172.505,151.490,136.306,106.767,60.548,28.005,15.111,7.423
5.39333,174.796,154.209,140.640,114.408,63.084,28.102,15.115,7.497
5.39667,177.536,157.438,145.771,123.265,66.159,28.334,15.192,7.542
5.40000,180.740,161.153,151.583,133.627,69.694,28.626,15.247,7.528
5.40333,184.356,165.345,158.257,145.426,73.827,28.863,15.305,7.532
5.40667,188.626,170.119,165.922,159.030,78.434,29.133,15.417,7.612
5.41000,193.265,175.639,174.564,174.452,83.653,29.407,15.496,7.577
5.41333,198.620,181.771,184.255,191.674,89.659,29.789,15.607,7.539
5.41667,204.426,188.594,195.171,210.824,96.128,30.241,15.708,7.614
5.42000,210.879,196.091,207.074,232.101,103.451,30.678,15.857,7.644
5.42333,217.887,204.337,220.130,255.231,111.376,31.180,15.939,7.703
5.42667,225.596,213.162,234.131,280.257,120.083,31.670,16.134,7.683
5.43000,233.863,222.731,249.338,307.108,129.299,32.260,16.263,7.753
5.43333,242.569,232.825,265.431,335.662,139.119,32.814,16.386,7.775
5.43667,251.660,243.530,282.513,365.616,149.506,33.427,16.579,7.861
5.44000,261.348,254.664,300.085,396.823,160.387,34.206,16.764,7.863
5.44333,271.097,266.165,318.286,428.973,171.546,34.843,16.911,7.872
5.44667,281.181,277.878,336.928,461.598,182.902,35.517,17.076,7.926
5.45000,291.291,289.639,355.653,494.462,194.390,36.142,17.238,7.947
5.45333,301.457,301.466,374.275,527.105,205.833,36.881,17.456,7.963
5.45667,311.523,313.060,392.682,559.167,217.186,37.614,17.614,8.018
5.46000,321.133,324.343,410.469,590.150,228.169,38.251,17.844,8.081
5.46333,330.434,335.120,427.546,619.666,238.752,38.957,18.052,8.127
5.46667,339.228,345.305,443.531,647.323,248.531,39.562,18.128,8.134
5.47000,347.280,354.717,458.334,672.751,257.675,40.052,18.228,8.145
5.47333,354.611,363.162,471.667,695.560,265.972,40.587,18.364,8.193
5.47667,361.088,370.731,483.422,715.580,273.176,41.035,18.554,8.309
5.48000,366.512,376.958,493.333,732.481,279.390,41.435,18.627,8.296
5.48333,371.009,382.102,501.384,746.159,284.352,41.806,18.681,8.229
5.48667,374.314,386.031,507.481,756.388,288.086,41.996,18.736,8.264
5.49000,376.628,388.645,511.464,763.186,290.561,42.144,18.845,8.342
5.49333,377.739,389.934,513.458,766.392,291.799,42.344,18.855,8.334
5.49667,377.829,389.982,513.316,766.210,291.730,42.256,18.841,8.323
5.50000,376.791,388.762,511.460,762.701,290.508,42.182,18.819,8.300
5.50333,374.719,386.256,507.491,755.987,288.047,42.077,18.837,8.320
5.50667,371.673,382.707,501.722,746.076,284.514,41.898,18.810,8.315
5.51000,367.726,378.154,494.412,733.458,279.915,41.573,18.762,8.249
5.51333,362.985,372.486,485.541,718.314,274.417,41.380,18.727,8.217
5.51667,357.559,366.210,475.404,700.768,268.098,40.849,18.573,8.268
5.52000,351.483,359.009,464.046,681.193,261.005,40.529,18.502,8.268
5.52333,344.890,351.324,451.758,659.930,253.441,40.119,18.415,8.226
5.52667,337.868,343.128,438.699,637.218,245.248,39.638,18.245,8.196
5.53000,330.529,334.514,425.095,613.474,236.808,39.143,18.120,8.181
5.53333,322.989,325.666,410.989,588.931,228.081,38.662,18.041,8.138
5.53667,315.334,316.713,396.607,563.803,219.324,38.123,17.905,8.135
5.54000,307.606,307.638,382.196,538.508,210.355,37.598,17.797,8.085
5.54333,299.932,298.750,367.876,513.183,201.462,37.095,17.590,8.101
5.54667,292.360,289.798,353.625,488.147,192.680,36.563,17.592,8.136
5.55000,284.890,281.064,339.643,463.576,184.057,36.140,17.448,8.070
5.55333,277.690,272.578,326.148,439.485,175.754,35.655,17.417,8.040
5.55667,270.703,264.360,313.073,416.346,167.740,35.194,17.150,8.013
5.56000,263.943,256.531,300.367,393.859,159.940,34.717,17.122,8.000
5.56333,257.566,249.022,288.280,372.320,152.450,34.254,17.049,8.049
5.56667,251.497,241.891,276.775,351.931,145.396,33.921,16.859,7.966
5.57000,245.629,234.944,265.956,332.499,138.773,33.528,16.853,7.964
5.57333,240.160,228.649,255.704,314.117,132.405,33.111,16.747,7.977
5.57667,235.069,222.697,245.949,296.735,126.509,32.836,16.589,7.963
5.58000,230.318,217.078,236.852,280.546,120.930,32.538,16.592,7.937
5.58333,225.865,211.788,228.353,265.352,115.718,32.228,16.485,7.880
5.58667,221.691,206.875,220.453,251.083,110.873,31.976,16.472,7.940
5.59000,217.752,202.258,213.082,237.871,106.318,31.797,16.405,7.912
5.59333,214.172,198.043,206.165,225.600,102.100,31.511,16.303,7.878
5.59667,210.768,193.977,199.851,214.132,98.239,31.292,16.326,7.867
5.60000,207.720,190.344,193.987,203.526,94.543,31.132,16.284,7.855
5.60333,204.873,187.092,188.464,193.691,91.321,30.963,16.204,7.814
5.60667,202.271,183.982,183.452,184.638,88.197,30.800,16.125,7.786
5.61000,199.861,181.145,178.869,176.154,85.344,30.618,16.144,7.866
5.61333,197.638,178.480,174.511,168.434,82.684,30.448,16.151,7.906
5.61667,195.608,176.047,170.539,161.185,80.214,30.357,16.147,7.826
5.62000,193.732,173.883,166.951,154.634,78.047,30.166,16.075,7.778
5.62333,192.027,171.802,163.568,148.555,75.978,30.111,16.057,7.786
5.62667,190.382,169.891,160.474,142.876,74.030,30.031,16.076,7.878
5.63000,188.947,168.141,157.580,137.765,72.318,29.949,16.010,7.811
5.63333,187.673,166.583,155.022,132.970,70.612,29.817,16.001,7.846
5.63667,186.425,165.161,152.629,128.593,69.125,29.831,16.050,7.819
5.64000,185.327,163.828,150.437,124.568,67.833,29.693,15.956,7.836
5.64333,184.302,162.577,148.322,120.822,66.548,29.668,15.984,7.795
5.64667,183.364,161.432,146.479,117.431,65.430,29.654,15.965,7.800
5.65000,182.512,160.482,144.864,114.187,64.386,29.569,16.007,7.871
5.65333,181.768,159.483,143.246,111.317,63.358,29.537,15.943,7.877
5.65667,181.059,158.633,141.819,108.650,62.446,29.546,15.938,7.827
5.66000,180.446,157.928,140.478,106.223,61.728,29.368,15.903,7.758
5.66333,179.862,157.217,139.204,103.937,60.964,29.386,15.967,7.814
5.66667,179.334,156.487,138.181,101.908,60.238,29.461,15.933,7.820
5.67000,178.884,156.005,137.133,99.994,59.638,29.404,15.969,7.785
5.67333,178.409,155.427,136.177,98.236,59.015,29.343,15.951,7.847
5.67667,178.139,154.922,135.326,96.629,58.406,29.331,15.918,7.851
5.68000,177.689,154.455,134.620,95.073,58.028,29.359,15.950,7.859
5.68333,177.421,154.078,133.916,93.727,57.554,29.311,15.911,7.923
5.68667,177.072,153.786,133.284,92.490,57.150,29.294,15.953,7.896
5.69000,176.903,153.430,132.642,91.303,56.812,29.311,15.955,7.857
5.69333,176.641,153.082,132.188,90.288,56.436,29.340,15.982,7.819
5.69667,176.473,152.883,131.669,89.322,56.105,29.296,15.950,7.879
5.70000,176.330,152.648,131.185,88.373,55.815,29.272,16.007,7.917
5.70333,176.156,152.488,130.784,87.590,55.587,29.329,16.013,7.918
5.70667,176.004,152.264,130.403,86.830,55.326,29.329,16.002,7.880
5.71000,175.969,152.091,130.102,86.219,55.122,29.273,16.016,7.914
5.71333,175.874,151.960,129.862,85.578,54.915,29.300,15.988,7.896
5.71667,175.815,151.817,129.547,84.987,54.772,29.291,15.935,7.892
5.72000,175.748,151.733,129.272,84.485,54.609,29.295,16.030,7.912
5.72333,175.786,151.597,129.066,83.982,54.479,29.436,15.968,7.887
5.72667,175.623,151.523,128.947,83.562,54.303,29.363,15.981,7.931
5.73000,175.631,151.544,128.715,83.198,54.186,29.395,16.067,7.913
5.73333,175.599,151.489,128.596,82.814,54.125,29.396,16.003,7.918
5.73667,175.619,151.436,128.389,82.468,54.021,29.429,16.108,7.952
5.74000,175.594,151.438,128.361,82.179,53.918,29.396,16.110,7.920
5.74333,175.589,151.411,128.198,81.847,53.889,29.439,16.111,7.975
5.74667,175.683,151.365,128.193,81.641,53.790,29.370,16.148,7.903
5.75000,175.732,151.392,128.068,81.450,53.705,29.502,16.113,7.873
5.75333,175.837,151.482,128.000,81.282,53.632,29.454,16.058,7.926
5.75667,175.773,151.423,128.008,81.035,53.635,29.433,16.079,7.935
5.76000,175.843,151.457,127.914,80.923,53.583,29.506,16.128,8.026
5.76333,175.932,151.507,127.931,80.750,53.539,29.561,16.126,8.060
5.76667,175.935,151.453,127.892,80.597,53.540,29.498,16.129,7.997
5.77000,176.050,151.524,127.835,80.519,53.555,29.597,16.159,7.940
5.77333,176.076,151.573,127.845,80.374,53.502,29.514,16.117,7.962
5.77667,176.128,151.597,127.903,80.260,53.403,29.556,16.096,7.992
5.78000,176.291,151.652,127.868,80.210,53.387,29.643,16.139,7.920
5.78333,176.321,151.776,127.912,80.155,53.464,29.557,16.181,8.007
5.78667,176.431,151.768,127.932,80.127,53.463,29.638,16.194,7.959
5.79000,176.493,151.814,127.936,80.097,53.448,29.648,16.224,7.933
5.79333,176.525,151.930,127.924,79.990,53.478,29.672,16.176,8.016
5.79667,176.714,151.943,128.024,80.007,53.504,29.714,16.241,8.005
5.80000,176.755,152.077,127.998,79.985,53.424,29.673,16.322,8.003
5.80333,176.809,152.111,128.125,79.863,53.465,29.672,16.226,7.962
5.80667,176.865,152.215,128.157,79.932,53.486,29.712,16.306,8.010
5.81000,176.934,152.277,128.235,79.848,53.488,29.761,16.280,8.001
5.81333,177.040,152.381,128.195,79.884,53.540,29.820,16.280,8.024
5.81667,177.244,152.516,128.223,79.888,53.521,29.781,16.295,8.036
5.82000,177.288,152.531,128.371,79.860,53.559,29.793,16.281,7.996
5.82333,177.409,152.575,128.377,79.897,53.613,29.798,16.334,8.069
5.82667,177.434,152.682,128.460,79.886,53.478,29.772,16.312,8.028
5.83000,177.541,152.700,128.536,79.898,53.631,29.889,16.318,8.072
5.83333,177.706,152.867,128.542,79.915,53.595,29.813,16.329,8.063
5.83667,177.819,152.967,128.655,79.943,53.649,29.896,16.404,8.072
5.84000,177.939,153.024,128.642,79.931,53.721,29.866,16.337,8.062
5.84333,177.992,153.071,128.781,79.985,53.698,29.922,16.390,8.091
5.84667,178.084,153.188,128.797,80.065,53.698,29.980,16.380,8.112
5.85000,178.241,153.230,128.941,80.040,53.718,29.884,16.381,8.160
5.85333,178.286,153.383,128.984,80.094,53.779,29.955,16.377,8.095
5.85667,178.400,153.384,129.057,80.071,53.798,30.027,16.444,8.110
5.86000,178.502,153.577,129.098,80.172,53.793,30.005,16.421,8.098
5.86333,178.608,153.566,129.182,80.170,53.833,30.036,16.449,8.052
5.86667,178.810,153.757,129.288,80.180,53.888,30.050,16.427,8.079
5.87000,178.831,153.820,129.296,80.289,53.883,30.059,16.478,8.096
5.87333,178.923,153.918,129.397,80.312,53.887,30.010,16.490,8.028
5.87667,179.023,154.006,129.459,80.263,53.901,30.080,16.516,8.145
5.88000,179.142,154.107,129.551,80.331,53.976,30.130,16.564,8.141
5.88333,179.272,154.161,129.595,80.362,54.036,30.094,16.420,8.133
5.88667,179.413,154.233,129.700,80.436,54.016,30.095,16.474,8.120
5.89000,179.508,154.348,129.745,80.485,54.103,30.136,16.454,8.125
5.89333,179.628,154.494,129.849,80.555,54.138,30.219,16.523,8.129
5.89667,179.691,154.516,129.936,80.556,54.119,30.233,16.490,8.150
5.90000,179.809,154.612,129.985,80.619,54.184,30.231,16.499,8.155
5.90333,179.961,154.735,130.082,80.675,54.173,30.259,16.522,8.135
5.90667,180.027,154.815,130.165,80.653,54.240,30.244,16.553,8.173
5.91000,180.142,154.849,130.260,80.752,54.234,30.288,16.569,8.116
5.91333,180.319,154.982,130.295,80.755,54.332,30.320,16.531,8.152
5.91667,180.337,155.115,130.369,80.813,54.353,30.313,16.628,8.166
5.92000,180.412,155.181,130.447,80.876,54.333,30.294,16.584,8.147
5.92333,180.610,155.231,130.502,80.966,54.414,30.382,16.652,8.139
5.92667,180.660,155.370,130.645,80.996,54.372,30.356,16.628,8.193
5.93000,180.828,155.455,130.674,80.979,54.420,30.347,16.596,8.161
5.93333,180.938,155.555,130.806,81.110,54.500,30.393,16.658,8.164
5.93667,181.010,155.677,130.814,81.088,54.510,30.487,16.669,8.218
5.94000,181.169,155.723,130.977,81.141,54.511,30.432,16.694,8.239
5.94333,181.256,155.857,131.000,81.216,54.620,30.492,16.638,8.196
5.94667,181.364,155.933,131.084,81.245,54.663,30.459,16.713,8.225
5.95000,181.454,156.059,131.213,81.286,54.630,30.554,16.660,8.219
5.95333,181.618,156.100,131.261,81.290,54.721,30.509,16.712,8.213
5.95667,181.648,156.224,131.285,81.371,54.791,30.459,16.690,8.149
5.96000,181.794,156.272,131.390,81.455,54.793,30.556,16.706,8.202
5.96333,181.929,156.369,131.483,81.523,54.787,30.550,16.695,8.196
5.96667,181.982,156.503,131.501,81.497,54.800,30.622,16.731,8.206
5.97000,182.062,156.602,131.666,81.580,54.869,30.607,16.771,8.234
5.97333,182.267,156.687,131.744,81.660,54.855,30.645,16.740,8.212
5.97667,182.304,156.742,131.796,81.630,54.953,30.688,16.781,8.257
5.98000,182.495,156.857,131.809,81.668,54.936,30.679,16.805,8.223
5.98333,182.628,156.909,131.894,81.741,54.965,30.662,16.830,8.206
5.98667,182.636,157.002,131.996,81.836,54.989,30.668,16.791,8.191
5.99000,182.720,157.139,132.134,81.875,55.048,30.733,16.726,8.262
5.99333,182.882,157.279,132.124,81.849,55.091,30.773,16.831,8.286
5.99667,182.988,157.319,132.283,82.019,55.221,30.775,16.799,8.237
6.00000,183.099,157.428,132.351,82.051,55.137,30.776,16.877,8.264
6.00333,183.222,157.563,132.371,82.074,55.160,30.818,16.852,8.208
6.00667,183.302,157.575,132.489,82.053,55.264,30.841,16.867,8.284
6.01000,183.375,157.708,132.604,82.129,55.232,30.895,16.829,8.281
6.01333,183.464,157.835,132.637,82.263,55.278,30.799,16.906,8.256
6.01667,183.700,157.864,132.706,82.339,55.325,30.875,16.931,8.240
6.02000,183.754,157.997,132.798,82.362,55.345,30.881,16.940,8.294
6.02333,183.859,158.053,132.873,82.370,55.338,30.890,16.959,8.294
6.02667,184.005,158.130,133.026,82.394,55.369,30.893,16.906,8.283
6.03000,184.115,158.336,133.044,82.390,55.468,30.942,16.934,8.331
6.03333,184.199,158.340,133.097,82.510,55.495,30.925,16.933,8.380
6.03667,184.286,158.470,133.216,82.545,55.483,30.992,16.948,8.324
6.04000,184.407,158.602,133.270,82.640,55.499,30.985,17.012,8.351
6.04333,184.511,158.614,133.422,82.692,55.594,30.987,16.990,8.375
6.04667,184.630,158.736,133.411,82.735,55.586,31.022,16.974,8.311
6.05000,184.715,158.833,133.544,82.735,55.613,31.080,16.983,8.332
6.05333,184.876,158.932,133.600,82.841,55.666,31.048,16.986,8.410
6.05667,184.912,159.022,133.699,82.936,55.712,31.070,17.014,8.342
6.06000,185.090,159.091,133.693,82.949,55.738,31.083,17.003,8.341
6.06333,185.229,159.231,133.879,83.001,55.758,31.082,17.062,8.381
6.06667,185.311,159.310,133.877,83.012,55.839,31.116,17.028,8.384
6.07000,185.434,159.350,133.946,83.015,55.814,31.110,16.991,8.365
6.07333,185.475,159.485,134.053,83.107,55.865,31.145,16.996,8.334
6.07667,185.579,159.537,134.198,83.131,55.876,31.219,17.047,8.381
6.08000,185.698,159.675,134.146,83.193,55.940,31.205,17.005,8.413
6.08333,185.813,159.818,134.282,83.284,55.865,31.224,17.102,8.396
6.08667,185.927,159.866,134.400,83.317,56.019,31.234,17.114,8.368
6.09000,186.057,159.937,134.456,83.426,56.020,31.297,17.045,8.411
6.09333,186.123,160.018,134.477,83.417,56.058,31.244,17.110,8.384
6.09667,186.276,160.120,134.611,83.488,56.044,31.300,17.102,8.400
6.10000,186.342,160.298,134.717,83.488,56.137,31.227,17.165,8.439
6.10333,186.445,160.283,134.707,83.572,56.189,31.276,17.103,8.402
6.10667,186.570,160.398,134.859,83.613,56.230,31.352,17.156,8.408
6.11000,186.746,160.531,134.845,83.633,56.251,31.397,17.169,8.431
6.11333,186.771,160.607,134.935,83.681,56.258,31.389,17.227,8.426
6.11667,186.873,160.735,135.059,83.779,56.304,31.369,17.133,8.513
6.12000,186.953,160.736,135.129,83.782,56.356,31.383,17.202,8.442
6.12333,187.088,160.913,135.241,83.873,56.351,31.446,17.249,8.403
6.12667,187.234,161.003,135.304,83.890,56.363,31.473,17.193,8.390
6.13000,187.301,161.049,135.391,83.962,56.377,31.473,17.200,8.452
6.13333,187.377,161.156,135.455,84.001,56.494,31.558,17.229,8.474
6.13667,187.492,161.193,135.495,84.065,56.481,31.551,17.218,8.423
6.14000,187.593,161.301,135.581,84.069,56.572,31.546,17.272,8.464
6.14333,187.758,161.379,135.758,84.143,56.569,31.558,17.241,8.458
6.14667,187.860,161.546,135.818,84.093,56.591,31.536,17.262,8.474
6.15000,188.054,161.686,135.767,84.218,56.568,31.564,17.262,8.590
6.15333,188.081,161.675,135.917,84.273,56.671,31.601,17.285,8.479
6.15667,188.210,161.747,136.011,84.350,56.707,31.596,17.275,8.449
6.16000,188.260,161.872,136.109,84.380,56.720,31.630,17.334,8.464
6.16333,188.394,161.921,136.103,84.406,56.714,31.656,17.280,8.497
6.16667,188.544,162.100,136.239,84.464,56.738,31.695,17.309,8.487
6.17000,188.595,162.101,136.336,84.546,56.791,31.636,17.378,8.485
6.17333,188.791,162.300,136.388,84.552,56.840,31.687,17.322,8.541
6.17667,188.834,162.346,136.502,84.677,56.937,31.724,17.412,8.489
6.18000,188.984,162.436,136.511,84.670,56.871,31.724,17.377,8.483
6.18333,189.001,162.581,136.604,84.755,56.919,31.748,17.358,8.535
6.18667,189.097,162.587,136.705,84.758,56.990,31.741,17.360,8.516
6.19000,189.303,162.684,136.747,84.806,56.988,31.842,17.438,8.554
6.19333,189.404,162.802,136.862,84.849,56.999,31.749,17.429,8.562
6.19667,189.519,162.856,136.948,84.911,57.045,31.834,17.433,8.496
6.20000,189.568,162.964,136.999,84.955,57.090,31.844,17.411,8.467
6.20333,189.677,163.050,137.110,84.966,57.067,31.835,17.478,8.590
6.20667,189.763,163.163,137.163,84.995,57.177,31.935,17.455,8.597
6.21000,189.890,163.264,137.262,85.080,57.174,31.907,17.496,8.476
6.21333,190.026,163.301,137.281,85.120,57.259,31.943,17.426,8.579
6.21667,190.161,163.421,137.421,85.191,57.267,31.952,17.545,8.540
6.22000,190.229,163.516,137.433,85.268,57.219,31.977,17.494,8.532
6.22333,190.322,163.571,137.505,85.249,57.279,32.026,17.465,8.518
6.22667,190.451,163.688,137.589,85.414,57.387,32.011,17.471,8.627
6.23000,190.526,163.793,137.685,85.352,57.414,32.033,17.494,8.579
6.23333,190.630,163.852,137.773,85.501,57.412,31.993,17.522,8.541
6.23667,190.748,163.990,137.889,85.461,57.436,32.082,17.438,8.604
6.24000,190.868,164.071,137.935,85.571,57.547,32.050,17.543,8.581
6.24333,190.892,164.087,137.955,85.581,57.504,32.173,17.582,8.535
6.24667,191.094,164.243,138.071,85.602,57.575,32.049,17.544,8.571
6.25000,191.188,164.325,138.196,85.782,57.603,32.155,17.614,8.574
6.25333,191.242,164.436,138.249,85.705,57.570,32.083,17.585,8.583
6.25667,191.365,164.552,138.282,85.802,57.583,32.185,17.619,8.596
6.26000,191.475,164.610,138.449,85.865,57.723,32.189,17.593,8.601
6.26333,191.564,164.690,138.482,85.886,57.756,32.162,17.565,8.636
6.26667,191.658,164.771,138.546,85.917,57.820,32.190,17.612,8.606
6.27000,191.772,164.850,138.619,85.959,57.759,32.268,17.614,8.566
6.27333,191.926,164.977,138.740,85.969,57.787,32.220,17.600,8.614
6.27667,192.036,165.019,138.774,86.126,57.815,32.275,17.643,8.649
6.28000,192.158,165.123,138.866,86.090,57.850,32.214,17.652,8.612
6.28333,192.199,165.282,138.902,86.182,57.891,32.253,17.650,8.620
6.28667,192.273,165.354,138.972,86.202,57.920,32.269,17.718,8.687
6.29000,192.453,165.378,139.080,86.200,58.004,32.401,17.649,8.668
6.29333,192.515,165.509,139.102,86.299,57.976,32.431,17.742,8.626
6.29667,192.634,165.566,139.197,86.344,58.032,32.304,17.705,8.678
6.30000,192.769,165.747,139.339,86.394,58.079,32.366,17.700,8.646
6.30333,192.826,165.722,139.364,86.409,58.034,32.360,17.764,8.634
6.30667,192.980,165.870,139.493,86.514,58.094,32.463,17.752,8.680
6.31000,193.103,165.980,139.522,86.540,58.189,32.467,17.661,8.675
6.31333,193.215,166.057,139.567,86.471,58.172,32.480,17.793,8.641
6.31667,193.277,166.190,139.687,86.617,58.251,32.518,17.779,8.707
6.32000,193.312,166.208,139.742,86.735,58.220,32.484,17.780,8.728
6.32333,193.435,166.358,139.827,86.704,58.345,32.500,17.755,8.694
6.32667,193.528,166.405,139.913,86.795,58.289,32.486,17.760,8.669
6.33000,193.781,166.452,140.011,86.782,58.336,32.510,17.835,8.699
6.33333,193.799,166.587,140.104,86.845,58.350,32.524,17.766,8.679
6.33667,193.903,166.633,140.109,86.945,58.413,32.557,17.818,8.700
6.34000,194.000,166.772,140.254,86.937,58.391,32.595,17.838,8.715
6.34333,194.104,166.880,140.272,87.015,58.463,32.610,17.842,8.686
6.34667,194.180,166.912,140.300,87.026,58.482,32.518,17.868,8.717
6.35000,194.286,167.036,140.379,87.167,58.618,32.680,17.903,8.670
6.35333,194.411,167.174,140.510,87.123,58.562,32.683,17.862,8.728
6.35667,194.512,167.195,140.585,87.168,58.590,32.619,17.904,8.691
6.36000,194.623,167.292,140.589,87.241,58.668,32.711,17.891,8.679
6.36333,194.754,167.369,140.690,87.335,58.641,32.733,17.925,8.745
6.36667,194.848,167.502,140.821,87.342,58.720,32.714,17.896,8.704
6.37000,194.899,167.554,140.882,87.424,58.768,32.678,17.920,8.723
6.37333,195.101,167.595,140.961,87.473,58.696,32.773,17.933,8.817
6.37667,195.197,167.795,141.013,87.504,58.749,32.760,17.945,8.780
6.38000,195.217,167.841,141.175,87.547,58.789,32.778,17.901,8.801
6.38333,195.333,167.913,141.172,87.517,58.849,32.894,18.000,8.754
6.38667,195.464,167.985,141.275,87.587,58.902,32.903,17.990,8.800
6.39000,195.526,168.111,141.285,87.677,58.910,32.837,17.960,8.726
6.39333,195.651,168.206,141.383,87.741,58.965,32.842,17.979,8.749
6.39667,195.781,168.255,141.428,87.794,58.989,32.895,17.982,8.806
6.40000,195.878,168.387,141.573,87.832,59.021,32.894,17.990,8.795
6.40333,195.934,168.408,141.592,87.803,59.063,32.912,17.995,8.809
6.40667,196.064,168.520,141.651,87.907,58.982,32.930,18.024,8.792
6.41000,196.264,168.572,141.776,87.955,58.981,32.896,18.030,8.804
6.41333,196.291,168.719,141.831,87.987,59.105,32.969,18.053,8.821
6.41667,196.396,168.782,141.920,88.061,59.144,33.022,18.043,8.791
6.42000,196.490,168.869,142.058,88.092,59.226,33.002,18.089,8.839
6.42333,196.648,168.988,142.064,88.095,59.217,33.047,18.112,8.802
6.42667,196.777,169.130,142.163,88.161,59.263,33.016,17.983,8.810
6.43000,196.799,169.153,142.210,88.271,59.252,33.005,18.080,8.871
6.43333,196.928,169.326,142.226,88.320,59.374,33.019,18.173,8.741
6.43667,197.074,169.303,142.379,88.388,59.316,33.101,18.132,8.845
6.44000,197.061,169.458,142.481,88.355,59.419,33.096,18.095,8.849
6.44333,197.212,169.564,142.512,88.357,59.436,33.177,18.056,8.834
6.44667,197.312,169.609,142.509,88.435,59.428,33.140,18.078,8.846
6.45000,197.403,169.661,142.716,88.533,59.510,33.198,18.158,8.822
6.45333,197.555,169.790,142.726,88.580,59.486,33.166,18.217,8.841
6.45667,197.672,169.875,142.842,88.677,59.520,33.200,18.197,8.860
6.46000,197.706,169.978,142.906,88.688,59.556,33.194,18.144,8.881
6.46333,197.844,170.020,142.928,88.767,59.644,33.209,18.258,8.900
6.46667,197.936,170.180,143.091,88.744,59.632,33.217,18.198,8.951
6.47000,198.021,170.157,143.132,88.808,59.701,33.229,18.217,8.876
6.47333,198.131,170.322,143.261,88.828,59.680,33.301,18.230,8.899
6.47667,198.289,170.368,143.242,88.916,59.704,33.347,18.210,8.874
6.48000,198.364,170.460,143.358,88.943,59.745,33.268,18.275,8.879
6.48333,198.456,170.553,143.479,88.948,59.814,33.386,18.277,8.931
6.48667,198.568,170.708,143.525,88.965,59.826,33.320,18.237,8.921
6.49000,198.748,170.787,143.557,89.033,59.841,33.346,18.231,8.909
6.49333,198.795,170.849,143.663,89.088,59.846,33.415,18.294,8.867
6.49667,198.872,170.986,143.708,89.204,59.891,33.420,18.253,8.933
6.50000,199.008,171.045,143.833,89.244,59.917,33.420,18.260,8.938
6.50333,199.025,171.077,143.931,89.279,60.046,33.434,18.279,8.914
6.50667,199.163,171.239,143.868,89.299,60.042,33.429,18.278,8.997
6.51000,199.264,171.249,144.024,89.379,60.048,33.423,18.308,8.947
6.51333,199.395,171.366,144.080,89.357,60.139,33.499,18.309,8.936
6.51667,199.513,171.507,144.143,89.423,60.114,33.502,18.262,8.910
6.52000,199.559,171.567,144.228,89.485,60.172,33.543,18.312,8.951
6.52333,199.652,171.641,144.246,89.582,60.174,33.545,18.340,8.873
6.52667,199.811,171.708,144.413,89.582,60.225,33.569,18.362,8.930
6.53000,199.896,171.828,144.484,89.533,60.209,33.638,18.345,8.837
6.53333,200.035,171.899,144.615,89.636,60.292,33.547,18.325,8.917
6.53667,200.108,171.930,144.666,89.681,60.274,33.585,18.361,9.013
6.54000,200.240,172.091,144.687,89.740,60.278,33.617,18.410,8.941
6.54333,200.230,172.097,144.723,89.799,60.339,33.697,18.374,8.871
6.54667,200.432,172.261,144.731,89.816,60.373,33.593,18.361,8.975
6.55000,200.526,172.264,144.920,89.834,60.342,33.632,18.371,8.946
6.55333,200.572,172.426,144.952,89.931,60.382,33.742,18.388,9.006
6.55667,200.711,172.492,145.071,89.986,60.466,33.716,18.455,9.017
6.56000,200.859,172.607,145.067,90.072,60.554,33.729,18.458,9.061
6.56333,200.904,172.671,145.180,90.068,60.531,33.728,18.425,9.017
6.56667,201.058,172.757,145.296,90.138,60.507,33.743,18.450,8.967
6.57000,201.137,172.827,145.337,90.173,60.583,33.783,18.464,8.990
6.57333,201.207,172.958,145.429,90.240,60.600,33.837,18.539,9.056
6.57667,201.272,173.039,145.498,90.237,60.688,33.885,18.428,9.024
6.58000,201.455,173.117,145.601,90.341,60.676,33.873,18.494,9.043
6.58333,201.488,173.228,145.644,90.378,60.788,33.845,18.582,9.078
6.58667,201.679,173.309,145.762,90.423,60.785,33.891,18.498,9.024
6.59000,201.696,173.443,145.857,90.468,60.783,33.855,18.545,9.041
6.59333,201.808,173.476,145.848,90.576,60.797,33.915,18.572,9.068
6.59667,201.978,173.539,145.959,90.546,60.905,33.896,18.608,8.998
6.60000,201.986,173.662,146.006,90.597,60.794,33.930,18.572,8.982
6.60333,202.100,173.734,146.167,90.629,60.888,33.931,18.590,9.021
6.60667,202.260,173.873,146.106,90.675,60.961,33.986,18.603,8.967
6.61000,202.335,173.901,146.277,90.706,60.967,33.880,18.591,9.013
6.61333,202.401,174.037,146.207,90.799,60.967,34.003,18.625,9.115
6.61667,202.554,174.085,146.416,90.886,61.067,34.025,18.643,9.126
6.62000,202.653,174.151,146.421,90.835,61.005,34.012,18.620,9.054
6.62333,202.772,174.235,146.519,90.911,61.099,33.910,18.606,9.035
6.62667,202.865,174.351,146.594,90.978,61.135,34.070,18.579,9.106
6.63000,202.976,174.421,146.730,91.055,61.135,34.129,18.656,9.025
6.63333,203.061,174.465,146.716,90.965,61.135,34.144,18.628,9.066
6.63667,203.187,174.643,146.816,91.054,61.222,34.143,18.653,9.124
6.64000,203.335,174.660,146.918,91.156,61.229,34.125,18.672,9.087
6.64333,203.395,174.732,146.977,91.142,61.232,34.091,18.665,9.097
6.64667,203.473,174.900,147.027,91.237,61.318,34.120,18.679,9.029
6.65000,203.562,175.021,147.123,91.263,61.315,34.161,18.722,9.135
6.65333,203.669,175.042,147.198,91.278,61.315,34.185,18.742,9.088
6.65667,203.741,175.152,147.270,91.393,61.437,34.194,18.761,9.102
6.66000,203.840,175.187,147.373,91.455,61.419,34.207,18.723,9.118
6.66333,203.956,175.315,147.380,91.465,61.392,34.277,18.702,9.063
6.66667,204.050,175.411,147.488,91.550,61.568,34.242,18.786,9.123
6.67000,204.110,175.532,147.576,91.588,61.503,34.263,18.758,9.115
6.67333,204.284,175.567,147.591,91.638,61.578,34.264,18.734,9.069
6.67667,204.433,175.669,147.807,91.655,61.577,34.252,18.781,9.101
6.68000,204.449,175.749,147.733,91.694,61.561,34.319,18.769,9.115
6.68333,204.528,175.896,147.802,91.722,61.649,34.379,18.779,9.132
6.68667,204.661,175.903,147.911,91.811,61.673,34.356,18.823,9.180
6.69000,204.793,176.046,148.006,91.839,61.735,34.378,18.809,9.136
6.69333,204.792,176.109,148.068,91.935,61.758,34.374,18.789,9.205
6.69667,204.967,176.181,148.148,91.953,61.721,34.451,18.800,9.175
6.70000,205.096,176.259,148.216,91.992,61.775,34.398,18.804,9.159
6.70333,205.147,176.291,148.257,92.008,61.854,34.367,18.864,9.222
6.70667,205.221,176.422,148.349,92.073,61.915,34.465,18.810,9.235
6.71000,205.352,176.531,148.429,92.097,61.829,34.444,18.865,9.209
6.71333,205.522,176.586,148.465,92.154,61.884,34.524,18.894,9.174
6.71667,205.578,176.698,148.566,92.198,61.944,34.554,18.879,9.179
6.72000,205.694,176.789,148.666,92.211,61.935,34.554,18.908,9.118
6.72333,205.755,176.880,148.731,92.367,62.032,34.504,18.908,9.222
6.72667,205.928,176.971,148.833,92.359,62.096,34.596,18.897,9.218
6.73000,206.008,177.092,148.867,92.459,62.119,34.622,18.947,9.270
6.73333,206.113,177.152,148.984,92.487,62.102,34.619,18.936,9.193
6.73667,206.251,177.256,149.121,92.506,62.193,34.609,18.932,9.169
6.74000,206.361,177.297,149.109,92.601,62.198,34.689,18.980,9.194
6.74333,206.469,177.438,149.254,92.718,62.305,34.676,18.977,9.212
6.74667,206.567,177.570,149.416,92.770,62.393,34.797,19.049,9.166
6.75000,206.740,177.689,149.399,92.893,62.466,34.757,19.151,9.280
6.75333,206.924,177.811,149.637,93.063,62.493,34.800,19.180,9.248
6.75667,207.088,177.966,149.763,93.234,62.669,34.858,19.246,9.245
6.76000,207.280,178.163,149.928,93.332,62.820,34.980,19.303,9.257
6.76333,207.512,178.333,150.164,93.582,62.956,35.086,19.407,9.269
6.76667,207.740,178.588,150.403,93.843,63.193,35.180,19.551,9.218
6.77000,208.075,178.825,150.696,94.186,63.390,35.265,19.729,9.283
6.77333,208.435,179.101,151.060,94.554,63.783,35.468,19.933,9.264
6.77667,208.860,179.428,151.414,95.087,64.205,35.616,20.220,9.245
6.78000,209.273,179.847,151.830,95.663,64.622,35.927,20.538,9.354
6.78333,209.850,180.348,152.492,96.402,65.233,36.230,20.902,9.311
6.78667,210.566,181.033,153.159,97.191,65.900,36.574,21.389,9.269
6.79000,211.381,181.710,153.989,98.339,66.746,36.979,21.992,9.312
6.79333,212.397,182.507,154.939,99.485,67.788,37.485,22.579,9.349
6.79667,213.469,183.488,156.131,100.884,68.888,38.117,23.424,9.350
6.80000,214.773,184.523,157.361,102.653,70.250,38.805,24.334,9.317
6.80333,216.286,185.832,159.014,104.622,71.899,39.613,25.489,9.428
6.80667,217.971,187.384,160.857,107.055,73.854,40.531,26.703,9.499
6.81000,220.027,189.106,162.920,109.714,76.009,41.796,28.275,9.450
6.81333,222.308,191.015,165.244,112.809,78.553,42.991,30.001,9.507
6.81667,224.853,193.299,167.995,116.338,81.448,44.511,31.965,9.572
6.82000,227.798,195.899,171.047,120.373,84.740,46.215,34.271,9.667
6.82333,231.137,198.623,174.550,124.915,88.479,48.076,36.746,9.710
6.82667,234.889,201.960,178.445,130.061,92.622,50.166,39.578,9.738
6.83000,238.946,205.489,182.788,135.689,97.166,52.491,42.736,9.839
6.83333,243.383,209.372,187.571,141.882,102.233,55.150,46.221,9.877
6.83667,248.310,213.583,192.651,148.701,107.749,57.984,50.066,10.018
6.84000,253.708,218.242,198.363,156.028,113.806,61.047,54.148,10.062
6.84333,259.439,223.147,204.382,164.044,120.316,64.347,58.610,10.182
6.84667,265.679,228.585,210.909,172.514,127.293,67.877,63.474,10.392
6.85000,272.171,234.105,217.776,181.479,134.670,71.634,68.459,10.408
6.85333,279.008,240.040,224.952,190.962,142.357,75.651,73.842,10.540
6.85667,286.170,246.217,232.570,200.922,150.419,79.676,79.338,10.675
6.86000,293.583,252.612,240.341,211.080,158.778,84.065,85.124,10.829
6.86333,301.050,259.137,248.250,221.563,167.448,88.474,91.022,10.909
6.86667,308.749,265.729,256.446,232.180,176.055,92.865,97.016,11.051
6.87000,316.502,272.464,264.556,242.880,184.731,97.324,103.038,11.138
6.87333,324.215,279.102,272.745,253.570,193.532,101.752,108.986,11.307
6.87667,331.753,285.636,280.660,264.053,202.056,106.156,114.949,11.394
6.88000,339.109,292.011,288.450,274.237,210.496,110.449,120.701,11.593
6.88333,346.242,298.164,295.939,284.100,218.467,114.653,126.231,11.664
6.88667,353.000,303.924,303.063,293.369,226.095,118.464,131.421,11.809
6.89000,359.229,309.375,309.743,302.067,233.172,122.083,136.417,11.864
6.89333,365.031,314.342,315.797,310.011,239.755,125.452,140.887,12.053
6.89667,370.165,318.870,321.221,317.167,245.524,128.487,144.974,12.109
6.90000,374.697,322.786,326.004,323.464,250.687,131.121,148.463,12.160
6.90333,378.607,326.217,330.102,328.715,254.970,133.339,151.389,12.221
6.90667,381.650,328.781,333.404,332.996,258.522,135.120,153.864,12.340
6.91000,384.108,330.897,335.835,336.209,261.172,136.436,155.722,12.394
6.91333,385.737,332.316,337.536,338.441,262.917,137.440,156.915,12.362
6.91667,386.535,333.089,338.446,339.468,263.814,137.823,157.526,12.393
6.92000,386.690,333.143,338.448,339.524,263.821,137.872,157.511,12.428
6.92333,385.968,332.520,337.704,338.515,263.004,137.477,156.907,12.377
6.92667,384.691,331.408,336.257,336.514,261.344,136.585,155.815,12.315
6.93000,382.553,329.587,334.030,333.524,258.872,135.365,154.046,12.300
6.93333,379.947,327.357,331.163,329.749,255.745,133.717,151.894,12.372
6.93667,376.645,324.435,327.676,325.095,251.963,131.740,149.236,12.210
6.94000,372.861,321.161,323.654,319.695,247.686,129.563,146.183,12.186
6.94333,368.665,317.512,319.119,313.780,242.620,127.010,142.737,12.133
6.94667,364.019,313.602,314.224,307.102,237.313,124.268,139.021,12.053
6.95000,359.056,309.258,308.866,300.165,231.500,121.300,135.014,12.001
6.95333,353.874,304.717,303.338,292.759,225.504,118.260,130.832,11.906
6.95667,348.445,300.081,297.545,285.104,219.171,114.944,126.522,11.734
6.96000,342.922,295.177,291.635,277.199,212.643,111.625,122.027,11.685
6.96333,337.184,290.239,285.589,269.255,206.164,108.330,117.459,11.597
6.96667,331.544,285.380,279.492,261.159,199.600,104.966,112.896,11.499
6.97000,325.821,280.424,273.411,253.132,192.916,101.445,108.289,11.367
6.97333,320.175,275.593,267.429,245.110,186.391,98.162,103.843,11.268
6.97667,314.598,270.745,261.459,237.316,179.920,94.912,99.277,11.213
6.98000,309.157,266.094,255.685,229.586,173.641,91.700,95.029,11.063
6.98333,303.865,261.488,250.047,222.031,167.553,88.552,90.702,11.020
6.98667,298.694,257.048,244.601,214.830,161.599,85.452,86.609,10.989
6.99000,293.856,252.787,239.382,207.867,155.925,82.597,82.692,10.879
6.99333,289.136,248.702,234.248,201.182,150.458,79.831,78.918,10.773
6.99667,284.652,244.834,229.436,194.720,145.185,77.088,75.253,10.786
7.00000,280.307,241.069,224.859,188.608,140.148,74.606,71.766,10.667
7.00333,276.159,237.567,220.543,182.813,135.391,72.139,68.499,10.562
7.00667,272.234,234.248,216.305,177.293,130.883,69.856,65.326,10.494
7.01000,268.592,231.084,212.450,172.083,126.495,67.639,62.358,10.519
7.01333,265.160,228.107,208.763,167.197,122.627,65.533,59.653,10.378
7.01667,261.964,225.302,205.220,162.628,118.834,63.676,57.018,10.374
7.02000,258.926,222.671,202.071,158.263,115.234,61.803,54.500,10.287
7.02333,256.082,220.231,198.997,154.109,111.964,60.103,52.284,10.266
7.02667,253.397,217.912,196.134,150.388,108.733,58.521,50.112,10.217
7.03000,250.952,215.804,193.500,146.763,105.820,57.076,48.034,10.201
7.03333,248.605,213.761,191.038,143.416,103.111,55.668,46.098,10.080
7.03667,246.412,211.855,188.629,140.266,100.538,54.370,44.366,10.060
7.04000,244.425,210.142,186.456,137.361,98.194,53.061,42.672,10.007
7.04333,242.460,208.518,184.471,134.684,95.965,51.991,41.121,10.090
7.04667,240.756,206.959,182.579,132.118,93.795,50.936,39.661,10.041
7.05000,239.226,205.572,180.794,129.740,91.923,49.945,38.343,9.986
7.05333,237.617,204.326,179.167,127.458,90.120,49.007,37.127,9.941
7.05667,236.277,203.072,177.648,125.550,88.358,48.154,35.882,9.961
7.06000,234.958,201.911,176.181,123.549,86.868,47.351,34.782,9.866
7.06333,233.734,200.909,174.922,121.817,85.366,46.619,33.856,9.953
7.06667,232.677,199.945,173.705,120.089,83.996,45.907,32.845,9.883
7.07000,231.586,199.079,172.647,118.614,82.776,45.204,31.983,9.864
7.07333,230.628,198.236,171.589,117.131,81.561,44.651,31.158,9.835
7.07667,229.739,197.501,170.607,115.828,80.452,44.108,30.398,9.896
7.08000,229.014,196.751,169.658,114.595,79.482,43.617,29.735,9.818
7.08333,228.136,196.123,168.837,113.392,78.565,43.108,28.973,9.820
7.08667,227.468,195.475,168.074,112.352,77.658,42.620,28.347,9.794
7.09000,226.831,194.926,167.333,111.386,76.839,42.319,27.845,9.841
7.09333,226.264,194.483,166.693,110.443,76.112,41.888,27.236,9.826
7.09667,225.740,193.995,166.014,109.626,75.365,41.571,26.875,9.785
7.10000,225.233,193.540,165.487,108.820,74.775,41.162,26.298,9.783
7.10333,224.827,193.152,165.000,108.088,74.157,40.853,25.795,9.766
7.10667,224.316,192.795,164.501,107.489,73.588,40.501,25.534,9.799
7.11000,223.937,192.458,164.055,106.763,73.023,40.295,25.148,9.712
7.11333,223.636,192.145,163.685,106.205,72.527,40.084,24.745,9.736
7.11667,223.265,191.864,163.306,105.588,72.154,39.827,24.480,9.763
7.12000,223.056,191.566,162.954,105.163,71.679,39.611,24.167,9.824
7.12333,222.704,191.458,162.564,104.709,71.270,39.436,23.828,9.780
7.12667,222.446,191.218,162.318,104.256,70.935,39.258,23.593,9.783
7.13000,222.291,191.015,162.099,103.881,70.630,39.053,23.373,9.743
7.13333,222.163,190.920,161.852,103.493,70.239,38.925,23.161,9.772
7.13667,221.877,190.627,161.605,103.198,70.028,38.782,22.916,9.754
7.14000,221.739,190.581,161.367,102.841,69.758,38.689,22.750,9.749
7.14333,221.578,190.426,161.241,102.495,69.486,38.569,22.637,9.770
7.14667,221.541,190.363,161.043,102.244,69.228,38.459,22.463,9.744
7.15000,221.350,190.242,160.989,102.061,69.046,38.279,22.229,9.728
7.15333,221.249,190.161,160.810,101.873,68.868,38.208,22.120,9.756
7.15667,221.212,190.120,160.664,101.586,68.735,38.142,21.972,9.771
7.16000,221.155,190.032,160.534,101.423,68.573,38.067,21.860,9.745
7.16333,221.125,189.916,160.458,101.234,68.359,37.972,21.830,9.705
7.16667,221.094,189.969,160.384,100.996,68.260,37.930,21.645,9.809
7.17000,221.088,189.866,160.328,100.974,68.176,37.815,21.549,9.726
7.17333,220.988,189.839,160.282,100.823,68.017,37.746,21.386,9.760
7.17667,220.922,189.875,160.240,100.646,67.944,37.715,21.397,9.768
7.18000,220.999,189.869,160.211,100.603,67.863,37.658,21.275,9.796
7.18333,221.027,189.890,160.146,100.481,67.754,37.675,21.220,9.772
7.18667,220.959,189.855,160.154,100.370,67.648,37.549,21.141,9.761
7.19000,220.989,189.875,160.099,100.333,67.579,37.561,21.117,9.771
7.19333,221.016,189.833,160.048,100.225,67.543,37.507,21.032,9.867
7.19667,221.033,189.962,160.060,100.234,67.512,37.522,20.996,9.752
7.20000,221.080,189.933,160.059,100.163,67.455,37.484,20.990,9.793
7.20333,221.097,189.972,160.097,100.109,67.357,37.441,20.984,9.739
7.20667,221.088,190.023,160.071,100.036,67.357,37.479,20.886,9.761
7.21000,221.182,190.037,160.136,99.961,67.314,37.399,20.874,9.839
7.21333,221.248,190.042,160.128,99.954,67.320,37.437,20.811,9.758
7.21667,221.275,190.128,160.131,100.043,67.243,37.439,20.854,9.795
7.22000,221.283,190.134,160.164,99.925,67.241,37.335,20.727,9.810
7.22333,221.362,190.231,160.174,99.910,67.297,37.382,20.701,9.718
7.22667,221.346,190.264,160.245,99.873,67.203,37.403,20.712,9.860
7.23000,221.428,190.332,160.230,99.939,67.151,37.451,20.702,9.801
7.23333,221.517,190.314,160.269,99.834,67.140,37.409,20.655,9.860
7.23667,221.581,190.398,160.340,99.991,67.136,37.431,20.674,9.812
7.24000,221.676,190.436,160.348,99.861,67.193,37.420,20.688,9.838
7.24333,221.739,190.489,160.400,99.893,67.208,37.390,20.688,9.814
7.24667,221.870,190.627,160.406,99.896,67.188,37.390,20.581,9.873
7.25000,221.938,190.628,160.469,99.956,67.248,37.355,20.570,9.806
7.25333,222.020,190.743,160.629,99.907,67.169,37.411,20.625,9.814
7.25667,222.014,190.793,160.589,99.972,67.179,37.371,20.566,9.801
7.26000,222.140,190.892,160.635,99.953,67.195,37.311,20.633,9.841
7.26333,222.196,190.942,160.693,99.987,67.167,37.394,20.576,9.901
7.26667,222.303,191.030,160.701,100.032,67.239,37.378,20.515,9.837
7.27000,222.392,191.081,160.811,100.049,67.223,37.414,20.560,9.947
7.27333,222.531,191.187,160.855,100.050,67.282,37.369,20.623,9.899
7.27667,222.560,191.224,160.929,100.015,67.219,37.442,20.570,9.907
7.28000,222.655,191.347,160.983,100.153,67.249,37.445,20.548,9.798
7.28333,222.779,191.380,161.043,100.087,67.349,37.516,20.559,9.858
7.28667,222.843,191.488,161.015,100.193,67.295,37.451,20.544,9.888
7.29000,222.950,191.567,161.209,100.182,67.309,37.458,20.611,9.897
7.29333,222.997,191.619,161.230,100.245,67.354,37.518,20.630,9.851
7.29667,223.117,191.699,161.237,100.339,67.351,37.462,20.598,9.895
7.30000,223.250,191.833,161.311,100.301,67.407,37.535,20.527,9.869
7.30333,223.284,191.901,161.402,100.282,67.349,37.510,20.621,9.913
7.30667,223.477,191.939,161.520,100.356,67.475,37.523,20.597,9.819
7.31000,223.476,192.077,161.489,100.405,67.424,37.548,20.611,9.833
7.31333,223.614,192.150,161.592,100.443,67.473,37.552,20.546,9.880
7.31667,223.707,192.209,161.714,100.501,67.453,37.532,20.630,9.956
7.32000,223.854,192.212,161.775,100.603,67.570,37.571,20.684,9.876
7.32333,223.898,192.379,161.810,100.550,67.571,37.632,20.613,9.946
7.32667,223.911,192.440,161.905,100.586,67.577,37.557,20.591,9.934
7.33000,224.049,192.452,161.936,100.650,67.603,37.558,20.593,9.894
7.33333,224.126,192.606,162.068,100.666,67.608,37.668,20.572,9.953
7.33667,224.282,192.637,162.121,100.751,67.631,37.653,20.655,9.956
7.34000,224.376,192.795,162.199,100.741,67.677,37.661,20.645,9.945
7.34333,224.485,192.835,162.195,100.782,67.703,37.751,20.604,9.974
7.34667,224.611,192.922,162.326,100.825,67.737,37.655,20.616,9.906
7.35000,224.700,193.080,162.372,100.900,67.701,37.617,20.692,9.987
7.35333,224.760,193.057,162.444,100.935,67.719,37.725,20.637,9.931
7.35667,224.864,193.193,162.473,100.948,67.829,37.736,20.692,9.919
7.36000,225.071,193.274,162.616,101.048,67.852,37.738,20.711,9.927
7.36333,225.057,193.384,162.632,101.034,67.844,37.749,20.683,10.028
7.36667,225.160,193.393,162.776,101.107,67.906,37.797,20.667,9.940
7.37000,225.251,193.579,162.804,101.164,67.881,37.758,20.712,9.910
7.37333,225.283,193.606,162.914,101.162,67.974,37.816,20.742,10.001
7.37667,225.460,193.712,162.929,101.268,68.008,37.811,20.667,10.014
7.38000,225.564,193.852,162.983,101.269,68.006,37.850,20.673,9.985
7.38333,225.612,193.826,163.040,101.317,68.057,37.835,20.618,10.001
7.38667,225.784,193.909,163.203,101.338,68.029,37.862,20.658,10.006
7.39000,225.889,194.088,163.260,101.383,68.104,37.908,20.745,9.963
7.39333,225.973,194.101,163.332,101.445,68.155,37.910,20.631,10.005
7.39667,226.108,194.270,163.337,101.503,68.177,37.979,20.754,10.027
7.40000,226.177,194.249,163.445,101.529,68.166,37.917,20.822,10.008
7.40333,226.287,194.423,163.489,101.610,68.185,37.905,20.711,10.039
7.40667,226.379,194.510,163.579,101.665,68.203,37.946,20.847,10.104
7.41000,226.500,194.579,163.657,101.668,68.209,37.937,20.806,9.993
7.41333,226.597,194.684,163.715,101.774,68.370,37.977,20.830,10.009
7.41667,226.655,194.781,163.824,101.735,68.353,38.004,20.876,9.996
7.42000,226.754,194.875,163.904,101.817,68.405,38.062,20.856,10.034
7.42333,226.862,194.959,163.926,101.829,68.460,38.058,20.833,10.078
7.42667,226.921,195.010,164.004,101.864,68.378,38.068,20.802,10.002
7.43000,227.011,195.150,164.070,101.981,68.489,38.078,20.839,10.065
7.43333,227.159,195.220,164.162,102.030,68.534,38.083,20.911,10.106
7.43667,227.241,195.287,164.319,102.101,68.487,38.162,20.939,10.016
7.44000,227.413,195.334,164.313,102.098,68.589,38.185,20.863,10.070
7.44333,227.469,195.448,164.453,102.116,68.580,38.228,20.836,10.107
7.44667,227.529,195.526,164.491,102.136,68.561,38.184,20.897,10.054
7.45000,227.735,195.671,164.497,102.232,68.639,38.223,20.900,10.005
7.45333,227.786,195.675,164.650,102.322,68.701,38.264,20.910,10.079
7.45667,227.926,195.796,164.727,102.341,68.667,38.210,20.892,10.099
7.46000,227.964,195.831,164.798,102.347,68.712,38.267,20.893,10.139
7.46333,228.057,195.932,164.892,102.396,68.741,38.334,20.937,10.160
7.46667,228.176,196.046,164.906,102.422,68.791,38.320,20.946,10.102
7.47000,228.302,196.211,165.032,102.535,68.779,38.325,20.960,10.137
7.47333,228.424,196.269,165.071,102.606,68.827,38.276,20.943,10.101
7.47667,228.479,196.297,165.149,102.627,68.884,38.274,20.916,10.128
7.48000,228.605,196.406,165.307,102.631,68.868,38.350,20.936,10.166
7.48333,228.714,196.415,165.290,102.678,68.905,38.322,20.973,10.121
7.48667,228.808,196.602,165.357,102.674,68.964,38.361,21.000,10.135
7.49000,228.951,196.659,165.431,102.787,69.008,38.387,21.022,10.116
7.49333,229.094,196.726,165.487,102.851,69.093,38.448,20.972,10.207
7.49667,229.146,196.844,165.624,102.892,69.034,38.425,21.051,10.154
7.50000,229.178,196.954,165.630,102.900,69.135,38.433,21.067,10.114
7.50333,229.364,197.014,165.736,102.943,69.116,38.403,21.041,10.116
7.50667,229.446,197.113,165.722,103.022,69.183,38.489,21.036,10.195
7.51000,229.576,197.245,165.875,103.088,69.198,38.495,21.103,10.166
7.51333,229.601,197.270,166.041,103.044,69.238,38.569,21.076,10.155
7.51667,229.784,197.406,166.059,103.216,69.231,38.498,21.037,10.132
7.52000,229.824,197.433,166.168,103.213,69.284,38.601,21.143,10.169
7.52333,229.952,197.518,166.267,103.198,69.311,38.609,21.071,10.174
7.52667,230.086,197.612,166.307,103.305,69.384,38.635,21.161,10.186
7.53000,230.172,197.735,166.349,103.338,69.445,38.620,21.109,10.202
7.53333,230.248,197.822,166.308,103.370,69.444,38.711,21.136,10.189
7.53667,230.409,197.908,166.529,103.465,69.445,38.700,21.106,10.206
7.54000,230.442,197.975,166.529,103.540,69.539,38.658,21.167,10.202
7.54333,230.659,198.123,166.703,103.573,69.549,38.728,21.172,10.162
7.54667,230.703,198.213,166.689,103.658,69.554,38.728,21.104,10.163
7.55000,230.699,198.222,166.848,103.622,69.584,38.742,21.119,10.276
7.55333,230.889,198.445,166.832,103.676,69.647,38.723,21.182,10.228
7.55667,230.988,198.445,166.965,103.775,69.563,38.765,21.170,10.212
7.56000,231.053,198.482,167.019,103.803,69.642,38.786,21.195,10.227
7.56333,231.217,198.660,167.060,103.802,69.625,38.783,21.232,10.275
7.56667,231.291,198.711,167.161,103.869,69.650,38.785,21.164,10.183
7.57000,231.447,198.793,167.294,103.923,69.824,38.771,21.150,10.254
7.57333,231.516,198.854,167.333,103.968,69.842,38.837,21.234,10.227
7.57667,231.632,199.017,167.401,104.033,69.901,38.814,21.270,10.272
7.58000,231.682,199.117,167.489,104.071,69.860,38.956,21.263,10.221
7.58333,231.835,199.191,167.531,104.115,69.867,38.960,21.251,10.253
7.58667,231.954,199.279,167.647,104.141,69.913,38.943,21.305,10.219
7.59000,232.033,199.378,167.681,104.227,69.987,38.848,21.279,10.260
7.59333,232.135,199.421,167.757,104.281,69.934,38.939,21.325,10.239
7.59667,232.307,199.528,167.853,104.284,69.986,38.935,21.250,10.326
7.60000,232.305,199.613,167.965,104.373,70.053,39.018,21.321,10.282
7.60333,232.410,199.722,168.014,104.366,70.085,39.003,21.309,10.330
7.60667,232.499,199.762,168.122,104.505,70.017,39.072,21.313,10.247
7.61000,232.651,199.912,168.178,104.471,70.139,39.029,21.341,10.279
7.61333,232.746,200.004,168.212,104.502,70.119,39.107,21.321,10.318
7.61667,232.913,200.093,168.277,104.655,70.224,39.051,21.381,10.307
7.62000,232.951,200.252,168.362,104.612,70.271,39.110,21.364,10.266
7.62333,233.159,200.257,168.431,104.699,70.278,39.079,21.378,10.291
7.62667,233.196,200.387,168.550,104.675,70.385,39.058,21.435,10.304
7.63000,233.259,200.497,168.614,104.747,70.370,39.099,21.430,10.293
7.63333,233.404,200.504,168.639,104.849,70.361,39.125,21.437,10.303
7.63667,233.552,200.576,168.759,104.893,70.469,39.117,21.390,10.280
7.64000,233.617,200.711,168.824,104.942,70.426,39.258,21.413,10.331
7.64333,233.692,200.810,168.902,104.964,70.433,39.229,21.419,10.309
7.64667,233.809,200.934,168.978,105.000,70.459,39.251,21.524,10.237
7.65000,233.980,200.966,169.068,105.088,70.530,39.215,21.467,10.330
7.65333,234.052,201.071,169.135,105.091,70.563,39.265,21.530,10.358
7.65667,234.175,201.124,169.228,105.166,70.621,39.287,21.530,10.335
7.66000,234.190,201.253,169.282,105.184,70.602,39.304,21.538,10.330
7.66333,234.370,201.320,169.395,105.262,70.703,39.335,21.522,10.339
7.66667,234.451,201.451,169.499,105.288,70.677,39.357,21.561,10.372
7.67000,234.545,201.528,169.503,105.353,70.796,39.313,21.538,10.392
7.67333,234.665,201.634,169.656,105.302,70.741,39.432,21.552,10.349
7.67667,234.764,201.704,169.672,105.363,70.829,39.369,21.584,10.332
7.68000,234.924,201.787,169.707,105.437,70.887,39.335,21.530,10.381
7.68333,235.002,201.883,169.880,105.549,70.839,39.453,21.605,10.391
7.68667,235.136,201.972,169.869,105.534,70.878,39.453,21.514,10.355
7.69000,235.223,202.077,170.005,105.647,70.845,39.468,21.559,10.401
7.69333,235.309,202.129,170.080,105.682,70.899,39.464,21.645,10.350
7.69667,235.462,202.286,170.120,105.688,71.005,39.469,21.571,10.389
7.70000,235.566,202.360,170.237,105.746,70.981,39.496,21.582,10.381
7.70333,235.624,202.492,170.291,105.832,70.968,39.517,21.585,10.453
7.70667,235.700,202.553,170.340,105.921,71.059,39.555,21.613,10.422
7.71000,235.811,202.614,170.409,105.944,71.069,39.558,21.601,10.394
7.71333,235.946,202.758,170.548,105.990,71.186,39.609,21.641,10.445
7.71667,236.040,202.799,170.579,106.042,71.138,39.626,21.631,10.460
7.72000,236.132,202.865,170.719,106.051,71.185,39.665,21.621,10.429
7.72333,236.275,203.030,170.753,106.112,71.266,39.641,21.679,10.407
7.72667,236.312,203.077,170.871,106.163,71.200,39.643,21.736,10.419
7.73000,236.520,203.155,170.983,106.192,71.283,39.699,21.678,10.428
7.73333,236.550,203.244,170.981,106.374,71.281,39.714,21.678,10.470
7.73667,236.707,203.404,171.114,106.301,71.347,39.743,21.676,10.413
7.74000,236.752,203.422,171.134,106.425,71.370,39.780,21.681,10.472
7.74333,236.896,203.517,171.233,106.457,71.435,39.758,21.743,10.493
7.74667,236.997,203.670,171.320,106.513,71.474,39.799,21.752,10.486
7.75000,237.108,203.692,171.400,106.487,71.554,39.753,21.751,10.501
7.75333,237.161,203.773,171.446,106.534,71.564,39.820,21.749,10.405
7.75667,237.386,203.893,171.588,106.618,71.597,39.818,21.765,10.493
7.76000,237.439,204.015,171.592,106.634,71.552,39.835,21.825,10.494
7.76333,237.568,204.124,171.684,106.735,71.639,39.828,21.776,10.456
7.76667,237.661,204.206,171.779,106.785,71.625,39.864,21.742,10.478
7.77000,237.688,204.293,171.847,106.796,71.713,39.896,21.815,10.508
7.77333,237.881,204.359,171.963,106.883,71.738,39.985,21.804,10.546
7.77667,238.040,204.498,172.059,107.006,71.768,39.916,21.873,10.487
7.78000,238.108,204.567,172.056,106.955,71.822,39.944,21.876,10.501
7.78333,238.249,204.637,172.159,106.960,71.828,39.939,21.862,10.474
7.78667,238.335,204.743,172.211,107.066,71.915,39.937,21.880,10.537
7.79000,238.442,204.847,172.357,107.116,71.918,40.020,21.880,10.520
7.79333,238.552,204.923,172.372,107.103,71.958,40.001,21.860,10.471
7.79667,238.736,204.984,172.514,107.157,71.978,40.017,21.820,10.523
7.80000,238.810,205.082,172.498,107.237,71.985,39.967,21.881,10.563
7.80333,238.847,205.194,172.650,107.282,72.002,40.056,21.946,10.572
7.80667,238.990,205.292,172.758,107.337,72.022,40.074,21.967,10.491
7.81000,239.144,205.367,172.770,107.431,72.094,40.153,21.901,10.572
7.81333,239.240,205.494,172.839,107.466,72.147,40.114,21.959,10.526
7.81667,239.322,205.586,172.951,107.540,72.187,40.190,21.916,10.516
7.82000,239.496,205.669,172.991,107.494,72.181,40.105,21.878,10.498
7.82333,239.582,205.781,173.168,107.641,72.246,40.136,21.939,10.538
7.82667,239.758,205.823,173.200,107.613,72.184,40.199,21.945,10.569
7.83000,239.746,205.996,173.222,107.713,72.227,40.248,21.962,10.607
7.83333,239.830,206.063,173.367,107.780,72.309,40.180,22.008,10.637
7.83667,239.948,206.170,173.383,107.793,72.363,40.314,22.029,10.590
7.84000,240.059,206.230,173.534,107.884,72.396,40.169,22.073,10.576
7.84333,240.186,206.365,173.626,107.902,72.373,40.314,22.019,10.601
7.84667,240.291,206.450,173.660,107.921,72.461,40.281,22.004,10.583
7.85000,240.431,206.438,173.667,108.039,72.513,40.312,22.095,10.621
7.85333,240.515,206.645,173.828,108.060,72.499,40.345,22.072,10.621
7.85667,240.604,206.660,173.906,108.080,72.532,40.371,22.075,10.592
7.86000,240.711,206.789,173.997,108.153,72.572,40.393,22.066,10.632
7.86333,240.867,206.838,174.123,108.186,72.661,40.426,22.083,10.630
7.86667,240.952,207.024,174.120,108.265,72.641,40.463,22.054,10.579
7.87000,241.023,207.042,174.203,108.299,72.656,40.409,22.161,10.643
7.87333,241.187,207.204,174.292,108.370,72.749,40.463,22.117,10.604
7.87667,241.336,207.252,174.338,108.365,72.749,40.452,22.131,10.639
7.88000,241.395,207.384,174.441,108.405,72.776,40.509,22.078,10.664
7.88333,241.525,207.495,174.489,108.497,72.807,40.437,22.119,10.692
7.88667,241.645,207.475,174.646,108.556,72.806,40.516,22.148,10.611
7.89000,241.677,207.686,174.729,108.576,72.840,40.519,22.241,10.673
7.89333,241.821,207.713,174.771,108.690,72.884,40.610,22.162,10.697
7.89667,241.981,207.839,174.840,108.634,72.954,40.583,22.147,10.796
7.90000,242.057,207.937,174.934,108.747,73.026,40.555,22.133,10.676
7.90333,242.211,207.991,175.036,108.820,73.039,40.570,22.208,10.620
7.90667,242.310,208.119,175.162,108.896,73.051,40.605,22.192,10.668
7.91000,242.361,208.242,175.136,108.987,73.089,40.643,22.216,10.674
7.91333,242.521,208.316,175.289,108.937,73.100,40.685,22.236,10.651
7.91667,242.631,208.384,175.321,109.034,73.156,40.723,22.275,10.755
7.92000,242.795,208.539,175.461,109.089,73.191,40.637,22.272,10.674
7.92333,242.812,208.554,175.524,109.081,73.239,40.736,22.335,10.720
7.92667,242.934,208.667,175.606,109.164,73.246,40.818,22.230,10.638
7.93000,243.013,208.738,175.750,109.207,73.278,40.762,22.303,10.668
7.93333,243.076,208.851,175.712,109.275,73.352,40.818,22.299,10.688
7.93667,243.309,208.983,175.889,109.257,73.389,40.736,22.309,10.695
7.94000,243.376,209.169,175.917,109.322,73.398,40.796,22.383,10.697
7.94333,243.463,209.124,175.980,109.370,73.413,40.850,22.380,10.700
7.94667,243.666,209.273,176.074,109.431,73.478,40.891,22.329,10.708
7.95000,243.681,209.408,176.170,109.531,73.480,40.912,22.316,10.668
7.95333,243.834,209.491,176.307,109.554,73.521,40.886,22.358,10.767
7.95667,243.919,209.549,176.359,109.533,73.549,40.915,22.345,10.705
7.96000,244.078,209.652,176.405,109.693,73.584,40.951,22.340,10.714
7.96333,244.255,209.698,176.468,109.695,73.631,40.924,22.310,10.709
7.96667,244.275,209.861,176.582,109.730,73.661,41.000,22.408,10.766
7.97000,244.387,209.888,176.649,109.755,73.694,40.923,22.395,10.746
7.97333,244.523,210.113,176.727,109.861,73.740,40.997,22.405,10.831
7.97667,244.605,210.167,176.814,109.874,73.718,41.049,22.446,10.757
7.98000,244.728,210.194,176.919,109.941,73.821,41.083,22.457,10.751
7.98333,244.853,210.332,176.958,109.998,73.827,41.052,22.498,10.800
7.98667,245.006,210.422,177.112,110.041,73.865,41.113,22.408,10.746
7.99000,245.079,210.520,177.107,110.067,73.888,41.149,22.403,10.794
7.99333,245.219,210.615,177.257,110.178,73.938,41.072,22.517,10.796
7.99667,245.297,210.671,177.324,110.214,73.994,41.125,22.471,10.801
8.00000,245.389,210.846,177.423,110.220,74.011,41.168,22.476,10.775
8.00333,245.503,210.938,177.465,110.352,74.023,41.132,22.485,10.785
8.00667,245.658,210.970,177.490,110.360,73.988,41.149,22.544,10.769
8.01000,245.807,211.191,177.594,110.447,74.137,41.172,22.637,10.792
8.01333,245.825,211.234,177.685,110.508,74.074,41.256,22.544,10.773
8.01667,246.022,211.360,177.798,110.521,74.194,41.252,22.544,10.779
8.02000,246.050,211.423,177.922,110.588,74.231,41.282,22.529,10.854
8.02333,246.161,211.484,177.914,110.624,74.258,41.225,22.567,10.782
8.02667,246.315,211.593,178.022,110.684,74.276,41.261,22.592,10.835
8.03000,246.451,211.648,178.065,110.729,74.298,41.376,22.683,10.821
8.03333,246.552,211.783,178.207,110.735,74.311,41.311,22.580,10.849
8.03667,246.661,211.884,178.262,110.809,74.429,41.351,22.610,10.897
8.04000,246.796,211.893,178.415,110.886,74.448,41.353,22.653,10.836
8.04333,246.860,212.101,178.458,110.994,74.422,41.471,22.658,10.850
8.04667,246.971,212.225,178.566,110.925,74.484,41.409,22.657,10.898
8.05000,247.119,212.325,178.599,111.106,74.519,41.472,22.661,10.869
8.05333,247.225,212.382,178.662,111.053,74.564,41.511,22.671,10.811
8.05667,247.386,212.392,178.805,111.150,74.628,41.488,22.674,10.859
8.06000,247.489,212.535,178.880,111.197,74.641,41.482,22.673,10.931
8.06333,247.562,212.674,178.914,111.212,74.647,41.540,22.716,10.884
8.06667,247.701,212.761,178.978,111.324,74.740,41.547,22.730,10.903
8.07000,247.833,212.832,179.103,111.333,74.712,41.552,22.736,10.883
8.07333,247.898,212.984,179.152,111.428,74.710,41.540,22.712,10.926
8.07667,248.066,213.095,179.276,111.455,74.766,41.549,22.715,10.880
8.08000,248.193,213.158,179.355,111.549,74.883,41.604,22.762,10.919
8.08333,248.304,213.206,179.415,111.539,74.863,41.567,22.735,10.838
8.08667,248.379,213.333,179.574,111.596,74.864,41.636,22.774,10.987
8.09000,248.502,213.506,179.670,111.736,74.914,41.659,22.814,10.915
8.09333,248.569,213.612,179.766,111.724,75.003,41.692,22.886,10.983
8.09667,248.728,213.681,179.881,111.845,75.063,41.717,22.861,10.870
8.10000,248.861,213.818,179.918,111.908,75.016,41.832,22.910,10.929
8.10333,249.066,213.927,180.020,112.006,75.216,41.821,22.946,11.034
8.10667,249.135,214.048,180.178,112.153,75.186,41.853,23.067,11.031
8.11000,249.288,214.181,180.263,112.237,75.267,41.848,23.099,11.162
8.11333,249.475,214.267,180.404,112.363,75.296,41.880,23.088,11.158
8.11667,249.631,214.455,180.606,112.443,75.463,41.920,23.229,11.222
8.12000,249.880,214.676,180.747,112.655,75.473,42.031,23.294,11.302
8.12333,250.042,214.864,180.945,112.910,75.564,42.055,23.392,11.416
8.12667,250.324,214.990,181.177,113.183,75.719,42.156,23.660,11.554
8.13000,250.629,215.199,181.511,113.432,75.797,42.287,23.845,11.722
8.13333,250.969,215.568,181.821,113.833,76.031,42.359,24.152,11.941
8.13667,251.353,215.873,182.225,114.394,76.316,42.534,24.407,12.292
8.14000,251.715,216.270,182.660,114.883,76.523,42.748,24.875,12.612
8.14333,252.299,216.818,183.271,115.670,76.843,42.821,25.394,13.018
8.14667,252.870,217.307,183.880,116.434,77.220,43.144,26.045,13.504
8.15000,253.489,217.946,184.689,117.402,77.702,43.431,26.823,14.152
8.15333,254.353,218.764,185.606,118.764,78.190,43.831,27.726,14.894
8.15667,255.287,219.579,186.772,120.202,78.897,44.206,28.805,15.831
8.16000,256.505,220.663,188.094,121.919,79.673,44.783,30.258,16.934
8.16333,257.849,221.873,189.721,124.060,80.556,45.349,31.834,18.274
8.16667,259.410,223.357,191.660,126.511,81.632,46.098,33.735,19.818
8.17000,261.298,224.998,193.731,129.473,82.899,46.895,36.098,21.644
8.17333,263.361,226.960,196.366,132.858,84.349,47.959,38.567,23.837
8.17667,265.879,229.236,199.300,136.817,86.078,49.132,41.672,26.374
8.18000,268.702,231.822,202.750,141.370,88.081,50.451,45.215,29.251
8.18333,271.977,234.872,206.631,146.540,90.360,51.982,49.273,32.593
8.18667,275.629,238.286,211.088,152.624,92.912,53.738,53.930,36.459
8.19000,279.869,242.105,216.059,159.333,95.878,55.726,59.218,40.807
8.19333,284.538,246.522,221.791,167.034,99.196,57.954,65.243,45.721
8.19667,289.870,251.334,228.208,175.602,102.939,60.454,71.948,51.173
8.20000,295.789,256.737,235.318,185.257,107.098,63.258,79.441,57.277
8.20333,302.241,262.695,243.148,195.911,111.647,66.371,87.779,64.199
8.20667,309.371,269.299,251.839,207.522,116.701,69.811,96.891,71.711
8.21000,317.257,276.439,261.326,220.236,122.314,73.490,106.860,79.799
8.21333,325.656,284.268,271.611,234.162,128.294,77.566,117.712,88.726
8.21667,334.860,292.649,282.626,249.087,134.762,81.979,129.390,98.427
8.22000,344.617,301.694,294.486,265.146,141.741,86.632,142.040,108.762
8.22333,355.051,311.339,307.157,282.238,149.173,91.717,155.435,119.835
8.22667,366.078,321.387,320.533,300.209,156.958,96.926,169.586,131.388
8.23000,377.595,332.113,334.629,319.122,165.254,102.406,184.509,143.654
8.23333,389.668,343.131,349.238,338.880,173.865,108.391,199.972,156.357
8.23667,402.148,354.578,364.319,359.246,182.740,114.374,216.035,169.622
8.24000,414.925,366.460,379.765,380.162,191.835,120.564,232.553,183.177
8.24333,428.009,378.491,395.594,401.446,201.177,126.875,249.342,197.010
8.24667,441.074,390.679,411.570,422.975,210.588,133.301,266.339,211.001
8.25000,454.230,402.892,427.539,444.478,220.111,139.634,283.374,224.976
8.25333,467.389,414.908,443.465,465.810,229.466,146.051,300.278,238.901
8.25667,480.238,426.724,459.102,486.802,238.774,152.337,316.892,252.624
8.26000,492.850,438.384,474.259,507.222,247.743,158.354,333.014,265.995
8.26333,504.854,449.546,488.957,526.746,256.460,164.355,348.718,278.860
8.26667,516.368,460.156,502.839,545.413,264.769,169.916,363.455,291.116
8.27000,527.226,470.169,515.947,562.980,272.573,175.166,377.478,302.662
8.27333,537.266,479.497,528.084,579.219,279.764,180.137,390.391,313.289
8.27667,546.423,487.894,539.022,593.963,286.298,184.677,402.159,323.033
8.28000,554.502,495.477,549.012,607.050,292.266,188.619,412.669,331.817
8.28333,561.669,502.112,557.537,618.473,297.391,192.068,421.753,339.314
8.28667,567.616,507.615,564.758,628.124,301.713,194.993,429.524,345.715
8.29000,572.464,512.048,570.627,635.773,305.185,197.362,435.678,350.774
8.29333,576.230,515.529,575.022,641.619,307.762,199.109,440.310,354.672
8.29667,578.698,517.826,578.023,645.481,309.547,200.364,443.466,357.206
8.30000,579.948,518.961,579.412,647.456,310.512,200.996,444.991,358.528
8.30333,580.126,519.107,579.559,647.497,310.459,200.984,444.965,358.489
8.30667,579.030,518.124,578.174,645.634,309.626,200.411,443.505,357.246
8.31000,576.820,516.110,575.589,642.021,308.024,199.274,440.477,354.717
8.31333,573.687,513.052,571.571,636.702,305.648,197.660,436.226,351.150
8.31667,569.492,509.188,566.407,629.741,302.589,195.566,430.582,346.466
8.32000,564.304,504.441,560.122,621.225,298.755,193.001,423.718,340.785
8.32333,558.322,498.861,552.776,611.399,294.407,190.058,415.785,334.236
8.32667,551.625,492.649,544.516,600.324,289.412,186.616,406.902,326.861
8.33000,544.210,485.796,535.557,588.173,284.006,182.903,397.083,318.793
8.33333,536.253,478.373,525.818,575.087,278.189,178.965,386.551,310.067
8.33667,527.780,470.635,515.515,561.148,272.029,174.753,375.417,300.939
8.34000,518.990,462.385,504.687,546.481,265.542,170.396,363.712,291.233
8.34333,509.829,453.917,493.508,531.481,258.850,165.902,351.630,281.231
8.34667,500.417,445.226,481.989,515.973,252.016,161.249,339.246,271.037
8.35000,490.840,436.409,470.274,500.210,245.042,156.468,326.702,260.645
8.35333,481.218,427.469,458.597,484.345,238.046,151.698,314.017,250.244
8.35667,471.626,418.570,446.842,468.473,230.956,147.007,301.350,239.746
8.36000,462.053,409.788,435.200,452.581,224.135,142.153,288.777,229.380
8.36333,452.653,401.038,423.604,436.978,217.228,137.614,276.367,219.110
8.36667,443.374,392.447,412.217,421.630,210.530,133.046,264.135,209.006
8.37000,434.287,384.087,401.075,406.504,203.960,128.537,252.143,199.229
8.37333,425.432,375.910,390.296,391.824,197.553,124.162,240.458,189.585
8.37667,416.816,368.027,379.845,377.606,191.296,119.985,229.210,180.261
8.38000,408.621,360.307,369.690,363.848,185.260,115.857,218.309,171.224
8.38333,400.575,352.933,359.857,350.530,179.461,111.969,207.752,162.641
8.38667,392.876,345.881,350.508,337.760,173.961,108.215,197.677,154.279
8.39000,385.567,339.075,341.471,325.453,168.602,104.637,188.007,146.293
8.39333,378.523,332.621,332.895,313.826,163.510,101.150,178.766,138.698
8.39667,371.878,326.478,324.652,302.636,158.736,97.907,169.927,131.393
8.40000,365.522,320.580,316.871,291.959,154.086,94.742,161.496,124.469
8.40333,359.518,315.008,309.478,281.890,149.707,91.822,153.541,117.986
8.40667,353.819,309.686,302.414,272.283,145.574,89.019,145.978,111.718
8.41000,348.427,304.772,295.767,263.249,141.653,86.401,138.803,105.823
8.41333,343.334,299.978,289.560,254.648,137.981,83.781,132.038,100.211
8.41667,338.488,295.605,283.565,246.552,134.461,81.442,125.684,94.938
8.42000,333.940,291.383,277.947,238.961,131.185,79.262,119.566,89.956
8.42333,329.607,287.457,272.712,231.607,128.043,77.120,113.850,85.273
8.42667,325.624,283.691,267.739,224.794,125.068,75.108,108.416,80.855
8.43000,321.836,280.212,263.042,218.450,122.339,73.141,103.351,76.712
8.43333,318.200,276.894,258.669,212.455,119.723,71.485,98.652,72.754
8.43667,314.924,273.853,254.485,206.678,117.309,69.872,94.061,69.094
8.44000,311.739,270.916,250.609,201.345,115.010,68.286,89.963,65.656
8.44333,308.884,268.134,246.954,196.404,112.838,66.765,85.900,62.346
8.44667,306.040,265.695,243.486,191.698,110.810,65.395,82.173,59.279
8.45000,303.474,263.299,240.252,187.191,108.957,64.186,78.649,56.387
8.45333,301.065,260.995,237.231,183.071,107.174,62.904,75.234,53.668
8.45667,298.797,258.963,234.432,179.219,105.480,61.834,72.226,51.071
8.46000,296.706,256.984,231.758,175.487,103.884,60.678,69.340,48.690
8.46333,294.692,255.161,229.248,172.055,102.452,59.670,66.632,46.385
8.46667,292.802,253.412,226.904,168.784,101.046,58.754,63.976,44.315
8.47000,290.994,251.740,224.719,165.759,99.691,57.978,61.705,42.306
8.47333,289.413,250.250,222.683,162.881,98.453,57.124,59.352,40.504
8.47667,287.886,248.809,220.730,160.254,97.298,56.349,57.195,38.699
8.48000,286.421,247.529,219.008,157.662,96.348,55.633,55.242,37.035
8.48333,285.082,246.261,217.253,155.356,95.306,54.856,53.289,35.474
8.48667,283.876,245.175,215.667,153.203,94.306,54.327,51.588,34.097
8.49000,282.687,244.060,214.223,151.098,93.470,53.677,49.875,32.790
8.49333,281.635,243.051,212.812,149.168,92.665,53.092,48.340,31.423
8.49667,280.578,242.089,211.546,147.352,91.825,52.570,46.993,30.223
8.50000,279.612,241.182,210.357,145.631,91.165,52.107,45.503,29.131
8.50333,278.813,240.387,209.261,143.998,90.459,51.629,44.221,28.073
8.50667,277.896,239.601,208.149,142.557,89.841,51.178,42.985,27.066
8.51000,277.265,238.897,207.179,141.166,89.285,50.792,41.926,26.107
8.51333,276.439,238.258,206.220,139.798,88.722,50.348,40.783,25.231
8.51667,275.812,237.607,205.358,138.591,88.240,50.078,39.840,24.411
8.52000,275.194,237.161,204.592,137.457,87.696,49.702,38.909,23.561
8.52333,274.609,236.587,203.798,136.312,87.283,49.405,38.020,22.900
8.52667,274.148,236.047,203.103,135.286,86.853,49.094,37.206,22.192
8.53000,273.680,235.671,202.427,134.344,86.415,48.891,36.327,21.593
8.53333,273.210,235.171,201.876,133.516,86.052,48.603,35.711,21.014
8.53667,272.762,234.870,201.314,132.655,85.754,48.303,35.014,20.360
8.54000,272.371,234.442,200.763,131.904,85.425,48.151,34.371,19.892
8.54333,272.067,234.070,200.264,131.129,85.137,47.919,33.746,19.315
8.54667,271.718,233.786,199.851,130.461,84.782,47.748,33.197,18.877
8.55000,271.451,233.524,199.466,129.854,84.567,47.584,32.579,18.422
8.55333,271.147,233.338,199.054,129.270,84.311,47.402,32.148,18.048
8.55667,270.946,233.143,198.672,128.671,84.082,47.186,31.726,17.622
8.56000,270.680,232.869,198.306,128.148,83.938,46.995,31.317,17.320
8.56333,270.544,232.686,197.992,127.726,83.596,46.887,30.842,16.931
8.56667,270.300,232.502,197.803,127.210,83.489,46.805,30.402,16.701
8.57000,270.211,232.333,197.516,126.818,83.417,46.672,30.102,16.285
8.57333,270.046,232.138,197.225,126.485,83.230,46.544,29.820,16.055
8.57667,269.937,232.108,197.032,126.094,83.044,46.527,29.473,15.795
8.58000,269.718,231.916,196.883,125.756,82.904,46.414,29.123,15.582
8.58333,269.681,231.799,196.641,125.474,82.746,46.268,28.869,15.324
8.58667,269.600,231.769,196.421,125.186,82.667,46.200,28.609,15.075
8.59000,269.571,231.677,196.338,124.900,82.534,46.102,28.443,14.948
8.59333,269.520,231.671,196.247,124.605,82.503,46.033,28.163,14.632
8.59667,269.441,231.557,196.124,124.416,82.421,46.061,27.907,14.526
8.60000,269.411,231.534,196.000,124.170,82.240,45.941,27.811,14.361
8.60333,269.324,231.544,195.889,123.920,82.217,45.865,27.558,14.197
8.60667,269.419,231.397,195.763,123.793,82.159,45.909,27.403,14.024
8.61000,269.335,231.500,195.684,123.651,82.065,45.748,27.202,13.960
8.61333,269.386,231.432,195.611,123.506,82.048,45.764,27.001,13.705
8.61667,269.327,231.506,195.608,123.411,82.048,45.701,26.839,13.662
8.62000,269.409,231.503,195.557,123.246,81.945,45.738,26.845,13.488
8.62333,269.366,231.340,195.490,123.165,81.930,45.683,26.699,13.428
8.62667,269.417,231.524,195.484,123.033,81.894,45.660,26.537,13.328
8.63000,269.471,231.513,195.421,122.923,81.901,45.541,26.424,13.197
8.63333,269.498,231.576,195.427,122.808,81.866,45.571,26.326,13.146
8.63667,269.558,231.539,195.426,122.696,81.796,45.554,26.238,13.104
8.64000,269.561,231.513,195.450,122.658,81.817,45.550,26.104,13.011
8.64333,269.626,231.606,195.404,122.658,81.836,45.592,26.070,12.947
8.64667,269.686,231.658,195.403,122.542,81.819,45.560,25.985,12.840
8.65000,269.767,231.726,195.450,122.439,81.824,45.561,25.857,12.742
8.65333,269.833,231.771,195.504,122.392,81.780,45.499,25.810,12.788
8.65667,269.875,231.861,195.433,122.421,81.755,45.460,25.806,12.631
8.66000,269.933,231.911,195.491,122.453,81.740,45.584,25.680,12.615
8.66333,270.025,231.939,195.601,122.415,81.782,45.476,25.684,12.585
8.66667,270.024,232.047,195.598,122.384,81.742,45.487,25.593,12.559
8.67000,270.157,232.023,195.541,122.299,81.782,45.531,25.533,12.532
8.67333,270.240,232.112,195.726,122.343,81.793,45.551,25.550,12.409
8.67667,270.342,232.205,195.716,122.303,81.840,45.482,25.518,12.334
8.68000,270.421,232.297,195.813,122.320,81.829,45.500,25.441,12.366
8.68333,270.528,232.412,195.789,122.320,81.885,45.562,25.511,12.355
8.68667,270.578,232.425,195.816,122.298,81.876,45.464,25.440,12.346
8.69000,270.718,232.517,195.866,122.362,81.858,45.606,25.383,12.378
8.69333,270.734,232.567,195.935,122.276,81.906,45.535,25.295,12.317
8.69667,270.938,232.705,196.024,122.390,81.893,45.527,25.312,12.236
8.70000,270.957,232.862,196.108,122.385,81.929,45.600,25.290,12.237
8.70333,271.168,232.901,196.147,122.386,81.986,45.565,25.245,12.219
8.70667,271.161,232.954,196.272,122.418,82.003,45.589,25.301,12.208
8.71000,271.342,233.070,196.271,122.469,81.927,45.568,25.297,12.158
8.71333,271.396,233.133,196.334,122.462,82.003,45.650,25.231,12.153
8.71667,271.570,233.217,196.392,122.452,82.022,45.625,25.254,12.162
8.72000,271.659,233.303,196.462,122.503,82.048,45.580,25.192,12.202
8.72333,271.790,233.416,196.537,122.473,82.095,45.604,25.163,12.086
8.72667,271.818,233.547,196.661,122.592,82.145,45.723,25.167,12.080
8.73000,271.936,233.647,196.662,122.611,82.150,45.702,25.175,12.149
8.73333,272.102,233.715,196.750,122.656,82.216,45.629,25.182,12.108
8.73667,272.177,233.768,196.831,122.641,82.182,45.716,25.107,12.063
8.74000,272.292,233.847,196.923,122.716,82.214,45.679,25.207,12.064
8.74333,272.373,233.937,196.965,122.693,82.273,45.712,25.165,12.060
8.74667,272.570,234.084,197.073,122.734,82.266,45.777,25.226,12.034
8.75000,272.681,234.191,197.146,122.843,82.377,45.724,25.108,12.076
8.75333,272.799,234.244,197.249,122.825,82.384,45.753,25.107,12.019
8.75667,272.822,234.400,197.333,122.897,82.361,45.861,25.185,12.000
8.76000,273.012,234.446,197.421,122.962,82.472,45.815,25.193,12.118
8.76333,273.108,234.516,197.480,123.027,82.510,45.812,25.172,12.052
8.76667,273.226,234.739,197.576,123.066,82.489,45.840,25.201,12.108
8.77000,273.364,234.780,197.657,123.081,82.528,45.815,25.187,12.044
8.77333,273.490,234.843,197.707,123.157,82.594,45.837,25.212,12.006
8.77667,273.533,234.926,197.806,123.154,82.587,45.880,25.179,12.070
8.78000,273.777,235.086,197.830,123.238,82.649,45.964,25.173,12.008
8.78333,273.818,235.151,197.993,123.309,82.675,45.910,25.173,12.037
8.78667,273.944,235.364,198.102,123.357,82.641,45.940,25.174,11.992
8.79000,274.079,235.394,198.119,123.402,82.724,45.944,25.251,12.074
8.79333,274.255,235.531,198.204,123.406,82.717,45.987,25.274,12.019
8.79667,274.289,235.548,198.297,123.436,82.789,46.022,25.247,12.035
8.80000,274.432,235.723,198.439,123.526,82.798,46.044,25.266,12.010
8.80333,274.582,235.791,198.502,123.555,82.871,46.095,25.256,12.074
8.80667,274.646,235.944,198.604,123.641,82.919,46.101,25.257,12.019
8.81000,274.866,236.036,198.677,123.796,82.967,46.016,25.274,12.009
8.81333,274.943,236.148,198.763,123.713,83.031,46.115,25.285,12.088
8.81667,275.072,236.195,198.877,123.797,83.058,46.145,25.219,12.027
8.82000,275.157,236.353,198.989,123.892,83.066,46.145,25.273,12.024
8.82333,275.334,236.430,199.080,123.888,83.069,46.144,25.328,12.034
8.82667,275.383,236.580,199.144,123.892,83.158,46.175,25.295,12.023
8.83000,275.592,236.664,199.211,123.948,83.115,46.201,25.311,12.023
8.83333,275.643,236.755,199.329,124.090,83.204,46.194,25.257,12.062
8.83667,275.788,236.878,199.329,124.105,83.289,46.287,25.342,12.103
8.84000,275.911,237.012,199.433,124.182,83.379,46.310,25.385,12.005
8.84333,275.995,237.120,199.567,124.227,83.320,46.298,25.411,12.107
8.84667,276.197,237.195,199.663,124.255,83.381,46.297,25.376,12.092
8.85000,276.333,237.303,199.697,124.328,83.393,46.304,25.363,12.043
8.85333,276.420,237.361,199.859,124.390,83.415,46.364,25.339,12.080
8.85667,276.499,237.387,199.893,124.463,83.483,46.363,25.340,12.119
8.86000,276.688,237.604,199.972,124.539,83.543,46.381,25.373,12.096
8.86333,276.791,237.680,200.120,124.562,83.575,46.466,25.430,12.047
8.86667,276.915,237.875,200.201,124.589,83.607,46.397,25.469,12.123
8.87000,277.067,237.908,200.231,124.715,83.713,46.432,25.413,12.069
8.87333,277.205,238.005,200.469,124.663,83.637,46.480,25.479,12.076
8.87667,277.286,238.070,200.439,124.830,83.663,46.503,25.435,12.110
8.88000,277.417,238.284,200.500,124.777,83.705,46.478,25.490,12.144
8.88333,277.478,238.406,200.659,124.922,83.813,46.469,25.418,12.154
8.88667,277.681,238.480,200.713,124.944,83.762,46.589,25.476,12.102
8.89000,277.772,238.607,200.812,124.987,83.808,46.601,25.480,12.131
8.89333,277.885,238.691,200.946,125.041,83.871,46.574,25.487,12.128
8.89667,278.060,238.721,201.037,125.076,83.909,46.669,25.492,12.166
8.90000,278.213,238.929,201.037,125.145,83.908,46.655,25.495,12.150
8.90333,278.277,238.970,201.164,125.225,83.928,46.668,25.508,12.121
8.90667,278.417,239.144,201.329,125.189,84.024,46.650,25.486,12.127
8.91000,278.504,239.183,201.332,125.370,84.062,46.679,25.542,12.139
8.91333,278.695,239.313,201.466,125.397,84.037,46.692,25.583,12.119
8.91667,278.760,239.418,201.578,125.429,84.170,46.729,25.563,12.135
8.92000,278.939,239.594,201.603,125.482,84.132,46.767,25.591,12.167
8.92333,279.060,239.646,201.679,125.585,84.159,46.765,25.551,12.185
8.92667,279.094,239.706,201.813,125.608,84.253,46.730,25.589,12.185
8.93000,279.248,239.803,201.931,125.720,84.266,46.835,25.674,12.185
8.93333,279.396,239.980,202.049,125.748,84.369,46.869,25.616,12.192
8.93667,279.477,240.074,202.096,125.788,84.313,46.830,25.663,12.118
8.94000,279.705,240.187,202.143,125.855,84.440,46.833,25.652,12.248
8.94333,279.745,240.256,202.234,125.957,84.521,46.895,25.602,12.261
8.94667,279.903,240.361,202.294,125.894,84.468,46.905,25.680,12.227
8.95000,280.045,240.527,202.476,125.988,84.520,46.948,25.647,12.211
8.95333,280.129,240.611,202.483,126.036,84.489,47.007,25.683,12.257
8.95667,280.293,240.726,202.599,126.107,84.636,46.951,25.678,12.219
8.96000,280.358,240.802,202.714,126.109,84.665,47.010,25.678,12.215
8.96333,280.496,240.941,202.755,126.269,84.638,47.008,25.718,12.209
8.96667,280.617,241.054,202.881,126.300,84.702,47.048,25.736,12.288
8.97000,280.782,241.129,203.024,126.328,84.777,47.043,25.770,12.242
8.97333,280.908,241.229,203.073,126.390,84.751,47.122,25.825,12.269
8.97667,281.053,241.378,203.127,126.467,84.824,47.128,25.803,12.232
8.98000,281.147,241.455,203.249,126.488,84.810,47.168,25.744,12.284
8.98333,281.279,241.557,203.398,126.557,84.918,47.174,25.772,12.259
8.98667,281.417,241.700,203.484,126.582,84.936,47.151,25.780,12.222
8.99000,281.577,241.786,203.545,126.722,84.934,47.208,25.806,12.255
8.99333,281.647,241.876,203.623,126.736,85.040,47.188,25.806,12.265
8.99667,281.770,241.927,203.657,126.909,85.080,47.260,25.836,12.298
9.00000,281.881,242.110,203.720,126.783,85.059,47.344,25.827,12.213
9.00333,281.988,242.180,203.857,126.921,85.173,47.323,25.826,12.292
9.00667,282.132,242.290,203.975,126.954,85.173,47.275,25.877,12.313
9.01000,282.273,242.397,204.077,127.051,85.251,47.322,25.877,12.328
9.01333,282.388,242.560,204.188,127.074,85.161,47.337,25.915,12.292
9.01667,282.574,242.639,204.289,127.099,85.278,47.373,25.893,12.267
9.02000,282.696,242.656,204.396,127.216,85.322,47.466,25.947,12.323
9.02333,282.809,242.865,204.403,127.264,85.395,47.408,25.901,12.330
9.02667,282.931,242.931,204.554,127.306,85.388,47.467,25.913,12.341
9.03000,283.004,243.097,204.538,127.322,85.433,47.421,25.989,12.351
9.03333,283.199,243.105,204.630,127.426,85.479,47.461,25.930,12.276
9.03667,283.302,243.295,204.823,127.493,85.542,47.436,25.942,12.378
9.04000,283.372,243.342,204.910,127.486,85.586,47.511,25.937,12.380
9.04333,283.488,243.430,204.938,127.584,85.582,47.536,25.979,12.364
9.04667,283.606,243.622,205.037,127.635,85.558,47.587,25.991,12.327
9.05000,283.814,243.688,205.088,127.696,85.686,47.524,25.962,12.374
9.05333,283.842,243.760,205.255,127.753,85.729,47.599,26.029,12.324
9.05667,283.989,243.985,205.321,127.840,85.776,47.609,26.049,12.350
9.06000,284.151,244.022,205.359,127.828,85.770,47.644,26.041,12.431
9.06333,284.281,244.142,205.456,127.886,85.761,47.701,26.123,12.373
9.06667,284.359,244.252,205.579,128.027,85.805,47.665,26.113,12.336
9.07000,284.486,244.338,205.638,128.025,85.926,47.679,26.025,12.377
9.07333,284.621,244.512,205.727,128.058,85.866,47.712,26.075,12.431
9.07667,284.752,244.561,205.810,128.134,85.907,47.736,26.083,12.389
9.08000,284.862,244.626,205.920,128.163,85.910,47.720,26.094,12.349
9.08333,285.026,244.785,206.092,128.334,86.017,47.735,26.149,12.433
9.08667,285.059,244.948,206.130,128.273,86.053,47.761,26.178,12.364
9.09000,285.230,244.950,206.151,128.360,86.095,47.754,26.103,12.404
9.09333,285.380,245.048,206.272,128.349,86.177,47.853,26.165,12.389
9.09667,285.404,245.152,206.375,128.471,86.139,47.850,26.205,12.405
9.10000,285.672,245.347,206.455,128.571,86.257,47.877,26.221,12.459
9.10333,285.776,245.442,206.577,128.569,86.304,47.942,26.195,12.458
9.10667,285.893,245.523,206.678,128.659,86.296,47.982,26.204,12.467
9.11000,286.014,245.587,206.758,128.760,86.333,47.971,26.187,12.458
9.11333,286.041,245.690,206.784,128.754,86.424,47.949,26.221,12.385
9.11667,286.256,245.898,206.896,128.761,86.356,48.043,26.251,12.381
9.12000,286.353,245.876,206.980,128.903,86.480,47.993,26.267,12.394
9.12333,286.495,246.027,207.083,129.029,86.458,48.058,26.279,12.443
9.12667,286.564,246.096,207.225,128.990,86.504,48.062,26.310,12.462
9.13000,286.771,246.244,207.293,128.991,86.594,48.059,26.316,12.517
9.13333,286.864,246.351,207.364,129.076,86.650,48.089,26.331,12.487
9.13667,286.976,246.433,207.407,129.216,86.632,48.101,26.227,12.521
9.14000,287.058,246.570,207.497,129.186,86.622,48.170,26.307,12.435
9.14333,287.177,246.646,207.616,129.338,86.631,48.156,26.392,12.471
9.14667,287.342,246.708,207.733,129.288,86.733,48.199,26.323,12.488
9.15000,287.425,246.826,207.834,129.305,86.795,48.250,26.336,12.556
9.15333,287.572,246.961,207.939,129.432,86.718,48.157,26.419,12.455
9.15667,287.698,247.040,208.026,129.463,86.857,48.244,26.349,12.568
9.16000,287.855,247.158,208.048,129.513,86.885,48.216,26.369,12.504
9.16333,287.938,247.301,208.163,129.616,86.967,48.251,26.375,12.551
9.16667,288.048,247.361,208.284,129.692,87.000,48.340,26.399,12.523
9.17000,288.163,247.439,208.378,129.713,86.940,48.314,26.410,12.561
9.17333,288.313,247.631,208.442,129.764,87.005,48.324,26.452,12.561
9.17667,288.450,247.681,208.512,129.863,87.060,48.385,26.452,12.516
9.18000,288.539,247.742,208.623,129.780,87.079,48.436,26.450,12.600
9.18333,288.725,247.893,208.607,129.972,87.142,48.409,26.470,12.570
9.18667,288.830,248.069,208.749,129.996,87.275,48.320,26.468,12.565
9.19000,288.876,248.140,208.762,129.990,87.197,48.461,26.413,12.564
9.19333,289.072,248.272,208.921,130.155,87.227,48.473,26.464,12.574
9.19667,289.136,248.307,209.064,130.182,87.241,48.477,26.502,12.608
9.20000,289.316,248.428,209.152,130.221,87.351,48.534,26.467,12.565
9.20333,289.409,248.581,209.230,130.229,87.358,48.511,26.516,12.565
9.20667,289.530,248.573,209.242,130.314,87.366,48.494,26.493,12.599
9.21000,289.677,248.751,209.359,130.345,87.436,48.485,26.474,12.555
9.21333,289.743,248.883,209.508,130.432,87.425,48.623,26.640,12.609
9.21667,289.829,248.930,209.520,130.513,87.462,48.574,26.565,12.675
9.22000,290.003,249.053,209.616,130.568,87.517,48.659,26.588,12.632
9.22333,290.134,249.136,209.762,130.598,87.603,48.630,26.577,12.632
9.22667,290.186,249.327,209.789,130.658,87.562,48.659,26.611,12.649
9.23000,290.366,249.335,209.910,130.739,87.682,48.724,26.627,12.608
9.23333,290.480,249.456,209.960,130.729,87.697,48.688,26.607,12.654
9.23667,290.630,249.523,210.082,130.752,87.757,48.755,26.607,12.643
9.24000,290.755,249.624,210.143,130.829,87.763,48.675,26.575,12.650
9.24333,290.892,249.698,210.294,130.943,87.787,48.711,26.639,12.619
9.24667,290.958,249.884,210.335,131.012,87.809,48.795,26.710,12.661
9.25000,291.070,249.969,210.442,131.096,87.903,48.754,26.684,12.619
9.25333,291.214,250.063,210.595,131.092,87.917,48.846,26.721,12.679
9.25667,291.277,250.250,210.636,131.182,87.942,48.850,26.681,12.691
9.26000,291.420,250.268,210.705,131.233,87.970,48.968,26.736,12.646
9.26333,291.546,250.424,210.737,131.278,88.041,48.916,26.747,12.622
9.26667,291.688,250.464,210.863,131.277,88.051,48.926,26.749,12.654
9.27000,291.868,250.559,210.998,131.424,88.119,48.912,26.770,12.680
9.27333,291.939,250.761,211.023,131.369,88.196,48.869,26.776,12.706
9.27667,292.051,250.786,211.079,131.424,88.169,48.950,26.773,12.662
9.28000,292.064,250.858,211.158,131.511,88.188,48.971,26.775,12.700
9.28333,292.239,251.036,211.307,131.591,88.246,49.007,26.750,12.714
9.28667,292.333,251.039,211.333,131.638,88.279,49.051,26.770,12.687
9.29000,292.507,251.171,211.481,131.652,88.279,49.021,26.826,12.717
9.29333,292.659,251.286,211.576,131.677,88.337,49.090,26.754,12.777
9.29667,292.751,251.450,211.639,131.779,88.399,49.112,26.842,12.728
9.30000,292.864,251.502,211.734,131.878,88.391,49.103,26.761,12.731
9.30333,292.938,251.619,211.821,131.944,88.487,49.130,26.871,12.737
9.30667,293.107,251.720,211.887,131.956,88.492,49.160,26.884,12.763
9.31000,293.205,251.857,211.991,132.006,88.527,49.169,26.854,12.756
9.31333,293.368,251.971,212.127,132.038,88.541,49.160,26.881,12.721
9.31667,293.488,251.987,212.138,132.181,88.577,49.224,26.908,12.710
9.32000,293.565,252.113,212.288,132.226,88.653,49.221,26.909,12.811
9.32333,293.726,252.204,212.324,132.184,88.648,49.251,26.944,12.741
9.32667,293.880,252.341,212.471,132.313,88.714,49.262,26.926,12.810
9.33000,293.944,252.385,212.474,132.274,88.747,49.279,26.953,12.812
9.33333,294.062,252.516,212.551,132.324,88.745,49.243,26.952,12.716
9.33667,294.162,252.581,212.670,132.341,88.795,49.306,26.973,12.727
9.34000,294.324,252.749,212.767,132.439,88.867,49.349,27.020,12.765
9.34333,294.367,252.869,212.788,132.552,88.901,49.327,26.878,12.796
9.34667,294.510,252.880,212.952,132.570,88.854,49.368,26.944,12.768
9.35000,294.584,253.060,213.033,132.635,88.911,49.343,26.995,12.782
9.35333,294.760,253.130,213.115,132.725,88.959,49.457,27.009,12.854
9.35667,294.836,253.215,213.146,132.793,88.992,49.393,27.060,12.785
9.36000,294.987,253.298,213.214,132.822,89.006,49.442,27.032,12.795
9.36333,295.042,253.444,213.334,132.833,89.095,49.467,27.028,12.809
9.36667,295.245,253.524,213.440,132.880,89.143,49.477,27.062,12.846
9.37000,295.271,253.655,213.426,132.964,89.197,49.546,27.156,12.815
9.37333,295.398,253.721,213.560,133.089,89.206,49.583,27.116,12.805
9.37667,295.573,253.807,213.714,133.007,89.289,49.583,27.100,12.854
9.38000,295.685,253.916,213.745,133.116,89.270,49.576,27.109,12.860
9.38333,295.769,253.994,213.855,133.146,89.291,49.636,27.089,12.884
9.38667,295.890,254.091,213.971,133.202,89.307,49.625,27.148,12.869
9.39000,295.982,254.217,213.940,133.285,89.386,49.645,27.111,12.835
9.39333,296.138,254.417,214.103,133.309,89.392,49.678,27.155,12.861
9.39667,296.240,254.398,214.226,133.434,89.474,49.655,27.173,12.833
9.40000,296.397,254.457,214.263,133.443,89.524,49.655,27.210,12.839
9.40333,296.461,254.638,214.302,133.514,89.557,49.696,27.173,12.804
9.40667,296.580,254.718,214.423,133.539,89.561,49.712,27.170,12.806
9.41000,296.758,254.815,214.540,133.587,89.643,49.730,27.149,12.879
9.41333,296.822,254.878,214.547,133.696,89.646,49.731,27.270,12.904
9.41667,296.922,255.027,214.675,133.722,89.652,49.807,27.191,12.880
9.42000,297.090,255.123,214.667,133.704,89.710,49.807,27.264,12.807
9.42333,297.233,255.175,214.844,133.773,89.771,49.809,27.272,12.910
9.42667,297.290,255.279,214.953,133.872,89.770,49.841,27.274,12.860
9.43000,297.446,255.394,214.967,133.969,89.854,49.824,27.262,12.922
9.43333,297.491,255.473,215.067,133.911,89.831,49.867,27.294,12.909
9.43667,297.668,255.590,215.162,133.943,89.834,49.885,27.298,12.935
9.44000,297.796,255.598,215.275,134.026,89.946,49.889,27.364,12.969
9.44333,297.868,255.718,215.363,134.180,89.929,49.961,27.299,12.975
9.44667,298.008,255.855,215.372,134.132,89.915,49.945,27.342,12.987
9.45000,298.070,256.019,215.429,134.225,89.989,49.966,27.305,12.926
9.45333,298.155,256.064,215.567,134.309,89.970,49.998,27.334,12.949
9.45667,298.317,256.253,215.671,134.299,90.086,49.996,27.347,12.885
9.46000,298.417,256.247,215.730,134.411,90.136,49.990,27.348,12.954
9.46333,298.533,256.430,215.800,134.440,90.112,50.091,27.309,12.926
9.46667,298.632,256.524,215.917,134.469,90.257,50.042,27.410,12.957
9.47000,298.752,256.541,216.005,134.490,90.143,50.120,27.377,12.987
9.47333,298.937,256.634,216.017,134.570,90.219,50.133,27.410,12.995
9.47667,298.985,256.761,216.126,134.616,90.274,50.117,27.402,12.953
9.48000,299.121,256.851,216.259,134.653,90.276,50.227,27.435,12.966
9.48333,299.224,256.978,216.327,134.752,90.305,50.132,27.414,13.067
9.48667,299.284,257.020,216.434,134.805,90.395,50.189,27.436,13.009
9.49000,299.378,257.160,216.411,134.857,90.430,50.183,27.452,13.003
9.49333,299.492,257.214,216.530,134.849,90.438,50.179,27.424,12.976
9.49667,299.709,257.321,216.645,134.975,90.574,50.228,27.441,12.978
9.50000,299.808,257.440,216.787,135.026,90.554,50.266,27.547,13.022
9.50333,299.880,257.526,216.817,134.990,90.518,50.295,27.508,12.983
9.50667,299.955,257.562,216.840,135.073,90.580,50.292,27.522,12.971
9.51000,300.116,257.695,216.964,135.137,90.657,50.278,27.553,13.003
9.51333,300.211,257.796,217.042,135.176,90.634,50.297,27.505,13.026
9.51667,300.293,257.952,217.157,135.181,90.652,50.317,27.507,13.024
9.52000,300.444,258.004,217.180,135.235,90.757,50.422,27.517,13.061
9.52333,300.542,258.098,217.349,135.294,90.764,50.393,27.499,12.993
9.52667,300.672,258.204,217.294,135.403,90.742,50.412,27.576,13.129
9.53000,300.737,258.303,217.465,135.479,90.785,50.377,27.575,13.074
9.53333,300.904,258.384,217.473,135.490,90.863,50.414,27.576,13.019
9.53667,301.002,258.449,217.595,135.528,90.898,50.440,27.595,13.052
9.54000,301.065,258.588,217.636,135.527,90.955,50.476,27.636,13.099
9.54333,301.184,258.653,217.777,135.553,90.921,50.483,27.594,13.056
9.54667,301.341,258.789,217.848,135.737,90.997,50.522,27.653,13.076
9.55000,301.416,258.849,217.950,135.766,91.035,50.547,27.636,13.087
9.55333,301.504,258.938,217.998,135.773,91.002,50.578,27.654,13.097
9.55667,301.774,259.013,218.070,135.934,91.047,50.580,27.671,13.069
9.56000,301.796,259.114,218.239,135.873,91.140,50.592,27.691,13.099
9.56333,301.811,259.271,218.276,135.910,91.165,50.553,27.656,13.063
9.56667,301.983,259.285,218.318,136.042,91.234,50.643,27.672,13.122
9.57000,302.039,259.382,218.425,136.062,91.204,50.582,27.709,13.132
9.57333,302.149,259.426,218.523,136.142,91.210,50.642,27.715,13.157
9.57667,302.363,259.569,218.536,136.168,91.285,50.697,27.699,13.062
9.58000,302.344,259.768,218.694,136.206,91.296,50.649,27.686,13.086
9.58333,302.563,259.773,218.719,136.321,91.394,50.720,27.665,13.132
9.58667,302.607,259.845,218.836,136.314,91.387,50.721,27.761,13.118
9.59000,302.696,259.939,218.904,136.295,91.437,50.761,27.765,13.135
9.59333,302.794,260.086,218.983,136.411,91.429,50.807,27.755,13.174
9.59667,302.997,260.125,219.024,136.428,91.503,50.748,27.769,13.075
9.60000,303.083,260.290,219.083,136.474,91.521,50.817,27.724,13.112
9.60333,303.138,260.335,219.126,136.567,91.487,50.871,27.795,13.112
9.60667,303.267,260.427,219.238,136.627,91.580,50.737,27.768,13.164
9.61000,303.332,260.521,219.350,136.645,91.534,50.873,27.812,13.177
9.61333,303.490,260.599,219.422,136.623,91.648,50.882,27.758,13.173
9.61667,303.582,260.689,219.575,136.756,91.722,50.882,27.806,13.157
9.62000,303.721,260.683,219.563,136.736,91.719,50.886,27.795,13.155
9.62333,303.819,260.901,219.613,136.854,91.698,50.930,27.865,13.252
9.62667,303.876,260.917,219.746,136.883,91.768,50.884,27.842,13.252
9.63000,304.010,261.072,219.805,136.933,91.873,51.003,27.830,13.151
9.63333,304.099,261.080,219.857,136.981,91.790,50.942,27.837,13.206
9.63667,304.293,261.228,219.899,137.000,91.888,51.022,27.926,13.181
9.64000,304.328,261.267,219.949,137.077,91.900,50.992,27.965,13.212
9.64333,304.450,261.449,220.106,137.101,91.953,50.984,27.922,13.167
9.64667,304.570,261.583,220.153,137.199,91.967,51.074,27.947,13.250
9.65000,304.645,261.615,220.257,137.226,91.991,51.078,27.992,13.205
9.65333,304.749,261.668,220.309,137.246,92.059,51.095,27.922,13.252
9.65667,304.859,261.758,220.456,137.386,92.027,51.082,27.936,13.188
9.66000,304.904,261.883,220.443,137.368,92.114,51.132,27.921,13.236
9.66333,305.041,261.958,220.562,137.374,92.193,51.126,27.915,13.254
9.66667,305.135,262.055,220.627,137.399,92.144,51.151,27.963,13.245
9.67000,305.270,262.139,220.792,137.505,92.241,51.186,27.944,13.256
9.67333,305.369,262.251,220.832,137.580,92.245,51.184,27.981,13.211
9.67667,305.436,262.329,220.853,137.593,92.274,51.223,27.990,13.190
9.68000,305.610,262.413,220.964,137.627,92.311,51.181,28.013,13.214
9.68333,305.717,262.437,221.019,137.734,92.300,51.220,28.018,13.166
9.68667,305.810,262.578,221.153,137.693,92.359,51.296,28.070,13.277
9.69000,305.872,262.639,221.225,137.746,92.369,51.310,27.937,13.290
9.69333,305.981,262.784,221.172,137.857,92.408,51.339,28.050,13.281
9.69667,306.111,262.823,221.296,137.816,92.380,51.260,28.108,13.254
9.70000,306.122,262.958,221.443,137.950,92.400,51.324,28.048,13.277
9.70333,306.318,263.039,221.475,138.014,92.501,51.437,28.060,13.288
9.70667,306.387,263.139,221.599,138.038,92.504,51.342,28.178,13.296
9.71000,306.547,263.222,221.618,138.088,92.534,51.363,28.061,13.289
9.71333,306.626,263.260,221.686,138.086,92.694,51.396,28.106,13.291
9.71667,306.762,263.357,221.810,138.100,92.625,51.447,28.090,13.271
9.72000,306.846,263.498,221.850,138.191,92.688,51.478,28.106,13.326
9.72333,306.930,263.515,221.858,138.225,92.599,51.483,28.199,13.272
9.72667,307.033,263.631,221.940,138.307,92.706,51.521,28.156,13.322
9.73000,307.201,263.702,221.998,138.347,92.778,51.506,28.086,13.241
9.73333,307.170,263.814,222.140,138.412,92.835,51.522,28.166,13.349
9.73667,307.333,263.895,222.191,138.417,92.819,51.524,28.144,13.262
9.74000,307.393,263.917,222.273,138.410,92.820,51.534,28.194,13.248
9.74333,307.608,264.118,222.324,138.490,92.959,51.483,28.205,13.303
9.74667,307.629,264.229,222.512,138.570,92.935,51.604,28.177,13.351
9.75000,307.703,264.284,222.520,138.574,92.887,51.570,28.147,13.325
9.75333,307.802,264.361,222.546,138.651,92.992,51.579,28.221,13.294
9.75667,307.941,264.408,222.604,138.766,92.988,51.660,28.223,13.405
9.76000,308.038,264.529,222.704,138.805,93.025,51.670,28.219,13.377
9.76333,308.121,264.628,222.783,138.806,93.028,51.657,28.334,13.333
9.76667,308.220,264.696,222.858,138.845,93.130,51.634,28.173,13.329
9.77000,308.331,264.734,222.904,138.887,93.170,51.685,28.308,13.338
9.77333,308.415,264.881,223.013,138.930,93.128,51.720,28.240,13.382
9.77667,308.458,264.909,223.065,138.945,93.137,51.737,28.289,13.400
9.78000,308.675,265.004,223.149,138.959,93.255,51.757,28.311,13.359
9.78333,308.741,265.093,223.231,139.024,93.271,51.741,28.304,13.296
9.78667,308.812,265.173,223.254,139.145,93.300,51.821,28.287,13.315
9.79000,308.871,265.279,223.339,139.174,93.256,51.785,28.308,13.374
9.79333,308.966,265.365,223.466,139.166,93.331,51.791,28.330,13.392
9.79667,309.134,265.412,223.498,139.257,93.352,51.840,28.340,13.429
9.80000,309.163,265.484,223.527,139.244,93.363,51.824,28.399,13.438
9.80333,309.314,265.653,223.589,139.262,93.356,51.837,28.364,13.421
9.80667,309.425,265.691,223.735,139.411,93.474,51.929,28.423,13.356
9.81000,309.495,265.785,223.816,139.441,93.514,51.902,28.345,13.358
9.81333,309.560,265.800,223.809,139.400,93.540,51.851,28.378,13.382
9.81667,309.700,265.950,223.944,139.517,93.562,51.954,28.370,13.380
9.82000,309.843,265.987,223.978,139.589,93.600,51.884,28.347,13.417
9.82333,309.938,266.112,224.102,139.589,93.633,52.011,28.402,13.441
9.82667,310.012,266.193,224.127,139.574,93.626,51.923,28.387,13.442
9.83000,310.062,266.234,224.183,139.665,93.648,52.078,28.436,13.475
9.83333,310.251,266.408,224.268,139.702,93.657,51.996,28.388,13.408
9.83667,310.300,266.383,224.280,139.829,93.689,52.077,28.480,13.405
9.84000,310.393,266.482,224.417,139.803,93.690,52.041,28.489,13.433
9.84333,310.426,266.622,224.497,139.850,93.837,52.074,28.453,13.499
9.84667,310.566,266.723,224.609,139.860,93.878,52.093,28.465,13.470
9.85000,310.650,266.776,224.654,139.967,93.850,52.074,28.480,13.441
9.85333,310.759,266.850,224.665,140.039,93.878,52.178,28.493,13.433
9.85667,310.799,266.936,224.764,140.039,93.847,52.158,28.473,13.415
9.86000,310.928,266.942,224.894,140.041,93.908,52.105,28.500,13.459
9.86333,310.992,267.139,224.916,140.171,94.032,52.152,28.503,13.449
9.86667,311.091,267.148,224.963,140.176,93.983,52.129,28.518,13.540
9.87000,311.162,267.266,225.013,140.197,94.048,52.245,28.493,13.505
9.87333,311.322,267.336,225.188,140.243,94.100,52.253,28.555,13.448
9.87667,311.445,267.438,225.195,140.331,94.043,52.224,28.512,13.411
9.88000,311.508,267.448,225.186,140.284,94.092,52.290,28.464,13.521
9.88333,311.611,267.627,225.300,140.379,94.046,52.237,28.600,13.467
9.88667,311.686,267.666,225.331,140.408,94.141,52.207,28.545,13.429
9.89000,311.770,267.688,225.437,140.486,94.223,52.273,28.643,13.487
9.89333,311.884,267.806,225.494,140.494,94.203,52.239,28.562,13.525
9.89667,311.995,267.920,225.525,140.520,94.228,52.247,28.543,13.434
9.90000,312.078,267.990,225.647,140.596,94.341,52.333,28.581,13.524
9.90333,312.200,268.041,225.670,140.644,94.381,52.343,28.631,13.460
9.90667,312.201,268.132,225.761,140.624,94.357,52.400,28.632,13.530
9.91000,312.342,268.274,225.862,140.650,94.381,52.334,28.601,13.524
9.91333,312.455,268.287,225.952,140.753,94.380,52.350,28.664,13.485
9.91667,312.524,268.348,226.003,140.836,94.467,52.380,28.656,13.497
9.92000,312.615,268.497,226.048,140.784,94.439,52.406,28.672,13.568
9.92333,312.670,268.602,226.202,140.902,94.471,52.508,28.615,13.560
9.92667,312.874,268.657,226.194,140.931,94.451,52.479,28.697,13.543
9.93000,312.916,268.689,226.213,140.944,94.535,52.492,28.703,13.500
9.93333,313.013,268.801,226.286,141.009,94.571,52.467,28.693,13.506
9.93667,313.025,268.816,226.310,141.043,94.562,52.468,28.648,13.579
9.94000,313.194,268.902,226.418,141.070,94.640,52.514,28.702,13.553
9.94333,313.253,268.993,226.509,141.141,94.630,52.486,28.705,13.621
9.94667,313.421,269.073,226.517,141.174,94.652,52.566,28.681,13.598
9.95000,313.449,269.172,226.625,141.138,94.689,52.567,28.728,13.632
9.95333,313.518,269.235,226.672,141.241,94.725,52.528,28.701,13.597
9.95667,313.621,269.357,226.782,141.243,94.704,52.551,28.739,13.573
9.96000,313.691,269.441,226.788,141.302,94.746,52.562,28.698,13.628
9.96333,313.762,269.510,226.958,141.333,94.787,52.607,28.761,13.586
9.96667,313.868,269.539,226.989,141.334,94.803,52.684,28.782,13.613
9.97000,313.989,269.576,227.025,141.439,94.888,52.656,28.743,13.585
9.97333,314.058,269.694,227.118,141.495,94.902,52.654,28.811,13.604
9.97667,314.139,269.754,227.168,141.534,94.892,52.613,28.772,13.594
9.98000,314.276,269.877,227.228,141.556,94.846,52.718,28.775,13.573
9.98333,314.294,269.934,227.290,141.567,94.913,52.650,28.785,13.583
9.98667,314.358,270.028,227.327,141.631,94.982,52.790,28.752,13.634
9.99000,314.487,270.077,227.336,141.649,95.029,52.692,28.818,13.566
9.99333,314.554,270.111,227.468,141.745,95.050,52.734,28.789,13.580
9.99667,314.634,270.282,227.445,141.760,95.075,52.799,28.936,13.569
10.00000,314.731,270.246,227.678,141.815,95.132,52.745,28.857,13.622
10.00333,314.843,270.394,227.610,141.832,95.091,52.824,28.940,13.617
10.00667,314.962,270.522,227.731,141.873,95.188,52.863,28.861,13.618
10.01000,315.120,270.469,227.805,141.939,95.129,52.845,28.878,13.603
10.01333,315.091,270.581,227.852,141.967,95.162,52.850,28.928,13.622
10.01667,315.236,270.683,227.901,142.021,95.225,52.851,28.858,13.615
10.02000,315.290,270.770,227.909,142.007,95.221,52.856,28.961,13.650
10.02333,315.352,270.781,228.014,142.088,95.247,52.848,28.899,13.659
10.02667,315.409,270.865,228.134,142.080,95.324,52.803,28.967,13.639
10.03000,315.495,270.999,228.174,142.202,95.332,52.946,28.924,13.673
10.03333,315.567,271.049,228.230,142.214,95.376,52.941,28.905,13.682
10.03667,315.770,271.075,228.228,142.218,95.353,52.942,28.889,13.646
10.04000,315.806,271.175,228.371,142.258,95.447,52.951,29.015,13.684
10.04333,315.852,271.306,228.402,142.333,95.464,52.963,28.959,13.712
10.04667,316.027,271.301,228.454,142.363,95.414,52.910,28.935,13.726
10.05000,316.112,271.414,228.498,142.367,95.474,52.940,28.974,13.589
10.05333,316.164,271.520,228.556,142.448,95.540,53.058,29.042,13.729
10.05667,316.287,271.515,228.600,142.506,95.562,53.062,29.006,13.741
10.06000,316.322,271.610,228.692,142.561,95.560,53.040,28.967,13.678
10.06333,316.336,271.672,228.774,142.554,95.561,53.077,29.010,13.657
10.06667,316.414,271.848,228.865,142.591,95.636,53.139,29.012,13.631
10.07000,316.585,271.821,228.935,142.595,95.677,53.031,29.053,13.693
10.07333,316.641,271.914,228.918,142.667,95.679,53.117,28.976,13.679
10.07667,316.747,271.987,229.071,142.668,95.697,53.110,29.045,13.712
10.08000,316.830,272.074,229.068,142.818,95.694,53.127,29.022,13.672
10.08333,316.843,272.132,229.151,142.760,95.702,53.110,29.015,13.699
10.08667,317.007,272.207,229.229,142.754,95.750,53.140,29.151,13.691
10.09000,317.080,272.257,229.273,142.857,95.768,53.153,29.037,13.702
10.09333,317.130,272.351,229.336,142.917,95.802,53.226,29.116,13.727
10.09667,317.174,272.448,229.367,142.943,95.830,53.167,29.077,13.696
10.10000,317.345,272.496,229.478,142.921,95.889,53.192,29.051,13.710
10.10333,317.424,272.507,229.446,142.981,95.855,53.246,29.108,13.737
10.10667,317.493,272.614,229.533,143.013,95.920,53.247,29.117,13.681
10.11000,317.588,272.652,229.595,143.119,95.982,53.273,29.079,13.708
10.11333,317.650,272.756,229.681,143.086,95.914,53.311,29.199,13.762
10.11667,317.747,272.875,229.753,143.074,95.997,53.258,29.083,13.744
10.12000,317.831,272.884,229.743,143.189,95.997,53.299,29.140,13.657
10.12333,317.894,272.921,229.823,143.282,96.043,53.336,29.117,13.746
10.12667,317.966,273.058,229.970,143.206,96.048,53.291,29.134,13.741
10.13000,318.021,273.107,229.953,143.301,96.090,53.341,29.161,13.742
10.13333,318.156,273.134,230.011,143.327,96.157,53.296,29.137,13.657
10.13667,318.213,273.270,230.092,143.429,96.098,53.335,29.159,13.729
10.14000,318.284,273.298,230.165,143.407,96.168,53.307,29.160,13.744
10.14333,318.421,273.364,230.192,143.460,96.205,53.327,29.173,13.724
10.14667,318.491,273.468,230.292,143.500,96.190,53.389,29.121,13.783
10.15000,318.498,273.551,230.291,143.468,96.261,53.459,29.176,13.767
10.15333,318.576,273.630,230.415,143.546,96.236,53.450,29.260,13.779
10.15667,318.705,273.680,230.445,143.629,96.245,53.489,29.222,13.762
10.16000,318.763,273.738,230.541,143.581,96.307,53.399,29.159,13.820
10.16333,318.812,273.795,230.582,143.677,96.303,53.481,29.203,13.788
10.16667,318.820,273.872,230.569,143.747,96.328,53.445,29.208,13.835
10.17000,319.032,273.954,230.724,143.741,96.371,53.492,29.193,13.790
10.17333,319.094,274.042,230.753,143.787,96.375,53.463,29.313,13.760
10.17667,319.107,274.057,230.857,143.805,96.388,53.568,29.232,13.843
10.18000,319.228,274.126,230.829,143.836,96.515,53.551,29.235,13.791
10.18333,319.371,274.174,230.878,143.908,96.458,53.482,29.306,13.785
10.18667,319.415,274.256,230.974,143.910,96.504,53.538,29.289,13.800
10.19000,319.415,274.354,230.939,143.947,96.485,53.563,29.225,13.801
10.19333,319.563,274.401,231.080,144.026,96.513,53.619,29.307,13.835
10.19667,319.649,274.467,231.127,144.038,96.539,53.526,29.266,13.918
10.20000,319.680,274.525,231.172,144.020,96.584,53.580,29.302,13.832
10.20333,319.727,274.508,231.206,144.048,96.631,53.617,29.271,13.755
10.20667,319.870,274.650,231.293,144.149,96.619,53.557,29.340,13.799
10.21000,319.911,274.724,231.396,144.192,96.650,53.641,29.272,13.850
10.21333,319.960,274.790,231.394,144.209,96.650,53.652,29.294,13.792
10.21667,320.095,274.859,231.464,144.241,96.722,53.654,29.346,13.868
10.22000,320.168,274.937,231.458,144.308,96.718,53.672,29.393,13.809
10.22333,320.195,274.963,231.597,144.283,96.738,53.688,29.382,13.858
10.22667,320.328,275.070,231.681,144.378,96.821,53.729,29.299,13.869
10.23000,320.388,275.144,231.690,144.375,96.825,53.690,29.359,13.888
10.23333,320.436,275.231,231.716,144.348,96.803,53.756,29.342,13.880
10.23667,320.545,275.265,231.776,144.397,96.775,53.742,29.350,13.779
10.24000,320.628,275.266,231.817,144.491,96.909,53.718,29.269,13.878
10.24333,320.752,275.343,231.888,144.510,96.935,53.827,29.377,13.853
10.24667,320.756,275.437,231.981,144.526,96.990,53.882,29.362,13.816
10.25000,320.883,275.485,232.003,144.569,96.895,53.803,29.403,13.892
10.25333,320.898,275.540,232.034,144.609,96.967,53.814,29.392,13.853
10.25667,321.054,275.638,232.100,144.668,96.906,53.772,29.457,13.872
10.26000,321.001,275.769,232.219,144.661,97.026,53.859,29.414,13.900
10.26333,321.133,275.812,232.251,144.719,97.009,53.775,29.412,13.895
10.26667,321.227,275.814,232.283,144.714,97.062,53.844,29.480,13.864
10.27000,321.282,275.876,232.350,144.757,97.140,53.838,29.460,13.897
10.27333,321.298,276.033,232.366,144.835,97.068,53.908,29.537,13.837
10.27667,321.443,276.071,232.392,144.862,97.123,53.884,29.481,13.885
10.28000,321.500,276.086,232.460,144.864,97.158,53.840,29.462,13.911
10.28333,321.515,276.090,232.529,144.893,97.196,53.917,29.461,13.863
10.28667,321.592,276.196,232.645,144.996,97.211,53.929,29.384,13.874
10.29000,321.711,276.302,232.678,144.996,97.196,53.943,29.478,13.902
10.29333,321.760,276.320,232.658,145.036,97.165,53.964,29.515,13.935
10.29667,321.851,276.344,232.761,145.061,97.289,53.928,29.544,13.933
10.30000,321.920,276.435,232.750,145.125,97.289,54.019,29.476,13.910
10.30333,321.982,276.485,232.826,145.163,97.331,53.958,29.508,13.912
10.30667,322.049,276.567,232.822,145.135,97.337,53.980,29.547,13.898
10.31000,322.159,276.642,232.941,145.185,97.302,54.022,29.490,13.932
10.31333,322.257,276.737,232.971,145.252,97.420,54.064,29.538,13.888
10.31667,322.320,276.754,233.066,145.260,97.389,53.979,29.534,13.964
10.32000,322.443,276.842,233.103,145.281,97.440,53.990,29.545,13.936
10.32333,322.384,276.920,233.182,145.283,97.433,54.045,29.585,13.925
10.32667,322.486,276.995,233.229,145.343,97.450,54.054,29.574,13.948
10.33000,322.634,277.019,233.241,145.361,97.468,54.081,29.594,13.931
10.33333,322.676,277.025,233.336,145.419,97.533,54.122,29.568,13.995
10.33667,322.705,277.089,233.344,145.412,97.504,54.108,29.588,13.883
10.34000,322.829,277.234,233.414,145.495,97.508,54.084,29.614,13.877
10.34333,322.877,277.236,233.484,145.569,97.495,54.118,29.565,13.973
10.34667,322.876,277.294,233.530,145.520,97.595,54.160,29.611,13.913
10.35000,322.897,277.398,233.571,145.571,97.592,54.148,29.571,13.966
10.35333,323.098,277.401,233.599,145.542,97.599,54.222,29.570,13.975
10.35667,323.094,277.510,233.686,145.672,97.609,54.142,29.595,13.851
10.36000,323.137,277.482,233.686,145.733,97.694,54.280,29.642,13.995
10.36333,323.240,277.630,233.762,145.710,97.675,54.227,29.613,13.976
10.36667,323.371,277.668,233.856,145.719,97.729,54.191,29.676,13.935
10.37000,323.437,277.782,233.852,145.801,97.665,54.162,29.640,13.912
10.37333,323.469,277.786,233.907,145.763,97.743,54.235,29.629,13.963
10.37667,323.606,277.880,233.930,145.722,97.739,54.263,29.627,13.969
10.38000,323.595,277.889,234.014,145.848,97.805,54.248,29.656,13.929
10.38333,323.655,277.968,234.153,145.847,97.799,54.259,29.612,13.972
10.38667,323.793,277.976,234.063,145.920,97.808,54.338,29.726,13.876
10.39000,323.784,278.077,234.175,145.893,97.826,54.300,29.656,14.009
10.39333,323.949,278.176,234.272,146.025,97.920,54.307,29.739,13.957
10.39667,323.959,278.136,234.256,146.023,97.838,54.227,29.663,13.972
10.40000,324.101,278.285,234.328,146.070,97.912,54.321,29.702,14.043
10.40333,324.071,278.273,234.399,146.108,97.941,54.398,29.699,13.993
10.40667,324.116,278.318,234.398,146.134,98.004,54.337,29.697,13.997
10.41000,324.260,278.383,234.424,146.072,97.956,54.334,29.713,14.040
10.41333,324.282,278.467,234.564,146.129,98.040,54.382,29.680,13.988
10.41667,324.321,278.444,234.527,146.153,97.996,54.356,29.718,14.014
10.42000,324.340,278.604,234.629,146.205,97.982,54.365,29.692,13.995
10.42333,324.474,278.591,234.603,146.236,98.072,54.360,29.708,14.052
10.42667,324.577,278.636,234.641,146.293,98.047,54.435,29.771,13.958
10.43000,324.542,278.729,234.774,146.305,98.107,54.468,29.787,14.030
10.43333,324.664,278.821,234.780,146.301,98.154,54.427,29.645,14.039
10.43667,324.775,278.851,234.832,146.368,98.152,54.477,29.782,14.045
10.44000,324.861,278.905,234.912,146.383,98.062,54.491,29.772,14.010
10.44333,324.890,279.007,234.923,146.425,98.140,54.475,29.705,14.082
10.44667,324.906,278.970,234.988,146.484,98.199,54.497,29.784,14.018
10.45000,324.969,279.069,235.030,146.443,98.209,54.535,29.819,13.998
10.45333,325.105,279.122,234.998,146.501,98.225,54.490,29.819,14.001
10.45667,325.104,279.163,235.136,146.539,98.209,54.521,29.708,14.009
10.46000,325.237,279.221,235.109,146.541,98.275,54.548,29.824,14.074
10.46333,325.217,279.278,235.262,146.588,98.274,54.545,29.825,14.043
10.46667,325.325,279.393,235.195,146.626,98.296,54.550,29.831,14.045
10.47000,325.364,279.364,235.327,146.700,98.312,54.641,29.826,14.066
10.47333,325.454,279.463,235.360,146.700,98.319,54.564,29.819,14.080
10.47667,325.447,279.533,235.407,146.762,98.339,54.563,29.812,14.030
10.48000,325.549,279.565,235.382,146.739,98.350,54.549,29.894,14.082
10.48333,325.604,279.573,235.468,146.731,98.431,54.629,29.796,14.033
10.48667,325.647,279.647,235.529,146.806,98.440,54.652,29.834,14.017
10.49000,325.743,279.743,235.565,146.834,98.427,54.571,29.818,14.031
10.49333,325.763,279.796,235.617,146.847,98.501,54.656,29.851,14.052
10.49667,325.841,279.864,235.630,146.939,98.454,54.664,29.784,14.073
10.50000,325.941,279.886,235.665,146.906,98.526,54.706,29.906,14.072
10.50333,326.004,279.975,235.775,146.880,98.519,54.635,29.849,14.056
10.50667,326.082,280.007,235.817,146.949,98.589,54.684,29.832,14.063
10.51000,326.125,280.093,235.757,146.968,98.514,54.700,29.865,14.085
10.51333,326.215,280.097,235.900,147.001,98.568,54.667,29.854,14.139
10.51667,326.242,280.139,235.936,147.054,98.581,54.694,29.870,14.058
10.52000,326.279,280.238,235.948,147.068,98.651,54.747,29.910,14.102
10.52333,326.377,280.243,236.030,147.141,98.687,54.737,29.842,14.109
10.52667,326.441,280.321,236.041,147.124,98.631,54.717,29.897,14.111
10.53000,326.492,280.355,236.098,147.198,98.655,54.725,29.977,14.118
10.53333,326.552,280.420,236.139,147.152,98.672,54.768,29.960,14.111
10.53667,326.622,280.497,236.174,147.176,98.665,54.760,29.871,14.016
10.54000,326.693,280.532,236.221,147.277,98.711,54.679,29.961,14.121
10.54333,326.710,280.596,236.249,147.251,98.680,54.840,29.957,14.069
10.54667,326.829,280.619,236.313,147.335,98.764,54.781,29.956,14.104
10.55000,326.851,280.707,236.388,147.324,98.759,54.818,29.984,14.132
10.55333,326.914,280.650,236.341,147.353,98.719,54.810,29.927,14.049
10.55667,327.005,280.803,236.446,147.396,98.781,54.902,29.937,14.102
10.56000,326.965,280.814,236.473,147.377,98.814,54.851,29.976,14.095
10.56333,327.086,280.893,236.567,147.483,98.844,54.792,29.930,14.113
10.56667,327.147,280.913,236.606,147.484,98.879,54.935,29.985,14.181
10.57000,327.223,280.952,236.636,147.507,98.946,54.880,29.926,14.150
10.57333,327.280,281.034,236.671,147.502,98.843,54.879,30.033,14.081
10.57667,327.341,281.122,236.683,147.486,98.932,54.858,29.987,14.115
10.58000,327.309,281.050,236.766,147.597,98.943,54.893,29.984,14.146
10.58333,327.388,281.134,236.770,147.562,99.031,54.887,29.968,14.026
10.58667,327.520,281.313,236.778,147.596,98.945,54.909,30.018,14.159
10.59000,327.580,281.244,236.878,147.650,98.964,54.883,29.968,14.172
10.59333,327.590,281.362,236.892,147.605,99.021,54.929,30.005,14.128
10.59667,327.606,281.387,236.962,147.731,99.020,54.949,30.029,14.178
10.60000,327.768,281.445,236.990,147.699,98.972,54.894,30.055,14.192
10.60333,327.757,281.481,237.048,147.669,99.070,54.966,29.985,14.149
10.60667,327.794,281.463,237.028,147.800,99.078,55.002,29.997,14.157
10.61000,327.945,281.540,237.070,147.829,99.101,55.031,30.070,14.142
10.61333,327.974,281.593,237.190,147.872,99.093,54.997,30.105,14.155
10.61667,328.058,281.702,237.255,147.921,99.091,55.037,30.059,14.074
10.62000,328.038,281.690,237.253,147.903,99.144,55.003,30.015,14.120
10.62333,328.119,281.780,237.261,147.869,99.095,55.055,30.097,14.168
10.62667,328.123,281.820,237.321,147.986,99.088,55.045,30.118,14.150
10.63000,328.194,281.810,237.352,147.979,99.177,55.003,30.124,14.132
10.63333,328.297,281.918,237.414,147.948,99.234,55.082,30.062,14.096
10.63667,328.312,281.931,237.453,147.982,99.252,55.078,30.066,14.141
10.64000,328.458,282.046,237.470,148.026,99.266,55.038,30.092,14.164
10.64333,328.382,281.977,237.560,147.916,99.283,55.091,30.161,14.181
10.64667,328.474,282.117,237.610,148.083,99.260,55.027,30.093,14.179
10.65000,328.603,282.116,237.666,148.046,99.295,55.131,30.013,14.168
10.65333,328.635,282.195,237.591,148.167,99.341,55.108,30.132,14.139
10.65667,328.690,282.203,237.673,148.155,99.297,55.014,30.129,14.160
10.66000,328.722,282.264,237.701,148.147,99.338,55.174,30.164,14.166
10.66333,328.779,282.332,237.814,148.231,99.396,55.129,30.143,14.258
10.66667,328.772,282.354,237.780,148.226,99.377,55.119,30.072,14.188
10.67000,328.908,282.422,237.866,148.285,99.391,55.144,30.109,14.183
10.67333,328.932,282.421,237.779,148.259,99.418,55.143,30.102,14.234
10.67667,328.979,282.546,237.922,148.255,99.431,55.090,30.149,14.196
10.68000,329.046,282.511,237.944,148.302,99.435,55.210,30.193,14.180
10.68333,329.140,282.624,237.910,148.391,99.489,55.181,30.139,14.218
10.68667,329.126,282.644,237.966,148.343,99.540,55.215,30.197,14.210
10.69000,329.230,282.708,238.081,148.397,99.517,55.203,30.140,14.196
10.69333,329.157,282.774,238.099,148.458,99.523,55.184,30.176,14.194
10.69667,329.293,282.757,238.174,148.395,99.450,55.241,30.145,14.230
10.70000,329.340,282.820,238.205,148.464,99.544,55.227,30.152,14.221
10.70333,329.364,282.852,238.232,148.440,99.521,55.274,30.216,14.186
10.70667,329.444,282.961,238.273,148.494,99.628,55.211,30.236,14.208
10.71000,329.540,282.994,238.324,148.502,99.621,55.284,30.181,14.242
10.71333,329.578,283.024,238.308,148.546,99.607,55.303,30.258,14.293
10.71667,329.578,283.135,238.422,148.545,99.670,55.283,30.189,14.237
10.72000,329.716,283.087,238.419,148.605,99.605,55.311,30.191,14.209
10.72333,329.728,283.141,238.428,148.579,99.632,55.271,30.186,14.185
10.72667,329.732,283.148,238.502,148.655,99.630,55.314,30.213,14.225
10.73000,329.799,283.277,238.553,148.721,99.603,55.242,30.208,14.204
10.73333,329.817,283.308,238.539,148.651,99.679,55.295,30.213,14.264
10.73667,329.927,283.362,238.633,148.746,99.692,55.360,30.299,14.243
10.74000,329.969,283.379,238.636,148.744,99.736,55.331,30.193,14.241
10.74333,330.046,283.407,238.675,148.815,99.698,55.366,30.231,14.252
10.74667,330.135,283.415,238.774,148.782,99.772,55.332,30.264,14.271
10.75000,330.131,283.514,238.727,148.800,99.765,55.400,30.293,14.235
10.75333,330.267,283.500,238.843,148.823,99.825,55.392,30.312,14.326
10.75667,330.216,283.571,238.787,148.842,99.783,55.321,30.261,14.258
10.76000,330.307,283.640,238.932,148.863,99.869,55.429,30.278,14.245
10.76333,330.308,283.639,238.856,148.887,99.803,55.419,30.287,14.254
10.76667,330.437,283.780,238.977,148.983,99.767,55.362,30.232,14.204
10.77000,330.449,283.732,238.944,149.031,99.877,55.368,30.286,14.241
10.77333,330.469,283.777,238.985,148.965,99.828,55.347,30.301,14.272
10.77667,330.558,283.785,239.041,149.032,99.900,55.446,30.351,14.271
10.78000,330.560,283.870,239.018,148.966,99.980,55.487,30.327,14.237
10.78333,330.602,283.887,239.101,149.009,99.875,55.431,30.325,14.242
10.78667,330.675,283.970,239.106,149.060,99.895,55.537,30.260,14.252
10.79000,330.740,284.009,239.184,149.126,99.912,55.406,30.359,14.279
10.79333,330.768,284.060,239.250,149.127,99.963,55.448,30.312,14.250
10.79667,330.878,284.118,239.221,149.106,99.930,55.461,30.382,14.215
10.80000,330.794,284.116,239.298,149.160,100.013,55.475,30.350,14.288
10.80333,330.908,284.199,239.279,149.188,99.970,55.455,30.324,14.282
10.80667,330.975,284.230,239.380,149.221,100.039,55.442,30.273,14.190
10.81000,330.990,284.255,239.361,149.198,100.005,55.527,30.312,14.350
10.81333,331.056,284.317,239.379,149.229,100.046,55.466,30.279,14.305
10.81667,331.133,284.309,239.470,149.229,100.078,55.543,30.339,14.310
10.82000,331.236,284.363,239.530,149.310,100.109,55.551,30.371,14.291
10.82333,331.177,284.401,239.539,149.332,100.135,55.553,30.374,14.285
10.82667,331.216,284.432,239.601,149.348,100.100,55.564,30.323,14.310
10.83000,331.320,284.426,239.577,149.328,100.113,55.521,30.325,14.251
10.83333,331.367,284.532,239.598,149.414,100.109,55.531,30.399,14.260
10.83667,331.371,284.595,239.643,149.394,100.160,55.547,30.321,14.332
10.84000,331.466,284.574,239.646,149.424,100.192,55.592,30.389,14.257
10.84333,331.520,284.660,239.716,149.454,100.209,55.557,30.391,14.263
10.84667,331.512,284.704,239.777,149.492,100.235,55.608,30.450,14.323
10.85000,331.573,284.741,239.803,149.553,100.235,55.614,30.331,14.267
10.85333,331.586,284.773,239.840,149.529,100.203,55.591,30.425,14.369
10.85667,331.738,284.789,239.884,149.463,100.189,55.532,30.390,14.324
10.86000,331.678,284.854,239.964,149.439,100.180,55.678,30.418,14.296
10.86333,331.743,284.906,239.930,149.580,100.257,55.639,30.361,14.298
10.86667,331.743,284.904,239.940,149.582,100.285,55.595,30.412,14.338
10.87000,331.899,284.980,240.065,149.649,100.237,55.627,30.442,14.280
10.87333,331.921,285.005,240.046,149.601,100.265,55.647,30.406,14.260
10.87667,331.930,285.030,240.062,149.666,100.334,55.642,30.465,14.390
10.88000,331.957,285.128,240.080,149.669,100.384,55.608,30.488,14.300
10.88333,331.999,285.108,240.094,149.740,100.340,55.698,30.395,14.323
10.88667,332.093,285.086,240.141,149.749,100.341,55.639,30.477,14.353
10.89000,332.115,285.201,240.193,149.701,100.352,55.677,30.456,14.344
10.89333,332.153,285.196,240.245,149.749,100.439,55.663,30.396,14.332
10.89667,332.218,285.314,240.227,149.723,100.390,55.797,30.478,14.279
10.90000,332.284,285.357,240.286,149.846,100.401,55.690,30.414,14.339
10.90333,332.297,285.331,240.304,149.801,100.432,55.741,30.468,14.351
10.90667,332.340,285.352,240.372,149.870,100.397,55.716,30.458,14.353
10.91000,332.438,285.368,240.377,149.769,100.432,55.742,30.466,14.401
10.91333,332.462,285.430,240.435,149.811,100.523,55.701,30.533,14.286
10.91667,332.525,285.466,240.426,149.904,100.484,55.787,30.568,14.332
10.92000,332.504,285.561,240.476,149.925,100.541,55.748,30.470,14.305
10.92333,332.539,285.590,240.490,149.897,100.524,55.762,30.500,14.332
10.92667,332.583,285.622,240.527,149.974,100.561,55.752,30.486,14.383
10.93000,332.663,285.658,240.598,150.036,100.497,55.724,30.483,14.370
10.93333,332.692,285.712,240.537,150.010,100.509,55.774,30.496,14.388
10.93667,332.699,285.723,240.580,150.039,100.577,55.803,30.530,14.358
10.94000,332.717,285.792,240.715,150.008,100.511,55.822,30.470,14.416
10.94333,332.843,285.727,240.706,150.039,100.619,55.821,30.510,14.414
10.94667,332.856,285.767,240.730,150.106,100.609,55.818,30.503,14.403
10.95000,332.909,285.913,240.753,150.125,100.599,55.846,30.484,14.373
10.95333,332.960,285.913,240.779,150.206,100.635,55.833,30.459,14.354
10.95667,332.939,285.879,240.784,150.096,100.644,55.826,30.534,14.369
10.96000,332.990,285.982,240.905,150.161,100.609,55.875,30.517,14.366
10.96333,333.042,285.996,240.831,150.183,100.618,55.846,30.553,14.384
10.96667,333.057,286.090,240.875,150.165,100.697,55.824,30.493,14.354
10.97000,333.225,286.082,240.931,150.197,100.672,55.835,30.569,14.378
10.97333,333.207,286.107,240.975,150.195,100.732,55.806,30.582,14.298
10.97667,333.273,286.127,240.993,150.207,100.689,55.898,30.674,14.350
10.98000,333.316,286.170,241.052,150.309,100.719,55.881,30.549,14.387
10.98333,333.330,286.219,241.044,150.285,100.761,55.873,30.510,14.330
10.98667,333.294,286.277,241.057,150.296,100.703,55.861,30.488,14.374
10.99000,333.385,286.214,241.126,150.329,100.690,55.947,30.535,14.376
10.99333,333.516,286.334,241.164,150.324,100.784,55.897,30.514,14.360
10.99667,333.481,286.336,241.212,150.324,100.826,56.003,30.535,14.336
11.00000,333.566,286.383,241.207,150.367,100.782,55.898,30.581,14.353
11.00333,333.511,286.476,241.240,150.379,100.785,55.948,30.544,14.414
11.00667,333.626,286.470,241.277,150.366,100.780,56.002,30.607,14.405
11.01000,333.654,286.530,241.272,150.450,100.848,56.011,30.613,14.424
11.01333,333.713,286.528,241.327,150.435,100.918,55.975,30.568,14.412
11.01667,333.783,286.571,241.301,150.475,100.842,55.965,30.605,14.378
11.02000,333.837,286.600,241.416,150.550,100.811,56.004,30.526,14.343
11.02333,333.821,286.620,241.372,150.522,100.912,55.988,30.616,14.418
11.02667,333.817,286.689,241.439,150.506,100.924,56.007,30.611,14.448
11.03000,333.844,286.697,241.439,150.570,100.961,55.974,30.617,14.404
11.03333,333.885,286.779,241.486,150.606,100.896,55.978,30.576,14.328
11.03667,333.973,286.823,241.559,150.536,100.986,56.043,30.598,14.442
11.04000,334.065,286.750,241.592,150.603,100.933,56.038,30.606,14.443
11.04333,333.995,286.873,241.586,150.638,100.930,55.993,30.622,14.413
11.04667,334.079,286.961,241.600,150.656,100.968,56.018,30.612,14.387
11.05000,334.115,286.931,241.607,150.643,101.003,56.056,30.618,14.408
11.05333,334.165,286.993,241.707,150.688,100.977,55.992,30.589,14.389
11.05667,334.154,286.988,241.693,150.662,101.034,56.029,30.615,14.404
11.06000,334.196,287.004,241.683,150.709,101.027,56.067,30.576,14.416
11.06333,334.294,287.009,241.768,150.665,101.109,56.078,30.624,14.351
11.06667,334.318,287.087,241.739,150.733,101.090,56.005,30.642,14.358
11.07000,334.401,287.159,241.869,150.771,101.029,56.053,30.705,14.417
11.07333,334.400,287.190,241.860,150.683,101.020,56.057,30.667,14.405
11.07667,334.401,287.218,241.842,150.772,101.045,56.089,30.664,14.484
11.08000,334.478,287.204,241.827,150.841,101.090,56.081,30.690,14.394
11.08333,334.514,287.217,241.896,150.819,101.116,56.140,30.650,14.435
11.08667,334.543,287.324,241.932,150.780,101.165,56.171,30.639,14.445
11.09000,334.564,287.350,241.931,150.927,101.134,56.139,30.698,14.492
11.09333,334.618,287.273,242.039,150.838,101.116,56.005,30.675,14.449
11.09667,334.646,287.398,242.070,150.940,101.155,56.122,30.711,14.436
11.10000,334.669,287.421,242.032,150.903,101.199,56.145,30.652,14.390
11.10333,334.637,287.410,242.052,150.896,101.136,56.119,30.646,14.391
11.10667,334.754,287.452,242.149,150.933,101.223,56.155,30.610,14.486
11.11000,334.763,287.510,242.146,150.954,101.169,56.144,30.664,14.454
11.11333,334.872,287.476,242.147,150.955,101.213,56.175,30.711,14.455
11.11667,334.846,287.551,242.197,150.933,101.251,56.187,30.693,14.446
11.12000,334.915,287.535,242.186,150.934,101.169,56.165,30.751,14.439
11.12333,334.957,287.605,242.297,151.092,101.246,56.194,30.649,14.444
11.12667,334.942,287.649,242.251,151.009,101.267,56.186,30.645,14.394
11.13000,335.038,287.620,242.322,151.047,101.282,56.130,30.704,14.476
11.13333,335.015,287.717,242.328,151.075,101.252,56.199,30.745,14.463
11.13667,335.048,287.714,242.345,151.096,101.270,56.213,30.684,14.438
11.14000,335.117,287.723,242.372,151.045,101.314,56.184,30.741,14.385
11.14333,335.099,287.835,242.451,151.129,101.327,56.172,30.692,14.443
11.14667,335.158,287.839,242.403,151.128,101.345,56.235,30.768,14.497
11.15000,335.168,287.920,242.414,151.136,101.342,56.184,30.706,14.517
11.15333,335.209,287.886,242.444,151.169,101.360,56.236,30.768,14.487
11.15667,335.338,287.959,242.554,151.203,101.373,56.253,30.760,14.407
11.16000,335.324,287.969,242.499,151.196,101.357,56.214,30.786,14.441
11.16333,335.406,287.928,242.546,151.195,101.406,56.247,30.640,14.412
11.16667,335.440,288.011,242.531,151.218,101.304,56.345,30.806,14.510
11.17000,335.438,288.073,242.608,151.201,101.366,56.305,30.662,14.378
11.17333,335.447,288.065,242.640,151.287,101.369,56.208,30.713,14.408
11.17667,335.536,288.112,242.687,151.280,101.454,56.224,30.739,14.509
11.18000,335.554,288.102,242.606,151.305,101.444,56.218,30.740,14.409
11.18333,335.596,288.127,242.676,151.293,101.414,56.259,30.770,14.454
11.18667,335.652,288.162,242.717,151.254,101.451,56.315,30.701,14.474
11.19000,335.634,288.219,242.792,151.299,101.455,56.303,30.805,14.497
11.19333,335.624,288.206,242.743,151.367,101.475,56.322,30.790,14.469
11.19667,335.723,288.269,242.784,151.336,101.507,56.382,30.782,14.482
11.20000,335.771,288.343,242.805,151.410,101.418,56.257,30.755,14.526
11.20333,335.806,288.294,242.842,151.398,101.507,56.340,30.811,14.474
11.20667,335.816,288.361,242.859,151.424,101.491,56.320,30.828,14.502
11.21000,335.851,288.381,242.825,151.463,101.477,56.258,30.798,14.514
11.21333,335.889,288.400,242.934,151.371,101.500,56.301,30.802,14.444
11.21667,335.901,288.410,242.964,151.465,101.557,56.393,30.806,14.482
11.22000,335.929,288.474,242.937,151.441,101.524,56.352,30.852,14.437
11.22333,336.011,288.487,242.991,151.467,101.558,56.358,30.743,14.507
11.22667,335.951,288.542,243.034,151.436,101.558,56.345,30.776,14.476
11.23000,336.025,288.544,243.066,151.570,101.539,56.308,30.848,14.488
11.23333,336.084,288.531,243.084,151.563,101.616,56.343,30.855,14.510
11.23667,336.116,288.609,243.068,151.541,101.599,56.419,30.858,14.491
11.24000,336.136,288.730,243.064,151.570,101.557,56.358,30.812,14.521
11.24333,336.148,288.628,243.154,151.552,101.579,56.357,30.771,14.479
11.24667,336.179,288.690,243.153,151.618,101.602,56.363,30.794,14.534
11.25000,336.235,288.730,243.184,151.624,101.634,56.424,30.753,14.455
11.25333,336.206,288.709,243.250,151.624,101.641,56.392,30.859,14.498
11.25667,336.344,288.763,243.226,151.636,101.666,56.395,30.769,14.437
11.26000,336.352,288.793,243.213,151.595,101.656,56.446,30.794,14.524
11.26333,336.378,288.826,243.300,151.607,101.649,56.396,30.864,14.525
11.26667,336.344,288.814,243.261,151.665,101.684,56.415,30.852,14.470
11.27000,336.396,288.905,243.356,151.709,101.659,56.403,30.865,14.475
11.27333,336.428,288.931,243.329,151.680,101.736,56.419,30.851,14.488
11.27667,336.441,288.967,243.310,151.742,101.688,56.407,30.831,14.523
11.28000,336.547,288.963,243.337,151.687,101.730,56.426,30.872,14.499
11.28333,336.542,289.015,243.386,151.683,101.734,56.451,30.823,14.558
11.28667,336.631,289.037,243.406,151.731,101.696,56.404,30.808,14.493
11.29000,336.579,288.976,243.456,151.753,101.723,56.454,30.850,14.480
11.29333,336.642,289.077,243.453,151.766,101.752,56.474,30.867,14.534
11.29667,336.721,289.131,243.461,151.735,101.763,56.449,30.894,14.542
11.30000,336.675,289.098,243.470,151.841,101.792,56.503,30.808,14.497
11.30333,336.729,289.129,243.465,151.890,101.849,56.494,30.908,14.513
11.30667,336.845,289.142,243.564,151.869,101.754,56.493,30.926,14.529
11.31000,336.824,289.232,243.567,151.884,101.834,56.488,30.876,14.541
11.31333,336.860,289.248,243.644,151.789,101.770,56.556,30.858,14.531
11.31667,336.879,289.292,243.534,151.897,101.834,56.523,30.897,14.510
11.32000,336.894,289.271,243.726,151.940,101.865,56.450,30.894,14.457
11.32333,336.913,289.346,243.642,151.964,101.831,56.541,30.893,14.576
11.32667,336.953,289.271,243.640,151.942,101.903,56.542,30.900,14.472
11.33000,336.931,289.345,243.647,151.927,101.858,56.538,30.883,14.539
11.33333,337.042,289.338,243.660,151.901,101.897,56.499,30.882,14.501
11.33667,337.055,289.386,243.771,151.979,101.869,56.516,30.939,14.533
11.34000,337.004,289.429,243.777,151.946,101.934,56.524,30.935,14.518
11.34333,337.115,289.442,243.810,151.983,101.867,56.523,30.906,14.480
11.34667,337.157,289.437,243.820,152.024,101.879,56.535,30.905,14.483
11.35000,337.173,289.567,243.770,152.003,101.851,56.561,30.841,14.539
11.35333,337.177,289.497,243.876,152.024,101.929,56.524,30.911,14.506
11.35667,337.234,289.588,243.925,152.098,101.950,56.496,30.979,14.492
11.36000,337.263,289.656,243.906,152.041,101.970,56.535,30.838,14.511
11.36333,337.260,289.616,243.992,152.078,101.896,56.548,30.858,14.550
11.36667,337.293,289.659,243.910,152.074,101.938,56.576,30.940,14.541
11.37000,337.372,289.636,243.911,152.150,101.950,56.586,30.953,14.532
11.37333,337.353,289.699,243.958,152.114,101.994,56.599,30.957,14.522
11.37667,337.315,289.687,243.913,152.116,101.970,56.506,30.962,14.555
11.38000,337.403,289.771,244.092,152.130,102.025,56.615,30.918,14.512
11.38333,337.441,289.773,244.059,152.175,102.036,56.542,30.973,14.552
11.38667,337.559,289.811,244.027,152.177,102.054,56.561,30.924,14.520
11.39000,337.550,289.821,244.053,152.180,101.965,56.636,30.931,14.522
11.39333,337.528,289.827,244.119,152.189,102.058,56.631,30.931,14.576
11.39667,337.545,289.858,244.077,152.206,102.043,56.582,30.930,14.559
11.40000,337.697,289.929,244.125,152.196,102.040,56.606,30.940,14.519
11.40333,337.663,289.886,244.189,152.223,102.032,56.637,30.941,14.544
11.40667,337.645,289.972,244.192,152.263,102.072,56.613,30.960,14.579
11.41000,337.715,289.906,244.171,152.229,102.063,56.612,30.966,14.553
11.41333,337.740,289.935,244.251,152.301,102.048,56.637,30.859,14.571
11.41667,337.710,289.991,244.278,152.271,102.070,56.636,30.995,14.514
11.42000,337.786,290.098,244.279,152.280,102.060,56.584,30.956,14.531
11.42333,337.783,290.096,244.264,152.303,102.055,56.629,30.903,14.552
11.42667,337.798,290.107,244.287,152.313,102.200,56.682,30.957,14.509
11.43000,337.791,290.121,244.320,152.214,102.076,56.671,30.986,14.555
11.43333,337.870,290.118,244.347,152.374,102.180,56.616,30.896,14.612
11.43667,337.909,290.144,244.400,152.391,102.111,56.642,30.965,14.473
11.44000,337.978,290.190,244.416,152.365,102.141,56.671,30.934,14.538
11.44333,337.948,290.121,244.395,152.343,102.183,56.686,31.030,14.585
11.44667,337.931,290.168,244.528,152.424,102.175,56.661,31.013,14.593
11.45000,337.914,290.239,244.392,152.353,102.229,56.630,30.986,14.570
11.45333,337.979,290.222,244.465,152.430,102.241,56.635,31.004,14.575
11.45667,338.070,290.292,244.510,152.442,102.175,56.652,30.920,14.564
11.46000,338.054,290.265,244.513,152.386,102.201,56.704,31.019,14.586
11.46333,338.098,290.325,244.470,152.453,102.221,56.700,30.994,14.594
11.46667,338.133,290.308,244.430,152.508,102.197,56.664,30.966,14.583
11.47000,338.117,290.355,244.522,152.450,102.212,56.690,31.019,14.583
11.47333,338.197,290.468,244.668,152.452,102.318,56.715,30.968,14.554
11.47667,338.189,290.412,244.669,152.518,102.249,56.714,31.009,14.545
11.48000,338.251,290.399,244.696,152.615,102.255,56.758,31.073,14.593
11.48333,338.285,290.455,244.562,152.555,102.220,56.628,31.035,14.582
11.48667,338.338,290.480,244.617,152.513,102.291,56.673,30.977,14.582
11.49000,338.360,290.486,244.672,152.549,102.245,56.748,31.022,14.599
11.49333,338.369,290.518,244.716,152.529,102.289,56.739,31.016,14.614
11.49667,338.405,290.560,244.772,152.583,102.247,56.760,31.009,14.557
11.50000,338.392,290.613,244.752,152.557,102.275,56.714,31.016,14.577
11.50333,338.406,290.579,244.732,152.578,102.219,56.771,30.980,14.551
11.50667,338.442,290.600,244.757,152.515,102.278,56.755,31.082,14.619
11.51000,338.399,290.613,244.821,152.643,102.284,56.784,31.020,14.600
11.51333,338.487,290.660,244.791,152.584,102.334,56.806,30.990,14.572
11.51667,338.521,290.710,244.881,152.715,102.311,56.787,31.018,14.548
11.52000,338.542,290.693,244.828,152.671,102.356,56.800,31.056,14.557
11.52333,338.529,290.740,244.833,152.661,102.351,56.725,31.022,14.603
11.52667,338.576,290.751,244.861,152.659,102.350,56.722,31.028,14.616
11.53000,338.640,290.795,244.924,152.674,102.319,56.769,31.095,14.592
11.53333,338.561,290.782,244.948,152.652,102.372,56.847,31.084,14.621
11.53667,338.697,290.779,244.893,152.642,102.280,56.725,31.031,14.599
11.54000,338.614,290.826,244.963,152.751,102.364,56.798,31.123,14.530
11.54333,338.719,290.879,244.917,152.742,102.315,56.799,31.064,14.612
11.54667,338.706,290.924,245.031,152.699,102.390,56.759,31.059,14.532
11.55000,338.787,290.875,245.059,152.727,102.380,56.776,31.028,14.585
11.55333,338.789,290.872,245.071,152.778,102.390,56.846,31.035,14.589
11.55667,338.807,290.909,244.951,152.766,102.472,56.813,31.060,14.659
11.56000,338.821,291.020,245.085,152.780,102.528,56.757,31.065,14.542
11.56333,338.899,291.020,245.093,152.803,102.379,56.806,31.106,14.644
11.56667,338.846,290.963,245.086,152.825,102.442,56.765,31.044,14.598
11.57000,338.871,291.046,245.090,152.760,102.369,56.854,31.056,14.660
11.57333,338.919,290.998,245.168,152.776,102.382,56.861,31.094,14.589
11.57667,338.957,291.003,245.103,152.853,102.430,56.841,31.052,14.623
11.58000,338.904,291.112,245.144,152.815,102.413,56.846,31.124,14.662
11.58333,338.985,291.092,245.208,152.821,102.517,56.826,31.023,14.582
11.58667,339.069,291.091,245.161,152.896,102.485,56.846,31.067,14.591
11.59000,339.056,291.107,245.223,152.843,102.469,56.848,31.133,14.553
11.59333,339.074,291.147,245.156,152.848,102.490,56.918,31.066,14.651
11.59667,339.042,291.213,245.209,152.899,102.499,56.878,31.093,14.603
11.60000,339.054,291.243,245.294,152.878,102.513,56.862,31.083,14.640
11.60333,339.134,291.243,245.258,152.897,102.516,56.829,31.053,14.590
11.60667,339.168,291.228,245.266,152.842,102.449,56.865,31.071,14.626
11.61000,339.204,291.297,245.321,152.878,102.524,56.953,31.137,14.630
11.61333,339.228,291.350,245.316,152.924,102.580,56.839,31.146,14.523
11.61667,339.153,291.289,245.339,153.003,102.518,56.950,31.066,14.611
11.62000,339.264,291.295,245.324,152.985,102.570,56.913,31.012,14.623
11.62333,339.281,291.322,245.390,152.985,102.586,56.881,31.134,14.632
11.62667,339.326,291.318,245.373,153.034,102.609,56.855,31.103,14.565
11.63000,339.261,291.356,245.381,153.035,102.566,56.864,31.097,14.560
11.63333,339.276,291.421,245.430,153.013,102.628,56.891,31.046,14.534
11.63667,339.352,291.400,245.353,153.037,102.586,56.857,31.073,14.602
11.64000,339.386,291.424,245.421,153.109,102.576,56.922,31.107,14.671
11.64333,339.422,291.447,245.525,152.948,102.558,56.886,31.107,14.670
11.64667,339.373,291.491,245.441,153.001,102.533,56.947,31.133,14.646
11.65000,339.458,291.519,245.465,152.993,102.608,56.984,31.130,14.646
11.65333,339.507,291.516,245.486,153.130,102.619,56.937,31.075,14.616
11.65667,339.572,291.564,245.508,153.140,102.608,56.937,31.092,14.598
11.66000,339.487,291.500,245.590,153.082,102.656,56.904,31.181,14.615
11.66333,339.562,291.539,245.588,153.100,102.645,56.923,31.130,14.626
11.66667,339.503,291.578,245.584,153.116,102.667,56.960,31.111,14.641
11.67000,339.611,291.594,245.625,153.153,102.678,56.952,31.109,14.642
11.67333,339.568,291.560,245.564,153.150,102.647,56.894,31.170,14.683
11.67667,339.598,291.624,245.647,153.137,102.610,56.978,31.171,14.651
11.68000,339.620,291.674,245.685,153.149,102.627,56.978,31.094,14.610
11.68333,339.711,291.697,245.682,153.135,102.700,56.919,31.082,14.574
11.68667,339.590,291.669,245.624,153.194,102.657,56.952,31.092,14.643
11.69000,339.755,291.613,245.698,153.185,102.687,56.978,31.123,14.623
11.69333,339.718,291.714,245.659,153.250,102.683,56.937,31.177,14.599
11.69667,339.698,291.804,245.741,153.167,102.675,56.944,31.133,14.647
11.70000,339.728,291.747,245.742,153.204,102.666,56.888,31.033,14.656
11.70333,339.740,291.713,245.727,153.221,102.647,56.940,31.100,14.605
11.70667,339.791,291.837,245.707,153.256,102.618,57.047,31.170,14.697
11.71000,339.859,291.837,245.717,153.232,102.721,56.976,31.115,14.714
11.71333,339.882,291.813,245.795,153.304,102.685,56.962,31.206,14.640
11.71667,339.882,291.832,245.820,153.285,102.647,57.008,31.201,14.605
11.72000,339.884,291.865,245.827,153.261,102.693,57.026,31.181,14.589
11.72333,339.914,291.825,245.913,153.265,102.736,57.010,31.188,14.601
11.72667,339.861,291.906,245.827,153.261,102.688,57.039,31.178,14.608
11.73000,339.891,291.955,245.872,153.229,102.814,56.997,31.167,14.649
11.73333,339.964,291.958,245.925,153.366,102.735,57.040,31.173,14.682
11.73667,339.957,291.965,245.792,153.294,102.843,57.019,31.105,14.645
11.74000,339.968,291.975,245.878,153.319,102.776,56.998,31.162,14.640
11.74333,340.017,292.001,245.950,153.345,102.774,56.981,31.128,14.644
11.74667,340.053,292.039,245.887,153.353,102.787,56.999,31.177,14.661
11.75000,340.057,292.007,245.931,153.364,102.827,56.999,31.184,14.645
11.75333,340.085,292.042,245.989,153.398,102.775,57.015,31.188,14.664
11.75667,340.076,292.069,245.958,153.315,102.833,56.996,31.156,14.667
11.76000,340.080,292.121,245.972,153.354,102.798,56.985,31.168,14.673
11.76333,340.193,292.094,246.054,153.395,102.865,57.007,31.159,14.672
11.76667,340.189,292.121,245.983,153.391,102.779,57.084,31.170,14.664
11.77000,340.144,292.087,246.035,153.397,102.819,57.066,31.158,14.682
11.77333,340.217,292.131,246.046,153.385,102.802,57.140,31.199,14.719
11.77667,340.268,292.189,246.029,153.427,102.834,57.068,31.234,14.629
11.78000,340.197,292.176,246.115,153.480,102.826,57.006,31.169,14.651
11.78333,340.228,292.182,246.110,153.471,102.819,57.104,31.182,14.660
11.78667,340.348,292.227,246.073,153.516,102.865,57.086,31.183,14.638
11.79000,340.309,292.266,246.107,153.479,102.784,57.101,31.214,14.694
11.79333,340.314,292.203,246.154,153.461,102.792,57.085,31.229,14.628
11.79667,340.299,292.247,246.179,153.473,102.910,57.109,31.175,14.645
11.80000,340.333,292.290,246.145,153.431,102.864,57.063,31.206,14.642
11.80333,340.340,292.295,246.178,153.482,102.941,57.050,31.152,14.676
11.80667,340.359,292.293,246.237,153.539,102.854,57.063,31.276,14.666
11.81000,340.487,292.309,246.174,153.512,102.871,57.086,31.199,14.654
11.81333,340.442,292.345,246.200,153.504,102.940,57.119,31.285,14.634
11.81667,340.463,292.320,246.213,153.583,102.946,57.095,31.212,14.705
11.82000,340.420,292.418,246.252,153.558,102.945,57.095,31.182,14.743
11.82333,340.506,292.385,246.262,153.470,102.949,57.087,31.228,14.653
11.82667,340.515,292.461,246.286,153.570,102.949,57.138,31.197,14.685
11.83000,340.517,292.398,246.293,153.572,102.972,57.046,31.215,14.639
11.83333,340.537,292.389,246.272,153.564,103.001,57.096,31.218,14.683
11.83667,340.553,292.471,246.346,153.617,102.952,57.104,31.264,14.607
11.84000,340.618,292.410,246.324,153.628,102.968,57.052,31.215,14.661
11.84333,340.641,292.458,246.356,153.611,103.016,57.171,31.169,14.694
11.84667,340.614,292.527,246.326,153.601,102.936,57.010,31.216,14.664
11.85000,340.641,292.508,246.376,153.615,102.990,57.133,31.208,14.654
11.85333,340.616,292.499,246.394,153.572,102.942,57.152,31.265,14.729
11.85667,340.670,292.545,246.385,153.653,102.957,57.096,31.208,14.685
11.86000,340.697,292.576,246.391,153.640,103.071,57.101,31.204,14.636
11.86333,340.726,292.624,246.366,153.607,102.986,57.135,31.220,14.640
11.86667,340.726,292.537,246.484,153.666,102.984,57.158,31.210,14.672
11.87000,340.799,292.574,246.432,153.669,103.039,57.133,31.247,14.652
11.87333,340.748,292.658,246.442,153.644,102.997,57.111,31.223,14.706
11.87667,340.767,292.684,246.463,153.708,103.030,57.119,31.217,14.687
11.88000,340.792,292.618,246.500,153.693,103.061,57.168,31.286,14.758
11.88333,340.828,292.621,246.463,153.658,102.964,57.132,31.308,14.637
11.88667,340.826,292.688,246.525,153.643,103.081,57.125,31.238,14.709
11.89000,340.879,292.703,246.494,153.680,103.017,57.178,31.247,14.717
11.89333,340.857,292.682,246.536,153.695,103.014,57.162,31.262,14.697
11.89667,340.867,292.794,246.559,153.750,103.090,57.162,31.208,14.679
11.90000,340.929,292.781,246.618,153.711,103.055,57.200,31.275,14.665
11.90333,340.879,292.758,246.520,153.696,102.990,57.183,31.292,14.633
11.90667,340.943,292.842,246.528,153.698,103.021,57.163,31.247,14.657
11.91000,340.932,292.732,246.591,153.760,103.062,57.179,31.253,14.694
11.91333,341.013,292.815,246.633,153.735,103.075,57.153,31.226,14.674
11.91667,340.986,292.771,246.547,153.757,103.113,57.172,31.240,14.674
11.92000,340.992,292.821,246.605,153.795,103.012,57.160,31.269,14.743
11.92333,341.042,292.895,246.677,153.827,103.111,57.210,31.272,14.749
11.92667,340.997,292.804,246.667,153.781,103.046,57.217,31.307,14.764
11.93000,341.048,292.873,246.701,153.777,103.086,57.229,31.247,14.668
11.93333,341.063,292.898,246.677,153.791,103.084,57.216,31.272,14.759
11.93667,341.085,292.913,246.668,153.821,103.112,57.218,31.199,14.665
11.94000,341.041,292.928,246.720,153.806,103.147,57.249,31.322,14.662
11.94333,341.051,292.888,246.691,153.840,103.100,57.185,31.297,14.643
11.94667,341.108,292.919,246.727,153.868,103.092,57.180,31.220,14.657
11.95000,341.180,292.922,246.706,153.837,103.095,57.245,31.280,14.707
11.95333,341.127,292.963,246.767,153.899,103.134,57.215,31.261,14.648
11.95667,341.180,293.023,246.827,153.886,103.158,57.234,31.284,14.712
11.96000,341.184,293.052,246.840,153.849,103.150,57.211,31.262,14.674
11.96333,341.217,293.014,246.841,153.862,103.116,57.162,31.301,14.695
11.96667,341.259,293.001,246.857,153.880,103.153,57.226,31.298,14.779
11.97000,341.281,292.995,246.820,153.866,103.162,57.198,31.319,14.727
11.97333,341.271,293.070,246.877,153.877,103.149,57.242,31.269,14.696
11.97667,341.277,293.059,246.768,153.919,103.161,57.259,31.269,14.652
11.98000,341.320,293.041,246.838,153.922,103.107,57.270,31.333,14.745
11.98333,341.331,293.095,246.845,153.937,103.229,57.294,31.309,14.675
11.98667,341.403,293.042,246.792,153.914,103.202,57.287,31.242,14.695
11.99000,341.288,293.127,246.869,153.945,103.169,57.276,31.248,14.680
11.99333,341.358,293.156,246.866,153.969,103.204,57.268,31.291,14.750
11.99667,341.358,293.124,246.934,153.959,103.185,57.236,31.297,14.664
12.00000,341.467,293.112,246.870,153.944,103.125,57.239,31.264,14.733
