time_min,A246_mAU,A254_mAU,A261_mAU,A273_mAU,A290_mAU,A324_mAU,A350_mAU,A445_mAU
0.00000,32.673,27.866,23.156,14.772,9.165,5.629,3.625,0.874
0.00333,32.659,27.903,23.184,14.765,9.202,5.670,3.567,0.802
0.00667,32.704,27.908,23.216,14.739,9.233,5.586,3.527,0.811
0.01000,32.681,27.951,23.278,14.838,9.207,5.598,3.643,0.795
0.01333,32.681,27.912,23.295,14.779,9.256,5.605,3.577,0.842
0.01667,32.726,27.916,23.249,14.835,9.263,5.686,3.619,0.809
0.02000,32.770,28.003,23.288,14.838,9.212,5.651,3.621,0.768
0.02333,32.820,27.985,23.301,14.837,9.277,5.587,3.572,0.803
0.02667,32.775,28.024,23.371,14.908,9.243,5.611,3.630,0.815
0.03000,32.892,28.054,23.318,14.904,9.295,5.572,3.594,0.800
0.03333,32.807,28.014,23.351,14.860,9.241,5.644,3.550,0.807
0.03667,32.860,28.084,23.366,14.860,9.265,5.682,3.629,0.818
0.04000,32.906,28.025,23.398,14.847,9.225,5.616,3.630,0.835
0.04333,32.955,28.117,23.443,14.903,9.258,5.658,3.661,0.884
0.04667,32.956,28.152,23.492,14.901,9.267,5.631,3.646,0.851
0.05000,32.992,28.164,23.457,14.920,9.337,5.681,3.638,0.795
0.05333,33.019,28.205,23.452,14.938,9.349,5.714,3.658,0.736
0.05667,33.077,28.201,23.523,14.880,9.315,5.667,3.585,0.865
0.06000,33.040,28.219,23.526,15.025,9.301,5.683,3.661,0.799
0.06333,33.051,28.157,23.536,14.911,9.327,5.646,3.619,0.832
0.06667,33.101,28.306,23.530,15.000,9.345,5.692,3.590,0.843
0.07000,33.092,28.273,23.560,14.949,9.365,5.685,3.671,0.822
0.07333,33.154,28.309,23.580,15.011,9.381,5.676,3.653,0.825
0.07667,33.099,28.289,23.599,15.001,9.302,5.705,3.607,0.806
0.08000,33.173,28.386,23.663,15.027,9.350,5.651,3.628,0.899
0.08333,33.223,28.409,23.574,15.084,9.381,5.695,3.663,0.856
0.08667,33.189,28.371,23.689,14.996,9.266,5.684,3.601,0.773
0.09000,33.253,28.341,23.644,15.043,9.350,5.718,3.623,0.856
0.09333,33.336,28.438,23.697,15.014,9.394,5.683,3.673,0.762
0.09667,33.275,28.487,23.747,15.005,9.349,5.706,3.619,0.837
0.10000,33.330,28.423,23.715,15.082,9.365,5.719,3.730,0.896
0.10333,33.382,28.469,23.739,15.069,9.433,5.777,3.681,0.838
0.10667,33.327,28.471,23.809,15.057,9.353,5.719,3.660,0.868
0.11000,33.395,28.550,23.720,15.147,9.460,5.709,3.666,0.814
0.11333,33.436,28.474,23.823,15.171,9.372,5.769,3.666,0.832
0.11667,33.495,28.553,23.824,15.151,9.388,5.803,3.650,0.869
0.12000,33.484,28.626,23.809,15.090,9.422,5.693,3.619,0.868
0.12333,33.492,28.584,23.809,15.114,9.451,5.758,3.619,0.884
0.12667,33.537,28.619,23.902,15.182,9.454,5.808,3.727,0.860
0.13000,33.533,28.635,23.882,15.177,9.454,5.755,3.647,0.864
0.13333,33.561,28.681,23.948,15.174,9.419,5.771,3.651,0.883
0.13667,33.612,28.695,23.940,15.234,9.500,5.793,3.723,0.797
0.14000,33.603,28.682,23.904,15.211,9.396,5.757,3.703,0.863
0.14333,33.613,28.749,23.918,15.221,9.467,5.760,3.681,0.862
0.14667,33.676,28.735,23.891,15.228,9.466,5.770,3.668,0.813
0.15000,33.633,28.808,23.978,15.239,9.474,5.780,3.778,0.883
0.15333,33.803,28.849,23.912,15.290,9.545,5.845,3.696,0.865
0.15667,33.746,28.841,23.991,15.234,9.531,5.797,3.706,0.850
0.16000,33.747,28.794,24.032,15.260,9.509,5.788,3.711,0.854
0.16333,33.820,28.872,24.015,15.300,9.492,5.816,3.704,0.917
0.16667,33.792,28.871,24.102,15.282,9.526,5.848,3.660,0.881
0.17000,33.836,28.908,24.109,15.331,9.584,5.794,3.770,0.804
0.17333,33.864,28.902,24.118,15.327,9.561,5.829,3.682,0.841
0.17667,33.868,28.933,24.082,15.285,9.558,5.796,3.623,0.880
0.18000,33.937,29.004,24.142,15.407,9.546,5.841,3.661,0.848
0.18333,33.954,28.984,24.170,15.341,9.559,5.819,3.711,0.885
0.18667,33.968,28.958,24.143,15.425,9.635,5.828,3.686,0.876
0.19000,33.916,29.000,24.165,15.363,9.513,5.899,3.737,0.871
0.19333,33.952,29.066,24.234,15.355,9.636,5.844,3.684,0.852
0.19667,34.023,29.018,24.214,15.376,9.598,5.839,3.727,0.910
0.20000,34.037,29.153,24.238,15.449,9.619,5.878,3.764,0.828
0.20333,34.154,29.091,24.279,15.419,9.642,5.853,3.731,0.890
0.20667,34.128,29.104,24.351,15.386,9.628,5.862,3.734,0.973
0.21000,34.111,29.143,24.260,15.497,9.651,5.933,3.733,0.811
0.21333,34.177,29.173,24.316,15.505,9.615,5.857,3.668,0.946
0.21667,34.215,29.148,24.380,15.429,9.652,5.929,3.776,0.885
0.22000,34.255,29.188,24.288,15.457,9.647,5.872,3.717,0.843
0.22333,34.284,29.254,24.403,15.467,9.662,5.877,3.691,0.940
0.22667,34.236,29.260,24.429,15.427,9.684,5.873,3.750,0.906
0.23000,34.316,29.258,24.423,15.495,9.739,5.880,3.805,0.878
0.23333,34.336,29.311,24.435,15.549,9.701,5.875,3.727,0.902
0.23667,34.338,29.351,24.508,15.560,9.712,5.913,3.710,0.904
0.24000,34.380,29.350,24.538,15.547,9.755,5.966,3.733,0.927
0.24333,34.386,29.380,24.481,15.557,9.713,5.888,3.788,0.818
0.24667,34.388,29.415,24.591,15.558,9.750,5.875,3.780,0.905
0.25000,34.478,29.444,24.537,15.607,9.719,5.925,3.805,0.896
0.25333,34.477,29.413,24.563,15.648,9.744,5.909,3.755,0.909
0.25667,34.484,29.497,24.581,15.659,9.765,5.916,3.806,0.912
0.26000,34.578,29.513,24.592,15.631,9.753,5.906,3.758,0.877
0.26333,34.599,29.463,24.632,15.622,9.765,5.886,3.817,0.895
0.26667,34.543,29.570,24.605,15.654,9.763,5.846,3.806,0.877
0.27000,34.622,29.606,24.597,15.695,9.800,5.897,3.833,0.922
0.27333,34.641,29.571,24.641,15.649,9.778,5.939,3.740,0.856
0.27667,34.643,29.631,24.638,15.743,9.845,5.988,3.772,0.895
0.28000,34.637,29.632,24.779,15.671,9.811,5.937,3.726,0.836
0.28333,34.680,29.572,24.666,15.713,9.834,5.937,3.777,0.930
0.28667,34.772,29.664,24.750,15.652,9.783,5.963,3.752,0.860
0.29000,34.733,29.712,24.787,15.699,9.799,5.967,3.784,0.873
0.29333,34.785,29.724,24.722,15.740,9.862,5.918,3.813,0.894
0.29667,34.758,29.676,24.839,15.766,9.794,5.902,3.797,0.862
0.30000,34.902,29.777,24.817,15.840,9.851,5.997,3.759,0.943
0.30333,34.879,29.748,24.818,15.775,9.904,5.999,3.763,0.873
0.30667,34.893,29.774,24.851,15.790,9.865,5.976,3.806,0.878
0.31000,34.936,29.754,24.821,15.816,9.882,6.002,3.831,0.941
0.31333,34.925,29.825,24.882,15.801,9.900,6.050,3.732,0.942
0.31667,35.032,29.867,24.922,15.782,9.948,6.038,3.834,0.919
0.32000,35.055,29.910,24.960,15.839,9.859,5.973,3.804,0.926
0.32333,34.990,29.859,24.976,15.832,9.875,5.987,3.795,0.918
0.32667,35.076,29.931,24.963,15.864,9.964,5.968,3.762,0.960
0.33000,35.027,29.932,25.011,15.840,9.932,6.032,3.813,0.961
0.33333,35.123,29.963,25.014,15.889,9.944,6.028,3.817,0.922
0.33667,35.140,30.010,25.029,15.890,9.885,6.025,3.828,0.881
0.34000,35.198,29.977,25.080,15.944,9.958,5.960,3.853,0.886
0.34333,35.208,30.022,25.154,15.954,10.018,6.006,3.818,0.810
0.34667,35.267,30.131,25.031,15.969,10.006,6.013,3.834,0.996
0.35000,35.228,30.114,25.099,15.988,9.980,6.050,3.896,0.928
0.35333,35.314,30.141,25.104,15.949,9.923,5.995,3.855,0.920
0.35667,35.355,30.230,25.163,15.985,10.020,6.011,3.819,0.875
0.36000,35.335,30.251,25.187,15.975,10.014,6.030,3.818,0.976
0.36333,35.342,30.139,25.219,16.052,10.029,6.064,3.818,0.955
0.36667,35.454,30.178,25.179,15.998,10.032,6.077,3.855,0.936
0.37000,35.404,30.175,25.242,16.028,10.003,6.091,3.877,0.914
0.37333,35.402,30.232,25.271,16.019,9.960,6.069,3.846,0.882
0.37667,35.459,30.306,25.271,16.043,10.091,6.097,3.872,0.976
0.38000,35.559,30.313,25.293,16.064,9.992,6.144,3.887,0.966
0.38333,35.486,30.313,25.303,16.144,10.069,6.062,3.912,0.908
0.38667,35.561,30.377,25.340,16.047,10.086,6.077,3.853,0.904
0.39000,35.570,30.362,25.389,16.121,10.085,6.060,3.868,0.898
0.39333,35.613,30.370,25.375,16.055,10.107,6.131,3.892,0.927
0.39667,35.636,30.434,25.384,16.140,10.117,6.078,3.826,0.911
0.40000,35.696,30.493,25.353,16.168,10.102,6.155,3.931,0.932
0.40333,35.757,30.469,25.462,16.126,10.070,6.093,3.899,0.993
0.40667,35.785,30.591,25.482,16.193,10.056,6.177,3.906,0.925
0.41000,35.753,30.568,25.471,16.169,10.106,6.159,3.883,0.909
0.41333,35.791,30.593,25.465,16.179,10.081,6.127,3.867,0.946
0.41667,35.800,30.588,25.518,16.180,10.087,6.069,3.928,0.990
0.42000,35.857,30.641,25.525,16.224,10.134,6.152,3.896,0.893
0.42333,35.880,30.681,25.523,16.235,10.133,6.189,3.848,0.896
0.42667,35.926,30.652,25.606,16.246,10.154,6.128,3.833,0.954
0.43000,35.960,30.656,25.604,16.263,10.137,6.123,3.838,0.926
0.43333,35.947,30.680,25.671,16.222,10.175,6.166,3.855,0.979
0.43667,36.004,30.682,25.714,16.242,10.163,6.168,3.887,0.928
0.44000,36.050,30.730,25.687,16.245,10.203,6.136,3.885,0.971
0.44333,36.097,30.808,25.666,16.357,10.217,6.173,3.897,0.993
0.44667,36.080,30.846,25.722,16.378,10.304,6.219,3.881,1.006
0.45000,36.115,30.809,25.637,16.349,10.188,6.235,3.892,0.953
0.45333,36.138,30.814,25.759,16.383,10.252,6.223,3.890,1.000
0.45667,36.151,30.898,25.772,16.280,10.197,6.262,3.904,1.007
0.46000,36.211,30.890,25.733,16.365,10.205,6.212,3.946,0.962
0.46333,36.268,30.915,25.760,16.395,10.246,6.193,3.926,0.923
0.46667,36.150,30.995,25.875,16.464,10.244,6.221,3.832,0.994
0.47000,36.271,30.999,25.843,16.390,10.292,6.230,3.935,0.985
0.47333,36.325,31.031,25.832,16.393,10.268,6.227,3.924,0.933
0.47667,36.357,31.024,25.879,16.469,10.289,6.194,3.932,0.962
0.48000,36.355,31.085,25.932,16.444,10.290,6.201,3.885,0.916
0.48333,36.427,31.010,25.920,16.405,10.323,6.236,3.949,0.964
0.48667,36.421,31.114,26.006,16.492,10.331,6.228,3.874,0.917
0.49000,36.400,31.110,25.955,16.506,10.301,6.270,3.896,0.941
0.49333,36.488,31.183,26.059,16.471,10.335,6.280,3.932,0.966
0.49667,36.549,31.234,26.034,16.523,10.320,6.264,3.930,0.931
0.50000,36.607,31.228,26.035,16.541,10.335,6.207,3.954,0.994
0.50333,36.588,31.211,26.121,16.541,10.349,6.262,3.971,0.985
0.50667,36.567,31.278,26.133,16.525,10.317,6.258,3.929,0.989
0.51000,36.672,31.321,26.066,16.577,10.356,6.294,3.920,0.939
0.51333,36.678,31.332,26.153,16.629,10.483,6.254,3.973,0.942
0.51667,36.681,31.330,26.064,16.637,10.402,6.267,3.968,1.033
0.52000,36.715,31.348,26.247,16.534,10.446,6.329,3.963,0.912
0.52333,36.745,31.421,26.198,16.662,10.496,6.312,3.921,0.985
0.52667,36.722,31.380,26.201,16.588,10.462,6.302,3.940,0.954
0.53000,36.810,31.522,26.231,16.727,10.432,6.282,3.990,0.960
0.53333,36.888,31.501,26.313,16.684,10.413,6.299,3.981,1.009
0.53667,36.881,31.515,26.319,16.703,10.496,6.321,4.002,0.947
0.54000,36.895,31.564,26.236,16.726,10.468,6.306,3.961,0.918
0.54333,36.899,31.629,26.400,16.757,10.465,6.293,3.989,1.013
0.54667,36.958,31.556,26.388,16.752,10.435,6.341,4.025,0.974
0.55000,37.012,31.623,26.364,16.717,10.500,6.364,4.007,0.983
0.55333,37.091,31.679,26.323,16.725,10.509,6.332,4.011,1.018
0.55667,37.048,31.667,26.416,16.850,10.492,6.384,4.062,1.029
0.56000,37.089,31.722,26.433,16.771,10.545,6.348,4.020,0.994
0.56333,37.121,31.726,26.448,16.786,10.552,6.321,4.027,1.042
0.56667,37.185,31.727,26.471,16.737,10.593,6.391,3.986,0.945
0.57000,37.197,31.797,26.497,16.846,10.581,6.368,4.014,1.004
0.57333,37.232,31.800,26.513,16.848,10.577,6.413,4.004,0.974
0.57667,37.320,31.817,26.499,16.838,10.550,6.324,3.961,0.981
0.58000,37.291,31.833,26.534,16.932,10.541,6.450,3.999,1.010
0.58333,37.318,31.924,26.664,16.880,10.598,6.381,3.976,1.010
0.58667,37.342,31.911,26.648,16.911,10.633,6.372,4.004,1.037
0.59000,37.374,31.911,26.700,16.877,10.608,6.418,4.015,1.020
0.59333,37.388,31.986,26.622,16.942,10.630,6.424,4.046,0.997
0.59667,37.443,31.983,26.669,16.987,10.603,6.385,4.075,1.003
0.60000,37.541,32.003,26.711,16.903,10.700,6.421,3.926,1.083
0.60333,37.552,32.029,26.690,16.991,10.726,6.410,4.007,1.072
0.60667,37.605,32.115,26.815,16.992,10.659,6.402,4.026,1.016
0.61000,37.567,32.000,26.767,16.918,10.709,6.424,4.055,1.044
0.61333,37.552,32.109,26.781,17.077,10.703,6.427,4.006,1.010
0.61667,37.653,32.150,26.856,16.998,10.685,6.393,4.057,1.056
0.62000,37.678,32.136,26.852,17.020,10.701,6.410,4.106,0.985
0.62333,37.649,32.129,26.848,17.077,10.767,6.513,4.076,1.036
0.62667,37.766,32.281,26.869,17.085,10.774,6.506,3.997,0.973
0.63000,37.807,32.297,26.914,17.117,10.727,6.536,4.054,0.988
0.63333,37.756,32.305,26.993,17.085,10.701,6.377,4.030,1.007
0.63667,37.800,32.245,26.953,17.128,10.807,6.400,4.058,1.040
0.64000,37.815,32.364,26.956,17.100,10.768,6.518,4.095,1.008
0.64333,37.840,32.303,27.051,17.107,10.833,6.461,3.958,1.031
0.64667,37.946,32.351,27.007,17.138,10.725,6.508,4.065,1.000
0.65000,37.943,32.450,27.084,17.135,10.748,6.416,4.031,1.023
0.65333,38.047,32.542,27.094,17.171,10.827,6.554,4.030,1.027
0.65667,38.061,32.496,27.051,17.177,10.818,6.483,4.048,0.964
0.66000,38.079,32.508,27.099,17.207,10.820,6.492,4.059,1.025
0.66333,38.083,32.496,27.174,17.220,10.876,6.448,4.068,0.994
0.66667,38.167,32.581,27.182,17.252,10.841,6.489,4.091,1.100
0.67000,38.217,32.543,27.259,17.252,10.867,6.560,4.086,1.023
0.67333,38.239,32.606,27.239,17.251,10.825,6.529,4.079,1.108
0.67667,38.243,32.702,27.242,17.390,10.901,6.437,4.146,1.087
0.68000,38.193,32.596,27.320,17.294,10.876,6.431,4.114,1.056
0.68333,38.314,32.686,27.312,17.269,10.879,6.577,4.136,1.121
0.68667,38.357,32.708,27.340,17.390,10.919,6.560,4.132,1.060
0.69000,38.351,32.746,27.307,17.304,10.945,6.511,4.128,1.029
0.69333,38.416,32.772,27.351,17.387,10.937,6.599,4.066,1.049
0.69667,38.444,32.789,27.383,17.400,10.915,6.584,4.030,1.079
0.70000,38.416,32.842,27.483,17.306,10.951,6.548,4.107,1.093
0.70333,38.550,32.890,27.456,17.396,10.955,6.542,4.118,1.056
0.70667,38.517,32.908,27.438,17.366,10.956,6.567,4.155,0.989
0.71000,38.572,32.841,27.441,17.424,10.957,6.602,4.176,0.981
0.71333,38.650,32.963,27.438,17.489,10.976,6.563,4.166,1.040
0.71667,38.701,32.977,27.593,17.465,10.994,6.601,4.089,1.013
0.72000,38.691,32.986,27.589,17.487,10.997,6.586,4.190,1.043
0.72333,38.678,32.997,27.614,17.426,10.987,6.594,4.146,1.017
0.72667,38.778,33.053,27.580,17.492,11.049,6.598,4.090,1.067
0.73000,38.807,33.048,27.622,17.474,11.096,6.645,4.173,1.073
0.73333,38.818,33.165,27.673,17.557,10.988,6.656,4.091,1.054
0.73667,38.806,33.137,27.762,17.592,11.048,6.628,4.162,1.085
0.74000,38.872,33.243,27.747,17.560,11.105,6.683,4.184,0.995
0.74333,38.896,33.261,27.739,17.615,11.047,6.642,4.103,1.060
0.74667,38.877,33.264,27.769,17.573,11.040,6.671,4.137,1.037
0.75000,39.013,33.232,27.772,17.677,11.102,6.665,4.129,1.135
0.75333,39.088,33.288,27.830,17.695,11.078,6.624,4.120,1.065
0.75667,39.053,33.348,27.832,17.661,11.144,6.654,4.204,1.124
0.76000,39.045,33.401,27.813,17.672,11.143,6.701,4.114,1.098
0.76333,39.152,33.348,27.907,17.692,11.081,6.642,4.210,1.105
0.76667,39.225,33.484,27.928,17.773,11.142,6.660,4.164,1.118
0.77000,39.190,33.422,27.972,17.747,11.075,6.689,4.222,1.066
0.77333,39.230,33.514,27.939,17.722,11.179,6.703,4.162,1.116
0.77667,39.254,33.485,27.998,17.735,11.146,6.739,4.161,1.158
0.78000,39.244,33.500,28.070,17.761,11.156,6.722,4.183,1.125
0.78333,39.345,33.566,28.046,17.793,11.179,6.773,4.190,1.107
0.78667,39.435,33.547,28.043,17.834,11.203,6.745,4.188,1.114
0.79000,39.393,33.644,28.083,17.790,11.202,6.718,4.178,1.092
0.79333,39.420,33.696,28.092,17.845,11.230,6.694,4.174,1.158
0.79667,39.497,33.756,28.142,17.864,11.248,6.775,4.219,1.097
0.80000,39.482,33.716,28.159,17.883,11.196,6.744,4.264,1.155
0.80333,39.567,33.757,28.191,17.824,11.293,6.715,4.210,1.110
0.80667,39.612,33.794,28.179,17.914,11.234,6.773,4.181,1.073
0.81000,39.650,33.791,28.299,17.884,11.358,6.701,4.185,1.076
0.81333,39.600,33.868,28.320,17.862,11.274,6.772,4.275,1.123
0.81667,39.636,33.968,28.337,17.995,11.298,6.771,4.188,1.089
0.82000,39.667,33.880,28.370,17.941,11.205,6.854,4.212,1.156
0.82333,39.821,33.966,28.336,17.937,11.337,6.781,4.176,1.095
0.82667,39.884,34.026,28.351,17.946,11.341,6.753,4.257,1.029
0.83000,39.796,33.975,28.414,18.015,11.358,6.789,4.254,1.068
0.83333,39.912,34.013,28.401,18.049,11.356,6.863,4.290,1.077
0.83667,39.878,34.025,28.421,18.039,11.350,6.883,4.294,1.121
0.84000,39.920,34.086,28.510,18.046,11.380,6.844,4.222,1.044
0.84333,39.991,34.126,28.538,18.058,11.375,6.754,4.230,1.167
0.84667,39.981,34.143,28.496,18.080,11.388,6.869,4.256,1.072
0.85000,40.036,34.237,28.553,18.133,11.447,6.830,4.261,1.145
0.85333,40.104,34.172,28.519,18.053,11.409,6.855,4.254,1.109
0.85667,40.127,34.246,28.670,18.191,11.419,6.770,4.208,1.079
0.86000,40.140,34.258,28.617,18.150,11.489,6.859,4.282,1.050
0.86333,40.268,34.345,28.675,18.122,11.463,6.925,4.274,1.116
0.86667,40.266,34.374,28.668,18.171,11.456,6.828,4.321,1.160
0.87000,40.299,34.419,28.733,18.227,11.433,6.889,4.369,1.122
0.87333,40.305,34.406,28.772,18.252,11.509,6.864,4.268,1.149
0.87667,40.397,34.466,28.762,18.195,11.467,6.871,4.288,1.171
0.88000,40.397,34.485,28.812,18.250,11.544,6.903,4.298,1.135
0.88333,40.420,34.484,28.821,18.274,11.515,6.893,4.290,1.122
0.88667,40.506,34.556,28.837,18.247,11.488,6.916,4.308,1.078
0.89000,40.476,34.624,28.845,18.245,11.536,6.930,4.321,1.168
0.89333,40.543,34.564,28.907,18.344,11.523,6.882,4.328,1.134
0.89667,40.538,34.636,28.947,18.279,11.572,6.917,4.304,1.165
0.90000,40.605,34.630,28.879,18.344,11.592,6.958,4.263,1.142
0.90333,40.600,34.649,28.960,18.428,11.557,6.910,4.258,1.133
0.90667,40.642,34.787,28.999,18.375,11.628,6.949,4.316,1.108
0.91000,40.704,34.773,29.053,18.401,11.603,6.964,4.323,1.124
0.91333,40.689,34.798,29.072,18.479,11.590,6.943,4.332,1.204
0.91667,40.769,34.834,29.137,18.406,11.621,7.001,4.304,1.111
0.92000,40.855,34.815,29.185,18.470,11.612,7.015,4.344,1.209
0.92333,40.866,34.866,29.129,18.462,11.667,7.020,4.281,1.160
0.92667,40.894,34.943,29.153,18.591,11.647,6.897,4.333,1.125
0.93000,41.018,34.965,29.233,18.545,11.708,6.967,4.327,1.171
0.93333,40.991,34.944,29.242,18.520,11.663,7.018,4.349,1.153
0.93667,41.060,35.100,29.327,18.560,11.782,6.959,4.345,1.158
0.94000,41.109,35.084,29.216,18.441,11.740,6.958,4.371,1.155
0.94333,41.127,35.138,29.381,18.626,11.735,6.942,4.366,1.140
0.94667,41.135,35.103,29.379,18.618,11.675,7.060,4.321,1.172
0.95000,41.131,35.164,29.331,18.614,11.765,6.955,4.355,1.214
0.95333,41.192,35.114,29.321,18.554,11.726,7.042,4.385,1.116
0.95667,41.236,35.240,29.376,18.573,11.788,7.016,4.436,1.147
0.96000,41.364,35.241,29.426,18.659,11.716,7.037,4.386,1.167
0.96333,41.278,35.304,29.476,18.699,11.732,7.103,4.417,1.151
0.96667,41.436,35.323,29.485,18.668,11.817,7.032,4.368,1.146
0.97000,41.318,35.347,29.544,18.696,11.791,7.048,4.378,1.111
0.97333,41.388,35.377,29.606,18.755,11.835,7.015,4.385,1.217
0.97667,41.472,35.454,29.560,18.738,11.809,7.119,4.370,1.204
0.98000,41.490,35.420,29.594,18.764,11.824,7.114,4.407,1.102
0.98333,41.576,35.470,29.659,18.830,11.827,7.111,4.449,1.162
0.98667,41.551,35.546,29.690,18.798,11.893,7.114,4.401,1.222
0.99000,41.596,35.525,29.708,18.815,11.855,7.108,4.401,1.149
0.99333,41.691,35.574,29.697,18.824,11.927,7.057,4.416,1.195
0.99667,41.691,35.616,29.747,18.813,11.890,7.142,4.454,1.168
1.00000,41.775,35.679,29.833,18.856,11.973,7.083,4.401,1.095
1.00333,41.807,35.697,29.825,18.865,11.913,7.109,4.392,1.197
1.00667,41.858,35.713,29.818,18.942,11.951,7.140,4.378,1.165
1.01000,41.900,35.789,29.869,18.934,12.006,7.122,4.427,1.153
1.01333,41.880,35.786,29.906,18.962,11.949,7.177,4.416,1.222
1.01667,41.984,35.807,29.909,18.952,12.012,7.151,4.425,1.193
1.02000,42.037,35.868,29.994,18.917,12.054,7.130,4.456,1.126
1.02333,42.054,35.901,29.942,18.978,11.985,7.160,4.445,1.190
1.02667,42.085,35.926,29.973,19.055,12.056,7.180,4.493,1.171
1.03000,42.126,35.971,30.029,19.033,12.017,7.158,4.431,1.258
1.03333,42.134,36.011,30.094,19.009,12.066,7.179,4.380,1.215
1.03667,42.158,36.049,30.094,19.126,12.061,7.228,4.457,1.218
1.04000,42.178,36.053,30.137,19.043,12.046,7.159,4.424,1.216
1.04333,42.248,36.152,30.131,19.133,12.095,7.227,4.450,1.171
1.04667,42.291,36.144,30.144,19.165,12.089,7.234,4.420,1.199
1.05000,42.359,36.223,30.181,19.132,12.104,7.192,4.438,1.262
1.05333,42.411,36.195,30.235,19.207,12.111,7.167,4.457,1.178
1.05667,42.461,36.266,30.267,19.187,12.088,7.272,4.483,1.194
1.06000,42.487,36.313,30.266,19.209,12.144,7.213,4.480,1.218
1.06333,42.457,36.284,30.283,19.187,12.107,7.248,4.472,1.261
1.06667,42.595,36.349,30.351,19.190,12.156,7.181,4.474,1.246
1.07000,42.611,36.390,30.431,19.341,12.233,7.225,4.485,1.246
1.07333,42.568,36.380,30.411,19.312,12.136,7.290,4.494,1.183
1.07667,42.649,36.537,30.488,19.235,12.239,7.305,4.503,1.178
1.08000,42.692,36.436,30.490,19.344,12.170,7.321,4.432,1.202
1.08333,42.765,36.523,30.509,19.296,12.234,7.180,4.440,1.248
1.08667,42.817,36.498,30.517,19.353,12.269,7.293,4.509,1.155
1.09000,42.807,36.549,30.564,19.360,12.256,7.322,4.484,1.247
1.09333,42.847,36.666,30.619,19.406,12.306,7.268,4.535,1.250
1.09667,42.924,36.663,30.624,19.396,12.313,7.192,4.528,1.170
1.10000,42.972,36.670,30.711,19.411,12.227,7.304,4.547,1.261
1.10333,42.984,36.693,30.739,19.493,12.309,7.329,4.585,1.273
1.10667,43.016,36.739,30.729,19.452,12.320,7.458,4.530,1.223
1.11000,43.003,36.763,30.766,19.457,12.288,7.341,4.583,1.176
1.11333,43.140,36.845,30.861,19.505,12.333,7.297,4.514,1.219
1.11667,43.170,36.884,30.844,19.582,12.335,7.393,4.557,1.294
1.12000,43.249,36.942,30.814,19.515,12.354,7.382,4.505,1.277
1.12333,43.276,36.966,30.841,19.535,12.340,7.361,4.596,1.279
1.12667,43.237,36.961,30.968,19.557,12.355,7.333,4.555,1.184
1.13000,43.351,37.005,30.908,19.578,12.392,7.408,4.527,1.233
1.13333,43.372,37.046,30.974,19.633,12.412,7.366,4.596,1.261
1.13667,43.439,37.109,31.000,19.673,12.433,7.345,4.577,1.214
1.14000,43.486,37.098,31.076,19.705,12.448,7.374,4.596,1.238
1.14333,43.485,37.149,31.059,19.678,12.436,7.450,4.612,1.248
1.14667,43.588,37.225,31.096,19.695,12.488,7.399,4.578,1.236
1.15000,43.601,37.289,31.146,19.771,12.474,7.403,4.587,1.273
1.15333,43.682,37.235,31.160,19.710,12.431,7.407,4.584,1.309
1.15667,43.659,37.286,31.191,19.743,12.507,7.418,4.589,1.257
1.16000,43.787,37.383,31.280,19.762,12.449,7.503,4.595,1.249
1.16333,43.806,37.331,31.288,19.830,12.497,7.460,4.560,1.288
1.16667,43.780,37.358,31.268,19.830,12.521,7.475,4.623,1.207
1.17000,43.908,37.357,31.301,19.791,12.535,7.430,4.624,1.274
1.17333,43.959,37.538,31.384,19.839,12.639,7.497,4.640,1.296
1.17667,43.997,37.547,31.356,19.852,12.509,7.459,4.641,1.275
1.18000,43.983,37.547,31.394,19.903,12.579,7.485,4.571,1.179
1.18333,44.067,37.632,31.469,19.910,12.660,7.535,4.607,1.194
1.18667,44.052,37.646,31.435,19.924,12.610,7.504,4.667,1.294
1.19000,44.098,37.700,31.409,19.943,12.613,7.520,4.674,1.281
1.19333,44.059,37.658,31.502,19.967,12.605,7.576,4.657,1.298
1.19667,44.228,37.757,31.502,19.957,12.669,7.447,4.724,1.227
1.20000,44.207,37.767,31.595,20.023,12.672,7.489,4.665,1.327
1.20333,44.343,37.817,31.705,20.061,12.723,7.503,4.615,1.331
1.20667,44.357,37.914,31.655,20.111,12.677,7.539,4.655,1.333
1.21000,44.418,37.889,31.625,20.064,12.673,7.580,4.664,1.260
1.21333,44.398,37.912,31.753,20.123,12.769,7.594,4.661,1.277
1.21667,44.427,37.986,31.757,20.136,12.722,7.513,4.671,1.285
1.22000,44.530,37.989,31.801,20.099,12.725,7.582,4.611,1.284
1.22333,44.553,38.032,31.839,20.098,12.745,7.612,4.659,1.285
1.22667,44.619,38.050,31.906,20.221,12.796,7.605,4.606,1.285
1.23000,44.682,38.173,31.888,20.253,12.811,7.563,4.643,1.247
1.23333,44.687,38.150,31.909,20.129,12.792,7.644,4.704,1.262
1.23667,44.716,38.167,31.939,20.187,12.821,7.636,4.649,1.273
1.24000,44.765,38.237,31.941,20.212,12.837,7.623,4.728,1.326
1.24333,44.864,38.252,31.978,20.260,12.848,7.625,4.674,1.355
1.24667,44.831,38.310,32.068,20.251,12.829,7.627,4.699,1.292
1.25000,44.971,38.404,32.075,20.301,12.914,7.658,4.684,1.307
1.25333,44.945,38.440,32.081,20.311,12.891,7.703,4.726,1.253
1.25667,44.971,38.444,32.204,20.322,12.867,7.668,4.786,1.250
1.26000,45.008,38.486,32.259,20.416,12.868,7.660,4.659,1.319
1.26333,45.138,38.457,32.247,20.362,12.905,7.687,4.659,1.285
1.26667,45.101,38.549,32.227,20.379,12.921,7.704,4.726,1.331
1.27000,45.215,38.593,32.221,20.421,12.885,7.701,4.729,1.352
1.27333,45.239,38.654,32.295,20.484,12.970,7.697,4.721,1.348
1.27667,45.254,38.658,32.367,20.419,12.932,7.711,4.653,1.290
1.28000,45.281,38.706,32.330,20.491,12.990,7.663,4.662,1.307
1.28333,45.380,38.724,32.375,20.498,12.948,7.654,4.737,1.319
1.28667,45.391,38.754,32.417,20.527,13.001,7.721,4.704,1.283
1.29000,45.513,38.830,32.409,20.586,13.031,7.776,4.769,1.344
1.29333,45.457,38.875,32.462,20.566,13.020,7.712,4.744,1.301
1.29667,45.553,38.934,32.509,20.562,13.120,7.781,4.732,1.297
1.30000,45.632,38.967,32.566,20.674,13.052,7.748,4.795,1.278
1.30333,45.551,38.953,32.635,20.610,13.143,7.742,4.814,1.378
1.30667,45.727,39.059,32.566,20.644,13.085,7.725,4.777,1.365
1.31000,45.775,39.068,32.674,20.665,13.161,7.786,4.778,1.309
1.31333,45.805,39.097,32.726,20.713,13.164,7.873,4.801,1.402
1.31667,45.798,39.155,32.741,20.713,13.164,7.785,4.771,1.336
1.32000,45.830,39.211,32.760,20.676,13.171,7.798,4.719,1.327
1.32333,45.887,39.267,32.797,20.764,13.169,7.827,4.751,1.337
1.32667,45.920,39.229,32.851,20.773,13.180,7.820,4.795,1.364
1.33000,46.044,39.317,32.855,20.803,13.149,7.831,4.759,1.403
1.33333,46.077,39.400,32.905,20.806,13.179,7.830,4.790,1.394
1.33667,46.121,39.350,32.951,20.809,13.227,7.811,4.784,1.328
1.34000,46.146,39.362,32.949,20.868,13.283,7.806,4.781,1.391
1.34333,46.157,39.483,32.994,20.909,13.254,7.826,4.839,1.363
1.34667,46.216,39.517,33.020,20.833,13.299,7.816,4.773,1.386
1.35000,46.320,39.529,33.031,20.953,13.294,7.902,4.831,1.320
1.35333,46.319,39.553,33.095,20.875,13.367,7.821,4.814,1.385
1.35667,46.423,39.605,33.128,20.938,13.252,7.859,4.814,1.360
1.36000,46.404,39.714,33.178,20.938,13.344,7.910,4.906,1.394
1.36333,46.523,39.706,33.256,21.025,13.315,7.847,4.813,1.417
1.36667,46.552,39.746,33.295,20.999,13.409,7.861,4.798,1.419
1.37000,46.507,39.801,33.291,21.102,13.349,7.959,4.941,1.408
1.37333,46.590,39.780,33.312,21.097,13.407,7.966,4.861,1.346
1.37667,46.661,39.861,33.332,21.051,13.374,7.858,4.911,1.346
1.38000,46.686,39.929,33.436,21.154,13.440,7.947,4.940,1.340
1.38333,46.824,40.000,33.487,21.168,13.497,7.953,4.954,1.378
1.38667,46.865,39.991,33.512,21.138,13.480,7.909,4.869,1.383
1.39000,46.897,40.064,33.433,21.187,13.451,7.906,4.809,1.363
1.39333,46.902,40.039,33.500,21.135,13.480,7.940,4.883,1.372
1.39667,47.005,40.142,33.558,21.243,13.504,7.959,4.913,1.369
1.40000,46.977,40.142,33.637,21.244,13.504,7.980,4.933,1.395
1.40333,47.089,40.193,33.653,21.320,13.539,7.990,4.910,1.407
1.40667,47.093,40.267,33.605,21.284,13.562,7.994,4.862,1.397
1.41000,47.197,40.285,33.697,21.249,13.494,7.961,4.934,1.429
1.41333,47.239,40.334,33.750,21.287,13.584,8.044,4.983,1.388
1.41667,47.213,40.346,33.778,21.423,13.523,8.061,4.906,1.427
1.42000,47.292,40.403,33.782,21.451,13.599,8.076,4.901,1.455
1.42333,47.302,40.463,33.836,21.429,13.579,8.024,4.946,1.365
1.42667,47.382,40.562,33.845,21.504,13.649,8.043,4.980,1.416
1.43000,47.489,40.530,33.890,21.487,13.626,8.111,4.875,1.409
1.43333,47.539,40.567,33.896,21.383,13.645,8.042,4.917,1.480
1.43667,47.626,40.617,33.888,21.511,13.739,8.077,4.918,1.408
1.44000,47.573,40.672,33.986,21.560,13.609,8.077,4.922,1.397
1.44333,47.630,40.703,34.013,21.535,13.710,8.012,4.928,1.377
1.44667,47.751,40.749,34.083,21.614,13.738,8.088,4.940,1.461
1.45000,47.796,40.813,34.095,21.586,13.709,8.074,4.957,1.395
1.45333,47.756,40.844,34.184,21.534,13.777,8.188,4.992,1.422
1.45667,47.864,40.855,34.200,21.649,13.776,8.072,4.915,1.449
1.46000,47.914,40.938,34.279,21.622,13.768,8.190,4.971,1.416
1.46333,47.925,40.990,34.251,21.624,13.813,8.087,4.999,1.416
1.46667,48.061,40.962,34.284,21.744,13.914,8.187,4.947,1.458
1.47000,48.056,41.045,34.316,21.703,13.800,8.097,5.007,1.448
1.47333,48.103,41.071,34.378,21.698,13.835,8.202,5.013,1.393
1.47667,48.166,41.143,34.403,21.798,13.889,8.197,4.949,1.405
1.48000,48.239,41.153,34.395,21.782,13.870,8.120,5.029,1.456
1.48333,48.301,41.176,34.490,21.847,13.833,8.115,4.965,1.416
1.48667,48.298,41.244,34.489,21.755,13.847,8.184,4.996,1.459
1.49000,48.349,41.282,34.522,21.869,13.923,8.226,5.065,1.421
1.49333,48.468,41.363,34.575,21.896,13.934,8.258,4.991,1.420
1.49667,48.453,41.384,34.719,21.892,13.937,8.257,5.014,1.427
1.50000,48.511,41.495,34.624,21.901,13.964,8.205,4.996,1.466
1.50333,48.593,41.480,34.662,21.941,13.953,8.242,5.018,1.416
1.50667,48.652,41.500,34.748,21.942,13.990,8.263,5.073,1.465
1.51000,48.647,41.552,34.738,21.980,14.006,8.270,4.979,1.476
1.51333,48.723,41.575,34.803,22.091,13.986,8.281,5.079,1.468
1.51667,48.727,41.664,34.752,22.066,14.012,8.241,5.091,1.461
1.52000,48.853,41.727,34.918,22.061,14.072,8.273,5.117,1.470
1.52333,48.826,41.730,34.997,22.086,14.050,8.324,5.065,1.472
1.52667,48.928,41.809,34.977,22.116,14.134,8.286,5.056,1.409
1.53000,48.967,41.824,35.007,22.073,14.105,8.331,5.086,1.507
1.53333,49.036,41.932,35.008,22.158,14.143,8.354,5.126,1.465
1.53667,49.191,41.903,35.028,22.181,14.150,8.311,5.093,1.450
1.54000,49.119,41.996,35.126,22.226,14.123,8.386,5.087,1.437
1.54333,49.210,42.095,35.119,22.245,14.192,8.359,5.125,1.436
1.54667,49.234,41.989,35.152,22.270,14.187,8.334,5.130,1.463
1.55000,49.242,42.205,35.249,22.284,14.256,8.298,5.073,1.500
1.55333,49.399,42.111,35.220,22.313,14.245,8.424,5.060,1.475
1.55667,49.373,42.170,35.354,22.282,14.221,8.362,5.121,1.486
1.56000,49.442,42.175,35.317,22.276,14.203,8.399,5.135,1.489
1.56333,49.513,42.306,35.399,22.333,14.232,8.409,5.141,1.548
1.56667,49.531,42.325,35.403,22.386,14.311,8.404,5.195,1.460
1.57000,49.515,42.436,35.379,22.389,14.288,8.415,5.109,1.466
1.57333,49.648,42.408,35.505,22.470,14.243,8.379,5.220,1.486
1.57667,49.760,42.462,35.555,22.503,14.291,8.409,5.181,1.480
1.58000,49.780,42.536,35.524,22.473,14.322,8.396,5.093,1.491
1.58333,49.782,42.535,35.562,22.461,14.314,8.466,5.125,1.515
1.58667,49.861,42.554,35.657,22.512,14.353,8.380,5.157,1.469
1.59000,49.928,42.621,35.720,22.470,14.308,8.485,5.177,1.553
1.59333,49.956,42.682,35.653,22.639,14.394,8.532,5.167,1.503
1.59667,50.100,42.719,35.760,22.655,14.413,8.465,5.193,1.478
1.60000,50.055,42.776,35.823,22.642,14.435,8.455,5.125,1.537
1.60333,50.099,42.842,35.792,22.682,14.417,8.534,5.157,1.543
1.60667,50.148,42.899,35.833,22.683,14.464,8.539,5.250,1.533
1.61000,50.286,42.914,35.904,22.694,14.462,8.537,5.194,1.515
1.61333,50.379,42.970,35.968,22.756,14.545,8.555,5.184,1.541
1.61667,50.356,42.990,36.024,22.736,14.488,8.545,5.184,1.462
1.62000,50.383,43.038,36.020,22.784,14.515,8.517,5.165,1.491
1.62333,50.512,43.083,35.981,22.737,14.514,8.616,5.199,1.544
1.62667,50.548,43.130,36.149,22.843,14.577,8.572,5.180,1.552
1.63000,50.553,43.181,36.111,22.856,14.563,8.590,5.168,1.622
1.63333,50.563,43.303,36.130,22.908,14.601,8.547,5.206,1.525
1.63667,50.704,43.239,36.257,22.930,14.597,8.579,5.211,1.514
1.64000,50.717,43.348,36.279,22.960,14.585,8.559,5.226,1.537
1.64333,50.836,43.438,36.317,22.937,14.744,8.535,5.205,1.595
1.64667,50.840,43.415,36.332,22.981,14.646,8.662,5.243,1.563
1.65000,50.913,43.410,36.364,22.991,14.657,8.646,5.230,1.518
1.65333,50.966,43.595,36.394,23.061,14.719,8.641,5.245,1.487
1.65667,51.027,43.548,36.446,23.076,14.751,8.572,5.297,1.532
1.66000,51.120,43.632,36.538,23.118,14.745,8.673,5.238,1.519
1.66333,51.119,43.618,36.534,23.103,14.726,8.675,5.205,1.593
1.66667,51.206,43.775,36.604,23.074,14.719,8.614,5.219,1.558
1.67000,51.244,43.760,36.603,23.122,14.745,8.650,5.272,1.538
1.67333,51.293,43.790,36.631,23.193,14.755,8.674,5.250,1.538
1.67667,51.307,43.877,36.685,23.251,14.837,8.708,5.271,1.648
1.68000,51.402,43.921,36.730,23.269,14.819,8.759,5.306,1.535
1.68333,51.460,43.989,36.763,23.236,14.805,8.703,5.319,1.545
1.68667,51.543,43.967,36.834,23.237,14.754,8.754,5.347,1.560
1.69000,51.555,44.019,36.794,23.322,14.850,8.753,5.239,1.531
1.69333,51.624,44.084,36.879,23.333,14.969,8.745,5.306,1.569
1.69667,51.615,44.192,36.916,23.356,14.902,8.728,5.334,1.630
1.70000,51.657,44.187,36.951,23.308,14.959,8.806,5.344,1.597
1.70333,51.710,44.195,37.009,23.411,14.895,8.732,5.298,1.591
1.70667,51.833,44.272,37.050,23.477,14.939,8.745,5.322,1.575
1.71000,51.935,44.364,37.107,23.402,14.993,8.740,5.326,1.574
1.71333,51.948,44.376,37.138,23.428,14.971,8.797,5.367,1.609
1.71667,51.995,44.431,37.212,23.497,14.991,8.806,5.333,1.591
1.72000,52.095,44.507,37.189,23.575,15.085,8.855,5.388,1.528
1.72333,52.104,44.516,37.210,23.602,14.979,8.780,5.375,1.633
1.72667,52.110,44.613,37.297,23.600,15.057,8.809,5.313,1.560
1.73000,52.218,44.647,37.344,23.639,15.104,8.861,5.322,1.588
1.73333,52.349,44.690,37.418,23.607,15.080,8.850,5.324,1.631
1.73667,52.320,44.798,37.433,23.663,15.178,8.896,5.376,1.635
1.74000,52.458,44.836,37.475,23.663,15.189,8.869,5.345,1.603
1.74333,52.457,44.788,37.536,23.669,15.136,8.886,5.304,1.588
1.74667,52.485,44.830,37.551,23.737,15.122,8.879,5.411,1.586
1.75000,52.577,44.910,37.534,23.752,15.197,8.876,5.395,1.580
1.75333,52.637,45.016,37.630,23.781,15.205,8.910,5.393,1.623
1.75667,52.698,44.950,37.559,23.773,15.207,8.912,5.400,1.614
1.76000,52.763,45.098,37.738,23.819,15.170,8.922,5.315,1.609
1.76333,52.871,45.130,37.731,23.888,15.152,8.936,5.374,1.622
1.76667,52.914,45.177,37.770,23.864,15.260,8.872,5.483,1.651
1.77000,52.952,45.263,37.859,23.917,15.276,8.956,5.403,1.641
1.77333,52.956,45.232,37.903,23.950,15.328,8.968,5.419,1.608
1.77667,53.038,45.320,37.923,24.018,15.287,9.024,5.437,1.700
1.78000,53.129,45.357,37.895,23.931,15.353,9.019,5.425,1.663
1.78333,53.188,45.377,37.964,24.040,15.367,8.975,5.440,1.678
1.78667,53.234,45.474,38.076,24.064,15.358,9.029,5.398,1.656
1.79000,53.296,45.524,38.081,24.104,15.429,9.049,5.517,1.586
1.79333,53.379,45.639,38.182,24.091,15.413,9.031,5.448,1.689
1.79667,53.383,45.664,38.151,24.166,15.391,9.060,5.457,1.701
1.80000,53.518,45.674,38.249,24.123,15.455,9.092,5.391,1.645
1.80333,53.439,45.720,38.327,24.182,15.455,9.116,5.462,1.676
1.80667,53.574,45.772,38.346,24.188,15.432,9.070,5.479,1.624
1.81000,53.612,45.762,38.393,24.234,15.506,9.075,5.495,1.722
1.81333,53.709,45.869,38.430,24.299,15.557,9.100,5.470,1.612
1.81667,53.787,45.874,38.458,24.350,15.546,9.076,5.501,1.614
1.82000,53.763,46.000,38.465,24.320,15.566,9.069,5.505,1.718
1.82333,53.875,46.029,38.557,24.391,15.558,9.138,5.554,1.655
1.82667,53.936,46.043,38.504,24.460,15.595,9.123,5.474,1.726
1.83000,54.000,46.071,38.585,24.400,15.621,9.097,5.487,1.661
1.83333,54.026,46.134,38.590,24.457,15.603,9.178,5.550,1.706
1.83667,54.074,46.283,38.700,24.514,15.649,9.140,5.575,1.714
1.84000,54.230,46.261,38.672,24.431,15.624,9.149,5.531,1.673
1.84333,54.233,46.407,38.835,24.427,15.765,9.217,5.548,1.677
1.84667,54.317,46.366,38.780,24.505,15.719,9.208,5.529,1.690
1.85000,54.337,46.415,38.819,24.584,15.648,9.202,5.563,1.694
1.85333,54.495,46.497,38.887,24.577,15.719,9.220,5.555,1.707
1.85667,54.520,46.626,38.887,24.616,15.737,9.268,5.590,1.700
1.86000,54.515,46.620,38.977,24.586,15.708,9.262,5.594,1.635
1.86333,54.668,46.604,39.011,24.696,15.844,9.254,5.565,1.721
1.86667,54.693,46.711,38.977,24.698,15.859,9.241,5.614,1.705
1.87000,54.722,46.723,39.141,24.767,15.812,9.277,5.635,1.684
1.87333,54.848,46.835,39.165,24.748,15.804,9.251,5.638,1.715
1.87667,54.817,46.915,39.249,24.738,15.883,9.299,5.538,1.648
1.88000,54.882,46.902,39.181,24.790,15.815,9.295,5.596,1.662
1.88333,54.912,46.966,39.355,24.860,15.962,9.270,5.563,1.728
1.88667,54.969,46.988,39.319,24.830,15.866,9.267,5.639,1.681
1.89000,55.044,47.026,39.370,24.875,15.973,9.312,5.645,1.733
1.89333,55.104,47.115,39.372,24.925,15.985,9.391,5.635,1.699
1.89667,55.263,47.066,39.537,25.003,15.978,9.291,5.661,1.750
1.90000,55.283,47.221,39.491,24.974,15.990,9.283,5.588,1.723
1.90333,55.272,47.255,39.502,24.994,16.041,9.375,5.627,1.763
1.90667,55.343,47.341,39.631,25.008,16.082,9.388,5.639,1.781
1.91000,55.472,47.354,39.662,25.076,16.046,9.366,5.707,1.798
1.91333,55.531,47.369,39.709,25.105,16.056,9.445,5.625,1.745
1.91667,55.602,47.514,39.745,25.090,16.049,9.377,5.637,1.734
1.92000,55.669,47.514,39.750,25.114,16.104,9.435,5.704,1.738
1.92333,55.716,47.554,39.827,25.219,16.053,9.466,5.679,1.678
1.92667,55.773,47.694,39.921,25.180,16.139,9.410,5.668,1.775
1.93000,55.825,47.702,39.899,25.234,16.147,9.477,5.684,1.632
1.93333,55.828,47.788,39.946,25.258,16.129,9.422,5.677,1.719
1.93667,55.917,47.736,40.020,25.256,16.212,9.438,5.750,1.771
1.94000,56.008,47.875,40.062,25.343,16.185,9.488,5.681,1.800
1.94333,56.036,47.883,40.094,25.335,16.217,9.518,5.698,1.707
1.94667,56.127,47.937,40.183,25.368,16.300,9.511,5.722,1.799
1.95000,56.197,48.030,40.190,25.338,16.251,9.499,5.644,1.747
1.95333,56.247,48.078,40.169,25.370,16.348,9.487,5.724,1.772
1.95667,56.313,48.167,40.296,25.436,16.239,9.455,5.716,1.820
1.96000,56.400,48.179,40.351,25.574,16.335,9.575,5.689,1.759
1.96333,56.423,48.231,40.398,25.461,16.366,9.519,5.761,1.729
1.96667,56.524,48.278,40.472,25.550,16.405,9.496,5.772,1.758
1.97000,56.612,48.346,40.486,25.604,16.321,9.549,5.763,1.829
1.97333,56.626,48.357,40.552,25.610,16.407,9.580,5.700,1.781
1.97667,56.777,48.482,40.628,25.661,16.423,9.674,5.787,1.793
1.98000,56.909,48.571,40.669,25.690,16.451,9.620,5.806,1.752
1.98333,56.942,48.638,40.826,25.737,16.549,9.572,5.758,1.774
1.98667,57.111,48.726,40.916,25.839,16.475,9.651,5.808,1.795
1.99000,57.250,48.955,41.096,25.959,16.543,9.680,5.754,1.803
1.99333,57.635,49.058,41.205,25.999,16.601,9.638,5.791,1.722
1.99667,57.807,49.319,41.488,26.310,16.649,9.665,5.845,1.803
2.00000,58.308,49.634,41.917,26.451,16.722,9.719,5.761,1.790
2.00333,58.851,50.029,42.392,26.797,16.864,9.678,5.779,1.815
2.00667,59.592,50.597,43.097,27.204,17.053,9.706,5.872,1.797
2.01000,60.801,51.421,43.971,27.850,17.214,9.884,5.824,1.819
2.01333,62.231,52.455,45.260,28.614,17.495,9.766,5.873,1.826
2.01667,64.252,53.779,47.039,29.777,17.896,9.852,5.853,1.869
2.02000,66.843,55.689,49.287,31.177,18.318,9.944,5.901,1.803
2.02333,70.305,58.059,52.375,33.131,18.960,10.160,5.923,1.821
2.02667,74.839,61.237,56.256,35.603,19.743,10.226,5.979,1.845
2.03000,80.627,65.319,61.374,38.901,20.835,10.425,6.107,1.817
2.03333,87.941,70.464,67.899,42.995,22.256,10.722,6.194,1.940
2.03667,97.210,77.020,76.109,48.191,23.905,10.903,6.329,1.895
2.04000,108.651,84.968,86.134,54.656,25.964,11.314,6.327,1.934
2.04333,122.803,94.841,98.546,62.562,28.545,11.745,6.523,1.964
2.04667,139.800,106.894,113.510,72.090,31.643,12.281,6.704,1.987
2.05000,160.122,121.178,131.437,83.518,35.321,12.953,6.923,2.090
2.05333,184.092,137.962,152.562,97.030,39.652,13.631,7.218,2.078
2.05667,211.956,157.581,177.090,112.656,44.767,14.456,7.421,2.153
2.06000,243.942,179.953,205.343,130.649,50.504,15.501,7.831,2.208
2.06333,279.927,205.450,237.065,151.098,57.118,16.591,8.197,2.342
2.06667,320.118,233.670,272.613,173.724,64.421,17.830,8.568,2.360
2.07000,364.144,264.772,311.537,198.744,72.551,19.194,8.990,2.500
2.07333,411.783,298.429,353.539,225.723,81.291,20.556,9.511,2.583
2.07667,462.220,334.225,398.286,254.590,90.670,22.278,10.096,2.707
2.08000,514.954,371.787,445.191,284.861,100.547,23.850,10.592,2.828
2.08333,569.010,410.371,493.227,315.974,110.743,25.536,11.176,2.973
2.08667,623.467,449.386,541.718,347.507,120.974,27.328,11.759,2.988
2.09000,677.120,488.124,589.639,378.803,131.293,29.011,12.303,3.171
2.09333,728.844,525.648,636.010,409.267,141.247,30.737,12.881,3.252
2.09667,777.509,561.237,679.801,438.200,150.795,32.296,13.521,3.308
2.10000,822.019,594.073,720.067,464.912,159.623,33.786,13.973,3.449
2.10333,861.520,623.398,755.942,488.845,167.628,35.137,14.362,3.606
2.10667,895.220,648.591,786.480,509.492,174.402,36.329,14.805,3.580
2.11000,922.413,669.060,811.380,526.247,179.918,37.322,15.158,3.697
2.11333,942.814,684.426,829.940,538.856,184.165,37.943,15.336,3.763
2.11667,955.890,694.481,842.095,547.047,186.930,38.388,15.442,3.770
2.12000,961.844,698.946,847.514,550.786,188.217,38.700,15.523,3.801
2.12333,960.635,698.070,846.383,549.966,187.990,38.666,15.529,3.800
2.12667,952.225,691.830,838.736,544.845,186.214,38.346,15.509,3.746
2.13000,937.332,680.440,824.990,535.406,183.095,37.823,15.256,3.777
2.13333,916.108,664.386,805.564,522.283,178.713,37.114,15.103,3.660
2.13667,889.255,644.103,780.914,505.750,173.248,36.164,14.685,3.606
2.14000,857.272,620.314,751.861,486.088,166.798,35.149,14.451,3.591
2.14333,820.986,593.399,718.988,464.179,159.543,33.917,14.052,3.507
2.14667,781.309,564.172,683.049,440.273,151.597,32.607,13.521,3.466
2.15000,738.913,533.166,644.841,415.074,143.363,31.242,13.026,3.369
2.15333,694.713,501.024,605.278,389.128,134.732,29.759,12.628,3.216
2.15667,649.681,468.579,564.990,362.696,126.169,28.390,12.157,3.168
2.16000,604.602,436.105,524.632,336.364,117.570,26.851,11.633,3.048
2.16333,560.067,404.123,484.913,310.594,109.175,25.484,11.168,3.036
2.16667,516.705,373.258,446.451,285.628,101.044,24.163,10.786,2.834
2.17000,475.068,343.666,409.449,261.767,93.311,22.837,10.302,2.831
2.17333,435.568,315.638,374.326,239.149,85.990,21.623,9.881,2.622
2.17667,398.354,289.288,341.409,217.950,79.073,20.531,9.517,2.632
2.18000,363.740,264.826,310.823,198.237,72.761,19.441,9.174,2.544
2.18333,331.787,242.291,282.467,180.157,66.960,18.436,8.835,2.535
2.18667,302.475,221.608,256.585,163.499,61.480,17.594,8.666,2.402
2.19000,275.749,202.853,232.999,148.350,56.672,16.841,8.310,2.302
2.19333,251.555,185.778,211.636,134.650,52.193,16.120,8.059,2.358
2.19667,229.700,170.545,192.347,122.456,48.273,15.371,7.848,2.297
2.20000,210.208,156.843,175.149,111.430,44.728,14.800,7.663,2.194
2.20333,192.804,144.561,159.825,101.589,41.606,14.310,7.493,2.227
2.20667,177.204,133.695,146.093,92.937,38.800,13.827,7.352,2.149
2.21000,163.478,124.001,133.908,85.168,36.293,13.455,7.129,2.201
2.21333,151.323,115.516,123.182,78.165,34.052,13.055,7.094,2.174
2.21667,140.540,107.973,113.691,72.171,32.146,12.769,7.022,2.083
2.22000,131.048,101.290,105.234,66.865,30.468,12.518,6.893,2.150
2.22333,122.709,95.482,97.876,62.139,28.933,12.243,6.785,2.094
2.22667,115.311,90.369,91.349,57.935,27.618,12.080,6.772,2.099
2.23000,108.904,85.828,85.689,54.352,26.448,11.874,6.739,2.047
2.23333,103.197,81.733,80.743,51.160,25.438,11.704,6.634,2.069
2.23667,98.207,78.399,76.353,48.373,24.549,11.568,6.598,1.991
2.24000,93.985,75.377,72.612,45.930,23.819,11.445,6.577,2.095
2.24333,90.074,72.798,69.228,43.830,23.096,11.307,6.523,2.034
2.24667,86.790,70.493,66.398,41.857,22.565,11.199,6.484,2.055
2.25000,83.940,68.534,64.016,40.383,21.959,11.230,6.500,2.056
2.25333,81.407,67.017,61.980,38.911,21.510,11.112,6.480,1.983
2.25667,79.309,65.611,60.278,37.731,21.160,11.039,6.386,1.977
2.26000,77.534,64.620,58.972,36.825,20.807,11.006,6.423,2.000
2.26333,76.026,63.859,58.145,36.078,20.557,10.975,6.445,2.048
2.26667,74.885,63.495,57.755,35.457,20.337,10.877,6.405,2.072
2.27000,74.007,63.533,57.891,35.124,20.147,10.883,6.415,2.053
2.27333,73.510,63.939,58.596,34.999,20.069,10.830,6.389,2.095
2.27667,73.293,64.872,60.081,35.121,20.040,10.895,6.427,2.032
2.28000,73.471,66.520,62.353,35.494,20.014,10.849,6.410,2.036
2.28333,74.109,68.773,65.704,36.372,20.098,10.868,6.430,2.033
2.28667,75.306,71.971,70.351,37.590,20.203,10.890,6.417,2.101
2.29000,77.047,76.291,76.518,39.252,20.451,10.895,6.418,2.083
2.29333,79.542,81.873,84.619,41.577,20.822,10.970,6.435,2.077
2.29667,82.744,89.016,94.814,44.510,21.290,11.021,6.462,2.120
2.30000,86.897,97.842,107.455,48.208,21.834,11.019,6.476,2.095
2.30333,92.051,108.740,123.043,52.807,22.543,11.199,6.531,2.120
2.30667,98.376,121.926,141.771,58.337,23.372,11.257,6.573,2.176
2.31000,105.921,137.599,164.210,65.034,24.527,11.373,6.640,2.160
2.31333,114.909,155.995,190.415,72.874,25.761,11.509,6.692,2.214
2.31667,125.389,177.306,220.805,82.013,27.238,11.690,6.794,2.250
2.32000,137.412,201.706,255.498,92.432,28.850,11.826,6.868,2.296
2.32333,150.895,229.134,294.574,104.283,30.742,12.088,6.902,2.314
2.32667,165.927,259.643,337.812,117.417,32.843,12.240,7.072,2.396
2.33000,182.495,293.029,385.073,131.856,35.201,12.513,7.088,2.400
2.33333,200.380,328.963,435.979,147.492,37.735,12.808,7.182,2.448
2.33667,219.329,367.247,489.784,164.050,40.351,13.135,7.356,2.512
2.34000,239.286,407.168,545.905,181.477,43.198,13.383,7.488,2.563
2.34333,259.799,448.159,603.269,199.425,46.095,13.751,7.585,2.687
2.34667,280.722,489.510,660.718,217.616,49.076,14.011,7.730,2.783
2.35000,301.325,530.460,717.410,235.639,52.028,14.348,7.862,2.808
2.35333,321.498,570.214,771.988,253.272,54.890,14.639,7.914,2.784
2.35667,340.804,607.875,823.169,270.003,57.598,14.912,8.136,2.897
2.36000,358.579,642.679,870.090,285.671,60.136,15.252,8.237,2.953
2.36333,374.684,673.947,911.827,299.750,62.460,15.468,8.255,3.097
2.36667,388.629,700.829,947.472,311.849,64.413,15.630,8.399,3.039
2.37000,400.136,722.962,976.562,322.042,66.100,15.879,8.498,3.089
2.37333,408.987,739.890,998.582,329.667,67.405,16.046,8.558,3.173
2.37667,414.986,751.352,1013.383,334.969,68.231,16.151,8.549,3.227
2.38000,418.049,757.157,1020.954,337.674,68.669,16.192,8.585,3.181
2.38333,418.261,757.348,1021.118,337.697,68.741,16.217,8.633,3.098
2.38667,415.527,752.086,1014.205,335.224,68.370,16.183,8.572,3.173
2.39000,409.936,741.413,1000.531,330.387,67.620,16.112,8.534,3.174
2.39333,401.861,725.988,980.264,323.402,66.421,15.996,8.540,3.135
2.39667,391.583,705.986,954.043,314.263,65.001,15.829,8.473,3.047
2.40000,379.224,682.148,922.469,303.418,63.253,15.676,8.401,3.082
2.40333,365.292,654.957,886.159,291.203,61.255,15.468,8.312,2.992
2.40667,349.988,625.040,845.935,277.753,59.083,15.249,8.152,3.007
2.41000,333.669,593.119,802.688,263.480,56.807,15.029,8.184,2.922
2.41333,316.828,559.768,757.110,248.688,54.473,14.778,8.110,2.890
2.41667,299.535,525.693,710.088,233.536,51.956,14.557,8.026,2.822
2.42000,282.284,491.466,662.724,218.478,49.529,14.254,7.843,2.810
2.42333,265.220,457.567,615.545,203.565,47.121,14.034,7.846,2.730
2.42667,248.655,424.429,569.225,189.058,44.876,13.822,7.724,2.711
2.43000,232.744,392.398,524.285,175.096,42.577,13.606,7.595,2.597
2.43333,217.600,361.947,481.371,161.820,40.473,13.386,7.453,2.602
2.43667,203.237,333.152,440.737,149.294,38.517,13.206,7.437,2.643
2.44000,189.800,306.130,402.476,137.529,36.646,12.999,7.354,2.484
2.44333,177.460,281.008,366.949,126.706,34.839,12.787,7.318,2.476
2.44667,165.932,257.942,334.061,116.611,33.284,12.713,7.250,2.449
2.45000,155.510,236.751,303.974,107.450,31.831,12.510,7.152,2.459
2.45333,146.000,217.468,276.499,99.131,30.465,12.393,7.119,2.428
2.45667,137.401,199.961,251.620,91.642,29.324,12.259,7.065,2.475
2.46000,129.634,184.224,229.068,84.820,28.258,12.233,7.093,2.333
2.46333,122.647,169.951,208.814,78.724,27.310,12.062,7.015,2.404
2.46667,116.437,157.279,190.757,73.230,26.423,11.974,6.969,2.365
2.47000,110.882,145.922,174.473,68.450,25.718,12.000,6.940,2.358
2.47333,105.943,135.839,160.035,64.010,24.953,11.853,6.942,2.253
2.47667,101.542,126.859,147.206,60.180,24.386,11.857,6.962,2.277
2.48000,97.582,118.904,135.702,56.766,23.856,11.869,6.935,2.278
2.48333,94.282,111.798,125.661,53.730,23.448,11.779,6.931,2.298
2.48667,91.161,105.524,116.759,51.048,22.960,11.701,6.875,2.318
2.49000,88.459,100.019,108.813,48.633,22.603,11.653,6.840,2.321
2.49333,86.142,95.188,101.735,46.603,22.327,11.704,6.902,2.309
2.49667,84.063,90.906,95.538,44.768,22.056,11.675,6.867,2.181
2.50000,82.240,87.101,90.114,43.107,21.805,11.658,6.833,2.263
2.50333,80.654,83.721,85.346,41.715,21.558,11.628,6.875,2.259
2.50667,79.280,80.776,81.103,40.478,21.430,11.616,6.933,2.302
2.51000,77.984,78.186,77.330,39.372,21.181,11.645,6.810,2.273
2.51333,76.936,75.893,74.024,38.344,21.060,11.646,6.853,2.294
2.51667,75.926,73.891,71.181,37.548,20.994,11.669,6.884,2.287
2.52000,75.163,72.162,68.592,36.721,20.832,11.609,6.890,2.217
2.52333,74.418,70.588,66.274,36.113,20.782,11.636,6.838,2.190
2.52667,73.792,69.256,64.403,35.518,20.672,11.648,6.949,2.264
2.53000,73.273,68.124,62.595,34.990,20.637,11.603,6.904,2.284
2.53333,72.820,67.049,61.041,34.614,20.595,11.681,6.899,2.243
2.53667,72.412,66.130,59.758,34.246,20.557,11.672,6.891,2.306
2.54000,72.061,65.320,58.569,33.930,20.582,11.713,6.851,2.304
2.54333,71.814,64.646,57.567,33.569,20.504,11.696,6.857,2.263
2.54667,71.541,64.037,56.678,33.367,20.483,11.667,6.913,2.297
2.55000,71.366,63.484,55.891,33.187,20.504,11.616,6.865,2.254
2.55333,71.150,63.074,55.161,32.987,20.392,11.677,6.890,2.255
2.55667,71.015,62.670,54.608,32.778,20.416,11.700,6.873,2.295
2.56000,70.874,62.348,54.031,32.609,20.408,11.670,6.862,2.303
2.56333,70.781,62.079,53.601,32.577,20.406,11.702,6.855,2.245
2.56667,70.706,61.781,53.218,32.416,20.406,11.743,6.881,2.319
2.57000,70.627,61.635,52.875,32.365,20.375,11.663,6.869,2.257
2.57333,70.640,61.396,52.572,32.203,20.497,11.717,6.893,2.328
2.57667,70.587,61.252,52.305,32.181,20.449,11.758,6.943,2.314
2.58000,70.535,61.040,52.124,32.168,20.479,11.795,6.961,2.308
2.58333,70.492,61.067,51.992,32.134,20.486,11.796,6.934,2.253
2.58667,70.591,60.908,51.706,32.114,20.437,11.829,6.940,2.261
2.59000,70.575,60.864,51.583,32.050,20.512,11.819,7.007,2.291
2.59333,70.578,60.878,51.498,32.074,20.504,11.858,6.973,2.407
2.59667,70.681,60.856,51.448,32.060,20.475,11.786,6.897,2.350
2.60000,70.646,60.721,51.389,32.102,20.558,11.867,7.026,2.300
2.60333,70.728,60.778,51.355,32.044,20.491,11.898,6.996,2.307
2.60667,70.770,60.777,51.266,32.045,20.570,11.938,6.951,2.347
2.61000,70.820,60.871,51.278,32.099,20.653,11.857,7.017,2.322
2.61333,70.906,60.761,51.238,32.103,20.674,11.905,7.001,2.335
2.61667,70.949,60.810,51.236,32.120,20.670,11.896,7.097,2.349
2.62000,70.986,60.845,51.194,32.129,20.716,11.938,7.029,2.358
2.62333,71.066,60.895,51.253,32.172,20.717,11.981,7.061,2.369
2.62667,71.100,60.916,51.208,32.146,20.718,11.974,7.054,2.387
2.63000,71.166,60.956,51.233,32.210,20.745,11.980,7.027,2.299
2.63333,71.249,61.032,51.278,32.225,20.754,11.989,7.119,2.360
2.63667,71.331,61.078,51.288,32.273,20.788,12.014,7.080,2.372
2.64000,71.430,61.076,51.339,32.300,20.846,11.987,7.092,2.372
2.64333,71.518,61.173,51.326,32.333,20.858,12.005,7.080,2.367
2.64667,71.612,61.268,51.335,32.335,20.899,11.992,7.155,2.397
2.65000,71.661,61.302,51.479,32.344,20.877,12.039,7.087,2.364
2.65333,71.728,61.349,51.474,32.429,20.946,12.037,7.137,2.282
2.65667,71.817,61.368,51.540,32.473,20.965,12.003,7.066,2.400
2.66000,71.896,61.431,51.557,32.477,21.005,12.099,7.144,2.351
2.66333,71.981,61.518,51.623,32.479,20.987,12.113,7.165,2.413
2.66667,72.043,61.616,51.618,32.543,21.010,12.137,7.141,2.376
2.67000,72.111,61.659,51.743,32.537,21.007,12.081,7.107,2.416
2.67333,72.208,61.763,51.772,32.619,21.026,12.217,7.119,2.412
2.67667,72.281,61.754,51.795,32.745,21.114,12.152,7.160,2.447
2.68000,72.372,61.856,51.914,32.634,21.127,12.174,7.205,2.424
2.68333,72.483,61.915,51.957,32.739,21.126,12.140,7.130,2.378
2.68667,72.597,61.981,51.994,32.707,21.214,12.197,7.184,2.437
2.69000,72.605,62.124,52.088,32.751,21.172,12.246,7.205,2.503
2.69333,72.673,62.143,52.087,32.849,21.186,12.185,7.194,2.433
2.69667,72.823,62.190,52.179,32.877,21.300,12.240,7.242,2.440
2.70000,72.788,62.311,52.198,32.915,21.261,12.332,7.296,2.440
2.70333,72.893,62.327,52.260,32.933,21.298,12.297,7.189,2.405
2.70667,73.037,62.416,52.311,32.987,21.338,12.249,7.225,2.441
2.71000,73.108,62.492,52.409,32.974,21.363,12.261,7.211,2.477
2.71333,73.202,62.537,52.421,33.037,21.358,12.275,7.226,2.450
2.71667,73.299,62.664,52.471,33.081,21.397,12.331,7.271,2.353
2.72000,73.338,62.717,52.465,33.054,21.480,12.374,7.312,2.458
2.72333,73.483,62.767,52.595,33.177,21.449,12.324,7.275,2.408
2.72667,73.549,62.863,52.691,33.204,21.494,12.407,7.292,2.512
2.73000,73.586,62.890,52.792,33.281,21.546,12.396,7.293,2.440
2.73333,73.735,62.965,52.776,33.262,21.573,12.400,7.290,2.420
2.73667,73.797,63.068,52.886,33.286,21.560,12.367,7.227,2.441
2.74000,73.893,63.090,52.941,33.348,21.545,12.435,7.332,2.473
2.74333,73.930,63.223,52.992,33.436,21.618,12.473,7.302,2.500
2.74667,74.069,63.272,53.096,33.390,21.648,12.387,7.342,2.522
2.75000,74.210,63.291,53.072,33.443,21.698,12.515,7.316,2.460
2.75333,74.264,63.455,53.184,33.595,21.709,12.395,7.428,2.444
2.75667,74.291,63.487,53.204,33.546,21.648,12.479,7.335,2.517
2.76000,74.433,63.575,53.314,33.607,21.744,12.475,7.437,2.463
2.76333,74.523,63.669,53.370,33.613,21.752,12.565,7.426,2.485
2.76667,74.538,63.797,53.457,33.661,21.734,12.616,7.410,2.496
2.77000,74.695,63.835,53.503,33.694,21.831,12.552,7.386,2.493
2.77333,74.796,63.921,53.560,33.722,21.824,12.594,7.348,2.484
2.77667,74.841,64.016,53.613,33.798,21.914,12.573,7.419,2.532
2.78000,74.951,64.076,53.686,33.785,21.907,12.581,7.395,2.494
2.78333,75.018,64.162,53.764,33.833,21.926,12.583,7.377,2.455
2.78667,75.148,64.160,53.829,33.916,21.947,12.677,7.384,2.485
2.79000,75.236,64.230,53.950,33.949,22.031,12.643,7.441,2.519
2.79333,75.269,64.323,53.964,34.003,21.995,12.706,7.448,2.509
2.79667,75.394,64.418,54.023,34.040,22.021,12.699,7.439,2.539
2.80000,75.466,64.416,54.021,34.078,22.098,12.744,7.460,2.584
2.80333,75.595,64.630,54.110,34.121,22.152,12.766,7.484,2.538
2.80667,75.653,64.633,54.192,34.117,22.152,12.753,7.449,2.514
2.81000,75.767,64.726,54.272,34.215,22.151,12.749,7.517,2.589
2.81333,75.797,64.809,54.320,34.265,22.094,12.759,7.489,2.521
2.81667,75.906,64.889,54.387,34.233,22.195,12.795,7.445,2.566
2.82000,75.978,64.950,54.474,34.334,22.241,12.831,7.519,2.537
2.82333,76.041,65.070,54.530,34.316,22.266,12.748,7.530,2.558
2.82667,76.166,65.027,54.558,34.391,22.264,12.752,7.526,2.588
2.83000,76.254,65.195,54.655,34.389,22.270,12.799,7.514,2.561
2.83333,76.287,65.264,54.738,34.500,22.346,12.859,7.540,2.569
2.83667,76.411,65.274,54.777,34.474,22.356,12.826,7.542,2.518
2.84000,76.552,65.379,54.920,34.583,22.406,12.868,7.583,2.577
2.84333,76.606,65.494,54.871,34.599,22.408,12.875,7.587,2.583
2.84667,76.741,65.586,55.034,34.651,22.480,12.867,7.592,2.561
2.85000,76.812,65.653,55.058,34.627,22.423,12.913,7.533,2.571
2.85333,76.864,65.662,55.139,34.773,22.515,12.910,7.599,2.605
2.85667,77.004,65.775,55.188,34.740,22.479,12.960,7.637,2.579
2.86000,77.067,65.823,55.238,34.813,22.587,12.965,7.591,2.611
2.86333,77.135,66.033,55.194,34.858,22.589,12.982,7.559,2.539
2.86667,77.298,65.979,55.327,34.927,22.574,13.006,7.574,2.611
2.87000,77.323,66.135,55.421,34.934,22.632,12.974,7.617,2.656
2.87333,77.405,66.102,55.510,34.984,22.683,13.003,7.653,2.624
2.87667,77.458,66.226,55.607,34.952,22.648,13.008,7.650,2.599
2.88000,77.571,66.382,55.660,35.058,22.684,13.033,7.748,2.608
2.88333,77.725,66.395,55.760,35.065,22.741,13.053,7.673,2.690
2.88667,77.790,66.484,55.724,35.153,22.750,13.087,7.654,2.677
2.89000,77.927,66.561,55.747,35.150,22.795,13.069,7.713,2.600
2.89333,77.960,66.678,55.951,35.227,22.830,13.074,7.667,2.716
2.89667,78.123,66.661,55.975,35.252,22.770,13.169,7.771,2.642
2.90000,78.140,66.811,55.990,35.269,22.804,13.122,7.711,2.658
2.90333,78.217,66.858,56.105,35.315,22.940,13.147,7.732,2.665
2.90667,78.336,66.967,56.156,35.360,22.955,13.110,7.734,2.691
2.91000,78.373,67.028,56.205,35.421,22.920,13.251,7.684,2.710
2.91333,78.533,67.089,56.265,35.430,22.914,13.225,7.695,2.670
2.91667,78.646,67.218,56.309,35.477,23.039,13.203,7.775,2.642
2.92000,78.721,67.215,56.404,35.582,23.039,13.237,7.773,2.596
2.92333,78.809,67.322,56.545,35.598,23.053,13.279,7.753,2.702
2.92667,78.883,67.405,56.537,35.568,23.080,13.230,7.802,2.629
2.93000,79.007,67.517,56.621,35.646,23.065,13.342,7.762,2.644
2.93333,79.085,67.589,56.652,35.760,23.151,13.313,7.823,2.672
2.93667,79.146,67.733,56.692,35.810,23.236,13.312,7.810,2.681
2.94000,79.241,67.703,56.768,35.736,23.181,13.341,7.708,2.704
2.94333,79.349,67.828,56.882,35.824,23.278,13.351,7.820,2.709
2.94667,79.487,67.862,56.907,35.852,23.294,13.313,7.807,2.668
2.95000,79.499,68.000,57.030,35.936,23.280,13.409,7.806,2.716
2.95333,79.629,68.052,57.030,35.910,23.235,13.413,7.830,2.733
2.95667,79.721,68.170,57.126,36.012,23.375,13.369,7.836,2.686
2.96000,79.811,68.216,57.248,36.043,23.379,13.368,7.858,2.662
2.96333,79.847,68.280,57.292,36.064,23.341,13.411,7.865,2.760
2.96667,80.021,68.407,57.298,36.031,23.433,13.420,7.842,2.687
2.97000,80.129,68.449,57.468,36.155,23.509,13.446,7.896,2.728
2.97333,80.128,68.530,57.479,36.264,23.488,13.490,7.958,2.759
2.97667,80.242,68.681,57.598,36.274,23.477,13.501,7.917,2.733
2.98000,80.411,68.655,57.618,36.277,23.506,13.508,7.884,2.740
2.98333,80.529,68.850,57.686,36.308,23.614,13.523,7.950,2.729
2.98667,80.510,68.914,57.714,36.381,23.682,13.546,7.915,2.699
2.99000,80.644,68.958,57.812,36.407,23.599,13.582,7.888,2.729
2.99333,80.748,68.985,57.864,36.450,23.631,13.626,7.990,2.686
2.99667,80.855,69.095,57.956,36.481,23.717,13.577,7.975,2.737
3.00000,80.912,69.187,58.045,36.541,23.695,13.607,7.891,2.808
3.00333,81.040,69.268,58.081,36.563,23.709,13.583,7.977,2.763
3.00667,81.104,69.368,58.196,36.672,23.774,13.647,7.979,2.838
3.01000,81.245,69.387,58.147,36.666,23.792,13.664,7.938,2.794
3.01333,81.370,69.519,58.304,36.725,23.822,13.656,8.038,2.825
3.01667,81.491,69.616,58.390,36.752,23.818,13.749,7.979,2.756
3.02000,81.526,69.657,58.480,36.805,23.855,13.688,7.989,2.782
3.02333,81.536,69.755,58.458,36.810,23.880,13.740,8.041,2.768
3.02667,81.701,69.775,58.615,36.930,23.926,13.696,8.071,2.741
3.03000,81.773,69.931,58.647,36.891,23.964,13.780,8.034,2.794
3.03333,81.867,70.013,58.721,36.965,23.980,13.756,8.004,2.735
3.03667,82.024,70.054,58.735,36.980,23.978,13.726,7.949,2.830
3.04000,82.007,70.135,58.863,37.062,24.036,13.835,8.079,2.804
3.04333,82.188,70.274,58.891,37.129,24.112,13.754,8.069,2.873
3.04667,82.272,70.321,59.002,37.095,24.166,13.844,8.143,2.793
3.05000,82.385,70.404,59.012,37.188,24.125,13.877,8.098,2.833
3.05333,82.477,70.515,59.148,37.206,24.148,13.859,8.132,2.850
3.05667,82.566,70.550,59.208,37.242,24.194,13.878,8.001,2.875
3.06000,82.602,70.645,59.268,37.313,24.152,13.866,8.072,2.775
3.06333,82.785,70.738,59.389,37.341,24.263,13.938,8.081,2.825
3.06667,82.855,70.782,59.381,37.396,24.282,13.914,8.134,2.854
3.07000,82.961,70.905,59.486,37.399,24.338,13.951,8.135,2.889
3.07333,83.060,70.998,59.463,37.480,24.306,13.858,8.117,2.844
3.07667,83.178,71.009,59.647,37.545,24.402,13.992,8.152,2.888
3.08000,83.233,71.129,59.605,37.557,24.355,13.995,8.134,2.809
3.08333,83.374,71.164,59.755,37.625,24.399,14.011,8.135,2.788
3.08667,83.406,71.357,59.781,37.686,24.485,14.099,8.182,2.809
3.09000,83.508,71.349,59.877,37.658,24.472,14.002,8.189,2.826
3.09333,83.665,71.455,59.980,37.726,24.480,14.031,8.236,2.838
3.09667,83.722,71.530,60.024,37.763,24.522,14.022,8.191,2.856
3.10000,83.788,71.649,60.084,37.787,24.572,14.094,8.160,2.896
3.10333,83.943,71.702,60.157,37.895,24.592,14.112,8.303,2.820
3.10667,83.942,71.812,60.176,37.938,24.593,14.089,8.186,2.897
3.11000,84.084,71.929,60.317,37.922,24.557,14.098,8.238,2.891
3.11333,84.167,71.969,60.374,38.018,24.660,14.152,8.160,2.927
3.11667,84.284,72.082,60.490,38.066,24.634,14.157,8.292,2.926
3.12000,84.402,72.186,60.496,38.134,24.708,14.176,8.299,2.895
3.12333,84.502,72.143,60.557,38.100,24.787,14.193,8.255,2.897
3.12667,84.584,72.265,60.581,38.151,24.816,14.288,8.362,2.898
3.13000,84.599,72.334,60.780,38.226,24.812,14.242,8.252,2.894
3.13333,84.809,72.429,60.837,38.269,24.905,14.268,8.343,2.915
3.13667,84.973,72.533,60.850,38.308,24.875,14.245,8.328,2.903
3.14000,84.943,72.593,61.009,38.387,24.894,14.256,8.270,2.960
3.14333,85.112,72.680,61.026,38.407,24.914,14.264,8.308,2.907
3.14667,85.114,72.734,61.043,38.469,24.941,14.305,8.345,2.903
3.15000,85.301,72.899,61.148,38.503,25.071,14.297,8.307,2.964
3.15333,85.436,72.930,61.235,38.545,25.010,14.289,8.323,2.951
3.15667,85.501,73.065,61.281,38.493,25.002,14.427,8.318,2.979
3.16000,85.490,73.099,61.297,38.635,25.096,14.308,8.341,2.992
3.16333,85.714,73.220,61.413,38.653,25.088,14.380,8.374,2.958
3.16667,85.773,73.291,61.474,38.665,25.162,14.397,8.381,2.913
3.17000,85.878,73.328,61.671,38.789,25.156,14.388,8.412,2.944
3.17333,85.904,73.439,61.699,38.817,25.204,14.415,8.426,2.946
3.17667,86.094,73.576,61.711,38.857,25.335,14.435,8.391,2.985
3.18000,86.217,73.663,61.797,38.888,25.327,14.476,8.438,2.911
3.18333,86.258,73.756,61.888,38.960,25.303,14.505,8.405,2.970
3.18667,86.384,73.847,61.911,39.036,25.341,14.525,8.412,2.966
3.19000,86.510,73.867,62.055,39.055,25.362,14.479,8.444,2.947
3.19333,86.589,74.008,61.999,39.000,25.372,14.464,8.431,3.005
3.19667,86.657,74.030,62.078,39.115,25.424,14.564,8.489,2.915
3.20000,86.770,74.138,62.242,39.160,25.389,14.606,8.489,3.010
3.20333,86.909,74.237,62.287,39.210,25.479,14.588,8.592,3.033
3.20667,86.969,74.359,62.282,39.270,25.541,14.635,8.463,2.989
3.21000,87.123,74.411,62.436,39.263,25.505,14.575,8.488,3.012
3.21333,87.135,74.510,62.587,39.305,25.535,14.605,8.513,3.034
3.21667,87.150,74.582,62.566,39.402,25.610,14.654,8.510,3.031
3.22000,87.342,74.645,62.626,39.478,25.584,14.665,8.462,2.989
3.22333,87.470,74.727,62.705,39.439,25.639,14.656,8.535,2.973
3.22667,87.537,74.794,62.854,39.507,25.719,14.692,8.566,2.965
3.23000,87.653,74.937,62.878,39.551,25.726,14.642,8.509,3.080
3.23333,87.767,75.133,62.938,39.638,25.748,14.731,8.585,3.085
3.23667,87.832,75.053,62.961,39.611,25.745,14.662,8.570,3.022
3.24000,87.927,75.195,63.094,39.702,25.799,14.703,8.591,3.007
3.24333,88.013,75.341,63.124,39.780,25.854,14.799,8.609,3.012
3.24667,88.161,75.379,63.272,39.809,25.836,14.818,8.617,3.024
3.25000,88.282,75.421,63.314,39.857,25.906,14.795,8.660,3.054
3.25333,88.339,75.570,63.394,39.851,25.999,14.825,8.688,3.026
3.25667,88.526,75.631,63.520,39.908,25.961,14.821,8.616,2.995
3.26000,88.576,75.744,63.501,39.957,26.000,14.865,8.556,3.034
3.26333,88.641,75.867,63.624,39.965,26.026,14.815,8.645,3.073
3.26667,88.712,75.830,63.675,40.029,26.040,14.906,8.641,3.080
3.27000,88.801,75.956,63.796,40.140,26.038,14.941,8.649,3.031
3.27333,89.028,76.064,63.865,40.188,26.127,14.953,8.687,3.047
3.27667,89.077,76.142,63.898,40.167,26.142,14.899,8.753,3.154
3.28000,89.165,76.258,64.022,40.255,26.166,14.899,8.665,3.083
3.28333,89.250,76.367,64.038,40.279,26.186,14.963,8.727,3.093
3.28667,89.418,76.453,64.131,40.380,26.273,14.984,8.745,3.097
3.29000,89.481,76.468,64.207,40.312,26.309,15.025,8.717,3.063
3.29333,89.571,76.590,64.253,40.443,26.352,14.996,8.690,3.039
3.29667,89.708,76.701,64.318,40.484,26.315,15.073,8.738,3.155
3.30000,89.864,76.813,64.394,40.601,26.337,15.115,8.760,3.044
3.30333,89.909,76.830,64.469,40.628,26.398,15.111,8.743,3.044
3.30667,89.942,76.936,64.610,40.667,26.420,15.110,8.747,3.162
3.31000,90.188,77.013,64.654,40.621,26.517,15.092,8.793,3.119
3.31333,90.147,77.085,64.723,40.730,26.499,15.091,8.795,3.161
3.31667,90.288,77.223,64.713,40.733,26.567,15.131,8.741,3.133
3.32000,90.355,77.302,64.880,40.746,26.574,15.210,8.811,3.143
3.32333,90.447,77.366,64.919,40.902,26.547,15.240,8.777,3.152
3.32667,90.636,77.457,64.977,40.916,26.605,15.269,8.789,3.133
3.33000,90.761,77.574,65.039,40.991,26.657,15.251,8.825,3.160
3.33333,90.842,77.608,65.170,40.946,26.632,15.219,8.872,3.160
3.33667,90.965,77.746,65.183,41.044,26.657,15.342,8.861,3.198
3.34000,91.034,77.789,65.297,41.081,26.754,15.225,8.888,3.198
3.34333,91.077,77.894,65.354,41.179,26.819,15.289,8.866,3.219
3.34667,91.232,78.003,65.505,41.192,26.820,15.294,8.857,3.141
3.35000,91.359,78.087,65.535,41.229,26.791,15.327,8.907,3.134
3.35333,91.441,78.202,65.620,41.231,26.903,15.283,8.881,3.165
3.35667,91.555,78.265,65.750,41.270,26.922,15.327,8.890,3.110
3.36000,91.629,78.301,65.759,41.365,26.992,15.361,8.955,3.139
3.36333,91.742,78.333,65.814,41.401,26.925,15.453,8.924,3.148
3.36667,91.860,78.492,65.864,41.451,27.047,15.441,8.890,3.237
3.37000,91.935,78.588,65.904,41.524,26.979,15.431,8.945,3.159
3.37333,92.069,78.724,66.044,41.588,27.072,15.456,8.965,3.246
3.37667,92.168,78.760,66.080,41.609,27.015,15.463,8.961,3.206
3.38000,92.226,78.958,66.226,41.609,27.041,15.428,9.001,3.194
3.38333,92.408,78.994,66.244,41.725,27.146,15.516,8.934,3.185
3.38667,92.497,79.068,66.324,41.749,27.152,15.494,9.008,3.233
3.39000,92.656,79.126,66.439,41.754,27.229,15.527,8.987,3.238
3.39333,92.702,79.242,66.503,41.892,27.289,15.606,8.938,3.185
3.39667,92.738,79.367,66.544,41.926,27.348,15.496,9.013,3.251
3.40000,92.862,79.451,66.657,41.972,27.300,15.564,9.032,3.250
3.40333,93.006,79.529,66.748,41.963,27.360,15.645,9.116,3.256
3.40667,93.113,79.601,66.838,42.014,27.316,15.666,9.065,3.190
3.41000,93.151,79.653,66.940,42.095,27.400,15.640,9.050,3.268
3.41333,93.379,79.776,66.960,42.168,27.442,15.646,9.018,3.207
3.41667,93.417,79.864,67.019,42.127,27.483,15.660,9.031,3.232
3.42000,93.495,79.947,67.139,42.172,27.539,15.659,9.089,3.264
3.42333,93.676,80.075,67.155,42.211,27.518,15.754,9.063,3.247
3.42667,93.731,80.160,67.251,42.320,27.563,15.686,9.106,3.228
3.43000,93.876,80.197,67.366,42.363,27.615,15.708,9.127,3.275
3.43333,93.974,80.349,67.465,42.399,27.566,15.677,9.173,3.263
3.43667,94.041,80.391,67.445,42.482,27.688,15.772,9.175,3.304
3.44000,94.201,80.449,67.568,42.533,27.727,15.835,9.184,3.254
3.44333,94.257,80.588,67.641,42.522,27.728,15.861,9.175,3.281
3.44667,94.354,80.698,67.727,42.516,27.761,15.790,9.192,3.304
3.45000,94.479,80.763,67.803,42.624,27.777,15.904,9.175,3.313
3.45333,94.506,80.836,67.917,42.593,27.861,15.887,9.201,3.313
3.45667,94.736,80.984,67.977,42.790,27.819,15.885,9.185,3.279
3.46000,94.757,81.032,68.019,42.781,27.826,15.881,9.210,3.270
3.46333,94.966,81.162,68.118,42.849,27.924,15.929,9.210,3.325
3.46667,95.055,81.251,68.226,42.900,27.936,15.962,9.251,3.363
3.47000,95.225,81.383,68.305,43.023,28.007,15.968,9.215,3.239
3.47333,95.296,81.517,68.335,43.001,27.984,15.983,9.213,3.334
3.47667,95.413,81.686,68.536,43.074,28.059,16.110,9.216,3.342
3.48000,95.671,81.816,68.690,43.228,28.154,16.153,9.249,3.374
3.48333,95.783,82.020,68.833,43.237,28.176,16.245,9.318,3.333
3.48667,95.971,82.287,68.953,43.331,28.200,16.253,9.330,3.301
3.49000,96.196,82.600,69.213,43.389,28.341,16.444,9.398,3.326
3.49333,96.466,82.988,69.523,43.564,28.361,16.573,9.372,3.334
3.49667,96.829,83.397,69.765,43.682,28.448,16.843,9.460,3.386
3.50000,97.138,83.979,70.268,43.851,28.650,17.128,9.494,3.377
3.50333,97.704,84.802,70.874,44.005,28.744,17.535,9.634,3.367
3.50667,98.352,85.794,71.522,44.286,28.991,17.953,9.650,3.446
3.51000,99.133,87.044,72.432,44.617,29.208,18.676,9.759,3.385
3.51333,100.137,88.660,73.570,45.047,29.586,19.542,9.960,3.390
3.51667,101.385,90.700,75.054,45.656,30.059,20.538,10.104,3.351
3.52000,103.046,93.217,76.943,46.258,30.459,21.993,10.373,3.411
3.52333,104.813,96.477,79.099,47.112,31.076,23.727,10.648,3.435
3.52667,107.323,100.395,81.883,48.001,31.930,25.856,11.009,3.452
3.53000,110.186,105.193,85.316,49.323,32.908,28.395,11.505,3.480
3.53333,113.728,111.119,89.470,50.751,34.092,31.547,12.097,3.475
3.53667,117.891,118.156,94.466,52.459,35.461,35.479,12.767,3.503
3.54000,122.833,126.499,100.445,54.539,37.073,39.991,13.574,3.491
3.54333,128.809,136.352,107.341,57.060,39.090,45.356,14.438,3.536
3.54667,135.597,147.752,115.546,59.887,41.302,51.625,15.681,3.583
3.55000,143.433,161.089,124.895,63.199,43.911,58.722,16.922,3.563
3.55333,152.329,176.170,135.551,66.991,46.909,67.039,18.320,3.605
3.55667,162.545,193.235,147.580,71.125,50.312,76.409,19.989,3.670
3.56000,173.913,212.276,161.050,75.837,54.089,86.821,21.796,3.654
3.56333,186.295,233.135,175.931,81.086,58.193,98.361,23.790,3.734
3.56667,199.902,255.999,192.130,86.762,62.727,110.851,25.967,3.830
3.57000,214.550,280.628,209.517,92.872,67.604,124.270,28.361,3.842
3.57333,230.046,306.731,228.073,99.395,72.774,138.601,30.896,3.883
3.57667,246.394,334.075,247.554,106.216,78.137,153.704,33.516,3.980
3.58000,263.325,362.555,267.703,113.269,83.907,169.393,36.301,4.014
3.58333,280.758,391.495,288.323,120.603,89.652,185.476,39.160,4.092
3.58667,298.154,420.689,309.137,127.922,95.469,201.639,41.947,4.181
3.59000,315.524,449.624,329.742,135.212,101.348,217.669,44.757,4.182
3.59333,332.389,477.729,349.919,142.346,106.967,233.335,47.524,4.265
3.59667,348.596,504.619,369.181,149.178,112.482,248.315,50.233,4.351
3.60000,363.849,529.784,387.241,155.586,117.542,262.446,52.731,4.360
3.60333,377.834,552.883,403.858,161.493,122.278,275.395,54.966,4.466
3.60667,390.132,573.334,418.657,166.757,126.377,286.824,57.063,4.462
3.61000,400.825,590.801,431.251,171.309,130.022,296.805,58.855,4.528
3.61333,409.649,605.183,441.563,174.947,132.961,304.826,60.217,4.590
3.61667,416.264,616.052,449.505,177.823,135.228,310.913,61.287,4.622
3.62000,420.715,623.393,454.762,179.753,136.753,315.054,62.060,4.624
3.62333,423.020,627.064,457.462,180.687,137.575,317.150,62.442,4.643
3.62667,423.211,627.101,457.603,180.771,137.541,317.143,62.474,4.670
3.63000,421.146,623.740,455.073,179.940,136.912,315.207,62.179,4.687
3.63333,417.059,616.917,450.138,178.169,135.441,311.289,61.391,4.684
3.63667,410.996,606.917,442.957,175.639,133.383,305.574,60.481,4.611
3.64000,403.248,594.068,433.624,172.328,130.768,298.213,59.071,4.588
3.64333,393.948,578.672,422.522,168.382,127.690,289.443,57.582,4.599
3.64667,383.305,560.912,409.792,163.859,124.109,279.450,55.794,4.501
3.65000,371.529,541.319,395.720,158.952,120.040,268.401,53.864,4.505
3.65333,358.892,520.293,380.615,153.620,115.826,256.584,51.789,4.471
3.65667,345.700,498.180,364.858,148.052,111.361,244.182,49.663,4.439
3.66000,332.008,475.269,348.455,142.289,106.729,231.305,47.346,4.356
3.66333,318.175,452.040,331.811,136.420,102.114,218.326,45.042,4.291
3.66667,304.280,428.731,315.152,130.661,97.449,205.269,42.790,4.234
3.67000,290.444,405.577,298.693,124.851,92.860,192.353,40.503,4.193
3.67333,277.000,382.869,282.586,119.122,88.315,179.776,38.341,4.249
3.67667,263.989,360.835,266.845,113.667,83.943,167.550,36.184,4.145
3.68000,251.454,339.661,251.856,108.480,79.831,155.792,34.116,4.113
3.68333,239.429,319.481,237.519,103.422,75.775,144.607,32.131,4.048
3.68667,228.140,300.318,223.953,98.698,71.957,133.996,30.367,4.022
3.69000,217.482,282.290,211.193,94.211,68.424,124.021,28.524,4.002
3.69333,207.534,265.524,199.261,90.107,65.093,114.721,26.935,3.944
3.69667,198.299,249.721,188.142,86.255,62.062,106.003,25.466,4.000
3.70000,189.809,235.185,177.828,82.671,59.265,97.984,24.007,3.922
3.70333,181.871,221.745,168.387,79.373,56.539,90.554,22.788,3.894
3.70667,174.603,209.431,159.641,76.324,54.127,83.776,21.531,3.950
3.71000,168.031,198.123,151.634,73.592,51.969,77.592,20.462,3.867
3.71333,161.984,187.850,144.438,71.055,49.897,71.834,19.483,3.814
3.71667,156.455,178.418,137.735,68.780,48.099,66.658,18.560,3.817
3.72000,151.490,169.861,131.734,66.662,46.403,61.922,17.790,3.807
3.72333,146.944,162.083,126.246,64.834,44.897,57.592,16.997,3.820
3.72667,142.865,155.074,121.312,63.130,43.530,53.737,16.395,3.795
3.73000,139.111,148.730,116.792,61.625,42.263,50.273,15.728,3.782
3.73333,135.795,142.937,112.805,60.195,41.192,47.060,15.164,3.763
3.73667,132.756,137.820,109.105,58.934,40.119,44.164,14.693,3.780
3.74000,130.082,133.049,105.759,57.813,39.317,41.605,14.202,3.701
3.74333,127.677,128.853,102.863,56.842,38.519,39.242,13.845,3.709
3.74667,125.395,125.057,100.184,55.913,37.762,37.145,13.461,3.742
3.75000,123.458,121.599,97.758,55.093,37.055,35.228,13.097,3.729
3.75333,121.701,118.535,95.667,54.367,36.489,33.513,12.897,3.796
3.75667,120.083,115.694,93.724,53.633,35.986,31.922,12.649,3.751
3.76000,118.783,113.251,91.974,53.089,35.453,30.570,12.341,3.790
3.76333,117.508,111.081,90.404,52.570,35.118,29.294,12.128,3.845
3.76667,116.322,109.065,88.960,52.107,34.715,28.090,12.023,3.805
3.77000,115.330,107.279,87.722,51.692,34.353,27.139,11.777,3.826
3.77333,114.382,105.611,86.642,51.326,34.134,26.236,11.673,3.800
3.77667,113.679,104.104,85.584,50.988,33.820,25.398,11.487,3.739
3.78000,112.924,102.845,84.697,50.710,33.597,24.647,11.357,3.740
3.78333,112.312,101.764,83.881,50.413,33.357,23.970,11.242,3.746
3.78667,111.802,100.642,83.182,50.229,33.150,23.381,11.149,3.716
3.79000,111.268,99.798,82.506,50.013,33.012,22.795,11.144,3.808
3.79333,110.836,98.951,81.996,49.933,32.885,22.428,10.987,3.757
3.79667,110.414,98.221,81.532,49.736,32.741,21.917,10.902,3.776
3.80000,110.176,97.559,80.964,49.554,32.651,21.500,10.844,3.768
3.80333,109.825,96.991,80.645,49.478,32.530,21.205,10.826,3.843
3.80667,109.603,96.452,80.308,49.371,32.416,20.847,10.766,3.760
3.81000,109.439,96.023,79.955,49.270,32.395,20.609,10.737,3.754
3.81333,109.233,95.658,79.694,49.198,32.277,20.336,10.680,3.746
3.81667,109.105,95.288,79.432,49.151,32.278,20.101,10.691,3.798
3.82000,108.910,94.955,79.315,49.130,32.156,19.889,10.630,3.840
3.82333,108.842,94.683,79.070,49.094,32.140,19.689,10.653,3.778
3.82667,108.738,94.427,78.929,49.023,32.206,19.551,10.642,3.837
3.83000,108.665,94.310,78.772,48.975,32.051,19.421,10.542,3.747
3.83333,108.712,94.144,78.707,48.943,32.086,19.263,10.579,3.806
3.83667,108.650,93.941,78.610,48.951,32.058,19.228,10.555,3.871
3.84000,108.579,93.816,78.489,48.987,32.087,19.021,10.507,3.823
3.84333,108.565,93.774,78.513,48.973,32.115,18.944,10.544,3.827
3.84667,108.620,93.652,78.400,49.009,32.043,18.909,10.605,3.836
3.85000,108.684,93.577,78.394,48.995,32.003,18.857,10.508,3.866
3.85333,108.698,93.534,78.329,49.022,32.068,18.823,10.504,3.825
3.85667,108.772,93.507,78.423,49.038,32.125,18.729,10.536,3.829
3.86000,108.791,93.535,78.396,49.016,32.087,18.655,10.572,3.849
3.86333,108.785,93.565,78.414,49.126,32.113,18.634,10.501,3.927
3.86667,108.924,93.522,78.405,49.210,32.094,18.620,10.506,3.839
3.87000,108.927,93.560,78.441,49.195,32.109,18.643,10.549,3.874
3.87333,109.095,93.628,78.528,49.195,32.195,18.587,10.531,3.830
3.87667,109.127,93.538,78.524,49.234,32.163,18.487,10.457,3.830
3.88000,109.231,93.540,78.550,49.324,32.189,18.564,10.519,3.920
3.88333,109.242,93.622,78.608,49.361,32.283,18.525,10.510,3.840
3.88667,109.343,93.786,78.660,49.423,32.275,18.510,10.525,3.882
3.89000,109.420,93.819,78.674,49.426,32.328,18.510,10.563,3.862
3.89333,109.493,93.843,78.781,49.379,32.310,18.434,10.539,3.888
3.89667,109.650,93.855,78.793,49.440,32.323,18.521,10.605,3.891
3.90000,109.721,93.955,78.949,49.466,32.365,18.491,10.584,3.947
3.90333,109.839,94.080,78.957,49.529,32.373,18.544,10.605,3.862
3.90667,109.922,94.149,78.997,49.640,32.477,18.549,10.622,3.905
3.91000,110.022,94.199,78.991,49.667,32.432,18.502,10.604,3.935
3.91333,110.082,94.242,79.078,49.683,32.511,18.504,10.591,3.883
3.91667,110.196,94.384,79.174,49.722,32.515,18.561,10.566,3.879
3.92000,110.316,94.421,79.289,49.759,32.542,18.553,10.619,3.920
3.92333,110.423,94.506,79.359,49.758,32.637,18.528,10.584,3.897
3.92667,110.521,94.570,79.472,49.884,32.618,18.536,10.609,3.943
3.93000,110.709,94.689,79.496,49.910,32.644,18.573,10.668,3.921
3.93333,110.843,94.756,79.557,49.941,32.672,18.574,10.619,3.946
3.93667,110.933,94.925,79.640,50.026,32.674,18.615,10.720,3.945
3.94000,110.901,94.949,79.687,50.075,32.753,18.614,10.662,4.020
3.94333,111.090,95.053,79.725,50.168,32.735,18.542,10.660,3.963
3.94667,111.214,95.127,79.887,50.192,32.806,18.647,10.682,3.887
3.95000,111.326,95.168,79.980,50.254,32.808,18.700,10.687,3.919
3.95333,111.443,95.301,79.996,50.216,32.872,18.641,10.701,3.991
3.95667,111.483,95.436,80.100,50.309,32.882,18.707,10.706,3.996
3.96000,111.684,95.557,80.187,50.408,32.940,18.697,10.762,3.950
3.96333,111.782,95.645,80.312,50.442,32.995,18.679,10.715,4.033
3.96667,111.828,95.746,80.294,50.524,33.070,18.730,10.757,4.037
3.97000,112.051,95.738,80.417,50.546,33.079,18.733,10.720,3.946
3.97333,112.098,95.926,80.482,50.608,33.096,18.764,10.807,4.027
3.97667,112.197,95.914,80.573,50.719,33.181,18.784,10.802,3.971
3.98000,112.281,96.098,80.649,50.669,33.122,18.808,10.866,3.985
3.98333,112.450,96.188,80.727,50.764,33.260,18.818,10.841,4.071
3.98667,112.509,96.206,80.837,50.817,33.234,18.787,10.788,3.967
3.99000,112.660,96.396,80.980,50.858,33.215,18.844,10.795,4.080
3.99333,112.844,96.502,81.034,50.905,33.305,18.878,10.906,4.033
3.99667,112.912,96.599,81.112,51.005,33.338,18.872,10.792,3.980
4.00000,113.080,96.663,81.210,51.063,33.392,18.941,10.894,4.096
4.00333,113.152,96.734,81.341,51.147,33.368,18.899,10.839,4.118
4.00667,113.176,96.823,81.366,51.116,33.398,18.968,10.943,4.029
4.01000,113.438,96.965,81.446,51.145,33.425,18.981,10.886,4.096
4.01333,113.491,97.054,81.499,51.263,33.475,19.028,10.902,4.089
4.01667,113.615,97.088,81.610,51.312,33.571,18.969,10.959,4.049
4.02000,113.764,97.232,81.717,51.421,33.493,19.026,10.881,4.123
4.02333,113.851,97.388,81.775,51.417,33.624,19.078,11.019,4.071
4.02667,113.984,97.483,81.886,51.432,33.680,19.036,10.938,4.098
4.03000,114.127,97.558,81.906,51.471,33.758,19.056,10.921,4.037
4.03333,114.252,97.660,82.050,51.598,33.733,19.145,10.908,4.144
4.03667,114.348,97.798,82.152,51.564,33.770,19.120,11.001,4.118
4.04000,114.485,97.868,82.241,51.657,33.813,19.150,10.992,4.122
4.04333,114.629,98.013,82.309,51.691,33.814,19.242,10.916,4.127
4.04667,114.716,98.017,82.357,51.729,33.864,19.151,11.084,4.172
4.05000,114.852,98.176,82.497,51.803,33.888,19.211,10.974,4.122
4.05333,115.024,98.329,82.511,51.863,33.974,19.239,10.936,4.123
4.05667,115.045,98.383,82.674,51.886,33.927,19.208,11.012,4.170
4.06000,115.179,98.452,82.702,52.004,33.988,19.341,10.994,4.144
4.06333,115.316,98.539,82.786,52.066,34.066,19.244,11.068,4.106
4.06667,115.414,98.685,82.847,52.057,34.092,19.371,11.086,4.172
4.07000,115.488,98.757,82.911,52.107,34.125,19.247,11.099,4.093
4.07333,115.660,98.903,83.023,52.193,34.131,19.315,11.026,4.117
4.07667,115.762,99.014,83.151,52.279,34.206,19.350,11.089,4.094
4.08000,115.873,99.168,83.177,52.321,34.233,19.398,11.098,4.080
4.08333,115.972,99.157,83.305,52.379,34.299,19.449,11.085,4.174
4.08667,116.125,99.270,83.403,52.471,34.273,19.476,11.106,4.142
4.09000,116.256,99.344,83.452,52.430,34.287,19.432,11.144,4.123
4.09333,116.398,99.529,83.556,52.596,34.321,19.442,11.144,4.201
4.09667,116.544,99.652,83.666,52.592,34.433,19.505,11.127,4.204
4.10000,116.607,99.702,83.824,52.657,34.448,19.440,11.105,4.188
4.10333,116.721,99.797,83.782,52.680,34.472,19.531,11.170,4.243
4.10667,116.864,99.877,83.880,52.787,34.560,19.545,11.202,4.200
4.11000,116.946,99.977,83.989,52.787,34.557,19.555,11.214,4.186
4.11333,117.059,100.137,84.090,52.880,34.588,19.542,11.212,4.286
4.11667,117.182,100.194,84.127,52.911,34.611,19.528,11.213,4.188
4.12000,117.318,100.240,84.219,52.955,34.667,19.605,11.254,4.254
4.12333,117.392,100.353,84.269,53.040,34.646,19.713,11.242,4.222
4.12667,117.521,100.520,84.437,52.973,34.708,19.636,11.282,4.251
4.13000,117.608,100.601,84.508,53.154,34.734,19.667,11.331,4.267
4.13333,117.820,100.764,84.613,53.168,34.737,19.752,11.303,4.237
4.13667,117.924,100.812,84.634,53.219,34.813,19.710,11.218,4.216
4.14000,117.959,100.873,84.768,53.263,34.904,19.724,11.196,4.257
4.14333,118.168,101.010,84.871,53.332,34.894,19.720,11.345,4.234
4.14667,118.262,101.175,84.913,53.402,34.940,19.771,11.342,4.210
4.15000,118.384,101.236,85.004,53.469,35.005,19.799,11.315,4.227
4.15333,118.477,101.349,85.143,53.468,35.031,19.823,11.346,4.265
4.15667,118.590,101.411,85.164,53.590,35.021,19.812,11.260,4.264
4.16000,118.735,101.599,85.200,53.623,35.048,19.854,11.392,4.244
4.16333,118.847,101.696,85.406,53.708,35.109,19.843,11.357,4.337
4.16667,119.022,101.822,85.446,53.687,35.136,19.876,11.433,4.311
4.17000,119.069,101.895,85.527,53.771,35.182,19.904,11.438,4.344
4.17333,119.219,101.921,85.622,53.787,35.210,19.920,11.387,4.348
4.17667,119.269,102.012,85.651,53.847,35.254,19.935,11.466,4.280
4.18000,119.474,102.190,85.835,53.968,35.357,19.994,11.456,4.243
4.18333,119.591,102.252,85.905,53.988,35.329,19.981,11.431,4.378
4.18667,119.721,102.335,86.039,54.045,35.396,20.031,11.431,4.319
4.19000,119.803,102.428,86.058,54.041,35.381,20.035,11.508,4.351
4.19333,119.922,102.591,86.119,54.133,35.434,20.037,11.519,4.334
4.19667,120.031,102.645,86.231,54.187,35.530,20.086,11.551,4.334
4.20000,120.146,102.793,86.295,54.272,35.561,20.056,11.459,4.382
4.20333,120.327,102.864,86.441,54.356,35.536,20.095,11.463,4.267
4.20667,120.453,102.994,86.488,54.296,35.574,20.137,11.522,4.410
4.21000,120.454,103.119,86.659,54.384,35.641,20.135,11.525,4.351
4.21333,120.705,103.146,86.694,54.544,35.583,20.192,11.527,4.359
4.21667,120.802,103.272,86.738,54.515,35.749,20.182,11.515,4.347
4.22000,120.916,103.319,86.851,54.570,35.755,20.217,11.578,4.348
4.22333,121.077,103.470,86.879,54.604,35.770,20.208,11.600,4.345
4.22667,121.113,103.664,86.999,54.680,35.769,20.314,11.628,4.338
4.23000,121.254,103.704,87.075,54.717,35.858,20.278,11.561,4.369
4.23333,121.408,103.821,87.232,54.823,35.872,20.297,11.652,4.373
4.23667,121.511,103.896,87.222,54.846,35.983,20.266,11.591,4.393
4.24000,121.674,104.039,87.309,54.920,36.023,20.349,11.658,4.357
4.24333,121.748,104.147,87.439,54.879,36.049,20.321,11.681,4.490
4.24667,121.905,104.193,87.610,55.061,36.062,20.387,11.625,4.430
4.25000,122.019,104.273,87.595,55.067,36.107,20.420,11.611,4.393
4.25333,122.130,104.369,87.741,55.169,36.139,20.432,11.666,4.456
4.25667,122.266,104.549,87.811,55.212,36.150,20.467,11.685,4.455
4.26000,122.313,104.679,87.974,55.237,36.141,20.468,11.708,4.470
4.26333,122.473,104.685,87.991,55.250,36.208,20.527,11.742,4.427
4.26667,122.615,104.857,88.056,55.282,36.267,20.519,11.721,4.457
4.27000,122.678,105.013,88.162,55.379,36.236,20.560,11.738,4.408
4.27333,122.824,105.007,88.263,55.444,36.316,20.537,11.726,4.372
4.27667,122.967,105.100,88.347,55.460,36.305,20.608,11.727,4.482
4.28000,123.087,105.208,88.476,55.538,36.375,20.543,11.729,4.442
4.28333,123.171,105.364,88.478,55.635,36.373,20.554,11.759,4.426
4.28667,123.288,105.476,88.571,55.679,36.474,20.638,11.782,4.472
4.29000,123.433,105.545,88.683,55.735,36.487,20.634,11.771,4.456
4.29333,123.562,105.650,88.751,55.746,36.500,20.616,11.726,4.479
4.29667,123.715,105.766,88.817,55.873,36.586,20.699,11.858,4.477
4.30000,123.813,105.829,88.981,55.883,36.651,20.702,11.847,4.451
4.30333,123.872,105.960,89.012,55.908,36.590,20.714,11.829,4.562
4.30667,124.094,106.070,89.145,55.982,36.631,20.757,11.811,4.507
4.31000,124.124,106.188,89.234,56.058,36.671,20.718,11.822,4.477
4.31333,124.339,106.272,89.270,56.054,36.746,20.766,11.901,4.468
4.31667,124.349,106.456,89.376,56.158,36.788,20.813,11.895,4.500
4.32000,124.559,106.502,89.461,56.247,36.807,20.916,11.924,4.452
4.32333,124.659,106.634,89.519,56.255,36.846,20.873,11.917,4.515
4.32667,124.808,106.656,89.645,56.400,36.915,20.874,11.937,4.483
4.33000,124.917,106.762,89.735,56.376,36.937,20.859,11.939,4.492
4.33333,125.016,106.824,89.777,56.476,36.968,20.920,11.946,4.501
4.33667,125.177,106.981,89.896,56.535,37.021,20.916,11.971,4.558
4.34000,125.278,107.112,89.953,56.469,37.050,20.929,11.953,4.528
4.34333,125.406,107.269,90.067,56.619,37.118,20.962,12.011,4.511
4.34667,125.529,107.241,90.141,56.638,37.119,20.945,12.018,4.565
4.35000,125.636,107.420,90.239,56.705,37.173,20.998,11.981,4.604
4.35333,125.725,107.497,90.321,56.732,37.190,21.002,11.952,4.589
4.35667,125.784,107.587,90.415,56.850,37.211,21.068,12.029,4.576
4.36000,126.035,107.761,90.489,56.872,37.298,21.056,12.015,4.542
4.36333,126.137,107.863,90.540,56.968,37.304,21.061,12.072,4.571
4.36667,126.199,107.905,90.705,56.976,37.347,21.131,12.094,4.543
4.37000,126.298,108.088,90.793,57.047,37.374,21.078,12.055,4.599
4.37333,126.439,108.218,90.906,57.041,37.390,21.166,12.084,4.599
4.37667,126.501,108.293,90.983,57.176,37.529,21.159,12.066,4.614
4.38000,126.686,108.346,91.056,57.207,37.510,21.221,11.983,4.577
4.38333,126.842,108.468,91.145,57.241,37.567,21.216,12.124,4.624
4.38667,126.951,108.624,91.222,57.306,37.564,21.198,12.118,4.627
4.39000,127.095,108.653,91.290,57.368,37.533,21.207,12.095,4.576
4.39333,127.196,108.774,91.376,57.424,37.661,21.225,12.144,4.580
4.39667,127.416,108.924,91.524,57.489,37.678,21.305,12.186,4.607
4.40000,127.461,108.985,91.617,57.588,37.794,21.322,12.109,4.604
4.40333,127.592,109.083,91.705,57.609,37.791,21.306,12.153,4.580
4.40667,127.725,109.184,91.780,57.640,37.783,21.309,12.150,4.615
4.41000,127.836,109.348,91.856,57.728,37.759,21.357,12.191,4.668
4.41333,127.984,109.353,91.957,57.702,37.876,21.416,12.167,4.661
4.41667,128.066,109.488,92.069,57.821,37.925,21.412,12.224,4.608
4.42000,128.206,109.564,92.102,57.810,37.931,21.416,12.235,4.646
4.42333,128.281,109.686,92.144,57.876,37.928,21.461,12.207,4.676
4.42667,128.439,109.899,92.318,58.003,37.998,21.413,12.211,4.690
4.43000,128.548,109.950,92.346,57.978,38.060,21.476,12.222,4.646
4.43333,128.657,110.045,92.478,58.064,38.139,21.538,12.232,4.674
4.43667,128.781,110.155,92.550,58.146,38.097,21.509,12.291,4.675
4.44000,128.937,110.254,92.691,58.188,38.155,21.586,12.320,4.658
4.44333,129.066,110.336,92.738,58.179,38.161,21.520,12.313,4.685
4.44667,129.234,110.489,92.789,58.316,38.254,21.626,12.264,4.794
4.45000,129.292,110.573,92.896,58.342,38.285,21.618,12.307,4.693
4.45333,129.317,110.609,92.943,58.459,38.310,21.609,12.327,4.681
4.45667,129.525,110.719,93.084,58.466,38.386,21.638,12.353,4.724
4.46000,129.653,110.881,93.208,58.528,38.404,21.697,12.361,4.714
4.46333,129.825,110.940,93.280,58.556,38.415,21.693,12.378,4.726
4.46667,129.851,111.064,93.334,58.566,38.428,21.664,12.364,4.798
4.47000,130.030,111.239,93.444,58.664,38.490,21.756,12.417,4.666
4.47333,130.159,111.313,93.498,58.750,38.524,21.811,12.409,4.716
4.47667,130.314,111.449,93.579,58.822,38.509,21.759,12.423,4.725
4.48000,130.366,111.555,93.685,58.874,38.634,21.840,12.395,4.829
4.48333,130.538,111.592,93.816,58.919,38.663,21.813,12.408,4.745
4.48667,130.613,111.662,93.810,58.958,38.633,21.906,12.415,4.701
4.49000,130.717,111.833,93.996,59.038,38.681,21.887,12.433,4.808
4.49333,130.915,111.928,93.984,59.054,38.762,21.844,12.463,4.785
4.49667,131.005,112.038,94.051,59.158,38.762,21.873,12.435,4.754
4.50000,131.094,112.080,94.262,59.103,38.827,21.855,12.487,4.826
4.50333,131.237,112.209,94.360,59.310,38.870,21.876,12.543,4.856
4.50667,131.427,112.347,94.427,59.320,38.911,21.934,12.593,4.748
4.51000,131.470,112.400,94.470,59.346,38.931,21.962,12.483,4.781
4.51333,131.616,112.554,94.544,59.442,39.008,22.009,12.511,4.756
4.51667,131.733,112.656,94.665,59.431,39.016,22.022,12.582,4.826
4.52000,131.860,112.740,94.807,59.516,39.026,22.110,12.594,4.810
4.52333,132.012,112.847,94.852,59.591,39.089,22.097,12.504,4.760
4.52667,132.079,112.928,94.912,59.680,39.113,22.100,12.546,4.824
4.53000,132.185,113.097,95.002,59.743,39.149,22.125,12.606,4.733
4.53333,132.290,113.108,95.099,59.760,39.179,22.137,12.620,4.803
4.53667,132.499,113.308,95.188,59.846,39.273,22.063,12.547,4.763
4.54000,132.583,113.457,95.271,59.843,39.258,22.173,12.614,4.846
4.54333,132.738,113.504,95.374,59.927,39.256,22.198,12.672,4.790
4.54667,132.906,113.577,95.484,59.956,39.359,22.198,12.600,4.841
4.55000,132.961,113.670,95.517,60.019,39.308,22.223,12.731,4.836
4.55333,133.157,113.825,95.580,60.129,39.422,22.230,12.643,4.836
4.55667,133.226,113.895,95.685,60.125,39.398,22.299,12.652,4.870
4.56000,133.319,113.987,95.722,60.172,39.484,22.245,12.662,4.872
4.56333,133.465,114.110,95.875,60.223,39.508,22.275,12.698,4.806
4.56667,133.580,114.201,95.996,60.232,39.561,22.332,12.704,4.901
4.57000,133.646,114.328,96.032,60.367,39.604,22.339,12.720,4.855
4.57333,133.830,114.459,96.180,60.427,39.650,22.409,12.729,4.893
4.57667,133.919,114.534,96.250,60.445,39.675,22.372,12.730,4.866
4.58000,134.071,114.691,96.317,60.541,39.740,22.418,12.744,4.905
4.58333,134.215,114.729,96.452,60.539,39.678,22.410,12.813,4.852
4.58667,134.279,114.885,96.507,60.655,39.736,22.484,12.726,4.936
4.59000,134.446,114.975,96.596,60.638,39.841,22.419,12.778,4.958
4.59333,134.567,115.013,96.698,60.746,39.873,22.495,12.792,4.893
4.59667,134.728,115.131,96.770,60.777,39.894,22.484,12.800,4.927
4.60000,134.721,115.324,96.834,60.862,39.971,22.482,12.828,4.910
4.60333,134.946,115.440,96.941,60.909,39.968,22.543,12.828,4.955
4.60667,135.121,115.507,97.092,60.940,40.005,22.547,12.925,4.921
4.61000,135.156,115.625,97.116,61.006,40.058,22.597,12.801,4.954
4.61333,135.296,115.668,97.226,61.092,40.064,22.655,12.872,4.980
4.61667,135.413,115.811,97.258,61.153,40.079,22.652,12.789,4.933
4.62000,135.535,115.972,97.393,61.191,40.182,22.699,12.904,4.900
4.62333,135.651,115.999,97.502,61.251,40.219,22.683,12.895,4.990
4.62667,135.739,116.147,97.590,61.242,40.250,22.670,12.870,4.954
4.63000,135.916,116.252,97.700,61.281,40.313,22.726,12.944,4.899
4.63333,136.071,116.355,97.690,61.440,40.278,22.738,12.953,4.908
4.63667,136.198,116.423,97.918,61.469,40.365,22.833,12.898,5.046
4.64000,136.270,116.518,97.935,61.505,40.343,22.799,12.939,5.016
4.64333,136.376,116.633,98.000,61.571,40.388,22.839,12.942,4.978
4.64667,136.548,116.741,98.132,61.603,40.411,22.890,12.935,4.940
4.65000,136.687,116.893,98.257,61.680,40.485,22.837,12.984,5.001
4.65333,136.794,116.946,98.279,61.760,40.543,22.868,13.028,5.012
4.65667,136.888,117.062,98.391,61.764,40.503,22.897,12.997,4.995
4.66000,137.068,117.184,98.547,61.855,40.604,22.899,13.029,5.038
4.66333,137.130,117.263,98.526,61.899,40.659,22.918,12.996,5.050
4.66667,137.319,117.436,98.670,62.019,40.626,22.967,13.101,4.975
4.67000,137.402,117.437,98.743,62.050,40.700,22.988,13.060,5.038
4.67333,137.575,117.535,98.855,62.073,40.753,23.001,13.020,5.027
4.67667,137.697,117.758,98.921,62.163,40.814,22.970,13.072,5.022
4.68000,137.831,117.789,99.017,62.283,40.809,23.012,13.068,5.025
4.68333,137.890,117.884,99.097,62.295,40.808,23.091,13.080,5.064
4.68667,138.102,118.000,99.167,62.304,40.895,23.047,13.097,5.048
4.69000,138.156,118.070,99.278,62.312,40.938,23.078,13.119,5.099
4.69333,138.322,118.235,99.320,62.433,40.946,23.130,13.103,5.027
4.69667,138.357,118.354,99.489,62.499,41.059,23.112,13.181,5.070
4.70000,138.447,118.413,99.533,62.479,41.019,23.151,13.188,5.080
4.70333,138.614,118.502,99.603,62.568,41.043,23.219,13.173,5.062
4.70667,138.752,118.631,99.779,62.602,41.119,23.139,13.151,5.046
4.71000,138.838,118.731,99.828,62.670,41.203,23.158,13.197,5.029
4.71333,139.041,118.809,99.894,62.781,41.162,23.240,13.161,5.066
4.71667,139.098,118.997,99.948,62.845,41.252,23.278,13.246,5.146
4.72000,139.248,119.055,100.064,62.848,41.237,23.330,13.272,5.070
4.72333,139.311,119.142,100.143,62.944,41.267,23.326,13.201,5.065
4.72667,139.500,119.270,100.271,62.968,41.398,23.304,13.214,5.088
4.73000,139.568,119.363,100.321,63.002,41.342,23.317,13.274,5.082
4.73333,139.720,119.420,100.469,63.081,41.414,23.301,13.251,5.111
4.73667,139.828,119.571,100.525,63.106,41.474,23.337,13.258,5.174
4.74000,139.939,119.697,100.636,63.223,41.492,23.321,13.286,5.106
4.74333,140.130,119.799,100.732,63.258,41.545,23.388,13.294,5.095
4.74667,140.201,119.884,100.807,63.280,41.578,23.404,13.272,5.131
4.75000,140.371,120.013,100.863,63.333,41.517,23.447,13.329,5.141
4.75333,140.520,120.120,100.922,63.382,41.650,23.477,13.301,5.125
4.75667,140.525,120.232,101.050,63.497,41.647,23.498,13.359,5.133
4.76000,140.698,120.323,101.166,63.561,41.684,23.486,13.406,5.172
4.76333,140.769,120.429,101.220,63.515,41.711,23.558,13.295,5.138
4.76667,140.971,120.555,101.267,63.648,41.785,23.558,13.415,5.171
4.77000,141.063,120.708,101.399,63.676,41.847,23.542,13.331,5.203
4.77333,141.156,120.824,101.511,63.728,41.852,23.583,13.344,5.116
4.77667,141.361,120.848,101.578,63.789,41.845,23.600,13.420,5.129
4.78000,141.527,121.003,101.712,63.846,41.956,23.646,13.433,5.121
4.78333,141.598,121.072,101.820,63.961,41.966,23.634,13.444,5.219
4.78667,141.705,121.202,101.870,64.015,41.980,23.703,13.369,5.213
4.79000,141.751,121.293,101.909,64.050,42.077,23.686,13.462,5.194
4.79333,141.938,121.365,102.061,64.022,42.054,23.699,13.502,5.228
4.79667,142.094,121.474,102.094,64.145,42.150,23.762,13.444,5.160
4.80000,142.202,121.595,102.241,64.137,42.153,23.776,13.461,5.224
4.80333,142.366,121.731,102.295,64.166,42.180,23.756,13.547,5.270
4.80667,142.404,121.754,102.362,64.312,42.282,23.747,13.519,5.172
4.81000,142.562,121.956,102.425,64.388,42.253,23.753,13.595,5.201
4.81333,142.656,122.034,102.478,64.399,42.286,23.840,13.517,5.145
4.81667,142.747,122.144,102.648,64.449,42.362,23.825,13.454,5.202
4.82000,142.948,122.274,102.653,64.505,42.412,23.889,13.592,5.277
4.82333,143.041,122.336,102.855,64.531,42.416,23.905,13.607,5.235
4.82667,143.184,122.411,102.947,64.596,42.414,23.880,13.606,5.291
4.83000,143.338,122.525,103.047,64.691,42.501,23.937,13.555,5.300
4.83333,143.438,122.676,103.085,64.728,42.528,23.964,13.579,5.195
4.83667,143.571,122.716,103.155,64.736,42.594,23.987,13.663,5.286
4.84000,143.682,122.821,103.266,64.873,42.580,24.006,13.600,5.244
4.84333,143.755,122.950,103.302,64.938,42.666,24.016,13.700,5.249
4.84667,143.898,123.082,103.479,64.964,42.675,24.064,13.624,5.239
4.85000,144.014,123.178,103.549,65.029,42.696,24.011,13.647,5.283
4.85333,144.161,123.293,103.600,65.052,42.760,24.107,13.638,5.350
4.85667,144.239,123.364,103.719,65.126,42.724,24.132,13.616,5.306
4.86000,144.388,123.530,103.753,65.134,42.844,24.100,13.634,5.365
4.86333,144.550,123.634,103.878,65.195,42.900,24.140,13.695,5.301
4.86667,144.607,123.771,103.985,65.294,42.952,24.143,13.702,5.288
4.87000,144.828,123.781,103.997,65.316,42.883,24.215,13.752,5.316
4.87333,144.921,123.839,104.154,65.403,42.997,24.265,13.719,5.384
4.87667,145.086,123.935,104.322,65.459,42.955,24.258,13.736,5.366
4.88000,145.058,124.043,104.243,65.534,43.120,24.229,13.768,5.312
4.88333,145.284,124.167,104.385,65.540,43.121,24.237,13.754,5.394
4.88667,145.366,124.420,104.516,65.677,43.112,24.291,13.861,5.355
4.89000,145.528,124.472,104.593,65.757,43.206,24.330,13.807,5.312
4.89333,145.590,124.573,104.679,65.721,43.146,24.273,13.765,5.359
4.89667,145.742,124.590,104.770,65.776,43.156,24.302,13.826,5.320
4.90000,145.886,124.783,104.812,65.887,43.232,24.353,13.831,5.404
4.90333,146.004,124.878,104.961,65.944,43.286,24.322,13.867,5.371
4.90667,146.160,124.949,105.019,66.003,43.362,24.424,13.848,5.371
4.91000,146.207,125.109,105.112,66.004,43.384,24.446,13.875,5.421
4.91333,146.422,125.150,105.238,66.078,43.466,24.412,13.896,5.431
4.91667,146.521,125.293,105.253,66.181,43.398,24.457,13.871,5.433
4.92000,146.557,125.365,105.449,66.255,43.390,24.547,13.847,5.435
4.92333,146.734,125.481,105.472,66.228,43.490,24.568,13.911,5.408
4.92667,146.833,125.615,105.588,66.299,43.546,24.565,13.905,5.410
4.93000,146.946,125.721,105.634,66.302,43.606,24.500,13.953,5.440
4.93333,147.103,125.805,105.733,66.388,43.675,24.611,13.955,5.447
4.93667,147.146,125.950,105.794,66.491,43.663,24.614,13.922,5.436
4.94000,147.327,126.069,105.943,66.447,43.673,24.676,13.904,5.407
4.94333,147.425,126.152,106.019,66.569,43.745,24.623,13.998,5.406
4.94667,147.645,126.190,106.109,66.622,43.798,24.651,13.998,5.450
4.95000,147.633,126.332,106.147,66.664,43.811,24.643,13.986,5.413
4.95333,147.794,126.437,106.286,66.814,43.827,24.690,14.026,5.370
4.95667,147.983,126.530,106.343,66.797,43.848,24.710,14.015,5.489
4.96000,148.150,126.642,106.414,66.828,43.926,24.664,14.057,5.436
4.96333,148.155,126.782,106.541,66.877,43.954,24.761,13.978,5.471
4.96667,148.311,126.842,106.610,66.920,43.937,24.783,14.072,5.487
4.97000,148.409,126.887,106.678,67.037,44.058,24.779,14.087,5.540
4.97333,148.537,127.084,106.833,67.089,44.028,24.762,14.007,5.504
4.97667,148.663,127.148,106.860,67.147,44.079,24.770,14.048,5.513
4.98000,148.835,127.252,107.000,67.127,44.115,24.883,14.129,5.439
4.98333,148.940,127.430,107.093,67.202,44.210,24.812,14.139,5.523
4.98667,149.064,127.468,107.171,67.326,44.221,24.928,14.060,5.506
4.99000,149.214,127.564,107.218,67.323,44.213,24.850,14.101,5.475
4.99333,149.316,127.705,107.340,67.405,44.299,24.945,14.128,5.508
4.99667,149.453,127.886,107.456,67.440,44.314,24.978,14.119,5.546
5.00000,149.565,127.837,107.498,67.509,44.381,24.965,14.180,5.514
5.00333,149.661,128.008,107.652,67.585,44.477,24.942,14.227,5.521
5.00667,149.827,128.157,107.725,67.599,44.443,25.004,14.130,5.512
5.01000,149.910,128.184,107.731,67.669,44.484,24.990,14.171,5.524
5.01333,150.007,128.291,107.840,67.739,44.528,25.060,14.218,5.512
5.01667,150.212,128.452,107.928,67.767,44.505,25.119,14.205,5.510
5.02000,150.270,128.499,108.097,67.899,44.643,25.059,14.230,5.540
5.02333,150.355,128.665,108.126,67.914,44.672,25.051,14.262,5.544
5.02667,150.521,128.783,108.258,67.971,44.678,25.183,14.261,5.574
5.03000,150.682,128.794,108.245,68.024,44.722,25.142,14.283,5.538
5.03333,150.772,128.895,108.421,68.047,44.737,25.208,14.218,5.596
5.03667,150.922,129.003,108.469,68.127,44.787,25.193,14.272,5.559
5.04000,150.964,129.106,108.550,68.139,44.841,25.251,14.292,5.520
5.04333,151.125,129.213,108.675,68.201,44.849,25.193,14.342,5.598
5.04667,151.272,129.344,108.791,68.320,44.815,25.209,14.291,5.509
5.05000,151.369,129.445,108.854,68.320,44.942,25.249,14.321,5.510
5.05333,151.468,129.572,108.916,68.372,44.932,25.353,14.331,5.586
5.05667,151.609,129.687,108.962,68.472,44.955,25.314,14.356,5.629
5.06000,151.729,129.807,109.027,68.496,45.116,25.336,14.343,5.614
5.06333,151.947,129.867,109.174,68.577,45.093,25.365,14.377,5.592
5.06667,152.055,129.989,109.281,68.617,45.092,25.356,14.395,5.549
5.07000,152.069,130.125,109.318,68.667,45.161,25.409,14.444,5.623
5.07333,152.169,130.234,109.396,68.634,45.170,25.419,14.377,5.631
5.07667,152.361,130.285,109.548,68.754,45.161,25.403,14.365,5.672
5.08000,152.426,130.402,109.687,68.797,45.277,25.503,14.426,5.616
5.08333,152.540,130.486,109.769,68.908,45.366,25.490,14.466,5.625
5.08667,152.756,130.548,109.768,68.924,45.348,25.500,14.407,5.678
5.09000,152.803,130.692,109.895,68.986,45.377,25.508,14.466,5.668
5.09333,153.015,130.834,109.934,69.051,45.386,25.554,14.448,5.662
5.09667,153.095,130.878,110.047,69.125,45.431,25.652,14.431,5.666
5.10000,153.194,130.996,110.130,69.200,45.453,25.564,14.479,5.656
5.10333,153.394,131.080,110.242,69.175,45.434,25.603,14.489,5.688
5.10667,153.467,131.207,110.302,69.259,45.534,25.663,14.467,5.682
5.11000,153.524,131.303,110.403,69.372,45.598,25.684,14.524,5.712
5.11333,153.740,131.426,110.519,69.391,45.647,25.698,14.558,5.680
5.11667,153.852,131.594,110.550,69.429,45.644,25.667,14.473,5.745
5.12000,153.922,131.742,110.636,69.525,45.657,25.711,14.594,5.691
5.12333,154.085,131.745,110.706,69.573,45.722,25.761,14.532,5.634
5.12667,154.161,131.835,110.897,69.574,45.740,25.743,14.673,5.718
5.13000,154.223,132.044,110.916,69.678,45.760,25.745,14.596,5.680
5.13333,154.381,132.112,110.980,69.743,45.887,25.814,14.579,5.684
5.13667,154.511,132.167,111.087,69.830,45.896,25.781,14.580,5.705
5.14000,154.663,132.271,111.238,69.813,45.898,25.854,14.648,5.746
5.14333,154.802,132.382,111.229,69.832,45.929,25.853,14.640,5.733
5.14667,154.920,132.496,111.331,69.946,45.990,25.845,14.594,5.669
5.15000,155.031,132.576,111.457,70.003,46.009,25.897,14.696,5.748
5.15333,155.150,132.758,111.584,70.101,46.059,25.905,14.697,5.750
5.15667,155.278,132.838,111.656,70.083,46.073,25.946,14.637,5.766
5.16000,155.357,132.842,111.672,70.134,46.087,25.970,14.700,5.736
5.16333,155.457,133.006,111.870,70.195,46.164,25.960,14.673,5.644
5.16667,155.615,133.054,111.920,70.242,46.219,25.969,14.726,5.747
5.17000,155.744,133.191,111.975,70.330,46.238,26.013,14.710,5.775
5.17333,155.918,133.317,112.003,70.384,46.284,26.096,14.723,5.750
5.17667,155.974,133.353,112.117,70.489,46.277,26.064,14.749,5.786
5.18000,156.110,133.497,112.297,70.553,46.310,26.073,14.745,5.802
5.18333,156.265,133.641,112.343,70.496,46.375,26.019,14.794,5.797
5.18667,156.310,133.702,112.416,70.601,46.421,26.143,14.736,5.766
5.19000,156.464,133.783,112.537,70.683,46.451,26.081,14.796,5.816
5.19333,156.600,133.920,112.575,70.718,46.517,26.112,14.811,5.768
5.19667,156.706,134.005,112.674,70.745,46.517,26.155,14.813,5.771
5.20000,156.799,134.115,112.772,70.781,46.597,26.181,14.861,5.819
5.20333,156.981,134.209,112.910,70.850,46.559,26.203,14.797,5.842
5.20667,157.121,134.369,112.946,70.967,46.604,26.166,14.819,5.806
5.21000,157.235,134.451,112.981,70.950,46.670,26.177,14.863,5.851
5.21333,157.288,134.551,113.053,71.045,46.714,26.283,14.829,5.807
5.21667,157.424,134.588,113.196,71.084,46.764,26.288,14.833,5.829
5.22000,157.551,134.759,113.267,71.100,46.774,26.288,14.936,5.832
5.22333,157.634,134.900,113.423,71.204,46.831,26.358,14.870,5.823
5.22667,157.783,134.930,113.474,71.312,46.795,26.359,14.917,5.862
5.23000,157.919,135.061,113.515,71.309,46.922,26.410,14.924,5.813
5.23333,158.002,135.135,113.674,71.407,46.921,26.405,14.891,5.860
5.23667,158.162,135.319,113.695,71.385,46.949,26.372,14.936,5.894
5.24000,158.273,135.298,113.785,71.441,47.025,26.422,14.914,5.927
5.24333,158.425,135.503,113.846,71.485,47.034,26.423,14.951,5.795
5.24667,158.540,135.535,113.950,71.598,47.090,26.495,14.952,5.878
5.25000,158.700,135.652,114.154,71.654,47.099,26.439,14.949,5.892
5.25333,158.711,135.783,114.165,71.719,47.071,26.500,14.975,5.843
5.25667,158.863,135.862,114.259,71.655,47.119,26.545,14.965,5.889
5.26000,159.015,135.948,114.390,71.788,47.224,26.538,15.030,5.878
5.26333,159.111,136.068,114.417,71.848,47.256,26.535,15.063,5.952
5.26667,159.248,136.178,114.483,71.857,47.299,26.573,15.022,5.947
5.27000,159.364,136.381,114.553,71.997,47.345,26.631,15.055,5.943
5.27333,159.467,136.387,114.718,72.093,47.420,26.591,15.077,5.890
5.27667,159.597,136.500,114.806,72.186,47.436,26.636,15.087,5.914
5.28000,159.730,136.612,114.918,72.335,47.477,26.670,15.078,5.927
5.28333,159.922,136.740,115.011,72.388,47.585,26.654,15.000,5.946
5.28667,159.971,136.938,115.164,72.461,47.552,26.729,15.102,5.985
5.29000,160.249,137.031,115.315,72.682,47.756,26.774,15.138,5.904
5.29333,160.332,137.222,115.476,72.892,47.830,26.782,15.144,5.898
5.29667,160.584,137.497,115.814,73.264,47.904,26.798,15.125,6.005
5.30000,160.770,137.582,115.992,73.605,48.115,26.750,15.094,5.902
5.30333,161.012,137.844,116.327,74.078,48.239,26.861,15.162,5.950
5.30667,161.334,138.127,116.682,74.639,48.455,26.810,15.163,5.908
5.31000,161.629,138.497,117.135,75.382,48.691,26.903,15.211,5.975
5.31333,161.904,138.865,117.810,76.237,49.002,26.936,15.204,5.947
5.31667,162.380,139.351,118.475,77.437,49.442,27.021,15.229,6.024
5.32000,162.925,139.993,119.313,78.991,49.969,27.012,15.230,6.005
5.32333,163.545,140.672,120.465,80.798,50.674,27.092,15.297,6.013
5.32667,164.495,141.554,121.705,83.075,51.443,27.175,15.247,6.000
5.33000,165.378,142.709,123.423,85.890,52.419,27.272,15.284,5.974
5.33333,166.528,143.931,125.304,89.377,53.656,27.347,15.311,6.066
5.33667,167.927,145.474,127.830,93.609,55.077,27.375,15.353,5.988
5.34000,169.417,147.356,130.643,98.484,56.820,27.535,15.325,6.072
5.34333,171.433,149.520,134.101,104.650,58.837,27.604,15.450,6.034
5.34667,173.603,152.115,138.165,111.792,61.382,27.825,15.441,6.070
5.35000,176.253,155.113,142.936,120.183,64.225,28.037,15.613,6.017
5.35333,179.331,158.605,148.436,130.047,67.589,28.233,15.549,6.076
5.35667,182.822,162.732,154.858,141.422,71.521,28.476,15.645,6.103
5.36000,186.840,167.294,162.278,154.464,75.954,28.782,15.757,6.082
5.36333,191.368,172.655,170.556,169.316,81.047,29.137,15.860,6.088
5.36667,196.507,178.610,180.091,186.087,86.791,29.459,15.910,6.192
5.37000,202.158,185.295,190.637,204.789,93.159,29.827,16.014,6.171
5.37333,208.535,192.652,202.335,225.580,100.287,30.293,16.135,6.222
5.37667,215.505,200.672,215.141,248.392,108.168,30.751,16.277,6.227
5.38000,223.027,209.499,229.032,273.209,116.694,31.285,16.428,6.226
5.38333,231.237,218.909,244.199,299.911,125.782,31.784,16.524,6.291
5.38667,239.881,229.068,260.276,328.398,135.789,32.380,16.755,6.312
5.39000,249.101,239.794,277.371,358.455,146.167,33.081,16.911,6.355
5.39333,258.733,250.970,295.185,390.028,157.078,33.674,17.003,6.473
5.39667,268.802,262.617,313.626,422.511,168.394,34.411,17.267,6.463
5.40000,279.131,274.575,332.615,455.878,180.012,35.211,17.354,6.438
5.40333,289.511,286.732,351.774,489.575,191.820,35.852,17.554,6.526
5.40667,299.903,299.008,371.035,523.318,203.722,36.571,17.811,6.502
5.41000,310.285,310.924,390.128,556.648,215.380,37.250,17.932,6.587
5.41333,320.470,322.759,408.774,588.964,226.906,37.911,18.133,6.668
5.41667,330.185,334.145,426.738,620.060,237.961,38.745,18.341,6.647
5.42000,339.420,344.886,443.708,649.398,248.425,39.285,18.485,6.731
5.42333,348.149,354.960,459.536,676.560,258.235,39.902,18.618,6.754
5.42667,356.001,364.136,473.983,701.303,267.158,40.526,18.797,6.736
5.43000,363.128,372.264,486.817,723.112,275.100,40.948,18.929,6.811
5.43333,369.172,379.335,497.872,741.996,281.941,41.333,19.006,6.803
5.43667,374.189,385.245,506.973,757.385,287.623,41.703,19.217,6.848
5.44000,378.229,389.804,514.223,769.536,292.096,42.043,19.219,6.911
5.44333,381.011,393.063,519.296,778.113,295.179,42.238,19.253,6.884
5.44667,382.693,394.933,522.270,783.036,297.057,42.369,19.260,6.887
5.45000,383.184,395.644,523.141,784.385,297.626,42.341,19.268,6.847
5.45333,382.605,394.983,521.907,782.273,296.817,42.342,19.267,6.963
5.45667,381.008,392.939,518.756,776.758,294.877,42.274,19.324,6.926
5.46000,378.274,389.672,513.616,768.054,291.659,42.079,19.243,6.926
5.46333,374.658,385.400,506.841,756.328,287.414,41.826,19.204,6.850
5.46667,370.131,380.052,498.238,741.859,282.090,41.556,19.098,6.902
5.47000,364.763,373.840,488.461,724.797,275.870,41.162,18.985,6.864
5.47333,358.805,366.877,477.190,705.652,268.891,40.816,18.963,6.836
5.47667,352.193,359.079,464.988,684.450,261.301,40.383,18.854,6.804
5.48000,345.138,350.865,451.821,661.710,253.149,39.939,18.807,6.865
5.48333,337.735,342.130,438.045,637.730,244.591,39.460,18.627,6.754
5.48667,330.081,333.155,423.673,612.812,235.692,38.788,18.481,6.810
5.49000,322.211,323.985,408.998,587.193,226.613,38.318,18.409,6.779
5.49333,314.201,314.669,394.183,561.208,217.469,37.754,18.224,6.713
5.49667,306.328,305.379,379.290,535.149,208.278,37.276,18.146,6.657
5.50000,298.441,296.162,364.602,509.286,199.254,36.849,17.956,6.748
5.50333,290.738,287.068,350.115,483.779,190.271,36.210,17.774,6.623
5.50667,283.188,278.234,336.039,458.788,181.628,35.766,17.817,6.609
5.51000,275.872,269.744,322.269,434.546,173.151,35.266,17.653,6.581
5.51333,268.893,261.504,309.067,411.135,165.087,34.856,17.524,6.549
5.51667,262.149,253.546,296.419,388.666,157.328,34.378,17.427,6.561
5.52000,255.737,246.104,284.399,367.275,149.847,33.977,17.317,6.541
5.52333,249.621,238.914,272.929,346.793,142.725,33.623,17.271,6.545
5.52667,243.950,232.171,262.103,327.504,136.195,33.209,17.175,6.469
5.53000,238.504,225.802,251.896,309.263,129.926,32.830,17.077,6.530
5.53333,233.454,219.940,242.342,292.170,124.031,32.554,16.966,6.501
5.53667,228.690,214.345,233.317,276.086,118.546,32.220,16.915,6.472
5.54000,224.315,209.204,224.948,261.160,113.309,31.913,16.829,6.471
5.54333,220.179,204.286,217.227,247.111,108.639,31.694,16.769,6.492
5.54667,216.417,199.780,209.965,234.151,104.165,31.362,16.709,6.536
5.55000,212.806,195.693,203.294,221.988,99.996,31.248,16.716,6.435
5.55333,209.586,191.822,197.019,210.899,96.217,30.975,16.621,6.459
5.55667,206.541,188.265,191.278,200.476,92.609,30.821,16.595,6.411
5.56000,203.783,185.002,185.911,190.813,89.424,30.608,16.585,6.466
5.56333,201.205,181.937,180.926,181.864,86.385,30.431,16.533,6.400
5.56667,198.808,179.191,176.510,173.775,83.534,30.272,16.454,6.423
5.57000,196.688,176.599,172.274,166.164,80.980,30.157,16.483,6.437
5.57333,194.715,174.231,168.385,159.165,78.698,30.041,16.394,6.462
5.57667,192.883,172.120,164.876,152.744,76.453,29.950,16.415,6.440
5.58000,191.209,170.075,161.627,146.831,74.536,29.840,16.373,6.479
5.58333,189.669,168.211,158.608,141.336,72.599,29.693,16.353,6.373
5.58667,188.289,166.585,155.876,136.316,70.929,29.677,16.317,6.424
5.59000,186.989,165.020,153.284,131.739,69.465,29.607,16.385,6.435
5.59333,185.756,163.579,150.884,127.424,67.892,29.504,16.315,6.404
5.59667,184.746,162.317,148.761,123.505,66.554,29.440,16.340,6.453
5.60000,183.804,161.177,146.887,119.830,65.369,29.371,16.277,6.430
5.60333,182.877,160.020,145.061,116.576,64.273,29.279,16.239,6.451
5.60667,182.063,159.101,143.367,113.522,63.231,29.373,16.331,6.440
5.61000,181.308,158.245,141.881,110.730,62.317,29.288,16.233,6.426
5.61333,180.582,157.341,140.470,108.096,61.447,29.288,16.354,6.431
5.61667,180.013,156.626,139.218,105.718,60.637,29.252,16.274,6.408
5.62000,179.479,155.872,138.030,103.575,59.943,29.177,16.294,6.413
5.62333,179.013,155.286,136.981,101.516,59.250,29.152,16.368,6.432
5.62667,178.560,154.757,135.969,99.676,58.631,29.119,16.260,6.447
5.63000,178.099,154.233,135.076,98.013,58.060,29.098,16.309,6.426
5.63333,177.773,153.791,134.304,96.450,57.657,29.077,16.263,6.407
5.63667,177.444,153.376,133.549,95.031,57.102,29.084,16.258,6.401
5.64000,177.100,152.990,132.888,93.736,56.687,29.050,16.367,6.509
5.64333,176.818,152.614,132.205,92.557,56.338,29.120,16.316,6.437
5.64667,176.655,152.346,131.667,91.393,55.955,29.067,16.297,6.428
5.65000,176.430,152.060,131.152,90.371,55.583,29.094,16.329,6.454
5.65333,176.234,151.831,130.690,89.462,55.241,29.047,16.302,6.511
5.65667,176.104,151.608,130.255,88.640,55.033,29.049,16.337,6.474
5.66000,176.018,151.432,129.922,87.866,54.803,29.051,16.376,6.458
5.66333,175.858,151.239,129.514,87.102,54.564,29.089,16.380,6.469
5.66667,175.744,151.063,129.191,86.404,54.343,29.138,16.376,6.457
5.67000,175.639,150.974,128.974,85.834,54.176,29.171,16.299,6.431
5.67333,175.616,150.871,128.689,85.331,54.003,29.114,16.438,6.527
5.67667,175.546,150.704,128.455,84.842,53.824,29.074,16.384,6.481
5.68000,175.493,150.679,128.291,84.331,53.682,29.157,16.364,6.486
5.68333,175.529,150.600,128.097,83.891,53.570,29.108,16.404,6.481
5.68667,175.521,150.577,127.923,83.559,53.447,29.139,16.408,6.451
5.69000,175.499,150.548,127.802,83.250,53.367,29.167,16.395,6.511
5.69333,175.517,150.465,127.711,82.956,53.241,29.181,16.417,6.476
5.69667,175.510,150.459,127.552,82.687,53.199,29.157,16.428,6.509
5.70000,175.519,150.453,127.545,82.433,53.056,29.165,16.441,6.550
5.70333,175.458,150.481,127.486,82.146,53.077,29.161,16.416,6.501
5.70667,175.654,150.419,127.360,81.921,53.053,29.187,16.522,6.523
5.71000,175.655,150.499,127.265,81.785,52.961,29.227,16.474,6.487
5.71333,175.674,150.493,127.243,81.548,52.891,29.228,16.459,6.519
5.71667,175.695,150.480,127.294,81.374,52.808,29.238,16.435,6.539
5.72000,175.838,150.566,127.225,81.187,52.830,29.263,16.472,6.564
5.72333,175.831,150.585,127.227,81.185,52.784,29.277,16.512,6.485
5.72667,175.881,150.652,127.167,81.080,52.779,29.260,16.513,6.540
5.73000,175.922,150.686,127.128,80.984,52.740,29.353,16.518,6.539
5.73333,176.072,150.734,127.230,80.894,52.764,29.369,16.527,6.577
5.73667,176.151,150.800,127.150,80.783,52.808,29.392,16.533,6.615
5.74000,176.270,150.827,127.208,80.727,52.792,29.431,16.608,6.554
5.74333,176.345,150.836,127.230,80.648,52.753,29.307,16.532,6.579
5.74667,176.418,150.999,127.292,80.583,52.735,29.435,16.513,6.629
5.75000,176.545,151.056,127.262,80.588,52.796,29.469,16.518,6.530
5.75333,176.533,151.098,127.394,80.557,52.796,29.383,16.530,6.594
5.75667,176.544,151.108,127.360,80.562,52.742,29.481,16.565,6.627
5.76000,176.786,151.207,127.466,80.531,52.743,29.483,16.605,6.635
5.76333,176.829,151.272,127.498,80.559,52.756,29.431,16.566,6.585
5.76667,176.939,151.375,127.471,80.482,52.866,29.539,16.624,6.654
5.77000,177.078,151.462,127.524,80.495,52.806,29.467,16.739,6.600
5.77333,177.103,151.577,127.606,80.437,52.812,29.542,16.594,6.599
5.77667,177.168,151.651,127.688,80.448,52.889,29.536,16.687,6.638
5.78000,177.328,151.641,127.703,80.502,52.891,29.501,16.613,6.611
5.78333,177.433,151.837,127.788,80.545,52.935,29.548,16.628,6.618
5.78667,177.517,151.959,127.829,80.568,52.901,29.599,16.697,6.689
5.79000,177.656,151.942,127.903,80.541,52.916,29.620,16.719,6.636
5.79333,177.749,151.971,127.993,80.667,53.006,29.719,16.717,6.583
5.79667,177.839,152.206,128.038,80.611,52.984,29.661,16.746,6.627
5.80000,177.988,152.261,128.143,80.583,53.011,29.679,16.708,6.683
5.80333,177.991,152.353,128.155,80.676,53.115,29.692,16.711,6.557
5.80667,178.090,152.405,128.220,80.696,53.131,29.721,16.803,6.641
5.81000,178.249,152.454,128.384,80.744,53.111,29.779,16.793,6.671
5.81333,178.317,152.546,128.405,80.765,53.153,29.695,16.746,6.672
5.81667,178.505,152.655,128.408,80.794,53.185,29.824,16.813,6.660
5.82000,178.583,152.747,128.493,80.818,53.158,29.769,16.806,6.682
5.82333,178.724,152.858,128.616,80.856,53.254,29.810,16.840,6.697
5.82667,178.825,152.982,128.725,80.854,53.202,29.817,16.798,6.781
5.83000,178.895,153.072,128.819,80.972,53.309,29.887,16.847,6.729
5.83333,178.974,153.202,128.851,80.943,53.280,29.916,16.838,6.700
5.83667,179.141,153.230,128.874,81.041,53.361,29.853,16.752,6.683
5.84000,179.176,153.263,129.016,81.088,53.386,29.969,16.856,6.681
5.84333,179.332,153.381,129.050,81.138,53.435,29.916,16.875,6.724
5.84667,179.495,153.545,129.200,81.084,53.504,29.919,16.856,6.693
5.85000,179.562,153.605,129.230,81.153,53.460,29.922,16.860,6.772
5.85333,179.642,153.636,129.253,81.256,53.441,29.970,16.863,6.682
5.85667,179.731,153.760,129.342,81.264,53.519,29.930,16.904,6.690
5.86000,179.886,153.866,129.449,81.354,53.525,30.047,16.922,6.701
5.86333,180.011,153.907,129.495,81.403,53.615,30.022,16.944,6.732
5.86667,180.115,154.096,129.585,81.465,53.613,30.015,16.947,6.750
5.87000,180.184,154.199,129.725,81.436,53.613,30.046,16.959,6.732
5.87333,180.295,154.228,129.788,81.533,53.616,30.114,16.889,6.762
5.87667,180.476,154.323,129.857,81.533,53.685,30.094,16.964,6.690
5.88000,180.619,154.521,129.969,81.616,53.740,30.116,16.990,6.747
5.88333,180.655,154.540,129.994,81.608,53.818,30.137,16.945,6.811
5.88667,180.737,154.661,130.069,81.670,53.816,30.194,16.984,6.834
5.89000,180.894,154.731,130.127,81.665,53.847,30.135,16.977,6.863
5.89333,181.009,154.835,130.220,81.763,53.876,30.216,17.004,6.845
5.89667,181.123,154.953,130.394,81.803,53.948,30.149,16.951,6.777
5.90000,181.206,155.030,130.369,81.854,53.934,30.234,16.966,6.777
5.90333,181.346,155.157,130.480,81.925,53.948,30.259,16.992,6.805
5.90667,181.513,155.210,130.521,81.859,54.010,30.280,17.024,6.798
5.91000,181.471,155.296,130.694,82.038,54.035,30.273,17.089,6.847
5.91333,181.637,155.388,130.621,82.019,54.090,30.278,16.959,6.819
5.91667,181.725,155.439,130.797,82.106,54.072,30.297,17.064,6.877
5.92000,181.886,155.546,130.789,82.147,54.100,30.350,17.049,6.852
5.92333,181.996,155.687,130.921,82.185,54.142,30.331,17.103,6.815
5.92667,182.024,155.780,130.994,82.250,54.176,30.300,17.135,6.770
5.93000,182.155,155.858,131.103,82.265,54.260,30.369,17.092,6.831
5.93333,182.347,155.952,131.190,82.381,54.266,30.450,17.118,6.829
5.93667,182.469,156.070,131.276,82.329,54.289,30.509,17.127,6.805
5.94000,182.564,156.140,131.336,82.457,54.325,30.475,17.185,6.844
5.94333,182.664,156.220,131.431,82.530,54.337,30.453,17.139,6.821
5.94667,182.768,156.370,131.532,82.565,54.386,30.452,17.199,6.880
5.95000,182.825,156.434,131.570,82.582,54.415,30.496,17.196,6.912
5.95333,183.020,156.450,131.684,82.591,54.475,30.572,17.146,6.856
5.95667,183.045,156.634,131.715,82.712,54.473,30.551,17.159,6.858
5.96000,183.198,156.699,131.793,82.771,54.542,30.516,17.210,6.905
5.96333,183.287,156.826,131.920,82.775,54.572,30.645,17.203,6.897
5.96667,183.483,156.878,131.960,82.853,54.644,30.550,17.170,6.878
5.97000,183.539,156.958,132.038,82.828,54.554,30.660,17.252,6.883
5.97333,183.579,156.973,132.109,82.966,54.659,30.604,17.222,6.872
5.97667,183.729,157.190,132.200,82.976,54.648,30.686,17.244,6.947
5.98000,183.775,157.264,132.304,83.028,54.747,30.695,17.333,6.874
5.98333,183.977,157.320,132.364,83.033,54.770,30.704,17.278,6.892
5.98667,184.044,157.483,132.348,83.146,54.734,30.712,17.265,6.893
5.99000,184.179,157.585,132.449,83.182,54.845,30.707,17.300,6.885
5.99333,184.348,157.574,132.554,83.234,54.901,30.807,17.320,6.910
5.99667,184.432,157.715,132.644,83.319,54.882,30.787,17.313,6.915
6.00000,184.572,157.875,132.734,83.335,54.935,30.777,17.312,6.941
6.00333,184.643,157.939,132.813,83.369,55.010,30.782,17.386,6.950
6.00667,184.718,158.055,132.945,83.445,54.982,30.818,17.354,6.861
6.01000,184.866,158.120,133.045,83.501,55.028,30.822,17.333,6.914
6.01333,184.992,158.213,133.051,83.498,55.085,30.833,17.337,6.894
6.01667,184.993,158.297,133.093,83.631,55.091,30.857,17.340,6.979
6.02000,185.182,158.422,133.177,83.606,55.162,30.936,17.370,6.909
6.02333,185.269,158.478,133.289,83.596,55.113,30.905,17.425,6.940
6.02667,185.395,158.571,133.394,83.743,55.220,30.916,17.397,6.964
6.03000,185.466,158.641,133.469,83.762,55.180,30.912,17.370,6.950
6.03333,185.526,158.795,133.508,83.850,55.251,30.993,17.445,6.954
6.03667,185.659,158.850,133.594,83.905,55.196,30.995,17.433,7.020
6.04000,185.866,158.914,133.704,83.827,55.395,31.036,17.468,6.978
6.04333,185.929,159.079,133.743,83.946,55.346,31.064,17.478,7.043
6.04667,186.041,159.162,133.856,84.032,55.442,31.020,17.444,6.970
6.05000,186.143,159.237,133.835,84.102,55.460,31.029,17.508,6.933
6.05333,186.265,159.292,134.017,84.135,55.420,31.014,17.451,7.061
6.05667,186.353,159.407,134.148,84.131,55.528,31.065,17.502,6.936
6.06000,186.454,159.505,134.151,84.276,55.536,31.105,17.573,7.019
6.06333,186.567,159.559,134.241,84.252,55.530,31.077,17.526,7.042
6.06667,186.668,159.681,134.298,84.311,55.580,31.120,17.528,7.001
6.07000,186.800,159.782,134.417,84.386,55.621,31.159,17.500,7.052
6.07333,186.887,159.888,134.531,84.370,55.671,31.217,17.569,7.046
6.07667,187.013,160.001,134.522,84.454,55.738,31.212,17.575,7.018
6.08000,187.151,160.101,134.593,84.467,55.732,31.171,17.615,7.001
6.08333,187.188,160.175,134.683,84.543,55.742,31.214,17.581,6.976
6.08667,187.348,160.295,134.773,84.598,55.753,31.320,17.579,7.078
6.09000,187.421,160.328,134.892,84.632,55.794,31.324,17.546,7.035
6.09333,187.546,160.448,134.951,84.811,55.795,31.328,17.643,7.051
6.09667,187.674,160.441,134.973,84.750,55.911,31.295,17.597,7.038
6.10000,187.750,160.644,135.105,84.809,55.787,31.254,17.666,7.001
6.10333,187.853,160.698,135.186,84.887,55.952,31.334,17.630,7.072
6.10667,187.980,160.754,135.242,84.898,55.940,31.404,17.641,7.074
6.11000,188.059,160.880,135.292,84.903,56.016,31.306,17.622,7.073
6.11333,188.144,160.989,135.390,84.982,56.037,31.410,17.628,7.029
6.11667,188.309,161.097,135.575,85.038,56.088,31.448,17.669,7.060
6.12000,188.463,161.159,135.624,85.079,56.043,31.389,17.650,7.151
6.12333,188.546,161.267,135.645,85.149,56.171,31.483,17.745,7.122
6.12667,188.600,161.329,135.767,85.148,56.185,31.507,17.670,7.049
6.13000,188.706,161.461,135.868,85.190,56.162,31.486,17.776,7.098
6.13333,188.818,161.501,135.876,85.246,56.270,31.532,17.758,7.123
6.13667,188.904,161.653,135.890,85.339,56.327,31.564,17.788,7.119
6.14000,189.087,161.746,136.082,85.383,56.236,31.537,17.763,7.086
6.14333,189.223,161.850,136.148,85.454,56.392,31.521,17.778,7.103
6.14667,189.236,161.951,136.188,85.477,56.397,31.641,17.738,7.033
6.15000,189.349,162.001,136.265,85.483,56.380,31.590,17.762,7.125
6.15333,189.533,162.111,136.343,85.553,56.402,31.638,17.852,7.157
6.15667,189.536,162.154,136.424,85.666,56.473,31.635,17.775,7.118
6.16000,189.707,162.220,136.512,85.610,56.507,31.715,17.820,7.135
6.16333,189.843,162.390,136.599,85.720,56.549,31.638,17.747,7.118
6.16667,189.950,162.504,136.651,85.806,56.556,31.715,17.884,7.080
6.17000,190.035,162.546,136.751,85.856,56.612,31.717,17.720,7.112
6.17333,190.108,162.618,136.832,85.905,56.632,31.737,17.872,7.128
6.17667,190.287,162.736,136.856,85.969,56.679,31.707,17.813,7.244
6.18000,190.301,162.813,136.975,85.978,56.686,31.824,17.858,7.163
6.18333,190.428,162.879,137.057,86.031,56.711,31.779,17.901,7.171
6.18667,190.528,162.951,137.174,86.071,56.719,31.752,17.857,7.177
6.19000,190.605,163.153,137.289,86.128,56.790,31.764,17.883,7.126
6.19333,190.761,163.103,137.274,86.083,56.790,31.856,17.902,7.161
6.19667,190.829,163.248,137.391,86.199,56.855,31.896,17.880,7.203
6.20000,191.005,163.355,137.496,86.257,56.889,31.848,18.000,7.196
6.20333,191.017,163.444,137.541,86.306,56.899,31.884,17.926,7.264
6.20667,191.184,163.538,137.558,86.313,56.979,31.933,17.991,7.145
6.21000,191.312,163.659,137.680,86.438,56.995,31.858,17.970,7.194
6.21333,191.392,163.716,137.787,86.404,57.014,31.919,17.999,7.213
6.21667,191.435,163.851,137.823,86.527,57.030,31.911,17.937,7.285
6.22000,191.597,163.854,137.873,86.518,57.090,31.970,17.944,7.238
6.22333,191.723,164.027,137.871,86.602,57.076,31.979,18.045,7.241
6.22667,191.810,164.112,138.052,86.685,57.151,32.078,18.001,7.279
6.23000,191.870,164.168,138.141,86.628,57.202,32.019,17.971,7.288
6.23333,192.020,164.305,138.190,86.683,57.238,32.030,17.993,7.212
6.23667,192.104,164.335,138.243,86.860,57.212,32.031,18.026,7.222
6.24000,192.327,164.478,138.318,86.851,57.296,32.064,18.080,7.193
6.24333,192.386,164.568,138.395,86.907,57.361,32.115,18.021,7.260
6.24667,192.463,164.606,138.503,86.947,57.356,32.060,18.035,7.216
6.25000,192.576,164.755,138.578,87.045,57.363,32.091,18.069,7.245
6.25333,192.711,164.765,138.616,87.056,57.385,32.135,18.081,7.294
6.25667,192.690,164.895,138.688,87.031,57.449,32.208,18.047,7.249
6.26000,192.911,164.985,138.801,87.081,57.425,32.139,18.040,7.174
6.26333,192.991,165.102,138.857,87.177,57.448,32.186,18.088,7.299
6.26667,193.127,165.197,138.918,87.199,57.536,32.200,18.097,7.310
6.27000,193.153,165.237,139.060,87.262,57.553,32.236,18.157,7.291
6.27333,193.278,165.375,139.162,87.316,57.526,32.270,18.173,7.279
6.27667,193.397,165.426,139.195,87.401,57.578,32.212,18.124,7.310
6.28000,193.569,165.512,139.241,87.469,57.598,32.261,18.165,7.287
6.28333,193.629,165.674,139.330,87.478,57.650,32.244,18.149,7.341
6.28667,193.720,165.671,139.422,87.569,57.708,32.351,18.159,7.228
6.29000,193.829,165.837,139.489,87.531,57.731,32.301,18.163,7.301
6.29333,193.901,165.950,139.539,87.551,57.868,32.347,18.230,7.327
6.29667,194.072,165.968,139.624,87.610,57.790,32.377,18.223,7.292
6.30000,194.121,166.058,139.748,87.664,57.841,32.379,18.197,7.303
6.30333,194.284,166.118,139.778,87.737,57.865,32.440,18.218,7.344
6.30667,194.339,166.255,139.899,87.813,57.879,32.461,18.217,7.367
6.31000,194.416,166.361,139.967,87.833,57.956,32.434,18.228,7.325
6.31333,194.566,166.451,140.041,87.837,57.949,32.438,18.301,7.289
6.31667,194.678,166.558,140.090,87.886,58.028,32.491,18.304,7.373
6.32000,194.785,166.648,140.227,87.974,57.974,32.554,18.205,7.341
6.32333,194.903,166.710,140.200,88.008,58.039,32.505,18.198,7.315
6.32667,194.987,166.766,140.302,88.108,58.126,32.592,18.163,7.388
6.33000,195.148,166.905,140.422,88.091,58.162,32.537,18.292,7.301
6.33333,195.182,166.996,140.454,88.186,58.175,32.533,18.290,7.387
6.33667,195.290,167.057,140.583,88.206,58.242,32.596,18.264,7.399
6.34000,195.499,167.110,140.600,88.289,58.181,32.632,18.287,7.378
6.34333,195.545,167.253,140.724,88.311,58.234,32.650,18.290,7.363
6.34667,195.608,167.310,140.814,88.389,58.299,32.651,18.384,7.367
6.35000,195.737,167.388,140.810,88.460,58.347,32.650,18.352,7.390
6.35333,195.850,167.511,140.932,88.470,58.381,32.655,18.309,7.352
6.35667,195.948,167.617,141.049,88.526,58.336,32.634,18.418,7.407
6.36000,196.013,167.653,141.121,88.524,58.371,32.716,18.405,7.342
6.36333,196.094,167.760,141.130,88.558,58.411,32.751,18.409,7.406
6.36667,196.173,167.809,141.221,88.634,58.484,32.694,18.413,7.407
6.37000,196.421,167.972,141.311,88.645,58.495,32.744,18.451,7.429
6.37333,196.435,168.017,141.394,88.707,58.489,32.786,18.412,7.409
6.37667,196.536,168.158,141.491,88.795,58.610,32.811,18.426,7.394
6.38000,196.613,168.242,141.549,88.805,58.615,32.782,18.422,7.453
6.38333,196.774,168.343,141.589,88.983,58.578,32.853,18.410,7.420
6.38667,196.852,168.390,141.667,88.936,58.724,32.868,18.430,7.401
6.39000,197.013,168.506,141.713,88.949,58.702,32.847,18.470,7.434
6.39333,197.051,168.548,141.842,89.047,58.688,32.885,18.464,7.447
6.39667,197.201,168.626,141.946,89.041,58.737,32.969,18.496,7.429
6.40000,197.314,168.743,142.004,89.079,58.833,32.897,18.563,7.442
6.40333,197.362,168.835,142.026,89.218,58.817,32.954,18.509,7.426
6.40667,197.456,168.878,142.091,89.179,58.855,32.943,18.504,7.438
6.41000,197.561,169.070,142.222,89.249,58.883,32.956,18.548,7.477
6.41333,197.704,169.108,142.299,89.316,58.934,32.957,18.537,7.528
6.41667,197.807,169.165,142.348,89.333,58.930,32.915,18.534,7.474
6.42000,197.885,169.242,142.462,89.388,59.008,32.957,18.537,7.479
6.42333,198.016,169.338,142.512,89.447,59.043,33.040,18.570,7.464
6.42667,198.050,169.460,142.558,89.486,59.051,33.081,18.593,7.504
6.43000,198.236,169.562,142.628,89.543,59.126,33.030,18.629,7.430
6.43333,198.341,169.643,142.736,89.605,59.112,33.058,18.596,7.448
6.43667,198.372,169.751,142.812,89.656,59.124,33.139,18.574,7.563
6.44000,198.511,169.835,142.887,89.675,59.098,33.114,18.617,7.459
6.44333,198.593,169.937,142.939,89.702,59.257,33.106,18.596,7.535
6.44667,198.710,169.989,143.043,89.756,59.200,33.165,18.584,7.486
6.45000,198.862,170.087,143.102,89.801,59.310,33.139,18.644,7.527
6.45333,198.876,170.165,143.154,89.807,59.290,33.191,18.671,7.519
6.45667,199.034,170.293,143.269,89.852,59.350,33.140,18.654,7.518
6.46000,199.193,170.354,143.311,89.988,59.395,33.278,18.666,7.501
6.46333,199.208,170.449,143.329,89.963,59.417,33.248,18.613,7.481
6.46667,199.333,170.522,143.451,90.018,59.376,33.281,18.639,7.565
6.47000,199.442,170.651,143.519,90.195,59.455,33.285,18.692,7.533
6.47333,199.549,170.674,143.631,90.143,59.526,33.311,18.696,7.514
6.47667,199.659,170.808,143.689,90.194,59.501,33.310,18.756,7.546
6.48000,199.808,170.917,143.738,90.274,59.590,33.345,18.704,7.493
6.48333,199.804,170.951,143.787,90.231,59.679,33.353,18.739,7.563
6.48667,199.954,171.029,143.955,90.383,59.567,33.382,18.794,7.521
6.49000,200.057,171.143,143.951,90.352,59.634,33.389,18.727,7.540
6.49333,200.161,171.244,144.097,90.427,59.638,33.414,18.740,7.554
6.49667,200.273,171.344,144.101,90.513,59.729,33.374,18.767,7.543
6.50000,200.398,171.431,144.211,90.465,59.745,33.436,18.842,7.538
6.50333,200.438,171.506,144.248,90.500,59.765,33.446,18.746,7.560
6.50667,200.530,171.569,144.392,90.594,59.768,33.477,18.796,7.635
6.51000,200.720,171.654,144.356,90.679,59.766,33.436,18.800,7.569
6.51333,200.793,171.745,144.456,90.707,59.865,33.465,18.775,7.573
6.51667,200.837,171.893,144.587,90.751,59.906,33.535,18.813,7.646
6.52000,200.992,171.947,144.607,90.869,59.882,33.528,18.833,7.602
6.52333,201.113,172.063,144.729,90.840,59.873,33.531,18.814,7.620
6.52667,201.186,172.110,144.864,90.888,59.941,33.560,18.838,7.580
6.53000,201.288,172.177,144.919,90.928,59.941,33.551,18.862,7.628
6.53333,201.425,172.300,144.954,90.924,60.023,33.620,18.875,7.573
6.53667,201.510,172.358,144.927,91.011,60.076,33.625,18.961,7.575
6.54000,201.623,172.517,145.093,91.025,60.114,33.608,18.925,7.616
6.54333,201.718,172.587,145.170,91.153,60.124,33.669,18.877,7.613
6.54667,201.833,172.654,145.277,91.122,60.140,33.669,18.905,7.625
6.55000,201.897,172.658,145.320,91.143,60.193,33.685,18.905,7.641
6.55333,201.981,172.816,145.353,91.219,60.262,33.666,18.881,7.647
6.55667,202.080,172.891,145.482,91.304,60.215,33.741,18.930,7.640
6.56000,202.233,172.999,145.540,91.339,60.289,33.743,18.953,7.703
6.56333,202.297,173.040,145.574,91.422,60.264,33.766,18.988,7.671
6.56667,202.425,173.160,145.670,91.470,60.344,33.731,18.969,7.643
6.57000,202.539,173.232,145.718,91.445,60.361,33.785,19.021,7.648
6.57333,202.648,173.320,145.825,91.544,60.429,33.851,19.001,7.695
6.57667,202.711,173.355,145.895,91.603,60.487,33.809,19.013,7.645
6.58000,202.767,173.517,146.032,91.627,60.461,33.825,18.971,7.621
6.58333,202.891,173.608,146.057,91.671,60.511,33.850,18.982,7.620
6.58667,203.027,173.720,146.179,91.707,60.589,33.813,18.979,7.696
6.59000,203.167,173.709,146.230,91.767,60.581,33.901,19.055,7.610
6.59333,203.248,173.902,146.244,91.764,60.569,33.910,19.058,7.624
6.59667,203.306,173.958,146.345,91.818,60.583,33.885,19.007,7.646
6.60000,203.398,174.026,146.450,91.837,60.744,33.936,19.080,7.650
6.60333,203.541,174.113,146.557,91.952,60.681,33.903,19.032,7.684
6.60667,203.660,174.203,146.575,92.042,60.699,33.910,19.129,7.673
6.61000,203.722,174.346,146.666,92.084,60.732,33.937,19.144,7.654
6.61333,203.783,174.349,146.701,92.079,60.786,33.991,19.036,7.718
6.61667,203.970,174.473,146.766,92.107,60.774,34.047,19.087,7.687
6.62000,204.007,174.530,146.864,92.174,60.895,34.119,19.087,7.759
6.62333,204.112,174.742,146.895,92.234,60.864,34.031,19.133,7.711
6.62667,204.283,174.764,146.995,92.245,60.949,34.038,19.096,7.720
6.63000,204.347,174.764,147.021,92.336,60.943,34.106,19.134,7.766
6.63333,204.419,174.928,147.100,92.341,60.942,34.112,19.145,7.715
6.63667,204.499,174.947,147.204,92.369,61.006,34.101,19.202,7.708
6.64000,204.626,175.146,147.244,92.472,60.942,34.148,19.217,7.780
6.64333,204.777,175.161,147.420,92.477,61.045,34.208,19.123,7.732
6.64667,204.829,175.291,147.415,92.517,61.061,34.169,19.174,7.754
6.65000,204.939,175.369,147.558,92.568,61.203,34.246,19.191,7.834
6.65333,205.034,175.440,147.562,92.670,61.118,34.225,19.190,7.759
6.65667,205.121,175.521,147.705,92.617,61.239,34.235,19.227,7.751
6.66000,205.272,175.646,147.721,92.713,61.237,34.289,19.214,7.757
6.66333,205.435,175.713,147.799,92.803,61.178,34.282,19.271,7.785
6.66667,205.471,175.810,147.907,92.771,61.215,34.249,19.247,7.767
6.67000,205.574,175.835,147.970,92.854,61.298,34.266,19.207,7.745
6.67333,205.661,175.924,148.021,92.933,61.327,34.295,19.279,7.760
6.67667,205.777,176.053,148.135,92.929,61.376,34.384,19.260,7.808
6.68000,205.844,176.178,148.184,92.994,61.378,34.326,19.331,7.789
6.68333,206.021,176.175,148.256,93.100,61.458,34.376,19.338,7.778
6.68667,206.011,176.303,148.301,93.121,61.479,34.338,19.277,7.783
6.69000,206.191,176.416,148.489,93.226,61.475,34.406,19.354,7.847
6.69333,206.302,176.534,148.507,93.294,61.500,34.405,19.345,7.771
6.69667,206.392,176.537,148.571,93.338,61.644,34.448,19.331,7.844
6.70000,206.557,176.729,148.741,93.351,61.649,34.453,19.390,7.773
6.70333,206.783,176.776,148.834,93.484,61.714,34.545,19.452,7.742
6.70667,206.750,176.903,148.865,93.518,61.798,34.561,19.456,7.811
6.71000,206.951,177.042,149.056,93.632,61.872,34.641,19.485,7.793
6.71333,207.149,177.219,149.147,93.837,61.980,34.671,19.595,7.800
6.71667,207.308,177.316,149.335,93.951,62.091,34.749,19.610,7.845
6.72000,207.522,177.494,149.463,94.157,62.262,34.799,19.649,7.829
6.72333,207.693,177.748,149.761,94.459,62.467,34.934,19.853,7.789
6.72667,208.035,177.953,149.975,94.737,62.647,35.002,19.921,7.920
6.73000,208.315,178.189,150.204,95.025,62.935,35.162,20.158,7.864
6.73333,208.639,178.565,150.643,95.358,63.238,35.255,20.321,7.879
6.73667,209.037,178.827,151.019,95.836,63.561,35.520,20.621,7.846
6.74000,209.532,179.299,151.405,96.486,64.101,35.781,20.964,7.841
6.74333,210.081,179.774,152.085,97.172,64.613,36.046,21.305,7.856
6.74667,210.746,180.345,152.700,97.958,65.277,36.398,21.626,7.880
6.75000,211.534,181.025,153.494,98.964,66.033,36.743,22.240,7.912
6.75333,212.369,181.800,154.372,100.167,67.004,37.229,22.896,7.954
6.75667,213.479,182.698,155.476,101.566,68.222,37.832,23.713,7.921
6.76000,214.710,183.698,156.690,102.990,69.465,38.525,24.509,7.972
6.76333,216.069,184.853,158.235,104.902,70.908,39.237,25.533,7.971
6.76667,217.670,186.260,159.779,107.042,72.627,40.147,26.832,8.018
6.77000,219.503,187.832,161.730,109.470,74.681,41.148,28.037,8.121
6.77333,221.515,189.610,163.809,112.259,76.871,42.257,29.659,8.072
6.77667,223.797,191.571,166.310,115.396,79.449,43.589,31.418,8.160
6.78000,226.353,193.899,168.971,118.921,82.364,45.050,33.317,8.220
6.78333,229.293,196.341,171.961,122.884,85.534,46.714,35.562,8.267
6.78667,232.514,199.023,175.307,127.227,89.099,48.501,37.931,8.353
6.79000,235.952,202.090,178.899,131.988,92.974,50.511,40.667,8.397
6.79333,239.741,205.355,182.940,137.110,97.250,52.726,43.514,8.462
6.79667,243.829,208.876,187.227,142.815,101.781,55.052,46.739,8.495
6.80000,248.236,212.672,191.850,148.851,106.683,57.538,50.131,8.537
6.80333,252.843,216.650,196.741,155.272,111.964,60.178,53.713,8.689
6.80667,257.792,220.964,201.944,162.009,117.540,63.012,57.494,8.712
6.81000,262.947,225.394,207.343,169.183,123.328,66.023,61.492,8.906
6.81333,268.312,229.942,212.974,176.582,129.308,69.079,65.635,8.921
6.81667,273.837,234.742,218.852,184.129,135.580,72.273,69.888,9.031
6.82000,279.483,239.608,224.811,191.947,141.965,75.543,74.227,9.122
6.82333,285.130,244.560,230.810,199.797,148.328,78.778,78.679,9.207
6.82667,290.830,249.411,236.708,207.602,154.744,82.089,83.092,9.351
6.83000,296.430,254.365,242.709,215.407,161.082,85.270,87.486,9.504
6.83333,301.972,259.054,248.467,223.011,167.302,88.439,91.664,9.505
6.83667,307.336,263.671,254.156,230.440,173.340,91.555,95.867,9.630
6.84000,312.397,268.167,259.495,237.391,179.079,94.532,99.839,9.732
6.84333,317.142,272.257,264.435,244.005,184.484,97.241,103.564,9.771
6.84667,321.599,276.118,269.219,250.222,189.439,99.837,106.981,9.867
6.85000,325.700,279.493,273.422,255.706,193.989,102.192,110.163,9.934
6.85333,329.251,282.707,277.182,260.532,198.019,104.231,112.856,10.025
6.85667,332.327,285.357,280.421,264.858,201.546,105.998,115.281,10.062
6.86000,334.871,287.562,283.149,268.260,204.335,107.463,117.235,10.106
6.86333,336.964,289.336,285.265,271.104,206.573,108.583,118.744,10.114
6.86667,338.432,290.529,286.833,273.024,208.228,109.412,119.879,10.216
6.87000,339.351,291.380,287.678,274.193,209.152,109.932,120.465,10.170
6.87333,339.592,291.753,288.047,274.651,209.434,110.051,120.673,10.148
6.87667,339.487,291.477,287.794,274.195,209.101,109.887,120.476,10.177
6.88000,338.698,290.798,286.957,273.074,208.158,109.395,119.786,10.176
6.88333,337.366,289.667,285.644,271.127,206.683,108.631,118.725,10.200
6.88667,335.622,288.179,283.695,268.685,204.569,107.548,117.312,10.063
6.89000,333.490,286.318,281.374,265.477,201.915,106.250,115.472,10.114
6.89333,330.890,284.111,278.546,261.785,198.984,104.694,113.317,9.998
6.89667,327.948,281.566,275.394,257.644,195.415,102.939,110.900,10.032
6.90000,324.736,278.703,271.942,252.942,191.607,101.015,108.310,10.014
6.90333,321.205,275.667,268.166,247.946,187.492,98.899,105.462,9.901
6.90667,317.416,272.424,264.171,242.549,183.181,96.614,102.442,9.875
6.91000,313.516,269.050,260.016,237.035,178.665,94.322,99.248,9.743
6.91333,309.543,265.571,255.627,231.316,173.962,91.926,96.014,9.695
6.91667,305.430,262.044,251.311,225.466,169.191,89.515,92.750,9.593
6.92000,301.294,258.515,246.886,219.581,164.438,87.021,89.352,9.592
6.92333,297.085,254.846,242.409,213.723,159.506,84.492,86.028,9.486
6.92667,292.982,251.221,238.008,207.745,154.701,82.043,82.733,9.424
6.93000,288.901,247.762,233.666,202.012,149.944,79.622,79.442,9.407
6.93333,284.868,244.233,229.380,196.349,145.283,77.233,76.198,9.307
6.93667,281.017,240.970,225.238,190.753,140.744,74.959,72.967,9.259
6.94000,277.259,237.724,221.210,185.461,136.314,72.703,70.003,9.254
6.94333,273.625,234.546,217.275,180.247,132.102,70.550,67.097,9.086
6.94667,270.173,231.505,213.561,175.222,128.043,68.472,64.189,9.071
6.95000,266.693,228.629,209.966,170.488,124.129,66.452,61.570,9.024
6.95333,263.498,225.840,206.537,165.927,120.421,64.494,58.966,8.982
6.95667,260.549,223.338,203.359,161.628,116.907,62.760,56.517,8.887
6.96000,257.629,220.812,200.247,157.504,113.458,61.080,54.157,8.828
6.96333,254.894,218.421,197.268,153.632,110.298,59.437,51.941,8.836
6.96667,252.409,216.198,194.626,149.953,107.324,57.866,49.827,8.742
6.97000,249.948,214.160,191.978,146.508,104.496,56.424,47.905,8.749
6.97333,247.730,212.204,189.571,143.244,101.826,55.061,46.082,8.717
6.97667,245.645,210.348,187.353,140.229,99.304,53.837,44.290,8.664
6.98000,243.676,208.730,185.158,137.337,97.002,52.687,42.728,8.585
6.98333,241.832,207.108,183.181,134.710,94.828,51.396,41.206,8.675
6.98667,240.117,205.624,181.359,132.205,92.860,50.518,39.753,8.501
6.99000,238.522,204.192,179.608,129.862,90.840,49.482,38.470,8.518
6.99333,236.997,202.926,178.091,127.730,89.091,48.584,37.211,8.547
6.99667,235.595,201.746,176.534,125.614,87.409,47.662,36.059,8.495
7.00000,234.281,200.657,175.149,123.792,85.863,46.933,34.942,8.456
7.00333,233.187,199.592,173.854,121.967,84.437,46.199,33.990,8.421
7.00667,232.024,198.675,172.641,120.348,82.983,45.550,33.026,8.492
7.01000,231.067,197.766,171.478,118.863,81.828,44.853,32.152,8.435
7.01333,230.064,196.968,170.439,117.415,80.592,44.227,31.375,8.439
7.01667,229.241,196.186,169.560,116.135,79.561,43.705,30.600,8.447
7.02000,228.473,195.514,168.660,114.879,78.576,43.197,29.871,8.410
7.02333,227.653,194.888,167.789,113.719,77.641,42.749,29.166,8.387
7.02667,226.964,194.302,166.990,112.604,76.709,42.200,28.601,8.435
7.03000,226.325,193.643,166.293,111.686,75.935,41.940,28.043,8.416
7.03333,225.679,193.155,165.630,110.765,75.131,41.525,27.511,8.321
7.03667,225.185,192.684,165.038,109.954,74.469,41.173,27.012,8.368
7.04000,224.674,192.366,164.598,109.207,73.892,40.827,26.628,8.338
7.04333,224.260,191.898,163.989,108.394,73.228,40.549,26.134,8.362
7.04667,223.851,191.556,163.498,107.755,72.686,40.263,25.731,8.329
7.05000,223.443,191.290,163.077,107.104,72.154,39.971,25.367,8.343
7.05333,223.050,190.912,162.659,106.531,71.700,39.751,25.071,8.418
7.05667,222.837,190.677,162.348,106.126,71.175,39.525,24.739,8.339
7.06000,222.522,190.414,161.941,105.513,70.818,39.297,24.402,8.341
7.06333,222.199,190.198,161.631,105.078,70.422,39.096,24.193,8.259
7.06667,222.025,190.001,161.407,104.598,70.075,38.956,23.867,8.318
7.07000,221.831,189.798,161.082,104.261,69.820,38.767,23.678,8.282
7.07333,221.623,189.588,160.910,103.840,69.487,38.557,23.452,8.346
7.07667,221.409,189.483,160.634,103.477,69.165,38.469,23.243,8.299
7.08000,221.263,189.340,160.511,103.169,68.908,38.335,23.027,8.290
7.08333,221.200,189.247,160.269,102.925,68.650,38.207,22.894,8.318
7.08667,221.006,189.091,160.150,102.652,68.446,38.049,22.688,8.318
7.09000,220.868,189.034,159.991,102.485,68.313,37.961,22.579,8.346
7.09333,220.877,188.938,159.870,102.217,68.009,37.848,22.395,8.353
7.09667,220.793,188.932,159.718,101.981,67.928,37.823,22.272,8.348
7.10000,220.658,188.880,159.657,101.789,67.724,37.710,22.167,8.385
7.10333,220.602,188.774,159.507,101.609,67.593,37.709,22.068,8.376
7.10667,220.583,188.757,159.465,101.576,67.424,37.579,21.957,8.331
7.11000,220.599,188.668,159.409,101.314,67.275,37.520,21.849,8.302
7.11333,220.603,188.691,159.367,101.209,67.216,37.495,21.781,8.295
7.11667,220.509,188.712,159.333,101.112,67.148,37.488,21.670,8.311
7.12000,220.556,188.713,159.211,100.976,67.017,37.393,21.592,8.308
7.12333,220.460,188.650,159.231,100.922,66.951,37.330,21.561,8.354
7.12667,220.519,188.674,159.199,100.800,66.911,37.277,21.538,8.274
7.13000,220.532,188.720,159.183,100.756,66.840,37.332,21.431,8.381
7.13333,220.534,188.643,159.178,100.655,66.793,37.332,21.338,8.392
7.13667,220.579,188.795,159.116,100.661,66.640,37.119,21.335,8.367
7.14000,220.622,188.771,159.147,100.605,66.676,37.153,21.274,8.363
7.14333,220.609,188.824,159.212,100.574,66.556,37.193,21.224,8.328
7.14667,220.691,188.805,159.192,100.516,66.563,37.081,21.166,8.365
7.15000,220.664,188.874,159.150,100.465,66.542,37.155,21.165,8.394
7.15333,220.762,188.949,159.196,100.464,66.486,37.087,21.163,8.343
7.15667,220.827,188.989,159.148,100.369,66.478,37.124,21.132,8.380
7.16000,220.839,189.014,159.265,100.385,66.412,37.062,21.045,8.370
7.16333,220.959,189.025,159.241,100.377,66.419,37.118,21.050,8.417
7.16667,221.019,189.144,159.242,100.332,66.391,37.091,21.055,8.370
7.17000,221.106,189.153,159.335,100.321,66.317,37.071,20.992,8.468
7.17333,221.120,189.176,159.352,100.305,66.391,37.123,21.006,8.336
7.17667,221.198,189.209,159.447,100.384,66.386,37.007,20.973,8.407
7.18000,221.262,189.335,159.451,100.334,66.376,37.078,20.982,8.422
7.18333,221.305,189.343,159.514,100.449,66.370,37.139,21.021,8.426
7.18667,221.388,189.444,159.528,100.349,66.421,37.054,20.938,8.417
7.19000,221.396,189.491,159.644,100.354,66.402,37.069,20.930,8.356
7.19333,221.518,189.565,159.611,100.335,66.378,37.082,20.933,8.392
7.19667,221.640,189.594,159.694,100.437,66.349,37.088,20.851,8.415
7.20000,221.715,189.718,159.694,100.441,66.414,37.124,20.917,8.388
7.20333,221.821,189.793,159.812,100.478,66.402,37.066,20.801,8.424
7.20667,221.932,189.853,159.804,100.456,66.443,37.168,20.906,8.443
7.21000,221.955,189.874,159.913,100.445,66.407,37.082,20.855,8.429
7.21333,222.136,189.959,159.979,100.517,66.428,37.118,20.925,8.414
7.21667,222.135,190.033,159.991,100.564,66.465,37.077,20.896,8.435
7.22000,222.265,190.122,160.060,100.591,66.494,37.184,20.888,8.494
7.22333,222.356,190.213,160.182,100.593,66.455,37.150,20.901,8.439
7.22667,222.400,190.288,160.186,100.626,66.520,37.140,20.792,8.451
7.23000,222.502,190.298,160.210,100.663,66.542,37.143,20.918,8.448
7.23333,222.643,190.430,160.363,100.648,66.586,37.167,20.930,8.518
7.23667,222.647,190.536,160.386,100.748,66.611,37.222,20.929,8.478
7.24000,222.797,190.635,160.493,100.803,66.572,37.236,20.962,8.542
7.24333,222.863,190.650,160.524,100.825,66.559,37.254,20.950,8.444
7.24667,223.031,190.773,160.584,100.809,66.659,37.278,20.890,8.522
7.25000,223.025,190.884,160.640,100.834,66.691,37.297,20.895,8.453
7.25333,223.119,190.875,160.693,100.955,66.677,37.197,20.874,8.429
7.25667,223.204,190.956,160.757,100.951,66.724,37.294,20.873,8.462
7.26000,223.350,191.079,160.867,101.030,66.731,37.272,20.872,8.445
7.26333,223.428,191.138,160.924,101.035,66.757,37.329,20.960,8.514
7.26667,223.624,191.254,161.047,100.987,66.857,37.283,20.899,8.548
7.27000,223.676,191.368,161.064,101.168,66.785,37.371,20.943,8.474
7.27333,223.767,191.438,161.115,101.150,66.825,37.340,20.904,8.448
7.27667,223.765,191.407,161.163,101.223,66.806,37.384,20.888,8.516
7.28000,223.907,191.621,161.197,101.291,66.917,37.394,20.950,8.462
7.28333,224.069,191.669,161.293,101.284,66.933,37.387,20.980,8.535
7.28667,224.117,191.779,161.368,101.345,66.957,37.409,20.937,8.469
7.29000,224.222,191.888,161.489,101.364,67.058,37.419,20.979,8.552
7.29333,224.320,191.941,161.527,101.428,67.027,37.393,20.968,8.543
7.29667,224.441,192.031,161.613,101.502,67.015,37.493,20.945,8.517
7.30000,224.461,192.123,161.683,101.466,67.110,37.486,20.966,8.547
7.30333,224.591,192.202,161.734,101.522,67.063,37.515,20.975,8.503
7.30667,224.716,192.258,161.801,101.548,67.102,37.468,21.038,8.501
7.31000,224.792,192.286,161.854,101.688,67.126,37.466,20.971,8.508
7.31333,224.912,192.411,161.863,101.620,67.153,37.461,20.979,8.584
7.31667,224.970,192.547,162.018,101.710,67.159,37.521,21.044,8.558
7.32000,225.110,192.633,162.132,101.715,67.232,37.602,20.996,8.569
7.32333,225.252,192.717,162.213,101.760,67.246,37.584,21.033,8.563
7.32667,225.356,192.804,162.210,101.848,67.229,37.653,21.040,8.536
7.33000,225.372,192.944,162.331,101.843,67.273,37.594,21.112,8.537
7.33333,225.509,192.907,162.353,101.926,67.343,37.625,20.999,8.595
7.33667,225.589,193.019,162.501,101.973,67.415,37.640,21.078,8.581
7.34000,225.698,193.071,162.580,102.034,67.401,37.684,21.144,8.586
7.34333,225.831,193.193,162.610,102.089,67.444,37.645,21.061,8.567
7.34667,225.868,193.351,162.677,102.052,67.488,37.715,21.099,8.581
7.35000,225.985,193.336,162.748,102.091,67.508,37.664,21.085,8.557
7.35333,226.138,193.547,162.873,102.189,67.549,37.723,21.081,8.594
7.35667,226.232,193.580,162.925,102.223,67.521,37.733,21.147,8.625
7.36000,226.360,193.613,162.959,102.271,67.591,37.748,21.105,8.623
7.36333,226.434,193.672,163.002,102.352,67.636,37.772,21.173,8.619
7.36667,226.515,193.831,163.113,102.418,67.619,37.795,21.170,8.671
7.37000,226.606,193.885,163.154,102.500,67.660,37.846,21.181,8.623
7.37333,226.700,194.008,163.248,102.432,67.781,37.846,21.173,8.660
7.37667,226.741,194.051,163.329,102.504,67.762,37.810,21.150,8.607
7.38000,226.875,194.110,163.409,102.511,67.736,37.870,21.233,8.647
7.38333,226.990,194.275,163.497,102.658,67.753,37.843,21.203,8.587
7.38667,227.100,194.366,163.548,102.713,67.850,37.882,21.177,8.631
7.39000,227.216,194.406,163.572,102.695,67.862,37.922,21.184,8.603
7.39333,227.257,194.523,163.687,102.729,67.882,37.932,21.196,8.610
7.39667,227.492,194.602,163.693,102.820,67.884,37.861,21.231,8.642
7.40000,227.538,194.658,163.889,102.832,67.977,37.913,21.190,8.667
7.40333,227.652,194.716,163.926,102.845,67.987,37.991,21.264,8.637
7.40667,227.726,194.896,164.002,102.928,68.062,37.993,21.266,8.747
7.41000,227.852,195.007,164.076,102.945,68.094,38.038,21.290,8.662
7.41333,227.924,194.937,164.246,103.021,68.093,38.062,21.371,8.646
7.41667,227.988,195.150,164.169,103.121,68.118,38.008,21.298,8.678
7.42000,228.141,195.193,164.272,103.097,68.112,38.058,21.311,8.673
7.42333,228.229,195.348,164.351,103.181,68.187,37.995,21.345,8.742
7.42667,228.376,195.345,164.438,103.174,68.188,38.092,21.263,8.650
7.43000,228.408,195.464,164.491,103.253,68.210,38.095,21.411,8.704
7.43333,228.520,195.544,164.541,103.327,68.276,38.059,21.382,8.711
7.43667,228.685,195.625,164.664,103.361,68.265,38.118,21.360,8.684
7.44000,228.757,195.750,164.774,103.401,68.324,38.211,21.330,8.697
7.44333,228.807,195.810,164.865,103.422,68.378,38.190,21.308,8.705
7.44667,228.900,195.897,164.893,103.470,68.389,38.213,21.342,8.761
7.45000,229.084,195.998,164.931,103.504,68.328,38.221,21.373,8.801
7.45333,229.199,196.060,165.045,103.559,68.400,38.207,21.376,8.779
7.45667,229.236,196.231,165.108,103.663,68.479,38.290,21.427,8.729
7.46000,229.392,196.249,165.218,103.576,68.489,38.294,21.482,8.702
7.46333,229.455,196.340,165.298,103.682,68.505,38.278,21.422,8.693
7.46667,229.562,196.423,165.309,103.813,68.608,38.291,21.406,8.734
7.47000,229.647,196.535,165.418,103.832,68.581,38.313,21.441,8.689
7.47333,229.780,196.619,165.494,103.868,68.632,38.363,21.486,8.701
7.47667,229.884,196.685,165.549,103.809,68.616,38.370,21.503,8.817
7.48000,229.956,196.764,165.579,103.931,68.729,38.348,21.437,8.773
7.48333,230.030,196.916,165.744,104.007,68.758,38.404,21.525,8.823
7.48667,230.215,196.928,165.809,104.077,68.717,38.359,21.488,8.815
7.49000,230.269,197.062,165.832,104.099,68.802,38.448,21.470,8.737
7.49333,230.423,197.087,165.888,104.081,68.853,38.494,21.437,8.708
7.49667,230.522,197.351,166.010,104.173,68.853,38.504,21.499,8.777
7.50000,230.613,197.339,166.126,104.227,68.922,38.531,21.516,8.751
7.50333,230.704,197.403,166.112,104.252,68.870,38.491,21.484,8.828
7.50667,230.830,197.489,166.257,104.263,68.931,38.536,21.585,8.716
7.51000,230.915,197.545,166.298,104.376,68.972,38.513,21.607,8.818
7.51333,231.005,197.704,166.393,104.390,68.970,38.553,21.549,8.862
7.51667,231.101,197.719,166.460,104.491,69.022,38.538,21.572,8.868
7.52000,231.269,197.860,166.481,104.503,69.035,38.572,21.560,8.880
7.52333,231.303,197.941,166.602,104.549,69.048,38.545,21.576,8.795
7.52667,231.441,198.026,166.671,104.579,69.141,38.614,21.624,8.806
7.53000,231.498,198.092,166.779,104.599,69.199,38.601,21.595,8.845
7.53333,231.654,198.242,166.786,104.675,69.222,38.627,21.612,8.743
7.53667,231.745,198.305,166.890,104.753,69.326,38.623,21.666,8.870
7.54000,231.869,198.405,166.942,104.775,69.238,38.641,21.751,8.870
7.54333,231.992,198.441,167.026,104.818,69.271,38.657,21.614,8.838
7.54667,232.063,198.548,167.121,104.912,69.248,38.751,21.651,8.858
7.55000,232.161,198.684,167.167,104.897,69.369,38.693,21.707,8.866
7.55333,232.269,198.720,167.273,105.025,69.401,38.723,21.726,8.831
7.55667,232.360,198.830,167.358,105.011,69.417,38.795,21.655,8.908
7.56000,232.482,198.978,167.388,105.087,69.473,38.771,21.684,8.880
7.56333,232.560,198.939,167.503,105.142,69.473,38.812,21.688,8.910
7.56667,232.665,199.150,167.600,105.102,69.525,38.759,21.722,8.880
7.57000,232.774,199.183,167.678,105.230,69.468,38.840,21.745,8.875
7.57333,232.931,199.227,167.753,105.266,69.577,38.837,21.780,8.871
7.57667,232.983,199.367,167.797,105.300,69.617,38.895,21.720,8.915
7.58000,233.065,199.453,167.857,105.396,69.627,38.872,21.715,8.914
7.58333,233.252,199.612,167.941,105.391,69.663,38.930,21.796,8.865
7.58667,233.341,199.648,168.036,105.419,69.704,38.960,21.782,8.930
7.59000,233.355,199.735,168.158,105.517,69.742,38.918,21.779,8.916
7.59333,233.599,199.876,168.143,105.572,69.716,38.963,21.818,8.919
7.59667,233.617,199.930,168.263,105.650,69.773,39.028,21.787,8.889
7.60000,233.791,200.070,168.306,105.661,69.862,38.934,21.773,8.882
7.60333,233.819,200.115,168.420,105.678,69.806,39.020,21.820,8.852
7.60667,233.944,200.171,168.445,105.764,69.897,38.992,21.821,8.954
7.61000,234.014,200.296,168.517,105.809,69.926,39.046,21.815,8.913
7.61333,234.142,200.336,168.612,105.880,69.951,39.047,21.807,8.899
7.61667,234.297,200.397,168.683,105.933,69.984,39.078,21.871,8.968
7.62000,234.355,200.524,168.824,105.919,70.033,39.125,21.837,8.899
7.62333,234.471,200.577,168.857,105.958,70.036,39.034,21.946,8.878
7.62667,234.600,200.685,168.971,106.037,70.074,39.122,21.790,8.992
7.63000,234.653,200.809,169.034,106.063,70.170,39.144,21.910,8.953
7.63333,234.795,200.903,169.047,106.133,70.112,39.156,21.967,9.029
7.63667,234.917,201.035,169.133,106.096,70.173,39.112,21.933,8.951
7.64000,234.981,201.073,169.188,106.198,70.205,39.235,21.923,8.989
7.64333,235.080,201.192,169.311,106.253,70.222,39.206,21.948,8.973
7.64667,235.158,201.310,169.313,106.287,70.280,39.217,21.976,8.963
7.65000,235.347,201.449,169.432,106.398,70.270,39.300,21.955,8.980
7.65333,235.379,201.435,169.542,106.483,70.271,39.396,21.972,9.018
7.65667,235.542,201.532,169.604,106.433,70.349,39.272,21.992,9.023
7.66000,235.639,201.638,169.643,106.494,70.376,39.331,21.993,9.009
7.66333,235.713,201.723,169.683,106.529,70.420,39.325,22.027,8.972
7.66667,235.868,201.787,169.887,106.575,70.496,39.320,21.995,8.971
7.67000,235.947,201.862,169.887,106.657,70.512,39.409,21.966,9.041
7.67333,236.089,202.004,169.961,106.751,70.550,39.342,22.032,8.974
7.67667,236.217,202.068,170.027,106.719,70.523,39.438,22.041,9.039
7.68000,236.266,202.177,170.133,106.810,70.595,39.376,22.051,8.990
7.68333,236.373,202.284,170.219,106.789,70.557,39.383,22.013,8.984
7.68667,236.467,202.430,170.372,106.921,70.627,39.463,22.033,9.063
7.69000,236.551,202.455,170.386,106.923,70.646,39.424,22.102,8.956
7.69333,236.700,202.559,170.506,107.018,70.693,39.521,22.031,9.017
7.69667,236.801,202.568,170.541,107.092,70.723,39.511,22.081,9.084
7.70000,236.914,202.711,170.575,107.108,70.747,39.565,22.132,9.074
7.70333,236.973,202.854,170.682,107.039,70.826,39.579,22.103,9.090
7.70667,237.121,202.915,170.810,107.171,70.830,39.484,22.056,9.070
7.71000,237.212,202.970,170.868,107.202,70.863,39.525,22.185,9.038
7.71333,237.340,203.044,170.955,107.296,70.957,39.554,22.174,9.049
7.71667,237.411,203.185,171.016,107.348,70.897,39.565,22.111,9.067
7.72000,237.497,203.251,171.093,107.285,70.996,39.605,22.097,9.077
7.72333,237.680,203.400,171.159,107.397,71.032,39.652,22.150,9.135
7.72667,237.708,203.450,171.244,107.404,71.023,39.722,22.146,9.065
7.73000,237.890,203.528,171.267,107.551,71.053,39.709,22.184,9.099
7.73333,237.990,203.591,171.404,107.601,71.058,39.689,22.203,9.012
7.73667,238.061,203.683,171.480,107.650,71.111,39.735,22.170,9.114
7.74000,238.162,203.886,171.552,107.650,71.222,39.722,22.089,9.112
7.74333,238.263,203.895,171.618,107.778,71.171,39.739,22.234,9.050
7.74667,238.433,203.968,171.700,107.733,71.212,39.744,22.214,9.087
7.75000,238.570,204.063,171.768,107.805,71.253,39.766,22.195,9.126
7.75333,238.629,204.218,171.862,107.886,71.276,39.816,22.245,9.115
7.75667,238.695,204.271,171.975,107.914,71.362,39.847,22.224,9.128
7.76000,238.835,204.374,172.075,107.948,71.338,39.865,22.259,9.074
7.76333,238.960,204.434,172.148,108.007,71.385,39.830,22.276,9.088
7.76667,239.026,204.570,172.146,108.031,71.486,39.868,22.247,9.115
7.77000,239.176,204.614,172.187,108.092,71.468,39.864,22.274,9.147
7.77333,239.263,204.712,172.311,108.150,71.484,39.870,22.309,9.139
7.77667,239.382,204.811,172.411,108.215,71.530,39.952,22.268,9.170
7.78000,239.457,204.955,172.510,108.206,71.567,39.950,22.389,9.133
7.78333,239.620,205.005,172.509,108.296,71.589,39.995,22.375,9.194
7.78667,239.692,205.081,172.602,108.392,71.662,39.982,22.360,9.173
7.79000,239.845,205.201,172.722,108.380,71.637,39.974,22.335,9.130
7.79333,239.856,205.260,172.791,108.448,71.727,40.016,22.373,9.180
7.79667,239.984,205.432,172.866,108.438,71.684,39.997,22.402,9.166
7.80000,240.185,205.499,173.024,108.557,71.752,40.045,22.348,9.221
7.80333,240.247,205.592,173.049,108.619,71.822,40.079,22.361,9.237
7.80667,240.390,205.667,173.117,108.602,71.885,40.090,22.419,9.193
7.81000,240.410,205.742,173.214,108.713,71.905,40.140,22.431,9.159
7.81333,240.573,205.834,173.250,108.735,71.870,40.056,22.401,9.184
7.81667,240.652,205.953,173.291,108.769,71.917,40.167,22.499,9.196
7.82000,240.749,206.009,173.446,108.816,71.971,40.132,22.464,9.160
7.82333,240.874,206.153,173.524,108.901,72.005,40.204,22.457,9.206
7.82667,241.037,206.281,173.540,108.904,72.057,40.198,22.483,9.219
7.83000,241.129,206.331,173.655,109.095,71.982,40.208,22.472,9.233
7.83333,241.187,206.403,173.727,108.971,72.149,40.313,22.463,9.163
7.83667,241.325,206.462,173.865,109.163,72.156,40.314,22.527,9.226
7.84000,241.376,206.643,173.841,109.128,72.190,40.270,22.546,9.255
7.84333,241.598,206.705,173.985,109.179,72.151,40.266,22.529,9.258
7.84667,241.657,206.857,174.066,109.239,72.229,40.267,22.548,9.251
7.85000,241.815,206.918,174.209,109.310,72.220,40.364,22.528,9.216
7.85333,241.851,206.928,174.258,109.305,72.289,40.299,22.493,9.232
7.85667,242.008,207.088,174.315,109.437,72.376,40.289,22.505,9.242
7.86000,242.116,207.143,174.349,109.420,72.343,40.359,22.579,9.234
7.86333,242.224,207.302,174.483,109.486,72.457,40.409,22.568,9.209
7.86667,242.353,207.373,174.556,109.569,72.391,40.437,22.527,9.251
7.87000,242.405,207.457,174.598,109.581,72.418,40.451,22.524,9.232
7.87333,242.566,207.473,174.722,109.660,72.454,40.406,22.552,9.248
7.87667,242.657,207.599,174.845,109.711,72.512,40.457,22.632,9.188
7.88000,242.753,207.718,174.897,109.722,72.605,40.441,22.603,9.287
7.88333,242.885,207.879,174.936,109.806,72.615,40.548,22.692,9.289
7.88667,242.962,207.931,174.997,109.903,72.639,40.534,22.697,9.282
7.89000,243.071,208.081,175.109,109.905,72.672,40.503,22.679,9.302
7.89333,243.201,208.088,175.122,109.907,72.687,40.578,22.644,9.313
7.89667,243.298,208.242,175.296,109.990,72.692,40.549,22.704,9.329
7.90000,243.360,208.268,175.326,109.976,72.777,40.628,22.696,9.279
7.90333,243.585,208.421,175.402,110.058,72.742,40.644,22.703,9.329
7.90667,243.672,208.504,175.502,110.169,72.837,40.611,22.698,9.303
7.91000,243.788,208.564,175.592,110.172,72.913,40.690,22.692,9.323
7.91333,243.951,208.733,175.655,110.272,72.903,40.684,22.754,9.324
7.91667,243.941,208.888,175.725,110.303,72.921,40.707,22.691,9.309
7.92000,244.110,208.873,175.803,110.300,73.013,40.764,22.720,9.273
7.92333,244.128,208.944,175.868,110.379,72.992,40.714,22.762,9.265
7.92667,244.349,209.054,176.056,110.415,73.027,40.731,22.818,9.328
7.93000,244.486,209.198,176.092,110.537,73.065,40.693,22.806,9.363
7.93333,244.549,209.269,176.165,110.611,73.162,40.804,22.683,9.313
7.93667,244.649,209.359,176.190,110.574,73.164,40.849,22.814,9.359
7.94000,244.800,209.477,176.290,110.691,73.211,40.875,22.810,9.388
7.94333,244.880,209.473,176.408,110.739,73.166,40.894,22.800,9.390
7.94667,244.995,209.632,176.460,110.777,73.264,40.800,22.883,9.428
7.95000,245.109,209.709,176.541,110.843,73.247,40.907,22.879,9.357
7.95333,245.237,209.808,176.680,110.807,73.221,40.879,22.883,9.331
7.95667,245.321,209.960,176.757,110.909,73.304,40.972,22.862,9.365
7.96000,245.465,210.002,176.808,110.929,73.365,40.898,22.864,9.374
7.96333,245.515,210.109,176.866,111.025,73.400,40.915,22.917,9.345
7.96667,245.590,210.252,176.950,111.002,73.381,40.975,22.878,9.387
7.97000,245.794,210.280,177.050,111.133,73.397,40.969,22.899,9.361
7.97333,245.842,210.414,177.155,111.136,73.490,41.005,22.887,9.404
7.97667,245.978,210.460,177.185,111.216,73.527,40.997,22.932,9.415
7.98000,246.146,210.630,177.280,111.290,73.507,41.055,22.994,9.386
7.98333,246.238,210.711,177.385,111.300,73.551,41.045,22.930,9.419
7.98667,246.310,210.764,177.403,111.329,73.629,41.128,22.965,9.485
7.99000,246.431,210.837,177.444,111.367,73.590,41.182,22.962,9.364
7.99333,246.531,210.913,177.557,111.430,73.747,41.133,22.937,9.400
7.99667,246.615,211.063,177.651,111.479,73.737,41.146,22.994,9.399
8.00000,246.746,211.192,177.850,111.581,73.807,41.172,22.978,9.451
8.00333,246.963,211.225,177.847,111.638,73.816,41.141,22.963,9.393
8.00667,246.994,211.386,177.923,111.644,73.865,41.157,23.028,9.425
8.01000,247.099,211.471,178.014,111.719,73.886,41.155,22.972,9.447
8.01333,247.258,211.593,178.169,111.773,73.923,41.256,23.028,9.469
8.01667,247.360,211.676,178.182,111.877,73.975,41.270,23.003,9.463
8.02000,247.449,211.777,178.281,111.900,73.979,41.279,23.047,9.457
8.02333,247.590,211.893,178.352,111.898,73.996,41.330,23.051,9.442
8.02667,247.682,211.930,178.470,111.950,74.102,41.327,23.067,9.508
8.03000,247.849,212.092,178.457,112.011,74.066,41.337,23.121,9.483
8.03333,247.911,212.161,178.598,112.123,74.174,41.365,23.063,9.450
8.03667,248.082,212.252,178.673,112.107,74.140,41.396,23.073,9.471
8.04000,248.165,212.317,178.765,112.213,74.236,41.422,23.177,9.480
8.04333,248.274,212.473,178.873,112.264,74.195,41.408,23.092,9.488
8.04667,248.415,212.571,178.916,112.365,74.195,41.508,23.185,9.538
8.05000,248.507,212.671,179.001,112.373,74.365,41.458,23.220,9.492
8.05333,248.722,212.754,179.168,112.466,74.350,41.486,23.169,9.660
8.05667,248.762,212.831,179.261,112.454,74.415,41.498,23.207,9.607
8.06000,248.908,212.981,179.332,112.631,74.517,41.472,23.277,9.596
8.06333,248.989,213.156,179.453,112.657,74.471,41.577,23.255,9.652
8.06667,249.166,213.217,179.599,112.785,74.526,41.617,23.386,9.683
8.07000,249.315,213.338,179.729,112.976,74.613,41.593,23.392,9.724
8.07333,249.512,213.614,179.779,113.056,74.672,41.633,23.449,9.808
8.07667,249.718,213.699,179.933,113.193,74.671,41.743,23.631,9.815
8.08000,249.876,213.857,180.279,113.338,74.873,41.804,23.699,9.981
8.08333,250.110,214.087,180.411,113.606,75.008,41.870,23.853,10.050
8.08667,250.273,214.293,180.713,113.844,75.149,41.989,24.097,10.193
8.09000,250.549,214.546,180.947,114.114,75.288,42.048,24.281,10.328
8.09333,250.925,214.868,181.274,114.613,75.389,42.242,24.520,10.579
8.09667,251.359,215.163,181.629,115.078,75.680,42.340,24.912,10.873
8.10000,251.707,215.554,182.132,115.679,75.935,42.467,25.276,11.260
8.10333,252.263,215.968,182.621,116.381,76.239,42.729,25.853,11.628
8.10667,252.824,216.467,183.309,117.245,76.607,43.007,26.423,12.184
8.11000,253.495,217.116,184.093,118.216,77.023,43.192,27.170,12.704
8.11333,254.303,217.927,185.042,119.390,77.585,43.542,28.100,13.516
8.11667,255.307,218.782,186.183,120.901,78.233,44.007,29.204,14.363
8.12000,256.451,219.763,187.425,122.485,78.986,44.466,30.508,15.448
8.12333,257.668,221.006,188.956,124.541,79.723,45.084,32.022,16.719
8.12667,259.198,222.320,190.728,126.860,80.834,45.783,33.800,18.192
8.13000,260.851,223.887,192.779,129.562,82.055,46.535,35.930,19.829
8.13333,262.894,225.749,195.158,132.714,83.406,47.519,38.355,21.802
8.13667,265.118,227.839,197.874,136.300,84.928,48.555,41.150,24.219
8.14000,267.776,230.127,200.932,140.481,86.681,49.711,44.378,26.832
8.14333,270.710,232.858,204.536,145.166,88.753,51.118,48.051,29.834
8.14667,274.016,235.958,208.441,150.526,91.119,52.753,52.232,33.301
8.15000,277.735,239.324,212.896,156.532,93.772,54.422,56.918,37.112
8.15333,281.869,243.122,217.952,163.243,96.684,56.438,62.161,41.405
8.15667,286.510,247.389,223.491,170.795,99.930,58.637,67.959,46.194
8.16000,291.528,252.109,229.687,179.071,103.407,61.019,74.453,51.482
8.16333,297.246,257.242,236.410,188.085,107.368,63.646,81.489,57.252
8.16667,303.163,262.772,243.711,197.932,111.669,66.511,89.213,63.631
8.17000,309.725,268.793,251.607,208.631,116.339,69.741,97.610,70.524
8.17333,316.831,275.245,260.238,220.119,121.295,73.038,106.563,77.882
8.17667,324.394,282.211,269.228,232.596,126.623,76.735,116.230,85.882
8.18000,332.274,289.549,278.924,245.573,132.309,80.534,126.490,94.259
8.18333,340.789,297.384,289.168,259.225,138.295,84.601,137.254,103.148
8.18667,349.560,305.452,299.864,273.644,144.525,88.786,148.546,112.345
8.19000,358.702,313.828,310.968,288.617,151.059,93.135,160.330,121.975
8.19333,368.145,322.488,322.382,304.011,157.737,97.688,172.416,132.014
8.19667,377.810,331.428,334.086,319.827,164.605,102.342,184.823,142.166
8.20000,387.605,340.439,345.951,335.795,171.595,107.080,197.391,152.538
8.20333,397.307,349.564,357.935,351.872,178.582,111.828,210.042,162.917
8.20667,407.238,358.549,369.758,367.863,185.674,116.518,222.665,173.370
8.21000,416.887,367.500,381.498,383.720,192.538,121.289,235.112,183.674
8.21333,426.494,376.335,393.129,399.309,199.344,125.820,247.391,193.659
8.21667,435.646,384.817,404.209,414.261,205.889,130.291,259.239,203.407
8.22000,444.505,392.919,414.950,428.689,212.256,134.593,270.656,212.741
8.22333,452.818,400.642,425.037,442.263,218.252,138.586,281.348,221.641
8.22667,460.634,407.874,434.484,454.927,223.877,142.408,291.320,229.939
8.23000,467.827,414.497,443.271,466.648,228.973,145.939,300.578,237.556
8.23333,474.365,420.593,450.992,477.119,233.613,148.969,308.925,244.379
8.23667,480.089,425.817,457.950,486.297,237.676,151.754,316.254,250.388
8.24000,485.018,430.387,463.869,494.234,241.157,154.140,322.454,255.524
8.24333,489.070,434.104,468.742,500.773,244.056,156.105,327.572,259.728
8.24667,492.257,437.006,472.588,505.742,246.281,157.562,331.587,263.091
8.25000,494.500,439.123,475.232,509.438,247.958,158.699,334.516,265.408
8.25333,495.946,440.419,476.951,511.568,248.861,159.360,336.084,266.760
8.25667,496.410,440.848,477.482,512.235,249.182,159.600,336.624,267.253
8.26000,496.079,440.478,476.957,511.572,248.895,159.332,335.982,266.673
8.26333,494.792,439.349,475.355,509.385,247.954,158.731,334.301,265.194
8.26667,492.759,437.443,472.768,505.827,246.422,157.634,331.431,262.904
8.27000,489.953,434.848,469.318,501.177,244.331,156.220,327.632,259.762
8.27333,486.434,431.568,465.026,495.218,241.808,154.513,322.919,255.861
8.27667,482.270,427.714,459.950,488.231,238.612,152.404,317.329,251.231
8.28000,477.441,423.324,454.027,480.330,235.182,150.019,311.008,245.940
8.28333,472.126,418.412,447.453,471.432,231.263,147.387,303.883,240.221
8.28667,466.348,413.052,440.437,461.801,227.141,144.523,296.331,233.911
8.29000,460.202,407.363,432.867,451.609,222.595,141.474,288.114,227.089
8.29333,453.755,401.365,424.952,440.851,217.850,138.208,279.565,220.098
8.29667,447.020,395.130,416.719,429.636,212.977,134.920,270.651,212.733
8.30000,440.098,388.681,408.225,418.077,207.937,131.494,261.527,205.195
8.30333,433.033,382.148,399.520,406.419,202.825,128.056,252.189,197.562
8.30667,425.972,375.570,390.832,394.529,197.601,124.512,242.703,189.786
8.31000,418.736,368.968,382.133,382.636,192.435,121.025,233.345,181.937
8.31333,411.647,362.491,373.328,370.794,187.262,117.512,223.921,174.245
8.31667,404.652,355.921,364.741,358.994,182.182,114.029,214.566,166.514
8.32000,397.638,349.489,356.108,347.431,177.137,110.741,205.456,159.009
8.32333,390.865,343.232,347.845,336.128,172.279,107.356,196.555,151.699
8.32667,384.254,337.150,339.661,325.055,167.395,104.066,187.733,144.455
8.33000,377.788,331.197,331.800,314.310,162.744,100.916,179.249,137.394
8.33333,371.591,325.432,324.176,303.927,158.185,97.820,170.915,130.637
8.33667,365.612,319.967,316.750,293.890,153.899,94.905,163.018,124.122
8.34000,359.858,314.621,309.719,284.204,149.720,92.040,155.406,117.853
8.34333,354.274,309.472,302.945,274.944,145.649,89.291,148.095,111.828
8.34667,349.007,304.655,296.402,266.140,141.913,86.753,141.063,106.068
8.35000,343.973,300.014,290.265,257.630,138.240,84.292,134.432,100.558
8.35333,339.308,295.532,284.405,249.599,134.833,81.932,128.047,95.379
8.35667,334.724,291.405,278.835,241.966,131.497,79.654,122.033,90.365
8.36000,330.415,287.484,273.461,234.735,128.304,77.516,116.391,85.653
8.36333,326.417,283.635,268.464,227.896,125.371,75.608,110.915,81.185
8.36667,322.519,280.152,263.801,221.425,122.584,73.647,105.793,77.004
8.37000,318.913,276.810,259.322,215.261,119.998,71.840,100.976,72.990
8.37333,315.514,273.637,255.046,209.505,117.554,70.210,96.338,69.227
8.37667,312.327,270.684,251.084,204.024,115.070,68.627,92.077,65.690
8.38000,309.218,267.859,247.350,198.875,112.883,67.055,87.920,62.361
8.38333,306.471,265.298,243.792,194.057,110.914,65.665,84.102,59.154
8.38667,303.775,262.803,240.523,189.493,108.868,64.350,80.566,56.205
8.39000,301.259,260.491,237.320,185.216,107.018,63.151,77.196,53.392
8.39333,298.869,258.348,234.480,181.193,105.285,61.978,73.983,50.811
8.39667,296.760,256.306,231.676,177.403,103.751,60.907,70.911,48.291
8.40000,294.673,254.427,229.135,173.834,102.184,59.810,68.083,46.021
8.40333,292.684,252.628,226.766,170.596,100.771,58.829,65.452,43.820
8.40667,290.963,250.874,224.483,167.379,99.451,57.926,63.008,41.741
8.41000,289.201,249.333,222.384,164.448,98.127,57.043,60.618,39.835
8.41333,287.690,247.901,220.324,161.627,96.870,56.265,58.435,38.017
8.41667,286.212,246.533,218.590,159.084,95.828,55.571,56.412,36.321
8.42000,284.808,245.241,216.738,156.637,94.824,54.864,54.463,34.704
8.42333,283.480,244.030,215.098,154.408,93.841,54.169,52.645,33.208
8.42667,282.318,242.916,213.585,152.279,92.967,53.548,50.907,31.826
8.43000,281.168,241.889,212.197,150.307,92.080,52.961,49.258,30.523
8.43333,280.132,240.942,210.820,148.350,91.220,52.447,47.826,29.296
8.43667,279.131,240.035,209.625,146.556,90.569,51.953,46.384,28.122
8.44000,278.217,239.167,208.435,144.898,89.796,51.496,45.024,27.035
8.44333,277.359,238.409,207.261,143.426,89.284,50.996,43.822,25.943
8.44667,276.603,237.669,206.305,141.900,88.558,50.605,42.650,24.966
8.45000,275.867,236.950,205.325,140.535,88.013,50.160,41.532,24.157
8.45333,275.167,236.321,204.461,139.295,87.473,49.745,40.488,23.268
8.45667,274.530,235.698,203.618,138.106,86.972,49.449,39.552,22.526
8.46000,273.998,235.221,202.827,136.994,86.487,49.183,38.573,21.762
8.46333,273.407,234.713,202.089,135.959,86.144,48.737,37.791,21.004
8.46667,272.903,234.270,201.411,134.950,85.654,48.554,36.980,20.357
8.47000,272.470,233.814,200.826,134.007,85.258,48.268,36.251,19.725
8.47333,271.992,233.326,200.292,133.212,84.850,48.100,35.540,19.140
8.47667,271.637,232.996,199.658,132.373,84.584,47.833,34.819,18.599
8.48000,271.337,232.732,199.186,131.638,84.253,47.621,34.234,18.100
8.48333,270.918,232.340,198.790,130.995,83.966,47.418,33.643,17.585
8.48667,270.689,232.053,198.265,130.291,83.783,47.242,33.223,17.156
8.49000,270.315,231.796,197.931,129.695,83.454,47.063,32.655,16.752
8.49333,270.134,231.601,197.568,129.149,83.239,46.873,32.081,16.387
8.49667,269.828,231.346,197.249,128.578,83.024,46.789,31.680,15.974
8.50000,269.653,231.128,196.880,128.122,82.776,46.539,31.328,15.629
8.50333,269.463,230.888,196.576,127.640,82.557,46.541,30.849,15.320
8.50667,269.305,230.804,196.322,127.244,82.432,46.323,30.533,14.940
8.51000,269.128,230.623,196.120,126.801,82.335,46.264,30.149,14.732
8.51333,269.020,230.507,195.786,126.436,82.107,46.104,29.812,14.417
8.51667,268.895,230.330,195.655,126.107,82.035,46.043,29.516,14.204
8.52000,268.829,230.270,195.432,125.791,81.891,45.940,29.245,13.923
8.52333,268.667,230.122,195.263,125.475,81.807,45.852,28.976,13.709
8.52667,268.603,230.120,195.132,125.283,81.679,45.820,28.768,13.486
8.53000,268.515,230.082,194.940,124.966,81.554,45.726,28.488,13.320
8.53333,268.560,230.035,194.876,124.672,81.581,45.662,28.265,13.150
8.53667,268.450,229.954,194.716,124.505,81.401,45.604,28.115,12.948
8.54000,268.515,229.871,194.628,124.273,81.301,45.514,27.849,12.820
8.54333,268.350,229.859,194.556,124.158,81.281,45.461,27.707,12.662
8.54667,268.384,229.831,194.430,123.889,81.220,45.377,27.516,12.496
8.55000,268.382,229.841,194.388,123.750,81.147,45.428,27.332,12.372
8.55333,268.357,229.835,194.400,123.585,81.006,45.396,27.216,12.176
8.55667,268.360,229.824,194.280,123.526,81.120,45.277,27.054,12.080
8.56000,268.439,229.866,194.296,123.437,81.015,45.336,26.980,11.996
8.56333,268.350,229.839,194.183,123.246,80.969,45.259,26.827,11.878
8.56667,268.446,229.938,194.149,123.169,80.977,45.280,26.741,11.821
8.57000,268.511,229.916,194.230,123.083,80.913,45.245,26.676,11.753
8.57333,268.513,229.925,194.139,123.008,80.898,45.243,26.536,11.625
8.57667,268.576,229.994,194.134,122.941,80.860,45.205,26.424,11.583
8.58000,268.620,229.970,194.155,122.877,80.846,45.118,26.333,11.489
8.58333,268.709,230.066,194.146,122.717,80.884,45.132,26.255,11.398
8.58667,268.680,230.074,194.172,122.734,80.817,45.168,26.216,11.350
8.59000,268.820,230.074,194.165,122.647,80.810,45.119,26.144,11.299
8.59333,268.819,230.245,194.209,122.736,80.839,45.125,26.116,11.243
8.59667,268.939,230.219,194.176,122.626,80.845,45.081,26.002,11.182
8.60000,268.969,230.251,194.260,122.586,80.899,45.141,25.962,11.190
8.60333,269.099,230.391,194.285,122.592,80.849,45.075,25.918,11.094
8.60667,269.142,230.387,194.352,122.557,80.868,45.136,25.885,11.085
8.61000,269.288,230.527,194.392,122.518,80.899,45.115,25.760,11.063
8.61333,269.364,230.576,194.445,122.536,80.905,45.109,25.794,10.964
8.61667,269.456,230.638,194.470,122.541,80.863,45.133,25.757,10.926
8.62000,269.547,230.768,194.498,122.517,80.887,45.096,25.800,10.890
8.62333,269.607,230.809,194.536,122.522,80.876,45.073,25.658,10.902
8.62667,269.683,230.825,194.615,122.523,80.921,45.158,25.647,10.854
8.63000,269.804,231.015,194.620,122.522,80.915,45.142,25.592,10.834
8.63333,269.957,231.017,194.719,122.508,80.957,45.124,25.646,10.801
8.63667,270.026,231.073,194.733,122.595,80.999,45.174,25.615,10.834
8.64000,270.107,231.174,194.872,122.566,80.968,45.199,25.601,10.771
8.64333,270.278,231.314,194.877,122.593,81.009,45.160,25.607,10.799
8.64667,270.307,231.319,194.972,122.646,81.100,45.229,25.488,10.704
8.65000,270.431,231.476,195.014,122.680,81.053,45.225,25.443,10.726
8.65333,270.519,231.523,195.122,122.726,81.177,45.260,25.481,10.678
8.65667,270.599,231.645,195.120,122.698,81.097,45.188,25.465,10.682
8.66000,270.683,231.805,195.217,122.802,81.168,45.158,25.461,10.662
8.66333,270.877,231.812,195.317,122.791,81.251,45.290,25.448,10.672
8.66667,270.933,231.921,195.335,122.834,81.195,45.330,25.481,10.588
8.67000,271.059,232.012,195.493,122.792,81.259,45.255,25.422,10.640
8.67333,271.108,232.046,195.527,122.886,81.266,45.316,25.396,10.672
8.67667,271.322,232.193,195.640,122.905,81.316,45.304,25.423,10.619
8.68000,271.472,232.293,195.733,122.997,81.282,45.260,25.551,10.600
8.68333,271.548,232.395,195.754,123.008,81.376,45.283,25.438,10.620
8.68667,271.703,232.505,195.838,123.007,81.408,45.304,25.463,10.565
8.69000,271.737,232.627,195.924,123.113,81.429,45.351,25.425,10.635
8.69333,271.837,232.670,195.961,123.088,81.499,45.364,25.439,10.619
8.69667,271.945,232.825,196.069,123.154,81.494,45.485,25.468,10.585
8.70000,272.066,232.897,196.130,123.160,81.483,45.451,25.418,10.618
8.70333,272.282,232.969,196.235,123.225,81.534,45.492,25.428,10.583
8.70667,272.308,233.138,196.342,123.283,81.655,45.475,25.489,10.566
8.71000,272.484,233.163,196.418,123.336,81.565,45.527,25.475,10.632
8.71333,272.592,233.282,196.460,123.418,81.590,45.478,25.448,10.534
8.71667,272.674,233.377,196.528,123.447,81.710,45.515,25.474,10.573
8.72000,272.837,233.492,196.688,123.421,81.659,45.489,25.490,10.573
8.72333,272.974,233.619,196.754,123.568,81.755,45.612,25.464,10.574
8.72667,273.068,233.697,196.806,123.655,81.760,45.595,25.464,10.642
8.73000,273.244,233.845,196.928,123.642,81.847,45.610,25.443,10.603
8.73333,273.295,233.934,196.936,123.681,81.889,45.573,25.494,10.603
8.73667,273.438,234.005,197.042,123.761,81.937,45.710,25.497,10.559
8.74000,273.544,234.142,197.155,123.764,81.900,45.623,25.545,10.530
8.74333,273.688,234.214,197.206,123.857,81.945,45.657,25.565,10.587
8.74667,273.793,234.347,197.352,123.887,81.958,45.682,25.501,10.570
8.75000,273.915,234.501,197.395,123.961,82.003,45.755,25.518,10.562
8.75333,273.980,234.577,197.584,124.044,82.054,45.732,25.582,10.586
8.75667,274.179,234.677,197.517,124.089,82.082,45.752,25.502,10.582
8.76000,274.288,234.791,197.782,124.061,82.154,45.869,25.509,10.603
8.76333,274.408,234.815,197.789,124.035,82.207,45.794,25.553,10.563
8.76667,274.484,235.007,197.887,124.153,82.260,45.839,25.545,10.579
8.77000,274.703,235.099,197.975,124.236,82.266,45.820,25.624,10.543
8.77333,274.808,235.181,198.038,124.318,82.277,45.805,25.592,10.593
8.77667,274.905,235.258,198.097,124.367,82.281,45.831,25.642,10.603
8.78000,275.007,235.419,198.207,124.401,82.408,45.877,25.517,10.639
8.78333,275.115,235.522,198.332,124.518,82.412,45.899,25.570,10.666
8.78667,275.291,235.574,198.406,124.523,82.404,45.890,25.692,10.654
8.79000,275.377,235.709,198.470,124.602,82.485,45.991,25.649,10.631
8.79333,275.529,235.845,198.600,124.646,82.511,45.958,25.619,10.644
8.79667,275.639,235.896,198.625,124.739,82.567,46.012,25.692,10.638
8.80000,275.775,236.018,198.705,124.798,82.483,46.046,25.678,10.695
8.80333,275.819,236.126,198.851,124.750,82.618,46.020,25.631,10.603
8.80667,276.057,236.242,198.940,124.837,82.653,46.056,25.692,10.656
8.81000,276.087,236.371,199.023,124.851,82.689,46.065,25.742,10.632
8.81333,276.233,236.489,199.121,124.979,82.778,46.106,25.619,10.668
8.81667,276.357,236.570,199.232,125.000,82.814,46.129,25.699,10.655
8.82000,276.547,236.737,199.330,125.084,82.810,46.095,25.766,10.654
8.82333,276.622,236.823,199.406,125.109,82.798,46.141,25.692,10.673
8.82667,276.739,236.890,199.466,125.195,82.798,46.153,25.749,10.605
8.83000,276.873,237.024,199.545,125.249,82.887,46.235,25.723,10.673
8.83333,277.039,237.126,199.599,125.339,82.930,46.302,25.728,10.732
8.83667,277.152,237.266,199.783,125.337,83.030,46.247,25.732,10.661
8.84000,277.253,237.356,199.811,125.419,83.039,46.227,25.792,10.705
8.84333,277.372,237.413,199.916,125.458,83.065,46.292,25.832,10.682
8.84667,277.508,237.552,200.081,125.507,83.120,46.351,25.829,10.722
8.85000,277.613,237.611,200.098,125.613,83.124,46.333,25.801,10.707
8.85333,277.720,237.723,200.225,125.643,83.197,46.386,25.839,10.640
8.85667,277.889,237.797,200.250,125.749,83.237,46.325,25.818,10.774
8.86000,278.046,238.000,200.377,125.740,83.219,46.414,25.837,10.715
8.86333,278.129,238.019,200.488,125.828,83.364,46.404,25.849,10.759
8.86667,278.193,238.190,200.559,125.918,83.338,46.469,25.821,10.737
8.87000,278.376,238.293,200.674,125.950,83.446,46.458,25.902,10.710
8.87333,278.505,238.390,200.674,126.003,83.487,46.487,25.896,10.762
8.87667,278.599,238.575,200.874,126.053,83.367,46.473,25.892,10.811
8.88000,278.724,238.605,200.906,126.099,83.476,46.539,25.898,10.754
8.88333,278.854,238.664,200.967,126.123,83.522,46.524,25.866,10.751
8.88667,279.012,238.800,201.065,126.223,83.550,46.530,25.955,10.783
8.89000,279.083,238.910,201.159,126.249,83.613,46.593,25.961,10.789
8.89333,279.210,239.005,201.267,126.295,83.600,46.630,25.982,10.760
8.89667,279.443,239.187,201.361,126.360,83.652,46.612,25.926,10.742
8.90000,279.491,239.237,201.547,126.476,83.738,46.605,25.973,10.788
8.90333,279.595,239.382,201.575,126.542,83.705,46.672,26.002,10.756
8.90667,279.758,239.438,201.618,126.588,83.807,46.636,25.990,10.777
8.91000,279.876,239.605,201.708,126.613,83.871,46.646,25.950,10.827
8.91333,279.989,239.685,201.816,126.653,83.909,46.687,26.065,10.800
8.91667,280.129,239.751,201.899,126.750,83.874,46.731,26.046,10.889
8.92000,280.281,239.863,202.040,126.759,83.910,46.671,26.059,10.747
8.92333,280.350,239.966,202.118,126.751,83.970,46.760,26.078,10.834
8.92667,280.498,240.123,202.179,126.870,84.010,46.827,26.066,10.743
8.93000,280.627,240.278,202.289,126.931,84.064,46.896,26.139,10.829
8.93333,280.757,240.308,202.351,127.053,84.127,46.862,26.068,10.845
8.93667,280.938,240.443,202.447,127.038,84.110,46.916,26.172,10.857
8.94000,280.970,240.492,202.560,127.082,84.200,46.968,26.081,10.890
8.94333,281.159,240.650,202.599,127.213,84.294,46.892,26.072,10.840
8.94667,281.290,240.738,202.731,127.251,84.262,46.921,26.198,10.867
8.95000,281.409,240.844,202.762,127.349,84.329,46.949,26.176,10.911
8.95333,281.553,240.965,202.917,127.374,84.321,46.982,26.173,10.811
8.95667,281.629,241.022,202.999,127.396,84.382,47.028,26.121,10.852
8.96000,281.787,241.144,203.087,127.464,84.447,47.053,26.242,10.856
8.96333,281.870,241.279,203.159,127.527,84.454,47.040,26.209,10.900
8.96667,282.002,241.431,203.311,127.526,84.449,47.076,26.156,10.917
8.97000,282.133,241.503,203.347,127.610,84.441,47.073,26.192,10.913
8.97333,282.302,241.649,203.435,127.719,84.529,47.120,26.244,10.875
8.97667,282.359,241.614,203.576,127.755,84.615,47.124,26.262,10.866
8.98000,282.513,241.784,203.590,127.781,84.601,47.112,26.176,10.895
8.98333,282.715,241.885,203.783,127.828,84.658,47.130,26.328,10.952
8.98667,282.725,242.059,203.796,127.854,84.725,47.141,26.287,10.914
8.99000,282.830,242.102,203.961,127.967,84.729,47.200,26.257,10.862
8.99333,282.992,242.233,203.961,128.059,84.809,47.244,26.283,10.907
8.99667,283.168,242.375,204.080,128.065,84.829,47.268,26.376,10.951
9.00000,283.279,242.461,204.129,128.146,84.820,47.269,26.313,10.944
9.00333,283.383,242.545,204.277,128.185,84.879,47.283,26.360,10.967
9.00667,283.417,242.690,204.377,128.270,84.875,47.282,26.367,10.940
9.01000,283.644,242.804,204.431,128.354,84.930,47.392,26.330,10.967
9.01333,283.770,242.837,204.494,128.394,84.945,47.319,26.367,10.924
9.01667,283.867,243.004,204.625,128.453,85.069,47.372,26.360,10.961
9.02000,284.021,243.096,204.701,128.505,85.036,47.358,26.371,10.967
9.02333,284.153,243.229,204.843,128.524,85.108,47.405,26.350,10.937
9.02667,284.215,243.320,204.914,128.598,85.136,47.435,26.422,11.029
9.03000,284.422,243.409,204.981,128.656,85.200,47.446,26.390,11.015
9.03333,284.471,243.503,205.114,128.757,85.274,47.454,26.441,11.056
9.03667,284.616,243.616,205.155,128.817,85.209,47.473,26.426,11.014
9.04000,284.773,243.696,205.253,128.809,85.347,47.464,26.448,10.970
9.04333,284.874,243.922,205.284,128.849,85.356,47.477,26.462,10.996
9.04667,284.969,243.945,205.386,128.930,85.423,47.597,26.485,10.974
9.05000,285.124,244.046,205.539,128.963,85.403,47.641,26.477,11.018
9.05333,285.206,244.185,205.638,129.018,85.473,47.557,26.485,11.016
9.05667,285.320,244.306,205.727,129.082,85.483,47.701,26.478,11.043
9.06000,285.505,244.381,205.784,129.207,85.571,47.632,26.534,11.023
9.06333,285.567,244.416,205.797,129.223,85.587,47.618,26.533,10.972
9.06667,285.738,244.555,205.967,129.248,85.597,47.657,26.526,11.058
9.07000,285.863,244.679,206.063,129.337,85.619,47.698,26.545,11.026
9.07333,286.017,244.831,206.172,129.313,85.674,47.744,26.595,11.025
9.07667,286.073,244.866,206.273,129.413,85.705,47.737,26.558,11.109
9.08000,286.260,245.003,206.348,129.545,85.703,47.664,26.588,11.052
9.08333,286.387,245.150,206.471,129.559,85.779,47.745,26.637,11.017
9.08667,286.463,245.110,206.529,129.629,85.832,47.763,26.679,11.104
9.09000,286.604,245.282,206.634,129.618,85.858,47.892,26.608,11.032
9.09333,286.705,245.470,206.685,129.729,86.005,47.895,26.642,11.054
9.09667,286.878,245.526,206.752,129.711,85.991,47.900,26.609,11.068
9.10000,286.955,245.620,206.850,129.867,85.976,47.905,26.612,11.064
9.10333,287.092,245.760,206.961,129.915,86.037,47.940,26.731,11.054
9.10667,287.210,245.870,207.072,129.930,86.069,47.964,26.712,11.012
9.11000,287.371,245.999,207.193,129.990,86.081,47.969,26.710,11.100
9.11333,287.481,246.083,207.215,130.095,86.137,47.990,26.677,11.084
9.11667,287.569,246.161,207.351,130.080,86.168,47.946,26.698,11.080
9.12000,287.653,246.288,207.397,130.130,86.217,47.990,26.708,11.090
9.12333,287.833,246.461,207.492,130.181,86.276,48.044,26.769,11.115
9.12667,287.941,246.512,207.565,130.287,86.263,48.040,26.732,11.166
9.13000,288.090,246.611,207.649,130.254,86.237,48.104,26.743,11.154
9.13333,288.170,246.729,207.706,130.379,86.334,48.075,26.833,11.077
9.13667,288.323,246.766,207.879,130.431,86.414,48.095,26.751,11.099
9.14000,288.431,246.943,207.977,130.481,86.360,48.148,26.795,11.080
9.14333,288.576,246.974,208.060,130.492,86.520,48.165,26.754,11.109
9.14667,288.638,247.129,208.094,130.572,86.589,48.151,26.828,11.080
9.15000,288.775,247.195,208.268,130.623,86.530,48.205,26.837,11.084
9.15333,288.890,247.370,208.278,130.689,86.615,48.220,26.809,11.227
9.15667,289.092,247.460,208.363,130.771,86.648,48.224,26.848,11.190
9.16000,289.130,247.538,208.442,130.890,86.732,48.242,26.909,11.187
9.16333,289.317,247.632,208.552,130.894,86.621,48.254,26.920,11.188
9.16667,289.400,247.745,208.629,130.902,86.734,48.316,26.898,11.164
9.17000,289.557,247.847,208.737,130.996,86.789,48.361,26.915,11.160
9.17333,289.590,247.964,208.808,131.052,86.798,48.315,26.916,11.134
9.17667,289.751,248.098,208.906,131.094,86.825,48.380,26.927,11.154
9.18000,289.889,248.175,208.990,131.181,86.848,48.398,26.990,11.213
9.18333,290.016,248.276,209.104,131.288,86.925,48.360,26.921,11.143
9.18667,290.118,248.307,209.159,131.264,86.933,48.333,26.994,11.201
9.19000,290.269,248.477,209.254,131.261,86.956,48.467,27.020,11.187
9.19333,290.365,248.554,209.287,131.337,87.061,48.426,26.918,11.186
9.19667,290.506,248.676,209.392,131.453,87.064,48.424,27.018,11.207
9.20000,290.646,248.830,209.563,131.459,87.126,48.500,26.988,11.185
9.20333,290.748,248.888,209.615,131.556,87.171,48.532,26.995,11.189
9.20667,290.864,248.981,209.731,131.621,87.156,48.539,27.022,11.259
9.21000,291.013,249.122,209.791,131.723,87.199,48.528,27.073,11.233
9.21333,291.110,249.190,209.905,131.726,87.232,48.547,27.097,11.261
9.21667,291.201,249.316,209.942,131.750,87.208,48.587,27.025,11.247
9.22000,291.306,249.383,210.085,131.790,87.356,48.614,26.986,11.257
9.22333,291.479,249.518,210.119,131.866,87.362,48.671,27.058,11.302
9.22667,291.617,249.601,210.160,131.994,87.328,48.701,27.113,11.262
9.23000,291.704,249.770,210.195,131.997,87.458,48.597,27.043,11.264
9.23333,291.804,249.826,210.319,132.003,87.451,48.715,27.111,11.235
9.23667,291.933,249.932,210.471,132.110,87.501,48.705,27.096,11.294
9.24000,292.059,250.125,210.540,132.190,87.520,48.730,27.087,11.230
9.24333,292.216,250.114,210.647,132.170,87.593,48.759,27.147,11.296
9.24667,292.315,250.242,210.752,132.228,87.600,48.795,27.108,11.339
9.25000,292.382,250.319,210.822,132.291,87.591,48.794,27.133,11.294
9.25333,292.560,250.434,210.949,132.290,87.687,48.814,27.161,11.284
9.25667,292.642,250.533,210.999,132.477,87.676,48.794,27.167,11.304
9.26000,292.772,250.608,211.070,132.516,87.697,48.882,27.236,11.341
9.26333,292.939,250.716,211.153,132.508,87.805,48.892,27.165,11.377
9.26667,293.052,250.873,211.213,132.582,87.786,48.858,27.173,11.322
9.27000,293.172,251.005,211.367,132.655,87.904,48.900,27.260,11.325
9.27333,293.306,251.027,211.425,132.685,87.991,48.957,27.231,11.344
9.27667,293.365,251.159,211.520,132.713,87.946,49.045,27.328,11.385
9.28000,293.468,251.238,211.587,132.754,87.999,49.007,27.334,11.412
9.28333,293.598,251.319,211.654,132.802,87.944,48.987,27.213,11.326
9.28667,293.767,251.440,211.714,132.910,88.038,49.037,27.297,11.275
9.29000,293.890,251.554,211.836,133.016,88.098,49.002,27.314,11.351
9.29333,293.983,251.638,211.938,133.035,88.143,49.088,27.327,11.319
9.29667,294.084,251.749,212.077,133.094,88.195,49.128,27.292,11.440
9.30000,294.204,251.772,212.124,133.087,88.135,49.084,27.333,11.411
9.30333,294.300,252.009,212.177,133.236,88.274,49.123,27.319,11.386
9.30667,294.429,252.081,212.261,133.245,88.289,49.202,27.338,11.395
9.31000,294.558,252.170,212.327,133.305,88.277,49.196,27.409,11.348
9.31333,294.662,252.256,212.436,133.332,88.307,49.178,27.368,11.432
9.31667,294.752,252.411,212.540,133.354,88.372,49.190,27.375,11.403
9.32000,294.936,252.486,212.672,133.417,88.418,49.225,27.412,11.416
9.32333,295.025,252.553,212.698,133.504,88.422,49.227,27.413,11.327
9.32667,295.157,252.659,212.741,133.566,88.504,49.270,27.474,11.410
9.33000,295.253,252.742,212.881,133.596,88.522,49.336,27.332,11.418
9.33333,295.363,252.832,212.964,133.590,88.550,49.324,27.419,11.394
9.33667,295.531,252.981,213.012,133.661,88.574,49.376,27.477,11.396
9.34000,295.664,253.100,213.101,133.778,88.608,49.410,27.507,11.424
9.34333,295.742,253.178,213.219,133.847,88.660,49.354,27.508,11.367
9.34667,295.852,253.295,213.316,133.888,88.671,49.398,27.507,11.457
9.35000,296.057,253.374,213.471,133.965,88.729,49.362,27.506,11.426
9.35333,296.106,253.455,213.490,133.981,88.757,49.424,27.538,11.428
9.35667,296.199,253.572,213.531,134.015,88.764,49.439,27.549,11.420
9.36000,296.393,253.705,213.695,134.096,88.886,49.446,27.482,11.463
9.36333,296.481,253.769,213.715,134.201,88.931,49.417,27.557,11.431
9.36667,296.601,253.900,213.837,134.199,88.863,49.569,27.552,11.491
9.37000,296.783,253.956,213.883,134.176,88.930,49.436,27.533,11.470
9.37333,296.811,254.046,214.004,134.242,88.958,49.480,27.598,11.513
9.37667,296.975,254.143,214.050,134.391,88.963,49.580,27.565,11.423
9.38000,297.086,254.293,214.100,134.418,89.089,49.631,27.642,11.495
9.38333,297.176,254.360,214.239,134.478,89.060,49.588,27.605,11.543
9.38667,297.268,254.471,214.338,134.509,89.167,49.621,27.543,11.479
9.39000,297.324,254.564,214.371,134.585,89.162,49.635,27.578,11.525
9.39333,297.470,254.684,214.448,134.589,89.265,49.718,27.614,11.567
9.39667,297.563,254.787,214.629,134.724,89.182,49.669,27.573,11.496
9.40000,297.728,254.857,214.666,134.773,89.273,49.675,27.634,11.533
9.40333,297.901,254.916,214.751,134.778,89.273,49.691,27.618,11.514
9.40667,297.916,255.051,214.886,134.816,89.312,49.706,27.643,11.503
9.41000,298.120,255.185,214.864,134.889,89.417,49.758,27.621,11.524
9.41333,298.195,255.297,214.956,134.904,89.391,49.769,27.694,11.527
9.41667,298.291,255.343,215.012,135.071,89.401,49.790,27.718,11.544
9.42000,298.361,255.474,215.153,134.993,89.460,49.833,27.727,11.583
9.42333,298.501,255.545,215.244,135.147,89.411,49.808,27.736,11.557
9.42667,298.677,255.707,215.275,135.192,89.565,49.854,27.708,11.509
9.43000,298.756,255.732,215.391,135.226,89.570,49.809,27.730,11.547
9.43333,298.839,255.838,215.543,135.265,89.531,49.914,27.745,11.517
9.43667,299.008,255.945,215.550,135.364,89.578,49.868,27.711,11.558
9.44000,299.138,256.023,215.617,135.345,89.658,49.934,27.784,11.601
9.44333,299.184,256.147,215.791,135.370,89.664,49.990,27.787,11.560
9.44667,299.380,256.282,215.748,135.482,89.725,49.964,27.866,11.564
9.45000,299.446,256.361,215.939,135.457,89.801,50.017,27.792,11.551
9.45333,299.593,256.395,215.995,135.527,89.794,49.956,27.817,11.629
9.45667,299.631,256.483,216.113,135.561,89.893,49.987,27.811,11.598
9.46000,299.765,256.649,216.105,135.639,89.911,50.070,27.796,11.608
9.46333,299.866,256.693,216.248,135.670,89.803,50.001,27.808,11.621
9.46667,300.022,256.805,216.276,135.770,89.906,50.054,27.803,11.580
9.47000,300.113,256.943,216.408,135.831,89.969,50.101,27.807,11.660
9.47333,300.253,257.043,216.505,135.838,90.010,50.042,27.913,11.632
9.47667,300.292,257.113,216.600,135.903,90.040,50.191,27.845,11.590
9.48000,300.378,257.195,216.583,135.964,90.113,50.126,27.827,11.629
9.48333,300.624,257.354,216.667,136.014,90.150,50.130,27.945,11.590
9.48667,300.586,257.356,216.783,136.019,90.106,50.143,28.000,11.626
9.49000,300.810,257.491,216.861,136.130,90.181,50.181,27.946,11.643
9.49333,300.893,257.570,216.914,136.189,90.145,50.214,27.967,11.634
9.49667,301.026,257.703,216.975,136.221,90.230,50.244,27.973,11.652
9.50000,301.078,257.776,217.122,136.326,90.277,50.259,27.984,11.596
9.50333,301.284,257.891,217.221,136.262,90.306,50.240,27.986,11.687
9.50667,301.308,257.951,217.247,136.384,90.325,50.325,27.995,11.652
9.51000,301.398,258.060,217.363,136.393,90.425,50.336,28.067,11.650
9.51333,301.553,258.132,217.444,136.493,90.411,50.330,28.024,11.634
9.51667,301.673,258.224,217.483,136.525,90.499,50.328,27.961,11.663
9.52000,301.802,258.315,217.581,136.629,90.514,50.382,28.008,11.700
9.52333,301.911,258.462,217.676,136.646,90.495,50.392,28.006,11.685
9.52667,301.971,258.545,217.720,136.630,90.536,50.399,28.068,11.675
9.53000,302.153,258.663,217.858,136.678,90.572,50.416,28.020,11.712
9.53333,302.218,258.724,217.881,136.768,90.620,50.434,28.014,11.764
9.53667,302.343,258.824,218.011,136.820,90.642,50.491,28.041,11.769
9.54000,302.408,258.937,218.095,136.863,90.719,50.474,28.036,11.747
9.54333,302.575,259.058,218.089,136.898,90.701,50.481,28.046,11.671
9.54667,302.658,259.117,218.264,136.990,90.802,50.496,28.101,11.699
9.55000,302.798,259.167,218.364,137.042,90.821,50.612,28.131,11.730
9.55333,302.890,259.288,218.399,137.092,90.764,50.562,28.125,11.762
9.55667,302.905,259.418,218.431,137.118,90.839,50.575,28.105,11.761
9.56000,303.142,259.466,218.522,137.193,90.836,50.555,28.124,11.720
9.56333,303.198,259.569,218.641,137.211,90.879,50.617,28.168,11.720
9.56667,303.285,259.670,218.687,137.267,90.906,50.709,28.131,11.741
9.57000,303.448,259.815,218.726,137.391,91.008,50.671,28.185,11.787
9.57333,303.528,259.805,218.936,137.329,91.007,50.705,28.188,11.741
9.57667,303.624,259.901,218.943,137.481,91.113,50.720,28.171,11.808
9.58000,303.758,260.023,219.032,137.473,91.096,50.733,28.169,11.712
9.58333,303.885,260.145,219.128,137.538,91.083,50.694,28.204,11.680
9.58667,303.942,260.168,219.173,137.530,91.174,50.729,28.221,11.711
9.59000,304.014,260.255,219.298,137.596,91.175,50.747,28.238,11.815
9.59333,304.214,260.393,219.307,137.629,91.186,50.813,28.237,11.789
9.59667,304.271,260.493,219.415,137.671,91.278,50.792,28.305,11.727
9.60000,304.370,260.624,219.487,137.803,91.256,50.819,28.293,11.787
9.60333,304.485,260.724,219.573,137.786,91.235,50.856,28.272,11.768
9.60667,304.595,260.769,219.648,137.789,91.326,50.838,28.318,11.810
9.61000,304.731,260.848,219.720,137.947,91.357,50.849,28.279,11.843
9.61333,304.826,261.036,219.814,137.970,91.336,50.842,28.305,11.818
9.61667,304.896,261.131,219.905,137.986,91.574,50.910,28.233,11.814
9.62000,305.010,261.146,219.998,138.001,91.504,50.952,28.305,11.854
9.62333,305.139,261.245,220.008,138.062,91.472,50.921,28.340,11.748
9.62667,305.248,261.348,220.181,138.146,91.517,51.029,28.333,11.807
9.63000,305.354,261.436,220.143,138.248,91.532,50.972,28.311,11.818
9.63333,305.412,261.483,220.299,138.236,91.587,51.018,28.334,11.870
9.63667,305.538,261.634,220.370,138.284,91.657,51.018,28.337,11.845
9.64000,305.677,261.652,220.454,138.306,91.665,51.024,28.279,11.786
9.64333,305.799,261.774,220.541,138.415,91.697,51.033,28.392,11.885
9.64667,305.915,261.871,220.585,138.417,91.704,51.052,28.431,11.911
9.65000,305.986,261.978,220.623,138.553,91.771,51.117,28.396,11.823
9.65333,306.052,262.062,220.714,138.508,91.776,51.115,28.379,11.888
9.65667,306.190,262.095,220.823,138.549,91.793,51.111,28.428,11.892
9.66000,306.322,262.279,220.838,138.620,91.863,51.139,28.428,11.863
9.66333,306.511,262.337,220.987,138.620,91.917,51.132,28.469,11.924
9.66667,306.514,262.378,221.063,138.652,91.959,51.171,28.470,11.927
9.67000,306.598,262.511,221.069,138.791,91.915,51.165,28.483,11.813
9.67333,306.766,262.599,221.160,138.769,91.985,51.183,28.487,11.902
9.67667,306.820,262.683,221.278,138.841,92.044,51.184,28.510,11.864
9.68000,306.885,262.767,221.346,138.910,91.922,51.239,28.521,11.807
9.68333,306.988,262.905,221.444,138.969,92.114,51.281,28.530,11.904
9.68667,307.107,263.001,221.443,139.071,92.175,51.227,28.571,11.897
9.69000,307.228,263.048,221.503,139.060,92.118,51.253,28.599,11.961
9.69333,307.331,263.146,221.626,139.093,92.120,51.291,28.531,11.917
9.69667,307.454,263.206,221.727,139.146,92.322,51.309,28.570,11.873
9.70000,307.539,263.214,221.742,139.229,92.273,51.356,28.516,11.974
9.70333,307.621,263.394,221.863,139.273,92.347,51.383,28.512,11.965
9.70667,307.722,263.394,221.830,139.258,92.371,51.378,28.566,11.933
9.71000,307.822,263.510,222.031,139.322,92.323,51.415,28.609,11.921
9.71333,307.995,263.676,222.080,139.420,92.440,51.447,28.591,11.958
9.71667,308.069,263.726,222.065,139.464,92.358,51.453,28.597,11.910
9.72000,308.135,263.736,222.164,139.508,92.464,51.450,28.637,11.937
9.72333,308.253,263.943,222.265,139.520,92.477,51.479,28.601,11.956
9.72667,308.336,264.008,222.357,139.565,92.488,51.518,28.643,11.995
9.73000,308.434,264.036,222.433,139.585,92.559,51.480,28.665,11.938
9.73333,308.547,264.200,222.555,139.605,92.531,51.552,28.712,11.935
9.73667,308.661,264.214,222.593,139.679,92.618,51.598,28.685,11.935
9.74000,308.709,264.339,222.671,139.736,92.602,51.512,28.729,12.020
9.74333,308.852,264.423,222.617,139.707,92.606,51.543,28.658,11.963
9.74667,308.923,264.523,222.754,139.827,92.660,51.537,28.587,11.964
9.75000,309.084,264.603,222.906,139.957,92.716,51.601,28.700,11.929
9.75333,309.148,264.730,222.975,139.880,92.706,51.603,28.749,11.915
9.75667,309.267,264.779,223.030,139.972,92.756,51.638,28.701,11.963
9.76000,309.374,264.939,223.070,140.014,92.823,51.563,28.736,12.027
9.76333,309.453,264.939,223.134,140.058,92.857,51.681,28.733,12.012
9.76667,309.615,265.072,223.184,140.056,92.843,51.558,28.799,11.980
9.77000,309.733,265.114,223.275,140.192,92.925,51.685,28.692,11.919
9.77333,309.751,265.205,223.366,140.198,92.967,51.726,28.687,12.033
9.77667,309.841,265.276,223.455,140.262,92.969,51.713,28.829,12.031
9.78000,310.012,265.365,223.529,140.251,93.018,51.725,28.732,11.999
9.78333,310.061,265.424,223.602,140.320,93.024,51.743,28.821,11.994
9.78667,310.121,265.511,223.663,140.428,93.090,51.763,28.793,12.038
9.79000,310.336,265.633,223.774,140.436,93.049,51.800,28.789,12.045
9.79333,310.370,265.750,223.781,140.443,93.053,51.808,28.789,12.050
9.79667,310.424,265.790,223.915,140.475,93.133,51.802,28.845,12.049
9.80000,310.521,265.928,223.917,140.537,93.192,51.820,28.814,12.033
9.80333,310.630,266.006,224.037,140.625,93.203,51.877,28.859,12.022
9.80667,310.734,266.035,224.060,140.660,93.179,51.851,28.865,12.025
9.81000,310.835,266.082,224.137,140.662,93.232,51.928,28.886,12.034
9.81333,310.901,266.259,224.205,140.767,93.217,51.900,28.859,12.031
9.81667,311.074,266.289,224.319,140.740,93.344,51.971,28.933,12.061
9.82000,311.167,266.365,224.463,140.832,93.365,51.979,28.857,12.024
9.82333,311.184,266.485,224.465,140.876,93.356,52.012,28.861,12.124
9.82667,311.330,266.599,224.528,140.918,93.374,51.929,28.917,12.065
9.83000,311.482,266.626,224.648,140.965,93.374,51.905,28.927,12.047
9.83333,311.531,266.690,224.713,141.041,93.415,51.961,28.922,12.048
9.83667,311.629,266.749,224.793,141.082,93.446,52.032,28.907,12.105
9.84000,311.716,266.875,224.780,141.097,93.534,52.049,28.968,12.161
9.84333,311.827,266.989,224.894,141.155,93.572,52.046,28.919,11.994
9.84667,311.904,267.008,224.944,141.121,93.537,52.091,28.996,12.061
9.85000,311.980,267.093,225.008,141.229,93.629,52.091,28.940,12.068
9.85333,312.078,267.235,225.054,141.216,93.659,52.054,28.940,12.095
9.85667,312.229,267.238,225.177,141.312,93.688,52.097,28.966,12.141
9.86000,312.302,267.355,225.195,141.343,93.701,52.135,29.028,12.155
9.86333,312.342,267.491,225.274,141.425,93.715,52.192,29.014,12.040
9.86667,312.451,267.555,225.316,141.445,93.764,52.130,29.024,12.064
9.87000,312.588,267.573,225.436,141.486,93.768,52.155,29.014,12.089
9.87333,312.626,267.732,225.467,141.517,93.870,52.227,29.009,12.111
9.87667,312.789,267.799,225.551,141.568,93.847,52.191,29.041,12.173
9.88000,312.847,267.844,225.641,141.664,93.884,52.214,29.022,12.181
9.88333,312.983,267.938,225.634,141.591,93.902,52.274,29.043,12.127
9.88667,313.027,267.958,225.723,141.675,93.962,52.276,29.052,12.133
9.89000,313.132,268.143,225.769,141.766,93.943,52.285,29.049,12.090
9.89333,313.180,268.163,225.896,141.724,94.003,52.327,29.098,12.130
9.89667,313.374,268.277,225.905,141.846,93.984,52.300,29.076,12.158
9.90000,313.409,268.391,226.001,141.894,94.042,52.285,29.052,12.130
9.90333,313.473,268.428,226.151,141.916,93.992,52.354,29.084,12.161
9.90667,313.614,268.548,226.128,141.894,94.045,52.324,29.041,12.125
9.91000,313.701,268.565,226.185,141.954,94.171,52.369,29.094,12.121
9.91333,313.790,268.700,226.253,142.042,94.145,52.379,29.157,12.159
9.91667,313.871,268.705,226.281,142.061,94.116,52.390,29.133,12.116
9.92000,313.979,268.856,226.449,142.136,94.202,52.398,29.143,12.236
9.92333,314.070,268.862,226.461,142.148,94.184,52.427,29.075,12.190
9.92667,314.105,268.933,226.556,142.165,94.253,52.413,29.168,12.156
9.93000,314.227,269.057,226.624,142.254,94.232,52.480,29.112,12.201
9.93333,314.385,269.135,226.707,142.249,94.280,52.476,29.145,12.129
9.93667,314.441,269.107,226.770,142.288,94.299,52.442,29.197,12.168
9.94000,314.514,269.312,226.780,142.368,94.337,52.485,29.134,12.170
9.94333,314.650,269.310,226.895,142.428,94.442,52.538,29.168,12.172
9.94667,314.705,269.400,226.963,142.425,94.399,52.551,29.196,12.206
9.95000,314.785,269.507,227.037,142.520,94.531,52.509,29.201,12.215
9.95333,314.829,269.625,227.123,142.560,94.396,52.582,29.274,12.234
9.95667,314.974,269.713,227.110,142.544,94.495,52.537,29.255,12.226
9.96000,315.030,269.767,227.148,142.635,94.531,52.627,29.245,12.259
9.96333,315.138,269.791,227.316,142.659,94.589,52.595,29.272,12.236
9.96667,315.267,269.959,227.464,142.703,94.562,52.629,29.233,12.223
9.97000,315.295,269.921,227.441,142.720,94.582,52.591,29.264,12.246
9.97333,315.391,270.054,227.497,142.730,94.588,52.614,29.219,12.237
9.97667,315.475,270.116,227.516,142.787,94.596,52.713,29.272,12.250
9.98000,315.555,270.201,227.611,142.929,94.727,52.713,29.289,12.297
9.98333,315.691,270.275,227.750,142.889,94.730,52.753,29.366,12.224
9.98667,315.751,270.400,227.799,142.891,94.778,52.697,29.337,12.244
9.99000,315.860,270.437,227.792,142.973,94.741,52.750,29.311,12.240
9.99333,315.964,270.493,227.882,143.005,94.836,52.762,29.278,12.272
9.99667,316.060,270.591,227.891,143.061,94.805,52.746,29.325,12.253
10.00000,316.118,270.641,228.011,143.037,94.848,52.790,29.281,12.252
10.00333,316.167,270.683,228.091,143.144,94.841,52.776,29.346,12.238
10.00667,316.253,270.911,228.144,143.131,94.906,52.798,29.332,12.321
10.01000,316.394,270.900,228.220,143.207,94.903,52.807,29.386,12.200
10.01333,316.357,270.929,228.222,143.314,94.972,52.874,29.400,12.269
10.01667,316.478,271.012,228.394,143.355,95.016,52.846,29.340,12.303
10.02000,316.667,271.076,228.372,143.397,94.993,52.822,29.385,12.303
10.02333,316.742,271.168,228.458,143.394,95.039,52.835,29.444,12.263
10.02667,316.771,271.177,228.534,143.394,95.094,52.922,29.373,12.295
10.03000,316.972,271.315,228.590,143.448,95.115,52.909,29.409,12.285
10.03333,316.979,271.483,228.621,143.438,95.119,52.850,29.420,12.284
10.03667,317.154,271.461,228.669,143.527,95.157,52.965,29.386,12.248
10.04000,317.143,271.486,228.787,143.559,95.216,52.984,29.445,12.289
10.04333,317.220,271.628,228.790,143.647,95.223,52.994,29.467,12.318
10.04667,317.293,271.707,228.836,143.658,95.232,52.946,29.483,12.366
10.05000,317.442,271.778,228.880,143.647,95.254,52.973,29.497,12.361
10.05333,317.496,271.942,228.975,143.789,95.272,52.993,29.489,12.406
10.05667,317.566,271.863,229.043,143.738,95.337,52.981,29.417,12.330
10.06000,317.643,271.983,229.049,143.762,95.322,53.041,29.491,12.346
10.06333,317.708,272.028,229.133,143.865,95.280,53.024,29.489,12.291
10.06667,317.825,272.140,229.226,143.872,95.401,53.099,29.496,12.335
10.07000,317.962,272.157,229.312,143.842,95.406,53.054,29.481,12.367
10.07333,318.015,272.296,229.339,143.998,95.440,53.081,29.508,12.342
10.07667,318.068,272.333,229.383,143.978,95.432,53.134,29.511,12.347
10.08000,318.130,272.423,229.432,144.131,95.480,53.114,29.497,12.307
10.08333,318.280,272.465,229.523,144.102,95.413,53.052,29.556,12.376
10.08667,318.351,272.538,229.564,144.133,95.571,53.143,29.593,12.341
10.09000,318.380,272.663,229.664,144.173,95.502,53.199,29.563,12.324
10.09333,318.508,272.724,229.739,144.168,95.567,53.151,29.490,12.330
10.09667,318.592,272.732,229.778,144.264,95.626,53.165,29.583,12.334
10.10000,318.613,272.865,229.823,144.341,95.576,53.245,29.597,12.355
10.10333,318.731,272.910,229.885,144.261,95.621,53.220,29.563,12.343
10.10667,318.823,272.999,229.885,144.328,95.688,53.230,29.583,12.378
10.11000,318.930,273.034,230.000,144.334,95.775,53.275,29.633,12.371
10.11333,319.018,273.186,230.012,144.441,95.772,53.210,29.546,12.363
10.11667,319.062,273.236,230.137,144.386,95.717,53.283,29.618,12.414
10.12000,319.141,273.295,230.212,144.444,95.761,53.246,29.567,12.445
10.12333,319.213,273.341,230.258,144.526,95.780,53.283,29.705,12.388
10.12667,319.358,273.392,230.305,144.528,95.873,53.302,29.601,12.339
10.13000,319.397,273.450,230.350,144.570,95.839,53.293,29.617,12.377
10.13333,319.528,273.547,230.424,144.577,95.920,53.353,29.712,12.456
10.13667,319.558,273.647,230.449,144.639,95.851,53.366,29.650,12.424
10.14000,319.638,273.605,230.544,144.716,95.978,53.330,29.638,12.370
10.14333,319.722,273.718,230.636,144.698,95.968,53.383,29.660,12.463
10.14667,319.758,273.797,230.655,144.713,96.006,53.375,29.686,12.408
10.15000,319.810,273.842,230.731,144.765,95.989,53.374,29.643,12.448
10.15333,319.966,273.996,230.777,144.856,96.052,53.445,29.677,12.392
10.15667,320.015,274.023,230.851,144.876,96.083,53.404,29.695,12.376
10.16000,320.072,274.068,230.868,144.891,96.067,53.405,29.633,12.449
10.16333,320.170,274.101,230.928,144.885,96.127,53.491,29.729,12.427
10.16667,320.231,274.185,231.001,144.964,96.133,53.470,29.726,12.461
10.17000,320.350,274.304,231.074,144.978,96.142,53.532,29.764,12.444
10.17333,320.411,274.315,231.159,145.055,96.283,53.539,29.780,12.457
10.17667,320.503,274.440,231.148,145.052,96.213,53.521,29.750,12.509
10.18000,320.519,274.485,231.261,145.137,96.215,53.599,29.704,12.388
10.18333,320.652,274.575,231.267,145.180,96.267,53.512,29.696,12.460
10.18667,320.676,274.651,231.406,145.210,96.273,53.543,29.804,12.422
10.19000,320.802,274.667,231.364,145.201,96.326,53.588,29.785,12.424
10.19333,320.918,274.785,231.441,145.309,96.316,53.583,29.758,12.446
10.19667,320.924,274.822,231.502,145.298,96.353,53.581,29.849,12.461
10.20000,321.042,274.884,231.598,145.387,96.404,53.630,29.746,12.443
10.20333,321.168,274.949,231.624,145.338,96.444,53.569,29.839,12.469
10.20667,321.171,275.026,231.712,145.434,96.407,53.688,29.797,12.452
10.21000,321.235,275.043,231.705,145.464,96.406,53.597,29.856,12.433
10.21333,321.364,275.199,231.810,145.508,96.492,53.650,29.839,12.531
10.21667,321.406,275.218,231.760,145.469,96.497,53.683,29.797,12.440
10.22000,321.500,275.270,231.883,145.533,96.531,53.698,29.808,12.563
10.22333,321.581,275.315,231.924,145.601,96.511,53.700,29.854,12.439
10.22667,321.662,275.371,232.022,145.557,96.538,53.684,29.887,12.470
10.23000,321.748,275.500,232.056,145.712,96.555,53.761,29.835,12.521
10.23333,321.787,275.510,232.068,145.695,96.591,53.697,29.881,12.486
10.23667,321.873,275.557,232.166,145.738,96.635,53.781,29.804,12.495
10.24000,321.926,275.763,232.199,145.774,96.584,53.759,29.881,12.533
10.24333,322.087,275.687,232.273,145.777,96.674,53.784,29.879,12.551
10.24667,322.117,275.819,232.327,145.774,96.629,53.816,29.908,12.493
10.25000,322.158,275.865,232.378,145.874,96.704,53.887,29.903,12.482
10.25333,322.291,275.870,232.476,145.859,96.732,53.822,29.962,12.497
10.25667,322.303,275.970,232.453,145.868,96.753,53.787,29.904,12.505
10.26000,322.396,276.048,232.615,145.973,96.794,53.845,29.875,12.554
10.26333,322.446,276.152,232.667,145.981,96.834,53.830,29.903,12.508
10.26667,322.563,276.233,232.668,146.019,96.856,53.845,29.911,12.509
10.27000,322.617,276.257,232.650,146.030,96.822,53.801,29.983,12.474
10.27333,322.683,276.366,232.689,146.052,96.875,53.857,29.919,12.458
10.27667,322.774,276.395,232.802,146.116,96.823,53.875,30.011,12.517
10.28000,322.858,276.435,232.879,146.127,96.879,53.933,29.961,12.521
10.28333,322.993,276.445,232.912,146.168,96.934,53.943,29.944,12.542
10.28667,322.969,276.595,232.928,146.203,96.954,53.952,29.998,12.513
10.29000,323.037,276.632,232.980,146.274,96.851,53.928,29.962,12.548
10.29333,323.167,276.688,233.062,146.337,96.965,53.997,30.008,12.560
10.29667,323.204,276.740,233.136,146.355,97.034,53.967,29.963,12.546
10.30000,323.280,276.752,233.165,146.413,97.037,53.983,29.991,12.593
10.30333,323.342,276.845,233.254,146.375,97.065,53.971,30.024,12.574
10.30667,323.386,276.915,233.304,146.415,97.091,53.971,30.013,12.552
10.31000,323.447,276.939,233.306,146.466,97.128,54.039,30.090,12.522
10.31333,323.540,277.000,233.345,146.507,97.101,54.049,30.012,12.556
10.31667,323.660,277.122,233.465,146.516,97.100,54.000,30.020,12.546
10.32000,323.687,277.149,233.475,146.565,97.107,54.070,30.100,12.536
10.32333,323.792,277.224,233.537,146.554,97.141,54.100,30.002,12.578
10.32667,323.804,277.302,233.558,146.674,97.146,54.101,30.048,12.557
10.33000,323.930,277.350,233.642,146.605,97.264,54.044,30.038,12.526
10.33333,324.015,277.431,233.686,146.678,97.231,54.121,30.039,12.567
10.33667,324.028,277.465,233.778,146.758,97.288,54.077,30.072,12.635
10.34000,324.138,277.477,233.811,146.758,97.268,54.148,29.999,12.557
10.34333,324.234,277.587,233.846,146.730,97.398,54.154,30.049,12.568
10.34667,324.273,277.668,233.934,146.767,97.304,54.124,30.040,12.597
10.35000,324.294,277.778,233.913,146.952,97.292,54.088,30.108,12.607
10.35333,324.368,277.717,233.981,146.864,97.346,54.192,30.042,12.657
10.35667,324.489,277.843,234.011,146.942,97.339,54.233,30.067,12.631
10.36000,324.548,277.917,234.086,146.929,97.420,54.180,30.180,12.628
10.36333,324.611,277.980,234.145,146.966,97.389,54.224,30.123,12.530
10.36667,324.632,277.984,234.175,146.952,97.535,54.206,30.181,12.573
10.37000,324.766,278.103,234.287,147.059,97.454,54.160,30.103,12.649
10.37333,324.805,278.069,234.352,147.055,97.488,54.207,30.057,12.586
10.37667,324.856,278.190,234.314,147.142,97.527,54.251,30.125,12.563
10.38000,324.996,278.281,234.342,147.077,97.554,54.253,30.132,12.621
10.38333,325.040,278.301,234.418,147.213,97.546,54.313,30.123,12.592
10.38667,325.095,278.389,234.489,147.195,97.575,54.348,30.162,12.615
10.39000,325.155,278.396,234.505,147.209,97.552,54.307,30.091,12.602
10.39333,325.216,278.526,234.571,147.263,97.590,54.332,30.213,12.628
10.39667,325.366,278.482,234.667,147.257,97.628,54.328,30.224,12.639
10.40000,325.365,278.611,234.671,147.321,97.696,54.348,30.147,12.652
10.40333,325.369,278.636,234.693,147.319,97.746,54.354,30.164,12.656
10.40667,325.496,278.675,234.785,147.318,97.698,54.359,30.297,12.577
10.41000,325.509,278.749,234.831,147.447,97.705,54.374,30.194,12.636
10.41333,325.658,278.796,234.913,147.423,97.686,54.397,30.174,12.631
10.41667,325.712,278.873,234.979,147.464,97.761,54.407,30.212,12.647
10.42000,325.749,278.939,234.959,147.488,97.804,54.457,30.181,12.699
10.42333,325.909,278.957,235.072,147.507,97.797,54.403,30.169,12.687
10.42667,325.881,279.068,235.098,147.563,97.815,54.422,30.195,12.647
10.43000,325.912,279.098,235.087,147.519,97.902,54.451,30.216,12.598
10.43333,325.968,279.161,235.170,147.655,97.882,54.441,30.237,12.703
10.43667,326.059,279.171,235.255,147.602,97.916,54.467,30.262,12.653
10.44000,326.160,279.287,235.232,147.639,97.836,54.481,30.329,12.698
10.44333,326.142,279.303,235.285,147.681,97.835,54.512,30.301,12.642
10.44667,326.302,279.351,235.399,147.665,97.945,54.542,30.317,12.585
10.45000,326.360,279.472,235.392,147.711,97.972,54.502,30.273,12.686
10.45333,326.384,279.480,235.482,147.767,97.953,54.468,30.312,12.689
10.45667,326.481,279.573,235.501,147.795,97.994,54.483,30.261,12.682
10.46000,326.523,279.647,235.505,147.811,98.070,54.511,30.272,12.731
10.46333,326.623,279.663,235.621,147.873,98.024,54.582,30.316,12.689
10.46667,326.718,279.699,235.598,147.948,98.003,54.530,30.268,12.647
10.47000,326.722,279.784,235.674,147.912,98.064,54.553,30.360,12.662
10.47333,326.827,279.853,235.718,147.923,98.106,54.536,30.325,12.669
10.47667,326.841,279.882,235.768,147.889,98.170,54.605,30.333,12.676
10.48000,326.897,279.861,235.788,148.004,98.129,54.529,30.288,12.670
10.48333,326.972,280.085,235.912,148.009,98.118,54.637,30.308,12.654
10.48667,327.018,280.000,235.935,148.125,98.198,54.613,30.343,12.697
10.49000,327.091,280.076,235.936,148.117,98.208,54.582,30.364,12.674
10.49333,327.103,280.135,236.004,148.092,98.221,54.644,30.368,12.702
10.49667,327.207,280.143,236.048,148.172,98.269,54.644,30.343,12.729
10.50000,327.257,280.214,236.081,148.173,98.330,54.715,30.362,12.739
10.50333,327.300,280.323,236.087,148.282,98.259,54.701,30.365,12.743
10.50667,327.461,280.391,236.219,148.244,98.308,54.649,30.361,12.674
10.51000,327.440,280.428,236.209,148.243,98.353,54.650,30.362,12.745
10.51333,327.514,280.506,236.268,148.262,98.360,54.634,30.386,12.718
10.51667,327.571,280.532,236.362,148.335,98.350,54.670,30.387,12.739
10.52000,327.654,280.567,236.240,148.354,98.357,54.758,30.348,12.726
10.52333,327.694,280.529,236.401,148.437,98.395,54.722,30.392,12.738
10.52667,327.723,280.666,236.486,148.375,98.414,54.690,30.463,12.738
10.53000,327.854,280.760,236.469,148.425,98.384,54.764,30.398,12.731
10.53333,327.864,280.750,236.527,148.483,98.421,54.716,30.428,12.707
10.53667,327.913,280.792,236.596,148.462,98.513,54.799,30.375,12.716
10.54000,328.025,280.883,236.519,148.545,98.497,54.802,30.420,12.815
10.54333,328.062,280.910,236.654,148.562,98.516,54.797,30.402,12.762
10.54667,328.127,280.997,236.739,148.548,98.510,54.804,30.472,12.772
10.55000,328.145,281.025,236.666,148.606,98.491,54.841,30.406,12.764
10.55333,328.258,280.986,236.811,148.590,98.512,54.827,30.408,12.736
10.55667,328.312,281.114,236.839,148.647,98.570,54.887,30.450,12.814
10.56000,328.389,281.159,236.864,148.693,98.604,54.872,30.503,12.733
10.56333,328.412,281.276,236.930,148.706,98.689,54.839,30.441,12.789
10.56667,328.482,281.259,236.983,148.683,98.618,54.854,30.459,12.777
10.57000,328.497,281.318,236.997,148.792,98.697,54.824,30.504,12.784
10.57333,328.608,281.284,237.074,148.805,98.610,54.851,30.506,12.728
10.57667,328.687,281.461,237.119,148.846,98.714,54.930,30.455,12.816
10.58000,328.722,281.527,237.190,148.835,98.705,54.910,30.489,12.838
10.58333,328.816,281.527,237.111,148.811,98.701,54.837,30.468,12.757
10.58667,328.806,281.518,237.202,148.883,98.724,54.861,30.554,12.819
10.59000,328.901,281.655,237.212,148.862,98.762,54.873,30.493,12.758
10.59333,328.908,281.661,237.278,148.920,98.795,54.921,30.513,12.775
10.59667,328.983,281.738,237.434,148.918,98.763,54.902,30.484,12.719
10.60000,329.075,281.802,237.433,148.979,98.798,54.914,30.607,12.741
10.60333,329.087,281.881,237.498,149.082,98.845,54.982,30.536,12.710
10.60667,329.179,281.823,237.470,149.081,98.816,55.015,30.534,12.806
10.61000,329.271,281.865,237.450,149.031,98.900,54.974,30.556,12.726
10.61333,329.226,281.967,237.550,149.103,98.847,55.016,30.515,12.859
10.61667,329.364,282.017,237.603,149.124,98.872,54.972,30.557,12.749
10.62000,329.400,282.028,237.633,149.152,98.875,55.008,30.598,12.726
10.62333,329.394,282.162,237.750,149.182,98.890,55.005,30.548,12.814
10.62667,329.480,282.127,237.714,149.192,98.957,55.086,30.579,12.839
10.63000,329.584,282.212,237.789,149.197,98.985,55.053,30.585,12.835
10.63333,329.600,282.196,237.782,149.336,98.953,55.086,30.545,12.834
10.63667,329.660,282.294,237.775,149.249,98.954,55.063,30.566,12.806
10.64000,329.703,282.329,237.875,149.337,99.012,55.036,30.546,12.847
10.64333,329.767,282.403,237.871,149.285,98.969,55.049,30.585,12.831
10.64667,329.853,282.411,237.898,149.399,99.054,55.067,30.548,12.817
10.65000,329.813,282.469,237.978,149.383,99.084,55.042,30.617,12.846
10.65333,329.981,282.591,238.010,149.460,99.083,55.117,30.634,12.810
10.65667,330.060,282.573,238.026,149.486,99.137,55.116,30.662,12.781
10.66000,330.080,282.631,238.110,149.458,99.091,55.098,30.553,12.728
10.66333,330.111,282.627,238.141,149.520,99.165,55.123,30.642,12.826
10.66667,330.189,282.758,238.186,149.485,99.124,55.161,30.605,12.775
10.67000,330.214,282.784,238.211,149.566,99.131,55.116,30.605,12.889
10.67333,330.296,282.857,238.267,149.586,99.125,55.198,30.673,12.852
10.67667,330.270,282.861,238.342,149.574,99.174,55.155,30.605,12.773
10.68000,330.380,282.917,238.317,149.573,99.148,55.202,30.702,12.754
10.68333,330.472,282.932,238.376,149.599,99.199,55.200,30.688,12.874
10.68667,330.487,283.013,238.442,149.675,99.204,55.193,30.646,12.893
10.69000,330.561,283.058,238.453,149.643,99.223,55.159,30.695,12.833
10.69333,330.562,283.099,238.506,149.640,99.323,55.144,30.607,12.793
10.69667,330.578,283.042,238.520,149.742,99.266,55.238,30.637,12.898
10.70000,330.692,283.108,238.584,149.777,99.276,55.197,30.703,12.850
10.70333,330.700,283.216,238.611,149.830,99.301,55.269,30.670,12.847
10.70667,330.867,283.285,238.636,149.841,99.323,55.256,30.746,12.853
10.71000,330.791,283.332,238.713,149.786,99.390,55.231,30.672,12.952
10.71333,330.966,283.366,238.753,149.850,99.361,55.326,30.687,12.918
10.71667,330.920,283.405,238.787,149.925,99.402,55.319,30.655,12.895
10.72000,331.071,283.459,238.746,149.882,99.371,55.207,30.689,12.844
10.72333,331.027,283.555,238.848,149.893,99.396,55.367,30.715,12.889
10.72667,331.063,283.555,238.940,149.961,99.352,55.282,30.695,12.885
10.73000,331.158,283.568,238.940,149.928,99.519,55.319,30.706,12.843
10.73333,331.213,283.633,238.931,150.014,99.457,55.294,30.782,12.926
10.73667,331.215,283.670,238.957,150.011,99.454,55.308,30.716,12.919
10.74000,331.335,283.672,239.056,150.043,99.499,55.336,30.682,12.891
10.74333,331.350,283.738,239.092,150.109,99.478,55.337,30.707,12.864
10.74667,331.447,283.801,239.105,150.091,99.437,55.331,30.728,12.820
10.75000,331.439,283.783,239.101,150.133,99.521,55.327,30.714,12.906
10.75333,331.536,283.859,239.222,150.170,99.505,55.413,30.752,12.959
10.75667,331.569,283.938,239.225,150.123,99.569,55.408,30.760,12.912
10.76000,331.592,283.957,239.221,150.130,99.571,55.386,30.706,12.896
10.76333,331.706,284.011,239.272,150.174,99.623,55.333,30.699,12.897
10.76667,331.673,284.042,239.352,150.245,99.609,55.421,30.782,12.926
10.77000,331.818,284.087,239.392,150.225,99.597,55.474,30.749,12.905
10.77333,331.841,284.196,239.376,150.302,99.638,55.431,30.754,12.949
10.77667,331.889,284.169,239.428,150.251,99.617,55.436,30.781,12.957
10.78000,331.957,284.186,239.456,150.292,99.668,55.431,30.837,12.961
10.78333,331.956,284.238,239.412,150.301,99.746,55.412,30.796,12.921
10.78667,331.988,284.280,239.506,150.297,99.733,55.450,30.789,12.955
10.79000,332.026,284.327,239.600,150.380,99.716,55.529,30.836,12.868
10.79333,332.142,284.377,239.551,150.402,99.747,55.461,30.800,12.910
10.79667,332.167,284.429,239.620,150.442,99.687,55.454,30.821,12.897
10.80000,332.201,284.463,239.705,150.422,99.751,55.548,30.855,12.877
10.80333,332.272,284.455,239.691,150.467,99.725,55.394,30.809,12.895
10.80667,332.344,284.581,239.722,150.474,99.761,55.537,30.833,12.942
10.81000,332.333,284.569,239.757,150.484,99.806,55.550,30.835,12.939
10.81333,332.340,284.551,239.766,150.531,99.813,55.502,30.774,12.954
10.81667,332.390,284.710,239.840,150.536,99.844,55.544,30.831,12.952
10.82000,332.495,284.644,239.884,150.563,99.855,55.578,30.813,12.960
10.82333,332.559,284.765,239.916,150.605,99.856,55.531,30.879,12.953
10.82667,332.577,284.800,239.991,150.638,99.912,55.526,30.874,12.861
10.83000,332.678,284.808,239.965,150.629,99.907,55.538,30.863,12.939
10.83333,332.679,284.844,240.039,150.683,99.945,55.532,30.851,12.989
10.83667,332.754,284.903,240.121,150.686,99.903,55.635,30.841,12.910
10.84000,332.814,284.915,240.028,150.695,99.851,55.635,30.902,13.018
10.84333,332.841,284.955,240.087,150.698,100.010,55.542,30.917,12.950
10.84667,332.851,285.001,240.110,150.795,99.948,55.586,30.872,12.953
10.85000,332.886,285.042,240.189,150.719,99.996,55.625,30.820,12.916
10.85333,332.931,285.143,240.210,150.749,100.004,55.621,30.844,13.012
10.85667,332.988,285.138,240.231,150.785,100.038,55.680,30.881,12.995
10.86000,333.063,285.260,240.300,150.836,100.021,55.662,30.851,12.954
10.86333,333.141,285.290,240.258,150.881,100.066,55.648,30.934,13.011
10.86667,333.103,285.278,240.295,150.857,99.982,55.553,30.907,12.968
10.87000,333.128,285.369,240.335,150.891,100.097,55.604,30.917,12.940
10.87333,333.259,285.374,240.362,150.872,100.123,55.625,30.945,13.009
10.87667,333.291,285.373,240.460,150.905,100.058,55.678,30.850,12.978
10.88000,333.325,285.333,240.500,150.931,100.081,55.623,30.879,12.991
10.88333,333.322,285.433,240.538,150.938,100.108,55.665,30.929,12.979
10.88667,333.428,285.538,240.500,150.975,100.160,55.697,30.937,13.008
10.89000,333.406,285.559,240.565,151.041,100.128,55.713,30.909,12.953
10.89333,333.533,285.598,240.659,151.080,100.163,55.698,31.001,12.987
10.89667,333.532,285.554,240.682,151.028,100.127,55.714,30.852,13.010
10.90000,333.613,285.719,240.597,151.114,100.212,55.716,30.892,12.955
10.90333,333.601,285.720,240.640,151.075,100.230,55.732,30.897,12.929
10.90667,333.643,285.708,240.711,151.099,100.229,55.717,31.015,12.978
10.91000,333.699,285.765,240.752,151.188,100.188,55.779,31.009,12.950
10.91333,333.766,285.807,240.779,151.108,100.278,55.763,30.992,13.018
10.91667,333.785,285.810,240.794,151.160,100.290,55.677,30.995,12.996
10.92000,333.886,285.847,240.811,151.201,100.241,55.743,30.912,12.982
10.92333,333.849,285.837,240.883,151.161,100.321,55.790,30.994,12.970
10.92667,333.966,285.956,240.945,151.198,100.282,55.793,30.926,12.997
10.93000,333.994,285.997,240.968,151.276,100.300,55.774,31.007,13.012
10.93333,333.999,286.034,240.917,151.283,100.305,55.803,30.982,12.961
10.93667,334.049,286.024,241.040,151.267,100.372,55.770,30.973,12.957
10.94000,334.114,286.073,241.029,151.271,100.364,55.769,30.987,12.987
10.94333,334.152,286.107,241.010,151.348,100.334,55.905,30.985,13.005
10.94667,334.249,286.195,241.112,151.334,100.341,55.811,31.012,12.977
10.95000,334.200,286.280,241.092,151.357,100.363,55.821,31.010,12.950
10.95333,334.325,286.237,241.190,151.420,100.401,55.851,30.966,13.023
10.95667,334.307,286.257,241.178,151.385,100.419,55.838,30.994,12.938
10.96000,334.336,286.272,241.180,151.410,100.417,55.781,31.033,13.012
10.96333,334.431,286.388,241.192,151.439,100.477,55.901,31.000,13.007
10.96667,334.503,286.387,241.265,151.424,100.396,55.782,31.015,13.016
10.97000,334.483,286.445,241.293,151.530,100.408,55.876,31.043,12.968
10.97333,334.579,286.510,241.351,151.451,100.417,55.852,30.988,13.027
10.97667,334.558,286.507,241.391,151.539,100.476,55.830,31.027,13.074
10.98000,334.625,286.574,241.394,151.579,100.510,55.883,30.961,13.030
10.98333,334.626,286.595,241.430,151.544,100.569,55.884,31.002,13.043
10.98667,334.726,286.623,241.479,151.593,100.470,55.975,31.018,13.048
10.99000,334.720,286.652,241.507,151.583,100.483,55.902,31.046,13.047
10.99333,334.774,286.636,241.559,151.587,100.490,55.913,31.004,13.035
10.99667,334.809,286.731,241.545,151.600,100.532,55.957,31.013,13.087
11.00000,334.842,286.774,241.635,151.650,100.550,55.930,31.114,13.011
11.00333,334.987,286.910,241.601,151.682,100.587,55.946,31.068,13.010
11.00667,334.961,286.767,241.672,151.666,100.536,55.882,31.053,13.019
11.01000,334.963,286.910,241.635,151.683,100.591,55.917,31.083,13.054
11.01333,335.072,286.933,241.736,151.685,100.616,55.920,31.064,13.012
11.01667,335.052,286.894,241.807,151.707,100.655,55.942,31.121,13.020
11.02000,335.079,286.952,241.727,151.759,100.623,55.958,31.041,13.003
11.02333,335.086,287.019,241.824,151.769,100.625,55.980,31.100,13.020
11.02667,335.184,287.047,241.886,151.766,100.637,56.002,31.057,13.057
11.03000,335.169,287.123,241.864,151.837,100.713,55.964,31.088,13.005
11.03333,335.231,287.106,241.879,151.881,100.661,55.960,31.050,13.017
11.03667,335.274,287.111,241.908,151.928,100.677,55.998,31.079,13.068
11.04000,335.289,287.157,241.902,151.825,100.730,56.068,31.115,13.002
11.04333,335.390,287.194,241.942,151.960,100.743,55.972,31.092,12.999
11.04667,335.395,287.226,242.009,151.875,100.760,55.980,31.088,13.012
11.05000,335.394,287.253,242.029,151.945,100.797,56.080,31.196,13.007
11.05333,335.495,287.315,242.033,151.900,100.718,56.035,31.149,12.980
11.05667,335.560,287.302,242.051,151.982,100.731,56.052,31.066,12.989
11.06000,335.541,287.320,242.044,151.993,100.813,56.032,31.154,13.044
11.06333,335.505,287.432,242.122,152.025,100.815,56.053,31.093,13.120
11.06667,335.606,287.378,242.183,151.915,100.914,56.132,31.161,13.022
11.07000,335.618,287.418,242.214,152.030,100.828,56.059,31.127,13.065
11.07333,335.715,287.492,242.243,151.998,100.824,56.141,31.095,13.101
11.07667,335.768,287.453,242.220,152.058,100.854,56.095,31.090,13.126
11.08000,335.773,287.513,242.324,152.046,100.839,56.068,31.122,13.108
11.08333,335.872,287.608,242.342,152.109,100.805,56.133,31.147,13.058
11.08667,335.842,287.598,242.322,152.065,100.935,56.139,31.116,13.045
11.09000,335.921,287.640,242.313,152.122,100.873,56.071,31.164,13.037
11.09333,335.961,287.750,242.368,152.139,100.886,56.102,31.186,13.046
11.09667,336.011,287.757,242.383,152.131,100.877,56.102,31.112,13.070
11.10000,336.000,287.700,242.455,152.176,100.887,56.066,31.080,13.015
11.10333,336.027,287.766,242.447,152.197,101.009,56.077,31.171,13.127
11.10667,336.066,287.854,242.511,152.222,100.914,56.085,31.145,13.086
11.11000,336.129,287.834,242.511,152.238,100.984,56.122,31.171,13.021
11.11333,336.132,287.849,242.608,152.220,100.921,56.220,31.131,13.108
11.11667,336.190,287.920,242.509,152.286,100.970,56.186,31.096,13.054
11.12000,336.284,287.934,242.568,152.257,100.994,56.185,31.216,13.039
11.12333,336.318,287.963,242.664,152.275,101.054,56.199,31.136,13.033
11.12667,336.296,287.959,242.637,152.333,101.035,56.164,31.205,13.096
11.13000,336.243,287.998,242.694,152.311,101.027,56.164,31.165,13.166
11.13333,336.391,288.074,242.764,152.311,100.994,56.131,31.197,13.135
11.13667,336.372,288.098,242.745,152.369,101.073,56.133,31.165,13.070
11.14000,336.440,288.129,242.762,152.361,101.039,56.139,31.193,13.101
11.14333,336.450,288.161,242.729,152.350,101.042,56.140,31.129,13.114
11.14667,336.538,288.152,242.844,152.409,101.033,56.191,31.202,13.123
11.15000,336.581,288.165,242.809,152.436,101.051,56.180,31.215,13.013
11.15333,336.553,288.183,242.839,152.430,101.037,56.255,31.214,13.174
11.15667,336.696,288.285,242.911,152.451,101.086,56.309,31.244,13.086
11.16000,336.676,288.311,242.913,152.445,101.125,56.228,31.202,13.084
11.16333,336.679,288.338,242.902,152.472,101.151,56.251,31.257,13.099
11.16667,336.758,288.346,242.951,152.483,101.191,56.251,31.258,13.171
11.17000,336.741,288.332,242.921,152.536,101.143,56.233,31.222,13.161
11.17333,336.745,288.381,243.035,152.473,101.206,56.268,31.184,13.057
11.17667,336.807,288.495,243.054,152.620,101.195,56.251,31.262,13.137
11.18000,336.896,288.505,243.063,152.640,101.138,56.285,31.237,13.184
11.18333,336.966,288.525,243.084,152.568,101.185,56.308,31.214,13.087
11.18667,336.944,288.564,243.086,152.568,101.213,56.233,31.283,13.126
11.19000,336.933,288.597,243.119,152.683,101.228,56.245,31.226,13.136
11.19333,337.017,288.533,243.092,152.581,101.283,56.254,31.256,13.115
11.19667,337.034,288.657,243.208,152.673,101.271,56.285,31.215,13.103
11.20000,337.120,288.688,243.267,152.629,101.234,56.362,31.280,13.094
11.20333,337.051,288.637,243.235,152.629,101.249,56.263,31.291,13.126
11.20667,337.053,288.739,243.274,152.731,101.265,56.321,31.253,13.032
11.21000,337.189,288.749,243.234,152.672,101.295,56.321,31.289,13.118
11.21333,337.170,288.768,243.318,152.698,101.309,56.294,31.315,13.145
11.21667,337.237,288.789,243.294,152.778,101.262,56.371,31.255,13.132
11.22000,337.309,288.771,243.285,152.681,101.225,56.295,31.246,13.099
11.22333,337.272,288.847,243.383,152.779,101.317,56.315,31.318,13.108
11.22667,337.269,288.893,243.419,152.775,101.231,56.324,31.327,13.158
11.23000,337.276,288.943,243.400,152.805,101.336,56.289,31.299,13.103
11.23333,337.378,288.918,243.483,152.822,101.337,56.399,31.275,13.128
11.23667,337.465,288.952,243.418,152.832,101.329,56.356,31.346,13.196
11.24000,337.443,288.990,243.480,152.826,101.345,56.355,31.297,13.141
11.24333,337.488,289.034,243.457,152.886,101.445,56.411,31.303,13.135
11.24667,337.535,288.995,243.570,152.819,101.392,56.453,31.306,13.156
11.25000,337.596,289.058,243.567,152.938,101.417,56.405,31.249,13.157
11.25333,337.593,289.122,243.642,152.915,101.415,56.424,31.318,13.103
11.25667,337.641,289.153,243.562,152.874,101.468,56.405,31.289,13.084
11.26000,337.654,289.113,243.618,152.920,101.440,56.400,31.289,13.136
11.26333,337.700,289.163,243.670,152.905,101.440,56.409,31.364,13.076
11.26667,337.738,289.151,243.725,153.004,101.423,56.435,31.290,13.122
11.27000,337.726,289.287,243.719,152.906,101.439,56.404,31.277,13.133
11.27333,337.851,289.229,243.702,152.984,101.446,56.384,31.351,13.114
11.27667,337.781,289.321,243.762,153.016,101.478,56.446,31.351,13.166
11.28000,337.813,289.366,243.778,152.942,101.488,56.432,31.400,13.113
11.28333,337.893,289.363,243.773,153.035,101.475,56.479,31.294,13.098
11.28667,337.989,289.396,243.851,153.018,101.467,56.522,31.328,13.163
11.29000,337.959,289.361,243.769,153.059,101.476,56.439,31.343,13.126
11.29333,338.051,289.476,243.808,153.081,101.509,56.470,31.347,13.102
11.29667,338.011,289.470,243.862,153.095,101.516,56.497,31.300,13.137
11.30000,338.047,289.454,243.884,153.027,101.583,56.463,31.337,13.128
11.30333,338.078,289.493,243.928,153.130,101.576,56.441,31.335,13.146
11.30667,338.047,289.552,243.977,153.125,101.557,56.492,31.315,13.151
11.31000,338.104,289.561,243.960,153.160,101.603,56.467,31.349,13.196
11.31333,338.088,289.598,243.954,153.130,101.571,56.478,31.295,13.179
11.31667,338.154,289.600,244.014,153.199,101.584,56.510,31.406,13.157
11.32000,338.201,289.643,244.049,153.139,101.594,56.522,31.360,13.169
11.32333,338.238,289.634,244.037,153.198,101.619,56.510,31.402,13.234
11.32667,338.334,289.724,244.028,153.151,101.653,56.524,31.312,13.196
11.33000,338.254,289.704,244.072,153.193,101.620,56.584,31.420,13.131
11.33333,338.281,289.680,244.173,153.227,101.632,56.544,31.367,13.263
11.33667,338.356,289.789,244.082,153.272,101.631,56.486,31.394,13.186
11.34000,338.396,289.866,244.188,153.288,101.598,56.537,31.374,13.187
11.34333,338.466,289.861,244.165,153.259,101.662,56.518,31.406,13.120
11.34667,338.395,289.812,244.152,153.263,101.610,56.520,31.395,13.097
11.35000,338.536,289.849,244.192,153.306,101.679,56.573,31.403,13.209
11.35333,338.504,289.870,244.234,153.310,101.625,56.567,31.402,13.221
11.35667,338.523,289.933,244.249,153.340,101.744,56.544,31.332,13.170
11.36000,338.543,289.990,244.276,153.379,101.750,56.592,31.414,13.168
11.36333,338.570,289.910,244.260,153.366,101.691,56.553,31.399,13.216
11.36667,338.607,290.001,244.325,153.381,101.692,56.613,31.469,13.206
11.37000,338.611,290.062,244.346,153.410,101.777,56.572,31.395,13.134
11.37333,338.651,290.057,244.331,153.362,101.737,56.610,31.405,13.212
11.37667,338.708,290.039,244.330,153.392,101.727,56.566,31.390,13.159
11.38000,338.764,290.088,244.409,153.417,101.732,56.597,31.362,13.192
11.38333,338.845,290.108,244.418,153.466,101.746,56.568,31.432,13.186
11.38667,338.795,290.115,244.423,153.426,101.747,56.628,31.426,13.177
11.39000,338.767,290.130,244.500,153.450,101.778,56.521,31.447,13.191
11.39333,338.874,290.203,244.568,153.477,101.842,56.560,31.462,13.143
11.39667,338.846,290.189,244.565,153.463,101.780,56.621,31.441,13.246
11.40000,338.947,290.209,244.490,153.523,101.791,56.582,31.411,13.237
11.40333,338.912,290.272,244.589,153.593,101.853,56.601,31.430,13.184
11.40667,338.895,290.251,244.614,153.495,101.821,56.617,31.420,13.269
11.41000,339.041,290.302,244.514,153.535,101.834,56.611,31.432,13.167
11.41333,339.053,290.310,244.619,153.462,101.826,56.619,31.471,13.198
11.41667,338.983,290.361,244.636,153.593,101.807,56.673,31.470,13.152
11.42000,339.110,290.377,244.632,153.606,101.911,56.632,31.427,13.223
11.42333,339.153,290.404,244.718,153.616,101.816,56.676,31.432,13.204
11.42667,339.073,290.392,244.667,153.616,101.843,56.614,31.414,13.228
11.43000,339.168,290.443,244.710,153.624,101.897,56.691,31.469,13.184
11.43333,339.199,290.410,244.664,153.624,101.859,56.633,31.466,13.175
11.43667,339.213,290.484,244.776,153.587,101.908,56.654,31.464,13.177
11.44000,339.256,290.456,244.773,153.682,101.950,56.658,31.531,13.269
11.44333,339.217,290.553,244.823,153.632,101.924,56.640,31.527,13.214
11.44667,339.291,290.558,244.807,153.607,101.994,56.689,31.461,13.219
11.45000,339.325,290.549,244.833,153.689,101.933,56.663,31.459,13.192
11.45333,339.324,290.556,244.861,153.657,101.911,56.641,31.521,13.239
11.45667,339.446,290.639,244.843,153.675,101.936,56.697,31.527,13.236
11.46000,339.405,290.692,244.837,153.694,102.014,56.673,31.432,13.258
11.46333,339.411,290.639,244.873,153.700,101.949,56.689,31.467,13.150
11.46667,339.396,290.735,244.871,153.737,101.904,56.739,31.452,13.264
11.47000,339.581,290.738,244.926,153.675,101.978,56.743,31.445,13.220
11.47333,339.486,290.712,244.964,153.713,101.990,56.692,31.486,13.195
11.47667,339.567,290.749,244.961,153.804,101.947,56.680,31.484,13.204
11.48000,339.564,290.736,244.960,153.826,102.005,56.682,31.466,13.215
11.48333,339.559,290.837,245.000,153.779,102.066,56.715,31.430,13.169
11.48667,339.612,290.809,245.003,153.841,102.005,56.721,31.524,13.237
11.49000,339.623,290.854,245.027,153.882,102.075,56.684,31.459,13.205
11.49333,339.596,290.823,245.096,153.845,102.013,56.716,31.526,13.190
11.49667,339.654,290.883,245.117,153.893,102.050,56.700,31.470,13.220
11.50000,339.645,290.895,245.142,153.822,102.046,56.782,31.406,13.264
11.50333,339.726,290.888,245.139,153.879,102.121,56.783,31.575,13.238
11.50667,339.725,290.894,245.167,153.843,102.059,56.743,31.511,13.184
11.51000,339.797,291.047,245.112,153.922,102.093,56.758,31.473,13.215
11.51333,339.764,291.000,245.232,153.871,102.048,56.783,31.529,13.215
11.51667,339.878,291.022,245.218,153.886,102.133,56.775,31.520,13.262
11.52000,339.811,290.990,245.236,153.920,102.120,56.796,31.496,13.178
11.52333,339.853,291.105,245.242,153.957,102.114,56.792,31.465,13.196
11.52667,339.924,291.077,245.265,153.981,102.172,56.791,31.439,13.268
11.53000,339.956,291.099,245.308,153.991,102.104,56.755,31.537,13.209
11.53333,339.984,291.128,245.263,154.012,102.175,56.794,31.535,13.194
11.53667,340.023,291.157,245.367,154.028,102.084,56.796,31.540,13.276
11.54000,340.021,291.165,245.311,154.060,102.085,56.854,31.560,13.213
11.54333,340.052,291.191,245.198,153.967,102.142,56.768,31.542,13.251
11.54667,340.032,291.164,245.382,153.998,102.143,56.814,31.524,13.239
11.55000,340.182,291.263,245.432,154.074,102.157,56.801,31.600,13.221
11.55333,340.134,291.257,245.384,154.034,102.195,56.808,31.530,13.221
11.55667,340.157,291.299,245.383,154.077,102.184,56.846,31.518,13.223
11.56000,340.173,291.345,245.397,154.059,102.202,56.791,31.535,13.261
11.56333,340.227,291.312,245.475,154.103,102.213,56.769,31.553,13.270
11.56667,340.199,291.303,245.433,154.085,102.162,56.833,31.529,13.226
11.57000,340.272,291.421,245.480,154.078,102.159,56.845,31.536,13.240
11.57333,340.252,291.380,245.444,154.090,102.218,56.880,31.510,13.246
11.57667,340.279,291.372,245.448,154.026,102.211,56.836,31.586,13.281
11.58000,340.343,291.400,245.571,154.104,102.188,56.839,31.563,13.283
11.58333,340.366,291.393,245.567,154.095,102.249,56.900,31.562,13.319
11.58667,340.410,291.498,245.548,154.158,102.175,56.887,31.568,13.242
11.59000,340.372,291.422,245.629,154.151,102.205,56.828,31.610,13.281
11.59333,340.418,291.544,245.586,154.178,102.259,56.822,31.555,13.256
11.59667,340.482,291.605,245.673,154.174,102.287,56.869,31.546,13.230
11.60000,340.420,291.491,245.620,154.169,102.279,56.836,31.611,13.225
11.60333,340.392,291.566,245.658,154.256,102.246,56.901,31.605,13.237
11.60667,340.440,291.587,245.659,154.199,102.345,56.847,31.610,13.220
11.61000,340.536,291.507,245.678,154.237,102.308,56.874,31.546,13.247
11.61333,340.440,291.582,245.678,154.253,102.274,56.920,31.621,13.230
11.61667,340.558,291.640,245.687,154.206,102.252,56.914,31.544,13.241
11.62000,340.628,291.634,245.729,154.221,102.300,56.911,31.621,13.262
11.62333,340.560,291.684,245.811,154.273,102.377,56.908,31.612,13.277
11.62667,340.684,291.675,245.784,154.295,102.342,56.915,31.629,13.271
11.63000,340.604,291.751,245.825,154.261,102.347,56.895,31.585,13.273
11.63333,340.638,291.734,245.768,154.280,102.332,56.962,31.575,13.232
11.63667,340.654,291.734,245.808,154.325,102.332,56.967,31.620,13.224
11.64000,340.702,291.786,245.893,154.333,102.404,56.948,31.610,13.306
11.64333,340.727,291.779,245.890,154.304,102.384,56.948,31.632,13.175
11.64667,340.741,291.749,245.812,154.362,102.359,56.842,31.577,13.265
11.65000,340.786,291.778,245.877,154.330,102.351,56.861,31.591,13.296
11.65333,340.809,291.873,245.876,154.418,102.348,56.879,31.588,13.222
11.65667,340.758,291.817,245.881,154.365,102.390,57.004,31.607,13.269
11.66000,340.901,291.894,245.961,154.386,102.363,56.903,31.576,13.278
11.66333,340.810,291.926,245.965,154.305,102.358,56.934,31.555,13.295
11.66667,340.946,291.918,245.924,154.456,102.452,56.926,31.628,13.240
11.67000,340.911,291.905,245.963,154.354,102.406,56.926,31.645,13.209
11.67333,340.937,291.949,245.971,154.436,102.410,57.014,31.613,13.265
11.67667,340.936,291.994,245.905,154.482,102.455,56.978,31.667,13.301
11.68000,340.986,291.985,245.985,154.464,102.390,56.922,31.611,13.314
11.68333,340.960,292.033,246.066,154.446,102.384,56.964,31.605,13.278
11.68667,341.002,292.006,246.061,154.447,102.341,56.964,31.632,13.221
11.69000,341.048,292.033,246.081,154.476,102.450,56.973,31.618,13.277
11.69333,341.060,292.075,246.069,154.482,102.490,56.950,31.594,13.278
11.69667,341.055,292.036,246.057,154.493,102.465,56.952,31.650,13.282
11.70000,341.101,292.073,246.116,154.493,102.443,56.959,31.699,13.284
11.70333,341.067,292.059,246.159,154.454,102.535,56.958,31.686,13.283
11.70667,341.148,292.161,246.120,154.523,102.493,56.988,31.630,13.234
11.71000,341.155,292.116,246.136,154.497,102.501,57.017,31.628,13.275
11.71333,341.211,292.143,246.161,154.501,102.455,56.960,31.618,13.292
11.71667,341.177,292.222,246.171,154.528,102.478,57.003,31.559,13.315
11.72000,341.199,292.252,246.186,154.558,102.503,56.946,31.664,13.259
11.72333,341.239,292.217,246.231,154.511,102.541,56.962,31.655,13.265
11.72667,341.257,292.240,246.256,154.592,102.498,56.953,31.600,13.293
11.73000,341.308,292.263,246.224,154.616,102.529,56.962,31.621,13.334
11.73333,341.253,292.291,246.254,154.581,102.473,57.037,31.667,13.333
11.73667,341.375,292.301,246.263,154.550,102.562,57.021,31.615,13.292
11.74000,341.379,292.306,246.276,154.561,102.570,57.054,31.691,13.264
11.74333,341.311,292.280,246.254,154.599,102.617,56.982,31.692,13.262
11.74667,341.410,292.297,246.291,154.620,102.493,57.036,31.644,13.248
11.75000,341.442,292.379,246.342,154.668,102.534,57.014,31.588,13.319
11.75333,341.435,292.347,246.372,154.602,102.544,57.035,31.618,13.269
11.75667,341.469,292.393,246.324,154.600,102.616,57.019,31.682,13.337
11.76000,341.490,292.396,246.349,154.611,102.568,57.004,31.675,13.259
11.76333,341.421,292.421,246.393,154.742,102.586,57.079,31.706,13.272
11.76667,341.504,292.501,246.397,154.659,102.660,57.073,31.644,13.273
11.77000,341.491,292.483,246.385,154.673,102.598,57.061,31.641,13.297
11.77333,341.478,292.529,246.402,154.732,102.575,57.036,31.703,13.284
11.77667,341.534,292.470,246.501,154.718,102.599,57.085,31.656,13.316
11.78000,341.562,292.510,246.414,154.706,102.567,57.033,31.669,13.314
11.78333,341.581,292.561,246.465,154.711,102.597,57.086,31.651,13.232
11.78667,341.591,292.552,246.486,154.710,102.592,57.119,31.648,13.282
11.79000,341.640,292.488,246.573,154.771,102.658,57.043,31.628,13.311
11.79333,341.679,292.568,246.496,154.731,102.574,57.078,31.704,13.382
11.79667,341.618,292.589,246.502,154.686,102.606,57.055,31.670,13.297
11.80000,341.642,292.634,246.533,154.773,102.737,57.072,31.635,13.292
11.80333,341.692,292.628,246.543,154.814,102.691,57.117,31.716,13.315
11.80667,341.745,292.674,246.607,154.786,102.687,57.040,31.666,13.281
11.81000,341.708,292.694,246.592,154.727,102.694,57.089,31.652,13.305
11.81333,341.719,292.708,246.672,154.790,102.641,57.049,31.641,13.250
11.81667,341.835,292.700,246.634,154.769,102.710,57.064,31.685,13.274
11.82000,341.794,292.695,246.679,154.806,102.701,57.113,31.746,13.278
11.82333,341.800,292.694,246.685,154.793,102.700,57.094,31.710,13.355
11.82667,341.795,292.696,246.619,154.793,102.697,57.108,31.732,13.304
11.83000,341.852,292.826,246.730,154.813,102.686,57.118,31.663,13.411
11.83333,341.877,292.795,246.753,154.876,102.674,57.054,31.715,13.267
11.83667,341.876,292.844,246.670,154.867,102.696,57.161,31.699,13.337
11.84000,341.907,292.842,246.627,154.807,102.654,57.147,31.733,13.361
11.84333,341.975,292.861,246.745,154.880,102.749,57.107,31.673,13.347
11.84667,341.933,292.819,246.746,154.909,102.745,57.114,31.689,13.271
11.85000,341.917,292.812,246.748,154.830,102.708,57.113,31.698,13.295
11.85333,341.973,292.891,246.723,154.914,102.767,57.070,31.650,13.307
11.85667,341.941,292.910,246.770,154.903,102.775,57.140,31.759,13.285
11.86000,341.949,292.896,246.780,154.885,102.725,57.106,31.720,13.327
11.86333,342.012,292.910,246.766,154.920,102.764,57.165,31.748,13.320
11.86667,342.056,292.965,246.799,154.926,102.771,57.221,31.694,13.338
11.87000,342.070,292.908,246.887,154.918,102.763,57.155,31.723,13.319
11.87333,342.154,292.980,246.814,154.920,102.737,57.172,31.756,13.295
11.87667,342.033,292.959,246.852,154.973,102.776,57.149,31.675,13.291
11.88000,342.189,292.986,246.791,154.945,102.782,57.137,31.646,13.359
11.88333,342.098,293.030,246.806,154.975,102.816,57.180,31.767,13.301
11.88667,342.190,293.023,246.833,154.985,102.848,57.185,31.742,13.293
11.89000,342.148,292.994,246.861,154.982,102.844,57.183,31.755,13.287
11.89333,342.183,293.075,246.860,154.995,102.840,57.191,31.707,13.376
11.89667,342.230,293.075,246.910,154.987,102.833,57.189,31.685,13.320
11.90000,342.263,293.136,246.900,154.977,102.858,57.164,31.725,13.326
11.90333,342.293,293.133,246.849,155.032,102.789,57.205,31.687,13.293
11.90667,342.227,293.044,246.915,155.064,102.865,57.222,31.707,13.299
11.91000,342.268,293.135,246.983,155.034,102.837,57.188,31.808,13.312
11.91333,342.270,293.131,246.903,155.066,102.866,57.165,31.754,13.313
11.91667,342.341,293.154,246.963,155.042,102.839,57.183,31.685,13.294
11.92000,342.280,293.139,247.008,155.044,102.800,57.161,31.714,13.318
11.92333,342.308,293.193,246.981,155.026,102.820,57.209,31.655,13.400
11.92667,342.362,293.208,247.030,155.104,102.801,57.127,31.772,13.359
11.93000,342.412,293.210,247.003,155.080,102.905,57.195,31.726,13.399
11.93333,342.377,293.129,247.009,155.025,102.864,57.224,31.777,13.305
11.93667,342.403,293.228,247.097,155.056,102.835,57.139,31.685,13.343
11.94000,342.378,293.237,247.088,155.103,102.835,57.196,31.744,13.182
11.94333,342.447,293.246,247.068,155.124,102.927,57.210,31.692,13.315
11.94667,342.408,293.343,247.092,155.113,102.921,57.189,31.772,13.291
11.95000,342.475,293.335,247.101,155.163,102.927,57.220,31.741,13.351
11.95333,342.522,293.301,247.170,155.119,102.852,57.194,31.703,13.361
11.95667,342.523,293.320,247.121,155.160,102.888,57.203,31.757,13.323
11.96000,342.545,293.343,247.133,155.135,102.944,57.225,31.829,13.309
11.96333,342.531,293.352,247.188,155.169,102.852,57.237,31.789,13.267
11.96667,342.521,293.331,247.156,155.177,102.953,57.225,31.782,13.363
11.97000,342.631,293.405,247.194,155.120,102.939,57.216,31.842,13.332
11.97333,342.629,293.396,247.164,155.173,102.914,57.197,31.757,13.355
11.97667,342.584,293.349,247.219,155.168,102.902,57.232,31.765,13.398
11.98000,342.637,293.487,247.261,155.161,102.980,57.170,31.780,13.398
11.98333,342.615,293.437,247.221,155.176,102.897,57.261,31.792,13.383
11.98667,342.685,293.436,247.264,155.186,102.923,57.204,31.740,13.325
11.99000,342.700,293.452,247.281,155.218,102.915,57.259,31.734,13.348
11.99333,342.656,293.487,247.267,155.268,102.965,57.237,31.751,13.318
11.99667,342.734,293.559,247.269,155.220,102.933,57.293,31.791,13.360
12.00000,342.750,293.468,247.308,155.248,102.968,57.252,31.758,13.352
