time_min,A246_mAU,A254_mAU,A261_mAU,A273_mAU,A290_mAU,A324_mAU,A350_mAU,A445_mAU
0.00000,32.249,27.561,23.045,13.634,9.358,5.724,3.120,2.312
0.00333,32.243,27.518,23.130,13.579,9.449,5.775,3.118,2.273
0.00667,32.153,27.551,23.165,13.566,9.427,5.771,3.111,2.203
0.01000,32.300,27.571,23.160,13.678,9.432,5.770,3.044,2.290
0.01333,32.272,27.565,23.127,13.549,9.507,5.778,3.146,2.204
0.01667,32.343,27.644,23.136,13.618,9.463,5.763,3.135,2.290
0.02000,32.308,27.676,23.161,13.663,9.476,5.791,3.014,2.235
0.02333,32.384,27.690,23.190,13.656,9.441,5.751,3.135,2.270
0.02667,32.318,27.695,23.249,13.698,9.449,5.773,3.132,2.225
0.03000,32.342,27.712,23.233,13.720,9.549,5.806,3.158,2.236
0.03333,32.428,27.754,23.212,13.687,9.520,5.827,3.098,2.262
0.03667,32.467,27.736,23.205,13.785,9.445,5.818,3.201,2.261
0.04000,32.470,27.809,23.248,13.705,9.527,5.741,3.095,2.231
0.04333,32.456,27.841,23.315,13.760,9.493,5.757,3.111,2.274
0.04667,32.477,27.795,23.315,13.780,9.505,5.805,3.150,2.226
0.05000,32.489,27.824,23.334,13.779,9.528,5.797,3.124,2.306
0.05333,32.577,27.824,23.316,13.799,9.532,5.832,3.164,2.254
0.05667,32.629,27.827,23.310,13.778,9.490,5.816,3.137,2.283
0.06000,32.594,27.908,23.413,13.750,9.480,5.904,3.204,2.261
0.06333,32.621,27.850,23.393,13.792,9.621,5.810,3.162,2.212
0.06667,32.732,27.905,23.447,13.838,9.568,5.906,3.108,2.168
0.07000,32.669,27.939,23.423,13.817,9.553,5.826,3.209,2.276
0.07333,32.709,27.970,23.441,13.851,9.557,5.896,3.147,2.311
0.07667,32.733,28.030,23.448,13.864,9.646,5.860,3.112,2.274
0.08000,32.762,27.987,23.488,13.854,9.577,5.803,3.166,2.250
0.08333,32.782,28.034,23.455,13.837,9.590,5.821,3.145,2.251
0.08667,32.814,28.010,23.529,13.909,9.570,5.892,3.205,2.264
0.09000,32.882,28.066,23.512,13.897,9.653,5.833,3.158,2.211
0.09333,32.889,28.041,23.525,13.918,9.614,5.849,3.187,2.272
0.09667,32.890,28.045,23.581,13.908,9.636,5.865,3.130,2.240
0.10000,32.938,28.100,23.555,13.959,9.599,5.879,3.143,2.178
0.10333,32.936,28.167,23.522,13.926,9.627,5.945,3.186,2.278
0.10667,32.972,28.169,23.560,13.978,9.644,5.838,3.157,2.273
0.11000,32.933,28.189,23.627,13.955,9.644,5.914,3.201,2.298
0.11333,32.947,28.250,23.643,13.920,9.643,5.837,3.185,2.246
0.11667,33.061,28.185,23.697,13.960,9.702,5.910,3.205,2.315
0.12000,33.081,28.137,23.676,14.030,9.688,5.891,3.205,2.289
0.12333,33.034,28.239,23.680,13.966,9.719,5.905,3.195,2.259
0.12667,33.055,28.289,23.711,14.044,9.704,5.872,3.237,2.319
0.13000,33.138,28.312,23.715,14.011,9.688,5.916,3.232,2.289
0.13333,33.221,28.374,23.792,14.083,9.684,5.908,3.243,2.292
0.13667,33.237,28.348,23.780,14.071,9.721,5.891,3.204,2.322
0.14000,33.201,28.386,23.790,14.125,9.680,5.902,3.191,2.248
0.14333,33.209,28.368,23.758,14.070,9.673,5.984,3.277,2.277
0.14667,33.222,28.407,23.785,14.110,9.671,5.941,3.257,2.238
0.15000,33.368,28.466,23.852,14.068,9.750,5.917,3.178,2.252
0.15333,33.289,28.488,23.791,14.069,9.777,5.907,3.139,2.277
0.15667,33.244,28.493,23.826,14.104,9.778,5.917,3.161,2.207
0.16000,33.359,28.495,23.961,14.157,9.824,5.871,3.226,2.244
0.16333,33.348,28.587,23.889,14.107,9.755,5.947,3.220,2.350
0.16667,33.356,28.497,23.942,14.172,9.811,5.909,3.200,2.253
0.17000,33.439,28.524,23.947,14.181,9.837,5.948,3.224,2.301
0.17333,33.455,28.663,23.984,14.124,9.780,5.973,3.241,2.294
0.17667,33.494,28.555,23.955,14.207,9.797,5.985,3.179,2.272
0.18000,33.497,28.637,23.979,14.160,9.801,5.916,3.277,2.261
0.18333,33.482,28.671,23.962,14.222,9.794,5.937,3.282,2.294
0.18667,33.554,28.695,24.013,14.216,9.833,5.946,3.239,2.353
0.19000,33.529,28.674,24.056,14.200,9.822,6.006,3.229,2.289
0.19333,33.651,28.709,24.064,14.243,9.807,5.948,3.249,2.367
0.19667,33.646,28.699,24.109,14.223,9.811,5.935,3.293,2.327
0.20000,33.643,28.766,24.189,14.227,9.818,6.000,3.258,2.300
0.20333,33.694,28.741,24.120,14.230,9.889,6.014,3.274,2.285
0.20667,33.683,28.767,24.165,14.290,9.824,5.985,3.221,2.314
0.21000,33.681,28.812,24.226,14.246,9.905,5.990,3.258,2.289
0.21333,33.806,28.816,24.149,14.249,9.876,6.046,3.218,2.301
0.21667,33.806,28.910,24.138,14.306,9.887,6.001,3.210,2.306
0.22000,33.752,28.836,24.224,14.392,9.864,6.004,3.290,2.258
0.22333,33.846,28.895,24.243,14.262,9.922,6.004,3.256,2.304
0.22667,33.884,28.895,24.231,14.329,9.835,5.988,3.318,2.332
0.23000,33.862,29.019,24.271,14.348,9.936,6.013,3.236,2.326
0.23333,33.931,28.941,24.255,14.343,9.878,6.020,3.312,2.313
0.23667,33.944,28.930,24.317,14.384,9.873,6.010,3.249,2.314
0.24000,34.013,29.019,24.299,14.370,9.904,6.031,3.248,2.398
0.24333,34.006,29.046,24.324,14.408,9.950,6.048,3.232,2.311
0.24667,33.964,29.060,24.382,14.468,9.918,6.044,3.216,2.276
0.25000,34.088,29.067,24.337,14.353,9.949,6.028,3.266,2.265
0.25333,34.037,29.087,24.432,14.478,9.920,6.111,3.279,2.302
0.25667,34.060,29.113,24.404,14.399,9.939,6.058,3.301,2.296
0.26000,34.101,29.150,24.405,14.497,10.009,6.087,3.253,2.348
0.26333,34.073,29.170,24.442,14.467,9.984,6.131,3.251,2.294
0.26667,34.176,29.119,24.483,14.542,10.035,6.022,3.316,2.318
0.27000,34.226,29.273,24.518,14.522,10.068,6.061,3.267,2.330
0.27333,34.157,29.213,24.511,14.490,10.006,6.078,3.268,2.372
0.27667,34.243,29.262,24.523,14.517,10.010,6.061,3.223,2.299
0.28000,34.235,29.302,24.601,14.560,10.004,6.047,3.373,2.366
0.28333,34.344,29.372,24.600,14.558,10.030,6.040,3.349,2.300
0.28667,34.341,29.357,24.554,14.558,10.073,6.165,3.266,2.311
0.29000,34.348,29.308,24.679,14.590,10.019,6.136,3.289,2.384
0.29333,34.373,29.361,24.662,14.598,10.058,6.131,3.355,2.310
0.29667,34.396,29.390,24.666,14.602,10.062,6.098,3.320,2.308
0.30000,34.444,29.416,24.688,14.578,10.065,6.070,3.338,2.353
0.30333,34.461,29.407,24.659,14.683,10.117,6.100,3.283,2.369
0.30667,34.518,29.410,24.656,14.648,10.129,6.116,3.314,2.342
0.31000,34.510,29.595,24.714,14.642,10.165,6.121,3.312,2.360
0.31333,34.513,29.550,24.745,14.671,10.156,6.140,3.318,2.357
0.31667,34.562,29.536,24.797,14.602,10.121,6.172,3.259,2.292
0.32000,34.634,29.592,24.769,14.682,10.106,6.131,3.300,2.301
0.32333,34.621,29.573,24.846,14.667,10.165,6.188,3.287,2.369
0.32667,34.626,29.620,24.830,14.707,10.163,6.153,3.287,2.326
0.33000,34.660,29.623,24.820,14.763,10.164,6.131,3.393,2.306
0.33333,34.660,29.692,24.925,14.761,10.154,6.179,3.353,2.335
0.33667,34.709,29.661,24.845,14.765,10.159,6.167,3.370,2.380
0.34000,34.769,29.687,24.910,14.738,10.159,6.234,3.332,2.365
0.34333,34.808,29.727,24.969,14.775,10.188,6.162,3.349,2.363
0.34667,34.833,29.712,24.897,14.755,10.175,6.135,3.377,2.330
0.35000,34.830,29.721,24.956,14.813,10.204,6.207,3.422,2.345
0.35333,34.835,29.769,24.952,14.804,10.191,6.140,3.339,2.396
0.35667,34.901,29.802,25.002,14.772,10.204,6.170,3.411,2.300
0.36000,34.918,29.762,25.041,14.824,10.205,6.188,3.359,2.385
0.36333,34.960,29.892,25.005,14.866,10.317,6.228,3.394,2.344
0.36667,35.023,29.922,25.080,14.843,10.264,6.223,3.395,2.358
0.37000,35.036,29.971,25.080,14.904,10.303,6.191,3.361,2.321
0.37333,34.981,29.963,25.126,14.954,10.278,6.171,3.348,2.326
0.37667,35.064,29.988,25.076,14.883,10.282,6.259,3.375,2.333
0.38000,35.120,30.016,25.166,14.873,10.341,6.232,3.385,2.347
0.38333,35.115,30.088,25.137,14.930,10.278,6.214,3.408,2.346
0.38667,35.128,30.037,25.137,14.957,10.352,6.168,3.374,2.357
0.39000,35.132,30.078,25.232,14.954,10.288,6.249,3.423,2.350
0.39333,35.201,30.061,25.210,14.959,10.284,6.209,3.342,2.327
0.39667,35.182,30.057,25.232,14.963,10.277,6.218,3.364,2.414
0.40000,35.300,30.100,25.220,14.981,10.302,6.253,3.422,2.355
0.40333,35.305,30.185,25.291,14.999,10.303,6.265,3.381,2.369
0.40667,35.295,30.251,25.327,14.968,10.358,6.252,3.362,2.343
0.41000,35.284,30.216,25.384,15.008,10.365,6.287,3.363,2.349
0.41333,35.376,30.307,25.314,15.080,10.368,6.277,3.377,2.326
0.41667,35.360,30.228,25.393,15.000,10.382,6.235,3.378,2.375
0.42000,35.406,30.320,25.395,15.103,10.387,6.335,3.359,2.318
0.42333,35.512,30.271,25.452,15.044,10.339,6.261,3.452,2.393
0.42667,35.544,30.385,25.396,15.079,10.413,6.299,3.396,2.408
0.43000,35.515,30.373,25.453,15.114,10.472,6.327,3.369,2.414
0.43333,35.479,30.406,25.469,15.135,10.424,6.243,3.414,2.326
0.43667,35.540,30.471,25.452,15.095,10.429,6.256,3.419,2.358
0.44000,35.558,30.344,25.521,15.211,10.444,6.356,3.418,2.399
0.44333,35.574,30.393,25.573,15.139,10.404,6.292,3.364,2.355
0.44667,35.656,30.482,25.612,15.104,10.497,6.346,3.412,2.388
0.45000,35.762,30.507,25.623,15.200,10.385,6.309,3.436,2.366
0.45333,35.718,30.568,25.591,15.206,10.513,6.319,3.499,2.313
0.45667,35.841,30.553,25.652,15.141,10.434,6.322,3.487,2.356
0.46000,35.757,30.578,25.611,15.281,10.550,6.340,3.359,2.379
0.46333,35.786,30.552,25.595,15.224,10.424,6.373,3.436,2.409
0.46667,35.839,30.664,25.680,15.194,10.473,6.353,3.434,2.438
0.47000,35.895,30.645,25.701,15.212,10.515,6.395,3.416,2.401
0.47333,35.923,30.638,25.726,15.276,10.520,6.331,3.434,2.411
0.47667,35.952,30.706,25.723,15.292,10.498,6.322,3.477,2.369
0.48000,35.930,30.757,25.780,15.332,10.550,6.410,3.432,2.361
0.48333,35.976,30.769,25.839,15.308,10.515,6.391,3.478,2.364
0.48667,35.924,30.786,25.889,15.302,10.513,6.379,3.454,2.432
0.49000,36.093,30.732,25.841,15.336,10.611,6.371,3.385,2.358
0.49333,36.089,30.861,25.862,15.291,10.513,6.374,3.486,2.406
0.49667,36.104,30.845,25.881,15.385,10.599,6.379,3.476,2.370
0.50000,36.135,30.930,25.928,15.341,10.605,6.425,3.447,2.362
0.50333,36.203,30.893,25.890,15.375,10.618,6.364,3.453,2.348
0.50667,36.126,30.931,25.940,15.344,10.641,6.440,3.434,2.361
0.51000,36.277,30.975,25.984,15.462,10.595,6.415,3.493,2.453
0.51333,36.224,30.952,25.946,15.439,10.660,6.405,3.471,2.355
0.51667,36.246,30.990,26.031,15.440,10.624,6.410,3.500,2.380
0.52000,36.350,31.021,26.007,15.520,10.657,6.436,3.501,2.379
0.52333,36.322,31.130,26.064,15.459,10.679,6.458,3.508,2.423
0.52667,36.358,31.134,26.088,15.521,10.741,6.456,3.526,2.484
0.53000,36.402,31.099,26.136,15.446,10.721,6.416,3.498,2.421
0.53333,36.378,31.143,26.131,15.496,10.670,6.470,3.489,2.377
0.53667,36.497,31.133,26.134,15.519,10.613,6.467,3.512,2.431
0.54000,36.507,31.199,26.223,15.520,10.746,6.478,3.500,2.372
0.54333,36.530,31.203,26.147,15.616,10.710,6.497,3.402,2.425
0.54667,36.531,31.274,26.223,15.615,10.734,6.507,3.436,2.387
0.55000,36.555,31.309,26.246,15.598,10.702,6.542,3.510,2.436
0.55333,36.634,31.266,26.241,15.541,10.759,6.524,3.488,2.399
0.55667,36.644,31.364,26.326,15.560,10.751,6.472,3.504,2.455
0.56000,36.737,31.383,26.266,15.652,10.778,6.467,3.532,2.464
0.56333,36.706,31.386,26.234,15.653,10.792,6.482,3.562,2.451
0.56667,36.726,31.400,26.343,15.688,10.789,6.482,3.483,2.428
0.57000,36.784,31.418,26.321,15.660,10.777,6.514,3.524,2.429
0.57333,36.735,31.431,26.386,15.681,10.764,6.571,3.536,2.373
0.57667,36.818,31.489,26.384,15.722,10.842,6.541,3.527,2.386
0.58000,36.873,31.508,26.464,15.675,10.814,6.509,3.560,2.423
0.58333,36.875,31.504,26.480,15.695,10.859,6.590,3.513,2.433
0.58667,36.979,31.609,26.436,15.678,10.839,6.490,3.590,2.455
0.59000,36.927,31.614,26.491,15.781,10.849,6.616,3.560,2.437
0.59333,36.953,31.664,26.512,15.753,10.833,6.520,3.400,2.444
0.59667,37.009,31.629,26.518,15.792,10.835,6.512,3.554,2.398
0.60000,37.065,31.625,26.609,15.818,10.890,6.556,3.574,2.384
0.60333,37.091,31.733,26.591,15.807,10.916,6.622,3.530,2.427
0.60667,37.125,31.698,26.628,15.822,10.872,6.544,3.538,2.496
0.61000,37.162,31.744,26.610,15.838,10.882,6.572,3.549,2.465
0.61333,37.117,31.780,26.649,15.857,10.915,6.616,3.552,2.475
0.61667,37.218,31.745,26.683,15.923,10.850,6.541,3.685,2.449
0.62000,37.304,31.857,26.679,15.875,10.967,6.572,3.503,2.479
0.62333,37.289,31.868,26.702,15.882,10.969,6.598,3.607,2.449
0.62667,37.304,31.854,26.770,15.890,11.013,6.651,3.613,2.424
0.63000,37.376,31.863,26.760,15.931,10.964,6.561,3.532,2.389
0.63333,37.379,31.945,26.777,15.928,10.957,6.554,3.591,2.468
0.63667,37.418,31.981,26.824,15.969,10.999,6.641,3.621,2.476
0.64000,37.492,31.998,26.851,15.938,10.971,6.640,3.646,2.466
0.64333,37.458,32.023,26.883,15.940,10.969,6.650,3.529,2.481
0.64667,37.544,32.053,26.893,16.049,11.073,6.628,3.619,2.498
0.65000,37.546,32.120,26.899,16.023,10.989,6.585,3.585,2.463
0.65333,37.611,32.151,26.956,16.028,11.079,6.684,3.652,2.491
0.65667,37.529,32.119,26.906,16.073,11.032,6.671,3.676,2.458
0.66000,37.649,32.162,27.048,16.004,11.072,6.636,3.597,2.461
0.66333,37.676,32.249,27.017,16.037,11.027,6.628,3.577,2.463
0.66667,37.685,32.272,27.085,16.112,11.094,6.678,3.613,2.444
0.67000,37.767,32.185,27.105,16.126,11.048,6.680,3.607,2.487
0.67333,37.767,32.282,27.099,16.047,11.093,6.706,3.580,2.427
0.67667,37.841,32.366,27.113,16.142,11.148,6.635,3.583,2.462
0.68000,37.836,32.321,27.171,16.165,11.180,6.656,3.614,2.459
0.68333,37.828,32.309,27.108,16.187,11.113,6.702,3.565,2.452
0.68667,37.900,32.378,27.201,16.217,11.124,6.720,3.629,2.419
0.69000,37.952,32.413,27.197,16.169,11.161,6.726,3.573,2.391
0.69333,37.927,32.415,27.216,16.145,11.157,6.709,3.670,2.450
0.69667,38.020,32.484,27.239,16.247,11.182,6.741,3.602,2.409
0.70000,38.065,32.469,27.331,16.245,11.216,6.703,3.591,2.472
0.70333,38.031,32.538,27.238,16.271,11.204,6.682,3.618,2.441
0.70667,38.142,32.606,27.321,16.279,11.254,6.704,3.654,2.526
0.71000,38.109,32.597,27.319,16.261,11.246,6.724,3.648,2.462
0.71333,38.159,32.624,27.326,16.237,11.153,6.791,3.625,2.420
0.71667,38.234,32.590,27.317,16.292,11.199,6.818,3.647,2.495
0.72000,38.274,32.654,27.419,16.330,11.217,6.803,3.703,2.429
0.72333,38.278,32.739,27.501,16.372,11.246,6.741,3.709,2.509
0.72667,38.318,32.806,27.426,16.326,11.302,6.749,3.671,2.512
0.73000,38.412,32.736,27.499,16.338,11.317,6.793,3.680,2.500
0.73333,38.410,32.780,27.489,16.350,11.245,6.721,3.692,2.544
0.73667,38.390,32.843,27.543,16.387,11.269,6.786,3.584,2.543
0.74000,38.495,32.863,27.543,16.434,11.340,6.799,3.702,2.484
0.74333,38.508,32.951,27.585,16.501,11.323,6.842,3.652,2.413
0.74667,38.507,32.913,27.603,16.430,11.354,6.798,3.646,2.472
0.75000,38.575,32.935,27.594,16.469,11.273,6.823,3.667,2.456
0.75333,38.592,32.993,27.686,16.488,11.340,6.815,3.670,2.470
0.75667,38.637,32.993,27.681,16.525,11.286,6.770,3.721,2.463
0.76000,38.626,33.033,27.701,16.501,11.380,6.843,3.634,2.519
0.76333,38.694,33.067,27.688,16.552,11.382,6.786,3.718,2.480
0.76667,38.773,33.085,27.721,16.505,11.353,6.780,3.739,2.492
0.77000,38.734,33.123,27.810,16.528,11.423,6.892,3.735,2.441
0.77333,38.723,33.154,27.804,16.634,11.447,6.855,3.693,2.527
0.77667,38.835,33.266,27.824,16.543,11.353,6.822,3.700,2.534
0.78000,38.881,33.211,27.867,16.541,11.438,6.808,3.630,2.448
0.78333,38.847,33.264,27.850,16.641,11.449,6.929,3.722,2.505
0.78667,38.913,33.228,27.959,16.670,11.434,6.879,3.710,2.542
0.79000,39.047,33.303,27.970,16.637,11.464,6.884,3.695,2.499
0.79333,38.998,33.349,27.941,16.617,11.454,6.822,3.668,2.470
0.79667,39.007,33.353,27.994,16.686,11.414,6.922,3.766,2.580
0.80000,39.138,33.378,28.024,16.658,11.465,6.918,3.706,2.525
0.80333,39.153,33.438,28.037,16.622,11.541,6.888,3.755,2.466
0.80667,39.077,33.433,28.032,16.797,11.537,6.908,3.723,2.517
0.81000,39.152,33.491,28.027,16.761,11.497,6.967,3.801,2.543
0.81333,39.183,33.521,28.164,16.719,11.529,6.940,3.701,2.502
0.81667,39.275,33.518,28.178,16.793,11.552,6.976,3.722,2.476
0.82000,39.279,33.617,28.210,16.745,11.574,6.932,3.790,2.518
0.82333,39.308,33.608,28.202,16.788,11.593,6.913,3.753,2.495
0.82667,39.289,33.623,28.195,16.840,11.556,6.975,3.794,2.510
0.83000,39.374,33.653,28.267,16.875,11.601,6.892,3.738,2.560
0.83333,39.455,33.694,28.254,16.833,11.620,7.011,3.765,2.505
0.83667,39.475,33.694,28.336,16.850,11.572,6.954,3.767,2.520
0.84000,39.529,33.734,28.289,16.912,11.660,6.899,3.757,2.538
0.84333,39.594,33.775,28.322,16.942,11.634,6.897,3.732,2.580
0.84667,39.611,33.848,28.407,16.876,11.657,6.960,3.771,2.561
0.85000,39.613,33.810,28.437,16.925,11.631,6.903,3.802,2.505
0.85333,39.705,33.859,28.411,16.926,11.685,6.964,3.820,2.517
0.85667,39.647,33.934,28.485,16.926,11.721,6.982,3.772,2.569
0.86000,39.769,33.950,28.444,16.955,11.651,6.987,3.836,2.517
0.86333,39.696,33.921,28.524,17.028,11.691,7.020,3.802,2.537
0.86667,39.792,34.027,28.546,17.047,11.740,7.001,3.861,2.557
0.87000,39.818,34.056,28.535,17.035,11.705,7.040,3.758,2.553
0.87333,39.903,34.114,28.671,17.049,11.713,7.025,3.826,2.534
0.87667,39.882,34.059,28.671,17.039,11.792,7.049,3.787,2.515
0.88000,39.908,34.150,28.617,17.066,11.689,7.009,3.830,2.584
0.88333,40.008,34.127,28.662,17.120,11.789,6.995,3.859,2.476
0.88667,39.990,34.208,28.714,17.166,11.747,6.983,3.790,2.503
0.89000,40.042,34.205,28.734,17.163,11.805,7.180,3.862,2.568
0.89333,40.096,34.341,28.664,17.158,11.858,7.130,3.855,2.597
0.89667,40.135,34.283,28.768,17.128,11.778,7.012,3.830,2.520
0.90000,40.201,34.330,28.783,17.225,11.843,7.050,3.825,2.540
0.90333,40.197,34.411,28.825,17.214,11.809,7.043,3.872,2.593
0.90667,40.306,34.380,28.816,17.265,11.890,7.010,3.830,2.592
0.91000,40.315,34.423,28.862,17.221,11.839,7.068,3.801,2.563
0.91333,40.257,34.443,28.919,17.273,11.857,7.174,3.853,2.597
0.91667,40.306,34.538,28.936,17.323,11.830,7.128,3.871,2.572
0.92000,40.404,34.523,28.988,17.302,11.941,7.124,3.874,2.515
0.92333,40.379,34.567,28.963,17.319,11.870,7.071,3.839,2.533
0.92667,40.461,34.627,29.063,17.336,11.889,7.095,3.848,2.582
0.93000,40.524,34.633,29.041,17.418,11.906,7.128,3.848,2.565
0.93333,40.572,34.563,29.050,17.436,11.889,7.197,3.923,2.501
0.93667,40.586,34.710,29.044,17.370,11.879,7.179,3.891,2.571
0.94000,40.615,34.656,29.126,17.398,11.906,7.160,3.899,2.605
0.94333,40.641,34.774,29.253,17.463,11.937,7.144,3.947,2.599
0.94667,40.711,34.738,29.227,17.427,11.989,7.143,3.905,2.610
0.95000,40.678,34.810,29.167,17.497,12.007,7.150,3.893,2.494
0.95333,40.745,34.857,29.241,17.510,12.083,7.153,3.830,2.555
0.95667,40.836,34.894,29.227,17.442,11.971,7.145,3.902,2.612
0.96000,40.834,34.866,29.294,17.521,12.002,7.177,3.883,2.591
0.96333,40.848,34.994,29.341,17.515,12.073,7.143,3.869,2.632
0.96667,40.910,35.029,29.277,17.542,12.039,7.213,3.957,2.573
0.97000,40.936,34.977,29.295,17.564,11.982,7.152,3.935,2.598
0.97333,41.044,35.058,29.439,17.565,12.111,7.285,3.881,2.604
0.97667,41.077,35.094,29.481,17.589,12.103,7.234,3.892,2.534
0.98000,41.130,35.141,29.494,17.575,12.089,7.248,3.884,2.623
0.98333,41.130,35.143,29.508,17.597,12.060,7.248,3.833,2.649
0.98667,41.190,35.119,29.482,17.637,12.150,7.252,3.915,2.544
0.99000,41.263,35.211,29.553,17.700,12.116,7.327,3.959,2.566
0.99333,41.239,35.230,29.589,17.702,12.122,7.216,3.983,2.580
0.99667,41.308,35.191,29.606,17.705,12.165,7.290,3.955,2.596
1.00000,41.333,35.245,29.674,17.724,12.172,7.242,3.880,2.552
1.00333,41.419,35.332,29.615,17.743,12.119,7.257,3.920,2.637
1.00667,41.340,35.370,29.723,17.789,12.152,7.241,3.997,2.543
1.01000,41.460,35.404,29.778,17.726,12.247,7.300,3.944,2.597
1.01333,41.370,35.489,29.724,17.721,12.182,7.296,3.946,2.610
1.01667,41.538,35.474,29.801,17.830,12.174,7.309,3.938,2.561
1.02000,41.578,35.500,29.845,17.812,12.196,7.261,3.961,2.587
1.02333,41.572,35.495,29.805,17.833,12.209,7.255,3.928,2.715
1.02667,41.623,35.568,29.893,17.809,12.292,7.304,3.956,2.653
1.03000,41.648,35.603,29.835,17.837,12.333,7.220,3.996,2.573
1.03333,41.768,35.681,29.961,17.871,12.274,7.362,3.945,2.598
1.03667,41.748,35.674,29.943,17.941,12.237,7.322,4.008,2.569
1.04000,41.815,35.669,30.025,17.885,12.310,7.406,3.943,2.598
1.04333,41.838,35.738,29.997,17.992,12.304,7.290,4.007,2.614
1.04667,41.893,35.822,29.996,17.955,12.274,7.363,4.019,2.614
1.05000,41.920,35.831,30.082,17.991,12.331,7.337,4.019,2.702
1.05333,42.008,35.785,30.121,17.975,12.295,7.367,3.989,2.581
1.05667,41.933,35.990,30.147,18.068,12.370,7.328,3.978,2.638
1.06000,42.085,35.917,30.180,18.027,12.330,7.355,4.019,2.670
1.06333,42.095,35.956,30.224,18.051,12.420,7.389,3.925,2.601
1.06667,42.142,35.993,30.226,18.085,12.427,7.390,3.954,2.596
1.07000,42.125,36.067,30.291,18.131,12.377,7.407,3.950,2.590
1.07333,42.168,36.152,30.270,18.100,12.433,7.416,4.032,2.656
1.07667,42.304,36.109,30.290,18.165,12.405,7.448,3.940,2.678
1.08000,42.232,36.183,30.324,18.164,12.485,7.445,4.005,2.628
1.08333,42.332,36.256,30.289,18.145,12.424,7.390,4.050,2.645
1.08667,42.375,36.313,30.383,18.238,12.515,7.401,4.009,2.631
1.09000,42.381,36.263,30.464,18.197,12.383,7.465,4.064,2.625
1.09333,42.505,36.282,30.469,18.211,12.512,7.518,4.061,2.662
1.09667,42.412,36.254,30.517,18.245,12.597,7.416,3.949,2.640
1.10000,42.528,36.400,30.583,18.213,12.506,7.418,4.029,2.603
1.10333,42.616,36.370,30.515,18.321,12.531,7.441,4.009,2.691
1.10667,42.668,36.447,30.594,18.271,12.578,7.454,4.060,2.679
1.11000,42.684,36.510,30.592,18.370,12.623,7.416,4.016,2.692
1.11333,42.640,36.513,30.607,18.349,12.568,7.524,4.133,2.640
1.11667,42.762,36.514,30.642,18.346,12.573,7.539,3.998,2.667
1.12000,42.822,36.520,30.746,18.395,12.686,7.485,4.052,2.686
1.12333,42.845,36.569,30.702,18.384,12.625,7.479,4.074,2.644
1.12667,42.885,36.614,30.725,18.433,12.574,7.539,4.074,2.626
1.13000,42.936,36.609,30.777,18.408,12.604,7.478,4.083,2.657
1.13333,42.900,36.777,30.811,18.493,12.667,7.531,4.088,2.688
1.13667,42.993,36.721,30.906,18.450,12.637,7.549,4.043,2.707
1.14000,43.021,36.850,30.894,18.543,12.706,7.531,4.104,2.686
1.14333,43.070,36.860,30.942,18.445,12.691,7.506,4.083,2.773
1.14667,43.191,36.864,30.978,18.473,12.707,7.561,4.155,2.596
1.15000,43.158,36.879,30.988,18.580,12.703,7.560,4.079,2.643
1.15333,43.207,36.915,31.021,18.571,12.724,7.600,4.102,2.710
1.15667,43.332,36.968,30.979,18.658,12.709,7.613,4.051,2.738
1.16000,43.283,36.996,31.025,18.566,12.741,7.620,4.092,2.705
1.16333,43.388,37.021,31.059,18.623,12.717,7.644,4.176,2.650
1.16667,43.388,37.042,31.097,18.616,12.808,7.570,4.162,2.681
1.17000,43.386,37.105,31.158,18.603,12.735,7.564,4.095,2.695
1.17333,43.500,37.137,31.187,18.692,12.782,7.652,4.175,2.672
1.17667,43.547,37.201,31.145,18.724,12.842,7.602,4.175,2.690
1.18000,43.539,37.265,31.273,18.737,12.801,7.609,4.122,2.699
1.18333,43.640,37.294,31.237,18.655,12.840,7.673,4.202,2.701
1.18667,43.637,37.308,31.250,18.790,12.833,7.672,4.121,2.686
1.19000,43.645,37.318,31.340,18.751,12.825,7.667,4.160,2.698
1.19333,43.721,37.333,31.392,18.784,12.862,7.631,4.169,2.596
1.19667,43.768,37.439,31.429,18.838,12.965,7.633,4.194,2.657
1.20000,43.834,37.486,31.415,18.808,12.873,7.707,4.152,2.750
1.20333,43.865,37.467,31.432,18.830,12.944,7.645,4.173,2.719
1.20667,43.936,37.502,31.465,18.846,12.934,7.655,4.190,2.702
1.21000,44.004,37.584,31.562,18.859,12.970,7.722,4.127,2.666
1.21333,44.000,37.607,31.494,18.933,12.987,7.630,4.197,2.723
1.21667,44.004,37.650,31.554,18.907,12.999,7.693,4.145,2.726
1.22000,44.092,37.619,31.605,18.947,13.026,7.690,4.165,2.677
1.22333,44.107,37.704,31.685,18.975,12.961,7.734,4.167,2.703
1.22667,44.180,37.716,31.682,19.034,12.968,7.772,4.157,2.708
1.23000,44.198,37.804,31.678,18.990,12.966,7.730,4.232,2.759
1.23333,44.268,37.857,31.747,18.988,13.066,7.720,4.177,2.722
1.23667,44.359,37.848,31.815,19.054,12.981,7.708,4.168,2.706
1.24000,44.310,37.881,31.834,19.132,13.069,7.788,4.214,2.748
1.24333,44.438,37.901,31.842,19.146,13.065,7.792,4.225,2.699
1.24667,44.457,37.937,31.844,19.116,13.105,7.826,4.231,2.742
1.25000,44.476,38.057,31.958,19.103,13.124,7.744,4.273,2.703
1.25333,44.556,38.092,31.946,19.200,13.096,7.778,4.229,2.749
1.25667,44.548,38.038,32.003,19.197,13.139,7.835,4.255,2.722
1.26000,44.637,38.078,32.039,19.197,13.164,7.843,4.220,2.719
1.26333,44.685,38.146,32.017,19.220,13.161,7.844,4.206,2.722
1.26667,44.763,38.230,32.024,19.225,13.221,7.755,4.282,2.670
1.27000,44.712,38.214,32.103,19.268,13.211,7.858,4.254,2.759
1.27333,44.830,38.300,32.125,19.274,13.202,7.837,4.245,2.778
1.27667,44.868,38.358,32.158,19.275,13.217,7.798,4.300,2.732
1.28000,44.890,38.431,32.141,19.370,13.303,7.858,4.241,2.782
1.28333,44.944,38.412,32.181,19.353,13.249,7.920,4.240,2.766
1.28667,44.964,38.472,32.297,19.366,13.278,7.875,4.257,2.757
1.29000,45.014,38.476,32.244,19.389,13.282,7.880,4.211,2.768
1.29333,45.058,38.513,32.300,19.442,13.281,7.880,4.246,2.695
1.29667,45.162,38.601,32.406,19.427,13.281,7.845,4.274,2.737
1.30000,45.207,38.589,32.382,19.438,13.332,7.893,4.267,2.793
1.30333,45.265,38.572,32.392,19.464,13.351,7.919,4.362,2.758
1.30667,45.231,38.671,32.513,19.452,13.351,7.904,4.364,2.774
1.31000,45.323,38.724,32.533,19.453,13.352,7.946,4.278,2.727
1.31333,45.391,38.789,32.547,19.561,13.418,7.938,4.288,2.739
1.31667,45.368,38.804,32.563,19.582,13.475,7.933,4.274,2.843
1.32000,45.397,38.821,32.576,19.577,13.409,7.964,4.216,2.736
1.32333,45.505,38.889,32.646,19.531,13.447,7.984,4.358,2.731
1.32667,45.558,38.986,32.678,19.643,13.382,7.947,4.305,2.782
1.33000,45.575,38.978,32.777,19.574,13.446,7.932,4.252,2.772
1.33333,45.609,38.988,32.733,19.638,13.438,7.975,4.345,2.833
1.33667,45.637,39.022,32.802,19.731,13.399,7.995,4.293,2.729
1.34000,45.767,39.054,32.766,19.658,13.343,7.963,4.308,2.812
1.34333,45.784,39.223,32.839,19.710,13.417,7.974,4.345,2.831
1.34667,45.898,39.204,32.866,19.652,13.483,8.041,4.303,2.751
1.35000,45.864,39.109,32.915,19.746,13.575,8.048,4.335,2.820
1.35333,45.900,39.244,32.876,19.840,13.550,8.053,4.315,2.755
1.35667,45.923,39.307,32.973,19.827,13.577,8.028,4.333,2.796
1.36000,46.038,39.296,33.050,19.824,13.556,8.033,4.395,2.793
1.36333,46.096,39.398,33.036,19.799,13.521,8.041,4.429,2.817
1.36667,46.173,39.447,33.095,19.903,13.564,8.073,4.366,2.771
1.37000,46.132,39.494,33.094,19.890,13.587,8.092,4.306,2.849
1.37333,46.171,39.476,33.122,19.867,13.646,8.036,4.436,2.792
1.37667,46.238,39.538,33.174,19.964,13.624,8.027,4.361,2.779
1.38000,46.300,39.576,33.198,19.915,13.672,8.069,4.368,2.767
1.38333,46.403,39.604,33.268,19.939,13.638,8.137,4.411,2.810
1.38667,46.387,39.573,33.310,19.928,13.659,8.014,4.442,2.745
1.39000,46.439,39.687,33.297,19.966,13.690,8.070,4.385,2.873
1.39333,46.601,39.701,33.364,19.997,13.695,8.126,4.373,2.807
1.39667,46.519,39.743,33.388,20.037,13.737,8.197,4.454,2.802
1.40000,46.539,39.861,33.319,20.091,13.696,8.120,4.366,2.855
1.40333,46.682,39.836,33.484,20.101,13.783,8.204,4.415,2.775
1.40667,46.714,39.914,33.506,20.116,13.730,8.191,4.438,2.793
1.41000,46.678,39.976,33.491,20.093,13.832,8.186,4.390,2.822
1.41333,46.731,39.966,33.598,20.293,13.810,8.193,4.453,2.885
1.41667,46.807,40.022,33.638,20.251,13.780,8.184,4.406,2.849
1.42000,46.898,40.159,33.673,20.217,13.752,8.187,4.410,2.839
1.42333,46.888,40.172,33.672,20.229,13.911,8.169,4.454,2.789
1.42667,46.983,40.189,33.724,20.239,13.874,8.181,4.441,2.856
1.43000,47.026,40.228,33.728,20.334,13.877,8.177,4.445,2.782
1.43333,47.021,40.207,33.845,20.292,13.947,8.141,4.385,2.821
1.43667,47.139,40.300,33.774,20.297,13.916,8.196,4.473,2.860
1.44000,47.177,40.285,33.843,20.374,13.916,8.247,4.494,2.908
1.44333,47.235,40.400,33.905,20.394,13.929,8.232,4.448,2.773
1.44667,47.341,40.399,33.913,20.375,13.941,8.281,4.407,2.835
1.45000,47.338,40.448,33.956,20.387,13.908,8.287,4.580,2.789
1.45333,47.379,40.480,33.937,20.493,14.003,8.177,4.475,2.854
1.45667,47.431,40.516,34.053,20.464,13.984,8.308,4.495,2.910
1.46000,47.457,40.609,34.057,20.471,14.013,8.252,4.481,2.800
1.46333,47.555,40.620,34.110,20.460,14.042,8.333,4.522,2.830
1.46667,47.597,40.704,34.187,20.451,14.031,8.276,4.463,2.861
1.47000,47.608,40.781,34.138,20.548,14.024,8.348,4.440,2.855
1.47333,47.688,40.722,34.239,20.534,13.987,8.318,4.502,2.847
1.47667,47.671,40.785,34.240,20.551,14.140,8.335,4.472,2.876
1.48000,47.812,40.802,34.259,20.623,14.123,8.282,4.540,2.882
1.48333,47.864,40.894,34.323,20.699,14.122,8.312,4.516,2.873
1.48667,47.907,40.989,34.356,20.643,14.106,8.364,4.463,2.928
1.49000,48.005,40.953,34.451,20.635,14.176,8.294,4.553,2.884
1.49333,47.943,40.989,34.452,20.691,14.131,8.378,4.456,2.921
1.49667,48.077,41.033,34.474,20.769,14.217,8.373,4.508,2.907
1.50000,48.075,41.088,34.541,20.798,14.192,8.330,4.537,2.946
1.50333,48.095,41.144,34.528,20.871,14.220,8.361,4.617,2.867
1.50667,48.156,41.212,34.553,20.790,14.211,8.352,4.574,2.901
1.51000,48.170,41.298,34.653,20.803,14.290,8.421,4.498,2.865
1.51333,48.303,41.256,34.627,20.829,14.280,8.389,4.592,2.871
1.51667,48.335,41.336,34.703,20.874,14.233,8.439,4.601,2.854
1.52000,48.349,41.368,34.670,20.922,14.292,8.464,4.535,2.909
1.52333,48.388,41.375,34.744,20.890,14.257,8.388,4.628,2.874
1.52667,48.538,41.465,34.868,20.904,14.306,8.405,4.550,2.872
1.53000,48.552,41.447,34.849,21.005,14.311,8.476,4.540,2.910
1.53333,48.608,41.561,34.915,20.975,14.326,8.483,4.572,2.876
1.53667,48.590,41.551,34.907,21.004,14.402,8.513,4.609,2.915
1.54000,48.708,41.606,34.915,21.038,14.437,8.458,4.609,2.935
1.54333,48.751,41.648,34.979,21.144,14.402,8.426,4.633,2.887
1.54667,48.801,41.792,35.010,21.064,14.374,8.520,4.567,2.997
1.55000,48.860,41.740,35.036,21.137,14.457,8.528,4.577,2.896
1.55333,48.948,41.827,35.068,21.177,14.466,8.472,4.610,2.893
1.55667,48.979,41.885,35.089,21.200,14.480,8.515,4.617,2.867
1.56000,48.956,41.973,35.196,21.144,14.437,8.519,4.582,2.902
1.56333,48.973,41.893,35.172,21.235,14.476,8.588,4.655,2.922
1.56667,49.123,41.950,35.230,21.280,14.510,8.558,4.686,2.940
1.57000,49.189,41.964,35.307,21.309,14.592,8.593,4.619,2.945
1.57333,49.240,42.048,35.301,21.329,14.482,8.562,4.653,2.959
1.57667,49.295,42.134,35.342,21.343,14.515,8.554,4.630,2.945
1.58000,49.293,42.165,35.405,21.281,14.550,8.602,4.686,2.975
1.58333,49.368,42.237,35.465,21.391,14.621,8.538,4.657,2.878
1.58667,49.459,42.248,35.478,21.345,14.614,8.580,4.656,2.958
1.59000,49.440,42.289,35.552,21.452,14.624,8.614,4.707,2.938
1.59333,49.604,42.370,35.534,21.427,14.679,8.664,4.733,2.926
1.59667,49.589,42.376,35.624,21.447,14.599,8.636,4.662,2.940
1.60000,49.655,42.475,35.620,21.470,14.673,8.632,4.647,2.920
1.60333,49.658,42.480,35.710,21.478,14.639,8.587,4.701,2.920
1.60667,49.779,42.493,35.662,21.486,14.661,8.686,4.701,2.909
1.61000,49.814,42.565,35.759,21.501,14.720,8.653,4.626,3.002
1.61333,49.895,42.632,35.804,21.586,14.688,8.646,4.712,2.876
1.61667,49.920,42.596,35.787,21.585,14.739,8.658,4.715,2.953
1.62000,49.963,42.719,35.783,21.583,14.637,8.672,4.665,2.930
1.62333,50.061,42.744,35.870,21.612,14.758,8.704,4.761,2.940
1.62667,50.101,42.833,36.029,21.647,14.791,8.705,4.747,2.929
1.63000,50.164,42.905,35.965,21.708,14.798,8.633,4.752,2.913
1.63333,50.153,42.861,36.084,21.627,14.786,8.735,4.747,2.940
1.63667,50.190,42.954,36.029,21.721,14.827,8.725,4.679,2.954
1.64000,50.285,43.001,36.120,21.771,14.846,8.741,4.746,2.961
1.64333,50.344,43.017,36.144,21.795,14.881,8.744,4.740,3.004
1.64667,50.355,43.087,36.161,21.788,14.905,8.788,4.742,3.000
1.65000,50.454,43.119,36.216,21.801,14.885,8.807,4.760,3.021
1.65333,50.481,43.167,36.259,21.871,14.920,8.756,4.759,2.995
1.65667,50.581,43.290,36.342,21.875,14.917,8.839,4.749,2.890
1.66000,50.553,43.283,36.368,21.930,14.917,8.802,4.837,2.975
1.66333,50.682,43.350,36.364,21.908,15.025,8.855,4.798,2.900
1.66667,50.729,43.438,36.496,21.919,15.027,8.766,4.714,3.013
1.67000,50.812,43.518,36.472,21.994,14.993,8.883,4.853,3.075
1.67333,50.898,43.428,36.492,22.000,15.036,8.790,4.769,3.027
1.67667,50.916,43.477,36.544,21.996,15.076,8.836,4.761,2.962
1.68000,50.947,43.559,36.506,22.041,15.079,8.898,4.887,3.016
1.68333,50.998,43.579,36.655,22.042,15.122,8.929,4.758,3.011
1.68667,51.099,43.656,36.622,22.108,15.075,8.863,4.823,3.001
1.69000,51.188,43.690,36.667,22.183,15.061,8.938,4.798,2.932
1.69333,51.256,43.734,36.782,22.189,15.071,8.889,4.814,2.989
1.69667,51.232,43.848,36.781,22.216,15.147,8.935,4.787,2.932
1.70000,51.363,43.864,36.844,22.202,15.171,8.901,4.780,3.013
1.70333,51.316,43.917,36.850,22.205,15.126,8.866,4.797,2.970
1.70667,51.378,43.965,36.883,22.233,15.215,8.924,4.847,3.046
1.71000,51.473,44.021,36.971,22.242,15.241,8.936,4.838,2.998
1.71333,51.487,44.045,37.019,22.279,15.318,8.937,4.785,3.021
1.71667,51.537,44.185,37.002,22.350,15.218,8.913,4.869,2.995
1.72000,51.627,44.122,37.082,22.298,15.232,8.933,4.857,2.994
1.72333,51.655,44.224,37.116,22.324,15.215,8.960,4.842,2.914
1.72667,51.707,44.290,37.163,22.422,15.264,8.999,4.880,3.022
1.73000,51.749,44.308,37.188,22.439,15.347,9.017,4.920,3.032
1.73333,51.847,44.316,37.236,22.481,15.297,9.028,4.847,2.980
1.73667,51.952,44.376,37.270,22.447,15.377,8.980,4.910,3.047
1.74000,51.928,44.405,37.322,22.481,15.299,9.019,4.918,2.982
1.74333,51.987,44.510,37.398,22.487,15.371,9.083,4.957,3.056
1.74667,52.109,44.488,37.436,22.559,15.368,8.999,4.870,2.973
1.75000,52.144,44.570,37.455,22.527,15.374,9.043,4.935,2.982
1.75333,52.231,44.660,37.506,22.655,15.478,9.067,4.921,3.038
1.75667,52.274,44.656,37.584,22.652,15.439,9.061,4.906,3.063
1.76000,52.372,44.784,37.565,22.640,15.381,9.033,4.962,3.086
1.76333,52.310,44.827,37.597,22.734,15.497,9.094,4.907,3.122
1.76667,52.400,44.802,37.684,22.663,15.450,9.147,4.946,3.003
1.77000,52.545,44.933,37.709,22.778,15.547,9.107,4.906,3.046
1.77333,52.535,44.841,37.715,22.761,15.489,9.131,4.914,3.072
1.77667,52.643,44.965,37.822,22.790,15.603,9.167,4.970,3.112
1.78000,52.746,45.037,37.813,22.823,15.501,9.063,4.908,3.082
1.78333,52.803,45.061,37.833,22.846,15.591,9.160,5.015,3.077
1.78667,52.773,45.124,37.880,22.843,15.578,9.176,5.026,3.101
1.79000,52.888,45.163,37.975,22.847,15.614,9.172,4.999,3.045
1.79333,52.922,45.149,37.984,22.924,15.650,9.158,5.029,3.047
1.79667,52.980,45.283,38.013,22.925,15.678,9.136,4.930,3.117
1.80000,53.045,45.344,38.018,22.937,15.625,9.215,5.054,2.997
1.80333,53.104,45.351,38.117,22.972,15.699,9.171,4.964,3.162
1.80667,53.132,45.449,38.128,23.008,15.662,9.184,4.949,3.109
1.81000,53.176,45.495,38.144,23.081,15.717,9.271,5.006,3.063
1.81333,53.257,45.493,38.155,23.093,15.778,9.254,5.005,3.137
1.81667,53.270,45.598,38.294,23.104,15.736,9.224,5.067,3.053
1.82000,53.359,45.604,38.320,23.194,15.773,9.223,5.050,3.032
1.82333,53.400,45.698,38.321,23.143,15.794,9.280,5.029,3.022
1.82667,53.434,45.768,38.326,23.206,15.897,9.269,5.084,3.060
1.83000,53.567,45.711,38.450,23.226,15.870,9.353,5.002,3.104
1.83333,53.647,45.846,38.448,23.288,15.918,9.354,5.165,3.068
1.83667,53.684,45.875,38.559,23.334,15.892,9.277,4.952,3.071
1.84000,53.719,45.965,38.574,23.308,15.948,9.239,5.087,3.057
1.84333,53.838,45.912,38.574,23.363,15.846,9.335,5.039,3.101
1.84667,53.847,45.972,38.656,23.322,15.998,9.341,5.068,3.100
1.85000,53.925,46.080,38.746,23.350,15.914,9.375,5.029,3.107
1.85333,53.997,46.120,38.720,23.430,15.989,9.353,5.122,3.083
1.85667,54.029,46.204,38.753,23.448,15.995,9.298,5.105,3.128
1.86000,54.039,46.175,38.890,23.481,16.023,9.380,5.079,3.137
1.86333,54.085,46.279,38.877,23.498,15.980,9.347,5.078,3.101
1.86667,54.152,46.289,38.925,23.558,16.029,9.383,5.082,3.107
1.87000,54.255,46.353,38.958,23.554,16.020,9.424,5.168,3.102
1.87333,54.342,46.402,38.999,23.575,16.043,9.411,5.147,3.112
1.87667,54.381,46.482,39.053,23.596,16.098,9.463,5.160,3.144
1.88000,54.425,46.562,39.121,23.644,16.108,9.478,5.096,3.143
1.88333,54.525,46.639,39.157,23.665,16.188,9.502,5.133,3.161
1.88667,54.625,46.641,39.155,23.687,16.103,9.468,5.137,3.177
1.89000,54.634,46.670,39.222,23.615,16.177,9.431,5.167,3.099
1.89333,54.633,46.778,39.250,23.758,16.183,9.483,5.152,3.170
1.89667,54.799,46.755,39.331,23.763,16.186,9.567,5.154,3.159
1.90000,54.745,46.946,39.344,23.791,16.201,9.459,5.173,3.117
1.90333,54.874,46.889,39.390,23.795,16.271,9.500,5.263,3.086
1.90667,54.961,47.013,39.452,23.844,16.288,9.516,5.198,3.103
1.91000,55.000,47.029,39.481,23.844,16.329,9.480,5.154,3.146
1.91333,54.991,47.061,39.592,23.920,16.337,9.513,5.125,3.147
1.91667,55.127,47.116,39.594,23.933,16.365,9.546,5.190,3.111
1.92000,55.298,47.145,39.612,23.954,16.393,9.580,5.243,3.166
1.92333,55.213,47.230,39.706,23.964,16.357,9.531,5.176,3.274
1.92667,55.285,47.289,39.701,24.033,16.355,9.594,5.162,3.116
1.93000,55.425,47.332,39.738,24.020,16.369,9.583,5.253,3.185
1.93333,55.503,47.416,39.831,24.069,16.427,9.602,5.249,3.178
1.93667,55.516,47.385,39.875,24.045,16.455,9.545,5.261,3.185
1.94000,55.621,47.462,39.851,24.140,16.472,9.629,5.233,3.202
1.94333,55.647,47.613,39.972,24.201,16.459,9.622,5.173,3.225
1.94667,55.718,47.654,40.030,24.196,16.492,9.654,5.216,3.213
1.95000,55.699,47.698,40.019,24.186,16.463,9.597,5.194,3.122
1.95333,55.786,47.736,40.054,24.237,16.523,9.654,5.305,3.112
1.95667,55.899,47.769,40.130,24.354,16.506,9.632,5.222,3.183
1.96000,55.929,47.818,40.213,24.364,16.440,9.683,5.279,3.171
1.96333,55.996,47.913,40.182,24.334,16.553,9.648,5.333,3.153
1.96667,56.049,47.925,40.306,24.358,16.557,9.699,5.286,3.169
1.97000,56.106,48.056,40.241,24.395,16.611,9.735,5.184,3.147
1.97333,56.258,48.108,40.376,24.438,16.676,9.701,5.218,3.217
1.97667,56.251,48.084,40.489,24.516,16.713,9.759,5.284,3.214
1.98000,56.407,48.176,40.393,24.475,16.609,9.744,5.339,3.213
1.98333,56.446,48.270,40.619,24.525,16.694,9.807,5.225,3.151
1.98667,56.478,48.261,40.639,24.620,16.767,9.781,5.347,3.263
1.99000,56.653,48.402,40.758,24.632,16.734,9.828,5.263,3.217
1.99333,56.757,48.555,40.759,24.711,16.783,9.759,5.297,3.224
1.99667,57.024,48.621,40.888,24.860,16.845,9.791,5.303,3.268
2.00000,57.185,48.805,41.136,24.937,16.868,9.775,5.336,3.244
2.00333,57.503,49.085,41.399,25.115,16.944,9.891,5.409,3.184
2.00667,57.883,49.297,41.741,25.295,17.007,9.805,5.340,3.201
2.01000,58.344,49.647,42.124,25.555,17.147,9.911,5.368,3.268
2.01333,59.074,50.151,42.723,25.917,17.230,9.976,5.418,3.194
2.01667,59.963,50.836,43.518,26.426,17.350,9.937,5.336,3.245
2.02000,61.167,51.605,44.618,27.049,17.650,9.988,5.416,3.254
2.02333,62.732,52.753,45.962,27.985,17.906,10.028,5.383,3.243
2.02667,64.726,54.224,47.681,29.076,18.283,10.128,5.462,3.249
2.03000,67.342,56.049,50.010,30.525,18.765,10.244,5.478,3.283
2.03333,70.632,58.299,52.877,32.380,19.373,10.311,5.521,3.269
2.03667,74.829,61.277,56.535,34.778,20.156,10.433,5.637,3.254
2.04000,80.032,64.889,61.071,37.690,21.115,10.618,5.589,3.225
2.04333,86.358,69.403,66.626,41.197,22.247,10.795,5.697,3.296
2.04667,94.095,74.826,73.545,45.520,23.644,11.098,5.766,3.341
2.05000,103.316,81.279,81.672,50.727,25.222,11.342,5.923,3.317
2.05333,114.243,88.956,91.272,56.937,27.250,11.623,6.005,3.344
2.05667,127.117,97.933,102.591,64.050,29.589,12.027,6.125,3.424
2.06000,141.842,108.334,115.531,72.327,32.362,12.604,6.245,3.383
2.06333,158.568,120.070,130.232,81.684,35.287,13.047,6.390,3.475
2.06667,177.281,133.194,146.733,92.251,38.683,13.592,6.698,3.613
2.07000,197.991,147.765,164.962,103.801,42.566,14.253,6.834,3.465
2.07333,220.412,163.449,184.700,116.497,46.593,14.906,7.097,3.545
2.07667,244.505,180.429,206.007,130.116,50.944,15.701,7.291,3.638
2.08000,269.820,198.364,228.333,144.385,55.611,16.446,7.567,3.619
2.08333,296.111,216.807,251.579,159.156,60.471,17.296,7.849,3.766
2.08667,322.812,235.685,275.137,174.329,65.297,18.123,8.079,3.844
2.09000,349.551,254.475,298.802,189.479,70.256,18.892,8.482,3.860
2.09333,375.667,272.972,321.924,204.341,75.017,19.731,8.704,3.952
2.09667,400.723,290.706,344.026,218.513,79.668,20.550,8.950,3.987
2.10000,424.054,307.161,364.742,231.831,83.904,21.179,9.191,4.054
2.10333,445.107,322.158,383.371,243.900,87.897,21.919,9.428,4.146
2.10667,463.530,335.286,399.592,254.384,91.229,22.539,9.623,4.146
2.11000,478.774,346.084,413.111,263.056,94.130,23.005,9.840,4.147
2.11333,490.556,354.487,423.532,269.826,96.374,23.409,9.890,4.093
2.11667,498.696,360.215,430.734,274.499,97.890,23.615,9.983,4.175
2.12000,502.955,363.260,434.566,276.899,98.663,23.715,10.057,4.218
2.12333,503.361,363.558,434.883,277.146,98.778,23.799,10.114,4.246
2.12667,499.960,361.192,431.850,275.141,98.130,23.673,10.032,4.259
2.13000,493.006,356.281,425.614,271.171,96.817,23.468,9.920,4.224
2.13333,482.688,348.911,416.447,265.320,94.860,23.196,9.812,4.229
2.13667,469.424,339.449,404.662,257.550,92.456,22.726,9.803,4.126
2.14000,453.417,328.158,390.530,248.542,89.475,22.227,9.560,4.179
2.14333,435.248,315.259,374.357,238.101,86.170,21.726,9.366,4.124
2.14667,415.375,301.218,356.768,226.811,82.459,21.149,9.166,4.055
2.15000,394.242,286.296,338.153,214.788,78.607,20.518,8.998,4.007
2.15333,372.321,270.725,318.653,202.302,74.539,19.806,8.751,3.969
2.15667,349.987,255.077,298.945,189.632,70.473,19.108,8.532,3.936
2.16000,327.670,239.321,279.203,176.913,66.481,18.438,8.369,3.834
2.16333,305.695,223.792,259.780,164.502,62.383,17.753,8.060,3.835
2.16667,284.400,208.773,240.909,152.447,58.463,17.157,7.862,3.833
2.17000,263.872,194.390,222.870,140.860,54.740,16.495,7.723,3.736
2.17333,244.497,180.782,205.730,129.846,51.251,15.931,7.496,3.770
2.17667,226.276,167.955,189.621,119.545,47.890,15.381,7.353,3.681
2.18000,209.278,156.072,174.632,109.981,44.811,14.943,7.170,3.609
2.18333,193.547,145.024,160.731,101.128,41.917,14.460,7.034,3.654
2.18667,179.219,134.915,148.139,93.086,39.403,14.031,6.875,3.643
2.19000,166.138,125.741,136.527,85.749,37.061,13.652,6.753,3.480
2.19333,154.287,117.489,126.111,79.065,34.837,13.293,6.604,3.564
2.19667,143.635,110.061,116.641,72.978,32.889,12.901,6.509,3.542
2.20000,134.143,103.336,108.254,67.608,31.291,12.649,6.430,3.529
2.20333,125.557,97.367,100.687,62.854,29.717,12.376,6.324,3.538
2.20667,117.957,91.976,94.019,58.572,28.385,12.198,6.323,3.547
2.21000,111.202,87.336,88.032,54.813,27.103,12.039,6.250,3.478
2.21333,105.249,83.176,82.728,51.335,26.082,11.818,6.175,3.489
2.21667,99.987,79.513,78.115,48.480,25.133,11.728,6.065,3.521
2.22000,95.320,76.224,74.102,45.839,24.273,11.559,6.105,3.485
2.22333,91.283,73.424,70.463,43.506,23.573,11.446,6.087,3.487
2.22667,87.630,70.893,67.216,41.560,22.926,11.386,5.993,3.474
2.23000,84.494,68.698,64.488,39.783,22.410,11.320,6.022,3.464
2.23333,81.777,66.782,62.075,38.134,21.802,11.188,5.976,3.443
2.23667,79.372,65.090,59.922,36.851,21.395,11.105,5.895,3.476
2.24000,77.219,63.621,58.110,35.617,21.105,11.056,5.912,3.498
2.24333,75.423,62.403,56.510,34.658,20.755,11.001,5.929,3.449
2.24667,73.887,61.370,55.159,33.722,20.432,10.975,5.923,3.484
2.25000,72.482,60.379,54.004,32.987,20.221,10.906,5.941,3.470
2.25333,71.290,59.699,53.005,32.278,20.035,10.905,5.833,3.394
2.25667,70.257,59.063,52.242,31.718,19.868,10.856,5.885,3.402
2.26000,69.414,58.524,51.709,31.294,19.702,10.877,5.887,3.403
2.26333,68.784,58.281,51.322,30.941,19.622,10.896,5.867,3.441
2.26667,68.237,58.180,51.095,30.681,19.510,10.882,5.908,3.451
2.27000,67.835,58.256,51.278,30.547,19.366,10.912,5.830,3.479
2.27333,67.658,58.509,51.799,30.510,19.335,10.884,5.855,3.447
2.27667,67.681,59.104,52.662,30.634,19.370,10.865,5.861,3.452
2.28000,67.874,60.115,53.951,30.921,19.429,10.907,5.887,3.511
2.28333,68.367,61.388,55.847,31.342,19.468,10.884,5.887,3.477
2.28667,68.927,63.184,58.526,32.084,19.575,10.982,5.916,3.428
2.29000,70.002,65.597,61.986,33.056,19.672,10.973,5.891,3.528
2.29333,71.491,68.792,66.407,34.345,19.918,11.015,5.903,3.465
2.29667,73.339,72.749,72.097,36.035,20.190,10.999,5.953,3.492
2.30000,75.695,77.726,79.307,38.089,20.443,11.051,5.916,3.534
2.30333,78.612,83.862,88.002,40.703,20.909,11.098,6.022,3.497
2.30667,82.235,91.221,98.553,43.875,21.420,11.134,6.029,3.546
2.31000,86.579,100.173,111.181,47.636,22.088,11.162,6.101,3.504
2.31333,91.653,110.600,126.142,52.105,22.733,11.255,6.143,3.545
2.31667,97.672,122.798,143.412,57.186,23.555,11.433,6.115,3.573
2.32000,104.474,136.751,163.263,63.276,24.577,11.485,6.139,3.560
2.32333,112.260,152.451,185.700,70.007,25.629,11.594,6.187,3.624
2.32667,120.935,170.042,210.730,77.601,26.791,11.706,6.245,3.688
2.33000,130.509,189.381,238.267,85.857,28.176,11.927,6.263,3.694
2.33333,140.927,210.370,268.007,94.961,29.640,12.051,6.350,3.734
2.33667,152.006,232.708,299.759,104.635,31.187,12.317,6.423,3.776
2.34000,163.638,256.257,333.240,114.770,32.849,12.396,6.618,3.819
2.34333,175.755,280.616,367.774,125.299,34.550,12.570,6.620,3.841
2.34667,188.145,305.374,402.806,136.047,36.328,12.796,6.743,3.870
2.35000,200.411,330.132,437.732,146.795,38.066,13.041,6.770,3.909
2.35333,212.544,354.337,471.891,157.295,39.788,13.201,6.858,3.901
2.35667,224.164,377.546,504.484,167.457,41.369,13.333,6.912,3.976
2.36000,234.977,399.211,534.919,176.896,42.994,13.578,6.960,3.986
2.36333,244.929,418.972,562.536,185.541,44.338,13.740,6.988,4.007
2.36667,253.582,436.222,586.722,193.117,45.637,13.822,7.118,4.096
2.37000,260.928,450.695,606.890,199.419,46.660,13.870,7.213,4.113
2.37333,266.672,462.105,622.730,204.495,47.506,14.052,7.182,4.120
2.37667,270.753,470.173,633.866,207.942,48.078,14.144,7.230,4.118
2.38000,273.084,474.762,640.275,210.006,48.422,14.102,7.243,4.091
2.38333,273.721,475.704,641.746,210.555,48.503,14.169,7.233,4.095
2.38667,272.617,473.497,638.479,209.475,48.323,14.197,7.277,4.082
2.39000,269.765,467.805,630.502,206.993,47.962,14.102,7.263,4.135
2.39333,265.346,459.036,618.247,203.151,47.335,14.084,7.298,4.163
2.39667,259.619,447.505,602.131,198.050,46.566,14.047,7.266,4.098
2.40000,252.602,433.525,582.446,191.988,45.571,13.889,7.159,4.121
2.40333,244.557,417.402,559.931,184.906,44.423,13.787,7.160,4.112
2.40667,235.669,399.577,534.952,177.160,43.255,13.680,7.083,4.042
2.41000,226.245,380.501,508.168,168.828,41.940,13.586,7.028,3.971
2.41333,216.339,360.553,480.015,160.076,40.537,13.416,6.975,3.991
2.41667,206.159,340.131,451.069,151.251,39.115,13.325,6.876,3.939
2.42000,195.992,319.556,422.014,142.298,37.707,13.199,6.899,3.933
2.42333,185.855,299.147,393.147,133.435,36.293,13.016,6.777,3.919
2.42667,176.029,279.185,364.849,124.800,34.864,12.896,6.825,3.926
2.43000,166.457,259.929,337.557,116.419,33.610,12.794,6.727,3.873
2.43333,157.476,241.588,311.301,108.517,32.272,12.661,6.662,3.771
2.43667,148.845,224.178,286.625,101.001,31.159,12.552,6.632,3.729
2.44000,140.818,207.954,263.389,93.984,30.044,12.422,6.672,3.833
2.44333,133.370,192.712,241.844,87.494,28.971,12.259,6.527,3.808
2.44667,126.547,178.792,221.880,81.456,28.098,12.258,6.452,3.737
2.45000,120.174,165.926,203.604,75.989,27.173,12.190,6.466,3.764
2.45333,114.483,154.263,186.840,70.918,26.402,12.086,6.455,3.712
2.45667,109.293,143.653,171.718,66.343,25.700,12.045,6.441,3.684
2.46000,104.634,134.134,158.140,62.290,25.087,11.953,6.407,3.748
2.46333,100.411,125.520,145.828,58.585,24.524,11.893,6.480,3.690
2.46667,96.697,117.772,134.790,55.274,23.959,11.848,6.372,3.662
2.47000,93.304,110.975,124.932,52.276,23.521,11.812,6.378,3.683
2.47333,90.355,104.820,116.116,49.725,23.037,11.811,6.400,3.642
2.47667,87.741,99.360,108.357,47.398,22.829,11.744,6.357,3.673
2.48000,85.398,94.582,101.412,45.256,22.389,11.752,6.337,3.638
2.48333,83.319,90.322,95.319,43.487,22.157,11.768,6.407,3.615
2.48667,81.552,86.512,89.822,41.891,21.972,11.696,6.356,3.695
2.49000,79.921,83.165,85.027,40.481,21.738,11.734,6.377,3.704
2.49333,78.482,80.243,80.769,39.169,21.519,11.738,6.325,3.692
2.49667,77.262,77.591,77.028,38.039,21.325,11.736,6.303,3.657
2.50000,76.223,75.337,73.713,37.153,21.214,11.698,6.301,3.660
2.50333,75.237,73.332,70.866,36.228,21.090,11.735,6.335,3.693
2.50667,74.422,71.587,68.318,35.449,21.034,11.685,6.360,3.691
2.51000,73.748,70.033,66.030,34.813,20.862,11.700,6.327,3.732
2.51333,73.040,68.668,64.065,34.257,20.860,11.693,6.351,3.720
2.51667,72.608,67.503,62.257,33.681,20.814,11.729,6.363,3.659
2.52000,72.100,66.459,60.745,33.327,20.664,11.807,6.308,3.726
2.52333,71.671,65.473,59.464,32.937,20.648,11.749,6.381,3.629
2.52667,71.307,64.774,58.281,32.600,20.659,11.784,6.362,3.676
2.53000,71.002,63.943,57.214,32.294,20.674,11.782,6.419,3.741
2.53333,70.759,63.441,56.343,32.015,20.593,11.695,6.335,3.657
2.53667,70.532,62.868,55.525,31.786,20.607,11.670,6.440,3.678
2.54000,70.343,62.437,54.803,31.630,20.543,11.764,6.335,3.628
2.54333,70.264,61.980,54.144,31.491,20.550,11.767,6.383,3.696
2.54667,70.097,61.729,53.666,31.245,20.533,11.740,6.373,3.669
2.55000,69.989,61.318,53.264,31.204,20.554,11.803,6.414,3.705
2.55333,69.880,61.283,52.820,31.085,20.563,11.743,6.428,3.746
2.55667,69.867,60.982,52.557,31.058,20.540,11.820,6.388,3.707
2.56000,69.876,60.763,52.183,30.909,20.626,11.826,6.429,3.688
2.56333,69.827,60.570,51.911,30.900,20.529,11.781,6.428,3.647
2.56667,69.767,60.530,51.687,30.860,20.607,11.873,6.418,3.665
2.57000,69.816,60.347,51.525,30.841,20.607,11.823,6.463,3.695
2.57333,69.765,60.290,51.359,30.760,20.607,11.904,6.455,3.715
2.57667,69.736,60.256,51.256,30.722,20.682,11.930,6.486,3.740
2.58000,69.834,60.228,51.101,30.775,20.708,11.899,6.441,3.720
2.58333,69.907,60.172,50.985,30.763,20.640,11.900,6.458,3.743
2.58667,69.909,60.121,51.001,30.686,20.674,11.904,6.442,3.674
2.59000,69.926,60.137,50.915,30.765,20.736,12.004,6.448,3.740
2.59333,70.003,60.148,50.833,30.806,20.683,12.008,6.505,3.662
2.59667,70.105,60.121,50.816,30.672,20.752,12.039,6.504,3.717
2.60000,70.174,60.165,50.851,30.813,20.739,11.993,6.546,3.773
2.60333,70.222,60.217,50.847,30.824,20.784,12.004,6.505,3.750
2.60667,70.223,60.252,50.826,30.789,20.856,11.984,6.511,3.724
2.61000,70.281,60.249,50.825,30.807,20.904,12.062,6.541,3.736
2.61333,70.333,60.298,50.815,30.822,20.884,12.060,6.546,3.803
2.61667,70.412,60.348,50.829,30.872,20.904,12.069,6.558,3.770
2.62000,70.527,60.378,50.915,30.906,20.816,12.116,6.558,3.793
2.62333,70.518,60.386,50.896,30.917,20.967,12.091,6.531,3.784
2.62667,70.590,60.420,50.908,31.013,20.900,12.022,6.554,3.814
2.63000,70.694,60.505,50.966,30.967,20.978,12.096,6.533,3.766
2.63333,70.750,60.561,50.972,30.998,21.035,12.168,6.571,3.796
2.63667,70.861,60.628,51.046,31.026,21.057,12.078,6.507,3.756
2.64000,71.031,60.681,51.121,31.098,21.009,12.200,6.627,3.739
2.64333,71.003,60.731,51.080,31.112,21.062,12.176,6.613,3.768
2.64667,71.040,60.777,51.185,31.122,21.124,12.201,6.621,3.836
2.65000,71.116,60.934,51.213,31.193,21.118,12.185,6.669,3.777
2.65333,71.248,60.932,51.300,31.207,21.218,12.187,6.598,3.803
2.65667,71.344,61.026,51.345,31.210,21.156,12.239,6.566,3.784
2.66000,71.444,61.137,51.316,31.309,21.238,12.193,6.615,3.822
2.66333,71.522,61.135,51.397,31.313,21.254,12.255,6.649,3.747
2.66667,71.548,61.236,51.488,31.367,21.232,12.226,6.669,3.820
2.67000,71.652,61.273,51.538,31.385,21.217,12.285,6.721,3.819
2.67333,71.692,61.355,51.603,31.410,21.312,12.291,6.659,3.885
2.67667,71.802,61.404,51.648,31.466,21.309,12.265,6.677,3.880
2.68000,71.946,61.546,51.649,31.508,21.321,12.294,6.704,3.855
2.68333,72.000,61.570,51.760,31.480,21.413,12.341,6.755,3.836
2.68667,72.077,61.693,51.796,31.561,21.339,12.312,6.699,3.871
2.69000,72.202,61.702,51.866,31.659,21.457,12.402,6.690,3.801
2.69333,72.233,61.831,51.910,31.634,21.439,12.384,6.703,3.897
2.69667,72.400,61.854,51.931,31.669,21.462,12.349,6.710,3.823
2.70000,72.477,61.913,52.144,31.779,21.486,12.394,6.719,3.860
2.70333,72.493,62.013,52.060,31.697,21.569,12.330,6.757,3.871
2.70667,72.627,62.052,52.166,31.758,21.642,12.408,6.743,3.807
2.71000,72.682,62.154,52.208,31.817,21.572,12.446,6.745,3.850
2.71333,72.778,62.235,52.345,31.872,21.591,12.432,6.806,3.806
2.71667,72.864,62.258,52.358,31.971,21.697,12.495,6.777,3.896
2.72000,72.862,62.383,52.408,31.995,21.663,12.514,6.726,3.908
2.72333,72.987,62.436,52.436,32.018,21.726,12.529,6.774,3.902
2.72667,73.075,62.524,52.511,32.059,21.698,12.504,6.804,3.877
2.73000,73.253,62.617,52.622,32.079,21.715,12.553,6.804,3.899
2.73333,73.290,62.674,52.593,32.136,21.740,12.537,6.776,3.853
2.73667,73.370,62.636,52.686,32.110,21.826,12.520,6.863,3.908
2.74000,73.453,62.896,52.765,32.182,21.818,12.588,6.795,3.934
2.74333,73.486,62.811,52.890,32.308,21.758,12.574,6.826,3.889
2.74667,73.587,62.926,52.936,32.272,21.911,12.571,6.828,3.875
2.75000,73.693,63.057,52.962,32.229,21.828,12.640,6.845,3.885
2.75333,73.767,63.071,53.052,32.336,21.933,12.595,6.866,3.905
2.75667,73.894,63.148,53.062,32.430,21.968,12.604,6.909,3.920
2.76000,73.992,63.189,53.182,32.440,21.997,12.612,6.900,3.932
2.76333,74.005,63.276,53.190,32.457,21.967,12.684,6.867,3.911
2.76667,74.120,63.349,53.359,32.494,22.021,12.688,6.877,3.955
2.77000,74.216,63.396,53.356,32.495,22.052,12.683,6.882,3.967
2.77333,74.382,63.498,53.445,32.563,22.100,12.703,6.954,3.928
2.77667,74.389,63.590,53.492,32.613,22.124,12.753,6.946,3.896
2.78000,74.474,63.714,53.547,32.701,22.121,12.693,6.910,3.901
2.78333,74.597,63.770,53.638,32.644,22.185,12.710,6.871,3.887
2.78667,74.635,63.819,53.636,32.733,22.229,12.740,6.966,3.943
2.79000,74.753,63.946,53.653,32.831,22.180,12.857,6.968,3.975
2.79333,74.852,63.973,53.820,32.833,22.208,12.811,6.925,3.928
2.79667,74.918,64.011,53.820,32.876,22.304,12.735,6.967,3.968
2.80000,75.001,64.115,53.855,32.891,22.272,12.818,6.976,3.888
2.80333,75.113,64.223,53.993,32.884,22.244,12.861,6.969,3.954
2.80667,75.209,64.305,54.094,33.030,22.328,12.841,6.997,3.979
2.81000,75.279,64.290,54.094,33.011,22.360,12.913,7.028,4.018
2.81333,75.354,64.418,54.218,33.036,22.400,12.865,6.954,3.979
2.81667,75.404,64.469,54.216,33.068,22.398,12.853,7.032,3.947
2.82000,75.634,64.545,54.355,33.157,22.368,12.897,7.022,3.960
2.82333,75.677,64.672,54.326,33.143,22.478,12.915,7.031,3.943
2.82667,75.754,64.740,54.382,33.231,22.465,12.957,7.071,3.982
2.83000,75.848,64.806,54.509,33.334,22.554,12.961,7.049,3.968
2.83333,75.893,64.917,54.539,33.312,22.559,12.948,7.012,3.975
2.83667,76.008,64.966,54.642,33.343,22.581,12.961,7.061,3.977
2.84000,76.122,65.059,54.708,33.361,22.631,12.983,7.063,3.979
2.84333,76.215,65.175,54.755,33.426,22.678,13.054,7.058,3.993
2.84667,76.207,65.184,54.781,33.391,22.650,13.034,7.074,4.022
2.85000,76.327,65.212,54.908,33.463,22.724,13.006,7.051,4.008
2.85333,76.390,65.354,54.924,33.540,22.626,13.039,7.122,3.948
2.85667,76.508,65.382,55.036,33.614,22.706,13.081,7.134,4.000
2.86000,76.625,65.537,55.074,33.588,22.769,13.088,7.090,4.055
2.86333,76.735,65.591,55.148,33.660,22.792,13.085,7.162,4.004
2.86667,76.761,65.679,55.188,33.681,22.847,13.067,7.158,3.980
2.87000,76.924,65.768,55.252,33.744,22.820,13.146,7.160,4.048
2.87333,76.944,65.850,55.301,33.798,22.932,13.182,7.127,3.979
2.87667,77.053,65.884,55.404,33.847,22.909,13.105,7.173,4.053
2.88000,77.186,65.934,55.384,33.863,22.881,13.253,7.206,4.008
2.88333,77.212,65.970,55.515,33.924,22.941,13.210,7.202,4.020
2.88667,77.304,66.120,55.592,33.976,22.980,13.180,7.111,3.993
2.89000,77.462,66.228,55.616,34.030,22.973,13.260,7.189,4.002
2.89333,77.532,66.319,55.754,34.004,23.091,13.268,7.146,4.105
2.89667,77.628,66.385,55.825,34.071,23.035,13.263,7.172,4.019
2.90000,77.763,66.382,55.877,34.103,23.131,13.323,7.247,4.039
2.90333,77.713,66.554,55.889,34.169,23.162,13.277,7.248,4.106
2.90667,77.878,66.589,55.974,34.162,23.127,13.329,7.296,4.047
2.91000,77.985,66.698,56.118,34.193,23.164,13.263,7.249,3.955
2.91333,78.028,66.745,56.141,34.261,23.237,13.312,7.280,4.129
2.91667,78.185,66.791,56.210,34.255,23.193,13.303,7.243,4.095
2.92000,78.198,66.841,56.206,34.362,23.243,13.321,7.319,4.111
2.92333,78.311,66.968,56.325,34.390,23.289,13.339,7.326,4.172
2.92667,78.487,67.023,56.332,34.439,23.337,13.372,7.279,4.164
2.93000,78.589,67.154,56.480,34.481,23.368,13.388,7.284,4.082
2.93333,78.602,67.196,56.556,34.571,23.414,13.440,7.297,4.054
2.93667,78.682,67.253,56.576,34.556,23.377,13.437,7.274,4.062
2.94000,78.793,67.460,56.622,34.640,23.404,13.435,7.367,4.106
2.94333,78.923,67.460,56.686,34.633,23.412,13.485,7.344,4.075
2.94667,79.004,67.558,56.778,34.701,23.463,13.492,7.341,4.096
2.95000,79.082,67.601,56.819,34.677,23.558,13.487,7.303,4.102
2.95333,79.250,67.697,56.897,34.802,23.461,13.511,7.310,4.140
2.95667,79.285,67.809,57.022,34.799,23.587,13.585,7.355,4.143
2.96000,79.378,67.887,57.014,34.878,23.604,13.530,7.312,4.093
2.96333,79.459,67.964,57.122,34.906,23.654,13.622,7.357,4.147
2.96667,79.476,68.022,57.174,34.928,23.671,13.530,7.364,4.103
2.97000,79.620,68.096,57.329,34.963,23.684,13.539,7.422,4.081
2.97333,79.740,68.188,57.274,34.982,23.745,13.594,7.350,4.115
2.97667,79.832,68.206,57.410,35.079,23.763,13.657,7.465,4.085
2.98000,79.918,68.360,57.447,35.068,23.728,13.627,7.409,4.129
2.98333,80.008,68.412,57.438,35.151,23.794,13.670,7.442,4.139
2.98667,80.117,68.532,57.586,35.204,23.856,13.651,7.452,4.234
2.99000,80.184,68.612,57.599,35.223,23.828,13.667,7.456,4.214
2.99333,80.275,68.679,57.747,35.252,23.855,13.726,7.380,4.149
2.99667,80.375,68.726,57.769,35.257,23.891,13.709,7.389,4.110
3.00000,80.516,68.853,57.837,35.376,23.982,13.662,7.443,4.141
3.00333,80.632,68.812,57.895,35.441,24.003,13.812,7.474,4.173
3.00667,80.646,68.955,57.969,35.369,23.956,13.769,7.495,4.191
3.01000,80.746,69.018,58.093,35.528,23.997,13.735,7.580,4.193
3.01333,80.866,69.134,58.124,35.469,24.016,13.773,7.492,4.226
3.01667,80.909,69.307,58.211,35.592,24.052,13.809,7.483,4.187
3.02000,81.091,69.284,58.184,35.597,24.132,13.833,7.500,4.162
3.02333,81.127,69.357,58.343,35.648,24.057,13.844,7.564,4.182
3.02667,81.213,69.460,58.420,35.693,24.163,13.862,7.523,4.159
3.03000,81.341,69.513,58.477,35.706,24.237,13.850,7.536,4.223
3.03333,81.438,69.650,58.518,35.870,24.260,13.927,7.571,4.225
3.03667,81.509,69.739,58.614,35.777,24.246,13.893,7.497,4.248
3.04000,81.578,69.730,58.655,35.871,24.184,13.896,7.572,4.203
3.04333,81.758,69.838,58.732,35.932,24.329,13.942,7.521,4.229
3.04667,81.814,69.992,58.901,35.916,24.335,13.892,7.571,4.227
3.05000,81.837,70.024,58.908,36.032,24.347,13.987,7.608,4.211
3.05333,82.029,70.172,58.941,36.108,24.431,14.021,7.607,4.265
3.05667,82.056,70.125,59.018,36.115,24.395,14.005,7.624,4.301
3.06000,82.146,70.339,59.098,36.173,24.465,14.032,7.595,4.240
3.06333,82.374,70.295,59.112,36.147,24.416,14.017,7.683,4.245
3.06667,82.372,70.448,59.217,36.190,24.524,14.071,7.612,4.280
3.07000,82.484,70.495,59.272,36.259,24.464,14.107,7.633,4.215
3.07333,82.533,70.616,59.314,36.340,24.523,14.102,7.665,4.302
3.07667,82.698,70.673,59.387,36.352,24.613,14.132,7.649,4.297
3.08000,82.705,70.761,59.495,36.357,24.563,14.053,7.665,4.200
3.08333,82.826,70.886,59.559,36.345,24.678,14.133,7.723,4.267
3.08667,82.921,70.980,59.652,36.486,24.637,14.094,7.594,4.327
3.09000,83.109,71.127,59.720,36.607,24.680,14.133,7.766,4.330
3.09333,83.096,71.051,59.770,36.617,24.726,14.168,7.708,4.246
3.09667,83.205,71.222,59.741,36.633,24.734,14.229,7.672,4.289
3.10000,83.369,71.245,59.942,36.652,24.766,14.220,7.732,4.286
3.10333,83.447,71.394,59.998,36.680,24.812,14.188,7.722,4.339
3.10667,83.567,71.410,60.073,36.717,24.845,14.201,7.712,4.264
3.11000,83.614,71.516,60.145,36.764,24.861,14.222,7.731,4.298
3.11333,83.751,71.588,60.189,36.764,24.865,14.270,7.748,4.266
3.11667,83.800,71.693,60.293,36.888,24.901,14.324,7.787,4.309
3.12000,83.865,71.736,60.316,36.943,24.934,14.309,7.776,4.280
3.12333,83.975,71.881,60.472,36.965,25.020,14.313,7.813,4.317
3.12667,84.134,71.952,60.471,37.037,24.971,14.296,7.760,4.337
3.13000,84.215,72.016,60.604,37.038,25.048,14.272,7.782,4.380
3.13333,84.304,72.108,60.590,37.157,25.051,14.398,7.830,4.373
3.13667,84.388,72.133,60.689,37.179,25.106,14.391,7.840,4.350
3.14000,84.501,72.239,60.784,37.186,25.141,14.459,7.786,4.351
3.14333,84.618,72.362,60.856,37.256,25.198,14.446,7.763,4.361
3.14667,84.708,72.410,60.946,37.237,25.205,14.402,7.840,4.290
3.15000,84.815,72.544,60.989,37.319,25.246,14.448,7.841,4.386
3.15333,84.965,72.543,61.031,37.279,25.256,14.479,7.887,4.342
3.15667,84.966,72.773,61.110,37.429,25.309,14.526,7.852,4.373
3.16000,85.124,72.807,61.164,37.418,25.320,14.514,7.874,4.304
3.16333,85.257,72.891,61.232,37.425,25.226,14.498,7.897,4.326
3.16667,85.257,72.960,61.284,37.454,25.378,14.508,7.916,4.391
3.17000,85.395,72.967,61.376,37.556,25.380,14.606,7.951,4.363
3.17333,85.549,73.099,61.473,37.598,25.385,14.522,7.923,4.344
3.17667,85.592,73.176,61.571,37.703,25.575,14.520,7.951,4.392
3.18000,85.708,73.273,61.606,37.718,25.518,14.597,7.914,4.320
3.18333,85.825,73.357,61.641,37.745,25.494,14.627,7.949,4.328
3.18667,85.918,73.485,61.743,37.780,25.552,14.662,7.959,4.349
3.19000,86.010,73.504,61.843,37.803,25.592,14.609,7.958,4.482
3.19333,86.060,73.570,61.883,37.833,25.586,14.648,7.959,4.355
3.19667,86.150,73.665,61.997,37.893,25.617,14.713,7.999,4.339
3.20000,86.278,73.799,62.055,38.003,25.654,14.749,7.953,4.414
3.20333,86.403,73.898,62.144,38.018,25.721,14.676,8.000,4.396
3.20667,86.510,73.898,62.184,38.069,25.719,14.735,8.020,4.469
3.21000,86.584,74.051,62.235,38.074,25.780,14.776,8.021,4.446
3.21333,86.682,74.136,62.359,38.114,25.851,14.705,8.087,4.464
3.21667,86.816,74.219,62.480,38.207,25.829,14.856,8.040,4.489
3.22000,86.930,74.329,62.490,38.186,25.851,14.838,8.036,4.477
3.22333,86.968,74.416,62.524,38.276,25.885,14.788,8.063,4.393
3.22667,87.072,74.508,62.654,38.332,25.906,14.841,8.030,4.402
3.23000,87.243,74.646,62.625,38.364,25.923,14.821,8.110,4.416
3.23333,87.341,74.666,62.760,38.475,25.906,14.782,8.113,4.430
3.23667,87.427,74.718,62.885,38.447,26.029,14.868,8.033,4.375
3.24000,87.419,74.802,62.930,38.498,26.007,14.819,8.092,4.462
3.24333,87.605,74.844,63.045,38.602,26.042,14.924,8.159,4.416
3.24667,87.672,74.936,63.048,38.592,26.070,14.909,8.100,4.473
3.25000,87.820,75.105,63.134,38.604,26.119,14.882,8.122,4.453
3.25333,87.917,75.208,63.247,38.731,26.154,14.957,8.096,4.466
3.25667,87.982,75.223,63.323,38.699,26.152,14.961,8.175,4.481
3.26000,88.117,75.304,63.285,38.791,26.211,14.936,8.135,4.502
3.26333,88.237,75.393,63.465,38.852,26.284,15.040,8.133,4.485
3.26667,88.297,75.556,63.399,38.831,26.300,15.108,8.186,4.518
3.27000,88.474,75.658,63.581,38.985,26.334,15.079,8.185,4.549
3.27333,88.533,75.663,63.631,39.022,26.304,15.073,8.239,4.533
3.27667,88.622,75.831,63.760,38.970,26.329,15.019,8.167,4.523
3.28000,88.714,75.830,63.740,39.043,26.414,15.150,8.245,4.508
3.28333,88.791,75.962,63.841,39.032,26.420,15.156,8.173,4.556
3.28667,88.903,76.004,63.967,39.135,26.496,15.125,8.223,4.481
3.29000,89.097,76.140,63.939,39.229,26.475,15.186,8.220,4.508
3.29333,89.112,76.193,64.089,39.317,26.516,15.116,8.236,4.522
3.29667,89.220,76.259,64.196,39.319,26.517,15.217,8.231,4.525
3.30000,89.289,76.391,64.240,39.388,26.594,15.193,8.292,4.547
3.30333,89.413,76.471,64.335,39.350,26.647,15.220,8.258,4.542
3.30667,89.474,76.538,64.394,39.459,26.620,15.186,8.257,4.583
3.31000,89.670,76.628,64.474,39.514,26.688,15.247,8.302,4.555
3.31333,89.679,76.745,64.473,39.471,26.659,15.227,8.340,4.580
3.31667,89.839,76.879,64.588,39.516,26.728,15.321,8.338,4.568
3.32000,89.934,76.920,64.651,39.625,26.784,15.339,8.286,4.610
3.32333,90.062,77.011,64.748,39.659,26.858,15.361,8.357,4.563
3.32667,90.225,77.099,64.792,39.705,26.889,15.290,8.408,4.523
3.33000,90.257,77.215,64.852,39.888,26.867,15.320,8.388,4.579
3.33333,90.330,77.309,64.941,39.771,26.844,15.388,8.300,4.572
3.33667,90.505,77.343,65.010,39.878,26.912,15.411,8.391,4.598
3.34000,90.555,77.495,65.159,39.895,26.963,15.376,8.365,4.549
3.34333,90.692,77.478,65.193,39.914,26.990,15.375,8.418,4.512
3.34667,90.790,77.642,65.285,40.005,27.003,15.450,8.445,4.579
3.35000,90.858,77.713,65.378,40.106,27.104,15.493,8.444,4.586
3.35333,91.029,77.809,65.401,40.099,27.110,15.523,8.430,4.601
3.35667,91.130,77.861,65.474,40.162,27.145,15.514,8.385,4.626
3.36000,91.209,77.964,65.511,40.185,27.165,15.548,8.466,4.627
3.36333,91.288,78.122,65.655,40.253,27.168,15.522,8.526,4.661
3.36667,91.435,78.146,65.725,40.248,27.210,15.508,8.455,4.592
3.37000,91.510,78.296,65.861,40.283,27.316,15.577,8.450,4.655
3.37333,91.719,78.322,65.872,40.395,27.305,15.639,8.520,4.648
3.37667,91.729,78.393,65.952,40.372,27.290,15.570,8.489,4.637
3.38000,91.788,78.527,66.045,40.494,27.315,15.604,8.476,4.700
3.38333,91.933,78.617,66.044,40.555,27.413,15.683,8.524,4.629
3.38667,91.975,78.668,66.198,40.588,27.384,15.656,8.521,4.636
3.39000,92.086,78.814,66.265,40.649,27.409,15.654,8.522,4.574
3.39333,92.218,78.843,66.274,40.640,27.440,15.661,8.493,4.632
3.39667,92.314,78.970,66.364,40.677,27.514,15.729,8.597,4.603
3.40000,92.390,79.069,66.517,40.697,27.534,15.624,8.556,4.617
3.40333,92.589,79.192,66.525,40.806,27.469,15.768,8.554,4.638
3.40667,92.633,79.180,66.564,40.864,27.631,15.759,8.529,4.656
3.41000,92.787,79.339,66.754,40.946,27.668,15.760,8.559,4.649
3.41333,92.881,79.446,66.810,40.854,27.639,15.716,8.657,4.666
3.41667,93.048,79.501,66.902,40.986,27.658,15.932,8.597,4.647
3.42000,93.093,79.568,66.937,41.028,27.671,15.804,8.638,4.655
3.42333,93.171,79.724,66.998,41.136,27.796,15.849,8.663,4.733
3.42667,93.309,79.706,67.120,41.102,27.733,15.838,8.667,4.648
3.43000,93.439,79.855,67.115,41.140,27.826,15.914,8.577,4.711
3.43333,93.471,79.958,67.189,41.214,27.843,15.894,8.591,4.701
3.43667,93.653,80.089,67.295,41.258,27.891,15.882,8.595,4.681
3.44000,93.717,80.123,67.387,41.333,27.892,15.945,8.702,4.672
3.44333,93.800,80.240,67.471,41.391,27.929,15.963,8.615,4.723
3.44667,93.963,80.372,67.575,41.473,27.984,15.891,8.661,4.665
3.45000,94.008,80.391,67.635,41.471,27.996,15.990,8.697,4.689
3.45333,94.080,80.500,67.674,41.536,27.988,16.025,8.734,4.739
3.45667,94.197,80.552,67.793,41.612,28.048,15.975,8.674,4.666
3.46000,94.380,80.678,67.910,41.573,28.033,15.993,8.742,4.802
3.46333,94.440,80.749,67.962,41.735,28.163,16.039,8.675,4.807
3.46667,94.508,80.895,68.032,41.682,28.195,16.087,8.755,4.777
3.47000,94.688,80.969,68.127,41.748,28.186,16.084,8.750,4.802
3.47333,94.815,81.098,68.205,41.767,28.173,16.176,8.740,4.797
3.47667,94.913,81.182,68.297,41.891,28.319,16.150,8.752,4.747
3.48000,95.062,81.326,68.451,41.900,28.278,16.156,8.771,4.778
3.48333,95.222,81.540,68.555,42.004,28.368,16.186,8.832,4.800
3.48667,95.396,81.667,68.644,42.052,28.442,16.310,8.882,4.825
3.49000,95.535,81.899,68.839,42.121,28.530,16.389,8.805,4.725
3.49333,95.695,82.127,68.958,42.188,28.548,16.490,8.855,4.744
3.49667,95.994,82.424,69.202,42.280,28.568,16.579,8.869,4.774
3.50000,96.171,82.716,69.418,42.437,28.610,16.810,8.962,4.749
3.50333,96.445,83.216,69.798,42.560,28.761,16.974,8.875,4.750
3.50667,96.942,83.774,70.198,42.674,28.967,17.217,9.046,4.812
3.51000,97.364,84.454,70.725,42.990,29.050,17.587,9.093,4.787
3.51333,97.944,85.390,71.269,43.172,29.241,18.072,9.200,4.817
3.51667,98.684,86.517,72.141,43.492,29.472,18.654,9.302,4.819
3.52000,99.536,87.959,73.162,43.835,29.793,19.415,9.447,4.812
3.52333,100.658,89.722,74.407,44.318,30.115,20.340,9.569,4.824
3.52667,102.026,91.904,75.938,44.853,30.552,21.392,9.782,4.812
3.53000,103.560,94.488,77.854,45.458,31.052,22.874,10.120,4.853
3.53333,105.611,97.675,80.099,46.344,31.721,24.606,10.374,4.841
3.53667,107.840,101.590,82.840,47.296,32.478,26.680,10.657,4.868
3.54000,110.623,106.070,86.072,48.529,33.438,29.176,11.130,4.949
3.54333,113.864,111.601,89.981,49.834,34.536,32.085,11.667,4.918
3.54667,117.665,117.960,94.435,51.412,35.735,35.604,12.347,4.861
3.55000,122.087,125.228,99.600,53.216,37.192,39.569,12.955,4.943
3.55333,127.025,133.548,105.539,55.409,38.894,44.006,13.774,4.908
3.55667,132.721,143.073,112.275,57.722,40.724,49.222,14.731,4.979
3.56000,138.972,153.632,119.716,60.344,42.776,55.014,15.705,5.003
3.56333,145.964,165.349,128.026,63.243,45.151,61.338,16.831,5.049
3.56667,153.554,178.112,137.102,66.437,47.688,68.267,18.089,5.020
3.57000,161.835,191.953,146.831,69.867,50.417,75.896,19.312,5.092
3.57333,170.596,206.707,157.300,73.532,53.303,83.927,20.798,5.092
3.57667,179.853,222.289,168.335,77.397,56.378,92.524,22.328,5.178
3.58000,189.484,238.535,179.923,81.489,59.559,101.379,23.857,5.197
3.58333,199.413,255.202,191.666,85.631,62.933,110.546,25.463,5.276
3.58667,209.506,272.079,203.613,89.804,66.256,119.800,27.183,5.258
3.59000,219.504,288.796,215.472,94.017,69.640,128.954,28.706,5.309
3.59333,229.344,305.315,227.290,98.139,72.848,138.030,30.271,5.349
3.59667,238.788,321.169,238.437,102.092,76.045,146.752,31.874,5.377
3.60000,247.738,336.111,249.167,105.887,79.011,155.013,33.374,5.397
3.60333,256.050,349.981,258.885,109.343,81.800,162.579,34.623,5.485
3.60667,263.451,362.383,267.806,112.520,84.258,169.415,35.855,5.440
3.61000,270.058,373.206,275.528,115.190,86.450,175.377,36.919,5.531
3.61333,275.385,382.169,281.886,117.436,88.192,180.355,37.757,5.485
3.61667,279.564,389.209,286.864,119.208,89.588,184.162,38.450,5.576
3.62000,282.529,394.057,290.382,120.437,90.657,186.879,38.931,5.617
3.62333,284.267,396.828,292.404,121.181,91.202,188.303,39.197,5.548
3.62667,284.745,397.499,292.919,121.399,91.254,188.761,39.258,5.564
3.63000,283.933,396.121,291.864,121.012,91.113,187.837,39.144,5.587
3.63333,281.967,392.693,289.422,120.196,90.410,185.948,38.787,5.538
3.63667,278.807,387.468,285.620,118.879,89.409,182.966,38.255,5.585
3.64000,274.626,380.253,280.683,117.170,87.978,178.961,37.597,5.547
3.64333,269.603,371.598,274.524,115.096,86.219,174.191,36.749,5.463
3.64667,263.744,361.654,267.370,112.624,84.322,168.632,35.816,5.544
3.65000,257.064,350.565,259.567,109.855,82.031,162.510,34.716,5.523
3.65333,250.032,338.546,250.980,106.825,79.720,155.788,33.514,5.499
3.65667,242.628,325.892,242.031,103.705,77.192,148.777,32.304,5.530
3.66000,234.709,312.772,232.788,100.423,74.595,141.497,31.075,5.484
3.66333,227.002,299.362,223.232,97.182,71.944,134.040,29.687,5.408
3.66667,218.943,285.921,213.674,93.882,69.380,126.554,28.429,5.420
3.67000,211.123,272.525,204.259,90.591,66.758,119.233,27.157,5.383
3.67333,203.382,259.478,194.959,87.307,64.077,111.900,25.913,5.366
3.67667,195.882,246.672,185.977,84.293,61.639,104.870,24.661,5.393
3.68000,188.647,234.426,177.317,81.139,59.216,98.140,23.458,5.392
3.68333,181.818,222.680,169.069,78.348,56.924,91.546,22.423,5.337
3.68667,175.290,211.611,161.165,75.623,54.750,85.541,21.295,5.236
3.69000,169.178,201.091,153.757,73.033,52.733,79.665,20.334,5.333
3.69333,163.441,191.310,146.824,70.635,50.788,74.294,19.336,5.257
3.69667,158.123,182.161,140.399,68.448,49.012,69.228,18.452,5.218
3.70000,153.153,173.749,134.428,66.441,47.361,64.631,17.675,5.263
3.70333,148.581,165.888,128.956,64.550,45.862,60.296,16.936,5.194
3.70667,144.461,158.795,123.997,62.742,44.448,56.298,16.273,5.214
3.71000,140.599,152.153,119.270,61.213,43.190,52.648,15.646,5.123
3.71333,137.106,146.147,115.044,59.711,42.070,49.379,15.096,5.193
3.71667,133.947,140.703,111.185,58.373,41.012,46.352,14.561,5.241
3.72000,131.038,135.712,107.727,57.236,40.068,43.514,14.027,5.162
3.72333,128.503,131.185,104.571,56.123,39.182,40.988,13.617,5.116
3.72667,126.137,127.128,101.660,55.201,38.328,38.789,13.259,5.181
3.73000,124.034,123.404,99.060,54.305,37.607,36.746,12.915,5.209
3.73333,122.102,120.124,96.715,53.486,37.030,34.804,12.549,5.155
3.73667,120.325,117.120,94.630,52.743,36.402,33.255,12.227,5.148
3.74000,118.822,114.424,92.796,52.075,35.917,31.706,12.025,5.204
3.74333,117.435,111.964,91.031,51.576,35.467,30.378,11.801,5.181
3.74667,116.192,109.778,89.537,51.033,35.076,29.109,11.550,5.165
3.75000,115.102,107.779,88.146,50.563,34.737,28.010,11.421,5.111
3.75333,114.054,106.064,86.838,50.190,34.394,26.971,11.211,5.143
3.75667,113.245,104.516,85.754,49.811,34.066,26.203,11.064,5.175
3.76000,112.447,103.079,84.804,49.469,33.844,25.276,10.918,5.127
3.76333,111.850,101.766,83.956,49.189,33.603,24.532,10.786,5.137
3.76667,111.160,100.679,83.099,48.962,33.396,23.853,10.679,5.153
3.77000,110.554,99.669,82.437,48.759,33.212,23.356,10.583,5.220
3.77333,110.136,98.674,81.805,48.472,33.055,22.753,10.572,5.080
3.77667,109.668,97.949,81.269,48.324,32.838,22.294,10.453,5.232
3.78000,109.352,97.204,80.824,48.224,32.780,21.913,10.351,5.171
3.78333,109.009,96.516,80.309,48.138,32.664,21.492,10.306,5.181
3.78667,108.782,96.042,79.955,47.995,32.535,21.123,10.305,5.144
3.79000,108.520,95.517,79.610,47.868,32.460,20.819,10.313,5.173
3.79333,108.315,94.981,79.262,47.863,32.354,20.564,10.193,5.185
3.79667,108.137,94.721,79.085,47.762,32.318,20.301,10.153,5.130
3.80000,107.992,94.335,78.848,47.700,32.210,20.097,10.047,5.206
3.80333,107.881,94.040,78.651,47.647,32.225,19.913,10.071,5.234
3.80667,107.760,93.824,78.474,47.679,32.177,19.669,10.098,5.156
3.81000,107.631,93.561,78.296,47.566,32.163,19.573,10.020,5.184
3.81333,107.691,93.359,78.110,47.579,32.122,19.424,10.025,5.204
3.81667,107.617,93.185,78.082,47.571,32.159,19.312,10.043,5.203
3.82000,107.567,93.161,77.986,47.563,32.132,19.211,10.038,5.233
3.82333,107.537,92.949,77.934,47.563,32.116,19.067,10.008,5.253
3.82667,107.583,92.867,77.851,47.607,32.050,19.042,9.979,5.195
3.83000,107.582,92.760,77.850,47.547,32.144,18.941,10.049,5.246
3.83333,107.627,92.710,77.776,47.566,32.137,18.842,9.979,5.247
3.83667,107.611,92.618,77.810,47.620,32.151,18.778,9.967,5.189
3.84000,107.566,92.730,77.808,47.640,32.119,18.778,9.945,5.227
3.84333,107.716,92.672,77.797,47.601,32.175,18.660,9.982,5.256
3.84667,107.723,92.618,77.743,47.587,32.172,18.731,9.927,5.271
3.85000,107.825,92.602,77.821,47.661,32.118,18.698,9.990,5.228
3.85333,107.892,92.657,77.825,47.766,32.243,18.612,9.962,5.222
3.85667,108.022,92.663,77.859,47.717,32.188,18.591,9.919,5.310
3.86000,108.052,92.725,77.888,47.777,32.264,18.586,9.864,5.278
3.86333,108.112,92.729,77.899,47.748,32.317,18.542,10.051,5.243
3.86667,108.215,92.763,77.962,47.922,32.288,18.552,9.940,5.295
3.87000,108.266,92.853,78.058,47.945,32.293,18.489,10.012,5.234
3.87333,108.334,92.933,78.058,47.926,32.383,18.535,9.998,5.311
3.87667,108.475,92.989,78.127,47.977,32.372,18.489,10.029,5.259
3.88000,108.572,93.015,78.132,48.059,32.364,18.542,10.006,5.309
3.88333,108.654,93.055,78.250,48.082,32.403,18.546,10.036,5.257
3.88667,108.760,93.169,78.274,48.139,32.532,18.581,9.975,5.274
3.89000,108.873,93.180,78.398,48.192,32.476,18.556,10.105,5.397
3.89333,108.991,93.302,78.499,48.185,32.476,18.550,10.053,5.344
3.89667,109.072,93.410,78.520,48.304,32.513,18.548,10.054,5.254
3.90000,109.189,93.458,78.553,48.317,32.549,18.510,10.015,5.337
3.90333,109.217,93.495,78.665,48.430,32.589,18.592,10.109,5.324
3.90667,109.413,93.701,78.770,48.387,32.591,18.590,10.033,5.356
3.91000,109.496,93.660,78.775,48.431,32.671,18.633,10.084,5.327
3.91333,109.542,93.779,78.936,48.529,32.682,18.619,10.120,5.274
3.91667,109.740,93.804,78.949,48.595,32.684,18.582,10.058,5.331
3.92000,109.795,93.951,79.033,48.666,32.779,18.660,10.185,5.306
3.92333,109.888,94.051,79.096,48.651,32.818,18.716,10.172,5.346
3.92667,110.065,94.157,79.136,48.652,32.874,18.620,10.123,5.311
3.93000,110.175,94.262,79.309,48.764,32.891,18.669,10.178,5.391
3.93333,110.261,94.383,79.294,48.828,32.895,18.649,10.137,5.345
3.93667,110.336,94.400,79.365,48.847,32.954,18.719,10.099,5.356
3.94000,110.442,94.506,79.515,48.842,32.956,18.697,10.113,5.380
3.94333,110.666,94.587,79.575,48.889,33.015,18.767,10.163,5.362
3.94667,110.698,94.659,79.747,49.022,33.084,18.758,10.200,5.332
3.95000,110.850,94.801,79.708,49.038,33.176,18.707,10.265,5.434
3.95333,110.916,94.948,79.809,49.090,33.175,18.790,10.282,5.380
3.95667,111.043,95.037,79.902,49.121,33.205,18.820,10.234,5.419
3.96000,111.137,95.114,80.013,49.193,33.180,18.808,10.207,5.431
3.96333,111.301,95.265,80.136,49.263,33.186,18.809,10.352,5.408
3.96667,111.415,95.302,80.171,49.284,33.277,18.879,10.239,5.400
3.97000,111.461,95.360,80.241,49.356,33.224,18.882,10.272,5.406
3.97333,111.648,95.458,80.316,49.429,33.317,18.884,10.251,5.411
3.97667,111.751,95.587,80.419,49.453,33.316,18.890,10.314,5.389
3.98000,111.851,95.690,80.579,49.559,33.396,18.895,10.301,5.392
3.98333,111.971,95.779,80.592,49.628,33.446,18.949,10.299,5.441
3.98667,112.073,95.912,80.683,49.655,33.424,18.910,10.313,5.511
3.99000,112.209,96.003,80.771,49.627,33.497,18.963,10.346,5.394
3.99333,112.320,96.108,80.797,49.727,33.525,18.990,10.367,5.485
3.99667,112.446,96.152,80.900,49.753,33.536,18.993,10.393,5.437
4.00000,112.597,96.243,80.991,49.797,33.539,18.991,10.350,5.434
4.00333,112.711,96.394,81.105,49.900,33.610,19.026,10.366,5.516
4.00667,112.835,96.565,81.169,49.918,33.612,19.087,10.352,5.465
4.01000,112.878,96.605,81.240,50.024,33.666,19.188,10.420,5.458
4.01333,113.038,96.715,81.317,50.039,33.771,19.121,10.424,5.449
4.01667,113.110,96.779,81.373,50.074,33.754,19.153,10.488,5.532
4.02000,113.215,96.905,81.539,50.191,33.801,19.201,10.439,5.442
4.02333,113.327,96.962,81.581,50.156,33.845,19.144,10.471,5.519
4.02667,113.511,97.070,81.645,50.321,33.923,19.211,10.451,5.403
4.03000,113.691,97.225,81.794,50.354,33.890,19.199,10.455,5.517
4.03333,113.759,97.231,81.825,50.419,33.969,19.210,10.445,5.518
4.03667,113.920,97.362,81.991,50.398,33.963,19.265,10.446,5.505
4.04000,113.994,97.405,81.989,50.520,34.029,19.288,10.519,5.488
4.04333,114.089,97.611,82.129,50.563,34.034,19.343,10.521,5.528
4.04667,114.131,97.657,82.213,50.515,34.077,19.310,10.550,5.477
4.05000,114.342,97.814,82.251,50.578,34.125,19.341,10.549,5.576
4.05333,114.382,97.837,82.373,50.719,34.164,19.362,10.537,5.521
4.05667,114.579,97.999,82.427,50.766,34.208,19.366,10.542,5.563
4.06000,114.666,98.109,82.528,50.816,34.242,19.454,10.553,5.525
4.06333,114.823,98.214,82.619,50.866,34.256,19.438,10.570,5.521
4.06667,114.924,98.289,82.660,50.968,34.260,19.389,10.603,5.546
4.07000,115.083,98.362,82.796,50.949,34.361,19.423,10.646,5.593
4.07333,115.159,98.509,82.886,50.935,34.369,19.505,10.600,5.586
4.07667,115.257,98.572,82.929,51.120,34.379,19.485,10.613,5.558
4.08000,115.385,98.688,83.070,51.104,34.430,19.514,10.659,5.603
4.08333,115.583,98.704,83.129,51.167,34.452,19.493,10.646,5.600
4.08667,115.619,98.931,83.165,51.246,34.562,19.468,10.572,5.608
4.09000,115.768,99.064,83.348,51.282,34.578,19.506,10.652,5.587
4.09333,115.891,99.041,83.377,51.346,34.579,19.544,10.638,5.555
4.09667,115.993,99.289,83.436,51.432,34.590,19.628,10.670,5.603
4.10000,116.081,99.259,83.591,51.413,34.695,19.603,10.701,5.495
4.10333,116.268,99.413,83.685,51.477,34.611,19.637,10.677,5.575
4.10667,116.362,99.438,83.689,51.532,34.757,19.707,10.726,5.622
4.11000,116.496,99.642,83.828,51.670,34.674,19.721,10.658,5.675
4.11333,116.628,99.708,83.940,51.676,34.877,19.736,10.680,5.671
4.11667,116.767,99.779,83.965,51.673,34.867,19.747,10.746,5.628
4.12000,116.830,99.923,84.012,51.751,34.878,19.775,10.669,5.647
4.12333,116.939,100.043,84.074,51.885,34.913,19.756,10.783,5.611
4.12667,117.068,100.149,84.252,51.859,34.860,19.826,10.766,5.603
4.13000,117.190,100.215,84.290,51.990,34.993,19.836,10.790,5.654
4.13333,117.328,100.301,84.370,51.959,35.046,19.833,10.808,5.671
4.13667,117.396,100.335,84.457,52.095,35.013,19.887,10.815,5.679
4.14000,117.535,100.583,84.515,52.040,35.082,19.903,10.807,5.630
4.14333,117.636,100.607,84.639,52.101,35.110,19.842,10.819,5.684
4.14667,117.842,100.738,84.768,52.193,35.165,19.936,10.851,5.735
4.15000,117.834,100.773,84.830,52.218,35.208,19.874,10.831,5.688
4.15333,118.026,100.928,84.945,52.358,35.210,19.921,10.918,5.658
4.15667,118.206,100.996,84.990,52.367,35.321,19.918,10.872,5.675
4.16000,118.266,101.211,85.012,52.427,35.318,19.985,10.874,5.689
4.16333,118.346,101.235,85.160,52.466,35.326,20.001,10.861,5.625
4.16667,118.573,101.361,85.286,52.505,35.347,19.970,10.873,5.694
4.17000,118.609,101.445,85.331,52.624,35.423,20.081,10.959,5.688
4.17333,118.711,101.534,85.469,52.657,35.418,20.098,10.911,5.742
4.17667,118.952,101.634,85.507,52.656,35.492,20.126,11.030,5.745
4.18000,119.015,101.773,85.669,52.715,35.553,20.098,10.892,5.760
4.18333,119.073,101.893,85.701,52.794,35.531,20.137,10.936,5.740
4.18667,119.212,101.945,85.774,52.773,35.549,20.206,10.964,5.678
4.19000,119.331,102.097,85.964,52.872,35.645,20.197,10.944,5.773
4.19333,119.476,102.116,85.936,52.991,35.611,20.166,11.044,5.724
4.19667,119.568,102.228,86.065,53.060,35.663,20.209,11.051,5.757
4.20000,119.737,102.364,86.138,53.080,35.781,20.316,11.010,5.703
4.20333,119.811,102.472,86.187,53.162,35.779,20.286,11.058,5.742
4.20667,119.894,102.564,86.319,53.207,35.872,20.318,11.095,5.732
4.21000,120.071,102.647,86.453,53.221,35.854,20.309,10.993,5.757
4.21333,120.229,102.756,86.474,53.280,35.909,20.278,11.034,5.742
4.21667,120.347,102.898,86.548,53.323,35.950,20.348,11.078,5.847
4.22000,120.393,103.022,86.694,53.346,35.952,20.339,11.107,5.773
4.22333,120.537,103.124,86.774,53.416,35.967,20.392,11.137,5.802
4.22667,120.728,103.200,86.805,53.487,36.028,20.411,11.113,5.751
4.23000,120.736,103.344,86.903,53.548,36.072,20.434,11.079,5.845
4.23333,120.876,103.439,87.040,53.589,36.140,20.440,11.044,5.841
4.23667,120.903,103.506,87.103,53.693,36.072,20.514,11.076,5.851
4.24000,121.086,103.562,87.182,53.719,36.213,20.455,11.111,5.829
4.24333,121.298,103.704,87.318,53.728,36.238,20.554,11.208,5.814
4.24667,121.437,103.813,87.311,53.798,36.241,20.531,11.212,5.822
4.25000,121.513,103.869,87.470,53.887,36.314,20.554,11.186,5.841
4.25333,121.629,104.041,87.501,53.938,36.337,20.535,11.249,5.842
4.25667,121.691,104.128,87.668,53.979,36.311,20.541,11.205,5.752
4.26000,121.863,104.185,87.737,54.062,36.384,20.593,11.227,5.886
4.26333,121.988,104.333,87.785,54.088,36.384,20.625,11.219,5.834
4.26667,122.109,104.447,87.872,54.189,36.426,20.566,11.277,5.819
4.27000,122.248,104.528,87.990,54.234,36.487,20.632,11.210,5.915
4.27333,122.344,104.623,87.983,54.270,36.536,20.633,11.293,5.862
4.27667,122.464,104.748,88.125,54.375,36.595,20.669,11.223,5.825
4.28000,122.578,104.864,88.205,54.404,36.581,20.679,11.285,5.870
4.28333,122.744,104.957,88.323,54.414,36.689,20.723,11.279,5.845
4.28667,122.824,105.071,88.407,54.451,36.673,20.767,11.338,5.888
4.29000,122.937,105.094,88.473,54.540,36.671,20.788,11.261,5.863
4.29333,123.058,105.248,88.517,54.519,36.766,20.769,11.306,5.907
4.29667,123.220,105.377,88.675,54.673,36.758,20.724,11.318,5.871
4.30000,123.321,105.519,88.716,54.631,36.719,20.861,11.340,5.940
4.30333,123.447,105.587,88.869,54.807,36.856,20.861,11.353,5.909
4.30667,123.555,105.741,88.925,54.813,36.896,20.844,11.380,5.874
4.31000,123.733,105.763,89.051,54.870,36.924,20.886,11.421,5.933
4.31333,123.844,105.912,89.144,54.951,36.929,20.890,11.391,5.990
4.31667,123.903,105.953,89.158,54.999,37.035,20.894,11.417,5.890
4.32000,124.040,106.113,89.297,55.010,37.054,20.981,11.412,5.910
4.32333,124.145,106.187,89.414,55.057,37.070,20.985,11.374,5.930
4.32667,124.290,106.252,89.420,55.183,37.173,20.994,11.428,5.913
4.33000,124.436,106.428,89.539,55.128,37.141,20.986,11.431,5.961
4.33333,124.511,106.558,89.634,55.211,37.141,20.986,11.419,5.974
4.33667,124.709,106.643,89.707,55.235,37.237,20.988,11.444,5.921
4.34000,124.775,106.697,89.877,55.383,37.265,21.024,11.466,5.913
4.34333,124.928,106.808,89.930,55.455,37.275,21.101,11.511,6.008
4.34667,124.928,106.901,89.988,55.497,37.314,21.113,11.495,5.935
4.35000,125.141,107.008,90.086,55.493,37.359,21.170,11.482,5.960
4.35333,125.302,107.148,90.134,55.609,37.396,21.112,11.510,5.995
4.35667,125.368,107.233,90.187,55.603,37.443,21.122,11.548,5.949
4.36000,125.470,107.327,90.342,55.664,37.501,21.225,11.529,5.959
4.36333,125.611,107.471,90.422,55.746,37.591,21.275,11.532,6.068
4.36667,125.736,107.544,90.504,55.778,37.501,21.269,11.601,5.973
4.37000,125.832,107.626,90.556,55.815,37.559,21.282,11.595,5.985
4.37333,125.977,107.755,90.725,55.934,37.598,21.232,11.603,6.061
4.37667,126.120,107.848,90.772,55.962,37.669,21.232,11.629,6.044
4.38000,126.219,107.969,90.881,55.969,37.696,21.264,11.624,6.001
4.38333,126.341,108.110,90.944,56.042,37.711,21.286,11.625,6.042
4.38667,126.530,108.174,90.984,56.147,37.713,21.328,11.627,6.046
4.39000,126.625,108.212,91.075,56.124,37.871,21.366,11.633,5.986
4.39333,126.749,108.385,91.199,56.261,37.803,21.389,11.649,6.024
4.39667,126.927,108.474,91.333,56.265,37.871,21.478,11.671,6.051
4.40000,126.958,108.631,91.340,56.337,37.899,21.488,11.671,6.041
4.40333,127.069,108.612,91.431,56.377,37.956,21.424,11.640,6.058
4.40667,127.194,108.768,91.622,56.462,37.968,21.451,11.714,6.141
4.41000,127.353,108.931,91.601,56.572,38.065,21.504,11.697,6.070
4.41333,127.437,109.001,91.744,56.558,38.056,21.573,11.704,6.017
4.41667,127.588,109.101,91.833,56.601,38.134,21.557,11.691,6.076
4.42000,127.714,109.164,91.878,56.706,38.157,21.540,11.787,5.973
4.42333,127.826,109.319,91.973,56.762,38.175,21.588,11.778,6.108
4.42667,127.978,109.428,92.075,56.797,38.191,21.619,11.809,6.104
4.43000,128.117,109.518,92.229,56.893,38.238,21.606,11.774,6.050
4.43333,128.214,109.617,92.254,56.943,38.327,21.586,11.769,6.009
4.43667,128.265,109.745,92.321,56.945,38.301,21.707,11.828,6.126
4.44000,128.420,109.837,92.496,56.976,38.381,21.645,11.748,6.043
4.44333,128.565,109.976,92.554,57.006,38.453,21.710,11.784,6.124
4.44667,128.733,110.057,92.583,57.140,38.436,21.746,11.837,6.073
4.45000,128.850,110.197,92.693,57.161,38.519,21.692,11.870,6.081
4.45333,128.912,110.228,92.816,57.213,38.544,21.732,11.893,6.077
4.45667,129.078,110.358,92.891,57.306,38.538,21.819,11.825,6.164
4.46000,129.194,110.487,92.991,57.360,38.595,21.822,11.849,6.115
4.46333,129.347,110.619,93.074,57.372,38.654,21.834,11.881,6.143
4.46667,129.375,110.670,93.171,57.463,38.649,21.850,11.916,6.144
4.47000,129.534,110.803,93.248,57.500,38.705,21.830,11.849,6.124
4.47333,129.622,110.925,93.287,57.605,38.741,21.880,11.877,6.127
4.47667,129.873,111.035,93.460,57.655,38.791,21.925,11.931,6.159
4.48000,129.933,111.159,93.486,57.642,38.831,21.864,11.887,6.165
4.48333,130.056,111.270,93.584,57.751,38.837,21.925,11.956,6.244
4.48667,130.163,111.362,93.690,57.776,38.868,21.939,11.981,6.146
4.49000,130.328,111.410,93.781,57.825,38.994,21.959,11.960,6.180
4.49333,130.396,111.563,93.830,57.946,38.896,22.059,11.972,6.195
4.49667,130.452,111.555,93.913,57.951,38.944,22.004,11.913,6.173
4.50000,130.636,111.753,93.996,58.005,38.995,22.020,11.957,6.177
4.50333,130.758,111.818,94.062,58.000,39.067,22.084,12.000,6.184
4.50667,130.859,111.875,94.280,58.099,39.136,22.105,12.011,6.194
4.51000,131.048,112.022,94.317,58.191,39.174,22.153,12.091,6.212
4.51333,131.178,112.161,94.381,58.180,39.202,22.086,12.039,6.079
4.51667,131.222,112.222,94.539,58.324,39.197,22.117,12.077,6.199
4.52000,131.416,112.339,94.511,58.306,39.200,22.225,12.083,6.279
4.52333,131.494,112.482,94.678,58.351,39.298,22.138,12.067,6.270
4.52667,131.650,112.520,94.735,58.445,39.385,22.220,12.111,6.201
4.53000,131.756,112.702,94.763,58.461,39.358,22.208,12.120,6.267
4.53333,131.853,112.799,94.899,58.493,39.429,22.300,12.114,6.252
4.53667,131.916,112.869,95.008,58.570,39.390,22.255,12.093,6.283
4.54000,132.123,112.927,95.097,58.637,39.440,22.299,12.187,6.167
4.54333,132.210,113.057,95.138,58.732,39.532,22.301,12.162,6.282
4.54667,132.291,113.179,95.267,58.763,39.538,22.307,12.197,6.262
4.55000,132.461,113.285,95.328,58.876,39.642,22.323,12.214,6.287
4.55333,132.653,113.442,95.428,58.908,39.666,22.434,12.128,6.253
4.55667,132.718,113.409,95.480,58.950,39.664,22.366,12.197,6.273
4.56000,132.856,113.558,95.581,58.978,39.747,22.425,12.164,6.269
4.56333,132.963,113.767,95.718,59.044,39.720,22.461,12.208,6.318
4.56667,133.095,113.845,95.761,59.066,39.818,22.453,12.220,6.277
4.57000,133.193,113.874,95.870,59.164,39.817,22.437,12.198,6.254
4.57333,133.309,114.009,95.963,59.134,39.829,22.475,12.303,6.341
4.57667,133.465,114.119,96.082,59.234,39.910,22.603,12.261,6.276
4.58000,133.600,114.305,96.150,59.294,39.986,22.472,12.245,6.326
4.58333,133.706,114.311,96.252,59.372,39.918,22.519,12.246,6.293
4.58667,133.807,114.460,96.273,59.374,40.016,22.619,12.296,6.289
4.59000,133.945,114.527,96.419,59.431,40.047,22.623,12.343,6.301
4.59333,134.028,114.663,96.581,59.528,40.067,22.646,12.314,6.331
4.59667,134.182,114.775,96.616,59.582,40.164,22.614,12.393,6.364
4.60000,134.342,114.912,96.669,59.663,40.139,22.645,12.356,6.280
4.60333,134.451,114.934,96.724,59.766,40.168,22.703,12.331,6.376
4.60667,134.588,115.120,96.800,59.808,40.205,22.709,12.358,6.364
4.61000,134.774,115.166,97.028,59.853,40.268,22.747,12.371,6.286
4.61333,134.812,115.338,97.034,59.904,40.248,22.747,12.355,6.352
4.61667,134.915,115.372,97.143,59.892,40.373,22.769,12.391,6.365
4.62000,135.040,115.488,97.171,59.943,40.343,22.804,12.369,6.312
4.62333,135.223,115.570,97.291,60.005,40.420,22.780,12.429,6.334
4.62667,135.328,115.773,97.434,60.114,40.397,22.884,12.403,6.439
4.63000,135.469,115.801,97.475,60.158,40.492,22.860,12.447,6.345
4.63333,135.548,115.929,97.572,60.203,40.519,22.856,12.471,6.428
4.63667,135.675,116.045,97.678,60.336,40.533,22.903,12.477,6.332
4.64000,135.792,116.136,97.814,60.310,40.612,22.907,12.471,6.390
4.64333,135.874,116.265,97.859,60.379,40.641,22.892,12.537,6.431
4.64667,136.006,116.321,97.873,60.428,40.647,22.913,12.475,6.451
4.65000,136.178,116.441,98.044,60.517,40.668,22.951,12.532,6.437
4.65333,136.267,116.540,98.083,60.549,40.772,22.938,12.478,6.469
4.65667,136.364,116.728,98.144,60.609,40.801,23.063,12.511,6.384
4.66000,136.539,116.802,98.327,60.682,40.848,22.989,12.517,6.376
4.66333,136.649,116.893,98.385,60.738,40.877,23.079,12.552,6.385
4.66667,136.783,116.992,98.443,60.789,40.828,22.995,12.540,6.419
4.67000,136.884,117.033,98.689,60.842,40.876,23.130,12.615,6.382
4.67333,137.003,117.203,98.685,60.867,40.974,23.065,12.585,6.446
4.67667,137.144,117.291,98.698,60.931,41.036,23.138,12.617,6.373
4.68000,137.267,117.415,98.845,60.916,41.001,23.168,12.569,6.436
4.68333,137.339,117.536,98.849,61.047,41.074,23.166,12.577,6.505
4.68667,137.503,117.613,98.992,61.094,41.037,23.158,12.609,6.497
4.69000,137.593,117.723,99.014,61.195,41.059,23.186,12.596,6.461
4.69333,137.769,117.839,99.145,61.200,41.246,23.166,12.680,6.503
4.69667,137.935,117.920,99.227,61.236,41.186,23.272,12.686,6.444
4.70000,138.008,118.053,99.308,61.288,41.283,23.265,12.663,6.509
4.70333,138.144,118.158,99.462,61.382,41.282,23.259,12.654,6.500
4.70667,138.245,118.254,99.540,61.374,41.354,23.340,12.604,6.502
4.71000,138.344,118.372,99.605,61.491,41.347,23.365,12.707,6.499
4.71333,138.500,118.515,99.650,61.609,41.345,23.328,12.799,6.515
4.71667,138.605,118.531,99.735,61.615,41.364,23.357,12.706,6.555
4.72000,138.779,118.696,99.811,61.567,41.475,23.340,12.667,6.578
4.72333,138.881,118.733,99.918,61.686,41.526,23.356,12.702,6.530
4.72667,138.983,118.880,100.046,61.775,41.514,23.452,12.792,6.568
4.73000,139.102,119.001,100.137,61.833,41.613,23.449,12.765,6.512
4.73333,139.223,119.093,100.284,61.922,41.625,23.400,12.760,6.480
4.73667,139.351,119.176,100.329,61.910,41.663,23.565,12.759,6.566
4.74000,139.479,119.353,100.445,61.939,41.776,23.571,12.882,6.555
4.74333,139.575,119.404,100.481,62.048,41.758,23.527,12.858,6.555
4.74667,139.713,119.488,100.567,62.081,41.805,23.584,12.850,6.524
4.75000,139.805,119.602,100.674,62.133,41.811,23.579,12.823,6.580
4.75333,139.964,119.693,100.723,62.174,41.756,23.602,12.851,6.588
4.75667,140.130,119.859,100.831,62.258,41.948,23.523,12.862,6.569
4.76000,140.189,119.885,100.929,62.341,41.922,23.696,12.874,6.611
4.76333,140.385,120.017,101.054,62.386,41.963,23.651,12.818,6.575
4.76667,140.459,120.152,101.088,62.454,41.981,23.738,12.929,6.601
4.77000,140.626,120.261,101.177,62.533,41.987,23.672,12.933,6.631
4.77333,140.687,120.374,101.337,62.581,42.050,23.704,12.953,6.587
4.77667,140.824,120.504,101.388,62.632,42.129,23.736,12.887,6.632
4.78000,140.988,120.521,101.482,62.668,42.133,23.808,12.969,6.613
4.78333,141.055,120.687,101.548,62.732,42.146,23.774,12.904,6.651
4.78667,141.233,120.783,101.644,62.771,42.222,23.856,12.990,6.628
4.79000,141.294,120.901,101.723,62.806,42.285,23.814,12.948,6.641
4.79333,141.436,120.951,101.857,62.915,42.304,23.840,12.970,6.664
4.79667,141.544,121.097,101.942,62.903,42.336,23.858,13.028,6.610
4.80000,141.745,121.217,101.998,62.970,42.340,23.839,13.010,6.636
4.80333,141.794,121.325,102.063,63.104,42.416,23.897,12.978,6.656
4.80667,141.928,121.418,102.224,63.101,42.418,23.893,12.965,6.673
4.81000,142.100,121.504,102.272,63.127,42.454,23.992,13.065,6.709
4.81333,142.174,121.603,102.385,63.259,42.496,23.980,13.085,6.679
4.81667,142.322,121.722,102.451,63.334,42.539,23.980,13.066,6.666
4.82000,142.446,121.825,102.506,63.341,42.596,23.970,13.104,6.675
4.82333,142.471,121.895,102.595,63.349,42.581,24.014,13.089,6.684
4.82667,142.666,122.097,102.701,63.492,42.592,24.038,13.140,6.661
4.83000,142.766,122.120,102.842,63.535,42.671,24.119,13.071,6.675
4.83333,142.980,122.266,102.870,63.518,42.678,24.060,13.148,6.717
4.83667,143.049,122.341,103.027,63.607,42.758,24.093,13.154,6.716
4.84000,143.224,122.535,103.070,63.600,42.734,24.110,13.115,6.716
4.84333,143.234,122.625,103.133,63.750,42.872,24.122,13.208,6.672
4.84667,143.384,122.692,103.229,63.754,42.908,24.167,13.209,6.728
4.85000,143.512,122.714,103.358,63.763,42.909,24.231,13.156,6.682
4.85333,143.587,122.880,103.321,63.919,42.970,24.238,13.186,6.698
4.85667,143.828,122.964,103.538,64.003,42.995,24.233,13.168,6.764
4.86000,143.872,123.059,103.597,63.997,43.083,24.240,13.197,6.749
4.86333,144.001,123.161,103.732,64.034,43.029,24.269,13.267,6.719
4.86667,144.122,123.261,103.731,64.096,43.062,24.294,13.245,6.754
4.87000,144.212,123.368,103.851,64.145,43.129,24.315,13.217,6.685
4.87333,144.391,123.516,103.890,64.234,43.242,24.295,13.283,6.759
4.87667,144.522,123.588,103.974,64.247,43.257,24.387,13.296,6.810
4.88000,144.639,123.626,104.151,64.316,43.174,24.345,13.256,6.821
4.88333,144.763,123.791,104.251,64.423,43.317,24.379,13.250,6.753
4.88667,144.888,123.940,104.304,64.432,43.362,24.386,13.297,6.742
4.89000,144.993,124.003,104.426,64.501,43.323,24.405,13.229,6.746
4.89333,145.136,124.162,104.507,64.564,43.366,24.422,13.282,6.720
4.89667,145.226,124.210,104.617,64.568,43.389,24.494,13.357,6.750
4.90000,145.406,124.325,104.690,64.695,43.552,24.461,13.343,6.744
4.90333,145.500,124.433,104.781,64.793,43.518,24.561,13.338,6.799
4.90667,145.626,124.639,104.857,64.786,43.467,24.507,13.359,6.810
4.91000,145.685,124.623,104.937,64.776,43.581,24.502,13.388,6.843
4.91333,145.915,124.766,105.000,64.882,43.622,24.532,13.416,6.791
4.91667,146.038,124.815,105.091,64.975,43.679,24.611,13.345,6.757
4.92000,146.148,125.009,105.199,64.941,43.674,24.629,13.354,6.860
4.92333,146.216,125.114,105.302,65.035,43.716,24.649,13.465,6.831
4.92667,146.333,125.170,105.360,65.079,43.779,24.606,13.406,6.748
4.93000,146.418,125.274,105.457,65.185,43.771,24.720,13.361,6.836
4.93333,146.583,125.401,105.556,65.225,43.822,24.796,13.448,6.801
4.93667,146.787,125.563,105.656,65.256,43.855,24.676,13.431,6.817
4.94000,146.905,125.583,105.678,65.300,44.002,24.703,13.561,6.874
4.94333,146.924,125.766,105.798,65.327,43.947,24.725,13.478,6.824
4.94667,147.085,125.808,105.934,65.461,43.909,24.771,13.440,6.859
4.95000,147.212,125.908,105.987,65.487,44.017,24.738,13.573,6.771
4.95333,147.324,125.984,106.072,65.567,44.014,24.822,13.552,6.868
4.95667,147.426,126.144,106.154,65.566,44.074,24.838,13.510,6.850
4.96000,147.578,126.260,106.219,65.660,44.089,24.850,13.464,6.905
4.96333,147.752,126.332,106.327,65.694,44.178,24.883,13.544,6.892
4.96667,147.815,126.429,106.416,65.802,44.211,24.892,13.498,6.880
4.97000,147.923,126.523,106.529,65.785,44.275,24.906,13.533,6.912
4.97333,148.081,126.654,106.600,65.862,44.348,24.912,13.593,6.925
4.97667,148.180,126.754,106.759,65.974,44.300,25.031,13.589,6.875
4.98000,148.304,126.809,106.795,65.985,44.365,24.954,13.578,6.898
4.98333,148.435,126.959,106.822,66.055,44.414,25.017,13.611,6.991
4.98667,148.554,127.070,106.912,66.085,44.501,25.031,13.633,6.922
4.99000,148.700,127.166,107.042,66.098,44.418,25.015,13.658,6.930
4.99333,148.774,127.289,107.133,66.212,44.487,25.085,13.647,6.949
4.99667,148.971,127.389,107.210,66.212,44.577,25.090,13.607,6.948
5.00000,149.037,127.483,107.344,66.348,44.617,25.108,13.663,6.915
5.00333,149.163,127.573,107.348,66.418,44.602,25.103,13.664,6.921
5.00667,149.312,127.746,107.464,66.423,44.680,25.124,13.750,6.920
5.01000,149.381,127.799,107.562,66.489,44.678,25.134,13.687,6.970
5.01333,149.552,127.905,107.666,66.564,44.722,25.182,13.660,7.014
5.01667,149.657,127.930,107.809,66.628,44.780,25.157,13.747,6.907
5.02000,149.770,128.093,107.851,66.629,44.770,25.214,13.784,6.917
5.02333,149.882,128.207,107.880,66.765,44.804,25.237,13.746,6.966
5.02667,150.057,128.319,108.032,66.763,44.919,25.262,13.649,6.937
5.03000,150.105,128.416,108.117,66.814,44.863,25.285,13.793,6.939
5.03333,150.205,128.511,108.163,66.861,44.912,25.310,13.735,6.962
5.03667,150.354,128.611,108.281,66.910,44.949,25.348,13.822,6.923
5.04000,150.499,128.743,108.327,66.995,45.042,25.378,13.820,6.988
5.04333,150.605,128.836,108.486,67.043,45.060,25.373,13.824,7.032
5.04667,150.727,128.995,108.493,67.041,45.103,25.439,13.818,7.034
5.05000,150.865,129.075,108.612,67.165,45.144,25.419,13.846,7.050
5.05333,150.936,129.142,108.736,67.137,45.156,25.430,13.849,6.995
5.05667,151.089,129.237,108.825,67.206,45.231,25.423,13.824,6.967
5.06000,151.228,129.340,108.901,67.301,45.232,25.388,13.882,7.001
5.06333,151.350,129.503,108.972,67.466,45.275,25.519,13.863,7.005
5.06667,151.401,129.557,109.065,67.386,45.278,25.429,13.878,6.998
5.07000,151.575,129.613,109.077,67.411,45.332,25.616,13.879,6.990
5.07333,151.705,129.722,109.270,67.543,45.437,25.501,13.856,7.089
5.07667,151.842,129.924,109.306,67.510,45.415,25.596,13.905,7.044
5.08000,151.977,129.951,109.448,67.622,45.447,25.562,13.940,6.990
5.08333,152.139,130.123,109.557,67.708,45.498,25.600,13.967,7.081
5.08667,152.175,130.260,109.642,67.777,45.567,25.627,13.943,7.087
5.09000,152.371,130.241,109.691,67.855,45.627,25.654,13.954,7.037
5.09333,152.439,130.338,109.733,67.855,45.601,25.613,13.964,6.996
5.09667,152.546,130.494,109.869,67.932,45.663,25.677,13.996,7.025
5.10000,152.733,130.633,109.938,67.954,45.717,25.720,13.948,7.089
5.10333,152.812,130.710,110.075,68.044,45.735,25.743,14.018,7.039
5.10667,152.957,130.835,110.104,68.080,45.764,25.772,14.001,7.069
5.11000,153.001,130.880,110.191,68.152,45.784,25.763,14.047,7.072
5.11333,153.128,131.005,110.285,68.196,45.822,25.817,14.008,7.071
5.11667,153.282,131.099,110.373,68.261,45.903,25.840,14.083,7.127
5.12000,153.405,131.242,110.465,68.303,45.880,25.815,14.058,7.085
5.12333,153.505,131.318,110.501,68.344,45.901,25.827,14.078,7.092
5.12667,153.661,131.424,110.641,68.337,45.950,25.899,14.107,7.083
5.13000,153.819,131.518,110.765,68.490,46.057,25.889,14.108,7.128
5.13333,153.852,131.669,110.805,68.492,46.027,25.962,14.160,7.145
5.13667,154.031,131.742,110.886,68.552,46.113,25.930,14.111,7.069
5.14000,154.167,131.896,110.950,68.671,46.158,25.950,14.190,7.107
5.14333,154.312,131.986,111.072,68.736,46.130,25.930,14.142,7.155
5.14667,154.336,132.001,111.184,68.665,46.192,26.070,14.178,7.190
5.15000,154.461,132.201,111.258,68.731,46.196,26.058,14.208,7.219
5.15333,154.617,132.252,111.356,68.854,46.284,26.058,14.188,7.100
5.15667,154.734,132.356,111.440,68.843,46.238,26.059,14.186,7.163
5.16000,154.821,132.452,111.528,68.926,46.328,26.151,14.131,7.156
5.16333,154.971,132.577,111.654,68.975,46.338,26.080,14.201,7.222
5.16667,155.102,132.632,111.664,69.031,46.433,26.098,14.155,7.190
5.17000,155.237,132.785,111.756,69.094,46.449,26.164,14.254,7.120
5.17333,155.327,132.886,111.905,69.211,46.516,26.185,14.249,7.214
5.17667,155.466,132.967,111.956,69.145,46.556,26.213,14.195,7.224
5.18000,155.638,133.173,112.002,69.264,46.496,26.165,14.267,7.193
5.18333,155.693,133.210,112.082,69.280,46.584,26.216,14.316,7.196
5.18667,155.828,133.330,112.207,69.385,46.632,26.204,14.286,7.238
5.19000,155.925,133.375,112.278,69.432,46.670,26.234,14.293,7.139
5.19333,156.082,133.521,112.427,69.568,46.675,26.267,14.310,7.231
5.19667,156.158,133.623,112.496,69.540,46.776,26.341,14.315,7.277
5.20000,156.319,133.705,112.590,69.610,46.741,26.315,14.357,7.175
5.20333,156.454,133.820,112.681,69.675,46.833,26.296,14.322,7.195
5.20667,156.542,133.905,112.737,69.672,46.861,26.313,14.329,7.206
5.21000,156.646,134.026,112.796,69.796,46.816,26.369,14.332,7.266
5.21333,156.802,134.111,112.972,69.849,46.893,26.418,14.289,7.299
5.21667,156.920,134.221,112.981,69.866,46.957,26.385,14.343,7.270
5.22000,157.042,134.355,113.134,69.914,46.987,26.414,14.413,7.275
5.22333,157.145,134.447,113.157,69.983,46.990,26.434,14.347,7.254
5.22667,157.290,134.476,113.275,70.094,47.058,26.425,14.445,7.274
5.23000,157.341,134.610,113.287,70.058,47.135,26.495,14.444,7.226
5.23333,157.533,134.686,113.420,70.115,47.076,26.508,14.426,7.304
5.23667,157.654,134.831,113.476,70.204,47.171,26.510,14.422,7.265
5.24000,157.783,134.913,113.596,70.267,47.199,26.565,14.459,7.240
5.24333,157.919,135.077,113.680,70.276,47.284,26.568,14.502,7.274
5.24667,158.016,135.219,113.803,70.363,47.266,26.516,14.501,7.238
5.25000,158.081,135.257,113.879,70.455,47.286,26.612,14.510,7.236
5.25333,158.240,135.307,113.922,70.432,47.410,26.638,14.489,7.342
5.25667,158.385,135.468,114.038,70.514,47.402,26.677,14.487,7.305
5.26000,158.470,135.532,114.053,70.602,47.452,26.666,14.466,7.314
5.26333,158.593,135.690,114.268,70.670,47.466,26.691,14.508,7.322
5.26667,158.723,135.794,114.291,70.744,47.500,26.697,14.496,7.317
5.27000,158.781,135.845,114.426,70.795,47.597,26.755,14.548,7.314
5.27333,158.960,135.983,114.448,70.881,47.516,26.778,14.549,7.392
5.27667,159.104,136.105,114.598,70.960,47.627,26.768,14.590,7.348
5.28000,159.229,136.267,114.729,70.996,47.716,26.793,14.654,7.285
5.28333,159.383,136.278,114.850,71.175,47.767,26.724,14.583,7.328
5.28667,159.477,136.564,114.904,71.316,47.844,26.828,14.584,7.300
5.29000,159.703,136.675,115.109,71.467,47.872,26.897,14.557,7.402
5.29333,159.839,136.795,115.316,71.717,47.953,26.928,14.722,7.390
5.29667,159.988,136.898,115.488,71.947,48.062,26.947,14.649,7.333
5.30000,160.202,137.120,115.730,72.216,48.181,26.851,14.681,7.337
5.30333,160.428,137.384,116.063,72.611,48.349,26.918,14.725,7.415
5.30667,160.662,137.733,116.356,73.195,48.526,26.935,14.681,7.448
5.31000,161.019,137.961,116.792,73.846,48.770,27.010,14.722,7.414
5.31333,161.373,138.299,117.314,74.662,49.138,27.022,14.685,7.385
5.31667,161.781,138.749,117.937,75.705,49.491,27.098,14.756,7.447
5.32000,162.283,139.291,118.752,77.046,49.941,27.144,14.734,7.346
5.32333,162.912,139.952,119.726,78.630,50.579,27.188,14.739,7.392
5.32667,163.601,140.768,120.884,80.700,51.275,27.281,14.760,7.490
5.33000,164.403,141.808,122.334,83.302,52.097,27.267,14.832,7.498
5.33333,165.473,142.889,124.161,86.402,53.213,27.454,14.766,7.402
5.33667,166.683,144.296,126.390,90.183,54.525,27.485,14.839,7.449
5.34000,168.118,145.954,128.943,94.632,56.050,27.603,14.885,7.483
5.34333,169.890,148.013,132.040,100.121,58.009,27.779,14.933,7.504
5.34667,171.983,150.325,135.726,106.679,60.158,27.897,14.950,7.533
5.35000,174.300,153.043,140.053,114.319,62.716,28.023,14.976,7.438
5.35333,177.108,156.263,145.124,123.249,65.798,28.221,15.013,7.500
5.35667,180.313,159.947,151.039,133.620,69.460,28.482,15.127,7.475
5.36000,184.004,164.273,157.735,145.644,73.496,28.725,15.184,7.526
5.36333,188.163,169.092,165.471,159.308,78.193,29.026,15.268,7.611
5.36667,192.846,174.591,174.064,174.674,83.513,29.354,15.391,7.565
5.37000,198.258,180.696,183.789,191.884,89.371,29.698,15.499,7.621
5.37333,203.963,187.493,194.645,211.049,95.984,30.096,15.572,7.542
5.37667,210.434,194.936,206.474,232.162,103.270,30.564,15.754,7.603
5.38000,217.510,203.178,219.499,255.199,111.137,31.018,15.830,7.701
5.38333,225.106,212.025,233.520,280.053,119.684,31.594,15.987,7.657
5.38667,233.198,221.447,248.563,306.672,128.910,32.111,16.080,7.758
5.39000,241.859,231.478,264.554,334.926,138.666,32.699,16.283,7.762
5.39333,250.914,242.043,281.261,364.528,148.870,33.361,16.405,7.838
5.39667,260.294,252.963,298.624,395.162,159.553,34.006,16.610,7.796
5.40000,269.968,264.274,316.560,426.801,170.489,34.697,16.731,7.825
5.40333,279.901,275.732,334.704,458.719,181.603,35.314,16.884,7.942
5.40667,289.778,287.354,353.056,490.876,192.857,36.003,17.171,7.956
5.41000,299.675,298.814,371.221,522.720,204.057,36.709,17.316,8.020
5.41333,309.412,310.092,389.085,553.761,215.078,37.413,17.470,7.922
5.41667,318.812,320.973,406.382,583.784,225.654,38.023,17.605,8.084
5.42000,327.665,331.432,422.773,612.289,235.803,38.590,17.784,7.997
5.42333,336.100,341.085,438.080,638.824,245.260,39.219,17.971,8.141
5.42667,343.851,350.093,452.152,663.059,254.013,39.769,18.076,8.140
5.43000,350.681,358.139,464.906,684.741,261.815,40.260,18.221,8.128
5.43333,356.785,365.141,475.874,703.598,268.678,40.711,18.357,8.224
5.43667,361.867,370.973,485.065,719.328,274.252,41.034,18.458,8.157
5.44000,365.911,375.816,492.420,731.755,278.869,41.313,18.570,8.260
5.44333,368.914,379.184,497.831,740.878,282.192,41.535,18.546,8.314
5.44667,370.877,381.403,501.161,746.557,284.224,41.684,18.570,8.245
5.45000,371.679,382.311,502.573,748.786,285.106,41.754,18.651,8.302
5.45333,371.471,381.905,502.048,747.675,284.679,41.793,18.674,8.326
5.45667,370.049,380.354,499.405,743.246,283.070,41.729,18.610,8.333
5.46000,367.798,377.657,495.110,735.792,280.409,41.530,18.622,8.249
5.46333,364.579,373.921,489.024,725.271,276.655,41.311,18.551,8.290
5.46667,360.488,369.075,481.363,712.100,271.846,41.044,18.472,8.276
5.47000,355.602,363.391,472.322,696.442,266.223,40.783,18.376,8.238
5.47333,350.115,356.918,461.949,678.653,259.774,40.422,18.294,8.188
5.47667,344.014,349.750,450.599,658.912,252.762,39.974,18.230,8.174
5.48000,337.476,342.011,438.346,637.647,245.062,39.571,18.155,8.203
5.48333,330.476,333.878,425.380,615.008,237.125,39.110,18.015,8.254
5.48667,323.306,325.451,411.775,591.485,228.704,38.619,17.907,8.236
5.49000,315.886,316.772,397.955,567.142,220.215,38.083,17.858,8.146
5.49333,308.283,307.925,383.944,542.572,211.479,37.552,17.676,8.152
5.49667,300.722,299.062,369.836,517.686,202.788,37.109,17.547,8.145
5.50000,293.258,290.338,355.781,493.026,194.124,36.588,17.432,8.158
5.50333,285.896,281.724,341.998,468.627,185.633,36.145,17.326,8.061
5.50667,278.704,273.277,328.466,444.720,177.295,35.681,17.188,7.968
5.51000,271.664,265.119,315.416,421.537,169.256,35.123,17.118,8.040
5.51333,265.023,257.168,302.699,398.987,161.457,34.752,17.009,8.030
5.51667,258.540,249.568,290.487,377.428,153.970,34.315,16.882,7.968
5.52000,252.368,242.354,278.925,356.765,146.921,33.965,16.786,7.962
5.52333,246.538,235.491,267.904,337.039,140.145,33.507,16.676,7.903
5.52667,241.026,229.077,257.482,318.483,133.691,33.178,16.603,7.965
5.53000,235.842,222.935,247.645,300.835,127.652,32.800,16.468,7.872
5.53333,230.921,217.157,238.336,284.384,121.959,32.523,16.474,7.887
5.53667,226.317,211.744,229.721,268.864,116.657,32.211,16.412,7.926
5.54000,222.095,206.811,221.606,254.283,111.616,31.911,16.311,7.898
5.54333,218.104,202.090,214.103,240.806,107.037,31.658,16.289,7.889
5.54667,214.407,197.753,207.032,228.220,102.786,31.525,16.212,7.851
5.55000,210.972,193.781,200.589,216.500,98.764,31.241,16.124,7.934
5.55333,207.842,190.018,194.462,205.584,95.065,31.014,16.084,7.850
5.55667,204.963,186.570,188.877,195.530,91.628,30.829,16.085,7.882
5.56000,202.254,183.371,183.765,186.225,88.431,30.723,16.013,7.819
5.56333,199.732,180.423,178.986,177.709,85.529,30.517,16.001,7.856
5.56667,197.432,177.717,174.587,169.714,82.811,30.435,16.021,7.777
5.57000,195.360,175.278,170.508,162.280,80.305,30.261,15.875,7.828
5.57333,193.448,173.005,166.827,155.545,78.037,30.090,15.886,7.830
5.57667,191.664,170.921,163.359,149.286,75.887,30.058,15.894,7.884
5.58000,190.076,168.916,160.208,143.575,73.975,29.932,15.914,7.803
5.58333,188.561,167.164,157.320,138.289,72.227,29.787,15.877,7.849
5.58667,187.224,165.457,154.671,133.352,70.515,29.718,15.875,7.804
5.59000,185.986,164.020,152.196,128.853,69.018,29.695,15.834,7.863
5.59333,184.890,162.704,149.880,124.780,67.617,29.543,15.836,7.844
5.59667,183.806,161.448,147.831,120.950,66.274,29.556,15.871,7.835
5.60000,182.833,160.261,145.848,117.413,65.168,29.474,15.851,7.825
5.60333,182.003,159.262,144.212,114.189,64.064,29.499,15.807,7.819
5.60667,181.223,158.363,142.603,111.229,63.073,29.395,15.840,7.854
5.61000,180.498,157.376,141.096,108.513,62.210,29.391,15.835,7.853
5.61333,179.864,156.615,139.748,106.037,61.410,29.361,15.766,7.782
5.61667,179.244,155.911,138.599,103.634,60.548,29.271,15.804,7.818
5.62000,178.699,155.253,137.398,101.643,59.868,29.318,15.806,7.818
5.62333,178.305,154.637,136.387,99.581,59.261,29.224,15.783,7.840
5.62667,177.789,154.059,135.390,97.793,58.559,29.253,15.752,7.870
5.63000,177.474,153.641,134.542,96.250,58.110,29.212,15.786,7.864
5.63333,177.039,153.204,133.789,94.734,57.549,29.235,15.795,7.829
5.63667,176.743,152.773,133.047,93.363,57.117,29.157,15.865,7.832
5.64000,176.514,152.473,132.372,92.002,56.784,29.155,15.868,7.827
5.64333,176.189,152.050,131.811,90.882,56.407,29.224,15.775,7.882
5.64667,176.058,151.773,131.181,89.841,55.963,29.151,15.777,7.811
5.65000,175.797,151.482,130.742,88.781,55.664,29.249,15.836,7.866
5.65333,175.609,151.311,130.311,87.933,55.347,29.217,15.871,7.844
5.65667,175.499,151.070,129.837,87.099,55.107,29.176,15.775,7.860
5.66000,175.336,150.867,129.537,86.324,54.862,29.223,15.820,7.840
5.66333,175.276,150.724,129.199,85.660,54.586,29.261,15.783,7.886
5.66667,175.154,150.584,128.853,85.066,54.496,29.195,15.826,7.867
5.67000,175.069,150.490,128.573,84.497,54.304,29.261,15.875,7.857
5.67333,175.099,150.359,128.375,83.926,54.155,29.198,15.893,7.985
5.67667,174.957,150.380,128.189,83.404,53.984,29.189,15.832,7.933
5.68000,174.917,150.188,127.910,82.971,53.858,29.220,15.893,7.877
5.68333,174.969,150.123,127.840,82.515,53.748,29.214,15.906,7.897
5.68667,174.910,150.158,127.674,82.223,53.683,29.288,15.851,7.965
5.69000,174.918,150.046,127.598,81.904,53.469,29.244,15.943,7.961
5.69333,174.976,149.985,127.437,81.592,53.458,29.273,15.925,7.926
5.69667,174.958,150.007,127.268,81.281,53.366,29.277,15.950,7.976
5.70000,174.920,149.954,127.207,81.072,53.271,29.319,15.924,7.906
5.70333,174.955,150.036,127.177,80.835,53.230,29.310,15.978,7.921
5.70667,174.933,150.039,127.120,80.638,53.188,29.340,15.940,7.949
5.71000,175.085,150.044,127.032,80.460,53.172,29.310,16.010,7.949
5.71333,175.147,150.051,127.037,80.261,53.107,29.380,15.922,7.961
5.71667,175.236,150.016,126.943,80.159,53.020,29.371,16.003,7.970
5.72000,175.268,150.102,126.937,79.972,53.139,29.390,15.945,7.994
5.72333,175.303,150.204,126.906,79.928,52.985,29.452,16.022,8.005
5.72667,175.363,150.177,126.950,79.734,52.944,29.423,15.984,8.022
5.73000,175.444,150.283,126.937,79.676,52.986,29.382,16.077,7.977
5.73333,175.516,150.341,126.898,79.618,52.943,29.511,16.076,8.007
5.73667,175.555,150.378,126.936,79.526,52.937,29.487,16.012,7.967
5.74000,175.632,150.395,126.958,79.490,52.935,29.369,16.069,8.012
5.74333,175.755,150.501,127.042,79.402,52.990,29.455,16.014,8.020
5.74667,175.823,150.516,127.028,79.390,52.955,29.455,16.101,7.957
5.75000,175.885,150.654,127.058,79.344,52.913,29.545,16.017,8.013
5.75333,176.029,150.729,127.126,79.347,52.952,29.559,16.098,8.063
5.75667,176.100,150.711,127.138,79.294,52.991,29.528,16.117,8.042
5.76000,176.174,150.780,127.141,79.298,52.957,29.587,16.123,8.019
5.76333,176.295,150.872,127.243,79.232,52.961,29.605,16.135,7.981
5.76667,176.345,150.991,127.268,79.295,53.064,29.632,16.155,8.034
5.77000,176.501,151.043,127.371,79.225,53.019,29.646,16.183,8.042
5.77333,176.595,151.132,127.334,79.247,53.009,29.679,16.106,7.996
5.77667,176.782,151.189,127.461,79.204,53.030,29.681,16.148,8.011
5.78000,176.808,151.240,127.474,79.281,53.136,29.697,16.220,8.025
5.78333,176.890,151.400,127.560,79.325,53.078,29.719,16.179,8.094
5.78667,177.026,151.428,127.585,79.271,53.086,29.685,16.240,8.039
5.79000,177.113,151.495,127.721,79.332,53.187,29.682,16.219,8.050
5.79333,177.191,151.619,127.820,79.410,53.160,29.731,16.276,8.096
5.79667,177.301,151.760,127.812,79.380,53.255,29.759,16.256,8.082
5.80000,177.401,151.845,127.855,79.475,53.238,29.745,16.231,8.090
5.80333,177.515,151.915,127.959,79.418,53.248,29.812,16.296,8.056
5.80667,177.590,151.985,128.012,79.423,53.270,29.765,16.255,8.069
5.81000,177.721,152.095,128.104,79.506,53.278,29.808,16.269,8.072
5.81333,177.847,152.172,128.205,79.543,53.373,29.879,16.304,8.061
5.81667,177.894,152.231,128.226,79.581,53.415,29.907,16.249,8.072
5.82000,178.024,152.259,128.312,79.610,53.422,29.893,16.366,8.154
5.82333,178.178,152.512,128.405,79.619,53.469,29.889,16.311,8.074
5.82667,178.240,152.554,128.441,79.640,53.435,29.990,16.316,8.042
5.83000,178.370,152.630,128.547,79.715,53.488,29.934,16.356,8.132
5.83333,178.540,152.699,128.584,79.743,53.436,29.994,16.370,8.082
5.83667,178.588,152.839,128.623,79.807,53.559,30.054,16.365,8.091
5.84000,178.752,152.861,128.750,79.864,53.548,30.067,16.337,8.074
5.84333,178.825,153.008,128.802,79.916,53.537,30.064,16.376,8.183
5.84667,178.918,153.061,128.917,79.934,53.605,30.059,16.401,8.152
5.85000,179.043,153.122,128.996,79.979,53.650,30.069,16.381,8.132
5.85333,179.094,153.247,129.086,80.036,53.720,30.150,16.374,8.123
5.85667,179.283,153.380,129.168,80.027,53.714,30.100,16.479,8.145
5.86000,179.387,153.425,129.213,80.056,53.764,30.208,16.404,8.193
5.86333,179.402,153.490,129.282,80.134,53.776,30.107,16.405,8.130
5.86667,179.620,153.651,129.358,80.187,53.856,30.197,16.493,8.100
5.87000,179.664,153.719,129.458,80.231,53.859,30.203,16.468,8.219
5.87333,179.794,153.790,129.515,80.294,53.861,30.269,16.482,8.143
5.87667,179.868,153.885,129.619,80.286,53.963,30.256,16.419,8.250
5.88000,179.932,154.003,129.705,80.364,53.923,30.266,16.469,8.132
5.88333,180.067,154.123,129.705,80.350,53.980,30.297,16.475,8.155
5.88667,180.253,154.189,129.802,80.424,54.059,30.278,16.467,8.193
5.89000,180.308,154.286,129.895,80.520,54.005,30.322,16.517,8.233
5.89333,180.405,154.351,129.959,80.542,54.090,30.269,16.574,8.193
5.89667,180.534,154.463,130.082,80.561,54.093,30.312,16.515,8.241
5.90000,180.697,154.614,130.126,80.670,54.138,30.407,16.576,8.209
5.90333,180.688,154.646,130.254,80.687,54.163,30.391,16.520,8.199
5.90667,180.898,154.740,130.314,80.683,54.204,30.423,16.618,8.232
5.91000,181.025,154.802,130.360,80.806,54.160,30.382,16.573,8.173
5.91333,181.117,154.988,130.445,80.853,54.216,30.479,16.517,8.194
5.91667,181.261,155.101,130.522,80.839,54.352,30.489,16.522,8.197
5.92000,181.372,155.137,130.617,80.961,54.315,30.415,16.608,8.204
5.92333,181.416,155.283,130.692,80.963,54.362,30.464,16.548,8.294
5.92667,181.571,155.347,130.757,80.999,54.449,30.474,16.627,8.207
5.93000,181.683,155.437,130.936,81.099,54.483,30.587,16.660,8.269
5.93333,181.801,155.504,130.910,81.156,54.434,30.530,16.637,8.248
5.93667,181.873,155.683,131.011,81.196,54.505,30.579,16.635,8.231
5.94000,181.998,155.736,131.168,81.188,54.518,30.583,16.652,8.271
5.94333,182.166,155.807,131.163,81.230,54.609,30.534,16.619,8.292
5.94667,182.249,155.932,131.175,81.342,54.598,30.612,16.644,8.252
5.95000,182.282,155.980,131.237,81.414,54.601,30.646,16.653,8.263
5.95333,182.477,156.139,131.409,81.390,54.710,30.650,16.695,8.254
5.95667,182.525,156.192,131.504,81.388,54.757,30.651,16.728,8.280
5.96000,182.710,156.316,131.502,81.467,54.740,30.678,16.763,8.274
5.96333,182.799,156.379,131.630,81.645,54.735,30.634,16.753,8.297
5.96667,182.884,156.462,131.668,81.673,54.741,30.766,16.698,8.340
5.97000,183.013,156.580,131.877,81.643,54.847,30.763,16.801,8.305
5.97333,183.076,156.703,131.903,81.685,54.828,30.714,16.758,8.269
5.97667,183.252,156.748,131.984,81.765,54.842,30.757,16.762,8.298
5.98000,183.301,156.841,132.055,81.814,54.920,30.809,16.771,8.383
5.98333,183.390,156.881,132.169,81.840,54.989,30.745,16.811,8.384
5.98667,183.521,156.973,132.159,81.880,55.029,30.780,16.839,8.426
5.99000,183.644,157.217,132.258,81.997,54.995,30.825,16.804,8.297
5.99333,183.759,157.175,132.389,81.994,55.034,30.880,16.832,8.324
5.99667,183.871,157.313,132.432,82.026,55.104,30.910,16.861,8.369
6.00000,183.986,157.378,132.511,82.191,55.118,30.880,16.854,8.338
6.00333,184.079,157.508,132.580,82.121,55.174,30.997,16.798,8.402
6.00667,184.172,157.546,132.694,82.227,55.213,30.925,16.825,8.340
6.01000,184.282,157.719,132.786,82.264,55.242,31.000,16.780,8.350
6.01333,184.363,157.738,132.790,82.305,55.201,30.966,16.865,8.391
6.01667,184.540,157.836,132.790,82.368,55.324,31.006,16.928,8.356
6.02000,184.620,158.019,132.963,82.464,55.250,31.034,16.833,8.395
6.02333,184.730,158.038,133.052,82.477,55.376,31.013,16.903,8.399
6.02667,184.849,158.133,133.173,82.573,55.336,31.061,16.838,8.429
6.03000,184.944,158.221,133.225,82.524,55.406,31.066,16.948,8.367
6.03333,185.022,158.351,133.294,82.576,55.475,31.040,16.971,8.386
6.03667,185.211,158.461,133.460,82.673,55.508,31.104,16.935,8.441
6.04000,185.231,158.540,133.426,82.730,55.529,31.098,16.983,8.399
6.04333,185.358,158.638,133.550,82.765,55.587,31.152,16.926,8.384
6.04667,185.527,158.665,133.669,82.849,55.606,31.163,16.978,8.412
6.05000,185.621,158.812,133.752,82.815,55.618,31.199,17.023,8.442
6.05333,185.671,158.894,133.770,82.893,55.643,31.169,17.053,8.393
6.05667,185.873,158.996,133.924,82.984,55.708,31.217,17.053,8.470
6.06000,186.010,159.105,133.935,82.950,55.687,31.248,17.044,8.428
6.06333,186.026,159.159,134.015,83.032,55.707,31.268,17.035,8.354
6.06667,186.223,159.303,134.061,83.065,55.796,31.300,17.024,8.426
6.07000,186.242,159.381,134.168,83.126,55.838,31.263,17.102,8.426
6.07333,186.320,159.458,134.220,83.163,55.894,31.348,17.064,8.404
6.07667,186.502,159.547,134.295,83.249,55.911,31.305,17.149,8.443
6.08000,186.511,159.628,134.429,83.319,55.944,31.347,17.111,8.453
6.08333,186.646,159.727,134.512,83.390,55.982,31.330,17.083,8.452
6.08667,186.831,159.814,134.517,83.413,55.934,31.418,17.109,8.461
6.09000,186.877,159.921,134.638,83.391,55.982,31.383,17.082,8.459
6.09333,187.020,159.948,134.719,83.504,56.053,31.432,17.146,8.484
6.09667,187.122,160.091,134.837,83.510,56.147,31.342,17.087,8.474
6.10000,187.198,160.170,134.818,83.608,56.127,31.462,17.110,8.501
6.10333,187.391,160.297,134.923,83.664,56.140,31.425,17.145,8.456
6.10667,187.405,160.408,135.056,83.749,56.202,31.501,17.137,8.505
6.11000,187.519,160.422,135.108,83.710,56.180,31.525,17.224,8.513
6.11333,187.681,160.531,135.138,83.805,56.264,31.520,17.296,8.531
6.11667,187.772,160.685,135.275,83.877,56.286,31.541,17.163,8.395
6.12000,187.899,160.724,135.351,83.895,56.268,31.585,17.255,8.552
6.12333,187.950,160.903,135.447,83.883,56.309,31.619,17.159,8.474
6.12667,188.167,160.959,135.484,83.970,56.363,31.579,17.235,8.542
6.13000,188.222,161.019,135.592,83.993,56.446,31.593,17.257,8.509
6.13333,188.302,161.099,135.662,84.079,56.476,31.656,17.223,8.510
6.13667,188.443,161.200,135.676,84.109,56.493,31.636,17.235,8.526
6.14000,188.557,161.283,135.798,84.179,56.509,31.648,17.228,8.522
6.14333,188.620,161.370,135.825,84.267,56.535,31.662,17.259,8.553
6.14667,188.708,161.475,135.957,84.267,56.559,31.685,17.258,8.536
6.15000,188.796,161.528,136.052,84.354,56.587,31.693,17.241,8.644
6.15333,188.960,161.666,136.092,84.323,56.660,31.794,17.258,8.552
6.15667,189.103,161.775,136.231,84.327,56.668,31.714,17.326,8.557
6.16000,189.255,161.804,136.294,84.479,56.658,31.775,17.317,8.545
6.16333,189.216,161.950,136.295,84.506,56.814,31.799,17.267,8.587
6.16667,189.402,162.004,136.407,84.636,56.776,31.772,17.275,8.587
6.17000,189.522,162.082,136.533,84.630,56.782,31.805,17.370,8.555
6.17333,189.640,162.202,136.586,84.636,56.805,31.820,17.368,8.580
6.17667,189.703,162.273,136.576,84.725,56.885,31.880,17.380,8.575
6.18000,189.769,162.404,136.670,84.777,56.905,31.854,17.390,8.553
6.18333,189.935,162.494,136.821,84.812,56.904,31.867,17.346,8.562
6.18667,190.075,162.636,136.905,84.816,56.963,31.938,17.436,8.601
6.19000,190.144,162.630,136.946,84.924,56.960,31.889,17.367,8.565
6.19333,190.170,162.782,137.033,84.896,57.007,31.956,17.419,8.588
6.19667,190.323,162.876,137.109,84.941,57.042,31.953,17.403,8.542
6.20000,190.447,162.951,137.227,85.021,57.093,31.960,17.455,8.634
6.20333,190.560,163.012,137.254,85.070,57.108,32.020,17.443,8.569
6.20667,190.663,163.113,137.387,85.124,57.100,32.036,17.368,8.647
6.21000,190.758,163.263,137.452,85.157,57.096,32.074,17.433,8.598
6.21333,190.849,163.308,137.486,85.223,57.182,32.021,17.443,8.596
6.21667,190.905,163.320,137.549,85.278,57.291,32.146,17.519,8.649
6.22000,191.098,163.469,137.623,85.285,57.279,32.041,17.503,8.587
6.22333,191.189,163.631,137.764,85.395,57.280,32.073,17.535,8.589
6.22667,191.315,163.680,137.809,85.468,57.268,32.071,17.520,8.627
6.23000,191.362,163.732,137.844,85.498,57.394,32.152,17.478,8.656
6.23333,191.447,163.905,137.926,85.530,57.397,32.230,17.588,8.675
6.23667,191.578,163.953,137.991,85.567,57.387,32.206,17.548,8.658
6.24000,191.684,163.995,138.123,85.623,57.429,32.262,17.490,8.690
6.24333,191.828,164.073,138.215,85.674,57.497,32.223,17.529,8.611
6.24667,191.968,164.182,138.206,85.732,57.522,32.241,17.502,8.674
6.25000,191.971,164.277,138.288,85.751,57.529,32.168,17.586,8.608
6.25333,192.173,164.401,138.435,85.857,57.665,32.337,17.538,8.671
6.25667,192.303,164.459,138.424,85.861,57.669,32.254,17.632,8.710
6.26000,192.429,164.544,138.505,85.929,57.629,32.252,17.597,8.646
6.26333,192.452,164.657,138.578,85.908,57.722,32.294,17.564,8.737
6.26667,192.529,164.799,138.697,86.004,57.770,32.300,17.579,8.660
6.27000,192.593,164.817,138.850,86.015,57.776,32.356,17.611,8.650
6.27333,192.741,164.907,138.876,86.096,57.736,32.402,17.605,8.710
6.27667,192.852,165.027,138.947,86.135,57.808,32.395,17.652,8.649
6.28000,192.956,165.083,139.032,86.221,57.870,32.341,17.623,8.736
6.28333,193.070,165.239,139.090,86.243,57.887,32.370,17.620,8.741
6.28667,193.179,165.255,139.202,86.345,57.957,32.430,17.742,8.739
6.29000,193.287,165.376,139.279,86.336,57.914,32.428,17.659,8.717
6.29333,193.402,165.493,139.280,86.368,57.905,32.413,17.670,8.753
6.29667,193.500,165.508,139.452,86.379,57.990,32.480,17.727,8.784
6.30000,193.658,165.590,139.426,86.478,58.081,32.515,17.752,8.656
6.30333,193.694,165.721,139.543,86.441,58.086,32.509,17.746,8.730
6.30667,193.757,165.831,139.674,86.530,58.136,32.449,17.813,8.727
6.31000,193.922,165.908,139.699,86.595,58.132,32.475,17.708,8.678
6.31333,194.044,165.942,139.840,86.708,58.171,32.585,17.792,8.819
6.31667,194.110,166.066,139.853,86.724,58.169,32.508,17.761,8.737
6.32000,194.248,166.161,139.889,86.776,58.236,32.588,17.683,8.767
6.32333,194.313,166.258,140.062,86.829,58.283,32.616,17.786,8.783
6.32667,194.415,166.320,140.096,86.808,58.277,32.621,17.767,8.715
6.33000,194.535,166.477,140.143,86.868,58.306,32.622,17.840,8.793
6.33333,194.683,166.516,140.258,86.880,58.296,32.773,17.772,8.793
6.33667,194.789,166.692,140.229,87.077,58.410,32.705,17.872,8.776
6.34000,194.858,166.746,140.429,87.011,58.424,32.722,17.775,8.721
6.34333,194.980,166.814,140.464,87.094,58.439,32.775,17.875,8.752
6.34667,195.053,166.897,140.511,87.127,58.505,32.752,17.750,8.750
6.35000,195.177,166.928,140.629,87.103,58.510,32.710,17.867,8.793
6.35333,195.223,167.083,140.669,87.190,58.492,32.848,17.869,8.846
6.35667,195.350,167.147,140.802,87.330,58.524,32.771,17.894,8.754
6.36000,195.490,167.208,140.883,87.339,58.648,32.834,17.934,8.766
6.36333,195.567,167.359,140.922,87.409,58.661,32.881,17.913,8.848
6.36667,195.704,167.330,140.976,87.364,58.737,32.824,17.936,8.819
6.37000,195.791,167.533,141.041,87.501,58.687,32.862,17.879,8.834
6.37333,195.881,167.611,141.130,87.545,58.726,32.882,17.969,8.863
6.37667,196.006,167.731,141.235,87.559,58.753,32.897,17.934,8.853
6.38000,196.080,167.758,141.336,87.668,58.770,32.909,17.868,8.847
6.38333,196.250,167.924,141.373,87.585,58.866,32.942,17.873,8.834
6.38667,196.243,168.014,141.443,87.672,58.813,32.988,17.979,8.841
6.39000,196.333,168.028,141.553,87.789,58.869,32.944,17.953,8.806
6.39333,196.537,168.086,141.676,87.827,58.929,33.057,17.957,8.773
6.39667,196.598,168.230,141.722,87.839,59.016,32.995,17.992,8.805
6.40000,196.756,168.332,141.763,87.851,59.012,33.025,18.023,8.848
6.40333,196.892,168.379,141.844,87.913,59.002,33.066,18.010,8.858
6.40667,196.937,168.463,141.916,88.018,59.031,33.149,17.958,8.885
6.41000,197.057,168.556,141.975,88.027,59.106,33.032,18.056,8.906
6.41333,197.056,168.666,142.032,88.066,59.119,33.060,18.065,8.937
6.41667,197.180,168.763,142.064,88.018,59.131,33.156,17.991,8.823
6.42000,197.299,168.799,142.218,88.211,59.259,33.132,18.086,8.861
6.42333,197.443,168.925,142.229,88.213,59.209,33.148,18.056,8.846
6.42667,197.575,169.026,142.366,88.219,59.192,33.113,18.065,8.815
6.43000,197.667,169.108,142.406,88.310,59.258,33.139,18.056,8.915
6.43333,197.711,169.196,142.445,88.329,59.248,33.194,18.138,8.949
6.43667,197.895,169.298,142.547,88.409,59.357,33.218,18.137,8.883
6.44000,197.961,169.373,142.611,88.454,59.368,33.211,18.149,8.905
6.44333,198.038,169.488,142.693,88.498,59.405,33.221,18.120,8.909
6.44667,198.167,169.613,142.716,88.567,59.508,33.269,18.057,8.933
6.45000,198.241,169.655,142.827,88.601,59.515,33.256,18.135,8.895
6.45333,198.391,169.707,142.898,88.708,59.490,33.290,18.183,8.935
6.45667,198.485,169.882,142.956,88.686,59.554,33.314,18.150,8.921
6.46000,198.607,169.951,143.078,88.708,59.501,33.340,18.138,8.929
6.46333,198.702,170.041,143.203,88.789,59.607,33.382,18.141,8.952
6.46667,198.791,170.062,143.201,88.835,59.572,33.395,18.242,8.931
6.47000,198.921,170.143,143.294,88.901,59.701,33.371,18.173,8.968
6.47333,198.958,170.238,143.317,88.906,59.668,33.413,18.171,8.949
6.47667,199.078,170.447,143.461,88.957,59.705,33.479,18.264,8.942
6.48000,199.246,170.418,143.506,89.006,59.768,33.366,18.177,8.954
6.48333,199.312,170.574,143.605,89.076,59.729,33.458,18.253,8.947
6.48667,199.479,170.595,143.703,89.087,59.708,33.445,18.233,8.985
6.49000,199.497,170.644,143.692,89.105,59.812,33.504,18.234,8.977
6.49333,199.538,170.770,143.842,89.165,59.837,33.483,18.230,8.945
6.49667,199.673,170.878,143.883,89.269,59.969,33.555,18.202,8.936
6.50000,199.876,170.989,143.932,89.282,59.917,33.587,18.274,8.952
6.50333,199.963,171.058,144.052,89.260,59.985,33.611,18.291,8.996
6.50667,200.006,171.188,144.166,89.373,60.001,33.589,18.298,8.998
6.51000,200.139,171.235,144.211,89.421,59.958,33.646,18.331,9.008
6.51333,200.202,171.328,144.323,89.509,60.034,33.641,18.293,8.973
6.51667,200.347,171.427,144.338,89.570,60.102,33.629,18.296,9.005
6.52000,200.398,171.517,144.479,89.625,60.130,33.628,18.358,8.947
6.52333,200.523,171.586,144.520,89.605,60.158,33.676,18.400,9.034
6.52667,200.628,171.725,144.567,89.677,60.184,33.642,18.349,9.028
6.53000,200.714,171.785,144.623,89.705,60.159,33.666,18.392,9.099
6.53333,200.846,171.776,144.734,89.748,60.214,33.683,18.352,9.053
6.53667,200.892,171.983,144.801,89.829,60.285,33.741,18.376,9.000
6.54000,200.997,172.078,144.869,89.867,60.239,33.789,18.388,8.986
6.54333,201.129,172.120,144.887,89.906,60.329,33.713,18.443,8.995
6.54667,201.287,172.177,145.013,89.971,60.344,33.837,18.401,8.990
6.55000,201.366,172.285,145.035,89.995,60.394,33.781,18.409,9.090
6.55333,201.431,172.386,145.125,90.099,60.393,33.824,18.385,9.021
6.55667,201.591,172.472,145.212,90.134,60.471,33.872,18.472,9.062
6.56000,201.686,172.487,145.317,90.108,60.448,33.822,18.358,9.140
6.56333,201.718,172.642,145.420,90.164,60.513,33.882,18.455,9.109
6.56667,201.865,172.790,145.457,90.258,60.553,33.921,18.403,9.116
6.57000,201.943,172.812,145.590,90.258,60.574,33.899,18.413,9.077
6.57333,202.039,172.918,145.657,90.301,60.562,33.953,18.455,9.089
6.57667,202.178,172.966,145.645,90.412,60.687,33.953,18.505,9.054
6.58000,202.313,173.106,145.707,90.403,60.668,34.000,18.452,9.029
6.58333,202.309,173.126,145.874,90.440,60.717,33.970,18.522,9.105
6.58667,202.465,173.281,145.892,90.459,60.741,34.010,18.508,9.090
6.59000,202.532,173.380,145.968,90.602,60.791,34.050,18.511,9.147
6.59333,202.624,173.343,146.043,90.581,60.762,34.045,18.506,9.038
6.59667,202.783,173.537,146.090,90.684,60.867,34.028,18.553,9.059
6.60000,202.813,173.567,146.205,90.680,60.805,33.990,18.532,9.113
6.60333,202.974,173.683,146.271,90.722,60.869,34.091,18.555,9.079
6.60667,203.039,173.725,146.292,90.763,60.861,34.077,18.561,9.121
6.61000,203.160,173.805,146.434,90.787,60.917,34.044,18.602,9.054
6.61333,203.307,174.004,146.470,90.882,60.943,34.097,18.578,9.083
6.61667,203.404,174.001,146.545,90.889,61.062,34.166,18.586,9.097
6.62000,203.509,174.134,146.622,90.936,60.985,34.175,18.624,9.166
6.62333,203.547,174.194,146.684,91.040,61.055,34.153,18.605,9.148
6.62667,203.700,174.282,146.805,91.019,61.075,34.170,18.667,9.190
6.63000,203.783,174.382,146.829,91.099,61.100,34.231,18.600,9.157
6.63333,203.862,174.425,146.929,91.123,61.182,34.189,18.709,9.217
6.63667,203.985,174.471,147.014,91.177,61.184,34.182,18.653,9.126
6.64000,204.052,174.645,147.003,91.206,61.222,34.279,18.685,9.184
6.64333,204.151,174.726,147.111,91.317,61.255,34.223,18.707,9.151
6.64667,204.356,174.784,147.226,91.339,61.321,34.283,18.682,9.144
6.65000,204.431,174.896,147.304,91.345,61.383,34.383,18.704,9.153
6.65333,204.458,174.990,147.327,91.370,61.359,34.333,18.704,9.182
6.65667,204.634,175.046,147.382,91.424,61.340,34.330,18.746,9.212
6.66000,204.726,175.164,147.524,91.551,61.404,34.361,18.644,9.115
6.66333,204.821,175.276,147.595,91.568,61.431,34.338,18.718,9.192
6.66667,204.974,175.307,147.611,91.563,61.489,34.348,18.739,9.217
6.67000,205.001,175.377,147.730,91.619,61.462,34.413,18.732,9.176
6.67333,205.047,175.569,147.819,91.704,61.510,34.414,18.717,9.129
6.67667,205.184,175.605,147.918,91.767,61.551,34.503,18.769,9.221
6.68000,205.262,175.647,147.990,91.776,61.594,34.461,18.744,9.240
6.68333,205.388,175.765,147.992,91.852,61.619,34.465,18.826,9.217
6.68667,205.507,175.813,148.133,91.883,61.626,34.562,18.769,9.256
6.69000,205.605,175.918,148.175,91.944,61.674,34.561,18.797,9.271
6.69333,205.757,176.086,148.301,92.001,61.705,34.598,18.878,9.200
6.69667,205.839,176.125,148.300,92.085,61.794,34.538,18.809,9.207
6.70000,205.993,176.277,148.475,92.113,61.792,34.595,18.919,9.261
6.70333,206.019,176.301,148.534,92.189,61.906,34.655,18.972,9.232
6.70667,206.101,176.520,148.629,92.315,61.982,34.670,18.916,9.249
6.71000,206.355,176.518,148.773,92.361,61.986,34.684,19.004,9.231
6.71333,206.462,176.715,148.837,92.437,62.081,34.701,19.022,9.219
6.71667,206.602,176.805,148.908,92.564,62.166,34.761,18.984,9.274
6.72000,206.721,176.902,149.139,92.641,62.217,34.808,19.122,9.256
6.72333,206.940,177.074,149.182,92.851,62.367,34.971,19.171,9.268
6.72667,207.149,177.286,149.426,93.075,62.502,34.930,19.252,9.273
6.73000,207.427,177.458,149.670,93.280,62.712,35.050,19.388,9.272
6.73333,207.602,177.700,149.849,93.517,62.884,35.194,19.510,9.318
6.73667,207.954,177.919,150.184,93.864,63.174,35.368,19.704,9.292
6.74000,208.329,178.298,150.507,94.276,63.465,35.414,19.887,9.302
6.74333,208.722,178.606,150.858,94.684,63.876,35.623,20.177,9.304
6.74667,209.173,178.995,151.318,95.282,64.329,35.785,20.357,9.345
6.75000,209.672,179.446,151.838,95.881,64.828,36.122,20.741,9.347
6.75333,210.265,179.915,152.468,96.607,65.394,36.463,21.169,9.411
6.75667,210.968,180.573,153.148,97.512,66.152,36.785,21.622,9.319
6.76000,211.767,181.223,154.013,98.527,66.915,37.204,22.204,9.432
6.76333,212.679,182.100,154.963,99.771,67.986,37.777,22.825,9.342
6.76667,213.740,182.901,156.095,101.110,68.989,38.252,23.606,9.424
6.77000,214.925,184.022,157.294,102.787,70.342,38.964,24.481,9.365
6.77333,216.381,185.232,158.605,104.575,71.797,39.690,25.489,9.442
6.77667,217.870,186.439,160.199,106.592,73.463,40.550,26.610,9.464
6.78000,219.516,187.979,161.973,108.917,75.340,41.485,27.969,9.503
6.78333,221.385,189.657,163.968,111.432,77.443,42.566,29.355,9.516
6.78667,223.576,191.416,166.211,114.274,79.737,43.716,30.899,9.624
6.79000,225.782,193.406,168.655,117.400,82.275,45.075,32.595,9.569
6.79333,228.342,195.522,171.229,120.827,85.102,46.516,34.553,9.617
6.79667,231.052,197.884,174.060,124.505,88.172,47.983,36.636,9.754
6.80000,233.979,200.401,177.070,128.411,91.297,49.662,38.779,9.742
6.80333,237.045,203.074,180.330,132.691,94.882,51.449,41.174,9.849
6.80667,240.377,205.884,183.825,137.213,98.397,53.324,43.666,9.885
6.81000,243.786,208.876,187.414,141.936,102.247,55.251,46.358,9.892
6.81333,247.335,211.925,191.101,146.791,106.279,57.326,49.100,10.035
6.81667,251.076,215.196,195.065,151.853,110.403,59.396,51.903,10.110
6.82000,254.847,218.345,198.938,157.009,114.611,61.550,54.761,10.148
6.82333,258.687,221.734,203.068,162.338,118.865,63.754,57.785,10.154
6.82667,262.503,224.958,207.104,167.599,123.180,66.024,60.653,10.218
6.83000,266.296,228.274,210.965,172.809,127.400,68.097,63.669,10.345
6.83333,270.041,231.516,215.090,177.930,131.644,70.273,66.536,10.416
6.83667,273.649,234.714,218.811,182.909,135.790,72.339,69.306,10.473
6.84000,277.241,237.711,222.496,187.694,139.591,74.430,71.996,10.589
6.84333,280.490,240.534,225.883,192.212,143.239,76.283,74.549,10.602
6.84667,283.482,243.157,229.166,196.553,146.746,78.022,76.852,10.555
6.85000,286.303,245.678,232.093,200.303,149.877,79.568,79.069,10.734
6.85333,288.820,247.730,234.697,203.740,152.637,81.050,80.965,10.703
6.85667,291.013,249.701,237.067,206.741,155.068,82.312,82.583,10.778
6.86000,292.936,251.259,239.019,209.177,157.192,83.303,83.904,10.808
6.86333,294.374,252.578,240.552,211.083,158.757,84.115,85.163,10.822
6.86667,295.513,253.582,241.696,212.581,159.991,84.747,85.920,10.803
6.87000,296.283,254.125,242.445,213.573,160.693,85.113,86.390,10.895
6.87333,296.670,254.503,242.814,214.042,161.063,85.306,86.667,10.834
6.87667,296.622,254.459,242.753,213.932,160.954,85.288,86.618,10.888
6.88000,296.206,254.224,242.282,213.264,160.390,85.050,86.230,10.821
6.88333,295.514,253.461,241.470,212.169,159.574,84.488,85.605,10.861
6.88667,294.473,252.627,240.364,210.600,158.249,83.934,84.688,10.864
6.89000,293.149,251.431,238.844,208.623,156.627,83.070,83.525,10.870
6.89333,291.535,250.080,237.115,206.220,154.692,82.080,82.212,10.818
6.89667,289.613,248.406,235.154,203.549,152.443,80.885,80.587,10.754
6.90000,287.522,246.592,232.878,200.508,149.930,79.686,78.888,10.767
6.90333,285.325,244.678,230.371,197.284,147.268,78.374,77.122,10.675
6.90667,282.800,242.563,227.775,193.783,144.462,76.811,75.063,10.677
6.91000,280.264,240.401,225.068,190.115,141.431,75.260,72.945,10.677
6.91333,277.670,238.047,222.204,186.349,138.298,73.692,70.868,10.593
6.91667,274.888,235.723,219.340,182.410,135.138,72.084,68.705,10.548
6.92000,272.185,233.400,216.357,178.504,131.950,70.482,66.350,10.519
6.92333,269.449,231.021,213.460,174.581,128.701,68.829,64.149,10.490
6.92667,266.690,228.687,210.566,170.675,125.540,67.202,61.856,10.384
6.93000,264.028,226.288,207.573,166.777,122.309,65.530,59.758,10.354
6.93333,261.281,223.994,204.750,162.943,119.182,63.918,57.629,10.338
6.93667,258.772,221.757,202.010,159.271,116.169,62.400,55.484,10.246
6.94000,256.212,219.630,199.272,155.637,113.191,60.882,53.428,10.239
6.94333,253.819,217.477,196.670,152.241,110.346,59.402,51.440,10.215
6.94667,251.480,215.456,194.276,148.791,107.552,58.027,49.569,10.186
6.95000,249.230,213.578,191.807,145.557,104.987,56.705,47.723,10.114
6.95333,247.106,211.705,189.500,142.439,102.548,55.449,46.005,10.088
6.95667,245.228,210.035,187.301,139.654,100.024,54.115,44.320,10.084
6.96000,243.100,208.372,185.259,136.778,97.834,53.079,42.769,10.060
6.96333,241.380,206.786,183.305,134.163,95.653,51.993,41.268,10.005
6.96667,239.712,205.315,181.527,131.751,93.633,50.916,39.842,9.989
6.97000,238.082,203.865,179.715,129.450,91.704,49.906,38.491,9.939
6.97333,236.555,202.639,178.127,127.299,89.978,49.047,37.234,9.908
6.97667,235.173,201.456,176.605,125.228,88.202,48.182,36.065,9.901
6.98000,233.869,200.287,175.165,123.227,86.721,47.397,34.996,9.890
6.98333,232.655,199.194,173.876,121.425,85.278,46.654,33.964,9.836
6.98667,231.512,198.263,172.574,119.781,83.794,45.845,32.995,9.869
6.99000,230.545,197.322,171.488,118.178,82.500,45.255,32.077,9.803
6.99333,229.477,196.497,170.319,116.752,81.354,44.627,31.253,9.838
6.99667,228.572,195.639,169.515,115.348,80.265,44.027,30.484,9.791
7.00000,227.807,194.993,168.510,114.101,79.166,43.486,29.765,9.821
7.00333,226.976,194.227,167.545,112.881,78.194,43.022,29.105,9.794
7.00667,226.278,193.708,166.746,111.828,77.267,42.546,28.457,9.724
7.01000,225.633,193.097,166.038,110.761,76.447,42.139,27.841,9.783
7.01333,224.946,192.640,165.390,109.803,75.605,41.749,27.294,9.726
7.01667,224.406,192.086,164.774,108.975,74.881,41.375,26.822,9.757
7.02000,223.897,191.639,164.201,108.156,74.234,41.014,26.262,9.767
7.02333,223.513,191.213,163.630,107.320,73.578,40.696,25.857,9.767
7.02667,222.945,190.893,163.137,106.640,73.003,40.421,25.479,9.810
7.03000,222.614,190.439,162.731,106.026,72.467,40.182,25.103,9.701
7.03333,222.225,190.224,162.287,105.428,72.024,39.863,24.669,9.681
7.03667,221.949,189.969,161.852,104.819,71.539,39.627,24.334,9.726
7.04000,221.565,189.599,161.573,104.329,71.122,39.444,24.130,9.722
7.04333,221.329,189.402,161.194,103.856,70.745,39.264,23.787,9.786
7.04667,221.066,189.181,160.917,103.437,70.367,39.018,23.502,9.757
7.05000,220.773,188.963,160.697,103.037,69.983,38.887,23.284,9.753
7.05333,220.645,188.804,160.311,102.629,69.670,38.719,23.033,9.663
7.05667,220.442,188.698,160.194,102.266,69.436,38.578,22.819,9.701
7.06000,220.222,188.469,159.989,101.963,69.090,38.419,22.609,9.755
7.06333,220.142,188.360,159.796,101.638,68.857,38.294,22.418,9.754
7.06667,220.029,188.297,159.550,101.338,68.625,38.211,22.294,9.688
7.07000,219.961,188.106,159.445,101.129,68.436,38.088,22.084,9.743
7.07333,219.811,188.110,159.372,100.888,68.155,37.985,21.997,9.706
7.07667,219.704,188.035,159.161,100.702,68.048,37.937,21.770,9.732
7.08000,219.610,187.889,159.069,100.488,67.853,37.827,21.689,9.726
7.08333,219.524,187.864,158.994,100.364,67.714,37.776,21.589,9.676
7.08667,219.464,187.878,158.869,100.080,67.603,37.621,21.514,9.698
7.09000,219.427,187.807,158.759,100.002,67.434,37.597,21.422,9.679
7.09333,219.449,187.782,158.751,99.855,67.291,37.573,21.270,9.731
7.09667,219.408,187.811,158.680,99.729,67.214,37.486,21.124,9.695
7.10000,219.461,187.811,158.593,99.655,67.144,37.449,21.139,9.720
7.10333,219.424,187.752,158.584,99.497,67.067,37.367,21.006,9.768
7.10667,219.449,187.737,158.544,99.495,66.946,37.390,20.999,9.720
7.11000,219.463,187.779,158.493,99.339,66.858,37.343,20.899,9.765
7.11333,219.464,187.793,158.584,99.250,66.803,37.289,20.877,9.767
7.11667,219.513,187.753,158.520,99.153,66.820,37.312,20.765,9.733
7.12000,219.468,187.818,158.564,99.162,66.703,37.156,20.684,9.738
7.12333,219.508,187.811,158.488,99.088,66.617,37.232,20.721,9.832
7.12667,219.559,187.877,158.489,99.032,66.633,37.208,20.613,9.696
7.13000,219.573,187.838,158.516,99.023,66.534,37.175,20.629,9.773
7.13333,219.616,187.961,158.556,99.004,66.543,37.186,20.581,9.706
7.13667,219.661,188.003,158.582,98.965,66.514,37.211,20.561,9.719
7.14000,219.766,188.037,158.584,98.992,66.497,37.114,20.563,9.776
7.14333,219.835,188.124,158.593,98.946,66.472,37.095,20.497,9.712
7.14667,219.858,188.147,158.628,98.927,66.458,37.206,20.492,9.787
7.15000,219.897,188.196,158.709,98.868,66.395,37.124,20.558,9.815
7.15333,219.962,188.250,158.723,98.883,66.448,37.119,20.458,9.759
7.15667,220.074,188.252,158.726,98.952,66.446,37.111,20.415,9.750
7.16000,220.136,188.359,158.803,98.856,66.352,37.067,20.450,9.814
7.16333,220.162,188.433,158.831,98.887,66.435,37.151,20.370,9.875
7.16667,220.224,188.520,158.850,98.882,66.412,37.137,20.398,9.808
7.17000,220.383,188.584,158.946,98.908,66.444,37.056,20.389,9.790
7.17333,220.417,188.557,158.973,98.943,66.397,37.128,20.404,9.825
7.17667,220.520,188.691,159.021,98.973,66.389,37.125,20.358,9.773
7.18000,220.586,188.761,159.078,98.878,66.425,37.064,20.331,9.762
7.18333,220.631,188.832,159.085,99.015,66.444,37.108,20.390,9.830
7.18667,220.704,188.889,159.127,99.027,66.393,37.153,20.298,9.809
7.19000,220.777,188.989,159.247,99.027,66.496,37.148,20.330,9.808
7.19333,220.876,189.014,159.238,99.057,66.487,37.157,20.325,9.877
7.19667,220.975,189.100,159.337,99.059,66.480,37.090,20.409,9.849
7.20000,221.027,189.214,159.381,99.128,66.485,37.108,20.313,9.796
7.20333,221.172,189.246,159.434,99.187,66.486,37.115,20.356,9.917
7.20667,221.251,189.378,159.457,99.094,66.514,37.242,20.335,9.852
7.21000,221.329,189.409,159.610,99.169,66.559,37.236,20.331,9.810
7.21333,221.402,189.481,159.616,99.230,66.562,37.268,20.345,9.831
7.21667,221.518,189.601,159.726,99.223,66.645,37.255,20.380,9.901
7.22000,221.689,189.595,159.738,99.278,66.621,37.245,20.383,9.868
7.22333,221.730,189.751,159.784,99.295,66.655,37.267,20.298,9.857
7.22667,221.759,189.760,159.915,99.332,66.665,37.252,20.373,9.854
7.23000,221.852,189.945,159.942,99.386,66.708,37.257,20.408,9.882
7.23333,221.981,189.984,159.997,99.443,66.724,37.349,20.367,9.905
7.23667,222.062,190.104,160.102,99.444,66.734,37.329,20.362,9.914
7.24000,222.153,190.087,160.150,99.483,66.732,37.373,20.418,9.904
7.24333,222.310,190.223,160.211,99.553,66.758,37.314,20.397,9.896
7.24667,222.438,190.264,160.255,99.592,66.841,37.344,20.345,9.858
7.25000,222.419,190.431,160.382,99.618,66.827,37.383,20.378,9.911
7.25333,222.498,190.479,160.426,99.665,66.800,37.410,20.395,9.925
7.25667,222.715,190.510,160.463,99.651,66.832,37.365,20.387,9.879
7.26000,222.806,190.619,160.531,99.697,66.877,37.423,20.419,9.870
7.26333,222.817,190.706,160.672,99.746,66.951,37.374,20.397,9.935
7.26667,222.913,190.786,160.720,99.815,66.935,37.419,20.438,9.877
7.27000,223.024,190.853,160.813,99.895,66.918,37.393,20.484,9.924
7.27333,223.145,190.930,160.842,99.899,67.038,37.448,20.474,9.972
7.27667,223.198,191.068,160.962,99.952,67.056,37.467,20.420,9.913
7.28000,223.315,191.117,160.980,100.036,67.151,37.431,20.423,9.958
7.28333,223.440,191.212,161.032,99.984,67.069,37.480,20.415,9.934
7.28667,223.547,191.310,161.161,100.126,67.095,37.538,20.527,9.941
7.29000,223.612,191.375,161.182,100.054,67.096,37.514,20.482,9.869
7.29333,223.741,191.447,161.274,100.212,67.231,37.521,20.455,9.867
7.29667,223.836,191.581,161.325,100.188,67.153,37.542,20.504,9.934
7.30000,223.998,191.648,161.361,100.190,67.288,37.532,20.465,9.950
7.30333,224.091,191.745,161.413,100.295,67.299,37.604,20.522,9.985
7.30667,224.189,191.833,161.636,100.279,67.318,37.598,20.504,9.999
7.31000,224.204,191.978,161.583,100.396,67.356,37.533,20.508,10.040
7.31333,224.428,192.040,161.713,100.404,67.387,37.675,20.549,9.986
7.31667,224.449,192.091,161.784,100.437,67.387,37.671,20.492,9.947
7.32000,224.501,192.182,161.827,100.535,67.431,37.731,20.570,9.960
7.32333,224.674,192.227,161.893,100.595,67.401,37.680,20.571,10.031
7.32667,224.742,192.292,162.035,100.683,67.480,37.704,20.561,9.954
7.33000,224.896,192.427,162.085,100.602,67.494,37.649,20.552,9.996
7.33333,224.973,192.475,162.111,100.656,67.502,37.703,20.507,10.016
7.33667,225.085,192.559,162.214,100.753,67.595,37.783,20.597,9.977
7.34000,225.236,192.660,162.289,100.823,67.625,37.853,20.560,9.971
7.34333,225.230,192.721,162.292,100.799,67.522,37.815,20.558,10.000
7.34667,225.384,192.870,162.419,100.935,67.643,37.821,20.580,9.970
7.35000,225.477,192.929,162.557,100.892,67.652,37.840,20.615,10.023
7.35333,225.492,193.015,162.622,100.946,67.735,37.924,20.568,10.047
7.35667,225.599,193.184,162.654,101.017,67.690,37.840,20.629,9.994
7.36000,225.693,193.230,162.708,100.995,67.812,37.865,20.708,10.067
7.36333,225.933,193.272,162.785,101.114,67.811,37.923,20.626,10.019
7.36667,225.962,193.332,162.882,101.136,67.805,37.889,20.644,10.012
7.37000,226.103,193.446,162.930,101.225,67.850,37.893,20.694,10.038
7.37333,226.190,193.512,162.983,101.283,67.880,37.952,20.626,10.040
7.37667,226.229,193.666,163.107,101.296,67.925,37.934,20.668,9.977
7.38000,226.386,193.674,163.182,101.332,67.978,37.983,20.744,10.104
7.38333,226.477,193.835,163.266,101.438,67.946,37.967,20.765,10.086
7.38667,226.571,193.923,163.236,101.402,68.016,37.935,20.713,10.049
7.39000,226.676,193.978,163.378,101.453,68.018,37.975,20.742,10.056
7.39333,226.817,193.983,163.490,101.502,68.061,38.058,20.755,10.066
7.39667,226.763,194.182,163.467,101.501,68.135,37.998,20.820,10.075
7.40000,226.984,194.263,163.562,101.621,68.197,38.020,20.751,10.080
7.40333,227.063,194.327,163.655,101.614,68.209,38.051,20.716,10.132
7.40667,227.199,194.392,163.668,101.713,68.193,38.082,20.780,10.089
7.41000,227.286,194.528,163.828,101.762,68.269,38.138,20.758,10.068
7.41333,227.346,194.597,163.866,101.798,68.213,38.162,20.799,10.105
7.41667,227.481,194.669,163.945,101.826,68.309,38.184,20.843,10.097
7.42000,227.574,194.757,164.034,101.911,68.315,38.140,20.840,10.096
7.42333,227.684,194.784,164.107,101.922,68.428,38.223,20.806,10.062
7.42667,227.814,194.900,164.193,101.965,68.355,38.233,20.773,10.110
7.43000,227.881,195.033,164.299,101.986,68.417,38.282,20.818,10.132
7.43333,228.011,195.135,164.324,102.084,68.475,38.266,20.825,10.114
7.43667,228.117,195.196,164.403,102.018,68.428,38.217,20.844,10.139
7.44000,228.227,195.275,164.498,102.160,68.514,38.182,20.881,10.177
7.44333,228.316,195.427,164.571,102.188,68.556,38.233,20.879,10.193
7.44667,228.439,195.405,164.656,102.253,68.559,38.354,20.905,10.188
7.45000,228.461,195.569,164.712,102.234,68.622,38.293,20.853,10.182
7.45333,228.703,195.630,164.807,102.337,68.622,38.370,20.912,10.150
7.45667,228.678,195.724,164.869,102.369,68.638,38.368,20.940,10.141
7.46000,228.796,195.781,164.900,102.463,68.668,38.335,20.865,10.184
7.46333,228.953,195.888,165.020,102.557,68.722,38.426,20.941,10.176
7.46667,229.046,195.927,165.143,102.574,68.707,38.430,20.964,10.156
7.47000,229.100,196.064,165.142,102.554,68.872,38.426,21.016,10.131
7.47333,229.205,196.162,165.261,102.578,68.816,38.445,20.829,10.127
7.47667,229.311,196.226,165.288,102.670,68.835,38.505,20.977,10.175
7.48000,229.403,196.289,165.392,102.709,68.912,38.443,20.929,10.223
7.48333,229.487,196.320,165.402,102.793,68.936,38.489,20.964,10.193
7.48667,229.617,196.553,165.496,102.800,68.967,38.508,21.062,10.144
7.49000,229.783,196.590,165.652,102.941,68.896,38.546,20.980,10.171
7.49333,229.818,196.711,165.692,102.931,68.909,38.568,21.043,10.196
7.49667,229.943,196.747,165.704,102.966,68.996,38.541,21.040,10.230
7.50000,230.049,196.892,165.758,103.025,69.121,38.574,21.015,10.182
7.50333,230.086,196.915,165.857,103.051,69.106,38.591,21.081,10.207
7.50667,230.211,197.010,166.059,103.048,69.109,38.646,21.045,10.197
7.51000,230.290,197.154,166.005,103.145,69.108,38.580,21.065,10.261
7.51333,230.465,197.155,166.047,103.176,69.180,38.645,21.078,10.217
7.51667,230.603,197.289,166.118,103.257,69.217,38.647,21.120,10.241
7.52000,230.691,197.444,166.324,103.242,69.276,38.649,21.086,10.223
7.52333,230.768,197.554,166.380,103.274,69.356,38.708,21.086,10.277
7.52667,230.862,197.607,166.452,103.401,69.338,38.719,21.117,10.290
7.53000,230.999,197.661,166.475,103.436,69.420,38.707,21.143,10.262
7.53333,231.075,197.728,166.547,103.468,69.380,38.774,21.097,10.213
7.53667,231.181,197.838,166.669,103.468,69.380,38.687,21.068,10.283
7.54000,231.340,197.979,166.668,103.545,69.409,38.737,21.133,10.242
7.54333,231.392,198.016,166.782,103.627,69.484,38.859,21.169,10.354
7.54667,231.475,198.077,166.920,103.659,69.519,38.838,21.172,10.254
7.55000,231.527,198.254,166.904,103.719,69.484,38.927,21.150,10.200
7.55333,231.696,198.286,167.009,103.769,69.589,38.964,21.211,10.287
7.55667,231.769,198.403,167.142,103.786,69.593,38.861,21.231,10.265
7.56000,231.861,198.483,167.201,103.860,69.643,38.874,21.239,10.259
7.56333,231.955,198.580,167.294,103.934,69.642,38.915,21.222,10.268
7.56667,232.087,198.687,167.282,103.889,69.727,38.931,21.238,10.371
7.57000,232.241,198.683,167.387,103.953,69.711,38.895,21.227,10.260
7.57333,232.337,198.826,167.445,104.051,69.755,38.931,21.160,10.296
7.57667,232.431,198.866,167.488,104.014,69.808,38.972,21.216,10.327
7.58000,232.514,199.013,167.619,104.122,69.816,38.982,21.259,10.302
7.58333,232.617,199.087,167.710,104.134,69.846,38.927,21.305,10.318
7.58667,232.703,199.186,167.751,104.185,69.906,39.066,21.259,10.270
7.59000,232.855,199.237,167.843,104.233,69.897,39.009,21.300,10.355
7.59333,232.935,199.403,167.947,104.323,69.971,39.079,21.294,10.286
7.59667,233.110,199.470,167.965,104.374,69.953,39.095,21.317,10.346
7.60000,233.156,199.536,168.046,104.452,69.926,39.138,21.368,10.303
7.60333,233.271,199.576,168.252,104.453,70.003,39.101,21.305,10.310
7.60667,233.408,199.700,168.226,104.561,70.026,39.145,21.327,10.326
7.61000,233.451,199.779,168.280,104.527,70.073,39.168,21.287,10.359
7.61333,233.637,199.942,168.418,104.530,70.183,39.193,21.379,10.345
7.61667,233.728,199.980,168.422,104.646,70.203,39.218,21.296,10.386
7.62000,233.746,200.074,168.549,104.676,70.181,39.241,21.392,10.409
7.62333,233.905,200.170,168.628,104.773,70.231,39.236,21.387,10.348
7.62667,234.002,200.256,168.696,104.795,70.216,39.248,21.378,10.375
7.63000,234.078,200.392,168.756,104.818,70.228,39.253,21.443,10.302
7.63333,234.269,200.389,168.799,104.903,70.370,39.321,21.396,10.409
7.63667,234.302,200.566,168.889,104.924,70.277,39.251,21.371,10.347
7.64000,234.387,200.658,168.972,104.932,70.443,39.270,21.433,10.419
7.64333,234.534,200.711,169.140,105.024,70.380,39.323,21.455,10.397
7.64667,234.661,200.773,169.184,105.068,70.449,39.393,21.453,10.440
7.65000,234.735,200.883,169.222,105.112,70.418,39.340,21.463,10.426
7.65333,234.879,201.008,169.392,105.167,70.555,39.372,21.468,10.408
7.65667,234.976,201.084,169.374,105.195,70.502,39.424,21.495,10.445
7.66000,234.971,201.182,169.362,105.227,70.546,39.470,21.466,10.377
7.66333,235.171,201.227,169.546,105.307,70.595,39.420,21.442,10.408
7.66667,235.253,201.349,169.518,105.354,70.642,39.491,21.451,10.455
7.67000,235.417,201.428,169.709,105.432,70.699,39.419,21.529,10.338
7.67333,235.487,201.504,169.731,105.497,70.684,39.488,21.554,10.402
7.67667,235.580,201.637,169.803,105.470,70.724,39.559,21.532,10.462
7.68000,235.634,201.734,169.910,105.526,70.767,39.455,21.539,10.391
7.68333,235.819,201.837,169.969,105.590,70.823,39.548,21.570,10.400
7.68667,235.961,201.897,170.074,105.620,70.788,39.558,21.574,10.460
7.69000,235.969,201.995,170.128,105.693,70.895,39.510,21.648,10.418
7.69333,236.193,202.018,170.208,105.756,70.927,39.591,21.572,10.385
7.69667,236.221,202.143,170.267,105.793,70.908,39.602,21.637,10.475
7.70000,236.404,202.243,170.331,105.914,70.995,39.672,21.558,10.469
7.70333,236.449,202.314,170.457,105.882,70.998,39.651,21.620,10.411
7.70667,236.451,202.404,170.570,105.935,71.077,39.645,21.636,10.445
7.71000,236.683,202.456,170.601,105.947,71.002,39.709,21.610,10.450
7.71333,236.793,202.608,170.713,106.009,71.105,39.632,21.643,10.444
7.71667,236.917,202.698,170.759,106.056,71.196,39.722,21.689,10.542
7.72000,237.003,202.762,170.936,106.121,71.098,39.807,21.632,10.512
7.72333,237.093,202.879,170.909,106.191,71.170,39.725,21.708,10.497
7.72667,237.222,202.999,170.975,106.200,71.209,39.752,21.683,10.474
7.73000,237.371,203.086,171.055,106.263,71.293,39.781,21.659,10.471
7.73333,237.398,203.191,171.133,106.290,71.320,39.740,21.722,10.501
7.73667,237.536,203.261,171.205,106.362,71.312,39.841,21.711,10.504
7.74000,237.649,203.385,171.301,106.407,71.347,39.889,21.730,10.491
7.74333,237.674,203.415,171.425,106.485,71.396,39.930,21.672,10.550
7.74667,237.841,203.534,171.464,106.468,71.400,39.917,21.715,10.466
7.75000,237.946,203.687,171.572,106.586,71.478,39.837,21.766,10.516
7.75333,238.097,203.722,171.633,106.594,71.529,39.911,21.723,10.571
7.75667,238.079,203.835,171.678,106.710,71.619,39.977,21.775,10.594
7.76000,238.237,203.923,171.744,106.702,71.607,39.920,21.787,10.610
7.76333,238.378,204.023,171.777,106.790,71.634,39.937,21.751,10.570
7.76667,238.478,204.125,171.939,106.800,71.600,39.924,21.811,10.531
7.77000,238.611,204.205,172.016,106.853,71.641,40.047,21.850,10.538
7.77333,238.671,204.285,172.093,107.003,71.707,39.909,21.814,10.608
7.77667,238.796,204.345,172.171,107.016,71.691,40.028,21.802,10.566
7.78000,238.947,204.467,172.269,106.988,71.739,40.050,21.819,10.549
7.78333,239.054,204.568,172.320,107.015,71.782,40.099,21.838,10.591
7.78667,239.216,204.652,172.422,107.095,71.832,40.118,21.882,10.551
7.79000,239.210,204.708,172.484,107.126,71.873,40.112,21.905,10.603
7.79333,239.360,204.849,172.543,107.183,71.894,40.135,21.837,10.533
7.79667,239.485,204.922,172.625,107.252,71.894,40.154,21.910,10.551
7.80000,239.507,205.017,172.685,107.370,71.940,40.183,21.891,10.555
7.80333,239.678,205.133,172.790,107.361,72.045,40.261,21.918,10.598
7.80667,239.811,205.165,172.865,107.441,72.054,40.232,21.902,10.625
7.81000,239.911,205.323,172.889,107.470,72.057,40.186,21.918,10.638
7.81333,240.028,205.405,172.998,107.574,72.064,40.194,21.957,10.643
7.81667,240.051,205.487,173.102,107.540,72.141,40.221,21.949,10.630
7.82000,240.209,205.550,173.158,107.639,72.090,40.273,21.968,10.561
7.82333,240.339,205.757,173.258,107.632,72.222,40.336,21.936,10.595
7.82667,240.431,205.735,173.358,107.734,72.181,40.270,21.960,10.654
7.83000,240.503,205.906,173.363,107.820,72.298,40.312,21.944,10.637
7.83333,240.593,205.936,173.539,107.866,72.308,40.335,21.950,10.677
7.83667,240.745,206.042,173.491,107.840,72.243,40.335,21.952,10.661
7.84000,240.871,206.164,173.758,107.826,72.361,40.431,22.039,10.666
7.84333,240.986,206.222,173.653,107.959,72.382,40.364,22.019,10.631
7.84667,241.021,206.370,173.811,108.069,72.415,40.426,22.025,10.689
7.85000,241.260,206.416,173.906,108.095,72.431,40.416,22.026,10.623
7.85333,241.294,206.511,173.966,108.092,72.493,40.477,22.055,10.648
7.85667,241.439,206.583,174.020,108.173,72.502,40.441,22.027,10.677
7.86000,241.488,206.705,174.091,108.221,72.588,40.518,22.069,10.649
7.86333,241.633,206.860,174.186,108.247,72.584,40.520,22.052,10.659
7.86667,241.655,206.898,174.234,108.277,72.618,40.491,22.099,10.705
7.87000,241.873,207.010,174.406,108.417,72.643,40.552,22.099,10.676
7.87333,241.963,207.096,174.407,108.425,72.683,40.553,22.126,10.659
7.87667,242.078,207.182,174.578,108.506,72.697,40.509,22.148,10.700
7.88000,242.112,207.323,174.555,108.515,72.793,40.613,22.182,10.696
7.88333,242.315,207.311,174.632,108.591,72.794,40.529,22.175,10.687
7.88667,242.485,207.502,174.741,108.624,72.888,40.622,22.186,10.677
7.89000,242.545,207.457,174.803,108.661,72.871,40.650,22.128,10.663
7.89333,242.594,207.633,174.879,108.733,72.933,40.647,22.169,10.776
7.89667,242.735,207.764,174.974,108.774,72.984,40.654,22.185,10.759
7.90000,242.810,207.787,175.089,108.740,72.976,40.715,22.172,10.713
7.90333,242.888,207.919,175.148,108.872,72.984,40.728,22.210,10.711
7.90667,243.095,208.030,175.242,108.922,73.041,40.785,22.135,10.695
7.91000,243.203,208.195,175.257,108.912,73.037,40.732,22.271,10.707
7.91333,243.321,208.227,175.485,108.969,73.027,40.788,22.235,10.703
7.91667,243.427,208.330,175.518,109.055,73.116,40.840,22.232,10.728
7.92000,243.480,208.417,175.534,109.112,73.109,40.820,22.308,10.733
7.92333,243.632,208.451,175.637,109.218,73.136,40.840,22.239,10.792
7.92667,243.718,208.529,175.678,109.200,73.244,40.902,22.250,10.712
7.93000,243.841,208.713,175.873,109.194,73.276,40.956,22.267,10.744
7.93333,244.019,208.798,175.910,109.318,73.259,40.938,22.343,10.766
7.93667,244.086,208.916,175.999,109.390,73.367,40.929,22.301,10.802
7.94000,244.182,209.006,176.043,109.369,73.330,40.947,22.317,10.786
7.94333,244.349,209.101,176.136,109.467,73.459,40.949,22.362,10.759
7.94667,244.455,209.171,176.178,109.512,73.396,40.973,22.385,10.823
7.95000,244.495,209.235,176.291,109.507,73.441,41.024,22.338,10.826
7.95333,244.619,209.465,176.416,109.542,73.571,41.030,22.345,10.776
7.95667,244.733,209.495,176.424,109.627,73.559,41.037,22.373,10.799
7.96000,244.819,209.546,176.524,109.725,73.555,41.155,22.381,10.777
7.96333,244.952,209.665,176.625,109.727,73.597,41.044,22.424,10.795
7.96667,245.138,209.711,176.688,109.776,73.658,41.118,22.445,10.825
7.97000,245.203,209.789,176.782,109.916,73.625,41.101,22.400,10.790
7.97333,245.327,209.983,176.846,109.983,73.717,41.122,22.369,10.759
7.97667,245.422,210.002,176.944,109.965,73.693,41.205,22.441,10.781
7.98000,245.471,210.147,177.057,109.966,73.759,41.081,22.447,10.739
7.98333,245.629,210.235,177.099,110.045,73.707,41.205,22.441,10.772
7.98667,245.712,210.331,177.161,110.061,73.819,41.206,22.428,10.852
7.99000,245.836,210.489,177.291,110.174,73.846,41.243,22.443,10.803
7.99333,245.967,210.496,177.348,110.321,73.887,41.235,22.452,10.861
7.99667,246.116,210.572,177.479,110.279,73.895,41.212,22.438,10.821
8.00000,246.262,210.705,177.434,110.299,73.992,41.246,22.529,10.853
8.00333,246.312,210.834,177.590,110.419,73.960,41.269,22.504,10.838
8.00667,246.451,210.897,177.667,110.428,74.060,41.316,22.567,10.870
8.01000,246.504,211.019,177.727,110.480,74.053,41.315,22.549,10.864
8.01333,246.704,211.125,177.856,110.563,74.098,41.404,22.526,10.810
8.01667,246.746,211.146,177.917,110.579,74.162,41.368,22.562,10.895
8.02000,246.878,211.297,178.008,110.662,74.165,41.371,22.590,10.834
8.02333,247.026,211.377,178.070,110.700,74.162,41.408,22.548,10.912
8.02667,247.165,211.521,178.240,110.705,74.248,41.412,22.604,10.904
8.03000,247.214,211.557,178.258,110.844,74.248,41.406,22.573,10.936
8.03333,247.297,211.673,178.309,110.835,74.262,41.427,22.606,10.906
8.03667,247.461,211.791,178.486,110.873,74.289,41.488,22.605,10.915
8.04000,247.554,211.927,178.468,110.927,74.429,41.540,22.676,10.946
8.04333,247.715,212.010,178.574,111.040,74.465,41.549,22.691,10.943
8.04667,247.820,212.075,178.612,111.082,74.455,41.532,22.634,10.946
8.05000,247.862,212.198,178.751,111.124,74.522,41.587,22.730,10.973
8.05333,248.065,212.254,178.888,111.259,74.542,41.548,22.709,10.894
8.05667,248.222,212.375,178.905,111.261,74.590,41.581,22.724,10.947
8.06000,248.252,212.503,179.039,111.309,74.527,41.671,22.721,10.992
8.06333,248.403,212.549,179.094,111.386,74.651,41.679,22.749,11.024
8.06667,248.537,212.675,179.144,111.427,74.686,41.684,22.745,10.942
8.07000,248.708,212.824,179.349,111.571,74.760,41.650,22.815,11.029
8.07333,248.811,212.967,179.436,111.648,74.738,41.765,22.886,11.075
8.07667,248.968,213.129,179.626,111.761,74.833,41.768,22.863,11.137
8.08000,249.044,213.229,179.661,111.885,74.898,41.901,23.011,11.147
8.08333,249.280,213.373,179.897,111.981,74.976,41.949,23.041,11.266
8.08667,249.426,213.600,179.981,112.210,75.040,41.904,23.168,11.257
8.09000,249.609,213.742,180.215,112.401,75.200,41.986,23.346,11.363
8.09333,249.912,213.924,180.448,112.562,75.317,42.088,23.384,11.547
8.09667,250.156,214.155,180.676,112.874,75.462,42.104,23.650,11.671
8.10000,250.361,214.373,180.980,113.192,75.613,42.259,23.766,11.819
8.10333,250.774,214.689,181.332,113.622,75.793,42.385,24.100,12.104
8.10667,251.167,214.988,181.724,114.039,75.922,42.456,24.521,12.334
8.11000,251.499,215.399,182.188,114.633,76.255,42.622,24.878,12.693
8.11333,252.043,215.782,182.643,115.271,76.502,42.895,25.360,13.046
8.11667,252.508,216.353,183.240,116.077,76.867,43.095,25.936,13.512
8.12000,253.187,216.895,184.060,116.991,77.262,43.383,26.673,14.101
8.12333,253.938,217.584,184.783,118.042,77.767,43.733,27.435,14.725
8.12667,254.769,218.314,185.750,119.347,78.249,44.047,28.311,15.492
8.13000,255.740,219.239,186.924,120.786,78.956,44.478,29.480,16.391
8.13333,256.781,220.203,188.301,122.501,79.708,44.967,30.785,17.595
8.13667,258.164,221.415,189.657,124.456,80.504,45.524,32.337,18.743
8.14000,259.529,222.733,191.391,126.653,81.561,46.259,34.073,20.156
8.14333,261.182,224.176,193.339,129.222,82.635,46.892,36.060,21.801
8.14667,262.973,225.832,195.511,132.161,83.903,47.732,38.234,23.597
8.15000,265.086,227.803,197.955,135.317,85.345,48.713,40.738,25.624
8.15333,267.347,229.917,200.718,139.001,86.851,49.854,43.552,27.999
8.15667,269.854,232.199,203.716,143.058,88.665,51.026,46.691,30.607
8.16000,272.716,234.707,206.994,147.493,90.530,52.279,50.182,33.468
8.16333,275.706,237.550,210.754,152.578,92.751,53.718,54.064,36.574
8.16667,279.081,240.569,214.727,157.907,95.065,55.253,58.212,40.032
8.17000,282.692,244.038,219.067,163.660,97.630,57.014,62.795,43.639
8.17333,286.588,247.549,223.766,169.967,100.309,58.921,67.668,47.766
8.17667,290.824,251.378,228.754,176.719,103.213,60.842,72.888,52.044
8.18000,295.152,255.367,234.162,183.839,106.293,62.908,78.484,56.673
8.18333,299.855,259.654,239.738,191.357,109.678,65.204,84.484,61.446
8.18667,304.723,264.216,245.662,199.350,113.079,67.518,90.617,66.542
8.19000,309.774,268.878,251.746,207.636,116.671,69.864,97.078,71.898
8.19333,315.101,273.795,258.167,216.227,120.365,72.418,103.754,77.322
8.19667,320.451,278.595,264.669,224.939,124.115,74.960,110.600,82.965
8.20000,325.911,283.628,271.241,233.872,128.076,77.605,117.571,88.688
8.20333,331.404,288.736,277.917,242.817,131.993,80.158,124.619,94.430
8.20667,336.961,293.847,284.647,251.745,135.866,82.814,131.623,100.280
8.21000,342.449,298.908,291.292,260.723,139.751,85.465,138.595,105.994
8.21333,347.868,303.935,297.839,269.482,143.527,88.046,145.455,111.726
8.21667,353.074,308.751,304.106,277.987,147.165,90.596,152.181,117.221
8.22000,358.107,313.356,310.227,286.201,150.795,92.964,158.587,122.368
8.22333,362.944,317.732,315.991,294.022,154.169,95.282,164.643,127.453
8.22667,367.416,321.913,321.496,301.338,157.446,97.449,170.427,132.087
8.23000,371.593,325.752,326.429,308.048,160.363,99.375,175.646,136.438
8.23333,375.462,329.212,331.017,314.175,163.048,101.150,180.487,140.415
8.23667,378.797,332.278,335.121,319.575,165.416,102.754,184.735,143.856
8.24000,381.654,335.038,338.609,324.254,167.439,104.187,188.373,146.874
8.24333,384.248,337.310,341.561,328.151,169.149,105.311,191.408,149.374
8.24667,386.086,339.120,343.892,331.289,170.563,106.262,193.828,151.388
8.25000,387.696,340.522,345.581,333.605,171.592,106.933,195.698,152.844
8.25333,388.633,341.356,346.645,335.087,172.169,107.302,196.735,153.766
8.25667,389.048,341.820,347.236,335.681,172.469,107.535,197.196,154.135
8.26000,389.075,341.741,347.205,335.513,172.389,107.524,197.048,153.977
8.26333,388.550,341.294,346.468,334.508,172.010,107.237,196.182,153.326
8.26667,387.604,340.346,345.254,332.734,171.239,106.690,194.884,152.202
8.27000,386.167,339.011,343.462,330.256,170.205,105.999,192.854,150.494
8.27333,384.299,337.284,341.147,327.190,168.826,104.998,190.425,148.515
8.27667,382.128,335.392,338.403,323.363,167.218,103.991,187.424,146.008
8.28000,379.618,333.042,335.291,319.038,165.317,102.699,183.940,143.120
8.28333,376.770,330.355,331.861,314.295,163.257,101.318,180.118,140.082
8.28667,373.654,327.514,327.939,308.980,160.878,99.775,175.927,136.606
8.29000,370.350,324.409,323.817,303.311,158.514,98.118,171.439,132.857
8.29333,366.866,321.163,319.448,297.410,155.986,96.306,166.663,129.005
8.29667,363.201,317.731,314.906,291.192,153.273,94.543,161.772,124.917
8.30000,359.363,314.265,310.284,284.771,150.561,92.644,156.754,120.771
8.30333,355.479,310.699,305.480,278.205,147.736,90.787,151.576,116.538
8.30667,351.518,307.083,300.638,271.693,144.811,88.756,146.300,112.239
8.31000,347.627,303.419,295.835,265.048,142.001,86.860,141.074,107.933
8.31333,343.718,299.756,290.940,258.404,139.176,84.839,135.820,103.580
8.31667,339.816,296.218,286.188,251.831,136.281,83.035,130.673,99.387
8.32000,335.933,292.735,281.477,245.441,133.468,81.106,125.501,95.081
8.32333,332.196,289.237,276.804,239.086,130.809,79.291,120.569,90.972
8.32667,328.596,285.873,272.298,232.895,128.131,77.436,115.589,86.938
8.33000,324.971,282.644,267.892,226.829,125.573,75.693,110.885,82.994
8.33333,321.590,279.392,263.598,221.018,122.998,73.957,106.241,79.278
8.33667,318.274,276.295,259.545,215.364,120.602,72.400,101.816,75.555
8.34000,315.086,273.363,255.608,210.025,118.254,70.792,97.497,72.054
8.34333,312.023,270.568,251.755,204.812,116.114,69.254,93.431,68.737
8.34667,309.181,267.903,248.227,199.842,113.925,67.859,89.447,65.492
8.35000,306.330,265.335,244.785,195.124,111.836,66.385,85.810,62.340
8.35333,303.676,262.905,241.539,190.628,109.904,65.143,82.158,59.407
8.35667,301.201,260.635,238.440,186.370,108.104,63.859,78.770,56.651
8.36000,298.823,258.412,235.467,182.217,106.362,62.726,75.597,54.019
8.36333,296.581,256.293,232.646,178.417,104.729,61.577,72.539,51.501
8.36667,294.467,254.354,230.052,174.802,103.119,60.453,69.691,49.118
8.37000,292.523,252.495,227.515,171.361,101.656,59.473,66.962,46.899
8.37333,290.642,250.799,225.238,168.100,100.321,58.590,64.343,44.803
8.37667,288.870,249.184,222.983,165.078,99.010,57.658,61.928,42.747
8.38000,287.235,247.669,220.930,162.211,97.672,56.836,59.631,40.923
8.38333,285.735,246.261,218.977,159.554,96.592,56.014,57.491,39.105
8.38667,284.201,244.890,217.120,156.911,95.573,55.377,55.460,37.501
8.39000,282.918,243.602,215.431,154.574,94.492,54.662,53.554,35.936
8.39333,281.606,242.485,213.749,152.329,93.559,53.966,51.751,34.417
8.39667,280.388,241.297,212.317,150.193,92.657,53.391,50.104,33.030
8.40000,279.356,240.358,210.898,148.225,91.867,52.832,48.466,31.756
8.40333,278.298,239.302,209.568,146.389,91.049,52.247,46.938,30.462
8.40667,277.297,238.451,208.320,144.656,90.251,51.716,45.593,29.334
8.41000,276.392,237.590,207.181,142.996,89.571,51.325,44.253,28.204
8.41333,275.597,236.844,206.114,141.393,88.952,50.879,43.052,27.195
8.41667,274.725,236.106,205.102,140.039,88.364,50.358,41.896,26.288
8.42000,274.158,235.496,204.160,138.630,87.766,50.107,40.773,25.325
8.42333,273.396,234.820,203.247,137.356,87.298,49.776,39.836,24.496
8.42667,272.744,234.196,202.478,136.134,86.760,49.394,38.822,23.682
8.43000,272.190,233.724,201.667,135.067,86.302,49.043,37.956,23.013
8.43333,271.678,233.205,201.008,134.083,85.862,48.713,37.031,22.330
8.43667,271.124,232.793,200.262,133.107,85.474,48.455,36.320,21.646
8.44000,270.729,232.298,199.659,132.322,85.050,48.195,35.555,21.000
8.44333,270.247,231.848,199.114,131.370,84.685,47.937,34.858,20.418
8.44667,269.941,231.496,198.550,130.555,84.405,47.731,34.216,19.887
8.45000,269.571,231.209,198.017,129.844,84.067,47.508,33.560,19.380
8.45333,269.179,230.863,197.587,129.126,83.855,47.346,33.016,18.936
8.45667,268.828,230.605,197.200,128.483,83.494,47.140,32.487,18.509
8.46000,268.523,230.390,196.728,127.844,83.260,46.972,31.979,18.054
8.46333,268.377,230.087,196.508,127.383,83.078,46.843,31.528,17.651
8.46667,268.169,229.855,196.090,126.723,82.852,46.647,31.022,17.250
8.47000,267.877,229.680,195.834,126.299,82.662,46.507,30.623,16.970
8.47333,267.748,229.487,195.426,125.784,82.474,46.383,30.219,16.641
8.47667,267.567,229.306,195.223,125.443,82.232,46.293,29.859,16.311
8.48000,267.416,229.187,194.963,125.014,82.131,46.168,29.613,16.088
8.48333,267.223,229.060,194.662,124.684,82.022,46.120,29.182,15.816
8.48667,267.217,228.936,194.433,124.290,81.840,45.972,28.817,15.538
8.49000,267.090,228.862,194.298,123.993,81.689,45.866,28.624,15.274
8.49333,266.944,228.743,194.104,123.636,81.643,45.743,28.291,15.077
8.49667,266.872,228.642,194.042,123.471,81.496,45.679,28.181,14.828
8.50000,266.853,228.583,193.826,123.196,81.450,45.635,27.870,14.648
8.50333,266.811,228.566,193.707,122.918,81.335,45.574,27.670,14.458
8.50667,266.723,228.457,193.632,122.690,81.215,45.502,27.450,14.363
8.51000,266.755,228.451,193.499,122.497,81.170,45.459,27.264,14.133
8.51333,266.728,228.420,193.424,122.386,81.097,45.411,27.070,14.009
8.51667,266.689,228.349,193.384,122.188,80.976,45.406,26.900,13.853
8.52000,266.688,228.347,193.386,121.986,81.052,45.338,26.745,13.730
8.52333,266.691,228.435,193.210,121.876,80.944,45.302,26.575,13.561
8.52667,266.654,228.374,193.145,121.713,80.854,45.208,26.488,13.448
8.53000,266.669,228.395,193.145,121.575,80.872,45.225,26.265,13.335
8.53333,266.765,228.437,193.103,121.513,80.814,45.195,26.278,13.343
8.53667,266.827,228.390,193.116,121.444,80.780,45.185,26.081,13.181
8.54000,266.743,228.412,193.067,121.297,80.815,45.153,26.056,13.036
8.54333,266.851,228.496,193.092,121.229,80.708,45.186,25.860,13.003
8.54667,266.849,228.525,193.058,121.180,80.700,45.110,25.817,12.953
8.55000,266.915,228.537,193.106,121.114,80.704,45.073,25.712,12.886
8.55333,266.989,228.630,193.045,121.010,80.735,45.093,25.640,12.752
8.55667,267.075,228.607,193.108,120.987,80.712,45.109,25.608,12.699
8.56000,267.088,228.712,193.035,120.966,80.598,44.966,25.503,12.581
8.56333,267.149,228.751,193.101,120.913,80.716,44.989,25.466,12.585
8.56667,267.281,228.785,193.171,120.901,80.701,45.015,25.424,12.524
8.57000,267.317,228.900,193.200,120.825,80.646,45.047,25.332,12.518
8.57333,267.402,228.915,193.159,120.824,80.693,45.007,25.332,12.458
8.57667,267.404,228.996,193.244,120.819,80.698,45.073,25.276,12.461
8.58000,267.555,229.116,193.302,120.778,80.730,45.010,25.217,12.379
8.58333,267.629,229.072,193.266,120.871,80.718,45.108,25.210,12.355
8.58667,267.700,229.178,193.375,120.770,80.693,45.061,25.138,12.374
8.59000,267.777,229.320,193.389,120.772,80.748,45.067,25.079,12.287
8.59333,267.919,229.400,193.461,120.781,80.727,45.053,25.103,12.206
8.59667,268.010,229.391,193.506,120.767,80.741,45.106,25.088,12.212
8.60000,268.110,229.481,193.545,120.784,80.762,45.056,24.999,12.178
8.60333,268.163,229.600,193.654,120.819,80.809,45.062,24.990,12.109
8.60667,268.312,229.747,193.650,120.813,80.787,45.073,24.988,12.060
8.61000,268.403,229.759,193.821,120.807,80.908,45.127,24.951,12.137
8.61333,268.458,229.821,193.789,120.896,80.917,45.138,24.907,12.034
8.61667,268.559,229.871,193.869,120.877,80.896,45.146,24.958,12.159
8.62000,268.671,230.023,193.937,120.959,80.866,45.076,24.942,12.104
8.62333,268.766,230.112,194.030,120.971,80.962,45.160,24.933,12.040
8.62667,268.899,230.256,194.056,120.950,80.938,45.147,24.932,12.058
8.63000,269.093,230.333,194.165,121.060,80.968,45.206,24.928,12.057
8.63333,269.186,230.412,194.204,120.970,81.039,45.273,24.853,12.028
8.63667,269.228,230.500,194.275,120.964,80.954,45.245,24.915,11.984
8.64000,269.356,230.551,194.339,121.135,81.021,45.158,24.912,11.965
8.64333,269.426,230.718,194.432,121.121,81.089,45.210,24.847,12.005
8.64667,269.509,230.724,194.455,121.175,81.129,45.204,24.785,11.984
8.65000,269.640,230.863,194.560,121.296,81.203,45.264,24.836,11.975
8.65333,269.783,230.929,194.686,121.196,81.202,45.262,24.820,11.958
8.65667,269.933,231.018,194.782,121.328,81.205,45.277,24.900,11.971
8.66000,270.071,231.143,194.814,121.331,81.260,45.309,24.878,12.019
8.66333,270.108,231.313,194.909,121.392,81.286,45.402,24.895,12.024
8.66667,270.232,231.381,195.006,121.399,81.339,45.323,24.877,12.004
8.67000,270.361,231.470,195.088,121.476,81.408,45.363,24.821,11.940
8.67333,270.539,231.523,195.204,121.522,81.361,45.354,24.837,11.953
8.67667,270.663,231.634,195.170,121.539,81.461,45.418,24.803,12.012
8.68000,270.762,231.751,195.261,121.528,81.486,45.396,24.833,11.911
8.68333,270.851,231.874,195.341,121.656,81.485,45.424,24.841,11.947
8.68667,270.945,231.976,195.491,121.638,81.571,45.510,24.772,11.931
8.69000,271.073,232.124,195.559,121.772,81.535,45.451,24.839,11.941
8.69333,271.228,232.199,195.588,121.805,81.608,45.475,24.898,11.947
8.69667,271.358,232.210,195.755,121.836,81.555,45.471,24.840,11.881
8.70000,271.399,232.435,195.811,121.895,81.661,45.512,24.887,11.921
8.70333,271.576,232.547,195.929,121.930,81.716,45.533,24.918,11.916
8.70667,271.717,232.541,196.004,121.955,81.689,45.590,24.926,11.907
8.71000,271.847,232.689,196.118,122.084,81.749,45.618,24.867,12.022
8.71333,271.936,232.844,196.141,122.077,81.794,45.595,24.916,11.929
8.71667,272.014,232.885,196.237,122.183,81.843,45.604,24.880,11.929
8.72000,272.209,233.007,196.331,122.232,81.843,45.617,24.905,11.953
8.72333,272.334,233.120,196.366,122.176,81.918,45.668,24.952,11.971
8.72667,272.403,233.226,196.467,122.228,82.006,45.634,24.952,11.927
8.73000,272.490,233.292,196.617,122.404,81.951,45.723,24.944,11.902
8.73333,272.690,233.400,196.676,122.372,81.982,45.711,24.925,12.005
8.73667,272.792,233.556,196.766,122.381,82.098,45.711,25.015,12.021
8.74000,272.867,233.614,196.886,122.459,82.040,45.725,24.936,11.936
8.74333,273.046,233.749,196.935,122.592,82.169,45.808,25.006,11.976
8.74667,273.194,233.813,196.976,122.604,82.232,45.825,24.993,11.989
8.75000,273.287,233.960,197.191,122.701,82.186,45.790,24.970,11.999
8.75333,273.422,234.040,197.281,122.784,82.253,45.792,24.984,11.998
8.75667,273.547,234.110,197.295,122.805,82.232,45.864,25.047,12.054
8.76000,273.660,234.253,197.328,122.928,82.202,45.817,25.083,12.026
8.76333,273.850,234.376,197.456,122.837,82.386,45.841,25.031,12.001
8.76667,273.867,234.481,197.637,122.924,82.365,45.926,25.074,11.965
8.77000,274.045,234.536,197.669,122.944,82.433,45.953,25.128,11.988
8.77333,274.197,234.667,197.762,123.081,82.423,45.955,25.090,11.968
8.77667,274.308,234.859,197.878,123.094,82.527,46.058,25.026,12.072
8.78000,274.368,234.966,197.876,123.074,82.550,46.014,25.077,11.961
8.78333,274.541,234.965,198.056,123.258,82.556,46.013,25.137,12.012
8.78667,274.684,235.067,198.127,123.326,82.587,45.994,25.118,12.016
8.79000,274.804,235.191,198.180,123.341,82.638,46.098,25.145,11.948
8.79333,274.956,235.313,198.248,123.345,82.677,46.118,25.192,12.087
8.79667,275.073,235.472,198.375,123.373,82.721,46.120,25.176,12.030
8.80000,275.172,235.557,198.496,123.488,82.782,46.123,25.177,11.962
8.80333,275.273,235.631,198.530,123.551,82.802,46.206,25.182,12.046
8.80667,275.428,235.711,198.682,123.603,82.888,46.155,25.204,12.060
8.81000,275.539,235.870,198.737,123.757,82.912,46.135,25.169,12.007
8.81333,275.668,236.020,198.858,123.700,82.841,46.230,25.212,12.041
8.81667,275.800,236.066,198.839,123.763,82.946,46.280,25.193,12.142
8.82000,275.882,236.161,199.008,123.770,83.027,46.211,25.197,12.048
8.82333,276.080,236.280,199.115,123.863,83.021,46.283,25.243,12.028
8.82667,276.124,236.430,199.224,123.990,83.085,46.285,25.249,12.110
8.83000,276.311,236.562,199.299,124.005,83.087,46.301,25.292,12.082
8.83333,276.412,236.573,199.434,124.014,83.224,46.380,25.274,12.153
8.83667,276.580,236.646,199.519,124.133,83.151,46.336,25.318,12.056
8.84000,276.692,236.856,199.519,124.182,83.232,46.428,25.313,12.131
8.84333,276.741,236.904,199.580,124.165,83.204,46.429,25.274,12.069
8.84667,276.908,237.034,199.763,124.298,83.338,46.382,25.337,12.147
8.85000,276.998,237.150,199.781,124.370,83.365,46.462,25.376,12.043
8.85333,277.208,237.217,199.916,124.394,83.364,46.482,25.335,12.105
8.85667,277.309,237.314,200.021,124.459,83.411,46.491,25.351,12.124
8.86000,277.398,237.460,200.107,124.455,83.461,46.474,25.372,12.134
8.86333,277.550,237.589,200.163,124.541,83.513,46.576,25.379,12.090
8.86667,277.695,237.642,200.291,124.675,83.432,46.535,25.326,12.132
8.87000,277.744,237.728,200.422,124.710,83.559,46.589,25.332,12.172
8.87333,277.987,237.822,200.441,124.679,83.626,46.618,25.430,12.167
8.87667,277.962,237.986,200.580,124.759,83.625,46.595,25.392,12.136
8.88000,278.120,238.098,200.593,124.848,83.648,46.648,25.423,12.157
8.88333,278.335,238.174,200.731,124.923,83.683,46.667,25.449,12.084
8.88667,278.422,238.300,200.864,124.970,83.736,46.674,25.436,12.241
8.89000,278.504,238.464,200.920,124.987,83.824,46.668,25.445,12.185
8.89333,278.625,238.550,200.990,125.064,83.743,46.729,25.509,12.174
8.89667,278.729,238.708,201.072,125.141,83.802,46.781,25.483,12.148
8.90000,278.851,238.752,201.179,125.193,83.848,46.723,25.494,12.225
8.90333,279.073,238.862,201.263,125.251,83.949,46.818,25.466,12.222
8.90667,279.219,238.997,201.367,125.214,83.956,46.771,25.461,12.250
8.91000,279.240,239.051,201.459,125.404,83.977,46.794,25.520,12.182
8.91333,279.454,239.200,201.571,125.434,84.045,46.834,25.510,12.225
8.91667,279.517,239.357,201.675,125.530,84.065,46.826,25.575,12.178
8.92000,279.659,239.462,201.754,125.526,84.160,46.883,25.525,12.205
8.92333,279.778,239.529,201.739,125.577,84.239,46.840,25.530,12.272
8.92667,279.887,239.593,201.909,125.638,84.192,46.955,25.564,12.225
8.93000,279.984,239.662,202.022,125.693,84.223,46.913,25.582,12.287
8.93333,280.142,239.780,202.095,125.776,84.321,47.020,25.579,12.225
8.93667,280.353,239.993,202.159,125.783,84.320,47.001,25.564,12.211
8.94000,280.373,240.019,202.263,125.895,84.304,47.079,25.635,12.243
8.94333,280.540,240.137,202.378,125.968,84.410,46.988,25.690,12.255
8.94667,280.674,240.221,202.487,125.967,84.354,47.040,25.631,12.237
8.95000,280.741,240.310,202.568,126.070,84.417,47.089,25.680,12.236
8.95333,280.868,240.549,202.714,126.123,84.519,47.099,25.658,12.272
8.95667,280.974,240.586,202.755,126.165,84.562,47.061,25.728,12.270
8.96000,281.106,240.684,202.772,126.212,84.503,47.165,25.644,12.268
8.96333,281.291,240.792,202.921,126.211,84.555,47.138,25.655,12.242
8.96667,281.488,240.899,202.949,126.274,84.597,47.158,25.670,12.235
8.97000,281.495,240.975,203.060,126.388,84.716,47.182,25.730,12.324
8.97333,281.668,241.148,203.229,126.458,84.697,47.226,25.781,12.380
8.97667,281.816,241.194,203.283,126.440,84.741,47.309,25.737,12.311
8.98000,281.943,241.332,203.320,126.441,84.749,47.209,25.757,12.256
8.98333,282.053,241.518,203.455,126.634,84.852,47.264,25.659,12.361
8.98667,282.107,241.560,203.582,126.657,84.860,47.256,25.752,12.335
8.99000,282.262,241.703,203.580,126.774,84.871,47.264,25.885,12.286
8.99333,282.446,241.739,203.702,126.803,84.963,47.350,25.782,12.310
8.99667,282.519,241.903,203.801,126.863,84.983,47.362,25.891,12.297
9.00000,282.663,242.015,203.906,126.839,85.022,47.406,25.800,12.341
9.00333,282.772,242.146,203.903,126.949,85.096,47.444,25.843,12.330
9.00667,282.837,242.197,204.128,127.048,85.161,47.393,25.849,12.316
9.01000,283.008,242.353,204.110,127.026,85.181,47.473,25.833,12.341
9.01333,283.108,242.365,204.251,127.151,85.150,47.451,25.908,12.394
9.01667,283.273,242.536,204.357,127.171,85.216,47.501,25.899,12.410
9.02000,283.403,242.649,204.465,127.210,85.209,47.511,25.931,12.389
9.02333,283.576,242.694,204.442,127.359,85.307,47.509,25.912,12.374
9.02667,283.651,242.852,204.649,127.315,85.285,47.563,25.938,12.381
9.03000,283.766,242.984,204.683,127.373,85.392,47.602,25.946,12.426
9.03333,283.890,243.053,204.788,127.478,85.447,47.555,25.937,12.352
9.03667,284.024,243.133,204.839,127.519,85.422,47.617,25.919,12.452
9.04000,284.123,243.312,204.973,127.549,85.477,47.651,25.925,12.331
9.04333,284.289,243.367,205.027,127.565,85.509,47.537,25.981,12.431
9.04667,284.343,243.427,205.153,127.642,85.536,47.665,25.982,12.408
9.05000,284.515,243.567,205.201,127.734,85.589,47.636,25.987,12.448
9.05333,284.604,243.722,205.309,127.793,85.679,47.731,25.990,12.418
9.05667,284.793,243.777,205.487,127.875,85.567,47.768,26.039,12.418
9.06000,284.881,243.919,205.459,127.887,85.701,47.704,26.069,12.384
9.06333,284.966,243.959,205.542,127.982,85.768,47.784,26.071,12.491
9.06667,285.119,244.043,205.746,128.015,85.744,47.737,26.086,12.443
9.07000,285.212,244.154,205.776,128.033,85.788,47.785,26.124,12.430
9.07333,285.399,244.296,205.825,128.168,85.880,47.784,26.077,12.376
9.07667,285.508,244.415,206.013,128.123,85.871,47.837,26.097,12.412
9.08000,285.617,244.478,206.083,128.297,85.971,47.828,26.069,12.408
9.08333,285.762,244.686,206.102,128.330,85.933,47.922,26.123,12.497
9.08667,285.954,244.735,206.230,128.344,85.983,47.854,26.098,12.463
9.09000,285.988,244.834,206.271,128.344,86.009,47.916,26.126,12.505
9.09333,286.201,244.943,206.401,128.496,86.130,47.926,26.141,12.494
9.09667,286.270,245.059,206.447,128.567,86.109,47.998,26.110,12.494
9.10000,286.289,245.175,206.562,128.620,86.213,48.073,26.136,12.519
9.10333,286.456,245.317,206.664,128.643,86.253,48.057,26.169,12.476
9.10667,286.638,245.417,206.704,128.677,86.270,48.022,26.176,12.448
9.11000,286.775,245.494,206.837,128.738,86.287,48.043,26.187,12.509
9.11333,286.864,245.550,206.914,128.766,86.332,48.145,26.240,12.519
9.11667,287.053,245.712,207.057,128.836,86.383,48.057,26.269,12.485
9.12000,287.134,245.782,207.083,128.909,86.350,48.081,26.305,12.547
9.12333,287.210,245.958,207.148,128.906,86.510,48.179,26.217,12.562
9.12667,287.346,246.011,207.312,129.022,86.495,48.087,26.290,12.531
9.13000,287.459,246.181,207.325,129.082,86.447,48.109,26.291,12.543
9.13333,287.571,246.190,207.548,129.101,86.533,48.202,26.266,12.569
9.13667,287.683,246.302,207.577,129.183,86.566,48.225,26.299,12.561
9.14000,287.825,246.397,207.646,129.168,86.623,48.274,26.376,12.505
9.14333,287.959,246.530,207.770,129.283,86.586,48.291,26.335,12.527
9.14667,288.069,246.558,207.837,129.337,86.652,48.257,26.269,12.577
9.15000,288.185,246.755,207.917,129.451,86.702,48.361,26.349,12.547
9.15333,288.264,246.875,208.025,129.470,86.721,48.325,26.343,12.621
9.15667,288.374,246.989,208.130,129.536,86.747,48.338,26.395,12.561
9.16000,288.585,247.016,208.126,129.550,86.889,48.396,26.291,12.584
9.16333,288.676,247.196,208.264,129.715,86.863,48.409,26.368,12.565
9.16667,288.815,247.265,208.339,129.704,86.911,48.404,26.386,12.656
9.17000,288.923,247.330,208.506,129.731,86.980,48.426,26.365,12.591
9.17333,289.114,247.466,208.485,129.841,86.974,48.419,26.478,12.586
9.17667,289.147,247.589,208.618,129.847,86.990,48.502,26.460,12.569
9.18000,289.287,247.734,208.616,129.962,87.049,48.499,26.412,12.673
9.18333,289.343,247.773,208.732,129.967,87.066,48.511,26.425,12.634
9.18667,289.511,247.840,208.810,130.031,87.138,48.529,26.449,12.610
9.19000,289.665,247.986,208.971,130.078,87.156,48.536,26.481,12.645
9.19333,289.799,248.087,209.144,130.109,87.180,48.581,26.533,12.597
9.19667,289.891,248.155,209.150,130.197,87.250,48.542,26.521,12.609
9.20000,290.088,248.240,209.298,130.265,87.210,48.597,26.552,12.699
9.20333,290.119,248.365,209.361,130.218,87.322,48.631,26.545,12.656
9.20667,290.223,248.509,209.383,130.350,87.345,48.615,26.531,12.698
9.21000,290.383,248.658,209.543,130.400,87.357,48.668,26.561,12.645
9.21333,290.527,248.695,209.584,130.381,87.419,48.751,26.575,12.618
9.21667,290.561,248.755,209.673,130.508,87.423,48.738,26.599,12.636
9.22000,290.788,248.904,209.741,130.599,87.614,48.749,26.574,12.648
9.22333,290.847,249.012,209.798,130.605,87.497,48.748,26.516,12.678
9.22667,290.919,249.092,209.918,130.687,87.548,48.735,26.577,12.680
9.23000,291.126,249.270,210.008,130.686,87.557,48.752,26.603,12.698
9.23333,291.192,249.361,210.056,130.750,87.601,48.849,26.621,12.672
9.23667,291.373,249.490,210.255,130.816,87.654,48.833,26.543,12.678
9.24000,291.469,249.560,210.269,130.887,87.742,48.892,26.689,12.648
9.24333,291.580,249.622,210.371,130.990,87.754,48.809,26.622,12.678
9.24667,291.704,249.719,210.426,131.051,87.745,48.886,26.648,12.759
9.25000,291.851,249.808,210.581,131.027,87.841,48.915,26.699,12.703
9.25333,291.922,249.905,210.608,131.094,87.847,48.922,26.693,12.706
9.25667,292.043,250.028,210.663,131.155,87.855,48.918,26.656,12.690
9.26000,292.189,250.163,210.810,131.250,87.953,48.971,26.738,12.756
9.26333,292.345,250.248,210.803,131.278,87.954,48.970,26.740,12.681
9.26667,292.457,250.321,210.984,131.268,87.953,48.986,26.688,12.637
9.27000,292.476,250.425,211.064,131.409,88.008,48.991,26.672,12.755
9.27333,292.626,250.482,211.138,131.402,88.092,49.058,26.717,12.778
9.27667,292.713,250.627,211.224,131.476,88.104,49.092,26.790,12.783
9.28000,292.844,250.713,211.279,131.568,88.171,49.086,26.756,12.737
9.28333,292.997,250.855,211.392,131.608,88.228,49.057,26.799,12.738
9.28667,293.136,250.983,211.456,131.692,88.263,49.129,26.828,12.758
9.29000,293.268,251.059,211.573,131.773,88.255,49.178,26.801,12.808
9.29333,293.391,251.137,211.669,131.870,88.290,49.208,26.878,12.737
9.29667,293.517,251.234,211.643,131.845,88.291,49.197,26.812,12.820
9.30000,293.603,251.344,211.827,131.858,88.343,49.173,26.783,12.781
9.30333,293.762,251.474,211.928,131.950,88.360,49.274,26.883,12.767
9.30667,293.862,251.517,211.946,131.961,88.490,49.236,26.843,12.838
9.31000,293.962,251.648,212.064,132.055,88.487,49.298,26.847,12.818
9.31333,294.084,251.809,212.135,132.090,88.540,49.284,26.883,12.816
9.31667,294.215,251.864,212.287,132.152,88.510,49.295,26.882,12.743
9.32000,294.285,251.974,212.320,132.235,88.650,49.330,26.883,12.781
9.32333,294.449,252.033,212.411,132.222,88.550,49.353,26.875,12.860
9.32667,294.525,252.189,212.481,132.245,88.646,49.391,26.897,12.822
9.33000,294.713,252.298,212.583,132.344,88.677,49.364,26.899,12.809
9.33333,294.745,252.390,212.681,132.410,88.688,49.387,26.952,12.834
9.33667,294.913,252.452,212.743,132.425,88.706,49.448,26.933,12.846
9.34000,295.020,252.576,212.840,132.527,88.804,49.424,26.938,12.838
9.34333,295.103,252.665,212.927,132.625,88.820,49.531,26.979,12.892
9.34667,295.247,252.808,213.015,132.646,88.858,49.563,27.015,12.837
9.35000,295.374,252.847,213.136,132.688,88.857,49.533,27.077,12.908
9.35333,295.444,252.946,213.175,132.789,88.917,49.520,27.016,12.856
9.35667,295.584,253.110,213.272,132.779,88.967,49.556,27.031,12.873
9.36000,295.681,253.139,213.334,132.804,89.003,49.525,27.032,12.852
9.36333,295.847,253.327,213.459,132.898,88.988,49.594,27.079,12.859
9.36667,295.951,253.376,213.504,132.933,89.113,49.583,27.026,12.832
9.37000,296.035,253.418,213.618,132.966,89.136,49.604,27.055,12.896
9.37333,296.189,253.528,213.712,133.003,89.141,49.606,27.088,12.844
9.37667,296.262,253.574,213.746,133.055,89.221,49.634,27.110,12.908
9.38000,296.389,253.781,213.854,133.130,89.214,49.693,27.048,12.851
9.38333,296.528,253.841,213.981,133.199,89.239,49.699,27.090,12.832
9.38667,296.616,253.994,214.009,133.238,89.239,49.702,27.084,12.895
9.39000,296.772,254.035,214.041,133.280,89.313,49.695,27.133,12.919
9.39333,296.883,254.101,214.173,133.305,89.290,49.770,27.083,12.933
9.39667,296.971,254.283,214.242,133.478,89.348,49.749,27.131,12.969
9.40000,297.134,254.404,214.408,133.447,89.448,49.797,27.197,12.940
9.40333,297.295,254.463,214.441,133.518,89.393,49.772,27.136,12.882
9.40667,297.336,254.644,214.546,133.557,89.516,49.822,27.176,12.893
9.41000,297.431,254.644,214.612,133.652,89.498,49.854,27.163,12.961
9.41333,297.674,254.750,214.740,133.698,89.590,49.818,27.173,12.959
9.41667,297.677,254.831,214.812,133.740,89.626,49.921,27.232,12.928
9.42000,297.770,255.014,214.806,133.795,89.684,49.903,27.176,12.972
9.42333,297.892,255.007,214.946,133.880,89.639,49.937,27.242,12.928
9.42667,297.989,255.132,215.039,133.913,89.659,49.981,27.283,12.993
9.43000,298.114,255.228,215.145,133.960,89.744,49.926,27.271,12.915
9.43333,298.253,255.389,215.151,134.044,89.751,50.031,27.289,12.998
9.43667,298.374,255.422,215.269,134.057,89.860,49.964,27.300,12.939
9.44000,298.477,255.504,215.274,134.056,89.814,50.047,27.311,12.887
9.44333,298.567,255.638,215.453,134.127,89.855,50.048,27.273,12.968
9.44667,298.668,255.760,215.481,134.239,89.960,50.077,27.342,13.001
9.45000,298.839,255.829,215.555,134.256,89.947,50.072,27.307,13.019
9.45333,298.932,255.906,215.708,134.319,89.977,50.111,27.333,13.043
9.45667,299.070,256.010,215.812,134.310,89.989,50.209,27.357,13.024
9.46000,299.108,256.087,215.807,134.450,90.086,50.162,27.380,12.975
9.46333,299.177,256.257,215.930,134.477,90.091,50.175,27.367,12.989
9.46667,299.400,256.327,216.054,134.547,90.075,50.193,27.335,13.091
9.47000,299.497,256.456,216.104,134.553,90.160,50.215,27.366,12.990
9.47333,299.655,256.536,216.178,134.590,90.198,50.179,27.337,13.022
9.47667,299.742,256.579,216.252,134.693,90.231,50.226,27.445,13.009
9.48000,299.801,256.684,216.325,134.712,90.272,50.260,27.352,13.081
9.48333,299.912,256.805,216.416,134.772,90.296,50.258,27.434,13.036
9.48667,300.020,256.885,216.526,134.813,90.405,50.337,27.448,13.068
9.49000,300.139,256.983,216.531,134.869,90.339,50.261,27.381,13.027
9.49333,300.317,257.081,216.653,134.851,90.354,50.338,27.447,13.042
9.49667,300.411,257.207,216.713,135.030,90.407,50.321,27.456,13.035
9.50000,300.521,257.209,216.823,135.016,90.471,50.431,27.514,13.027
9.50333,300.611,257.353,216.920,135.041,90.482,50.387,27.465,13.080
9.50667,300.700,257.468,217.034,135.061,90.525,50.429,27.530,13.103
9.51000,300.834,257.553,217.088,135.164,90.551,50.459,27.533,13.066
9.51333,301.048,257.594,217.156,135.200,90.619,50.430,27.488,13.081
9.51667,301.001,257.806,217.273,135.253,90.610,50.540,27.484,13.093
9.52000,301.148,257.882,217.314,135.350,90.619,50.472,27.557,13.132
9.52333,301.315,257.932,217.389,135.394,90.681,50.487,27.486,13.089
9.52667,301.385,258.081,217.487,135.451,90.706,50.496,27.523,13.096
9.53000,301.525,258.114,217.556,135.493,90.734,50.539,27.560,13.169
9.53333,301.634,258.224,217.626,135.460,90.783,50.549,27.515,13.093
9.53667,301.737,258.331,217.726,135.638,90.764,50.585,27.516,13.136
9.54000,301.829,258.394,217.744,135.601,90.836,50.602,27.560,13.123
9.54333,301.933,258.551,217.835,135.620,90.919,50.649,27.558,13.108
9.54667,302.064,258.677,218.037,135.741,90.944,50.643,27.643,13.038
9.55000,302.167,258.697,217.989,135.820,90.961,50.642,27.587,13.160
9.55333,302.297,258.815,218.124,135.807,90.963,50.605,27.585,13.117
9.55667,302.320,258.854,218.207,135.823,91.018,50.685,27.649,13.147
9.56000,302.419,258.976,218.281,135.911,91.051,50.714,27.614,13.104
9.56333,302.596,259.100,218.348,136.018,91.105,50.729,27.672,13.160
9.56667,302.699,259.227,218.431,136.072,91.181,50.723,27.688,13.132
9.57000,302.781,259.280,218.507,136.080,91.171,50.723,27.737,13.141
9.57333,302.978,259.353,218.555,136.119,91.269,50.755,27.704,13.203
9.57667,303.033,259.425,218.625,136.200,91.231,50.814,27.681,13.159
9.58000,303.093,259.558,218.722,136.140,91.276,50.774,27.692,13.156
9.58333,303.258,259.616,218.817,136.284,91.339,50.842,27.764,13.146
9.58667,303.319,259.711,218.887,136.301,91.249,50.837,27.703,13.176
9.59000,303.429,259.850,218.909,136.401,91.308,50.918,27.703,13.200
9.59333,303.602,259.914,219.115,136.402,91.322,50.867,27.642,13.224
9.59667,303.687,259.982,219.103,136.428,91.450,50.885,27.695,13.233
9.60000,303.817,260.027,219.230,136.472,91.484,50.895,27.780,13.199
9.60333,303.865,260.130,219.229,136.566,91.480,50.945,27.804,13.211
9.60667,303.960,260.278,219.394,136.567,91.478,50.938,27.809,13.220
9.61000,304.126,260.330,219.434,136.639,91.527,51.052,27.827,13.209
9.61333,304.203,260.446,219.556,136.700,91.578,50.974,27.800,13.224
9.61667,304.301,260.562,219.535,136.755,91.601,51.018,27.830,13.190
9.62000,304.452,260.657,219.689,136.807,91.641,51.013,27.880,13.266
9.62333,304.547,260.673,219.698,136.859,91.638,51.019,27.902,13.234
9.62667,304.638,260.842,219.890,136.897,91.721,51.119,27.821,13.269
9.63000,304.742,260.933,219.888,136.905,91.745,51.034,27.859,13.182
9.63333,304.831,260.969,219.987,137.002,91.697,51.090,27.869,13.239
9.63667,304.941,261.062,220.055,136.990,91.787,51.118,27.910,13.302
9.64000,305.048,261.220,220.143,137.083,91.777,51.116,27.929,13.261
9.64333,305.147,261.263,220.204,137.153,91.855,51.142,27.914,13.221
9.64667,305.222,261.304,220.256,137.149,91.901,51.168,27.869,13.173
9.65000,305.375,261.496,220.340,137.203,91.910,51.177,27.951,13.245
9.65333,305.430,261.593,220.410,137.274,91.967,51.210,27.892,13.297
9.65667,305.610,261.703,220.481,137.338,91.963,51.253,27.911,13.296
9.66000,305.671,261.677,220.655,137.365,92.030,51.260,27.996,13.189
9.66333,305.775,261.840,220.648,137.445,92.055,51.225,27.987,13.342
9.66667,305.924,261.888,220.741,137.469,92.093,51.257,27.968,13.295
9.67000,305.965,261.960,220.835,137.504,92.093,51.295,27.951,13.277
9.67333,306.087,262.041,220.837,137.593,92.179,51.305,27.988,13.328
9.67667,306.263,262.195,220.975,137.632,92.218,51.310,27.982,13.328
9.68000,306.352,262.270,221.058,137.619,92.294,51.360,28.013,13.301
9.68333,306.427,262.374,221.140,137.711,92.301,51.367,28.015,13.281
9.68667,306.475,262.441,221.182,137.742,92.249,51.312,28.005,13.363
9.69000,306.573,262.493,221.258,137.788,92.311,51.332,28.029,13.359
9.69333,306.667,262.625,221.352,137.830,92.314,51.368,28.093,13.384
9.69667,306.789,262.651,221.411,137.835,92.334,51.407,28.049,13.341
9.70000,306.916,262.806,221.475,137.909,92.442,51.445,28.050,13.364
9.70333,307.036,262.880,221.579,138.031,92.488,51.449,28.016,13.350
9.70667,307.134,263.054,221.690,138.047,92.470,51.422,28.070,13.304
9.71000,307.256,263.024,221.715,138.041,92.542,51.506,28.092,13.327
9.71333,307.363,263.192,221.761,138.137,92.514,51.500,28.113,13.334
9.71667,307.424,263.204,221.862,138.233,92.559,51.587,28.070,13.394
9.72000,307.480,263.376,221.930,138.254,92.616,51.522,28.099,13.372
9.72333,307.648,263.426,221.954,138.201,92.600,51.547,28.087,13.380
9.72667,307.654,263.468,222.089,138.317,92.660,51.604,28.084,13.353
9.73000,307.849,263.548,222.129,138.326,92.662,51.590,28.148,13.348
9.73333,307.924,263.643,222.248,138.366,92.681,51.629,28.200,13.443
9.73667,308.029,263.704,222.344,138.461,92.754,51.569,28.200,13.336
9.74000,308.161,263.839,222.337,138.444,92.820,51.694,28.185,13.328
9.74333,308.204,263.873,222.434,138.476,92.760,51.676,28.189,13.326
9.74667,308.301,264.017,222.476,138.592,92.802,51.704,28.231,13.354
9.75000,308.440,264.094,222.611,138.632,92.855,51.720,28.197,13.405
9.75333,308.576,264.178,222.600,138.684,92.925,51.746,28.210,13.393
9.75667,308.684,264.249,222.704,138.689,92.924,51.767,28.189,13.419
9.76000,308.761,264.408,222.757,138.783,93.001,51.760,28.227,13.414
9.76333,308.848,264.440,222.895,138.809,93.023,51.743,28.303,13.390
9.76667,308.941,264.523,222.942,138.870,93.027,51.812,28.251,13.365
9.77000,309.040,264.643,222.970,138.864,93.046,51.864,28.238,13.452
9.77333,309.162,264.697,223.096,138.911,93.104,51.847,28.226,13.435
9.77667,309.274,264.807,223.151,139.048,93.136,51.783,28.203,13.408
9.78000,309.368,264.868,223.209,139.065,93.223,51.900,28.256,13.398
9.78333,309.397,264.893,223.306,139.076,93.152,51.857,28.234,13.472
9.78667,309.560,264.975,223.346,139.129,93.212,51.916,28.301,13.427
9.79000,309.599,265.171,223.434,139.172,93.265,51.933,28.329,13.442
9.79333,309.659,265.207,223.481,139.226,93.292,51.923,28.323,13.413
9.79667,309.877,265.271,223.540,139.185,93.310,51.889,28.350,13.431
9.80000,309.981,265.393,223.716,139.329,93.379,51.989,28.331,13.472
9.80333,310.054,265.494,223.749,139.303,93.338,52.011,28.343,13.475
9.80667,310.117,265.533,223.789,139.398,93.340,51.943,28.386,13.465
9.81000,310.301,265.614,223.875,139.418,93.400,51.971,28.335,13.461
9.81333,310.309,265.695,223.924,139.480,93.463,52.025,28.339,13.502
9.81667,310.384,265.771,223.994,139.521,93.485,52.076,28.376,13.461
9.82000,310.472,265.878,224.087,139.649,93.500,52.024,28.333,13.392
9.82333,310.568,265.938,224.140,139.624,93.527,52.076,28.362,13.370
9.82667,310.727,266.098,224.182,139.719,93.581,52.066,28.373,13.517
9.83000,310.734,266.116,224.283,139.674,93.601,52.049,28.401,13.477
9.83333,310.868,266.239,224.364,139.789,93.665,52.053,28.440,13.452
9.83667,310.967,266.328,224.449,139.750,93.556,52.141,28.431,13.461
9.84000,311.044,266.340,224.523,139.810,93.712,52.146,28.386,13.479
9.84333,311.120,266.387,224.589,139.897,93.681,52.151,28.405,13.476
9.84667,311.338,266.552,224.682,139.886,93.777,52.126,28.464,13.524
9.85000,311.426,266.608,224.689,139.937,93.770,52.184,28.450,13.513
9.85333,311.462,266.673,224.766,139.969,93.800,52.179,28.473,13.526
9.85667,311.568,266.759,224.881,140.076,93.799,52.236,28.443,13.482
9.86000,311.626,266.886,224.963,140.032,93.903,52.306,28.557,13.478
9.86333,311.832,266.967,224.961,140.136,93.875,52.223,28.595,13.507
9.86667,311.856,266.987,225.116,140.160,93.907,52.294,28.531,13.553
9.87000,311.924,267.106,225.171,140.225,93.922,52.256,28.510,13.532
9.87333,312.072,267.155,225.183,140.251,93.929,52.277,28.525,13.554
9.87667,312.081,267.273,225.303,140.337,93.981,52.326,28.588,13.536
9.88000,312.278,267.302,225.327,140.346,94.021,52.280,28.518,13.529
9.88333,312.349,267.422,225.360,140.399,94.068,52.310,28.608,13.480
9.88667,312.381,267.506,225.398,140.452,94.063,52.380,28.523,13.525
9.89000,312.499,267.607,225.555,140.445,94.055,52.333,28.529,13.560
9.89333,312.618,267.675,225.644,140.593,94.131,52.356,28.555,13.553
9.89667,312.662,267.708,225.648,140.618,94.195,52.488,28.536,13.544
9.90000,312.825,267.855,225.758,140.608,94.164,52.468,28.601,13.559
9.90333,312.912,267.923,225.846,140.626,94.258,52.479,28.556,13.590
9.90667,312.941,267.979,225.800,140.721,94.226,52.467,28.645,13.602
9.91000,313.093,268.072,225.932,140.773,94.267,52.486,28.652,13.552
9.91333,313.130,268.139,225.972,140.724,94.285,52.487,28.632,13.555
9.91667,313.281,268.200,226.051,140.821,94.333,52.476,28.600,13.555
9.92000,313.343,268.325,226.116,140.866,94.368,52.530,28.633,13.625
9.92333,313.414,268.391,226.159,140.920,94.362,52.530,28.646,13.651
9.92667,313.588,268.411,226.227,140.924,94.385,52.569,28.618,13.634
9.93000,313.588,268.571,226.325,140.946,94.380,52.594,28.626,13.532
9.93333,313.727,268.638,226.411,141.049,94.502,52.657,28.655,13.565
9.93667,313.769,268.662,226.469,141.033,94.472,52.624,28.749,13.616
9.94000,313.857,268.793,226.568,141.072,94.552,52.629,28.740,13.610
9.94333,313.950,268.835,226.612,141.106,94.522,52.593,28.717,13.627
9.94667,314.047,268.850,226.696,141.162,94.557,52.667,28.801,13.619
9.95000,314.147,268.952,226.765,141.219,94.626,52.685,28.713,13.656
9.95333,314.197,269.101,226.855,141.266,94.650,52.669,28.721,13.659
9.95667,314.358,269.144,226.857,141.320,94.700,52.795,28.741,13.639
9.96000,314.430,269.158,226.943,141.353,94.665,52.731,28.698,13.645
9.96333,314.534,269.254,227.003,141.356,94.719,52.738,28.693,13.640
9.96667,314.630,269.392,227.055,141.417,94.766,52.751,28.765,13.698
9.97000,314.736,269.493,227.155,141.466,94.775,52.716,28.800,13.703
9.97333,314.769,269.483,227.117,141.497,94.792,52.721,28.831,13.632
9.97667,314.934,269.567,227.218,141.596,94.870,52.820,28.766,13.611
9.98000,314.942,269.678,227.331,141.522,94.872,52.792,28.767,13.588
9.98333,315.049,269.752,227.348,141.642,94.965,52.781,28.810,13.653
9.98667,315.102,269.834,227.471,141.710,94.924,52.800,28.794,13.591
9.99000,315.176,269.848,227.437,141.671,94.947,52.863,28.810,13.659
9.99333,315.268,269.998,227.667,141.755,94.936,52.810,28.805,13.706
9.99667,315.456,270.053,227.640,141.749,94.999,52.872,28.818,13.639
10.00000,315.496,270.190,227.658,141.849,95.021,52.891,28.805,13.699
10.00333,315.527,270.176,227.730,141.882,95.068,52.948,28.861,13.641
10.00667,315.665,270.318,227.781,141.977,95.109,52.871,28.882,13.627
10.01000,315.716,270.287,227.887,141.968,95.139,52.919,28.809,13.660
10.01333,315.779,270.397,227.931,141.993,95.114,52.974,28.865,13.631
10.01667,315.959,270.536,227.990,142.052,95.229,52.987,28.977,13.652
10.02000,316.044,270.509,228.088,142.107,95.189,52.922,28.875,13.730
10.02333,316.113,270.671,228.114,142.064,95.187,53.059,28.924,13.685
10.02667,316.194,270.759,228.157,142.188,95.201,52.950,28.915,13.677
10.03000,316.311,270.844,228.252,142.259,95.226,53.036,28.863,13.708
10.03333,316.330,270.916,228.318,142.223,95.282,52.991,28.953,13.710
10.03667,316.422,270.903,228.378,142.293,95.331,53.064,28.916,13.672
10.04000,316.570,271.024,228.406,142.269,95.394,53.098,28.872,13.735
10.04333,316.650,271.109,228.490,142.339,95.377,53.122,28.935,13.732
10.04667,316.675,271.194,228.573,142.390,95.343,53.079,28.931,13.724
10.05000,316.825,271.244,228.656,142.402,95.332,53.083,28.926,13.712
10.05333,316.870,271.267,228.650,142.477,95.328,53.071,28.986,13.788
10.05667,316.984,271.386,228.774,142.491,95.475,53.118,29.035,13.741
10.06000,317.032,271.487,228.775,142.538,95.551,53.129,28.993,13.734
10.06333,317.086,271.547,228.850,142.582,95.552,53.167,28.989,13.751
10.06667,317.140,271.621,228.900,142.681,95.510,53.139,29.031,13.764
10.07000,317.259,271.685,228.978,142.691,95.535,53.235,29.023,13.771
10.07333,317.291,271.697,229.037,142.664,95.599,53.222,28.932,13.735
10.07667,317.467,271.856,229.126,142.729,95.669,53.173,29.009,13.733
10.08000,317.546,271.882,229.239,142.833,95.597,53.209,29.092,13.738
10.08333,317.634,272.024,229.227,142.733,95.695,53.250,29.022,13.709
10.08667,317.723,272.051,229.307,142.880,95.721,53.262,28.995,13.773
10.09000,317.737,272.133,229.335,142.866,95.723,53.318,29.006,13.749
10.09333,317.872,272.213,229.391,142.951,95.771,53.200,29.002,13.762
10.09667,317.917,272.293,229.448,142.950,95.856,53.325,29.026,13.718
10.10000,318.073,272.374,229.562,142.911,95.835,53.327,29.102,13.778
10.10333,318.120,272.398,229.572,143.021,95.832,53.324,29.002,13.785
10.10667,318.175,272.410,229.685,143.098,95.852,53.333,29.027,13.767
10.11000,318.269,272.576,229.754,143.110,95.937,53.426,29.107,13.761
10.11333,318.368,272.575,229.761,143.176,95.914,53.347,29.091,13.710
10.11667,318.412,272.703,229.840,143.157,95.926,53.366,29.102,13.738
10.12000,318.508,272.749,229.974,143.273,95.976,53.396,29.169,13.826
10.12333,318.633,272.796,229.891,143.281,95.912,53.368,29.099,13.756
10.12667,318.676,272.925,230.011,143.224,96.002,53.448,29.118,13.835
10.13000,318.793,273.027,230.076,143.353,96.009,53.488,29.107,13.841
10.13333,318.858,272.973,230.130,143.373,96.048,53.417,29.156,13.836
10.13667,318.903,273.064,230.182,143.372,96.044,53.387,29.129,13.795
10.14000,318.978,273.136,230.217,143.480,96.098,53.448,29.158,13.806
10.14333,319.033,273.255,230.270,143.448,96.117,53.456,29.162,13.801
10.14667,319.150,273.298,230.281,143.540,96.153,53.508,29.177,13.815
10.15000,319.212,273.439,230.465,143.503,96.197,53.542,29.182,13.896
10.15333,319.293,273.484,230.441,143.591,96.183,53.574,29.209,13.824
10.15667,319.392,273.530,230.474,143.586,96.191,53.503,29.189,13.825
10.16000,319.501,273.635,230.524,143.681,96.267,53.565,29.214,13.811
10.16333,319.512,273.684,230.653,143.773,96.318,53.534,29.155,13.854
10.16667,319.652,273.663,230.692,143.700,96.307,53.550,29.180,13.775
10.17000,319.755,273.802,230.728,143.754,96.251,53.573,29.267,13.861
10.17333,319.804,273.848,230.862,143.777,96.401,53.642,29.230,13.825
10.17667,319.887,273.887,230.860,143.866,96.354,53.621,29.276,13.897
10.18000,319.938,274.019,230.893,143.864,96.392,53.598,29.215,13.821
10.18333,320.011,274.027,231.009,143.927,96.383,53.648,29.175,13.879
10.18667,320.115,274.071,231.038,143.937,96.474,53.699,29.260,13.828
10.19000,320.120,274.127,231.097,143.974,96.439,53.641,29.308,13.898
10.19333,320.259,274.282,231.020,143.968,96.393,53.696,29.304,13.853
10.19667,320.289,274.349,231.208,144.065,96.462,53.736,29.250,13.887
10.20000,320.393,274.346,231.212,144.101,96.505,53.724,29.352,13.923
10.20333,320.483,274.476,231.343,144.155,96.533,53.747,29.288,13.870
10.20667,320.614,274.482,231.309,144.108,96.619,53.700,29.236,13.828
10.21000,320.655,274.643,231.460,144.190,96.577,53.759,29.349,13.851
10.21333,320.717,274.704,231.500,144.231,96.615,53.769,29.351,13.923
10.21667,320.866,274.673,231.577,144.247,96.608,53.775,29.349,13.931
10.22000,320.877,274.771,231.654,144.314,96.681,53.790,29.288,13.904
10.22333,320.971,274.842,231.693,144.291,96.739,53.761,29.329,13.894
10.22667,321.019,274.925,231.750,144.401,96.687,53.775,29.351,13.881
10.23000,321.059,274.949,231.755,144.417,96.744,53.814,29.401,13.927
10.23333,321.209,275.014,231.735,144.388,96.770,53.865,29.322,13.913
10.23667,321.251,275.081,231.864,144.462,96.799,53.804,29.339,13.892
10.24000,321.243,275.157,231.947,144.476,96.823,53.909,29.418,13.903
10.24333,321.394,275.218,231.974,144.490,96.902,53.878,29.391,13.883
10.24667,321.458,275.229,232.034,144.554,96.873,53.855,29.342,13.886
10.25000,321.507,275.337,232.081,144.591,96.839,53.929,29.382,13.916
10.25333,321.581,275.391,232.084,144.650,96.851,53.941,29.332,13.969
10.25667,321.715,275.475,232.185,144.679,96.919,53.953,29.388,13.902
10.26000,321.761,275.529,232.234,144.744,96.942,53.939,29.389,13.976
10.26333,321.833,275.613,232.282,144.776,96.947,54.004,29.449,13.926
10.26667,321.907,275.692,232.353,144.796,96.943,53.935,29.398,13.966
10.27000,321.984,275.751,232.307,144.800,96.990,53.976,29.429,13.970
10.27333,322.019,275.831,232.410,144.885,97.011,53.927,29.377,13.927
10.27667,322.193,275.821,232.476,144.848,97.066,54.059,29.478,13.963
10.28000,322.189,275.915,232.568,144.928,97.100,54.027,29.444,13.932
10.28333,322.238,275.992,232.562,144.933,97.079,53.967,29.424,13.955
10.28667,322.287,276.062,232.743,144.934,97.095,54.099,29.457,13.913
10.29000,322.446,276.057,232.660,144.932,97.091,54.089,29.453,13.906
10.29333,322.498,276.110,232.746,145.059,97.187,54.079,29.447,13.982
10.29667,322.587,276.212,232.849,145.056,97.159,54.095,29.468,13.988
10.30000,322.630,276.258,232.829,145.159,97.228,54.176,29.470,14.004
10.30333,322.708,276.399,232.889,145.130,97.241,54.085,29.470,14.021
10.30667,322.719,276.435,232.965,145.216,97.252,54.102,29.479,13.992
10.31000,322.829,276.461,233.054,145.155,97.264,54.101,29.526,14.036
10.31333,322.951,276.599,233.113,145.240,97.235,54.182,29.504,13.951
10.31667,323.090,276.619,233.124,145.314,97.371,54.175,29.463,13.959
10.32000,323.100,276.678,233.186,145.235,97.321,54.167,29.538,13.998
10.32333,323.201,276.740,233.247,145.335,97.375,54.217,29.558,14.024
10.32667,323.214,276.810,233.284,145.376,97.447,54.204,29.549,13.989
10.33000,323.346,276.820,233.324,145.447,97.403,54.205,29.556,14.002
10.33333,323.379,276.916,233.453,145.443,97.446,54.230,29.543,13.988
10.33667,323.392,276.881,233.389,145.450,97.436,54.197,29.521,13.996
10.34000,323.486,276.977,233.564,145.487,97.447,54.266,29.556,13.985
10.34333,323.576,277.109,233.548,145.536,97.469,54.193,29.612,13.953
10.34667,323.663,277.158,233.578,145.566,97.495,54.182,29.591,14.041
10.35000,323.687,277.210,233.658,145.570,97.540,54.242,29.538,13.967
10.35333,323.704,277.244,233.736,145.606,97.523,54.305,29.612,14.029
10.35667,323.889,277.330,233.734,145.601,97.570,54.255,29.715,13.962
10.36000,323.788,277.371,233.799,145.640,97.643,54.276,29.659,13.992
10.36333,323.885,277.400,233.861,145.707,97.597,54.283,29.584,14.028
10.36667,324.012,277.513,233.907,145.695,97.664,54.310,29.595,14.057
10.37000,324.112,277.549,233.887,145.744,97.642,54.377,29.598,13.999
10.37333,324.124,277.548,234.001,145.820,97.661,54.406,29.648,14.099
10.37667,324.274,277.678,234.081,145.778,97.717,54.424,29.636,14.027
10.38000,324.307,277.730,234.118,145.895,97.702,54.356,29.596,14.037
10.38333,324.409,277.752,234.169,145.898,97.774,54.413,29.712,14.009
10.38667,324.375,277.870,234.178,145.904,97.781,54.423,29.688,14.079
10.39000,324.492,277.894,234.229,145.949,97.817,54.357,29.655,14.011
10.39333,324.574,277.938,234.315,146.034,97.870,54.412,29.699,14.014
10.39667,324.627,277.993,234.359,146.049,97.811,54.396,29.750,14.069
10.40000,324.738,278.003,234.435,146.046,97.825,54.463,29.632,14.067
10.40333,324.800,278.096,234.484,146.056,97.849,54.435,29.729,14.051
10.40667,324.816,278.165,234.493,146.126,97.908,54.381,29.684,14.092
10.41000,324.899,278.253,234.462,146.152,97.895,54.488,29.693,14.123
10.41333,325.033,278.283,234.594,146.137,97.915,54.467,29.701,14.055
10.41667,325.040,278.317,234.603,146.175,97.891,54.520,29.708,14.030
10.42000,325.091,278.446,234.608,146.239,97.935,54.439,29.742,14.075
10.42333,325.185,278.457,234.734,146.277,97.960,54.442,29.802,14.113
10.42667,325.261,278.492,234.789,146.264,97.949,54.566,29.678,14.128
10.43000,325.327,278.586,234.845,146.299,98.047,54.565,29.739,14.073
10.43333,325.403,278.587,234.866,146.357,98.071,54.521,29.797,14.005
10.43667,325.452,278.666,234.890,146.380,98.066,54.551,29.770,14.092
10.44000,325.613,278.767,234.882,146.439,98.049,54.577,29.761,14.129
10.44333,325.612,278.789,235.032,146.423,98.105,54.494,29.704,14.082
10.44667,325.628,278.871,235.035,146.459,98.157,54.561,29.767,14.107
10.45000,325.671,278.945,235.018,146.474,98.135,54.557,29.712,14.074
10.45333,325.747,278.961,235.204,146.551,98.175,54.604,29.774,14.129
10.45667,325.841,279.039,235.199,146.543,98.133,54.607,29.758,14.085
10.46000,325.941,279.117,235.273,146.529,98.174,54.638,29.801,14.063
10.46333,325.915,279.129,235.272,146.627,98.219,54.656,29.809,14.128
10.46667,326.036,279.203,235.264,146.646,98.209,54.715,29.765,14.087
10.47000,326.100,279.240,235.344,146.661,98.222,54.638,29.803,14.100
10.47333,326.096,279.264,235.418,146.703,98.309,54.675,29.829,14.112
10.47667,326.138,279.346,235.424,146.684,98.252,54.720,29.831,14.124
10.48000,326.259,279.374,235.536,146.724,98.272,54.672,29.836,14.190
10.48333,326.353,279.447,235.530,146.782,98.341,54.707,29.824,14.081
10.48667,326.387,279.597,235.611,146.859,98.315,54.667,29.824,14.070
10.49000,326.426,279.533,235.682,146.884,98.402,54.726,29.820,14.091
10.49333,326.523,279.621,235.702,146.899,98.365,54.721,29.881,14.088
10.49667,326.564,279.653,235.714,146.856,98.439,54.784,29.859,14.058
10.50000,326.653,279.697,235.754,146.952,98.425,54.739,29.819,14.172
10.50333,326.675,279.785,235.906,146.960,98.450,54.788,29.903,14.099
10.50667,326.738,279.866,235.863,146.892,98.427,54.804,29.902,14.084
10.51000,326.835,279.852,235.935,147.057,98.473,54.789,29.916,14.153
10.51333,326.854,279.922,235.957,147.023,98.495,54.785,29.867,14.195
10.51667,326.914,279.966,236.006,147.033,98.474,54.798,29.816,14.103
10.52000,327.046,280.011,236.087,147.129,98.482,54.855,29.844,14.183
10.52333,327.048,280.046,236.084,147.121,98.612,54.808,29.930,14.179
10.52667,327.098,280.155,236.132,147.074,98.598,54.766,29.827,14.178
10.53000,327.155,280.175,236.178,147.213,98.595,54.856,29.909,14.175
10.53333,327.280,280.216,236.184,147.192,98.598,54.850,29.873,14.261
10.53667,327.297,280.332,236.319,147.193,98.671,54.847,30.000,14.139
10.54000,327.408,280.282,236.297,147.305,98.645,54.842,29.967,14.199
10.54333,327.428,280.443,236.341,147.304,98.715,54.925,29.914,14.215
10.54667,327.498,280.451,236.373,147.352,98.614,54.894,29.893,14.155
10.55000,327.574,280.457,236.477,147.398,98.658,54.890,29.925,14.236
10.55333,327.587,280.566,236.446,147.412,98.718,54.883,29.944,14.194
10.55667,327.664,280.589,236.479,147.360,98.732,54.993,29.917,14.221
10.56000,327.710,280.597,236.599,147.344,98.710,54.851,29.959,14.135
10.56333,327.846,280.739,236.543,147.445,98.739,54.937,30.006,14.162
10.56667,327.857,280.720,236.636,147.503,98.821,54.956,30.058,14.166
10.57000,327.868,280.746,236.662,147.544,98.803,54.899,29.963,14.157
10.57333,327.905,280.826,236.714,147.540,98.765,55.028,29.949,14.197
10.57667,328.058,280.966,236.742,147.516,98.851,54.983,29.987,14.205
10.58000,328.086,280.969,236.864,147.587,98.816,55.082,30.018,14.182
10.58333,328.137,281.003,236.859,147.629,98.920,54.981,29.969,14.219
10.58667,328.181,281.096,236.966,147.683,98.838,55.018,29.971,14.231
10.59000,328.253,281.086,236.953,147.635,98.829,55.043,30.042,14.211
10.59333,328.278,281.180,237.016,147.642,98.969,55.048,29.967,14.203
10.59667,328.348,281.197,237.040,147.705,98.960,55.022,30.024,14.149
10.60000,328.470,281.199,237.121,147.692,99.004,55.057,30.028,14.218
10.60333,328.511,281.225,237.139,147.774,98.991,55.123,30.025,14.174
10.60667,328.512,281.374,237.108,147.809,99.025,55.137,30.094,14.196
10.61000,328.644,281.378,237.155,147.771,99.031,55.083,30.129,14.264
10.61333,328.611,281.430,237.226,147.815,99.066,55.113,30.061,14.188
10.61667,328.690,281.495,237.251,147.854,99.027,55.090,30.003,14.243
10.62000,328.809,281.514,237.324,147.848,99.099,55.110,30.036,14.171
10.62333,328.789,281.615,237.291,147.951,99.051,55.147,30.033,14.158
10.62667,328.877,281.665,237.400,147.958,99.140,55.140,30.009,14.245
10.63000,328.921,281.649,237.463,147.995,99.076,55.038,30.040,14.195
10.63333,328.986,281.718,237.508,147.998,99.212,55.156,30.065,14.181
10.63667,329.071,281.797,237.496,147.988,99.148,55.185,30.063,14.195
10.64000,329.119,281.913,237.557,148.139,99.130,55.177,30.121,14.258
10.64333,329.124,281.858,237.538,148.011,99.220,55.135,30.072,14.227
10.64667,329.152,281.926,237.620,148.123,99.194,55.162,30.084,14.283
10.65000,329.268,282.002,237.665,148.080,99.301,55.219,30.134,14.218
10.65333,329.297,282.055,237.712,148.160,99.228,55.242,30.090,14.230
10.65667,329.407,282.029,237.759,148.137,99.285,55.212,30.052,14.273
10.66000,329.436,282.061,237.713,148.177,99.301,55.213,30.115,14.270
10.66333,329.438,282.183,237.862,148.231,99.287,55.261,30.190,14.226
10.66667,329.564,282.219,237.888,148.256,99.355,55.175,30.112,14.227
10.67000,329.524,282.236,237.901,148.258,99.291,55.267,30.149,14.268
10.67333,329.630,282.286,237.971,148.287,99.421,55.281,30.086,14.276
10.67667,329.676,282.355,238.003,148.295,99.344,55.282,30.164,14.300
10.68000,329.717,282.423,238.075,148.375,99.284,55.305,30.247,14.192
10.68333,329.788,282.485,238.034,148.380,99.394,55.266,30.169,14.181
10.68667,329.846,282.513,238.128,148.382,99.374,55.267,30.179,14.299
10.69000,329.889,282.517,238.144,148.419,99.468,55.282,30.160,14.241
10.69333,330.005,282.563,238.155,148.409,99.401,55.352,30.193,14.252
10.69667,330.022,282.604,238.244,148.463,99.391,55.309,30.234,14.246
10.70000,330.040,282.669,238.260,148.498,99.432,55.329,30.186,14.353
10.70333,330.167,282.732,238.324,148.498,99.495,55.346,30.172,14.262
10.70667,330.117,282.742,238.345,148.576,99.497,55.354,30.161,14.251
10.71000,330.167,282.802,238.370,148.531,99.572,55.415,30.234,14.239
10.71333,330.283,282.877,238.471,148.567,99.493,55.385,30.216,14.276
10.71667,330.286,282.833,238.493,148.534,99.593,55.413,30.186,14.308
10.72000,330.388,282.910,238.442,148.656,99.555,55.388,30.197,14.278
10.72333,330.437,282.916,238.520,148.642,99.606,55.430,30.247,14.340
10.72667,330.413,283.070,238.582,148.666,99.537,55.335,30.178,14.284
10.73000,330.540,283.047,238.656,148.720,99.579,55.448,30.161,14.292
10.73333,330.569,283.057,238.617,148.725,99.641,55.442,30.211,14.268
10.73667,330.672,283.145,238.663,148.717,99.705,55.404,30.225,14.291
10.74000,330.633,283.220,238.763,148.798,99.679,55.438,30.259,14.327
10.74333,330.730,283.295,238.773,148.772,99.682,55.430,30.280,14.339
10.74667,330.822,283.270,238.802,148.805,99.636,55.396,30.266,14.355
10.75000,330.792,283.326,238.865,148.831,99.668,55.437,30.206,14.248
10.75333,330.927,283.361,238.839,148.909,99.652,55.423,30.254,14.331
10.75667,330.900,283.443,238.926,148.897,99.679,55.480,30.229,14.311
10.76000,330.959,283.411,238.976,148.875,99.790,55.544,30.209,14.357
10.76333,330.961,283.471,238.882,148.920,99.740,55.513,30.254,14.339
10.76667,331.043,283.467,238.992,148.931,99.773,55.535,30.267,14.274
10.77000,331.118,283.555,239.066,148.968,99.717,55.486,30.252,14.306
10.77333,331.126,283.617,239.063,148.969,99.778,55.499,30.276,14.349
10.77667,331.237,283.725,239.153,149.010,99.808,55.594,30.282,14.330
10.78000,331.305,283.686,239.117,149.092,99.775,55.522,30.369,14.325
10.78333,331.292,283.718,239.164,149.020,99.872,55.524,30.308,14.277
10.78667,331.369,283.761,239.176,149.115,99.883,55.538,30.273,14.332
10.79000,331.424,283.865,239.221,149.132,99.900,55.522,30.341,14.286
10.79333,331.443,283.813,239.212,149.087,99.918,55.567,30.307,14.304
10.79667,331.504,283.926,239.291,149.215,99.924,55.564,30.322,14.288
10.80000,331.558,283.920,239.319,149.206,99.919,55.616,30.313,14.336
10.80333,331.585,283.992,239.394,149.226,99.951,55.601,30.315,14.349
10.80667,331.656,284.022,239.500,149.228,100.052,55.672,30.312,14.350
10.81000,331.710,283.990,239.493,149.218,99.920,55.599,30.318,14.326
10.81333,331.753,284.126,239.450,149.245,99.966,55.633,30.302,14.339
10.81667,331.753,284.202,239.580,149.322,100.000,55.596,30.333,14.261
10.82000,331.849,284.207,239.534,149.321,100.028,55.608,30.296,14.321
10.82333,331.855,284.258,239.590,149.281,100.001,55.667,30.351,14.361
10.82667,331.939,284.327,239.612,149.330,100.033,55.681,30.455,14.354
10.83000,331.930,284.305,239.651,149.403,100.045,55.677,30.368,14.332
10.83333,332.050,284.370,239.741,149.389,100.062,55.623,30.396,14.407
10.83667,332.088,284.364,239.735,149.407,100.051,55.684,30.347,14.364
10.84000,332.159,284.410,239.818,149.450,100.070,55.727,30.408,14.385
10.84333,332.180,284.433,239.811,149.404,100.200,55.647,30.413,14.318
10.84667,332.204,284.523,239.800,149.510,100.164,55.668,30.406,14.348
10.85000,332.255,284.533,239.839,149.513,100.109,55.701,30.374,14.324
10.85333,332.300,284.565,239.871,149.514,100.230,55.724,30.376,14.346
10.85667,332.356,284.618,239.954,149.490,100.185,55.733,30.396,14.372
10.86000,332.389,284.747,239.932,149.546,100.161,55.760,30.364,14.373
10.86333,332.421,284.722,240.069,149.618,100.157,55.784,30.386,14.367
10.86667,332.483,284.759,240.090,149.613,100.206,55.791,30.413,14.388
10.87000,332.560,284.801,240.139,149.614,100.214,55.722,30.370,14.361
10.87333,332.592,284.805,240.082,149.604,100.328,55.814,30.351,14.326
10.87667,332.638,284.823,240.102,149.666,100.258,55.838,30.387,14.419
10.88000,332.736,284.971,240.191,149.717,100.277,55.776,30.392,14.391
10.88333,332.729,284.969,240.154,149.761,100.257,55.829,30.432,14.401
10.88667,332.741,284.999,240.176,149.726,100.331,55.755,30.387,14.384
10.89000,332.768,285.025,240.313,149.695,100.297,55.784,30.408,14.435
10.89333,332.837,284.980,240.307,149.750,100.351,55.818,30.475,14.425
10.89667,332.877,285.105,240.339,149.817,100.252,55.820,30.465,14.410
10.90000,332.936,285.111,240.369,149.765,100.363,55.829,30.369,14.377
10.90333,332.983,285.198,240.399,149.776,100.345,55.771,30.478,14.381
10.90667,333.099,285.215,240.405,149.915,100.377,55.860,30.433,14.399
10.91000,333.082,285.258,240.493,149.866,100.426,55.751,30.400,14.415
10.91333,333.134,285.286,240.520,149.885,100.400,55.895,30.400,14.361
10.91667,333.189,285.304,240.500,149.873,100.409,55.814,30.479,14.396
10.92000,333.218,285.343,240.525,149.979,100.426,55.829,30.466,14.402
10.92333,333.293,285.367,240.590,149.944,100.444,55.807,30.493,14.382
10.92667,333.274,285.464,240.595,149.973,100.439,55.897,30.460,14.374
10.93000,333.302,285.495,240.726,150.018,100.477,55.854,30.456,14.415
10.93333,333.422,285.524,240.759,150.022,100.500,55.867,30.414,14.423
10.93667,333.422,285.536,240.625,150.034,100.483,55.889,30.450,14.424
10.94000,333.515,285.603,240.724,150.039,100.531,55.845,30.575,14.382
10.94333,333.548,285.571,240.764,150.112,100.584,55.962,30.516,14.436
10.94667,333.527,285.645,240.820,150.154,100.568,55.837,30.512,14.410
10.95000,333.563,285.634,240.894,150.098,100.555,55.927,30.574,14.389
10.95333,333.651,285.732,240.874,150.116,100.576,55.880,30.492,14.422
10.95667,333.647,285.803,240.862,150.149,100.601,55.926,30.549,14.431
10.96000,333.757,285.871,240.951,150.143,100.632,55.917,30.479,14.381
10.96333,333.779,285.817,240.881,150.186,100.594,55.989,30.553,14.425
10.96667,333.764,285.867,241.012,150.184,100.632,55.929,30.525,14.489
10.97000,333.873,285.857,241.025,150.188,100.607,55.978,30.533,14.399
10.97333,333.882,285.922,241.047,150.228,100.712,55.985,30.568,14.451
10.97667,333.952,285.977,241.039,150.231,100.679,56.036,30.539,14.414
10.98000,333.913,286.039,241.097,150.288,100.679,56.027,30.496,14.435
10.98333,334.040,286.063,241.166,150.252,100.691,56.045,30.493,14.439
10.98667,334.108,286.084,241.125,150.315,100.673,55.994,30.518,14.493
10.99000,334.053,286.102,241.191,150.245,100.758,55.974,30.481,14.427
10.99333,334.196,286.181,241.247,150.334,100.704,55.997,30.568,14.397
10.99667,334.152,286.207,241.259,150.377,100.660,56.012,30.514,14.441
11.00000,334.187,286.239,241.283,150.441,100.703,56.056,30.512,14.500
11.00333,334.278,286.257,241.275,150.415,100.766,56.030,30.539,14.419
11.00667,334.267,286.353,241.354,150.406,100.751,56.042,30.560,14.407
11.01000,334.334,286.334,241.400,150.491,100.796,56.055,30.541,14.474
11.01333,334.405,286.362,241.400,150.442,100.814,56.080,30.550,14.440
11.01667,334.395,286.407,241.431,150.469,100.774,56.015,30.582,14.436
11.02000,334.450,286.440,241.407,150.554,100.758,56.101,30.552,14.410
11.02333,334.528,286.436,241.409,150.505,100.826,56.019,30.603,14.457
11.02667,334.513,286.524,241.520,150.548,100.789,56.032,30.573,14.465
11.03000,334.574,286.478,241.550,150.553,100.837,56.051,30.546,14.455
11.03333,334.588,286.529,241.573,150.505,100.903,56.061,30.583,14.432
11.03667,334.690,286.613,241.531,150.591,100.843,56.141,30.572,14.387
11.04000,334.730,286.645,241.656,150.689,100.918,56.110,30.610,14.440
11.04333,334.786,286.668,241.709,150.580,100.872,56.114,30.682,14.438
11.04667,334.802,286.733,241.667,150.589,100.917,56.108,30.579,14.519
11.05000,334.844,286.762,241.710,150.679,100.855,56.209,30.508,14.455
11.05333,334.790,286.773,241.745,150.675,100.928,56.249,30.660,14.536
11.05667,334.857,286.829,241.720,150.765,100.925,56.123,30.615,14.452
11.06000,334.964,286.783,241.774,150.804,100.880,56.126,30.633,14.462
11.06333,335.000,286.888,241.788,150.692,100.980,56.154,30.649,14.433
11.06667,335.069,286.869,241.890,150.751,100.952,56.151,30.578,14.423
11.07000,335.023,286.922,241.859,150.782,100.956,56.100,30.610,14.455
11.07333,335.072,286.968,241.913,150.767,100.944,56.204,30.629,14.409
11.07667,335.068,286.962,241.987,150.813,101.001,56.150,30.594,14.466
11.08000,335.185,287.040,241.916,150.855,100.964,56.165,30.643,14.484
11.08333,335.194,287.091,241.977,150.821,101.026,56.185,30.647,14.495
11.08667,335.246,287.079,242.033,150.837,101.034,56.204,30.652,14.540
11.09000,335.249,287.197,241.979,150.898,101.095,56.181,30.689,14.463
11.09333,335.337,287.115,242.093,150.913,101.045,56.282,30.627,14.447
11.09667,335.357,287.262,242.112,150.903,101.104,56.158,30.667,14.489
11.10000,335.370,287.265,242.181,150.934,101.074,56.296,30.647,14.449
11.10333,335.439,287.255,242.087,150.894,101.152,56.223,30.703,14.471
11.10667,335.438,287.238,242.166,150.963,101.117,56.243,30.634,14.480
11.11000,335.493,287.349,242.171,151.023,101.185,56.296,30.728,14.531
11.11333,335.512,287.368,242.246,151.014,101.114,56.249,30.703,14.537
11.11667,335.582,287.389,242.210,150.985,101.128,56.219,30.678,14.533
11.12000,335.616,287.386,242.268,150.987,101.142,56.277,30.711,14.481
11.12333,335.697,287.396,242.283,151.061,101.215,56.304,30.587,14.503
11.12667,335.643,287.538,242.319,151.003,101.159,56.250,30.693,14.475
11.13000,335.695,287.486,242.353,151.094,101.132,56.250,30.723,14.498
11.13333,335.692,287.589,242.451,151.090,101.281,56.289,30.744,14.495
11.13667,335.726,287.549,242.331,151.056,101.153,56.313,30.681,14.522
11.14000,335.826,287.625,242.442,151.155,101.177,56.281,30.706,14.454
11.14333,335.827,287.635,242.468,151.138,101.205,56.346,30.708,14.492
11.14667,335.893,287.662,242.465,151.202,101.224,56.309,30.649,14.465
11.15000,335.874,287.657,242.511,151.138,101.237,56.276,30.708,14.508
11.15333,335.898,287.684,242.494,151.132,101.304,56.318,30.704,14.516
11.15667,335.902,287.747,242.563,151.233,101.285,56.266,30.770,14.574
11.16000,336.006,287.778,242.584,151.178,101.256,56.253,30.681,14.563
11.16333,336.091,287.858,242.603,151.276,101.331,56.337,30.748,14.512
11.16667,336.050,287.848,242.625,151.262,101.320,56.320,30.639,14.487
11.17000,336.145,287.880,242.664,151.282,101.316,56.321,30.709,14.545
11.17333,336.134,287.849,242.711,151.254,101.414,56.309,30.724,14.509
11.17667,336.228,287.872,242.712,151.367,101.328,56.375,30.756,14.497
11.18000,336.260,287.974,242.709,151.342,101.374,56.394,30.739,14.473
11.18333,336.258,288.039,242.703,151.314,101.351,56.387,30.731,14.510
11.18667,336.305,287.951,242.823,151.332,101.389,56.397,30.766,14.507
11.19000,336.286,288.035,242.798,151.372,101.330,56.427,30.751,14.524
11.19333,336.429,288.050,242.797,151.384,101.329,56.359,30.718,14.535
11.19667,336.381,288.085,242.883,151.385,101.423,56.485,30.703,14.481
11.20000,336.364,288.115,242.847,151.483,101.398,56.368,30.740,14.546
11.20333,336.453,288.171,242.925,151.324,101.368,56.427,30.744,14.411
11.20667,336.508,288.213,242.917,151.472,101.424,56.460,30.765,14.509
11.21000,336.465,288.167,242.885,151.464,101.531,56.406,30.810,14.510
11.21333,336.599,288.233,243.000,151.413,101.423,56.411,30.739,14.490
11.21667,336.581,288.268,242.971,151.504,101.454,56.450,30.778,14.547
11.22000,336.606,288.307,243.094,151.487,101.415,56.459,30.826,14.547
11.22333,336.700,288.331,243.040,151.511,101.513,56.354,30.729,14.487
11.22667,336.703,288.337,243.124,151.477,101.483,56.429,30.759,14.577
11.23000,336.732,288.409,243.102,151.537,101.473,56.453,30.809,14.530
11.23333,336.787,288.423,243.096,151.557,101.473,56.517,30.712,14.587
11.23667,336.788,288.433,243.176,151.567,101.483,56.442,30.746,14.561
11.24000,336.799,288.470,243.152,151.559,101.549,56.469,30.819,14.546
11.24333,336.858,288.474,243.221,151.591,101.491,56.486,30.828,14.539
11.24667,336.940,288.531,243.276,151.576,101.485,56.432,30.831,14.603
11.25000,336.915,288.564,243.249,151.596,101.510,56.461,30.775,14.558
11.25333,336.953,288.541,243.315,151.625,101.551,56.562,30.756,14.578
11.25667,336.981,288.605,243.325,151.627,101.545,56.510,30.741,14.553
11.26000,337.046,288.615,243.283,151.649,101.603,56.541,30.838,14.516
11.26333,337.032,288.692,243.325,151.669,101.620,56.447,30.760,14.509
11.26667,337.061,288.737,243.367,151.681,101.642,56.501,30.859,14.560
11.27000,337.100,288.745,243.343,151.676,101.641,56.527,30.797,14.615
11.27333,337.116,288.716,243.403,151.706,101.642,56.517,30.788,14.535
11.27667,337.154,288.764,243.448,151.655,101.680,56.568,30.754,14.533
11.28000,337.218,288.769,243.457,151.668,101.686,56.527,30.851,14.581
11.28333,337.238,288.823,243.515,151.739,101.653,56.548,30.788,14.596
11.28667,337.276,288.926,243.467,151.734,101.684,56.532,30.808,14.514
11.29000,337.329,288.869,243.511,151.780,101.651,56.611,30.806,14.553
11.29333,337.397,288.929,243.551,151.844,101.650,56.521,30.860,14.609
11.29667,337.338,288.909,243.574,151.784,101.668,56.540,30.824,14.570
11.30000,337.442,288.942,243.546,151.857,101.703,56.520,30.849,14.543
11.30333,337.461,288.926,243.597,151.846,101.722,56.530,30.853,14.565
11.30667,337.496,289.017,243.666,151.816,101.776,56.505,30.855,14.611
11.31000,337.437,289.003,243.666,151.940,101.759,56.591,30.878,14.523
11.31333,337.523,289.041,243.700,151.902,101.743,56.561,30.788,14.606
11.31667,337.512,289.087,243.733,151.856,101.728,56.554,30.851,14.580
11.32000,337.628,289.133,243.686,151.945,101.720,56.605,30.857,14.537
11.32333,337.598,289.121,243.737,151.866,101.750,56.624,30.795,14.556
11.32667,337.591,289.186,243.731,151.956,101.787,56.638,30.884,14.625
11.33000,337.609,289.168,243.788,151.989,101.790,56.630,30.873,14.606
11.33333,337.689,289.192,243.823,151.971,101.795,56.646,30.830,14.570
11.33667,337.750,289.251,243.779,151.988,101.733,56.621,30.862,14.607
11.34000,337.787,289.238,243.860,152.040,101.768,56.626,30.926,14.571
11.34333,337.791,289.335,243.884,151.973,101.860,56.644,30.941,14.657
11.34667,337.861,289.307,243.881,152.071,101.830,56.669,30.903,14.550
11.35000,337.838,289.307,243.910,152.057,101.891,56.633,30.855,14.600
11.35333,337.900,289.330,243.901,152.047,101.764,56.646,30.907,14.517
11.35667,337.907,289.390,243.923,152.105,101.874,56.673,30.835,14.580
11.36000,337.948,289.389,243.922,152.067,101.826,56.617,30.833,14.537
11.36333,338.017,289.351,244.011,152.069,101.843,56.649,30.927,14.583
11.36667,337.985,289.486,244.060,152.143,101.838,56.732,30.911,14.526
11.37000,338.036,289.457,244.046,152.155,101.890,56.705,30.882,14.536
11.37333,337.936,289.522,244.052,152.122,101.897,56.674,30.916,14.624
11.37667,338.083,289.592,244.044,152.112,101.874,56.668,30.965,14.602
11.38000,338.102,289.505,244.089,152.130,101.966,56.707,30.900,14.569
11.38333,338.140,289.573,244.137,152.175,101.923,56.684,30.956,14.679
11.38667,338.167,289.596,244.121,152.218,101.950,56.656,30.962,14.688
11.39000,338.168,289.607,244.165,152.189,101.968,56.703,30.907,14.546
11.39333,338.168,289.647,244.174,152.289,101.946,56.679,30.940,14.653
11.39667,338.248,289.687,244.208,152.221,101.915,56.697,30.952,14.584
11.40000,338.269,289.765,244.276,152.254,101.948,56.723,30.906,14.603
11.40333,338.320,289.802,244.267,152.234,102.043,56.693,30.912,14.571
11.40667,338.348,289.749,244.319,152.246,102.003,56.779,30.964,14.606
11.41000,338.285,289.803,244.208,152.278,101.952,56.722,30.919,14.571
11.41333,338.387,289.783,244.296,152.274,102.043,56.781,30.898,14.580
11.41667,338.392,289.887,244.344,152.297,102.006,56.714,30.939,14.575
11.42000,338.401,289.829,244.388,152.288,101.970,56.715,30.889,14.616
11.42333,338.498,289.872,244.379,152.308,102.025,56.742,30.979,14.624
11.42667,338.522,289.878,244.433,152.353,102.060,56.718,30.991,14.616
11.43000,338.475,289.935,244.390,152.405,102.095,56.742,30.906,14.620
11.43333,338.518,289.929,244.461,152.313,102.074,56.819,30.926,14.587
11.43667,338.525,289.960,244.416,152.419,102.079,56.825,30.972,14.589
11.44000,338.574,290.022,244.402,152.392,102.072,56.831,30.949,14.599
11.44333,338.576,290.027,244.411,152.424,102.071,56.746,31.018,14.598
11.44667,338.704,290.025,244.497,152.420,102.122,56.753,30.917,14.619
11.45000,338.672,289.990,244.557,152.412,102.114,56.811,30.947,14.677
11.45333,338.619,290.049,244.526,152.435,102.080,56.826,30.949,14.650
11.45667,338.702,290.127,244.556,152.452,102.114,56.834,31.019,14.604
11.46000,338.801,290.127,244.577,152.444,102.143,56.802,31.095,14.636
11.46333,338.774,290.110,244.599,152.481,102.081,56.888,30.984,14.618
11.46667,338.815,290.167,244.641,152.424,102.148,56.769,30.976,14.644
11.47000,338.867,290.227,244.666,152.452,102.217,56.881,30.988,14.591
11.47333,338.854,290.240,244.662,152.466,102.121,56.823,30.974,14.606
11.47667,339.020,290.294,244.669,152.494,102.120,56.811,30.904,14.670
11.48000,338.900,290.264,244.738,152.531,102.168,56.891,30.981,14.623
11.48333,338.958,290.333,244.707,152.513,102.227,56.768,30.995,14.607
11.48667,338.934,290.339,244.748,152.496,102.218,56.804,30.966,14.626
11.49000,339.014,290.305,244.748,152.578,102.182,56.799,31.053,14.659
11.49333,338.987,290.357,244.718,152.582,102.204,56.779,31.027,14.610
11.49667,339.021,290.371,244.783,152.597,102.160,56.810,30.954,14.655
11.50000,339.116,290.359,244.786,152.613,102.218,56.813,31.009,14.608
11.50333,339.101,290.343,244.780,152.602,102.193,56.810,31.055,14.710
11.50667,339.144,290.412,244.829,152.592,102.233,56.925,31.089,14.584
11.51000,339.149,290.430,244.850,152.630,102.360,56.813,31.036,14.670
11.51333,339.186,290.506,244.892,152.661,102.181,56.857,31.074,14.658
11.51667,339.223,290.506,244.879,152.613,102.201,56.858,31.012,14.631
11.52000,339.200,290.464,244.956,152.662,102.240,56.895,31.032,14.639
11.52333,339.223,290.502,244.918,152.744,102.271,56.885,31.015,14.613
11.52667,339.219,290.569,244.967,152.667,102.289,56.836,31.047,14.654
11.53000,339.348,290.597,244.934,152.715,102.299,56.927,31.012,14.699
11.53333,339.363,290.616,245.005,152.674,102.263,56.871,31.001,14.675
11.53667,339.296,290.695,244.978,152.759,102.281,56.902,31.009,14.697
11.54000,339.402,290.683,245.054,152.742,102.351,56.888,31.052,14.710
11.54333,339.385,290.681,245.019,152.769,102.265,56.925,31.108,14.695
11.54667,339.415,290.691,245.080,152.817,102.273,56.924,31.057,14.615
11.55000,339.412,290.694,245.054,152.807,102.332,56.861,31.058,14.598
11.55333,339.458,290.752,245.070,152.792,102.331,56.896,31.053,14.606
11.55667,339.489,290.729,245.101,152.772,102.388,56.921,31.018,14.676
11.56000,339.555,290.775,245.077,152.846,102.293,56.904,31.047,14.620
11.56333,339.496,290.797,245.144,152.869,102.296,56.907,31.036,14.592
11.56667,339.554,290.792,245.167,152.845,102.335,56.965,31.029,14.723
11.57000,339.650,290.892,245.194,152.854,102.344,56.967,31.103,14.651
11.57333,339.631,290.931,245.142,152.819,102.372,56.909,31.060,14.672
11.57667,339.613,290.835,245.247,152.887,102.346,56.905,31.068,14.635
11.58000,339.671,290.865,245.231,152.906,102.299,56.928,31.104,14.664
11.58333,339.675,290.909,245.278,152.941,102.425,56.899,31.046,14.656
11.58667,339.721,291.009,245.240,152.937,102.436,56.972,30.996,14.700
11.59000,339.702,290.929,245.300,152.894,102.380,56.930,31.065,14.652
11.59333,339.800,290.926,245.228,152.851,102.360,56.969,31.120,14.689
11.59667,339.777,290.965,245.272,152.875,102.381,56.961,31.058,14.620
11.60000,339.792,291.013,245.311,152.932,102.424,56.889,31.047,14.675
11.60333,339.822,291.055,245.310,152.947,102.443,56.946,31.074,14.705
11.60667,339.829,291.107,245.384,152.963,102.411,56.984,31.081,14.639
11.61000,339.865,291.056,245.340,152.930,102.491,57.027,31.105,14.588
11.61333,339.823,291.095,245.363,152.959,102.465,56.937,31.044,14.671
11.61667,339.865,291.113,245.440,152.954,102.518,56.989,31.135,14.682
11.62000,339.990,291.108,245.436,153.037,102.474,56.978,31.110,14.676
11.62333,339.945,291.161,245.454,153.006,102.481,57.019,31.120,14.709
11.62667,339.951,291.130,245.520,153.005,102.509,56.940,31.107,14.658
11.63000,339.991,291.186,245.420,153.072,102.501,57.063,31.055,14.691
11.63333,340.049,291.236,245.523,153.009,102.532,56.982,31.146,14.696
11.63667,340.033,291.252,245.513,153.064,102.515,57.013,31.088,14.639
11.64000,340.056,291.266,245.410,153.031,102.530,57.001,31.069,14.762
11.64333,340.113,291.232,245.476,153.044,102.495,57.024,31.101,14.678
11.64667,340.082,291.245,245.572,153.078,102.557,57.060,31.073,14.676
11.65000,340.150,291.279,245.551,153.120,102.510,56.982,31.091,14.620
11.65333,340.124,291.299,245.538,153.143,102.522,57.039,31.092,14.715
11.65667,340.156,291.312,245.526,153.161,102.538,57.057,31.114,14.654
11.66000,340.213,291.382,245.617,153.119,102.563,57.018,31.102,14.698
11.66333,340.214,291.427,245.616,153.182,102.535,57.114,30.997,14.680
11.66667,340.279,291.423,245.703,153.146,102.597,57.050,31.159,14.725
11.67000,340.293,291.479,245.681,153.124,102.528,57.041,31.100,14.706
11.67333,340.235,291.455,245.636,153.205,102.622,57.045,31.106,14.688
11.67667,340.384,291.437,245.705,153.149,102.625,57.044,31.094,14.705
11.68000,340.328,291.419,245.709,153.200,102.596,57.027,31.122,14.710
11.68333,340.332,291.466,245.725,153.173,102.619,57.082,31.123,14.678
11.68667,340.376,291.429,245.727,153.169,102.569,57.061,31.097,14.683
11.69000,340.363,291.517,245.756,153.192,102.624,57.096,31.125,14.675
11.69333,340.456,291.518,245.796,153.246,102.585,57.065,31.175,14.695
11.69667,340.417,291.570,245.848,153.255,102.677,57.011,31.096,14.670
11.70000,340.446,291.593,245.751,153.215,102.641,57.034,31.192,14.677
11.70333,340.458,291.490,245.841,153.263,102.608,57.067,31.137,14.645
11.70667,340.541,291.580,245.847,153.212,102.653,57.118,31.077,14.717
11.71000,340.506,291.655,245.830,153.294,102.655,57.076,31.089,14.665
11.71333,340.536,291.610,245.858,153.307,102.649,57.077,31.155,14.686
11.71667,340.541,291.662,245.844,153.290,102.696,57.096,31.159,14.691
11.72000,340.551,291.730,245.909,153.272,102.618,57.098,31.120,14.727
11.72333,340.550,291.763,245.897,153.283,102.723,57.075,31.053,14.673
11.72667,340.633,291.652,245.871,153.312,102.652,57.143,31.121,14.650
11.73000,340.606,291.748,245.898,153.337,102.670,57.082,31.151,14.692
11.73333,340.696,291.761,245.933,153.306,102.721,57.140,31.129,14.698
11.73667,340.650,291.685,245.985,153.335,102.708,57.139,31.141,14.616
11.74000,340.685,291.845,246.012,153.369,102.765,57.091,31.160,14.752
11.74333,340.699,291.843,246.043,153.363,102.727,57.126,31.145,14.740
11.74667,340.724,291.832,245.977,153.322,102.768,57.133,31.153,14.733
11.75000,340.748,291.846,245.962,153.385,102.711,57.135,31.138,14.685
11.75333,340.765,291.851,246.082,153.357,102.715,57.122,31.177,14.714
11.75667,340.827,291.837,245.985,153.374,102.732,57.095,31.180,14.690
11.76000,340.771,291.918,246.052,153.373,102.714,57.167,31.152,14.689
11.76333,340.844,291.874,246.095,153.447,102.862,57.121,31.147,14.668
11.76667,340.908,291.980,246.072,153.408,102.771,57.125,31.159,14.718
11.77000,340.895,291.926,246.128,153.374,102.761,57.139,31.131,14.640
11.77333,340.901,291.978,246.055,153.422,102.760,57.107,31.172,14.663
11.77667,340.942,291.995,246.141,153.470,102.707,57.031,31.163,14.704
11.78000,340.939,291.958,246.181,153.472,102.774,57.151,31.120,14.732
11.78333,340.930,291.986,246.196,153.427,102.881,57.111,31.117,14.730
11.78667,341.006,292.012,246.214,153.519,102.757,57.163,31.228,14.717
11.79000,341.023,292.091,246.174,153.506,102.802,57.193,31.206,14.786
11.79333,340.987,291.998,246.230,153.503,102.775,57.174,31.172,14.660
11.79667,341.064,292.035,246.202,153.505,102.809,57.255,31.152,14.723
11.80000,341.104,292.129,246.244,153.503,102.846,57.195,31.180,14.732
11.80333,341.074,292.107,246.232,153.533,102.868,57.132,31.191,14.665
11.80667,341.044,292.163,246.282,153.459,102.810,57.182,31.152,14.768
11.81000,341.173,292.181,246.254,153.542,102.834,57.122,31.111,14.760
11.81333,341.146,292.144,246.341,153.502,102.895,57.202,31.143,14.690
11.81667,341.124,292.150,246.259,153.550,102.899,57.250,31.139,14.737
11.82000,341.221,292.192,246.337,153.589,102.869,57.269,31.194,14.679
11.82333,341.172,292.198,246.299,153.539,102.817,57.215,31.241,14.715
11.82667,341.162,292.251,246.372,153.532,102.890,57.188,31.183,14.732
11.83000,341.208,292.197,246.343,153.579,102.822,57.174,31.176,14.741
11.83333,341.287,292.297,246.359,153.608,102.907,57.213,31.189,14.714
11.83667,341.234,292.200,246.365,153.570,102.895,57.184,31.244,14.714
11.84000,341.319,292.248,246.477,153.590,102.856,57.206,31.217,14.667
11.84333,341.275,292.345,246.416,153.608,102.913,57.178,31.261,14.701
11.84667,341.324,292.355,246.430,153.624,102.975,57.225,31.225,14.732
11.85000,341.320,292.281,246.461,153.625,102.841,57.258,31.232,14.707
11.85333,341.373,292.326,246.364,153.680,102.865,57.231,31.188,14.707
11.85667,341.395,292.298,246.523,153.629,102.925,57.263,31.242,14.785
11.86000,341.408,292.386,246.487,153.660,102.831,57.253,31.204,14.720
11.86333,341.375,292.420,246.463,153.675,102.930,57.246,31.206,14.756
11.86667,341.419,292.346,246.457,153.671,102.937,57.292,31.188,14.769
11.87000,341.433,292.405,246.504,153.661,102.915,57.250,31.238,14.795
11.87333,341.382,292.396,246.497,153.679,102.914,57.265,31.210,14.722
11.87667,341.489,292.487,246.548,153.674,102.954,57.198,31.235,14.800
11.88000,341.496,292.467,246.533,153.708,102.951,57.209,31.215,14.739
11.88333,341.487,292.484,246.577,153.665,102.943,57.254,31.193,14.734
11.88667,341.528,292.513,246.562,153.737,102.876,57.252,31.224,14.737
11.89000,341.508,292.512,246.545,153.780,102.943,57.258,31.334,14.751
11.89333,341.568,292.602,246.547,153.728,102.934,57.267,31.176,14.792
11.89667,341.543,292.548,246.648,153.773,102.978,57.281,31.189,14.758
11.90000,341.551,292.554,246.659,153.728,102.987,57.223,31.210,14.722
11.90333,341.575,292.598,246.674,153.783,103.050,57.296,31.250,14.732
11.90667,341.652,292.594,246.617,153.750,103.040,57.303,31.240,14.741
11.91000,341.621,292.556,246.618,153.720,103.004,57.229,31.225,14.758
11.91333,341.634,292.574,246.697,153.737,103.058,57.290,31.285,14.800
11.91667,341.697,292.603,246.733,153.821,102.994,57.246,31.201,14.777
11.92000,341.717,292.660,246.656,153.800,103.075,57.328,31.262,14.768
11.92333,341.657,292.551,246.716,153.820,103.039,57.260,31.229,14.757
11.92667,341.743,292.641,246.785,153.835,103.006,57.317,31.292,14.752
11.93000,341.682,292.702,246.743,153.750,103.022,57.258,31.212,14.812
11.93333,341.784,292.692,246.788,153.854,103.036,57.295,31.238,14.776
11.93667,341.794,292.727,246.723,153.811,102.970,57.280,31.235,14.780
11.94000,341.791,292.670,246.771,153.859,103.074,57.302,31.286,14.762
11.94333,341.773,292.763,246.754,153.836,103.057,57.349,31.270,14.715
11.94667,341.819,292.773,246.793,153.885,103.076,57.304,31.242,14.736
11.95000,341.778,292.754,246.758,153.874,103.056,57.329,31.227,14.772
11.95333,341.814,292.840,246.744,153.867,103.070,57.301,31.282,14.791
11.95667,341.906,292.777,246.793,153.873,103.070,57.315,31.262,14.677
11.96000,341.906,292.854,246.930,153.865,103.077,57.350,31.296,14.750
11.96333,341.911,292.799,246.828,153.878,103.089,57.292,31.293,14.736
11.96667,341.891,292.856,246.829,153.895,103.144,57.355,31.237,14.757
11.97000,341.986,292.896,246.850,153.950,103.095,57.318,31.247,14.739
11.97333,341.920,292.869,246.842,153.955,103.107,57.340,31.287,14.769
11.97667,341.986,292.842,246.949,153.972,103.145,57.307,31.279,14.723
11.98000,341.956,292.882,246.877,153.956,103.089,57.367,31.250,14.764
11.98333,341.960,292.926,246.936,153.927,103.108,57.320,31.249,14.756
11.98667,342.034,292.802,246.917,153.940,103.035,57.351,31.282,14.741
11.99000,342.101,292.914,246.916,153.900,103.146,57.337,31.250,14.735
11.99333,341.986,293.045,246.977,153.975,103.194,57.370,31.285,14.782
11.99667,342.120,292.913,246.991,153.935,103.109,57.325,31.256,14.738
12.00000,342.100,292.987,247.033,153.909,103.100,57.421,31.343,14.743
