time_min,A246_mAU,A254_mAU,A261_mAU,A273_mAU,A290_mAU,A324_mAU,A350_mAU,A445_mAU
0.00000,32.595,27.068,22.470,14.138,9.408,6.267,2.358,1.920
0.00333,32.677,27.173,22.463,14.222,9.427,6.210,2.254,1.903
0.00667,32.668,27.076,22.474,14.098,9.496,6.235,2.298,1.945
0.01000,32.667,27.148,22.542,14.150,9.464,6.231,2.261,1.803
0.01333,32.760,27.108,22.592,14.140,9.461,6.232,2.328,1.949
0.01667,32.735,27.174,22.559,14.188,9.478,6.229,2.326,1.902
0.02000,32.796,27.189,22.599,14.160,9.491,6.164,2.344,1.872
0.02333,32.812,27.172,22.622,14.193,9.473,6.282,2.266,1.898
0.02667,32.762,27.258,22.583,14.175,9.445,6.221,2.273,1.881
0.03000,32.812,27.260,22.680,14.187,9.483,6.215,2.284,1.854
0.03333,32.861,27.229,22.637,14.192,9.524,6.222,2.285,1.968
0.03667,32.892,27.265,22.647,14.227,9.490,6.246,2.359,1.842
0.04000,32.885,27.312,22.687,14.293,9.518,6.257,2.284,1.873
0.04333,32.949,27.303,22.670,14.305,9.505,6.208,2.246,1.891
0.04667,32.978,27.368,22.740,14.308,9.566,6.236,2.381,1.912
0.05000,33.041,27.373,22.734,14.293,9.564,6.282,2.343,1.920
0.05333,33.031,27.415,22.698,14.319,9.546,6.207,2.247,1.963
0.05667,32.939,27.416,22.729,14.315,9.553,6.334,2.240,1.896
0.06000,33.001,27.373,22.791,14.380,9.592,6.179,2.339,1.887
0.06333,33.080,27.464,22.777,14.274,9.522,6.195,2.321,1.889
0.06667,33.122,27.438,22.814,14.331,9.583,6.268,2.280,1.993
0.07000,33.111,27.401,22.819,14.293,9.542,6.321,2.299,1.869
0.07333,33.090,27.588,22.881,14.299,9.648,6.190,2.346,1.878
0.07667,33.181,27.517,22.939,14.352,9.596,6.340,2.272,1.924
0.08000,33.205,27.566,22.907,14.315,9.579,6.267,2.328,1.926
0.08333,33.251,27.543,22.864,14.335,9.580,6.278,2.355,1.880
0.08667,33.278,27.574,22.964,14.376,9.594,6.236,2.246,1.916
0.09000,33.251,27.617,22.910,14.436,9.608,6.285,2.347,1.897
0.09333,33.294,27.696,22.984,14.348,9.650,6.262,2.360,1.912
0.09667,33.353,27.598,22.965,14.446,9.659,6.307,2.272,1.919
0.10000,33.354,27.661,22.852,14.411,9.662,6.300,2.352,1.894
0.10333,33.333,27.714,23.044,14.436,9.570,6.306,2.382,1.875
0.10667,33.434,27.756,23.092,14.468,9.587,6.339,2.355,1.896
0.11000,33.477,27.752,23.022,14.462,9.635,6.267,2.330,1.982
0.11333,33.443,27.746,23.012,14.523,9.700,6.301,2.308,1.896
0.11667,33.378,27.819,23.058,14.522,9.680,6.336,2.369,1.949
0.12000,33.506,27.811,23.088,14.515,9.710,6.375,2.297,1.933
0.12333,33.506,27.806,23.132,14.472,9.721,6.347,2.347,1.991
0.12667,33.537,27.804,23.096,14.498,9.643,6.364,2.355,1.942
0.13000,33.603,27.854,23.126,14.559,9.657,6.297,2.361,1.873
0.13333,33.576,27.813,23.109,14.523,9.780,6.303,2.396,1.963
0.13667,33.569,27.931,23.217,14.530,9.776,6.360,2.422,1.942
0.14000,33.658,27.881,23.178,14.512,9.696,6.389,2.340,1.900
0.14333,33.661,27.959,23.238,14.552,9.722,6.355,2.315,1.974
0.14667,33.631,27.987,23.211,14.584,9.700,6.386,2.331,1.941
0.15000,33.654,27.984,23.230,14.612,9.764,6.321,2.330,1.915
0.15333,33.782,28.018,23.264,14.567,9.766,6.375,2.359,1.944
0.15667,33.716,28.056,23.327,14.622,9.693,6.356,2.339,1.999
0.16000,33.729,28.034,23.330,14.642,9.754,6.307,2.462,1.961
0.16333,33.806,28.085,23.279,14.623,9.755,6.427,2.347,1.922
0.16667,33.801,28.074,23.381,14.604,9.799,6.386,2.419,1.952
0.17000,33.867,28.101,23.373,14.678,9.825,6.501,2.449,1.945
0.17333,33.868,28.141,23.367,14.655,9.876,6.456,2.394,1.923
0.17667,33.896,28.168,23.363,14.764,9.810,6.366,2.361,1.918
0.18000,33.922,28.169,23.380,14.673,9.829,6.410,2.429,1.974
0.18333,33.884,28.204,23.498,14.716,9.824,6.447,2.391,1.921
0.18667,33.965,28.224,23.441,14.702,9.867,6.374,2.402,1.988
0.19000,33.986,28.225,23.569,14.708,9.812,6.447,2.413,1.988
0.19333,34.084,28.230,23.471,14.750,9.800,6.333,2.316,1.935
0.19667,34.069,28.263,23.506,14.785,9.821,6.397,2.420,1.976
0.20000,34.055,28.390,23.497,14.756,9.871,6.486,2.357,1.914
0.20333,34.101,28.388,23.513,14.844,9.845,6.442,2.420,2.038
0.20667,34.129,28.292,23.560,14.782,9.856,6.407,2.409,1.959
0.21000,34.137,28.319,23.515,14.804,9.850,6.436,2.385,1.969
0.21333,34.208,28.402,23.576,14.826,9.884,6.430,2.427,1.879
0.21667,34.167,28.429,23.596,14.820,9.916,6.402,2.403,1.900
0.22000,34.280,28.419,23.585,14.830,9.875,6.423,2.473,1.959
0.22333,34.207,28.413,23.608,14.848,9.903,6.459,2.437,1.937
0.22667,34.330,28.440,23.645,14.870,9.860,6.471,2.374,2.002
0.23000,34.280,28.462,23.669,14.826,9.937,6.509,2.440,1.963
0.23333,34.348,28.515,23.744,14.939,9.926,6.459,2.451,2.042
0.23667,34.347,28.577,23.675,14.912,9.988,6.449,2.432,1.992
0.24000,34.352,28.623,23.728,14.884,9.967,6.490,2.413,1.997
0.24333,34.399,28.615,23.779,14.854,9.966,6.467,2.412,1.982
0.24667,34.456,28.623,23.781,14.900,9.975,6.453,2.433,2.019
0.25000,34.505,28.602,23.760,14.933,9.934,6.467,2.456,1.928
0.25333,34.463,28.710,23.837,14.979,9.925,6.474,2.454,1.961
0.25667,34.476,28.714,23.821,14.946,9.988,6.550,2.497,1.975
0.26000,34.546,28.669,23.863,14.940,10.013,6.427,2.384,1.900
0.26333,34.563,28.736,23.873,15.023,9.989,6.553,2.497,1.954
0.26667,34.541,28.751,23.896,14.997,10.005,6.542,2.473,1.979
0.27000,34.638,28.784,23.886,15.034,10.020,6.499,2.506,1.924
0.27333,34.630,28.851,23.932,15.029,10.004,6.529,2.477,1.976
0.27667,34.637,28.819,23.954,15.072,9.945,6.549,2.455,1.997
0.28000,34.708,28.796,23.960,15.049,10.015,6.476,2.409,1.983
0.28333,34.757,28.845,23.979,15.056,10.049,6.502,2.491,1.983
0.28667,34.800,28.923,23.965,15.107,10.033,6.539,2.497,1.972
0.29000,34.780,28.854,23.995,15.094,10.022,6.524,2.450,1.945
0.29333,34.855,28.942,24.051,15.037,10.078,6.533,2.467,1.989
0.29667,34.785,28.954,24.088,15.101,10.027,6.442,2.429,1.968
0.30000,34.866,28.929,24.078,15.141,10.133,6.588,2.484,1.966
0.30333,34.883,28.963,24.125,15.105,10.101,6.597,2.491,1.896
0.30667,34.910,28.994,24.104,15.211,10.058,6.559,2.481,1.923
0.31000,34.909,29.070,24.102,15.106,10.098,6.597,2.567,1.969
0.31333,34.940,29.139,24.168,15.155,10.117,6.541,2.452,1.939
0.31667,34.993,29.036,24.201,15.191,10.154,6.564,2.488,2.011
0.32000,35.057,29.112,24.223,15.240,10.131,6.523,2.511,1.990
0.32333,35.012,29.094,24.183,15.216,10.148,6.602,2.546,1.980
0.32667,35.057,29.142,24.208,15.206,10.142,6.563,2.487,1.982
0.33000,35.013,29.167,24.225,15.244,10.205,6.585,2.532,1.969
0.33333,35.120,29.235,24.293,15.216,10.218,6.604,2.528,1.962
0.33667,35.129,29.191,24.283,15.262,10.221,6.620,2.533,2.030
0.34000,35.180,29.281,24.280,15.257,10.193,6.642,2.554,2.001
0.34333,35.195,29.268,24.309,15.308,10.199,6.643,2.472,2.031
0.34667,35.250,29.319,24.386,15.299,10.192,6.644,2.499,1.959
0.35000,35.272,29.410,24.386,15.264,10.289,6.615,2.543,1.981
0.35333,35.305,29.340,24.437,15.282,10.212,6.621,2.515,1.970
0.35667,35.360,29.402,24.387,15.295,10.231,6.611,2.525,2.059
0.36000,35.358,29.416,24.427,15.335,10.219,6.616,2.483,1.989
0.36333,35.414,29.489,24.447,15.303,10.248,6.573,2.568,2.009
0.36667,35.443,29.368,24.490,15.362,10.271,6.592,2.533,1.970
0.37000,35.424,29.451,24.540,15.384,10.248,6.585,2.507,1.975
0.37333,35.488,29.483,24.511,15.350,10.284,6.606,2.537,1.990
0.37667,35.476,29.502,24.488,15.417,10.250,6.687,2.590,1.980
0.38000,35.595,29.447,24.559,15.470,10.281,6.678,2.570,2.000
0.38333,35.510,29.584,24.569,15.391,10.306,6.675,2.563,2.019
0.38667,35.577,29.606,24.563,15.379,10.252,6.684,2.578,1.966
0.39000,35.658,29.583,24.657,15.452,10.327,6.696,2.566,2.042
0.39333,35.666,29.640,24.650,15.488,10.283,6.685,2.490,2.096
0.39667,35.583,29.661,24.660,15.486,10.384,6.774,2.588,2.017
0.40000,35.640,29.709,24.747,15.446,10.340,6.597,2.557,2.026
0.40333,35.751,29.718,24.738,15.515,10.332,6.684,2.515,2.002
0.40667,35.705,29.713,24.726,15.489,10.347,6.721,2.652,2.009
0.41000,35.823,29.713,24.723,15.519,10.429,6.684,2.553,2.078
0.41333,35.820,29.773,24.745,15.501,10.405,6.684,2.548,1.948
0.41667,35.832,29.775,24.797,15.498,10.377,6.707,2.571,2.005
0.42000,35.879,29.856,24.769,15.585,10.393,6.705,2.556,2.100
0.42333,35.855,29.849,24.846,15.626,10.395,6.760,2.551,2.014
0.42667,35.890,29.891,24.831,15.489,10.424,6.753,2.552,2.035
0.43000,35.926,29.907,24.881,15.630,10.451,6.752,2.591,2.105
0.43333,35.954,29.925,24.834,15.638,10.463,6.774,2.596,1.987
0.43667,35.973,29.998,24.851,15.719,10.464,6.708,2.525,2.018
0.44000,36.020,29.988,24.946,15.631,10.470,6.714,2.567,2.025
0.44333,36.092,30.031,24.958,15.620,10.428,6.733,2.641,2.002
0.44667,36.032,29.951,25.012,15.672,10.486,6.758,2.557,2.063
0.45000,36.041,30.075,24.989,15.731,10.511,6.788,2.589,2.044
0.45333,36.193,30.028,25.015,15.654,10.501,6.770,2.589,2.045
0.45667,36.195,30.126,25.071,15.768,10.430,6.810,2.653,1.994
0.46000,36.154,30.079,25.034,15.742,10.529,6.841,2.583,2.095
0.46333,36.242,30.186,25.110,15.748,10.523,6.831,2.608,2.024
0.46667,36.243,30.187,25.129,15.698,10.557,6.831,2.652,2.037
0.47000,36.340,30.213,25.077,15.793,10.497,6.748,2.608,2.007
0.47333,36.261,30.252,25.167,15.782,10.494,6.781,2.568,2.058
0.47667,36.319,30.251,25.197,15.800,10.528,6.807,2.617,2.005
0.48000,36.329,30.314,25.242,15.824,10.527,6.765,2.677,2.037
0.48333,36.374,30.281,25.229,15.820,10.582,6.790,2.628,2.105
0.48667,36.468,30.336,25.261,15.904,10.608,6.879,2.591,2.072
0.49000,36.434,30.379,25.230,15.886,10.589,6.779,2.644,1.996
0.49333,36.464,30.372,25.268,15.782,10.563,6.809,2.651,2.051
0.49667,36.476,30.376,25.285,15.847,10.619,6.838,2.572,2.055
0.50000,36.556,30.500,25.271,15.941,10.591,6.817,2.550,2.006
0.50333,36.588,30.429,25.327,15.823,10.652,6.922,2.654,2.012
0.50667,36.682,30.511,25.340,15.850,10.636,6.852,2.594,2.057
0.51000,36.637,30.540,25.361,15.896,10.557,6.818,2.678,2.010
0.51333,36.723,30.505,25.345,15.944,10.643,6.779,2.651,2.059
0.51667,36.719,30.501,25.395,16.019,10.660,6.841,2.716,1.996
0.52000,36.749,30.528,25.464,15.933,10.697,6.847,2.645,2.029
0.52333,36.811,30.614,25.481,15.987,10.709,6.858,2.679,2.162
0.52667,36.766,30.686,25.460,15.972,10.645,6.862,2.635,2.054
0.53000,36.787,30.677,25.519,15.961,10.694,6.860,2.690,2.017
0.53333,36.873,30.686,25.587,15.987,10.744,6.850,2.673,2.048
0.53667,36.916,30.711,25.545,16.036,10.774,6.903,2.703,2.066
0.54000,36.892,30.779,25.529,16.047,10.750,6.878,2.656,2.040
0.54333,36.989,30.841,25.597,16.063,10.735,6.918,2.679,2.055
0.54667,37.027,30.824,25.603,16.083,10.738,6.909,2.671,2.064
0.55000,36.974,30.853,25.686,16.037,10.737,6.891,2.636,2.037
0.55333,37.086,30.817,25.677,16.093,10.763,6.966,2.629,2.048
0.55667,37.062,30.829,25.677,16.163,10.768,6.897,2.711,2.067
0.56000,37.172,30.876,25.640,16.190,10.787,6.953,2.688,2.090
0.56333,37.176,30.973,25.766,16.140,10.832,6.957,2.698,2.087
0.56667,37.223,30.951,25.731,16.171,10.822,6.926,2.696,2.077
0.57000,37.176,30.944,25.693,16.204,10.790,7.016,2.715,2.060
0.57333,37.184,31.062,25.768,16.195,10.830,6.895,2.685,2.032
0.57667,37.253,31.028,25.787,16.172,10.783,6.902,2.598,2.106
0.58000,37.271,31.011,25.867,16.241,10.859,6.963,2.720,2.106
0.58333,37.318,31.059,25.889,16.198,10.822,7.009,2.703,2.150
0.58667,37.393,31.134,25.868,16.290,10.854,6.934,2.770,2.143
0.59000,37.387,31.185,25.951,16.296,10.857,6.978,2.732,2.125
0.59333,37.478,31.187,25.938,16.281,10.860,7.012,2.700,2.077
0.59667,37.476,31.258,25.930,16.271,10.857,6.993,2.665,2.101
0.60000,37.447,31.238,26.000,16.311,10.926,6.996,2.698,2.109
0.60333,37.502,31.217,25.964,16.268,10.871,6.987,2.767,2.075
0.60667,37.566,31.313,26.040,16.320,10.852,7.007,2.708,2.193
0.61000,37.509,31.287,25.969,16.274,10.925,7.034,2.805,2.075
0.61333,37.646,31.287,26.067,16.317,10.909,7.046,2.703,2.101
0.61667,37.649,31.370,26.141,16.407,10.912,6.989,2.761,2.076
0.62000,37.653,31.404,26.036,16.479,10.933,7.000,2.691,2.080
0.62333,37.778,31.424,26.092,16.421,10.959,7.037,2.690,2.156
0.62667,37.701,31.465,26.154,16.442,10.981,7.051,2.703,2.112
0.63000,37.817,31.452,26.140,16.475,10.947,7.028,2.791,2.087
0.63333,37.749,31.489,26.237,16.451,11.014,7.105,2.768,2.106
0.63667,37.897,31.557,26.210,16.538,10.994,7.067,2.760,2.103
0.64000,37.866,31.523,26.270,16.440,10.986,7.015,2.767,2.143
0.64333,37.912,31.527,26.282,16.542,11.023,7.070,2.719,2.115
0.64667,37.951,31.610,26.262,16.471,10.958,7.039,2.790,2.093
0.65000,38.048,31.634,26.326,16.550,11.015,7.028,2.736,2.097
0.65333,38.049,31.643,26.345,16.521,11.061,7.072,2.747,2.147
0.65667,38.050,31.715,26.346,16.572,11.013,7.111,2.772,2.125
0.66000,38.103,31.792,26.372,16.621,11.055,7.155,2.744,2.108
0.66333,38.126,31.743,26.437,16.634,11.065,7.090,2.775,2.082
0.66667,38.142,31.790,26.404,16.599,11.060,7.186,2.797,2.098
0.67000,38.127,31.859,26.412,16.651,11.077,7.202,2.798,2.177
0.67333,38.178,31.862,26.581,16.686,11.125,7.093,2.760,2.110
0.67667,38.251,31.807,26.559,16.669,11.021,7.172,2.798,2.116
0.68000,38.260,31.862,26.578,16.613,11.071,7.131,2.765,2.205
0.68333,38.296,31.949,26.540,16.666,11.138,7.152,2.759,2.098
0.68667,38.347,31.943,26.586,16.681,11.113,7.179,2.801,2.111
0.69000,38.436,31.927,26.603,16.690,11.227,7.161,2.805,2.125
0.69333,38.423,31.997,26.616,16.710,11.220,7.179,2.819,2.139
0.69667,38.427,32.026,26.678,16.708,11.224,7.123,2.772,2.155
0.70000,38.479,32.051,26.757,16.751,11.117,7.212,2.848,2.170
0.70333,38.467,32.048,26.723,16.782,11.142,7.155,2.810,2.146
0.70667,38.553,32.121,26.748,16.711,11.121,7.100,2.779,2.146
0.71000,38.590,32.184,26.833,16.807,11.232,7.226,2.826,2.131
0.71333,38.571,32.200,26.729,16.806,11.222,7.189,2.879,2.109
0.71667,38.599,32.239,26.803,16.799,11.246,7.195,2.787,2.120
0.72000,38.598,32.283,26.878,16.886,11.180,7.120,2.853,2.115
0.72333,38.668,32.249,26.895,16.860,11.249,7.169,2.793,2.132
0.72667,38.706,32.289,26.814,16.890,11.293,7.175,2.860,2.125
0.73000,38.803,32.299,26.869,16.897,11.237,7.230,2.831,2.162
0.73333,38.817,32.369,26.960,16.883,11.321,7.185,2.787,2.218
0.73667,38.807,32.392,26.913,16.899,11.297,7.228,2.818,2.143
0.74000,38.929,32.466,26.965,16.902,11.316,7.264,2.869,2.102
0.74333,38.920,32.516,27.009,16.980,11.295,7.249,2.879,2.140
0.74667,38.968,32.521,27.011,16.954,11.289,7.222,2.864,2.183
0.75000,38.975,32.437,27.046,16.946,11.312,7.238,2.895,2.119
0.75333,39.069,32.527,27.075,16.982,11.360,7.186,2.837,2.203
0.75667,39.010,32.557,27.104,17.020,11.388,7.207,2.839,2.161
0.76000,39.099,32.587,27.166,17.050,11.449,7.247,2.874,2.182
0.76333,39.100,32.570,27.158,17.037,11.314,7.267,2.893,2.126
0.76667,39.148,32.703,27.200,17.033,11.413,7.288,2.931,2.179
0.77000,39.227,32.681,27.210,17.081,11.419,7.257,2.876,2.193
0.77333,39.304,32.737,27.282,17.046,11.423,7.242,2.847,2.187
0.77667,39.211,32.728,27.284,17.085,11.425,7.290,2.912,2.177
0.78000,39.283,32.775,27.307,17.114,11.410,7.286,2.846,2.162
0.78333,39.325,32.851,27.267,17.068,11.401,7.325,2.812,2.197
0.78667,39.366,32.862,27.276,17.100,11.445,7.331,2.930,2.139
0.79000,39.384,32.877,27.360,17.188,11.449,7.367,2.947,2.177
0.79333,39.490,32.893,27.397,17.220,11.466,7.230,2.905,2.191
0.79667,39.491,32.879,27.406,17.157,11.458,7.372,2.883,2.163
0.80000,39.542,32.910,27.515,17.218,11.460,7.319,2.888,2.145
0.80333,39.521,33.021,27.449,17.218,11.508,7.339,2.855,2.173
0.80667,39.617,33.007,27.510,17.147,11.502,7.356,2.948,2.163
0.81000,39.671,33.056,27.508,17.201,11.593,7.388,2.933,2.148
0.81333,39.613,33.040,27.600,17.241,11.589,7.355,2.894,2.198
0.81667,39.687,33.115,27.549,17.257,11.537,7.362,2.928,2.127
0.82000,39.676,33.101,27.622,17.320,11.596,7.358,2.915,2.201
0.82333,39.749,33.110,27.570,17.328,11.574,7.364,2.885,2.162
0.82667,39.809,33.248,27.581,17.391,11.558,7.401,2.909,2.165
0.83000,39.813,33.185,27.732,17.344,11.595,7.405,2.848,2.218
0.83333,39.905,33.246,27.653,17.364,11.622,7.392,2.911,2.203
0.83667,39.828,33.279,27.736,17.463,11.595,7.354,2.968,2.224
0.84000,39.918,33.320,27.783,17.384,11.580,7.425,2.937,2.170
0.84333,39.997,33.367,27.757,17.398,11.609,7.393,2.901,2.221
0.84667,40.022,33.328,27.691,17.464,11.668,7.403,3.018,2.118
0.85000,40.075,33.392,27.797,17.432,11.631,7.398,2.955,2.248
0.85333,40.080,33.423,27.829,17.484,11.653,7.439,2.948,2.229
0.85667,40.153,33.475,27.861,17.490,11.674,7.423,2.950,2.138
0.86000,40.096,33.509,27.919,17.512,11.679,7.408,2.938,2.155
0.86333,40.183,33.579,27.924,17.489,11.708,7.444,2.959,2.229
0.86667,40.291,33.487,27.963,17.546,11.670,7.395,2.996,2.167
0.87000,40.276,33.529,27.969,17.537,11.736,7.463,2.905,2.192
0.87333,40.340,33.629,28.041,17.540,11.805,7.484,2.962,2.285
0.87667,40.367,33.631,27.963,17.600,11.767,7.508,2.944,2.201
0.88000,40.343,33.670,28.029,17.634,11.775,7.456,2.967,2.155
0.88333,40.426,33.682,28.121,17.594,11.799,7.476,3.013,2.213
0.88667,40.431,33.762,28.154,17.621,11.729,7.569,2.947,2.231
0.89000,40.502,33.750,28.104,17.652,11.808,7.481,2.946,2.256
0.89333,40.471,33.814,28.176,17.666,11.792,7.441,2.947,2.201
0.89667,40.610,33.822,28.206,17.677,11.875,7.455,2.988,2.161
0.90000,40.598,33.907,28.172,17.663,11.842,7.508,2.982,2.183
0.90333,40.635,33.875,28.287,17.772,11.850,7.504,2.981,2.197
0.90667,40.744,33.958,28.294,17.717,11.799,7.456,3.077,2.207
0.91000,40.754,33.984,28.340,17.722,11.815,7.551,2.970,2.223
0.91333,40.704,34.019,28.316,17.758,11.850,7.595,2.993,2.193
0.91667,40.742,34.021,28.369,17.845,11.924,7.560,2.983,2.204
0.92000,40.832,34.098,28.360,17.828,11.880,7.555,3.008,2.275
0.92333,40.853,34.047,28.359,17.820,11.885,7.472,3.013,2.202
0.92667,40.879,34.172,28.364,17.833,11.899,7.584,2.968,2.207
0.93000,40.951,34.191,28.476,17.886,11.967,7.611,3.065,2.261
0.93333,40.969,34.233,28.452,17.848,11.920,7.599,2.974,2.269
0.93667,40.998,34.208,28.596,17.817,11.872,7.567,3.008,2.233
0.94000,41.078,34.241,28.515,17.936,11.976,7.565,3.057,2.263
0.94333,41.136,34.297,28.579,17.946,11.999,7.570,3.023,2.176
0.94667,41.105,34.370,28.630,17.893,11.955,7.646,3.050,2.225
0.95000,41.163,34.345,28.640,17.930,11.920,7.667,3.043,2.175
0.95333,41.242,34.411,28.646,17.923,12.014,7.595,3.040,2.269
0.95667,41.280,34.455,28.688,17.971,12.014,7.578,3.045,2.237
0.96000,41.283,34.432,28.647,17.989,12.079,7.633,3.061,2.217
0.96333,41.383,34.573,28.778,18.079,12.009,7.698,3.018,2.260
0.96667,41.333,34.610,28.762,18.069,12.087,7.661,3.106,2.263
0.97000,41.382,34.587,28.726,18.089,12.045,7.681,3.092,2.237
0.97333,41.428,34.640,28.854,18.115,12.076,7.631,3.082,2.185
0.97667,41.458,34.710,28.854,18.175,12.092,7.604,3.066,2.263
0.98000,41.485,34.728,28.965,18.140,12.083,7.693,3.089,2.310
0.98333,41.500,34.685,28.904,18.105,12.123,7.666,3.027,2.265
0.98667,41.613,34.757,28.959,18.164,12.112,7.603,3.063,2.280
0.99000,41.590,34.778,28.986,18.156,12.156,7.708,3.117,2.263
0.99333,41.658,34.807,28.951,18.212,12.159,7.623,3.065,2.181
0.99667,41.646,34.852,29.015,18.199,12.173,7.677,3.121,2.290
1.00000,41.717,34.854,29.018,18.212,12.171,7.704,3.104,2.262
1.00333,41.800,34.932,29.101,18.184,12.175,7.742,3.231,2.254
1.00667,41.845,34.908,29.171,18.271,12.213,7.697,3.093,2.253
1.01000,41.932,35.052,29.163,18.287,12.121,7.739,3.083,2.250
1.01333,41.875,35.054,29.154,18.328,12.219,7.801,3.134,2.185
1.01667,41.965,35.075,29.191,18.315,12.208,7.694,3.078,2.262
1.02000,41.966,35.109,29.194,18.290,12.252,7.687,3.187,2.251
1.02333,42.080,35.131,29.233,18.341,12.239,7.731,3.157,2.309
1.02667,42.111,35.136,29.273,18.360,12.270,7.749,3.096,2.286
1.03000,42.100,35.175,29.327,18.362,12.258,7.783,3.126,2.245
1.03333,42.198,35.194,29.332,18.407,12.344,7.780,3.198,2.271
1.03667,42.234,35.197,29.340,18.456,12.338,7.711,3.146,2.242
1.04000,42.241,35.298,29.367,18.435,12.364,7.761,3.186,2.249
1.04333,42.318,35.345,29.424,18.523,12.361,7.745,3.183,2.292
1.04667,42.332,35.302,29.457,18.442,12.318,7.815,3.166,2.340
1.05000,42.387,35.392,29.470,18.557,12.387,7.786,3.178,2.339
1.05333,42.394,35.417,29.558,18.471,12.330,7.753,3.140,2.245
1.05667,42.386,35.487,29.568,18.543,12.367,7.809,3.191,2.290
1.06000,42.502,35.434,29.579,18.538,12.273,7.807,3.167,2.253
1.06333,42.522,35.511,29.565,18.576,12.359,7.780,3.184,2.290
1.06667,42.529,35.549,29.625,18.568,12.421,7.805,3.162,2.319
1.07000,42.573,35.579,29.705,18.517,12.470,7.867,3.188,2.251
1.07333,42.667,35.632,29.720,18.613,12.448,7.817,3.149,2.320
1.07667,42.665,35.629,29.658,18.645,12.402,7.895,3.144,2.324
1.08000,42.749,35.651,29.789,18.658,12.456,7.896,3.231,2.271
1.08333,42.750,35.702,29.808,18.624,12.423,7.881,3.169,2.323
1.08667,42.779,35.806,29.883,18.692,12.494,7.820,3.176,2.312
1.09000,42.907,35.860,29.842,18.731,12.500,7.852,3.200,2.158
1.09333,42.880,35.831,29.910,18.748,12.525,7.881,3.190,2.274
1.09667,42.931,35.897,29.846,18.700,12.481,7.912,3.246,2.260
1.10000,43.003,35.953,29.966,18.744,12.603,7.897,3.201,2.368
1.10333,43.024,35.951,29.955,18.816,12.516,7.914,3.257,2.344
1.10667,43.096,35.933,29.993,18.769,12.583,7.892,3.172,2.345
1.11000,43.125,36.023,30.052,18.870,12.559,7.932,3.192,2.261
1.11333,43.127,36.086,30.034,18.837,12.592,8.007,3.195,2.313
1.11667,43.132,36.115,30.108,18.902,12.545,7.977,3.200,2.373
1.12000,43.198,36.153,30.143,18.838,12.641,7.941,3.264,2.343
1.12333,43.347,36.176,30.059,18.865,12.628,7.862,3.188,2.303
1.12667,43.316,36.210,30.156,18.986,12.662,7.913,3.228,2.334
1.13000,43.344,36.209,30.193,18.979,12.678,7.914,3.280,2.339
1.13333,43.351,36.318,30.235,19.009,12.725,7.946,3.263,2.286
1.13667,43.418,36.329,30.286,19.005,12.646,7.952,3.232,2.332
1.14000,43.448,36.365,30.335,19.017,12.711,8.003,3.207,2.258
1.14333,43.556,36.399,30.280,19.059,12.693,8.012,3.227,2.281
1.14667,43.555,36.349,30.349,19.000,12.721,7.985,3.272,2.368
1.15000,43.660,36.505,30.356,19.049,12.675,8.082,3.306,2.342
1.15333,43.655,36.500,30.464,19.098,12.754,8.012,3.318,2.358
1.15667,43.697,36.526,30.430,19.098,12.655,8.007,3.276,2.315
1.16000,43.692,36.498,30.482,19.119,12.755,7.997,3.273,2.319
1.16333,43.732,36.581,30.550,19.146,12.832,8.090,3.322,2.322
1.16667,43.816,36.597,30.577,19.134,12.788,8.036,3.259,2.339
1.17000,43.835,36.659,30.577,19.162,12.817,8.021,3.287,2.353
1.17333,43.863,36.689,30.624,19.225,12.841,8.012,3.337,2.385
1.17667,43.977,36.773,30.643,19.232,12.822,8.053,3.315,2.341
1.18000,43.985,36.755,30.692,19.248,12.835,8.074,3.281,2.334
1.18333,44.031,36.799,30.678,19.263,12.816,8.055,3.275,2.263
1.18667,44.057,36.852,30.703,19.323,12.867,8.090,3.332,2.359
1.19000,44.134,36.914,30.702,19.301,12.891,8.123,3.327,2.363
1.19333,44.186,36.935,30.822,19.270,12.894,8.171,3.311,2.279
1.19667,44.193,37.022,30.774,19.396,12.856,8.086,3.305,2.348
1.20000,44.231,37.065,30.793,19.407,12.936,8.098,3.277,2.302
1.20333,44.337,37.033,30.938,19.351,12.946,8.140,3.289,2.409
1.20667,44.358,37.041,30.908,19.444,12.964,8.140,3.370,2.364
1.21000,44.444,37.144,30.954,19.382,13.020,8.117,3.339,2.351
1.21333,44.408,37.162,31.026,19.413,12.962,8.134,3.362,2.396
1.21667,44.490,37.205,31.029,19.396,12.978,8.129,3.360,2.357
1.22000,44.541,37.171,31.070,19.443,12.988,8.197,3.408,2.390
1.22333,44.537,37.293,31.053,19.510,13.013,8.219,3.349,2.383
1.22667,44.584,37.335,31.068,19.505,13.007,8.175,3.319,2.307
1.23000,44.642,37.281,31.110,19.524,13.030,8.177,3.445,2.371
1.23333,44.727,37.387,31.146,19.535,13.111,8.152,3.356,2.310
1.23667,44.732,37.405,31.213,19.579,13.081,8.214,3.351,2.341
1.24000,44.845,37.465,31.249,19.613,13.095,8.227,3.329,2.367
1.24333,44.836,37.534,31.320,19.589,13.074,8.198,3.372,2.354
1.24667,44.885,37.586,31.334,19.586,13.126,8.264,3.340,2.426
1.25000,44.878,37.579,31.296,19.592,13.091,8.183,3.399,2.378
1.25333,44.951,37.595,31.404,19.640,13.167,8.234,3.391,2.371
1.25667,45.022,37.619,31.392,19.706,13.173,8.251,3.445,2.391
1.26000,45.067,37.723,31.409,19.759,13.146,8.278,3.399,2.373
1.26333,45.082,37.719,31.463,19.693,13.145,8.211,3.418,2.375
1.26667,45.170,37.767,31.493,19.791,13.133,8.222,3.360,2.394
1.27000,45.127,37.797,31.580,19.751,13.197,8.316,3.455,2.346
1.27333,45.243,37.873,31.608,19.866,13.208,8.267,3.381,2.437
1.27667,45.286,37.886,31.593,19.762,13.242,8.293,3.395,2.422
1.28000,45.388,38.002,31.646,19.812,13.238,8.232,3.446,2.358
1.28333,45.412,37.915,31.669,19.781,13.207,8.328,3.405,2.420
1.28667,45.455,38.027,31.678,19.830,13.211,8.293,3.462,2.385
1.29000,45.452,38.083,31.702,19.916,13.253,8.271,3.491,2.354
1.29333,45.482,38.052,31.836,19.915,13.275,8.319,3.434,2.431
1.29667,45.592,38.174,31.785,19.934,13.257,8.269,3.474,2.394
1.30000,45.578,38.152,31.912,19.949,13.345,8.302,3.402,2.363
1.30333,45.664,38.173,31.869,19.995,13.261,8.333,3.410,2.439
1.30667,45.643,38.251,31.810,19.954,13.377,8.350,3.390,2.441
1.31000,45.804,38.310,31.940,20.041,13.368,8.370,3.458,2.498
1.31333,45.823,38.400,32.030,20.042,13.385,8.310,3.432,2.387
1.31667,45.857,38.339,31.988,20.061,13.433,8.333,3.490,2.452
1.32000,45.922,38.436,31.980,20.087,13.356,8.377,3.528,2.449
1.32333,45.892,38.512,32.009,20.088,13.444,8.408,3.460,2.413
1.32667,45.994,38.507,32.078,20.167,13.414,8.352,3.511,2.513
1.33000,46.053,38.590,32.123,20.132,13.466,8.406,3.469,2.484
1.33333,46.110,38.538,32.146,20.176,13.418,8.476,3.478,2.481
1.33667,46.094,38.536,32.216,20.254,13.515,8.406,3.486,2.421
1.34000,46.137,38.592,32.193,20.159,13.480,8.457,3.496,2.393
1.34333,46.184,38.714,32.271,20.190,13.558,8.409,3.448,2.423
1.34667,46.266,38.769,32.294,20.243,13.556,8.397,3.521,2.423
1.35000,46.332,38.713,32.304,20.285,13.516,8.435,3.530,2.457
1.35333,46.341,38.847,32.389,20.287,13.543,8.495,3.556,2.476
1.35667,46.408,38.892,32.380,20.372,13.555,8.502,3.484,2.479
1.36000,46.429,38.899,32.447,20.312,13.628,8.457,3.523,2.433
1.36333,46.526,38.942,32.481,20.322,13.634,8.490,3.540,2.514
1.36667,46.570,38.974,32.478,20.413,13.539,8.526,3.509,2.460
1.37000,46.602,39.065,32.520,20.404,13.637,8.476,3.497,2.491
1.37333,46.627,38.989,32.619,20.448,13.593,8.473,3.563,2.386
1.37667,46.702,39.138,32.611,20.449,13.650,8.560,3.485,2.425
1.38000,46.679,39.106,32.671,20.501,13.637,8.536,3.543,2.420
1.38333,46.756,39.196,32.670,20.460,13.685,8.501,3.561,2.417
1.38667,46.827,39.227,32.653,20.534,13.667,8.444,3.580,2.510
1.39000,46.835,39.233,32.752,20.602,13.715,8.477,3.578,2.448
1.39333,46.969,39.260,32.796,20.539,13.762,8.577,3.532,2.487
1.39667,47.012,39.361,32.834,20.607,13.715,8.638,3.542,2.465
1.40000,47.067,39.394,32.826,20.601,13.767,8.582,3.530,2.415
1.40333,47.085,39.449,32.912,20.604,13.747,8.583,3.604,2.432
1.40667,47.087,39.518,32.866,20.585,13.737,8.535,3.628,2.505
1.41000,47.183,39.486,33.009,20.630,13.832,8.569,3.613,2.529
1.41333,47.220,39.511,33.008,20.703,13.745,8.591,3.576,2.498
1.41667,47.297,39.593,33.110,20.746,13.817,8.629,3.543,2.510
1.42000,47.281,39.687,33.031,20.725,13.880,8.625,3.555,2.484
1.42333,47.355,39.669,33.083,20.714,13.795,8.664,3.553,2.449
1.42667,47.470,39.678,33.124,20.746,13.767,8.682,3.536,2.480
1.43000,47.437,39.731,33.175,20.845,13.886,8.597,3.654,2.524
1.43333,47.539,39.743,33.180,20.795,13.905,8.635,3.597,2.478
1.43667,47.598,39.868,33.243,20.868,13.901,8.630,3.660,2.470
1.44000,47.658,39.909,33.309,20.820,14.007,8.621,3.638,2.527
1.44333,47.657,39.923,33.250,20.858,13.911,8.657,3.646,2.580
1.44667,47.783,39.988,33.265,20.923,13.950,8.657,3.614,2.541
1.45000,47.740,39.992,33.351,20.999,13.929,8.741,3.704,2.516
1.45333,47.799,40.039,33.395,20.966,13.969,8.682,3.644,2.516
1.45667,47.848,40.056,33.460,20.983,13.997,8.706,3.645,2.400
1.46000,47.916,40.097,33.466,20.951,14.042,8.680,3.666,2.585
1.46333,47.959,40.180,33.503,20.996,13.999,8.739,3.677,2.475
1.46667,48.033,40.204,33.549,21.026,13.980,8.768,3.680,2.535
1.47000,48.067,40.214,33.558,21.034,14.063,8.698,3.683,2.537
1.47333,48.146,40.328,33.680,21.081,14.064,8.686,3.650,2.456
1.47667,48.214,40.331,33.663,21.146,14.084,8.728,3.708,2.467
1.48000,48.194,40.498,33.758,21.178,14.124,8.796,3.700,2.531
1.48333,48.271,40.463,33.743,21.161,14.084,8.728,3.623,2.469
1.48667,48.322,40.462,33.810,21.177,14.183,8.828,3.725,2.485
1.49000,48.439,40.512,33.796,21.251,14.133,8.789,3.727,2.547
1.49333,48.381,40.608,33.857,21.252,14.158,8.728,3.701,2.541
1.49667,48.414,40.655,33.917,21.226,14.124,8.814,3.690,2.564
1.50000,48.551,40.640,33.961,21.333,14.196,8.821,3.727,2.507
1.50333,48.579,40.684,34.024,21.301,14.208,8.813,3.721,2.531
1.50667,48.612,40.681,33.967,21.316,14.229,8.848,3.712,2.535
1.51000,48.677,40.767,33.987,21.352,14.265,8.767,3.637,2.580
1.51333,48.684,40.831,34.124,21.370,14.225,8.804,3.815,2.498
1.51667,48.801,40.825,34.097,21.350,14.283,8.876,3.783,2.530
1.52000,48.856,40.943,34.068,21.405,14.243,8.854,3.740,2.522
1.52333,48.834,40.959,34.287,21.488,14.337,8.826,3.761,2.510
1.52667,48.939,41.008,34.216,21.411,14.335,8.839,3.720,2.543
1.53000,48.967,41.062,34.247,21.466,14.392,8.887,3.749,2.582
1.53333,49.059,41.100,34.240,21.499,14.365,8.937,3.751,2.577
1.53667,49.042,41.141,34.326,21.537,14.333,8.899,3.779,2.542
1.54000,49.152,41.250,34.383,21.520,14.429,8.890,3.843,2.524
1.54333,49.246,41.230,34.388,21.631,14.378,8.915,3.811,2.584
1.54667,49.242,41.278,34.466,21.587,14.391,8.893,3.769,2.543
1.55000,49.302,41.302,34.506,21.627,14.404,8.981,3.830,2.620
1.55333,49.313,41.284,34.469,21.695,14.454,8.976,3.809,2.523
1.55667,49.346,41.382,34.569,21.654,14.477,8.933,3.791,2.625
1.56000,49.456,41.473,34.598,21.646,14.508,9.051,3.793,2.539
1.56333,49.524,41.515,34.713,21.725,14.467,8.976,3.810,2.544
1.56667,49.523,41.537,34.674,21.720,14.453,9.034,3.809,2.547
1.57000,49.548,41.553,34.694,21.732,14.519,8.925,3.829,2.580
1.57333,49.665,41.622,34.776,21.784,14.490,9.059,3.846,2.590
1.57667,49.690,41.690,34.728,21.750,14.563,9.020,3.769,2.578
1.58000,49.768,41.711,34.828,21.838,14.580,8.973,3.859,2.627
1.58333,49.786,41.828,34.854,21.839,14.614,9.056,3.768,2.596
1.58667,49.892,41.798,34.873,21.898,14.673,9.092,3.809,2.590
1.59000,49.912,41.816,34.875,21.898,14.606,9.030,3.825,2.521
1.59333,49.948,41.904,34.997,21.930,14.675,9.107,3.877,2.624
1.59667,50.064,41.955,35.072,21.923,14.663,9.042,3.825,2.661
1.60000,50.071,42.019,35.043,21.928,14.647,9.054,3.844,2.607
1.60333,50.057,42.047,35.074,22.004,14.677,9.036,3.890,2.589
1.60667,50.188,42.151,35.104,22.020,14.691,9.089,3.817,2.563
1.61000,50.243,42.181,35.169,21.970,14.754,9.134,3.890,2.589
1.61333,50.331,42.205,35.227,22.034,14.767,9.098,3.838,2.586
1.61667,50.407,42.294,35.281,22.133,14.739,9.116,3.845,2.622
1.62000,50.408,42.244,35.250,22.147,14.789,9.114,3.805,2.603
1.62333,50.470,42.329,35.277,22.131,14.773,9.101,3.847,2.570
1.62667,50.553,42.419,35.415,22.146,14.823,9.165,3.861,2.622
1.63000,50.612,42.383,35.419,22.141,14.768,9.192,3.930,2.619
1.63333,50.585,42.488,35.397,22.268,14.843,9.190,3.895,2.626
1.63667,50.674,42.517,35.441,22.267,14.870,9.168,3.949,2.635
1.64000,50.756,42.553,35.532,22.236,14.920,9.195,3.875,2.590
1.64333,50.806,42.604,35.593,22.315,14.851,9.180,3.868,2.589
1.64667,50.879,42.661,35.592,22.388,14.928,9.179,3.911,2.633
1.65000,50.932,42.718,35.648,22.372,14.956,9.239,3.953,2.660
1.65333,50.937,42.756,35.638,22.353,14.913,9.214,3.937,2.606
1.65667,51.018,42.822,35.730,22.398,14.938,9.207,3.925,2.671
1.66000,51.046,42.853,35.762,22.446,14.905,9.222,3.937,2.621
1.66333,51.086,42.913,35.809,22.406,14.951,9.196,3.913,2.648
1.66667,51.199,42.952,35.870,22.485,15.031,9.214,3.954,2.667
1.67000,51.226,42.912,35.869,22.536,15.016,9.214,3.973,2.689
1.67333,51.251,43.018,35.882,22.470,15.033,9.258,3.956,2.640
1.67667,51.300,43.129,35.971,22.519,15.049,9.256,3.991,2.582
1.68000,51.381,43.154,36.002,22.484,15.068,9.306,4.025,2.594
1.68333,51.423,43.135,35.983,22.584,15.094,9.355,3.995,2.633
1.68667,51.435,43.247,36.088,22.585,15.106,9.382,4.021,2.617
1.69000,51.575,43.319,36.135,22.647,15.160,9.342,3.977,2.635
1.69333,51.596,43.325,36.131,22.719,15.071,9.287,4.070,2.624
1.69667,51.630,43.336,36.161,22.750,15.185,9.356,3.995,2.645
1.70000,51.765,43.410,36.227,22.760,15.125,9.322,4.006,2.659
1.70333,51.800,43.431,36.238,22.686,15.090,9.349,4.017,2.683
1.70667,51.903,43.484,36.293,22.781,15.227,9.360,4.041,2.670
1.71000,51.917,43.470,36.354,22.753,15.227,9.391,3.933,2.631
1.71333,51.950,43.562,36.448,22.846,15.230,9.462,4.053,2.712
1.71667,51.990,43.619,36.481,22.804,15.290,9.358,4.058,2.618
1.72000,52.071,43.694,36.480,22.861,15.254,9.455,4.015,2.628
1.72333,52.144,43.786,36.572,22.906,15.248,9.359,4.033,2.636
1.72667,52.214,43.789,36.549,22.924,15.293,9.377,3.971,2.670
1.73000,52.208,43.835,36.591,22.956,15.311,9.442,4.054,2.697
1.73333,52.358,43.918,36.637,22.971,15.394,9.407,4.021,2.644
1.73667,52.347,43.953,36.653,23.056,15.342,9.429,4.040,2.666
1.74000,52.463,43.929,36.717,23.096,15.338,9.474,4.066,2.719
1.74333,52.432,43.980,36.804,23.040,15.440,9.529,4.077,2.682
1.74667,52.531,44.080,36.833,23.044,15.409,9.511,4.067,2.715
1.75000,52.601,44.124,36.826,23.138,15.467,9.486,4.081,2.694
1.75333,52.626,44.192,36.903,23.130,15.416,9.474,4.095,2.683
1.75667,52.706,44.265,36.894,23.089,15.439,9.558,4.071,2.717
1.76000,52.715,44.254,37.052,23.125,15.476,9.551,4.070,2.686
1.76333,52.811,44.355,36.976,23.207,15.518,9.506,4.124,2.712
1.76667,52.897,44.395,37.026,23.237,15.520,9.540,4.050,2.706
1.77000,52.931,44.449,37.052,23.237,15.529,9.501,4.106,2.794
1.77333,52.958,44.475,37.179,23.274,15.534,9.523,4.065,2.698
1.77667,53.070,44.537,37.198,23.342,15.528,9.521,4.105,2.733
1.78000,53.103,44.568,37.261,23.287,15.555,9.535,4.122,2.681
1.78333,53.129,44.606,37.292,23.331,15.663,9.649,4.145,2.754
1.78667,53.209,44.655,37.244,23.415,15.568,9.547,4.152,2.670
1.79000,53.263,44.716,37.364,23.384,15.665,9.562,4.129,2.752
1.79333,53.288,44.806,37.441,23.458,15.676,9.639,4.110,2.735
1.79667,53.364,44.858,37.424,23.453,15.639,9.619,4.199,2.782
1.80000,53.483,44.919,37.496,23.522,15.697,9.618,4.079,2.708
1.80333,53.515,44.904,37.481,23.456,15.733,9.654,4.181,2.697
1.80667,53.557,44.945,37.534,23.537,15.716,9.720,4.125,2.666
1.81000,53.603,45.018,37.616,23.544,15.747,9.655,4.098,2.751
1.81333,53.677,45.094,37.689,23.613,15.750,9.693,4.137,2.745
1.81667,53.785,45.138,37.752,23.639,15.796,9.669,4.190,2.746
1.82000,53.822,45.243,37.706,23.680,15.793,9.679,4.107,2.757
1.82333,53.868,45.251,37.842,23.639,15.835,9.697,4.130,2.739
1.82667,53.980,45.296,37.865,23.627,15.797,9.754,4.231,2.776
1.83000,54.007,45.395,37.828,23.738,15.910,9.722,4.251,2.755
1.83333,53.989,45.365,37.956,23.757,15.847,9.682,4.223,2.719
1.83667,54.082,45.435,37.908,23.762,15.873,9.724,4.207,2.734
1.84000,54.156,45.489,38.035,23.864,15.899,9.796,4.231,2.748
1.84333,54.265,45.518,38.000,23.917,15.920,9.773,4.226,2.735
1.84667,54.354,45.578,38.102,23.873,15.973,9.785,4.241,2.805
1.85000,54.310,45.649,38.131,23.919,15.924,9.774,4.302,2.777
1.85333,54.398,45.689,38.164,23.948,15.966,9.775,4.291,2.784
1.85667,54.521,45.719,38.194,23.961,16.038,9.782,4.269,2.743
1.86000,54.561,45.785,38.259,23.980,16.041,9.831,4.298,2.775
1.86333,54.607,45.816,38.277,23.966,15.951,9.774,4.307,2.796
1.86667,54.565,45.879,38.411,24.091,15.990,9.856,4.305,2.770
1.87000,54.661,46.005,38.349,24.077,16.094,9.794,4.300,2.787
1.87333,54.731,46.005,38.427,24.105,16.106,9.815,4.315,2.785
1.87667,54.881,46.094,38.471,24.192,16.125,9.844,4.275,2.784
1.88000,54.873,46.152,38.485,24.180,16.052,9.897,4.318,2.795
1.88333,54.943,46.142,38.554,24.251,16.197,9.880,4.295,2.746
1.88667,55.020,46.272,38.674,24.185,16.160,9.872,4.339,2.790
1.89000,55.037,46.279,38.649,24.250,16.194,9.902,4.307,2.751
1.89333,55.116,46.346,38.721,24.193,16.188,9.934,4.308,2.765
1.89667,55.231,46.378,38.737,24.312,16.154,9.970,4.355,2.765
1.90000,55.280,46.405,38.780,24.270,16.198,9.881,4.339,2.856
1.90333,55.323,46.476,38.875,24.340,16.175,9.961,4.390,2.813
1.90667,55.398,46.596,38.882,24.371,16.310,9.995,4.339,2.781
1.91000,55.474,46.628,38.955,24.337,16.274,9.977,4.324,2.792
1.91333,55.550,46.634,38.951,24.412,16.341,9.989,4.391,2.828
1.91667,55.646,46.742,38.984,24.405,16.343,9.971,4.325,2.866
1.92000,55.637,46.709,39.054,24.470,16.310,10.009,4.392,2.786
1.92333,55.704,46.785,39.053,24.494,16.386,10.014,4.402,2.840
1.92667,55.774,46.825,39.155,24.582,16.411,10.018,4.400,2.789
1.93000,55.847,46.883,39.194,24.617,16.380,10.051,4.376,2.776
1.93333,55.876,46.986,39.211,24.571,16.445,10.062,4.384,2.875
1.93667,55.964,46.970,39.252,24.589,16.422,10.043,4.347,2.854
1.94000,56.023,47.094,39.362,24.605,16.416,10.088,4.417,2.825
1.94333,56.043,47.143,39.297,24.724,16.556,10.097,4.423,2.830
1.94667,56.173,47.159,39.377,24.704,16.500,10.084,4.391,2.850
1.95000,56.178,47.254,39.462,24.702,16.467,10.108,4.466,2.822
1.95333,56.330,47.237,39.572,24.794,16.547,10.097,4.386,2.859
1.95667,56.363,47.313,39.511,24.772,16.521,10.116,4.393,2.833
1.96000,56.361,47.391,39.580,24.768,16.549,10.144,4.427,2.858
1.96333,56.464,47.459,39.561,24.798,16.584,10.116,4.458,2.875
1.96667,56.446,47.529,39.684,24.852,16.566,10.072,4.464,2.854
1.97000,56.618,47.628,39.720,24.906,16.636,10.096,4.417,2.909
1.97333,56.627,47.609,39.787,24.952,16.699,10.118,4.432,2.856
1.97667,56.698,47.596,39.828,24.934,16.695,10.133,4.429,2.864
1.98000,56.794,47.671,39.821,24.991,16.720,10.165,4.431,2.880
1.98333,56.852,47.790,39.969,25.002,16.726,10.266,4.470,2.842
1.98667,56.918,47.809,39.969,25.022,16.687,10.173,4.487,2.822
1.99000,57.002,47.863,40.051,25.099,16.781,10.201,4.480,2.881
1.99333,57.006,47.949,40.029,25.103,16.718,10.217,4.431,2.892
1.99667,57.092,47.985,40.083,25.110,16.762,10.211,4.519,2.843
2.00000,57.173,48.043,40.183,25.162,16.779,10.226,4.477,2.914
2.00333,57.235,48.090,40.197,25.157,16.869,10.279,4.512,2.919
2.00667,57.232,48.148,40.285,25.204,16.802,10.225,4.522,2.904
2.01000,57.378,48.230,40.296,25.282,16.868,10.244,4.528,2.923
2.01333,57.412,48.243,40.349,25.213,16.901,10.265,4.572,2.968
2.01667,57.478,48.302,40.345,25.317,16.857,10.284,4.457,2.893
2.02000,57.563,48.327,40.422,25.341,16.965,10.319,4.511,2.864
2.02333,57.620,48.460,40.484,25.394,16.922,10.348,4.579,2.900
2.02667,57.751,48.518,40.486,25.352,16.969,10.363,4.469,2.810
2.03000,57.753,48.453,40.582,25.387,16.986,10.342,4.457,2.884
2.03333,57.763,48.657,40.612,25.528,16.982,10.418,4.603,2.920
2.03667,57.914,48.641,40.637,25.486,17.026,10.344,4.616,2.950
2.04000,57.987,48.755,40.720,25.501,17.016,10.352,4.615,2.866
2.04333,58.089,48.817,40.795,25.551,17.098,10.381,4.564,2.906
2.04667,58.142,48.891,40.822,25.635,17.049,10.382,4.619,2.848
2.05000,58.271,49.008,40.980,25.736,17.120,10.425,4.657,2.898
2.05333,58.371,49.085,41.127,25.726,17.168,10.418,4.622,2.964
2.05667,58.590,49.197,41.187,25.812,17.180,10.521,4.620,2.908
2.06000,58.677,49.333,41.269,25.878,17.220,10.463,4.612,2.919
2.06333,58.940,49.496,41.530,26.048,17.281,10.482,4.627,2.922
2.06667,59.207,49.698,41.791,26.142,17.289,10.480,4.606,2.915
2.07000,59.578,49.958,42.039,26.425,17.426,10.471,4.626,2.969
2.07333,59.997,50.302,42.428,26.653,17.498,10.449,4.603,2.939
2.07667,60.544,50.680,42.878,26.877,17.619,10.587,4.625,2.948
2.08000,61.260,51.105,43.484,27.304,17.767,10.566,4.681,2.956
2.08333,62.144,51.792,44.309,27.733,17.863,10.597,4.616,2.893
2.08667,63.141,52.468,45.138,28.402,18.065,10.677,4.661,2.906
2.09000,64.428,53.425,46.307,29.071,18.293,10.688,4.695,3.032
2.09333,66.022,54.503,47.646,30.003,18.580,10.760,4.711,2.955
2.09667,67.907,55.852,49.332,30.982,18.945,10.795,4.750,2.961
2.10000,70.115,57.403,51.173,32.225,19.459,10.921,4.792,2.953
2.10333,72.665,59.274,53.538,33.630,19.863,10.970,4.912,2.935
2.10667,75.716,61.358,56.151,35.293,20.392,11.068,4.809,3.010
2.11000,79.159,63.774,59.120,37.253,20.970,11.196,4.952,3.047
2.11333,82.885,66.454,62.540,39.352,21.642,11.345,4.942,2.975
2.11667,87.155,69.352,66.218,41.701,22.439,11.530,5.031,3.056
2.12000,91.759,72.674,70.291,44.329,23.377,11.586,5.088,3.031
2.12333,96.796,76.236,74.731,47.142,24.259,11.769,5.097,3.059
2.12667,102.135,79.944,79.428,50.121,25.278,11.938,5.045,3.045
2.13000,107.661,83.839,84.214,53.207,26.245,12.176,5.187,3.132
2.13333,113.353,87.919,89.245,56.391,27.340,12.380,5.246,3.122
2.13667,119.123,91.922,94.389,59.638,28.365,12.476,5.355,3.103
2.14000,124.888,95.907,99.416,62.894,29.325,12.652,5.362,3.119
2.14333,130.445,99.783,104.276,65.977,30.369,12.740,5.429,3.113
2.14667,135.679,103.450,108.870,68.913,31.346,13.017,5.519,3.162
2.15000,140.452,106.833,113.073,71.611,32.177,13.188,5.565,3.156
2.15333,144.773,109.851,116.742,73.980,33.033,13.299,5.581,3.143
2.15667,148.390,112.456,120.021,76.041,33.648,13.398,5.624,3.171
2.16000,151.359,114.562,122.676,77.692,34.195,13.539,5.676,3.233
2.16333,153.567,116.115,124.505,78.863,34.560,13.588,5.729,3.232
2.16667,154.894,117.072,125.723,79.717,34.883,13.598,5.764,3.230
2.17000,155.480,117.446,126.190,79.991,35.047,13.658,5.739,3.241
2.17333,155.170,117.290,125.980,79.822,34.946,13.686,5.771,3.148
2.17667,154.082,116.501,124.977,79.167,34.727,13.704,5.678,3.237
2.18000,152.253,115.241,123.283,78.116,34.438,13.614,5.753,3.241
2.18333,149.734,113.488,121.076,76.728,33.926,13.568,5.727,3.178
2.18667,146.631,111.367,118.278,74.862,33.367,13.427,5.694,3.188
2.19000,142.940,108.764,115.103,72.870,32.713,13.336,5.642,3.165
2.19333,138.925,105.898,111.601,70.625,32.066,13.196,5.631,3.154
2.19667,134.648,102.992,107.704,68.264,31.325,13.110,5.584,3.227
2.20000,130.011,99.683,103.657,65.656,30.447,13.003,5.538,3.223
2.20333,125.382,96.429,99.547,62.974,29.635,12.829,5.471,3.126
2.20667,120.543,93.178,95.351,60.341,28.759,12.762,5.412,3.178
2.21000,115.943,89.898,91.254,57.715,27.983,12.603,5.421,3.139
2.21333,111.405,86.657,87.218,55.168,27.035,12.463,5.375,3.188
2.21667,107.061,83.648,83.413,52.669,26.301,12.340,5.354,3.118
2.22000,102.854,80.787,79.657,50.365,25.550,12.238,5.292,3.137
2.22333,98.900,77.944,76.184,48.114,24.891,12.045,5.343,3.095
2.22667,95.181,75.519,72.909,46.002,24.171,12.028,5.230,3.093
2.23000,91.873,73.076,69.977,44.124,23.675,11.921,5.216,3.210
2.23333,88.654,70.933,67.156,42.414,23.051,11.833,5.179,3.053
2.23667,85.866,68.843,64.711,40.720,22.576,11.762,5.119,3.152
2.24000,83.215,67.128,62.375,39.309,22.077,11.741,5.096,3.105
2.24333,80.916,65.447,60.255,37.948,21.645,11.649,5.113,3.095
2.24667,78.842,64.050,58.438,36.822,21.356,11.540,5.145,3.077
2.25000,76.999,62.730,56.743,35.750,20.957,11.541,5.139,3.143
2.25333,75.331,61.603,55.311,34.762,20.746,11.577,5.112,3.141
2.25667,73.857,60.602,53.971,33.977,20.426,11.426,5.028,3.088
2.26000,72.575,59.619,52.856,33.268,20.243,11.389,5.098,3.066
2.26333,71.543,58.888,51.919,32.540,20.043,11.438,5.078,3.104
2.26667,70.448,58.219,50.963,32.028,19.873,11.367,5.086,3.133
2.27000,69.588,57.659,50.251,31.537,19.683,11.336,5.027,3.139
2.27333,68.790,57.106,49.600,31.132,19.605,11.401,5.014,3.142
2.27667,68.156,56.687,48.952,30.743,19.549,11.363,5.107,3.142
2.28000,67.638,56.268,48.404,30.325,19.330,11.351,5.109,3.145
2.28333,67.135,55.930,47.994,30.107,19.269,11.324,5.103,3.125
2.28667,66.717,55.678,47.566,29.857,19.187,11.309,5.012,3.111
2.29000,66.277,55.396,47.240,29.668,19.106,11.252,5.025,3.086
2.29333,65.970,55.243,46.980,29.522,19.090,11.425,5.035,3.128
2.29667,65.689,55.025,46.731,29.366,19.100,11.276,5.102,3.165
2.30000,65.506,54.908,46.623,29.170,19.059,11.368,5.011,3.111
2.30333,65.333,54.787,46.409,29.053,19.017,11.323,5.065,3.089
2.30667,65.268,54.787,46.334,29.020,18.993,11.336,5.025,3.217
2.31000,65.086,54.733,46.243,28.926,18.962,11.311,5.101,3.148
2.31333,65.060,54.664,46.301,28.869,18.958,11.388,5.106,3.151
2.31667,65.041,54.704,46.293,28.858,18.944,11.390,5.082,3.174
2.32000,64.955,54.780,46.400,28.851,18.917,11.403,5.056,3.149
2.32333,65.016,54.947,46.549,28.902,19.029,11.443,5.114,3.159
2.32667,65.133,55.138,46.835,29.019,19.013,11.465,5.101,3.148
2.33000,65.262,55.463,47.240,29.119,18.998,11.429,5.107,3.227
2.33333,65.349,55.835,47.708,29.202,19.054,11.381,5.143,3.110
2.33667,65.637,56.383,48.440,29.473,19.092,11.451,5.116,3.204
2.34000,65.991,56.936,49.293,29.707,19.186,11.390,5.172,3.194
2.34333,66.325,57.752,50.324,30.054,19.298,11.484,5.128,3.168
2.34667,66.815,58.745,51.766,30.490,19.313,11.479,5.188,3.262
2.35000,67.393,59.969,53.441,30.991,19.430,11.452,5.177,3.146
2.35333,68.215,61.354,55.504,31.557,19.490,11.567,5.210,3.185
2.35667,69.120,63.162,57.980,32.294,19.640,11.548,5.188,3.173
2.36000,70.077,65.199,60.862,33.249,19.858,11.570,5.170,3.214
2.36333,71.338,67.629,64.209,34.224,20.078,11.673,5.223,3.207
2.36667,72.599,70.320,68.045,35.375,20.227,11.633,5.234,3.253
2.37000,74.162,73.426,72.461,36.745,20.442,11.653,5.232,3.203
2.37333,76.018,76.851,77.430,38.244,20.735,11.672,5.240,3.193
2.37667,77.851,80.735,82.855,39.886,21.001,11.716,5.288,3.297
2.38000,79.981,85.017,88.924,41.715,21.285,11.801,5.329,3.214
2.38333,82.350,89.495,95.297,43.652,21.584,11.755,5.325,3.244
2.38667,84.726,94.233,102.027,45.743,21.900,11.875,5.287,3.294
2.39000,87.167,99.245,109.132,47.828,22.302,11.934,5.369,3.225
2.39333,89.720,104.296,116.397,50.074,22.682,11.998,5.426,3.260
2.39667,92.315,109.479,123.709,52.277,23.061,12.058,5.409,3.274
2.40000,94.921,114.581,131.001,54.426,23.436,12.119,5.441,3.316
2.40333,97.397,119.566,137.961,56.533,23.873,12.073,5.426,3.305
2.40667,99.714,124.226,144.693,58.675,24.119,12.165,5.496,3.300
2.41000,101.954,128.622,150.834,60.534,24.407,12.232,5.509,3.348
2.41333,103.833,132.525,156.331,62.161,24.730,12.219,5.492,3.315
2.41667,105.512,135.821,161.078,63.616,24.911,12.293,5.478,3.382
2.42000,106.991,138.587,164.918,64.807,25.244,12.338,5.551,3.294
2.42333,108.032,140.625,167.857,65.674,25.253,12.317,5.565,3.325
2.42667,108.762,141.971,169.725,66.306,25.449,12.396,5.566,3.412
2.43000,109.038,142.606,170.588,66.553,25.523,12.370,5.527,3.403
2.43333,109.015,142.503,170.438,66.526,25.548,12.469,5.589,3.421
2.43667,108.755,141.715,169.209,66.192,25.466,12.387,5.602,3.374
2.44000,108.035,140.223,167.047,65.597,25.429,12.342,5.603,3.391
2.44333,107.066,138.120,164.055,64.648,25.274,12.367,5.549,3.450
2.44667,105.835,135.543,160.212,63.558,25.165,12.349,5.587,3.382
2.45000,104.314,132.487,155.850,62.210,24.852,12.357,5.577,3.391
2.45333,102.673,128.957,150.905,60.729,24.635,12.356,5.517,3.417
2.45667,100.815,125.128,145.386,59.120,24.506,12.344,5.566,3.359
2.46000,98.913,121.181,139.646,57.370,24.213,12.324,5.603,3.283
2.46333,96.984,117.082,133.750,55.616,23.946,12.299,5.605,3.429
2.46667,94.929,112.863,127.748,53.828,23.603,12.266,5.593,3.361
2.47000,92.875,108.686,121.734,52.023,23.401,12.322,5.557,3.295
2.47333,90.900,104.591,115.820,50.294,23.118,12.311,5.516,3.388
2.47667,88.979,100.628,110.106,48.573,22.923,12.238,5.442,3.359
2.48000,87.086,96.869,104.661,46.904,22.611,12.217,5.498,3.388
2.48333,85.359,93.168,99.409,45.404,22.391,12.235,5.564,3.354
2.48667,83.787,89.793,94.640,43.933,22.170,12.245,5.493,3.355
2.49000,82.225,86.658,89.939,42.588,21.959,12.140,5.513,3.341
2.49333,80.872,83.707,85.721,41.277,21.802,12.148,5.506,3.331
2.49667,79.520,80.950,81.840,40.146,21.590,12.221,5.452,3.348
2.50000,78.452,78.592,78.373,39.110,21.529,12.143,5.525,3.280
2.50333,77.399,76.355,75.134,38.230,21.413,12.133,5.511,3.370
2.50667,76.386,74.332,72.206,37.324,21.160,12.188,5.548,3.313
2.51000,75.564,72.541,69.619,36.592,21.148,12.186,5.473,3.396
2.51333,74.854,70.880,67.227,35.876,21.110,12.166,5.581,3.342
2.51667,74.141,69.513,65.090,35.259,20.993,12.136,5.549,3.346
2.52000,73.568,68.160,63.298,34.753,20.894,12.156,5.470,3.293
2.52333,73.029,67.097,61.592,34.301,20.871,12.177,5.557,3.300
2.52667,72.637,66.038,60.162,33.807,20.743,12.173,5.511,3.295
2.53000,72.251,65.136,58.785,33.432,20.771,12.223,5.542,3.350
2.53333,71.882,64.399,57.697,33.109,20.709,12.184,5.522,3.342
2.53667,71.632,63.777,56.681,32.900,20.694,12.175,5.513,3.349
2.54000,71.387,63.105,55.848,32.567,20.688,12.212,5.574,3.274
2.54333,71.092,62.609,54.983,32.408,20.646,12.253,5.576,3.343
2.54667,70.958,62.198,54.328,32.244,20.586,12.213,5.521,3.348
2.55000,70.814,61.757,53.727,32.086,20.603,12.267,5.584,3.348
2.55333,70.706,61.369,53.187,31.974,20.669,12.326,5.555,3.308
2.55667,70.627,61.152,52.774,31.825,20.584,12.278,5.536,3.394
2.56000,70.514,60.877,52.358,31.638,20.610,12.192,5.652,3.338
2.56333,70.478,60.758,52.025,31.563,20.620,12.307,5.594,3.404
2.56667,70.394,60.543,51.743,31.568,20.613,12.273,5.626,3.397
2.57000,70.436,60.355,51.482,31.451,20.613,12.284,5.608,3.394
2.57333,70.487,60.280,51.285,31.408,20.668,12.341,5.695,3.418
2.57667,70.426,60.141,51.092,31.423,20.685,12.335,5.657,3.389
2.58000,70.397,60.068,50.864,31.404,20.653,12.374,5.645,3.413
2.58333,70.423,59.958,50.849,31.348,20.715,12.406,5.709,3.431
2.58667,70.480,59.945,50.652,31.291,20.741,12.414,5.659,3.440
2.59000,70.439,59.938,50.613,31.302,20.766,12.382,5.683,3.339
2.59333,70.517,59.884,50.494,31.323,20.781,12.415,5.683,3.334
2.59667,70.559,59.900,50.434,31.301,20.783,12.381,5.655,3.431
2.60000,70.604,59.964,50.427,31.339,20.822,12.414,5.638,3.363
2.60333,70.695,59.869,50.381,31.369,20.762,12.506,5.672,3.453
2.60667,70.746,59.901,50.362,31.389,20.849,12.441,5.677,3.392
2.61000,70.832,59.960,50.392,31.408,20.852,12.484,5.664,3.442
2.61333,70.904,59.984,50.268,31.385,20.899,12.530,5.684,3.398
2.61667,70.914,59.986,50.435,31.402,20.873,12.466,5.682,3.393
2.62000,70.878,59.952,50.358,31.459,20.913,12.470,5.732,3.418
2.62333,71.107,60.084,50.405,31.511,20.934,12.496,5.731,3.405
2.62667,71.143,60.108,50.361,31.454,20.995,12.520,5.732,3.411
2.63000,71.178,60.135,50.476,31.552,21.011,12.572,5.719,3.410
2.63333,71.231,60.224,50.462,31.550,21.015,12.586,5.763,3.344
2.63667,71.380,60.253,50.538,31.583,21.063,12.549,5.744,3.485
2.64000,71.427,60.349,50.473,31.545,21.102,12.638,5.776,3.467
2.64333,71.570,60.346,50.587,31.658,21.110,12.545,5.776,3.473
2.64667,71.532,60.496,50.625,31.662,21.131,12.626,5.874,3.493
2.65000,71.588,60.477,50.598,31.764,21.179,12.644,5.783,3.442
2.65333,71.763,60.620,50.743,31.744,21.121,12.621,5.744,3.417
2.65667,71.776,60.669,50.786,31.753,21.180,12.602,5.835,3.505
2.66000,71.954,60.715,50.839,31.804,21.223,12.668,5.792,3.482
2.66333,71.944,60.803,50.841,31.795,21.250,12.670,5.808,3.409
2.66667,72.057,60.762,50.911,31.871,21.281,12.725,5.825,3.434
2.67000,72.159,60.808,50.954,31.983,21.293,12.721,5.910,3.516
2.67333,72.243,60.989,51.052,31.975,21.330,12.722,5.873,3.469
2.67667,72.329,61.000,51.031,31.968,21.320,12.763,5.795,3.417
2.68000,72.294,61.034,51.137,31.996,21.319,12.698,5.873,3.456
2.68333,72.485,61.108,51.167,32.022,21.375,12.799,5.909,3.475
2.68667,72.490,61.233,51.328,32.114,21.394,12.818,5.868,3.417
2.69000,72.623,61.227,51.269,32.130,21.443,12.848,5.935,3.560
2.69333,72.744,61.382,51.375,32.180,21.437,12.830,5.901,3.437
2.69667,72.789,61.377,51.451,32.214,21.552,12.843,5.883,3.464
2.70000,72.911,61.482,51.436,32.245,21.524,12.866,5.936,3.564
2.70333,72.887,61.552,51.508,32.289,21.562,12.868,5.884,3.517
2.70667,73.004,61.618,51.600,32.296,21.489,12.863,5.910,3.537
2.71000,73.103,61.701,51.638,32.331,21.639,12.923,5.902,3.523
2.71333,73.163,61.767,51.662,32.458,21.565,12.880,5.901,3.547
2.71667,73.341,61.800,51.785,32.482,21.663,12.894,5.962,3.573
2.72000,73.402,61.990,51.878,32.471,21.654,12.944,6.005,3.539
2.72333,73.468,61.980,51.935,32.477,21.669,12.927,5.923,3.537
2.72667,73.522,62.071,51.946,32.561,21.750,12.942,5.959,3.602
2.73000,73.645,62.202,52.061,32.571,21.736,12.967,5.983,3.526
2.73333,73.776,62.264,52.050,32.639,21.788,13.055,5.966,3.552
2.73667,73.818,62.312,52.152,32.673,21.814,12.902,5.986,3.555
2.74000,73.909,62.365,52.198,32.692,21.841,12.988,5.984,3.525
2.74333,74.033,62.435,52.295,32.720,21.885,13.031,5.979,3.487
2.74667,74.005,62.427,52.283,32.820,21.841,13.038,6.002,3.546
2.75000,74.188,62.613,52.355,32.929,21.873,13.048,6.011,3.609
2.75333,74.240,62.667,52.530,32.840,21.895,13.088,6.019,3.566
2.75667,74.361,62.737,52.542,32.887,21.903,13.118,6.000,3.587
2.76000,74.384,62.753,52.576,32.921,22.006,13.072,6.008,3.659
2.76333,74.524,62.835,52.661,32.965,22.049,13.168,6.074,3.609
2.76667,74.559,62.929,52.677,33.008,22.054,13.143,6.098,3.563
2.77000,74.707,63.020,52.828,33.074,22.114,13.158,6.081,3.563
2.77333,74.692,63.191,52.791,33.094,22.084,13.205,6.105,3.599
2.77667,74.808,63.206,52.902,33.143,22.129,13.214,6.122,3.561
2.78000,74.950,63.186,52.950,33.172,22.152,13.113,6.076,3.558
2.78333,75.009,63.340,53.025,33.255,22.133,13.267,6.094,3.582
2.78667,75.114,63.428,53.094,33.232,22.172,13.153,6.094,3.500
2.79000,75.179,63.454,53.218,33.315,22.194,13.192,6.187,3.608
2.79333,75.295,63.555,53.178,33.282,22.272,13.203,6.125,3.673
2.79667,75.428,63.683,53.262,33.393,22.303,13.223,6.113,3.612
2.80000,75.445,63.677,53.391,33.376,22.260,13.288,6.121,3.637
2.80333,75.607,63.769,53.384,33.462,22.325,13.306,6.166,3.647
2.80667,75.687,63.886,53.520,33.495,22.334,13.334,6.185,3.617
2.81000,75.701,63.918,53.612,33.542,22.309,13.310,6.163,3.657
2.81333,75.864,64.009,53.623,33.562,22.413,13.333,6.179,3.561
2.81667,75.903,64.095,53.685,33.662,22.448,13.338,6.162,3.578
2.82000,76.032,64.138,53.755,33.664,22.531,13.384,6.138,3.619
2.82333,76.068,64.308,53.775,33.754,22.526,13.385,6.217,3.592
2.82667,76.224,64.285,53.830,33.705,22.530,13.325,6.214,3.614
2.83000,76.315,64.369,53.909,33.708,22.586,13.366,6.169,3.660
2.83333,76.335,64.479,53.991,33.793,22.601,13.356,6.200,3.635
2.83667,76.400,64.574,54.034,33.857,22.626,13.421,6.257,3.659
2.84000,76.529,64.618,54.108,33.884,22.642,13.439,6.254,3.678
2.84333,76.550,64.709,54.114,33.905,22.599,13.464,6.269,3.649
2.84667,76.685,64.774,54.262,34.020,22.675,13.496,6.297,3.626
2.85000,76.794,64.869,54.304,33.958,22.651,13.489,6.328,3.673
2.85333,76.963,64.959,54.357,34.058,22.701,13.512,6.253,3.681
2.85667,76.999,65.012,54.397,34.124,22.683,13.514,6.256,3.721
2.86000,77.057,65.049,54.518,34.128,22.812,13.490,6.300,3.658
2.86333,77.224,65.142,54.565,34.165,22.860,13.581,6.331,3.666
2.86667,77.344,65.237,54.622,34.227,22.820,13.550,6.291,3.681
2.87000,77.384,65.275,54.662,34.200,22.850,13.560,6.270,3.704
2.87333,77.504,65.356,54.731,34.314,22.909,13.555,6.322,3.664
2.87667,77.519,65.411,54.790,34.378,22.925,13.617,6.298,3.730
2.88000,77.601,65.584,54.890,34.461,22.941,13.669,6.239,3.752
2.88333,77.683,65.658,54.979,34.453,23.055,13.665,6.299,3.671
2.88667,77.826,65.743,54.979,34.481,22.989,13.669,6.337,3.751
2.89000,77.881,65.847,55.067,34.484,23.039,13.656,6.395,3.748
2.89333,77.951,65.855,55.155,34.523,23.110,13.665,6.315,3.688
2.89667,78.141,65.964,55.219,34.652,23.150,13.689,6.343,3.744
2.90000,78.194,66.006,55.319,34.621,23.089,13.720,6.428,3.765
2.90333,78.260,66.103,55.304,34.667,23.116,13.726,6.408,3.663
2.90667,78.340,66.258,55.378,34.683,23.188,13.833,6.438,3.789
2.91000,78.386,66.286,55.519,34.735,23.196,13.741,6.401,3.764
2.91333,78.469,66.345,55.545,34.778,23.213,13.819,6.409,3.689
2.91667,78.613,66.391,55.593,34.831,23.263,13.820,6.370,3.765
2.92000,78.709,66.485,55.693,34.894,23.270,13.852,6.424,3.681
2.92333,78.827,66.579,55.771,34.880,23.281,13.834,6.424,3.809
2.92667,78.945,66.699,55.794,34.947,23.367,13.856,6.395,3.727
2.93000,79.007,66.663,55.883,35.013,23.354,13.898,6.476,3.740
2.93333,79.059,66.765,55.949,35.085,23.371,13.873,6.473,3.755
2.93667,79.233,66.833,56.063,35.071,23.389,13.857,6.477,3.717
2.94000,79.277,67.011,56.054,35.134,23.366,13.917,6.468,3.764
2.94333,79.373,67.015,56.160,35.203,23.513,13.975,6.447,3.740
2.94667,79.469,67.118,56.245,35.170,23.502,13.882,6.547,3.829
2.95000,79.532,67.167,56.277,35.230,23.467,13.995,6.605,3.776
2.95333,79.632,67.285,56.375,35.233,23.535,13.929,6.534,3.821
2.95667,79.675,67.372,56.432,35.323,23.612,14.039,6.548,3.736
2.96000,79.783,67.468,56.418,35.398,23.618,13.964,6.456,3.787
2.96333,79.875,67.468,56.458,35.425,23.717,13.999,6.511,3.780
2.96667,79.978,67.546,56.599,35.475,23.659,14.027,6.589,3.791
2.97000,80.076,67.689,56.702,35.517,23.693,14.059,6.567,3.756
2.97333,80.226,67.774,56.765,35.555,23.688,14.082,6.546,3.802
2.97667,80.302,67.852,56.824,35.646,23.790,14.045,6.564,3.758
2.98000,80.398,67.931,56.848,35.607,23.867,14.105,6.573,3.810
2.98333,80.460,67.993,56.938,35.751,23.767,14.078,6.578,3.755
2.98667,80.540,68.021,57.062,35.687,23.872,14.066,6.549,3.810
2.99000,80.672,68.136,57.073,35.741,23.888,14.230,6.591,3.830
2.99333,80.768,68.200,57.149,35.825,23.886,14.205,6.558,3.846
2.99667,80.800,68.314,57.235,35.849,23.916,14.140,6.647,3.864
3.00000,80.912,68.399,57.281,35.905,24.000,14.218,6.613,3.836
3.00333,81.111,68.489,57.329,35.950,23.995,14.166,6.628,3.853
3.00667,81.171,68.587,57.446,36.000,23.972,14.186,6.622,3.799
3.01000,81.222,68.608,57.430,36.010,23.974,14.180,6.708,3.802
3.01333,81.326,68.749,57.599,36.053,24.038,14.180,6.601,3.812
3.01667,81.446,68.793,57.662,36.098,24.080,14.189,6.697,3.835
3.02000,81.520,68.853,57.719,36.161,24.116,14.248,6.717,3.838
3.02333,81.545,68.929,57.734,36.156,24.166,14.323,6.660,3.856
3.02667,81.726,68.988,57.833,36.187,24.147,14.376,6.735,3.897
3.03000,81.733,69.088,57.916,36.335,24.219,14.263,6.715,3.789
3.03333,81.880,69.218,57.913,36.290,24.223,14.345,6.671,3.899
3.03667,82.033,69.346,58.031,36.411,24.245,14.331,6.757,3.928
3.04000,82.102,69.375,58.119,36.391,24.262,14.396,6.740,3.838
3.04333,82.153,69.503,58.175,36.501,24.372,14.371,6.722,3.911
3.04667,82.248,69.528,58.182,36.499,24.404,14.433,6.754,3.862
3.05000,82.394,69.657,58.336,36.597,24.389,14.420,6.760,3.878
3.05333,82.537,69.700,58.441,36.618,24.433,14.380,6.752,3.905
3.05667,82.546,69.759,58.428,36.601,24.396,14.468,6.755,3.888
3.06000,82.627,69.895,58.573,36.638,24.519,14.472,6.760,3.908
3.06333,82.779,69.963,58.530,36.701,24.480,14.470,6.791,3.874
3.06667,82.876,70.049,58.695,36.783,24.465,14.469,6.818,3.966
3.07000,82.948,70.095,58.816,36.697,24.591,14.540,6.742,3.842
3.07333,83.094,70.173,58.784,36.781,24.583,14.492,6.835,3.922
3.07667,83.099,70.227,58.837,36.879,24.599,14.531,6.896,3.927
3.08000,83.212,70.377,58.898,36.934,24.638,14.586,6.847,3.940
3.08333,83.331,70.500,58.971,36.973,24.752,14.641,6.825,3.892
3.08667,83.420,70.442,59.072,36.978,24.658,14.610,6.825,3.862
3.09000,83.481,70.626,59.154,37.011,24.714,14.599,6.842,3.896
3.09333,83.654,70.626,59.210,37.073,24.737,14.602,6.853,3.941
3.09667,83.669,70.775,59.290,37.111,24.807,14.592,6.908,3.930
3.10000,83.797,70.915,59.330,37.205,24.773,14.704,6.942,3.971
3.10333,83.968,70.927,59.451,37.275,24.813,14.733,6.884,3.898
3.10667,83.988,70.977,59.512,37.286,24.869,14.706,6.985,3.926
3.11000,84.059,71.075,59.529,37.313,24.874,14.683,6.991,3.995
3.11333,84.203,71.180,59.671,37.351,24.970,14.700,6.943,3.900
3.11667,84.344,71.279,59.725,37.409,24.940,14.754,6.979,3.955
3.12000,84.410,71.358,59.732,37.537,25.010,14.748,6.963,3.959
3.12333,84.483,71.454,59.834,37.472,24.959,14.783,6.930,3.970
3.12667,84.675,71.514,59.902,37.502,25.045,14.794,6.984,3.968
3.13000,84.647,71.597,59.972,37.546,25.037,14.845,6.941,3.964
3.13333,84.828,71.680,60.074,37.606,25.125,14.832,6.910,3.994
3.13667,84.868,71.689,60.113,37.641,25.149,14.815,7.001,4.018
3.14000,84.946,71.860,60.172,37.716,25.160,14.803,7.039,4.021
3.14333,85.078,71.901,60.247,37.691,25.222,14.815,6.931,3.952
3.14667,85.185,72.038,60.360,37.850,25.255,14.884,7.000,3.935
3.15000,85.269,72.063,60.379,37.815,25.294,14.844,6.989,4.038
3.15333,85.326,72.133,60.485,37.946,25.343,14.913,7.015,3.999
3.15667,85.502,72.260,60.567,37.932,25.306,14.941,7.013,4.018
3.16000,85.509,72.308,60.598,37.913,25.363,14.888,6.960,4.096
3.16333,85.687,72.403,60.697,37.981,25.343,14.969,7.031,3.947
3.16667,85.798,72.534,60.792,38.067,25.444,15.004,7.048,4.006
3.17000,85.827,72.600,60.874,38.169,25.427,15.017,7.067,4.031
3.17333,86.009,72.699,60.945,38.195,25.415,14.988,7.106,4.019
3.17667,86.053,72.795,60.979,38.172,25.489,15.007,7.057,4.006
3.18000,86.212,72.823,61.069,38.275,25.559,15.094,7.091,4.038
3.18333,86.243,73.004,61.116,38.303,25.553,15.061,7.120,4.055
3.18667,86.387,73.064,61.231,38.346,25.538,15.081,7.104,4.040
3.19000,86.407,73.153,61.276,38.385,25.559,15.086,7.108,4.089
3.19333,86.576,73.209,61.290,38.394,25.650,15.135,7.172,4.059
3.19667,86.733,73.299,61.437,38.509,25.588,15.161,7.139,4.004
3.20000,86.720,73.388,61.522,38.510,25.733,15.136,7.110,4.052
3.20333,86.866,73.491,61.533,38.605,25.727,15.143,7.166,4.053
3.20667,86.975,73.547,61.626,38.597,25.793,15.169,7.150,4.062
3.21000,87.043,73.635,61.689,38.601,25.799,15.174,7.150,4.102
3.21333,87.176,73.763,61.799,38.635,25.782,15.165,7.231,4.026
3.21667,87.246,73.751,61.924,38.763,25.835,15.217,7.220,4.047
3.22000,87.324,73.899,61.809,38.783,25.886,15.215,7.282,4.077
3.22333,87.504,73.961,61.992,38.823,25.967,15.305,7.201,4.076
3.22667,87.557,74.035,62.081,38.928,25.862,15.269,7.296,4.133
3.23000,87.657,74.147,62.134,38.886,25.967,15.299,7.293,4.083
3.23333,87.786,74.229,62.255,38.936,25.960,15.359,7.195,4.081
3.23667,87.874,74.372,62.288,39.029,25.995,15.380,7.353,4.140
3.24000,87.979,74.393,62.340,39.035,26.087,15.310,7.264,4.112
3.24333,88.148,74.544,62.430,39.115,26.039,15.347,7.266,4.088
3.24667,88.164,74.585,62.534,39.133,26.110,15.295,7.262,4.045
3.25000,88.313,74.700,62.597,39.206,26.194,15.342,7.267,4.118
3.25333,88.339,74.803,62.693,39.232,26.151,15.435,7.342,4.118
3.25667,88.458,74.868,62.740,39.330,26.181,15.453,7.352,4.138
3.26000,88.576,74.880,62.749,39.328,26.177,15.457,7.360,4.144
3.26333,88.707,75.018,62.865,39.359,26.299,15.498,7.299,4.163
3.26667,88.885,75.132,62.930,39.463,26.321,15.455,7.299,4.111
3.27000,88.900,75.222,63.007,39.511,26.343,15.520,7.379,4.161
3.27333,89.022,75.269,63.075,39.605,26.378,15.453,7.331,4.122
3.27667,89.129,75.319,63.181,39.589,26.404,15.509,7.380,4.181
3.28000,89.173,75.485,63.242,39.620,26.452,15.560,7.367,4.213
3.28333,89.315,75.543,63.354,39.652,26.454,15.562,7.359,4.147
3.28667,89.313,75.630,63.306,39.764,26.434,15.584,7.376,4.151
3.29000,89.565,75.652,63.470,39.788,26.459,15.600,7.407,4.164
3.29333,89.612,75.755,63.551,39.747,26.582,15.603,7.361,4.139
3.29667,89.683,75.881,63.566,39.839,26.620,15.594,7.418,4.232
3.30000,89.761,76.016,63.672,39.897,26.673,15.652,7.497,4.206
3.30333,89.923,76.072,63.794,39.910,26.588,15.579,7.488,4.228
3.30667,90.007,76.195,63.821,39.921,26.668,15.731,7.443,4.221
3.31000,90.138,76.203,63.914,40.100,26.669,15.626,7.420,4.206
3.31333,90.228,76.281,63.928,40.056,26.730,15.666,7.454,4.249
3.31667,90.268,76.369,64.028,40.084,26.746,15.716,7.417,4.239
3.32000,90.443,76.522,64.112,40.121,26.818,15.782,7.446,4.187
3.32333,90.567,76.609,64.203,40.201,26.819,15.745,7.476,4.186
3.32667,90.636,76.661,64.248,40.251,26.874,15.766,7.467,4.180
3.33000,90.743,76.761,64.274,40.315,26.866,15.782,7.475,4.245
3.33333,90.867,76.866,64.379,40.337,26.940,15.820,7.615,4.200
3.33667,90.920,76.955,64.495,40.339,26.944,15.813,7.518,4.251
3.34000,91.083,76.992,64.533,40.483,26.950,15.871,7.512,4.246
3.34333,91.110,77.089,64.589,40.454,26.955,15.872,7.624,4.291
3.34667,91.266,77.229,64.683,40.471,27.084,15.893,7.529,4.278
3.35000,91.368,77.334,64.830,40.556,27.158,15.909,7.533,4.266
3.35333,91.440,77.426,64.840,40.597,27.064,15.942,7.560,4.264
3.35667,91.550,77.485,64.951,40.727,27.145,15.945,7.608,4.216
3.36000,91.682,77.593,65.027,40.716,27.203,15.901,7.608,4.254
3.36333,91.786,77.656,65.110,40.777,27.203,15.986,7.606,4.247
3.36667,91.915,77.731,65.196,40.749,27.188,15.979,7.618,4.346
3.37000,92.004,77.827,65.271,40.853,27.219,15.997,7.588,4.313
3.37333,92.074,77.950,65.272,40.889,27.309,16.028,7.602,4.251
3.37667,92.172,78.002,65.359,40.980,27.345,16.077,7.730,4.230
3.38000,92.222,78.125,65.469,41.058,27.281,16.011,7.657,4.276
3.38333,92.412,78.216,65.582,41.037,27.348,16.052,7.668,4.334
3.38667,92.459,78.366,65.610,41.086,27.462,16.102,7.697,4.227
3.39000,92.658,78.359,65.644,41.112,27.468,16.144,7.619,4.253
3.39333,92.716,78.478,65.748,41.187,27.500,16.181,7.675,4.306
3.39667,92.779,78.533,65.878,41.257,27.566,16.148,7.708,4.376
3.40000,92.869,78.624,65.935,41.303,27.516,16.144,7.701,4.261
3.40333,92.987,78.681,65.984,41.365,27.631,16.159,7.744,4.331
3.40667,93.135,78.875,66.116,41.327,27.577,16.133,7.735,4.329
3.41000,93.271,78.960,66.139,41.414,27.654,16.205,7.681,4.316
3.41333,93.365,78.987,66.235,41.507,27.710,16.220,7.715,4.295
3.41667,93.461,79.130,66.363,41.531,27.713,16.155,7.754,4.342
3.42000,93.554,79.232,66.371,41.548,27.728,16.312,7.733,4.295
3.42333,93.666,79.283,66.458,41.600,27.758,16.305,7.802,4.366
3.42667,93.766,79.334,66.561,41.641,27.820,16.302,7.781,4.356
3.43000,93.905,79.506,66.620,41.716,27.813,16.280,7.842,4.390
3.43333,93.930,79.547,66.656,41.753,27.832,16.293,7.852,4.356
3.43667,94.057,79.609,66.741,41.851,27.950,16.340,7.768,4.322
3.44000,94.187,79.796,66.832,41.839,27.896,16.339,7.844,4.409
3.44333,94.257,79.791,66.903,41.893,27.982,16.361,7.923,4.399
3.44667,94.423,79.926,67.025,41.943,28.010,16.430,7.800,4.362
3.45000,94.492,80.074,67.130,41.966,28.037,16.395,7.873,4.441
3.45333,94.624,80.062,67.191,41.989,28.038,16.459,7.880,4.469
3.45667,94.725,80.160,67.201,42.091,28.036,16.433,7.887,4.385
3.46000,94.856,80.262,67.286,42.164,28.132,16.455,7.899,4.352
3.46333,94.920,80.294,67.415,42.197,28.184,16.543,7.903,4.400
3.46667,95.029,80.445,67.459,42.233,28.216,16.505,7.852,4.338
3.47000,95.120,80.560,67.481,42.294,28.280,16.511,7.887,4.389
3.47333,95.310,80.639,67.603,42.335,28.234,16.548,7.929,4.378
3.47667,95.344,80.651,67.704,42.352,28.243,16.553,7.966,4.357
3.48000,95.487,80.843,67.747,42.397,28.306,16.596,7.983,4.481
3.48333,95.558,80.992,67.889,42.441,28.415,16.605,7.908,4.433
3.48667,95.648,81.037,67.875,42.494,28.345,16.667,7.944,4.419
3.49000,95.798,81.085,68.021,42.581,28.358,16.637,7.977,4.416
3.49333,95.938,81.166,68.140,42.612,28.432,16.590,7.981,4.501
3.49667,96.014,81.236,68.196,42.668,28.482,16.670,8.007,4.466
3.50000,96.115,81.357,68.182,42.701,28.565,16.662,8.028,4.462
3.50333,96.213,81.497,68.307,42.830,28.527,16.723,7.955,4.416
3.50667,96.353,81.563,68.387,42.850,28.576,16.747,8.018,4.448
3.51000,96.481,81.617,68.376,42.888,28.594,16.767,8.042,4.430
3.51333,96.570,81.720,68.540,43.010,28.714,16.795,8.143,4.449
3.51667,96.620,81.829,68.548,43.012,28.681,16.803,8.071,4.415
3.52000,96.773,81.993,68.731,43.013,28.689,16.757,8.048,4.525
3.52333,96.864,82.023,68.780,43.078,28.714,16.751,8.088,4.492
3.52667,96.896,82.130,68.898,43.165,28.810,16.865,8.087,4.489
3.53000,97.144,82.301,68.967,43.231,28.869,16.862,8.120,4.503
3.53333,97.239,82.368,69.043,43.198,28.895,16.960,8.109,4.518
3.53667,97.360,82.553,69.111,43.294,28.870,16.978,8.078,4.427
3.54000,97.466,82.563,69.210,43.324,28.829,16.947,8.098,4.479
3.54333,97.655,82.695,69.329,43.358,28.960,16.982,8.154,4.434
3.54667,97.746,82.847,69.462,43.419,29.072,17.069,8.063,4.557
3.55000,97.861,83.084,69.616,43.552,29.073,17.088,8.206,4.451
3.55333,98.101,83.207,69.647,43.594,29.089,17.167,8.164,4.502
3.55667,98.192,83.346,69.839,43.668,29.216,17.224,8.165,4.492
3.56000,98.466,83.658,69.977,43.736,29.267,17.414,8.289,4.538
3.56333,98.595,83.906,70.265,43.932,29.219,17.441,8.322,4.541
3.56667,98.937,84.270,70.589,43.903,29.355,17.730,8.315,4.480
3.57000,99.223,84.697,70.819,44.128,29.460,17.839,8.313,4.522
3.57333,99.568,85.192,71.217,44.262,29.597,18.113,8.383,4.579
3.57667,99.931,85.776,71.603,44.417,29.685,18.370,8.441,4.547
3.58000,100.401,86.547,72.153,44.622,29.826,18.694,8.540,4.483
3.58333,100.958,87.304,72.752,44.863,30.032,19.140,8.622,4.529
3.58667,101.634,88.291,73.471,45.130,30.195,19.654,8.721,4.598
3.59000,102.352,89.456,74.245,45.470,30.530,20.188,8.840,4.540
3.59333,103.221,90.797,75.247,45.849,30.726,20.887,8.911,4.582
3.59667,104.131,92.295,76.261,46.190,31.068,21.706,9.038,4.615
3.60000,105.229,94.032,77.541,46.576,31.531,22.671,9.210,4.533
3.60333,106.391,96.042,78.981,47.121,31.831,23.692,9.430,4.534
3.60667,107.741,98.257,80.571,47.713,32.304,24.832,9.704,4.566
3.61000,109.256,100.702,82.270,48.379,32.793,26.130,9.844,4.590
3.61333,110.969,103.387,84.171,49.062,33.392,27.628,10.105,4.605
3.61667,112.668,106.302,86.309,49.733,33.904,29.177,10.408,4.561
3.62000,114.625,109.426,88.489,50.551,34.505,30.855,10.744,4.618
3.62333,116.609,112.653,90.774,51.370,35.135,32.596,11.051,4.629
3.62667,118.648,116.188,93.239,52.309,35.907,34.483,11.357,4.629
3.63000,120.843,119.692,95.734,53.177,36.589,36.305,11.666,4.652
3.63333,123.025,123.384,98.390,54.087,37.331,38.301,11.992,4.686
3.63667,125.227,127.008,100.914,55.005,38.041,40.267,12.400,4.767
3.64000,127.486,130.649,103.521,55.933,38.769,42.270,12.814,4.726
3.64333,129.498,134.112,105.969,56.768,39.438,44.128,13.104,4.740
3.64667,131.618,137.436,108.347,57.752,40.133,45.874,13.353,4.728
3.65000,133.480,140.642,110.598,58.438,40.741,47.647,13.673,4.783
3.65333,135.245,143.471,112.532,59.188,41.357,49.146,13.964,4.766
3.65667,136.786,146.023,114.464,59.827,41.880,50.552,14.259,4.775
3.66000,138.115,148.220,116.000,60.399,42.266,51.682,14.471,4.749
3.66333,139.210,149.926,117.287,60.820,42.700,52.607,14.560,4.786
3.66667,140.063,151.207,118.237,61.322,42.880,53.285,14.698,4.728
3.67000,140.624,152.247,118.866,61.467,43.131,53.760,14.857,4.748
3.67333,140.997,152.603,119.205,61.613,43.205,53.989,14.846,4.789
3.67667,140.962,152.587,119.222,61.698,43.249,53.907,14.810,4.775
3.68000,140.754,152.130,118.844,61.505,43.203,53.563,14.847,4.797
3.68333,140.349,151.254,118.251,61.306,43.012,53.152,14.702,4.866
3.68667,139.630,150.013,117.347,61.110,42.729,52.364,14.603,4.814
3.69000,138.717,148.374,116.301,60.713,42.489,51.525,14.385,4.813
3.69333,137.677,146.459,114.931,60.317,42.094,50.354,14.258,4.770
3.69667,136.476,144.259,113.365,59.719,41.720,49.205,14.096,4.764
3.70000,135.039,141.838,111.735,59.178,41.208,47.828,13.849,4.758
3.70333,133.659,139.272,109.923,58.655,40.750,46.411,13.597,4.826
3.70667,132.064,136.662,108.087,57.905,40.250,44.888,13.336,4.858
3.71000,130.532,133.907,106.080,57.292,39.749,43.316,13.044,4.794
3.71333,128.958,131.141,104.177,56.674,39.168,41.790,12.923,4.822
3.71667,127.393,128.322,102.215,55.992,38.669,40.223,12.495,4.753
3.72000,125.770,125.647,100.303,55.301,38.110,38.705,12.245,4.802
3.72333,124.352,122.959,98.427,54.751,37.671,37.210,12.059,4.762
3.72667,122.892,120.389,96.638,54.069,37.191,35.773,11.796,4.855
3.73000,121.421,117.890,94.881,53.512,36.637,34.399,11.614,4.825
3.73333,120.088,115.633,93.256,52.965,36.185,33.070,11.339,4.823
3.73667,118.885,113.379,91.775,52.523,35.820,31.800,11.168,4.856
3.74000,117.703,111.322,90.304,51.973,35.439,30.643,10.931,4.850
3.74333,116.542,109.386,88.919,51.540,35.033,29.573,10.700,4.799
3.74667,115.669,107.583,87.720,51.139,34.686,28.597,10.559,4.807
3.75000,114.681,106.020,86.535,50.792,34.412,27.633,10.462,4.885
3.75333,113.864,104.422,85.522,50.389,34.095,26.716,10.178,4.784
3.75667,113.071,103.077,84.517,50.125,33.881,26.000,10.145,4.789
3.76000,112.416,101.724,83.677,49.829,33.660,25.219,10.040,4.792
3.76333,111.870,100.616,82.873,49.536,33.436,24.608,9.926,4.795
3.76667,111.303,99.615,82.171,49.400,33.258,24.086,9.764,4.764
3.77000,110.760,98.721,81.538,49.184,33.105,23.440,9.752,4.872
3.77333,110.320,97.946,80.971,48.942,32.970,22.995,9.634,4.825
3.77667,109.913,97.161,80.420,48.818,32.799,22.564,9.598,4.820
3.78000,109.625,96.514,79.897,48.665,32.687,22.174,9.513,4.836
3.78333,109.284,95.841,79.568,48.527,32.604,21.812,9.481,4.856
3.78667,109.073,95.335,79.170,48.470,32.544,21.476,9.357,4.828
3.79000,108.889,94.875,78.867,48.349,32.407,21.231,9.406,4.829
3.79333,108.580,94.457,78.567,48.304,32.423,20.862,9.353,4.852
3.79667,108.486,94.013,78.393,48.280,32.322,20.692,9.311,4.962
3.80000,108.342,93.792,78.149,48.175,32.356,20.451,9.276,4.906
3.80333,108.299,93.523,77.933,48.123,32.275,20.277,9.283,4.835
3.80667,108.219,93.269,77.794,48.128,32.217,20.062,9.220,4.881
3.81000,108.096,93.010,77.670,48.130,32.166,19.927,9.252,4.809
3.81333,108.066,92.905,77.555,48.041,32.120,19.804,9.185,4.905
3.81667,107.980,92.686,77.440,48.059,32.185,19.791,9.123,4.881
3.82000,108.006,92.589,77.397,48.004,32.203,19.602,9.199,4.922
3.82333,108.045,92.511,77.310,48.034,32.155,19.536,9.180,4.875
3.82667,108.074,92.421,77.252,48.038,32.089,19.399,9.203,4.864
3.83000,108.105,92.318,77.230,48.061,32.187,19.355,9.149,4.819
3.83333,108.022,92.227,77.195,48.117,32.140,19.352,9.092,4.907
3.83667,108.126,92.262,77.300,47.999,32.118,19.215,9.127,4.876
3.84000,108.110,92.201,77.202,48.104,32.194,19.197,9.183,4.896
3.84333,108.262,92.170,77.304,48.148,32.099,19.152,9.196,4.944
3.84667,108.245,92.143,77.162,48.130,32.180,19.130,9.101,4.904
3.85000,108.321,92.207,77.235,48.201,32.159,19.054,9.152,4.966
3.85333,108.321,92.263,77.265,48.294,32.211,19.097,9.194,4.937
3.85667,108.472,92.249,77.348,48.285,32.258,19.047,9.150,4.920
3.86000,108.532,92.318,77.330,48.298,32.295,19.055,9.077,4.934
3.86333,108.626,92.306,77.315,48.324,32.281,19.008,9.110,4.908
3.86667,108.715,92.365,77.407,48.342,32.258,19.032,9.185,4.910
3.87000,108.736,92.437,77.492,48.407,32.340,18.903,9.166,4.982
3.87333,108.897,92.476,77.533,48.491,32.346,19.017,9.243,4.951
3.87667,108.953,92.525,77.673,48.481,32.390,18.970,9.195,5.003
3.88000,108.999,92.571,77.649,48.558,32.435,18.985,9.206,4.954
3.88333,109.201,92.711,77.670,48.587,32.422,18.969,9.144,4.967
3.88667,109.237,92.676,77.734,48.698,32.436,18.987,9.198,4.939
3.89000,109.383,92.849,77.874,48.644,32.513,19.011,9.216,4.906
3.89333,109.391,92.919,77.909,48.742,32.545,18.947,9.217,4.974
3.89667,109.521,92.959,77.966,48.803,32.613,18.998,9.232,5.004
3.90000,109.635,93.088,78.023,48.834,32.591,18.984,9.204,4.980
3.90333,109.756,93.136,78.113,48.881,32.663,19.044,9.282,4.980
3.90667,109.849,93.208,78.175,48.941,32.668,19.047,9.239,4.982
3.91000,109.985,93.341,78.275,49.009,32.678,19.013,9.212,5.043
3.91333,110.121,93.407,78.340,49.042,32.715,19.110,9.310,4.955
3.91667,110.303,93.500,78.478,49.095,32.741,19.065,9.280,4.956
3.92000,110.266,93.536,78.451,49.084,32.820,19.094,9.345,4.995
3.92333,110.437,93.703,78.574,49.201,32.826,19.049,9.280,4.946
3.92667,110.568,93.753,78.597,49.224,32.911,19.145,9.286,4.992
3.93000,110.657,93.880,78.667,49.245,32.897,19.138,9.271,4.972
3.93333,110.771,93.932,78.806,49.335,32.941,19.143,9.286,4.957
3.93667,110.911,94.029,78.828,49.344,32.898,19.177,9.294,5.061
3.94000,110.929,94.099,78.987,49.454,33.063,19.219,9.354,5.043
3.94333,111.051,94.226,78.964,49.502,33.021,19.193,9.353,5.044
3.94667,111.228,94.307,79.125,49.524,33.060,19.233,9.448,5.022
3.95000,111.313,94.454,79.177,49.584,33.095,19.226,9.313,5.042
3.95333,111.468,94.519,79.248,49.640,33.136,19.191,9.425,5.005
3.95667,111.508,94.562,79.359,49.703,33.185,19.274,9.430,5.043
3.96000,111.698,94.666,79.434,49.781,33.223,19.261,9.415,5.100
3.96333,111.790,94.784,79.523,49.747,33.231,19.255,9.378,5.130
3.96667,111.882,94.977,79.625,49.860,33.254,19.299,9.430,5.095
3.97000,111.950,95.028,79.617,49.938,33.323,19.326,9.402,5.124
3.97333,112.085,95.093,79.783,49.918,33.373,19.457,9.382,5.092
3.97667,112.267,95.178,79.791,50.008,33.367,19.441,9.443,5.057
3.98000,112.286,95.332,79.978,50.100,33.452,19.370,9.553,5.055
3.98333,112.470,95.376,80.034,50.105,33.481,19.376,9.503,5.104
3.98667,112.505,95.513,80.090,50.134,33.491,19.422,9.508,5.128
3.99000,112.715,95.575,80.142,50.269,33.488,19.450,9.444,5.090
3.99333,112.805,95.728,80.251,50.291,33.583,19.500,9.505,5.148
3.99667,112.934,95.768,80.348,50.345,33.552,19.481,9.523,5.110
4.00000,113.050,95.847,80.373,50.332,33.590,19.552,9.490,5.114
4.00333,113.218,95.968,80.525,50.427,33.697,19.520,9.613,5.198
4.00667,113.258,96.052,80.659,50.559,33.688,19.519,9.544,5.113
4.01000,113.442,96.162,80.756,50.543,33.712,19.556,9.555,5.088
4.01333,113.499,96.240,80.746,50.572,33.798,19.572,9.582,5.175
4.01667,113.675,96.390,80.932,50.645,33.836,19.642,9.570,5.123
4.02000,113.746,96.469,80.960,50.783,33.854,19.604,9.575,5.104
4.02333,113.878,96.562,81.028,50.733,33.845,19.609,9.598,5.102
4.02667,113.988,96.693,81.111,50.817,33.901,19.660,9.628,5.096
4.03000,114.153,96.826,81.177,50.878,33.927,19.702,9.609,5.177
4.03333,114.239,96.850,81.258,50.889,34.040,19.694,9.649,5.147
4.03667,114.365,96.969,81.354,50.923,33.995,19.699,9.716,5.153
4.04000,114.570,97.134,81.472,51.020,34.049,19.784,9.731,5.160
4.04333,114.633,97.168,81.598,51.107,34.042,19.714,9.703,5.255
4.04667,114.749,97.235,81.658,51.110,34.107,19.804,9.747,5.180
4.05000,114.786,97.327,81.692,51.155,34.146,19.796,9.726,5.197
4.05333,114.956,97.521,81.825,51.225,34.156,19.783,9.673,5.185
4.05667,115.045,97.562,81.846,51.326,34.209,19.813,9.721,5.192
4.06000,115.175,97.669,81.984,51.353,34.250,19.879,9.743,5.209
4.06333,115.327,97.754,82.041,51.356,34.299,19.848,9.728,5.203
4.06667,115.448,97.909,82.135,51.508,34.295,19.913,9.706,5.207
4.07000,115.535,98.039,82.277,51.538,34.353,19.933,9.753,5.235
4.07333,115.644,98.075,82.239,51.518,34.427,19.911,9.769,5.267
4.07667,115.744,98.172,82.430,51.596,34.434,19.950,9.817,5.199
4.08000,115.872,98.302,82.516,51.687,34.495,19.988,9.768,5.283
4.08333,116.087,98.371,82.561,51.715,34.529,19.951,9.867,5.246
4.08667,116.165,98.537,82.628,51.748,34.506,20.030,9.799,5.250
4.09000,116.268,98.593,82.701,51.866,34.578,20.026,9.840,5.227
4.09333,116.331,98.694,82.915,51.827,34.649,20.090,9.824,5.255
4.09667,116.477,98.761,82.977,51.920,34.663,19.997,9.787,5.264
4.10000,116.569,98.913,83.020,51.964,34.661,20.052,9.851,5.296
4.10333,116.741,99.039,83.121,51.988,34.671,20.064,9.911,5.281
4.10667,116.825,99.094,83.223,52.115,34.746,20.083,9.869,5.282
4.11000,116.957,99.192,83.263,52.206,34.734,20.151,9.851,5.327
4.11333,117.028,99.285,83.340,52.192,34.820,20.154,9.915,5.302
4.11667,117.208,99.355,83.402,52.239,34.846,20.172,9.911,5.257
4.12000,117.307,99.486,83.498,52.326,34.929,20.261,9.879,5.257
4.12333,117.409,99.644,83.595,52.352,34.927,20.202,9.885,5.262
4.12667,117.557,99.637,83.728,52.336,34.946,20.240,9.952,5.302
4.13000,117.664,99.816,83.787,52.500,35.021,20.273,9.953,5.301
4.13333,117.790,99.941,83.825,52.521,35.049,20.345,10.017,5.279
4.13667,117.887,100.064,83.981,52.577,35.033,20.310,9.975,5.290
4.14000,118.087,100.133,84.027,52.524,35.148,20.336,10.018,5.306
4.14333,118.115,100.263,84.080,52.617,35.136,20.261,10.006,5.315
4.14667,118.278,100.350,84.193,52.697,35.210,20.405,10.012,5.338
4.15000,118.444,100.425,84.277,52.785,35.145,20.395,10.042,5.323
4.15333,118.548,100.587,84.366,52.809,35.262,20.387,10.024,5.346
4.15667,118.650,100.598,84.440,52.888,35.274,20.491,10.042,5.369
4.16000,118.742,100.754,84.539,52.945,35.326,20.467,10.003,5.403
4.16333,118.907,100.832,84.639,53.009,35.328,20.440,9.981,5.365
4.16667,119.018,100.953,84.733,53.065,35.336,20.518,10.116,5.360
4.17000,119.101,101.089,84.820,53.112,35.434,20.449,10.093,5.373
4.17333,119.162,101.195,84.893,53.156,35.445,20.534,10.094,5.410
4.17667,119.350,101.256,84.970,53.218,35.522,20.514,10.148,5.428
4.18000,119.460,101.281,85.025,53.221,35.576,20.498,10.100,5.385
4.18333,119.605,101.416,85.101,53.329,35.619,20.502,10.117,5.410
4.18667,119.709,101.562,85.324,53.397,35.590,20.641,10.122,5.349
4.19000,119.829,101.704,85.335,53.496,35.732,20.653,10.152,5.360
4.19333,119.964,101.790,85.471,53.508,35.708,20.609,10.195,5.436
4.19667,120.075,101.928,85.504,53.502,35.725,20.635,10.189,5.429
4.20000,120.195,102.006,85.612,53.664,35.740,20.661,10.245,5.445
4.20333,120.291,102.044,85.674,53.623,35.739,20.726,10.140,5.336
4.20667,120.473,102.238,85.736,53.723,35.901,20.791,10.165,5.350
4.21000,120.643,102.262,85.867,53.817,35.891,20.695,10.187,5.483
4.21333,120.700,102.382,85.953,53.769,35.853,20.751,10.247,5.409
4.21667,120.783,102.472,86.058,53.872,35.966,20.790,10.258,5.456
4.22000,120.900,102.592,86.122,53.939,36.024,20.832,10.211,5.438
4.22333,121.036,102.774,86.172,53.970,36.025,20.826,10.244,5.476
4.22667,121.169,102.802,86.287,53.969,36.044,20.857,10.241,5.419
4.23000,121.254,102.890,86.387,54.068,36.122,20.847,10.303,5.454
4.23333,121.382,103.006,86.500,54.036,36.097,20.862,10.340,5.457
4.23667,121.527,103.127,86.581,54.175,36.199,20.906,10.326,5.499
4.24000,121.676,103.229,86.666,54.248,36.208,20.887,10.275,5.440
4.24333,121.805,103.386,86.772,54.342,36.244,20.915,10.295,5.499
4.24667,121.917,103.438,86.827,54.374,36.315,20.901,10.341,5.453
4.25000,121.962,103.566,86.888,54.374,36.322,20.941,10.301,5.492
4.25333,122.138,103.635,86.979,54.425,36.320,21.026,10.300,5.479
4.25667,122.272,103.775,87.067,54.518,36.346,20.949,10.363,5.518
4.26000,122.432,103.787,87.123,54.550,36.432,21.038,10.426,5.424
4.26333,122.455,103.954,87.177,54.664,36.442,21.033,10.360,5.547
4.26667,122.544,104.042,87.364,54.715,36.461,21.049,10.441,5.478
4.27000,122.701,104.146,87.367,54.736,36.494,21.091,10.362,5.516
4.27333,122.819,104.212,87.441,54.815,36.550,21.107,10.444,5.516
4.27667,122.967,104.354,87.568,54.831,36.596,21.197,10.451,5.444
4.28000,123.107,104.480,87.658,54.912,36.628,21.241,10.406,5.506
4.28333,123.148,104.572,87.812,54.949,36.632,21.160,10.443,5.538
4.28667,123.389,104.700,87.848,55.013,36.718,21.239,10.546,5.545
4.29000,123.471,104.768,87.981,55.130,36.770,21.224,10.459,5.545
4.29333,123.572,104.917,88.062,55.080,36.775,21.203,10.464,5.593
4.29667,123.665,104.935,88.153,55.137,36.773,21.269,10.501,5.577
4.30000,123.741,105.126,88.216,55.197,36.822,21.253,10.504,5.575
4.30333,124.024,105.179,88.319,55.274,36.869,21.317,10.532,5.517
4.30667,124.132,105.306,88.428,55.328,36.916,21.343,10.546,5.516
4.31000,124.242,105.444,88.480,55.393,36.991,21.374,10.583,5.584
4.31333,124.308,105.463,88.622,55.459,36.996,21.298,10.544,5.524
4.31667,124.388,105.550,88.665,55.503,36.998,21.389,10.574,5.588
4.32000,124.562,105.749,88.727,55.495,37.077,21.394,10.630,5.635
4.32333,124.649,105.868,88.850,55.608,37.139,21.383,10.584,5.584
4.32667,124.779,105.935,88.908,55.699,37.122,21.441,10.626,5.570
4.33000,124.946,106.056,88.988,55.744,37.223,21.475,10.508,5.569
4.33333,125.019,106.066,89.068,55.850,37.226,21.478,10.620,5.606
4.33667,125.209,106.265,89.228,55.822,37.262,21.525,10.610,5.541
4.34000,125.291,106.322,89.165,55.934,37.279,21.510,10.661,5.636
4.34333,125.412,106.444,89.360,55.985,37.343,21.540,10.654,5.662
4.34667,125.595,106.616,89.423,56.022,37.315,21.514,10.665,5.610
4.35000,125.645,106.606,89.486,56.058,37.427,21.621,10.678,5.618
4.35333,125.789,106.730,89.577,56.072,37.416,21.566,10.656,5.646
4.35667,125.854,106.833,89.704,56.218,37.443,21.650,10.731,5.689
4.36000,125.961,107.010,89.786,56.221,37.469,21.568,10.720,5.677
4.36333,126.165,107.117,89.868,56.221,37.599,21.652,10.714,5.633
4.36667,126.257,107.204,89.944,56.330,37.607,21.767,10.702,5.672
4.37000,126.409,107.232,90.064,56.296,37.594,21.744,10.787,5.688
4.37333,126.464,107.367,90.114,56.459,37.640,21.768,10.766,5.669
4.37667,126.628,107.553,90.253,56.491,37.694,21.797,10.718,5.680
4.38000,126.738,107.566,90.368,56.495,37.696,21.789,10.775,5.659
4.38333,126.846,107.670,90.383,56.593,37.783,21.818,10.781,5.630
4.38667,126.982,107.699,90.491,56.701,37.827,21.792,10.773,5.710
4.39000,127.034,107.839,90.560,56.718,37.850,21.840,10.794,5.702
4.39333,127.211,108.016,90.654,56.726,37.892,21.853,10.818,5.714
4.39667,127.322,108.066,90.718,56.852,37.890,21.917,10.874,5.734
4.40000,127.441,108.185,90.818,56.964,37.977,21.913,10.828,5.736
4.40333,127.597,108.338,90.972,57.031,38.015,21.868,10.837,5.731
4.40667,127.667,108.431,90.989,57.018,38.046,21.907,10.861,5.734
4.41000,127.819,108.536,91.141,57.038,38.063,21.904,10.850,5.747
4.41333,127.988,108.622,91.237,57.093,38.081,21.961,10.888,5.700
4.41667,128.111,108.742,91.319,57.144,38.172,21.997,10.830,5.806
4.42000,128.146,108.885,91.379,57.230,38.183,22.075,10.917,5.799
4.42333,128.320,108.961,91.430,57.258,38.138,21.976,10.942,5.781
4.42667,128.468,109.104,91.528,57.339,38.253,22.048,10.949,5.763
4.43000,128.596,109.140,91.639,57.382,38.262,22.058,10.941,5.723
4.43333,128.696,109.223,91.799,57.440,38.298,22.101,10.933,5.727
4.43667,128.803,109.353,91.835,57.480,38.346,22.156,10.983,5.760
4.44000,128.998,109.486,91.917,57.565,38.389,22.183,10.959,5.791
4.44333,129.029,109.542,91.975,57.643,38.457,22.174,10.982,5.780
4.44667,129.178,109.744,92.032,57.632,38.471,22.162,10.984,5.713
4.45000,129.332,109.759,92.167,57.731,38.492,22.163,10.997,5.752
4.45333,129.421,109.861,92.254,57.677,38.546,22.191,11.000,5.772
4.45667,129.560,110.008,92.345,57.857,38.525,22.270,11.047,5.751
4.46000,129.675,110.121,92.423,57.843,38.651,22.290,11.033,5.809
4.46333,129.795,110.187,92.522,57.909,38.702,22.311,11.092,5.815
4.46667,129.945,110.294,92.649,57.920,38.652,22.216,11.089,5.809
4.47000,130.050,110.333,92.721,57.981,38.782,22.288,11.089,5.827
4.47333,130.122,110.475,92.834,58.037,38.748,22.351,11.077,5.885
4.47667,130.300,110.616,92.809,58.140,38.786,22.319,11.037,5.800
4.48000,130.415,110.731,92.929,58.248,38.834,22.383,11.066,5.813
4.48333,130.520,110.858,93.021,58.239,38.910,22.341,11.147,5.806
4.48667,130.650,110.997,93.122,58.381,38.891,22.347,11.142,5.851
4.49000,130.763,111.109,93.267,58.442,38.904,22.415,11.202,5.850
4.49333,130.933,111.150,93.317,58.441,38.967,22.419,11.208,5.798
4.49667,130.991,111.210,93.441,58.521,39.029,22.469,11.129,5.849
4.50000,131.113,111.354,93.471,58.530,38.986,22.481,11.238,5.818
4.50333,131.219,111.472,93.638,58.646,39.111,22.522,11.200,5.773
4.50667,131.317,111.569,93.660,58.645,39.131,22.610,11.156,5.811
4.51000,131.508,111.678,93.692,58.722,39.234,22.619,11.190,5.864
4.51333,131.587,111.860,93.810,58.734,39.297,22.553,11.268,5.880
4.51667,131.754,111.896,93.923,58.829,39.287,22.637,11.259,5.861
4.52000,131.876,112.008,94.008,58.845,39.320,22.623,11.303,5.952
4.52333,131.982,112.056,94.100,58.926,39.295,22.598,11.246,5.926
4.52667,132.163,112.199,94.216,58.975,39.402,22.647,11.287,5.896
4.53000,132.289,112.289,94.279,59.076,39.442,22.685,11.271,5.894
4.53333,132.328,112.379,94.387,59.115,39.448,22.693,11.278,5.903
4.53667,132.518,112.485,94.423,59.108,39.518,22.746,11.276,5.917
4.54000,132.649,112.666,94.545,59.213,39.500,22.718,11.299,5.936
4.54333,132.752,112.698,94.617,59.230,39.582,22.705,11.330,5.871
4.54667,132.859,112.810,94.721,59.286,39.583,22.771,11.303,5.925
4.55000,132.993,112.971,94.786,59.389,39.653,22.830,11.366,5.955
4.55333,133.123,112.997,94.903,59.467,39.559,22.840,11.345,5.880
4.55667,133.249,113.171,95.009,59.501,39.670,22.864,11.414,5.931
4.56000,133.292,113.290,95.079,59.470,39.708,22.801,11.450,5.942
4.56333,133.484,113.337,95.142,59.565,39.762,22.847,11.386,5.949
4.56667,133.638,113.411,95.221,59.641,39.837,22.900,11.423,5.981
4.57000,133.755,113.503,95.352,59.684,39.839,22.966,11.418,5.939
4.57333,133.890,113.635,95.417,59.764,39.891,22.939,11.385,5.987
4.57667,134.030,113.749,95.479,59.815,39.877,22.971,11.424,5.917
4.58000,134.068,113.824,95.574,59.863,39.932,22.993,11.446,5.989
4.58333,134.197,113.962,95.665,59.986,39.964,22.978,11.555,6.010
4.58667,134.326,114.091,95.789,59.949,39.988,23.005,11.474,5.996
4.59000,134.450,114.244,95.898,60.083,40.002,23.059,11.486,5.937
4.59333,134.573,114.304,96.015,60.086,40.104,23.022,11.529,5.939
4.59667,134.722,114.424,96.081,60.163,40.098,23.054,11.499,6.055
4.60000,134.874,114.456,96.177,60.166,40.152,23.125,11.509,6.026
4.60333,135.033,114.616,96.219,60.212,40.204,23.099,11.545,6.024
4.60667,135.076,114.725,96.335,60.338,40.247,23.197,11.604,6.022
4.61000,135.208,114.796,96.397,60.365,40.244,23.153,11.548,6.014
4.61333,135.262,114.978,96.536,60.422,40.334,23.237,11.559,6.036
4.61667,135.429,114.918,96.621,60.448,40.352,23.205,11.577,5.983
4.62000,135.607,115.151,96.683,60.565,40.468,23.180,11.620,6.032
4.62333,135.683,115.246,96.723,60.551,40.448,23.241,11.581,6.069
4.62667,135.736,115.276,96.873,60.664,40.545,23.291,11.587,6.040
4.63000,135.911,115.453,96.942,60.725,40.487,23.309,11.634,6.081
4.63333,135.992,115.529,97.106,60.769,40.482,23.313,11.617,6.026
4.63667,136.123,115.655,97.104,60.836,40.604,23.366,11.577,6.050
4.64000,136.290,115.781,97.201,60.878,40.611,23.330,11.607,6.116
4.64333,136.415,115.826,97.261,60.964,40.582,23.360,11.537,6.074
4.64667,136.482,116.027,97.405,61.025,40.625,23.334,11.642,6.095
4.65000,136.681,116.069,97.436,61.063,40.697,23.366,11.700,6.038
4.65333,136.847,116.210,97.617,61.095,40.802,23.473,11.649,6.087
4.65667,136.940,116.316,97.673,61.144,40.774,23.467,11.663,6.129
4.66000,136.952,116.359,97.780,61.186,40.818,23.443,11.683,6.124
4.66333,137.135,116.491,97.798,61.251,40.920,23.458,11.787,6.075
4.66667,137.325,116.664,97.895,61.289,40.911,23.505,11.746,6.086
4.67000,137.430,116.672,98.077,61.282,40.944,23.538,11.746,6.111
4.67333,137.515,116.784,98.048,61.420,40.991,23.510,11.725,6.111
4.67667,137.708,116.878,98.195,61.496,41.035,23.549,11.733,6.125
4.68000,137.728,116.997,98.309,61.525,41.016,23.565,11.768,6.099
4.68333,137.913,117.109,98.354,61.591,41.069,23.613,11.781,6.105
4.68667,138.031,117.199,98.466,61.664,41.200,23.595,11.809,6.139
4.69000,138.121,117.315,98.550,61.673,41.126,23.688,11.811,6.154
4.69333,138.297,117.490,98.643,61.796,41.206,23.634,11.789,6.141
4.69667,138.348,117.524,98.755,61.880,41.236,23.711,11.890,6.166
4.70000,138.522,117.702,98.874,61.873,41.287,23.721,11.824,6.116
4.70333,138.654,117.781,98.926,61.935,41.283,23.759,11.904,6.135
4.70667,138.757,117.856,99.045,62.014,41.414,23.792,11.855,6.138
4.71000,138.864,118.002,99.022,61.988,41.380,23.776,11.899,6.126
4.71333,138.949,118.140,99.184,62.108,41.378,23.793,11.841,6.157
4.71667,139.145,118.166,99.294,62.150,41.472,23.831,11.901,6.151
4.72000,139.283,118.292,99.371,62.196,41.538,23.901,11.911,6.186
4.72333,139.403,118.478,99.436,62.250,41.511,23.852,11.928,6.131
4.72667,139.457,118.553,99.542,62.332,41.652,23.915,11.929,6.184
4.73000,139.645,118.625,99.593,62.427,41.648,23.872,12.004,6.119
4.73333,139.756,118.662,99.711,62.490,41.651,23.902,11.943,6.205
4.73667,139.826,118.758,99.813,62.507,41.701,23.958,11.905,6.168
4.74000,139.973,118.925,99.834,62.470,41.712,23.958,11.978,6.212
4.74333,140.107,119.068,99.986,62.572,41.817,23.987,11.942,6.239
4.74667,140.185,119.156,100.124,62.683,41.842,24.023,11.998,6.161
4.75000,140.307,119.182,100.115,62.791,41.859,24.035,12.008,6.197
4.75333,140.492,119.287,100.219,62.773,41.901,24.076,12.022,6.185
4.75667,140.614,119.424,100.341,62.827,41.942,24.055,11.984,6.252
4.76000,140.758,119.520,100.364,62.879,41.934,24.083,12.032,6.217
4.76333,140.909,119.663,100.488,62.928,41.906,24.061,12.083,6.266
4.76667,141.022,119.804,100.571,63.030,41.963,24.091,12.085,6.254
4.77000,141.130,119.876,100.711,63.064,42.066,24.141,12.069,6.267
4.77333,141.252,120.088,100.775,63.085,42.022,24.168,12.058,6.244
4.77667,141.322,120.103,100.862,63.148,42.120,24.266,12.119,6.276
4.78000,141.433,120.291,100.944,63.240,42.137,24.202,12.108,6.293
4.78333,141.590,120.301,101.015,63.288,42.190,24.253,12.112,6.307
4.78667,141.753,120.423,101.179,63.319,42.286,24.192,12.116,6.211
4.79000,141.852,120.553,101.234,63.332,42.292,24.232,12.195,6.249
4.79333,141.961,120.596,101.257,63.436,42.215,24.316,12.167,6.261
4.79667,142.005,120.689,101.351,63.514,42.369,24.329,12.217,6.338
4.80000,142.229,120.804,101.438,63.491,42.448,24.332,12.145,6.250
4.80333,142.376,120.857,101.605,63.575,42.468,24.338,12.165,6.266
4.80667,142.473,121.042,101.646,63.682,42.491,24.385,12.165,6.269
4.81000,142.556,121.136,101.721,63.747,42.454,24.424,12.271,6.349
4.81333,142.730,121.230,101.813,63.744,42.547,24.392,12.230,6.286
4.81667,142.801,121.403,101.940,63.784,42.653,24.384,12.211,6.366
4.82000,142.885,121.474,101.985,63.842,42.655,24.467,12.249,6.331
4.82333,143.059,121.537,102.111,63.847,42.640,24.533,12.280,6.346
4.82667,143.245,121.663,102.182,63.973,42.771,24.474,12.233,6.368
4.83000,143.312,121.691,102.272,64.037,42.729,24.591,12.257,6.317
4.83333,143.463,121.858,102.342,64.148,42.811,24.488,12.234,6.290
4.83667,143.588,122.008,102.445,64.126,42.852,24.595,12.349,6.332
4.84000,143.688,122.062,102.555,64.189,42.867,24.596,12.357,6.326
4.84333,143.809,122.209,102.668,64.295,42.863,24.564,12.282,6.342
4.84667,143.965,122.211,102.671,64.339,42.929,24.620,12.298,6.306
4.85000,144.045,122.392,102.773,64.395,42.926,24.683,12.384,6.407
4.85333,144.103,122.456,102.878,64.422,42.975,24.694,12.308,6.361
4.85667,144.269,122.596,102.960,64.506,43.038,24.671,12.386,6.371
4.86000,144.459,122.680,103.044,64.569,43.081,24.710,12.322,6.443
4.86333,144.530,122.832,103.066,64.582,43.117,24.753,12.369,6.413
4.86667,144.661,122.906,103.246,64.687,43.174,24.669,12.381,6.377
4.87000,144.761,123.070,103.313,64.683,43.195,24.729,12.417,6.406
4.87333,144.909,123.160,103.367,64.753,43.249,24.837,12.392,6.422
4.87667,145.029,123.248,103.474,64.815,43.245,24.830,12.415,6.346
4.88000,145.140,123.265,103.635,64.961,43.285,24.816,12.451,6.407
4.88333,145.337,123.498,103.657,64.993,43.302,24.829,12.455,6.419
4.88667,145.448,123.508,103.779,64.975,43.333,24.823,12.464,6.410
4.89000,145.513,123.671,103.853,65.053,43.404,24.907,12.463,6.470
4.89333,145.615,123.726,103.916,65.113,43.410,24.900,12.466,6.446
4.89667,145.768,123.850,104.013,65.179,43.457,24.898,12.544,6.440
4.90000,145.857,123.957,104.141,65.193,43.517,24.999,12.565,6.474
4.90333,146.051,124.138,104.230,65.208,43.524,24.970,12.567,6.401
4.90667,146.123,124.127,104.340,65.357,43.531,24.973,12.577,6.423
4.91000,146.206,124.286,104.375,65.365,43.601,25.017,12.590,6.467
4.91333,146.336,124.372,104.455,65.426,43.635,25.056,12.548,6.471
4.91667,146.475,124.509,104.614,65.490,43.698,25.074,12.602,6.491
4.92000,146.596,124.671,104.673,65.560,43.713,25.007,12.545,6.450
4.92333,146.769,124.705,104.734,65.596,43.771,25.006,12.545,6.459
4.92667,146.915,124.816,104.895,65.604,43.769,25.147,12.570,6.441
4.93000,147.040,124.913,104.972,65.748,43.894,25.095,12.658,6.510
4.93333,147.065,125.091,104.995,65.727,43.829,25.138,12.580,6.512
4.93667,147.216,125.209,105.117,65.770,43.925,25.205,12.630,6.523
4.94000,147.415,125.227,105.183,65.871,43.974,25.154,12.663,6.476
4.94333,147.467,125.327,105.274,65.905,43.977,25.209,12.636,6.508
4.94667,147.585,125.412,105.381,65.982,44.042,25.218,12.656,6.471
4.95000,147.740,125.487,105.471,66.056,44.052,25.245,12.618,6.506
4.95333,147.817,125.655,105.520,66.100,44.087,25.285,12.659,6.498
4.95667,147.960,125.769,105.657,66.122,44.125,25.275,12.704,6.542
4.96000,148.063,125.849,105.687,66.111,44.181,25.329,12.694,6.576
4.96333,148.234,125.950,105.839,66.304,44.214,25.307,12.626,6.467
4.96667,148.327,126.099,105.876,66.269,44.306,25.321,12.766,6.595
4.97000,148.451,126.151,106.042,66.311,44.291,25.373,12.769,6.565
4.97333,148.614,126.296,106.068,66.444,44.404,25.326,12.796,6.560
4.97667,148.671,126.303,106.209,66.456,44.348,25.431,12.765,6.546
4.98000,148.847,126.489,106.218,66.519,44.421,25.365,12.790,6.600
4.98333,148.939,126.615,106.344,66.613,44.369,25.479,12.808,6.613
4.98667,149.072,126.782,106.424,66.649,44.449,25.478,12.789,6.552
4.99000,149.154,126.812,106.545,66.698,44.504,25.492,12.826,6.621
4.99333,149.298,126.864,106.621,66.745,44.567,25.569,12.827,6.576
4.99667,149.430,127.029,106.701,66.832,44.618,25.532,12.817,6.651
5.00000,149.571,127.099,106.739,66.838,44.564,25.553,12.818,6.603
5.00333,149.641,127.197,106.818,66.933,44.644,25.599,12.863,6.556
5.00667,149.852,127.344,106.941,66.990,44.608,25.571,12.905,6.585
5.01000,149.892,127.440,107.045,67.043,44.746,25.583,12.871,6.614
5.01333,150.070,127.540,107.088,67.084,44.816,25.614,12.863,6.622
5.01667,150.140,127.603,107.283,67.112,44.731,25.618,12.920,6.633
5.02000,150.293,127.723,107.319,67.175,44.796,25.656,12.901,6.595
5.02333,150.391,127.880,107.458,67.260,44.886,25.722,12.967,6.613
5.02667,150.516,127.950,107.506,67.344,44.900,25.738,12.946,6.666
5.03000,150.602,128.079,107.548,67.367,44.881,25.755,12.950,6.681
5.03333,150.759,128.200,107.655,67.461,44.935,25.746,12.947,6.680
5.03667,150.932,128.293,107.762,67.444,45.003,25.751,12.978,6.643
5.04000,151.041,128.436,107.814,67.493,45.075,25.845,12.889,6.735
5.04333,151.132,128.564,107.917,67.596,45.126,25.769,12.923,6.667
5.04667,151.324,128.615,108.026,67.618,45.113,25.819,13.061,6.633
5.05000,151.385,128.714,108.074,67.689,45.161,25.824,13.020,6.638
5.05333,151.378,128.840,108.198,67.719,45.234,25.915,13.021,6.676
5.05667,151.665,128.921,108.327,67.815,45.230,25.876,13.004,6.659
5.06000,151.791,129.025,108.341,67.869,45.287,25.899,12.998,6.653
5.06333,151.875,129.126,108.429,67.867,45.306,25.874,13.141,6.755
5.06667,151.956,129.218,108.558,68.012,45.323,25.984,13.110,6.708
5.07000,152.058,129.305,108.663,68.049,45.415,26.030,13.020,6.627
5.07333,152.327,129.393,108.739,68.127,45.412,25.987,13.009,6.715
5.07667,152.356,129.482,108.811,68.151,45.426,25.970,13.129,6.731
5.08000,152.510,129.607,108.872,68.188,45.572,26.021,13.136,6.649
5.08333,152.657,129.734,108.942,68.225,45.508,26.124,13.122,6.642
5.08667,152.717,129.827,109.061,68.235,45.610,26.041,13.161,6.678
5.09000,152.812,129.884,109.170,68.396,45.582,26.073,13.134,6.709
5.09333,152.938,130.053,109.253,68.403,45.612,26.089,13.171,6.780
5.09667,153.111,130.166,109.311,68.486,45.684,26.157,13.179,6.729
5.10000,153.235,130.280,109.378,68.503,45.714,26.208,13.167,6.709
5.10333,153.364,130.391,109.505,68.596,45.830,26.281,13.245,6.708
5.10667,153.438,130.450,109.552,68.577,45.768,26.256,13.187,6.781
5.11000,153.523,130.591,109.754,68.677,45.826,26.207,13.166,6.782
5.11333,153.678,130.664,109.748,68.751,45.841,26.237,13.245,6.732
5.11667,153.795,130.756,109.915,68.846,45.896,26.265,13.208,6.686
5.12000,153.905,130.900,109.943,68.846,45.923,26.290,13.213,6.729
5.12333,154.169,130.977,110.063,68.939,45.920,26.269,13.217,6.801
5.12667,154.192,131.059,110.185,68.948,46.108,26.384,13.266,6.750
5.13000,154.297,131.161,110.178,68.961,46.087,26.320,13.197,6.764
5.13333,154.440,131.258,110.275,69.058,46.111,26.358,13.304,6.838
5.13667,154.483,131.428,110.328,69.093,46.108,26.366,13.275,6.760
5.14000,154.662,131.480,110.438,69.214,46.206,26.368,13.325,6.795
5.14333,154.765,131.584,110.619,69.259,46.118,26.441,13.363,6.792
5.14667,154.950,131.657,110.662,69.219,46.181,26.423,13.356,6.767
5.15000,155.020,131.805,110.727,69.331,46.273,26.448,13.270,6.830
5.15333,155.194,131.915,110.874,69.417,46.300,26.492,13.364,6.845
5.15667,155.260,132.021,110.950,69.370,46.348,26.564,13.336,6.888
5.16000,155.432,132.102,110.985,69.527,46.402,26.463,13.393,6.854
5.16333,155.520,132.160,111.102,69.515,46.409,26.571,13.345,6.837
5.16667,155.673,132.323,111.167,69.631,46.516,26.543,13.418,6.741
5.17000,155.760,132.430,111.269,69.596,46.469,26.603,13.455,6.852
5.17333,155.839,132.517,111.288,69.785,46.549,26.612,13.421,6.894
5.17667,156.004,132.641,111.495,69.784,46.520,26.634,13.360,6.911
5.18000,156.174,132.753,111.523,69.831,46.560,26.671,13.495,6.828
5.18333,156.242,132.790,111.605,69.878,46.610,26.673,13.494,6.912
5.18667,156.387,132.937,111.703,69.957,46.629,26.638,13.448,6.875
5.19000,156.532,133.038,111.815,69.933,46.744,26.685,13.514,6.859
5.19333,156.561,133.145,111.845,70.109,46.702,26.687,13.459,6.900
5.19667,156.745,133.224,111.989,70.024,46.733,26.766,13.533,6.840
5.20000,156.836,133.365,112.179,70.122,46.840,26.742,13.481,6.887
5.20333,156.921,133.444,112.102,70.169,46.813,26.827,13.506,6.904
5.20667,157.065,133.527,112.208,70.285,46.845,26.842,13.487,6.919
5.21000,157.184,133.609,112.270,70.338,46.939,26.788,13.528,6.882
5.21333,157.359,133.682,112.378,70.376,46.909,26.831,13.521,6.933
5.21667,157.426,133.826,112.491,70.518,46.998,26.816,13.540,6.942
5.22000,157.530,133.929,112.594,70.447,47.040,26.867,13.581,6.904
5.22333,157.646,134.063,112.627,70.599,47.065,26.935,13.568,6.869
5.22667,157.782,134.176,112.743,70.531,47.113,26.987,13.575,6.885
5.23000,157.978,134.269,112.829,70.646,47.178,26.952,13.608,6.894
5.23333,158.001,134.392,112.862,70.722,47.205,26.934,13.588,6.913
5.23667,158.117,134.473,113.050,70.749,47.194,26.984,13.682,6.940
5.24000,158.270,134.578,113.118,70.845,47.228,26.974,13.598,6.918
5.24333,158.340,134.765,113.168,70.878,47.299,27.037,13.628,6.923
5.24667,158.524,134.776,113.253,70.930,47.285,27.013,13.698,6.940
5.25000,158.577,134.890,113.359,71.005,47.345,27.024,13.656,6.918
5.25333,158.768,134.931,113.434,71.122,47.379,27.014,13.683,6.919
5.25667,158.816,135.103,113.506,71.112,47.498,27.119,13.720,7.000
5.26000,159.019,135.128,113.612,71.070,47.455,27.113,13.719,7.016
5.26333,159.150,135.273,113.669,71.108,47.543,27.130,13.716,6.999
5.26667,159.255,135.377,113.728,71.187,47.553,27.160,13.751,7.004
5.27000,159.383,135.515,113.892,71.323,47.610,27.178,13.799,6.965
5.27333,159.477,135.605,113.989,71.335,47.587,27.280,13.745,6.964
5.27667,159.557,135.753,114.004,71.435,47.654,27.281,13.717,7.026
5.28000,159.697,135.817,114.070,71.441,47.731,27.233,13.773,7.046
5.28333,159.855,135.924,114.222,71.523,47.714,27.228,13.676,6.992
5.28667,159.879,136.036,114.249,71.538,47.742,27.217,13.793,7.089
5.29000,160.065,136.166,114.363,71.562,47.813,27.317,13.837,7.053
5.29333,160.249,136.266,114.470,71.684,47.830,27.378,13.763,6.989
5.29667,160.382,136.333,114.529,71.719,47.835,27.307,13.777,6.955
5.30000,160.424,136.392,114.686,71.756,47.894,27.385,13.883,7.046
5.30333,160.529,136.585,114.712,71.861,47.920,27.405,13.825,6.975
5.30667,160.666,136.648,114.815,71.924,47.993,27.349,13.863,7.062
5.31000,160.818,136.740,114.916,71.948,48.010,27.411,13.828,7.071
5.31333,160.918,136.835,115.003,72.006,48.059,27.455,13.838,7.006
5.31667,161.062,136.967,115.068,72.110,48.171,27.456,13.844,7.065
5.32000,161.185,137.072,115.255,72.101,48.132,27.515,13.868,7.039
5.32333,161.347,137.196,115.212,72.240,48.207,27.498,13.885,7.062
5.32667,161.424,137.330,115.367,72.339,48.243,27.546,13.943,7.043
5.33000,161.557,137.443,115.554,72.441,48.269,27.519,13.872,7.042
5.33333,161.800,137.467,115.626,72.589,48.356,27.570,13.965,7.110
5.33667,161.811,137.747,115.858,72.807,48.433,27.573,13.977,7.045
5.34000,162.001,137.791,115.971,72.908,48.498,27.553,13.913,7.079
5.34333,162.193,138.027,116.166,73.167,48.574,27.646,13.969,7.098
5.34667,162.357,138.230,116.293,73.500,48.767,27.596,13.971,7.088
5.35000,162.652,138.443,116.627,73.880,48.929,27.648,14.008,7.129
5.35333,162.810,138.612,116.949,74.408,49.079,27.770,14.029,7.127
5.35667,163.152,138.960,117.335,75.054,49.291,27.696,14.023,7.106
5.36000,163.498,139.346,117.844,75.824,49.595,27.806,14.047,7.095
5.36333,163.859,139.811,118.500,76.812,49.970,27.843,14.087,7.069
5.36667,164.400,140.274,119.322,78.131,50.371,27.923,14.074,7.108
5.37000,164.983,141.004,120.245,79.682,50.995,27.952,14.028,7.128
5.37333,165.618,141.737,121.377,81.687,51.709,27.958,14.166,7.154
5.37667,166.520,142.624,122.883,84.155,52.503,28.036,14.220,7.209
5.38000,167.481,143.843,124.649,87.175,53.622,28.129,14.186,7.110
5.38333,168.732,145.181,126.740,90.897,54.896,28.167,14.200,7.155
5.38667,170.215,146.811,129.248,95.421,56.318,28.277,14.228,7.202
5.39000,171.904,148.747,132.365,100.714,58.241,28.511,14.259,7.176
5.39333,173.817,151.058,135.992,107.137,60.436,28.611,14.278,7.175
5.39667,176.240,153.764,140.222,114.670,63.010,28.772,14.317,7.201
5.40000,178.955,156.960,145.254,123.613,65.996,28.982,14.363,7.256
5.40333,182.170,160.665,150.997,133.933,69.675,29.287,14.468,7.223
5.40667,185.934,164.967,157.746,145.771,73.675,29.439,14.491,7.300
5.41000,190.009,169.749,165.466,159.351,78.290,29.706,14.650,7.266
5.41333,194.704,175.233,174.146,174.829,83.675,30.007,14.682,7.246
5.41667,200.092,181.407,183.970,192.228,89.690,30.371,14.847,7.324
5.42000,205.929,188.294,194.869,211.499,96.272,30.872,14.887,7.340
5.42333,212.431,195.783,206.840,232.781,103.638,31.295,14.984,7.435
5.42667,219.572,204.071,220.071,256.268,111.564,31.772,15.164,7.398
5.43000,227.293,213.070,234.312,281.555,120.325,32.315,15.238,7.431
5.43333,235.641,222.759,249.643,308.704,129.757,32.914,15.447,7.442
5.43667,244.504,233.004,266.051,337.656,139.701,33.509,15.625,7.482
5.44000,253.803,243.901,283.283,368.189,150.231,34.097,15.785,7.543
5.44333,263.554,255.212,301.245,399.969,161.226,34.801,15.953,7.506
5.44667,273.576,266.904,319.774,432.672,172.584,35.502,16.133,7.605
5.45000,283.855,278.914,338.817,466.084,184.309,36.213,16.311,7.623
5.45333,294.267,291.005,357.992,499.737,196.063,36.951,16.434,7.663
5.45667,304.746,303.155,377.141,533.255,207.840,37.648,16.692,7.749
5.46000,315.014,315.163,396.048,566.274,219.502,38.360,16.883,7.721
5.46333,324.973,326.760,414.464,598.147,230.850,39.010,16.988,7.809
5.46667,334.519,337.931,432.143,628.631,241.709,39.716,17.167,7.907
5.47000,343.670,348.519,448.702,657.311,251.984,40.291,17.335,7.825
5.47333,352.057,358.200,464.117,683.764,261.499,40.976,17.554,7.860
5.47667,359.719,367.135,478.157,707.670,270.094,41.464,17.594,7.949
5.48000,366.416,374.975,490.461,728.608,277.842,41.972,17.823,7.962
5.48333,372.284,381.711,500.945,746.617,284.301,42.369,17.933,7.931
5.48667,377.091,387.207,509.647,761.018,289.733,42.653,18.016,8.029
5.49000,380.682,391.439,516.178,772.189,293.760,42.994,18.066,7.977
5.49333,383.290,394.403,520.719,779.765,296.531,43.148,18.129,8.064
5.49667,384.560,395.990,523.181,783.670,298.063,43.260,18.140,8.034
5.50000,384.972,396.134,523.521,784.176,298.239,43.268,18.114,8.074
5.50333,384.005,395.127,521.778,781.251,297.105,43.225,18.097,8.092
5.50667,382.075,392.860,518.045,774.966,294.852,43.057,18.123,8.050
5.51000,379.150,389.455,512.607,765.498,291.387,42.911,18.112,7.968
5.51333,375.288,384.922,505.301,753.104,286.926,42.613,18.063,8.096
5.51667,370.547,379.402,496.563,738.023,281.415,42.338,17.976,7.945
5.52000,365.105,372.993,486.351,720.546,275.036,41.972,17.914,8.022
5.52333,359.001,365.733,475.011,700.988,267.976,41.631,17.795,7.955
5.52667,352.323,357.924,462.556,679.474,260.270,41.131,17.653,7.930
5.53000,345.161,349.632,449.297,656.583,252.019,40.617,17.530,7.951
5.53333,337.749,340.907,435.320,632.384,243.401,40.086,17.477,7.921
5.53667,330.087,331.891,420.974,607.420,234.459,39.662,17.279,7.961
5.54000,322.217,322.722,406.369,581.825,225.402,39.158,17.176,7.937
5.54333,314.363,313.360,391.625,555.889,216.279,38.556,17.090,7.775
5.54667,306.394,304.185,376.787,530.071,207.180,38.027,16.921,7.833
5.55000,298.574,295.031,362.175,504.281,198.172,37.569,16.850,7.861
5.55333,290.991,286.016,347.872,478.988,189.355,37.071,16.688,7.868
5.55667,283.454,277.314,333.888,454.304,180.803,36.551,16.608,7.752
5.56000,276.270,268.836,320.257,430.253,172.383,36.097,16.469,7.748
5.56333,269.273,260.762,307.237,407.111,164.451,35.672,16.396,7.714
5.56667,262.748,252.904,294.702,384.895,156.659,35.067,16.231,7.772
5.57000,256.417,245.516,282.861,363.745,149.346,34.779,16.130,7.727
5.57333,250.356,238.524,271.525,343.608,142.417,34.386,16.056,7.686
5.57667,244.652,231.836,260.909,324.567,135.871,34.007,15.956,7.626
5.58000,239.475,225.650,250.880,306.625,129.702,33.606,15.888,7.632
5.58333,234.434,219.706,241.425,289.803,123.905,33.347,15.839,7.673
5.58667,229.799,214.241,232.628,273.931,118.487,33.050,15.745,7.595
5.59000,225.431,209.116,224.382,259.177,113.413,32.756,15.678,7.578
5.59333,221.367,204.357,216.661,245.367,108.746,32.471,15.618,7.634
5.59667,217.570,199.983,209.492,232.567,104.360,32.228,15.568,7.574
5.60000,214.164,195.817,202.923,220.686,100.326,32.033,15.485,7.563
5.60333,210.923,192.121,196.794,209.563,96.593,31.815,15.487,7.609
5.60667,207.951,188.576,191.099,199.403,92.991,31.677,15.392,7.528
5.61000,205.186,185.303,185.884,189.939,89.875,31.515,15.370,7.565
5.61333,202.647,182.380,180.949,181.084,86.864,31.300,15.339,7.585
5.61667,200.299,179.609,176.582,173.120,84.117,31.132,15.333,7.576
5.62000,198.246,177.034,172.333,165.624,81.614,31.022,15.336,7.635
5.62333,196.311,174.732,168.611,158.709,79.259,30.850,15.316,7.592
5.62667,194.494,172.635,165.089,152.386,77.153,30.783,15.312,7.544
5.63000,192.869,170.625,161.903,146.476,75.012,30.672,15.209,7.519
5.63333,191.255,168.834,158.866,141.101,73.233,30.633,15.179,7.515
5.63667,189.889,167.154,156.139,136.106,71.592,30.556,15.190,7.565
5.64000,188.666,165.599,153.645,131.578,70.048,30.424,15.177,7.646
5.64333,187.414,164.290,151.319,127.328,68.621,30.419,15.221,7.618
5.64667,186.414,162.954,149.263,123.448,67.314,30.341,15.196,7.599
5.65000,185.462,161.842,147.294,119.875,66.104,30.241,15.175,7.551
5.65333,184.580,160.763,145.484,116.594,65.045,30.192,15.167,7.675
5.65667,183.729,159.752,143.852,113.532,63.902,30.147,15.153,7.541
5.66000,183.059,158.817,142.297,110.731,63.039,30.099,15.193,7.622
5.66333,182.354,158.024,140.943,108.180,62.150,30.062,15.141,7.593
5.66667,181.720,157.282,139.665,105.850,61.330,30.040,15.112,7.591
5.67000,181.119,156.640,138.536,103.744,60.703,30.044,15.142,7.544
5.67333,180.675,156.010,137.472,101.670,59.988,30.009,15.148,7.590
5.67667,180.253,155.430,136.435,99.895,59.366,30.059,15.155,7.601
5.68000,179.841,154.999,135.614,98.080,58.847,29.992,15.182,7.550
5.68333,179.524,154.485,134.824,96.644,58.354,29.938,15.124,7.607
5.68667,179.085,154.100,134.014,95.113,57.902,29.960,15.072,7.594
5.69000,178.836,153.665,133.425,93.836,57.461,29.941,15.141,7.568
5.69333,178.629,153.404,132.820,92.712,57.079,29.931,15.179,7.636
5.69667,178.349,153.018,132.243,91.524,56.623,29.996,15.143,7.556
5.70000,178.135,152.764,131.723,90.622,56.371,29.894,15.166,7.582
5.70333,178.000,152.518,131.251,89.656,56.043,29.894,15.170,7.625
5.70667,177.811,152.318,130.842,88.824,55.762,29.982,15.152,7.562
5.71000,177.713,152.136,130.459,87.967,55.619,29.921,15.166,7.674
5.71333,177.555,151.898,130.073,87.296,55.343,29.900,15.206,7.571
5.71667,177.427,151.742,129.741,86.607,55.159,29.918,15.174,7.616
5.72000,177.439,151.642,129.463,85.979,54.970,29.952,15.132,7.654
5.72333,177.347,151.514,129.257,85.461,54.758,30.009,15.222,7.648
5.72667,177.306,151.530,128.985,85.015,54.586,29.966,15.261,7.632
5.73000,177.210,151.400,128.835,84.512,54.468,29.966,15.179,7.615
5.73333,177.209,151.282,128.629,84.089,54.336,29.967,15.196,7.679
5.73667,177.173,151.314,128.517,83.735,54.212,30.030,15.137,7.645
5.74000,177.202,151.218,128.305,83.387,54.128,29.966,15.280,7.632
5.74333,177.244,151.158,128.235,83.053,54.081,29.985,15.294,7.678
5.74667,177.251,151.122,128.134,82.804,53.915,30.051,15.268,7.636
5.75000,177.209,151.212,127.966,82.558,53.862,30.040,15.304,7.683
5.75333,177.280,151.161,127.918,82.300,53.798,30.029,15.252,7.637
5.75667,177.278,151.179,127.870,82.045,53.753,30.069,15.268,7.711
5.76000,177.357,151.171,127.879,81.871,53.745,30.050,15.318,7.671
5.76333,177.429,151.249,127.814,81.678,53.666,30.088,15.356,7.645
5.76667,177.440,151.226,127.750,81.555,53.613,30.089,15.321,7.696
5.77000,177.464,151.188,127.691,81.395,53.558,30.137,15.380,7.749
5.77333,177.572,151.351,127.616,81.250,53.594,30.124,15.350,7.700
5.77667,177.657,151.348,127.665,81.221,53.552,30.217,15.324,7.599
5.78000,177.706,151.424,127.688,81.120,53.594,30.173,15.395,7.678
5.78333,177.811,151.398,127.691,81.010,53.474,30.184,15.381,7.683
5.78667,177.869,151.482,127.734,80.922,53.579,30.256,15.412,7.732
5.79000,177.869,151.532,127.720,80.881,53.477,30.156,15.328,7.697
5.79333,178.089,151.596,127.784,80.811,53.548,30.270,15.379,7.654
5.79667,178.052,151.631,127.745,80.762,53.515,30.324,15.415,7.760
5.80000,178.207,151.706,127.801,80.643,53.517,30.308,15.420,7.737
5.80333,178.265,151.798,127.944,80.675,53.517,30.260,15.385,7.834
5.80667,178.341,151.894,127.860,80.689,53.538,30.294,15.471,7.751
5.81000,178.428,151.891,127.923,80.657,53.512,30.386,15.409,7.760
5.81333,178.583,152.025,127.933,80.620,53.588,30.348,15.431,7.788
5.81667,178.706,152.075,128.012,80.658,53.555,30.409,15.466,7.729
5.82000,178.747,152.129,128.055,80.610,53.542,30.382,15.536,7.756
5.82333,178.847,152.266,128.139,80.638,53.572,30.380,15.485,7.750
5.82667,178.931,152.295,128.178,80.591,53.595,30.450,15.482,7.758
5.83000,179.034,152.359,128.244,80.623,53.636,30.409,15.540,7.802
5.83333,179.136,152.451,128.289,80.664,53.704,30.483,15.472,7.691
5.83667,179.237,152.569,128.351,80.699,53.636,30.480,15.489,7.757
5.84000,179.351,152.605,128.386,80.582,53.715,30.561,15.520,7.840
5.84333,179.421,152.753,128.456,80.634,53.708,30.483,15.494,7.827
5.84667,179.517,152.862,128.501,80.748,53.758,30.551,15.630,7.820
5.85000,179.602,152.816,128.618,80.747,53.797,30.509,15.527,7.861
5.85333,179.751,153.015,128.709,80.719,53.750,30.575,15.570,7.779
5.85667,179.828,153.125,128.746,80.773,53.802,30.589,15.593,7.795
5.86000,179.960,153.168,128.781,80.832,53.881,30.569,15.641,7.828
5.86333,180.058,153.261,128.912,80.882,53.945,30.656,15.623,7.813
5.86667,180.120,153.306,128.949,80.910,53.912,30.628,15.579,7.815
5.87000,180.302,153.437,129.033,80.936,53.897,30.663,15.616,7.851
5.87333,180.431,153.538,129.079,80.970,53.966,30.656,15.628,7.798
5.87667,180.497,153.595,129.121,80.994,54.093,30.678,15.642,7.855
5.88000,180.557,153.698,129.241,81.054,54.024,30.703,15.674,7.838
5.88333,180.714,153.782,129.294,81.143,54.064,30.743,15.643,7.826
5.88667,180.831,153.927,129.363,81.111,54.114,30.720,15.695,7.792
5.89000,180.912,154.029,129.385,81.188,54.084,30.682,15.686,7.877
5.89333,181.021,154.078,129.538,81.202,54.175,30.812,15.704,7.859
5.89667,181.123,154.140,129.635,81.207,54.096,30.815,15.725,7.880
5.90000,181.176,154.276,129.644,81.293,54.151,30.853,15.651,7.863
5.90333,181.301,154.327,129.762,81.316,54.211,30.872,15.711,7.889
5.90667,181.483,154.446,129.799,81.325,54.259,30.806,15.754,7.891
5.91000,181.580,154.537,129.885,81.443,54.246,30.871,15.814,7.880
5.91333,181.711,154.646,130.057,81.437,54.356,30.902,15.718,7.905
5.91667,181.829,154.716,130.062,81.476,54.382,30.864,15.747,7.910
5.92000,181.914,154.817,130.119,81.582,54.401,30.888,15.750,7.865
5.92333,181.992,154.914,130.226,81.629,54.473,30.972,15.823,7.857
5.92667,182.097,155.025,130.316,81.630,54.463,30.957,15.815,7.879
5.93000,182.222,155.037,130.386,81.636,54.459,30.933,15.723,7.918
5.93333,182.292,155.216,130.503,81.684,54.536,30.936,15.783,7.924
5.93667,182.424,155.274,130.499,81.799,54.550,31.043,15.874,7.863
5.94000,182.519,155.376,130.591,81.799,54.613,31.077,15.834,7.928
5.94333,182.681,155.459,130.665,81.837,54.616,31.115,15.819,7.945
5.94667,182.788,155.589,130.743,81.868,54.631,31.076,15.856,7.927
5.95000,182.904,155.619,130.835,81.938,54.678,31.077,15.849,7.937
5.95333,182.937,155.726,130.939,81.964,54.787,31.073,15.876,7.909
5.95667,183.065,155.836,130.986,82.122,54.777,31.170,15.860,7.960
5.96000,183.194,155.899,131.055,82.125,54.810,31.182,15.864,7.917
5.96333,183.314,156.020,131.118,82.170,54.792,31.130,15.892,7.960
5.96667,183.448,156.127,131.255,82.232,54.840,31.183,15.910,7.981
5.97000,183.484,156.216,131.293,82.279,54.838,31.248,15.870,8.026
5.97333,183.672,156.330,131.398,82.306,54.992,31.191,15.892,7.946
5.97667,183.741,156.414,131.470,82.415,54.929,31.218,15.984,7.964
5.98000,183.865,156.514,131.563,82.369,54.961,31.279,15.962,8.033
5.98333,183.934,156.556,131.639,82.453,54.965,31.242,16.030,8.020
5.98667,184.087,156.724,131.714,82.485,55.045,31.311,15.970,7.947
5.99000,184.182,156.778,131.744,82.547,55.098,31.289,15.985,7.957
5.99333,184.399,156.899,131.853,82.621,55.074,31.306,15.978,7.945
5.99667,184.401,156.953,131.947,82.562,55.091,31.341,16.053,8.021
6.00000,184.534,157.130,132.019,82.667,55.168,31.400,15.996,7.937
6.00333,184.695,157.213,132.118,82.732,55.195,31.377,16.099,8.069
6.00667,184.697,157.260,132.180,82.794,55.260,31.425,16.040,8.027
6.01000,184.868,157.312,132.289,82.826,55.284,31.435,16.084,7.987
6.01333,184.996,157.450,132.308,82.927,55.327,31.378,16.057,7.983
6.01667,185.081,157.503,132.394,82.890,55.429,31.449,16.073,8.017
6.02000,185.185,157.566,132.433,83.054,55.290,31.486,16.117,7.987
6.02333,185.256,157.602,132.604,83.021,55.416,31.474,16.133,8.026
6.02667,185.364,157.868,132.654,83.076,55.446,31.506,16.094,8.048
6.03000,185.495,157.910,132.756,83.106,55.491,31.521,16.118,8.021
6.03333,185.569,157.978,132.803,83.161,55.479,31.517,16.126,7.994
6.03667,185.696,158.017,132.869,83.190,55.487,31.603,16.163,8.005
6.04000,185.783,158.128,133.004,83.221,55.602,31.643,16.110,8.077
6.04333,185.924,158.321,133.051,83.354,55.584,31.576,16.160,8.041
6.04667,186.060,158.316,133.112,83.348,55.661,31.638,16.127,8.061
6.05000,186.148,158.448,133.189,83.401,55.671,31.621,16.126,8.032
6.05333,186.219,158.514,133.375,83.451,55.677,31.654,16.208,8.081
6.05667,186.373,158.659,133.327,83.538,55.685,31.703,16.240,8.056
6.06000,186.478,158.743,133.470,83.571,55.739,31.774,16.206,8.096
6.06333,186.596,158.833,133.562,83.591,55.782,31.677,16.188,8.108
6.06667,186.676,158.903,133.607,83.615,55.855,31.731,16.218,8.059
6.07000,186.819,159.041,133.648,83.722,55.855,31.726,16.142,8.054
6.07333,186.869,159.128,133.670,83.775,55.880,31.741,16.212,8.147
6.07667,186.946,159.231,133.823,83.751,55.949,31.759,16.224,8.115
6.08000,187.188,159.304,133.906,83.902,55.975,31.774,16.259,8.054
6.08333,187.293,159.440,134.038,83.909,56.001,31.786,16.297,8.053
6.08667,187.258,159.480,134.015,83.940,56.004,31.823,16.212,8.125
6.09000,187.483,159.564,134.169,83.946,56.003,31.891,16.261,8.099
6.09333,187.532,159.666,134.254,84.060,56.114,31.884,16.314,8.174
6.09667,187.669,159.715,134.316,84.098,56.110,31.934,16.269,8.124
6.10000,187.811,159.830,134.382,84.176,56.144,31.914,16.298,8.130
6.10333,187.892,159.930,134.460,84.210,56.190,31.932,16.280,8.123
6.10667,187.953,160.032,134.588,84.277,56.230,32.015,16.391,8.156
6.11000,188.047,160.162,134.596,84.330,56.269,31.924,16.316,8.131
6.11333,188.255,160.206,134.688,84.387,56.254,32.009,16.355,8.126
6.11667,188.333,160.266,134.759,84.431,56.351,32.018,16.354,8.149
6.12000,188.489,160.386,134.773,84.468,56.358,32.025,16.371,8.171
6.12333,188.532,160.399,134.961,84.515,56.415,32.015,16.357,8.201
6.12667,188.622,160.629,135.005,84.537,56.445,32.113,16.385,8.173
6.13000,188.729,160.765,135.035,84.556,56.447,32.120,16.397,8.114
6.13333,188.903,160.842,135.085,84.645,56.443,32.093,16.376,8.158
6.13667,188.967,160.848,135.297,84.646,56.490,32.060,16.430,8.160
6.14000,189.077,160.939,135.296,84.772,56.526,32.104,16.441,8.165
6.14333,189.176,161.042,135.426,84.763,56.561,32.181,16.424,8.217
6.14667,189.287,161.126,135.462,84.860,56.592,32.247,16.492,8.176
6.15000,189.375,161.211,135.532,84.882,56.645,32.220,16.481,8.222
6.15333,189.491,161.325,135.593,84.934,56.681,32.160,16.459,8.148
6.15667,189.655,161.398,135.599,85.021,56.704,32.208,16.434,8.225
6.16000,189.717,161.464,135.731,85.006,56.731,32.304,16.477,8.228
6.16333,189.797,161.617,135.844,85.087,56.752,32.319,16.502,8.218
6.16667,189.934,161.719,135.940,85.138,56.771,32.302,16.519,8.237
6.17000,189.993,161.776,135.983,85.194,56.855,32.314,16.457,8.251
6.17333,190.126,161.899,136.076,85.199,56.887,32.265,16.515,8.280
6.17667,190.229,161.967,136.186,85.223,56.909,32.355,16.515,8.283
6.18000,190.349,162.029,136.203,85.347,56.922,32.349,16.569,8.220
6.18333,190.447,162.129,136.362,85.312,56.982,32.313,16.592,8.316
6.18667,190.529,162.221,136.331,85.409,57.034,32.398,16.549,8.217
6.19000,190.630,162.288,136.468,85.405,56.974,32.436,16.584,8.351
6.19333,190.781,162.429,136.546,85.528,57.097,32.421,16.639,8.235
6.19667,190.942,162.551,136.669,85.593,57.098,32.439,16.563,8.233
6.20000,190.984,162.643,136.708,85.596,57.142,32.436,16.652,8.238
6.20333,191.084,162.718,136.779,85.670,57.185,32.469,16.626,8.406
6.20667,191.180,162.830,136.867,85.727,57.164,32.557,16.666,8.319
6.21000,191.302,162.885,136.932,85.751,57.167,32.477,16.690,8.281
6.21333,191.405,162.973,137.039,85.812,57.302,32.518,16.602,8.297
6.21667,191.561,163.069,137.019,85.823,57.301,32.548,16.701,8.259
6.22000,191.611,163.154,137.128,85.918,57.264,32.582,16.672,8.346
6.22333,191.715,163.231,137.239,85.945,57.355,32.539,16.639,8.267
6.22667,191.830,163.361,137.312,86.042,57.403,32.522,16.615,8.341
6.23000,191.998,163.394,137.412,86.007,57.455,32.691,16.656,8.345
6.23333,192.094,163.465,137.482,86.064,57.457,32.703,16.704,8.321
6.23667,192.162,163.627,137.524,86.107,57.442,32.603,16.641,8.296
6.24000,192.305,163.717,137.598,86.173,57.509,32.705,16.659,8.381
6.24333,192.415,163.828,137.689,86.225,57.560,32.687,16.704,8.285
6.24667,192.462,163.819,137.724,86.308,57.547,32.726,16.746,8.326
6.25000,192.644,163.973,137.855,86.321,57.626,32.705,16.813,8.415
6.25333,192.647,164.028,137.920,86.404,57.631,32.798,16.800,8.309
6.25667,192.759,164.068,138.036,86.487,57.631,32.735,16.757,8.372
6.26000,192.882,164.168,138.062,86.466,57.744,32.752,16.863,8.329
6.26333,192.955,164.245,138.143,86.537,57.699,32.780,16.722,8.311
6.26667,193.077,164.370,138.203,86.572,57.752,32.822,16.745,8.383
6.27000,193.237,164.524,138.371,86.673,57.791,32.805,16.759,8.393
6.27333,193.349,164.585,138.423,86.674,57.809,32.826,16.879,8.404
6.27667,193.374,164.680,138.409,86.734,57.853,32.865,16.765,8.366
6.28000,193.520,164.804,138.528,86.777,57.916,32.860,16.872,8.383
6.28333,193.671,164.862,138.598,86.762,57.891,32.869,16.822,8.321
6.28667,193.747,164.958,138.679,86.785,57.968,32.915,16.818,8.364
6.29000,193.841,165.042,138.730,86.898,57.962,32.915,16.849,8.399
6.29333,193.943,165.142,138.830,86.965,57.988,32.955,16.915,8.380
6.29667,194.072,165.174,138.901,87.025,58.087,32.909,16.850,8.378
6.30000,194.114,165.301,138.975,87.012,58.051,32.960,16.902,8.379
6.30333,194.290,165.349,139.073,87.092,58.137,32.933,16.862,8.412
6.30667,194.440,165.545,139.144,87.166,58.127,33.018,16.976,8.405
6.31000,194.483,165.588,139.204,87.215,58.118,33.026,16.930,8.361
6.31333,194.534,165.693,139.288,87.267,58.261,33.032,16.934,8.400
6.31667,194.744,165.815,139.341,87.255,58.215,33.079,16.909,8.439
6.32000,194.754,165.821,139.498,87.268,58.316,33.138,16.923,8.465
6.32333,194.909,165.919,139.498,87.410,58.360,33.114,16.928,8.421
6.32667,195.070,165.958,139.616,87.448,58.297,33.089,16.976,8.368
6.33000,195.100,166.094,139.678,87.455,58.375,33.113,17.003,8.494
6.33333,195.185,166.165,139.762,87.561,58.371,33.202,16.931,8.436
6.33667,195.343,166.276,139.838,87.619,58.433,33.162,16.995,8.412
6.34000,195.415,166.355,139.919,87.616,58.436,33.194,17.025,8.439
6.34333,195.527,166.457,139.951,87.690,58.557,33.217,17.027,8.458
6.34667,195.574,166.554,139.987,87.687,58.528,33.178,17.014,8.443
6.35000,195.730,166.603,140.142,87.709,58.519,33.177,17.011,8.437
6.35333,195.780,166.723,140.137,87.816,58.651,33.274,17.058,8.417
6.35667,195.932,166.878,140.293,87.890,58.660,33.262,17.025,8.510
6.36000,196.090,166.861,140.330,87.882,58.697,33.305,17.118,8.496
6.36333,196.142,167.021,140.448,87.906,58.697,33.270,17.087,8.504
6.36667,196.238,167.138,140.495,87.968,58.730,33.351,17.015,8.484
6.37000,196.366,167.193,140.552,88.036,58.736,33.327,17.068,8.464
6.37333,196.487,167.318,140.651,88.112,58.732,33.413,17.058,8.476
6.37667,196.572,167.391,140.714,88.129,58.815,33.379,17.144,8.522
6.38000,196.644,167.427,140.786,88.168,58.793,33.374,17.052,8.555
6.38333,196.733,167.540,140.922,88.227,58.903,33.458,17.148,8.567
6.38667,196.910,167.618,141.051,88.240,58.876,33.399,17.135,8.520
6.39000,197.001,167.693,141.053,88.304,58.916,33.473,17.140,8.540
6.39333,197.028,167.790,141.087,88.339,58.986,33.498,17.149,8.511
6.39667,197.094,167.891,141.136,88.387,58.973,33.497,17.161,8.547
6.40000,197.304,168.044,141.217,88.442,59.045,33.479,17.236,8.446
6.40333,197.378,168.028,141.312,88.491,59.100,33.480,17.122,8.565
6.40667,197.458,168.165,141.395,88.539,59.117,33.519,17.165,8.517
6.41000,197.554,168.230,141.462,88.617,59.119,33.528,17.239,8.536
6.41333,197.709,168.371,141.536,88.642,59.106,33.557,17.183,8.561
6.41667,197.871,168.461,141.680,88.691,59.208,33.559,17.184,8.573
6.42000,197.923,168.556,141.771,88.718,59.217,33.674,17.297,8.519
6.42333,198.014,168.552,141.774,88.762,59.220,33.639,17.224,8.571
6.42667,198.123,168.698,141.910,88.860,59.232,33.618,17.245,8.586
6.43000,198.296,168.817,141.913,88.884,59.319,33.623,17.288,8.564
6.43333,198.353,168.868,142.022,89.003,59.244,33.663,17.299,8.512
6.43667,198.418,169.012,142.026,89.003,59.390,33.722,17.226,8.544
6.44000,198.485,169.056,142.176,89.016,59.289,33.772,17.214,8.489
6.44333,198.623,169.160,142.232,89.052,59.439,33.776,17.304,8.509
6.44667,198.764,169.207,142.368,89.075,59.498,33.674,17.310,8.551
6.45000,198.859,169.342,142.439,89.158,59.513,33.751,17.362,8.635
6.45333,198.911,169.378,142.437,89.159,59.505,33.721,17.261,8.563
6.45667,199.118,169.514,142.560,89.324,59.549,33.799,17.359,8.584
6.46000,199.123,169.570,142.580,89.351,59.618,33.765,17.334,8.631
6.46333,199.235,169.704,142.622,89.315,59.616,33.801,17.428,8.626
6.46667,199.317,169.834,142.714,89.398,59.619,33.893,17.350,8.638
6.47000,199.519,169.907,142.850,89.430,59.709,33.873,17.386,8.656
6.47333,199.567,169.918,142.853,89.452,59.688,33.905,17.427,8.623
6.47667,199.608,170.065,142.935,89.515,59.760,33.876,17.367,8.593
6.48000,199.777,170.106,143.010,89.526,59.747,33.842,17.407,8.558
6.48333,199.870,170.230,143.095,89.605,59.758,33.937,17.413,8.599
6.48667,199.948,170.263,143.212,89.646,59.856,33.959,17.402,8.654
6.49000,200.071,170.377,143.260,89.706,59.870,34.026,17.455,8.658
6.49333,200.189,170.458,143.355,89.769,59.870,34.000,17.417,8.626
6.49667,200.325,170.521,143.378,89.853,59.943,33.952,17.465,8.621
6.50000,200.352,170.628,143.449,89.847,59.988,34.000,17.483,8.671
6.50333,200.466,170.687,143.576,89.857,59.972,34.023,17.439,8.675
6.50667,200.607,170.790,143.647,89.933,60.020,34.034,17.484,8.561
6.51000,200.625,170.829,143.756,89.980,60.116,34.042,17.495,8.665
6.51333,200.766,171.023,143.798,90.081,60.032,34.085,17.506,8.604
6.51667,200.892,171.082,143.835,90.059,60.091,34.106,17.457,8.642
6.52000,200.998,171.162,143.940,90.117,60.201,34.164,17.532,8.654
6.52333,201.091,171.260,143.981,90.119,60.182,34.104,17.511,8.620
6.52667,201.205,171.353,144.066,90.260,60.219,34.095,17.527,8.606
6.53000,201.290,171.452,144.173,90.269,60.201,34.130,17.510,8.717
6.53333,201.375,171.539,144.210,90.306,60.284,34.204,17.566,8.724
6.53667,201.564,171.611,144.282,90.391,60.363,34.143,17.509,8.697
6.54000,201.550,171.692,144.391,90.415,60.392,34.240,17.575,8.687
6.54333,201.702,171.796,144.495,90.444,60.442,34.265,17.590,8.651
6.54667,201.850,171.919,144.505,90.531,60.493,34.187,17.620,8.712
6.55000,201.879,171.986,144.576,90.553,60.440,34.226,17.608,8.725
6.55333,201.929,171.999,144.685,90.604,60.486,34.270,17.594,8.694
6.55667,202.113,172.090,144.744,90.684,60.495,34.259,17.582,8.716
6.56000,202.229,172.179,144.764,90.697,60.528,34.331,17.658,8.716
6.56333,202.332,172.311,144.784,90.753,60.550,34.299,17.655,8.717
6.56667,202.397,172.358,144.993,90.773,60.491,34.408,17.676,8.758
6.57000,202.491,172.493,145.028,90.805,60.629,34.403,17.587,8.711
6.57333,202.622,172.567,145.104,90.893,60.651,34.324,17.629,8.716
6.57667,202.746,172.667,145.168,90.912,60.695,34.394,17.640,8.641
6.58000,202.839,172.752,145.277,90.971,60.672,34.384,17.682,8.699
6.58333,202.963,172.812,145.370,91.045,60.774,34.435,17.640,8.751
6.58667,203.058,172.939,145.339,91.111,60.829,34.502,17.726,8.693
6.59000,203.147,173.025,145.433,91.173,60.791,34.410,17.728,8.743
6.59333,203.173,173.069,145.472,91.105,60.814,34.493,17.650,8.774
6.59667,203.387,173.104,145.651,91.200,60.882,34.475,17.736,8.781
6.60000,203.436,173.312,145.708,91.242,60.884,34.576,17.812,8.800
6.60333,203.518,173.359,145.798,91.266,60.904,34.548,17.730,8.766
6.60667,203.591,173.392,145.899,91.330,60.937,34.505,17.755,8.810
6.61000,203.714,173.466,145.909,91.343,60.995,34.547,17.749,8.776
6.61333,203.776,173.560,145.968,91.451,61.041,34.568,17.779,8.717
6.61667,203.911,173.711,146.005,91.499,60.995,34.610,17.761,8.795
6.62000,204.009,173.814,146.140,91.535,60.987,34.609,17.838,8.775
6.62333,204.205,173.907,146.227,91.585,61.177,34.667,17.803,8.772
6.62667,204.260,173.986,146.229,91.596,61.110,34.635,17.789,8.833
6.63000,204.371,173.990,146.374,91.671,61.160,34.748,17.751,8.766
6.63333,204.457,174.065,146.441,91.700,61.183,34.696,17.861,8.795
6.63667,204.588,174.188,146.502,91.789,61.179,34.688,17.871,8.867
6.64000,204.669,174.280,146.577,91.860,61.248,34.744,17.800,8.735
6.64333,204.730,174.456,146.609,91.809,61.286,34.770,17.895,8.792
6.64667,204.810,174.450,146.713,91.940,61.317,34.705,17.916,8.859
6.65000,204.955,174.545,146.743,91.926,61.384,34.730,17.891,8.766
6.65333,205.074,174.614,146.878,92.100,61.387,34.757,17.920,8.859
6.65667,205.173,174.809,146.924,92.069,61.406,34.751,17.953,8.796
6.66000,205.293,174.817,147.026,92.103,61.423,34.873,17.901,8.895
6.66333,205.350,174.879,147.083,92.158,61.486,34.836,17.950,8.891
6.66667,205.451,175.016,147.179,92.168,61.453,34.856,17.924,8.827
6.67000,205.534,175.052,147.256,92.276,61.536,34.912,17.920,8.847
6.67333,205.670,175.194,147.318,92.246,61.597,34.900,17.948,8.833
6.67667,205.811,175.196,147.367,92.299,61.605,34.876,17.882,8.908
6.68000,205.909,175.323,147.443,92.386,61.670,34.929,17.887,8.875
6.68333,205.948,175.462,147.581,92.384,61.646,34.899,17.941,8.881
6.68667,206.130,175.480,147.594,92.432,61.681,34.962,17.990,8.898
6.69000,206.198,175.602,147.674,92.513,61.774,35.026,17.997,8.916
6.69333,206.195,175.682,147.758,92.491,61.794,34.969,17.986,8.924
6.69667,206.398,175.776,147.778,92.555,61.753,34.971,17.953,8.894
6.70000,206.485,175.881,147.896,92.640,61.782,34.976,17.945,8.846
6.70333,206.560,175.907,147.936,92.676,61.874,34.987,17.987,8.914
6.70667,206.626,176.092,148.029,92.740,61.889,35.025,18.077,8.913
6.71000,206.809,176.102,148.119,92.820,61.887,35.076,18.054,8.918
6.71333,206.905,176.145,148.176,92.796,62.033,35.107,18.035,8.912
6.71667,206.972,176.318,148.335,92.871,61.998,35.079,18.049,8.901
6.72000,207.005,176.390,148.322,92.967,61.981,35.103,18.069,8.853
6.72333,207.182,176.472,148.400,92.931,62.016,35.147,18.096,8.891
6.72667,207.224,176.553,148.499,93.030,62.061,35.110,18.048,8.886
6.73000,207.345,176.622,148.518,93.003,62.119,35.160,18.119,8.916
6.73333,207.486,176.716,148.590,93.076,62.117,35.200,18.134,8.922
6.73667,207.626,176.791,148.689,93.203,62.169,35.199,18.202,8.957
6.74000,207.683,176.865,148.801,93.178,62.187,35.220,18.098,8.949
6.74333,207.812,176.977,148.791,93.280,62.165,35.240,18.083,8.920
6.74667,207.920,177.085,148.924,93.224,62.253,35.234,18.163,8.954
6.75000,207.963,177.118,148.983,93.230,62.352,35.264,18.189,8.943
6.75333,208.104,177.216,149.006,93.415,62.339,35.353,18.213,8.925
6.75667,208.266,177.365,149.090,93.529,62.339,35.279,18.196,8.968
6.76000,208.303,177.405,149.201,93.479,62.374,35.325,18.221,8.972
6.76333,208.422,177.530,149.339,93.540,62.405,35.333,18.242,8.974
6.76667,208.560,177.657,149.395,93.584,62.483,35.380,18.204,8.948
6.77000,208.675,177.715,149.454,93.718,62.520,35.409,18.257,8.997
6.77333,208.775,177.804,149.565,93.712,62.623,35.400,18.252,8.978
6.77667,208.877,177.886,149.649,93.851,62.665,35.478,18.296,8.903
6.78000,208.997,178.091,149.793,93.929,62.688,35.501,18.365,8.963
6.78333,209.153,178.119,149.861,94.017,62.805,35.525,18.354,8.938
6.78667,209.297,178.352,149.994,94.103,62.901,35.538,18.356,8.945
6.79000,209.502,178.433,150.162,94.222,62.949,35.651,18.531,8.964
6.79333,209.639,178.516,150.311,94.428,63.061,35.742,18.523,8.986
6.79667,209.789,178.640,150.524,94.584,63.238,35.748,18.564,8.995
6.80000,210.010,178.938,150.640,94.767,63.325,35.781,18.731,9.049
6.80333,210.287,179.123,150.829,94.956,63.561,35.933,18.786,9.006
6.80667,210.503,179.320,151.042,95.104,63.653,36.020,18.943,9.033
6.81000,210.764,179.557,151.273,95.472,63.933,36.119,19.016,9.050
6.81333,211.058,179.757,151.575,95.830,64.194,36.214,19.207,9.010
6.81667,211.314,180.067,151.855,96.131,64.450,36.422,19.447,9.084
6.82000,211.741,180.350,152.252,96.516,64.822,36.561,19.670,9.067
6.82333,212.086,180.593,152.590,96.977,65.079,36.766,19.856,9.120
6.82667,212.535,181.067,153.005,97.492,65.489,36.880,20.159,9.079
6.83000,212.975,181.505,153.451,98.021,65.955,37.198,20.427,9.018
6.83333,213.518,181.825,153.941,98.609,66.413,37.477,20.796,9.075
6.83667,214.005,182.307,154.503,99.369,67.001,37.679,21.124,9.032
6.84000,214.656,182.850,155.064,99.989,67.577,37.966,21.442,9.093
6.84333,215.279,183.424,155.744,100.809,68.223,38.429,21.918,9.141
6.84667,215.933,183.985,156.381,101.635,68.883,38.718,22.392,9.187
6.85000,216.656,184.611,157.072,102.592,69.604,39.069,22.852,9.160
6.85333,217.397,185.206,157.886,103.531,70.426,39.467,23.427,9.124
6.85667,218.122,185.963,158.734,104.475,71.190,39.909,23.917,9.173
6.86000,219.043,186.613,159.503,105.608,72.145,40.280,24.509,9.159
6.86333,219.875,187.381,160.299,106.741,72.962,40.825,25.162,9.264
6.86667,220.727,188.090,161.267,107.761,73.797,41.276,25.738,9.203
6.87000,221.592,188.893,162.175,108.978,74.794,41.707,26.321,9.251
6.87333,222.478,189.612,163.079,110.079,75.726,42.181,26.991,9.289
6.87667,223.339,190.418,163.996,111.242,76.662,42.662,27.602,9.325
6.88000,224.261,191.168,164.862,112.374,77.546,43.129,28.173,9.285
6.88333,225.075,191.846,165.703,113.488,78.441,43.595,28.868,9.327
6.88667,225.882,192.660,166.627,114.526,79.348,43.989,29.420,9.353
6.89000,226.764,193.242,167.418,115.611,80.129,44.434,30.031,9.404
6.89333,227.468,193.918,168.162,116.579,80.826,44.840,30.465,9.323
6.89667,228.218,194.615,168.912,117.364,81.564,45.202,31.000,9.365
6.90000,228.798,195.157,169.571,118.196,82.239,45.548,31.429,9.372
6.90333,229.350,195.592,170.111,118.890,82.899,45.803,31.830,9.389
6.90667,229.914,196.021,170.630,119.470,83.388,46.105,32.083,9.461
6.91000,230.295,196.396,171.119,120.055,83.795,46.260,32.439,9.434
6.91333,230.640,196.698,171.400,120.444,84.064,46.461,32.554,9.458
6.91667,231.049,196.935,171.667,120.712,84.340,46.495,32.723,9.420
6.92000,231.107,197.088,171.781,120.879,84.420,46.651,32.806,9.495
6.92333,231.260,197.194,171.876,120.941,84.459,46.672,32.839,9.512
6.92667,231.254,197.214,171.880,120.877,84.477,46.689,32.771,9.442
6.93000,231.271,197.233,171.844,120.755,84.316,46.617,32.665,9.425
6.93333,231.162,197.205,171.713,120.521,84.089,46.461,32.545,9.447
6.93667,230.970,196.973,171.395,120.132,83.827,46.309,32.316,9.424
6.94000,230.709,196.737,171.114,119.735,83.521,46.207,32.113,9.467
6.94333,230.487,196.474,170.833,119.257,83.003,45.903,31.794,9.422
6.94667,230.104,196.244,170.428,118.667,82.648,45.769,31.399,9.478
6.95000,229.700,195.865,169.946,118.042,82.051,45.463,31.082,9.384
6.95333,229.270,195.487,169.518,117.388,81.478,45.160,30.722,9.453
6.95667,228.854,195.131,168.953,116.637,80.894,44.836,30.258,9.466
6.96000,228.392,194.724,168.468,115.910,80.211,44.557,29.790,9.429
6.96333,227.900,194.293,167.914,115.078,79.584,44.245,29.330,9.406
6.96667,227.335,193.859,167.386,114.320,78.893,43.877,28.902,9.429
6.97000,226.866,193.409,166.812,113.537,78.324,43.545,28.415,9.487
6.97333,226.433,193.020,166.205,112.703,77.696,43.235,27.966,9.377
6.97667,225.870,192.553,165.661,111.911,77.060,42.817,27.505,9.415
6.98000,225.407,192.184,165.182,111.185,76.431,42.517,27.076,9.410
6.98333,224.957,191.736,164.595,110.416,75.759,42.221,26.615,9.454
6.98667,224.465,191.318,164.066,109.674,75.153,41.883,26.165,9.384
6.99000,224.081,190.956,163.511,108.916,74.562,41.554,25.801,9.432
6.99333,223.654,190.614,163.056,108.323,73.982,41.353,25.373,9.381
6.99667,223.227,190.156,162.595,107.547,73.392,41.119,24.937,9.327
7.00000,222.835,189.883,162.214,106.999,72.912,40.750,24.605,9.395
7.00333,222.439,189.567,161.751,106.443,72.459,40.555,24.258,9.325
7.00667,222.085,189.331,161.414,105.833,71.999,40.293,23.935,9.352
7.01000,221.843,188.953,161.054,105.188,71.498,40.060,23.647,9.318
7.01333,221.535,188.726,160.650,104.798,71.111,39.827,23.336,9.379
7.01667,221.220,188.551,160.373,104.353,70.712,39.683,23.003,9.344
7.02000,221.034,188.333,160.059,103.819,70.355,39.533,22.756,9.392
7.02333,220.752,188.145,159.810,103.430,69.999,39.347,22.581,9.337
7.02667,220.501,187.969,159.517,103.145,69.718,39.193,22.289,9.328
7.03000,220.365,187.875,159.326,102.677,69.376,39.024,22.003,9.329
7.03333,220.197,187.666,159.125,102.329,69.136,38.893,21.885,9.399
7.03667,220.045,187.496,158.889,102.046,68.937,38.799,21.675,9.250
7.04000,219.924,187.429,158.696,101.848,68.685,38.610,21.459,9.349
7.04333,219.861,187.296,158.540,101.530,68.407,38.528,21.357,9.279
7.04667,219.690,187.202,158.408,101.288,68.143,38.416,21.217,9.369
7.05000,219.580,187.068,158.372,100.983,67.947,38.250,21.090,9.318
7.05333,219.540,187.073,158.071,100.807,67.897,38.191,20.953,9.310
7.05667,219.455,187.070,158.044,100.638,67.724,38.136,20.808,9.377
7.06000,219.497,186.981,157.875,100.502,67.531,38.032,20.699,9.392
7.06333,219.361,186.827,157.831,100.369,67.343,38.041,20.630,9.357
7.06667,219.272,186.870,157.797,100.237,67.236,37.951,20.459,9.375
7.07000,219.289,186.884,157.753,100.079,67.144,37.870,20.351,9.335
7.07333,219.218,186.756,157.695,99.944,67.042,37.831,20.289,9.287
7.07667,219.238,186.868,157.626,99.752,66.924,37.785,20.211,9.388
7.08000,219.281,186.883,157.637,99.783,66.875,37.736,20.147,9.383
7.08333,219.272,186.821,157.522,99.611,66.785,37.661,20.100,9.426
7.08667,219.248,186.840,157.561,99.576,66.726,37.695,20.012,9.422
7.09000,219.289,186.838,157.572,99.503,66.684,37.622,19.917,9.366
7.09333,219.335,186.924,157.581,99.437,66.595,37.617,19.911,9.422
7.09667,219.353,186.838,157.533,99.360,66.486,37.499,19.851,9.414
7.10000,219.399,186.906,157.496,99.309,66.480,37.509,19.801,9.388
7.10333,219.399,186.940,157.544,99.285,66.412,37.502,19.780,9.464
7.10667,219.455,186.928,157.615,99.233,66.380,37.517,19.760,9.421
7.11000,219.490,186.956,157.509,99.178,66.306,37.508,19.702,9.392
7.11333,219.526,187.053,157.624,99.203,66.409,37.464,19.684,9.362
7.11667,219.615,187.169,157.662,99.214,66.372,37.446,19.621,9.455
7.12000,219.610,187.176,157.637,99.180,66.342,37.389,19.624,9.414
7.12333,219.767,187.282,157.666,99.224,66.247,37.485,19.578,9.391
7.12667,219.807,187.316,157.678,99.110,66.305,37.513,19.572,9.422
7.13000,219.871,187.310,157.691,99.131,66.261,37.443,19.567,9.417
7.13333,219.899,187.386,157.769,99.177,66.251,37.421,19.531,9.454
7.13667,219.974,187.446,157.780,99.187,66.273,37.418,19.498,9.449
7.14000,220.039,187.543,157.815,99.128,66.290,37.362,19.515,9.455
7.14333,220.111,187.569,157.904,99.078,66.310,37.414,19.499,9.430
7.14667,220.215,187.562,157.949,99.179,66.251,37.398,19.513,9.451
7.15000,220.312,187.684,157.961,99.174,66.286,37.457,19.540,9.460
7.15333,220.405,187.705,157.991,99.200,66.217,37.434,19.507,9.479
7.15667,220.414,187.862,158.030,99.273,66.228,37.477,19.425,9.449
7.16000,220.577,187.810,158.147,99.243,66.231,37.542,19.531,9.444
7.16333,220.617,187.999,158.190,99.341,66.268,37.521,19.526,9.419
7.16667,220.680,188.043,158.283,99.369,66.349,37.479,19.481,9.471
7.17000,220.792,188.115,158.358,99.255,66.319,37.523,19.486,9.423
7.17333,220.847,188.180,158.348,99.345,66.305,37.449,19.483,9.427
7.17667,220.976,188.258,158.387,99.325,66.384,37.455,19.434,9.437
7.18000,221.075,188.331,158.424,99.409,66.450,37.535,19.437,9.471
7.18333,221.113,188.430,158.527,99.415,66.400,37.556,19.519,9.431
7.18667,221.242,188.480,158.602,99.499,66.407,37.599,19.463,9.464
7.19000,221.287,188.547,158.643,99.487,66.473,37.528,19.459,9.561
7.19333,221.387,188.635,158.632,99.512,66.436,37.558,19.457,9.428
7.19667,221.449,188.703,158.730,99.552,66.445,37.581,19.443,9.487
7.20000,221.548,188.851,158.930,99.566,66.436,37.598,19.416,9.504
7.20333,221.675,188.927,158.855,99.615,66.480,37.572,19.426,9.466
7.20667,221.771,188.895,158.923,99.661,66.499,37.642,19.543,9.521
7.21000,221.840,189.057,159.082,99.684,66.549,37.625,19.494,9.482
7.21333,221.918,189.129,159.136,99.771,66.555,37.633,19.443,9.492
7.21667,222.102,189.198,159.090,99.732,66.564,37.715,19.491,9.483
7.22000,222.172,189.315,159.242,99.824,66.602,37.674,19.517,9.462
7.22333,222.220,189.342,159.296,99.802,66.635,37.700,19.558,9.526
7.22667,222.260,189.510,159.382,99.857,66.637,37.695,19.542,9.519
7.23000,222.453,189.554,159.470,99.898,66.731,37.662,19.511,9.486
7.23333,222.512,189.588,159.532,99.924,66.729,37.777,19.547,9.556
7.23667,222.581,189.765,159.558,100.016,66.745,37.818,19.498,9.546
7.24000,222.773,189.775,159.652,100.032,66.722,37.702,19.520,9.562
7.24333,222.774,189.842,159.699,100.051,66.767,37.761,19.557,9.608
7.24667,222.905,189.951,159.788,100.095,66.827,37.823,19.485,9.551
7.25000,223.013,189.959,159.872,100.164,66.812,37.825,19.496,9.530
7.25333,223.094,190.226,159.927,100.179,66.899,37.816,19.549,9.600
7.25667,223.248,190.195,159.977,100.252,66.870,37.791,19.572,9.540
7.26000,223.274,190.343,160.062,100.231,66.982,37.805,19.493,9.564
7.26333,223.431,190.341,160.168,100.340,66.848,37.833,19.552,9.611
7.26667,223.554,190.461,160.244,100.358,67.027,37.920,19.532,9.523
7.27000,223.624,190.570,160.320,100.411,67.074,37.866,19.528,9.556
7.27333,223.741,190.614,160.314,100.457,67.064,37.876,19.539,9.582
7.27667,223.762,190.736,160.395,100.500,67.008,37.872,19.625,9.528
7.28000,223.879,190.811,160.522,100.532,67.065,37.920,19.586,9.555
7.28333,224.024,190.820,160.552,100.584,67.133,37.885,19.603,9.687
7.28667,224.083,191.001,160.661,100.601,67.115,37.965,19.662,9.635
7.29000,224.224,191.069,160.706,100.685,67.198,38.007,19.664,9.590
7.29333,224.310,191.187,160.724,100.727,67.256,38.063,19.680,9.543
7.29667,224.341,191.169,160.859,100.773,67.266,38.035,19.622,9.633
7.30000,224.551,191.271,160.897,100.833,67.257,38.016,19.629,9.680
7.30333,224.636,191.401,161.034,100.805,67.332,38.037,19.669,9.613
7.30667,224.735,191.440,161.067,100.931,67.326,38.093,19.671,9.617
7.31000,224.806,191.598,161.171,100.893,67.439,38.056,19.646,9.690
7.31333,224.927,191.620,161.259,100.962,67.394,38.090,19.644,9.738
7.31667,225.024,191.745,161.234,101.054,67.446,38.122,19.693,9.624
7.32000,225.067,191.790,161.409,101.061,67.444,38.115,19.702,9.617
7.32333,225.254,191.933,161.454,101.071,67.502,38.117,19.681,9.606
7.32667,225.301,191.979,161.492,101.152,67.544,38.166,19.740,9.632
7.33000,225.392,192.053,161.591,101.214,67.510,38.181,19.712,9.682
7.33333,225.484,192.175,161.589,101.227,67.489,38.221,19.703,9.630
7.33667,225.649,192.301,161.734,101.298,67.595,38.219,19.799,9.647
7.34000,225.680,192.323,161.807,101.340,67.636,38.209,19.784,9.720
7.34333,225.860,192.417,161.875,101.379,67.731,38.231,19.846,9.668
7.34667,225.961,192.519,161.940,101.436,67.665,38.185,19.793,9.723
7.35000,226.052,192.639,162.062,101.527,67.661,38.321,19.856,9.689
7.35333,226.093,192.657,162.059,101.516,67.779,38.324,19.777,9.673
7.35667,226.251,192.690,162.169,101.542,67.797,38.335,19.768,9.707
7.36000,226.372,192.869,162.275,101.667,67.866,38.338,19.842,9.706
7.36333,226.422,192.973,162.337,101.656,67.889,38.356,19.785,9.698
7.36667,226.563,193.039,162.349,101.732,67.855,38.344,19.880,9.668
7.37000,226.650,193.095,162.485,101.757,67.983,38.393,19.865,9.732
7.37333,226.715,193.169,162.547,101.750,67.909,38.397,19.821,9.711
7.37667,226.822,193.307,162.604,101.854,67.986,38.363,19.919,9.728
7.38000,226.921,193.383,162.675,101.851,68.054,38.390,19.883,9.818
7.38333,227.052,193.570,162.744,101.864,68.003,38.418,19.853,9.754
7.38667,227.175,193.569,162.830,102.036,68.004,38.492,19.843,9.758
7.39000,227.187,193.663,162.835,102.009,68.033,38.455,19.925,9.718
7.39333,227.348,193.701,162.988,102.070,68.127,38.523,19.908,9.718
7.39667,227.434,193.824,163.069,102.129,68.173,38.514,19.892,9.714
7.40000,227.558,193.876,163.096,102.214,68.185,38.497,19.924,9.722
7.40333,227.583,193.967,163.258,102.217,68.146,38.499,19.928,9.778
7.40667,227.718,194.056,163.210,102.272,68.263,38.518,19.968,9.797
7.41000,227.889,194.222,163.328,102.324,68.292,38.642,19.947,9.711
7.41333,227.929,194.220,163.417,102.377,68.349,38.600,19.966,9.760
7.41667,228.104,194.352,163.442,102.468,68.278,38.644,19.878,9.709
7.42000,228.205,194.418,163.547,102.448,68.422,38.597,20.016,9.720
7.42333,228.296,194.487,163.638,102.525,68.363,38.614,20.012,9.758
7.42667,228.345,194.588,163.635,102.463,68.517,38.642,20.006,9.785
7.43000,228.506,194.706,163.743,102.563,68.533,38.666,20.029,9.751
7.43333,228.562,194.670,163.811,102.708,68.504,38.765,20.009,9.829
7.43667,228.654,194.854,163.933,102.617,68.501,38.715,20.061,9.813
7.44000,228.697,194.997,164.003,102.728,68.544,38.702,20.085,9.834
7.44333,228.849,195.107,164.106,102.816,68.532,38.733,20.075,9.758
7.44667,228.984,195.126,164.138,102.806,68.691,38.800,20.090,9.821
7.45000,229.083,195.211,164.250,102.848,68.691,38.755,20.018,9.820
7.45333,229.229,195.329,164.224,102.913,68.648,38.831,20.105,9.765
7.45667,229.307,195.467,164.422,103.007,68.710,38.892,20.090,9.762
7.46000,229.359,195.513,164.472,103.000,68.730,38.812,20.106,9.777
7.46333,229.521,195.583,164.507,103.047,68.777,38.844,20.091,9.874
7.46667,229.594,195.648,164.596,103.116,68.817,38.932,20.112,9.771
7.47000,229.756,195.741,164.658,103.096,68.835,38.946,20.115,9.790
7.47333,229.750,195.831,164.759,103.194,68.873,38.922,20.215,9.781
7.47667,229.864,195.857,164.733,103.260,68.943,38.928,20.156,9.842
7.48000,230.045,195.948,164.843,103.287,68.935,38.896,20.135,9.836
7.48333,230.135,196.101,164.974,103.325,69.004,38.973,20.074,9.858
7.48667,230.241,196.220,165.097,103.391,69.026,38.974,20.089,9.936
7.49000,230.298,196.244,165.149,103.430,69.051,38.995,20.173,9.834
7.49333,230.347,196.381,165.238,103.486,69.022,39.065,20.137,9.864
7.49667,230.516,196.473,165.336,103.552,69.086,39.080,20.248,9.877
7.50000,230.652,196.494,165.377,103.563,69.114,39.074,20.232,9.822
7.50333,230.714,196.602,165.443,103.670,69.138,39.050,20.182,9.888
7.50667,230.851,196.713,165.571,103.652,69.184,39.082,20.245,9.848
7.51000,230.947,196.820,165.545,103.722,69.279,39.126,20.219,9.851
7.51333,231.015,196.850,165.616,103.707,69.255,39.061,20.249,9.961
7.51667,231.159,196.945,165.684,103.801,69.243,39.131,20.279,9.918
7.52000,231.213,197.105,165.845,103.799,69.301,39.130,20.251,9.854
7.52333,231.295,197.210,165.805,103.939,69.322,39.165,20.292,9.960
7.52667,231.444,197.290,166.008,103.995,69.392,39.222,20.221,9.916
7.53000,231.616,197.353,166.012,103.980,69.405,39.214,20.314,9.840
7.53333,231.688,197.455,166.120,104.000,69.445,39.217,20.369,9.928
7.53667,231.795,197.542,166.202,104.093,69.440,39.235,20.375,9.861
7.54000,231.909,197.638,166.216,104.149,69.476,39.242,20.308,9.908
7.54333,231.932,197.729,166.373,104.149,69.518,39.311,20.275,9.925
7.54667,232.061,197.798,166.451,104.201,69.635,39.336,20.353,9.991
7.55000,232.244,197.860,166.531,104.213,69.592,39.315,20.324,9.955
7.55333,232.333,197.960,166.549,104.309,69.578,39.321,20.347,10.033
7.55667,232.367,198.011,166.644,104.342,69.702,39.363,20.373,9.908
7.56000,232.449,198.166,166.726,104.424,69.723,39.376,20.432,9.919
7.56333,232.604,198.260,166.788,104.439,69.736,39.369,20.433,9.995
7.56667,232.705,198.365,166.859,104.484,69.810,39.385,20.373,9.965
7.57000,232.796,198.466,166.943,104.606,69.789,39.397,20.383,9.962
7.57333,232.894,198.506,167.003,104.626,69.814,39.465,20.409,9.938
7.57667,233.011,198.591,167.062,104.723,69.925,39.444,20.373,9.989
7.58000,233.067,198.752,167.102,104.724,69.902,39.434,20.433,9.954
7.58333,233.249,198.810,167.245,104.743,69.951,39.533,20.428,9.966
7.58667,233.403,198.873,167.283,104.852,70.012,39.474,20.391,9.970
7.59000,233.392,199.004,167.410,104.851,69.988,39.459,20.428,9.963
7.59333,233.587,199.054,167.541,104.920,70.016,39.575,20.534,9.961
7.59667,233.635,199.135,167.566,104.977,70.014,39.530,20.457,9.942
7.60000,233.741,199.187,167.613,104.959,70.074,39.530,20.499,9.988
7.60333,233.854,199.310,167.613,105.072,70.086,39.573,20.511,10.012
7.60667,233.945,199.376,167.816,105.132,70.094,39.599,20.445,9.992
7.61000,234.056,199.489,167.856,105.133,70.189,39.656,20.503,9.987
7.61333,234.180,199.568,167.884,105.178,70.158,39.614,20.542,10.018
7.61667,234.196,199.666,167.976,105.252,70.315,39.680,20.587,10.019
7.62000,234.352,199.754,168.076,105.200,70.260,39.660,20.567,10.074
7.62333,234.513,199.909,168.174,105.333,70.260,39.651,20.511,10.044
7.62667,234.619,199.970,168.239,105.352,70.338,39.679,20.621,9.961
7.63000,234.608,200.021,168.297,105.402,70.307,39.746,20.589,10.044
7.63333,234.842,200.053,168.415,105.429,70.363,39.744,20.571,10.013
7.63667,234.908,200.195,168.413,105.500,70.372,39.732,20.584,10.064
7.64000,235.024,200.276,168.552,105.590,70.481,39.791,20.591,10.109
7.64333,235.115,200.369,168.634,105.656,70.491,39.798,20.599,10.091
7.64667,235.246,200.497,168.650,105.635,70.530,39.765,20.597,10.007
7.65000,235.328,200.571,168.788,105.745,70.560,39.819,20.632,10.052
7.65333,235.413,200.637,168.819,105.781,70.523,39.858,20.638,10.127
7.65667,235.521,200.749,168.948,105.844,70.624,39.877,20.627,10.054
7.66000,235.672,200.852,168.963,105.874,70.648,39.920,20.640,10.108
7.66333,235.802,200.944,168.983,105.935,70.650,39.909,20.689,10.089
7.66667,235.824,201.043,169.103,105.993,70.677,39.931,20.712,10.113
7.67000,235.907,201.075,169.213,105.954,70.778,39.974,20.719,10.057
7.67333,235.981,201.240,169.291,106.026,70.769,39.884,20.759,10.083
7.67667,236.239,201.310,169.432,106.153,70.827,40.019,20.724,10.054
7.68000,236.295,201.417,169.390,106.075,70.844,39.979,20.757,10.065
7.68333,236.337,201.467,169.576,106.188,70.868,40.008,20.646,10.093
7.68667,236.480,201.572,169.555,106.236,70.899,39.994,20.757,10.061
7.69000,236.597,201.663,169.663,106.334,70.983,40.011,20.802,10.085
7.69333,236.723,201.749,169.696,106.267,70.962,40.039,20.817,10.077
7.69667,236.834,201.880,169.801,106.286,71.003,40.062,20.777,10.157
7.70000,236.934,201.952,169.877,106.409,71.076,40.095,20.787,10.058
7.70333,237.029,202.008,170.009,106.463,71.073,40.116,20.789,10.065
7.70667,237.159,202.151,170.082,106.504,71.089,40.171,20.839,10.139
7.71000,237.164,202.228,170.095,106.588,71.203,40.210,20.809,10.128
7.71333,237.337,202.342,170.196,106.650,71.132,40.098,20.774,10.117
7.71667,237.524,202.387,170.282,106.703,71.167,40.181,20.820,10.106
7.72000,237.559,202.407,170.379,106.715,71.258,40.253,20.844,10.168
7.72333,237.619,202.661,170.497,106.757,71.278,40.244,20.889,10.162
7.72667,237.858,202.672,170.456,106.832,71.342,40.236,20.913,10.167
7.73000,237.930,202.763,170.599,106.850,71.299,40.258,20.842,10.164
7.73333,237.955,202.865,170.727,106.929,71.346,40.273,20.953,10.210
7.73667,238.044,203.011,170.744,106.950,71.421,40.265,20.899,10.141
7.74000,238.200,203.027,170.835,106.977,71.395,40.375,20.964,10.140
7.74333,238.245,203.119,170.961,107.019,71.386,40.353,20.918,10.182
7.74667,238.425,203.261,171.014,107.108,71.438,40.371,20.903,10.173
7.75000,238.557,203.356,171.015,107.148,71.482,40.389,20.953,10.141
7.75333,238.627,203.460,171.141,107.171,71.518,40.396,20.878,10.214
7.75667,238.735,203.478,171.144,107.212,71.572,40.435,20.907,10.123
7.76000,238.906,203.597,171.274,107.294,71.625,40.451,20.929,10.191
7.76333,238.992,203.724,171.367,107.384,71.681,40.459,20.967,10.207
7.76667,239.011,203.769,171.473,107.339,71.716,40.497,21.024,10.222
7.77000,239.246,203.873,171.467,107.481,71.671,40.447,20.966,10.157
7.77333,239.323,203.987,171.609,107.531,71.766,40.441,21.009,10.209
7.77667,239.354,204.027,171.698,107.559,71.773,40.566,21.044,10.275
7.78000,239.452,204.174,171.754,107.669,71.792,40.530,21.036,10.285
7.78333,239.597,204.180,171.877,107.683,71.831,40.548,20.976,10.202
7.78667,239.704,204.364,171.957,107.683,71.860,40.525,21.049,10.230
7.79000,239.866,204.448,172.003,107.690,71.846,40.599,21.021,10.245
7.79333,239.984,204.554,172.130,107.775,71.935,40.570,21.016,10.164
7.79667,240.010,204.677,172.169,107.880,71.970,40.618,21.117,10.252
7.80000,240.086,204.741,172.264,107.913,72.020,40.672,21.013,10.227
7.80333,240.223,204.874,172.334,108.006,72.024,40.681,21.081,10.276
7.80667,240.355,204.870,172.423,107.988,72.006,40.722,21.075,10.225
7.81000,240.462,204.956,172.474,108.040,72.099,40.685,21.160,10.279
7.81333,240.572,205.057,172.630,108.106,72.175,40.721,21.062,10.301
7.81667,240.686,205.174,172.617,108.099,72.175,40.763,21.084,10.295
7.82000,240.824,205.255,172.715,108.214,72.230,40.740,21.112,10.232
7.82333,240.861,205.358,172.785,108.323,72.288,40.771,21.167,10.300
7.82667,240.990,205.493,172.884,108.337,72.279,40.798,21.165,10.261
7.83000,241.134,205.579,172.963,108.334,72.310,40.839,21.133,10.270
7.83333,241.252,205.632,173.025,108.426,72.342,40.866,21.151,10.273
7.83667,241.305,205.760,173.092,108.451,72.478,40.849,21.217,10.299
7.84000,241.507,205.804,173.176,108.554,72.413,40.850,21.219,10.283
7.84333,241.593,205.947,173.237,108.529,72.416,40.837,21.274,10.321
7.84667,241.642,206.026,173.327,108.607,72.520,40.910,21.132,10.333
7.85000,241.788,206.153,173.427,108.672,72.490,40.888,21.172,10.352
7.85333,241.836,206.221,173.497,108.709,72.548,40.998,21.231,10.333
7.85667,241.992,206.368,173.599,108.692,72.616,41.020,21.314,10.316
7.86000,242.071,206.424,173.613,108.807,72.577,40.967,21.188,10.278
7.86333,242.219,206.494,173.742,108.857,72.689,41.029,21.280,10.324
7.86667,242.352,206.565,173.800,108.888,72.707,40.957,21.239,10.310
7.87000,242.413,206.695,173.939,108.963,72.689,41.028,21.283,10.339
7.87333,242.562,206.801,174.006,109.023,72.787,41.011,21.272,10.346
7.87667,242.665,206.828,174.070,109.099,72.737,41.019,21.311,10.382
7.88000,242.823,207.010,174.172,109.087,72.815,41.072,21.323,10.412
7.88333,242.901,207.026,174.270,109.148,72.838,41.151,21.304,10.407
7.88667,243.034,207.197,174.297,109.215,72.819,41.086,21.294,10.407
7.89000,243.147,207.268,174.399,109.227,72.891,41.111,21.390,10.365
7.89333,243.192,207.310,174.508,109.284,72.934,41.138,21.383,10.396
7.89667,243.251,207.433,174.537,109.376,72.953,41.236,21.336,10.368
7.90000,243.436,207.528,174.565,109.378,73.040,41.201,21.371,10.363
7.90333,243.578,207.664,174.719,109.436,73.099,41.190,21.395,10.384
7.90667,243.606,207.764,174.758,109.449,73.129,41.221,21.360,10.413
7.91000,243.774,207.772,174.817,109.539,73.103,41.299,21.420,10.382
7.91333,243.802,207.913,174.934,109.590,73.147,41.276,21.375,10.439
7.91667,243.942,208.040,174.930,109.618,73.160,41.247,21.409,10.365
7.92000,244.132,208.126,175.100,109.695,73.168,41.290,21.508,10.421
7.92333,244.225,208.191,175.234,109.676,73.231,41.280,21.424,10.435
7.92667,244.305,208.327,175.259,109.764,73.303,41.332,21.430,10.473
7.93000,244.427,208.429,175.356,109.859,73.293,41.360,21.474,10.417
7.93333,244.549,208.493,175.389,109.830,73.329,41.349,21.464,10.496
7.93667,244.705,208.573,175.559,109.940,73.435,41.332,21.487,10.435
7.94000,244.771,208.665,175.544,109.995,73.379,41.420,21.484,10.408
7.94333,244.846,208.811,175.617,109.975,73.455,41.471,21.463,10.492
7.94667,245.028,208.853,175.680,110.094,73.479,41.472,21.521,10.419
7.95000,245.086,208.946,175.815,110.132,73.526,41.456,21.504,10.462
7.95333,245.267,209.069,175.944,110.217,73.524,41.502,21.501,10.489
7.95667,245.349,209.230,175.963,110.295,73.629,41.528,21.557,10.475
7.96000,245.427,209.275,176.107,110.336,73.583,41.548,21.569,10.450
7.96333,245.549,209.362,176.112,110.368,73.710,41.584,21.594,10.487
7.96667,245.669,209.425,176.264,110.377,73.681,41.613,21.571,10.444
7.97000,245.762,209.529,176.334,110.432,73.701,41.613,21.567,10.438
7.97333,245.877,209.681,176.380,110.463,73.785,41.594,21.561,10.509
7.97667,246.033,209.730,176.448,110.574,73.762,41.631,21.645,10.477
7.98000,246.118,209.811,176.578,110.545,73.824,41.663,21.610,10.539
7.98333,246.303,209.914,176.667,110.604,73.815,41.607,21.677,10.503
7.98667,246.299,210.054,176.748,110.653,73.949,41.731,21.672,10.509
7.99000,246.410,210.085,176.770,110.707,73.906,41.662,21.656,10.510
7.99333,246.514,210.220,176.957,110.807,74.028,41.708,21.680,10.528
7.99667,246.673,210.360,176.947,110.870,74.009,41.775,21.730,10.424
8.00000,246.869,210.429,177.038,110.884,74.074,41.752,21.730,10.460
8.00333,246.928,210.481,177.216,110.994,73.982,41.837,21.687,10.565
8.00667,247.000,210.644,177.246,110.984,74.070,41.737,21.720,10.498
8.01000,247.081,210.656,177.279,111.093,74.123,41.839,21.712,10.532
8.01333,247.261,210.803,177.346,111.150,74.153,41.864,21.690,10.559
8.01667,247.392,210.882,177.405,111.168,74.255,41.823,21.800,10.555
8.02000,247.457,210.871,177.533,111.234,74.264,41.827,21.767,10.559
8.02333,247.647,211.063,177.597,111.284,74.224,41.949,21.731,10.533
8.02667,247.647,211.217,177.679,111.347,74.325,41.923,21.777,10.565
8.03000,247.846,211.255,177.780,111.399,74.304,41.920,21.726,10.618
8.03333,247.981,211.407,177.859,111.403,74.405,41.907,21.748,10.540
8.03667,248.054,211.536,177.951,111.503,74.362,41.977,21.809,10.549
8.04000,248.099,211.558,178.085,111.550,74.413,41.939,21.775,10.598
8.04333,248.293,211.676,178.112,111.627,74.466,41.979,21.791,10.622
8.04667,248.326,211.821,178.157,111.646,74.477,42.016,21.823,10.606
8.05000,248.512,211.873,178.317,111.720,74.523,42.074,21.913,10.604
8.05333,248.542,211.955,178.328,111.716,74.538,42.056,21.885,10.589
8.05667,248.794,212.048,178.436,111.814,74.631,42.055,21.844,10.579
8.06000,248.844,212.181,178.521,111.848,74.629,42.075,21.854,10.602
8.06333,248.927,212.330,178.671,111.910,74.734,42.126,21.853,10.601
8.06667,249.092,212.323,178.713,111.976,74.670,42.119,21.912,10.616
8.07000,249.190,212.520,178.786,112.034,74.765,42.128,21.853,10.599
8.07333,249.329,212.559,178.860,111.994,74.690,42.207,21.863,10.566
8.07667,249.404,212.621,178.934,112.091,74.832,42.217,21.890,10.637
8.08000,249.579,212.735,178.996,112.145,74.890,42.201,21.984,10.586
8.08333,249.682,212.903,179.129,112.200,74.864,42.229,21.975,10.563
8.08667,249.805,212.976,179.169,112.235,74.923,42.234,21.947,10.625
8.09000,249.783,213.026,179.253,112.296,74.951,42.211,21.971,10.633
8.09333,250.101,213.142,179.412,112.273,75.025,42.194,21.998,10.664
8.09667,250.132,213.278,179.440,112.424,75.036,42.357,21.978,10.661
8.10000,250.207,213.339,179.483,112.521,74.994,42.351,21.991,10.701
8.10333,250.326,213.502,179.649,112.529,75.126,42.303,22.027,10.624
8.10667,250.412,213.571,179.693,112.571,75.097,42.291,22.044,10.640
8.11000,250.596,213.593,179.735,112.615,75.189,42.408,22.150,10.700
8.11333,250.706,213.768,179.886,112.764,75.246,42.430,22.068,10.704
8.11667,250.809,213.875,179.914,112.776,75.266,42.457,22.118,10.697
8.12000,250.895,213.997,180.056,112.828,75.293,42.457,22.087,10.714
8.12333,251.115,214.040,180.172,112.821,75.291,42.499,22.074,10.711
8.12667,251.199,214.158,180.198,112.933,75.383,42.502,22.150,10.746
8.13000,251.323,214.295,180.378,113.049,75.459,42.441,22.090,10.822
8.13333,251.457,214.317,180.406,113.036,75.430,42.520,22.157,10.758
8.13667,251.554,214.491,180.575,113.150,75.499,42.459,22.299,10.784
8.14000,251.678,214.686,180.636,113.176,75.475,42.527,22.271,10.881
8.14333,251.851,214.747,180.725,113.411,75.608,42.641,22.329,10.865
8.14667,251.970,214.855,180.903,113.474,75.700,42.703,22.374,10.864
8.15000,252.144,215.002,181.004,113.577,75.718,42.677,22.401,10.932
8.15333,252.265,215.174,181.202,113.778,75.735,42.751,22.442,10.998
8.15667,252.530,215.315,181.345,113.818,75.876,42.816,22.497,11.110
8.16000,252.658,215.495,181.485,114.019,75.962,42.811,22.653,11.201
8.16333,252.882,215.703,181.724,114.149,76.039,42.859,22.810,11.195
8.16667,253.141,215.878,181.912,114.445,76.157,43.026,22.955,11.348
8.17000,253.380,216.061,182.128,114.704,76.266,43.065,23.096,11.540
8.17333,253.581,216.316,182.402,114.999,76.446,43.187,23.319,11.650
8.17667,253.932,216.643,182.675,115.324,76.601,43.264,23.641,11.793
8.18000,254.204,216.828,183.025,115.716,76.723,43.390,23.853,12.058
8.18333,254.551,217.164,183.406,116.233,76.981,43.504,24.066,12.297
8.18667,254.911,217.533,183.769,116.551,77.178,43.600,24.491,12.578
8.19000,255.328,217.894,184.180,117.196,77.370,43.801,24.837,12.876
8.19333,255.803,218.353,184.704,117.782,77.725,43.949,25.353,13.229
8.19667,256.329,218.747,185.291,118.501,78.007,44.143,25.857,13.699
8.20000,257.006,219.308,185.905,119.290,78.329,44.427,26.408,14.221
8.20333,257.464,219.845,186.617,120.132,78.780,44.701,27.059,14.751
8.20667,258.149,220.423,187.337,121.088,79.167,45.024,27.792,15.278
8.21000,258.866,221.018,188.163,122.116,79.681,45.302,28.614,15.880
8.21333,259.633,221.767,189.037,123.319,80.198,45.644,29.420,16.635
8.21667,260.453,222.566,190.051,124.544,80.688,45.982,30.348,17.360
8.22000,261.355,223.380,190.954,125.821,81.282,46.329,31.355,18.272
8.22333,262.341,224.246,192.150,127.276,81.886,46.815,32.444,19.108
8.22667,263.291,225.127,193.303,128.702,82.638,47.233,33.625,20.032
8.23000,264.414,226.050,194.541,130.476,83.288,47.702,34.920,21.023
8.23333,265.517,227.084,195.766,132.117,84.014,48.153,36.160,22.089
8.23667,266.556,228.184,197.203,133.881,84.778,48.770,37.467,23.221
8.24000,267.783,229.171,198.561,135.691,85.572,49.254,38.855,24.409
8.24333,268.988,230.350,199.994,137.475,86.435,49.799,40.297,25.560
8.24667,270.260,231.467,201.423,139.445,87.238,50.422,41.753,26.745
8.25000,271.541,232.579,202.923,141.384,88.134,50.916,43.336,28.024
8.25333,272.806,233.783,204.451,143.406,88.961,51.517,44.782,29.201
8.25667,274.085,234.947,205.862,145.290,89.851,52.159,46.262,30.387
8.26000,275.288,236.072,207.327,147.219,90.677,52.630,47.774,31.555
8.26333,276.538,237.146,208.740,149.090,91.476,53.231,49.171,32.738
8.26667,277.674,238.309,210.102,150.859,92.270,53.730,50.605,33.950
8.27000,278.842,239.285,211.471,152.580,93.019,54.284,51.820,35.023
8.27333,279.890,240.272,212.739,154.318,93.730,54.738,53.192,36.066
8.27667,280.859,241.303,213.832,155.859,94.455,55.182,54.391,37.023
8.28000,281.867,242.041,214.891,157.223,95.099,55.630,55.392,37.894
8.28333,282.715,242.852,215.936,158.469,95.617,56.014,56.395,38.685
8.28667,283.480,243.552,216.823,159.602,96.070,56.289,57.204,39.329
8.29000,284.109,244.212,217.565,160.535,96.500,56.541,57.958,39.881
8.29333,284.691,244.702,218.202,161.367,96.901,56.808,58.500,40.393
8.29667,285.178,245.067,218.559,162.026,97.172,56.989,58.894,40.775
8.30000,285.476,245.371,219.091,162.426,97.299,57.079,59.280,41.040
8.30333,285.747,245.674,219.301,162.638,97.485,57.120,59.477,41.183
8.30667,285.841,245.749,219.349,162.706,97.529,57.215,59.510,41.115
8.31000,286.004,245.756,219.366,162.627,97.519,57.221,59.406,41.079
8.31333,285.900,245.632,219.271,162.367,97.385,57.151,59.165,40.913
8.31667,285.724,245.569,219.011,161.983,97.214,57.104,58.771,40.674
8.32000,285.464,245.328,218.630,161.452,97.023,56.894,58.344,40.219
8.32333,285.097,244.959,218.173,160.766,96.766,56.616,57.804,39.741
8.32667,284.726,244.537,217.578,159.925,96.343,56.437,57.125,39.225
8.33000,284.255,244.117,216.955,158.985,96.003,56.130,56.275,38.545
8.33333,283.676,243.668,216.208,157.955,95.572,55.923,55.399,37.842
8.33667,283.127,243.065,215.458,156.834,95.084,55.533,54.596,37.106
8.34000,282.484,242.475,214.663,155.595,94.537,55.246,53.544,36.274
8.34333,281.758,241.875,213.745,154.337,94.073,54.870,52.647,35.435
8.34667,281.124,241.264,212.852,153.133,93.463,54.416,51.492,34.650
8.35000,280.365,240.569,211.936,151.762,92.982,54.065,50.467,33.764
8.35333,279.605,239.859,210.931,150.395,92.414,53.728,49.347,32.793
8.35667,278.908,239.190,210.081,149.054,91.801,53.322,48.200,31.863
8.36000,278.178,238.536,209.058,147.679,91.210,52.946,47.159,30.991
8.36333,277.465,237.803,208.127,146.383,90.613,52.546,46.084,30.128
8.36667,276.720,237.147,207.153,145.005,90.089,52.146,44.985,29.206
8.37000,276.005,236.499,206.211,143.657,89.553,51.740,43.962,28.256
8.37333,275.319,235.836,205.337,142.363,89.001,51.423,42.891,27.503
8.37667,274.683,235.220,204.457,141.123,88.494,51.001,41.913,26.635
8.38000,274.001,234.675,203.529,139.921,87.985,50.684,40.928,25.861
8.38333,273.430,234.074,202.733,138.850,87.519,50.323,39.945,25.053
8.38667,272.850,233.481,202.055,137.639,86.981,49.938,39.003,24.306
8.39000,272.289,232.989,201.287,136.639,86.515,49.671,38.110,23.578
8.39333,271.703,232.463,200.542,135.562,86.092,49.456,37.317,22.814
8.39667,271.170,232.036,199.917,134.565,85.696,49.135,36.579,22.213
8.40000,270.709,231.547,199.287,133.576,85.319,48.755,35.764,21.558
8.40333,270.309,231.100,198.659,132.742,84.936,48.677,35.046,20.991
8.40667,269.930,230.790,198.084,131.873,84.708,48.295,34.370,20.398
8.41000,269.541,230.432,197.535,131.107,84.311,48.089,33.679,19.850
8.41333,269.128,230.056,197.046,130.328,83.940,47.928,33.090,19.338
8.41667,268.786,229.745,196.637,129.670,83.712,47.775,32.541,18.865
8.42000,268.449,229.438,196.136,129.003,83.402,47.477,31.957,18.425
8.42333,268.148,229.161,195.736,128.413,83.248,47.418,31.403,18.010
8.42667,267.930,228.959,195.345,127.771,82.904,47.167,30.911,17.571
8.43000,267.587,228.620,194.977,127.310,82.700,47.002,30.423,17.176
8.43333,267.424,228.474,194.638,126.728,82.476,46.870,30.019,16.811
8.43667,267.278,228.327,194.377,126.253,82.319,46.720,29.652,16.507
8.44000,267.046,228.075,194.108,125.802,82.148,46.629,29.200,16.142
8.44333,266.880,227.916,193.817,125.367,81.956,46.524,28.858,15.915
8.44667,266.731,227.876,193.618,125.029,81.834,46.436,28.529,15.615
8.45000,266.681,227.695,193.387,124.653,81.620,46.347,28.245,15.319
8.45333,266.453,227.530,193.172,124.348,81.559,46.184,27.853,15.057
8.45667,266.412,227.485,192.979,123.982,81.323,46.046,27.696,14.823
8.46000,266.327,227.354,192.759,123.702,81.262,46.081,27.437,14.716
8.46333,266.162,227.217,192.640,123.505,81.143,45.954,27.119,14.480
8.46667,266.247,227.243,192.498,123.152,81.036,45.893,26.940,14.244
8.47000,266.217,227.185,192.348,122.909,81.004,45.824,26.710,14.082
8.47333,266.117,227.152,192.293,122.758,80.947,45.805,26.543,13.872
8.47667,266.034,227.082,192.145,122.513,80.873,45.706,26.269,13.702
8.48000,266.002,227.033,192.125,122.344,80.744,45.661,26.122,13.662
8.48333,266.066,227.057,192.019,122.237,80.669,45.640,25.989,13.401
8.48667,265.990,227.022,192.021,121.978,80.672,45.585,25.764,13.350
8.49000,266.059,227.046,191.916,121.779,80.633,45.584,25.724,13.156
8.49333,266.046,227.045,191.881,121.717,80.573,45.522,25.496,13.078
8.49667,266.082,227.025,191.820,121.579,80.583,45.498,25.452,12.991
8.50000,266.071,226.990,191.765,121.530,80.511,45.442,25.264,12.852
8.50333,266.134,227.052,191.716,121.425,80.497,45.435,25.158,12.757
8.50667,266.133,227.117,191.733,121.277,80.452,45.403,25.155,12.725
8.51000,266.234,227.101,191.714,121.253,80.453,45.431,25.002,12.597
8.51333,266.247,227.132,191.740,121.248,80.389,45.380,24.882,12.544
8.51667,266.292,227.170,191.780,121.128,80.454,45.374,24.754,12.445
8.52000,266.348,227.230,191.676,121.108,80.434,45.386,24.791,12.381
8.52333,266.435,227.296,191.725,121.003,80.394,45.321,24.637,12.282
8.52667,266.411,227.351,191.754,120.952,80.405,45.371,24.650,12.237
8.53000,266.510,227.397,191.810,120.872,80.401,45.300,24.551,12.228
8.53333,266.681,227.463,191.750,120.886,80.377,45.326,24.432,12.169
8.53667,266.723,227.506,191.783,120.944,80.405,45.267,24.484,12.133
8.54000,266.763,227.554,191.822,120.819,80.401,45.300,24.316,12.072
8.54333,266.842,227.618,191.867,120.822,80.397,45.272,24.321,12.011
8.54667,266.931,227.753,191.913,120.766,80.386,45.312,24.344,11.962
8.55000,266.933,227.784,191.968,120.845,80.451,45.357,24.203,11.949
8.55333,267.045,227.854,192.085,120.887,80.428,45.273,24.185,11.908
8.55667,267.152,227.913,192.068,120.789,80.418,45.287,24.228,11.845
8.56000,267.299,228.004,192.058,120.861,80.442,45.267,24.054,11.850
8.56333,267.302,228.047,192.172,120.819,80.422,45.294,24.154,11.840
8.56667,267.428,228.116,192.266,120.863,80.455,45.372,24.083,11.821
8.57000,267.539,228.195,192.355,120.832,80.566,45.328,24.069,11.731
8.57333,267.637,228.355,192.281,120.879,80.548,45.412,24.045,11.739
8.57667,267.750,228.450,192.408,120.867,80.584,45.359,23.968,11.753
8.58000,267.844,228.452,192.548,120.928,80.593,45.432,24.027,11.718
8.58333,267.982,228.521,192.552,120.940,80.581,45.374,24.080,11.722
8.58667,268.042,228.692,192.630,120.937,80.623,45.340,23.951,11.634
8.59000,268.156,228.755,192.624,120.924,80.618,45.411,23.962,11.629
8.59333,268.302,228.946,192.634,121.017,80.644,45.379,23.982,11.618
8.59667,268.367,228.937,192.831,120.984,80.639,45.449,23.911,11.635
8.60000,268.525,229.010,192.916,121.043,80.681,45.455,24.002,11.657
8.60333,268.576,229.160,192.918,121.029,80.789,45.486,23.900,11.608
8.60667,268.750,229.168,192.969,121.092,80.718,45.491,23.885,11.625
8.61000,268.832,229.281,193.079,121.221,80.784,45.480,23.920,11.620
8.61333,268.996,229.400,193.125,121.210,80.806,45.508,23.984,11.594
8.61667,269.083,229.515,193.217,121.279,80.820,45.538,23.896,11.569
8.62000,269.200,229.672,193.329,121.256,80.881,45.547,23.885,11.623
8.62333,269.246,229.706,193.407,121.312,80.907,45.545,23.961,11.529
8.62667,269.388,229.787,193.489,121.319,80.895,45.542,23.923,11.662
8.63000,269.445,229.899,193.573,121.352,80.954,45.564,23.946,11.633
8.63333,269.697,230.028,193.665,121.424,80.988,45.568,23.940,11.531
8.63667,269.740,230.031,193.711,121.468,81.084,45.629,23.925,11.567
8.64000,269.867,230.206,193.814,121.557,81.116,45.624,23.979,11.552
8.64333,269.981,230.322,193.879,121.566,81.104,45.674,23.993,11.513
8.64667,270.174,230.387,193.970,121.553,81.117,45.638,23.925,11.536
8.65000,270.224,230.499,194.116,121.638,81.170,45.636,23.932,11.547
8.65333,270.284,230.651,194.202,121.690,81.252,45.714,23.969,11.541
8.65667,270.449,230.683,194.164,121.762,81.230,45.764,23.994,11.569
8.66000,270.627,230.826,194.292,121.769,81.330,45.776,23.942,11.558
8.66333,270.716,230.950,194.311,121.915,81.275,45.752,24.004,11.568
8.66667,270.838,231.074,194.448,121.869,81.378,45.782,23.945,11.559
8.67000,270.924,231.159,194.554,121.942,81.396,45.804,23.933,11.562
8.67333,271.055,231.205,194.634,122.074,81.452,45.838,23.937,11.585
8.67667,271.215,231.306,194.717,122.082,81.445,45.785,23.895,11.578
8.68000,271.244,231.337,194.824,122.041,81.524,45.833,23.983,11.635
8.68333,271.420,231.472,194.833,122.117,81.468,45.884,24.013,11.632
8.68667,271.534,231.630,194.915,122.242,81.564,45.848,24.003,11.577
8.69000,271.690,231.770,195.069,122.228,81.577,45.857,24.028,11.577
8.69333,271.815,231.803,195.215,122.292,81.656,45.976,24.000,11.607
8.69667,271.897,231.947,195.212,122.393,81.679,45.980,24.059,11.519
8.70000,272.035,232.088,195.381,122.503,81.685,45.999,24.037,11.569
8.70333,272.122,232.110,195.376,122.432,81.755,45.998,24.022,11.596
8.70667,272.262,232.236,195.564,122.545,81.825,46.030,24.083,11.599
8.71000,272.402,232.387,195.559,122.584,81.804,46.045,24.095,11.512
8.71333,272.555,232.512,195.690,122.679,81.849,46.072,24.091,11.613
8.71667,272.731,232.556,195.820,122.708,81.903,46.069,24.069,11.533
8.72000,272.788,232.721,195.906,122.741,81.869,46.198,24.098,11.628
8.72333,272.903,232.876,195.990,122.812,81.923,46.051,24.086,11.608
8.72667,273.081,232.896,196.026,122.811,81.970,46.183,24.179,11.611
8.73000,273.178,233.036,196.138,122.907,82.021,46.090,24.101,11.633
8.73333,273.331,233.150,196.239,123.005,82.059,46.190,24.120,11.689
8.73667,273.480,233.203,196.304,123.053,82.083,46.177,24.098,11.633
8.74000,273.545,233.287,196.412,123.088,82.191,46.145,24.150,11.683
8.74333,273.638,233.484,196.453,123.140,82.164,46.257,24.109,11.636
8.74667,273.747,233.587,196.617,123.111,82.234,46.248,24.200,11.644
8.75000,273.924,233.622,196.652,123.265,82.259,46.286,24.194,11.610
8.75333,273.974,233.738,196.765,123.310,82.256,46.279,24.221,11.602
8.75667,274.203,233.874,196.888,123.307,82.384,46.360,24.228,11.652
8.76000,274.263,234.035,196.945,123.434,82.326,46.388,24.147,11.556
8.76333,274.394,234.160,196.971,123.491,82.441,46.418,24.196,11.601
8.76667,274.448,234.168,197.119,123.520,82.382,46.324,24.276,11.614
8.77000,274.631,234.324,197.228,123.541,82.491,46.361,24.215,11.660
8.77333,274.737,234.386,197.253,123.666,82.544,46.406,24.212,11.687
8.77667,274.872,234.519,197.406,123.708,82.510,46.451,24.201,11.649
8.78000,274.992,234.587,197.474,123.804,82.601,46.445,24.250,11.674
8.78333,275.173,234.734,197.566,123.716,82.649,46.537,24.268,11.764
8.78667,275.241,234.814,197.733,123.813,82.686,46.462,24.298,11.626
8.79000,275.381,234.948,197.761,123.892,82.707,46.565,24.301,11.674
8.79333,275.573,235.070,197.835,123.994,82.712,46.473,24.292,11.690
8.79667,275.701,235.111,197.986,124.018,82.808,46.565,24.326,11.640
8.80000,275.747,235.246,198.046,124.119,82.824,46.603,24.376,11.694
8.80333,275.894,235.363,198.128,124.106,82.845,46.550,24.384,11.732
8.80667,276.039,235.502,198.230,124.216,82.920,46.670,24.412,11.700
8.81000,276.164,235.599,198.327,124.250,82.968,46.649,24.364,11.669
8.81333,276.236,235.659,198.416,124.276,82.991,46.627,24.372,11.698
8.81667,276.394,235.725,198.464,124.376,83.062,46.673,24.370,11.805
8.82000,276.530,235.888,198.566,124.390,83.089,46.831,24.437,11.727
8.82333,276.607,236.064,198.712,124.482,83.093,46.725,24.391,11.746
8.82667,276.765,236.192,198.807,124.563,83.147,46.770,24.437,11.700
8.83000,276.941,236.265,198.787,124.563,83.143,46.777,24.461,11.721
8.83333,276.955,236.336,198.924,124.636,83.190,46.818,24.467,11.742
8.83667,277.092,236.451,199.014,124.732,83.242,46.860,24.460,11.818
8.84000,277.229,236.588,199.080,124.778,83.305,46.901,24.439,11.754
8.84333,277.460,236.683,199.170,124.796,83.344,46.918,24.489,11.764
8.84667,277.518,236.772,199.309,124.908,83.354,46.848,24.566,11.811
8.85000,277.667,236.885,199.351,124.891,83.359,46.876,24.475,11.769
8.85333,277.769,236.950,199.454,125.028,83.438,46.928,24.488,11.780
8.85667,277.916,237.139,199.599,125.032,83.553,46.869,24.500,11.809
8.86000,278.011,237.186,199.614,125.124,83.496,47.016,24.567,11.807
8.86333,278.085,237.362,199.669,125.141,83.521,47.018,24.511,11.740
8.86667,278.215,237.433,199.841,125.267,83.621,47.031,24.501,11.785
8.87000,278.400,237.519,199.931,125.258,83.687,47.051,24.572,11.850
8.87333,278.576,237.601,200.005,125.317,83.685,46.999,24.664,11.847
8.87667,278.689,237.703,200.124,125.422,83.714,47.092,24.531,11.813
8.88000,278.839,237.876,200.152,125.433,83.728,47.056,24.556,11.901
8.88333,278.960,237.957,200.248,125.505,83.759,47.183,24.621,11.872
8.88667,279.026,238.059,200.405,125.498,83.788,47.111,24.643,11.740
8.89000,279.188,238.196,200.468,125.595,83.871,47.148,24.583,11.834
8.89333,279.294,238.258,200.597,125.655,83.908,47.201,24.710,11.825
8.89667,279.371,238.341,200.640,125.684,83.884,47.218,24.686,11.883
8.90000,279.554,238.484,200.763,125.752,83.936,47.206,24.672,11.851
8.90333,279.697,238.642,200.823,125.771,84.032,47.149,24.667,11.859
8.90667,279.795,238.633,200.930,125.950,84.071,47.221,24.649,11.840
8.91000,279.920,238.790,200.974,125.957,84.081,47.294,24.761,11.796
8.91333,280.002,238.943,201.084,125.969,84.096,47.299,24.743,11.842
8.91667,280.180,238.988,201.167,126.057,84.185,47.317,24.686,11.836
8.92000,280.255,239.156,201.266,126.039,84.172,47.324,24.747,11.852
8.92333,280.434,239.224,201.349,126.181,84.219,47.373,24.768,11.934
8.92667,280.509,239.409,201.512,126.225,84.289,47.443,24.754,11.966
8.93000,280.659,239.496,201.521,126.291,84.347,47.419,24.808,11.900
8.93333,280.744,239.604,201.648,126.394,84.283,47.475,24.850,11.874
8.93667,281.005,239.628,201.674,126.390,84.417,47.481,24.783,11.938
8.94000,280.988,239.753,201.812,126.514,84.431,47.484,24.797,11.913
8.94333,281.177,239.848,201.913,126.573,84.472,47.517,24.815,11.883
8.94667,281.292,240.074,202.034,126.612,84.585,47.543,24.796,11.883
8.95000,281.405,240.169,202.151,126.618,84.539,47.537,24.759,11.906
8.95333,281.504,240.220,202.185,126.716,84.596,47.509,24.834,11.911
8.95667,281.659,240.283,202.338,126.730,84.599,47.475,24.824,11.923
8.96000,281.836,240.354,202.339,126.816,84.687,47.585,24.948,11.942
8.96333,281.928,240.569,202.435,126.822,84.640,47.600,24.904,11.962
8.96667,282.007,240.605,202.541,126.908,84.726,47.698,24.879,11.966
8.97000,282.156,240.712,202.653,127.000,84.787,47.718,24.959,11.959
8.97333,282.348,240.805,202.754,127.066,84.830,47.683,24.903,11.891
8.97667,282.370,241.010,202.794,127.046,84.859,47.662,24.909,11.909
8.98000,282.498,241.084,202.926,127.111,84.848,47.699,24.973,11.991
8.98333,282.630,241.193,202.995,127.248,84.946,47.732,24.891,12.000
8.98667,282.831,241.264,203.051,127.259,84.959,47.763,24.972,11.932
8.99000,282.921,241.373,203.141,127.317,84.963,47.744,24.953,12.022
8.99333,283.047,241.457,203.291,127.364,85.034,47.808,24.994,12.007
8.99667,283.169,241.580,203.355,127.414,85.036,47.884,25.007,12.032
9.00000,283.306,241.707,203.488,127.559,85.133,47.850,25.040,11.977
9.00333,283.437,241.750,203.592,127.627,85.143,47.910,25.045,12.071
9.00667,283.563,241.895,203.626,127.624,85.207,47.852,25.000,12.047
9.01000,283.662,241.981,203.717,127.676,85.208,47.891,25.056,12.016
9.01333,283.758,242.198,203.777,127.683,85.311,47.918,25.133,11.952
9.01667,283.901,242.244,203.905,127.814,85.281,47.866,25.090,12.073
9.02000,283.991,242.353,204.017,127.894,85.350,47.933,25.131,12.105
9.02333,284.166,242.362,204.059,127.878,85.358,48.001,25.083,12.041
9.02667,284.229,242.588,204.229,127.895,85.462,48.011,25.146,12.063
9.03000,284.358,242.639,204.265,127.992,85.407,48.016,25.106,12.029
9.03333,284.475,242.756,204.338,128.005,85.486,48.070,25.116,12.074
9.03667,284.647,242.841,204.432,128.163,85.489,48.055,25.164,12.049
9.04000,284.797,242.905,204.518,128.139,85.586,48.139,25.197,12.104
9.04333,284.919,243.088,204.583,128.168,85.590,48.177,25.110,12.031
9.04667,285.036,243.171,204.723,128.286,85.626,48.150,25.257,12.035
9.05000,285.112,243.260,204.723,128.319,85.700,48.211,25.203,12.070
9.05333,285.241,243.468,204.861,128.434,85.700,48.201,25.264,12.088
9.05667,285.437,243.533,204.974,128.449,85.742,48.186,25.240,12.108
9.06000,285.496,243.700,205.111,128.458,85.717,48.169,25.224,12.086
9.06333,285.672,243.751,205.112,128.546,85.785,48.211,25.258,12.107
9.06667,285.758,243.854,205.284,128.655,85.848,48.250,25.245,12.153
9.07000,285.883,243.892,205.353,128.729,85.904,48.313,25.321,12.088
9.07333,285.960,244.028,205.450,128.686,85.868,48.350,25.241,12.195
9.07667,286.032,244.230,205.500,128.732,85.939,48.308,25.309,12.160
9.08000,286.250,244.245,205.590,128.762,85.965,48.336,25.312,12.095
9.08333,286.433,244.423,205.680,128.942,86.026,48.335,25.298,12.155
9.08667,286.449,244.484,205.787,128.954,86.072,48.370,25.352,12.158
9.09000,286.665,244.588,205.791,129.019,86.102,48.400,25.344,12.140
9.09333,286.684,244.679,205.981,129.026,86.176,48.418,25.310,12.135
9.09667,286.857,244.815,206.059,129.079,86.192,48.506,25.332,12.126
9.10000,287.007,244.869,206.128,129.259,86.226,48.456,25.338,12.192
9.10333,287.150,244.991,206.193,129.204,86.291,48.510,25.310,12.152
9.10667,287.212,245.093,206.323,129.267,86.307,48.477,25.336,12.150
9.11000,287.357,245.148,206.444,129.300,86.296,48.512,25.354,12.152
9.11333,287.508,245.218,206.446,129.461,86.334,48.544,25.423,12.217
9.11667,287.569,245.374,206.563,129.493,86.370,48.612,25.463,12.188
9.12000,287.750,245.510,206.655,129.497,86.462,48.570,25.423,12.173
9.12333,287.797,245.650,206.741,129.627,86.519,48.618,25.446,12.229
9.12667,287.915,245.718,206.847,129.715,86.489,48.621,25.435,12.235
9.13000,288.074,245.821,206.940,129.676,86.590,48.652,25.415,12.196
9.13333,288.193,245.916,206.940,129.718,86.562,48.711,25.502,12.235
9.13667,288.355,245.970,207.141,129.839,86.643,48.756,25.454,12.215
9.14000,288.391,246.161,207.201,129.905,86.689,48.716,25.560,12.222
9.14333,288.590,246.285,207.275,129.936,86.668,48.738,25.528,12.160
9.14667,288.740,246.379,207.359,130.001,86.720,48.763,25.474,12.207
9.15000,288.858,246.519,207.514,130.042,86.772,48.752,25.498,12.232
9.15333,288.934,246.618,207.547,130.078,86.820,48.849,25.570,12.201
9.15667,289.046,246.697,207.591,130.116,86.867,48.803,25.515,12.287
9.16000,289.149,246.755,207.673,130.174,86.881,48.802,25.521,12.199
9.16333,289.274,246.846,207.872,130.266,86.923,48.865,25.528,12.270
9.16667,289.441,246.943,207.924,130.320,86.928,48.906,25.583,12.248
9.17000,289.568,247.073,207.988,130.365,86.962,48.899,25.603,12.278
9.17333,289.647,247.134,208.114,130.420,86.985,48.970,25.616,12.287
9.17667,289.801,247.330,208.123,130.439,87.087,49.021,25.619,12.294
9.18000,289.933,247.355,208.264,130.473,87.109,48.961,25.621,12.270
9.18333,290.048,247.432,208.303,130.589,87.127,48.998,25.698,12.260
9.18667,290.134,247.606,208.431,130.637,87.181,48.954,25.668,12.252
9.19000,290.289,247.684,208.562,130.648,87.285,48.992,25.637,12.356
9.19333,290.420,247.755,208.664,130.695,87.275,49.083,25.705,12.302
9.19667,290.542,247.940,208.642,130.818,87.308,49.105,25.682,12.312
9.20000,290.617,248.015,208.822,130.843,87.386,49.103,25.638,12.292
9.20333,290.767,248.117,208.918,130.834,87.316,49.127,25.759,12.275
9.20667,290.839,248.265,208.882,130.927,87.408,49.117,25.669,12.279
9.21000,290.983,248.300,209.025,130.980,87.455,49.216,25.735,12.280
9.21333,291.089,248.442,209.223,131.060,87.520,49.189,25.745,12.265
9.21667,291.230,248.519,209.218,131.059,87.517,49.197,25.745,12.294
9.22000,291.357,248.641,209.330,131.187,87.523,49.196,25.766,12.364
9.22333,291.469,248.707,209.369,131.184,87.632,49.254,25.803,12.279
9.22667,291.560,248.841,209.522,131.294,87.613,49.251,25.693,12.388
9.23000,291.717,248.935,209.566,131.340,87.645,49.238,25.761,12.370
9.23333,291.851,249.031,209.614,131.386,87.642,49.315,25.717,12.365
9.23667,291.917,249.211,209.702,131.488,87.723,49.303,25.822,12.374
9.24000,292.119,249.262,209.747,131.450,87.780,49.373,25.781,12.384
9.24333,292.180,249.342,209.871,131.566,87.774,49.330,25.813,12.391
9.24667,292.354,249.463,210.003,131.599,87.855,49.323,25.786,12.339
9.25000,292.440,249.584,210.070,131.670,87.853,49.387,25.780,12.387
9.25333,292.625,249.694,210.213,131.723,87.848,49.411,25.835,12.411
9.25667,292.715,249.840,210.297,131.718,87.956,49.400,25.875,12.389
9.26000,292.866,249.965,210.374,131.840,88.013,49.337,25.917,12.464
9.26333,292.918,250.040,210.466,131.908,88.055,49.504,25.910,12.328
9.26667,293.045,250.107,210.506,131.969,88.110,49.538,25.893,12.441
9.27000,293.188,250.175,210.617,131.966,88.069,49.529,25.911,12.334
9.27333,293.254,250.299,210.696,132.016,88.120,49.525,25.959,12.393
9.27667,293.401,250.291,210.817,132.133,88.163,49.543,25.896,12.464
9.28000,293.482,250.460,210.902,132.206,88.233,49.591,25.900,12.422
9.28333,293.610,250.545,210.943,132.154,88.236,49.629,25.968,12.367
9.28667,293.797,250.711,211.025,132.220,88.258,49.550,25.900,12.485
9.29000,293.914,250.794,211.122,132.380,88.354,49.608,26.002,12.450
9.29333,293.988,250.891,211.255,132.269,88.300,49.672,26.036,12.405
9.29667,294.166,250.949,211.286,132.500,88.424,49.651,25.971,12.470
9.30000,294.175,251.096,211.387,132.495,88.412,49.728,26.052,12.465
9.30333,294.363,251.115,211.529,132.541,88.503,49.719,26.046,12.466
9.30667,294.507,251.304,211.590,132.532,88.563,49.732,26.036,12.448
9.31000,294.550,251.434,211.648,132.663,88.515,49.759,26.036,12.497
9.31333,294.658,251.496,211.750,132.637,88.581,49.716,26.034,12.472
9.31667,294.815,251.603,211.857,132.693,88.634,49.800,26.032,12.489
9.32000,294.942,251.642,211.906,132.776,88.719,49.826,26.069,12.484
9.32333,294.996,251.794,212.034,132.813,88.638,49.851,26.063,12.485
9.32667,295.225,251.910,212.064,132.966,88.716,49.847,26.074,12.439
9.33000,295.302,251.993,212.141,132.962,88.697,49.876,26.103,12.446
9.33333,295.462,252.108,212.237,132.999,88.797,49.879,26.122,12.477
9.33667,295.529,252.224,212.353,133.074,88.803,49.923,26.064,12.496
9.34000,295.629,252.276,212.406,133.059,88.969,49.860,26.090,12.536
9.34333,295.776,252.450,212.498,133.121,88.905,49.944,26.157,12.498
9.34667,295.878,252.546,212.623,133.252,88.989,49.967,26.158,12.534
9.35000,296.004,252.554,212.770,133.201,88.953,49.949,26.196,12.478
9.35333,296.076,252.693,212.731,133.362,88.983,50.016,26.215,12.558
9.35667,296.215,252.918,212.819,133.360,89.041,50.017,26.201,12.506
9.36000,296.420,252.938,212.904,133.427,89.094,50.021,26.256,12.554
9.36333,296.451,252.973,212.988,133.507,89.091,50.008,26.209,12.603
9.36667,296.596,253.043,213.098,133.568,89.173,50.058,26.286,12.517
9.37000,296.661,253.190,213.162,133.583,89.203,50.057,26.262,12.549
9.37333,296.797,253.371,213.259,133.686,89.212,50.123,26.231,12.563
9.37667,296.892,253.314,213.342,133.660,89.291,50.126,26.255,12.594
9.38000,297.062,253.495,213.419,133.728,89.307,50.076,26.250,12.553
9.38333,297.176,253.534,213.510,133.741,89.324,50.166,26.254,12.556
9.38667,297.238,253.746,213.567,133.843,89.348,50.246,26.272,12.628
9.39000,297.387,253.820,213.670,133.881,89.358,50.185,26.283,12.570
9.39333,297.450,253.854,213.715,134.003,89.496,50.233,26.325,12.602
9.39667,297.646,254.067,213.858,134.020,89.434,50.201,26.281,12.581
9.40000,297.745,254.080,213.969,134.109,89.499,50.333,26.324,12.543
9.40333,297.843,254.206,213.996,134.105,89.524,50.353,26.342,12.525
9.40667,297.977,254.360,214.100,134.148,89.558,50.338,26.377,12.556
9.41000,298.073,254.391,214.126,134.187,89.655,50.414,26.364,12.595
9.41333,298.247,254.465,214.330,134.237,89.670,50.358,26.346,12.603
9.41667,298.297,254.582,214.431,134.308,89.651,50.406,26.362,12.596
9.42000,298.472,254.729,214.483,134.419,89.698,50.350,26.473,12.563
9.42333,298.575,254.855,214.534,134.434,89.675,50.423,26.302,12.681
9.42667,298.636,254.930,214.587,134.461,89.760,50.433,26.432,12.622
9.43000,298.770,254.991,214.680,134.532,89.757,50.502,26.470,12.605
9.43333,298.890,255.059,214.698,134.583,89.870,50.444,26.437,12.576
9.43667,298.967,255.220,214.833,134.695,89.921,50.424,26.448,12.602
9.44000,299.122,255.320,214.929,134.655,89.920,50.477,26.473,12.639
9.44333,299.253,255.446,214.976,134.753,89.949,50.494,26.484,12.693
9.44667,299.349,255.459,215.121,134.734,89.985,50.476,26.519,12.727
9.45000,299.453,255.664,215.150,134.841,90.087,50.521,26.431,12.654
9.45333,299.577,255.734,215.332,134.960,90.142,50.556,26.517,12.663
9.45667,299.682,255.771,215.335,134.974,90.098,50.587,26.522,12.688
9.46000,299.802,255.802,215.437,135.007,90.122,50.612,26.540,12.675
9.46333,299.886,255.952,215.517,135.061,90.151,50.665,26.497,12.625
9.46667,300.052,256.048,215.582,135.162,90.186,50.669,26.537,12.666
9.47000,300.141,256.138,215.663,135.168,90.207,50.629,26.597,12.662
9.47333,300.265,256.208,215.703,135.181,90.236,50.706,26.599,12.696
9.47667,300.385,256.327,215.810,135.227,90.306,50.732,26.596,12.642
9.48000,300.490,256.416,215.933,135.373,90.349,50.765,26.537,12.634
9.48333,300.616,256.556,216.013,135.360,90.360,50.760,26.627,12.706
9.48667,300.720,256.673,216.091,135.422,90.391,50.796,26.601,12.694
9.49000,300.773,256.678,216.109,135.470,90.451,50.783,26.533,12.784
9.49333,300.905,256.807,216.253,135.493,90.477,50.799,26.649,12.715
9.49667,300.997,256.912,216.263,135.608,90.574,50.875,26.666,12.760
9.50000,301.148,256.961,216.420,135.590,90.491,50.797,26.652,12.662
9.50333,301.253,257.074,216.510,135.682,90.542,50.841,26.661,12.741
9.50667,301.319,257.204,216.585,135.778,90.611,50.934,26.735,12.762
9.51000,301.464,257.257,216.651,135.751,90.664,50.927,26.700,12.714
9.51333,301.574,257.425,216.716,135.807,90.637,50.904,26.703,12.745
9.51667,301.720,257.495,216.810,135.852,90.690,50.936,26.725,12.767
9.52000,301.784,257.571,216.873,135.970,90.755,51.015,26.753,12.756
9.52333,301.848,257.675,216.964,135.973,90.730,50.966,26.697,12.763
9.52667,302.051,257.788,216.957,136.030,90.796,50.990,26.691,12.753
9.53000,302.112,257.843,217.075,136.025,90.843,50.995,26.700,12.811
9.53333,302.281,257.957,217.171,136.107,90.911,51.052,26.741,12.783
9.53667,302.392,258.052,217.341,136.205,90.894,51.098,26.743,12.800
9.54000,302.504,258.171,217.374,136.228,90.978,51.061,26.790,12.744
9.54333,302.589,258.285,217.405,136.265,90.967,51.097,26.833,12.796
9.54667,302.640,258.410,217.561,136.311,90.924,51.095,26.821,12.771
9.55000,302.805,258.428,217.602,136.408,91.013,51.162,26.767,12.863
9.55333,302.827,258.527,217.713,136.439,91.095,51.100,26.888,12.737
9.55667,303.032,258.638,217.697,136.543,91.158,51.137,26.857,12.807
9.56000,303.130,258.688,217.813,136.537,91.108,51.118,26.792,12.761
9.56333,303.212,258.827,218.021,136.622,91.259,51.191,26.843,12.825
9.56667,303.409,258.890,218.009,136.581,91.168,51.256,26.866,12.820
9.57000,303.475,258.978,218.027,136.682,91.233,51.213,26.856,12.845
9.57333,303.634,259.098,218.094,136.757,91.240,51.246,26.856,12.855
9.57667,303.694,259.265,218.248,136.732,91.283,51.262,26.915,12.878
9.58000,303.775,259.256,218.251,136.781,91.350,51.340,26.953,12.828
9.58333,303.861,259.442,218.378,136.904,91.375,51.332,26.930,12.855
9.58667,304.039,259.462,218.473,136.961,91.428,51.335,26.887,12.810
9.59000,304.098,259.579,218.560,136.978,91.448,51.369,26.925,12.874
9.59333,304.168,259.694,218.588,137.066,91.475,51.368,26.904,12.850
9.59667,304.315,259.758,218.740,137.046,91.500,51.394,27.002,12.879
9.60000,304.443,259.779,218.818,137.101,91.494,51.413,27.038,12.881
9.60333,304.501,259.908,218.883,137.202,91.583,51.376,26.989,12.854
9.60667,304.600,260.058,218.917,137.211,91.590,51.382,26.967,12.896
9.61000,304.735,260.149,218.936,137.293,91.655,51.435,26.971,12.876
9.61333,304.839,260.188,219.109,137.318,91.661,51.534,26.943,12.879
9.61667,304.926,260.300,219.143,137.382,91.759,51.487,26.971,12.875
9.62000,305.047,260.347,219.179,137.420,91.679,51.534,27.020,12.841
9.62333,305.240,260.484,219.269,137.431,91.752,51.533,27.030,12.859
9.62667,305.240,260.527,219.401,137.514,91.766,51.593,26.992,12.903
9.63000,305.432,260.656,219.447,137.534,91.766,51.594,27.000,12.922
9.63333,305.506,260.670,219.504,137.600,91.820,51.540,27.037,12.946
9.63667,305.633,260.775,219.617,137.626,91.846,51.580,27.086,12.875
9.64000,305.726,260.929,219.655,137.689,91.934,51.567,27.103,12.933
9.64333,305.760,261.014,219.821,137.657,91.967,51.583,27.096,12.945
9.64667,305.900,261.093,219.823,137.781,91.957,51.665,27.074,12.855
9.65000,306.015,261.219,219.936,137.833,92.021,51.676,27.132,12.924
9.65333,306.071,261.293,219.994,137.885,91.994,51.625,27.126,12.926
9.65667,306.218,261.375,220.033,137.921,92.071,51.655,27.098,12.917
9.66000,306.304,261.479,220.171,137.980,92.045,51.679,27.099,12.926
9.66333,306.483,261.590,220.226,137.996,92.149,51.717,27.113,12.932
9.66667,306.571,261.647,220.315,138.039,92.182,51.758,27.161,12.903
9.67000,306.666,261.766,220.363,138.191,92.162,51.695,27.159,12.962
9.67333,306.786,261.818,220.462,138.109,92.242,51.761,27.157,12.981
9.67667,306.822,261.962,220.535,138.202,92.284,51.784,27.161,13.037
9.68000,306.932,261.977,220.560,138.220,92.296,51.826,27.177,12.905
9.68333,307.035,262.082,220.654,138.321,92.306,51.804,27.213,12.914
9.68667,307.123,262.223,220.795,138.299,92.373,51.947,27.097,13.033
9.69000,307.308,262.269,220.894,138.367,92.385,51.855,27.223,12.966
9.69333,307.312,262.369,220.956,138.435,92.416,51.936,27.205,12.977
9.69667,307.463,262.421,220.950,138.517,92.400,51.956,27.233,12.955
9.70000,307.540,262.559,221.050,138.503,92.546,51.968,27.294,12.984
9.70333,307.652,262.630,221.119,138.633,92.560,51.968,27.224,12.991
9.70667,307.794,262.670,221.193,138.638,92.579,51.984,27.231,13.005
9.71000,307.905,262.789,221.287,138.673,92.649,51.946,27.240,13.014
9.71333,307.979,262.900,221.386,138.720,92.590,52.011,27.232,13.019
9.71667,308.061,262.947,221.450,138.819,92.638,52.014,27.286,12.965
9.72000,308.158,263.006,221.457,138.882,92.648,52.046,27.281,13.032
9.72333,308.223,263.115,221.586,138.881,92.709,52.055,27.299,12.997
9.72667,308.373,263.164,221.655,138.908,92.690,52.083,27.319,13.014
9.73000,308.490,263.326,221.722,139.037,92.804,52.092,27.329,13.035
9.73333,308.588,263.373,221.732,138.994,92.835,52.120,27.352,13.035
9.73667,308.654,263.478,221.847,139.047,92.811,52.089,27.336,13.052
9.74000,308.835,263.574,221.961,139.069,92.792,52.134,27.320,13.050
9.74333,308.885,263.674,222.085,139.137,92.856,52.101,27.359,13.029
9.74667,309.041,263.774,222.088,139.165,92.957,52.146,27.385,13.046
9.75000,309.083,263.833,222.206,139.239,92.961,52.154,27.394,13.040
9.75333,309.187,263.981,222.226,139.295,93.033,52.224,27.384,13.065
9.75667,309.252,264.011,222.337,139.342,92.977,52.221,27.381,13.096
9.76000,309.347,264.076,222.382,139.401,93.002,52.299,27.349,13.114
9.76333,309.491,264.163,222.486,139.447,93.054,52.291,27.418,13.002
9.76667,309.582,264.269,222.468,139.507,93.153,52.251,27.424,13.111
9.77000,309.695,264.299,222.622,139.551,93.148,52.318,27.454,13.103
9.77333,309.808,264.452,222.691,139.508,93.176,52.296,27.475,13.129
9.77667,309.856,264.592,222.758,139.577,93.171,52.313,27.427,13.110
9.78000,309.969,264.573,222.823,139.719,93.205,52.349,27.383,13.105
9.78333,310.039,264.694,222.867,139.669,93.271,52.398,27.469,13.120
9.78667,310.115,264.779,222.966,139.697,93.259,52.324,27.430,13.083
9.79000,310.308,264.862,223.032,139.741,93.342,52.372,27.448,13.086
9.79333,310.424,264.984,223.055,139.811,93.324,52.370,27.489,13.140
9.79667,310.482,265.088,223.157,139.896,93.374,52.458,27.535,13.235
9.80000,310.522,265.099,223.236,139.843,93.418,52.396,27.475,13.175
9.80333,310.635,265.231,223.346,140.017,93.399,52.414,27.522,13.197
9.80667,310.734,265.295,223.385,139.984,93.526,52.489,27.509,13.152
9.81000,310.845,265.311,223.470,140.108,93.477,52.495,27.501,13.097
9.81333,310.983,265.441,223.471,140.066,93.589,52.515,27.517,13.180
9.81667,311.111,265.538,223.584,140.109,93.576,52.516,27.576,13.166
9.82000,311.124,265.605,223.658,140.091,93.560,52.518,27.506,13.109
9.82333,311.273,265.747,223.727,140.229,93.628,52.498,27.568,13.130
9.82667,311.327,265.750,223.783,140.276,93.683,52.561,27.539,13.142
9.83000,311.425,265.806,223.816,140.309,93.652,52.583,27.669,13.156
9.83333,311.496,265.973,223.928,140.367,93.743,52.519,27.577,13.154
9.83667,311.625,266.045,223.977,140.398,93.703,52.556,27.626,13.128
9.84000,311.678,266.077,224.063,140.494,93.758,52.606,27.657,13.178
9.84333,311.820,266.154,224.180,140.411,93.796,52.595,27.600,13.184
9.84667,311.931,266.326,224.243,140.546,93.809,52.639,27.641,13.178
9.85000,312.059,266.338,224.296,140.538,93.805,52.674,27.634,13.215
9.85333,312.163,266.476,224.397,140.714,93.903,52.664,27.704,13.173
9.85667,312.220,266.558,224.425,140.591,93.835,52.754,27.701,13.174
9.86000,312.320,266.609,224.523,140.674,93.970,52.699,27.704,13.224
9.86333,312.409,266.693,224.520,140.698,93.885,52.755,27.669,13.197
9.86667,312.480,266.781,224.638,140.756,94.003,52.725,27.606,13.206
9.87000,312.570,266.887,224.632,140.836,94.075,52.764,27.734,13.137
9.87333,312.702,266.939,224.760,140.844,94.022,52.801,27.705,13.227
9.87667,312.749,267.000,224.820,140.934,94.100,52.803,27.712,13.208
9.88000,312.927,267.138,224.920,140.915,94.057,52.858,27.703,13.215
9.88333,312.879,267.130,224.945,141.040,94.090,52.777,27.713,13.180
9.88667,312.993,267.289,225.021,141.078,94.158,52.899,27.758,13.254
9.89000,313.109,267.283,225.123,141.014,94.239,52.848,27.710,13.214
9.89333,313.328,267.425,225.126,141.122,94.295,52.856,27.777,13.205
9.89667,313.318,267.510,225.265,141.149,94.261,52.947,27.823,13.261
9.90000,313.367,267.579,225.341,141.229,94.291,52.897,27.793,13.230
9.90333,313.533,267.586,225.337,141.252,94.243,52.907,27.786,13.227
9.90667,313.607,267.711,225.396,141.324,94.356,52.891,27.799,13.225
9.91000,313.707,267.819,225.511,141.295,94.359,53.011,27.754,13.298
9.91333,313.754,267.880,225.584,141.374,94.421,52.949,27.856,13.293
9.91667,313.924,267.962,225.669,141.494,94.410,53.036,27.793,13.268
9.92000,314.011,268.081,225.648,141.444,94.495,52.980,27.760,13.290
9.92333,314.032,268.182,225.789,141.494,94.502,53.071,27.826,13.246
9.92667,314.194,268.135,225.789,141.581,94.541,53.049,27.873,13.258
9.93000,314.236,268.353,225.876,141.611,94.525,53.055,27.868,13.304
9.93333,314.305,268.318,225.934,141.582,94.565,53.008,27.910,13.283
9.93667,314.413,268.437,226.025,141.707,94.563,53.118,27.932,13.256
9.94000,314.509,268.483,226.131,141.689,94.655,53.185,27.882,13.267
9.94333,314.646,268.516,226.131,141.802,94.581,53.126,27.874,13.315
9.94667,314.733,268.711,226.294,141.787,94.613,53.107,27.936,13.234
9.95000,314.809,268.736,226.295,141.839,94.763,53.139,27.834,13.259
9.95333,314.921,268.838,226.392,141.837,94.740,53.161,27.931,13.303
9.95667,314.960,268.855,226.394,141.925,94.708,53.217,27.855,13.287
9.96000,315.004,269.002,226.537,142.011,94.778,53.151,28.011,13.333
9.96333,315.160,269.078,226.547,142.004,94.770,53.161,27.926,13.314
9.96667,315.216,269.147,226.602,142.059,94.815,53.220,27.952,13.305
9.97000,315.289,269.221,226.686,142.079,94.876,53.268,27.904,13.282
9.97333,315.490,269.279,226.787,142.095,94.878,53.222,27.981,13.323
9.97667,315.467,269.368,226.775,142.192,94.879,53.278,27.947,13.319
9.98000,315.602,269.444,226.856,142.219,94.925,53.280,27.984,13.268
9.98333,315.623,269.496,226.868,142.255,94.981,53.265,27.948,13.360
9.98667,315.831,269.655,227.018,142.255,94.944,53.305,27.967,13.290
9.99000,315.825,269.665,227.136,142.323,95.008,53.302,27.997,13.292
9.99333,315.909,269.718,227.144,142.418,95.022,53.307,27.983,13.310
9.99667,316.006,269.829,227.194,142.375,95.046,53.372,28.083,13.415
10.00000,316.153,269.857,227.305,142.470,95.109,53.408,28.041,13.328
10.00333,316.293,269.994,227.294,142.504,95.171,53.351,28.038,13.353
10.00667,316.308,270.035,227.344,142.605,95.163,53.338,27.972,13.356
10.01000,316.469,270.141,227.466,142.625,95.184,53.368,28.069,13.329
10.01333,316.463,270.237,227.494,142.587,95.241,53.415,28.062,13.435
10.01667,316.598,270.215,227.629,142.734,95.223,53.492,28.061,13.349
10.02000,316.657,270.380,227.684,142.702,95.213,53.454,28.065,13.386
10.02333,316.738,270.423,227.709,142.689,95.286,53.516,28.056,13.328
10.02667,316.770,270.506,227.693,142.752,95.309,53.470,28.010,13.344
10.03000,316.930,270.559,227.792,142.826,95.366,53.503,28.137,13.344
10.03333,317.000,270.640,227.849,142.809,95.379,53.507,28.124,13.419
10.03667,317.089,270.737,227.921,142.853,95.425,53.512,28.103,13.395
10.04000,317.158,270.743,228.015,142.954,95.433,53.555,28.063,13.388
10.04333,317.228,270.818,228.073,142.976,95.476,53.529,28.141,13.397
10.04667,317.274,270.957,228.133,142.961,95.431,53.527,28.179,13.415
10.05000,317.376,270.955,228.196,143.061,95.467,53.517,28.157,13.387
10.05333,317.500,271.128,228.291,143.036,95.503,53.547,28.147,13.392
10.05667,317.578,271.164,228.382,143.096,95.450,53.651,28.167,13.404
10.06000,317.664,271.190,228.363,143.177,95.578,53.605,28.112,13.428
10.06333,317.712,271.347,228.465,143.233,95.659,53.570,28.199,13.444
10.06667,317.828,271.318,228.548,143.164,95.665,53.653,28.175,13.426
10.07000,317.958,271.411,228.583,143.310,95.621,53.658,28.242,13.436
10.07333,318.000,271.531,228.642,143.319,95.700,53.669,28.229,13.397
10.07667,318.132,271.577,228.659,143.351,95.724,53.688,28.207,13.429
10.08000,318.187,271.646,228.714,143.452,95.648,53.722,28.242,13.427
10.08333,318.278,271.718,228.849,143.456,95.771,53.711,28.230,13.482
10.08667,318.421,271.738,228.914,143.434,95.832,53.706,28.259,13.468
10.09000,318.505,271.910,228.894,143.452,95.802,53.738,28.326,13.416
10.09333,318.488,271.941,228.993,143.565,95.863,53.741,28.240,13.389
10.09667,318.641,271.994,229.062,143.567,95.855,53.759,28.290,13.364
10.10000,318.632,272.096,229.126,143.579,95.893,53.827,28.251,13.491
10.10333,318.761,272.086,229.069,143.592,95.907,53.818,28.229,13.424
10.10667,318.845,272.227,229.300,143.660,95.915,53.834,28.287,13.447
10.11000,318.892,272.353,229.297,143.711,95.968,53.779,28.224,13.466
10.11333,319.016,272.346,229.346,143.804,95.945,53.817,28.250,13.431
10.11667,319.078,272.414,229.380,143.806,95.982,53.861,28.286,13.455
10.12000,319.165,272.479,229.482,143.855,96.053,53.880,28.295,13.466
10.12333,319.213,272.564,229.496,143.836,96.048,53.928,28.267,13.478
10.12667,319.432,272.619,229.632,143.874,96.090,53.888,28.345,13.502
10.13000,319.435,272.763,229.637,143.933,96.111,53.925,28.291,13.458
10.13333,319.509,272.756,229.647,143.961,96.089,53.980,28.317,13.498
10.13667,319.600,272.844,229.781,143.984,96.177,53.954,28.415,13.474
10.14000,319.625,272.920,229.759,144.102,96.183,53.966,28.329,13.408
10.14333,319.758,272.954,229.876,144.119,96.186,53.966,28.335,13.453
10.14667,319.734,273.070,229.911,144.118,96.230,53.983,28.351,13.506
10.15000,319.892,273.058,229.953,144.228,96.213,53.987,28.336,13.500
10.15333,319.951,273.226,230.079,144.197,96.300,54.079,28.417,13.548
10.15667,320.094,273.288,230.140,144.258,96.277,54.065,28.397,13.515
10.16000,320.101,273.233,230.187,144.274,96.291,54.019,28.321,13.530
10.16333,320.282,273.370,230.157,144.324,96.311,54.034,28.431,13.558
10.16667,320.259,273.431,230.254,144.404,96.379,54.032,28.453,13.526
10.17000,320.419,273.457,230.352,144.418,96.378,54.033,28.458,13.505
10.17333,320.491,273.570,230.404,144.384,96.430,54.040,28.415,13.574
10.17667,320.593,273.674,230.423,144.460,96.433,54.044,28.407,13.516
10.18000,320.604,273.739,230.556,144.554,96.466,54.142,28.407,13.520
10.18333,320.680,273.808,230.500,144.511,96.507,54.058,28.372,13.479
10.18667,320.717,273.822,230.616,144.548,96.500,54.145,28.443,13.528
10.19000,320.808,273.924,230.691,144.589,96.568,54.124,28.432,13.553
10.19333,320.982,273.995,230.703,144.684,96.550,54.134,28.432,13.584
10.19667,321.026,274.030,230.820,144.725,96.598,54.201,28.439,13.548
10.20000,321.126,274.147,230.896,144.725,96.643,54.180,28.486,13.499
10.20333,321.101,274.170,230.892,144.744,96.624,54.189,28.511,13.535
10.20667,321.221,274.232,230.913,144.801,96.628,54.237,28.515,13.495
10.21000,321.344,274.283,230.967,144.827,96.644,54.242,28.490,13.570
10.21333,321.362,274.473,231.054,144.846,96.631,54.199,28.582,13.524
10.21667,321.387,274.463,231.062,144.852,96.748,54.261,28.525,13.545
10.22000,321.503,274.606,231.175,144.879,96.731,54.312,28.528,13.622
10.22333,321.614,274.658,231.210,144.903,96.796,54.217,28.534,13.567
10.22667,321.706,274.653,231.299,144.955,96.820,54.291,28.601,13.508
10.23000,321.734,274.724,231.379,145.068,96.819,54.234,28.554,13.541
10.23333,321.799,274.784,231.465,145.016,96.842,54.333,28.529,13.556
10.23667,321.889,274.882,231.500,145.086,96.825,54.330,28.575,13.607
10.24000,321.993,274.953,231.528,145.049,96.887,54.365,28.532,13.540
10.24333,322.090,275.013,231.463,145.137,96.927,54.348,28.573,13.590
10.24667,322.036,275.081,231.566,145.177,96.903,54.393,28.584,13.577
10.25000,322.198,275.136,231.683,145.238,96.914,54.359,28.595,13.599
10.25333,322.282,275.212,231.745,145.298,97.047,54.418,28.636,13.569
10.25667,322.391,275.201,231.847,145.289,96.977,54.396,28.633,13.601
10.26000,322.384,275.317,231.761,145.367,96.962,54.463,28.627,13.660
10.26333,322.541,275.318,231.924,145.378,97.084,54.495,28.610,13.579
10.26667,322.585,275.413,231.946,145.351,97.046,54.412,28.590,13.592
10.27000,322.566,275.540,232.006,145.443,97.049,54.411,28.616,13.605
10.27333,322.673,275.501,232.027,145.358,97.104,54.492,28.594,13.617
10.27667,322.808,275.595,232.111,145.510,97.087,54.351,28.618,13.665
10.28000,322.877,275.640,232.177,145.493,97.092,54.496,28.652,13.574
10.28333,322.932,275.769,232.226,145.526,97.150,54.443,28.656,13.551
10.28667,323.015,275.811,232.233,145.620,97.213,54.552,28.658,13.654
10.29000,323.001,275.822,232.367,145.622,97.182,54.538,28.650,13.623
10.29333,323.157,275.889,232.353,145.572,97.277,54.483,28.694,13.594
10.29667,323.234,275.965,232.420,145.691,97.249,54.543,28.684,13.617
10.30000,323.242,276.072,232.411,145.687,97.307,54.596,28.662,13.687
10.30333,323.372,276.137,232.547,145.686,97.293,54.620,28.615,13.593
10.30667,323.394,276.171,232.554,145.770,97.346,54.545,28.736,13.622
10.31000,323.541,276.195,232.658,145.831,97.386,54.612,28.672,13.596
10.31333,323.611,276.339,232.701,145.789,97.363,54.637,28.692,13.601
10.31667,323.612,276.336,232.763,145.894,97.363,54.636,28.705,13.622
10.32000,323.758,276.402,232.735,145.980,97.426,54.622,28.666,13.633
10.32333,323.810,276.411,232.799,145.950,97.458,54.700,28.729,13.637
10.32667,323.910,276.540,232.892,145.969,97.462,54.664,28.678,13.670
10.33000,323.911,276.539,232.927,145.989,97.430,54.659,28.794,13.649
10.33333,323.919,276.696,232.945,146.079,97.526,54.670,28.720,13.662
10.33667,324.118,276.674,233.085,146.092,97.490,54.722,28.724,13.632
10.34000,324.060,276.810,233.132,146.077,97.533,54.712,28.774,13.610
10.34333,324.235,276.839,233.121,146.182,97.503,54.700,28.837,13.647
10.34667,324.312,276.846,233.191,146.117,97.627,54.753,28.779,13.653
10.35000,324.262,276.925,233.228,146.132,97.646,54.769,28.776,13.613
10.35333,324.440,277.032,233.285,146.237,97.651,54.781,28.797,13.577
10.35667,324.516,277.119,233.285,146.266,97.703,54.749,28.843,13.664
10.36000,324.556,277.108,233.392,146.328,97.661,54.812,28.820,13.611
10.36333,324.661,277.147,233.467,146.340,97.732,54.799,28.757,13.686
10.36667,324.747,277.264,233.490,146.303,97.689,54.777,28.810,13.688
10.37000,324.740,277.317,233.554,146.391,97.784,54.820,28.733,13.676
10.37333,324.856,277.337,233.579,146.390,97.682,54.827,28.856,13.715
10.37667,324.923,277.386,233.652,146.501,97.762,54.883,28.801,13.650
10.38000,324.963,277.464,233.656,146.472,97.873,54.840,28.872,13.663
10.38333,325.030,277.606,233.747,146.534,97.803,54.888,28.819,13.740
10.38667,325.047,277.558,233.744,146.565,97.778,54.891,28.834,13.680
10.39000,325.121,277.655,233.870,146.593,97.801,54.794,28.766,13.707
10.39333,325.247,277.741,233.898,146.658,97.814,54.873,28.823,13.651
10.39667,325.302,277.745,233.898,146.621,97.892,54.918,28.895,13.707
10.40000,325.351,277.883,234.014,146.648,98.006,54.942,28.906,13.726
10.40333,325.448,277.909,233.992,146.661,97.933,54.918,28.835,13.738
10.40667,325.511,277.904,234.147,146.709,97.903,54.934,28.912,13.757
10.41000,325.577,277.996,234.086,146.723,97.964,54.992,28.889,13.695
10.41333,325.540,278.062,234.144,146.791,97.982,54.953,28.881,13.756
10.41667,325.716,278.071,234.168,146.829,97.916,54.956,28.912,13.763
10.42000,325.737,278.112,234.294,146.863,98.046,54.923,28.876,13.733
10.42333,325.904,278.251,234.328,146.869,98.099,54.980,28.967,13.767
10.42667,325.864,278.261,234.412,146.923,98.086,55.014,28.860,13.715
10.43000,325.982,278.271,234.434,146.943,98.151,55.021,28.923,13.730
10.43333,326.059,278.424,234.504,146.927,98.128,55.033,28.907,13.762
10.43667,326.051,278.423,234.501,146.955,98.145,55.041,28.973,13.731
10.44000,326.108,278.549,234.472,146.997,98.101,55.029,28.905,13.710
10.44333,326.234,278.512,234.648,147.054,98.224,55.034,28.919,13.704
10.44667,326.307,278.557,234.599,147.080,98.192,55.071,28.943,13.708
10.45000,326.329,278.676,234.751,147.140,98.205,55.107,28.975,13.778
10.45333,326.392,278.741,234.724,147.211,98.213,55.009,28.914,13.725
10.45667,326.389,278.734,234.764,147.168,98.284,55.095,28.974,13.828
10.46000,326.492,278.869,234.824,147.199,98.238,55.108,28.929,13.713
10.46333,326.554,278.819,234.849,147.218,98.294,55.109,29.006,13.806
10.46667,326.613,278.939,234.858,147.283,98.303,55.163,28.965,13.797
10.47000,326.773,278.998,234.945,147.270,98.355,55.134,29.021,13.839
10.47333,326.813,279.067,234.923,147.300,98.375,55.150,29.004,13.734
10.47667,326.813,279.095,235.035,147.354,98.402,55.159,29.062,13.739
10.48000,326.948,279.149,235.016,147.403,98.370,55.139,28.981,13.763
10.48333,326.971,279.190,235.155,147.434,98.400,55.180,29.024,13.806
10.48667,327.005,279.290,235.233,147.428,98.386,55.165,29.002,13.822
10.49000,327.142,279.322,235.184,147.454,98.496,55.235,29.054,13.845
10.49333,327.131,279.336,235.252,147.482,98.456,55.232,29.046,13.826
10.49667,327.257,279.464,235.323,147.553,98.468,55.227,29.050,13.820
10.50000,327.295,279.447,235.353,147.557,98.490,55.196,29.090,13.833
10.50333,327.327,279.465,235.421,147.532,98.535,55.142,29.061,13.774
10.50667,327.417,279.592,235.510,147.609,98.550,55.235,28.983,13.825
10.51000,327.502,279.669,235.516,147.664,98.541,55.238,29.045,13.790
10.51333,327.598,279.735,235.516,147.626,98.639,55.267,29.063,13.821
10.51667,327.601,279.754,235.598,147.610,98.590,55.306,29.091,13.810
10.52000,327.656,279.824,235.616,147.746,98.607,55.235,29.060,13.821
10.52333,327.696,279.857,235.667,147.714,98.652,55.329,29.105,13.852
10.52667,327.786,279.866,235.692,147.775,98.690,55.289,29.034,13.817
10.53000,327.828,279.937,235.809,147.758,98.646,55.285,29.027,13.841
10.53333,327.899,279.939,235.791,147.857,98.678,55.276,29.094,13.815
10.53667,327.965,280.102,235.855,147.808,98.658,55.352,29.114,13.790
10.54000,327.992,280.082,235.826,147.820,98.767,55.387,29.164,13.878
10.54333,328.084,280.155,235.955,147.912,98.738,55.398,29.162,13.788
10.54667,328.135,280.182,235.980,147.926,98.804,55.412,29.167,13.849
10.55000,328.235,280.245,236.045,147.918,98.753,55.394,29.146,13.814
10.55333,328.264,280.390,236.016,147.934,98.847,55.409,29.181,13.868
10.55667,328.362,280.349,236.065,148.019,98.767,55.372,29.076,13.888
10.56000,328.402,280.412,236.142,147.983,98.795,55.443,29.182,13.804
10.56333,328.484,280.513,236.193,148.064,98.893,55.429,29.196,13.792
10.56667,328.485,280.489,236.266,148.083,98.861,55.399,29.186,13.887
10.57000,328.533,280.550,236.337,148.134,98.933,55.493,29.121,13.873
10.57333,328.585,280.598,236.346,148.177,98.857,55.524,29.224,13.896
10.57667,328.673,280.718,236.345,148.151,98.935,55.394,29.136,13.894
10.58000,328.696,280.677,236.342,148.177,98.949,55.438,29.186,13.834
10.58333,328.847,280.832,236.417,148.240,98.978,55.564,29.133,13.823
10.58667,328.842,280.782,236.522,148.282,98.947,55.487,29.189,13.896
10.59000,328.867,280.880,236.557,148.291,99.010,55.500,29.191,13.907
10.59333,328.930,280.889,236.521,148.342,99.017,55.506,29.219,13.879
10.59667,329.019,280.961,236.639,148.330,99.046,55.551,29.229,13.889
10.60000,329.063,280.953,236.714,148.337,99.088,55.524,29.226,13.861
10.60333,329.127,281.030,236.747,148.331,99.084,55.554,29.177,13.907
10.60667,329.248,281.125,236.727,148.357,99.085,55.471,29.268,13.837
10.61000,329.244,281.187,236.698,148.350,99.120,55.552,29.204,13.913
10.61333,329.337,281.172,236.814,148.440,99.077,55.590,29.215,13.878
10.61667,329.331,281.263,236.861,148.510,99.106,55.521,29.207,13.922
10.62000,329.381,281.332,236.864,148.479,99.141,55.560,29.211,13.871
10.62333,329.441,281.327,236.916,148.549,99.137,55.637,29.277,13.891
10.62667,329.522,281.468,236.981,148.520,99.199,55.525,29.257,13.900
10.63000,329.518,281.435,236.954,148.636,99.247,55.540,29.229,13.928
10.63333,329.649,281.461,237.076,148.604,99.192,55.677,29.314,13.887
10.63667,329.685,281.490,237.149,148.588,99.215,55.626,29.284,13.854
10.64000,329.731,281.564,237.151,148.717,99.230,55.632,29.338,13.905
10.64333,329.694,281.574,237.191,148.745,99.271,55.660,29.296,13.966
10.64667,329.877,281.692,237.253,148.742,99.332,55.649,29.246,13.829
10.65000,329.892,281.740,237.270,148.680,99.274,55.698,29.237,13.958
10.65333,330.042,281.771,237.277,148.773,99.271,55.669,29.312,13.842
10.65667,329.999,281.833,237.333,148.769,99.413,55.608,29.352,13.863
10.66000,330.073,281.893,237.348,148.769,99.362,55.733,29.344,13.961
10.66333,330.128,281.932,237.467,148.877,99.341,55.654,29.349,13.931
10.66667,330.219,281.886,237.527,148.769,99.368,55.684,29.359,13.859
10.67000,330.244,281.967,237.558,148.879,99.394,55.759,29.326,13.947
10.67333,330.256,282.062,237.539,148.912,99.390,55.739,29.356,13.927
10.67667,330.370,282.109,237.558,148.984,99.410,55.756,29.336,13.917
10.68000,330.384,282.155,237.564,148.967,99.459,55.654,29.387,13.923
10.68333,330.451,282.192,237.633,148.992,99.429,55.771,29.350,13.959
10.68667,330.539,282.158,237.746,149.031,99.461,55.773,29.399,13.884
10.69000,330.625,282.265,237.758,149.038,99.448,55.743,29.315,13.920
10.69333,330.509,282.351,237.788,149.057,99.511,55.741,29.356,13.935
10.69667,330.658,282.378,237.829,149.048,99.538,55.854,29.331,13.897
10.70000,330.644,282.401,237.859,149.049,99.539,55.832,29.347,13.906
10.70333,330.728,282.486,237.908,149.207,99.535,55.774,29.378,13.934
10.70667,330.804,282.545,237.864,149.127,99.498,55.799,29.347,13.935
10.71000,330.864,282.569,237.946,149.162,99.554,55.840,29.362,13.891
10.71333,330.900,282.567,238.054,149.199,99.571,55.797,29.365,13.898
10.71667,330.992,282.627,238.094,149.246,99.667,55.870,29.361,13.922
10.72000,331.012,282.679,238.055,149.230,99.671,55.875,29.359,13.988
10.72333,331.062,282.707,238.076,149.219,99.656,55.886,29.401,13.935
10.72667,331.106,282.701,238.205,149.240,99.687,55.864,29.401,13.892
10.73000,331.191,282.832,238.119,149.373,99.728,55.857,29.466,13.958
10.73333,331.236,282.838,238.221,149.389,99.695,55.915,29.369,13.981
10.73667,331.279,282.898,238.258,149.331,99.702,55.867,29.414,13.957
10.74000,331.336,283.003,238.324,149.354,99.754,55.956,29.423,13.910
10.74333,331.338,282.961,238.249,149.444,99.769,55.921,29.412,13.954
10.74667,331.428,283.120,238.392,149.422,99.780,55.958,29.503,13.930
10.75000,331.426,283.062,238.400,149.477,99.763,55.965,29.424,13.886
10.75333,331.484,283.169,238.498,149.468,99.831,55.964,29.431,13.994
10.75667,331.650,283.166,238.432,149.441,99.807,55.957,29.446,13.951
10.76000,331.602,283.213,238.516,149.549,99.882,55.955,29.456,13.958
10.76333,331.621,283.223,238.525,149.547,99.776,55.958,29.472,14.000
10.76667,331.757,283.263,238.621,149.551,99.928,55.979,29.481,14.015
10.77000,331.803,283.331,238.616,149.633,99.892,55.992,29.387,14.007
10.77333,331.821,283.390,238.661,149.585,99.922,56.016,29.492,13.970
10.77667,331.856,283.455,238.722,149.632,99.911,55.992,29.450,13.991
10.78000,331.951,283.416,238.716,149.678,99.853,56.038,29.517,14.032
10.78333,332.015,283.411,238.811,149.665,99.935,56.017,29.460,14.074
10.78667,332.059,283.490,238.845,149.739,99.937,56.060,29.505,14.010
10.79000,332.008,283.620,238.790,149.698,99.947,56.051,29.477,13.997
10.79333,332.157,283.668,238.852,149.763,99.978,55.991,29.538,14.014
10.79667,332.212,283.683,238.983,149.745,99.960,56.121,29.469,13.995
10.80000,332.231,283.716,238.891,149.780,100.006,56.119,29.491,14.030
10.80333,332.235,283.808,238.993,149.762,99.992,56.091,29.566,13.990
10.80667,332.383,283.805,238.997,149.857,100.016,56.037,29.494,14.015
10.81000,332.347,283.828,239.034,149.803,100.114,56.051,29.542,14.047
10.81333,332.364,283.852,239.076,149.902,100.050,56.140,29.512,14.005
10.81667,332.415,283.893,239.125,149.865,100.113,56.073,29.515,13.940
10.82000,332.521,283.947,239.174,149.946,100.084,56.120,29.505,14.024
10.82333,332.607,283.986,239.235,149.954,100.105,56.119,29.477,13.969
10.82667,332.602,284.048,239.205,149.976,100.146,56.161,29.516,14.036
10.83000,332.701,284.061,239.255,150.007,100.147,56.197,29.548,13.973
10.83333,332.704,284.107,239.248,150.029,100.153,56.162,29.525,14.029
10.83667,332.702,284.218,239.268,150.001,100.176,56.098,29.502,13.977
10.84000,332.838,284.240,239.303,150.074,100.182,56.140,29.524,14.020
10.84333,332.843,284.177,239.327,150.036,100.137,56.194,29.522,13.912
10.84667,332.869,284.308,239.411,150.142,100.217,56.247,29.550,14.012
10.85000,332.891,284.296,239.465,150.197,100.198,56.188,29.516,13.978
10.85333,332.971,284.414,239.558,150.167,100.207,56.245,29.536,13.994
10.85667,333.004,284.417,239.534,150.157,100.274,56.199,29.580,14.054
10.86000,333.071,284.525,239.580,150.117,100.207,56.190,29.571,14.025
10.86333,333.061,284.416,239.604,150.219,100.302,56.198,29.557,14.024
10.86667,333.229,284.451,239.624,150.265,100.248,56.231,29.589,14.007
10.87000,333.220,284.518,239.614,150.252,100.252,56.150,29.651,14.094
10.87333,333.272,284.572,239.603,150.229,100.280,56.234,29.628,14.125
10.87667,333.267,284.661,239.728,150.312,100.265,56.300,29.607,14.000
10.88000,333.365,284.648,239.700,150.274,100.355,56.299,29.610,14.047
10.88333,333.368,284.764,239.751,150.327,100.329,56.320,29.690,14.032
10.88667,333.440,284.726,239.789,150.327,100.346,56.267,29.609,13.947
10.89000,333.409,284.747,239.836,150.343,100.373,56.238,29.579,13.969
10.89333,333.518,284.873,239.918,150.379,100.397,56.287,29.641,14.043
10.89667,333.545,284.902,239.911,150.431,100.390,56.307,29.651,14.122
10.90000,333.597,284.802,239.961,150.423,100.377,56.288,29.640,14.022
10.90333,333.618,284.917,239.904,150.465,100.479,56.298,29.636,14.017
10.90667,333.744,284.963,240.066,150.394,100.393,56.303,29.630,14.035
10.91000,333.764,284.994,240.067,150.471,100.494,56.307,29.680,13.983
10.91333,333.783,285.006,240.080,150.447,100.485,56.315,29.665,14.062
10.91667,333.838,285.151,240.060,150.485,100.476,56.334,29.661,14.027
10.92000,333.862,285.085,240.134,150.536,100.561,56.314,29.625,13.999
10.92333,333.870,285.151,240.170,150.586,100.579,56.436,29.646,14.018
10.92667,333.951,285.175,240.237,150.562,100.577,56.298,29.630,14.038
10.93000,334.021,285.195,240.293,150.623,100.591,56.336,29.585,14.043
10.93333,334.027,285.342,240.246,150.658,100.618,56.391,29.686,14.047
10.93667,334.088,285.314,240.310,150.637,100.590,56.458,29.675,14.089
10.94000,334.153,285.378,240.299,150.674,100.604,56.352,29.667,14.081
10.94333,334.227,285.358,240.351,150.667,100.656,56.448,29.692,14.065
10.94667,334.233,285.441,240.416,150.683,100.539,56.349,29.684,14.074
10.95000,334.258,285.484,240.472,150.742,100.652,56.433,29.734,14.101
10.95333,334.299,285.516,240.493,150.747,100.640,56.417,29.731,14.070
10.95667,334.401,285.542,240.474,150.820,100.633,56.415,29.707,14.077
10.96000,334.355,285.542,240.518,150.786,100.600,56.408,29.754,14.104
10.96333,334.446,285.579,240.531,150.840,100.675,56.461,29.707,14.047
10.96667,334.484,285.658,240.590,150.788,100.654,56.419,29.661,14.081
10.97000,334.478,285.683,240.655,150.819,100.727,56.382,29.719,14.050
10.97333,334.563,285.789,240.590,150.822,100.727,56.482,29.721,14.085
10.97667,334.618,285.682,240.637,150.891,100.704,56.476,29.668,14.117
10.98000,334.629,285.736,240.729,150.859,100.666,56.486,29.775,14.090
10.98333,334.689,285.848,240.708,150.877,100.794,56.497,29.720,14.089
10.98667,334.744,285.822,240.773,150.886,100.723,56.484,29.648,14.034
10.99000,334.755,285.885,240.835,150.840,100.800,56.438,29.792,14.089
10.99333,334.805,285.946,240.786,150.960,100.798,56.520,29.723,14.173
10.99667,334.893,285.965,240.814,150.976,100.906,56.412,29.693,14.046
11.00000,334.840,285.953,240.876,150.945,100.774,56.548,29.703,14.073
11.00333,334.935,286.018,240.863,150.991,100.843,56.533,29.725,14.101
11.00667,334.983,285.999,240.916,150.984,100.828,56.529,29.797,14.079
11.01000,334.981,286.081,240.896,151.097,100.835,56.511,29.701,14.110
11.01333,335.031,286.129,240.986,151.072,100.831,56.512,29.693,14.149
11.01667,335.092,286.181,240.987,151.132,100.868,56.542,29.785,14.109
11.02000,335.187,286.150,241.060,151.114,100.917,56.549,29.741,14.139
11.02333,335.110,286.215,241.079,151.181,100.926,56.517,29.808,14.112
11.02667,335.202,286.258,241.115,151.221,100.922,56.565,29.750,14.122
11.03000,335.218,286.228,241.085,151.144,100.917,56.585,29.826,14.225
11.03333,335.289,286.352,241.216,151.152,100.922,56.612,29.775,14.132
11.03667,335.277,286.339,241.125,151.267,100.916,56.642,29.882,14.101
11.04000,335.393,286.404,241.174,151.248,100.962,56.604,29.764,14.094
11.04333,335.420,286.403,241.235,151.231,101.005,56.633,29.798,14.111
11.04667,335.410,286.442,241.281,151.283,100.956,56.584,29.825,14.094
11.05000,335.420,286.513,241.352,151.223,101.002,56.592,29.853,14.055
11.05333,335.548,286.483,241.319,151.325,100.980,56.610,29.801,14.151
11.05667,335.553,286.573,241.360,151.325,100.947,56.626,29.749,14.182
11.06000,335.646,286.593,241.335,151.313,100.983,56.638,29.779,14.156
11.06333,335.563,286.591,241.389,151.274,101.067,56.596,29.919,14.052
11.06667,335.720,286.643,241.447,151.381,101.122,56.658,29.786,14.183
11.07000,335.708,286.700,241.511,151.395,100.980,56.705,29.825,14.132
11.07333,335.692,286.735,241.501,151.427,101.118,56.679,29.866,14.171
11.07667,335.755,286.738,241.531,151.432,101.057,56.653,29.786,14.154
11.08000,335.779,286.787,241.552,151.454,101.159,56.703,29.818,14.152
11.08333,335.811,286.835,241.618,151.465,101.123,56.679,29.823,14.122
11.08667,335.894,286.899,241.587,151.406,101.132,56.664,29.804,14.143
11.09000,335.886,286.966,241.656,151.428,101.095,56.695,29.823,14.156
11.09333,335.970,286.892,241.696,151.525,101.128,56.693,29.869,14.118
11.09667,336.018,286.959,241.672,151.485,101.170,56.712,29.852,14.204
11.10000,336.093,286.952,241.695,151.533,101.229,56.749,29.790,14.084
11.10333,336.062,286.996,241.797,151.574,101.206,56.738,29.842,14.135
11.10667,336.122,287.048,241.743,151.639,101.215,56.758,29.894,14.168
11.11000,336.206,287.069,241.747,151.579,101.202,56.735,29.889,14.132
11.11333,336.175,287.144,241.791,151.612,101.205,56.711,29.866,14.141
11.11667,336.177,287.080,241.845,151.528,101.180,56.744,29.877,14.210
11.12000,336.255,287.184,241.849,151.637,101.263,56.800,29.871,14.168
11.12333,336.250,287.189,241.878,151.663,101.246,56.732,29.882,14.158
11.12667,336.294,287.269,241.892,151.696,101.273,56.760,29.855,14.219
11.13000,336.373,287.267,241.905,151.724,101.341,56.750,29.857,14.139
11.13333,336.361,287.331,241.966,151.649,101.320,56.796,29.853,14.130
11.13667,336.417,287.368,241.958,151.700,101.304,56.731,29.846,14.171
11.14000,336.466,287.254,241.984,151.751,101.340,56.850,29.923,14.110
11.14333,336.447,287.400,242.020,151.707,101.344,56.800,29.832,14.162
11.14667,336.501,287.444,242.045,151.695,101.301,56.823,29.935,14.147
11.15000,336.553,287.429,242.124,151.746,101.341,56.820,29.898,14.170
11.15333,336.661,287.471,242.121,151.739,101.413,56.815,29.921,14.206
11.15667,336.638,287.496,242.219,151.823,101.383,56.801,29.874,14.191
11.16000,336.701,287.530,242.142,151.841,101.376,56.779,29.912,14.149
11.16333,336.705,287.563,242.217,151.861,101.363,56.808,29.890,14.130
11.16667,336.811,287.640,242.220,151.855,101.401,56.819,29.950,14.216
11.17000,336.785,287.565,242.238,151.902,101.415,56.871,29.925,14.172
11.17333,336.782,287.678,242.320,151.865,101.409,56.857,29.842,14.208
11.17667,336.874,287.662,242.266,151.907,101.444,56.821,29.950,14.139
11.18000,336.829,287.659,242.374,151.913,101.421,56.838,29.882,14.202
11.18333,336.918,287.698,242.335,151.896,101.437,56.878,29.980,14.214
11.18667,336.989,287.836,242.406,151.949,101.423,56.800,30.005,14.162
11.19000,337.035,287.746,242.394,151.967,101.477,56.881,29.940,14.188
11.19333,337.011,287.888,242.408,152.034,101.516,56.829,29.934,14.207
11.19667,337.106,287.861,242.452,152.051,101.498,56.809,29.989,14.158
11.20000,337.163,287.796,242.477,151.992,101.449,56.898,29.909,14.190
11.20333,337.148,287.907,242.506,152.068,101.480,56.890,29.959,14.162
11.20667,337.163,287.933,242.525,152.098,101.528,56.874,29.986,14.232
11.21000,337.218,287.977,242.573,152.087,101.498,56.874,29.965,14.201
11.21333,337.253,287.966,242.529,152.087,101.554,56.921,29.925,14.224
11.21667,337.234,287.986,242.610,152.113,101.566,56.864,29.960,14.175
11.22000,337.258,288.074,242.634,152.120,101.529,56.949,29.939,14.194
11.22333,337.313,288.142,242.674,152.132,101.598,56.934,29.960,14.194
11.22667,337.348,288.108,242.636,152.149,101.585,56.959,29.937,14.250
11.23000,337.367,288.219,242.635,152.163,101.579,56.933,30.001,14.163
11.23333,337.427,288.235,242.700,152.159,101.525,56.946,29.992,14.200
11.23667,337.488,288.197,242.760,152.148,101.646,56.947,29.995,14.213
11.24000,337.493,288.229,242.750,152.235,101.614,56.985,29.995,14.195
11.24333,337.545,288.254,242.822,152.152,101.627,56.936,29.922,14.229
11.24667,337.541,288.233,242.805,152.268,101.576,56.915,29.979,14.199
11.25000,337.503,288.319,242.847,152.251,101.636,56.926,29.977,14.192
11.25333,337.588,288.372,242.866,152.222,101.706,56.961,30.037,14.214
11.25667,337.642,288.422,242.929,152.263,101.695,56.951,30.017,14.255
11.26000,337.650,288.318,242.905,152.315,101.627,56.989,30.024,14.212
11.26333,337.664,288.387,242.911,152.301,101.677,57.009,30.049,14.226
11.26667,337.729,288.385,242.892,152.310,101.637,57.039,29.970,14.196
11.27000,337.787,288.447,242.926,152.300,101.692,57.007,29.969,14.214
11.27333,337.770,288.545,243.014,152.325,101.688,57.006,29.997,14.232
11.27667,337.904,288.558,243.055,152.350,101.713,57.038,29.988,14.323
11.28000,337.760,288.572,242.994,152.374,101.731,57.042,30.001,14.173
11.28333,337.937,288.561,243.077,152.409,101.702,56.982,30.111,14.215
11.28667,337.931,288.644,243.136,152.396,101.746,57.054,30.011,14.239
11.29000,337.944,288.633,243.078,152.404,101.753,57.011,30.008,14.302
11.29333,337.993,288.704,243.115,152.394,101.702,57.113,30.057,14.261
11.29667,338.021,288.603,243.202,152.421,101.739,57.015,30.012,14.229
11.30000,338.136,288.730,243.229,152.418,101.759,57.075,30.046,14.251
11.30333,338.044,288.823,243.247,152.450,101.811,57.092,30.074,14.228
11.30667,338.119,288.721,243.254,152.473,101.795,57.024,30.014,14.236
11.31000,338.170,288.800,243.187,152.521,101.774,56.984,30.060,14.213
11.31333,338.158,288.837,243.239,152.487,101.830,57.061,30.075,14.241
11.31667,338.211,288.868,243.241,152.543,101.876,57.072,30.037,14.235
11.32000,338.229,288.939,243.299,152.535,101.825,57.081,30.047,14.199
11.32333,338.362,288.924,243.355,152.531,101.800,57.034,30.050,14.257
11.32667,338.364,288.893,243.421,152.561,101.852,57.065,30.067,14.238
11.33000,338.280,288.974,243.345,152.563,101.830,57.074,30.118,14.277
11.33333,338.328,288.932,243.424,152.589,101.878,57.125,30.109,14.317
11.33667,338.393,289.010,243.433,152.660,101.854,57.153,29.990,14.208
11.34000,338.412,289.028,243.424,152.621,101.964,57.065,30.017,14.266
11.34333,338.475,289.097,243.538,152.608,101.915,57.122,30.103,14.244
11.34667,338.519,289.160,243.449,152.654,101.895,57.129,30.059,14.251
11.35000,338.560,289.056,243.542,152.714,101.933,57.109,30.061,14.238
11.35333,338.447,289.167,243.560,152.671,101.955,57.120,30.063,14.233
11.35667,338.542,289.120,243.521,152.714,101.911,57.142,30.049,14.255
11.36000,338.638,289.244,243.615,152.694,101.922,57.191,30.087,14.251
11.36333,338.608,289.153,243.616,152.764,102.004,57.152,30.024,14.174
11.36667,338.649,289.227,243.615,152.809,101.963,57.156,30.090,14.272
11.37000,338.690,289.256,243.608,152.736,102.006,57.162,30.072,14.248
11.37333,338.662,289.225,243.659,152.810,101.982,57.214,30.133,14.234
11.37667,338.672,289.325,243.650,152.749,102.027,57.148,30.153,14.230
11.38000,338.833,289.281,243.654,152.712,101.994,57.228,30.128,14.262
11.38333,338.768,289.392,243.754,152.827,101.992,57.208,30.095,14.293
11.38667,338.833,289.347,243.698,152.882,102.053,57.228,30.058,14.222
11.39000,338.859,289.387,243.707,152.760,102.050,57.172,30.088,14.252
11.39333,338.862,289.378,243.733,152.789,101.991,57.153,30.079,14.340
11.39667,338.914,289.533,243.754,152.804,102.039,57.210,30.159,14.262
11.40000,338.925,289.453,243.798,152.850,102.094,57.171,30.102,14.290
11.40333,338.947,289.555,243.796,152.822,102.098,57.204,30.065,14.272
11.40667,338.975,289.590,243.857,152.929,102.062,57.181,30.177,14.306
11.41000,339.022,289.544,243.786,152.879,102.056,57.245,30.086,14.259
11.41333,339.072,289.557,243.946,152.929,102.099,57.166,30.072,14.258
11.41667,339.081,289.590,243.882,152.908,102.173,57.222,30.111,14.298
11.42000,339.084,289.582,243.907,152.916,102.114,57.275,30.135,14.278
11.42333,339.134,289.621,243.937,152.939,102.114,57.210,30.144,14.306
11.42667,339.137,289.604,243.961,152.936,102.154,57.248,30.117,14.282
11.43000,339.181,289.666,243.984,152.954,102.169,57.281,30.122,14.216
11.43333,339.194,289.706,243.987,153.033,102.091,57.286,30.143,14.213
11.43667,339.215,289.728,244.003,152.981,102.132,57.234,30.189,14.298
11.44000,339.256,289.749,244.004,153.036,102.155,57.257,30.087,14.288
11.44333,339.350,289.779,244.091,153.007,102.161,57.240,30.107,14.295
11.44667,339.375,289.833,244.011,152.991,102.130,57.269,30.152,14.251
11.45000,339.360,289.728,244.057,153.095,102.198,57.268,30.074,14.298
11.45333,339.413,289.889,244.095,153.005,102.143,57.266,30.186,14.279
11.45667,339.397,289.904,244.142,153.037,102.200,57.227,30.158,14.319
11.46000,339.489,289.911,244.154,153.050,102.188,57.294,30.199,14.292
11.46333,339.469,289.900,244.175,153.058,102.209,57.267,30.176,14.285
11.46667,339.512,289.973,244.176,153.121,102.244,57.290,30.187,14.329
11.47000,339.536,289.948,244.249,153.135,102.205,57.249,30.176,14.367
11.47333,339.531,289.968,244.297,153.123,102.122,57.271,30.213,14.238
11.47667,339.563,290.001,244.231,153.119,102.263,57.281,30.187,14.286
11.48000,339.579,290.055,244.215,153.087,102.269,57.305,30.123,14.281
11.48333,339.599,290.065,244.333,153.193,102.244,57.291,30.117,14.326
11.48667,339.640,290.012,244.325,153.175,102.315,57.304,30.161,14.275
11.49000,339.742,290.054,244.335,153.174,102.293,57.287,30.159,14.299
11.49333,339.630,290.150,244.358,153.160,102.350,57.275,30.260,14.298
11.49667,339.696,290.076,244.394,153.190,102.323,57.347,30.171,14.299
11.50000,339.685,290.183,244.363,153.237,102.344,57.292,30.203,14.321
11.50333,339.721,290.206,244.436,153.251,102.319,57.353,30.191,14.273
11.50667,339.742,290.224,244.316,153.244,102.288,57.343,30.219,14.288
11.51000,339.806,290.189,244.395,153.179,102.300,57.370,30.251,14.301
11.51333,339.854,290.199,244.490,153.196,102.291,57.334,30.106,14.370
11.51667,339.886,290.322,244.415,153.256,102.340,57.353,30.258,14.275
11.52000,339.807,290.239,244.568,153.253,102.398,57.350,30.178,14.317
11.52333,339.901,290.342,244.497,153.364,102.297,57.292,30.184,14.310
11.52667,339.922,290.315,244.500,153.290,102.323,57.396,30.228,14.280
11.53000,339.967,290.328,244.549,153.309,102.385,57.332,30.213,14.265
11.53333,340.065,290.335,244.574,153.249,102.412,57.316,30.208,14.325
11.53667,339.960,290.387,244.632,153.368,102.351,57.436,30.183,14.328
11.54000,340.039,290.364,244.582,153.339,102.365,57.409,30.193,14.306
11.54333,340.011,290.432,244.609,153.328,102.378,57.402,30.265,14.329
11.54667,340.067,290.470,244.656,153.442,102.436,57.428,30.231,14.319
11.55000,340.141,290.469,244.671,153.334,102.446,57.412,30.194,14.301
11.55333,340.164,290.481,244.619,153.345,102.371,57.355,30.224,14.322
11.55667,340.099,290.485,244.681,153.396,102.424,57.418,30.228,14.310
11.56000,340.130,290.534,244.708,153.444,102.462,57.391,30.199,14.316
11.56333,340.270,290.590,244.738,153.488,102.455,57.385,30.253,14.362
11.56667,340.193,290.644,244.682,153.480,102.432,57.391,30.259,14.322
11.57000,340.279,290.577,244.711,153.477,102.466,57.408,30.226,14.318
11.57333,340.216,290.618,244.760,153.492,102.436,57.354,30.248,14.368
11.57667,340.283,290.636,244.788,153.483,102.475,57.429,30.268,14.289
11.58000,340.362,290.706,244.817,153.476,102.508,57.400,30.329,14.332
11.58333,340.318,290.713,244.781,153.461,102.465,57.454,30.275,14.360
11.58667,340.411,290.678,244.885,153.571,102.539,57.357,30.242,14.271
11.59000,340.386,290.688,244.866,153.512,102.468,57.486,30.220,14.332
11.59333,340.415,290.696,244.872,153.509,102.467,57.491,30.238,14.369
11.59667,340.451,290.760,244.944,153.557,102.495,57.480,30.236,14.279
11.60000,340.475,290.707,244.882,153.545,102.552,57.377,30.268,14.356
11.60333,340.529,290.781,244.934,153.590,102.552,57.401,30.273,14.358
11.60667,340.508,290.814,244.969,153.585,102.516,57.446,30.210,14.304
11.61000,340.512,290.842,244.998,153.603,102.553,57.400,30.223,14.316
11.61333,340.563,290.788,245.010,153.584,102.508,57.434,30.214,14.387
11.61667,340.578,290.907,244.995,153.596,102.565,57.533,30.288,14.349
11.62000,340.556,290.937,244.939,153.654,102.556,57.416,30.260,14.322
11.62333,340.641,290.915,245.002,153.598,102.612,57.521,30.220,14.297
11.62667,340.627,290.911,245.104,153.610,102.590,57.498,30.299,14.329
11.63000,340.616,290.987,245.137,153.647,102.533,57.444,30.267,14.269
11.63333,340.752,290.949,245.143,153.722,102.574,57.470,30.263,14.365
11.63667,340.707,290.988,245.017,153.737,102.636,57.520,30.252,14.382
11.64000,340.732,290.959,245.174,153.638,102.623,57.488,30.306,14.322
11.64333,340.739,291.075,245.139,153.706,102.571,57.490,30.301,14.306
11.64667,340.759,291.058,245.157,153.676,102.572,57.553,30.301,14.357
11.65000,340.874,291.096,245.148,153.707,102.578,57.476,30.267,14.403
11.65333,340.800,291.046,245.171,153.675,102.609,57.552,30.272,14.357
11.65667,340.832,291.123,245.188,153.666,102.621,57.548,30.270,14.380
11.66000,340.815,291.111,245.173,153.754,102.664,57.419,30.338,14.335
11.66333,340.835,291.120,245.207,153.743,102.593,57.523,30.289,14.345
11.66667,340.921,291.166,245.212,153.730,102.701,57.529,30.308,14.386
11.67000,340.938,291.193,245.300,153.836,102.651,57.536,30.321,14.360
11.67333,340.998,291.225,245.227,153.772,102.634,57.499,30.252,14.349
11.67667,340.985,291.240,245.276,153.769,102.702,57.523,30.285,14.353
11.68000,340.950,291.216,245.321,153.782,102.652,57.569,30.246,14.377
11.68333,341.026,291.182,245.340,153.791,102.665,57.538,30.267,14.333
11.68667,341.038,291.296,245.396,153.769,102.692,57.541,30.312,14.328
11.69000,341.096,291.362,245.384,153.821,102.718,57.570,30.354,14.360
11.69333,340.960,291.252,245.336,153.835,102.669,57.539,30.353,14.413
11.69667,341.098,291.360,245.354,153.886,102.676,57.598,30.318,14.350
11.70000,341.158,291.398,245.395,153.813,102.740,57.580,30.251,14.336
11.70333,341.129,291.380,245.389,153.868,102.708,57.581,30.378,14.430
11.70667,341.181,291.391,245.425,153.844,102.710,57.597,30.355,14.360
11.71000,341.155,291.409,245.450,153.867,102.719,57.643,30.345,14.400
11.71333,341.242,291.432,245.416,153.909,102.722,57.638,30.308,14.349
11.71667,341.268,291.433,245.482,153.849,102.753,57.499,30.354,14.350
11.72000,341.205,291.441,245.467,153.964,102.808,57.562,30.314,14.371
11.72333,341.202,291.542,245.543,153.971,102.759,57.569,30.303,14.339
11.72667,341.322,291.446,245.519,153.977,102.763,57.600,30.343,14.351
11.73000,341.357,291.495,245.517,153.970,102.693,57.677,30.368,14.308
11.73333,341.366,291.505,245.508,153.981,102.755,57.552,30.362,14.394
11.73667,341.348,291.541,245.548,153.949,102.864,57.617,30.351,14.320
11.74000,341.364,291.590,245.540,153.952,102.783,57.600,30.309,14.464
11.74333,341.326,291.554,245.595,153.954,102.816,57.611,30.353,14.362
11.74667,341.345,291.624,245.610,153.983,102.803,57.654,30.330,14.353
11.75000,341.388,291.596,245.576,153.974,102.815,57.572,30.324,14.367
11.75333,341.445,291.635,245.651,154.003,102.837,57.599,30.365,14.362
11.75667,341.448,291.658,245.631,153.980,102.847,57.578,30.370,14.343
11.76000,341.499,291.743,245.617,153.984,102.840,57.640,30.314,14.420
11.76333,341.524,291.743,245.728,154.042,102.878,57.604,30.360,14.414
11.76667,341.568,291.673,245.659,154.047,102.831,57.622,30.364,14.359
11.77000,341.504,291.695,245.698,154.024,102.868,57.646,30.346,14.380
11.77333,341.592,291.749,245.665,154.057,102.775,57.657,30.366,14.389
11.77667,341.514,291.747,245.659,154.030,102.822,57.665,30.373,14.359
11.78000,341.597,291.764,245.742,154.090,102.883,57.578,30.354,14.331
11.78333,341.638,291.800,245.683,154.081,102.949,57.628,30.357,14.387
11.78667,341.636,291.766,245.686,154.105,102.876,57.657,30.410,14.352
11.79000,341.695,291.897,245.796,154.079,102.916,57.641,30.323,14.430
11.79333,341.692,291.813,245.781,154.101,102.844,57.547,30.373,14.349
11.79667,341.727,291.841,245.801,154.097,102.861,57.625,30.376,14.354
11.80000,341.680,291.873,245.779,154.075,102.938,57.648,30.384,14.406
11.80333,341.675,291.902,245.873,154.113,102.901,57.607,30.389,14.404
11.80667,341.790,291.843,245.907,154.182,102.972,57.679,30.356,14.408
11.81000,341.773,291.881,245.841,154.195,102.924,57.617,30.386,14.421
11.81333,341.732,291.970,245.845,154.119,102.926,57.700,30.405,14.371
11.81667,341.819,291.916,245.919,154.140,102.890,57.707,30.381,14.413
11.82000,341.846,291.970,245.973,154.142,102.983,57.696,30.363,14.365
11.82333,341.835,291.934,245.946,154.122,102.942,57.688,30.382,14.380
11.82667,341.927,291.941,245.856,154.116,102.922,57.698,30.379,14.378
11.83000,341.859,292.016,245.962,154.174,102.900,57.662,30.379,14.433
11.83333,341.895,292.011,245.951,154.224,102.935,57.701,30.379,14.412
11.83667,341.901,292.048,245.966,154.219,102.927,57.710,30.366,14.410
11.84000,341.987,292.062,246.030,154.176,102.973,57.667,30.389,14.438
11.84333,341.905,292.119,245.975,154.207,102.931,57.751,30.347,14.343
11.84667,341.985,292.124,245.958,154.264,102.950,57.727,30.453,14.369
11.85000,341.937,292.046,245.993,154.269,102.959,57.682,30.372,14.409
11.85333,341.977,292.137,245.996,154.222,102.967,57.691,30.435,14.352
11.85667,342.012,292.138,246.061,154.241,103.066,57.713,30.408,14.409
11.86000,342.016,292.155,246.074,154.257,102.995,57.726,30.482,14.376
11.86333,342.079,292.140,246.063,154.333,103.010,57.755,30.426,14.371
11.86667,342.110,292.135,246.081,154.334,102.975,57.733,30.447,14.363
11.87000,342.066,292.219,246.079,154.307,103.030,57.728,30.382,14.353
11.87333,342.153,292.181,246.155,154.324,103.030,57.770,30.446,14.491
11.87667,342.059,292.158,246.099,154.271,103.065,57.751,30.394,14.367
11.88000,342.179,292.231,246.092,154.258,103.022,57.695,30.368,14.372
11.88333,342.163,292.222,246.199,154.360,103.009,57.744,30.419,14.370
11.88667,342.131,292.247,246.140,154.326,103.004,57.771,30.383,14.401
11.89000,342.218,292.281,246.184,154.291,103.025,57.747,30.354,14.415
11.89333,342.237,292.230,246.166,154.394,103.065,57.728,30.404,14.377
11.89667,342.228,292.288,246.164,154.375,103.129,57.753,30.453,14.457
11.90000,342.215,292.351,246.193,154.372,103.138,57.695,30.403,14.398
11.90333,342.243,292.318,246.223,154.317,103.112,57.766,30.440,14.391
11.90667,342.247,292.378,246.284,154.392,103.049,57.726,30.399,14.436
11.91000,342.290,292.341,246.248,154.378,103.122,57.751,30.477,14.379
11.91333,342.347,292.352,246.265,154.395,103.065,57.756,30.425,14.396
11.91667,342.332,292.455,246.282,154.384,103.091,57.768,30.364,14.404
11.92000,342.342,292.403,246.288,154.367,103.079,57.817,30.386,14.447
11.92333,342.483,292.398,246.376,154.405,103.076,57.754,30.441,14.420
11.92667,342.397,292.472,246.395,154.427,103.081,57.755,30.511,14.401
11.93000,342.424,292.444,246.318,154.475,103.109,57.790,30.406,14.475
11.93333,342.411,292.400,246.308,154.456,103.122,57.798,30.386,14.431
11.93667,342.461,292.412,246.315,154.420,103.130,57.804,30.479,14.433
11.94000,342.458,292.426,246.368,154.445,103.106,57.761,30.462,14.386
11.94333,342.483,292.481,246.385,154.436,103.076,57.766,30.463,14.375
11.94667,342.468,292.531,246.407,154.461,103.161,57.862,30.477,14.440
11.95000,342.530,292.542,246.358,154.482,103.116,57.811,30.436,14.413
11.95333,342.573,292.472,246.405,154.531,103.205,57.783,30.460,14.359
11.95667,342.534,292.573,246.416,154.590,103.147,57.851,30.454,14.483
11.96000,342.544,292.563,246.380,154.564,103.176,57.822,30.461,14.380
11.96333,342.579,292.560,246.447,154.487,103.167,57.789,30.442,14.487
11.96667,342.613,292.630,246.453,154.573,103.108,57.768,30.511,14.371
11.97000,342.599,292.649,246.452,154.505,103.202,57.797,30.465,14.448
11.97333,342.623,292.662,246.554,154.610,103.152,57.828,30.496,14.394
11.97667,342.638,292.657,246.498,154.564,103.146,57.821,30.485,14.471
11.98000,342.661,292.560,246.532,154.526,103.203,57.818,30.510,14.467
11.98333,342.656,292.688,246.566,154.557,103.168,57.881,30.476,14.435
11.98667,342.689,292.762,246.524,154.538,103.198,57.802,30.426,14.353
11.99000,342.663,292.727,246.569,154.539,103.222,57.825,30.480,14.382
11.99333,342.689,292.715,246.527,154.525,103.185,57.736,30.499,14.492
11.99667,342.700,292.763,246.484,154.569,103.214,57.804,30.448,14.431
12.00000,342.706,292.688,246.539,154.679,103.221,57.941,30.469,14.410
