time_min,A246_mAU,A254_mAU,A261_mAU,A273_mAU,A290_mAU,A324_mAU,A350_mAU,A445_mAU
0.00000,31.171,26.429,22.855,13.510,10.206,5.099,3.180,1.049
0.00333,31.162,26.411,22.829,13.549,10.224,5.028,3.191,1.079
0.00667,31.218,26.409,22.876,13.569,10.255,5.094,3.168,1.017
0.01000,31.201,26.494,22.838,13.549,10.226,5.065,3.114,1.034
0.01333,31.254,26.531,22.971,13.592,10.229,5.072,3.166,1.002
0.01667,31.296,26.442,22.950,13.579,10.202,5.053,3.170,1.154
0.02000,31.301,26.546,22.934,13.580,10.254,5.148,3.162,1.014
0.02333,31.364,26.531,22.961,13.598,10.277,5.075,3.113,1.074
0.02667,31.306,26.522,22.822,13.614,10.253,5.090,3.124,1.032
0.03000,31.451,26.579,22.979,13.681,10.281,5.044,3.176,1.038
0.03333,31.405,26.619,22.979,13.625,10.254,5.042,3.123,1.023
0.03667,31.419,26.702,23.021,13.590,10.268,5.137,3.166,1.073
0.04000,31.423,26.635,23.009,13.656,10.299,5.149,3.121,1.049
0.04333,31.459,26.658,22.956,13.695,10.312,5.089,3.183,1.023
0.04667,31.530,26.650,23.050,13.667,10.360,5.141,3.155,1.048
0.05000,31.507,26.757,23.037,13.728,10.288,5.097,3.159,1.066
0.05333,31.523,26.657,23.055,13.664,10.299,5.053,3.185,1.036
0.05667,31.588,26.701,23.070,13.697,10.304,5.171,3.213,1.098
0.06000,31.588,26.772,23.124,13.730,10.321,5.170,3.168,1.086
0.06333,31.639,26.758,23.078,13.750,10.320,5.153,3.221,1.050
0.06667,31.634,26.750,23.080,13.767,10.377,5.094,3.148,1.022
0.07000,31.641,26.822,23.188,13.745,10.404,5.121,3.230,1.031
0.07333,31.682,26.868,23.229,13.805,10.389,5.091,3.194,1.090
0.07667,31.614,26.888,23.196,13.768,10.394,5.084,3.174,1.025
0.08000,31.716,26.917,23.250,13.842,10.420,5.172,3.120,1.068
0.08333,31.765,26.907,23.277,13.868,10.433,5.185,3.228,1.031
0.08667,31.798,26.895,23.258,13.841,10.418,5.125,3.179,1.128
0.09000,31.905,26.907,23.321,13.736,10.442,5.178,3.141,1.014
0.09333,31.846,26.937,23.246,13.931,10.372,5.187,3.197,1.073
0.09667,31.858,26.988,23.295,13.816,10.431,5.188,3.216,1.070
0.10000,31.899,27.004,23.347,13.918,10.374,5.202,3.227,1.092
0.10333,31.943,26.988,23.339,13.811,10.428,5.174,3.188,1.080
0.10667,31.901,27.065,23.362,13.951,10.436,5.170,3.245,1.028
0.11000,31.900,27.078,23.368,13.919,10.412,5.204,3.200,1.119
0.11333,31.988,27.066,23.367,13.909,10.459,5.202,3.289,1.085
0.11667,31.998,27.100,23.411,13.909,10.451,5.175,3.146,1.029
0.12000,32.014,27.161,23.415,13.928,10.439,5.176,3.190,0.994
0.12333,31.988,27.175,23.409,13.939,10.518,5.148,3.211,1.038
0.12667,32.043,27.176,23.435,13.913,10.395,5.202,3.231,1.041
0.13000,32.137,27.186,23.499,13.928,10.516,5.221,3.248,1.038
0.13333,32.134,27.255,23.487,13.963,10.520,5.198,3.175,1.042
0.13667,32.157,27.216,23.456,14.021,10.522,5.199,3.198,0.998
0.14000,32.164,27.251,23.530,13.947,10.490,5.193,3.235,1.041
0.14333,32.207,27.203,23.516,13.970,10.601,5.313,3.270,1.046
0.14667,32.166,27.376,23.542,14.039,10.531,5.200,3.192,1.037
0.15000,32.214,27.300,23.574,14.086,10.532,5.320,3.204,0.996
0.15333,32.250,27.330,23.600,14.012,10.549,5.204,3.274,1.116
0.15667,32.333,27.369,23.592,14.052,10.493,5.284,3.239,1.133
0.16000,32.353,27.428,23.661,14.104,10.515,5.229,3.322,1.116
0.16333,32.408,27.402,23.574,14.034,10.567,5.256,3.256,1.056
0.16667,32.362,27.388,23.635,14.076,10.558,5.236,3.221,1.159
0.17000,32.411,27.460,23.663,14.088,10.609,5.261,3.216,1.026
0.17333,32.471,27.452,23.780,14.087,10.564,5.212,3.235,1.105
0.17667,32.474,27.428,23.721,14.093,10.526,5.283,3.239,1.058
0.18000,32.514,27.575,23.760,14.144,10.590,5.253,3.229,1.125
0.18333,32.498,27.477,23.751,14.189,10.641,5.322,3.227,1.078
0.18667,32.519,27.570,23.800,14.166,10.636,5.303,3.287,1.071
0.19000,32.500,27.560,23.767,14.175,10.600,5.266,3.320,1.097
0.19333,32.594,27.625,23.800,14.183,10.617,5.316,3.286,1.016
0.19667,32.590,27.581,23.827,14.168,10.564,5.348,3.297,1.087
0.20000,32.604,27.639,23.879,14.193,10.659,5.280,3.254,1.084
0.20333,32.664,27.638,23.821,14.161,10.643,5.334,3.300,1.029
0.20667,32.661,27.684,23.860,14.170,10.657,5.257,3.222,1.131
0.21000,32.668,27.727,23.934,14.237,10.665,5.305,3.207,1.096
0.21333,32.756,27.743,23.903,14.205,10.648,5.335,3.302,1.090
0.21667,32.703,27.724,24.005,14.271,10.676,5.392,3.277,1.068
0.22000,32.767,27.786,24.016,14.276,10.748,5.308,3.308,1.093
0.22333,32.838,27.781,23.956,14.320,10.768,5.327,3.311,1.083
0.22667,32.794,27.846,23.990,14.220,10.695,5.338,3.260,1.095
0.23000,32.914,27.846,24.012,14.236,10.692,5.324,3.303,1.070
0.23333,32.826,27.808,24.071,14.289,10.682,5.403,3.288,1.068
0.23667,32.893,27.847,24.065,14.343,10.688,5.345,3.314,1.130
0.24000,32.916,27.913,24.031,14.280,10.712,5.356,3.364,1.073
0.24333,32.974,27.924,24.137,14.319,10.758,5.334,3.311,1.112
0.24667,32.940,27.964,24.151,14.361,10.741,5.326,3.300,1.051
0.25000,33.042,27.976,24.146,14.338,10.786,5.314,3.267,1.070
0.25333,33.035,28.011,24.109,14.421,10.770,5.359,3.318,1.094
0.25667,33.089,28.008,24.144,14.344,10.760,5.358,3.313,1.099
0.26000,33.071,28.003,24.187,14.397,10.821,5.396,3.301,1.134
0.26333,33.091,28.047,24.197,14.431,10.761,5.390,3.246,1.139
0.26667,33.164,28.047,24.221,14.383,10.866,5.397,3.318,1.120
0.27000,33.124,28.136,24.310,14.396,10.834,5.363,3.293,1.090
0.27333,33.119,28.177,24.224,14.499,10.771,5.358,3.333,1.131
0.27667,33.176,28.125,24.328,14.474,10.854,5.408,3.361,1.090
0.28000,33.219,28.137,24.305,14.566,10.821,5.429,3.375,1.119
0.28333,33.249,28.226,24.258,14.467,10.826,5.467,3.274,1.061
0.28667,33.349,28.164,24.332,14.487,10.846,5.377,3.327,1.148
0.29000,33.323,28.257,24.357,14.538,10.839,5.435,3.319,1.117
0.29333,33.313,28.229,24.389,14.506,10.886,5.365,3.350,1.130
0.29667,33.401,28.283,24.430,14.561,10.870,5.458,3.358,1.175
0.30000,33.381,28.330,24.372,14.516,10.906,5.417,3.387,1.076
0.30333,33.414,28.300,24.377,14.564,10.865,5.441,3.382,1.065
0.30667,33.361,28.393,24.413,14.561,10.923,5.446,3.339,1.094
0.31000,33.504,28.399,24.449,14.579,10.980,5.407,3.416,1.108
0.31333,33.462,28.402,24.507,14.571,10.899,5.460,3.403,1.076
0.31667,33.519,28.413,24.556,14.627,10.912,5.483,3.237,1.130
0.32000,33.654,28.432,24.554,14.649,10.945,5.412,3.383,1.140
0.32333,33.604,28.481,24.579,14.693,10.860,5.453,3.300,1.113
0.32667,33.612,28.490,24.529,14.610,10.997,5.491,3.355,1.116
0.33000,33.666,28.528,24.518,14.675,10.873,5.458,3.403,1.130
0.33333,33.663,28.559,24.585,14.663,10.982,5.450,3.372,1.129
0.33667,33.699,28.573,24.578,14.716,10.945,5.391,3.325,1.182
0.34000,33.772,28.587,24.648,14.744,10.940,5.362,3.350,1.136
0.34333,33.693,28.618,24.650,14.728,10.985,5.549,3.396,1.137
0.34667,33.831,28.634,24.650,14.672,10.980,5.553,3.371,1.145
0.35000,33.862,28.577,24.713,14.745,10.975,5.456,3.422,1.157
0.35333,33.851,28.684,24.721,14.738,11.075,5.502,3.391,1.159
0.35667,33.856,28.738,24.770,14.808,11.048,5.520,3.343,1.146
0.36000,33.891,28.676,24.731,14.738,11.044,5.496,3.395,1.157
0.36333,33.932,28.760,24.781,14.747,11.020,5.458,3.430,1.169
0.36667,33.948,28.745,24.829,14.839,11.030,5.474,3.417,1.169
0.37000,33.971,28.864,24.878,14.843,11.084,5.476,3.439,1.167
0.37333,34.019,28.775,24.913,14.777,10.997,5.490,3.380,1.146
0.37667,33.998,28.913,24.895,14.874,11.104,5.569,3.368,1.141
0.38000,34.020,28.930,24.835,14.861,11.065,5.609,3.408,1.149
0.38333,34.026,28.828,24.871,14.901,11.054,5.483,3.403,1.123
0.38667,34.172,28.890,24.913,14.857,11.065,5.512,3.434,1.136
0.39000,34.117,28.910,24.950,14.913,11.109,5.473,3.414,1.134
0.39333,34.124,28.951,24.960,14.900,11.168,5.590,3.387,1.174
0.39667,34.207,29.016,24.996,14.932,11.113,5.558,3.390,1.133
0.40000,34.199,28.974,24.982,14.867,11.168,5.591,3.385,1.155
0.40333,34.234,28.977,24.977,14.916,11.096,5.577,3.447,1.161
0.40667,34.291,29.114,25.080,14.950,11.072,5.527,3.425,1.162
0.41000,34.357,29.073,25.101,14.933,11.155,5.558,3.390,1.179
0.41333,34.287,29.121,25.063,15.016,11.203,5.585,3.422,1.118
0.41667,34.311,29.180,25.106,14.983,11.162,5.618,3.419,1.189
0.42000,34.397,29.180,25.164,15.057,11.165,5.545,3.470,1.178
0.42333,34.428,29.181,25.226,14.971,11.188,5.604,3.383,1.153
0.42667,34.452,29.200,25.212,15.063,11.241,5.608,3.428,1.088
0.43000,34.563,29.195,25.216,15.076,11.200,5.539,3.474,1.147
0.43333,34.557,29.233,25.232,15.041,11.213,5.654,3.446,1.168
0.43667,34.523,29.319,25.202,15.099,11.192,5.563,3.372,1.179
0.44000,34.576,29.346,25.305,15.083,11.290,5.667,3.415,1.178
0.44333,34.588,29.334,25.322,15.071,11.222,5.592,3.465,1.203
0.44667,34.658,29.348,25.313,15.118,11.210,5.671,3.509,1.166
0.45000,34.673,29.442,25.287,15.150,11.271,5.649,3.465,1.147
0.45333,34.674,29.501,25.268,15.156,11.258,5.607,3.427,1.219
0.45667,34.691,29.485,25.381,15.145,11.238,5.680,3.486,1.169
0.46000,34.685,29.476,25.364,15.121,11.230,5.599,3.464,1.206
0.46333,34.792,29.472,25.410,15.199,11.264,5.674,3.457,1.192
0.46667,34.840,29.551,25.418,15.120,11.319,5.723,3.473,1.178
0.47000,34.831,29.530,25.418,15.125,11.263,5.646,3.520,1.193
0.47333,34.881,29.643,25.492,15.167,11.314,5.695,3.513,1.169
0.47667,34.952,29.587,25.444,15.214,11.321,5.629,3.426,1.210
0.48000,34.902,29.601,25.499,15.228,11.364,5.733,3.393,1.184
0.48333,34.946,29.663,25.450,15.285,11.372,5.731,3.448,1.226
0.48667,34.985,29.645,25.568,15.266,11.386,5.669,3.517,1.180
0.49000,34.959,29.683,25.549,15.286,11.362,5.750,3.444,1.204
0.49333,35.000,29.749,25.610,15.289,11.282,5.649,3.502,1.222
0.49667,35.044,29.704,25.666,15.320,11.378,5.713,3.518,1.191
0.50000,35.066,29.779,25.612,15.341,11.380,5.751,3.500,1.278
0.50333,35.145,29.787,25.607,15.242,11.370,5.705,3.514,1.173
0.50667,35.190,29.782,25.635,15.391,11.429,5.724,3.484,1.247
0.51000,35.166,29.823,25.719,15.363,11.426,5.755,3.551,1.100
0.51333,35.167,29.883,25.708,15.416,11.466,5.724,3.479,1.187
0.51667,35.208,29.932,25.744,15.396,11.441,5.735,3.531,1.212
0.52000,35.238,29.995,25.805,15.292,11.449,5.751,3.504,1.165
0.52333,35.292,29.968,25.755,15.407,11.415,5.726,3.507,1.230
0.52667,35.359,29.992,25.742,15.379,11.451,5.699,3.491,1.154
0.53000,35.366,29.948,25.819,15.409,11.441,5.754,3.569,1.211
0.53333,35.436,30.066,25.792,15.458,11.519,5.745,3.544,1.156
0.53667,35.386,29.997,25.836,15.453,11.513,5.781,3.467,1.147
0.54000,35.483,30.050,25.892,15.476,11.512,5.822,3.504,1.159
0.54333,35.421,30.087,25.925,15.542,11.538,5.786,3.542,1.161
0.54667,35.533,30.155,25.895,15.526,11.464,5.785,3.546,1.190
0.55000,35.523,30.141,26.000,15.459,11.548,5.715,3.523,1.198
0.55333,35.539,30.205,26.043,15.551,11.517,5.778,3.623,1.279
0.55667,35.623,30.217,26.018,15.502,11.545,5.746,3.492,1.192
0.56000,35.646,30.216,25.984,15.527,11.498,5.818,3.552,1.222
0.56333,35.625,30.273,26.008,15.531,11.551,5.844,3.596,1.235
0.56667,35.671,30.281,26.062,15.601,11.523,5.812,3.603,1.204
0.57000,35.711,30.306,26.083,15.588,11.571,5.807,3.505,1.179
0.57333,35.747,30.342,26.080,15.537,11.583,5.823,3.555,1.178
0.57667,35.766,30.340,26.135,15.630,11.594,5.829,3.596,1.157
0.58000,35.832,30.383,26.177,15.614,11.599,5.835,3.535,1.198
0.58333,35.839,30.461,26.214,15.592,11.601,5.874,3.529,1.214
0.58667,35.892,30.445,26.215,15.670,11.633,5.799,3.535,1.233
0.59000,35.963,30.427,26.249,15.696,11.643,5.821,3.513,1.206
0.59333,35.961,30.418,26.258,15.666,11.612,5.845,3.577,1.216
0.59667,35.988,30.433,26.354,15.664,11.647,5.775,3.551,1.181
0.60000,36.040,30.588,26.281,15.714,11.696,5.841,3.587,1.218
0.60333,36.042,30.578,26.290,15.792,11.706,5.821,3.545,1.263
0.60667,36.076,30.646,26.364,15.721,11.675,5.848,3.544,1.244
0.61000,36.072,30.575,26.365,15.716,11.710,5.935,3.598,1.244
0.61333,36.103,30.701,26.442,15.779,11.760,5.906,3.555,1.189
0.61667,36.205,30.697,26.439,15.745,11.695,5.900,3.549,1.206
0.62000,36.179,30.730,26.502,15.816,11.728,5.840,3.627,1.202
0.62333,36.249,30.757,26.403,15.862,11.731,5.911,3.568,1.224
0.62667,36.296,30.694,26.457,15.803,11.724,5.936,3.574,1.265
0.63000,36.283,30.752,26.535,15.898,11.731,5.936,3.606,1.255
0.63333,36.348,30.834,26.578,15.922,11.730,5.809,3.548,1.240
0.63667,36.392,30.795,26.556,15.909,11.800,5.888,3.631,1.234
0.64000,36.348,30.877,26.503,15.889,11.842,5.898,3.586,1.280
0.64333,36.480,30.997,26.630,15.890,11.784,5.961,3.631,1.184
0.64667,36.501,30.893,26.490,15.880,11.767,5.938,3.582,1.240
0.65000,36.432,30.931,26.641,15.957,11.766,5.939,3.634,1.256
0.65333,36.524,31.015,26.727,15.980,11.783,5.974,3.655,1.282
0.65667,36.532,31.039,26.752,15.952,11.825,5.953,3.631,1.273
0.66000,36.568,31.028,26.729,16.020,11.827,5.974,3.626,1.238
0.66333,36.664,31.045,26.774,16.020,11.898,5.903,3.610,1.266
0.66667,36.658,31.080,26.758,16.008,11.924,5.896,3.655,1.293
0.67000,36.689,31.097,26.809,16.033,11.812,6.021,3.621,1.260
0.67333,36.728,31.241,26.875,16.114,11.944,5.931,3.614,1.251
0.67667,36.800,31.206,26.875,15.967,11.896,5.995,3.666,1.253
0.68000,36.877,31.267,26.836,16.090,11.844,5.981,3.648,1.244
0.68333,36.864,31.284,26.880,16.148,11.813,5.974,3.570,1.259
0.68667,36.851,31.313,26.958,16.099,11.923,5.919,3.572,1.272
0.69000,36.806,31.272,27.000,16.168,11.975,6.049,3.656,1.288
0.69333,36.896,31.331,26.916,16.188,11.896,6.032,3.629,1.269
0.69667,36.931,31.340,27.019,16.178,11.899,5.994,3.610,1.243
0.70000,37.032,31.390,27.005,16.180,11.952,6.048,3.706,1.341
0.70333,36.996,31.404,27.025,16.160,11.943,6.025,3.697,1.212
0.70667,37.071,31.443,27.087,16.224,11.955,6.044,3.698,1.285
0.71000,37.091,31.470,27.140,16.180,11.951,6.006,3.680,1.257
0.71333,37.229,31.534,27.090,16.223,11.987,6.069,3.705,1.208
0.71667,37.072,31.540,27.155,16.227,11.987,6.022,3.671,1.240
0.72000,37.186,31.522,27.158,16.298,12.035,6.028,3.720,1.278
0.72333,37.221,31.615,27.235,16.343,12.092,6.049,3.723,1.277
0.72667,37.266,31.649,27.243,16.321,12.036,6.050,3.688,1.309
0.73000,37.286,31.634,27.213,16.315,12.127,6.028,3.689,1.203
0.73333,37.350,31.697,27.255,16.348,12.082,6.050,3.668,1.287
0.73667,37.325,31.691,27.252,16.335,12.055,6.038,3.695,1.311
0.74000,37.440,31.729,27.233,16.354,12.137,6.090,3.748,1.261
0.74333,37.391,31.847,27.318,16.347,12.081,6.093,3.675,1.236
0.74667,37.511,31.792,27.355,16.365,12.117,6.108,3.730,1.326
0.75000,37.450,31.826,27.386,16.376,12.137,6.083,3.684,1.300
0.75333,37.509,31.808,27.410,16.434,12.122,6.154,3.750,1.263
0.75667,37.534,31.899,27.441,16.407,12.100,6.211,3.774,1.237
0.76000,37.588,31.902,27.493,16.483,12.210,6.082,3.729,1.286
0.76333,37.622,31.920,27.468,16.460,12.116,6.111,3.683,1.344
0.76667,37.696,31.946,27.519,16.452,12.156,6.164,3.702,1.327
0.77000,37.717,32.033,27.491,16.453,12.215,6.178,3.747,1.280
0.77333,37.715,32.060,27.603,16.526,12.182,6.192,3.707,1.215
0.77667,37.729,32.047,27.608,16.509,12.197,6.148,3.730,1.328
0.78000,37.798,32.124,27.574,16.549,12.241,6.122,3.761,1.279
0.78333,37.830,32.163,27.654,16.566,12.250,6.140,3.701,1.326
0.78667,37.852,32.115,27.608,16.583,12.231,6.167,3.687,1.269
0.79000,37.947,32.151,27.715,16.623,12.252,6.165,3.755,1.305
0.79333,37.996,32.208,27.701,16.642,12.237,6.151,3.733,1.311
0.79667,38.015,32.277,27.739,16.599,12.277,6.224,3.805,1.296
0.80000,38.033,32.280,27.757,16.646,12.236,6.208,3.736,1.318
0.80333,38.071,32.333,27.792,16.583,12.270,6.166,3.786,1.265
0.80667,38.120,32.383,27.835,16.634,12.377,6.216,3.846,1.306
0.81000,38.034,32.399,27.819,16.693,12.319,6.261,3.777,1.298
0.81333,38.170,32.402,27.861,16.701,12.294,6.231,3.745,1.304
0.81667,38.176,32.414,27.911,16.753,12.339,6.220,3.772,1.328
0.82000,38.231,32.503,27.962,16.727,12.297,6.192,3.704,1.296
0.82333,38.269,32.489,27.976,16.778,12.363,6.238,3.814,1.302
0.82667,38.357,32.493,27.948,16.816,12.388,6.288,3.780,1.351
0.83000,38.409,32.557,27.990,16.794,12.398,6.303,3.822,1.335
0.83333,38.347,32.612,28.021,16.737,12.387,6.224,3.799,1.294
0.83667,38.391,32.637,28.044,16.810,12.422,6.253,3.797,1.308
0.84000,38.500,32.632,28.027,16.857,12.462,6.235,3.761,1.294
0.84333,38.546,32.731,28.144,16.846,12.416,6.238,3.770,1.289
0.84667,38.520,32.728,28.080,16.823,12.355,6.296,3.800,1.258
0.85000,38.566,32.669,28.176,16.904,12.460,6.315,3.794,1.368
0.85333,38.542,32.743,28.158,16.937,12.440,6.261,3.807,1.354
0.85667,38.704,32.772,28.188,16.897,12.511,6.282,3.848,1.288
0.86000,38.686,32.792,28.232,16.930,12.429,6.342,3.837,1.307
0.86333,38.751,32.831,28.225,16.953,12.437,6.362,3.855,1.371
0.86667,38.749,32.899,28.271,16.932,12.425,6.285,3.858,1.357
0.87000,38.775,32.916,28.241,16.977,12.488,6.317,3.789,1.340
0.87333,38.799,32.979,28.282,17.017,12.494,6.285,3.828,1.319
0.87667,38.815,33.026,28.335,16.989,12.498,6.377,3.822,1.317
0.88000,38.949,33.048,28.409,17.000,12.508,6.371,3.822,1.346
0.88333,38.902,33.050,28.384,17.045,12.566,6.350,3.893,1.325
0.88667,38.954,33.176,28.462,17.096,12.545,6.343,3.800,1.366
0.89000,38.947,33.131,28.452,17.113,12.527,6.312,3.839,1.357
0.89333,39.039,33.198,28.537,17.048,12.543,6.378,3.807,1.355
0.89667,39.090,33.197,28.491,17.108,12.597,6.376,3.835,1.406
0.90000,39.142,33.157,28.531,17.061,12.575,6.367,3.891,1.408
0.90333,39.189,33.254,28.556,17.138,12.582,6.387,3.840,1.300
0.90667,39.135,33.261,28.568,17.181,12.533,6.375,3.808,1.320
0.91000,39.289,33.278,28.663,17.201,12.635,6.373,3.839,1.372
0.91333,39.295,33.345,28.723,17.159,12.664,6.466,3.813,1.298
0.91667,39.308,33.377,28.692,17.190,12.700,6.376,3.869,1.352
0.92000,39.380,33.415,28.676,17.196,12.762,6.407,3.849,1.396
0.92333,39.354,33.457,28.751,17.256,12.690,6.450,3.831,1.324
0.92667,39.408,33.450,28.705,17.296,12.660,6.500,3.838,1.393
0.93000,39.414,33.513,28.772,17.233,12.675,6.446,3.934,1.376
0.93333,39.545,33.536,28.803,17.300,12.741,6.409,3.890,1.349
0.93667,39.495,33.554,28.882,17.300,12.829,6.424,3.916,1.349
0.94000,39.555,33.582,28.873,17.411,12.757,6.422,3.883,1.338
0.94333,39.659,33.578,28.902,17.369,12.760,6.421,3.849,1.395
0.94667,39.664,33.604,28.893,17.335,12.735,6.444,3.845,1.370
0.95000,39.695,33.733,28.959,17.326,12.785,6.435,3.904,1.412
0.95333,39.716,33.692,28.952,17.333,12.785,6.465,3.875,1.380
0.95667,39.669,33.768,29.029,17.369,12.791,6.475,3.896,1.448
0.96000,39.891,33.784,29.028,17.416,12.829,6.544,3.856,1.392
0.96333,39.888,33.798,29.114,17.416,12.827,6.491,3.971,1.356
0.96667,39.849,33.810,29.079,17.536,12.820,6.485,3.970,1.387
0.97000,39.956,33.872,29.108,17.484,12.900,6.524,3.891,1.401
0.97333,40.010,33.911,29.144,17.573,12.818,6.548,3.893,1.391
0.97667,39.995,33.938,29.149,17.481,12.855,6.487,3.909,1.455
0.98000,40.049,34.019,29.236,17.524,12.847,6.516,3.957,1.376
0.98333,40.086,33.992,29.252,17.481,12.938,6.549,3.914,1.386
0.98667,40.128,34.079,29.270,17.553,12.960,6.476,3.940,1.330
0.99000,40.158,34.009,29.276,17.610,12.923,6.461,3.985,1.405
0.99333,40.231,34.108,29.348,17.608,12.884,6.537,3.948,1.442
0.99667,40.173,34.166,29.271,17.623,12.927,6.525,3.920,1.411
1.00000,40.229,34.171,29.336,17.612,12.924,6.618,3.891,1.335
1.00333,40.390,34.209,29.384,17.639,12.890,6.570,3.932,1.392
1.00667,40.356,34.249,29.407,17.688,12.942,6.567,3.991,1.372
1.01000,40.349,34.289,29.467,17.792,12.971,6.585,3.957,1.399
1.01333,40.437,34.319,29.521,17.780,13.002,6.556,3.896,1.361
1.01667,40.489,34.334,29.547,17.698,13.048,6.575,3.939,1.438
1.02000,40.522,34.419,29.587,17.686,13.048,6.608,3.933,1.358
1.02333,40.512,34.411,29.583,17.765,12.978,6.622,4.019,1.388
1.02667,40.603,34.470,29.670,17.838,13.008,6.581,3.997,1.399
1.03000,40.666,34.459,29.611,17.767,13.072,6.681,3.992,1.471
1.03333,40.693,34.521,29.727,17.840,13.084,6.651,3.985,1.468
1.03667,40.753,34.494,29.735,17.851,13.108,6.632,3.975,1.422
1.04000,40.769,34.635,29.718,17.839,13.106,6.644,4.049,1.402
1.04333,40.752,34.629,29.710,17.914,13.136,6.564,4.044,1.500
1.04667,40.809,34.695,29.774,17.873,13.044,6.667,4.012,1.408
1.05000,40.891,34.760,29.844,17.906,13.082,6.605,3.954,1.411
1.05333,40.925,34.796,29.821,17.957,13.161,6.651,4.015,1.376
1.05667,40.946,34.751,29.870,17.910,13.193,6.678,4.006,1.450
1.06000,41.037,34.842,29.867,18.016,13.177,6.695,4.089,1.357
1.06333,41.033,34.820,29.942,18.024,13.183,6.647,3.966,1.358
1.06667,41.127,34.897,29.952,17.976,13.253,6.692,3.999,1.479
1.07000,41.130,34.876,30.000,18.033,13.172,6.723,4.006,1.425
1.07333,41.116,34.944,30.094,18.075,13.232,6.768,4.050,1.387
1.07667,41.219,35.017,30.065,18.113,13.252,6.744,4.003,1.478
1.08000,41.197,35.043,30.104,18.050,13.276,6.759,4.065,1.440
1.08333,41.350,34.999,30.129,18.058,13.280,6.783,4.043,1.484
1.08667,41.360,35.122,30.124,18.147,13.275,6.780,4.072,1.466
1.09000,41.393,35.154,30.114,18.112,13.308,6.746,4.078,1.414
1.09333,41.408,35.278,30.198,18.162,13.308,6.760,4.054,1.454
1.09667,41.412,35.188,30.237,18.191,13.349,6.701,4.065,1.425
1.10000,41.487,35.177,30.238,18.161,13.295,6.717,4.109,1.397
1.10333,41.558,35.288,30.279,18.208,13.334,6.811,4.176,1.483
1.10667,41.580,35.327,30.334,18.262,13.332,6.826,4.110,1.444
1.11000,41.599,35.316,30.289,18.273,13.337,6.744,4.141,1.462
1.11333,41.623,35.361,30.404,18.279,13.367,6.821,4.128,1.484
1.11667,41.692,35.381,30.397,18.275,13.376,6.848,4.078,1.420
1.12000,41.728,35.462,30.378,18.339,13.398,6.739,4.126,1.451
1.12333,41.855,35.481,30.435,18.330,13.451,6.777,4.096,1.450
1.12667,41.836,35.472,30.499,18.332,13.382,6.807,4.153,1.467
1.13000,41.819,35.535,30.565,18.420,13.411,6.816,4.113,1.471
1.13333,41.897,35.642,30.523,18.348,13.392,6.790,4.055,1.466
1.13667,41.968,35.674,30.595,18.403,13.438,6.847,4.120,1.404
1.14000,42.023,35.668,30.644,18.399,13.478,6.825,4.120,1.490
1.14333,42.021,35.711,30.620,18.462,13.487,6.895,4.114,1.443
1.14667,41.980,35.696,30.636,18.535,13.475,6.916,4.104,1.531
1.15000,42.092,35.812,30.720,18.515,13.485,6.883,4.140,1.499
1.15333,42.161,35.827,30.743,18.504,13.542,6.870,4.157,1.520
1.15667,42.194,35.823,30.798,18.572,13.515,6.906,4.154,1.504
1.16000,42.309,35.857,30.792,18.623,13.513,6.888,4.138,1.502
1.16333,42.349,35.864,30.818,18.496,13.491,6.862,4.142,1.462
1.16667,42.426,35.926,30.866,18.567,13.514,6.918,4.170,1.495
1.17000,42.386,35.959,30.867,18.572,13.614,6.872,4.185,1.495
1.17333,42.394,36.078,30.915,18.615,13.645,6.888,4.141,1.451
1.17667,42.505,36.097,30.913,18.623,13.631,6.923,4.159,1.446
1.18000,42.546,36.094,31.013,18.714,13.656,6.912,4.148,1.497
1.18333,42.566,36.211,30.973,18.636,13.666,7.005,4.176,1.513
1.18667,42.633,36.121,31.033,18.732,13.636,6.989,4.132,1.528
1.19000,42.639,36.181,31.117,18.719,13.672,6.925,4.169,1.526
1.19333,42.651,36.208,31.066,18.742,13.652,6.887,4.211,1.484
1.19667,42.685,36.302,31.123,18.698,13.675,6.962,4.160,1.450
1.20000,42.735,36.337,31.182,18.752,13.711,7.012,4.171,1.492
1.20333,42.828,36.380,31.263,18.835,13.679,6.975,4.227,1.492
1.20667,42.857,36.390,31.314,18.836,13.628,7.008,4.214,1.474
1.21000,42.904,36.382,31.261,18.870,13.725,7.004,4.202,1.522
1.21333,42.969,36.539,31.245,18.850,13.741,7.035,4.250,1.532
1.21667,42.961,36.527,31.363,18.845,13.788,6.973,4.217,1.502
1.22000,43.026,36.527,31.335,18.804,13.816,6.994,4.226,1.493
1.22333,43.073,36.554,31.436,18.894,13.753,6.999,4.185,1.469
1.22667,43.133,36.682,31.381,18.963,13.808,6.944,4.213,1.559
1.23000,43.167,36.688,31.446,18.938,13.810,7.051,4.224,1.493
1.23333,43.191,36.708,31.453,19.006,13.871,7.005,4.219,1.503
1.23667,43.251,36.749,31.535,18.975,13.853,7.032,4.223,1.447
1.24000,43.292,36.750,31.563,19.028,13.842,7.072,4.187,1.528
1.24333,43.307,36.823,31.556,19.009,13.820,6.998,4.272,1.548
1.24667,43.421,36.852,31.655,19.081,13.869,7.006,4.238,1.506
1.25000,43.415,36.829,31.638,19.031,13.827,7.111,4.222,1.491
1.25333,43.510,36.980,31.683,19.109,13.901,7.168,4.224,1.503
1.25667,43.576,36.996,31.719,19.102,13.971,7.122,4.180,1.519
1.26000,43.525,37.034,31.760,19.127,13.943,7.135,4.212,1.534
1.26333,43.607,37.092,31.838,19.125,13.979,7.073,4.244,1.470
1.26667,43.650,37.070,31.747,19.184,14.026,7.106,4.194,1.547
1.27000,43.653,37.140,31.788,19.172,13.944,7.052,4.221,1.589
1.27333,43.744,37.189,31.899,19.191,13.955,7.075,4.218,1.505
1.27667,43.840,37.230,31.853,19.249,14.029,7.069,4.320,1.509
1.28000,43.858,37.228,31.921,19.224,14.033,7.124,4.246,1.550
1.28333,43.866,37.247,32.028,19.273,13.990,7.116,4.323,1.481
1.28667,44.009,37.361,31.965,19.258,14.023,7.226,4.292,1.559
1.29000,43.986,37.379,32.065,19.330,14.102,7.134,4.269,1.562
1.29333,44.020,37.366,32.054,19.359,14.119,7.098,4.337,1.566
1.29667,44.083,37.414,32.119,19.376,14.106,7.132,4.247,1.549
1.30000,44.115,37.508,32.180,19.345,14.123,7.210,4.333,1.533
1.30333,44.254,37.575,32.235,19.388,14.084,7.279,4.292,1.608
1.30667,44.162,37.515,32.164,19.394,14.139,7.193,4.313,1.570
1.31000,44.245,37.647,32.307,19.422,14.141,7.208,4.270,1.514
1.31333,44.291,37.646,32.266,19.432,14.157,7.189,4.363,1.501
1.31667,44.318,37.682,32.335,19.468,14.195,7.212,4.247,1.570
1.32000,44.439,37.792,32.270,19.535,14.192,7.256,4.357,1.601
1.32333,44.428,37.749,32.363,19.505,14.169,7.247,4.323,1.530
1.32667,44.491,37.783,32.400,19.583,14.158,7.310,4.328,1.586
1.33000,44.519,37.878,32.440,19.518,14.203,7.316,4.297,1.558
1.33333,44.585,37.843,32.491,19.559,14.194,7.284,4.369,1.580
1.33667,44.636,37.917,32.534,19.625,14.250,7.224,4.372,1.617
1.34000,44.678,37.942,32.549,19.678,14.240,7.283,4.395,1.596
1.34333,44.750,37.973,32.575,19.555,14.282,7.269,4.372,1.601
1.34667,44.801,37.942,32.601,19.609,14.274,7.363,4.381,1.524
1.35000,44.808,38.107,32.630,19.620,14.330,7.292,4.283,1.585
1.35333,44.927,38.098,32.712,19.653,14.350,7.308,4.384,1.602
1.35667,44.917,38.131,32.731,19.731,14.380,7.376,4.420,1.580
1.36000,44.936,38.212,32.787,19.694,14.364,7.311,4.412,1.581
1.36333,45.034,38.251,32.724,19.782,14.340,7.353,4.407,1.566
1.36667,45.062,38.292,32.781,19.798,14.449,7.320,4.416,1.656
1.37000,45.090,38.320,32.891,19.829,14.460,7.343,4.380,1.602
1.37333,45.118,38.369,32.946,19.887,14.437,7.387,4.416,1.627
1.37667,45.186,38.437,32.974,19.866,14.509,7.364,4.356,1.527
1.38000,45.259,38.413,32.873,19.892,14.419,7.390,4.410,1.581
1.38333,45.297,38.457,32.948,19.947,14.443,7.366,4.394,1.610
1.38667,45.309,38.505,32.925,19.926,14.466,7.441,4.366,1.620
1.39000,45.391,38.505,33.090,19.948,14.462,7.400,4.393,1.578
1.39333,45.396,38.597,33.015,19.996,14.499,7.454,4.383,1.565
1.39667,45.444,38.559,33.115,20.008,14.564,7.444,4.380,1.620
1.40000,45.511,38.664,33.201,20.034,14.485,7.413,4.442,1.629
1.40333,45.609,38.734,33.157,20.013,14.456,7.441,4.431,1.649
1.40667,45.664,38.761,33.269,20.030,14.564,7.511,4.502,1.587
1.41000,45.703,38.772,33.314,20.123,14.484,7.449,4.467,1.535
1.41333,45.703,38.837,33.323,20.096,14.643,7.495,4.437,1.567
1.41667,45.782,38.937,33.347,20.216,14.607,7.455,4.506,1.579
1.42000,45.932,38.926,33.349,20.191,14.657,7.453,4.504,1.580
1.42333,45.889,38.971,33.406,20.116,14.653,7.526,4.395,1.576
1.42667,45.892,39.043,33.406,20.182,14.657,7.480,4.444,1.550
1.43000,46.075,39.054,33.480,20.191,14.645,7.483,4.496,1.643
1.43333,46.023,39.124,33.538,20.190,14.698,7.527,4.428,1.632
1.43667,46.017,39.217,33.579,20.173,14.743,7.549,4.558,1.630
1.44000,46.178,39.202,33.555,20.248,14.720,7.497,4.466,1.650
1.44333,46.171,39.182,33.625,20.282,14.683,7.539,4.465,1.701
1.44667,46.227,39.263,33.669,20.331,14.754,7.543,4.469,1.678
1.45000,46.266,39.328,33.666,20.365,14.716,7.502,4.553,1.655
1.45333,46.406,39.307,33.794,20.365,14.783,7.599,4.520,1.568
1.45667,46.319,39.364,33.763,20.373,14.778,7.548,4.515,1.623
1.46000,46.470,39.463,33.823,20.448,14.754,7.593,4.464,1.585
1.46333,46.462,39.474,33.803,20.464,14.771,7.597,4.564,1.641
1.46667,46.514,39.473,33.874,20.472,14.801,7.541,4.564,1.570
1.47000,46.550,39.617,33.911,20.530,14.825,7.579,4.583,1.650
1.47333,46.607,39.684,33.902,20.505,14.820,7.646,4.594,1.648
1.47667,46.712,39.676,33.954,20.555,14.884,7.585,4.518,1.716
1.48000,46.710,39.700,34.027,20.543,14.963,7.685,4.575,1.660
1.48333,46.805,39.742,34.014,20.592,14.888,7.704,4.547,1.639
1.48667,46.813,39.756,34.121,20.542,14.933,7.611,4.575,1.635
1.49000,46.853,39.863,34.132,20.664,14.964,7.671,4.543,1.674
1.49333,46.924,39.843,34.151,20.651,14.958,7.691,4.523,1.717
1.49667,46.989,39.930,34.188,20.694,14.950,7.609,4.555,1.692
1.50000,47.054,39.922,34.229,20.699,14.968,7.656,4.533,1.612
1.50333,47.024,39.972,34.293,20.707,15.009,7.715,4.641,1.664
1.50667,47.156,40.103,34.290,20.700,15.013,7.644,4.572,1.694
1.51000,47.165,40.045,34.341,20.743,14.967,7.746,4.605,1.685
1.51333,47.250,40.152,34.363,20.756,14.978,7.756,4.621,1.632
1.51667,47.312,40.199,34.377,20.818,15.059,7.719,4.544,1.651
1.52000,47.258,40.250,34.537,20.833,15.084,7.740,4.636,1.671
1.52333,47.323,40.244,34.455,20.853,15.117,7.757,4.543,1.699
1.52667,47.337,40.297,34.583,20.838,15.072,7.767,4.591,1.689
1.53000,47.442,40.374,34.517,20.866,15.101,7.795,4.604,1.658
1.53333,47.542,40.424,34.577,20.859,15.157,7.713,4.563,1.633
1.53667,47.616,40.425,34.706,20.921,15.155,7.748,4.613,1.633
1.54000,47.606,40.463,34.725,20.910,15.179,7.806,4.573,1.725
1.54333,47.743,40.550,34.750,21.065,15.183,7.799,4.614,1.700
1.54667,47.766,40.615,34.783,20.965,15.158,7.802,4.662,1.666
1.55000,47.781,40.585,34.853,21.004,15.256,7.848,4.668,1.711
1.55333,47.914,40.655,34.851,21.085,15.151,7.825,4.697,1.675
1.55667,47.925,40.680,34.862,21.082,15.204,7.831,4.697,1.677
1.56000,48.014,40.734,34.893,21.129,15.267,7.824,4.619,1.714
1.56333,48.003,40.718,35.004,21.170,15.232,7.796,4.629,1.668
1.56667,48.057,40.831,34.962,21.141,15.297,7.853,4.663,1.709
1.57000,48.086,40.859,35.003,21.161,15.235,7.858,4.664,1.737
1.57333,48.187,40.941,35.040,21.213,15.311,7.839,4.705,1.729
1.57667,48.240,40.964,35.071,21.232,15.345,7.823,4.700,1.727
1.58000,48.256,40.952,35.109,21.301,15.320,7.891,4.703,1.737
1.58333,48.362,41.060,35.177,21.236,15.351,7.882,4.698,1.715
1.58667,48.338,41.105,35.245,21.283,15.313,7.856,4.721,1.735
1.59000,48.415,41.147,35.267,21.327,15.389,7.920,4.675,1.700
1.59333,48.469,41.274,35.316,21.340,15.391,7.916,4.734,1.728
1.59667,48.596,41.244,35.363,21.393,15.476,7.894,4.689,1.740
1.60000,48.543,41.327,35.333,21.385,15.445,7.916,4.790,1.749
1.60333,48.654,41.327,35.413,21.393,15.497,7.890,4.682,1.661
1.60667,48.711,41.459,35.388,21.457,15.512,7.910,4.783,1.716
1.61000,48.728,41.370,35.488,21.481,15.540,7.984,4.742,1.807
1.61333,48.744,41.415,35.568,21.559,15.477,7.997,4.742,1.720
1.61667,48.777,41.570,35.579,21.510,15.507,7.928,4.767,1.722
1.62000,48.929,41.596,35.619,21.555,15.565,8.000,4.768,1.685
1.62333,48.968,41.639,35.651,21.564,15.568,8.021,4.658,1.777
1.62667,48.985,41.682,35.726,21.588,15.585,7.989,4.760,1.813
1.63000,49.152,41.679,35.675,21.543,15.597,8.035,4.749,1.704
1.63333,49.131,41.767,35.719,21.613,15.621,8.095,4.771,1.731
1.63667,49.238,41.768,35.795,21.681,15.623,8.051,4.766,1.702
1.64000,49.289,41.865,35.822,21.647,15.610,8.021,4.736,1.753
1.64333,49.236,41.913,35.858,21.727,15.687,8.048,4.737,1.766
1.64667,49.355,41.997,35.908,21.683,15.630,8.034,4.784,1.780
1.65000,49.423,42.012,35.923,21.758,15.740,8.112,4.842,1.772
1.65333,49.420,41.999,36.058,21.768,15.692,8.092,4.771,1.736
1.65667,49.540,42.044,36.041,21.776,15.688,8.055,4.720,1.763
1.66000,49.605,42.093,36.172,21.849,15.702,8.100,4.844,1.761
1.66333,49.566,42.201,36.129,21.849,15.742,8.156,4.729,1.746
1.66667,49.612,42.273,36.206,21.886,15.802,8.191,4.776,1.740
1.67000,49.726,42.219,36.195,21.864,15.750,8.162,4.781,1.742
1.67333,49.825,42.342,36.247,21.899,15.808,8.121,4.824,1.724
1.67667,49.878,42.336,36.325,21.964,15.770,8.151,4.772,1.784
1.68000,49.892,42.460,36.339,22.002,15.823,8.059,4.856,1.753
1.68333,49.915,42.490,36.353,21.986,15.862,8.158,4.840,1.813
1.68667,49.994,42.513,36.335,21.995,15.880,8.212,4.857,1.774
1.69000,50.068,42.567,36.409,22.107,15.833,8.144,4.827,1.808
1.69333,50.125,42.631,36.464,22.113,15.863,8.172,4.860,1.835
1.69667,50.220,42.622,36.541,22.122,15.934,8.311,4.875,1.756
1.70000,50.243,42.717,36.561,22.119,15.955,8.218,4.880,1.801
1.70333,50.226,42.764,36.556,22.219,15.897,8.195,4.904,1.741
1.70667,50.331,42.765,36.611,22.227,15.976,8.209,4.788,1.753
1.71000,50.304,42.889,36.731,22.201,15.948,8.270,4.815,1.782
1.71333,50.459,42.874,36.710,22.250,16.022,8.310,4.846,1.847
1.71667,50.545,42.902,36.739,22.292,15.989,8.281,4.936,1.793
1.72000,50.601,42.971,36.774,22.239,16.062,8.252,4.840,1.732
1.72333,50.642,43.044,36.880,22.260,16.061,8.338,4.844,1.862
1.72667,50.697,43.109,36.834,22.329,16.086,8.296,4.861,1.819
1.73000,50.681,43.163,36.897,22.393,16.134,8.299,4.872,1.797
1.73333,50.771,43.229,36.991,22.354,16.138,8.300,4.934,1.740
1.73667,50.846,43.259,36.988,22.396,16.174,8.316,5.004,1.816
1.74000,50.944,43.328,37.044,22.419,16.089,8.366,4.985,1.869
1.74333,51.002,43.360,37.151,22.449,16.136,8.347,4.898,1.787
1.74667,51.038,43.347,37.092,22.462,16.163,8.318,5.006,1.835
1.75000,51.008,43.410,37.176,22.558,16.187,8.359,4.955,1.813
1.75333,51.109,43.535,37.183,22.578,16.192,8.395,4.904,1.793
1.75667,51.222,43.532,37.221,22.619,16.218,8.351,4.913,1.841
1.76000,51.218,43.615,37.270,22.583,16.282,8.338,4.887,1.842
1.76333,51.337,43.623,37.306,22.605,16.188,8.400,5.025,1.820
1.76667,51.361,43.745,37.354,22.624,16.264,8.369,4.914,1.862
1.77000,51.473,43.785,37.392,22.636,16.301,8.462,4.963,1.846
1.77333,51.507,43.791,37.503,22.642,16.378,8.439,4.954,1.869
1.77667,51.555,43.917,37.546,22.687,16.330,8.434,4.978,1.789
1.78000,51.613,43.840,37.524,22.684,16.305,8.460,4.996,1.830
1.78333,51.617,43.955,37.566,22.743,16.393,8.432,4.996,1.828
1.78667,51.728,43.966,37.671,22.823,16.402,8.491,4.972,1.807
1.79000,51.801,44.061,37.619,22.820,16.395,8.457,4.986,1.806
1.79333,51.836,44.075,37.694,22.856,16.419,8.459,5.008,1.830
1.79667,51.895,44.125,37.714,22.868,16.442,8.475,5.077,1.816
1.80000,51.920,44.212,37.801,22.942,16.452,8.549,4.957,1.890
1.80333,51.976,44.262,37.828,22.976,16.492,8.489,4.940,1.802
1.80667,52.075,44.308,37.848,22.965,16.417,8.538,5.039,1.902
1.81000,52.110,44.338,37.988,22.917,16.513,8.564,4.978,1.848
1.81333,52.117,44.431,37.978,23.006,16.526,8.545,4.978,1.814
1.81667,52.246,44.429,38.032,22.988,16.514,8.524,4.966,1.861
1.82000,52.264,44.565,38.061,23.150,16.594,8.499,5.004,1.885
1.82333,52.410,44.492,38.044,23.097,16.613,8.554,5.041,1.905
1.82667,52.428,44.560,38.015,23.111,16.605,8.571,5.108,1.821
1.83000,52.446,44.688,38.095,23.145,16.674,8.602,5.046,1.797
1.83333,52.527,44.670,38.248,23.200,16.658,8.617,5.031,1.886
1.83667,52.577,44.675,38.277,23.236,16.662,8.577,5.065,1.931
1.84000,52.723,44.752,38.312,23.251,16.602,8.580,5.129,1.877
1.84333,52.703,44.892,38.299,23.332,16.675,8.637,5.060,1.903
1.84667,52.803,44.930,38.376,23.309,16.727,8.645,5.063,1.896
1.85000,52.908,44.954,38.481,23.332,16.720,8.600,5.071,1.908
1.85333,52.864,44.989,38.467,23.288,16.711,8.630,5.101,1.888
1.85667,52.998,45.064,38.506,23.351,16.758,8.653,5.115,1.894
1.86000,53.007,45.086,38.577,23.388,16.744,8.662,5.055,1.876
1.86333,53.076,45.179,38.563,23.381,16.788,8.689,5.138,1.889
1.86667,53.126,45.180,38.684,23.427,16.870,8.638,5.106,1.935
1.87000,53.149,45.277,38.675,23.447,16.785,8.702,5.133,1.928
1.87333,53.264,45.279,38.759,23.509,16.889,8.705,5.149,1.870
1.87667,53.319,45.422,38.725,23.560,16.870,8.740,5.165,1.901
1.88000,53.328,45.333,38.874,23.527,16.875,8.657,5.110,1.886
1.88333,53.497,45.471,38.843,23.615,16.939,8.728,5.107,1.872
1.88667,53.541,45.518,38.933,23.606,16.868,8.733,5.143,1.908
1.89000,53.581,45.593,38.955,23.681,16.904,8.751,5.128,1.957
1.89333,53.646,45.583,38.982,23.617,16.975,8.840,5.168,1.913
1.89667,53.716,45.621,39.037,23.698,16.985,8.794,5.179,1.867
1.90000,53.767,45.735,39.048,23.649,17.062,8.734,5.236,1.933
1.90333,53.837,45.691,39.137,23.780,17.030,8.770,5.232,1.940
1.90667,53.905,45.818,39.074,23.721,17.040,8.814,5.167,1.982
1.91000,53.921,45.918,39.200,23.807,17.097,8.845,5.115,1.868
1.91333,54.054,45.959,39.242,23.899,17.020,8.805,5.211,1.973
1.91667,54.059,45.972,39.325,23.933,17.031,8.771,5.224,1.973
1.92000,54.077,46.043,39.298,23.820,17.102,8.839,5.212,1.944
1.92333,54.194,46.120,39.473,23.967,17.157,8.801,5.216,1.941
1.92667,54.245,46.131,39.414,23.887,17.155,8.930,5.229,1.979
1.93000,54.294,46.173,39.542,23.938,17.191,8.914,5.200,2.000
1.93333,54.332,46.289,39.558,24.009,17.234,8.859,5.227,1.954
1.93667,54.374,46.275,39.504,24.047,17.204,8.853,5.237,1.968
1.94000,54.493,46.315,39.610,24.042,17.236,8.911,5.231,1.971
1.94333,54.523,46.431,39.717,24.099,17.283,8.955,5.255,2.039
1.94667,54.601,46.440,39.738,24.174,17.266,9.024,5.261,1.993
1.95000,54.658,46.590,39.763,24.123,17.300,8.937,5.289,1.987
1.95333,54.753,46.554,39.791,24.175,17.220,8.972,5.306,1.916
1.95667,54.861,46.619,39.825,24.199,17.300,8.960,5.327,1.949
1.96000,54.934,46.628,39.877,24.243,17.305,9.025,5.313,1.933
1.96333,54.917,46.677,39.945,24.295,17.378,8.959,5.267,1.971
1.96667,54.966,46.782,40.003,24.261,17.350,8.940,5.263,2.002
1.97000,55.061,46.864,40.005,24.321,17.415,9.006,5.257,2.042
1.97333,55.173,46.899,40.104,24.353,17.404,9.062,5.316,1.931
1.97667,55.271,46.932,40.192,24.373,17.445,9.064,5.310,1.972
1.98000,55.331,46.992,40.178,24.489,17.483,9.001,5.269,1.987
1.98333,55.367,47.115,40.290,24.450,17.496,9.064,5.283,2.077
1.98667,55.499,47.169,40.339,24.483,17.466,9.046,5.344,2.027
1.99000,55.613,47.351,40.473,24.541,17.517,9.122,5.374,2.033
1.99333,55.754,47.493,40.576,24.636,17.565,9.023,5.368,1.990
1.99667,56.052,47.537,40.743,24.761,17.536,9.111,5.357,1.998
2.00000,56.167,47.753,40.977,24.938,17.674,9.085,5.348,1.996
2.00333,56.482,47.931,41.190,25.017,17.713,9.155,5.369,2.040
2.00667,56.858,48.241,41.597,25.249,17.768,9.230,5.377,2.051
2.01000,57.456,48.596,41.968,25.580,17.887,9.214,5.334,2.040
2.01333,58.105,49.140,42.576,25.977,18.058,9.202,5.419,2.038
2.01667,58.964,49.702,43.347,26.460,18.271,9.234,5.375,2.024
2.02000,60.103,50.503,44.275,27.039,18.392,9.287,5.417,2.053
2.02333,61.525,51.533,45.613,27.805,18.690,9.377,5.397,1.990
2.02667,63.409,52.823,47.188,28.882,19.072,9.417,5.457,2.038
2.03000,65.609,54.377,49.138,30.181,19.479,9.426,5.454,2.028
2.03333,68.507,56.504,51.690,31.734,19.991,9.502,5.537,2.068
2.03667,72.005,58.950,54.712,33.661,20.608,9.629,5.549,2.101
2.04000,76.241,61.871,58.467,36.064,21.382,9.844,5.540,2.082
2.04333,81.327,65.488,62.862,38.843,22.309,10.028,5.694,2.121
2.04667,87.302,69.608,68.124,42.230,23.411,10.222,5.788,2.136
2.05000,94.208,74.566,74.248,46.158,24.621,10.393,5.753,2.132
2.05333,102.205,80.091,81.285,50.589,26.168,10.634,5.861,2.119
2.05667,111.281,86.518,89.320,55.736,27.701,10.941,5.982,2.151
2.06000,121.501,93.621,98.203,61.389,29.595,11.268,6.103,2.192
2.06333,132.674,101.539,108.054,67.736,31.603,11.550,6.215,2.164
2.06667,144.834,110.081,118.789,74.460,33.834,11.959,6.359,2.261
2.07000,157.920,119.165,130.393,81.861,36.116,12.347,6.498,2.343
2.07333,171.663,128.886,142.377,89.553,38.732,12.793,6.568,2.316
2.07667,185.835,138.874,154.940,97.559,41.283,13.266,6.797,2.256
2.08000,200.420,149.068,167.699,105.770,43.920,13.633,6.856,2.394
2.08333,214.833,159.182,180.488,113.931,46.576,14.139,7.066,2.389
2.08667,229.016,169.200,192.939,121.866,49.147,14.584,7.216,2.386
2.09000,242.560,178.726,204.858,129.472,51.686,15.016,7.294,2.444
2.09333,255.216,187.700,216.066,136.566,53.958,15.432,7.484,2.496
2.09667,266.608,195.704,226.111,143.039,56.061,15.755,7.584,2.466
2.10000,276.565,202.628,234.998,148.646,57.824,15.999,7.684,2.508
2.10333,284.871,208.519,242.119,153.277,59.408,16.312,7.841,2.603
2.10667,291.193,212.979,247.748,156.864,60.554,16.561,7.963,2.596
2.11000,295.465,215.991,251.609,159.348,61.317,16.620,7.924,2.569
2.11333,297.625,217.570,253.532,160.534,61.764,16.691,7.955,2.581
2.11667,297.755,217.676,253.511,160.657,61.730,16.723,8.005,2.571
2.12000,295.754,216.309,251.767,159.478,61.485,16.716,7.938,2.505
2.12333,291.803,213.526,248.300,157.165,60.717,16.623,7.942,2.526
2.12667,286.014,209.484,243.284,154.027,59.666,16.331,7.875,2.598
2.13000,278.682,204.263,236.670,149.828,58.297,16.231,7.828,2.542
2.13333,269.966,198.099,228.869,144.860,56.726,15.953,7.810,2.509
2.13667,259.978,191.078,220.158,139.233,54.914,15.608,7.705,2.483
2.14000,249.090,183.521,210.580,133.076,52.973,15.317,7.499,2.559
2.14333,237.629,175.394,200.421,126.669,50.875,14.999,7.449,2.422
2.14667,225.702,167.074,189.958,119.918,48.765,14.618,7.285,2.442
2.15000,213.723,158.637,179.255,113.100,46.554,14.273,7.205,2.451
2.15333,201.705,150.214,168.595,106.313,44.396,13.919,7.063,2.493
2.15667,189.843,141.897,158.194,99.595,42.184,13.615,6.971,2.367
2.16000,178.292,133.827,147.971,93.127,40.225,13.286,6.787,2.409
2.16333,167.404,126.188,138.361,86.937,38.171,12.973,6.719,2.367
2.16667,157.045,118.885,129.257,81.079,36.335,12.627,6.556,2.377
2.17000,147.325,112.089,120.620,75.646,34.520,12.358,6.477,2.319
2.17333,138.247,105.773,112.659,70.513,32.913,12.055,6.509,2.334
2.17667,129.874,99.941,105.261,65.862,31.433,11.779,6.336,2.270
2.18000,122.279,94.560,98.537,61.557,30.037,11.660,6.313,2.313
2.18333,115.367,89.708,92.394,57.633,28.805,11.402,6.182,2.255
2.18667,109.053,85.324,86.880,54.148,27.676,11.248,6.164,2.232
2.19000,103.420,81.374,81.924,50.933,26.588,11.021,6.178,2.229
2.19333,98.362,77.860,77.451,48.131,25.776,10.906,6.098,2.246
2.19667,93.894,74.764,73.507,45.540,24.960,10.779,6.054,2.235
2.20000,89.902,71.916,69.893,43.318,24.253,10.623,6.015,2.227
2.20333,86.346,69.483,66.885,41.347,23.577,10.594,5.900,2.221
2.20667,83.225,67.360,64.037,39.571,23.048,10.494,5.961,2.222
2.21000,80.443,65.382,61.650,37.989,22.527,10.426,5.901,2.198
2.21333,78.032,63.680,59.447,36.634,22.101,10.304,5.884,2.178
2.21667,75.911,62.187,57.562,35.421,21.744,10.352,5.903,2.313
2.22000,74.051,60.918,55.889,34.378,21.395,10.242,5.894,2.210
2.22333,72.417,59.753,54.486,33.469,21.098,10.221,5.891,2.235
2.22667,70.974,58.792,53.208,32.628,20.785,10.160,5.916,2.202
2.23000,69.714,57.975,52.128,31.974,20.604,10.187,5.832,2.210
2.23333,68.750,57.233,51.105,31.374,20.476,10.095,5.855,2.246
2.23667,67.731,56.582,50.314,30.841,20.267,10.120,5.918,2.229
2.24000,66.935,56.058,49.606,30.323,20.144,10.069,5.896,2.221
2.24333,66.210,55.568,49.065,29.997,20.030,10.131,5.841,2.175
2.24667,65.664,55.215,48.569,29.638,19.998,10.133,5.839,2.207
2.25000,65.185,54.926,48.212,29.361,19.910,10.078,5.826,2.285
2.25333,64.714,54.653,47.873,29.074,19.839,10.078,5.822,2.255
2.25667,64.364,54.554,47.764,28.959,19.728,10.042,5.808,2.249
2.26000,64.200,54.489,47.687,28.825,19.658,10.102,5.808,2.276
2.26333,64.014,54.534,47.819,28.784,19.738,10.008,5.806,2.249
2.26667,63.927,54.844,48.058,28.822,19.709,10.032,5.844,2.274
2.27000,63.954,55.079,48.523,28.848,19.714,10.076,5.840,2.253
2.27333,64.038,55.648,49.243,29.116,19.726,10.147,5.927,2.288
2.27667,64.366,56.387,50.281,29.337,19.745,10.100,5.827,2.258
2.28000,64.741,57.315,51.718,29.679,19.823,10.200,5.852,2.288
2.28333,65.230,58.672,53.483,30.207,19.864,10.121,5.900,2.184
2.28667,66.111,60.350,55.903,30.860,19.888,10.205,5.849,2.345
2.29000,67.080,62.483,58.995,31.758,20.190,10.216,5.916,2.282
2.29333,68.454,65.118,62.712,32.931,20.324,10.199,5.912,2.326
2.29667,69.910,68.309,67.293,34.309,20.558,10.202,5.934,2.364
2.30000,71.899,72.302,72.920,35.926,20.906,10.239,5.950,2.322
2.30333,74.132,76.952,79.596,37.917,21.155,10.387,5.988,2.323
2.30667,76.949,82.435,87.442,40.280,21.573,10.366,6.001,2.275
2.31000,80.017,88.843,96.489,43.075,22.047,10.460,5.971,2.319
2.31333,83.723,96.174,106.992,46.185,22.532,10.504,6.072,2.304
2.31667,87.846,104.416,118.682,49.765,23.150,10.545,6.062,2.393
2.32000,92.379,113.788,131.845,53.695,23.789,10.608,6.151,2.428
2.32333,97.368,123.799,146.241,58.066,24.474,10.748,6.164,2.373
2.32667,102.881,134.851,161.934,62.845,25.211,10.853,6.173,2.391
2.33000,108.647,146.582,178.716,67.874,26.023,10.879,6.239,2.416
2.33333,114.791,158.982,196.189,73.121,26.993,10.938,6.301,2.442
2.33667,121.128,171.688,214.433,78.721,27.847,11.149,6.288,2.437
2.34000,127.565,184.706,232.776,84.332,28.784,11.226,6.350,2.471
2.34333,134.024,197.652,251.319,89.826,29.589,11.317,6.388,2.530
2.34667,140.316,210.315,269.243,95.303,30.580,11.468,6.419,2.549
2.35000,146.366,222.431,286.483,100.644,31.392,11.498,6.474,2.541
2.35333,152.027,233.843,302.690,105.415,32.290,11.622,6.554,2.578
2.35667,157.277,244.201,317.323,109.933,33.012,11.726,6.567,2.663
2.36000,161.719,253.247,330.083,113.831,33.575,11.765,6.648,2.603
2.36333,165.617,260.752,340.796,117.130,34.120,11.829,6.577,2.642
2.36667,168.498,266.679,349.121,119.728,34.542,11.865,6.656,2.600
2.37000,170.643,270.903,355.014,121.494,34.861,11.933,6.594,2.531
2.37333,171.766,273.163,358.268,122.530,35.041,11.986,6.630,2.647
2.37667,172.075,273.618,358.847,122.752,35.137,11.994,6.669,2.585
2.38000,171.440,272.265,356.949,122.135,35.056,11.896,6.683,2.666
2.38333,169.947,269.215,352.419,120.795,34.787,11.957,6.701,2.620
2.38667,167.625,264.456,345.794,118.762,34.525,11.967,6.710,2.614
2.39000,164.660,258.234,337.017,116.133,34.137,11.930,6.638,2.656
2.39333,160.906,250.833,326.368,112.903,33.594,11.881,6.625,2.626
2.39667,156.786,242.315,314.165,109.218,33.062,11.851,6.613,2.598
2.40000,152.154,232.892,300.793,105.175,32.411,11.802,6.598,2.576
2.40333,147.254,222.852,286.425,100.778,31.758,11.655,6.633,2.609
2.40667,142.099,212.366,271.581,96.248,31.085,11.697,6.533,2.555
2.41000,136.835,201.717,256.287,91.702,30.294,11.551,6.559,2.612
2.41333,131.573,190.973,240.843,87.059,29.575,11.498,6.492,2.550
2.41667,126.353,180.331,225.808,82.486,28.863,11.331,6.449,2.539
2.42000,121.327,169.932,210.996,78.016,28.215,11.334,6.489,2.502
2.42333,116.346,159.940,196.743,73.744,27.503,11.287,6.450,2.438
2.42667,111.738,150.449,183.063,69.658,26.858,11.275,6.537,2.525
2.43000,107.354,141.439,170.304,65.753,26.187,11.242,6.365,2.489
2.43333,103.193,133.117,158.257,62.102,25.616,11.194,6.389,2.468
2.43667,99.377,125.267,147.027,58.812,25.136,11.119,6.430,2.506
2.44000,95.911,118.123,136.755,55.789,24.710,11.066,6.330,2.450
2.44333,92.697,111.516,127.337,52.868,24.309,11.018,6.349,2.485
2.44667,89.883,105.531,118.780,50.339,23.831,11.074,6.365,2.439
2.45000,87.129,100.113,111.005,48.020,23.524,10.996,6.315,2.442
2.45333,84.849,95.192,103.908,45.895,23.213,10.958,6.342,2.447
2.45667,82.665,90.802,97.650,44.094,22.897,10.984,6.317,2.427
2.46000,80.832,86.895,92.005,42.421,22.677,10.934,6.276,2.497
2.46333,79.088,83.357,87.036,40.880,22.489,10.935,6.349,2.379
2.46667,77.702,80.291,82.490,39.563,22.250,10.928,6.344,2.457
2.47000,76.310,77.548,78.562,38.401,22.091,10.920,6.364,2.459
2.47333,75.141,75.088,74.990,37.270,21.961,10.919,6.291,2.474
2.47667,74.108,72.937,71.900,36.399,21.787,10.888,6.253,2.432
2.48000,73.251,71.005,69.095,35.568,21.654,10.891,6.335,2.456
2.48333,72.475,69.359,66.695,34.868,21.594,10.898,6.402,2.439
2.48667,71.762,67.842,64.521,34.214,21.496,10.992,6.264,2.461
2.49000,71.179,66.594,62.703,33.718,21.444,10.956,6.341,2.458
2.49333,70.697,65.410,61.013,33.185,21.370,10.997,6.313,2.446
2.49667,70.240,64.470,59.570,32.861,21.307,10.976,6.301,2.412
2.50000,69.854,63.644,58.266,32.458,21.209,10.897,6.384,2.459
2.50333,69.529,62.762,57.118,32.007,21.234,10.976,6.334,2.502
2.50667,69.237,62.160,56.171,31.811,21.221,10.926,6.313,2.443
2.51000,68.989,61.594,55.305,31.609,21.197,10.989,6.313,2.443
2.51333,68.742,61.041,54.463,31.404,21.191,11.013,6.314,2.478
2.51667,68.574,60.643,53.833,31.159,21.138,10.913,6.404,2.460
2.52000,68.476,60.246,53.280,31.029,21.144,11.047,6.302,2.462
2.52333,68.328,59.914,52.712,30.928,21.133,11.004,6.385,2.460
2.52667,68.335,59.643,52.314,30.786,21.106,11.046,6.392,2.441
2.53000,68.198,59.434,51.956,30.680,21.187,11.022,6.388,2.409
2.53333,68.137,59.177,51.564,30.650,21.203,11.073,6.410,2.505
2.53667,68.135,59.017,51.397,30.559,21.107,10.968,6.409,2.565
2.54000,68.136,58.902,51.181,30.525,21.182,11.046,6.387,2.477
2.54333,68.122,58.823,50.931,30.483,21.196,11.072,6.390,2.471
2.54667,68.099,58.693,50.769,30.414,21.193,11.016,6.462,2.458
2.55000,68.113,58.594,50.544,30.381,21.207,11.082,6.422,2.507
2.55333,68.145,58.539,50.405,30.416,21.214,11.097,6.426,2.513
2.55667,68.203,58.574,50.382,30.388,21.300,11.086,6.426,2.455
2.56000,68.167,58.515,50.272,30.349,21.263,11.193,6.465,2.455
2.56333,68.236,58.460,50.261,30.254,21.339,11.154,6.502,2.496
2.56667,68.245,58.477,50.172,30.392,21.305,11.148,6.439,2.500
2.57000,68.252,58.440,50.124,30.298,21.304,11.120,6.455,2.515
2.57333,68.438,58.493,50.111,30.376,21.386,11.179,6.482,2.519
2.57667,68.398,58.525,50.096,30.410,21.328,11.233,6.429,2.570
2.58000,68.434,58.528,50.020,30.467,21.409,11.233,6.446,2.467
2.58333,68.557,58.571,50.095,30.438,21.378,11.221,6.547,2.534
2.58667,68.584,58.654,50.039,30.559,21.409,11.176,6.447,2.588
2.59000,68.747,58.671,50.119,30.485,21.506,11.235,6.546,2.566
2.59333,68.734,58.703,50.114,30.540,21.448,11.208,6.514,2.497
2.59667,68.775,58.732,50.159,30.568,21.489,11.281,6.497,2.501
2.60000,68.916,58.711,50.101,30.540,21.523,11.257,6.526,2.482
2.60333,68.935,58.811,50.174,30.585,21.606,11.245,6.537,2.518
2.60667,69.085,58.845,50.214,30.607,21.604,11.283,6.593,2.535
2.61000,69.130,58.937,50.239,30.655,21.618,11.314,6.541,2.556
2.61333,69.192,58.987,50.252,30.665,21.627,11.307,6.535,2.530
2.61667,69.244,59.029,50.372,30.683,21.644,11.296,6.525,2.628
2.62000,69.275,59.094,50.364,30.749,21.671,11.350,6.522,2.564
2.62333,69.424,59.118,50.419,30.778,21.658,11.390,6.598,2.541
2.62667,69.449,59.212,50.503,30.767,21.754,11.351,6.552,2.597
2.63000,69.616,59.301,50.572,30.895,21.807,11.412,6.569,2.591
2.63333,69.692,59.339,50.539,30.860,21.787,11.434,6.609,2.578
2.63667,69.786,59.394,50.667,30.906,21.826,11.500,6.631,2.588
2.64000,69.800,59.461,50.747,30.964,21.805,11.403,6.558,2.549
2.64333,69.830,59.599,50.807,30.934,21.863,11.435,6.653,2.545
2.64667,69.968,59.660,50.786,31.016,21.884,11.475,6.617,2.558
2.65000,70.039,59.719,50.870,31.075,21.885,11.530,6.659,2.555
2.65333,70.067,59.768,50.924,31.101,21.907,11.501,6.635,2.589
2.65667,70.226,59.881,50.970,31.145,22.010,11.453,6.672,2.628
2.66000,70.325,59.883,50.984,31.184,22.025,11.520,6.738,2.575
2.66333,70.428,59.917,51.126,31.226,22.092,11.546,6.705,2.612
2.66667,70.443,60.079,51.137,31.286,22.001,11.557,6.652,2.636
2.67000,70.501,60.106,51.106,31.339,22.087,11.583,6.681,2.674
2.67333,70.616,60.178,51.275,31.287,22.072,11.573,6.705,2.633
2.67667,70.737,60.211,51.319,31.416,22.120,11.592,6.724,2.542
2.68000,70.842,60.310,51.321,31.448,22.093,11.580,6.657,2.569
2.68333,70.851,60.342,51.417,31.470,22.132,11.632,6.746,2.608
2.68667,70.929,60.515,51.477,31.475,22.212,11.579,6.705,2.626
2.69000,71.049,60.503,51.578,31.489,22.217,11.690,6.721,2.677
2.69333,71.127,60.572,51.624,31.528,22.245,11.657,6.723,2.610
2.69667,71.218,60.657,51.706,31.636,22.226,11.658,6.744,2.706
2.70000,71.326,60.820,51.766,31.624,22.273,11.698,6.722,2.662
2.70333,71.404,60.860,51.823,31.689,22.330,11.661,6.774,2.631
2.70667,71.486,60.877,51.859,31.691,22.343,11.661,6.839,2.661
2.71000,71.489,60.943,51.889,31.743,22.370,11.760,6.790,2.660
2.71333,71.634,61.007,52.005,31.807,22.330,11.726,6.769,2.671
2.71667,71.722,61.048,52.057,31.868,22.461,11.777,6.776,2.662
2.72000,71.824,61.190,52.102,31.833,22.421,11.742,6.835,2.646
2.72333,71.877,61.238,52.209,31.871,22.450,11.805,6.774,2.701
2.72667,71.960,61.338,52.300,31.949,22.484,11.843,6.824,2.684
2.73000,72.112,61.487,52.303,31.950,22.547,11.810,6.854,2.595
2.73333,72.161,61.501,52.370,31.933,22.596,11.819,6.816,2.634
2.73667,72.202,61.538,52.402,32.104,22.552,11.906,6.820,2.695
2.74000,72.307,61.647,52.501,32.080,22.579,11.855,6.847,2.689
2.74333,72.462,61.658,52.528,32.170,22.674,11.899,6.882,2.666
2.74667,72.556,61.821,52.602,32.206,22.584,11.916,6.884,2.629
2.75000,72.621,61.845,52.703,32.195,22.686,11.824,6.861,2.624
2.75333,72.676,61.944,52.678,32.272,22.711,11.916,6.891,2.659
2.75667,72.761,61.973,52.742,32.255,22.697,11.894,6.919,2.693
2.76000,72.871,62.068,52.882,32.358,22.721,11.966,6.887,2.663
2.76333,73.005,62.173,52.962,32.329,22.719,11.935,6.887,2.775
2.76667,73.069,62.188,53.041,32.350,22.839,11.923,6.928,2.677
2.77000,73.147,62.245,52.984,32.383,22.784,12.012,6.929,2.692
2.77333,73.177,62.394,53.146,32.449,22.858,11.943,6.893,2.719
2.77667,73.311,62.489,53.111,32.526,22.890,12.029,6.951,2.697
2.78000,73.362,62.541,53.234,32.567,22.849,12.039,6.944,2.723
2.78333,73.500,62.657,53.313,32.559,22.977,12.014,6.914,2.770
2.78667,73.586,62.646,53.417,32.605,22.897,12.030,6.947,2.728
2.79000,73.583,62.721,53.403,32.613,22.947,12.052,6.964,2.657
2.79333,73.698,62.870,53.482,32.691,23.021,12.179,6.994,2.764
2.79667,73.924,62.854,53.549,32.775,23.021,12.086,6.997,2.781
2.80000,73.910,62.932,53.644,32.780,22.987,12.173,7.020,2.717
2.80333,73.993,63.044,53.673,32.858,23.073,12.097,7.003,2.738
2.80667,74.029,63.099,53.685,32.870,23.115,12.134,6.998,2.746
2.81000,74.120,63.196,53.805,32.905,23.171,12.129,7.114,2.722
2.81333,74.271,63.272,53.833,32.970,23.171,12.175,7.124,2.722
2.81667,74.353,63.369,53.917,32.969,23.203,12.197,7.038,2.766
2.82000,74.450,63.430,53.953,33.011,23.209,12.190,7.008,2.777
2.82333,74.518,63.518,54.023,33.006,23.183,12.240,7.048,2.726
2.82667,74.606,63.557,54.132,33.087,23.337,12.232,7.122,2.709
2.83000,74.722,63.665,54.278,33.197,23.268,12.238,7.059,2.760
2.83333,74.807,63.695,54.165,33.176,23.332,12.241,7.075,2.724
2.83667,74.907,63.814,54.329,33.186,23.347,12.309,7.072,2.782
2.84000,74.950,63.828,54.347,33.274,23.328,12.343,7.129,2.748
2.84333,75.103,63.960,54.451,33.282,23.372,12.278,7.070,2.791
2.84667,75.166,63.956,54.490,33.349,23.394,12.331,7.170,2.809
2.85000,75.210,64.072,54.546,33.449,23.500,12.395,7.091,2.815
2.85333,75.399,64.144,54.639,33.461,23.484,12.341,7.084,2.775
2.85667,75.412,64.253,54.722,33.472,23.523,12.348,7.138,2.772
2.86000,75.491,64.346,54.764,33.567,23.550,12.412,7.183,2.820
2.86333,75.607,64.340,54.847,33.591,23.531,12.416,7.183,2.773
2.86667,75.672,64.531,54.852,33.603,23.575,12.432,7.146,2.754
2.87000,75.753,64.602,55.033,33.685,23.564,12.390,7.101,2.811
2.87333,75.886,64.684,55.057,33.698,23.694,12.439,7.221,2.787
2.87667,75.970,64.729,55.098,33.719,23.693,12.488,7.223,2.778
2.88000,76.016,64.770,55.116,33.845,23.696,12.447,7.207,2.781
2.88333,76.137,64.921,55.219,33.767,23.715,12.515,7.234,2.927
2.88667,76.264,64.902,55.262,33.875,23.720,12.441,7.238,2.877
2.89000,76.316,65.009,55.397,33.919,23.696,12.507,7.214,2.824
2.89333,76.371,65.110,55.402,33.867,23.833,12.574,7.211,2.873
2.89667,76.564,65.200,55.511,33.973,23.853,12.497,7.218,2.886
2.90000,76.558,65.267,55.532,33.996,23.891,12.590,7.240,2.826
2.90333,76.734,65.316,55.572,34.064,23.904,12.573,7.220,2.843
2.90667,76.754,65.406,55.722,34.110,23.976,12.590,7.255,2.855
2.91000,76.882,65.459,55.732,34.175,23.959,12.664,7.259,2.853
2.91333,76.963,65.496,55.836,34.133,23.981,12.562,7.232,2.922
2.91667,77.050,65.711,55.869,34.169,24.050,12.587,7.339,2.905
2.92000,77.157,65.707,55.923,34.250,24.061,12.662,7.318,2.795
2.92333,77.319,65.760,55.985,34.302,24.063,12.687,7.247,2.807
2.92667,77.377,65.928,56.123,34.442,24.088,12.717,7.364,2.867
2.93000,77.408,65.927,56.221,34.393,24.113,12.724,7.370,2.853
2.93333,77.489,66.054,56.176,34.456,24.186,12.752,7.275,2.858
2.93667,77.592,66.176,56.267,34.464,24.186,12.726,7.311,2.899
2.94000,77.714,66.232,56.293,34.521,24.176,12.778,7.266,2.891
2.94333,77.676,66.226,56.360,34.542,24.211,12.775,7.343,2.868
2.94667,77.864,66.329,56.442,34.555,24.309,12.776,7.334,2.907
2.95000,78.020,66.424,56.554,34.680,24.291,12.847,7.360,2.933
2.95333,78.019,66.502,56.594,34.650,24.357,12.852,7.401,2.948
2.95667,78.217,66.615,56.652,34.753,24.316,12.788,7.499,2.869
2.96000,78.246,66.649,56.775,34.692,24.350,12.782,7.436,2.935
2.96333,78.360,66.752,56.824,34.757,24.429,12.806,7.366,2.941
2.96667,78.418,66.834,56.806,34.852,24.396,12.840,7.431,2.975
2.97000,78.503,66.862,56.921,34.895,24.409,12.900,7.393,2.954
2.97333,78.615,66.977,57.034,34.944,24.480,12.959,7.387,2.914
2.97667,78.646,67.015,57.065,34.916,24.397,12.928,7.448,2.944
2.98000,78.816,67.211,57.167,35.002,24.497,12.957,7.453,2.901
2.98333,78.946,67.216,57.221,35.053,24.577,12.966,7.400,2.975
2.98667,78.943,67.348,57.301,35.043,24.588,12.978,7.428,2.979
2.99000,79.107,67.413,57.306,35.113,24.613,12.978,7.390,2.931
2.99333,79.205,67.444,57.419,35.184,24.642,12.985,7.418,2.894
2.99667,79.268,67.546,57.462,35.228,24.714,12.993,7.459,2.894
3.00000,79.365,67.570,57.578,35.272,24.672,13.028,7.452,2.971
3.00333,79.448,67.718,57.615,35.311,24.716,13.044,7.477,2.897
3.00667,79.611,67.769,57.647,35.388,24.746,12.945,7.537,2.934
3.01000,79.626,67.881,57.746,35.331,24.792,13.045,7.536,2.964
3.01333,79.717,67.886,57.874,35.409,24.763,13.078,7.501,2.944
3.01667,79.833,68.010,57.885,35.497,24.825,13.127,7.545,2.954
3.02000,79.972,68.058,57.940,35.517,24.843,13.107,7.574,3.002
3.02333,79.942,68.263,57.988,35.555,24.918,13.078,7.556,2.928
3.02667,80.163,68.278,58.083,35.598,24.895,13.200,7.561,3.056
3.03000,80.225,68.305,58.134,35.699,24.912,13.193,7.548,2.960
3.03333,80.271,68.458,58.289,35.737,24.938,13.176,7.537,3.021
3.03667,80.365,68.501,58.330,35.730,25.093,13.174,7.580,3.011
3.04000,80.467,68.630,58.329,35.851,24.997,13.194,7.598,2.981
3.04333,80.590,68.723,58.451,35.796,25.098,13.268,7.619,3.019
3.04667,80.702,68.768,58.556,35.911,25.092,13.232,7.582,2.989
3.05000,80.772,68.861,58.603,35.900,25.191,13.258,7.569,3.013
3.05333,80.896,68.950,58.624,35.940,25.153,13.276,7.569,3.018
3.05667,80.941,69.013,58.704,35.982,25.167,13.300,7.582,3.013
3.06000,81.073,69.068,58.748,36.068,25.191,13.302,7.608,2.997
3.06333,81.170,69.102,58.831,36.106,25.255,13.330,7.621,3.001
3.06667,81.243,69.254,58.891,36.115,25.233,13.298,7.708,2.970
3.07000,81.378,69.326,59.026,36.206,25.291,13.372,7.650,3.111
3.07333,81.472,69.375,59.063,36.174,25.319,13.348,7.652,3.018
3.07667,81.640,69.579,59.046,36.287,25.359,13.448,7.687,3.105
3.08000,81.636,69.594,59.260,36.329,25.336,13.444,7.768,3.101
3.08333,81.761,69.659,59.255,36.339,25.396,13.470,7.697,2.986
3.08667,81.845,69.789,59.326,36.373,25.380,13.409,7.658,3.054
3.09000,81.906,69.817,59.403,36.416,25.473,13.437,7.723,2.996
3.09333,82.026,69.978,59.471,36.448,25.503,13.472,7.673,3.063
3.09667,82.132,70.019,59.545,36.575,25.553,13.514,7.734,3.091
3.10000,82.235,70.075,59.615,36.579,25.520,13.452,7.766,3.045
3.10333,82.331,70.167,59.633,36.642,25.623,13.511,7.702,3.054
3.10667,82.388,70.241,59.693,36.571,25.649,13.553,7.763,3.126
3.11000,82.560,70.248,59.803,36.708,25.645,13.561,7.752,3.149
3.11333,82.644,70.352,59.886,36.685,25.662,13.577,7.732,3.118
3.11667,82.749,70.534,59.937,36.734,25.785,13.542,7.785,3.074
3.12000,82.770,70.603,60.050,36.860,25.700,13.594,7.813,3.109
3.12333,82.919,70.716,60.127,36.869,25.747,13.644,7.770,3.148
3.12667,82.937,70.719,60.152,36.918,25.718,13.672,7.896,3.045
3.13000,83.108,70.844,60.225,36.964,25.803,13.655,7.825,3.175
3.13333,83.170,70.975,60.269,37.021,25.784,13.644,7.850,3.138
3.13667,83.317,71.016,60.379,37.014,25.897,13.699,7.795,3.121
3.14000,83.397,71.085,60.422,37.055,25.890,13.765,7.853,3.123
3.14333,83.528,71.124,60.515,37.112,25.924,13.743,7.819,3.133
3.14667,83.544,71.228,60.597,37.116,25.984,13.695,7.846,3.106
3.15000,83.684,71.340,60.682,37.225,25.976,13.744,7.854,3.154
3.15333,83.783,71.407,60.769,37.211,25.983,13.786,7.922,3.166
3.15667,83.905,71.467,60.817,37.286,26.073,13.810,7.930,3.109
3.16000,84.021,71.590,60.893,37.351,26.096,13.820,7.895,3.181
3.16333,84.066,71.675,60.915,37.417,26.164,13.794,7.919,3.170
3.16667,84.185,71.730,61.006,37.452,26.163,13.794,7.922,3.145
3.17000,84.199,71.838,61.003,37.449,26.192,13.831,7.943,3.093
3.17333,84.409,71.929,61.238,37.522,26.229,13.893,7.943,3.100
3.17667,84.472,71.988,61.186,37.596,26.218,13.874,7.962,3.187
3.18000,84.656,72.092,61.344,37.593,26.278,13.876,7.958,3.182
3.18333,84.686,72.181,61.380,37.563,26.254,13.912,7.946,3.147
3.18667,84.747,72.235,61.443,37.716,26.304,13.946,8.013,3.214
3.19000,84.880,72.348,61.494,37.759,26.366,13.882,7.998,3.159
3.19333,84.968,72.519,61.571,37.750,26.394,14.017,8.005,3.156
3.19667,85.054,72.581,61.695,37.875,26.454,14.047,7.997,3.154
3.20000,85.191,72.572,61.771,37.852,26.455,13.967,8.044,3.183
3.20333,85.299,72.756,61.840,37.940,26.471,14.074,7.990,3.145
3.20667,85.367,72.765,61.867,37.977,26.526,14.031,8.045,3.143
3.21000,85.545,72.866,61.926,38.038,26.532,14.057,8.033,3.167
3.21333,85.582,72.926,62.049,38.021,26.518,14.060,7.965,3.274
3.21667,85.672,73.029,62.103,38.111,26.575,14.091,8.006,3.191
3.22000,85.796,73.130,62.145,38.127,26.657,14.082,8.035,3.267
3.22333,85.894,73.203,62.178,38.202,26.644,14.136,8.079,3.252
3.22667,85.959,73.292,62.284,38.244,26.680,14.157,8.031,3.312
3.23000,86.062,73.354,62.354,38.275,26.736,14.082,8.141,3.228
3.23333,86.130,73.428,62.445,38.278,26.769,14.125,8.100,3.251
3.23667,86.306,73.526,62.551,38.373,26.773,14.162,8.106,3.201
3.24000,86.339,73.610,62.503,38.481,26.882,14.212,8.148,3.286
3.24333,86.506,73.725,62.613,38.506,26.867,14.236,8.091,3.219
3.24667,86.606,73.843,62.710,38.493,26.921,14.242,8.114,3.199
3.25000,86.630,73.897,62.820,38.602,26.921,14.273,8.118,3.244
3.25333,86.777,73.963,62.899,38.585,26.925,14.242,8.187,3.251
3.25667,86.889,74.094,62.920,38.643,26.937,14.242,8.159,3.234
3.26000,86.948,74.162,63.037,38.689,27.050,14.292,8.138,3.321
3.26333,87.115,74.268,63.114,38.737,27.049,14.263,8.245,3.270
3.26667,87.151,74.321,63.165,38.770,26.990,14.283,8.189,3.315
3.27000,87.316,74.425,63.253,38.919,27.030,14.281,8.261,3.325
3.27333,87.498,74.477,63.330,38.864,27.107,14.404,8.260,3.261
3.27667,87.523,74.603,63.407,38.965,27.155,14.372,8.222,3.238
3.28000,87.590,74.653,63.451,39.015,27.168,14.385,8.270,3.296
3.28333,87.762,74.759,63.456,39.048,27.220,14.442,8.222,3.258
3.28667,87.838,74.829,63.632,39.021,27.272,14.427,8.253,3.301
3.29000,87.882,74.917,63.742,39.101,27.235,14.474,8.313,3.326
3.29333,88.030,74.963,63.738,39.145,27.280,14.429,8.245,3.350
3.29667,88.081,75.108,63.890,39.206,27.295,14.463,8.297,3.272
3.30000,88.177,75.249,63.917,39.270,27.385,14.460,8.264,3.286
3.30333,88.298,75.292,63.986,39.329,27.432,14.509,8.338,3.321
3.30667,88.428,75.383,64.041,39.362,27.430,14.491,8.322,3.304
3.31000,88.508,75.451,64.139,39.366,27.434,14.613,8.352,3.364
3.31333,88.561,75.511,64.212,39.428,27.485,14.555,8.279,3.334
3.31667,88.705,75.707,64.332,39.403,27.521,14.561,8.277,3.341
3.32000,88.831,75.747,64.341,39.483,27.552,14.669,8.318,3.313
3.32333,88.930,75.782,64.414,39.574,27.568,14.585,8.312,3.383
3.32667,89.060,75.863,64.529,39.656,27.624,14.656,8.350,3.296
3.33000,89.149,75.948,64.549,39.695,27.653,14.651,8.330,3.368
3.33333,89.270,76.050,64.609,39.682,27.629,14.619,8.445,3.342
3.33667,89.323,76.224,64.697,39.808,27.677,14.687,8.372,3.404
3.34000,89.471,76.212,64.788,39.840,27.713,14.661,8.423,3.360
3.34333,89.541,76.334,64.861,39.847,27.740,14.706,8.387,3.358
3.34667,89.660,76.415,64.938,39.943,27.801,14.808,8.470,3.404
3.35000,89.807,76.513,65.028,39.898,27.844,14.735,8.398,3.285
3.35333,89.844,76.646,65.131,39.926,27.872,14.913,8.437,3.308
3.35667,90.007,76.685,65.200,40.050,27.894,14.764,8.456,3.346
3.36000,90.049,76.831,65.229,40.142,27.891,14.751,8.466,3.358
3.36333,90.179,76.881,65.387,40.163,27.911,14.767,8.423,3.364
3.36667,90.282,77.005,65.359,40.194,27.981,14.757,8.470,3.439
3.37000,90.359,77.074,65.445,40.205,27.988,14.850,8.461,3.376
3.37333,90.445,77.157,65.545,40.277,28.100,14.826,8.457,3.381
3.37667,90.587,77.262,65.614,40.361,28.067,14.843,8.548,3.390
3.38000,90.732,77.278,65.694,40.396,28.090,14.992,8.454,3.397
3.38333,90.821,77.357,65.757,40.445,28.122,14.956,8.489,3.372
3.38667,90.955,77.528,65.904,40.506,28.179,14.935,8.535,3.420
3.39000,90.985,77.575,65.873,40.549,28.224,14.995,8.493,3.454
3.39333,91.081,77.626,66.002,40.555,28.182,14.901,8.505,3.400
3.39667,91.204,77.729,66.128,40.623,28.272,15.034,8.527,3.507
3.40000,91.239,77.890,66.191,40.681,28.251,15.112,8.570,3.500
3.40333,91.421,77.927,66.183,40.624,28.335,15.099,8.568,3.411
3.40667,91.485,77.967,66.270,40.709,28.352,15.072,8.520,3.469
3.41000,91.599,78.138,66.336,40.832,28.398,15.077,8.650,3.424
3.41333,91.810,78.249,66.443,40.860,28.426,15.081,8.628,3.439
3.41667,91.848,78.352,66.540,40.935,28.471,15.076,8.638,3.445
3.42000,91.971,78.364,66.566,40.869,28.463,15.124,8.667,3.527
3.42333,92.109,78.450,66.639,40.972,28.488,15.113,8.642,3.460
3.42667,92.183,78.533,66.717,41.067,28.546,15.145,8.569,3.492
3.43000,92.348,78.691,66.800,41.091,28.574,15.162,8.680,3.532
3.43333,92.383,78.711,66.955,41.111,28.590,15.214,8.609,3.450
3.43667,92.457,78.803,67.002,41.157,28.629,15.161,8.649,3.449
3.44000,92.554,78.919,67.031,41.238,28.741,15.162,8.709,3.454
3.44333,92.731,79.064,67.122,41.357,28.702,15.281,8.742,3.507
3.44667,92.829,79.141,67.178,41.291,28.769,15.242,8.716,3.421
3.45000,92.903,79.253,67.298,41.324,28.758,15.221,8.726,3.517
3.45333,93.048,79.327,67.368,41.333,28.814,15.284,8.688,3.482
3.45667,93.083,79.321,67.437,41.432,28.856,15.283,8.730,3.502
3.46000,93.207,79.574,67.579,41.569,28.864,15.389,8.711,3.538
3.46333,93.288,79.664,67.575,41.538,28.920,15.343,8.719,3.554
3.46667,93.425,79.719,67.728,41.617,28.922,15.407,8.764,3.545
3.47000,93.599,79.810,67.804,41.642,28.920,15.431,8.768,3.517
3.47333,93.669,79.929,67.876,41.685,29.031,15.463,8.720,3.541
3.47667,93.827,80.000,67.972,41.790,28.985,15.433,8.770,3.507
3.48000,93.954,80.190,68.097,41.811,29.096,15.544,8.799,3.600
3.48333,94.075,80.337,68.200,41.859,29.205,15.553,8.807,3.559
3.48667,94.229,80.553,68.295,41.899,29.208,15.712,8.854,3.571
3.49000,94.374,80.627,68.492,42.034,29.248,15.667,8.849,3.533
3.49333,94.611,80.960,68.707,42.121,29.312,15.761,8.902,3.570
3.49667,94.787,81.192,68.831,42.210,29.355,15.912,8.941,3.526
3.50000,95.061,81.560,69.172,42.288,29.409,16.058,8.922,3.601
3.50333,95.366,81.989,69.444,42.493,29.564,16.327,8.970,3.658
3.50667,95.713,82.534,69.849,42.646,29.625,16.560,8.990,3.603
3.51000,96.164,83.252,70.339,42.813,29.831,16.792,9.083,3.561
3.51333,96.726,83.970,70.862,43.041,29.952,17.274,9.128,3.580
3.51667,97.400,85.019,71.574,43.345,30.219,17.739,9.284,3.541
3.52000,98.118,86.215,72.535,43.634,30.387,18.419,9.438,3.619
3.52333,99.024,87.707,73.587,44.042,30.738,19.201,9.522,3.601
3.52667,100.088,89.460,74.781,44.444,31.136,20.128,9.733,3.614
3.53000,101.495,91.635,76.304,45.024,31.564,21.233,9.957,3.586
3.53333,103.070,94.092,78.162,45.639,32.049,22.684,10.145,3.638
3.53667,104.827,97.106,80.205,46.401,32.640,24.200,10.446,3.584
3.54000,106.893,100.538,82.792,47.279,33.378,26.102,10.762,3.623
3.54333,109.314,104.562,85.529,48.283,34.093,28.201,11.072,3.710
3.54667,112.094,109.137,88.767,49.479,35.026,30.733,11.568,3.729
3.55000,115.213,114.248,92.396,50.757,36.040,33.513,12.013,3.717
3.55333,118.663,120.055,96.496,52.195,37.250,36.657,12.635,3.678
3.55667,122.426,126.393,101.008,53.812,38.475,40.108,13.281,3.739
3.56000,126.603,133.446,105.932,55.531,39.882,43.865,13.906,3.768
3.56333,131.053,140.861,111.261,57.409,41.370,47.882,14.619,3.797
3.56667,135.929,148.923,116.904,59.411,42.964,52.296,15.478,3.844
3.57000,140.931,157.301,122.912,61.501,44.561,56.776,16.242,3.754
3.57333,146.120,166.150,129.137,63.748,46.336,61.632,17.047,3.877
3.57667,151.551,175.107,135.543,65.975,48.077,66.530,17.960,3.854
3.58000,156.988,184.230,141.982,68.268,49.940,71.502,18.794,3.899
3.58333,162.377,193.341,148.386,70.545,51.783,76.488,19.606,3.976
3.58667,167.700,202.180,154.742,72.690,53.445,81.349,20.483,3.882
3.59000,172.817,210.857,160.808,74.851,55.159,86.020,21.288,3.975
3.59333,177.675,218.937,166.629,76.877,56.859,90.472,22.116,3.953
3.59667,182.175,226.467,171.842,78.759,58.226,94.478,22.798,3.983
3.60000,186.198,233.078,176.577,80.460,59.673,98.167,23.499,3.958
3.60333,189.667,238.916,180.718,81.898,60.760,101.238,24.027,3.950
3.60667,192.630,243.817,184.166,83.093,61.776,103.858,24.528,4.043
3.61000,194.917,247.510,186.874,84.015,62.502,105.957,24.893,4.072
3.61333,196.584,250.200,188.720,84.736,63.051,107.434,25.149,4.070
3.61667,197.471,251.666,189.756,85.111,63.323,108.121,25.307,4.020
3.62000,197.659,251.976,189.958,85.176,63.418,108.326,25.313,4.007
3.62333,197.254,251.167,189.419,85.081,63.279,107.809,25.283,3.973
3.62667,196.067,249.252,188.050,84.657,62.858,106.754,25.037,4.045
3.63000,194.485,246.304,186.010,83.952,62.354,105.119,24.741,4.041
3.63333,192.244,242.442,183.306,83.020,61.647,102.940,24.307,4.091
3.63667,189.476,237.782,180.027,81.883,60.671,100.265,23.992,4.070
3.64000,186.359,232.365,176.157,80.577,59.639,97.347,23.428,4.094
3.64333,182.942,226.292,171.972,79.176,58.440,93.996,22.854,4.041
3.64667,179.048,219.851,167.377,77.532,57.197,90.357,22.197,4.003
3.65000,175.202,212.901,162.511,75.839,55.834,86.626,21.549,3.992
3.65333,170.963,205.935,157.615,74.126,54.521,82.680,20.947,3.980
3.65667,166.745,198.760,152.522,72.400,53.123,78.663,20.214,4.018
3.66000,162.586,191.579,147.469,70.666,51.672,74.694,19.439,3.948
3.66333,158.401,184.285,142.365,68.939,50.261,70.758,18.813,4.040
3.66667,154.333,177.335,137.437,67.212,48.985,66.833,18.127,4.061
3.67000,150.370,170.492,132.604,65.554,47.636,63.141,17.500,3.967
3.67333,146.575,163.996,128.013,63.966,46.306,59.473,16.872,3.967
3.67667,142.974,157.812,123.641,62.479,45.173,56.076,16.229,3.952
3.68000,139.490,151.916,119.449,61.011,44.055,52.797,15.673,3.961
3.68333,136.278,146.329,115.612,59.702,42.925,49.727,15.220,3.935
3.68667,133.261,141.204,112.015,58.444,41.905,46.800,14.688,3.970
3.69000,130.448,136.289,108.513,57.316,40.979,44.169,14.209,3.975
3.69333,127.863,131.875,105.273,56.215,40.118,41.674,13.837,3.867
3.69667,125.507,127.750,102.546,55.199,39.288,39.383,13.413,3.905
3.70000,123.358,124.029,99.910,54.308,38.594,37.315,13.042,3.920
3.70333,121.368,120.585,97.415,53.541,37.976,35.354,12.765,3.968
3.70667,119.594,117.381,95.198,52.746,37.392,33.572,12.445,3.937
3.71000,117.868,114.511,93.197,52.007,36.860,32.026,12.192,3.900
3.71333,116.423,111.883,91.415,51.566,36.272,30.562,11.923,3.907
3.71667,115.149,109.553,89.711,50.922,35.813,29.229,11.640,3.918
3.72000,114.022,107.446,88.242,50.485,35.462,28.033,11.512,3.912
3.72333,112.871,105.489,86.987,49.996,35.119,26.987,11.323,3.850
3.72667,111.854,103.824,85.665,49.612,34.774,26.031,11.135,3.864
3.73000,111.069,102.358,84.617,49.227,34.512,25.048,11.002,3.904
3.73333,110.246,100.880,83.652,48.921,34.270,24.318,10.903,3.922
3.73667,109.549,99.551,82.796,48.729,34.033,23.517,10.714,3.915
3.74000,109.035,98.503,81.988,48.457,33.726,22.930,10.590,3.906
3.74333,108.482,97.495,81.352,48.148,33.628,22.315,10.575,3.893
3.74667,107.959,96.626,80.685,47.966,33.508,21.871,10.499,3.874
3.75000,107.576,95.843,80.192,47.804,33.371,21.383,10.400,3.921
3.75333,107.218,95.102,79.724,47.717,33.267,20.960,10.358,3.983
3.75667,106.962,94.495,79.249,47.549,33.090,20.606,10.266,3.912
3.76000,106.689,93.882,78.915,47.454,33.014,20.250,10.186,3.898
3.76333,106.400,93.447,78.536,47.317,32.937,19.971,10.167,3.961
3.76667,106.207,92.942,78.273,47.257,32.806,19.685,10.072,3.936
3.77000,105.973,92.568,77.986,47.161,32.761,19.417,10.059,3.942
3.77333,105.855,92.258,77.827,47.130,32.740,19.158,10.015,3.946
3.77667,105.724,92.004,77.564,47.097,32.718,18.990,10.001,3.956
3.78000,105.621,91.740,77.379,47.064,32.619,18.800,10.006,3.934
3.78333,105.571,91.485,77.281,47.041,32.667,18.621,9.966,4.045
3.78667,105.581,91.353,77.110,47.049,32.621,18.559,9.948,4.005
3.79000,105.495,91.130,77.053,47.019,32.696,18.412,9.911,3.967
3.79333,105.523,91.064,76.988,47.023,32.578,18.261,9.959,3.948
3.79667,105.445,90.883,76.954,47.011,32.611,18.220,9.892,3.952
3.80000,105.513,90.869,76.862,46.999,32.596,18.117,9.935,3.999
3.80333,105.497,90.763,76.846,46.939,32.632,18.103,9.928,4.013
3.80667,105.524,90.656,76.752,47.069,32.598,18.068,9.849,3.924
3.81000,105.595,90.663,76.793,47.071,32.600,17.936,9.939,3.964
3.81333,105.619,90.687,76.770,47.098,32.587,17.811,9.898,4.060
3.81667,105.683,90.598,76.725,47.100,32.649,17.813,9.943,3.979
3.82000,105.676,90.640,76.731,47.155,32.663,17.847,9.905,3.983
3.82333,105.756,90.624,76.812,47.163,32.633,17.762,9.906,3.962
3.82667,105.852,90.643,76.868,47.160,32.715,17.732,9.877,4.002
3.83000,105.857,90.666,76.824,47.269,32.679,17.701,9.939,3.993
3.83333,105.996,90.696,76.920,47.220,32.673,17.700,10.000,4.038
3.83667,106.091,90.756,76.885,47.319,32.799,17.647,9.909,4.019
3.84000,106.114,90.758,76.918,47.310,32.764,17.683,9.917,4.077
3.84333,106.245,90.834,77.022,47.330,32.775,17.700,9.937,3.996
3.84667,106.244,90.829,77.069,47.430,32.800,17.661,9.963,4.076
3.85000,106.419,90.961,77.187,47.505,32.851,17.660,9.966,4.058
3.85333,106.536,90.975,77.117,47.495,32.925,17.650,10.010,4.017
3.85667,106.536,91.033,77.269,47.530,32.918,17.652,10.010,4.075
3.86000,106.681,91.120,77.326,47.617,32.937,17.631,9.911,4.091
3.86333,106.775,91.218,77.417,47.643,32.945,17.722,10.012,4.026
3.86667,106.908,91.286,77.415,47.660,33.002,17.678,9.989,4.048
3.87000,106.997,91.362,77.487,47.678,32.944,17.699,9.990,4.055
3.87333,107.107,91.443,77.561,47.812,33.085,17.689,9.944,4.039
3.87667,107.197,91.532,77.634,47.802,33.080,17.654,10.004,4.103
3.88000,107.245,91.544,77.781,47.831,33.134,17.671,9.980,4.058
3.88333,107.422,91.722,77.820,47.897,33.164,17.756,10.022,4.097
3.88667,107.499,91.816,77.822,47.970,33.240,17.763,9.979,4.117
3.89000,107.579,91.800,77.958,47.994,33.277,17.775,10.085,4.131
3.89333,107.774,91.905,78.012,48.081,33.212,17.740,10.050,4.080
3.89667,107.895,92.075,78.079,48.123,33.299,17.773,10.053,4.119
3.90000,107.906,92.130,78.116,48.191,33.346,17.755,10.008,4.061
3.90333,108.073,92.227,78.315,48.194,33.346,17.812,10.091,4.056
3.90667,108.196,92.293,78.308,48.259,33.358,17.838,10.047,4.126
3.91000,108.321,92.415,78.449,48.317,33.385,17.854,10.083,4.041
3.91333,108.370,92.491,78.468,48.374,33.434,17.833,10.131,4.123
3.91667,108.501,92.598,78.519,48.345,33.444,17.904,10.155,4.110
3.92000,108.639,92.690,78.684,48.414,33.510,17.865,10.123,4.075
3.92333,108.741,92.777,78.711,48.509,33.544,17.884,10.180,4.126
3.92667,108.894,92.868,78.843,48.619,33.561,17.892,10.100,4.154
3.93000,109.040,93.042,78.899,48.564,33.615,17.982,10.177,4.138
3.93333,109.086,93.101,78.973,48.649,33.602,17.983,10.196,4.121
3.93667,109.200,93.194,79.011,48.804,33.639,18.016,10.214,4.146
3.94000,109.338,93.267,79.140,48.737,33.703,17.979,10.240,4.230
3.94333,109.413,93.412,79.229,48.847,33.775,17.995,10.243,4.177
3.94667,109.483,93.511,79.264,48.882,33.706,18.008,10.212,4.082
3.95000,109.658,93.579,79.378,48.895,33.781,18.090,10.213,4.143
3.95333,109.791,93.633,79.447,48.954,33.840,18.090,10.216,4.181
3.95667,109.939,93.752,79.560,49.057,33.937,18.151,10.243,4.203
3.96000,109.924,93.785,79.642,49.041,33.939,18.177,10.301,4.228
3.96333,110.115,93.931,79.764,49.113,34.008,18.145,10.303,4.175
3.96667,110.239,94.073,79.818,49.246,33.980,18.119,10.272,4.199
3.97000,110.342,94.204,79.883,49.309,34.027,18.188,10.259,4.216
3.97333,110.481,94.197,79.991,49.317,34.058,18.242,10.260,4.214
3.97667,110.603,94.337,80.096,49.312,34.026,18.214,10.307,4.248
3.98000,110.745,94.401,80.138,49.332,34.148,18.192,10.370,4.203
3.98333,110.861,94.497,80.218,49.412,34.155,18.235,10.319,4.223
3.98667,110.922,94.685,80.324,49.544,34.183,18.267,10.373,4.231
3.99000,111.050,94.746,80.398,49.607,34.206,18.321,10.297,4.154
3.99333,111.171,94.846,80.476,49.544,34.283,18.308,10.321,4.159
3.99667,111.264,94.912,80.534,49.652,34.262,18.280,10.330,4.188
4.00000,111.366,95.042,80.646,49.728,34.355,18.371,10.373,4.231
4.00333,111.512,95.149,80.717,49.737,34.351,18.354,10.367,4.220
4.00667,111.613,95.256,80.774,49.830,34.381,18.383,10.404,4.270
4.01000,111.695,95.328,80.913,49.883,34.441,18.402,10.382,4.253
4.01333,111.857,95.472,80.959,49.892,34.483,18.392,10.397,4.306
4.01667,111.971,95.517,81.138,49.965,34.497,18.437,10.411,4.265
4.02000,112.126,95.668,81.150,50.065,34.563,18.435,10.473,4.248
4.02333,112.213,95.795,81.223,50.115,34.555,18.523,10.449,4.222
4.02667,112.384,95.826,81.225,50.130,34.631,18.429,10.448,4.286
4.03000,112.461,95.930,81.375,50.159,34.613,18.515,10.540,4.270
4.03333,112.657,96.088,81.458,50.244,34.669,18.523,10.490,4.283
4.03667,112.724,96.201,81.563,50.307,34.726,18.557,10.472,4.361
4.04000,112.776,96.258,81.692,50.376,34.793,18.577,10.504,4.282
4.04333,112.926,96.328,81.664,50.361,34.809,18.550,10.496,4.281
4.04667,113.033,96.508,81.831,50.466,34.854,18.595,10.578,4.313
4.05000,113.177,96.594,81.881,50.502,34.882,18.537,10.564,4.301
4.05333,113.252,96.687,82.007,50.547,34.869,18.679,10.583,4.310
4.05667,113.417,96.801,82.112,50.582,34.905,18.678,10.585,4.337
4.06000,113.542,96.850,82.170,50.706,34.960,18.760,10.606,4.321
4.06333,113.637,96.920,82.212,50.718,35.007,18.733,10.571,4.358
4.06667,113.793,97.011,82.377,50.825,35.048,18.774,10.557,4.323
4.07000,113.863,97.089,82.341,50.838,35.111,18.719,10.649,4.409
4.07333,113.963,97.226,82.477,50.903,35.107,18.767,10.624,4.292
4.07667,114.047,97.337,82.588,50.932,35.149,18.710,10.608,4.398
4.08000,114.218,97.447,82.695,51.004,35.205,18.841,10.616,4.385
4.08333,114.305,97.554,82.762,51.052,35.286,18.786,10.595,4.456
4.08667,114.403,97.716,82.848,51.073,35.299,18.846,10.634,4.341
4.09000,114.623,97.751,82.919,51.156,35.290,18.929,10.637,4.372
4.09333,114.673,97.873,83.005,51.160,35.344,18.896,10.669,4.396
4.09667,114.825,98.000,83.042,51.225,35.346,18.876,10.711,4.385
4.10000,114.918,98.087,83.232,51.308,35.396,18.903,10.652,4.363
4.10333,115.082,98.216,83.276,51.385,35.438,18.997,10.673,4.384
4.10667,115.188,98.335,83.406,51.467,35.522,18.998,10.719,4.395
4.11000,115.261,98.391,83.352,51.464,35.466,18.987,10.756,4.385
4.11333,115.428,98.420,83.517,51.527,35.577,18.984,10.668,4.415
4.11667,115.515,98.604,83.684,51.616,35.580,18.974,10.759,4.439
4.12000,115.630,98.701,83.756,51.681,35.634,19.039,10.761,4.402
4.12333,115.751,98.797,83.754,51.712,35.682,19.059,10.824,4.375
4.12667,115.910,98.801,83.818,51.757,35.733,19.074,10.702,4.412
4.13000,115.965,98.926,84.025,51.794,35.708,19.110,10.772,4.390
4.13333,116.121,99.128,84.017,51.849,35.733,19.154,10.832,4.403
4.13667,116.283,99.219,84.154,51.846,35.754,19.139,10.844,4.439
4.14000,116.384,99.270,84.243,51.987,35.874,19.204,10.831,4.488
4.14333,116.493,99.370,84.288,51.975,35.873,19.145,10.842,4.468
4.14667,116.677,99.517,84.383,52.040,35.899,19.200,10.864,4.428
4.15000,116.739,99.633,84.489,52.141,35.889,19.207,10.803,4.520
4.15333,116.909,99.665,84.516,52.055,36.011,19.273,10.952,4.467
4.15667,116.954,99.771,84.694,52.209,36.040,19.279,10.917,4.456
4.16000,117.068,99.921,84.751,52.260,36.008,19.233,10.891,4.480
4.16333,117.182,100.047,84.798,52.346,36.056,19.305,10.974,4.479
4.16667,117.351,100.095,84.884,52.369,36.215,19.303,10.919,4.483
4.17000,117.472,100.232,85.013,52.377,36.171,19.347,10.929,4.518
4.17333,117.568,100.301,85.127,52.539,36.178,19.450,10.958,4.462
4.17667,117.708,100.390,85.190,52.575,36.179,19.450,10.939,4.478
4.18000,117.816,100.543,85.299,52.572,36.266,19.337,10.984,4.480
4.18333,117.976,100.617,85.337,52.676,36.336,19.390,10.958,4.505
4.18667,118.133,100.706,85.430,52.741,36.372,19.510,10.922,4.548
4.19000,118.159,100.828,85.536,52.716,36.387,19.501,10.962,4.503
4.19333,118.267,100.923,85.519,52.828,36.460,19.438,10.993,4.503
4.19667,118.404,101.057,85.732,52.934,36.413,19.445,11.032,4.500
4.20000,118.556,101.125,85.721,52.936,36.495,19.548,11.010,4.558
4.20333,118.620,101.207,85.853,53.022,36.457,19.612,10.978,4.482
4.20667,118.716,101.355,85.994,52.947,36.595,19.655,11.050,4.594
4.21000,118.852,101.499,86.031,53.058,36.596,19.577,11.037,4.553
4.21333,119.001,101.521,86.146,53.137,36.605,19.604,11.042,4.543
4.21667,119.112,101.671,86.226,53.172,36.584,19.596,11.081,4.528
4.22000,119.303,101.745,86.259,53.236,36.745,19.652,11.112,4.572
4.22333,119.345,101.820,86.393,53.342,36.727,19.655,11.106,4.542
4.22667,119.558,102.019,86.472,53.418,36.714,19.602,11.062,4.573
4.23000,119.570,102.076,86.583,53.426,36.851,19.717,11.114,4.526
4.23333,119.692,102.175,86.652,53.474,36.874,19.719,11.149,4.623
4.23667,119.842,102.215,86.751,53.573,36.859,19.684,11.128,4.612
4.24000,120.032,102.397,86.835,53.616,36.890,19.785,11.151,4.618
4.24333,120.098,102.475,86.943,53.606,36.969,19.801,11.194,4.557
4.24667,120.250,102.558,86.995,53.724,36.968,19.752,11.175,4.544
4.25000,120.348,102.652,87.083,53.789,37.032,19.784,11.176,4.613
4.25333,120.491,102.808,87.185,53.763,37.077,19.834,11.179,4.657
4.25667,120.549,102.878,87.255,53.878,37.162,19.872,11.228,4.610
4.26000,120.711,102.956,87.306,53.946,37.145,19.880,11.227,4.625
4.26333,120.803,103.107,87.382,53.898,37.186,19.929,11.223,4.677
4.26667,120.978,103.164,87.518,54.016,37.157,19.907,11.280,4.578
4.27000,121.001,103.321,87.632,54.097,37.222,19.904,11.277,4.680
4.27333,121.138,103.419,87.678,54.127,37.280,19.953,11.196,4.599
4.27667,121.295,103.488,87.817,54.150,37.330,20.062,11.290,4.611
4.28000,121.438,103.604,87.837,54.211,37.360,19.979,11.301,4.633
4.28333,121.583,103.693,87.941,54.309,37.390,20.122,11.304,4.622
4.28667,121.704,103.787,88.062,54.361,37.459,20.056,11.344,4.576
4.29000,121.793,103.894,88.110,54.384,37.430,20.066,11.335,4.632
4.29333,121.937,103.986,88.256,54.465,37.478,20.125,11.298,4.639
4.29667,122.016,104.158,88.329,54.498,37.552,20.105,11.311,4.647
4.30000,122.129,104.218,88.368,54.566,37.577,20.101,11.341,4.760
4.30333,122.269,104.431,88.460,54.579,37.596,20.122,11.306,4.671
4.30667,122.418,104.437,88.504,54.733,37.627,20.188,11.385,4.679
4.31000,122.512,104.517,88.610,54.730,37.667,20.122,11.360,4.678
4.31333,122.625,104.667,88.710,54.710,37.781,20.207,11.401,4.694
4.31667,122.783,104.711,88.828,54.817,37.738,20.219,11.385,4.724
4.32000,122.804,104.870,88.894,54.865,37.827,20.248,11.441,4.757
4.32333,122.984,104.927,88.999,54.982,37.828,20.274,11.439,4.596
4.32667,123.111,105.031,89.080,55.031,37.805,20.237,11.419,4.704
4.33000,123.162,105.164,89.182,55.018,37.909,20.303,11.396,4.781
4.33333,123.324,105.246,89.210,55.140,37.907,20.263,11.471,4.711
4.33667,123.460,105.401,89.331,55.178,37.983,20.357,11.529,4.754
4.34000,123.593,105.437,89.436,55.262,38.052,20.402,11.472,4.775
4.34333,123.775,105.531,89.462,55.326,38.025,20.367,11.432,4.729
4.34667,123.804,105.700,89.594,55.384,38.040,20.409,11.535,4.783
4.35000,123.975,105.724,89.697,55.406,38.175,20.444,11.479,4.774
4.35333,124.018,105.855,89.771,55.452,38.190,20.384,11.497,4.789
4.35667,124.196,105.990,89.895,55.468,38.188,20.482,11.531,4.751
4.36000,124.398,106.103,90.039,55.546,38.291,20.454,11.546,4.766
4.36333,124.481,106.143,90.089,55.644,38.272,20.479,11.528,4.787
4.36667,124.532,106.272,90.136,55.695,38.319,20.531,11.549,4.778
4.37000,124.723,106.372,90.290,55.713,38.331,20.491,11.581,4.760
4.37333,124.871,106.514,90.336,55.773,38.396,20.498,11.521,4.792
4.37667,124.902,106.592,90.373,55.817,38.391,20.524,11.595,4.791
4.38000,124.998,106.684,90.540,55.935,38.416,20.562,11.604,4.743
4.38333,125.212,106.784,90.530,56.000,38.512,20.594,11.654,4.796
4.38667,125.230,106.901,90.688,56.087,38.508,20.599,11.621,4.775
4.39000,125.463,106.994,90.759,56.021,38.585,20.646,11.615,4.774
4.39333,125.576,107.073,90.798,56.111,38.577,20.711,11.618,4.724
4.39667,125.652,107.196,90.926,56.075,38.618,20.695,11.708,4.789
4.40000,125.760,107.368,90.950,56.203,38.643,20.660,11.696,4.789
4.40333,125.888,107.484,91.117,56.319,38.713,20.770,11.690,4.853
4.40667,126.029,107.602,91.212,56.289,38.682,20.769,11.730,4.827
4.41000,126.159,107.639,91.263,56.385,38.751,20.771,11.705,4.844
4.41333,126.292,107.826,91.365,56.456,38.880,20.781,11.706,4.911
4.41667,126.397,107.831,91.464,56.519,38.810,20.874,11.718,4.837
4.42000,126.401,107.951,91.556,56.489,38.805,20.883,11.763,4.886
4.42333,126.695,108.053,91.563,56.623,38.931,20.834,11.761,4.913
4.42667,126.751,108.166,91.675,56.641,38.973,20.882,11.767,4.925
4.43000,126.800,108.315,91.771,56.707,39.031,20.889,11.825,4.860
4.43333,127.010,108.388,91.881,56.724,39.044,20.953,11.788,4.858
4.43667,127.106,108.456,92.012,56.836,39.043,20.981,11.819,4.824
4.44000,127.271,108.570,92.069,56.850,39.071,20.948,11.798,4.899
4.44333,127.369,108.628,92.125,56.962,39.219,21.012,11.847,4.930
4.44667,127.500,108.799,92.239,56.936,39.140,21.054,11.772,4.853
4.45000,127.650,108.822,92.317,57.067,39.212,21.024,11.820,4.877
4.45333,127.757,109.007,92.482,57.102,39.272,21.039,11.877,4.871
4.45667,127.924,109.080,92.512,57.156,39.307,21.049,11.904,4.852
4.46000,127.981,109.197,92.571,57.229,39.367,21.111,11.923,4.976
4.46333,128.090,109.331,92.607,57.236,39.382,21.157,11.945,4.857
4.46667,128.228,109.444,92.812,57.367,39.435,21.159,11.905,4.995
4.47000,128.331,109.501,92.897,57.355,39.445,21.060,11.988,4.977
4.47333,128.504,109.616,92.955,57.383,39.444,21.151,11.909,4.890
4.47667,128.577,109.718,92.985,57.488,39.548,21.210,11.894,4.928
4.48000,128.682,109.895,93.132,57.515,39.600,21.270,11.906,4.934
4.48333,128.845,109.919,93.158,57.601,39.631,21.237,11.988,4.977
4.48667,128.897,110.014,93.270,57.588,39.634,21.285,12.000,4.951
4.49000,129.068,110.089,93.392,57.728,39.641,21.257,11.894,4.998
4.49333,129.170,110.340,93.462,57.742,39.693,21.288,11.996,4.971
4.49667,129.366,110.396,93.576,57.757,39.701,21.318,11.936,5.013
4.50000,129.501,110.456,93.605,57.865,39.768,21.402,12.056,4.979
4.50333,129.580,110.582,93.721,57.886,39.817,21.366,12.010,4.998
4.50667,129.647,110.672,93.791,57.966,39.812,21.337,12.003,4.975
4.51000,129.815,110.814,93.867,58.010,39.859,21.393,12.032,5.041
4.51333,129.921,110.914,93.972,58.072,39.847,21.386,12.056,4.975
4.51667,130.075,110.963,94.134,58.097,39.948,21.363,12.051,4.991
4.52000,130.144,111.127,94.156,58.203,39.935,21.432,12.100,4.996
4.52333,130.333,111.230,94.312,58.277,39.993,21.483,12.119,5.021
4.52667,130.462,111.333,94.332,58.323,40.078,21.497,12.116,5.044
4.53000,130.501,111.399,94.439,58.391,40.107,21.523,12.124,5.049
4.53333,130.750,111.538,94.498,58.389,40.134,21.508,12.114,5.065
4.53667,130.752,111.587,94.642,58.455,40.172,21.592,12.111,5.034
4.54000,130.900,111.785,94.722,58.473,40.165,21.573,12.166,5.013
4.54333,131.021,111.811,94.730,58.633,40.285,21.603,12.151,5.066
4.54667,131.157,111.940,94.846,58.629,40.250,21.628,12.202,5.045
4.55000,131.233,112.085,94.990,58.713,40.391,21.630,12.149,5.050
4.55333,131.387,112.159,95.115,58.678,40.330,21.597,12.166,5.074
4.55667,131.565,112.217,95.123,58.804,40.376,21.702,12.195,5.074
4.56000,131.700,112.364,95.210,58.881,40.448,21.725,12.246,5.069
4.56333,131.777,112.421,95.330,58.949,40.513,21.663,12.202,5.062
4.56667,131.855,112.548,95.403,58.953,40.497,21.732,12.241,5.046
4.57000,132.041,112.672,95.489,59.014,40.564,21.764,12.241,5.116
4.57333,132.147,112.770,95.659,59.126,40.652,21.659,12.173,5.043
4.57667,132.201,112.940,95.676,59.142,40.676,21.817,12.256,5.130
4.58000,132.405,112.967,95.817,59.180,40.672,21.848,12.258,5.077
4.58333,132.519,113.077,95.894,59.249,40.651,21.863,12.305,5.063
4.58667,132.660,113.237,95.951,59.316,40.733,21.900,12.255,5.078
4.59000,132.773,113.370,96.081,59.342,40.752,21.848,12.313,5.116
4.59333,132.875,113.447,96.037,59.442,40.787,21.809,12.354,5.154
4.59667,132.986,113.518,96.219,59.526,40.844,21.953,12.284,5.137
4.60000,133.147,113.664,96.285,59.547,40.881,21.934,12.307,5.112
4.60333,133.202,113.753,96.382,59.552,40.865,21.942,12.358,5.041
4.60667,133.335,113.820,96.503,59.650,40.930,21.992,12.405,5.113
4.61000,133.450,113.933,96.556,59.689,41.044,21.996,12.375,5.184
4.61333,133.611,114.021,96.647,59.738,41.123,22.016,12.432,5.203
4.61667,133.784,114.138,96.719,59.799,41.070,22.100,12.477,5.165
4.62000,133.882,114.304,96.859,59.886,41.115,22.032,12.385,5.110
4.62333,133.968,114.380,96.929,59.919,41.161,22.110,12.427,5.140
4.62667,134.074,114.472,96.967,59.969,41.163,22.106,12.388,5.183
4.63000,134.236,114.569,97.093,60.074,41.191,22.106,12.418,5.169
4.63333,134.277,114.661,97.182,60.092,41.258,22.122,12.541,5.208
4.63667,134.495,114.841,97.243,60.112,41.306,22.172,12.486,5.167
4.64000,134.535,114.867,97.411,60.201,41.323,22.193,12.526,5.175
4.64333,134.747,114.970,97.455,60.269,41.390,22.264,12.495,5.269
4.64667,134.873,115.116,97.546,60.289,41.410,22.224,12.487,5.185
4.65000,134.936,115.212,97.644,60.328,41.426,22.191,12.471,5.237
4.65333,135.143,115.289,97.705,60.395,41.521,22.265,12.533,5.230
4.65667,135.226,115.366,97.810,60.460,41.523,22.269,12.571,5.222
4.66000,135.304,115.516,97.892,60.517,41.510,22.313,12.627,5.180
4.66333,135.450,115.550,98.007,60.516,41.600,22.324,12.619,5.172
4.66667,135.561,115.664,98.137,60.638,41.623,22.315,12.562,5.205
4.67000,135.692,115.866,98.199,60.672,41.686,22.307,12.562,5.230
4.67333,135.857,115.993,98.256,60.719,41.711,22.383,12.612,5.246
4.67667,135.920,116.040,98.339,60.813,41.731,22.449,12.584,5.241
4.68000,136.018,116.135,98.412,60.807,41.801,22.449,12.660,5.204
4.68333,136.182,116.223,98.518,60.933,41.772,22.457,12.677,5.263
4.68667,136.322,116.364,98.566,60.940,41.872,22.477,12.613,5.228
4.69000,136.456,116.427,98.709,61.107,41.910,22.512,12.651,5.300
4.69333,136.545,116.562,98.781,61.033,41.985,22.550,12.593,5.285
4.69667,136.627,116.685,98.882,61.086,41.954,22.534,12.678,5.250
4.70000,136.735,116.798,98.909,61.169,41.979,22.546,12.649,5.244
4.70333,136.970,116.857,99.047,61.320,41.982,22.534,12.634,5.320
4.70667,137.099,116.995,99.155,61.299,42.006,22.582,12.676,5.259
4.71000,137.216,117.109,99.279,61.327,42.108,22.550,12.690,5.277
4.71333,137.318,117.190,99.303,61.417,42.131,22.593,12.720,5.336
4.71667,137.388,117.240,99.347,61.422,42.174,22.699,12.690,5.301
4.72000,137.523,117.401,99.469,61.551,42.284,22.678,12.761,5.282
4.72333,137.731,117.532,99.505,61.603,42.255,22.735,12.806,5.333
4.72667,137.782,117.615,99.708,61.620,42.290,22.717,12.709,5.302
4.73000,137.872,117.723,99.756,61.645,42.282,22.761,12.810,5.272
4.73333,138.031,117.805,99.891,61.731,42.309,22.778,12.802,5.286
4.73667,138.173,117.941,99.988,61.839,42.368,22.796,12.774,5.396
4.74000,138.250,118.118,99.992,61.862,42.428,22.847,12.830,5.335
4.74333,138.405,118.139,100.095,61.926,42.512,22.746,12.787,5.308
4.74667,138.526,118.203,100.219,61.919,42.499,22.866,12.829,5.405
4.75000,138.650,118.381,100.258,62.039,42.569,22.861,12.857,5.317
4.75333,138.737,118.392,100.444,62.116,42.659,22.881,12.931,5.351
4.75667,138.898,118.584,100.467,62.177,42.564,22.875,12.871,5.377
4.76000,139.014,118.666,100.555,62.192,42.635,22.940,12.905,5.325
4.76333,139.159,118.762,100.682,62.204,42.686,22.984,12.887,5.369
4.76667,139.227,118.889,100.710,62.279,42.702,22.936,12.957,5.387
4.77000,139.343,119.018,100.789,62.378,42.812,22.993,12.881,5.377
4.77333,139.541,119.088,100.885,62.439,42.809,22.970,12.838,5.364
4.77667,139.602,119.152,100.972,62.462,42.898,22.930,12.941,5.378
4.78000,139.721,119.263,101.013,62.547,42.931,23.087,12.888,5.378
4.78333,139.809,119.345,101.131,62.578,42.959,23.084,12.972,5.386
4.78667,139.964,119.518,101.349,62.658,42.937,23.013,12.994,5.432
4.79000,140.139,119.555,101.340,62.718,42.916,23.094,12.952,5.416
4.79333,140.241,119.769,101.414,62.726,43.070,23.125,13.034,5.444
4.79667,140.307,119.821,101.488,62.816,43.023,23.123,12.981,5.393
4.80000,140.450,119.916,101.585,62.914,43.126,23.196,12.989,5.468
4.80333,140.549,120.071,101.720,62.905,43.112,23.171,12.994,5.404
4.80667,140.777,120.109,101.714,62.951,43.221,23.134,13.080,5.440
4.81000,140.884,120.252,101.929,63.107,43.190,23.217,13.047,5.454
4.81333,140.984,120.398,101.986,63.070,43.262,23.184,13.058,5.483
4.81667,141.109,120.481,102.107,63.166,43.326,23.276,13.113,5.460
4.82000,141.176,120.593,102.134,63.191,43.358,23.253,13.090,5.426
4.82333,141.371,120.653,102.268,63.191,43.342,23.253,13.090,5.494
4.82667,141.421,120.783,102.297,63.226,43.394,23.308,13.125,5.529
4.83000,141.535,120.898,102.340,63.300,43.464,23.311,13.124,5.426
4.83333,141.714,120.967,102.506,63.401,43.513,23.315,13.127,5.449
4.83667,141.827,121.021,102.577,63.490,43.499,23.373,13.068,5.462
4.84000,141.950,121.168,102.681,63.480,43.527,23.333,13.111,5.502
4.84333,142.083,121.320,102.716,63.628,43.555,23.414,13.216,5.537
4.84667,142.237,121.393,102.833,63.561,43.625,23.433,13.158,5.552
4.85000,142.281,121.492,102.926,63.739,43.626,23.451,13.210,5.490
4.85333,142.411,121.540,103.090,63.723,43.727,23.472,13.197,5.475
4.85667,142.571,121.718,103.136,63.813,43.756,23.563,13.157,5.483
4.86000,142.670,121.803,103.235,63.853,43.749,23.528,13.248,5.459
4.86333,142.831,121.913,103.272,63.908,43.870,23.495,13.241,5.466
4.86667,142.994,122.029,103.399,64.033,43.875,23.551,13.241,5.518
4.87000,143.103,122.154,103.475,64.029,43.860,23.660,13.255,5.494
4.87333,143.128,122.267,103.602,64.081,43.985,23.671,13.205,5.602
4.87667,143.341,122.360,103.681,64.136,43.897,23.628,13.239,5.589
4.88000,143.421,122.470,103.733,64.247,43.954,23.683,13.282,5.593
4.88333,143.566,122.586,103.840,64.290,44.110,23.683,13.298,5.460
4.88667,143.653,122.659,103.924,64.307,44.065,23.603,13.372,5.535
4.89000,143.737,122.723,104.039,64.340,44.060,23.706,13.339,5.551
4.89333,143.874,122.868,104.103,64.396,44.147,23.721,13.354,5.546
4.89667,143.996,122.977,104.179,64.471,44.178,23.746,13.351,5.606
4.90000,144.141,123.045,104.243,64.545,44.260,23.772,13.322,5.541
4.90333,144.259,123.122,104.361,64.563,44.212,23.758,13.408,5.603
4.90667,144.394,123.293,104.411,64.595,44.275,23.868,13.434,5.614
4.91000,144.567,123.418,104.538,64.665,44.359,23.787,13.393,5.612
4.91333,144.645,123.498,104.625,64.758,44.326,23.825,13.356,5.559
4.91667,144.796,123.699,104.736,64.859,44.462,23.878,13.391,5.570
4.92000,144.864,123.729,104.767,64.863,44.504,23.876,13.484,5.530
4.92333,145.040,123.756,104.940,64.944,44.499,23.899,13.433,5.623
4.92667,145.163,123.942,104.995,64.937,44.508,23.889,13.398,5.639
4.93000,145.249,123.984,105.114,65.009,44.593,23.927,13.402,5.662
4.93333,145.354,124.149,105.188,65.059,44.548,23.918,13.433,5.598
4.93667,145.519,124.195,105.248,65.109,44.606,23.971,13.501,5.589
4.94000,145.611,124.285,105.333,65.157,44.632,24.000,13.459,5.565
4.94333,145.713,124.481,105.468,65.184,44.702,23.997,13.493,5.657
4.94667,145.824,124.503,105.485,65.289,44.733,24.033,13.534,5.601
4.95000,146.004,124.708,105.591,65.306,44.750,24.140,13.586,5.587
4.95333,146.097,124.735,105.672,65.333,44.808,24.068,13.474,5.680
4.95667,146.187,124.839,105.712,65.451,44.820,24.099,13.524,5.641
4.96000,146.295,124.997,105.832,65.458,44.913,24.138,13.542,5.652
4.96333,146.496,125.077,105.994,65.503,44.890,24.183,13.565,5.632
4.96667,146.644,125.178,106.032,65.515,44.984,24.172,13.590,5.688
4.97000,146.709,125.279,106.141,65.620,44.989,24.180,13.595,5.638
4.97333,146.859,125.316,106.160,65.742,44.983,24.137,13.502,5.701
4.97667,146.961,125.432,106.370,65.739,45.026,24.217,13.622,5.637
4.98000,147.073,125.587,106.417,65.881,45.079,24.186,13.660,5.706
4.98333,147.196,125.680,106.479,65.854,45.160,24.255,13.628,5.660
4.98667,147.378,125.831,106.538,65.976,45.109,24.341,13.580,5.712
4.99000,147.385,125.940,106.660,66.010,45.200,24.334,13.715,5.744
4.99333,147.586,126.068,106.707,66.025,45.258,24.341,13.637,5.656
4.99667,147.690,126.136,106.829,66.180,45.330,24.338,13.698,5.679
5.00000,147.876,126.199,106.902,66.133,45.320,24.358,13.665,5.747
5.00333,147.892,126.280,106.949,66.215,45.312,24.390,13.714,5.670
5.00667,148.071,126.391,107.215,66.239,45.451,24.462,13.715,5.734
5.01000,148.189,126.554,107.096,66.344,45.440,24.445,13.685,5.712
5.01333,148.270,126.680,107.242,66.378,45.430,24.440,13.727,5.758
5.01667,148.384,126.732,107.341,66.445,45.473,24.398,13.708,5.717
5.02000,148.532,126.786,107.379,66.514,45.593,24.509,13.729,5.798
5.02333,148.681,126.939,107.567,66.488,45.575,24.487,13.809,5.764
5.02667,148.802,127.082,107.650,66.624,45.623,24.573,13.762,5.762
5.03000,148.917,127.164,107.717,66.698,45.701,24.508,13.788,5.761
5.03333,149.092,127.223,107.792,66.651,45.759,24.553,13.794,5.760
5.03667,149.157,127.389,107.886,66.801,45.714,24.635,13.865,5.825
5.04000,149.241,127.481,107.925,66.880,45.774,24.635,13.820,5.817
5.04333,149.409,127.535,108.109,66.917,45.801,24.638,13.831,5.776
5.04667,149.571,127.658,108.101,66.971,45.862,24.700,13.844,5.830
5.05000,149.606,127.759,108.280,66.975,45.848,24.599,13.837,5.820
5.05333,149.814,127.831,108.289,67.032,45.814,24.745,13.848,5.722
5.05667,149.904,127.990,108.409,67.116,45.992,24.740,13.911,5.770
5.06000,149.977,128.028,108.472,67.169,45.984,24.766,13.899,5.795
5.06333,150.160,128.101,108.606,67.280,45.963,24.767,13.934,5.737
5.06667,150.253,128.348,108.654,67.207,45.998,24.760,13.926,5.799
5.07000,150.344,128.342,108.703,67.318,46.062,24.803,13.898,5.857
5.07333,150.437,128.477,108.894,67.384,46.116,24.811,13.880,5.811
5.07667,150.601,128.557,108.923,67.396,46.170,24.798,13.988,5.869
5.08000,150.702,128.766,109.012,67.474,46.223,24.868,13.908,5.842
5.08333,150.829,128.776,109.078,67.521,46.238,24.925,13.974,5.810
5.08667,150.965,128.916,109.179,67.624,46.261,24.863,13.997,5.830
5.09000,151.107,129.003,109.251,67.674,46.282,24.893,14.030,5.894
5.09333,151.261,129.142,109.297,67.719,46.284,24.918,14.007,5.900
5.09667,151.262,129.154,109.365,67.728,46.372,24.976,13.944,5.815
5.10000,151.474,129.346,109.580,67.810,46.450,24.971,14.050,5.862
5.10333,151.509,129.398,109.647,67.951,46.453,24.973,14.006,5.877
5.10667,151.679,129.483,109.663,67.935,46.524,25.084,14.050,5.853
5.11000,151.831,129.631,109.814,67.957,46.504,25.106,14.030,5.870
5.11333,151.911,129.753,109.907,68.008,46.584,25.062,14.049,5.871
5.11667,152.035,129.893,109.943,68.090,46.564,25.109,14.053,5.894
5.12000,152.227,130.008,110.042,68.122,46.565,25.107,14.075,5.917
5.12333,152.277,130.030,110.189,68.204,46.637,25.080,14.045,5.889
5.12667,152.437,130.114,110.206,68.237,46.702,25.146,14.075,5.868
5.13000,152.565,130.299,110.275,68.329,46.759,25.201,14.084,5.903
5.13333,152.676,130.296,110.361,68.377,46.769,25.164,14.152,5.933
5.13667,152.790,130.453,110.532,68.384,46.857,25.180,14.109,5.944
5.14000,152.913,130.550,110.616,68.480,46.876,25.209,14.112,5.928
5.14333,153.003,130.640,110.675,68.595,46.882,25.255,14.146,5.937
5.14667,153.187,130.753,110.737,68.585,46.982,25.254,14.151,5.941
5.15000,153.267,130.860,110.853,68.626,46.942,25.285,14.179,5.891
5.15333,153.367,131.022,110.927,68.660,47.066,25.281,14.144,5.899
5.15667,153.477,131.076,110.998,68.692,47.047,25.308,14.210,5.981
5.16000,153.629,131.208,111.134,68.814,47.111,25.338,14.168,5.933
5.16333,153.716,131.288,111.176,68.870,47.134,25.287,14.257,5.902
5.16667,153.880,131.394,111.321,68.853,47.162,25.349,14.174,5.974
5.17000,153.934,131.468,111.350,68.946,47.137,25.372,14.215,5.974
5.17333,154.122,131.645,111.431,69.051,47.238,25.368,14.209,5.974
5.17667,154.197,131.668,111.596,69.073,47.255,25.433,14.262,5.966
5.18000,154.341,131.837,111.571,69.165,47.310,25.470,14.243,5.971
5.18333,154.465,131.931,111.792,69.230,47.371,25.477,14.223,6.011
5.18667,154.589,132.012,111.789,69.165,47.392,25.441,14.319,5.890
5.19000,154.706,132.157,111.831,69.305,47.455,25.557,14.281,6.068
5.19333,154.874,132.254,111.969,69.405,47.421,25.549,14.322,5.962
5.19667,154.940,132.274,112.104,69.335,47.459,25.547,14.324,5.949
5.20000,155.063,132.451,112.164,69.467,47.545,25.670,14.311,6.018
5.20333,155.172,132.551,112.265,69.515,47.596,25.566,14.353,6.002
5.20667,155.311,132.644,112.322,69.593,47.584,25.562,14.369,6.019
5.21000,155.394,132.737,112.412,69.604,47.639,25.634,14.361,6.006
5.21333,155.564,132.826,112.450,69.689,47.684,25.655,14.413,6.013
5.21667,155.736,132.963,112.542,69.684,47.683,25.721,14.408,6.016
5.22000,155.835,133.057,112.692,69.778,47.734,25.753,14.458,6.031
5.22333,155.913,133.135,112.753,69.865,47.766,25.752,14.393,6.027
5.22667,156.046,133.220,112.843,69.827,47.816,25.790,14.407,6.022
5.23000,156.166,133.343,112.947,69.981,47.882,25.802,14.448,5.965
5.23333,156.225,133.371,113.012,69.989,47.873,25.822,14.454,5.996
5.23667,156.377,133.573,113.198,70.049,47.932,25.785,14.473,6.017
5.24000,156.494,133.654,113.228,70.034,47.921,25.790,14.491,5.991
5.24333,156.653,133.717,113.290,70.186,47.970,25.832,14.448,6.055
5.24667,156.787,133.896,113.313,70.180,48.068,25.856,14.424,6.053
5.25000,156.888,133.985,113.467,70.301,48.036,25.869,14.537,6.059
5.25333,157.006,134.057,113.531,70.297,48.087,25.998,14.554,6.083
5.25667,157.115,134.178,113.623,70.387,48.131,25.926,14.557,6.114
5.26000,157.178,134.320,113.709,70.434,48.238,25.961,14.550,6.090
5.26333,157.341,134.377,113.893,70.473,48.187,25.985,14.602,6.143
5.26667,157.530,134.523,113.989,70.632,48.298,26.007,14.528,6.110
5.27000,157.589,134.622,114.049,70.706,48.259,25.951,14.520,6.116
5.27333,157.736,134.729,114.075,70.789,48.386,26.016,14.515,6.098
5.27667,157.915,134.839,114.286,70.931,48.456,26.084,14.616,6.190
5.28000,158.041,134.943,114.354,71.079,48.484,26.105,14.584,6.081
5.28333,158.156,135.148,114.512,71.214,48.547,26.045,14.554,6.107
5.28667,158.418,135.225,114.721,71.435,48.648,26.067,14.643,6.124
5.29000,158.582,135.450,114.974,71.678,48.778,26.153,14.559,6.161
5.29333,158.734,135.660,115.129,72.027,48.843,26.193,14.708,6.082
5.29667,158.996,135.888,115.545,72.512,49.030,26.198,14.731,6.089
5.30000,159.220,136.186,115.879,73.064,49.274,26.340,14.680,6.177
5.30333,159.629,136.525,116.314,73.769,49.505,26.269,14.722,6.118
5.30667,159.937,136.855,116.923,74.640,49.809,26.309,14.713,6.129
5.31000,160.407,137.403,117.561,75.885,50.341,26.322,14.719,6.256
5.31333,160.949,137.998,118.462,77.254,50.736,26.395,14.788,6.202
5.31667,161.626,138.717,119.549,79.029,51.391,26.516,14.715,6.233
5.32000,162.309,139.604,120.826,81.172,52.138,26.509,14.746,6.167
5.32333,163.261,140.568,122.317,84.010,53.154,26.567,14.791,6.277
5.32667,164.341,141.811,124.332,87.285,54.263,26.666,14.851,6.259
5.33000,165.648,143.315,126.597,91.460,55.698,26.773,14.858,6.247
5.33333,167.281,145.119,129.417,96.322,57.429,26.870,14.910,6.235
5.33667,169.136,147.315,132.774,102.205,59.429,27.044,14.957,6.247
5.34000,171.292,149.831,136.798,109.343,61.795,27.230,14.989,6.199
5.34333,173.889,152.779,141.468,117.563,64.638,27.304,15.074,6.246
5.34667,176.914,156.282,146.942,127.226,67.971,27.531,15.099,6.285
5.35000,180.322,160.240,153.253,138.464,71.799,27.810,15.176,6.320
5.35333,184.344,164.855,160.519,151.363,76.271,28.107,15.249,6.357
5.35667,188.861,170.096,168.766,166.043,81.251,28.334,15.301,6.332
5.36000,193.911,175.941,178.172,182.660,86.955,28.769,15.410,6.360
5.36333,199.510,182.532,188.625,201.253,93.392,29.185,15.532,6.353
5.36667,205.899,189.896,200.235,221.933,100.432,29.602,15.603,6.365
5.37000,212.798,197.966,213.069,244.692,108.178,30.049,15.768,6.493
5.37333,220.375,206.807,227.023,269.377,116.774,30.618,15.882,6.473
5.37667,228.525,216.287,242.160,296.135,126.003,31.143,16.102,6.467
5.38000,237.253,226.392,258.325,324.678,135.855,31.731,16.185,6.531
5.38333,246.517,237.170,275.410,354.953,146.197,32.395,16.364,6.531
5.38667,256.264,248.453,293.334,386.702,157.362,33.113,16.518,6.636
5.39000,266.293,260.219,311.951,419.525,168.682,33.720,16.737,6.572
5.39333,276.682,272.337,331.148,453.238,180.474,34.506,16.934,6.696
5.39667,287.275,284.564,350.554,487.335,192.441,35.238,17.081,6.709
5.40000,297.831,296.989,370.142,521.699,204.484,35.946,17.241,6.768
5.40333,308.363,309.195,389.546,555.577,216.390,36.620,17.460,6.754
5.40667,318.789,321.272,408.597,588.638,228.038,37.353,17.666,6.815
5.41000,328.795,332.938,426.985,620.452,239.433,38.048,17.805,6.835
5.41333,338.307,343.970,444.458,650.663,250.223,38.724,18.021,6.930
5.41667,347.243,354.310,460.759,678.637,260.322,39.299,18.128,6.935
5.42000,355.396,363.772,475.660,704.238,269.580,39.906,18.278,6.948
5.42333,362.747,372.329,489.162,727.001,277.836,40.392,18.429,7.054
5.42667,369.175,379.791,500.670,746.735,285.048,40.824,18.501,7.063
5.43000,374.463,385.969,510.374,763.136,291.002,41.219,18.633,7.017
5.43333,378.756,390.876,518.070,776.074,295.834,41.537,18.749,7.089
5.43667,381.868,394.498,523.565,785.416,299.330,41.804,18.849,7.063
5.44000,383.775,396.754,527.092,791.128,301.407,41.885,18.881,7.108
5.44333,384.616,397.596,528.416,793.237,302.207,41.945,18.843,7.103
5.44667,384.200,397.137,527.532,791.780,301.655,41.980,18.826,7.092
5.45000,382.726,395.299,524.748,786.837,299.842,41.836,18.896,7.099
5.45333,380.178,392.335,520.015,778.650,296.825,41.684,18.830,7.128
5.45667,376.649,388.102,513.279,767.375,292.729,41.483,18.756,7.112
5.46000,372.217,382.928,504.991,753.200,287.548,41.173,18.674,7.082
5.46333,366.972,376.787,495.228,736.366,281.472,40.797,18.603,7.084
5.46667,360.986,369.795,484.101,717.347,274.549,40.439,18.495,7.067
5.47000,354.384,362.145,471.887,696.236,266.905,40.005,18.384,7.053
5.47333,347.277,353.819,458.712,673.509,258.780,39.531,18.325,7.010
5.47667,339.848,345.013,444.756,649.417,250.077,38.998,18.206,6.964
5.48000,331.977,335.978,430.303,624.235,241.170,38.567,17.996,6.992
5.48333,324.103,326.648,415.492,598.434,231.918,37.986,17.934,6.910
5.48667,316.049,317.195,400.354,572.090,222.619,37.491,17.837,6.964
5.49000,308.003,307.676,385.305,545.622,213.404,36.879,17.682,6.908
5.49333,299.946,298.312,370.334,519.360,204.071,36.400,17.533,6.885
5.49667,292.131,289.120,355.591,493.345,194.961,35.821,17.388,6.860
5.50000,284.355,280.133,341.185,467.869,186.111,35.363,17.320,6.844
5.50333,276.863,271.385,327.231,443.157,177.493,34.849,17.155,6.780
5.50667,269.716,262.915,313.675,419.207,169.214,34.318,17.090,6.755
5.51000,262.854,254.888,300.661,396.170,161.244,33.909,16.968,6.746
5.51333,256.343,247.131,288.400,374.176,153.566,33.437,16.839,6.742
5.51667,250.023,239.890,276.626,353.267,146.471,33.033,16.816,6.745
5.52000,244.174,232.920,265.522,333.442,139.648,32.698,16.680,6.726
5.52333,238.560,226.402,255.012,314.695,133.132,32.358,16.588,6.676
5.52667,233.390,220.293,245.112,297.109,127.159,32.013,16.524,6.662
5.53000,228.535,214.542,235.906,280.630,121.467,31.691,16.402,6.724
5.53333,223.934,209.166,227.300,265.183,116.150,31.335,16.345,6.729
5.53667,219.742,204.251,219.181,250.805,111.211,31.087,16.293,6.669
5.54000,215.802,199.601,211.741,237.366,106.645,30.835,16.260,6.679
5.54333,212.171,195.301,204.917,224.979,102.356,30.577,16.228,6.617
5.54667,208.800,191.304,198.464,213.435,98.484,30.411,16.115,6.626
5.55000,205.719,187.671,192.519,202.704,94.839,30.201,16.082,6.616
5.55333,202.816,184.312,187.047,192.877,91.445,30.046,16.052,6.561
5.55667,200.214,181.170,181.994,183.653,88.308,29.869,16.020,6.669
5.56000,197.742,178.253,177.297,175.172,85.490,29.696,15.975,6.651
5.56333,195.487,175.636,172.946,167.414,82.743,29.579,15.941,6.632
5.56667,193.432,173.171,168.954,160.243,80.388,29.500,15.929,6.693
5.57000,191.484,170.983,165.342,153.602,78.115,29.363,15.947,6.625
5.57333,189.846,168.915,161.986,147.511,76.059,29.286,15.912,6.621
5.57667,188.232,166.968,158.879,141.827,74.177,29.199,15.851,6.655
5.58000,186.761,165.278,156.056,136.686,72.368,28.979,15.895,6.603
5.58333,185.446,163.674,153.356,131.898,70.881,28.981,15.858,6.576
5.58667,184.254,162.185,150.987,127.499,69.288,28.940,15.853,6.711
5.59000,183.199,160.932,148.758,123.390,68.007,28.885,15.823,6.624
5.59333,182.105,159.692,146.778,119.688,66.650,28.770,15.805,6.594
5.59667,181.224,158.494,144.927,116.243,65.546,28.703,15.839,6.661
5.60000,180.370,157.552,143.214,113.142,64.425,28.726,15.833,6.648
5.60333,179.624,156.556,141.585,110.236,63.524,28.648,15.848,6.683
5.60667,178.878,155.752,140.172,107.601,62.633,28.654,15.783,6.556
5.61000,178.228,154.988,138.900,105.077,61.749,28.616,15.824,6.697
5.61333,177.699,154.243,137.602,102.905,61.043,28.616,15.794,6.637
5.61667,177.174,153.626,136.604,100.737,60.373,28.472,15.790,6.583
5.62000,176.718,153.024,135.593,98.903,59.687,28.488,15.765,6.600
5.62333,176.231,152.572,134.660,97.130,59.154,28.509,15.842,6.667
5.62667,175.911,152.009,133.794,95.574,58.580,28.434,15.738,6.563
5.63000,175.544,151.620,133.031,94.073,58.111,28.456,15.835,6.638
5.63333,175.228,151.233,132.282,92.659,57.697,28.438,15.772,6.647
5.63667,174.963,150.829,131.625,91.432,57.270,28.412,15.768,6.642
5.64000,174.779,150.505,131.108,90.379,56.918,28.479,15.841,6.677
5.64333,174.561,150.263,130.584,89.309,56.542,28.503,15.813,6.636
5.64667,174.390,150.070,130.070,88.349,56.279,28.457,15.792,6.614
5.65000,174.228,149.702,129.646,87.398,55.986,28.454,15.817,6.661
5.65333,174.034,149.515,129.263,86.681,55.749,28.473,15.853,6.702
5.65667,173.911,149.393,128.914,85.960,55.412,28.454,15.826,6.677
5.66000,173.820,149.279,128.563,85.243,55.252,28.475,15.798,6.678
5.66333,173.719,149.104,128.274,84.589,55.068,28.453,15.783,6.667
5.66667,173.605,149.017,128.041,84.060,54.893,28.413,15.930,6.671
5.67000,173.562,148.899,127.753,83.528,54.791,28.479,15.861,6.654
5.67333,173.523,148.880,127.561,83.016,54.592,28.510,15.859,6.719
5.67667,173.457,148.724,127.368,82.595,54.446,28.507,15.920,6.724
5.68000,173.525,148.675,127.244,82.231,54.335,28.408,15.863,6.705
5.68333,173.460,148.591,127.056,81.902,54.264,28.523,15.947,6.705
5.68667,173.561,148.614,126.983,81.608,54.136,28.546,15.904,6.726
5.69000,173.470,148.563,126.881,81.239,54.113,28.519,15.957,6.732
5.69333,173.520,148.572,126.723,81.027,54.020,28.556,15.928,6.677
5.69667,173.542,148.595,126.663,80.722,53.938,28.562,15.925,6.729
5.70000,173.607,148.603,126.569,80.497,53.871,28.586,15.927,6.669
5.70333,173.628,148.621,126.581,80.319,53.842,28.574,15.946,6.745
5.70667,173.651,148.586,126.519,80.194,53.774,28.612,15.974,6.707
5.71000,173.791,148.604,126.444,79.991,53.721,28.568,15.907,6.765
5.71333,173.798,148.650,126.449,79.894,53.716,28.612,15.967,6.790
5.71667,173.895,148.647,126.416,79.732,53.680,28.610,15.945,6.756
5.72000,173.845,148.722,126.479,79.633,53.681,28.708,16.031,6.755
5.72333,173.946,148.760,126.365,79.517,53.664,28.653,16.017,6.761
5.72667,174.001,148.791,126.405,79.434,53.625,28.649,15.968,6.760
5.73000,174.205,148.942,126.361,79.311,53.646,28.695,15.986,6.780
5.73333,174.224,148.925,126.399,79.287,53.613,28.735,16.041,6.725
5.73667,174.281,148.962,126.452,79.123,53.579,28.764,16.034,6.776
5.74000,174.398,149.002,126.515,79.171,53.622,28.756,16.091,6.833
5.74333,174.428,149.172,126.522,79.132,53.524,28.765,16.050,6.830
5.74667,174.520,149.185,126.514,79.108,53.640,28.772,16.016,6.766
5.75000,174.622,149.250,126.606,79.091,53.634,28.795,16.138,6.776
5.75333,174.689,149.274,126.644,79.045,53.668,28.826,16.091,6.807
5.75667,174.862,149.503,126.679,79.029,53.778,28.811,16.037,6.784
5.76000,174.928,149.488,126.770,79.068,53.678,28.822,16.147,6.803
5.76333,174.957,149.520,126.764,79.030,53.657,28.848,16.129,6.745
5.76667,175.018,149.589,126.836,79.022,53.613,28.872,16.119,6.776
5.77000,175.155,149.718,126.878,79.049,53.725,28.905,16.128,6.880
5.77333,175.267,149.841,126.895,79.063,53.670,28.898,16.112,6.780
5.77667,175.385,149.849,126.990,79.074,53.743,28.947,16.223,6.782
5.78000,175.519,149.982,127.018,79.024,53.790,28.974,16.182,6.849
5.78333,175.542,150.059,127.111,79.059,53.798,28.958,16.169,6.817
5.78667,175.720,150.110,127.179,79.083,53.815,28.989,16.220,6.935
5.79000,175.844,150.234,127.185,79.154,53.871,29.074,16.206,6.795
5.79333,175.913,150.271,127.267,79.086,53.864,29.031,16.247,6.830
5.79667,176.047,150.380,127.341,79.164,53.976,29.058,16.217,6.813
5.80000,176.128,150.450,127.499,79.178,53.964,29.075,16.289,6.914
5.80333,176.285,150.634,127.518,79.223,53.919,29.056,16.283,6.844
5.80667,176.350,150.603,127.598,79.259,53.964,29.131,16.262,6.878
5.81000,176.451,150.763,127.667,79.225,54.052,29.161,16.330,6.930
5.81333,176.556,150.883,127.725,79.359,54.079,29.131,16.270,6.925
5.81667,176.618,150.897,127.762,79.421,54.081,29.158,16.280,6.819
5.82000,176.810,151.029,127.874,79.353,54.101,29.221,16.294,6.918
5.82333,176.856,151.044,127.930,79.508,54.113,29.237,16.279,6.918
5.82667,176.954,151.204,127.994,79.408,54.104,29.257,16.314,6.943
5.83000,177.065,151.290,128.089,79.528,54.233,29.246,16.354,6.860
5.83333,177.272,151.419,128.187,79.576,54.223,29.281,16.349,6.925
5.83667,177.308,151.464,128.230,79.616,54.231,29.293,16.328,6.879
5.84000,177.442,151.622,128.355,79.602,54.224,29.320,16.357,6.926
5.84333,177.591,151.677,128.468,79.693,54.254,29.298,16.378,6.857
5.84667,177.647,151.749,128.403,79.732,54.259,29.354,16.366,6.945
5.85000,177.712,151.912,128.469,79.775,54.356,29.356,16.376,6.884
5.85333,177.892,151.964,128.642,79.751,54.477,29.370,16.445,6.934
5.85667,177.937,152.006,128.693,79.851,54.451,29.330,16.382,6.859
5.86000,178.117,152.146,128.802,79.877,54.518,29.438,16.358,6.934
5.86333,178.140,152.253,128.859,79.978,54.477,29.431,16.450,6.894
5.86667,178.345,152.392,128.929,80.018,54.508,29.447,16.444,6.954
5.87000,178.413,152.397,128.995,80.080,54.586,29.444,16.463,6.990
5.87333,178.510,152.427,129.036,80.099,54.621,29.455,16.445,6.959
5.87667,178.675,152.562,129.154,80.149,54.686,29.553,16.420,7.040
5.88000,178.758,152.646,129.257,80.162,54.684,29.488,16.385,7.044
5.88333,178.862,152.760,129.322,80.210,54.709,29.498,16.515,6.990
5.88667,178.943,152.843,129.338,80.306,54.654,29.588,16.524,6.906
5.89000,179.069,152.953,129.485,80.311,54.800,29.517,16.499,6.960
5.89333,179.149,153.034,129.561,80.380,54.770,29.629,16.474,6.961
5.89667,179.233,153.149,129.637,80.405,54.794,29.624,16.540,6.990
5.90000,179.418,153.231,129.804,80.449,54.806,29.601,16.561,7.007
5.90333,179.507,153.270,129.771,80.503,54.944,29.688,16.552,6.960
5.90667,179.630,153.476,129.828,80.627,54.899,29.718,16.590,7.047
5.91000,179.781,153.501,129.951,80.532,54.958,29.741,16.567,7.003
5.91333,179.814,153.691,130.060,80.700,55.034,29.737,16.570,7.030
5.91667,179.912,153.732,130.097,80.797,54.945,29.728,16.626,6.999
5.92000,180.033,153.834,130.180,80.749,55.057,29.766,16.653,7.047
5.92333,180.212,153.895,130.273,80.814,55.085,29.670,16.561,7.027
5.92667,180.292,153.965,130.338,80.858,55.145,29.813,16.639,7.023
5.93000,180.400,154.075,130.379,80.963,55.132,29.756,16.640,7.019
5.93333,180.479,154.159,130.495,81.007,55.245,29.840,16.599,7.024
5.93667,180.599,154.321,130.602,81.082,55.167,29.856,16.654,6.959
5.94000,180.686,154.367,130.694,81.107,55.198,29.871,16.663,6.943
5.94333,180.792,154.463,130.721,81.077,55.243,29.855,16.699,7.076
5.94667,180.996,154.628,130.784,81.123,55.351,29.919,16.678,7.125
5.95000,181.095,154.669,130.937,81.227,55.370,29.880,16.644,7.014
5.95333,181.151,154.736,130.948,81.280,55.392,29.938,16.715,7.017
5.95667,181.329,154.858,131.079,81.353,55.396,29.943,16.688,7.075
5.96000,181.426,154.964,131.147,81.427,55.488,29.914,16.765,7.069
5.96333,181.508,155.043,131.172,81.406,55.489,29.996,16.733,7.050
5.96667,181.610,155.192,131.267,81.501,55.486,29.993,16.674,7.109
5.97000,181.677,155.254,131.331,81.508,55.537,30.004,16.724,7.058
5.97333,181.781,155.333,131.443,81.606,55.594,30.035,16.751,7.086
5.97667,181.910,155.393,131.533,81.617,55.568,30.059,16.764,7.031
5.98000,182.017,155.450,131.657,81.606,55.650,30.096,16.784,7.044
5.98333,182.211,155.600,131.669,81.727,55.671,30.114,16.779,7.129
5.98667,182.257,155.747,131.736,81.747,55.769,30.165,16.808,7.095
5.99000,182.357,155.755,131.817,81.728,55.751,30.151,16.750,7.111
5.99333,182.511,155.888,131.959,81.848,55.837,30.131,16.803,7.040
5.99667,182.579,155.951,132.022,81.918,55.818,30.134,16.765,7.102
6.00000,182.710,156.005,132.073,82.017,55.838,30.153,16.860,7.045
6.00333,182.820,156.118,132.127,82.020,55.813,30.212,16.848,7.132
6.00667,182.862,156.295,132.172,82.052,55.926,30.219,16.907,7.128
6.01000,182.978,156.374,132.356,82.165,55.989,30.200,16.879,7.125
6.01333,183.137,156.429,132.390,82.163,55.927,30.303,16.954,7.116
6.01667,183.158,156.566,132.437,82.241,56.010,30.270,16.896,7.189
6.02000,183.351,156.661,132.554,82.237,56.067,30.278,16.851,7.133
6.02333,183.418,156.727,132.625,82.311,56.070,30.272,16.874,7.115
6.02667,183.581,156.809,132.653,82.379,56.077,30.360,16.926,7.127
6.03000,183.711,156.897,132.751,82.373,56.158,30.334,16.946,7.168
6.03333,183.778,156.994,132.859,82.433,56.154,30.328,16.916,7.159
6.03667,183.856,157.077,132.977,82.498,56.201,30.372,17.022,7.200
6.04000,183.966,157.302,132.974,82.571,56.224,30.406,16.923,7.150
6.04333,184.107,157.305,133.051,82.663,56.279,30.502,16.992,7.157
6.04667,184.206,157.362,133.163,82.704,56.350,30.402,16.972,7.191
6.05000,184.354,157.452,133.253,82.711,56.367,30.460,17.018,7.092
6.05333,184.454,157.622,133.343,82.779,56.356,30.464,16.979,7.128
6.05667,184.546,157.704,133.474,82.763,56.456,30.459,16.978,7.235
6.06000,184.679,157.719,133.477,82.807,56.442,30.503,17.111,7.197
6.06333,184.777,157.839,133.551,82.856,56.488,30.497,17.063,7.164
6.06667,184.793,157.888,133.627,82.940,56.562,30.584,17.013,7.222
6.07000,184.886,157.980,133.740,83.012,56.531,30.542,17.060,7.239
6.07333,185.041,158.162,133.749,83.076,56.598,30.565,17.057,7.177
6.07667,185.134,158.228,133.834,83.094,56.580,30.572,17.080,7.230
6.08000,185.317,158.272,133.975,83.114,56.622,30.607,17.105,7.180
6.08333,185.452,158.340,134.030,83.219,56.686,30.607,17.105,7.220
6.08667,185.500,158.535,134.148,83.149,56.714,30.652,17.102,7.239
6.09000,185.621,158.602,134.163,83.215,56.739,30.598,17.138,7.150
6.09333,185.709,158.713,134.277,83.343,56.800,30.703,17.118,7.249
6.09667,185.837,158.776,134.336,83.366,56.763,30.711,17.166,7.243
6.10000,185.977,158.828,134.436,83.416,56.839,30.675,17.082,7.270
6.10333,186.047,158.881,134.452,83.478,56.817,30.737,17.171,7.298
6.10667,186.170,159.042,134.586,83.570,56.871,30.701,17.160,7.321
6.11000,186.256,159.138,134.670,83.563,56.970,30.814,17.134,7.245
6.11333,186.371,159.206,134.731,83.601,56.913,30.808,17.169,7.263
6.11667,186.510,159.264,134.811,83.721,56.953,30.774,17.182,7.280
6.12000,186.630,159.381,134.848,83.691,57.002,30.777,17.215,7.287
6.12333,186.624,159.538,134.932,83.810,57.075,30.871,17.207,7.281
6.12667,186.843,159.612,135.079,83.807,57.071,30.794,17.250,7.336
6.13000,186.884,159.649,135.115,83.785,57.110,30.866,17.170,7.303
6.13333,187.059,159.747,135.243,83.910,57.160,30.889,17.228,7.286
6.13667,187.037,159.813,135.287,83.928,57.178,30.898,17.191,7.252
6.14000,187.192,159.960,135.388,83.968,57.235,30.982,17.280,7.335
6.14333,187.320,160.027,135.467,84.061,57.276,30.991,17.276,7.322
6.14667,187.440,160.115,135.488,84.079,57.283,30.964,17.243,7.370
6.15000,187.522,160.228,135.605,84.223,57.365,31.040,17.250,7.328
6.15333,187.600,160.325,135.644,84.188,57.361,31.049,17.278,7.387
6.15667,187.769,160.393,135.727,84.202,57.385,31.012,17.269,7.399
6.16000,187.820,160.480,135.792,84.291,57.388,31.070,17.334,7.329
6.16333,188.027,160.574,135.912,84.422,57.429,31.082,17.287,7.324
6.16667,188.126,160.712,135.987,84.373,57.438,31.051,17.305,7.325
6.17000,188.118,160.755,136.048,84.419,57.496,31.068,17.349,7.293
6.17333,188.337,160.814,136.134,84.508,57.507,31.095,17.322,7.359
6.17667,188.346,160.917,136.174,84.516,57.608,31.145,17.380,7.289
6.18000,188.469,161.037,136.281,84.507,57.630,31.153,17.342,7.341
6.18333,188.588,161.113,136.292,84.588,57.669,31.147,17.393,7.356
6.18667,188.711,161.239,136.427,84.705,57.668,31.073,17.442,7.411
6.19000,188.814,161.329,136.541,84.635,57.713,31.210,17.361,7.411
6.19333,188.940,161.430,136.595,84.787,57.704,31.209,17.375,7.316
6.19667,189.077,161.568,136.665,84.831,57.806,31.202,17.393,7.361
6.20000,189.079,161.591,136.664,84.873,57.772,31.304,17.443,7.397
6.20333,189.226,161.665,136.788,84.916,57.759,31.230,17.448,7.368
6.20667,189.355,161.736,136.929,84.994,57.919,31.170,17.423,7.372
6.21000,189.457,161.882,137.003,85.031,57.875,31.283,17.451,7.269
6.21333,189.581,161.922,137.054,85.051,57.895,31.365,17.455,7.406
6.21667,189.678,162.031,137.129,85.127,58.010,31.358,17.512,7.423
6.22000,189.791,162.220,137.229,85.166,58.062,31.385,17.565,7.362
6.22333,189.900,162.230,137.301,85.196,58.011,31.399,17.580,7.407
6.22667,189.934,162.354,137.298,85.277,58.046,31.396,17.450,7.433
6.23000,190.077,162.404,137.422,85.293,58.051,31.374,17.539,7.433
6.23333,190.221,162.474,137.538,85.324,58.159,31.390,17.485,7.424
6.23667,190.349,162.542,137.606,85.415,58.101,31.457,17.587,7.495
6.24000,190.408,162.700,137.694,85.460,58.250,31.473,17.519,7.343
6.24333,190.497,162.790,137.771,85.479,58.216,31.486,17.565,7.415
6.24667,190.618,162.862,137.789,85.570,58.243,31.478,17.571,7.469
6.25000,190.677,162.984,137.897,85.575,58.302,31.511,17.573,7.469
6.25333,190.900,163.032,138.016,85.617,58.248,31.545,17.566,7.459
6.25667,190.992,163.144,138.018,85.678,58.320,31.520,17.561,7.491
6.26000,191.039,163.258,138.004,85.718,58.326,31.554,17.619,7.503
6.26333,191.195,163.347,138.216,85.711,58.428,31.591,17.569,7.476
6.26667,191.264,163.391,138.209,85.812,58.450,31.616,17.616,7.474
6.27000,191.365,163.478,138.393,85.897,58.469,31.689,17.626,7.484
6.27333,191.456,163.580,138.448,85.947,58.524,31.609,17.604,7.500
6.27667,191.549,163.680,138.426,85.965,58.531,31.685,17.684,7.553
6.28000,191.676,163.832,138.513,86.066,58.543,31.729,17.648,7.508
6.28333,191.806,163.908,138.687,86.069,58.595,31.697,17.645,7.489
6.28667,191.901,163.955,138.695,86.120,58.620,31.750,17.662,7.509
6.29000,191.917,164.086,138.781,86.206,58.616,31.693,17.731,7.477
6.29333,192.077,164.129,138.895,86.248,58.667,31.729,17.743,7.513
6.29667,192.170,164.224,138.982,86.239,58.700,31.743,17.690,7.441
6.30000,192.278,164.304,139.054,86.303,58.744,31.767,17.702,7.491
6.30333,192.399,164.369,139.150,86.407,58.807,31.734,17.718,7.441
6.30667,192.523,164.488,139.146,86.388,58.838,31.755,17.674,7.462
6.31000,192.718,164.546,139.272,86.426,58.855,31.822,17.720,7.581
6.31333,192.709,164.648,139.312,86.491,58.863,31.813,17.783,7.494
6.31667,192.833,164.770,139.430,86.499,58.846,31.897,17.765,7.549
6.32000,192.899,164.826,139.507,86.602,58.894,31.834,17.704,7.556
6.32333,193.021,164.887,139.502,86.639,58.902,31.889,17.753,7.549
6.32667,193.188,165.017,139.683,86.670,58.972,31.950,17.760,7.483
6.33000,193.220,165.096,139.743,86.757,59.057,31.971,17.756,7.527
6.33333,193.338,165.169,139.768,86.702,59.020,31.962,17.770,7.563
6.33667,193.436,165.285,139.830,86.778,59.102,31.993,17.790,7.476
6.34000,193.497,165.377,139.916,86.819,59.115,32.017,17.819,7.424
6.34333,193.646,165.499,139.998,86.903,59.153,32.062,17.830,7.584
6.34667,193.820,165.551,140.118,86.970,59.174,32.011,17.824,7.573
6.35000,193.855,165.600,140.176,86.956,59.194,32.041,17.787,7.451
6.35333,193.975,165.746,140.211,87.048,59.264,32.017,17.881,7.536
6.35667,194.101,165.819,140.309,87.129,59.223,32.019,17.900,7.588
6.36000,194.228,165.877,140.402,87.199,59.324,32.077,17.848,7.654
6.36333,194.263,165.987,140.489,87.217,59.347,32.089,17.861,7.627
6.36667,194.364,166.136,140.543,87.242,59.364,32.117,17.981,7.621
6.37000,194.482,166.201,140.562,87.250,59.437,32.119,17.892,7.595
6.37333,194.562,166.285,140.718,87.367,59.408,32.132,17.966,7.577
6.37667,194.714,166.341,140.790,87.416,59.487,32.203,17.967,7.656
6.38000,194.817,166.450,140.908,87.404,59.483,32.163,17.925,7.546
6.38333,194.894,166.518,140.908,87.506,59.593,32.178,17.968,7.543
6.38667,195.019,166.637,140.974,87.483,59.618,32.200,17.939,7.624
6.39000,195.159,166.684,141.038,87.541,59.607,32.210,17.914,7.660
6.39333,195.258,166.795,141.128,87.609,59.647,32.287,17.999,7.569
6.39667,195.288,166.917,141.251,87.604,59.620,32.296,17.985,7.597
6.40000,195.412,166.990,141.333,87.731,59.700,32.348,17.972,7.647
6.40333,195.465,167.154,141.401,87.805,59.738,32.334,18.043,7.674
6.40667,195.653,167.128,141.478,87.772,59.650,32.399,18.019,7.623
6.41000,195.732,167.241,141.540,87.867,59.857,32.351,18.018,7.573
6.41333,195.784,167.324,141.563,87.894,59.763,32.361,18.013,7.650
6.41667,195.982,167.417,141.660,87.901,59.824,32.375,18.070,7.616
6.42000,196.056,167.513,141.758,87.921,59.866,32.421,18.071,7.671
6.42333,196.093,167.635,141.784,88.012,59.863,32.401,18.020,7.650
6.42667,196.309,167.674,141.900,88.018,59.947,32.439,18.097,7.625
6.43000,196.351,167.773,141.965,88.131,59.976,32.458,18.069,7.718
6.43333,196.459,167.894,141.993,88.138,59.999,32.531,18.147,7.674
6.43667,196.575,167.931,142.105,88.251,60.044,32.479,18.044,7.696
6.44000,196.639,168.065,142.142,88.279,60.118,32.501,18.108,7.714
6.44333,196.743,168.129,142.243,88.364,60.113,32.468,18.189,7.698
6.44667,196.832,168.286,142.338,88.280,60.061,32.456,18.134,7.764
6.45000,196.895,168.258,142.362,88.376,60.157,32.480,18.101,7.671
6.45333,197.083,168.393,142.491,88.438,60.223,32.595,18.162,7.674
6.45667,197.169,168.493,142.545,88.448,60.207,32.583,18.142,7.708
6.46000,197.250,168.564,142.600,88.611,60.258,32.640,18.160,7.715
6.46333,197.334,168.628,142.703,88.570,60.277,32.689,18.224,7.714
6.46667,197.524,168.710,142.771,88.686,60.336,32.662,18.197,7.713
6.47000,197.599,168.843,142.806,88.747,60.302,32.640,18.146,7.703
6.47333,197.716,168.893,142.907,88.775,60.393,32.701,18.183,7.750
6.47667,197.779,169.042,142.999,88.755,60.465,32.712,18.210,7.696
6.48000,197.899,169.112,143.094,88.888,60.465,32.669,18.250,7.774
6.48333,198.029,169.250,143.124,88.929,60.530,32.718,18.297,7.751
6.48667,198.111,169.237,143.253,88.901,60.494,32.738,18.245,7.787
6.49000,198.264,169.353,143.315,89.008,60.541,32.716,18.251,7.712
6.49333,198.302,169.489,143.397,89.084,60.615,32.738,18.276,7.758
6.49667,198.367,169.541,143.437,89.009,60.585,32.789,18.242,7.753
6.50000,198.456,169.552,143.551,89.096,60.641,32.804,18.214,7.747
6.50333,198.618,169.623,143.551,89.096,60.677,32.789,18.234,7.795
6.50667,198.665,169.796,143.693,89.178,60.724,32.778,18.295,7.759
6.51000,198.774,169.916,143.734,89.290,60.695,32.852,18.269,7.785
6.51333,198.870,169.950,143.790,89.303,60.690,32.901,18.335,7.794
6.51667,199.027,170.088,143.909,89.333,60.787,32.911,18.349,7.774
6.52000,199.121,170.116,143.911,89.368,60.787,32.928,18.328,7.770
6.52333,199.275,170.253,144.079,89.435,60.790,32.913,18.330,7.798
6.52667,199.306,170.288,144.124,89.456,60.897,32.953,18.410,7.760
6.53000,199.445,170.309,144.245,89.503,60.857,32.998,18.408,7.777
6.53333,199.551,170.490,144.301,89.567,60.912,33.019,18.281,7.776
6.53667,199.627,170.539,144.297,89.617,60.919,33.018,18.400,7.780
6.54000,199.724,170.623,144.454,89.664,60.995,33.038,18.401,7.795
6.54333,199.849,170.696,144.513,89.711,61.031,33.011,18.298,7.811
6.54667,199.960,170.790,144.573,89.707,61.090,33.006,18.404,7.761
6.55000,200.122,171.002,144.661,89.764,61.194,33.048,18.468,7.840
6.55333,200.099,170.997,144.663,89.819,61.079,33.071,18.385,7.830
6.55667,200.154,171.084,144.767,89.864,61.135,33.082,18.412,7.801
6.56000,200.392,171.183,144.838,89.997,61.212,33.071,18.382,7.811
6.56333,200.457,171.218,144.894,90.015,61.207,33.107,18.484,7.826
6.56667,200.509,171.320,144.933,90.060,61.216,33.198,18.415,7.885
6.57000,200.598,171.442,145.070,90.072,61.263,33.185,18.495,7.846
6.57333,200.743,171.526,145.133,90.045,61.295,33.174,18.462,7.831
6.57667,200.865,171.666,145.172,90.188,61.262,33.202,18.493,7.856
6.58000,200.904,171.734,145.261,90.227,61.354,33.196,18.493,7.823
6.58333,201.062,171.881,145.428,90.267,61.404,33.216,18.561,7.867
6.58667,201.159,171.870,145.397,90.260,61.467,33.275,18.499,7.829
6.59000,201.171,171.964,145.484,90.402,61.486,33.255,18.565,7.868
6.59333,201.315,172.110,145.547,90.490,61.571,33.237,18.548,7.894
6.59667,201.520,172.088,145.616,90.513,61.486,33.355,18.559,7.883
6.60000,201.575,172.251,145.656,90.554,61.531,33.302,18.533,7.882
6.60333,201.676,172.375,145.850,90.548,61.528,33.337,18.579,7.890
6.60667,201.843,172.479,145.860,90.586,61.633,33.349,18.590,7.875
6.61000,201.855,172.551,145.908,90.606,61.636,33.369,18.533,7.890
6.61333,201.960,172.585,145.989,90.711,61.673,33.383,18.626,7.847
6.61667,202.040,172.635,146.071,90.734,61.618,33.412,18.597,7.904
6.62000,202.084,172.799,146.141,90.700,61.759,33.352,18.647,7.904
6.62333,202.272,172.885,146.300,90.815,61.789,33.448,18.634,7.949
6.62667,202.437,172.953,146.304,90.871,61.847,33.434,18.613,7.889
6.63000,202.434,173.025,146.345,90.886,61.799,33.533,18.671,7.937
6.63333,202.576,173.125,146.457,90.982,61.865,33.508,18.598,7.947
6.63667,202.621,173.228,146.493,91.007,61.892,33.586,18.667,7.940
6.64000,202.860,173.246,146.611,91.040,61.928,33.524,18.630,7.917
6.64333,202.866,173.395,146.664,91.082,61.930,33.477,18.711,7.954
6.64667,202.963,173.490,146.822,91.150,62.021,33.526,18.681,7.925
6.65000,203.067,173.505,146.827,91.157,61.982,33.629,18.625,7.935
6.65333,203.166,173.675,146.945,91.221,62.032,33.624,18.713,7.986
6.65667,203.334,173.709,146.935,91.236,62.056,33.580,18.701,7.948
6.66000,203.362,173.796,147.018,91.349,62.090,33.612,18.708,7.869
6.66333,203.578,173.854,147.105,91.383,62.122,33.680,18.686,7.984
6.66667,203.580,173.988,147.180,91.347,62.202,33.666,18.781,7.956
6.67000,203.632,174.054,147.259,91.457,62.151,33.675,18.724,7.934
6.67333,203.733,174.180,147.317,91.484,62.164,33.673,18.757,7.922
6.67667,203.846,174.202,147.443,91.595,62.206,33.663,18.811,7.999
6.68000,204.030,174.296,147.447,91.588,62.311,33.766,18.792,8.012
6.68333,204.059,174.397,147.585,91.603,62.308,33.803,18.761,7.987
6.68667,204.216,174.518,147.631,91.740,62.297,33.750,18.818,7.990
6.69000,204.289,174.586,147.706,91.783,62.379,33.772,18.823,7.939
6.69333,204.412,174.645,147.783,91.720,62.415,33.816,18.829,7.963
6.69667,204.517,174.787,147.872,91.902,62.404,33.779,18.784,7.950
6.70000,204.661,174.875,147.926,91.953,62.512,33.803,18.917,7.993
6.70333,204.791,174.992,148.017,91.998,62.558,33.909,18.895,7.983
6.70667,204.943,175.014,148.149,92.082,62.654,33.940,18.914,8.054
6.71000,205.077,175.248,148.292,92.173,62.731,33.953,18.941,8.058
6.71333,205.147,175.231,148.420,92.251,62.714,33.946,18.971,8.079
6.71667,205.311,175.419,148.494,92.368,62.879,34.014,18.999,8.005
6.72000,205.407,175.544,148.627,92.476,62.982,34.075,19.150,8.023
6.72333,205.655,175.703,148.770,92.666,63.012,34.198,19.166,8.015
6.72667,205.804,175.864,148.890,92.812,63.128,34.277,19.197,8.089
6.73000,205.961,176.027,149.105,92.946,63.319,34.204,19.306,8.075
6.73333,206.194,176.206,149.190,93.187,63.519,34.427,19.423,8.021
6.73667,206.488,176.500,149.525,93.466,63.719,34.468,19.560,8.074
6.74000,206.844,176.676,149.796,93.748,63.892,34.599,19.733,8.120
6.74333,207.112,176.943,150.141,94.143,64.251,34.749,19.880,8.054
6.74667,207.504,177.376,150.572,94.566,64.581,34.926,20.136,8.068
6.75000,207.965,177.698,150.952,95.071,65.057,35.079,20.428,8.057
6.75333,208.384,178.154,151.446,95.631,65.534,35.357,20.723,8.108
6.75667,208.926,178.606,151.985,96.398,65.985,35.604,21.075,8.137
6.76000,209.552,179.087,152.569,97.142,66.608,35.911,21.488,8.103
6.76333,210.231,179.658,153.287,97.952,67.287,36.344,22.000,8.134
6.76667,211.060,180.376,154.079,98.991,68.155,36.707,22.439,8.168
6.77000,211.934,181.110,154.937,100.078,69.073,37.188,23.112,8.240
6.77333,212.791,181.974,155.933,101.369,70.128,37.715,23.783,8.194
6.77667,213.963,182.921,157.062,102.701,71.185,38.291,24.596,8.236
6.78000,215.137,183.903,158.248,104.282,72.466,38.997,25.473,8.212
6.78333,216.397,184.990,159.601,106.056,73.932,39.692,26.380,8.285
6.78667,217.782,186.223,161.044,107.891,75.360,40.460,27.460,8.299
6.79000,219.272,187.555,162.722,109.912,77.005,41.280,28.471,8.389
6.79333,220.910,188.891,164.211,112.039,78.785,42.193,29.705,8.328
6.79667,222.629,190.354,166.048,114.301,80.722,43.139,31.012,8.390
6.80000,224.432,191.914,167.908,116.788,82.649,44.161,32.377,8.406
6.80333,226.295,193.630,169.958,119.322,84.688,45.209,33.877,8.484
6.80667,228.310,195.335,172.025,122.052,86.825,46.329,35.249,8.461
6.81000,230.292,197.076,174.046,124.742,89.185,47.454,36.799,8.584
6.81333,232.374,198.893,176.231,127.561,91.402,48.625,38.348,8.522
6.81667,234.458,200.662,178.436,130.377,93.720,49.854,39.971,8.584
6.82000,236.641,202.459,180.717,133.260,96.012,51.003,41.547,8.641
6.82333,238.655,204.306,182.897,136.094,98.328,52.201,43.100,8.645
6.82667,240.758,206.040,185.046,138.834,100.598,53.241,44.627,8.631
6.83000,242.784,207.783,187.026,141.612,102.825,54.439,46.149,8.720
6.83333,244.682,209.404,189.080,144.161,104.852,55.434,47.541,8.760
6.83667,246.442,211.004,190.918,146.597,106.920,56.518,48.939,8.784
6.84000,248.276,212.435,192.690,148.880,108.711,57.467,50.195,8.842
6.84333,249.708,213.776,194.266,150.954,110.423,58.338,51.371,8.853
6.84667,251.093,214.950,195.788,152.765,112.024,59.067,52.388,8.887
6.85000,252.406,216.070,196.964,154.394,113.244,59.835,53.240,8.835
6.85333,253.480,216.896,198.039,155.740,114.287,60.305,54.020,8.925
6.85667,254.188,217.648,198.881,156.767,115.192,60.765,54.537,8.985
6.86000,254.858,218.101,199.501,157.673,115.817,61.103,55.053,8.989
6.86333,255.326,218.541,199.985,158.052,116.223,61.319,55.286,9.009
6.86667,255.535,218.710,200.211,158.339,116.387,61.362,55.424,8.994
6.87000,255.568,218.763,200.118,158.314,116.394,61.302,55.365,8.968
6.87333,255.418,218.613,199.935,157.941,116.088,61.196,55.094,8.973
6.87667,254.955,218.314,199.502,157.372,115.571,61.002,54.776,8.997
6.88000,254.458,217.831,198.868,156.501,114.895,60.614,54.314,9.032
6.88333,253.775,217.254,198.158,155.424,114.001,60.184,53.635,8.989
6.88667,252.935,216.509,197.226,154.130,112.996,59.644,52.938,9.019
6.89000,251.947,215.681,196.245,152.692,111.766,59.062,52.125,8.912
6.89333,250.838,214.757,194.966,151.131,110.425,58.358,51.194,8.947
6.89667,249.691,213.718,193.694,149.336,108.968,57.649,50.212,8.915
6.90000,248.488,212.570,192.310,147.462,107.512,56.912,49.201,8.838
6.90333,247.086,211.459,190.863,145.591,105.841,56.007,47.988,8.840
6.90667,245.695,210.313,189.366,143.510,104.260,55.312,46.876,8.856
6.91000,244.270,209.119,187.821,141.452,102.535,54.342,45.669,8.852
6.91333,242.902,207.817,186.263,139.338,100.846,53.439,44.513,8.795
6.91667,241.450,206.637,184.845,137.308,99.135,52.613,43.324,8.806
6.92000,239.969,205.358,183.190,135.164,97.419,51.721,42.090,8.721
6.92333,238.692,204.196,181.702,133.201,95.652,50.879,40.971,8.679
6.92667,237.239,202.961,180.232,131.083,94.047,50.071,39.770,8.685
6.93000,235.907,201.790,178.789,129.124,92.479,49.208,38.747,8.727
6.93333,234.593,200.680,177.332,127.216,90.893,48.376,37.576,8.668
6.93667,233.261,199.630,176.004,125.398,89.343,47.561,36.521,8.664
6.94000,232.139,198.548,174.629,123.628,87.914,46.896,35.527,8.689
6.94333,230.960,197.581,173.443,121.902,86.494,46.179,34.562,8.604
6.94667,229.876,196.623,172.243,120.270,85.132,45.475,33.638,8.526
6.95000,228.870,195.730,171.106,118.734,83.851,44.866,32.655,8.580
6.95333,227.861,194.932,170.066,117.287,82.733,44.277,31.831,8.526
6.95667,227.045,194.095,169.157,115.912,81.599,43.706,31.040,8.529
6.96000,226.133,193.400,168.150,114.593,80.494,43.201,30.304,8.525
6.96333,225.289,192.693,167.183,113.428,79.523,42.674,29.608,8.559
6.96667,224.544,192.002,166.400,112.226,78.558,42.089,28.980,8.512
6.97000,223.888,191.437,165.550,111.168,77.694,41.747,28.422,8.502
6.97333,223.203,190.855,164.873,110.142,76.885,41.293,27.798,8.549
6.97667,222.590,190.357,164.216,109.208,76.073,40.841,27.214,8.523
6.98000,222.069,189.778,163.548,108.360,75.361,40.474,26.705,8.516
6.98333,221.463,189.470,163.005,107.475,74.663,40.090,26.202,8.492
6.98667,221.020,189.018,162.397,106.737,74.097,39.843,25.769,8.500
6.99000,220.644,188.563,161.963,106.034,73.474,39.495,25.408,8.437
6.99333,220.235,188.245,161.483,105.416,72.899,39.256,25.006,8.520
6.99667,219.809,187.911,161.048,104.775,72.425,39.034,24.588,8.525
7.00000,219.465,187.622,160.717,104.218,71.955,38.812,24.274,8.466
7.00333,219.157,187.360,160.260,103.722,71.600,38.524,24.055,8.445
7.00667,218.950,187.090,160.059,103.230,71.152,38.405,23.702,8.462
7.01000,218.674,186.893,159.663,102.771,70.686,38.187,23.427,8.408
7.01333,218.433,186.627,159.379,102.481,70.394,37.927,23.200,8.494
7.01667,218.254,186.547,159.179,101.941,70.079,37.833,23.002,8.432
7.02000,218.050,186.424,158.983,101.571,69.796,37.686,22.759,8.483
7.02333,217.881,186.243,158.736,101.314,69.512,37.561,22.606,8.432
7.02667,217.659,186.108,158.537,100.961,69.293,37.427,22.398,8.426
7.03000,217.522,185.996,158.327,100.707,68.991,37.281,22.133,8.442
7.03333,217.512,185.896,158.250,100.440,68.823,37.222,21.965,8.481
7.03667,217.342,185.791,158.041,100.293,68.567,37.061,21.818,8.450
7.04000,217.305,185.732,157.923,99.987,68.450,36.973,21.752,8.468
7.04333,217.187,185.656,157.814,99.792,68.331,36.914,21.654,8.434
7.04667,217.192,185.583,157.733,99.609,68.152,36.760,21.508,8.414
7.05000,217.093,185.624,157.606,99.515,67.913,36.769,21.309,8.452
7.05333,217.034,185.512,157.535,99.337,67.858,36.697,21.297,8.470
7.05667,217.035,185.478,157.496,99.163,67.721,36.536,21.162,8.523
7.06000,217.041,185.470,157.419,99.046,67.681,36.568,21.084,8.491
7.06333,216.981,185.502,157.405,99.013,67.487,36.515,21.008,8.491
7.06667,216.985,185.434,157.378,98.843,67.362,36.457,20.958,8.459
7.07000,216.977,185.461,157.265,98.750,67.372,36.423,20.825,8.482
7.07333,217.010,185.541,157.300,98.653,67.241,36.394,20.818,8.407
7.07667,217.076,185.485,157.265,98.593,67.189,36.391,20.749,8.465
7.08000,217.046,185.579,157.312,98.560,67.100,36.329,20.714,8.452
7.08333,217.060,185.522,157.264,98.456,67.053,36.331,20.689,8.466
7.08667,217.126,185.555,157.283,98.368,67.058,36.275,20.616,8.447
7.09000,217.165,185.532,157.219,98.362,66.974,36.279,20.586,8.570
7.09333,217.195,185.528,157.271,98.371,66.989,36.228,20.472,8.485
7.09667,217.160,185.743,157.259,98.319,66.949,36.324,20.492,8.571
7.10000,217.285,185.658,157.252,98.240,66.852,36.205,20.457,8.454
7.10333,217.332,185.685,157.324,98.217,66.833,36.230,20.442,8.451
7.10667,217.362,185.840,157.336,98.256,66.811,36.272,20.436,8.509
7.11000,217.429,185.853,157.411,98.160,66.867,36.164,20.418,8.529
7.11333,217.523,185.860,157.432,98.192,66.795,36.184,20.390,8.535
7.11667,217.525,185.940,157.437,98.179,66.788,36.236,20.356,8.523
7.12000,217.578,186.014,157.455,98.249,66.865,36.235,20.353,8.474
7.12333,217.665,186.025,157.523,98.153,66.838,36.176,20.332,8.518
7.12667,217.716,186.083,157.514,98.175,66.691,36.200,20.296,8.541
7.13000,217.814,186.190,157.579,98.230,66.812,36.175,20.289,8.499
7.13333,217.863,186.278,157.672,98.293,66.762,36.167,20.247,8.484
7.13667,217.933,186.262,157.704,98.249,66.786,36.142,20.239,8.601
7.14000,218.089,186.361,157.739,98.304,66.777,36.230,20.287,8.555
7.14333,218.169,186.392,157.753,98.237,66.712,36.219,20.245,8.532
7.14667,218.169,186.520,157.794,98.262,66.831,36.224,20.231,8.550
7.15000,218.338,186.598,157.833,98.280,66.758,36.224,20.249,8.539
7.15333,218.350,186.719,157.958,98.346,66.828,36.213,20.167,8.559
7.15667,218.476,186.726,157.997,98.295,66.858,36.204,20.212,8.556
7.16000,218.535,186.795,158.058,98.410,66.842,36.238,20.234,8.581
7.16333,218.604,186.888,158.118,98.356,66.861,36.269,20.208,8.561
7.16667,218.732,187.027,158.182,98.400,66.882,36.273,20.253,8.542
7.17000,218.834,186.986,158.259,98.443,66.899,36.274,20.260,8.538
7.17333,218.922,187.086,158.265,98.528,66.918,36.203,20.201,8.574
7.17667,218.980,187.180,158.367,98.509,66.955,36.226,20.211,8.548
7.18000,219.068,187.246,158.426,98.540,66.979,36.313,20.285,8.579
7.18333,219.226,187.344,158.473,98.696,66.950,36.345,20.292,8.576
7.18667,219.231,187.378,158.539,98.627,67.049,36.281,20.233,8.579
7.19000,219.351,187.519,158.591,98.612,67.060,36.316,20.230,8.572
7.19333,219.426,187.580,158.701,98.670,66.994,36.366,20.155,8.606
7.19667,219.567,187.631,158.758,98.716,67.053,36.324,20.300,8.613
7.20000,219.626,187.713,158.808,98.730,67.104,36.393,20.225,8.517
7.20333,219.753,187.822,158.865,98.825,67.139,36.454,20.286,8.650
7.20667,219.861,187.922,158.880,98.820,67.141,36.319,20.252,8.618
7.21000,219.887,187.963,158.995,98.888,67.161,36.381,20.281,8.667
7.21333,219.959,188.049,159.075,98.904,67.186,36.429,20.300,8.658
7.21667,220.116,188.089,159.176,98.977,67.231,36.452,20.246,8.667
7.22000,220.256,188.220,159.204,98.919,67.294,36.470,20.281,8.646
7.22333,220.338,188.321,159.255,99.074,67.221,36.479,20.281,8.655
7.22667,220.426,188.442,159.326,99.043,67.255,36.432,20.293,8.679
7.23000,220.474,188.451,159.434,99.083,67.288,36.538,20.324,8.622
7.23333,220.687,188.541,159.447,99.148,67.375,36.515,20.319,8.648
7.23667,220.710,188.661,159.526,99.210,67.355,36.462,20.277,8.675
7.24000,220.795,188.663,159.603,99.253,67.339,36.513,20.331,8.658
7.24333,220.907,188.754,159.753,99.233,67.441,36.511,20.397,8.665
7.24667,221.043,188.859,159.787,99.336,67.465,36.594,20.309,8.700
7.25000,221.141,189.002,159.810,99.370,67.498,36.610,20.397,8.691
7.25333,221.188,189.062,159.961,99.418,67.485,36.645,20.380,8.641
7.25667,221.299,189.120,159.953,99.415,67.488,36.656,20.369,8.698
7.26000,221.388,189.165,160.093,99.462,67.614,36.693,20.414,8.662
7.26333,221.459,189.265,160.108,99.568,67.657,36.653,20.478,8.670
7.26667,221.563,189.356,160.142,99.560,67.613,36.635,20.420,8.761
7.27000,221.634,189.409,160.284,99.691,67.635,36.761,20.408,8.665
7.27333,221.777,189.549,160.344,99.615,67.684,36.685,20.382,8.709
7.27667,221.844,189.666,160.428,99.688,67.743,36.698,20.439,8.685
7.28000,222.015,189.707,160.465,99.772,67.739,36.694,20.400,8.716
7.28333,222.045,189.826,160.571,99.809,67.759,36.789,20.404,8.714
7.28667,222.114,189.877,160.699,99.853,67.792,36.690,20.403,8.729
7.29000,222.270,189.983,160.727,99.914,67.845,36.848,20.407,8.752
7.29333,222.414,190.043,160.859,99.996,67.867,36.830,20.398,8.765
7.29667,222.493,190.097,160.873,99.944,67.901,36.779,20.476,8.705
7.30000,222.568,190.253,160.945,99.994,67.919,36.755,20.473,8.778
7.30333,222.656,190.292,160.932,100.022,68.013,36.812,20.487,8.662
7.30667,222.737,190.474,161.017,100.113,68.029,36.915,20.485,8.753
7.31000,222.843,190.503,161.083,100.113,67.979,36.911,20.515,8.759
7.31333,222.967,190.595,161.229,100.163,68.023,36.932,20.485,8.792
7.31667,223.087,190.706,161.251,100.247,68.037,36.927,20.538,8.766
7.32000,223.200,190.777,161.291,100.325,68.098,37.002,20.523,8.734
7.32333,223.295,190.837,161.433,100.287,68.167,36.882,20.513,8.774
7.32667,223.408,190.915,161.443,100.448,68.200,36.972,20.533,8.702
7.33000,223.544,190.953,161.589,100.427,68.261,36.973,20.572,8.780
7.33333,223.574,191.105,161.647,100.460,68.143,36.909,20.611,8.762
7.33667,223.638,191.167,161.695,100.510,68.217,36.965,20.558,8.784
7.34000,223.816,191.288,161.805,100.569,68.173,37.066,20.595,8.784
7.34333,223.949,191.334,161.890,100.613,68.240,37.124,20.569,8.743
7.34667,223.985,191.430,161.976,100.627,68.355,37.051,20.586,8.788
7.35000,224.134,191.567,161.981,100.677,68.359,37.060,20.612,8.848
7.35333,224.194,191.626,162.142,100.706,68.468,37.067,20.624,8.780
7.35667,224.299,191.726,162.114,100.778,68.453,37.138,20.562,8.839
7.36000,224.389,191.840,162.128,100.782,68.460,37.109,20.684,8.781
7.36333,224.498,191.849,162.339,100.862,68.525,37.127,20.640,8.843
7.36667,224.567,192.019,162.397,100.942,68.459,37.114,20.622,8.829
7.37000,224.711,192.056,162.464,100.909,68.575,37.133,20.615,8.849
7.37333,224.803,192.110,162.496,101.004,68.541,37.189,20.682,8.810
7.37667,224.929,192.184,162.565,101.034,68.672,37.212,20.661,8.801
7.38000,225.011,192.414,162.652,101.087,68.622,37.155,20.747,8.877
7.38333,225.085,192.445,162.755,101.154,68.699,37.258,20.671,8.825
7.38667,225.224,192.461,162.796,101.236,68.653,37.294,20.704,8.907
7.39000,225.277,192.579,162.894,101.263,68.735,37.290,20.669,8.818
7.39333,225.372,192.619,162.937,101.281,68.704,37.383,20.742,8.901
7.39667,225.524,192.747,163.039,101.345,68.820,37.292,20.743,8.896
7.40000,225.608,192.808,163.105,101.358,68.821,37.306,20.705,8.932
7.40333,225.664,192.999,163.141,101.432,68.850,37.320,20.767,8.817
7.40667,225.866,192.986,163.224,101.453,68.862,37.370,20.769,8.865
7.41000,225.919,193.132,163.346,101.530,68.832,37.458,20.766,8.936
7.41333,225.986,193.204,163.388,101.560,68.914,37.419,20.798,8.852
7.41667,226.152,193.229,163.479,101.651,68.973,37.321,20.825,8.824
7.42000,226.237,193.350,163.512,101.693,69.041,37.430,20.781,8.858
7.42333,226.345,193.413,163.622,101.677,69.027,37.402,20.854,8.870
7.42667,226.480,193.545,163.656,101.764,69.107,37.513,20.829,8.949
7.43000,226.602,193.577,163.709,101.852,69.065,37.469,20.829,8.873
7.43333,226.579,193.774,163.797,101.902,69.129,37.434,20.883,8.962
7.43667,226.735,193.819,163.932,101.896,69.147,37.582,20.889,8.889
7.44000,226.789,193.795,164.000,101.960,69.207,37.560,20.875,8.921
7.44333,226.930,194.011,164.083,102.018,69.252,37.549,20.827,8.941
7.44667,227.032,194.072,164.101,102.043,69.232,37.534,20.873,8.938
7.45000,227.153,194.113,164.233,101.965,69.340,37.619,20.869,8.958
7.45333,227.276,194.240,164.283,102.151,69.373,37.629,20.875,8.950
7.45667,227.427,194.314,164.298,102.114,69.354,37.663,20.941,8.925
7.46000,227.468,194.431,164.428,102.190,69.385,37.644,20.961,8.949
7.46333,227.617,194.502,164.503,102.274,69.464,37.637,20.958,8.914
7.46667,227.663,194.581,164.582,102.367,69.419,37.711,20.921,8.945
7.47000,227.723,194.687,164.638,102.332,69.529,37.676,20.952,8.909
7.47333,227.880,194.724,164.832,102.383,69.528,37.673,20.961,8.937
7.47667,227.890,194.897,164.815,102.440,69.582,37.739,20.981,8.977
7.48000,228.128,194.980,164.915,102.463,69.547,37.761,20.979,8.985
7.48333,228.195,195.040,164.971,102.571,69.601,37.801,20.945,8.909
7.48667,228.340,195.026,164.997,102.616,69.560,37.783,20.976,8.955
7.49000,228.456,195.212,165.116,102.643,69.727,37.775,21.097,8.997
7.49333,228.443,195.299,165.206,102.728,69.678,37.830,21.016,9.030
7.49667,228.558,195.389,165.241,102.683,69.728,37.873,21.020,8.954
7.50000,228.762,195.431,165.318,102.812,69.792,37.858,21.028,8.962
7.50333,228.762,195.513,165.450,102.835,69.813,37.792,21.025,8.935
7.50667,228.863,195.636,165.492,102.923,69.834,37.869,21.041,8.993
7.51000,228.927,195.738,165.479,102.912,69.867,37.872,21.133,8.990
7.51333,229.051,195.837,165.566,102.978,69.870,37.911,21.087,8.958
7.51667,229.146,195.835,165.694,102.979,69.943,37.941,21.092,8.975
7.52000,229.302,196.013,165.740,103.067,69.949,37.951,21.073,9.039
7.52333,229.444,196.088,165.797,103.079,70.057,37.939,21.060,9.015
7.52667,229.502,196.212,165.948,103.184,69.952,37.943,21.034,9.043
7.53000,229.615,196.265,165.958,103.130,70.008,37.990,21.107,8.956
7.53333,229.722,196.326,166.089,103.218,70.063,37.998,21.155,8.999
7.53667,229.815,196.395,166.176,103.236,70.126,37.991,21.123,9.012
7.54000,229.913,196.567,166.181,103.365,70.091,38.064,21.117,8.990
7.54333,229.975,196.644,166.319,103.373,70.170,38.050,21.171,9.066
7.54667,230.126,196.730,166.320,103.488,70.201,38.076,21.122,9.066
7.55000,230.254,196.744,166.461,103.513,70.262,38.085,21.240,9.011
7.55333,230.286,196.896,166.467,103.521,70.256,38.079,21.141,9.035
7.55667,230.420,197.000,166.578,103.542,70.289,38.075,21.115,9.032
7.56000,230.592,197.107,166.659,103.657,70.290,38.185,21.184,9.055
7.56333,230.629,197.132,166.782,103.674,70.300,38.192,21.254,9.098
7.56667,230.695,197.301,166.807,103.725,70.372,38.195,21.254,9.035
7.57000,230.906,197.358,166.891,103.800,70.447,38.199,21.221,9.029
7.57333,230.950,197.387,166.987,103.793,70.433,38.165,21.206,9.078
7.57667,230.997,197.486,167.084,103.910,70.452,38.242,21.195,9.075
7.58000,231.113,197.614,167.107,103.895,70.514,38.247,21.233,9.083
7.58333,231.238,197.686,167.223,103.930,70.558,38.217,21.291,9.096
7.58667,231.429,197.837,167.332,104.043,70.543,38.243,21.275,9.105
7.59000,231.447,197.814,167.387,104.040,70.628,38.259,21.296,9.115
7.59333,231.629,198.000,167.437,104.081,70.699,38.285,21.286,9.117
7.59667,231.676,198.108,167.504,104.157,70.644,38.367,21.212,9.111
7.60000,231.844,198.116,167.540,104.241,70.659,38.380,21.218,9.124
7.60333,231.924,198.254,167.593,104.193,70.698,38.380,21.313,9.137
7.60667,231.994,198.358,167.739,104.207,70.726,38.403,21.316,9.132
7.61000,232.064,198.391,167.746,104.356,70.827,38.442,21.338,9.102
7.61333,232.216,198.541,167.847,104.394,70.833,38.429,21.310,9.086
7.61667,232.329,198.562,167.999,104.466,70.882,38.449,21.316,9.112
7.62000,232.426,198.699,168.023,104.520,70.916,38.459,21.366,9.115
7.62333,232.615,198.743,168.191,104.506,70.943,38.530,21.401,9.160
7.62667,232.668,198.905,168.237,104.581,70.957,38.397,21.370,9.086
7.63000,232.742,198.974,168.269,104.630,71.015,38.438,21.375,9.179
7.63333,232.862,199.074,168.383,104.677,71.014,38.557,21.367,9.138
7.63667,232.943,199.095,168.493,104.755,71.072,38.512,21.396,9.140
7.64000,233.084,199.184,168.473,104.709,71.049,38.553,21.434,9.239
7.64333,233.171,199.321,168.536,104.797,71.156,38.547,21.423,9.145
7.64667,233.304,199.323,168.652,104.856,71.197,38.595,21.404,9.141
7.65000,233.357,199.555,168.736,104.891,71.137,38.662,21.435,9.211
7.65333,233.465,199.552,168.779,104.987,71.187,38.616,21.525,9.129
7.65667,233.570,199.706,168.893,104.978,71.265,38.696,21.474,9.104
7.66000,233.722,199.758,168.855,105.105,71.297,38.698,21.502,9.237
7.66333,233.762,199.868,169.001,105.113,71.288,38.695,21.477,9.233
7.66667,233.874,199.939,169.104,105.220,71.334,38.680,21.533,9.152
7.67000,233.990,200.009,169.190,105.160,71.331,38.690,21.466,9.177
7.67333,234.178,200.187,169.227,105.299,71.370,38.717,21.520,9.206
7.67667,234.181,200.246,169.304,105.263,71.456,38.816,21.561,9.181
7.68000,234.395,200.240,169.405,105.303,71.450,38.820,21.552,9.229
7.68333,234.493,200.412,169.469,105.360,71.498,38.777,21.544,9.172
7.68667,234.580,200.467,169.513,105.436,71.518,38.787,21.577,9.242
7.69000,234.563,200.624,169.628,105.460,71.597,38.793,21.547,9.170
7.69333,234.758,200.696,169.771,105.522,71.519,38.867,21.568,9.159
7.69667,234.884,200.832,169.798,105.573,71.603,38.844,21.539,9.178
7.70000,234.937,200.812,169.853,105.618,71.718,38.835,21.667,9.222
7.70333,235.067,200.980,169.938,105.726,71.724,38.895,21.580,9.256
7.70667,235.164,201.073,170.031,105.706,71.710,38.921,21.613,9.209
7.71000,235.256,201.203,170.066,105.770,71.771,38.958,21.671,9.174
7.71333,235.408,201.148,170.175,105.811,71.775,39.028,21.689,9.235
7.71667,235.522,201.348,170.246,105.844,71.860,38.952,21.678,9.296
7.72000,235.575,201.476,170.272,105.889,71.830,39.018,21.677,9.303
7.72333,235.707,201.478,170.378,105.960,71.922,38.992,21.579,9.292
7.72667,235.783,201.607,170.463,106.053,71.931,39.059,21.647,9.291
7.73000,235.976,201.666,170.530,106.074,71.978,39.072,21.713,9.266
7.73333,236.016,201.756,170.608,106.104,72.023,39.086,21.689,9.238
7.73667,236.154,201.849,170.681,106.158,71.961,39.073,21.679,9.277
7.74000,236.258,202.034,170.770,106.250,72.080,39.078,21.666,9.304
7.74333,236.375,201.972,170.877,106.339,72.035,39.136,21.683,9.215
7.74667,236.470,202.103,170.966,106.333,72.092,39.160,21.704,9.238
7.75000,236.558,202.274,170.924,106.448,72.123,39.106,21.696,9.273
7.75333,236.649,202.338,171.176,106.415,72.172,39.180,21.734,9.248
7.75667,236.739,202.434,171.229,106.441,72.207,39.175,21.748,9.366
7.76000,236.858,202.454,171.290,106.512,72.271,39.226,21.747,9.314
7.76333,236.951,202.605,171.399,106.551,72.227,39.177,21.792,9.354
7.76667,237.126,202.633,171.385,106.574,72.336,39.299,21.816,9.315
7.77000,237.202,202.831,171.490,106.616,72.304,39.282,21.803,9.329
7.77333,237.388,202.868,171.571,106.719,72.379,39.284,21.763,9.307
7.77667,237.463,202.936,171.644,106.799,72.419,39.347,21.854,9.336
7.78000,237.556,203.113,171.748,106.764,72.389,39.331,21.813,9.326
7.78333,237.588,203.110,171.803,106.838,72.419,39.352,21.806,9.322
7.78667,237.769,203.255,171.902,106.856,72.486,39.407,21.865,9.336
7.79000,237.838,203.305,171.959,106.922,72.555,39.302,21.919,9.420
7.79333,237.925,203.403,172.036,107.039,72.605,39.429,21.833,9.419
7.79667,238.143,203.495,172.137,107.019,72.644,39.409,21.828,9.417
7.80000,238.142,203.598,172.237,107.111,72.545,39.486,21.936,9.330
7.80333,238.273,203.718,172.301,107.095,72.707,39.406,21.898,9.393
7.80667,238.413,203.797,172.380,107.142,72.717,39.526,21.905,9.385
7.81000,238.517,203.853,172.428,107.271,72.753,39.482,21.919,9.396
7.81333,238.650,203.976,172.489,107.275,72.806,39.549,21.923,9.386
7.81667,238.696,204.076,172.616,107.295,72.856,39.519,21.975,9.404
7.82000,238.856,204.192,172.628,107.372,72.854,39.485,21.977,9.416
7.82333,238.932,204.248,172.673,107.386,72.901,39.544,21.942,9.389
7.82667,239.061,204.400,172.837,107.494,72.884,39.595,21.998,9.450
7.83000,239.215,204.415,172.887,107.545,72.936,39.618,21.949,9.391
7.83333,239.188,204.592,172.965,107.590,72.984,39.619,21.958,9.396
7.83667,239.371,204.672,173.077,107.647,72.967,39.591,22.026,9.426
7.84000,239.493,204.770,173.143,107.640,73.042,39.635,22.040,9.427
7.84333,239.615,204.859,173.258,107.762,73.075,39.678,22.013,9.390
7.84667,239.724,204.941,173.267,107.776,73.134,39.775,22.030,9.430
7.85000,239.848,205.002,173.391,107.799,73.095,39.703,22.055,9.364
7.85333,239.864,205.038,173.473,107.945,73.144,39.686,22.043,9.458
7.85667,239.999,205.273,173.503,107.949,73.231,39.799,22.087,9.476
7.86000,240.149,205.227,173.636,107.964,73.249,39.740,22.114,9.403
7.86333,240.223,205.411,173.741,107.994,73.338,39.756,22.106,9.502
7.86667,240.344,205.474,173.818,108.115,73.291,39.816,22.066,9.477
7.87000,240.464,205.596,173.852,108.171,73.390,39.829,22.056,9.444
7.87333,240.545,205.705,173.985,108.165,73.321,39.837,22.102,9.510
7.87667,240.687,205.681,173.943,108.210,73.361,39.799,22.091,9.475
7.88000,240.844,205.851,174.116,108.192,73.451,39.937,22.179,9.510
7.88333,240.906,205.925,174.151,108.323,73.478,39.898,22.135,9.503
7.88667,240.992,206.063,174.316,108.380,73.546,39.915,22.231,9.507
7.89000,241.074,206.227,174.313,108.407,73.556,39.967,22.172,9.494
7.89333,241.253,206.268,174.340,108.464,73.560,40.031,22.162,9.539
7.89667,241.330,206.310,174.498,108.521,73.644,39.897,22.176,9.491
7.90000,241.502,206.474,174.537,108.644,73.618,39.934,22.210,9.458
7.90333,241.576,206.544,174.693,108.679,73.632,39.947,22.224,9.475
7.90667,241.706,206.621,174.780,108.713,73.686,40.047,22.223,9.545
7.91000,241.805,206.686,174.852,108.722,73.747,40.026,22.254,9.449
7.91333,241.881,206.797,174.855,108.744,73.767,40.027,22.136,9.560
7.91667,242.029,206.911,174.996,108.831,73.786,40.001,22.198,9.496
7.92000,242.197,207.003,175.075,108.900,73.816,40.053,22.220,9.514
7.92333,242.233,207.151,175.129,108.933,73.862,40.134,22.274,9.545
7.92667,242.344,207.258,175.217,108.933,73.863,40.102,22.289,9.532
7.93000,242.505,207.260,175.334,109.053,73.903,40.117,22.211,9.494
7.93333,242.584,207.359,175.350,109.046,73.998,40.168,22.243,9.493
7.93667,242.695,207.569,175.447,109.138,73.981,40.124,22.262,9.563
7.94000,242.755,207.530,175.512,109.178,74.033,40.187,22.358,9.529
7.94333,242.891,207.665,175.608,109.235,74.079,40.198,22.301,9.593
7.94667,242.981,207.774,175.731,109.323,74.115,40.278,22.285,9.549
7.95000,243.171,207.887,175.792,109.362,74.140,40.302,22.253,9.533
7.95333,243.228,207.969,175.931,109.439,74.170,40.276,22.281,9.543
7.95667,243.379,208.086,175.963,109.401,74.229,40.332,22.394,9.574
7.96000,243.423,208.136,176.015,109.511,74.266,40.365,22.298,9.604
7.96333,243.605,208.286,176.122,109.478,74.268,40.332,22.347,9.618
7.96667,243.750,208.288,176.188,109.604,74.301,40.328,22.449,9.558
7.97000,243.800,208.448,176.314,109.638,74.390,40.392,22.459,9.537
7.97333,243.922,208.505,176.329,109.618,74.427,40.368,22.429,9.594
7.97667,244.020,208.609,176.427,109.738,74.459,40.426,22.392,9.609
7.98000,244.118,208.690,176.560,109.777,74.418,40.375,22.369,9.576
7.98333,244.279,208.850,176.654,109.865,74.440,40.489,22.450,9.616
7.98667,244.273,208.915,176.629,109.872,74.512,40.504,22.472,9.604
7.99000,244.463,208.974,176.822,109.918,74.536,40.489,22.453,9.640
7.99333,244.639,209.135,176.818,110.027,74.540,40.437,22.501,9.617
7.99667,244.627,209.167,176.951,110.042,74.602,40.523,22.485,9.665
8.00000,244.816,209.276,176.990,110.134,74.683,40.551,22.520,9.705
8.00333,244.958,209.378,177.086,110.171,74.755,40.561,22.498,9.697
8.00667,245.029,209.493,177.190,110.184,74.748,40.606,22.466,9.625
8.01000,245.189,209.570,177.174,110.282,74.713,40.522,22.549,9.646
8.01333,245.294,209.633,177.277,110.323,74.833,40.578,22.525,9.618
8.01667,245.331,209.766,177.346,110.382,74.800,40.659,22.573,9.702
8.02000,245.471,209.846,177.439,110.402,74.908,40.669,22.584,9.683
8.02333,245.661,209.952,177.617,110.441,74.891,40.655,22.597,9.637
8.02667,245.745,210.062,177.594,110.514,74.883,40.694,22.567,9.669
8.03000,245.847,210.188,177.796,110.553,74.931,40.648,22.645,9.667
8.03333,245.948,210.251,177.790,110.644,74.978,40.686,22.618,9.708
8.03667,246.062,210.415,177.837,110.653,74.981,40.736,22.592,9.591
8.04000,246.190,210.470,178.006,110.730,75.030,40.820,22.610,9.686
8.04333,246.340,210.545,178.029,110.815,75.074,40.764,22.661,9.726
8.04667,246.376,210.700,178.090,110.843,75.191,40.833,22.659,9.744
8.05000,246.506,210.787,178.254,110.936,75.229,40.812,22.693,9.778
8.05333,246.645,210.862,178.270,110.903,75.217,40.831,22.658,9.741
8.05667,246.764,210.957,178.413,111.044,75.239,40.873,22.725,9.669
8.06000,246.902,211.092,178.548,111.135,75.302,40.792,22.746,9.707
8.06333,246.951,211.204,178.623,111.199,75.354,40.995,22.798,9.746
8.06667,247.144,211.311,178.734,111.200,75.405,40.943,22.739,9.759
8.07000,247.323,211.416,178.837,111.318,75.427,40.994,22.795,9.868
8.07333,247.482,211.521,178.941,111.424,75.489,41.007,22.829,9.862
8.07667,247.545,211.600,179.019,111.474,75.474,41.066,22.874,9.899
8.08000,247.635,211.820,179.120,111.623,75.573,41.129,22.943,9.913
8.08333,247.899,211.950,179.286,111.774,75.713,41.120,22.988,10.001
8.08667,248.097,212.033,179.430,111.894,75.774,41.161,23.129,10.031
8.09000,248.303,212.257,179.652,112.054,75.832,41.217,23.221,10.129
8.09333,248.448,212.480,179.841,112.272,75.885,41.296,23.354,10.258
8.09667,248.695,212.650,180.083,112.541,76.106,41.311,23.506,10.266
8.10000,248.861,212.867,180.297,112.821,76.186,41.422,23.714,10.538
8.10333,249.169,213.133,180.580,113.146,76.322,41.548,23.909,10.741
8.10667,249.435,213.390,180.907,113.512,76.492,41.718,24.212,10.810
8.11000,249.871,213.709,181.281,113.910,76.665,41.780,24.543,11.158
8.11333,250.248,214.109,181.695,114.531,76.951,41.920,24.781,11.443
8.11667,250.768,214.398,182.169,115.041,77.181,42.121,25.371,11.847
8.12000,251.235,214.952,182.733,115.766,77.537,42.357,25.847,12.198
8.12333,251.792,215.459,183.404,116.566,78.000,42.542,26.406,12.710
8.12667,252.486,215.948,184.168,117.520,78.274,42.835,27.158,13.309
8.13000,253.199,216.751,184.917,118.654,78.749,43.140,27.954,13.981
8.13333,253.997,217.470,185.913,119.816,79.323,43.577,29.002,14.793
8.13667,254.922,218.370,186.978,121.248,79.870,43.952,29.958,15.602
8.14000,255.994,219.237,188.251,122.772,80.699,44.398,31.229,16.678
8.14333,257.180,220.291,189.605,124.585,81.360,44.910,32.502,17.718
8.14667,258.457,221.474,191.098,126.560,82.312,45.510,34.076,18.963
8.15000,259.812,222.780,192.788,128.816,83.208,46.161,35.796,20.369
8.15333,261.378,224.227,194.673,131.203,84.315,46.887,37.696,21.914
8.15667,263.140,225.802,196.624,133.897,85.423,47.678,39.750,23.597
8.16000,264.900,227.530,198.834,136.801,86.733,48.493,42.000,25.458
8.16333,266.921,229.326,201.274,140.002,88.201,49.399,44.334,27.489
8.16667,269.095,231.323,203.773,143.456,89.577,50.479,47.067,29.578
8.17000,271.374,233.417,206.518,147.102,91.181,51.470,49.991,32.012
8.17333,273.738,235.675,209.428,150.936,92.928,52.631,52.926,34.451
8.17667,276.410,238.001,212.517,155.088,94.683,53.808,56.130,37.045
8.18000,279.117,240.467,215.738,159.355,96.579,55.167,59.519,39.783
8.18333,281.840,243.045,219.099,163.822,98.460,56.450,62.896,42.697
8.18667,284.732,245.740,222.462,168.469,100.539,57.793,66.528,45.567
8.19000,287.763,248.320,226.029,173.194,102.549,59.135,70.166,48.597
8.19333,290.757,251.156,229.645,177.971,104.586,60.576,73.936,51.718
8.19667,293.711,253.921,233.305,182.788,106.705,61.947,77.639,54.746
8.20000,296.712,256.649,236.818,187.709,108.902,63.426,81.446,57.829
8.20333,299.734,259.447,240.479,192.491,110.957,64.815,85.199,60.925
8.20667,302.670,262.214,244.032,197.219,113.012,66.240,88.958,64.007
8.21000,305.644,264.812,247.433,201.844,115.008,67.528,92.541,66.955
8.21333,308.364,267.333,250.761,206.297,116.960,68.847,95.974,69.703
8.21667,310.903,269.716,253.891,210.505,118.769,70.135,99.180,72.426
8.22000,313.455,271.993,256.884,214.460,120.477,71.236,102.313,74.964
8.22333,315.686,274.102,259.588,217.986,122.035,72.293,105.100,77.211
8.22667,317.745,276.002,262.054,221.348,123.537,73.251,107.679,79.321
8.23000,319.676,277.667,264.237,224.197,124.731,74.162,109.970,81.152
8.23333,321.266,279.179,266.124,226.844,125.882,74.856,111.944,82.787
8.23667,322.622,280.366,267.789,228.903,126.782,75.437,113.538,84.075
8.24000,323.685,281.397,269.083,230.612,127.529,75.894,114.809,85.198
8.24333,324.586,282.198,269.976,231.803,128.141,76.322,115.802,85.986
8.24667,325.111,282.648,270.609,232.619,128.490,76.583,116.353,86.440
8.25000,325.292,282.906,270.885,232.899,128.596,76.653,116.570,86.612
8.25333,325.390,282.921,270.884,232.758,128.552,76.656,116.377,86.445
8.25667,325.128,282.785,270.506,232.237,128.327,76.498,115.927,86.107
8.26000,324.670,282.289,269.859,231.229,127.973,76.244,115.247,85.478
8.26333,323.941,281.550,268.959,229.998,127.349,75.815,114.129,84.572
8.26667,323.034,280.755,267.690,228.287,126.730,75.339,112.724,83.453
8.27000,321.865,279.685,266.259,226.289,125.729,74.776,111.124,82.138
8.27333,320.537,278.435,264.557,223.920,124.747,74.033,109.249,80.556
8.27667,319.026,277.079,262.686,221.335,123.788,73.320,107.211,78.943
8.28000,317.421,275.584,260.669,218.556,122.478,72.543,104.956,77.015
8.28333,315.728,273.870,258.490,215.561,121.152,71.586,102.532,75.061
8.28667,313.843,272.232,256.149,212.252,119.870,70.703,100.008,73.015
8.29000,311.878,270.427,253.817,208.972,118.379,69.690,97.365,70.739
8.29333,309.928,268.579,251.265,205.578,116.899,68.684,94.669,68.510
8.29667,307.864,266.715,248.715,202.060,115.442,67.706,91.866,66.239
8.30000,305.764,264.799,246.229,198.541,113.936,66.617,89.065,63.939
8.30333,303.785,262.927,243.635,194.928,112.429,65.650,86.219,61.647
8.30667,301.783,261.018,241.105,191.498,110.867,64.643,83.474,59.261
8.31000,299.646,259.086,238.508,187.921,109.266,63.584,80.595,57.022
8.31333,297.706,257.385,236.100,184.458,107.881,62.513,77.927,54.777
8.31667,295.721,255.472,233.616,181.116,106.494,61.587,75.210,52.472
8.32000,293.859,253.762,231.207,177.737,105.040,60.716,72.644,50.395
8.32333,292.056,252.092,228.860,174.616,103.738,59.730,70.140,48.356
8.32667,290.203,250.289,226.703,171.456,102.287,58.837,67.669,46.268
8.33000,288.456,248.715,224.480,168.516,101.055,57.914,65.299,44.353
8.33333,286.784,247.223,222.409,165.638,99.820,57.114,62.977,42.427
8.33667,285.226,245.771,220.415,162.922,98.627,56.369,60.765,40.683
8.34000,283.815,244.370,218.596,160.263,97.554,55.557,58.685,38.953
8.34333,282.326,243.061,216.746,157.675,96.480,54.845,56.650,37.321
8.34667,280.988,241.837,215.069,155.337,95.448,54.128,54.779,35.769
8.35000,279.702,240.587,213.495,153.082,94.556,53.494,52.940,34.238
8.35333,278.499,239.563,211.913,151.019,93.632,52.920,51.256,32.842
8.35667,277.349,238.417,210.473,148.948,92.737,52.311,49.629,31.508
8.36000,276.269,237.460,209.197,147.039,91.909,51.714,48.095,30.248
8.36333,275.276,236.488,207.922,145.211,91.176,51.215,46.670,29.104
8.36667,274.320,235.707,206.624,143.534,90.502,50.747,45.245,27.887
8.37000,273.443,234.842,205.441,141.982,89.784,50.217,43.965,26.831
8.37333,272.694,234.048,204.441,140.447,89.134,49.813,42.782,25.872
8.37667,271.838,233.372,203.416,139.008,88.506,49.380,41.644,24.893
8.38000,271.158,232.705,202.529,137.710,87.942,49.002,40.593,24.035
8.38333,270.499,232.053,201.682,136.471,87.407,48.700,39.549,23.170
8.38667,269.918,231.495,200.833,135.288,86.972,48.352,38.640,22.323
8.39000,269.213,231.006,200.007,134.171,86.503,48.036,37.734,21.720
8.39333,268.735,230.412,199.294,133.131,86.023,47.803,36.877,20.958
8.39667,268.248,229.999,198.623,132.166,85.682,47.447,36.083,20.357
8.40000,267.813,229.551,198.052,131.223,85.246,47.152,35.336,19.709
8.40333,267.451,229.217,197.447,130.395,84.966,46.978,34.726,19.094
8.40667,266.970,228.791,196.939,129.675,84.580,46.700,34.024,18.582
8.41000,266.675,228.410,196.527,128.912,84.367,46.517,33.428,18.145
8.41333,266.260,228.132,195.923,128.237,84.031,46.336,32.829,17.579
8.41667,266.045,227.918,195.590,127.516,83.798,46.225,32.321,17.195
8.42000,265.726,227.541,195.155,126.909,83.450,45.924,31.817,16.798
8.42333,265.482,227.340,194.770,126.339,83.283,45.791,31.308,16.394
8.42667,265.220,227.193,194.459,125.857,83.061,45.644,30.921,16.009
8.43000,264.985,226.915,194.151,125.401,82.871,45.465,30.477,15.628
8.43333,264.794,226.786,193.869,124.919,82.706,45.327,30.061,15.252
8.43667,264.706,226.598,193.595,124.556,82.519,45.279,29.787,15.052
8.44000,264.585,226.461,193.316,124.109,82.335,45.166,29.344,14.738
8.44333,264.364,226.319,193.096,123.736,82.174,45.033,29.091,14.445
8.44667,264.225,226.240,192.890,123.428,82.054,44.887,28.675,14.227
8.45000,264.162,226.110,192.724,123.023,81.928,44.832,28.429,13.990
8.45333,264.072,226.040,192.552,122.795,81.874,44.725,28.196,13.777
8.45667,264.018,225.944,192.423,122.588,81.716,44.707,27.924,13.522
8.46000,263.899,225.863,192.228,122.242,81.589,44.671,27.673,13.354
8.46333,263.903,225.856,192.186,122.106,81.511,44.601,27.529,13.194
8.46667,263.902,225.794,191.976,121.801,81.466,44.586,27.247,12.989
8.47000,263.799,225.740,191.908,121.623,81.355,44.453,27.065,12.907
8.47333,263.810,225.678,191.814,121.442,81.345,44.396,26.935,12.651
8.47667,263.775,225.667,191.784,121.199,81.263,44.324,26.824,12.502
8.48000,263.743,225.632,191.678,121.085,81.204,44.392,26.601,12.457
8.48333,263.727,225.633,191.611,120.942,81.122,44.286,26.418,12.313
8.48667,263.798,225.690,191.544,120.858,81.079,44.223,26.330,12.174
8.49000,263.803,225.691,191.593,120.655,81.061,44.242,26.223,12.031
8.49333,263.866,225.653,191.492,120.521,81.023,44.255,26.049,11.979
8.49667,263.851,225.659,191.400,120.473,81.049,44.169,25.925,11.818
8.50000,263.917,225.620,191.422,120.396,80.937,44.173,25.803,11.767
8.50333,263.963,225.745,191.441,120.301,80.989,44.093,25.746,11.667
8.50667,263.970,225.775,191.435,120.202,80.929,44.120,25.697,11.650
8.51000,264.009,225.830,191.516,120.173,80.909,44.073,25.632,11.570
8.51333,264.053,225.894,191.447,120.127,80.859,44.088,25.473,11.516
8.51667,264.146,225.901,191.461,120.053,80.888,44.060,25.436,11.471
8.52000,264.192,225.913,191.429,120.071,80.888,44.086,25.329,11.325
8.52333,264.240,226.077,191.524,119.970,80.886,44.041,25.280,11.291
8.52667,264.299,226.080,191.624,119.923,80.867,44.075,25.292,11.244
8.53000,264.366,226.151,191.567,119.956,80.885,44.076,25.233,11.175
8.53333,264.513,226.218,191.556,119.912,80.903,44.008,25.119,11.143
8.53667,264.606,226.270,191.634,119.843,80.912,44.033,25.121,11.126
8.54000,264.676,226.366,191.641,119.891,80.896,44.096,25.085,11.090
8.54333,264.740,226.419,191.689,119.849,80.906,44.071,25.020,11.023
8.54667,264.771,226.511,191.768,119.823,80.939,44.102,25.049,11.031
8.55000,264.926,226.557,191.795,119.886,80.924,44.063,25.000,10.993
8.55333,264.978,226.639,191.841,119.866,80.908,44.063,24.988,10.985
8.55667,265.091,226.691,191.882,119.885,81.026,44.076,24.876,10.929
8.56000,265.187,226.834,191.912,119.820,80.967,44.030,24.869,10.892
8.56333,265.347,226.893,192.009,119.886,81.030,44.070,24.826,10.917
8.56667,265.373,226.951,192.044,119.901,81.003,44.051,24.871,10.902
8.57000,265.475,227.009,192.204,119.942,81.027,44.032,24.806,10.849
8.57333,265.591,227.072,192.194,119.921,81.076,44.116,24.783,10.755
8.57667,265.614,227.218,192.276,119.963,81.135,44.042,24.821,10.763
8.58000,265.801,227.281,192.360,120.002,81.172,44.133,24.722,10.770
8.58333,265.869,227.480,192.376,120.048,81.142,44.135,24.732,10.759
8.58667,265.946,227.434,192.435,120.006,81.211,44.197,24.836,10.741
8.59000,266.066,227.504,192.529,120.074,81.225,44.152,24.725,10.710
8.59333,266.195,227.666,192.602,120.166,81.250,44.176,24.674,10.721
8.59667,266.367,227.788,192.661,120.128,81.283,44.178,24.708,10.715
8.60000,266.463,227.838,192.690,120.178,81.285,44.147,24.680,10.690
8.60333,266.520,227.949,192.833,120.180,81.333,44.235,24.703,10.706
8.60667,266.720,228.065,192.918,120.210,81.228,44.297,24.699,10.749
8.61000,266.777,228.153,192.923,120.299,81.352,44.275,24.699,10.728
8.61333,266.921,228.197,193.078,120.338,81.384,44.271,24.750,10.666
8.61667,267.030,228.301,193.129,120.343,81.445,44.343,24.767,10.709
8.62000,267.114,228.432,193.172,120.457,81.473,44.274,24.752,10.648
8.62333,267.220,228.553,193.286,120.473,81.521,44.297,24.694,10.684
8.62667,267.354,228.530,193.400,120.517,81.517,44.314,24.699,10.665
8.63000,267.498,228.695,193.408,120.531,81.594,44.325,24.698,10.649
8.63333,267.506,228.781,193.572,120.574,81.582,44.333,24.694,10.647
8.63667,267.688,228.892,193.644,120.650,81.662,44.446,24.729,10.720
8.64000,267.777,228.958,193.691,120.683,81.698,44.418,24.725,10.659
8.64333,267.947,229.076,193.691,120.650,81.731,44.467,24.641,10.740
8.64667,268.122,229.238,193.765,120.727,81.781,44.433,24.722,10.703
8.65000,268.196,229.363,194.015,120.901,81.763,44.414,24.663,10.623
8.65333,268.286,229.416,194.028,120.838,81.846,44.512,24.716,10.653
8.65667,268.463,229.543,194.080,120.875,81.856,44.541,24.753,10.647
8.66000,268.509,229.616,194.187,120.991,81.823,44.505,24.726,10.665
8.66333,268.656,229.730,194.260,121.002,81.905,44.505,24.730,10.668
8.66667,268.728,229.893,194.354,120.997,81.969,44.565,24.794,10.685
8.67000,268.889,230.002,194.422,121.121,81.962,44.599,24.796,10.689
8.67333,268.978,230.027,194.557,121.166,82.046,44.609,24.781,10.677
8.67667,269.144,230.217,194.614,121.218,81.961,44.616,24.747,10.668
8.68000,269.256,230.246,194.700,121.310,82.089,44.627,24.748,10.638
8.68333,269.434,230.359,194.782,121.331,82.119,44.622,24.751,10.620
8.68667,269.491,230.530,194.906,121.347,82.122,44.684,24.795,10.715
8.69000,269.625,230.570,194.979,121.371,82.181,44.685,24.793,10.611
8.69333,269.763,230.755,195.040,121.452,82.289,44.735,24.786,10.681
8.69667,269.945,230.757,195.162,121.503,82.274,44.666,24.845,10.663
8.70000,270.001,230.863,195.259,121.603,82.313,44.752,24.824,10.701
8.70333,270.084,230.979,195.295,121.627,82.279,44.727,24.766,10.690
8.70667,270.208,231.068,195.346,121.651,82.347,44.855,24.822,10.754
8.71000,270.322,231.180,195.433,121.773,82.354,44.822,24.879,10.688
8.71333,270.443,231.252,195.594,121.784,82.477,44.812,24.935,10.769
8.71667,270.569,231.385,195.699,121.787,82.483,44.821,24.881,10.684
8.72000,270.698,231.501,195.745,121.908,82.500,44.814,24.913,10.731
8.72333,270.873,231.642,195.877,122.018,82.563,44.925,24.974,10.667
8.72667,271.039,231.792,195.978,122.032,82.582,44.862,24.890,10.731
8.73000,271.183,231.875,196.062,122.092,82.616,44.968,24.898,10.703
8.73333,271.217,231.973,196.136,122.081,82.611,45.002,24.933,10.756
8.73667,271.312,232.029,196.226,122.169,82.693,44.948,24.918,10.714
8.74000,271.587,232.213,196.266,122.191,82.763,45.011,24.961,10.730
8.74333,271.613,232.296,196.375,122.280,82.828,44.996,24.957,10.723
8.74667,271.634,232.413,196.465,122.292,82.775,45.045,24.960,10.721
8.75000,271.824,232.458,196.547,122.370,82.890,45.113,25.024,10.744
8.75333,271.999,232.612,196.609,122.474,82.897,45.095,24.973,10.727
8.75667,272.155,232.653,196.736,122.419,82.936,45.064,24.998,10.689
8.76000,272.266,232.840,196.782,122.538,82.973,45.123,25.122,10.776
8.76333,272.383,232.919,196.905,122.634,83.048,45.121,25.007,10.760
8.76667,272.531,233.073,197.005,122.665,83.084,45.171,25.054,10.723
8.77000,272.616,233.199,197.106,122.711,83.067,45.211,25.045,10.824
8.77333,272.753,233.245,197.201,122.838,83.121,45.249,25.055,10.798
8.77667,272.853,233.337,197.211,122.843,83.119,45.175,25.025,10.794
8.78000,272.984,233.478,197.381,122.894,83.183,45.252,25.049,10.831
8.78333,273.111,233.556,197.453,122.910,83.206,45.282,25.047,10.827
8.78667,273.238,233.724,197.524,122.976,83.259,45.333,25.154,10.797
8.79000,273.375,233.763,197.597,123.023,83.320,45.346,25.117,10.817
8.79333,273.507,233.826,197.688,123.145,83.345,45.306,25.120,10.827
8.79667,273.574,234.019,197.899,123.192,83.311,45.352,25.139,10.816
8.80000,273.712,234.145,197.902,123.322,83.390,45.375,25.108,10.785
8.80333,273.876,234.232,198.064,123.299,83.479,45.357,25.153,10.782
8.80667,273.992,234.279,198.101,123.337,83.526,45.447,25.158,10.778
8.81000,274.072,234.384,198.208,123.420,83.541,45.384,25.215,10.796
8.81333,274.278,234.539,198.300,123.466,83.522,45.508,25.226,10.831
8.81667,274.317,234.582,198.379,123.494,83.678,45.473,25.241,10.857
8.82000,274.513,234.721,198.430,123.578,83.705,45.502,25.126,10.865
8.82333,274.585,234.841,198.529,123.605,83.694,45.506,25.222,10.896
8.82667,274.723,234.958,198.570,123.656,83.731,45.548,25.240,10.886
8.83000,274.757,234.979,198.694,123.781,83.782,45.470,25.222,10.815
8.83333,274.991,235.173,198.764,123.827,83.775,45.592,25.229,10.851
8.83667,275.086,235.297,198.886,123.855,83.753,45.656,25.317,10.894
8.84000,275.160,235.370,199.007,123.873,83.874,45.570,25.309,10.895
8.84333,275.335,235.466,199.107,123.956,83.921,45.573,25.326,10.881
8.84667,275.473,235.594,199.143,124.120,83.895,45.729,25.349,10.811
8.85000,275.616,235.622,199.246,124.089,83.946,45.708,25.291,10.952
8.85333,275.713,235.788,199.322,124.116,84.025,45.715,25.294,10.868
8.85667,275.793,235.957,199.472,124.173,84.033,45.764,25.338,10.878
8.86000,275.984,236.020,199.555,124.256,84.062,45.788,25.345,10.855
8.86333,276.084,236.143,199.616,124.293,84.157,45.679,25.339,10.892
8.86667,276.170,236.221,199.759,124.382,84.162,45.763,25.312,10.950
8.87000,276.290,236.331,199.808,124.406,84.214,45.754,25.377,10.951
8.87333,276.450,236.405,199.936,124.414,84.278,45.811,25.371,10.859
8.87667,276.599,236.581,199.938,124.581,84.298,45.801,25.458,10.899
8.88000,276.758,236.643,200.141,124.606,84.263,45.875,25.417,10.906
8.88333,276.807,236.769,200.186,124.684,84.400,45.990,25.379,10.899
8.88667,277.027,236.892,200.258,124.707,84.348,45.913,25.483,10.915
8.89000,277.047,236.961,200.392,124.760,84.481,45.916,25.454,10.945
8.89333,277.211,237.119,200.494,124.820,84.558,45.961,25.450,10.905
8.89667,277.320,237.209,200.520,124.895,84.489,45.978,25.446,10.985
8.90000,277.520,237.310,200.602,124.889,84.589,45.983,25.500,10.963
8.90333,277.592,237.504,200.694,125.008,84.606,46.057,25.484,10.936
8.90667,277.740,237.508,200.798,125.041,84.586,46.092,25.490,10.940
8.91000,277.846,237.615,200.907,125.127,84.691,46.085,25.479,10.965
8.91333,277.932,237.737,200.971,125.198,84.684,46.062,25.531,10.962
8.91667,278.173,237.804,201.030,125.267,84.739,46.164,25.472,10.940
8.92000,278.209,238.024,201.151,125.323,84.847,46.149,25.607,11.019
8.92333,278.406,238.044,201.244,125.279,84.885,46.178,25.522,11.011
8.92667,278.543,238.240,201.367,125.412,84.881,46.211,25.589,11.028
8.93000,278.602,238.260,201.431,125.461,84.926,46.133,25.590,10.989
8.93333,278.755,238.359,201.576,125.499,84.917,46.174,25.567,10.989
8.93667,278.808,238.454,201.635,125.569,84.966,46.260,25.601,10.984
8.94000,278.991,238.592,201.684,125.672,84.964,46.254,25.554,11.021
8.94333,279.096,238.675,201.908,125.663,85.083,46.273,25.602,11.029
8.94667,279.160,238.786,201.904,125.764,85.093,46.244,25.660,11.055
8.95000,279.353,238.864,201.988,125.814,85.152,46.313,25.637,11.009
8.95333,279.494,239.002,202.063,125.806,85.115,46.373,25.646,11.018
8.95667,279.608,239.129,202.199,125.916,85.157,46.318,25.649,10.991
8.96000,279.689,239.153,202.272,125.963,85.265,46.346,25.670,11.020
8.96333,279.822,239.333,202.298,126.023,85.305,46.423,25.641,11.015
8.96667,280.012,239.504,202.391,126.071,85.332,46.434,25.638,11.023
8.97000,280.087,239.558,202.528,126.154,85.365,46.398,25.725,11.082
8.97333,280.235,239.591,202.567,126.189,85.383,46.419,25.743,11.086
8.97667,280.341,239.743,202.701,126.281,85.393,46.497,25.754,11.043
8.98000,280.481,239.883,202.785,126.271,85.411,46.502,25.753,11.102
8.98333,280.579,239.923,202.966,126.327,85.527,46.533,25.791,11.162
8.98667,280.768,240.067,202.978,126.428,85.545,46.559,25.799,11.067
8.99000,280.860,240.157,203.033,126.501,85.577,46.598,25.787,11.059
8.99333,280.959,240.322,203.191,126.529,85.621,46.547,25.834,11.022
8.99667,281.008,240.384,203.250,126.642,85.653,46.567,25.809,11.093
9.00000,281.219,240.421,203.272,126.602,85.658,46.646,25.842,11.008
9.00333,281.304,240.554,203.420,126.677,85.710,46.692,25.861,11.134
9.00667,281.490,240.668,203.539,126.750,85.792,46.635,25.863,11.171
9.01000,281.538,240.847,203.641,126.810,85.761,46.739,25.880,11.134
9.01333,281.739,240.928,203.673,126.892,85.883,46.720,25.827,11.149
9.01667,281.833,241.024,203.816,126.891,85.882,46.765,25.877,11.172
9.02000,281.930,241.111,203.842,126.956,85.997,46.741,25.878,11.093
9.02333,282.121,241.341,203.967,126.977,85.898,46.780,25.915,11.183
9.02667,282.204,241.326,203.995,127.068,86.014,46.791,25.908,11.117
9.03000,282.355,241.456,204.137,127.113,86.012,46.810,25.933,11.154
9.03333,282.470,241.520,204.180,127.224,86.025,46.824,25.869,11.150
9.03667,282.547,241.675,204.339,127.244,86.105,46.852,25.923,11.119
9.04000,282.683,241.777,204.390,127.343,86.108,46.839,25.943,11.138
9.04333,282.824,241.902,204.548,127.367,86.188,46.861,25.911,11.146
9.04667,282.943,241.978,204.591,127.404,86.253,46.907,25.953,11.183
9.05000,283.006,242.102,204.748,127.462,86.238,46.962,26.071,11.183
9.05333,283.205,242.195,204.772,127.529,86.302,46.916,26.022,11.185
9.05667,283.319,242.308,204.770,127.630,86.352,46.962,26.042,11.104
9.06000,283.420,242.400,204.918,127.635,86.406,46.920,26.005,11.171
9.06333,283.547,242.535,204.952,127.785,86.363,47.040,26.011,11.285
9.06667,283.698,242.649,205.103,127.766,86.473,47.049,25.998,11.136
9.07000,283.798,242.727,205.228,127.845,86.488,47.086,26.038,11.229
9.07333,283.914,242.835,205.357,127.881,86.547,47.086,26.113,11.200
9.07667,284.040,242.954,205.379,127.974,86.515,47.104,26.069,11.243
9.08000,284.189,243.040,205.487,127.931,86.566,47.198,26.126,11.282
9.08333,284.310,243.078,205.609,128.107,86.628,47.186,26.068,11.208
9.08667,284.480,243.212,205.690,128.097,86.683,47.122,26.108,11.246
9.09000,284.527,243.392,205.744,128.158,86.747,47.165,26.118,11.283
9.09333,284.642,243.514,205.853,128.138,86.779,47.195,26.148,11.227
9.09667,284.774,243.507,205.906,128.246,86.828,47.199,26.143,11.186
9.10000,284.953,243.698,206.031,128.299,86.859,47.234,26.181,11.304
9.10333,284.981,243.816,206.129,128.360,86.851,47.200,26.171,11.286
9.10667,285.065,243.940,206.208,128.476,86.872,47.234,26.186,11.242
9.11000,285.312,243.974,206.264,128.477,86.919,47.265,26.152,11.274
9.11333,285.396,244.038,206.469,128.559,86.908,47.258,26.274,11.284
9.11667,285.609,244.191,206.445,128.614,87.048,47.344,26.173,11.322
9.12000,285.633,244.413,206.550,128.657,87.029,47.312,26.244,11.204
9.12333,285.744,244.400,206.668,128.732,87.104,47.354,26.215,11.303
9.12667,285.936,244.571,206.735,128.804,87.103,47.450,26.245,11.275
9.13000,286.004,244.627,206.814,128.796,87.166,47.360,26.299,11.309
9.13333,286.121,244.717,206.919,128.938,87.135,47.449,26.247,11.335
9.13667,286.225,244.870,206.973,128.935,87.179,47.439,26.285,11.284
9.14000,286.381,244.961,207.080,128.971,87.271,47.490,26.268,11.378
9.14333,286.488,245.050,207.099,129.038,87.243,47.506,26.341,11.330
9.14667,286.562,245.169,207.237,129.054,87.354,47.525,26.297,11.315
9.15000,286.729,245.256,207.326,129.037,87.368,47.562,26.337,11.368
9.15333,286.829,245.402,207.438,129.196,87.385,47.607,26.342,11.344
9.15667,286.961,245.475,207.516,129.238,87.412,47.606,26.371,11.352
9.16000,287.049,245.557,207.550,129.398,87.485,47.657,26.372,11.361
9.16333,287.223,245.695,207.659,129.334,87.531,47.598,26.305,11.348
9.16667,287.425,245.780,207.778,129.438,87.551,47.641,26.349,11.295
9.17000,287.485,245.874,207.858,129.499,87.634,47.692,26.354,11.377
9.17333,287.588,245.946,207.995,129.439,87.645,47.692,26.408,11.369
9.17667,287.720,246.081,208.047,129.544,87.688,47.678,26.419,11.368
9.18000,287.821,246.162,208.150,129.669,87.734,47.754,26.461,11.335
9.18333,287.916,246.270,208.228,129.661,87.770,47.800,26.379,11.389
9.18667,288.115,246.414,208.366,129.731,87.791,47.756,26.394,11.342
9.19000,288.240,246.505,208.396,129.821,87.816,47.716,26.438,11.435
9.19333,288.328,246.581,208.579,129.839,87.816,47.846,26.459,11.432
9.19667,288.472,246.631,208.495,129.971,87.954,47.811,26.519,11.430
9.20000,288.530,246.784,208.657,129.989,87.899,47.861,26.546,11.339
9.20333,288.673,246.935,208.706,130.032,87.956,47.866,26.507,11.357
9.20667,288.780,246.979,208.800,130.034,87.948,47.950,26.550,11.386
9.21000,288.947,247.134,208.905,130.196,88.038,47.914,26.500,11.470
9.21333,289.034,247.281,208.985,130.204,88.094,47.883,26.493,11.405
9.21667,289.152,247.308,209.090,130.291,88.196,47.898,26.476,11.418
9.22000,289.322,247.453,209.188,130.316,88.126,47.949,26.578,11.451
9.22333,289.345,247.528,209.281,130.371,88.146,47.946,26.600,11.405
9.22667,289.521,247.563,209.313,130.347,88.229,47.964,26.611,11.429
9.23000,289.667,247.701,209.472,130.506,88.231,48.059,26.586,11.430
9.23333,289.811,247.859,209.515,130.578,88.285,48.017,26.540,11.496
9.23667,289.892,247.979,209.603,130.662,88.245,48.022,26.592,11.477
9.24000,289.965,248.007,209.673,130.667,88.373,48.075,26.612,11.457
9.24333,290.095,248.108,209.820,130.724,88.465,48.063,26.599,11.410
9.24667,290.305,248.201,209.871,130.738,88.393,48.150,26.716,11.478
9.25000,290.339,248.338,209.966,130.821,88.528,48.184,26.592,11.481
9.25333,290.470,248.421,210.015,130.879,88.585,48.122,26.655,11.473
9.25667,290.640,248.566,210.076,130.932,88.522,48.194,26.678,11.472
9.26000,290.735,248.659,210.233,130.959,88.581,48.165,26.665,11.437
9.26333,290.797,248.640,210.345,131.005,88.622,48.299,26.690,11.509
9.26667,290.947,248.850,210.389,131.127,88.624,48.232,26.685,11.518
9.27000,291.104,248.986,210.499,131.117,88.753,48.281,26.699,11.506
9.27333,291.182,249.103,210.542,131.181,88.730,48.303,26.769,11.523
9.27667,291.310,249.129,210.633,131.233,88.810,48.267,26.788,11.524
9.28000,291.438,249.276,210.732,131.279,88.769,48.380,26.856,11.538
9.28333,291.503,249.416,210.802,131.365,88.860,48.354,26.764,11.528
9.28667,291.605,249.509,210.980,131.369,88.916,48.371,26.757,11.544
9.29000,291.775,249.625,211.005,131.441,88.854,48.433,26.774,11.522
9.29333,291.874,249.726,211.124,131.523,88.903,48.510,26.756,11.557
9.29667,292.025,249.817,211.174,131.560,88.992,48.439,26.831,11.560
9.30000,292.055,249.891,211.223,131.671,89.012,48.402,26.875,11.588
9.30333,292.224,249.982,211.299,131.669,89.007,48.465,26.809,11.514
9.30667,292.376,250.108,211.429,131.660,89.131,48.463,26.818,11.527
9.31000,292.532,250.206,211.442,131.756,89.137,48.564,26.862,11.556
9.31333,292.608,250.334,211.563,131.858,89.154,48.520,26.922,11.519
9.31667,292.682,250.349,211.676,131.870,89.176,48.560,26.855,11.540
9.32000,292.815,250.507,211.811,131.958,89.227,48.556,26.848,11.612
9.32333,292.939,250.568,211.913,132.016,89.248,48.593,26.901,11.609
9.32667,293.066,250.668,211.963,132.022,89.356,48.610,26.911,11.588
9.33000,293.235,250.789,212.025,132.138,89.359,48.606,26.929,11.648
9.33333,293.278,250.889,212.099,132.090,89.363,48.607,26.924,11.644
9.33667,293.450,251.025,212.130,132.201,89.456,48.692,26.974,11.564
9.34000,293.564,251.072,212.262,132.234,89.386,48.691,27.001,11.665
9.34333,293.639,251.214,212.335,132.311,89.491,48.685,26.983,11.608
9.34667,293.789,251.323,212.421,132.380,89.554,48.750,26.901,11.695
9.35000,293.889,251.373,212.521,132.415,89.612,48.705,26.936,11.621
9.35333,293.960,251.475,212.621,132.494,89.591,48.762,27.014,11.629
9.35667,294.120,251.619,212.803,132.443,89.650,48.742,26.939,11.645
9.36000,294.246,251.720,212.803,132.550,89.675,48.775,27.023,11.673
9.36333,294.404,251.826,212.857,132.602,89.749,48.818,27.038,11.616
9.36667,294.446,251.856,212.983,132.641,89.735,48.784,27.083,11.609
9.37000,294.638,252.081,212.987,132.769,89.810,48.889,27.007,11.671
9.37333,294.689,252.123,213.055,132.777,89.827,48.940,27.018,11.715
9.37667,294.833,252.194,213.210,132.860,89.863,48.902,27.052,11.717
9.38000,294.983,252.243,213.345,132.902,89.918,48.913,27.044,11.649
9.38333,295.086,252.362,213.333,132.919,89.930,48.918,27.088,11.733
9.38667,295.232,252.466,213.444,132.990,89.946,48.924,27.094,11.643
9.39000,295.270,252.590,213.538,133.048,89.998,48.951,27.116,11.663
9.39333,295.418,252.673,213.580,133.120,90.019,48.971,27.130,11.670
9.39667,295.554,252.791,213.705,133.112,90.078,48.983,27.102,11.696
9.40000,295.648,252.884,213.705,133.278,90.128,49.012,27.098,11.648
9.40333,295.713,253.026,213.840,133.259,90.101,49.000,27.146,11.690
9.40667,295.852,253.097,213.942,133.336,90.142,49.018,27.154,11.662
9.41000,296.040,253.221,214.101,133.357,90.205,49.078,27.105,11.748
9.41333,296.106,253.264,214.126,133.426,90.217,49.116,27.163,11.709
9.41667,296.225,253.418,214.268,133.505,90.209,49.158,27.171,11.663
9.42000,296.351,253.507,214.233,133.497,90.302,49.059,27.212,11.808
9.42333,296.392,253.550,214.376,133.536,90.307,49.132,27.257,11.719
9.42667,296.565,253.633,214.472,133.548,90.347,49.218,27.237,11.805
9.43000,296.637,253.726,214.520,133.652,90.381,49.129,27.216,11.721
9.43333,296.832,253.900,214.647,133.737,90.419,49.268,27.264,11.734
9.43667,296.917,253.968,214.676,133.740,90.487,49.249,27.264,11.759
9.44000,296.993,254.074,214.801,133.792,90.537,49.263,27.317,11.779
9.44333,297.072,254.143,214.876,133.858,90.593,49.332,27.280,11.774
9.44667,297.213,254.262,214.947,133.917,90.653,49.282,27.260,11.727
9.45000,297.403,254.321,215.016,133.971,90.631,49.294,27.326,11.777
9.45333,297.446,254.506,215.126,134.076,90.579,49.344,27.309,11.744
9.45667,297.576,254.510,215.172,134.042,90.672,49.378,27.341,11.795
9.46000,297.697,254.662,215.255,134.118,90.620,49.377,27.330,11.773
9.46333,297.748,254.699,215.357,134.197,90.748,49.377,27.325,11.740
9.46667,297.911,254.780,215.488,134.254,90.763,49.395,27.354,11.739
9.47000,297.997,254.855,215.538,134.285,90.801,49.467,27.312,11.804
9.47333,298.107,255.037,215.616,134.295,90.866,49.503,27.344,11.760
9.47667,298.180,255.102,215.668,134.417,90.851,49.406,27.407,11.799
9.48000,298.346,255.189,215.752,134.504,90.957,49.521,27.325,11.800
9.48333,298.463,255.294,215.869,134.518,90.936,49.497,27.407,11.813
9.48667,298.562,255.390,215.897,134.506,91.019,49.565,27.440,11.901
9.49000,298.709,255.478,216.015,134.604,91.004,49.572,27.388,11.801
9.49333,298.810,255.649,216.039,134.710,90.989,49.538,27.443,11.804
9.49667,298.944,255.746,216.146,134.703,91.092,49.552,27.468,11.838
9.50000,299.056,255.760,216.252,134.757,91.115,49.622,27.444,11.833
9.50333,299.140,255.873,216.312,134.787,91.170,49.588,27.483,11.885
9.50667,299.262,255.997,216.377,134.851,91.130,49.655,27.455,11.866
9.51000,299.320,256.101,216.458,134.939,91.172,49.639,27.484,11.910
9.51333,299.478,256.200,216.562,134.967,91.283,49.669,27.501,11.853
9.51667,299.584,256.286,216.622,134.987,91.272,49.688,27.506,11.798
9.52000,299.712,256.333,216.690,135.033,91.293,49.707,27.525,11.879
9.52333,299.749,256.446,216.813,135.110,91.340,49.686,27.456,11.920
9.52667,299.864,256.634,216.867,135.070,91.366,49.669,27.591,11.853
9.53000,300.081,256.618,216.943,135.123,91.432,49.801,27.547,11.869
9.53333,300.151,256.742,217.040,135.266,91.415,49.809,27.559,11.906
9.53667,300.262,256.803,217.110,135.287,91.514,49.798,27.610,11.934
9.54000,300.342,256.913,217.168,135.363,91.510,49.870,27.526,11.871
9.54333,300.438,257.049,217.242,135.418,91.536,49.829,27.621,11.913
9.54667,300.532,257.078,217.343,135.478,91.549,49.896,27.551,11.896
9.55000,300.658,257.188,217.427,135.441,91.628,49.916,27.601,11.880
9.55333,300.822,257.220,217.503,135.597,91.685,49.872,27.608,11.892
9.55667,300.832,257.314,217.628,135.569,91.685,49.864,27.623,11.922
9.56000,301.002,257.454,217.713,135.700,91.738,49.868,27.593,11.935
9.56333,301.088,257.632,217.787,135.721,91.720,49.910,27.589,11.878
9.56667,301.204,257.718,217.822,135.763,91.766,49.977,27.666,11.954
9.57000,301.266,257.768,217.964,135.804,91.848,49.991,27.651,11.983
9.57333,301.428,257.880,218.001,135.861,91.850,50.014,27.684,11.931
9.57667,301.551,258.000,218.084,135.965,91.899,50.044,27.675,11.974
9.58000,301.641,258.080,218.181,135.890,91.889,49.980,27.675,12.014
9.58333,301.753,258.177,218.235,136.054,91.939,50.021,27.721,11.909
9.58667,301.847,258.211,218.344,135.997,92.004,50.085,27.724,11.901
9.59000,301.983,258.322,218.383,136.114,92.001,50.102,27.766,11.899
9.59333,302.067,258.393,218.452,136.180,92.078,50.110,27.746,11.922
9.59667,302.196,258.533,218.576,136.260,92.019,50.117,27.781,11.948
9.60000,302.291,258.622,218.599,136.228,92.148,50.105,27.772,12.006
9.60333,302.413,258.693,218.660,136.231,92.203,50.120,27.736,11.956
9.60667,302.487,258.820,218.730,136.320,92.178,50.174,27.736,11.955
9.61000,302.582,258.870,218.826,136.457,92.189,50.152,27.798,11.936
9.61333,302.762,258.966,218.940,136.412,92.217,50.174,27.774,11.999
9.61667,302.814,259.077,218.956,136.485,92.243,50.271,27.820,11.956
9.62000,302.937,259.152,219.022,136.492,92.276,50.272,27.814,12.095
9.62333,303.013,259.223,219.179,136.572,92.319,50.279,27.849,12.008
9.62667,303.159,259.315,219.252,136.646,92.367,50.307,27.863,11.986
9.63000,303.252,259.408,219.324,136.641,92.428,50.352,27.816,12.047
9.63333,303.363,259.533,219.364,136.741,92.370,50.394,27.813,12.015
9.63667,303.470,259.602,219.456,136.781,92.498,50.326,27.813,12.055
9.64000,303.531,259.685,219.509,136.780,92.455,50.409,27.886,11.965
9.64333,303.652,259.797,219.593,136.891,92.527,50.391,27.860,11.990
9.64667,303.791,259.839,219.663,136.949,92.631,50.382,27.935,11.993
9.65000,303.872,259.914,219.747,136.971,92.615,50.428,27.877,12.046
9.65333,304.007,260.015,219.863,137.051,92.584,50.426,27.895,11.964
9.65667,304.082,260.119,219.935,137.050,92.731,50.484,27.933,12.020
9.66000,304.140,260.250,219.920,137.142,92.705,50.487,27.917,12.065
9.66333,304.282,260.286,220.009,137.134,92.720,50.504,27.931,12.044
9.66667,304.438,260.442,220.129,137.161,92.808,50.494,27.970,12.082
9.67000,304.518,260.582,220.282,137.234,92.787,50.535,27.933,12.143
9.67333,304.596,260.587,220.237,137.303,92.846,50.578,27.911,12.111
9.67667,304.785,260.558,220.321,137.340,92.852,50.577,28.002,12.013
9.68000,304.819,260.788,220.487,137.324,92.863,50.621,27.968,12.086
9.68333,304.923,260.796,220.507,137.431,92.951,50.605,27.953,12.103
9.68667,305.007,260.951,220.558,137.544,92.929,50.579,28.036,12.096
9.69000,305.169,261.028,220.651,137.587,92.978,50.591,28.006,12.123
9.69333,305.268,261.173,220.709,137.607,93.016,50.617,28.010,12.143
9.69667,305.327,261.139,220.760,137.573,93.046,50.728,28.023,12.145
9.70000,305.507,261.306,220.900,137.666,93.005,50.645,28.066,12.090
9.70333,305.533,261.390,220.994,137.732,93.063,50.744,28.042,12.110
9.70667,305.711,261.469,221.020,137.768,93.108,50.753,28.002,12.062
9.71000,305.720,261.599,221.132,137.846,93.107,50.733,28.104,12.073
9.71333,305.808,261.607,221.106,137.850,93.153,50.718,28.066,12.144
9.71667,305.912,261.702,221.271,137.970,93.194,50.680,28.100,12.073
9.72000,306.087,261.863,221.372,137.972,93.177,50.745,28.050,12.109
9.72333,306.133,261.900,221.403,137.995,93.257,50.794,28.048,12.115
9.72667,306.264,262.001,221.444,138.029,93.233,50.774,28.091,12.143
9.73000,306.324,262.104,221.585,138.093,93.355,50.842,28.118,12.146
9.73333,306.480,262.150,221.631,138.152,93.395,50.800,28.054,12.180
9.73667,306.542,262.300,221.709,138.176,93.411,50.893,28.110,12.231
9.74000,306.655,262.266,221.696,138.232,93.450,50.928,28.100,12.145
9.74333,306.759,262.391,221.903,138.247,93.477,50.926,28.117,12.172
9.74667,306.843,262.489,221.966,138.347,93.452,50.920,28.176,12.176
9.75000,306.892,262.593,221.972,138.320,93.509,50.925,28.154,12.191
9.75333,307.013,262.664,222.060,138.428,93.551,51.002,28.216,12.196
9.75667,307.142,262.819,222.090,138.491,93.644,51.003,28.154,12.116
9.76000,307.245,262.805,222.222,138.400,93.622,50.975,28.190,12.135
9.76333,307.376,262.996,222.367,138.583,93.643,51.019,28.218,12.163
9.76667,307.477,263.060,222.380,138.585,93.622,51.002,28.206,12.120
9.77000,307.516,263.129,222.379,138.618,93.717,51.028,28.215,12.121
9.77333,307.650,263.236,222.460,138.678,93.711,51.067,28.228,12.167
9.77667,307.782,263.216,222.588,138.773,93.781,51.052,28.260,12.244
9.78000,307.909,263.367,222.604,138.760,93.756,51.122,28.279,12.183
9.78333,307.914,263.372,222.690,138.764,93.814,51.100,28.278,12.268
9.78667,308.057,263.498,222.776,138.822,93.883,51.137,28.293,12.292
9.79000,308.188,263.577,222.865,138.915,93.870,51.098,28.291,12.252
9.79333,308.241,263.772,222.959,138.946,93.892,51.186,28.238,12.210
9.79667,308.358,263.747,223.010,138.944,93.921,51.173,28.270,12.248
9.80000,308.427,263.800,223.027,138.999,93.972,51.224,28.346,12.214
9.80333,308.521,263.943,223.126,139.077,94.053,51.156,28.312,12.219
9.80667,308.632,264.057,223.208,139.137,94.050,51.207,28.354,12.203
9.81000,308.675,264.088,223.322,139.171,94.031,51.234,28.323,12.200
9.81333,308.743,264.172,223.368,139.208,94.054,51.201,28.343,12.241
9.81667,308.946,264.304,223.400,139.269,94.151,51.217,28.401,12.225
9.82000,309.040,264.371,223.473,139.268,94.141,51.239,28.395,12.286
9.82333,309.091,264.431,223.566,139.306,94.224,51.262,28.365,12.264
9.82667,309.179,264.497,223.629,139.379,94.207,51.313,28.403,12.284
9.83000,309.308,264.591,223.693,139.451,94.290,51.331,28.445,12.275
9.83333,309.388,264.712,223.795,139.445,94.218,51.364,28.412,12.266
9.83667,309.493,264.822,223.843,139.470,94.312,51.371,28.379,12.268
9.84000,309.582,264.835,223.914,139.582,94.306,51.342,28.420,12.317
9.84333,309.729,264.934,223.969,139.613,94.374,51.368,28.506,12.240
9.84667,309.785,265.010,224.110,139.669,94.453,51.434,28.444,12.246
9.85000,309.872,265.125,224.101,139.642,94.421,51.397,28.395,12.258
9.85333,309.988,265.228,224.202,139.744,94.448,51.416,28.457,12.366
9.85667,310.034,265.269,224.237,139.737,94.425,51.459,28.442,12.300
9.86000,310.141,265.277,224.340,139.850,94.488,51.483,28.516,12.351
9.86333,310.277,265.464,224.342,139.890,94.537,51.497,28.486,12.277
9.86667,310.359,265.488,224.459,139.927,94.538,51.526,28.466,12.285
9.87000,310.439,265.649,224.594,139.965,94.576,51.480,28.501,12.289
9.87333,310.572,265.682,224.606,140.016,94.674,51.566,28.527,12.299
9.87667,310.649,265.822,224.644,140.057,94.590,51.549,28.536,12.256
9.88000,310.717,265.802,224.755,140.028,94.660,51.563,28.508,12.293
9.88333,310.849,265.900,224.796,140.139,94.751,51.539,28.551,12.281
9.88667,310.916,265.990,224.843,140.108,94.763,51.575,28.499,12.294
9.89000,310.930,266.079,224.926,140.247,94.717,51.568,28.506,12.350
9.89333,311.092,266.163,225.039,140.246,94.775,51.641,28.498,12.394
9.89667,311.218,266.209,225.083,140.314,94.826,51.651,28.503,12.362
9.90000,311.360,266.367,225.116,140.296,94.837,51.702,28.592,12.277
9.90333,311.433,266.361,225.192,140.398,94.860,51.637,28.573,12.307
9.90667,311.469,266.461,225.306,140.431,94.885,51.726,28.573,12.344
9.91000,311.598,266.582,225.347,140.469,94.929,51.695,28.618,12.355
9.91333,311.649,266.607,225.419,140.583,94.934,51.746,28.626,12.380
9.91667,311.691,266.658,225.430,140.581,95.015,51.731,28.570,12.332
9.92000,311.862,266.756,225.523,140.585,94.947,51.763,28.554,12.387
9.92333,311.857,266.928,225.611,140.635,95.022,51.784,28.609,12.322
9.92667,311.991,266.918,225.689,140.699,95.080,51.824,28.685,12.347
9.93000,312.189,267.016,225.817,140.740,95.095,51.805,28.704,12.430
9.93333,312.238,267.160,225.785,140.781,95.132,51.839,28.637,12.430
9.93667,312.310,267.157,225.870,140.846,95.097,51.875,28.687,12.434
9.94000,312.364,267.341,225.934,140.811,95.110,51.839,28.638,12.333
9.94333,312.385,267.335,225.966,140.850,95.199,51.898,28.707,12.388
9.94667,312.591,267.388,226.077,140.941,95.251,51.868,28.712,12.437
9.95000,312.680,267.461,226.113,140.960,95.324,51.872,28.677,12.406
9.95333,312.775,267.564,226.190,141.024,95.315,51.881,28.671,12.446
9.95667,312.825,267.612,226.288,140.944,95.266,51.949,28.717,12.407
9.96000,312.928,267.756,226.385,141.100,95.362,51.937,28.765,12.446
9.96333,313.077,267.786,226.337,141.119,95.382,51.942,28.701,12.410
9.96667,313.116,267.854,226.423,141.178,95.388,51.968,28.798,12.387
9.97000,313.163,267.983,226.488,141.247,95.471,51.991,28.786,12.437
9.97333,313.260,267.983,226.576,141.255,95.458,52.032,28.803,12.429
9.97667,313.405,268.057,226.666,141.326,95.468,51.939,28.771,12.444
9.98000,313.481,268.175,226.647,141.298,95.518,52.014,28.754,12.490
9.98333,313.555,268.252,226.780,141.369,95.556,52.037,28.787,12.458
9.98667,313.603,268.286,226.851,141.384,95.533,52.082,28.761,12.463
9.99000,313.690,268.426,226.889,141.429,95.576,52.101,28.805,12.461
9.99333,313.837,268.403,226.954,141.502,95.579,52.126,28.809,12.469
9.99667,313.910,268.585,227.110,141.514,95.713,52.109,28.744,12.428
10.00000,313.942,268.632,227.152,141.495,95.638,52.151,28.851,12.360
10.00333,314.031,268.661,227.099,141.593,95.719,52.062,28.796,12.424
10.00667,314.150,268.774,227.226,141.616,95.711,52.160,28.820,12.489
10.01000,314.285,268.884,227.262,141.705,95.735,52.214,28.865,12.456
10.01333,314.278,268.959,227.236,141.740,95.801,52.229,28.805,12.456
10.01667,314.384,268.933,227.373,141.774,95.813,52.192,28.860,12.498
10.02000,314.520,269.082,227.464,141.800,95.854,52.207,28.867,12.470
10.02333,314.589,269.175,227.519,141.841,95.839,52.219,28.905,12.438
10.02667,314.702,269.188,227.639,141.913,95.873,52.237,28.834,12.418
10.03000,314.783,269.305,227.674,141.871,95.898,52.247,28.864,12.507
10.03333,314.817,269.415,227.750,141.959,95.891,52.238,28.866,12.485
10.03667,314.896,269.410,227.775,141.994,95.961,52.349,28.924,12.508
10.04000,314.981,269.531,227.766,142.056,95.912,52.346,28.861,12.515
10.04333,315.126,269.614,227.926,142.010,95.990,52.291,28.905,12.479
10.04667,315.142,269.699,227.990,142.055,96.076,52.335,28.937,12.501
10.05000,315.332,269.659,228.014,142.168,96.029,52.368,28.964,12.468
10.05333,315.402,269.770,228.066,142.170,96.101,52.335,28.958,12.530
10.05667,315.438,269.826,228.160,142.249,96.165,52.345,29.026,12.527
10.06000,315.498,269.930,228.203,142.265,96.159,52.388,28.986,12.485
10.06333,315.613,270.077,228.339,142.303,96.110,52.417,28.930,12.510
10.06667,315.659,270.155,228.362,142.444,96.188,52.428,28.985,12.543
10.07000,315.800,270.171,228.411,142.379,96.264,52.481,28.975,12.503
10.07333,315.857,270.237,228.436,142.388,96.283,52.353,28.971,12.597
10.07667,315.907,270.317,228.483,142.404,96.243,52.463,29.022,12.528
10.08000,316.017,270.306,228.555,142.545,96.345,52.460,28.968,12.576
10.08333,316.154,270.417,228.607,142.487,96.289,52.446,29.071,12.595
10.08667,316.148,270.556,228.696,142.544,96.326,52.471,29.018,12.500
10.09000,316.293,270.578,228.856,142.588,96.372,52.479,29.020,12.507
10.09333,316.346,270.712,228.839,142.665,96.432,52.532,28.971,12.565
10.09667,316.448,270.785,228.870,142.651,96.455,52.522,29.037,12.591
10.10000,316.602,270.796,228.962,142.711,96.465,52.564,29.002,12.529
10.10333,316.592,270.911,228.984,142.736,96.414,52.584,29.082,12.573
10.10667,316.629,270.952,229.001,142.822,96.452,52.564,29.014,12.587
10.11000,316.895,270.970,229.149,142.888,96.511,52.546,29.034,12.523
10.11333,316.857,271.076,229.140,142.855,96.556,52.678,29.072,12.601
10.11667,316.924,271.188,229.240,142.876,96.556,52.619,29.061,12.569
10.12000,317.051,271.247,229.260,142.924,96.561,52.679,29.066,12.537
10.12333,317.078,271.299,229.312,142.952,96.591,52.658,29.109,12.526
10.12667,317.164,271.373,229.400,143.059,96.694,52.681,29.201,12.599
10.13000,317.222,271.386,229.443,143.098,96.662,52.673,29.110,12.552
10.13333,317.356,271.491,229.485,143.057,96.692,52.595,29.095,12.589
10.13667,317.410,271.584,229.526,143.124,96.692,52.718,29.155,12.509
10.14000,317.581,271.606,229.646,143.141,96.745,52.702,29.121,12.573
10.14333,317.642,271.700,229.696,143.234,96.741,52.729,29.137,12.605
10.14667,317.716,271.833,229.744,143.213,96.790,52.735,29.100,12.570
10.15000,317.699,271.842,229.822,143.300,96.863,52.756,29.160,12.630
10.15333,317.822,271.927,229.814,143.282,96.887,52.746,29.159,12.574
10.15667,317.936,271.941,229.920,143.264,96.844,52.713,29.123,12.596
10.16000,317.962,272.030,230.018,143.336,96.917,52.812,29.187,12.652
10.16333,318.016,272.088,230.010,143.355,96.906,52.774,29.140,12.618
10.16667,318.143,272.163,230.125,143.468,96.908,52.794,29.215,12.622
10.17000,318.268,272.206,230.115,143.523,96.959,52.809,29.269,12.728
10.17333,318.312,272.401,230.220,143.512,96.970,52.808,29.207,12.615
10.17667,318.404,272.394,230.238,143.547,96.973,52.852,29.183,12.640
10.18000,318.493,272.513,230.266,143.615,97.048,52.862,29.217,12.571
10.18333,318.498,272.508,230.347,143.617,97.054,52.863,29.293,12.581
10.18667,318.664,272.608,230.442,143.647,97.062,52.915,29.169,12.631
10.19000,318.693,272.617,230.476,143.716,97.084,52.914,29.252,12.658
10.19333,318.760,272.733,230.508,143.751,97.128,52.971,29.251,12.594
10.19667,318.772,272.871,230.545,143.774,97.082,52.924,29.254,12.589
10.20000,318.966,272.815,230.639,143.825,97.163,52.961,29.278,12.595
10.20333,318.989,272.933,230.669,143.887,97.240,52.990,29.233,12.712
10.20667,319.037,273.049,230.734,143.880,97.174,52.920,29.295,12.655
10.21000,319.118,273.091,230.826,143.891,97.176,52.937,29.228,12.677
10.21333,319.187,273.090,230.882,143.932,97.324,52.946,29.278,12.688
10.21667,319.316,273.125,230.876,143.963,97.232,53.016,29.322,12.637
10.22000,319.424,273.209,231.038,143.966,97.241,53.007,29.277,12.660
10.22333,319.435,273.341,231.022,144.016,97.296,53.002,29.341,12.628
10.22667,319.496,273.491,231.047,144.054,97.325,53.046,29.320,12.704
10.23000,319.570,273.469,231.193,144.062,97.385,53.063,29.291,12.651
10.23333,319.593,273.509,231.129,144.168,97.378,53.034,29.345,12.676
10.23667,319.782,273.558,231.187,144.197,97.404,53.166,29.414,12.683
10.24000,319.804,273.620,231.275,144.243,97.402,53.120,29.348,12.668
10.24333,319.895,273.670,231.314,144.228,97.477,53.100,29.442,12.724
10.24667,319.997,273.698,231.504,144.250,97.496,53.110,29.359,12.660
10.25000,320.055,273.886,231.498,144.331,97.511,53.157,29.372,12.681
10.25333,320.138,273.891,231.522,144.376,97.567,53.095,29.407,12.752
10.25667,320.186,273.910,231.581,144.426,97.541,53.134,29.339,12.649
10.26000,320.230,274.020,231.615,144.440,97.594,53.155,29.377,12.700
10.26333,320.387,274.081,231.694,144.491,97.588,53.184,29.432,12.659
10.26667,320.443,274.117,231.679,144.517,97.602,53.100,29.372,12.682
10.27000,320.445,274.209,231.842,144.528,97.605,53.135,29.397,12.749
10.27333,320.502,274.264,231.881,144.520,97.708,53.175,29.465,12.746
10.27667,320.676,274.324,231.902,144.573,97.711,53.175,29.446,12.730
10.28000,320.701,274.362,231.962,144.646,97.727,53.261,29.444,12.735
10.28333,320.811,274.425,232.002,144.656,97.772,53.225,29.440,12.741
10.28667,320.859,274.523,232.036,144.643,97.837,53.296,29.398,12.719
10.29000,320.870,274.634,232.157,144.703,97.826,53.263,29.495,12.772
10.29333,320.965,274.637,232.199,144.698,97.781,53.280,29.465,12.770
10.29667,320.963,274.682,232.253,144.788,97.878,53.249,29.393,12.742
10.30000,321.139,274.746,232.289,144.826,97.768,53.248,29.517,12.741
10.30333,321.189,274.789,232.336,144.858,97.866,53.388,29.478,12.751
10.30667,321.214,274.870,232.333,144.892,97.880,53.332,29.476,12.795
10.31000,321.342,274.951,232.471,144.945,97.849,53.343,29.529,12.775
10.31333,321.401,274.983,232.447,144.951,97.913,53.358,29.500,12.816
10.31667,321.486,275.071,232.471,145.009,97.975,53.460,29.459,12.770
10.32000,321.506,275.131,232.515,145.075,98.004,53.367,29.532,12.831
10.32333,321.576,275.115,232.621,144.998,98.006,53.406,29.478,12.729
10.32667,321.627,275.237,232.710,145.108,97.958,53.389,29.576,12.743
10.33000,321.750,275.302,232.755,145.122,97.977,53.444,29.510,12.705
10.33333,321.846,275.404,232.788,145.214,98.009,53.397,29.533,12.774
10.33667,321.942,275.457,232.843,145.231,98.120,53.427,29.537,12.843
10.34000,321.927,275.459,232.887,145.206,98.076,53.487,29.558,12.800
10.34333,322.098,275.534,232.976,145.239,98.181,53.434,29.574,12.787
10.34667,322.145,275.599,232.904,145.284,98.169,53.494,29.579,12.722
10.35000,322.206,275.657,233.025,145.297,98.219,53.509,29.577,12.797
10.35333,322.279,275.675,233.081,145.358,98.154,53.495,29.538,12.736
10.35667,322.336,275.806,233.218,145.362,98.250,53.561,29.569,12.818
10.36000,322.388,275.841,233.194,145.378,98.244,53.523,29.544,12.753
10.36333,322.477,275.871,233.273,145.480,98.286,53.505,29.549,12.812
10.36667,322.485,276.006,233.326,145.496,98.304,53.498,29.602,12.739
10.37000,322.537,276.003,233.290,145.507,98.318,53.590,29.648,12.818
10.37333,322.681,276.063,233.327,145.562,98.347,53.619,29.572,12.728
10.37667,322.685,276.139,233.458,145.496,98.337,53.586,29.660,12.713
10.38000,322.788,276.263,233.447,145.553,98.410,53.692,29.571,12.807
10.38333,322.859,276.247,233.514,145.633,98.413,53.587,29.621,12.800
10.38667,322.936,276.373,233.565,145.659,98.414,53.583,29.622,12.855
10.39000,322.998,276.410,233.629,145.669,98.445,53.612,29.645,12.771
10.39333,323.063,276.484,233.694,145.711,98.433,53.639,29.712,12.806
10.39667,323.079,276.481,233.675,145.763,98.433,53.651,29.658,12.857
10.40000,323.272,276.577,233.821,145.835,98.491,53.682,29.615,12.791
10.40333,323.293,276.580,233.808,145.766,98.553,53.689,29.734,12.843
10.40667,323.359,276.689,233.863,145.867,98.486,53.699,29.706,12.830
10.41000,323.425,276.665,233.875,145.830,98.628,53.723,29.704,12.855
10.41333,323.458,276.756,233.968,145.881,98.555,53.690,29.687,12.862
10.41667,323.545,276.798,233.931,145.905,98.565,53.705,29.657,12.890
10.42000,323.581,276.893,234.063,145.945,98.565,53.699,29.682,12.883
10.42333,323.616,276.955,234.103,145.892,98.626,53.738,29.732,12.817
10.42667,323.749,277.009,234.179,146.012,98.657,53.748,29.707,12.850
10.43000,323.782,277.042,234.264,146.081,98.660,53.797,29.742,12.811
10.43333,323.800,277.128,234.266,146.055,98.704,53.804,29.719,12.880
10.43667,323.977,277.197,234.311,146.095,98.625,53.809,29.718,12.872
10.44000,323.973,277.243,234.320,146.101,98.753,53.790,29.699,12.815
10.44333,324.022,277.270,234.424,146.152,98.722,53.802,29.725,12.838
10.44667,324.168,277.315,234.442,146.174,98.828,53.814,29.727,12.878
10.45000,324.203,277.372,234.471,146.184,98.769,53.854,29.762,12.874
10.45333,324.238,277.376,234.533,146.231,98.803,53.867,29.787,12.856
10.45667,324.317,277.500,234.552,146.310,98.861,53.861,29.786,12.907
10.46000,324.374,277.516,234.576,146.275,98.868,53.883,29.793,12.948
10.46333,324.449,277.616,234.619,146.342,98.845,53.941,29.864,12.805
10.46667,324.547,277.650,234.787,146.300,98.808,53.908,29.810,12.837
10.47000,324.546,277.716,234.749,146.425,98.855,53.840,29.764,12.858
10.47333,324.615,277.788,234.838,146.457,98.888,53.947,29.774,12.870
10.47667,324.710,277.918,234.859,146.432,98.926,53.946,29.783,12.882
10.48000,324.780,277.920,234.903,146.489,98.843,53.891,29.763,12.900
10.48333,324.838,277.954,234.902,146.441,99.004,53.951,29.844,12.941
10.48667,324.832,278.016,234.951,146.538,98.984,53.974,29.859,12.882
10.49000,324.952,278.039,235.080,146.543,98.956,53.964,29.772,12.903
10.49333,324.999,278.069,235.047,146.549,99.073,54.012,29.816,12.882
10.49667,325.047,278.088,235.215,146.643,99.080,53.981,29.847,12.897
10.50000,325.100,278.153,235.169,146.562,99.085,53.976,29.843,12.925
10.50333,325.204,278.280,235.243,146.643,99.041,53.961,29.862,12.942
10.50667,325.248,278.295,235.217,146.709,99.063,53.976,29.839,12.888
10.51000,325.354,278.380,235.320,146.725,99.114,53.987,29.914,12.858
10.51333,325.381,278.448,235.348,146.804,99.130,54.062,29.842,12.851
10.51667,325.470,278.510,235.428,146.760,99.106,54.070,29.872,12.965
10.52000,325.506,278.509,235.427,146.772,99.180,54.018,29.899,12.866
10.52333,325.576,278.580,235.463,146.848,99.218,54.063,29.845,12.926
10.52667,325.592,278.607,235.483,146.855,99.176,54.071,29.869,12.975
10.53000,325.634,278.684,235.598,146.840,99.209,54.146,29.902,12.942
10.53333,325.764,278.649,235.576,146.912,99.250,54.022,29.939,12.984
10.53667,325.765,278.745,235.602,146.937,99.201,54.088,29.884,12.929
10.54000,325.909,278.782,235.728,146.883,99.318,54.097,29.955,12.915
10.54333,325.925,278.849,235.739,147.039,99.331,54.073,29.918,12.915
10.54667,326.004,278.919,235.794,147.052,99.327,54.166,29.951,12.862
10.55000,326.060,279.010,235.863,147.087,99.369,54.105,29.915,12.864
10.55333,326.065,279.061,235.889,147.074,99.437,54.133,29.938,12.937
10.55667,326.121,279.087,235.956,147.091,99.440,54.108,29.932,12.908
10.56000,326.201,279.131,235.929,147.128,99.418,54.167,29.945,12.989
10.56333,326.177,279.200,236.009,147.170,99.420,54.140,29.912,12.959
10.56667,326.308,279.239,235.999,147.214,99.456,54.240,29.904,12.960
10.57000,326.438,279.285,236.081,147.200,99.459,54.296,29.914,12.909
10.57333,326.444,279.341,236.130,147.193,99.421,54.268,29.980,12.939
10.57667,326.493,279.347,236.159,147.273,99.471,54.189,29.974,12.986
10.58000,326.566,279.409,236.137,147.256,99.549,54.224,29.969,12.958
10.58333,326.597,279.459,236.178,147.385,99.526,54.227,29.971,12.952
10.58667,326.678,279.520,236.340,147.365,99.484,54.231,30.007,12.975
10.59000,326.728,279.634,236.257,147.398,99.504,54.198,30.000,12.968
10.59333,326.752,279.629,236.355,147.421,99.589,54.241,30.020,12.952
10.59667,326.830,279.672,236.400,147.404,99.574,54.213,29.989,12.971
10.60000,326.907,279.695,236.465,147.422,99.634,54.381,30.008,12.904
10.60333,326.961,279.802,236.470,147.450,99.681,54.330,30.028,12.968
10.60667,327.033,279.838,236.529,147.519,99.642,54.322,30.005,13.000
10.61000,327.059,279.881,236.680,147.547,99.635,54.302,30.069,13.002
10.61333,327.144,279.879,236.601,147.536,99.685,54.310,29.996,12.951
10.61667,327.153,279.997,236.661,147.609,99.644,54.320,30.022,13.073
10.62000,327.244,280.002,236.727,147.645,99.709,54.404,30.081,13.002
10.62333,327.364,280.060,236.778,147.608,99.708,54.326,30.049,13.023
10.62667,327.349,280.092,236.793,147.676,99.764,54.329,30.096,12.963
10.63000,327.345,280.262,236.825,147.683,99.741,54.360,30.057,12.944
10.63333,327.459,280.207,236.857,147.717,99.788,54.364,30.034,13.000
10.63667,327.495,280.179,236.912,147.759,99.751,54.327,30.125,13.014
10.64000,327.554,280.304,236.921,147.778,99.788,54.428,30.100,12.955
10.64333,327.686,280.390,237.023,147.756,99.814,54.422,30.035,13.079
10.64667,327.730,280.425,236.989,147.795,99.861,54.417,30.069,13.028
10.65000,327.717,280.489,237.007,147.876,99.783,54.401,30.130,13.004
10.65333,327.832,280.501,237.069,147.863,99.857,54.409,30.074,13.009
10.65667,327.894,280.476,237.133,147.911,99.902,54.450,29.998,12.934
10.66000,327.951,280.545,237.209,147.882,99.943,54.471,30.061,13.043
10.66333,327.958,280.623,237.195,147.896,99.969,54.457,30.076,12.963
10.66667,328.022,280.648,237.289,147.959,99.966,54.509,30.083,13.026
10.67000,328.087,280.743,237.292,147.902,99.949,54.497,30.149,12.985
10.67333,328.168,280.775,237.333,147.984,99.970,54.472,30.123,13.025
10.67667,328.117,280.812,237.374,147.981,99.976,54.548,30.088,13.000
10.68000,328.205,280.861,237.448,148.067,100.061,54.500,30.146,13.038
10.68333,328.274,280.883,237.454,148.095,100.008,54.457,30.167,13.018
10.68667,328.332,280.888,237.499,148.101,100.026,54.559,30.158,13.077
10.69000,328.386,280.967,237.564,148.196,100.040,54.569,30.104,12.999
10.69333,328.510,281.002,237.601,148.144,100.167,54.526,30.128,13.026
10.69667,328.427,281.052,237.636,148.173,100.042,54.578,30.166,13.042
10.70000,328.489,281.125,237.694,148.138,100.126,54.654,30.132,13.068
10.70333,328.588,281.231,237.728,148.145,100.146,54.644,30.136,13.050
10.70667,328.656,281.249,237.695,148.220,100.157,54.584,30.207,13.025
10.71000,328.683,281.246,237.703,148.257,100.140,54.560,30.167,13.085
10.71333,328.735,281.387,237.785,148.291,100.133,54.600,30.152,13.006
10.71667,328.793,281.320,237.827,148.309,100.176,54.663,30.210,13.063
10.72000,328.857,281.366,237.867,148.310,100.183,54.610,30.178,13.000
10.72333,328.915,281.388,237.849,148.352,100.219,54.626,30.183,13.063
10.72667,328.954,281.480,237.955,148.329,100.212,54.669,30.216,13.076
10.73000,329.017,281.453,237.985,148.468,100.221,54.601,30.217,13.089
10.73333,329.053,281.548,238.023,148.421,100.240,54.563,30.191,13.043
10.73667,329.148,281.658,238.083,148.485,100.304,54.625,30.135,13.066
10.74000,329.162,281.625,238.131,148.529,100.301,54.715,30.249,13.022
10.74333,329.163,281.748,238.095,148.493,100.289,54.691,30.239,13.071
10.74667,329.330,281.762,238.127,148.467,100.347,54.693,30.259,13.077
10.75000,329.296,281.811,238.233,148.544,100.307,54.612,30.220,13.118
10.75333,329.365,281.818,238.299,148.527,100.335,54.697,30.222,13.040
10.75667,329.391,281.939,238.296,148.648,100.315,54.726,30.266,13.107
10.76000,329.422,281.910,238.264,148.605,100.345,54.686,30.223,13.042
10.76333,329.557,281.959,238.315,148.636,100.416,54.790,30.236,13.093
10.76667,329.484,282.020,238.382,148.719,100.467,54.755,30.279,13.053
10.77000,329.584,281.972,238.409,148.637,100.390,54.740,30.266,13.099
10.77333,329.688,282.080,238.398,148.700,100.473,54.772,30.219,13.116
10.77667,329.732,282.170,238.502,148.720,100.463,54.734,30.301,13.083
10.78000,329.761,282.180,238.538,148.796,100.473,54.738,30.306,13.072
10.78333,329.884,282.236,238.604,148.815,100.492,54.688,30.282,13.049
10.78667,329.839,282.299,238.537,148.771,100.543,54.726,30.310,13.043
10.79000,329.895,282.247,238.575,148.852,100.482,54.838,30.242,13.073
10.79333,329.935,282.380,238.691,148.767,100.524,54.845,30.267,13.090
10.79667,330.012,282.423,238.761,148.875,100.555,54.795,30.289,13.096
10.80000,330.050,282.426,238.716,148.807,100.557,54.811,30.285,13.132
10.80333,330.107,282.463,238.763,148.895,100.568,54.838,30.304,13.096
10.80667,330.108,282.567,238.802,148.889,100.566,54.823,30.312,13.097
10.81000,330.213,282.546,238.829,148.948,100.607,54.826,30.355,13.104
10.81333,330.279,282.607,238.830,148.959,100.595,54.858,30.303,13.059
10.81667,330.234,282.601,238.941,148.924,100.613,54.844,30.330,13.136
10.82000,330.316,282.675,238.926,149.033,100.619,54.848,30.315,13.069
10.82333,330.489,282.702,238.999,149.091,100.613,54.786,30.308,13.103
10.82667,330.391,282.788,238.990,149.115,100.702,54.846,30.296,13.095
10.83000,330.480,282.788,239.071,149.091,100.626,54.927,30.341,13.115
10.83333,330.523,282.881,239.060,149.036,100.774,54.882,30.345,13.097
10.83667,330.540,282.890,239.129,149.047,100.691,54.865,30.341,13.044
10.84000,330.652,282.895,239.039,149.190,100.722,54.940,30.293,13.108
10.84333,330.636,282.948,239.187,149.156,100.766,54.872,30.359,13.118
10.84667,330.722,282.977,239.193,149.132,100.796,54.956,30.375,13.152
10.85000,330.765,283.097,239.217,149.197,100.778,54.917,30.353,13.119
10.85333,330.822,282.979,239.332,149.204,100.778,54.930,30.308,13.088
10.85667,330.857,283.081,239.293,149.266,100.798,54.929,30.356,13.134
10.86000,330.889,283.142,239.343,149.275,100.863,55.014,30.361,13.113
10.86333,330.950,283.206,239.332,149.302,100.823,54.915,30.364,13.108
10.86667,330.930,283.282,239.406,149.306,100.800,54.931,30.348,13.216
10.87000,331.011,283.206,239.373,149.314,100.931,54.967,30.456,13.114
10.87333,331.061,283.281,239.456,149.279,100.885,54.996,30.387,13.136
10.87667,331.081,283.384,239.505,149.366,100.879,54.991,30.378,13.162
10.88000,331.123,283.401,239.533,149.360,100.838,54.994,30.326,13.180
10.88333,331.195,283.437,239.592,149.404,100.894,54.975,30.414,13.164
10.88667,331.294,283.448,239.574,149.428,100.902,55.036,30.383,13.173
10.89000,331.296,283.512,239.590,149.460,100.924,55.015,30.405,13.094
10.89333,331.386,283.483,239.678,149.468,100.918,55.059,30.358,13.146
10.89667,331.416,283.551,239.702,149.480,100.991,55.049,30.422,13.212
10.90000,331.380,283.632,239.701,149.494,100.941,55.037,30.444,13.141
10.90333,331.432,283.611,239.791,149.494,100.995,55.116,30.432,13.183
10.90667,331.508,283.684,239.816,149.593,100.946,55.036,30.419,13.125
10.91000,331.590,283.669,239.797,149.616,100.969,55.061,30.440,13.142
10.91333,331.601,283.747,239.815,149.619,101.059,55.072,30.458,13.123
10.91667,331.680,283.767,239.906,149.571,101.033,55.148,30.456,13.112
10.92000,331.656,283.811,239.908,149.608,101.089,55.125,30.434,13.127
10.92333,331.776,283.855,239.954,149.622,101.118,55.098,30.434,13.182
10.92667,331.720,283.913,240.078,149.712,101.115,55.041,30.448,13.140
10.93000,331.833,283.939,240.045,149.694,101.153,55.122,30.466,13.184
10.93333,331.841,283.898,240.016,149.723,101.091,55.120,30.451,13.223
10.93667,331.904,283.995,240.086,149.770,101.167,55.094,30.422,13.195
10.94000,331.971,284.022,240.077,149.812,101.169,55.085,30.465,13.196
10.94333,331.954,284.150,240.163,149.840,101.131,55.185,30.499,13.198
10.94667,332.080,284.179,240.241,149.777,101.176,55.142,30.370,13.202
10.95000,332.096,284.113,240.174,149.765,101.147,55.102,30.458,13.187
10.95333,332.139,284.119,240.163,149.811,101.214,55.218,30.488,13.163
10.95667,332.148,284.261,240.257,149.835,101.297,55.127,30.534,13.164
10.96000,332.118,284.297,240.302,149.920,101.229,55.197,30.508,13.216
10.96333,332.200,284.302,240.342,149.869,101.234,55.196,30.471,13.152
10.96667,332.304,284.317,240.420,149.820,101.196,55.201,30.487,13.233
10.97000,332.289,284.385,240.421,149.959,101.229,55.276,30.507,13.153
10.97333,332.348,284.462,240.398,149.979,101.334,55.196,30.525,13.171
10.97667,332.406,284.426,240.438,149.987,101.306,55.209,30.470,13.190
10.98000,332.490,284.457,240.483,150.018,101.271,55.228,30.503,13.214
10.98333,332.445,284.573,240.590,150.008,101.351,55.207,30.536,13.207
10.98667,332.572,284.548,240.561,150.055,101.307,55.168,30.528,13.182
10.99000,332.535,284.554,240.603,150.036,101.351,55.213,30.507,13.219
10.99333,332.597,284.635,240.585,150.076,101.368,55.240,30.442,13.199
10.99667,332.625,284.690,240.624,150.112,101.323,55.199,30.516,13.163
11.00000,332.672,284.666,240.617,150.086,101.404,55.262,30.555,13.203
11.00333,332.728,284.706,240.649,150.129,101.372,55.294,30.577,13.237
11.00667,332.789,284.790,240.699,150.106,101.384,55.280,30.567,13.210
11.01000,332.813,284.748,240.790,150.146,101.370,55.223,30.535,13.208
11.01333,332.805,284.787,240.768,150.151,101.377,55.269,30.540,13.249
11.01667,332.897,284.870,240.813,150.212,101.406,55.254,30.499,13.251
11.02000,332.835,284.942,240.851,150.251,101.487,55.293,30.578,13.239
11.02333,333.031,284.919,240.826,150.177,101.438,55.296,30.523,13.221
11.02667,333.086,284.998,240.887,150.221,101.495,55.298,30.571,13.222
11.03000,333.059,284.983,240.916,150.278,101.466,55.306,30.583,13.221
11.03333,333.134,285.023,240.953,150.304,101.525,55.376,30.554,13.223
11.03667,333.119,285.080,240.997,150.290,101.519,55.361,30.612,13.291
11.04000,333.199,285.158,240.978,150.286,101.465,55.320,30.569,13.279
11.04333,333.166,285.142,240.998,150.343,101.527,55.321,30.646,13.232
11.04667,333.255,285.142,241.044,150.295,101.543,55.349,30.592,13.202
11.05000,333.304,285.226,241.058,150.309,101.503,55.333,30.570,13.236
11.05333,333.342,285.325,241.136,150.383,101.562,55.376,30.657,13.186
11.05667,333.403,285.246,241.117,150.416,101.560,55.391,30.626,13.234
11.06000,333.383,285.314,241.158,150.373,101.611,55.417,30.606,13.248
11.06333,333.439,285.332,241.225,150.460,101.645,55.400,30.633,13.165
11.06667,333.503,285.321,241.265,150.433,101.623,55.406,30.583,13.172
11.07000,333.491,285.398,241.338,150.447,101.585,55.419,30.581,13.181
11.07333,333.545,285.424,241.300,150.496,101.601,55.361,30.575,13.307
11.07667,333.685,285.446,241.326,150.466,101.612,55.407,30.556,13.235
11.08000,333.638,285.552,241.346,150.560,101.674,55.425,30.644,13.257
11.08333,333.635,285.493,241.344,150.515,101.673,55.410,30.601,13.289
11.08667,333.628,285.550,241.404,150.511,101.664,55.416,30.607,13.228
11.09000,333.729,285.577,241.471,150.582,101.691,55.436,30.629,13.230
11.09333,333.745,285.578,241.443,150.613,101.648,55.474,30.642,13.247
11.09667,333.797,285.690,241.461,150.609,101.684,55.408,30.628,13.266
11.10000,333.858,285.712,241.519,150.657,101.736,55.433,30.570,13.279
11.10333,333.949,285.734,241.515,150.614,101.730,55.433,30.648,13.220
11.10667,333.899,285.713,241.567,150.710,101.727,55.440,30.696,13.254
11.11000,333.963,285.714,241.608,150.658,101.765,55.464,30.654,13.290
11.11333,333.980,285.836,241.516,150.706,101.774,55.413,30.646,13.285
11.11667,334.039,285.857,241.600,150.648,101.773,55.461,30.609,13.274
11.12000,334.097,285.906,241.713,150.703,101.771,55.493,30.685,13.272
11.12333,334.066,285.841,241.727,150.764,101.795,55.444,30.705,13.265
11.12667,334.111,285.867,241.708,150.742,101.714,55.443,30.626,13.225
11.13000,334.193,286.000,241.738,150.762,101.809,55.526,30.726,13.313
11.13333,334.206,285.971,241.714,150.774,101.776,55.507,30.655,13.275
11.13667,334.290,286.060,241.849,150.787,101.836,55.540,30.619,13.312
11.14000,334.301,286.052,241.797,150.855,101.860,55.551,30.715,13.297
11.14333,334.330,286.159,241.826,150.870,101.833,55.479,30.670,13.209
11.14667,334.358,286.065,241.855,150.872,101.916,55.555,30.646,13.293
11.15000,334.331,286.205,241.929,150.824,101.810,55.544,30.653,13.254
11.15333,334.457,286.190,241.911,150.873,101.937,55.498,30.648,13.322
11.15667,334.435,286.231,241.911,150.909,101.918,55.498,30.734,13.323
11.16000,334.480,286.256,241.912,150.899,101.886,55.545,30.704,13.235
11.16333,334.513,286.217,242.025,150.961,101.911,55.488,30.745,13.335
11.16667,334.592,286.324,242.106,151.020,101.937,55.638,30.652,13.256
11.17000,334.653,286.336,242.074,150.950,101.989,55.630,30.702,13.274
11.17333,334.600,286.350,242.064,150.951,101.966,55.584,30.677,13.312
11.17667,334.666,286.367,242.146,151.019,101.894,55.576,30.704,13.328
11.18000,334.747,286.433,242.174,150.982,102.005,55.538,30.787,13.269
11.18333,334.711,286.400,242.177,150.985,101.940,55.565,30.738,13.272
11.18667,334.763,286.467,242.181,151.056,101.962,55.624,30.708,13.261
11.19000,334.854,286.539,242.138,151.062,101.998,55.638,30.725,13.230
11.19333,334.819,286.519,242.268,151.004,102.016,55.624,30.670,13.302
11.19667,334.845,286.567,242.202,151.096,102.074,55.638,30.739,13.268
11.20000,334.934,286.602,242.245,151.005,102.049,55.635,30.709,13.349
11.20333,334.942,286.581,242.269,151.154,102.059,55.655,30.742,13.260
11.20667,334.984,286.638,242.265,151.157,102.034,55.643,30.771,13.289
11.21000,335.021,286.672,242.375,151.141,102.079,55.628,30.737,13.317
11.21333,335.008,286.731,242.344,151.191,102.092,55.616,30.739,13.258
11.21667,335.074,286.687,242.309,151.162,102.120,55.583,30.765,13.330
11.22000,335.097,286.755,242.414,151.217,102.044,55.672,30.705,13.314
11.22333,335.130,286.761,242.415,151.241,102.060,55.627,30.716,13.270
11.22667,335.186,286.775,242.430,151.196,102.110,55.682,30.760,13.300
11.23000,335.224,286.820,242.473,151.232,102.146,55.702,30.738,13.308
11.23333,335.219,286.892,242.493,151.266,102.082,55.643,30.779,13.343
11.23667,335.263,286.871,242.573,151.315,102.124,55.658,30.760,13.264
11.24000,335.312,286.925,242.590,151.263,102.193,55.714,30.755,13.275
11.24333,335.329,286.938,242.586,151.287,102.212,55.660,30.794,13.329
11.24667,335.365,286.955,242.621,151.240,102.208,55.713,30.805,13.320
11.25000,335.383,286.953,242.690,151.315,102.160,55.786,30.761,13.325
11.25333,335.433,287.052,242.637,151.292,102.254,55.757,30.756,13.353
11.25667,335.520,287.005,242.723,151.367,102.226,55.716,30.667,13.331
11.26000,335.496,287.091,242.652,151.411,102.232,55.727,30.803,13.371
11.26333,335.550,287.113,242.686,151.323,102.304,55.779,30.900,13.338
11.26667,335.535,287.129,242.691,151.429,102.283,55.700,30.828,13.358
11.27000,335.616,287.148,242.826,151.383,102.258,55.756,30.818,13.300
11.27333,335.633,287.189,242.771,151.444,102.316,55.734,30.818,13.289
11.27667,335.624,287.232,242.770,151.479,102.306,55.803,30.824,13.317
11.28000,335.681,287.263,242.821,151.481,102.291,55.724,30.800,13.374
11.28333,335.657,287.236,242.867,151.473,102.260,55.778,30.821,13.347
11.28667,335.701,287.289,242.846,151.482,102.278,55.805,30.759,13.333
11.29000,335.757,287.382,242.883,151.489,102.314,55.855,30.812,13.391
11.29333,335.817,287.348,242.911,151.534,102.326,55.793,30.842,13.259
11.29667,335.829,287.358,242.879,151.444,102.363,55.807,30.907,13.360
11.30000,335.867,287.444,242.993,151.557,102.306,55.792,30.792,13.290
11.30333,335.794,287.410,242.941,151.505,102.315,55.842,30.824,13.321
11.30667,335.917,287.456,242.950,151.537,102.321,55.769,30.822,13.403
11.31000,335.976,287.504,243.055,151.638,102.309,55.804,30.854,13.326
11.31333,336.025,287.532,243.070,151.643,102.360,55.828,30.845,13.373
11.31667,336.015,287.582,243.015,151.654,102.391,55.802,30.772,13.344
11.32000,336.000,287.620,243.086,151.607,102.408,55.811,30.823,13.435
11.32333,336.123,287.584,243.088,151.674,102.399,55.802,30.877,13.359
11.32667,336.111,287.605,243.124,151.649,102.431,55.835,30.836,13.319
11.33000,336.165,287.658,243.146,151.675,102.429,55.870,30.857,13.349
11.33333,336.147,287.700,243.165,151.702,102.361,55.887,30.919,13.356
11.33667,336.244,287.715,243.217,151.690,102.417,55.901,30.814,13.320
11.34000,336.201,287.719,243.261,151.654,102.435,55.877,30.898,13.275
11.34333,336.311,287.714,243.287,151.722,102.440,55.829,30.837,13.384
11.34667,336.333,287.735,243.296,151.732,102.422,55.863,30.852,13.355
11.35000,336.337,287.859,243.318,151.765,102.517,55.921,30.838,13.341
11.35333,336.391,287.857,243.315,151.733,102.521,55.830,30.811,13.346
11.35667,336.399,287.853,243.345,151.764,102.484,55.882,30.870,13.368
11.36000,336.340,287.893,243.319,151.781,102.445,55.894,30.916,13.365
11.36333,336.441,287.897,243.374,151.833,102.464,55.874,30.875,13.343
11.36667,336.444,287.969,243.449,151.768,102.513,55.919,30.780,13.359
11.37000,336.431,287.924,243.388,151.804,102.548,55.920,30.906,13.344
11.37333,336.488,287.997,243.452,151.837,102.457,55.926,30.941,13.332
11.37667,336.522,287.961,243.453,151.829,102.515,55.963,30.844,13.318
11.38000,336.543,288.033,243.502,151.928,102.580,55.893,30.865,13.380
11.38333,336.546,288.074,243.532,151.812,102.506,55.923,30.915,13.366
11.38667,336.703,288.124,243.496,151.944,102.573,55.923,30.868,13.377
11.39000,336.624,288.080,243.506,151.856,102.571,55.915,30.849,13.399
11.39333,336.733,288.114,243.602,151.966,102.615,55.928,30.929,13.347
11.39667,336.714,288.135,243.555,151.915,102.665,55.874,30.906,13.360
11.40000,336.752,288.163,243.561,151.979,102.631,55.981,30.959,13.406
11.40333,336.734,288.174,243.573,151.981,102.622,55.955,30.934,13.365
11.40667,336.751,288.257,243.623,152.011,102.611,55.894,30.844,13.359
11.41000,336.807,288.223,243.648,151.990,102.617,55.926,30.861,13.318
11.41333,336.861,288.211,243.595,151.932,102.666,55.961,30.867,13.447
11.41667,336.875,288.267,243.675,152.025,102.615,55.943,30.880,13.414
11.42000,336.905,288.331,243.730,151.976,102.653,55.952,30.915,13.384
11.42333,336.916,288.326,243.759,152.003,102.669,55.898,30.901,13.431
11.42667,336.977,288.355,243.789,152.022,102.631,55.975,30.885,13.439
11.43000,336.937,288.296,243.786,152.004,102.677,55.947,30.967,13.387
11.43333,336.961,288.371,243.823,152.076,102.663,55.937,30.995,13.361
11.43667,337.018,288.403,243.863,152.104,102.691,56.010,30.944,13.381
11.44000,337.086,288.427,243.814,152.062,102.689,55.991,30.954,13.341
11.44333,337.112,288.475,243.825,152.097,102.622,55.963,30.931,13.343
11.44667,337.075,288.498,243.821,152.113,102.691,56.011,30.955,13.419
11.45000,337.176,288.458,243.909,152.128,102.730,56.112,30.927,13.401
11.45333,337.130,288.486,243.904,152.129,102.697,56.023,30.866,13.425
11.45667,337.241,288.577,243.913,152.174,102.744,56.002,30.933,13.390
11.46000,337.187,288.564,243.991,152.154,102.709,56.046,30.906,13.409
11.46333,337.218,288.638,243.933,152.182,102.704,55.983,30.881,13.393
11.46667,337.249,288.628,244.009,152.233,102.734,56.097,30.921,13.401
11.47000,337.282,288.665,243.997,152.200,102.732,56.016,30.981,13.390
11.47333,337.382,288.632,244.023,152.230,102.805,55.979,30.943,13.415
11.47667,337.297,288.664,244.049,152.182,102.807,56.046,31.004,13.416
11.48000,337.325,288.683,244.010,152.285,102.854,56.089,31.027,13.437
11.48333,337.497,288.759,244.071,152.199,102.795,56.033,30.976,13.426
11.48667,337.339,288.791,244.083,152.279,102.822,56.037,30.998,13.366
11.49000,337.453,288.750,244.133,152.245,102.819,56.097,30.947,13.460
11.49333,337.486,288.829,244.218,152.271,102.808,56.052,31.044,13.393
11.49667,337.553,288.778,244.054,152.257,102.798,56.084,31.011,13.366
11.50000,337.506,288.832,244.178,152.323,102.827,56.141,30.972,13.376
11.50333,337.555,288.902,244.179,152.257,102.838,56.022,30.962,13.397
11.50667,337.630,288.838,244.231,152.305,102.874,56.112,30.991,13.391
11.51000,337.623,288.833,244.224,152.258,102.903,56.013,31.027,13.367
11.51333,337.644,288.872,244.250,152.326,102.908,55.980,30.958,13.341
11.51667,337.730,288.891,244.277,152.265,102.866,56.065,31.019,13.375
11.52000,337.628,288.952,244.315,152.351,102.922,56.045,30.932,13.449
11.52333,337.713,289.036,244.300,152.381,102.860,56.090,30.964,13.384
11.52667,337.733,288.958,244.356,152.407,102.966,56.189,31.023,13.390
11.53000,337.867,289.028,244.327,152.441,102.877,56.041,31.044,13.427
11.53333,337.769,289.160,244.332,152.328,102.875,56.128,31.037,13.401
11.53667,337.773,289.076,244.368,152.461,102.904,56.112,31.095,13.408
11.54000,337.802,289.188,244.357,152.399,102.993,56.122,31.033,13.442
11.54333,337.880,289.125,244.412,152.462,102.941,56.098,31.024,13.423
11.54667,337.934,289.168,244.383,152.473,102.987,56.147,31.065,13.430
11.55000,337.824,289.154,244.389,152.509,102.959,56.086,30.989,13.429
11.55333,337.970,289.117,244.456,152.469,103.063,56.157,31.014,13.433
11.55667,337.937,289.252,244.482,152.584,102.971,56.144,31.023,13.443
11.56000,337.973,289.228,244.512,152.492,102.962,56.127,31.028,13.428
11.56333,337.994,289.244,244.550,152.504,103.036,56.119,30.989,13.446
11.56667,338.072,289.236,244.505,152.553,103.082,56.154,31.074,13.392
11.57000,338.065,289.309,244.588,152.521,102.971,56.153,31.011,13.439
11.57333,338.085,289.353,244.576,152.527,102.992,56.193,31.047,13.391
11.57667,338.110,289.331,244.579,152.553,103.001,56.162,30.970,13.454
11.58000,338.155,289.379,244.579,152.577,103.049,56.147,31.034,13.428
11.58333,338.167,289.405,244.566,152.524,103.080,56.118,31.020,13.452
11.58667,338.142,289.336,244.596,152.514,103.000,56.157,31.055,13.390
11.59000,338.200,289.392,244.664,152.567,103.086,56.185,31.041,13.363
11.59333,338.233,289.396,244.702,152.593,103.061,56.161,31.027,13.433
11.59667,338.237,289.457,244.743,152.585,103.038,56.184,31.073,13.426
11.60000,338.215,289.511,244.698,152.572,103.042,56.239,31.090,13.392
11.60333,338.241,289.532,244.694,152.601,103.010,56.200,31.029,13.434
11.60667,338.323,289.520,244.758,152.675,103.091,56.181,31.041,13.463
11.61000,338.295,289.547,244.727,152.609,103.103,56.180,31.025,13.460
11.61333,338.368,289.550,244.796,152.655,103.066,56.177,31.063,13.404
11.61667,338.351,289.621,244.768,152.701,103.089,56.261,31.043,13.464
11.62000,338.417,289.571,244.766,152.739,103.148,56.163,31.038,13.452
11.62333,338.419,289.549,244.872,152.746,103.132,56.236,31.107,13.390
11.62667,338.475,289.645,244.809,152.643,103.181,56.206,31.063,13.388
11.63000,338.432,289.612,244.776,152.733,103.157,56.209,31.022,13.489
11.63333,338.436,289.716,244.866,152.732,103.180,56.245,31.085,13.429
11.63667,338.483,289.661,244.897,152.796,103.229,56.233,31.042,13.487
11.64000,338.531,289.749,244.916,152.739,103.153,56.236,31.040,13.434
11.64333,338.499,289.692,244.915,152.732,103.147,56.266,31.113,13.412
11.64667,338.531,289.802,244.884,152.767,103.167,56.243,31.128,13.388
11.65000,338.609,289.685,244.960,152.815,103.149,56.347,31.140,13.468
11.65333,338.686,289.729,244.999,152.769,103.222,56.214,31.053,13.439
11.65667,338.643,289.814,244.976,152.820,103.179,56.285,31.100,13.466
11.66000,338.676,289.845,244.991,152.915,103.180,56.300,31.085,13.430
11.66333,338.678,289.840,245.004,152.781,103.205,56.232,31.077,13.431
11.66667,338.682,289.874,245.019,152.871,103.219,56.275,31.055,13.436
11.67000,338.717,289.815,244.993,152.807,103.124,56.235,31.007,13.454
11.67333,338.744,289.902,245.033,152.876,103.159,56.260,31.103,13.515
11.67667,338.742,289.913,245.121,152.870,103.221,56.214,31.110,13.488
11.68000,338.756,289.983,245.124,152.874,103.201,56.317,31.118,13.459
11.68333,338.883,289.895,245.064,152.934,103.238,56.294,31.081,13.469
11.68667,338.870,289.953,245.171,152.863,103.276,56.345,31.073,13.438
11.69000,338.814,289.971,245.098,152.861,103.273,56.312,31.056,13.442
11.69333,338.881,290.001,245.140,152.943,103.270,56.308,31.090,13.363
11.69667,338.907,290.062,245.193,152.864,103.266,56.275,31.085,13.408
11.70000,338.934,290.036,245.152,152.972,103.218,56.278,31.056,13.523
11.70333,338.925,290.048,245.177,152.921,103.290,56.348,31.095,13.476
11.70667,338.951,290.096,245.155,153.010,103.221,56.255,31.159,13.467
11.71000,338.957,290.027,245.198,152.947,103.289,56.339,31.141,13.478
11.71333,338.955,290.056,245.218,152.988,103.279,56.283,31.140,13.419
11.71667,338.981,290.195,245.177,152.945,103.268,56.288,31.133,13.463
11.72000,339.078,290.160,245.256,153.031,103.266,56.280,31.167,13.490
11.72333,339.022,290.143,245.299,152.976,103.309,56.312,31.164,13.519
11.72667,339.102,290.166,245.287,152.998,103.326,56.286,31.135,13.466
11.73000,339.155,290.212,245.285,152.986,103.294,56.318,31.145,13.424
11.73333,339.155,290.208,245.273,153.019,103.275,56.259,31.089,13.444
11.73667,339.060,290.248,245.333,153.040,103.339,56.299,31.139,13.503
11.74000,339.107,290.181,245.332,153.052,103.299,56.310,31.169,13.486
11.74333,339.168,290.259,245.379,153.112,103.347,56.330,31.167,13.498
11.74667,339.210,290.316,245.337,153.044,103.345,56.366,31.148,13.509
11.75000,339.295,290.349,245.361,153.080,103.371,56.355,31.157,13.538
11.75333,339.219,290.265,245.373,153.070,103.337,56.412,31.127,13.483
11.75667,339.178,290.325,245.456,153.070,103.406,56.382,31.135,13.494
11.76000,339.273,290.336,245.438,153.050,103.380,56.352,31.066,13.490
11.76333,339.269,290.397,245.483,153.104,103.346,56.344,31.084,13.472
11.76667,339.293,290.326,245.426,153.099,103.401,56.382,31.130,13.476
11.77000,339.326,290.373,245.539,153.109,103.374,56.343,31.158,13.479
11.77333,339.358,290.396,245.482,153.094,103.370,56.349,31.107,13.420
11.77667,339.364,290.481,245.486,153.134,103.368,56.330,31.123,13.520
11.78000,339.420,290.420,245.581,153.170,103.397,56.333,31.100,13.525
11.78333,339.445,290.465,245.547,153.223,103.440,56.307,31.165,13.510
11.78667,339.439,290.445,245.555,153.116,103.448,56.457,31.144,13.492
11.79000,339.446,290.527,245.532,153.150,103.397,56.417,31.207,13.506
11.79333,339.468,290.544,245.522,153.179,103.368,56.373,31.170,13.490
11.79667,339.468,290.554,245.617,153.146,103.402,56.355,31.170,13.525
11.80000,339.516,290.510,245.571,153.181,103.401,56.397,31.215,13.490
11.80333,339.566,290.575,245.633,153.163,103.456,56.413,31.193,13.474
11.80667,339.574,290.584,245.592,153.287,103.443,56.365,31.123,13.425
11.81000,339.613,290.578,245.664,153.224,103.464,56.340,31.156,13.538
11.81333,339.538,290.517,245.636,153.257,103.397,56.462,31.198,13.540
11.81667,339.625,290.644,245.629,153.176,103.439,56.361,31.176,13.482
11.82000,339.611,290.612,245.649,153.289,103.538,56.440,31.151,13.509
11.82333,339.670,290.619,245.732,153.246,103.471,56.438,31.224,13.530
11.82667,339.678,290.683,245.690,153.309,103.500,56.370,31.154,13.470
11.83000,339.662,290.707,245.764,153.296,103.448,56.383,31.227,13.500
11.83333,339.689,290.748,245.751,153.264,103.553,56.477,31.168,13.489
11.83667,339.669,290.637,245.779,153.379,103.511,56.450,31.157,13.477
11.84000,339.720,290.709,245.747,153.296,103.459,56.447,31.209,13.511
11.84333,339.715,290.800,245.741,153.288,103.523,56.438,31.148,13.575
11.84667,339.783,290.787,245.745,153.330,103.567,56.461,31.234,13.530
11.85000,339.783,290.830,245.825,153.316,103.513,56.357,31.141,13.531
11.85333,339.777,290.771,245.832,153.364,103.510,56.409,31.173,13.517
11.85667,339.812,290.790,245.847,153.355,103.534,56.482,31.235,13.524
11.86000,339.847,290.849,245.818,153.287,103.513,56.426,31.160,13.545
11.86333,339.814,290.853,245.847,153.332,103.559,56.427,31.196,13.484
11.86667,339.897,290.873,245.836,153.393,103.484,56.459,31.155,13.528
11.87000,339.852,290.808,245.867,153.341,103.573,56.449,31.206,13.510
11.87333,339.952,290.868,245.852,153.410,103.579,56.476,31.186,13.455
11.87667,340.000,290.888,245.918,153.379,103.588,56.425,31.172,13.560
11.88000,339.947,290.923,245.906,153.397,103.587,56.526,31.220,13.482
11.88333,339.936,290.975,245.950,153.375,103.617,56.513,31.186,13.548
11.88667,340.022,290.971,245.942,153.391,103.586,56.459,31.219,13.470
11.89000,340.028,290.950,245.978,153.399,103.584,56.464,31.236,13.478
11.89333,340.037,290.953,245.913,153.436,103.625,56.484,31.196,13.509
11.89667,340.022,290.976,246.043,153.421,103.592,56.437,31.197,13.481
11.90000,339.941,290.992,245.977,153.441,103.609,56.514,31.229,13.556
11.90333,340.078,291.004,245.946,153.457,103.621,56.500,31.138,13.527
11.90667,340.091,291.087,246.040,153.477,103.567,56.488,31.264,13.515
11.91000,340.126,291.015,246.003,153.399,103.636,56.498,31.129,13.505
11.91333,340.097,291.059,246.043,153.418,103.551,56.552,31.234,13.516
11.91667,340.124,291.031,246.039,153.481,103.644,56.487,31.249,13.469
11.92000,340.120,291.021,246.061,153.542,103.660,56.497,31.235,13.515
11.92333,340.202,291.076,246.032,153.509,103.697,56.488,31.293,13.520
11.92667,340.225,291.142,246.112,153.515,103.666,56.505,31.174,13.543
11.93000,340.204,291.155,246.040,153.525,103.696,56.536,31.169,13.469
11.93333,340.175,291.152,246.152,153.531,103.654,56.524,31.166,13.471
11.93667,340.209,291.120,246.088,153.559,103.706,56.517,31.241,13.518
11.94000,340.228,291.182,246.146,153.506,103.696,56.504,31.247,13.514
11.94333,340.243,291.199,246.058,153.497,103.705,56.511,31.268,13.524
11.94667,340.232,291.248,246.155,153.560,103.649,56.564,31.279,13.497
11.95000,340.307,291.231,246.169,153.583,103.643,56.503,31.257,13.503
11.95333,340.378,291.244,246.220,153.605,103.679,56.520,31.349,13.545
11.95667,340.319,291.271,246.184,153.499,103.730,56.571,31.281,13.512
11.96000,340.362,291.260,246.187,153.580,103.701,56.543,31.287,13.520
11.96333,340.325,291.262,246.229,153.524,103.750,56.546,31.235,13.485
11.96667,340.351,291.243,246.175,153.584,103.726,56.525,31.152,13.569
11.97000,340.448,291.297,246.272,153.567,103.736,56.580,31.248,13.544
11.97333,340.466,291.288,246.239,153.613,103.776,56.573,31.257,13.630
11.97667,340.433,291.387,246.200,153.630,103.753,56.603,31.259,13.524
11.98000,340.408,291.278,246.337,153.617,103.739,56.517,31.207,13.510
11.98333,340.436,291.338,246.291,153.730,103.760,56.590,31.206,13.552
11.98667,340.465,291.302,246.301,153.637,103.658,56.536,31.217,13.583
11.99000,340.512,291.405,246.284,153.644,103.780,56.587,31.310,13.562
11.99333,340.527,291.341,246.295,153.654,103.762,56.580,31.272,13.562
11.99667,340.543,291.426,246.309,153.672,103.794,56.596,31.187,13.526
12.00000,340.541,291.391,246.329,153.714,103.798,56.616,31.231,13.536
