time_min,A246_mAU,A254_mAU,A261_mAU,A273_mAU,A290_mAU,A324_mAU,A350_mAU,A445_mAU
0.00000,32.151,26.618,22.704,13.521,10.363,4.958,3.091,0.330
0.00333,32.206,26.622,22.715,13.508,10.439,4.903,3.066,0.345
0.00667,32.242,26.621,22.771,13.494,10.423,4.975,3.109,0.360
0.01000,32.254,26.740,22.749,13.534,10.450,4.942,3.054,0.297
0.01333,32.244,26.692,22.758,13.532,10.417,4.962,3.113,0.423
0.01667,32.234,26.679,22.815,13.536,10.472,4.963,3.166,0.365
0.02000,32.310,26.760,22.834,13.511,10.505,4.890,3.108,0.294
0.02333,32.310,26.795,22.872,13.501,10.529,5.000,3.121,0.364
0.02667,32.294,26.751,22.814,13.541,10.532,4.924,3.077,0.362
0.03000,32.358,26.837,22.901,13.587,10.451,4.932,3.087,0.395
0.03333,32.381,26.853,22.916,13.540,10.447,4.916,3.043,0.317
0.03667,32.397,26.825,22.871,13.553,10.556,4.939,3.121,0.328
0.04000,32.436,26.901,22.966,13.558,10.541,4.944,3.161,0.358
0.04333,32.526,26.878,22.936,13.608,10.524,4.955,3.077,0.346
0.04667,32.463,26.940,23.026,13.617,10.428,4.979,3.077,0.322
0.05000,32.487,26.853,22.973,13.669,10.531,5.000,3.102,0.349
0.05333,32.553,26.896,23.021,13.698,10.593,4.983,3.141,0.380
0.05667,32.554,26.987,22.991,13.602,10.547,4.950,3.103,0.361
0.06000,32.535,26.983,22.983,13.665,10.582,4.987,3.141,0.312
0.06333,32.588,26.987,23.059,13.608,10.571,5.005,3.096,0.375
0.06667,32.616,26.988,23.070,13.632,10.549,4.977,3.086,0.376
0.07000,32.627,27.044,22.995,13.703,10.621,5.008,3.089,0.392
0.07333,32.760,27.077,23.065,13.745,10.565,5.063,3.094,0.380
0.07667,32.640,27.079,23.088,13.736,10.619,5.011,3.076,0.379
0.08000,32.706,27.109,23.043,13.752,10.589,5.013,3.167,0.412
0.08333,32.795,27.127,23.127,13.743,10.552,5.075,3.147,0.413
0.08667,32.726,27.133,23.133,13.705,10.596,5.020,3.154,0.387
0.09000,32.759,27.151,23.088,13.745,10.629,5.042,3.130,0.368
0.09333,32.780,27.158,23.158,13.809,10.632,5.038,3.134,0.409
0.09667,32.756,27.225,23.110,13.802,10.606,5.063,3.156,0.395
0.10000,32.864,27.200,23.167,13.770,10.642,5.065,3.157,0.388
0.10333,32.839,27.307,23.215,13.785,10.685,5.028,3.155,0.375
0.10667,32.962,27.229,23.254,13.813,10.682,5.034,3.145,0.358
0.11000,32.931,27.357,23.225,13.809,10.653,5.037,3.174,0.353
0.11333,32.981,27.349,23.250,13.859,10.721,5.062,3.179,0.359
0.11667,33.010,27.366,23.292,13.885,10.620,5.101,3.079,0.364
0.12000,33.021,27.342,23.283,13.824,10.696,5.070,3.174,0.393
0.12333,33.018,27.285,23.382,13.810,10.661,4.981,3.195,0.398
0.12667,32.979,27.445,23.346,13.842,10.696,5.076,3.157,0.354
0.13000,33.118,27.418,23.373,13.905,10.758,5.073,3.094,0.332
0.13333,33.046,27.455,23.369,13.847,10.699,5.066,3.184,0.382
0.13667,33.143,27.426,23.382,13.906,10.666,5.118,3.130,0.367
0.14000,33.078,27.470,23.453,13.932,10.734,5.074,3.115,0.377
0.14333,33.210,27.468,23.487,13.961,10.729,5.111,3.114,0.401
0.14667,33.143,27.553,23.410,13.930,10.715,5.050,3.187,0.487
0.15000,33.185,27.569,23.470,13.957,10.787,5.136,3.172,0.388
0.15333,33.233,27.598,23.473,14.011,10.798,5.157,3.242,0.399
0.15667,33.287,27.566,23.476,13.994,10.768,5.147,3.171,0.343
0.16000,33.256,27.591,23.550,14.057,10.815,5.086,3.186,0.374
0.16333,33.295,27.612,23.572,13.996,10.799,5.147,3.176,0.412
0.16667,33.312,27.621,23.573,13.999,10.735,5.142,3.157,0.437
0.17000,33.329,27.644,23.559,14.031,10.741,5.126,3.191,0.395
0.17333,33.350,27.676,23.650,14.031,10.806,5.089,3.173,0.352
0.17667,33.386,27.743,23.662,14.047,10.859,5.171,3.187,0.413
0.18000,33.419,27.730,23.658,14.041,10.813,5.153,3.104,0.369
0.18333,33.388,27.746,23.613,14.060,10.798,5.119,3.231,0.422
0.18667,33.507,27.775,23.652,14.125,10.809,5.129,3.162,0.386
0.19000,33.468,27.831,23.711,14.134,10.825,5.117,3.196,0.465
0.19333,33.494,27.759,23.710,14.130,10.847,5.159,3.210,0.354
0.19667,33.584,27.846,23.755,14.083,10.775,5.178,3.157,0.475
0.20000,33.569,27.871,23.753,14.150,10.850,5.196,3.239,0.340
0.20333,33.636,27.843,23.737,14.130,10.904,5.110,3.205,0.430
0.20667,33.624,27.952,23.749,14.140,10.843,5.120,3.168,0.409
0.21000,33.643,27.942,23.808,14.187,10.907,5.122,3.247,0.441
0.21333,33.664,27.954,23.786,14.105,10.886,5.156,3.255,0.325
0.21667,33.712,28.006,23.845,14.201,10.876,5.153,3.220,0.368
0.22000,33.704,27.985,23.786,14.210,10.904,5.181,3.204,0.390
0.22333,33.842,27.960,23.905,14.145,10.915,5.268,3.228,0.427
0.22667,33.811,28.037,23.862,14.193,10.884,5.171,3.268,0.417
0.23000,33.745,28.050,23.918,14.205,10.905,5.161,3.198,0.456
0.23333,33.843,28.002,23.874,14.178,10.951,5.226,3.219,0.421
0.23667,33.810,28.113,23.919,14.275,10.935,5.252,3.205,0.409
0.24000,33.829,28.100,23.986,14.205,10.921,5.132,3.241,0.362
0.24333,33.962,28.134,24.050,14.238,10.994,5.189,3.194,0.444
0.24667,33.908,28.138,24.024,14.329,10.954,5.156,3.293,0.390
0.25000,33.965,28.175,23.901,14.246,10.962,5.274,3.295,0.424
0.25333,33.988,28.156,23.980,14.251,10.999,5.269,3.295,0.461
0.25667,34.012,28.237,24.057,14.276,10.986,5.163,3.194,0.427
0.26000,34.030,28.260,24.045,14.353,10.983,5.222,3.241,0.434
0.26333,34.114,28.260,24.164,14.356,11.070,5.262,3.276,0.383
0.26667,34.109,28.335,24.111,14.355,10.977,5.263,3.227,0.441
0.27000,34.110,28.320,24.110,14.345,10.991,5.279,3.320,0.370
0.27333,34.118,28.359,24.193,14.378,10.984,5.257,3.256,0.457
0.27667,34.232,28.414,24.200,14.318,11.023,5.244,3.233,0.369
0.28000,34.194,28.377,24.169,14.428,11.046,5.230,3.292,0.457
0.28333,34.241,28.476,24.149,14.432,11.035,5.300,3.236,0.379
0.28667,34.210,28.481,24.186,14.376,11.005,5.271,3.288,0.462
0.29000,34.299,28.414,24.279,14.439,11.080,5.272,3.293,0.435
0.29333,34.373,28.471,24.270,14.469,11.076,5.247,3.266,0.437
0.29667,34.334,28.457,24.338,14.460,11.007,5.241,3.245,0.408
0.30000,34.364,28.517,24.332,14.471,11.078,5.291,3.300,0.408
0.30333,34.349,28.555,24.306,14.483,11.074,5.304,3.278,0.483
0.30667,34.495,28.571,24.287,14.514,11.107,5.300,3.290,0.470
0.31000,34.416,28.593,24.413,14.478,11.086,5.298,3.300,0.456
0.31333,34.500,28.593,24.382,14.514,11.109,5.310,3.263,0.458
0.31667,34.517,28.682,24.412,14.539,11.091,5.312,3.313,0.384
0.32000,34.496,28.672,24.466,14.561,11.180,5.322,3.285,0.437
0.32333,34.532,28.700,24.434,14.526,11.088,5.260,3.280,0.465
0.32667,34.596,28.724,24.532,14.593,11.084,5.379,3.185,0.397
0.33000,34.643,28.709,24.584,14.608,11.081,5.319,3.306,0.436
0.33333,34.615,28.776,24.590,14.618,11.240,5.365,3.296,0.483
0.33667,34.653,28.793,24.560,14.619,11.189,5.380,3.282,0.475
0.34000,34.807,28.829,24.497,14.610,11.210,5.356,3.307,0.463
0.34333,34.688,28.809,24.606,14.659,11.205,5.331,3.307,0.447
0.34667,34.667,28.883,24.558,14.633,11.220,5.341,3.342,0.372
0.35000,34.774,28.885,24.624,14.679,11.157,5.323,3.321,0.469
0.35333,34.817,28.908,24.605,14.694,11.231,5.345,3.319,0.450
0.35667,34.822,28.871,24.646,14.672,11.173,5.398,3.355,0.415
0.36000,34.876,28.899,24.680,14.692,11.275,5.435,3.302,0.501
0.36333,34.867,28.926,24.693,14.713,11.213,5.415,3.352,0.437
0.36667,34.943,29.015,24.690,14.778,11.240,5.405,3.325,0.477
0.37000,34.933,28.962,24.668,14.726,11.258,5.374,3.318,0.495
0.37333,34.938,28.991,24.700,14.772,11.267,5.454,3.328,0.438
0.37667,35.001,29.091,24.741,14.720,11.298,5.393,3.350,0.427
0.38000,35.059,29.086,24.783,14.783,11.332,5.374,3.282,0.423
0.38333,35.052,29.106,24.779,14.820,11.281,5.389,3.318,0.431
0.38667,35.109,29.134,24.844,14.781,11.358,5.461,3.306,0.430
0.39000,35.042,29.171,24.845,14.794,11.287,5.458,3.358,0.421
0.39333,35.162,29.230,24.874,14.785,11.348,5.407,3.365,0.521
0.39667,35.155,29.219,24.909,14.879,11.369,5.464,3.312,0.479
0.40000,35.187,29.204,24.933,14.807,11.362,5.448,3.240,0.486
0.40333,35.204,29.272,24.920,14.913,11.328,5.422,3.360,0.442
0.40667,35.226,29.254,24.971,14.865,11.333,5.426,3.379,0.420
0.41000,35.288,29.339,24.976,14.875,11.410,5.483,3.400,0.460
0.41333,35.302,29.328,25.016,14.891,11.416,5.507,3.309,0.470
0.41667,35.341,29.384,24.974,14.921,11.399,5.482,3.349,0.478
0.42000,35.311,29.426,25.047,14.964,11.373,5.451,3.327,0.504
0.42333,35.423,29.422,25.088,14.895,11.395,5.426,3.389,0.476
0.42667,35.427,29.459,24.970,14.933,11.405,5.497,3.322,0.432
0.43000,35.475,29.471,25.055,14.956,11.429,5.440,3.358,0.499
0.43333,35.466,29.527,25.090,14.939,11.426,5.506,3.349,0.477
0.43667,35.431,29.527,25.163,15.015,11.473,5.439,3.370,0.392
0.44000,35.542,29.513,25.183,14.965,11.420,5.510,3.352,0.459
0.44333,35.659,29.605,25.158,14.971,11.488,5.440,3.310,0.455
0.44667,35.592,29.609,25.180,15.068,11.493,5.480,3.387,0.404
0.45000,35.663,29.608,25.174,15.036,11.504,5.518,3.410,0.466
0.45333,35.645,29.603,25.236,15.028,11.495,5.505,3.401,0.483
0.45667,35.635,29.680,25.225,15.043,11.447,5.514,3.448,0.441
0.46000,35.737,29.615,25.243,15.073,11.515,5.516,3.412,0.480
0.46333,35.776,29.730,25.301,15.120,11.420,5.570,3.332,0.445
0.46667,35.799,29.699,25.288,15.112,11.475,5.566,3.385,0.473
0.47000,35.799,29.731,25.314,15.148,11.564,5.515,3.441,0.497
0.47333,35.823,29.744,25.284,15.087,11.562,5.549,3.442,0.508
0.47667,35.861,29.835,25.310,15.139,11.567,5.491,3.389,0.481
0.48000,35.883,29.856,25.404,15.161,11.540,5.532,3.421,0.467
0.48333,35.928,29.845,25.429,15.159,11.613,5.576,3.440,0.475
0.48667,35.988,29.901,25.451,15.180,11.551,5.623,3.335,0.480
0.49000,36.032,29.884,25.494,15.197,11.632,5.545,3.466,0.482
0.49333,35.958,29.950,25.500,15.170,11.549,5.560,3.404,0.518
0.49667,36.025,29.963,25.490,15.244,11.589,5.586,3.382,0.459
0.50000,36.040,30.037,25.506,15.252,11.598,5.570,3.410,0.541
0.50333,36.111,30.011,25.521,15.270,11.549,5.560,3.416,0.513
0.50667,36.159,30.017,25.572,15.288,11.617,5.564,3.461,0.472
0.51000,36.118,30.082,25.608,15.291,11.583,5.597,3.454,0.516
0.51333,36.200,30.148,25.636,15.247,11.602,5.560,3.433,0.446
0.51667,36.212,30.104,25.673,15.313,11.653,5.584,3.454,0.457
0.52000,36.219,30.171,25.671,15.316,11.635,5.622,3.433,0.521
0.52333,36.236,30.181,25.671,15.352,11.697,5.559,3.496,0.492
0.52667,36.332,30.249,25.775,15.369,11.637,5.600,3.461,0.537
0.53000,36.361,30.255,25.718,15.387,11.691,5.613,3.381,0.442
0.53333,36.296,30.197,25.672,15.378,11.738,5.568,3.532,0.582
0.53667,36.457,30.276,25.785,15.392,11.712,5.663,3.526,0.493
0.54000,36.439,30.299,25.764,15.392,11.680,5.605,3.517,0.532
0.54333,36.498,30.315,25.797,15.434,11.747,5.676,3.554,0.446
0.54667,36.523,30.287,25.837,15.430,11.733,5.633,3.456,0.477
0.55000,36.575,30.388,25.834,15.483,11.709,5.619,3.476,0.495
0.55333,36.557,30.445,25.871,15.449,11.741,5.680,3.462,0.590
0.55667,36.558,30.425,25.862,15.479,11.799,5.717,3.418,0.579
0.56000,36.566,30.439,25.925,15.508,11.783,5.661,3.461,0.553
0.56333,36.614,30.451,25.979,15.509,11.776,5.698,3.459,0.489
0.56667,36.683,30.473,25.981,15.517,11.748,5.639,3.521,0.514
0.57000,36.743,30.486,26.013,15.569,11.814,5.685,3.495,0.505
0.57333,36.751,30.555,25.987,15.547,11.811,5.707,3.514,0.515
0.57667,36.790,30.588,26.009,15.570,11.790,5.689,3.495,0.514
0.58000,36.849,30.636,26.077,15.654,11.854,5.604,3.457,0.471
0.58333,36.787,30.635,26.136,15.600,11.920,5.671,3.484,0.521
0.58667,36.875,30.666,26.056,15.644,11.799,5.707,3.517,0.535
0.59000,36.910,30.771,26.118,15.607,11.972,5.710,3.465,0.569
0.59333,36.914,30.707,26.110,15.655,11.945,5.766,3.491,0.548
0.59667,36.891,30.732,26.179,15.669,11.902,5.653,3.511,0.491
0.60000,37.025,30.816,26.172,15.646,11.848,5.752,3.526,0.540
0.60333,37.045,30.865,26.258,15.665,11.885,5.720,3.497,0.587
0.60667,37.072,30.879,26.162,15.631,11.912,5.781,3.531,0.526
0.61000,37.100,30.855,26.290,15.755,11.907,5.727,3.535,0.493
0.61333,37.078,30.891,26.284,15.687,11.926,5.747,3.515,0.471
0.61667,37.157,30.920,26.343,15.739,11.935,5.739,3.531,0.594
0.62000,37.194,30.888,26.319,15.759,11.970,5.739,3.535,0.513
0.62333,37.196,30.911,26.418,15.696,11.909,5.756,3.573,0.549
0.62667,37.243,31.016,26.361,15.785,11.951,5.749,3.584,0.551
0.63000,37.218,31.042,26.387,15.761,11.881,5.774,3.544,0.564
0.63333,37.368,31.060,26.438,15.757,11.987,5.834,3.503,0.553
0.63667,37.387,31.067,26.396,15.769,12.002,5.757,3.540,0.556
0.64000,37.360,31.125,26.419,15.808,12.050,5.811,3.563,0.577
0.64333,37.426,31.135,26.452,15.849,12.045,5.762,3.522,0.547
0.64667,37.427,31.141,26.479,15.800,12.011,5.770,3.516,0.569
0.65000,37.488,31.125,26.516,15.869,12.049,5.804,3.541,0.555
0.65333,37.488,31.219,26.558,15.890,12.092,5.772,3.548,0.549
0.65667,37.555,31.257,26.524,15.938,12.029,5.803,3.549,0.607
0.66000,37.522,31.242,26.557,15.869,12.034,5.830,3.559,0.496
0.66333,37.670,31.241,26.659,15.947,12.041,5.805,3.550,0.553
0.66667,37.647,31.321,26.678,15.929,12.111,5.841,3.578,0.579
0.67000,37.664,31.421,26.638,15.962,12.064,5.867,3.620,0.561
0.67333,37.622,31.408,26.710,15.975,12.090,5.857,3.532,0.514
0.67667,37.787,31.394,26.753,16.018,12.084,5.902,3.561,0.614
0.68000,37.749,31.385,26.759,16.073,12.115,5.829,3.589,0.591
0.68333,37.775,31.463,26.829,15.974,12.088,5.840,3.548,0.599
0.68667,37.764,31.480,26.838,16.010,12.146,5.891,3.595,0.631
0.69000,37.867,31.498,26.858,16.060,12.154,5.910,3.598,0.577
0.69333,37.942,31.516,26.792,16.070,12.158,5.874,3.612,0.506
0.69667,37.917,31.588,26.836,16.090,12.162,5.879,3.566,0.520
0.70000,38.027,31.622,26.879,16.093,12.182,5.843,3.616,0.546
0.70333,38.035,31.636,26.957,16.213,12.222,5.871,3.636,0.536
0.70667,38.044,31.684,26.956,16.111,12.169,5.885,3.573,0.580
0.71000,38.119,31.754,26.966,16.131,12.226,5.879,3.616,0.602
0.71333,38.073,31.677,26.981,16.135,12.211,5.957,3.648,0.611
0.71667,38.078,31.778,27.034,16.150,12.195,5.948,3.655,0.545
0.72000,38.151,31.755,27.026,16.219,12.221,5.917,3.634,0.647
0.72333,38.215,31.854,27.013,16.194,12.266,5.866,3.637,0.617
0.72667,38.215,31.814,27.088,16.230,12.191,5.928,3.672,0.611
0.73000,38.274,31.854,27.127,16.276,12.241,5.984,3.582,0.544
0.73333,38.298,31.901,27.109,16.257,12.297,5.925,3.629,0.572
0.73667,38.289,31.973,27.167,16.230,12.239,5.903,3.664,0.574
0.74000,38.388,31.945,27.183,16.264,12.356,5.987,3.581,0.516
0.74333,38.387,31.976,27.207,16.352,12.283,6.001,3.637,0.593
0.74667,38.448,32.066,27.254,16.293,12.337,5.956,3.642,0.632
0.75000,38.446,32.046,27.242,16.266,12.350,5.962,3.593,0.629
0.75333,38.464,32.088,27.298,16.364,12.341,5.989,3.651,0.600
0.75667,38.577,32.126,27.317,16.356,12.299,5.974,3.604,0.600
0.76000,38.542,32.160,27.288,16.384,12.355,5.954,3.675,0.598
0.76333,38.598,32.164,27.364,16.383,12.335,5.992,3.706,0.595
0.76667,38.616,32.203,27.346,16.396,12.364,5.990,3.681,0.656
0.77000,38.648,32.203,27.399,16.475,12.374,6.048,3.627,0.576
0.77333,38.729,32.262,27.409,16.472,12.436,5.966,3.675,0.579
0.77667,38.742,32.284,27.415,16.458,12.435,6.024,3.636,0.598
0.78000,38.813,32.309,27.472,16.479,12.421,6.105,3.681,0.645
0.78333,38.835,32.307,27.499,16.481,12.427,6.076,3.659,0.600
0.78667,38.885,32.362,27.559,16.520,12.413,6.086,3.689,0.655
0.79000,38.892,32.389,27.553,16.526,12.429,6.059,3.676,0.573
0.79333,38.943,32.414,27.582,16.507,12.478,6.046,3.730,0.621
0.79667,38.902,32.449,27.662,16.465,12.498,6.069,3.738,0.638
0.80000,39.014,32.464,27.641,16.519,12.514,6.082,3.690,0.577
0.80333,39.077,32.504,27.712,16.593,12.526,6.035,3.653,0.610
0.80667,39.078,32.569,27.750,16.648,12.552,6.082,3.713,0.650
0.81000,39.108,32.590,27.747,16.611,12.560,5.999,3.734,0.648
0.81333,39.158,32.650,27.711,16.634,12.568,6.106,3.764,0.582
0.81667,39.182,32.667,27.737,16.585,12.555,6.092,3.678,0.605
0.82000,39.220,32.744,27.811,16.713,12.488,6.036,3.704,0.590
0.82333,39.259,32.727,27.889,16.766,12.573,6.141,3.700,0.665
0.82667,39.217,32.756,27.850,16.659,12.544,6.010,3.755,0.624
0.83000,39.312,32.722,27.824,16.728,12.520,6.174,3.738,0.632
0.83333,39.364,32.790,27.941,16.687,12.578,6.186,3.734,0.667
0.83667,39.398,32.822,27.855,16.748,12.649,6.121,3.778,0.663
0.84000,39.438,32.861,27.898,16.696,12.580,6.140,3.727,0.615
0.84333,39.482,32.902,27.899,16.769,12.646,6.078,3.683,0.683
0.84667,39.545,32.907,28.006,16.795,12.648,6.094,3.654,0.561
0.85000,39.552,32.883,28.029,16.797,12.640,6.120,3.812,0.665
0.85333,39.584,33.023,28.038,16.809,12.680,6.193,3.720,0.629
0.85667,39.616,33.081,27.973,16.770,12.714,6.143,3.711,0.634
0.86000,39.652,33.104,28.124,16.816,12.690,6.085,3.707,0.623
0.86333,39.675,33.095,28.113,16.869,12.674,6.111,3.722,0.656
0.86667,39.721,33.093,28.157,16.916,12.689,6.141,3.741,0.557
0.87000,39.756,33.156,28.243,16.919,12.770,6.174,3.778,0.627
0.87333,39.884,33.189,28.165,16.983,12.693,6.205,3.704,0.631
0.87667,39.814,33.241,28.208,16.915,12.684,6.224,3.785,0.640
0.88000,39.896,33.241,28.211,16.905,12.745,6.181,3.831,0.625
0.88333,39.858,33.243,28.315,16.982,12.761,6.208,3.743,0.668
0.88667,39.908,33.260,28.401,17.032,12.781,6.216,3.797,0.662
0.89000,40.006,33.310,28.318,16.998,12.855,6.245,3.769,0.676
0.89333,40.036,33.460,28.431,17.049,12.765,6.228,3.736,0.677
0.89667,40.009,33.441,28.400,16.979,12.836,6.263,3.807,0.667
0.90000,40.038,33.367,28.433,17.083,12.762,6.245,3.759,0.624
0.90333,40.155,33.429,28.393,17.054,12.829,6.294,3.744,0.751
0.90667,40.180,33.510,28.524,17.069,12.823,6.283,3.795,0.660
0.91000,40.201,33.558,28.466,17.072,12.906,6.242,3.795,0.643
0.91333,40.234,33.562,28.442,17.096,12.780,6.218,3.762,0.618
0.91667,40.340,33.565,28.589,17.151,12.851,6.280,3.845,0.702
0.92000,40.368,33.635,28.584,17.126,12.961,6.255,3.781,0.653
0.92333,40.367,33.627,28.608,17.195,12.911,6.296,3.779,0.662
0.92667,40.366,33.713,28.641,17.166,12.889,6.307,3.803,0.672
0.93000,40.369,33.685,28.677,17.219,12.906,6.241,3.782,0.665
0.93333,40.474,33.795,28.638,17.202,12.866,6.308,3.809,0.688
0.93667,40.510,33.724,28.740,17.248,12.947,6.360,3.864,0.695
0.94000,40.509,33.796,28.741,17.302,12.919,6.285,3.867,0.670
0.94333,40.552,33.850,28.766,17.299,12.955,6.301,3.874,0.736
0.94667,40.623,33.878,28.750,17.329,12.973,6.320,3.899,0.692
0.95000,40.641,33.899,28.809,17.314,12.995,6.335,3.830,0.635
0.95333,40.736,33.969,28.881,17.312,12.933,6.358,3.861,0.687
0.95667,40.785,33.976,28.914,17.317,13.015,6.372,3.802,0.613
0.96000,40.768,34.082,28.895,17.345,12.996,6.293,3.886,0.724
0.96333,40.817,33.953,28.884,17.402,13.065,6.360,3.834,0.676
0.96667,40.832,34.054,28.936,17.398,13.054,6.365,3.925,0.682
0.97000,40.877,34.118,29.006,17.420,12.963,6.389,3.875,0.691
0.97333,40.847,34.171,29.082,17.431,13.055,6.347,3.859,0.695
0.97667,40.866,34.161,29.082,17.468,13.098,6.352,3.889,0.670
0.98000,41.020,34.202,29.073,17.464,13.138,6.357,3.920,0.674
0.98333,41.055,34.274,29.086,17.477,13.103,6.398,3.881,0.731
0.98667,41.164,34.316,29.140,17.489,13.076,6.425,3.936,0.673
0.99000,41.095,34.249,29.191,17.458,13.148,6.442,3.887,0.669
0.99333,41.122,34.376,29.180,17.546,13.110,6.362,3.900,0.718
0.99667,41.171,34.324,29.290,17.572,13.137,6.422,3.861,0.740
1.00000,41.242,34.395,29.255,17.572,13.189,6.394,3.901,0.653
1.00333,41.311,34.435,29.280,17.608,13.209,6.438,3.888,0.712
1.00667,41.378,34.468,29.297,17.569,13.122,6.393,3.885,0.783
1.01000,41.395,34.538,29.324,17.684,13.196,6.415,3.881,0.702
1.01333,41.453,34.502,29.337,17.582,13.155,6.445,3.901,0.751
1.01667,41.429,34.585,29.319,17.642,13.231,6.449,3.978,0.730
1.02000,41.473,34.612,29.416,17.663,13.261,6.444,3.873,0.755
1.02333,41.501,34.628,29.468,17.697,13.197,6.471,3.918,0.694
1.02667,41.587,34.647,29.460,17.673,13.271,6.492,3.923,0.694
1.03000,41.524,34.709,29.510,17.708,13.289,6.506,3.971,0.718
1.03333,41.577,34.778,29.532,17.765,13.247,6.522,3.982,0.725
1.03667,41.652,34.851,29.521,17.799,13.288,6.464,3.940,0.739
1.04000,41.721,34.814,29.625,17.804,13.293,6.541,3.892,0.681
1.04333,41.760,34.894,29.639,17.815,13.314,6.558,3.995,0.702
1.04667,41.805,34.860,29.714,17.787,13.317,6.555,3.960,0.712
1.05000,41.820,34.965,29.662,17.882,13.314,6.491,3.950,0.704
1.05333,41.923,34.979,29.685,17.837,13.325,6.531,3.986,0.719
1.05667,41.882,34.898,29.732,17.914,13.312,6.533,3.926,0.739
1.06000,41.946,34.987,29.752,17.867,13.408,6.524,3.919,0.741
1.06333,41.932,35.022,29.807,17.906,13.376,6.537,3.872,0.717
1.06667,42.068,35.105,29.859,17.877,13.427,6.524,3.989,0.743
1.07000,42.120,35.135,29.822,17.961,13.404,6.544,3.993,0.787
1.07333,42.150,35.159,29.909,18.030,13.440,6.638,3.978,0.725
1.07667,42.158,35.196,29.903,17.940,13.436,6.572,4.018,0.714
1.08000,42.236,35.178,29.969,18.059,13.490,6.623,3.946,0.684
1.08333,42.249,35.280,29.925,17.999,13.470,6.591,3.969,0.778
1.08667,42.255,35.281,29.948,18.020,13.406,6.693,4.028,0.746
1.09000,42.362,35.361,30.047,18.033,13.492,6.588,3.998,0.702
1.09333,42.356,35.311,30.043,18.069,13.543,6.653,4.023,0.776
1.09667,42.425,35.466,30.074,18.101,13.499,6.602,3.918,0.692
1.10000,42.430,35.422,30.109,18.159,13.515,6.724,4.052,0.746
1.10333,42.470,35.531,30.150,18.156,13.517,6.666,3.986,0.796
1.10667,42.519,35.529,30.201,18.095,13.506,6.636,4.033,0.822
1.11000,42.601,35.546,30.247,18.182,13.503,6.703,3.977,0.770
1.11333,42.707,35.608,30.246,18.189,13.521,6.642,4.023,0.746
1.11667,42.635,35.607,30.278,18.236,13.626,6.664,4.063,0.757
1.12000,42.673,35.647,30.313,18.242,13.614,6.673,4.077,0.812
1.12333,42.739,35.681,30.329,18.251,13.597,6.694,4.028,0.761
1.12667,42.763,35.754,30.383,18.251,13.616,6.667,3.995,0.800
1.13000,42.877,35.718,30.390,18.270,13.601,6.721,3.995,0.787
1.13333,42.853,35.776,30.406,18.319,13.644,6.748,4.081,0.830
1.13667,42.979,35.889,30.454,18.355,13.642,6.684,4.036,0.731
1.14000,42.958,35.844,30.446,18.317,13.632,6.770,3.960,0.809
1.14333,42.962,35.896,30.479,18.341,13.683,6.667,4.077,0.765
1.14667,43.019,35.982,30.603,18.392,13.680,6.747,4.004,0.739
1.15000,43.123,35.925,30.541,18.406,13.680,6.752,4.013,0.800
1.15333,43.132,36.028,30.628,18.382,13.758,6.759,4.004,0.742
1.15667,43.187,36.033,30.572,18.454,13.689,6.755,4.051,0.813
1.16000,43.162,36.068,30.677,18.518,13.723,6.779,4.046,0.795
1.16333,43.269,36.137,30.719,18.437,13.796,6.789,4.016,0.732
1.16667,43.359,36.164,30.752,18.495,13.752,6.781,4.091,0.771
1.17000,43.327,36.233,30.830,18.499,13.792,6.767,4.080,0.767
1.17333,43.380,36.228,30.766,18.553,13.763,6.817,4.113,0.768
1.17667,43.367,36.265,30.775,18.573,13.844,6.760,4.073,0.811
1.18000,43.377,36.308,30.820,18.574,13.860,6.829,4.091,0.753
1.18333,43.465,36.396,30.858,18.645,13.844,6.762,4.074,0.853
1.18667,43.547,36.364,30.873,18.573,13.843,6.806,4.097,0.751
1.19000,43.574,36.465,31.028,18.681,13.841,6.804,4.068,0.842
1.19333,43.635,36.480,30.960,18.716,13.815,6.830,4.062,0.848
1.19667,43.626,36.586,31.069,18.644,13.858,6.760,4.052,0.786
1.20000,43.700,36.564,31.034,18.619,13.930,6.824,4.099,0.777
1.20333,43.730,36.557,31.092,18.760,13.928,6.866,4.173,0.805
1.20667,43.789,36.596,31.088,18.720,14.010,6.884,4.165,0.868
1.21000,43.887,36.587,31.143,18.779,13.951,6.860,4.098,0.808
1.21333,43.879,36.712,31.207,18.782,13.966,6.881,4.077,0.781
1.21667,43.994,36.753,31.179,18.813,13.966,6.932,4.156,0.833
1.22000,43.966,36.693,31.213,18.826,13.977,6.870,4.126,0.831
1.22333,44.040,36.790,31.306,18.827,13.948,6.859,4.145,0.850
1.22667,44.114,36.855,31.323,18.779,13.971,6.860,4.193,0.830
1.23000,44.070,36.843,31.330,18.828,14.024,6.862,4.177,0.759
1.23333,44.183,36.874,31.443,18.930,14.036,6.857,4.164,0.785
1.23667,44.282,36.951,31.359,18.892,14.045,6.948,4.136,0.820
1.24000,44.273,36.955,31.392,18.911,14.054,6.992,4.182,0.798
1.24333,44.297,37.041,31.508,18.944,14.101,6.975,4.140,0.801
1.24667,44.415,37.084,31.499,18.920,14.128,6.947,4.182,0.800
1.25000,44.306,37.081,31.514,18.952,14.079,6.872,4.211,0.840
1.25333,44.399,37.120,31.534,18.964,14.093,6.902,4.172,0.830
1.25667,44.492,37.148,31.602,18.996,14.146,6.927,4.200,0.867
1.26000,44.531,37.185,31.656,19.062,14.138,6.937,4.182,0.904
1.26333,44.499,37.274,31.667,19.069,14.095,6.941,4.159,0.842
1.26667,44.639,37.312,31.686,19.037,14.166,7.005,4.245,0.882
1.27000,44.713,37.396,31.792,19.063,14.122,7.020,4.235,0.826
1.27333,44.763,37.356,31.750,19.120,14.229,6.997,4.142,0.807
1.27667,44.725,37.369,31.815,19.104,14.230,7.088,4.242,0.822
1.28000,44.795,37.451,31.760,19.158,14.271,7.051,4.230,0.828
1.28333,44.851,37.489,31.797,19.154,14.261,7.074,4.203,0.854
1.28667,44.882,37.586,31.871,19.247,14.250,7.068,4.145,0.863
1.29000,44.950,37.606,31.915,19.229,14.326,7.009,4.173,0.829
1.29333,45.004,37.653,31.898,19.307,14.253,7.036,4.206,0.905
1.29667,45.062,37.691,31.972,19.334,14.228,7.038,4.210,0.829
1.30000,45.024,37.694,32.048,19.313,14.308,7.008,4.231,0.890
1.30333,45.146,37.718,31.995,19.342,14.282,7.119,4.278,0.865
1.30667,45.217,37.738,32.041,19.341,14.308,7.059,4.226,0.934
1.31000,45.196,37.808,32.129,19.377,14.296,7.049,4.245,0.845
1.31333,45.259,37.917,32.201,19.315,14.426,7.055,4.292,0.896
1.31667,45.279,37.870,32.134,19.442,14.371,7.084,4.296,0.896
1.32000,45.263,37.913,32.216,19.456,14.429,7.100,4.246,0.826
1.32333,45.407,37.958,32.281,19.458,14.402,7.130,4.306,0.933
1.32667,45.466,38.022,32.293,19.492,14.388,7.127,4.302,0.857
1.33000,45.448,38.057,32.307,19.512,14.389,7.164,4.219,0.898
1.33333,45.481,38.088,32.369,19.544,14.324,7.141,4.253,0.871
1.33667,45.559,38.110,32.441,19.547,14.502,7.140,4.225,0.909
1.34000,45.632,38.127,32.408,19.514,14.465,7.141,4.237,0.914
1.34333,45.707,38.212,32.484,19.581,14.390,7.140,4.283,0.834
1.34667,45.765,38.306,32.512,19.564,14.500,7.112,4.300,0.855
1.35000,45.753,38.338,32.549,19.544,14.554,7.131,4.292,0.847
1.35333,45.790,38.302,32.526,19.593,14.531,7.122,4.273,0.847
1.35667,45.900,38.400,32.610,19.602,14.505,7.249,4.294,0.797
1.36000,45.893,38.449,32.543,19.649,14.559,7.173,4.350,0.928
1.36333,46.031,38.439,32.695,19.677,14.609,7.212,4.358,0.890
1.36667,46.059,38.518,32.710,19.734,14.538,7.224,4.380,0.952
1.37000,46.069,38.574,32.687,19.746,14.611,7.217,4.335,0.905
1.37333,46.098,38.507,32.753,19.728,14.630,7.253,4.313,0.877
1.37667,46.181,38.643,32.779,19.816,14.662,7.303,4.327,0.858
1.38000,46.198,38.673,32.802,19.866,14.639,7.262,4.341,0.957
1.38333,46.253,38.754,32.933,19.875,14.646,7.292,4.394,0.816
1.38667,46.279,38.700,32.882,19.831,14.637,7.289,4.388,0.906
1.39000,46.343,38.752,32.930,19.872,14.671,7.250,4.346,0.900
1.39333,46.329,38.817,32.953,19.930,14.723,7.334,4.363,0.960
1.39667,46.435,38.836,33.024,19.914,14.739,7.260,4.324,0.871
1.40000,46.478,38.865,33.070,19.930,14.787,7.261,4.350,0.955
1.40333,46.529,38.930,33.043,19.994,14.768,7.326,4.426,0.902
1.40667,46.616,38.919,33.119,19.933,14.783,7.314,4.402,0.928
1.41000,46.669,39.071,33.172,20.002,14.792,7.360,4.335,0.886
1.41333,46.733,39.098,33.166,20.013,14.823,7.343,4.422,0.923
1.41667,46.785,39.101,33.226,19.990,14.862,7.335,4.385,0.958
1.42000,46.815,39.185,33.152,20.121,14.796,7.297,4.380,0.994
1.42333,46.832,39.206,33.301,20.140,14.817,7.326,4.429,0.956
1.42667,46.981,39.282,33.369,20.111,14.812,7.386,4.373,0.932
1.43000,46.893,39.277,33.339,20.106,14.849,7.377,4.420,0.925
1.43333,46.953,39.258,33.381,20.111,14.839,7.391,4.425,0.898
1.43667,47.025,39.314,33.388,20.196,14.913,7.368,4.396,0.900
1.44000,47.007,39.426,33.502,20.157,14.952,7.382,4.449,0.935
1.44333,47.086,39.470,33.386,20.194,14.949,7.383,4.455,0.968
1.44667,47.143,39.425,33.550,20.292,14.960,7.458,4.372,0.908
1.45000,47.222,39.553,33.534,20.315,15.003,7.434,4.501,0.898
1.45333,47.267,39.543,33.622,20.341,14.944,7.462,4.377,0.910
1.45667,47.318,39.658,33.611,20.314,15.019,7.434,4.465,0.996
1.46000,47.394,39.677,33.664,20.369,15.063,7.461,4.504,0.948
1.46333,47.397,39.640,33.714,20.346,14.972,7.497,4.446,0.978
1.46667,47.422,39.711,33.733,20.355,14.985,7.393,4.448,1.032
1.47000,47.582,39.715,33.798,20.438,15.057,7.468,4.462,1.060
1.47333,47.556,39.741,33.781,20.420,15.024,7.426,4.479,0.975
1.47667,47.604,39.863,33.956,20.424,15.023,7.469,4.476,1.020
1.48000,47.625,39.942,33.833,20.484,15.126,7.468,4.439,0.900
1.48333,47.751,39.963,33.940,20.515,15.100,7.504,4.399,0.961
1.48667,47.747,39.984,33.960,20.546,15.145,7.505,4.506,1.030
1.49000,47.844,40.088,34.031,20.523,15.088,7.521,4.469,0.941
1.49333,47.872,40.050,34.072,20.586,15.153,7.589,4.476,0.880
1.49667,47.902,40.092,34.115,20.601,15.137,7.584,4.525,1.015
1.50000,47.993,40.152,34.121,20.637,15.181,7.510,4.471,0.908
1.50333,48.024,40.263,34.131,20.655,15.237,7.529,4.503,1.025
1.50667,48.075,40.234,34.150,20.708,15.207,7.551,4.504,0.947
1.51000,48.167,40.260,34.206,20.665,15.230,7.580,4.441,0.958
1.51333,48.171,40.359,34.217,20.754,15.193,7.599,4.589,0.978
1.51667,48.224,40.394,34.268,20.682,15.269,7.682,4.488,1.047
1.52000,48.336,40.442,34.338,20.655,15.196,7.603,4.545,1.054
1.52333,48.309,40.469,34.350,20.721,15.304,7.592,4.515,0.978
1.52667,48.404,40.515,34.473,20.802,15.330,7.591,4.529,0.976
1.53000,48.421,40.577,34.440,20.770,15.357,7.629,4.579,1.009
1.53333,48.453,40.586,34.533,20.826,15.298,7.616,4.538,0.981
1.53667,48.491,40.658,34.538,20.914,15.367,7.647,4.615,1.009
1.54000,48.610,40.689,34.660,20.835,15.370,7.618,4.532,0.956
1.54333,48.609,40.763,34.567,20.918,15.367,7.620,4.534,0.974
1.54667,48.641,40.812,34.608,20.880,15.371,7.667,4.605,1.059
1.55000,48.783,40.776,34.676,20.964,15.436,7.659,4.570,1.020
1.55333,48.776,40.868,34.680,21.007,15.439,7.655,4.576,1.044
1.55667,48.789,40.929,34.681,21.029,15.412,7.660,4.619,1.039
1.56000,48.903,40.983,34.767,21.052,15.519,7.756,4.583,1.028
1.56333,48.926,41.016,34.830,21.088,15.481,7.695,4.604,1.060
1.56667,49.024,41.076,34.842,21.096,15.588,7.748,4.601,0.984
1.57000,49.121,41.114,34.842,21.075,15.457,7.704,4.625,0.946
1.57333,49.111,41.191,34.929,21.043,15.504,7.757,4.591,1.007
1.57667,49.127,41.227,34.929,21.172,15.480,7.725,4.613,1.086
1.58000,49.174,41.287,34.945,21.139,15.570,7.692,4.637,1.009
1.58333,49.277,41.305,35.043,21.195,15.562,7.738,4.634,1.030
1.58667,49.329,41.354,35.183,21.229,15.610,7.732,4.623,1.055
1.59000,49.406,41.371,35.168,21.246,15.639,7.716,4.658,1.018
1.59333,49.481,41.413,35.180,21.344,15.615,7.793,4.666,1.019
1.59667,49.505,41.444,35.149,21.304,15.578,7.803,4.676,1.058
1.60000,49.562,41.438,35.234,21.385,15.665,7.815,4.648,1.077
1.60333,49.528,41.542,35.292,21.335,15.701,7.816,4.661,1.016
1.60667,49.674,41.542,35.371,21.328,15.650,7.751,4.645,0.958
1.61000,49.643,41.616,35.342,21.389,15.743,7.860,4.636,1.033
1.61333,49.724,41.764,35.442,21.414,15.715,7.854,4.605,1.041
1.61667,49.787,41.786,35.430,21.482,15.706,7.886,4.644,1.065
1.62000,49.869,41.816,35.445,21.418,15.764,7.900,4.689,1.018
1.62333,49.934,41.803,35.509,21.457,15.750,7.875,4.684,1.035
1.62667,49.983,41.814,35.509,21.499,15.772,7.845,4.660,1.022
1.63000,49.996,41.929,35.562,21.505,15.813,7.833,4.665,1.045
1.63333,50.080,41.990,35.607,21.531,15.768,7.886,4.717,1.049
1.63667,50.117,41.996,35.661,21.532,15.818,7.887,4.672,1.045
1.64000,50.200,42.057,35.690,21.548,15.858,7.887,4.738,1.063
1.64333,50.251,42.103,35.749,21.630,15.912,7.957,4.680,1.106
1.64667,50.291,42.066,35.776,21.651,15.838,7.877,4.767,0.971
1.65000,50.356,42.217,35.805,21.715,15.868,7.914,4.676,1.033
1.65333,50.346,42.271,35.851,21.681,15.886,7.962,4.648,1.089
1.65667,50.445,42.280,35.950,21.796,15.953,7.936,4.772,1.104
1.66000,50.543,42.421,35.932,21.746,15.909,7.940,4.706,1.052
1.66333,50.564,42.409,35.951,21.741,16.002,7.941,4.803,1.084
1.66667,50.639,42.460,36.018,21.831,15.945,7.908,4.716,1.074
1.67000,50.661,42.460,36.040,21.821,15.987,7.982,4.747,1.047
1.67333,50.709,42.588,36.114,21.881,16.053,8.028,4.736,1.021
1.67667,50.778,42.593,36.105,21.853,16.006,8.001,4.756,1.081
1.68000,50.789,42.640,36.140,21.897,16.126,8.011,4.791,1.107
1.68333,50.902,42.670,36.256,21.943,16.082,8.052,4.779,1.108
1.68667,50.982,42.696,36.290,21.923,16.076,8.057,4.792,1.066
1.69000,50.971,42.761,36.270,22.023,16.074,8.074,4.822,1.043
1.69333,51.071,42.815,36.320,22.021,16.128,8.041,4.785,1.094
1.69667,51.146,42.876,36.366,22.049,16.131,8.001,4.811,1.063
1.70000,51.204,42.895,36.435,22.093,16.171,8.065,4.772,1.176
1.70333,51.165,42.946,36.479,22.070,16.108,8.095,4.802,1.108
1.70667,51.309,43.045,36.457,22.112,16.137,8.101,4.771,1.059
1.71000,51.361,43.095,36.500,22.133,16.208,8.065,4.806,1.174
1.71333,51.349,43.127,36.587,22.120,16.271,8.142,4.812,1.105
1.71667,51.449,43.163,36.616,22.217,16.225,8.119,4.837,1.053
1.72000,51.525,43.227,36.684,22.244,16.213,8.081,4.768,1.065
1.72333,51.552,43.325,36.717,22.223,16.222,8.131,4.859,1.126
1.72667,51.583,43.311,36.745,22.244,16.234,8.185,4.855,1.149
1.73000,51.647,43.335,36.799,22.250,16.339,8.230,4.782,1.113
1.73333,51.743,43.410,36.806,22.331,16.351,8.133,4.836,1.132
1.73667,51.893,43.424,36.880,22.335,16.337,8.202,4.859,1.157
1.74000,51.895,43.521,36.983,22.338,16.344,8.233,4.847,1.167
1.74333,51.962,43.604,36.963,22.382,16.378,8.191,4.885,1.114
1.74667,51.980,43.600,37.000,22.407,16.408,8.179,4.870,1.085
1.75000,52.043,43.580,37.096,22.458,16.412,8.279,4.873,1.190
1.75333,52.102,43.684,37.058,22.418,16.367,8.177,4.883,1.125
1.75667,52.168,43.752,37.185,22.500,16.446,8.220,4.918,1.123
1.76000,52.237,43.859,37.181,22.506,16.464,8.223,4.948,1.139
1.76333,52.264,43.852,37.175,22.502,16.451,8.281,4.921,1.180
1.76667,52.299,43.854,37.249,22.604,16.519,8.298,4.888,1.134
1.77000,52.407,43.999,37.345,22.589,16.511,8.261,4.878,1.155
1.77333,52.427,43.930,37.341,22.523,16.474,8.242,4.851,1.110
1.77667,52.482,43.968,37.356,22.592,16.531,8.253,4.903,1.163
1.78000,52.445,44.120,37.328,22.702,16.560,8.300,4.908,1.182
1.78333,52.644,44.139,37.476,22.667,16.574,8.321,4.940,1.165
1.78667,52.628,44.143,37.423,22.712,16.595,8.343,4.950,1.164
1.79000,52.695,44.252,37.554,22.715,16.575,8.307,4.943,1.162
1.79333,52.809,44.243,37.553,22.717,16.664,8.322,4.958,1.170
1.79667,52.901,44.320,37.524,22.751,16.607,8.325,4.972,1.098
1.80000,52.876,44.355,37.671,22.869,16.694,8.343,4.950,1.216
1.80333,52.914,44.499,37.615,22.868,16.720,8.328,4.958,1.171
1.80667,52.947,44.543,37.751,22.941,16.677,8.298,4.941,1.219
1.81000,53.063,44.528,37.735,22.878,16.766,8.397,4.915,1.187
1.81333,53.137,44.581,37.831,22.930,16.774,8.404,4.995,1.134
1.81667,53.185,44.602,37.889,22.973,16.756,8.476,5.072,1.176
1.82000,53.162,44.598,37.896,22.941,16.779,8.400,4.989,1.190
1.82333,53.296,44.762,37.917,23.000,16.808,8.459,5.003,1.177
1.82667,53.365,44.783,37.975,23.055,16.825,8.422,4.991,1.233
1.83000,53.474,44.845,38.039,23.052,16.824,8.443,5.007,1.231
1.83333,53.455,44.893,38.049,23.122,16.805,8.482,5.020,1.195
1.83667,53.562,44.927,38.117,23.143,16.852,8.523,4.997,1.176
1.84000,53.637,44.932,38.206,23.112,16.879,8.403,4.991,1.141
1.84333,53.694,45.045,38.260,23.130,16.896,8.446,5.041,1.134
1.84667,53.753,45.093,38.238,23.181,16.908,8.533,5.054,1.166
1.85000,53.756,45.149,38.198,23.199,16.936,8.468,5.048,1.247
1.85333,53.890,45.150,38.333,23.260,16.950,8.478,5.028,1.220
1.85667,53.876,45.230,38.365,23.237,17.000,8.561,4.995,1.253
1.86000,53.929,45.274,38.450,23.305,16.987,8.511,5.055,1.242
1.86333,54.042,45.357,38.422,23.328,17.044,8.579,4.998,1.195
1.86667,54.104,45.383,38.521,23.353,17.019,8.459,5.032,1.220
1.87000,54.182,45.455,38.593,23.334,17.013,8.555,5.048,1.195
1.87333,54.192,45.496,38.600,23.399,17.076,8.555,5.030,1.222
1.87667,54.238,45.566,38.659,23.403,17.063,8.604,5.066,1.299
1.88000,54.341,45.595,38.701,23.467,17.086,8.625,5.057,1.264
1.88333,54.362,45.607,38.676,23.485,17.139,8.552,5.045,1.200
1.88667,54.425,45.725,38.747,23.549,17.113,8.628,5.130,1.244
1.89000,54.476,45.719,38.785,23.571,17.160,8.629,5.066,1.255
1.89333,54.529,45.825,38.822,23.589,17.129,8.709,5.112,1.233
1.89667,54.629,45.852,38.871,23.638,17.175,8.659,5.103,1.233
1.90000,54.663,45.952,39.007,23.615,17.266,8.670,5.029,1.297
1.90333,54.815,45.913,38.955,23.640,17.208,8.625,5.205,1.333
1.90667,54.829,46.046,38.993,23.683,17.240,8.706,5.143,1.217
1.91000,54.888,46.034,39.056,23.714,17.252,8.697,5.034,1.191
1.91333,54.999,46.058,39.148,23.806,17.302,8.687,5.114,1.207
1.91667,54.997,46.253,39.166,23.747,17.347,8.701,5.191,1.281
1.92000,55.068,46.232,39.304,23.844,17.344,8.759,5.111,1.293
1.92333,55.033,46.333,39.242,23.827,17.291,8.662,5.119,1.256
1.92667,55.224,46.311,39.347,23.887,17.297,8.773,5.163,1.277
1.93000,55.264,46.372,39.290,23.824,17.363,8.775,5.136,1.228
1.93333,55.262,46.414,39.450,23.943,17.388,8.756,5.196,1.263
1.93667,55.369,46.501,39.413,23.915,17.423,8.762,5.192,1.246
1.94000,55.447,46.535,39.445,24.010,17.440,8.768,5.223,1.291
1.94333,55.508,46.574,39.495,24.016,17.389,8.823,5.169,1.299
1.94667,55.587,46.637,39.560,23.977,17.468,8.835,5.165,1.283
1.95000,55.630,46.695,39.668,24.037,17.473,8.819,5.124,1.367
1.95333,55.627,46.779,39.668,24.102,17.508,8.848,5.274,1.232
1.95667,55.757,46.790,39.649,24.120,17.440,8.818,5.240,1.267
1.96000,55.873,46.802,39.789,24.134,17.493,8.838,5.213,1.315
1.96333,55.875,46.945,39.783,24.143,17.538,8.889,5.237,1.269
1.96667,55.940,46.928,39.825,24.203,17.536,8.888,5.241,1.285
1.97000,55.935,47.069,39.783,24.204,17.536,8.845,5.240,1.339
1.97333,56.079,47.045,39.962,24.279,17.598,8.887,5.276,1.345
1.97667,56.144,47.154,40.030,24.272,17.597,8.906,5.206,1.252
1.98000,56.176,47.154,40.051,24.320,17.685,8.924,5.239,1.307
1.98333,56.281,47.232,40.039,24.342,17.637,8.949,5.268,1.315
1.98667,56.384,47.364,40.109,24.376,17.665,8.864,5.225,1.252
1.99000,56.381,47.350,40.189,24.405,17.714,8.929,5.250,1.296
1.99333,56.493,47.440,40.200,24.421,17.722,8.919,5.314,1.330
1.99667,56.458,47.528,40.233,24.518,17.769,8.933,5.288,1.310
2.00000,56.600,47.554,40.264,24.491,17.782,8.953,5.285,1.350
2.00333,56.640,47.558,40.368,24.509,17.837,8.969,5.268,1.331
2.00667,56.711,47.655,40.466,24.494,17.834,8.991,5.197,1.285
2.01000,56.824,47.665,40.427,24.596,17.832,8.933,5.314,1.256
2.01333,56.882,47.688,40.503,24.613,17.836,9.007,5.282,1.374
2.01667,56.926,47.826,40.510,24.643,17.811,9.000,5.310,1.305
2.02000,56.925,47.856,40.569,24.636,17.871,9.010,5.278,1.309
2.02333,57.066,47.893,40.687,24.719,17.962,9.098,5.275,1.356
2.02667,57.079,48.014,40.642,24.671,17.935,9.081,5.345,1.392
2.03000,57.136,48.044,40.701,24.760,17.976,9.030,5.307,1.324
2.03333,57.219,48.137,40.806,24.829,18.022,9.172,5.348,1.351
2.03667,57.320,48.120,40.796,24.776,17.988,9.084,5.375,1.395
2.04000,57.413,48.269,40.846,24.799,17.935,9.116,5.311,1.329
2.04333,57.366,48.247,40.910,24.855,17.992,9.145,5.389,1.436
2.04667,57.472,48.242,41.023,24.903,17.988,9.145,5.401,1.365
2.05000,57.558,48.376,41.039,24.973,18.042,9.124,5.404,1.316
2.05333,57.563,48.391,40.972,24.975,18.159,9.094,5.328,1.313
2.05667,57.708,48.435,41.058,24.996,18.094,9.190,5.312,1.370
2.06000,57.732,48.480,41.189,25.040,18.108,9.164,5.397,1.371
2.06333,57.816,48.593,41.119,25.072,18.147,9.175,5.383,1.368
2.06667,57.889,48.658,41.256,25.066,18.071,9.208,5.438,1.400
2.07000,58.001,48.700,41.276,25.108,18.200,9.227,5.395,1.397
2.07333,58.037,48.721,41.388,25.186,18.218,9.191,5.352,1.386
2.07667,58.050,48.844,41.352,25.097,18.244,9.202,5.408,1.424
2.08000,58.134,48.861,41.406,25.194,18.232,9.230,5.435,1.394
2.08333,58.184,48.893,41.501,25.229,18.246,9.204,5.470,1.325
2.08667,58.301,49.048,41.570,25.202,18.256,9.266,5.448,1.401
2.09000,58.321,49.036,41.521,25.251,18.321,9.274,5.460,1.377
2.09333,58.468,49.107,41.584,25.331,18.317,9.254,5.451,1.405
2.09667,58.476,49.155,41.729,25.404,18.326,9.275,5.371,1.427
2.10000,58.546,49.277,41.739,25.350,18.393,9.285,5.408,1.399
2.10333,58.630,49.270,41.742,25.381,18.320,9.288,5.486,1.433
2.10667,58.712,49.379,41.847,25.414,18.315,9.314,5.542,1.466
2.11000,58.771,49.453,41.856,25.497,18.467,9.288,5.465,1.422
2.11333,58.753,49.420,41.969,25.519,18.411,9.317,5.478,1.383
2.11667,58.879,49.483,41.909,25.504,18.501,9.362,5.514,1.417
2.12000,58.971,49.579,42.025,25.568,18.504,9.366,5.488,1.378
2.12333,58.997,49.630,42.054,25.606,18.458,9.365,5.545,1.430
2.12667,59.024,49.668,42.156,25.609,18.500,9.350,5.467,1.419
2.13000,59.175,49.762,42.106,25.594,18.573,9.344,5.537,1.434
2.13333,59.153,49.781,42.231,25.603,18.567,9.386,5.532,1.399
2.13667,59.261,49.831,42.288,25.769,18.544,9.368,5.599,1.430
2.14000,59.392,49.886,42.297,25.760,18.664,9.420,5.518,1.476
2.14333,59.430,49.982,42.286,25.768,18.662,9.420,5.514,1.417
2.14667,59.482,50.041,42.342,25.846,18.598,9.445,5.436,1.416
2.15000,59.537,50.031,42.460,25.843,18.679,9.444,5.553,1.407
2.15333,59.619,50.139,42.500,25.844,18.638,9.495,5.573,1.442
2.15667,59.661,50.264,42.584,25.870,18.714,9.423,5.538,1.472
2.16000,59.746,50.285,42.616,25.908,18.745,9.467,5.581,1.427
2.16333,59.822,50.361,42.691,25.885,18.806,9.497,5.537,1.400
2.16667,59.873,50.387,42.645,25.942,18.786,9.565,5.566,1.474
2.17000,59.973,50.409,42.745,26.091,18.768,9.584,5.561,1.397
2.17333,60.039,50.488,42.850,25.973,18.826,9.479,5.556,1.518
2.17667,60.172,50.585,42.875,26.100,18.814,9.541,5.581,1.425
2.18000,60.171,50.590,42.915,26.038,18.842,9.558,5.582,1.475
2.18333,60.221,50.663,42.978,26.040,18.873,9.578,5.656,1.415
2.18667,60.313,50.772,42.936,26.188,18.920,9.514,5.583,1.490
2.19000,60.371,50.790,43.025,26.186,18.937,9.622,5.598,1.507
2.19333,60.432,50.853,43.159,26.178,18.853,9.637,5.571,1.466
2.19667,60.536,50.884,43.089,26.331,18.909,9.533,5.604,1.524
2.20000,60.588,50.919,43.244,26.259,18.962,9.587,5.581,1.496
2.20333,60.690,51.015,43.161,26.291,18.984,9.683,5.654,1.447
2.20667,60.765,51.079,43.303,26.423,18.968,9.700,5.627,1.493
2.21000,60.861,51.172,43.367,26.368,18.983,9.637,5.697,1.503
2.21333,60.842,51.231,43.364,26.425,19.118,9.657,5.704,1.485
2.21667,60.988,51.261,43.474,26.436,19.067,9.693,5.689,1.545
2.22000,61.052,51.316,43.507,26.479,19.158,9.738,5.642,1.583
2.22333,61.095,51.350,43.562,26.537,19.076,9.775,5.631,1.473
2.22667,61.180,51.516,43.618,26.538,19.160,9.762,5.675,1.534
2.23000,61.302,51.483,43.676,26.595,19.178,9.730,5.678,1.537
2.23333,61.315,51.588,43.655,26.622,19.209,9.726,5.699,1.476
2.23667,61.383,51.655,43.655,26.652,19.226,9.717,5.742,1.491
2.24000,61.487,51.674,43.800,26.629,19.248,9.793,5.705,1.513
2.24333,61.545,51.775,43.818,26.681,19.253,9.762,5.736,1.535
2.24667,61.599,51.771,43.871,26.767,19.313,9.775,5.737,1.518
2.25000,61.700,51.860,43.997,26.777,19.337,9.839,5.761,1.525
2.25333,61.683,51.968,44.068,26.804,19.350,9.818,5.734,1.490
2.25667,61.880,52.030,44.058,26.803,19.318,9.819,5.799,1.499
2.26000,61.871,52.067,44.150,26.908,19.401,9.782,5.728,1.572
2.26333,61.873,52.168,44.164,26.963,19.374,9.836,5.741,1.537
2.26667,61.977,52.201,44.208,26.980,19.340,9.865,5.746,1.576
2.27000,62.077,52.225,44.281,26.986,19.407,9.956,5.748,1.590
2.27333,62.164,52.281,44.368,27.012,19.463,9.916,5.822,1.521
2.27667,62.234,52.340,44.405,27.069,19.440,9.912,5.789,1.562
2.28000,62.341,52.456,44.467,27.082,19.444,9.913,5.831,1.542
2.28333,62.381,52.562,44.479,27.056,19.466,9.914,5.752,1.569
2.28667,62.447,52.567,44.585,27.145,19.529,9.961,5.779,1.547
2.29000,62.570,52.657,44.557,27.138,19.526,9.991,5.830,1.575
2.29333,62.624,52.687,44.619,27.211,19.543,9.943,5.861,1.493
2.29667,62.711,52.689,44.677,27.104,19.567,9.955,5.844,1.553
2.30000,62.784,52.759,44.720,27.266,19.614,9.998,5.780,1.583
2.30333,62.831,52.869,44.758,27.361,19.650,10.005,5.836,1.565
2.30667,62.915,52.972,44.880,27.279,19.643,9.978,5.812,1.588
2.31000,62.983,53.071,44.881,27.383,19.722,10.011,5.888,1.621
2.31333,63.030,53.023,44.917,27.382,19.740,9.971,5.826,1.577
2.31667,63.107,53.152,44.932,27.394,19.738,10.105,5.817,1.631
2.32000,63.212,53.187,45.076,27.482,19.726,10.072,5.861,1.542
2.32333,63.197,53.260,45.132,27.474,19.745,10.062,5.856,1.613
2.32667,63.345,53.357,45.144,27.423,19.785,10.073,5.867,1.650
2.33000,63.398,53.411,45.224,27.577,19.856,10.101,5.904,1.611
2.33333,63.421,53.438,45.362,27.624,19.870,10.099,5.874,1.638
2.33667,63.513,53.461,45.362,27.545,19.937,10.087,5.904,1.579
2.34000,63.652,53.551,45.426,27.692,19.871,10.135,5.955,1.610
2.34333,63.753,53.642,45.456,27.719,19.893,10.150,5.894,1.538
2.34667,63.783,53.673,45.495,27.687,19.896,10.186,5.911,1.621
2.35000,63.859,53.689,45.503,27.752,19.962,10.168,5.994,1.607
2.35333,63.946,53.824,45.552,27.762,20.046,10.184,5.941,1.606
2.35667,64.016,53.848,45.680,27.775,19.952,10.202,5.913,1.600
2.36000,64.065,53.973,45.688,27.789,20.084,10.129,6.027,1.664
2.36333,64.164,54.023,45.834,27.891,20.057,10.197,5.914,1.630
2.36667,64.251,54.004,45.896,27.959,20.031,10.217,6.004,1.633
2.37000,64.309,54.130,45.830,27.984,20.087,10.233,5.974,1.692
2.37333,64.360,54.256,45.931,27.952,20.130,10.251,6.076,1.698
2.37667,64.423,54.214,45.955,28.069,20.097,10.209,5.961,1.621
2.38000,64.546,54.328,46.022,28.061,20.182,10.294,5.987,1.685
2.38333,64.619,54.368,46.102,28.113,20.216,10.340,6.022,1.638
2.38667,64.665,54.443,46.177,28.062,20.231,10.285,6.005,1.580
2.39000,64.778,54.506,46.183,28.181,20.142,10.284,6.001,1.630
2.39333,64.813,54.601,46.286,28.200,20.178,10.262,5.984,1.625
2.39667,64.906,54.643,46.314,28.284,20.255,10.360,6.011,1.682
2.40000,64.997,54.725,46.344,28.306,20.336,10.365,6.083,1.662
2.40333,65.089,54.748,46.351,28.373,20.321,10.365,6.074,1.663
2.40667,65.068,54.802,46.425,28.328,20.423,10.425,6.091,1.659
2.41000,65.239,54.920,46.494,28.438,20.306,10.378,6.024,1.673
2.41333,65.267,54.954,46.572,28.425,20.397,10.371,6.016,1.625
2.41667,65.394,54.987,46.674,28.467,20.345,10.391,6.067,1.647
2.42000,65.430,55.102,46.696,28.495,20.409,10.465,6.094,1.650
2.42333,65.518,55.228,46.703,28.554,20.463,10.386,6.055,1.694
2.42667,65.579,55.185,46.843,28.580,20.517,10.420,6.076,1.677
2.43000,65.690,55.331,46.858,28.547,20.547,10.413,6.108,1.669
2.43333,65.732,55.346,46.895,28.590,20.529,10.461,6.165,1.725
2.43667,65.818,55.410,46.985,28.662,20.505,10.491,6.099,1.734
2.44000,65.911,55.497,47.020,28.599,20.533,10.477,6.073,1.646
2.44333,65.993,55.590,47.130,28.760,20.536,10.564,6.161,1.688
2.44667,66.116,55.680,47.135,28.822,20.644,10.599,6.126,1.675
2.45000,66.109,55.705,47.216,28.790,20.617,10.545,6.124,1.742
2.45333,66.205,55.757,47.250,28.877,20.639,10.564,6.166,1.699
2.45667,66.324,55.861,47.334,28.857,20.708,10.563,6.141,1.703
2.46000,66.355,55.932,47.354,28.967,20.682,10.591,6.135,1.680
2.46333,66.421,55.963,47.387,28.872,20.710,10.620,6.202,1.730
2.46667,66.469,56.003,47.381,29.000,20.772,10.622,6.200,1.799
2.47000,66.570,56.028,47.530,28.994,20.788,10.615,6.210,1.751
2.47333,66.673,56.153,47.614,28.942,20.820,10.643,6.180,1.739
2.47667,66.811,56.291,47.640,29.123,20.812,10.637,6.186,1.721
2.48000,66.837,56.260,47.660,29.084,20.861,10.617,6.198,1.784
2.48333,66.855,56.348,47.770,29.176,20.877,10.675,6.264,1.732
2.48667,66.911,56.468,47.805,29.106,20.891,10.760,6.212,1.752
2.49000,67.026,56.470,47.848,29.234,20.927,10.675,6.184,1.756
2.49333,67.112,56.597,47.861,29.289,20.899,10.733,6.166,1.686
2.49667,67.202,56.692,47.956,29.272,20.904,10.733,6.238,1.737
2.50000,67.291,56.751,47.967,29.257,20.993,10.763,6.318,1.702
2.50333,67.376,56.766,48.091,29.361,20.980,10.767,6.230,1.769
2.50667,67.445,56.842,48.135,29.416,21.044,10.788,6.262,1.795
2.51000,67.545,57.033,48.214,29.395,21.052,10.740,6.253,1.776
2.51333,67.677,56.982,48.176,29.405,21.096,10.752,6.292,1.785
2.51667,67.695,57.061,48.264,29.570,21.118,10.833,6.305,1.782
2.52000,67.820,57.078,48.368,29.533,21.118,10.828,6.279,1.783
2.52333,67.871,57.183,48.428,29.580,21.152,10.805,6.298,1.769
2.52667,67.959,57.253,48.505,29.585,21.220,10.822,6.255,1.752
2.53000,68.000,57.328,48.543,29.691,21.201,10.826,6.332,1.758
2.53333,68.136,57.341,48.629,29.651,21.233,10.923,6.361,1.732
2.53667,68.160,57.505,48.666,29.684,21.201,10.930,6.305,1.832
2.54000,68.315,57.535,48.755,29.659,21.284,10.940,6.283,1.754
2.54333,68.425,57.563,48.813,29.757,21.317,10.915,6.336,1.725
2.54667,68.463,57.671,48.837,29.834,21.333,10.959,6.367,1.794
2.55000,68.532,57.766,48.905,29.826,21.355,10.909,6.377,1.779
2.55333,68.564,57.771,48.942,29.907,21.366,10.988,6.316,1.874
2.55667,68.685,57.878,49.058,29.850,21.393,11.011,6.306,1.846
2.56000,68.753,57.898,49.076,29.983,21.419,10.994,6.330,1.839
2.56333,68.830,57.978,49.154,30.034,21.446,10.976,6.367,1.795
2.56667,68.938,58.055,49.178,30.121,21.396,11.052,6.375,1.795
2.57000,68.948,58.100,49.238,30.112,21.472,11.033,6.398,1.783
2.57333,69.068,58.190,49.375,30.102,21.485,11.036,6.399,1.808
2.57667,69.133,58.236,49.376,30.131,21.492,10.996,6.456,1.891
2.58000,69.206,58.370,49.405,30.180,21.539,11.047,6.374,1.782
2.58333,69.318,58.435,49.471,30.163,21.609,11.039,6.403,1.812
2.58667,69.325,58.471,49.471,30.239,21.628,11.080,6.445,1.822
2.59000,69.487,58.538,49.575,30.286,21.632,11.107,6.391,1.922
2.59333,69.518,58.649,49.602,30.314,21.675,11.129,6.402,1.804
2.59667,69.667,58.703,49.646,30.487,21.665,11.224,6.431,1.867
2.60000,69.728,58.750,49.737,30.433,21.634,11.138,6.509,1.943
2.60333,69.815,58.816,49.882,30.401,21.741,11.111,6.511,1.917
2.60667,69.871,58.963,49.938,30.455,21.794,11.184,6.438,1.891
2.61000,69.958,59.038,49.910,30.528,21.785,11.202,6.502,1.905
2.61333,70.041,58.978,50.017,30.528,21.800,11.207,6.476,1.870
2.61667,70.187,59.139,50.054,30.564,21.787,11.203,6.489,1.847
2.62000,70.232,59.194,50.194,30.623,21.851,11.260,6.512,1.899
2.62333,70.277,59.206,50.222,30.687,21.907,11.287,6.520,1.905
2.62667,70.343,59.319,50.210,30.757,21.875,11.313,6.565,1.918
2.63000,70.417,59.383,50.309,30.718,21.940,11.313,6.518,1.871
2.63333,70.564,59.501,50.339,30.744,21.919,11.257,6.510,1.888
2.63667,70.640,59.553,50.442,30.797,21.983,11.292,6.588,1.927
2.64000,70.670,59.718,50.518,30.876,21.942,11.261,6.504,1.926
2.64333,70.784,59.628,50.563,30.906,22.034,11.268,6.596,1.874
2.64667,70.873,59.805,50.605,30.872,22.050,11.355,6.581,1.881
2.65000,70.990,59.826,50.660,30.913,22.045,11.275,6.475,1.915
2.65333,71.029,59.918,50.702,30.994,22.087,11.360,6.595,1.914
2.65667,71.048,59.909,50.801,31.019,22.161,11.362,6.504,1.851
2.66000,71.190,60.082,50.897,31.060,22.153,11.382,6.593,1.888
2.66333,71.339,60.093,50.945,31.148,22.223,11.319,6.626,1.923
2.66667,71.390,60.203,50.972,31.100,22.124,11.403,6.564,1.913
2.67000,71.484,60.273,51.069,31.187,22.267,11.439,6.627,1.943
2.67333,71.500,60.259,51.082,31.175,22.260,11.424,6.639,1.912
2.67667,71.639,60.349,51.120,31.237,22.261,11.466,6.656,1.946
2.68000,71.690,60.429,51.220,31.285,22.300,11.426,6.615,1.935
2.68333,71.831,60.601,51.306,31.382,22.317,11.442,6.627,1.937
2.68667,71.852,60.635,51.276,31.399,22.318,11.499,6.660,1.923
2.69000,71.932,60.653,51.357,31.467,22.374,11.548,6.692,1.959
2.69333,72.089,60.678,51.517,31.469,22.357,11.533,6.707,1.934
2.69667,72.111,60.801,51.576,31.494,22.410,11.465,6.707,1.930
2.70000,72.220,60.962,51.547,31.555,22.464,11.552,6.688,1.890
2.70333,72.337,61.027,51.696,31.557,22.482,11.517,6.623,1.952
2.70667,72.362,61.052,51.666,31.540,22.531,11.470,6.748,1.939
2.71000,72.506,61.090,51.771,31.638,22.562,11.624,6.771,2.017
2.71333,72.495,61.232,51.838,31.683,22.589,11.530,6.649,1.935
2.71667,72.694,61.268,51.959,31.742,22.623,11.586,6.686,1.906
2.72000,72.755,61.382,51.947,31.799,22.662,11.595,6.786,1.973
2.72333,72.783,61.391,51.994,31.759,22.643,11.589,6.718,1.996
2.72667,72.807,61.463,51.988,31.798,22.643,11.678,6.753,1.965
2.73000,73.052,61.585,52.154,31.837,22.756,11.690,6.801,1.977
2.73333,73.046,61.723,52.209,31.860,22.703,11.651,6.750,2.022
2.73667,73.135,61.768,52.298,31.965,22.726,11.737,6.816,2.023
2.74000,73.219,61.833,52.313,32.053,22.731,11.735,6.769,2.031
2.74333,73.323,61.947,52.348,32.038,22.864,11.710,6.864,1.964
2.74667,73.397,61.912,52.468,31.987,22.813,11.788,6.821,2.034
2.75000,73.489,61.933,52.430,32.107,22.820,11.813,6.804,2.073
2.75333,73.614,62.084,52.510,32.164,22.938,11.812,6.855,1.979
2.75667,73.652,62.112,52.653,32.195,22.881,11.740,6.767,2.014
2.76000,73.799,62.197,52.654,32.225,22.919,11.805,6.785,2.023
2.76333,73.831,62.304,52.766,32.216,22.976,11.797,6.817,2.052
2.76667,73.860,62.385,52.864,32.300,23.009,11.842,6.834,2.025
2.77000,74.063,62.508,52.897,32.313,23.010,11.938,6.862,2.020
2.77333,74.129,62.525,52.953,32.406,23.046,11.889,6.870,2.030
2.77667,74.169,62.605,52.995,32.465,23.084,11.945,6.926,2.032
2.78000,74.279,62.727,53.081,32.493,23.080,11.820,6.852,1.973
2.78333,74.303,62.795,53.127,32.501,23.079,11.832,6.942,2.024
2.78667,74.508,62.815,53.174,32.586,23.160,11.897,6.908,2.094
2.79000,74.553,62.856,53.287,32.643,23.228,11.952,6.870,2.065
2.79333,74.660,62.946,53.278,32.614,23.132,11.933,6.907,2.062
2.79667,74.768,63.078,53.356,32.662,23.214,11.942,6.888,2.087
2.80000,74.783,63.110,53.480,32.710,23.263,11.951,6.933,2.045
2.80333,74.916,63.209,53.539,32.726,23.317,12.013,6.906,2.057
2.80667,75.011,63.260,53.654,32.813,23.343,12.041,6.984,2.051
2.81000,75.019,63.357,53.656,32.832,23.311,12.007,6.996,2.074
2.81333,75.186,63.407,53.614,32.886,23.302,12.049,6.925,2.013
2.81667,75.255,63.564,53.735,32.938,23.300,12.067,6.943,2.189
2.82000,75.345,63.607,53.811,32.956,23.353,12.084,6.995,2.144
2.82333,75.467,63.641,53.864,32.992,23.444,12.145,7.012,2.072
2.82667,75.491,63.743,53.922,33.021,23.480,12.056,7.022,2.043
2.83000,75.645,63.821,54.030,33.057,23.492,12.131,6.964,2.134
2.83333,75.687,63.922,54.095,33.082,23.500,12.145,6.924,2.121
2.83667,75.741,63.946,54.107,33.134,23.551,12.136,7.033,2.086
2.84000,75.844,64.013,54.149,33.179,23.544,12.113,7.004,2.046
2.84333,76.057,64.145,54.267,33.244,23.650,12.196,7.070,2.135
2.84667,76.108,64.217,54.328,33.223,23.606,12.233,7.029,2.070
2.85000,76.143,64.234,54.439,33.332,23.649,12.195,7.105,2.130
2.85333,76.248,64.327,54.469,33.329,23.672,12.199,7.099,2.127
2.85667,76.357,64.479,54.630,33.329,23.718,12.203,7.116,2.113
2.86000,76.422,64.553,54.576,33.389,23.731,12.243,7.100,2.126
2.86333,76.546,64.470,54.701,33.545,23.758,12.247,7.015,2.152
2.86667,76.602,64.652,54.630,33.517,23.778,12.293,7.112,2.103
2.87000,76.723,64.680,54.792,33.478,23.862,12.293,7.164,2.130
2.87333,76.738,64.793,54.820,33.587,23.823,12.300,7.087,2.185
2.87667,76.807,64.868,54.910,33.645,23.868,12.382,7.098,2.148
2.88000,76.959,64.883,55.001,33.648,23.835,12.353,7.173,2.116
2.88333,77.123,65.007,55.069,33.763,23.903,12.360,7.141,2.252
2.88667,77.121,65.116,55.105,33.781,23.997,12.374,7.166,2.121
2.89000,77.219,65.164,55.185,33.766,23.954,12.363,7.128,2.168
2.89333,77.229,65.280,55.248,33.800,24.031,12.414,7.131,2.142
2.89667,77.344,65.324,55.381,33.817,24.054,12.357,7.106,2.150
2.90000,77.533,65.402,55.463,33.977,24.070,12.411,7.158,2.141
2.90333,77.573,65.503,55.434,33.952,24.106,12.456,7.211,2.156
2.90667,77.653,65.553,55.555,33.991,24.093,12.463,7.163,2.154
2.91000,77.784,65.693,55.583,34.048,24.143,12.515,7.117,2.152
2.91333,77.858,65.734,55.603,34.075,24.218,12.445,7.178,2.192
2.91667,77.949,65.839,55.683,34.125,24.228,12.451,7.227,2.160
2.92000,78.016,65.790,55.866,34.124,24.221,12.538,7.197,2.176
2.92333,78.111,65.960,55.872,34.181,24.340,12.536,7.200,2.174
2.92667,78.141,66.035,55.927,34.317,24.291,12.518,7.212,2.232
2.93000,78.334,66.088,55.965,34.327,24.290,12.554,7.236,2.204
2.93333,78.344,66.283,56.044,34.315,24.284,12.598,7.263,2.181
2.93667,78.458,66.230,56.132,34.345,24.364,12.574,7.308,2.189
2.94000,78.491,66.393,56.132,34.350,24.412,12.564,7.303,2.170
2.94333,78.640,66.512,56.224,34.480,24.443,12.585,7.292,2.186
2.94667,78.801,66.514,56.340,34.533,24.443,12.664,7.300,2.239
2.95000,78.834,66.572,56.385,34.523,24.457,12.612,7.299,2.130
2.95333,78.996,66.663,56.460,34.594,24.471,12.670,7.297,2.237
2.95667,79.044,66.747,56.510,34.598,24.488,12.732,7.329,2.205
2.96000,79.202,66.855,56.574,34.610,24.571,12.699,7.320,2.298
2.96333,79.257,66.944,56.671,34.683,24.567,12.783,7.320,2.213
2.96667,79.378,67.041,56.704,34.752,24.657,12.677,7.313,2.287
2.97000,79.391,67.088,56.826,34.833,24.684,12.724,7.333,2.241
2.97333,79.534,67.187,56.883,34.799,24.704,12.765,7.292,2.248
2.97667,79.581,67.235,56.884,34.988,24.685,12.795,7.426,2.281
2.98000,79.726,67.353,57.000,34.928,24.786,12.795,7.351,2.327
2.98333,79.854,67.365,57.009,34.955,24.726,12.771,7.371,2.257
2.98667,79.923,67.455,57.099,35.013,24.793,12.821,7.341,2.285
2.99000,80.009,67.543,57.166,35.051,24.760,12.810,7.377,2.253
2.99333,80.164,67.618,57.274,35.081,24.797,12.878,7.384,2.259
2.99667,80.190,67.658,57.256,35.108,24.858,12.891,7.395,2.316
3.00000,80.273,67.863,57.355,35.269,24.864,12.912,7.361,2.330
3.00333,80.406,67.906,57.431,35.158,24.922,12.868,7.410,2.233
3.00667,80.394,67.968,57.517,35.218,24.985,12.939,7.461,2.348
3.01000,80.546,68.054,57.614,35.309,24.930,12.968,7.448,2.304
3.01333,80.643,68.073,57.671,35.372,25.027,12.898,7.465,2.244
3.01667,80.811,68.222,57.708,35.351,25.020,12.999,7.470,2.279
3.02000,80.809,68.267,57.790,35.446,25.044,13.019,7.456,2.179
3.02333,80.909,68.387,57.850,35.436,25.069,13.003,7.482,2.296
3.02667,81.043,68.488,57.917,35.483,25.118,12.998,7.407,2.317
3.03000,81.156,68.473,57.998,35.550,25.153,12.962,7.470,2.282
3.03333,81.256,68.640,58.057,35.623,25.170,12.971,7.449,2.306
3.03667,81.229,68.688,58.134,35.661,25.211,12.977,7.486,2.310
3.04000,81.408,68.757,58.149,35.698,25.194,13.070,7.534,2.383
3.04333,81.452,68.851,58.195,35.768,25.276,13.098,7.516,2.314
3.04667,81.576,68.910,58.362,35.745,25.328,13.077,7.530,2.298
3.05000,81.687,69.022,58.401,35.873,25.260,13.102,7.520,2.373
3.05333,81.779,69.043,58.565,35.848,25.350,13.187,7.564,2.374
3.05667,81.922,69.238,58.473,35.885,25.345,13.191,7.536,2.396
3.06000,81.916,69.205,58.591,35.922,25.393,13.161,7.586,2.338
3.06333,82.118,69.340,58.719,36.010,25.430,13.144,7.578,2.388
3.06667,82.141,69.442,58.721,36.020,25.570,13.230,7.559,2.360
3.07000,82.217,69.532,58.814,36.047,25.507,13.207,7.561,2.413
3.07333,82.357,69.552,58.895,36.082,25.532,13.216,7.617,2.281
3.07667,82.476,69.703,58.979,36.084,25.513,13.320,7.598,2.353
3.08000,82.574,69.748,58.986,36.182,25.508,13.323,7.590,2.304
3.08333,82.678,69.869,59.036,36.233,25.634,13.251,7.700,2.354
3.08667,82.716,69.946,59.154,36.272,25.593,13.266,7.619,2.310
3.09000,82.809,69.957,59.221,36.289,25.740,13.336,7.677,2.409
3.09333,82.948,70.059,59.338,36.378,25.746,13.341,7.683,2.372
3.09667,83.083,70.154,59.344,36.439,25.673,13.327,7.618,2.425
3.10000,83.119,70.286,59.418,36.370,25.736,13.332,7.633,2.380
3.10333,83.189,70.285,59.471,36.504,25.710,13.340,7.647,2.344
3.10667,83.313,70.372,59.597,36.521,25.751,13.354,7.674,2.384
3.11000,83.452,70.476,59.558,36.534,25.828,13.449,7.728,2.377
3.11333,83.511,70.609,59.717,36.637,25.900,13.435,7.742,2.402
3.11667,83.617,70.664,59.713,36.617,25.940,13.475,7.748,2.415
3.12000,83.668,70.671,59.866,36.728,25.835,13.545,7.766,2.491
3.12333,83.792,70.832,59.914,36.753,25.903,13.493,7.783,2.412
3.12667,83.900,70.974,60.001,36.809,25.959,13.509,7.767,2.441
3.13000,84.021,70.928,60.110,36.863,26.038,13.436,7.778,2.350
3.13333,84.090,71.051,60.124,36.906,26.031,13.538,7.775,2.416
3.13667,84.255,71.171,60.209,36.866,26.067,13.537,7.817,2.409
3.14000,84.298,71.230,60.237,37.013,26.090,13.556,7.780,2.446
3.14333,84.385,71.317,60.398,37.051,26.147,13.558,7.834,2.403
3.14667,84.510,71.400,60.460,37.036,26.165,13.559,7.807,2.435
3.15000,84.597,71.531,60.506,37.139,26.203,13.600,7.799,2.462
3.15333,84.715,71.565,60.545,37.174,26.179,13.640,7.804,2.430
3.15667,84.725,71.690,60.581,37.182,26.223,13.590,7.864,2.465
3.16000,84.864,71.716,60.687,37.204,26.272,13.637,7.858,2.455
3.16333,84.961,71.851,60.709,37.256,26.298,13.679,7.803,2.469
3.16667,85.078,71.880,60.815,37.295,26.367,13.683,7.938,2.481
3.17000,85.148,71.991,60.917,37.418,26.369,13.687,7.905,2.495
3.17333,85.282,72.089,60.981,37.435,26.409,13.747,7.807,2.403
3.17667,85.322,72.178,61.002,37.487,26.396,13.745,7.859,2.493
3.18000,85.478,72.244,61.096,37.491,26.406,13.748,7.871,2.495
3.18333,85.583,72.267,61.241,37.608,26.493,13.785,7.866,2.510
3.18667,85.693,72.444,61.268,37.622,26.516,13.760,7.878,2.468
3.19000,85.730,72.500,61.342,37.656,26.612,13.800,7.924,2.526
3.19333,85.822,72.593,61.346,37.674,26.574,13.852,7.916,2.498
3.19667,85.979,72.673,61.493,37.766,26.566,13.821,7.916,2.499
3.20000,86.106,72.738,61.627,37.728,26.646,13.810,7.954,2.520
3.20333,86.188,72.838,61.689,37.790,26.687,13.874,7.941,2.494
3.20667,86.265,72.843,61.742,37.846,26.681,13.848,7.901,2.559
3.21000,86.363,72.952,61.688,37.863,26.683,13.885,7.995,2.589
3.21333,86.465,73.050,61.780,37.921,26.719,13.800,8.023,2.485
3.21667,86.530,73.194,61.932,38.010,26.707,13.957,7.954,2.531
3.22000,86.655,73.309,61.981,38.051,26.829,13.902,7.943,2.536
3.22333,86.779,73.336,62.075,38.072,26.824,13.936,8.013,2.528
3.22667,86.899,73.425,62.144,38.129,26.906,13.923,8.086,2.538
3.23000,86.969,73.500,62.225,38.129,26.931,13.950,7.998,2.542
3.23333,87.033,73.633,62.275,38.266,26.924,13.975,7.984,2.555
3.23667,87.149,73.644,62.389,38.261,27.021,13.993,8.021,2.543
3.24000,87.266,73.779,62.423,38.357,27.036,14.067,8.028,2.454
3.24333,87.294,73.911,62.546,38.381,26.972,14.048,7.985,2.553
3.24667,87.434,73.936,62.577,38.365,27.060,14.021,8.052,2.505
3.25000,87.570,74.029,62.597,38.439,27.069,14.107,8.076,2.564
3.25333,87.625,74.171,62.734,38.527,27.069,14.087,8.067,2.563
3.25667,87.755,74.182,62.742,38.496,27.177,14.181,8.158,2.548
3.26000,87.923,74.315,62.939,38.591,27.226,14.090,8.123,2.592
3.26333,88.008,74.395,62.926,38.646,27.230,14.181,8.110,2.613
3.26667,88.041,74.411,62.977,38.737,27.256,14.264,8.070,2.592
3.27000,88.185,74.548,63.059,38.709,27.283,14.217,8.132,2.567
3.27333,88.260,74.681,63.190,38.690,27.254,14.212,8.127,2.565
3.27667,88.332,74.679,63.196,38.825,27.275,14.253,8.178,2.585
3.28000,88.476,74.793,63.282,38.851,27.350,14.173,8.175,2.571
3.28333,88.598,74.942,63.321,38.906,27.373,14.280,8.175,2.565
3.28667,88.688,75.021,63.458,38.929,27.399,14.349,8.170,2.585
3.29000,88.724,75.104,63.554,39.014,27.434,14.267,8.204,2.627
3.29333,88.922,75.191,63.538,39.074,27.511,14.343,8.194,2.690
3.29667,89.015,75.269,63.661,39.042,27.526,14.326,8.230,2.562
3.30000,89.041,75.319,63.747,39.149,27.556,14.409,8.250,2.636
3.30333,89.214,75.456,63.825,39.162,27.550,14.309,8.232,2.608
3.30667,89.347,75.534,63.857,39.208,27.594,14.355,8.224,2.605
3.31000,89.409,75.546,63.973,39.262,27.679,14.406,8.238,2.655
3.31333,89.474,75.732,64.102,39.294,27.737,14.397,8.314,2.646
3.31667,89.654,75.758,64.106,39.387,27.682,14.441,8.253,2.706
3.32000,89.676,75.886,64.261,39.415,27.724,14.421,8.245,2.606
3.32333,89.807,75.953,64.266,39.526,27.760,14.497,8.247,2.700
3.32667,89.869,76.023,64.305,39.485,27.815,14.455,8.269,2.700
3.33000,90.020,76.117,64.475,39.528,27.831,14.546,8.306,2.663
3.33333,90.100,76.181,64.484,39.633,27.799,14.501,8.324,2.656
3.33667,90.193,76.273,64.453,39.627,27.875,14.549,8.316,2.688
3.34000,90.323,76.399,64.655,39.708,27.912,14.573,8.309,2.640
3.34333,90.461,76.539,64.659,39.705,27.916,14.593,8.337,2.618
3.34667,90.490,76.580,64.769,39.726,27.973,14.578,8.374,2.649
3.35000,90.557,76.672,64.900,39.798,27.902,14.602,8.293,2.660
3.35333,90.725,76.783,64.917,39.842,28.021,14.707,8.355,2.645
3.35667,90.827,76.760,65.002,39.913,28.029,14.624,8.366,2.700
3.36000,90.946,76.911,65.058,39.992,28.053,14.647,8.369,2.684
3.36333,90.978,77.014,65.083,40.030,28.157,14.686,8.418,2.772
3.36667,91.095,77.053,65.174,40.089,28.215,14.699,8.407,2.706
3.37000,91.225,77.152,65.281,40.101,28.198,14.726,8.416,2.674
3.37333,91.403,77.292,65.382,40.196,28.238,14.594,8.412,2.723
3.37667,91.502,77.381,65.439,40.287,28.308,14.706,8.395,2.691
3.38000,91.600,77.410,65.509,40.235,28.236,14.785,8.403,2.725
3.38333,91.712,77.615,65.599,40.287,28.355,14.790,8.415,2.782
3.38667,91.746,77.636,65.674,40.306,28.372,14.791,8.447,2.751
3.39000,91.894,77.722,65.740,40.405,28.426,14.858,8.484,2.774
3.39333,92.019,77.785,65.849,40.424,28.400,14.861,8.429,2.689
3.39667,92.044,77.919,65.901,40.481,28.482,14.855,8.504,2.740
3.40000,92.142,78.045,65.962,40.546,28.399,14.867,8.490,2.743
3.40333,92.324,78.065,66.056,40.553,28.549,14.900,8.523,2.808
3.40667,92.374,78.184,66.125,40.628,28.580,14.962,8.476,2.782
3.41000,92.556,78.230,66.240,40.654,28.567,14.916,8.546,2.810
3.41333,92.664,78.361,66.286,40.755,28.615,14.919,8.523,2.813
3.41667,92.712,78.455,66.340,40.740,28.583,14.869,8.585,2.781
3.42000,92.787,78.563,66.416,40.814,28.651,14.965,8.561,2.804
3.42333,92.915,78.630,66.441,40.883,28.737,14.965,8.554,2.783
3.42667,93.045,78.760,66.567,40.932,28.690,14.960,8.563,2.802
3.43000,93.113,78.853,66.612,41.026,28.807,14.997,8.558,2.762
3.43333,93.317,78.894,66.780,41.062,28.871,15.010,8.597,2.856
3.43667,93.349,78.987,66.839,41.070,28.844,15.138,8.603,2.762
3.44000,93.486,79.092,66.908,41.132,28.891,15.036,8.608,2.773
3.44333,93.568,79.151,66.963,41.142,28.855,15.035,8.670,2.784
3.44667,93.675,79.281,67.011,41.249,28.920,15.089,8.659,2.768
3.45000,93.797,79.321,67.123,41.281,28.961,15.093,8.636,2.736
3.45333,93.909,79.437,67.188,41.342,28.934,15.158,8.624,2.777
3.45667,93.985,79.524,67.229,41.340,29.082,15.140,8.642,2.788
3.46000,94.046,79.627,67.313,41.396,29.052,15.211,8.631,2.861
3.46333,94.250,79.647,67.479,41.471,29.148,15.211,8.653,2.844
3.46667,94.307,79.819,67.498,41.453,29.126,15.226,8.666,2.809
3.47000,94.383,79.871,67.514,41.557,29.194,15.223,8.645,2.853
3.47333,94.415,79.950,67.613,41.558,29.273,15.219,8.699,2.885
3.47667,94.624,80.041,67.704,41.693,29.269,15.258,8.708,2.850
3.48000,94.781,80.176,67.767,41.708,29.209,15.339,8.742,2.884
3.48333,94.843,80.226,67.912,41.732,29.226,15.235,8.735,2.800
3.48667,94.978,80.363,67.938,41.783,29.293,15.307,8.763,2.873
3.49000,95.095,80.465,68.044,41.824,29.419,15.338,8.726,2.875
3.49333,95.144,80.492,68.118,41.893,29.332,15.422,8.841,2.861
3.49667,95.228,80.612,68.277,41.938,29.403,15.375,8.792,2.892
3.50000,95.364,80.689,68.311,41.966,29.414,15.377,8.727,2.899
3.50333,95.436,80.769,68.388,41.997,29.480,15.391,8.810,2.866
3.50667,95.563,80.850,68.410,42.027,29.487,15.448,8.766,2.888
3.51000,95.689,80.951,68.548,42.087,29.513,15.426,8.837,2.924
3.51333,95.765,81.050,68.554,42.132,29.480,15.489,8.829,2.900
3.51667,95.896,81.260,68.637,42.160,29.586,15.479,8.877,2.911
3.52000,95.957,81.231,68.669,42.251,29.558,15.517,8.836,2.966
3.52333,96.110,81.421,68.840,42.343,29.667,15.500,8.854,2.955
3.52667,96.277,81.433,68.905,42.320,29.654,15.540,8.880,2.907
3.53000,96.375,81.489,69.007,42.325,29.751,15.511,8.944,2.909
3.53333,96.494,81.622,68.987,42.517,29.749,15.575,8.836,2.931
3.53667,96.529,81.732,69.126,42.493,29.756,15.612,8.846,2.984
3.54000,96.696,81.844,69.229,42.515,29.780,15.524,8.847,2.944
3.54333,96.756,81.935,69.248,42.612,29.859,15.602,8.983,2.943
3.54667,96.942,82.027,69.392,42.643,29.928,15.698,8.938,2.932
3.55000,96.882,82.072,69.481,42.671,29.926,15.728,8.856,2.960
3.55333,97.115,82.213,69.543,42.725,29.957,15.709,9.006,2.953
3.55667,97.236,82.288,69.554,42.799,30.005,15.702,8.951,2.979
3.56000,97.262,82.355,69.633,42.792,30.095,15.693,8.924,2.994
3.56333,97.368,82.500,69.707,42.906,30.005,15.715,8.900,2.983
3.56667,97.532,82.565,69.793,42.974,30.104,15.761,8.983,3.022
3.57000,97.667,82.622,69.938,42.941,30.100,15.767,9.027,2.995
3.57333,97.703,82.704,69.967,42.995,30.152,15.762,8.938,2.931
3.57667,97.894,82.885,70.033,43.118,30.190,15.773,8.981,3.009
3.58000,98.039,82.966,70.194,43.174,30.205,15.865,9.003,2.941
3.58333,98.076,83.032,70.190,43.183,30.183,15.864,9.012,2.974
3.58667,98.160,83.137,70.307,43.234,30.294,15.809,9.018,2.949
3.59000,98.238,83.198,70.331,43.351,30.357,15.816,9.019,2.934
3.59333,98.380,83.291,70.491,43.363,30.362,15.883,9.036,3.025
3.59667,98.555,83.393,70.502,43.458,30.386,15.887,8.974,3.033
3.60000,98.621,83.527,70.640,43.506,30.377,15.932,9.148,3.053
3.60333,98.711,83.592,70.704,43.481,30.431,15.986,9.089,3.020
3.60667,98.841,83.689,70.813,43.515,30.470,15.901,9.105,2.992
3.61000,98.945,83.804,70.823,43.610,30.498,15.973,9.064,3.045
3.61333,99.065,83.856,70.917,43.669,30.597,15.954,9.153,3.044
3.61667,99.179,83.917,70.993,43.673,30.594,16.000,9.065,3.064
3.62000,99.285,84.027,71.055,43.735,30.606,16.008,9.105,2.976
3.62333,99.429,84.164,71.169,43.840,30.659,16.064,9.187,3.029
3.62667,99.505,84.249,71.283,43.849,30.706,16.069,9.147,2.982
3.63000,99.571,84.327,71.329,43.926,30.727,16.067,9.182,2.994
3.63333,99.726,84.470,71.448,43.906,30.745,16.111,9.110,3.071
3.63667,99.792,84.544,71.496,44.012,30.776,16.240,9.188,3.057
3.64000,99.911,84.608,71.631,44.112,30.844,16.153,9.217,3.072
3.64333,100.060,84.714,71.618,44.112,30.840,16.161,9.171,3.154
3.64667,100.225,84.754,71.705,44.188,30.857,16.188,9.225,3.041
3.65000,100.307,84.864,71.851,44.242,30.888,16.206,9.183,3.079
3.65333,100.433,85.049,71.880,44.174,30.929,16.234,9.261,3.063
3.65667,100.492,85.131,71.982,44.281,30.983,16.255,9.281,3.087
3.66000,100.615,85.185,72.018,44.311,31.007,16.323,9.220,3.132
3.66333,100.704,85.309,72.153,44.375,31.003,16.297,9.318,3.046
3.66667,100.820,85.382,72.171,44.429,31.061,16.292,9.321,3.159
3.67000,100.962,85.530,72.322,44.429,31.103,16.282,9.273,3.100
3.67333,101.045,85.555,72.403,44.494,31.088,16.316,9.334,3.163
3.67667,101.216,85.650,72.452,44.581,31.208,16.349,9.294,3.093
3.68000,101.256,85.801,72.515,44.597,31.203,16.332,9.321,3.073
3.68333,101.388,85.816,72.557,44.602,31.262,16.445,9.326,3.019
3.68667,101.504,85.967,72.666,44.780,31.280,16.399,9.303,3.095
3.69000,101.649,86.089,72.750,44.825,31.327,16.475,9.337,3.125
3.69333,101.695,86.164,72.830,44.848,31.355,16.467,9.294,3.119
3.69667,101.792,86.219,72.924,44.883,31.331,16.482,9.405,3.150
3.70000,101.953,86.289,73.026,44.925,31.379,16.499,9.390,3.133
3.70333,102.060,86.459,73.065,45.012,31.451,16.494,9.330,3.124
3.70667,102.122,86.492,73.154,45.094,31.414,16.537,9.453,3.154
3.71000,102.249,86.605,73.230,45.063,31.492,16.522,9.367,3.206
3.71333,102.372,86.781,73.292,45.181,31.558,16.603,9.453,3.138
3.71667,102.520,86.782,73.418,45.220,31.538,16.526,9.399,3.229
3.72000,102.691,86.847,73.426,45.296,31.581,16.578,9.468,3.109
3.72333,102.753,87.044,73.550,45.288,31.623,16.568,9.489,3.148
3.72667,102.842,87.100,73.621,45.317,31.695,16.639,9.511,3.160
3.73000,102.942,87.244,73.813,45.435,31.710,16.613,9.488,3.189
3.73333,103.050,87.249,73.788,45.474,31.845,16.662,9.499,3.191
3.73667,103.180,87.418,73.875,45.505,31.746,16.690,9.454,3.154
3.74000,103.260,87.500,73.952,45.517,31.794,16.689,9.491,3.259
3.74333,103.389,87.639,74.095,45.558,31.882,16.648,9.584,3.149
3.74667,103.405,87.740,74.078,45.621,31.882,16.778,9.482,3.193
3.75000,103.573,87.827,74.252,45.672,31.893,16.745,9.535,3.145
3.75333,103.695,87.850,74.295,45.765,31.963,16.688,9.512,3.205
3.75667,103.856,87.962,74.407,45.784,31.984,16.788,9.604,3.214
3.76000,103.940,88.093,74.462,45.804,32.078,16.760,9.570,3.193
3.76333,104.131,88.099,74.508,45.921,32.029,16.924,9.570,3.275
3.76667,104.121,88.225,74.620,45.963,32.087,16.812,9.559,3.275
3.77000,104.275,88.373,74.769,45.962,32.119,16.845,9.625,3.220
3.77333,104.400,88.459,74.772,46.079,32.146,16.824,9.542,3.228
3.77667,104.535,88.521,74.873,46.005,32.127,16.882,9.678,3.257
3.78000,104.642,88.652,74.957,46.142,32.262,16.933,9.600,3.302
3.78333,104.791,88.750,75.061,46.214,32.284,16.978,9.615,3.234
3.78667,104.798,88.874,75.067,46.302,32.285,16.995,9.685,3.251
3.79000,104.950,88.959,75.232,46.279,32.365,16.987,9.644,3.240
3.79333,105.085,88.988,75.295,46.347,32.339,16.962,9.599,3.243
3.79667,105.262,89.140,75.318,46.466,32.368,16.992,9.596,3.274
3.80000,105.298,89.187,75.441,46.490,32.443,17.023,9.654,3.290
3.80333,105.459,89.327,75.516,46.539,32.468,17.038,9.682,3.327
3.80667,105.555,89.380,75.668,46.571,32.432,17.070,9.656,3.312
3.81000,105.662,89.533,75.695,46.653,32.514,17.069,9.762,3.283
3.81333,105.735,89.576,75.807,46.629,32.577,17.118,9.693,3.314
3.81667,105.922,89.677,75.775,46.712,32.609,17.130,9.708,3.287
3.82000,105.987,89.827,75.922,46.730,32.605,17.106,9.736,3.310
3.82333,106.134,89.916,75.991,46.896,32.722,17.188,9.732,3.281
3.82667,106.285,89.967,76.118,46.891,32.707,17.197,9.732,3.310
3.83000,106.313,90.150,76.214,46.906,32.788,17.194,9.783,3.380
3.83333,106.453,90.219,76.236,46.966,32.796,17.221,9.790,3.309
3.83667,106.543,90.325,76.351,47.055,32.825,17.277,9.789,3.330
3.84000,106.713,90.423,76.440,47.073,32.792,17.272,9.804,3.361
3.84333,106.795,90.498,76.487,47.166,32.848,17.248,9.767,3.320
3.84667,106.869,90.603,76.605,47.141,32.922,17.282,9.817,3.331
3.85000,107.056,90.683,76.651,47.229,32.967,17.249,9.823,3.378
3.85333,107.175,90.772,76.715,47.275,32.984,17.311,9.854,3.315
3.85667,107.204,90.882,76.841,47.343,33.076,17.294,9.813,3.382
3.86000,107.324,91.023,76.981,47.372,33.065,17.332,9.906,3.335
3.86333,107.515,91.112,76.987,47.417,33.076,17.413,9.903,3.360
3.86667,107.646,91.198,77.110,47.501,33.140,17.387,9.881,3.361
3.87000,107.722,91.259,77.207,47.571,33.144,17.439,9.954,3.368
3.87333,107.793,91.453,77.233,47.630,33.204,17.390,9.932,3.329
3.87667,108.008,91.506,77.312,47.662,33.215,17.441,9.906,3.455
3.88000,108.055,91.600,77.401,47.736,33.269,17.491,9.928,3.443
3.88333,108.172,91.700,77.499,47.747,33.322,17.554,9.936,3.419
3.88667,108.330,91.840,77.640,47.812,33.327,17.454,9.950,3.377
3.89000,108.411,91.882,77.669,47.888,33.303,17.603,9.921,3.481
3.89333,108.554,91.983,77.813,47.884,33.436,17.558,9.946,3.445
3.89667,108.576,92.068,77.833,48.035,33.466,17.610,9.917,3.425
3.90000,108.723,92.247,77.927,48.041,33.479,17.609,10.053,3.450
3.90333,108.897,92.285,77.941,48.110,33.487,17.600,9.949,3.393
3.90667,108.960,92.364,78.073,48.101,33.570,17.593,9.981,3.425
3.91000,109.066,92.492,78.167,48.170,33.537,17.591,10.085,3.468
3.91333,109.216,92.610,78.236,48.268,33.563,17.691,10.066,3.474
3.91667,109.365,92.622,78.311,48.274,33.633,17.699,10.066,3.378
3.92000,109.440,92.721,78.447,48.345,33.648,17.740,10.043,3.403
3.92333,109.547,92.856,78.568,48.401,33.752,17.821,10.050,3.391
3.92667,109.652,92.946,78.596,48.450,33.746,17.820,10.023,3.459
3.93000,109.802,93.090,78.722,48.444,33.767,17.739,10.116,3.490
3.93333,109.916,93.128,78.736,48.535,33.831,17.832,10.062,3.443
3.93667,110.058,93.203,78.858,48.620,33.887,17.826,10.109,3.439
3.94000,110.151,93.335,78.867,48.713,33.893,17.877,10.145,3.440
3.94333,110.284,93.441,78.904,48.765,33.902,17.886,10.113,3.524
3.94667,110.399,93.547,79.142,48.717,33.984,17.895,10.137,3.444
3.95000,110.437,93.702,79.241,48.783,33.931,17.869,10.170,3.513
3.95333,110.636,93.718,79.269,48.806,33.998,17.924,10.212,3.458
3.95667,110.717,93.820,79.345,48.963,34.045,17.939,10.181,3.410
3.96000,110.865,93.934,79.413,48.980,34.028,17.976,10.179,3.465
3.96333,110.944,94.037,79.479,48.987,34.113,17.964,10.202,3.502
3.96667,111.049,94.139,79.593,49.042,34.188,18.010,10.183,3.490
3.97000,111.150,94.300,79.646,49.103,34.175,18.059,10.287,3.534
3.97333,111.266,94.345,79.844,49.124,34.178,18.054,10.184,3.545
3.97667,111.516,94.411,79.858,49.226,34.256,18.032,10.271,3.532
3.98000,111.489,94.555,79.912,49.280,34.307,17.975,10.230,3.517
3.98333,111.672,94.703,80.002,49.281,34.334,18.089,10.233,3.535
3.98667,111.837,94.726,80.054,49.321,34.346,18.082,10.311,3.568
3.99000,111.845,94.854,80.188,49.417,34.377,18.121,10.268,3.522
3.99333,111.959,94.941,80.271,49.434,34.435,18.148,10.271,3.541
3.99667,112.099,95.077,80.360,49.540,34.462,18.175,10.273,3.537
4.00000,112.255,95.153,80.440,49.592,34.562,18.199,10.297,3.523
4.00333,112.398,95.271,80.522,49.670,34.586,18.210,10.288,3.587
4.00667,112.462,95.314,80.611,49.710,34.614,18.224,10.335,3.599
4.01000,112.632,95.459,80.703,49.777,34.576,18.261,10.397,3.594
4.01333,112.714,95.565,80.732,49.829,34.672,18.199,10.361,3.555
4.01667,112.848,95.694,80.827,49.838,34.734,18.264,10.333,3.550
4.02000,112.987,95.760,81.001,49.938,34.651,18.341,10.412,3.593
4.02333,113.065,95.912,81.076,49.975,34.763,18.315,10.404,3.563
4.02667,113.145,95.979,81.070,49.995,34.770,18.358,10.355,3.641
4.03000,113.294,96.093,81.186,50.037,34.804,18.301,10.396,3.612
4.03333,113.425,96.160,81.273,50.156,34.807,18.417,10.411,3.660
4.03667,113.591,96.272,81.274,50.177,34.847,18.364,10.479,3.589
4.04000,113.629,96.396,81.495,50.253,34.975,18.450,10.418,3.562
4.04333,113.731,96.478,81.492,50.211,35.022,18.466,10.443,3.632
4.04667,113.917,96.617,81.682,50.383,34.958,18.404,10.521,3.673
4.05000,114.007,96.651,81.703,50.351,35.044,18.516,10.406,3.594
4.05333,114.117,96.744,81.800,50.433,35.062,18.482,10.479,3.613
4.05667,114.249,96.860,81.859,50.449,35.154,18.525,10.477,3.644
4.06000,114.365,96.985,81.915,50.596,35.103,18.569,10.565,3.673
4.06333,114.433,96.985,82.055,50.595,35.184,18.549,10.482,3.664
4.06667,114.613,97.189,82.127,50.701,35.224,18.542,10.496,3.643
4.07000,114.699,97.316,82.248,50.695,35.213,18.618,10.543,3.677
4.07333,114.838,97.360,82.307,50.741,35.284,18.658,10.538,3.678
4.07667,114.936,97.470,82.329,50.821,35.295,18.630,10.536,3.673
4.08000,115.054,97.543,82.428,50.889,35.378,18.711,10.638,3.623
4.08333,115.176,97.654,82.529,50.881,35.485,18.643,10.548,3.667
4.08667,115.292,97.769,82.716,50.974,35.422,18.713,10.579,3.649
4.09000,115.465,97.872,82.717,51.028,35.446,18.700,10.622,3.604
4.09333,115.508,98.026,82.821,51.059,35.466,18.685,10.622,3.752
4.09667,115.634,98.035,82.852,51.136,35.498,18.754,10.587,3.687
4.10000,115.747,98.220,82.987,51.202,35.596,18.754,10.611,3.711
4.10333,115.910,98.301,83.152,51.247,35.601,18.783,10.643,3.706
4.10667,115.955,98.399,83.200,51.332,35.642,18.798,10.643,3.792
4.11000,116.075,98.487,83.309,51.381,35.673,18.766,10.662,3.646
4.11333,116.276,98.558,83.363,51.393,35.728,18.910,10.702,3.710
4.11667,116.385,98.742,83.425,51.482,35.757,18.889,10.645,3.718
4.12000,116.524,98.806,83.484,51.546,35.836,18.919,10.696,3.762
4.12333,116.596,98.862,83.589,51.578,35.889,18.902,10.722,3.667
4.12667,116.723,98.954,83.682,51.597,35.862,18.966,10.686,3.679
4.13000,116.802,99.077,83.706,51.731,35.853,18.904,10.723,3.764
4.13333,116.961,99.260,83.822,51.718,35.942,18.915,10.709,3.727
4.13667,117.062,99.302,83.925,51.736,36.023,18.990,10.729,3.725
4.14000,117.190,99.377,84.042,51.863,35.979,19.022,10.784,3.746
4.14333,117.328,99.431,84.136,51.853,36.022,19.069,10.739,3.766
4.14667,117.406,99.589,84.194,51.955,36.076,19.036,10.813,3.796
4.15000,117.529,99.737,84.288,52.062,36.173,19.036,10.759,3.774
4.15333,117.646,99.824,84.442,52.054,36.182,19.042,10.821,3.696
4.15667,117.849,99.903,84.439,52.148,36.208,19.108,10.796,3.783
4.16000,117.937,100.055,84.492,52.164,36.268,19.174,10.803,3.819
4.16333,118.027,100.101,84.625,52.237,36.222,19.123,10.809,3.856
4.16667,118.158,100.248,84.601,52.187,36.281,19.168,10.777,3.756
4.17000,118.301,100.356,84.808,52.303,36.265,19.242,10.812,3.763
4.17333,118.351,100.436,84.890,52.400,36.380,19.154,10.911,3.816
4.17667,118.511,100.512,84.977,52.427,36.428,19.205,10.853,3.842
4.18000,118.659,100.642,85.045,52.473,36.470,19.238,10.922,3.842
4.18333,118.755,100.745,85.108,52.524,36.424,19.316,10.929,3.789
4.18667,118.833,100.830,85.218,52.593,36.507,19.267,10.886,3.860
4.19000,119.035,100.986,85.311,52.594,36.562,19.319,10.869,3.824
4.19333,119.138,101.052,85.372,52.700,36.540,19.324,10.893,3.876
4.19667,119.275,101.115,85.483,52.732,36.587,19.304,10.869,3.855
4.20000,119.323,101.221,85.588,52.797,36.686,19.376,10.996,3.867
4.20333,119.520,101.344,85.624,52.851,36.692,19.380,10.990,3.802
4.20667,119.539,101.424,85.687,52.942,36.753,19.419,10.974,3.828
4.21000,119.672,101.570,85.863,53.004,36.727,19.435,10.952,3.898
4.21333,119.851,101.657,85.883,53.002,36.731,19.424,11.016,3.809
4.21667,119.956,101.725,85.956,53.094,36.803,19.407,11.036,3.858
4.22000,120.059,101.857,86.125,53.118,36.899,19.476,10.986,3.912
4.22333,120.149,101.952,86.188,53.187,36.855,19.459,11.055,3.876
4.22667,120.297,102.011,86.284,53.244,36.940,19.469,11.053,3.844
4.23000,120.427,102.173,86.302,53.270,37.043,19.587,11.074,3.890
4.23333,120.627,102.225,86.438,53.346,37.043,19.633,11.074,3.914
4.23667,120.752,102.372,86.491,53.425,37.055,19.611,11.114,3.926
4.24000,120.851,102.489,86.598,53.430,37.056,19.583,11.066,3.878
4.24333,120.913,102.572,86.734,53.478,37.109,19.601,11.124,3.877
4.24667,120.994,102.724,86.733,53.618,37.216,19.605,11.105,3.952
4.25000,121.172,102.722,86.888,53.615,37.210,19.637,11.125,3.925
4.25333,121.262,102.932,86.892,53.664,37.242,19.674,11.222,3.916
4.25667,121.403,102.984,86.990,53.741,37.273,19.713,11.114,3.912
4.26000,121.489,103.097,87.120,53.778,37.336,19.760,11.204,3.868
4.26333,121.648,103.193,87.259,53.800,37.343,19.724,11.159,3.915
4.26667,121.815,103.242,87.185,53.897,37.413,19.735,11.182,3.884
4.27000,121.876,103.408,87.379,53.929,37.401,19.799,11.210,3.969
4.27333,122.005,103.484,87.493,54.051,37.422,19.853,11.193,3.892
4.27667,122.123,103.631,87.525,54.091,37.505,19.858,11.186,3.987
4.28000,122.255,103.662,87.641,54.099,37.546,19.807,11.193,3.976
4.28333,122.361,103.828,87.697,54.186,37.648,19.845,11.206,3.950
4.28667,122.489,103.880,87.797,54.266,37.577,19.871,11.156,3.996
4.29000,122.615,104.023,87.933,54.288,37.699,19.866,11.262,4.023
4.29333,122.705,104.080,87.993,54.310,37.638,19.911,11.198,4.019
4.29667,122.887,104.230,88.090,54.367,37.683,19.966,11.270,4.015
4.30000,122.918,104.375,88.170,54.406,37.767,19.928,11.368,4.007
4.30333,123.031,104.373,88.269,54.485,37.769,20.014,11.296,3.969
4.30667,123.227,104.453,88.345,54.549,37.829,20.027,11.292,3.923
4.31000,123.332,104.620,88.411,54.587,37.929,19.968,11.272,4.005
4.31333,123.517,104.756,88.518,54.612,37.884,20.048,11.302,4.064
4.31667,123.587,104.820,88.590,54.746,37.899,20.072,11.275,4.025
4.32000,123.708,104.902,88.694,54.763,38.015,20.079,11.315,4.069
4.32333,123.785,105.051,88.818,54.798,37.956,20.088,11.348,4.067
4.32667,123.884,105.164,88.905,54.804,38.078,20.121,11.349,3.994
4.33000,124.020,105.273,89.009,54.916,38.085,20.079,11.377,4.016
4.33333,124.184,105.349,89.022,54.975,38.107,20.130,11.391,4.063
4.33667,124.308,105.474,89.146,55.059,38.167,20.157,11.383,4.051
4.34000,124.417,105.544,89.246,55.086,38.161,20.198,11.454,4.041
4.34333,124.597,105.648,89.295,55.156,38.227,20.212,11.416,4.014
4.34667,124.687,105.770,89.378,55.163,38.215,20.217,11.388,4.120
4.35000,124.785,105.884,89.455,55.264,38.315,20.254,11.366,4.068
4.35333,124.960,105.961,89.580,55.294,38.314,20.226,11.382,4.077
4.35667,125.010,106.070,89.665,55.434,38.449,20.262,11.484,4.079
4.36000,125.153,106.190,89.766,55.392,38.382,20.309,11.437,4.037
4.36333,125.310,106.277,89.881,55.533,38.414,20.338,11.460,4.066
4.36667,125.346,106.413,89.877,55.499,38.475,20.341,11.449,4.076
4.37000,125.479,106.444,89.983,55.594,38.549,20.388,11.483,4.123
4.37333,125.600,106.642,90.084,55.590,38.539,20.469,11.543,4.119
4.37667,125.719,106.647,90.181,55.703,38.606,20.413,11.418,4.142
4.38000,125.859,106.814,90.299,55.757,38.656,20.500,11.567,4.074
4.38333,126.006,106.933,90.363,55.728,38.735,20.482,11.510,4.147
4.38667,126.109,107.066,90.432,55.867,38.676,20.485,11.525,4.104
4.39000,126.268,107.124,90.532,55.998,38.712,20.515,11.531,4.075
4.39333,126.364,107.284,90.641,55.959,38.727,20.516,11.602,4.130
4.39667,126.506,107.357,90.728,56.038,38.776,20.575,11.570,4.069
4.40000,126.551,107.444,90.804,56.062,38.868,20.547,11.613,4.061
4.40333,126.710,107.599,90.890,56.122,38.827,20.580,11.634,4.125
4.40667,126.883,107.622,90.980,56.120,38.935,20.578,11.679,4.128
4.41000,126.946,107.795,91.095,56.237,38.945,20.561,11.632,4.126
4.41333,127.125,107.837,91.148,56.323,39.072,20.633,11.616,4.155
4.41667,127.227,107.915,91.203,56.379,39.034,20.689,11.697,4.203
4.42000,127.348,108.059,91.242,56.421,39.011,20.750,11.605,4.207
4.42333,127.446,108.158,91.418,56.465,39.041,20.669,11.709,4.128
4.42667,127.563,108.316,91.508,56.507,39.098,20.695,11.730,4.196
4.43000,127.666,108.380,91.543,56.566,39.190,20.761,11.665,4.149
4.43333,127.803,108.515,91.627,56.603,39.194,20.814,11.752,4.175
4.43667,127.987,108.619,91.716,56.699,39.277,20.748,11.668,4.184
4.44000,128.109,108.679,91.799,56.746,39.260,20.763,11.702,4.212
4.44333,128.210,108.829,91.946,56.797,39.367,20.788,11.758,4.181
4.44667,128.313,108.902,91.992,56.773,39.327,20.844,11.727,4.147
4.45000,128.472,108.996,92.114,56.870,39.407,20.865,11.811,4.186
4.45333,128.531,109.081,92.209,56.998,39.481,20.844,11.787,4.212
4.45667,128.677,109.283,92.244,57.012,39.446,20.954,11.722,4.154
4.46000,128.802,109.288,92.360,57.066,39.468,20.915,11.757,4.170
4.46333,128.972,109.410,92.450,57.058,39.542,20.944,11.809,4.249
4.46667,129.089,109.519,92.529,57.107,39.582,20.999,11.838,4.252
4.47000,129.132,109.608,92.634,57.259,39.604,20.935,11.851,4.226
4.47333,129.270,109.775,92.716,57.274,39.674,20.953,11.806,4.235
4.47667,129.391,109.848,92.843,57.339,39.638,20.978,11.798,4.199
4.48000,129.506,109.927,92.934,57.374,39.748,21.015,11.905,4.240
4.48333,129.630,109.990,92.975,57.439,39.731,21.074,11.885,4.247
4.48667,129.814,110.088,93.081,57.553,39.778,21.080,11.830,4.280
4.49000,129.903,110.296,93.176,57.564,39.812,21.055,11.891,4.296
4.49333,130.007,110.366,93.203,57.626,39.922,21.156,11.925,4.290
4.49667,130.114,110.502,93.288,57.731,39.894,21.183,11.935,4.238
4.50000,130.210,110.596,93.462,57.725,39.924,21.210,11.959,4.247
4.50333,130.456,110.749,93.486,57.779,39.956,21.184,11.969,4.324
4.50667,130.491,110.736,93.558,57.817,40.006,21.216,11.934,4.328
4.51000,130.612,110.860,93.655,57.847,40.049,21.229,11.928,4.282
4.51333,130.735,111.010,93.769,57.971,40.083,21.256,11.975,4.316
4.51667,130.876,111.141,93.898,57.978,40.136,21.277,11.989,4.300
4.52000,131.012,111.241,93.982,58.060,40.188,21.230,12.001,4.284
4.52333,131.104,111.318,93.965,58.075,40.194,21.224,11.930,4.377
4.52667,131.245,111.392,94.133,58.175,40.204,21.346,11.999,4.298
4.53000,131.354,111.570,94.252,58.201,40.293,21.313,12.064,4.368
4.53333,131.433,111.564,94.298,58.259,40.296,21.412,11.991,4.324
4.53667,131.673,111.690,94.392,58.354,40.357,21.407,12.076,4.387
4.54000,131.723,111.820,94.525,58.409,40.384,21.422,12.046,4.330
4.54333,131.812,111.938,94.565,58.374,40.432,21.393,12.063,4.364
4.54667,132.010,111.992,94.719,58.469,40.433,21.439,12.103,4.358
4.55000,132.141,112.113,94.693,58.588,40.497,21.407,12.124,4.347
4.55333,132.183,112.235,94.877,58.575,40.530,21.447,12.148,4.358
4.55667,132.296,112.341,94.964,58.725,40.546,21.536,12.119,4.347
4.56000,132.429,112.439,95.077,58.640,40.631,21.560,12.144,4.371
4.56333,132.562,112.542,95.140,58.791,40.617,21.547,12.199,4.378
4.56667,132.689,112.705,95.191,58.851,40.701,21.518,12.160,4.421
4.57000,132.804,112.795,95.310,58.924,40.700,21.583,12.161,4.391
4.57333,132.931,112.862,95.384,58.914,40.772,21.661,12.235,4.354
4.57667,133.080,113.018,95.387,58.936,40.782,21.594,12.142,4.380
4.58000,133.161,113.059,95.540,59.023,40.851,21.677,12.182,4.416
4.58333,133.388,113.094,95.580,59.145,40.900,21.659,12.191,4.426
4.58667,133.374,113.234,95.709,59.139,40.917,21.771,12.253,4.408
4.59000,133.565,113.391,95.741,59.220,41.036,21.737,12.184,4.433
4.59333,133.694,113.556,95.904,59.287,40.939,21.743,12.203,4.400
4.59667,133.818,113.667,96.006,59.303,41.039,21.778,12.214,4.432
4.60000,133.950,113.690,96.106,59.414,41.008,21.790,12.280,4.446
4.60333,134.030,113.768,96.194,59.400,41.117,21.771,12.248,4.423
4.60667,134.176,113.922,96.253,59.488,41.125,21.813,12.300,4.396
4.61000,134.306,113.974,96.344,59.538,41.167,21.842,12.309,4.492
4.61333,134.424,114.153,96.434,59.613,41.201,21.827,12.328,4.486
4.61667,134.555,114.225,96.477,59.680,41.179,21.944,12.368,4.443
4.62000,134.606,114.324,96.622,59.708,41.296,21.943,12.390,4.390
4.62333,134.778,114.461,96.729,59.760,41.354,21.919,12.309,4.490
4.62667,134.898,114.567,96.785,59.834,41.327,21.940,12.327,4.535
4.63000,135.039,114.618,96.929,59.881,41.381,21.937,12.414,4.502
4.63333,135.210,114.791,96.976,59.893,41.402,21.987,12.444,4.461
4.63667,135.190,114.848,97.040,59.970,41.402,21.983,12.408,4.438
4.64000,135.454,114.880,97.146,60.089,41.548,22.019,12.339,4.486
4.64333,135.547,115.084,97.252,60.108,41.521,22.057,12.404,4.505
4.64667,135.620,115.152,97.314,60.183,41.589,22.014,12.397,4.550
4.65000,135.800,115.314,97.374,60.210,41.541,22.006,12.332,4.446
4.65333,135.874,115.344,97.473,60.308,41.603,22.098,12.426,4.465
4.65667,135.984,115.451,97.543,60.254,41.684,22.117,12.460,4.531
4.66000,136.096,115.607,97.640,60.413,41.719,22.186,12.421,4.510
4.66333,136.290,115.647,97.756,60.445,41.708,22.163,12.488,4.535
4.66667,136.377,115.865,97.885,60.490,41.817,22.183,12.487,4.552
4.67000,136.471,115.880,97.928,60.584,41.882,22.185,12.466,4.562
4.67333,136.620,116.023,98.001,60.592,41.892,22.233,12.488,4.581
4.67667,136.816,116.125,98.030,60.708,41.869,22.219,12.458,4.572
4.68000,136.775,116.189,98.254,60.690,41.927,22.265,12.557,4.505
4.68333,136.993,116.410,98.280,60.755,41.939,22.244,12.607,4.490
4.68667,137.068,116.418,98.435,60.796,41.984,22.336,12.548,4.495
4.69000,137.190,116.591,98.484,60.801,41.991,22.291,12.552,4.537
4.69333,137.397,116.634,98.542,61.021,42.000,22.283,12.576,4.617
4.69667,137.497,116.729,98.612,60.992,42.068,22.362,12.554,4.556
4.70000,137.592,116.865,98.675,60.980,42.133,22.386,12.646,4.577
4.70333,137.758,116.941,98.793,61.157,42.220,22.430,12.667,4.536
4.70667,137.829,117.113,98.920,61.156,42.190,22.419,12.676,4.609
4.71000,137.948,117.128,99.016,61.179,42.272,22.432,12.615,4.570
4.71333,138.129,117.316,99.072,61.282,42.250,22.468,12.633,4.557
4.71667,138.207,117.341,99.193,61.317,42.318,22.552,12.640,4.566
4.72000,138.326,117.450,99.259,61.398,42.436,22.537,12.651,4.622
4.72333,138.445,117.605,99.367,61.433,42.441,22.516,12.710,4.609
4.72667,138.528,117.669,99.513,61.535,42.474,22.582,12.696,4.620
4.73000,138.730,117.765,99.506,61.511,42.499,22.586,12.763,4.654
4.73333,138.797,117.907,99.515,61.603,42.517,22.601,12.651,4.609
4.73667,138.996,117.995,99.693,61.654,42.602,22.575,12.759,4.637
4.74000,139.051,118.107,99.741,61.672,42.591,22.607,12.766,4.643
4.74333,139.231,118.194,99.874,61.752,42.628,22.636,12.761,4.631
4.74667,139.329,118.357,99.968,61.832,42.702,22.732,12.730,4.655
4.75000,139.427,118.415,100.075,61.922,42.695,22.733,12.669,4.636
4.75333,139.607,118.502,100.142,61.961,42.804,22.704,12.770,4.652
4.75667,139.696,118.655,100.150,61.974,42.796,22.731,12.798,4.659
4.76000,139.834,118.740,100.285,62.015,42.823,22.739,12.801,4.667
4.76333,139.890,118.872,100.437,62.116,42.851,22.756,12.832,4.644
4.76667,140.037,118.941,100.550,62.119,42.960,22.753,12.772,4.741
4.77000,140.208,119.049,100.598,62.265,42.893,22.778,12.838,4.627
4.77333,140.296,119.171,100.685,62.196,42.885,22.797,12.843,4.666
4.77667,140.450,119.262,100.779,62.286,42.982,22.882,12.815,4.766
4.78000,140.484,119.329,100.810,62.414,43.005,22.848,12.914,4.678
4.78333,140.647,119.576,100.956,62.449,43.137,22.831,12.936,4.680
4.78667,140.806,119.579,101.021,62.512,43.074,22.958,12.842,4.740
4.79000,140.942,119.708,101.090,62.580,43.160,22.894,12.910,4.761
4.79333,141.045,119.786,101.194,62.604,43.128,23.027,12.906,4.732
4.79667,141.181,119.890,101.308,62.658,43.222,22.960,12.960,4.705
4.80000,141.340,120.027,101.323,62.728,43.204,23.013,12.973,4.710
4.80333,141.388,120.131,101.422,62.714,43.339,23.020,12.853,4.707
4.80667,141.529,120.200,101.515,62.781,43.266,23.023,12.918,4.727
4.81000,141.633,120.298,101.648,62.865,43.354,23.056,13.025,4.706
4.81333,141.746,120.370,101.745,62.974,43.438,23.062,13.025,4.730
4.81667,141.847,120.509,101.836,62.991,43.411,23.040,12.928,4.728
4.82000,142.057,120.616,101.951,63.051,43.510,23.144,12.980,4.796
4.82333,142.204,120.722,102.020,63.117,43.525,23.114,13.000,4.747
4.82667,142.276,120.873,102.095,63.132,43.597,23.151,13.057,4.731
4.83000,142.357,120.986,102.158,63.200,43.586,23.185,13.022,4.766
4.83333,142.535,121.026,102.336,63.278,43.608,23.206,13.038,4.807
4.83667,142.621,121.135,102.423,63.263,43.665,23.293,13.075,4.809
4.84000,142.721,121.256,102.434,63.397,43.723,23.320,13.064,4.821
4.84333,142.820,121.336,102.463,63.432,43.748,23.293,13.041,4.842
4.84667,142.963,121.495,102.598,63.493,43.794,23.295,13.097,4.773
4.85000,143.073,121.578,102.663,63.506,43.740,23.293,13.127,4.774
4.85333,143.197,121.715,102.799,63.544,43.852,23.330,13.099,4.844
4.85667,143.319,121.818,102.854,63.599,43.955,23.314,13.115,4.793
4.86000,143.515,121.927,102.981,63.725,43.977,23.365,13.115,4.784
4.86333,143.561,121.988,103.076,63.718,43.941,23.384,13.120,4.797
4.86667,143.713,122.068,103.162,63.848,44.031,23.385,13.112,4.764
4.87000,143.760,122.148,103.211,63.859,44.051,23.438,13.216,4.813
4.87333,143.965,122.337,103.318,63.950,44.057,23.446,13.172,4.865
4.87667,144.058,122.404,103.389,63.957,44.158,23.527,13.145,4.849
4.88000,144.220,122.508,103.489,63.983,44.132,23.469,13.212,4.834
4.88333,144.346,122.615,103.541,64.075,44.190,23.558,13.231,4.884
4.88667,144.476,122.810,103.627,64.138,44.202,23.531,13.164,4.876
4.89000,144.568,122.776,103.788,64.198,44.327,23.541,13.194,4.865
4.89333,144.727,122.938,103.800,64.240,44.244,23.563,13.214,4.875
4.89667,144.838,122.989,103.962,64.309,44.280,23.594,13.258,4.880
4.90000,144.935,123.160,103.977,64.349,44.355,23.680,13.319,4.886
4.90333,145.094,123.184,104.103,64.374,44.349,23.606,13.209,4.959
4.90667,145.162,123.339,104.216,64.559,44.466,23.688,13.277,4.889
4.91000,145.327,123.403,104.265,64.513,44.530,23.628,13.338,4.931
4.91333,145.390,123.537,104.369,64.590,44.587,23.671,13.410,4.916
4.91667,145.552,123.673,104.538,64.576,44.557,23.737,13.401,4.929
4.92000,145.677,123.808,104.536,64.664,44.577,23.737,13.372,4.900
4.92333,145.792,123.879,104.639,64.780,44.619,23.799,13.389,4.888
4.92667,145.908,123.953,104.709,64.787,44.692,23.807,13.382,4.878
4.93000,146.033,124.070,104.826,64.869,44.658,23.771,13.371,4.864
4.93333,146.145,124.224,104.876,64.924,44.703,23.778,13.327,4.932
4.93667,146.310,124.303,104.993,64.955,44.782,23.826,13.396,4.933
4.94000,146.450,124.422,105.078,64.978,44.835,23.812,13.390,4.934
4.94333,146.522,124.483,105.096,65.094,44.862,23.842,13.417,4.973
4.94667,146.639,124.557,105.270,65.153,44.903,23.893,13.434,5.004
4.95000,146.805,124.721,105.331,65.173,44.946,23.913,13.418,4.954
4.95333,146.929,124.814,105.431,65.284,44.938,23.924,13.482,4.986
4.95667,146.943,124.949,105.525,65.267,44.973,23.963,13.437,4.965
4.96000,147.177,124.973,105.615,65.334,44.959,24.016,13.457,4.898
4.96333,147.225,125.147,105.728,65.433,45.021,23.988,13.480,5.003
4.96667,147.385,125.198,105.791,65.449,45.108,24.063,13.458,4.941
4.97000,147.512,125.295,105.913,65.507,45.166,24.032,13.409,4.967
4.97333,147.576,125.451,105.983,65.609,45.115,24.079,13.442,5.001
4.97667,147.803,125.545,106.068,65.578,45.245,24.086,13.577,5.017
4.98000,147.885,125.659,106.171,65.630,45.237,24.029,13.564,4.999
4.98333,148.020,125.802,106.288,65.729,45.264,24.136,13.531,4.985
4.98667,148.117,125.878,106.266,65.764,45.327,24.137,13.561,5.034
4.99000,148.198,125.971,106.399,65.853,45.378,24.173,13.527,4.959
4.99333,148.422,126.040,106.536,65.854,45.364,24.135,13.544,5.001
4.99667,148.482,126.247,106.585,65.938,45.381,24.168,13.563,5.046
5.00000,148.587,126.285,106.688,65.998,45.384,24.165,13.631,5.064
5.00333,148.730,126.392,106.715,66.022,45.474,24.248,13.648,5.020
5.00667,148.855,126.504,106.796,66.194,45.539,24.298,13.615,4.996
5.01000,148.974,126.554,106.963,66.145,45.548,24.250,13.606,5.065
5.01333,149.146,126.660,107.011,66.218,45.559,24.324,13.625,5.103
5.01667,149.218,126.802,107.077,66.311,45.677,24.348,13.663,4.976
5.02000,149.356,126.940,107.115,66.452,45.681,24.343,13.678,5.080
5.02333,149.470,127.005,107.272,66.413,45.759,24.399,13.676,5.058
5.02667,149.611,127.078,107.316,66.481,45.709,24.458,13.752,5.051
5.03000,149.753,127.197,107.446,66.561,45.847,24.380,13.725,4.991
5.03333,149.867,127.294,107.550,66.520,45.893,24.400,13.740,5.093
5.03667,149.905,127.459,107.705,66.590,45.923,24.452,13.703,5.058
5.04000,150.080,127.472,107.716,66.666,45.916,24.445,13.649,5.093
5.04333,150.105,127.592,107.803,66.725,45.958,24.472,13.704,5.060
5.04667,150.260,127.752,107.871,66.748,45.907,24.482,13.750,5.131
5.05000,150.424,127.866,108.013,66.889,45.977,24.582,13.789,5.045
5.05333,150.533,127.881,108.042,66.878,46.024,24.555,13.746,5.081
5.05667,150.598,128.046,108.088,66.917,46.049,24.546,13.801,5.081
5.06000,150.739,128.137,108.224,67.004,46.149,24.555,13.807,5.011
5.06333,150.846,128.298,108.304,67.044,46.147,24.621,13.798,5.129
5.06667,150.991,128.351,108.385,67.076,46.208,24.616,13.839,5.090
5.07000,151.154,128.439,108.512,67.176,46.210,24.641,13.759,5.059
5.07333,151.262,128.569,108.545,67.271,46.280,24.665,13.792,5.122
5.07667,151.369,128.721,108.705,67.335,46.289,24.706,13.911,5.079
5.08000,151.534,128.744,108.831,67.300,46.341,24.693,13.893,5.130
5.08333,151.605,128.873,108.898,67.348,46.371,24.710,13.850,5.147
5.08667,151.760,128.983,108.945,67.391,46.410,24.788,13.887,5.112
5.09000,151.876,129.045,109.069,67.508,46.480,24.716,13.877,5.204
5.09333,151.982,129.228,109.136,67.573,46.439,24.742,13.890,5.182
5.09667,152.132,129.275,109.188,67.617,46.525,24.782,13.885,5.169
5.10000,152.286,129.384,109.235,67.641,46.593,24.854,13.958,5.220
5.10333,152.339,129.509,109.419,67.762,46.584,24.846,13.959,5.163
5.10667,152.488,129.613,109.446,67.778,46.634,24.880,13.931,5.235
5.11000,152.626,129.695,109.546,67.767,46.672,24.920,13.969,5.143
5.11333,152.683,129.879,109.616,67.863,46.760,24.824,14.007,5.148
5.11667,152.836,129.932,109.693,67.960,46.670,24.908,14.005,5.176
5.12000,152.857,129.994,109.764,67.971,46.757,24.923,14.015,5.082
5.12333,153.057,130.136,109.834,68.033,46.785,24.981,14.024,5.198
5.12667,153.238,130.238,109.992,68.080,46.917,24.948,14.065,5.243
5.13000,153.330,130.327,110.115,68.114,46.932,24.992,14.014,5.158
5.13333,153.412,130.348,110.120,68.252,46.912,24.964,14.019,5.246
5.13667,153.540,130.533,110.233,68.211,46.965,25.027,14.099,5.207
5.14000,153.694,130.681,110.355,68.355,47.029,25.091,14.028,5.221
5.14333,153.831,130.734,110.421,68.416,47.118,25.073,14.144,5.219
5.14667,153.974,130.832,110.501,68.473,47.109,25.122,14.123,5.236
5.15000,154.049,130.941,110.565,68.469,47.097,25.061,14.034,5.213
5.15333,154.235,131.112,110.698,68.443,47.145,25.102,14.127,5.267
5.15667,154.256,131.143,110.760,68.515,47.211,25.144,14.147,5.268
5.16000,154.463,131.204,110.832,68.678,47.201,25.244,14.136,5.276
5.16333,154.518,131.310,110.903,68.695,47.239,25.173,14.118,5.265
5.16667,154.624,131.537,110.980,68.650,47.289,25.261,14.206,5.265
5.17000,154.784,131.597,111.173,68.777,47.311,25.262,14.151,5.259
5.17333,154.956,131.679,111.205,68.895,47.377,25.258,14.185,5.219
5.17667,154.994,131.759,111.306,68.917,47.371,25.325,14.196,5.331
5.18000,155.117,131.849,111.325,68.887,47.469,25.264,14.168,5.260
5.18333,155.281,131.966,111.438,69.048,47.452,25.358,14.195,5.295
5.18667,155.353,132.089,111.560,69.156,47.511,25.376,14.171,5.253
5.19000,155.463,132.208,111.643,69.162,47.601,25.429,14.219,5.330
5.19333,155.580,132.309,111.758,69.205,47.585,25.440,14.190,5.297
5.19667,155.746,132.374,111.773,69.283,47.626,25.409,14.281,5.364
5.20000,155.833,132.489,111.884,69.227,47.641,25.406,14.264,5.279
5.20333,155.976,132.604,111.972,69.389,47.651,25.464,14.303,5.251
5.20667,156.114,132.703,112.049,69.342,47.651,25.457,14.245,5.308
5.21000,156.181,132.814,112.153,69.440,47.770,25.510,14.290,5.312
5.21333,156.309,132.862,112.232,69.452,47.742,25.508,14.288,5.359
5.21667,156.465,132.998,112.294,69.533,47.780,25.551,14.276,5.306
5.22000,156.514,133.154,112.405,69.642,47.861,25.583,14.353,5.335
5.22333,156.626,133.163,112.471,69.647,47.866,25.592,14.318,5.287
5.22667,156.822,133.272,112.532,69.679,47.979,25.521,14.330,5.339
5.23000,156.944,133.465,112.689,69.727,47.978,25.573,14.336,5.393
5.23333,157.075,133.558,112.771,69.790,47.953,25.658,14.368,5.398
5.23667,157.150,133.625,112.811,69.878,48.079,25.611,14.364,5.358
5.24000,157.285,133.674,112.928,69.971,48.144,25.661,14.356,5.349
5.24333,157.413,133.756,113.081,69.997,48.102,25.617,14.376,5.462
5.24667,157.495,133.902,113.121,70.073,48.157,25.692,14.391,5.449
5.25000,157.668,134.036,113.214,70.165,48.256,25.659,14.407,5.415
5.25333,157.714,134.156,113.268,70.203,48.240,25.666,14.401,5.444
5.25667,157.848,134.292,113.373,70.167,48.216,25.745,14.465,5.418
5.26000,158.026,134.333,113.447,70.261,48.297,25.799,14.484,5.421
5.26333,158.140,134.444,113.511,70.289,48.348,25.807,14.344,5.351
5.26667,158.266,134.576,113.651,70.348,48.451,25.831,14.436,5.388
5.27000,158.340,134.623,113.687,70.438,48.398,25.856,14.491,5.472
5.27333,158.462,134.732,113.848,70.481,48.418,25.843,14.450,5.452
5.27667,158.561,134.822,113.884,70.571,48.485,25.854,14.481,5.492
5.28000,158.603,134.890,114.013,70.674,48.533,25.858,14.542,5.431
5.28333,158.923,135.055,114.114,70.680,48.594,25.925,14.511,5.509
5.28667,158.968,135.172,114.212,70.766,48.615,25.895,14.512,5.446
5.29000,159.210,135.250,114.275,70.870,48.661,25.934,14.547,5.411
5.29333,159.169,135.353,114.406,70.935,48.691,25.974,14.504,5.446
5.29667,159.331,135.463,114.449,70.979,48.746,25.988,14.613,5.443
5.30000,159.545,135.635,114.584,71.066,48.759,26.042,14.578,5.450
5.30333,159.576,135.690,114.747,71.211,48.849,26.043,14.565,5.448
5.30667,159.802,135.815,114.866,71.293,48.960,26.079,14.635,5.484
5.31000,159.900,136.034,115.035,71.478,49.064,26.064,14.664,5.486
5.31333,160.093,136.122,115.128,71.630,49.106,26.152,14.608,5.488
5.31667,160.354,136.324,115.346,71.852,49.215,26.129,14.580,5.448
5.32000,160.442,136.434,115.557,72.151,49.320,26.161,14.679,5.527
5.32333,160.629,136.779,115.699,72.491,49.450,26.247,14.577,5.490
5.32667,160.816,136.899,116.134,72.906,49.522,26.186,14.692,5.530
5.33000,161.051,137.085,116.291,73.260,49.733,26.239,14.670,5.468
5.33333,161.321,137.419,116.737,73.826,49.963,26.208,14.724,5.441
5.33667,161.621,137.723,117.141,74.541,50.190,26.325,14.706,5.584
5.34000,161.983,138.069,117.576,75.250,50.402,26.318,14.672,5.517
5.34333,162.356,138.490,118.198,76.226,50.792,26.298,14.751,5.495
5.34667,162.761,138.933,118.753,77.240,51.165,26.396,14.742,5.524
5.35000,163.255,139.482,119.565,78.521,51.551,26.451,14.743,5.512
5.35333,163.718,140.024,120.407,79.905,52.065,26.534,14.741,5.510
5.35667,164.293,140.639,121.357,81.531,52.666,26.518,14.817,5.509
5.36000,165.010,141.398,122.432,83.353,53.312,26.613,14.872,5.625
5.36333,165.698,142.208,123.658,85.493,54.040,26.616,14.850,5.559
5.36667,166.523,143.064,125.045,87.771,54.816,26.690,14.853,5.577
5.37000,167.356,144.156,126.506,90.386,55.784,26.824,14.858,5.552
5.37333,168.309,145.149,128.187,93.227,56.690,26.895,14.932,5.586
5.37667,169.397,146.277,129.985,96.305,57.781,27.028,14.940,5.584
5.38000,170.455,147.530,131.830,99.689,58.938,26.997,14.923,5.600
5.38333,171.661,148.932,133.933,103.316,60.208,27.144,15.003,5.619
5.38667,172.911,150.309,136.107,107.028,61.518,27.266,15.046,5.680
5.39000,174.253,151.741,138.462,111.000,62.895,27.350,15.024,5.670
5.39333,175.576,153.307,140.807,115.201,64.306,27.412,15.113,5.604
5.39667,176.888,154.918,143.232,119.514,65.808,27.582,15.109,5.625
5.40000,178.283,156.507,145.765,123.870,67.277,27.595,15.236,5.670
5.40333,179.718,158.123,148.261,128.177,68.781,27.754,15.197,5.669
5.40667,181.098,159.706,150.753,132.521,70.297,27.789,15.216,5.643
5.41000,182.461,161.286,153.137,136.835,71.769,27.940,15.310,5.680
5.41333,183.854,162.817,155.496,140.966,73.176,28.044,15.276,5.648
5.41667,185.112,164.290,157.775,144.906,74.539,28.171,15.271,5.721
5.42000,186.352,165.654,159.867,148.570,75.848,28.224,15.360,5.699
5.42333,187.434,166.907,161.901,151.987,77.045,28.318,15.398,5.673
5.42667,188.467,168.113,163.599,154.992,78.086,28.457,15.407,5.804
5.43000,189.329,169.112,165.113,157.634,78.991,28.435,15.424,5.637
5.43333,190.132,169.934,166.423,159.831,79.782,28.556,15.445,5.685
5.43667,190.764,170.619,167.436,161.568,80.424,28.583,15.456,5.719
5.44000,191.227,171.142,168.249,162.909,80.860,28.657,15.481,5.732
5.44333,191.621,171.493,168.797,163.750,81.115,28.732,15.533,5.805
5.44667,191.773,171.710,169.060,164.049,81.253,28.719,15.495,5.684
5.45000,191.804,171.790,168.951,163.888,81.265,28.702,15.494,5.772
5.45333,191.725,171.659,168.681,163.248,81.074,28.754,15.518,5.826
5.45667,191.558,171.329,168.221,162.254,80.715,28.766,15.571,5.816
5.46000,191.199,170.983,167.427,160.807,80.166,28.743,15.529,5.789
5.46333,190.759,170.410,166.405,158.905,79.547,28.701,15.511,5.856
5.46667,190.240,169.683,165.270,156.836,78.816,28.677,15.518,5.826
5.47000,189.595,168.857,163.949,154.411,78.053,28.663,15.582,5.769
5.47333,188.967,168.028,162.491,151.682,77.194,28.535,15.507,5.777
5.47667,188.109,167.114,160.920,148.756,76.145,28.514,15.576,5.764
5.48000,187.165,166.068,159.248,145.634,75.100,28.488,15.509,5.791
5.48333,186.395,164.988,157.516,142.407,74.072,28.456,15.559,5.826
5.48667,185.578,164.017,155.753,139.144,72.928,28.509,15.533,5.731
5.49000,184.672,162.932,153.898,135.866,71.834,28.403,15.554,5.802
5.49333,183.705,161.846,152.109,132.522,70.795,28.326,15.465,5.844
5.49667,182.846,160.814,150.360,129.246,69.633,28.277,15.533,5.788
5.50000,182.025,159.655,148.588,126.055,68.614,28.232,15.432,5.755
5.50333,181.178,158.624,146.892,122.868,67.466,28.233,15.478,5.777
5.50667,180.360,157.696,145.236,119.747,66.439,28.132,15.463,5.844
5.51000,179.597,156.759,143.598,116.827,65.450,28.066,15.505,5.828
5.51333,178.854,155.862,142.071,113.955,64.518,28.091,15.480,5.794
5.51667,178.055,155.012,140.660,111.298,63.551,28.033,15.436,5.798
5.52000,177.437,154.211,139.249,108.735,62.789,27.996,15.417,5.791
5.52333,176.839,153.365,137.967,106.296,61.978,27.977,15.402,5.860
5.52667,176.254,152.649,136.746,104.022,61.232,27.956,15.511,5.751
5.53000,175.737,152.003,135.700,101.893,60.516,27.892,15.446,5.788
5.53333,175.219,151.360,134.577,99.911,59.857,27.820,15.461,5.805
5.53667,174.760,150.800,133.573,98.035,59.238,27.841,15.319,5.813
5.54000,174.369,150.379,132.708,96.288,58.673,27.897,15.456,5.829
5.54333,173.974,149.862,131.855,94.669,58.079,27.863,15.505,5.853
5.54667,173.586,149.440,130.991,93.181,57.652,27.791,15.426,5.780
5.55000,173.318,148.971,130.310,91.891,57.201,27.838,15.523,5.877
5.55333,173.026,148.603,129.710,90.651,56.831,27.794,15.453,5.829
5.55667,172.783,148.313,129.051,89.433,56.321,27.822,15.459,5.879
5.56000,172.491,148.067,128.562,88.372,56.080,27.823,15.472,5.866
5.56333,172.356,147.824,128.043,87.350,55.688,27.787,15.424,5.831
5.56667,172.140,147.496,127.599,86.421,55.432,27.808,15.487,5.801
5.57000,172.001,147.323,127.089,85.564,55.154,27.748,15.482,5.882
5.57333,171.912,147.048,126.728,84.848,54.945,27.743,15.501,5.841
5.57667,171.777,147.028,126.468,84.093,54.696,27.776,15.547,5.831
5.58000,171.682,146.838,126.183,83.494,54.454,27.848,15.512,5.861
5.58333,171.608,146.673,125.894,82.875,54.246,27.810,15.539,5.857
5.58667,171.589,146.623,125.597,82.365,54.127,27.808,15.484,5.873
5.59000,171.536,146.481,125.326,81.803,53.976,27.890,15.564,5.833
5.59333,171.525,146.421,125.129,81.401,53.773,27.790,15.547,5.903
5.59667,171.406,146.449,125.002,80.949,53.781,27.897,15.536,5.830
5.60000,171.472,146.276,124.859,80.599,53.619,27.862,15.540,5.850
5.60333,171.444,146.235,124.746,80.276,53.487,27.900,15.611,5.893
5.60667,171.441,146.232,124.554,79.947,53.417,27.850,15.529,5.893
5.61000,171.463,146.278,124.498,79.666,53.343,27.943,15.625,5.934
5.61333,171.468,146.133,124.348,79.419,53.232,27.934,15.521,5.897
5.61667,171.512,146.229,124.340,79.247,53.172,27.882,15.591,5.855
5.62000,171.528,146.241,124.326,79.039,53.221,27.969,15.618,5.956
5.62333,171.629,146.271,124.220,78.773,53.139,27.940,15.591,5.930
5.62667,171.704,146.257,124.155,78.662,53.041,28.015,15.590,5.928
5.63000,171.650,146.284,124.167,78.557,52.939,27.992,15.674,5.983
5.63333,171.764,146.283,124.162,78.353,52.980,28.001,15.627,5.869
5.63667,171.816,146.321,124.134,78.259,53.005,28.049,15.621,5.911
5.64000,171.911,146.466,124.107,78.102,52.986,28.033,15.673,5.975
5.64333,171.935,146.402,124.135,78.073,52.929,28.019,15.689,5.971
5.64667,172.108,146.442,124.149,78.003,52.982,28.073,15.647,5.973
5.65000,172.138,146.509,124.163,77.910,52.952,28.093,15.701,5.947
5.65333,172.227,146.628,124.105,77.861,52.931,28.067,15.710,5.948
5.65667,172.262,146.646,124.179,77.801,52.838,28.069,15.770,6.011
5.66000,172.323,146.770,124.233,77.706,52.925,28.192,15.680,5.900
5.66333,172.404,146.779,124.250,77.674,52.904,28.190,15.748,5.938
5.66667,172.532,146.828,124.297,77.726,52.968,28.199,15.722,5.952
5.67000,172.601,146.956,124.341,77.606,52.897,28.252,15.742,6.010
5.67333,172.748,147.079,124.370,77.577,52.939,28.224,15.779,5.975
5.67667,172.851,147.150,124.380,77.555,52.972,28.209,15.800,5.976
5.68000,172.952,147.166,124.425,77.620,52.981,28.300,15.782,5.990
5.68333,173.055,147.284,124.489,77.571,52.987,28.251,15.845,5.958
5.68667,173.089,147.299,124.551,77.649,53.044,28.253,15.773,6.005
5.69000,173.203,147.404,124.632,77.583,52.971,28.326,15.779,5.994
5.69333,173.301,147.409,124.724,77.590,53.054,28.310,15.891,6.030
5.69667,173.441,147.569,124.686,77.575,53.036,28.298,15.777,6.006
5.70000,173.533,147.620,124.830,77.699,53.096,28.350,15.886,6.008
5.70333,173.609,147.689,124.789,77.632,53.138,28.350,15.845,5.949
5.70667,173.688,147.762,124.975,77.715,53.156,28.362,15.869,6.002
5.71000,173.817,147.890,125.023,77.668,53.225,28.400,15.893,6.075
5.71333,173.979,147.982,125.030,77.758,53.174,28.411,15.853,6.017
5.71667,174.035,148.171,125.138,77.806,53.198,28.404,15.910,6.075
5.72000,174.132,148.176,125.165,77.829,53.250,28.550,15.890,5.983
5.72333,174.330,148.295,125.326,77.882,53.311,28.501,15.951,6.116
5.72667,174.373,148.313,125.334,77.899,53.318,28.480,15.884,5.959
5.73000,174.481,148.503,125.415,77.904,53.321,28.514,15.942,6.079
5.73333,174.555,148.505,125.477,77.956,53.404,28.481,15.918,6.056
5.73667,174.711,148.655,125.591,77.933,53.386,28.547,15.962,6.083
5.74000,174.833,148.731,125.651,78.023,53.409,28.538,15.959,6.042
5.74333,174.890,148.843,125.803,78.036,53.463,28.595,15.991,6.045
5.74667,175.017,148.940,125.784,78.078,53.486,28.677,16.001,6.060
5.75000,175.083,149.011,125.829,78.144,53.521,28.617,15.995,6.131
5.75333,175.220,149.037,125.911,78.139,53.528,28.683,16.024,6.115
5.75667,175.375,149.206,126.041,78.229,53.514,28.653,16.011,6.117
5.76000,175.416,149.263,126.099,78.256,53.576,28.702,16.043,6.076
5.76333,175.543,149.401,126.144,78.265,53.646,28.636,16.060,6.148
5.76667,175.663,149.479,126.262,78.306,53.673,28.726,16.002,6.072
5.77000,175.866,149.554,126.356,78.403,53.694,28.717,16.026,6.118
5.77333,175.941,149.701,126.383,78.421,53.776,28.670,16.093,6.112
5.77667,176.045,149.767,126.526,78.491,53.749,28.783,16.021,6.162
5.78000,176.019,149.795,126.613,78.457,53.804,28.759,16.083,6.145
5.78333,176.230,149.936,126.680,78.524,53.828,28.829,16.110,6.197
5.78667,176.361,150.052,126.725,78.594,53.807,28.824,16.082,6.236
5.79000,176.444,150.126,126.772,78.647,53.930,28.840,16.171,6.122
5.79333,176.564,150.240,126.869,78.685,53.910,28.787,16.133,6.168
5.79667,176.778,150.376,126.917,78.788,53.983,28.916,16.142,6.251
5.80000,176.773,150.417,127.076,78.816,53.972,28.842,16.159,6.123
5.80333,176.854,150.490,127.121,78.876,54.031,28.926,16.169,6.146
5.80667,176.933,150.581,127.185,78.923,54.108,28.870,16.136,6.166
5.81000,177.139,150.750,127.298,78.926,54.094,28.955,16.161,6.149
5.81333,177.231,150.754,127.360,79.000,54.087,28.984,16.217,6.178
5.81667,177.337,150.938,127.402,79.043,54.121,29.008,16.220,6.135
5.82000,177.420,150.965,127.503,79.112,54.188,29.006,16.169,6.197
5.82333,177.615,151.088,127.548,79.110,54.250,28.992,16.223,6.180
5.82667,177.707,151.205,127.695,79.176,54.202,29.073,16.233,6.225
5.83000,177.827,151.293,127.767,79.261,54.253,29.071,16.236,6.159
5.83333,177.901,151.354,127.822,79.277,54.320,29.081,16.218,6.218
5.83667,177.976,151.441,127.915,79.368,54.432,29.079,16.215,6.146
5.84000,178.067,151.563,128.006,79.377,54.398,29.095,16.248,6.201
5.84333,178.219,151.647,128.086,79.454,54.399,29.165,16.285,6.296
5.84667,178.401,151.767,128.186,79.503,54.479,29.136,16.276,6.210
5.85000,178.484,151.872,128.282,79.507,54.511,29.156,16.311,6.230
5.85333,178.510,151.884,128.326,79.578,54.530,29.217,16.306,6.219
5.85667,178.646,152.103,128.350,79.639,54.581,29.295,16.384,6.230
5.86000,178.758,152.070,128.426,79.723,54.621,29.196,16.325,6.189
5.86333,178.845,152.180,128.547,79.842,54.600,29.214,16.345,6.191
5.86667,179.081,152.342,128.609,79.741,54.727,29.254,16.278,6.249
5.87000,179.066,152.492,128.725,79.726,54.635,29.280,16.376,6.268
5.87333,179.246,152.535,128.793,79.874,54.713,29.302,16.402,6.210
5.87667,179.415,152.597,128.849,79.942,54.741,29.358,16.415,6.277
5.88000,179.414,152.643,128.982,80.023,54.771,29.301,16.404,6.256
5.88333,179.570,152.817,129.074,80.077,54.817,29.357,16.438,6.235
5.88667,179.670,152.992,129.110,80.056,54.850,29.441,16.403,6.255
5.89000,179.754,152.948,129.185,80.114,54.880,29.382,16.382,6.335
5.89333,179.956,153.065,129.230,80.222,54.896,29.382,16.478,6.269
5.89667,180.024,153.154,129.341,80.277,54.949,29.477,16.362,6.267
5.90000,180.127,153.329,129.440,80.299,54.979,29.398,16.469,6.296
5.90333,180.214,153.376,129.520,80.362,55.014,29.448,16.380,6.312
5.90667,180.377,153.414,129.562,80.373,55.112,29.515,16.438,6.306
5.91000,180.450,153.542,129.611,80.450,55.056,29.504,16.537,6.286
5.91333,180.504,153.653,129.710,80.534,55.045,29.561,16.476,6.344
5.91667,180.645,153.703,129.830,80.576,55.169,29.584,16.467,6.275
5.92000,180.819,153.802,129.960,80.511,55.147,29.584,16.470,6.339
5.92333,180.892,153.990,130.021,80.651,55.253,29.619,16.519,6.279
5.92667,180.991,154.039,130.069,80.662,55.221,29.636,16.554,6.312
5.93000,181.153,154.132,130.143,80.684,55.274,29.636,16.552,6.337
5.93333,181.269,154.207,130.163,80.862,55.286,29.646,16.534,6.390
5.93667,181.305,154.315,130.308,80.831,55.337,29.684,16.592,6.305
5.94000,181.423,154.365,130.374,80.893,55.462,29.726,16.615,6.328
5.94333,181.490,154.558,130.431,80.918,55.459,29.692,16.575,6.313
5.94667,181.660,154.591,130.540,81.013,55.407,29.726,16.662,6.367
5.95000,181.757,154.701,130.600,81.038,55.485,29.752,16.650,6.365
5.95333,181.895,154.780,130.693,81.032,55.552,29.799,16.642,6.394
5.95667,182.039,154.853,130.775,81.082,55.586,29.738,16.650,6.325
5.96000,182.053,154.962,130.882,81.206,55.555,29.817,16.645,6.384
5.96333,182.226,155.013,130.910,81.203,55.632,29.793,16.640,6.410
5.96667,182.310,155.199,131.009,81.302,55.661,29.795,16.593,6.389
5.97000,182.451,155.247,131.057,81.316,55.649,29.828,16.650,6.344
5.97333,182.539,155.380,131.148,81.410,55.733,29.827,16.711,6.376
5.97667,182.619,155.428,131.244,81.386,55.763,29.928,16.763,6.456
5.98000,182.792,155.573,131.326,81.509,55.748,29.927,16.697,6.335
5.98333,182.874,155.632,131.351,81.465,55.830,29.931,16.672,6.428
5.98667,182.983,155.734,131.489,81.563,55.859,29.907,16.765,6.398
5.99000,183.061,155.752,131.599,81.592,55.817,29.915,16.690,6.410
5.99333,183.153,155.885,131.609,81.685,55.861,30.031,16.787,6.460
5.99667,183.378,156.014,131.715,81.695,55.988,30.004,16.724,6.457
6.00000,183.363,156.124,131.826,81.808,55.971,30.013,16.805,6.433
6.00333,183.492,156.182,131.861,81.822,55.957,30.014,16.796,6.446
6.00667,183.634,156.297,131.960,81.863,55.954,30.074,16.763,6.468
6.01000,183.694,156.362,132.076,81.847,56.095,30.040,16.758,6.450
6.01333,183.823,156.457,132.097,81.994,56.076,30.124,16.820,6.462
6.01667,184.012,156.512,132.201,82.036,56.152,30.109,16.819,6.434
6.02000,184.033,156.668,132.309,82.045,56.183,30.145,16.854,6.515
6.02333,184.237,156.730,132.304,82.134,56.210,30.092,16.821,6.478
6.02667,184.263,156.815,132.446,82.175,56.195,30.093,16.886,6.413
6.03000,184.395,156.972,132.479,82.211,56.219,30.191,16.832,6.503
6.03333,184.469,156.982,132.545,82.233,56.273,30.206,16.935,6.415
6.03667,184.594,157.125,132.680,82.302,56.294,30.184,16.928,6.439
6.04000,184.754,157.197,132.769,82.350,56.335,30.244,16.859,6.565
6.04333,184.845,157.252,132.794,82.379,56.412,30.265,16.900,6.473
6.04667,184.990,157.470,132.854,82.520,56.469,30.258,16.867,6.485
6.05000,185.036,157.444,132.944,82.509,56.457,30.253,16.941,6.491
6.05333,185.235,157.551,133.079,82.606,56.533,30.249,16.940,6.476
6.05667,185.278,157.721,133.197,82.636,56.573,30.277,16.945,6.477
6.06000,185.366,157.757,133.251,82.661,56.602,30.304,16.949,6.554
6.06333,185.489,157.850,133.257,82.643,56.595,30.347,16.962,6.537
6.06667,185.638,157.949,133.383,82.782,56.596,30.327,16.964,6.513
6.07000,185.691,158.043,133.413,82.834,56.694,30.442,16.970,6.560
6.07333,185.790,158.177,133.558,82.836,56.689,30.432,16.996,6.496
6.07667,185.883,158.255,133.594,82.944,56.757,30.393,17.028,6.520
6.08000,186.021,158.251,133.669,82.914,56.793,30.429,16.981,6.524
6.08333,186.103,158.422,133.749,82.977,56.865,30.455,16.964,6.515
6.08667,186.214,158.477,133.827,83.023,56.803,30.484,17.017,6.519
6.09000,186.294,158.590,133.966,83.098,56.878,30.429,16.994,6.499
6.09333,186.387,158.655,134.031,83.078,56.911,30.505,17.053,6.548
6.09667,186.555,158.749,134.083,83.194,56.972,30.486,17.021,6.441
6.10000,186.693,158.894,134.103,83.211,56.923,30.597,17.066,6.572
6.10333,186.715,158.981,134.138,83.207,56.988,30.596,17.003,6.599
6.10667,186.927,159.019,134.340,83.270,56.982,30.573,17.061,6.518
6.11000,187.013,159.135,134.418,83.427,57.081,30.639,17.107,6.559
6.11333,187.082,159.194,134.441,83.401,57.083,30.666,17.081,6.566
6.11667,187.214,159.302,134.557,83.459,57.143,30.649,17.068,6.592
6.12000,187.325,159.449,134.681,83.501,57.128,30.669,17.058,6.538
6.12333,187.414,159.498,134.668,83.586,57.268,30.655,17.091,6.571
6.12667,187.453,159.542,134.798,83.625,57.189,30.657,17.117,6.629
6.13000,187.643,159.669,134.851,83.679,57.270,30.682,17.120,6.639
6.13333,187.708,159.754,134.973,83.738,57.289,30.726,17.168,6.602
6.13667,187.827,159.884,134.975,83.754,57.284,30.727,17.182,6.592
6.14000,187.954,159.960,135.087,83.754,57.362,30.778,17.255,6.606
6.14333,188.048,160.040,135.134,83.826,57.399,30.741,17.192,6.672
6.14667,188.107,160.117,135.271,83.909,57.483,30.829,17.270,6.647
6.15000,188.316,160.247,135.350,83.903,57.429,30.834,17.197,6.610
6.15333,188.356,160.316,135.342,84.000,57.476,30.838,17.236,6.611
6.15667,188.513,160.422,135.502,84.035,57.560,30.908,17.233,6.640
6.16000,188.550,160.458,135.531,84.098,57.568,30.843,17.201,6.686
6.16333,188.714,160.632,135.599,84.170,57.547,30.896,17.257,6.684
6.16667,188.763,160.698,135.740,84.216,57.618,30.850,17.213,6.678
6.17000,188.896,160.796,135.749,84.294,57.668,30.886,17.268,6.636
6.17333,189.061,160.886,135.848,84.265,57.666,30.991,17.235,6.600
6.17667,189.108,160.918,135.968,84.355,57.743,30.950,17.274,6.703
6.18000,189.220,161.101,135.978,84.386,57.745,30.908,17.317,6.669
6.18333,189.316,161.181,136.066,84.413,57.797,30.954,17.255,6.658
6.18667,189.448,161.251,136.174,84.454,57.805,31.037,17.337,6.644
6.19000,189.527,161.340,136.221,84.580,57.848,31.028,17.325,6.684
6.19333,189.666,161.422,136.276,84.563,57.819,31.019,17.259,6.694
6.19667,189.726,161.524,136.357,84.608,57.840,31.052,17.292,6.688
6.20000,189.906,161.665,136.507,84.647,57.961,31.082,17.324,6.702
6.20333,189.887,161.691,136.576,84.780,57.999,31.069,17.367,6.644
6.20667,190.071,161.817,136.598,84.774,57.991,31.075,17.379,6.687
6.21000,190.194,161.884,136.638,84.801,58.034,31.129,17.316,6.643
6.21333,190.311,161.925,136.775,84.916,58.052,31.092,17.384,6.644
6.21667,190.349,162.070,136.875,84.928,58.096,31.161,17.383,6.696
6.22000,190.490,162.193,136.914,84.951,58.127,31.226,17.421,6.718
6.22333,190.594,162.214,137.034,84.969,58.110,31.228,17.402,6.698
6.22667,190.723,162.288,137.095,85.068,58.077,31.159,17.438,6.711
6.23000,190.787,162.463,137.104,85.146,58.263,31.190,17.396,6.723
6.23333,190.930,162.500,137.181,85.133,58.260,31.209,17.435,6.685
6.23667,190.983,162.639,137.331,85.220,58.292,31.269,17.429,6.745
6.24000,191.187,162.672,137.299,85.207,58.272,31.274,17.436,6.755
6.24333,191.149,162.851,137.455,85.314,58.324,31.269,17.485,6.748
6.24667,191.301,162.825,137.424,85.397,58.357,31.283,17.504,6.690
6.25000,191.470,162.898,137.597,85.382,58.347,31.360,17.520,6.769
6.25333,191.560,163.116,137.709,85.442,58.395,31.386,17.476,6.738
6.25667,191.665,163.144,137.697,85.511,58.527,31.389,17.492,6.739
6.26000,191.805,163.218,137.824,85.577,58.506,31.382,17.503,6.787
6.26333,191.899,163.332,137.931,85.615,58.578,31.405,17.452,6.794
6.26667,191.994,163.409,137.997,85.584,58.543,31.469,17.501,6.769
6.27000,192.141,163.489,138.048,85.656,58.612,31.434,17.528,6.765
6.27333,192.152,163.577,138.124,85.667,58.667,31.441,17.617,6.776
6.27667,192.295,163.637,138.204,85.788,58.681,31.441,17.556,6.796
6.28000,192.454,163.790,138.254,85.889,58.672,31.513,17.593,6.761
6.28333,192.506,163.869,138.367,85.838,58.693,31.538,17.603,6.776
6.28667,192.582,163.978,138.430,85.849,58.815,31.486,17.513,6.792
6.29000,192.716,164.080,138.485,85.984,58.785,31.575,17.609,6.806
6.29333,192.775,164.180,138.627,86.045,58.780,31.585,17.642,6.815
6.29667,192.904,164.223,138.716,86.146,58.809,31.596,17.603,6.798
6.30000,192.977,164.355,138.738,86.099,58.901,31.612,17.614,6.802
6.30333,193.104,164.365,138.823,86.189,58.937,31.617,17.657,6.809
6.30667,193.235,164.459,138.857,86.245,58.974,31.660,17.606,6.819
6.31000,193.305,164.611,138.913,86.316,59.041,31.678,17.664,6.835
6.31333,193.426,164.684,139.064,86.334,59.011,31.654,17.607,6.865
6.31667,193.520,164.810,139.068,86.280,59.081,31.670,17.712,6.842
6.32000,193.572,164.784,139.250,86.422,59.126,31.708,17.725,6.824
6.32333,193.715,164.993,139.222,86.437,59.098,31.759,17.676,6.895
6.32667,193.836,165.052,139.321,86.508,59.117,31.744,17.654,6.830
6.33000,193.993,165.058,139.485,86.558,59.172,31.774,17.723,6.866
6.33333,194.052,165.235,139.485,86.590,59.196,31.740,17.677,6.864
6.33667,194.140,165.323,139.553,86.713,59.223,31.812,17.717,6.823
6.34000,194.284,165.399,139.617,86.646,59.234,31.822,17.755,6.838
6.34333,194.316,165.484,139.707,86.671,59.293,31.789,17.720,6.837
6.34667,194.409,165.552,139.851,86.702,59.288,31.815,17.802,6.892
6.35000,194.530,165.613,139.831,86.860,59.290,31.877,17.759,6.848
6.35333,194.662,165.740,139.958,86.814,59.361,31.883,17.825,6.836
6.35667,194.781,165.783,140.037,86.863,59.404,31.884,17.776,6.875
6.36000,194.919,165.811,140.101,86.898,59.396,31.881,17.766,6.917
6.36333,195.021,166.018,140.152,87.028,59.497,31.956,17.881,6.893
6.36667,195.083,166.069,140.214,87.015,59.551,31.949,17.858,6.892
6.37000,195.271,166.171,140.355,87.071,59.543,31.961,17.819,6.885
6.37333,195.277,166.306,140.407,87.089,59.568,31.948,17.885,6.866
6.37667,195.437,166.349,140.495,87.235,59.596,31.944,17.799,6.896
6.38000,195.442,166.461,140.603,87.227,59.579,31.974,17.826,6.887
6.38333,195.521,166.550,140.591,87.397,59.657,32.059,17.862,6.887
6.38667,195.739,166.613,140.638,87.364,59.722,32.082,17.840,6.836
6.39000,195.859,166.767,140.764,87.369,59.732,32.107,17.854,6.917
6.39333,195.882,166.809,140.818,87.395,59.791,32.111,17.860,6.866
6.39667,195.996,166.906,140.913,87.431,59.835,32.042,17.945,6.949
6.40000,196.149,166.997,140.976,87.534,59.808,32.043,17.894,6.931
6.40333,196.282,166.972,141.082,87.576,59.794,32.121,17.906,6.915
6.40667,196.333,167.154,141.131,87.630,59.929,32.128,17.935,6.993
6.41000,196.493,167.257,141.203,87.622,59.907,32.169,17.927,6.999
6.41333,196.526,167.302,141.260,87.700,59.950,32.215,17.895,6.928
6.41667,196.629,167.402,141.435,87.802,59.997,32.188,18.006,6.961
6.42000,196.750,167.546,141.461,87.838,59.974,32.255,17.940,6.965
6.42333,196.867,167.612,141.426,87.835,59.981,32.297,17.990,6.999
6.42667,196.953,167.693,141.587,87.899,60.094,32.268,17.976,7.024
6.43000,197.113,167.804,141.679,87.917,60.120,32.318,17.987,7.015
6.43333,197.226,167.872,141.725,88.029,60.114,32.329,17.956,7.014
6.43667,197.325,167.898,141.789,88.030,60.198,32.318,18.034,6.931
6.44000,197.355,168.093,141.905,88.022,60.173,32.278,18.015,7.040
6.44333,197.435,168.133,141.934,88.128,60.264,32.309,18.114,6.989
6.44667,197.642,168.254,141.984,88.178,60.299,32.390,18.029,6.957
6.45000,197.653,168.243,142.164,88.232,60.255,32.386,18.060,6.995
6.45333,197.837,168.349,142.229,88.259,60.295,32.385,18.004,7.001
6.45667,197.879,168.479,142.267,88.336,60.294,32.428,18.065,7.049
6.46000,198.027,168.528,142.351,88.372,60.392,32.354,18.084,6.981
6.46333,198.077,168.664,142.375,88.444,60.386,32.451,18.091,7.073
6.46667,198.184,168.775,142.449,88.425,60.477,32.487,18.137,7.045
6.47000,198.240,168.857,142.528,88.504,60.444,32.513,18.134,7.084
6.47333,198.380,168.948,142.634,88.504,60.481,32.540,18.184,7.024
6.47667,198.514,169.010,142.721,88.550,60.521,32.542,18.080,7.030
6.48000,198.597,169.064,142.765,88.656,60.539,32.525,18.124,6.991
6.48333,198.703,169.136,142.793,88.706,60.528,32.564,18.199,6.999
6.48667,198.772,169.253,142.894,88.786,60.684,32.594,18.125,6.997
6.49000,198.878,169.305,142.963,88.770,60.697,32.597,18.109,7.053
6.49333,198.976,169.380,143.056,88.750,60.693,32.605,18.158,6.973
6.49667,199.181,169.533,143.084,88.936,60.689,32.670,18.181,7.030
6.50000,199.221,169.569,143.222,88.937,60.782,32.622,18.184,7.076
6.50333,199.301,169.722,143.279,88.996,60.821,32.665,18.156,7.085
6.50667,199.435,169.805,143.336,89.022,60.827,32.658,18.132,7.049
6.51000,199.581,169.864,143.403,89.032,60.867,32.682,18.251,7.029
6.51333,199.658,169.931,143.521,89.060,60.839,32.679,18.217,7.091
6.51667,199.714,170.083,143.598,89.166,60.940,32.733,18.265,7.117
6.52000,199.821,170.176,143.645,89.204,60.989,32.749,18.221,7.095
6.52333,199.840,170.251,143.724,89.246,60.959,32.725,18.249,7.105
6.52667,200.000,170.288,143.831,89.303,60.990,32.739,18.273,7.114
6.53000,200.037,170.462,143.919,89.332,61.003,32.824,18.292,7.134
6.53333,200.253,170.513,143.915,89.424,61.090,32.864,18.212,7.088
6.53667,200.326,170.544,144.045,89.365,61.078,32.896,18.224,7.060
6.54000,200.463,170.610,144.099,89.471,61.152,32.823,18.226,7.110
6.54333,200.557,170.703,144.255,89.517,61.152,32.881,18.282,7.133
6.54667,200.658,170.810,144.310,89.553,61.212,32.841,18.316,7.059
6.55000,200.731,170.982,144.351,89.657,61.162,32.910,18.348,7.122
6.55333,200.843,170.933,144.393,89.583,61.245,32.882,18.294,7.115
6.55667,200.941,171.064,144.475,89.704,61.326,32.902,18.422,7.194
6.56000,201.125,171.161,144.589,89.780,61.283,32.908,18.328,7.112
6.56333,201.108,171.311,144.590,89.755,61.415,32.903,18.381,7.130
6.56667,201.258,171.334,144.669,89.857,61.366,33.001,18.299,7.211
6.57000,201.348,171.393,144.791,89.851,61.387,32.969,18.375,7.145
6.57333,201.378,171.532,144.834,89.891,61.425,32.982,18.445,7.138
6.57667,201.575,171.605,144.885,89.981,61.527,33.025,18.368,7.221
6.58000,201.607,171.709,145.038,89.984,61.419,33.069,18.403,7.164
6.58333,201.723,171.795,145.027,90.018,61.529,33.086,18.438,7.176
6.58667,201.817,171.946,145.140,90.055,61.558,33.052,18.462,7.159
6.59000,201.928,171.963,145.176,90.159,61.568,33.078,18.492,7.180
6.59333,202.023,172.097,145.320,90.219,61.641,33.130,18.514,7.145
6.59667,202.139,172.146,145.372,90.206,61.655,33.090,18.415,7.165
6.60000,202.306,172.237,145.332,90.274,61.685,33.171,18.482,7.230
6.60333,202.335,172.355,145.483,90.359,61.723,33.144,18.539,7.176
6.60667,202.411,172.411,145.595,90.374,61.703,33.199,18.478,7.174
6.61000,202.519,172.475,145.625,90.383,61.754,33.190,18.518,7.163
6.61333,202.683,172.638,145.748,90.559,61.822,33.208,18.530,7.208
6.61667,202.772,172.680,145.819,90.512,61.866,33.300,18.523,7.170
6.62000,202.933,172.820,145.858,90.549,61.846,33.262,18.490,7.245
6.62333,202.939,172.798,145.964,90.578,61.913,33.251,18.558,7.300
6.62667,203.095,172.933,145.997,90.637,61.901,33.311,18.546,7.264
6.63000,203.161,172.968,146.100,90.750,61.975,33.203,18.552,7.249
6.63333,203.297,173.088,146.140,90.716,61.984,33.343,18.565,7.214
6.63667,203.357,173.232,146.228,90.805,61.946,33.318,18.573,7.147
6.64000,203.461,173.241,146.262,90.802,62.093,33.305,18.603,7.302
6.64333,203.583,173.403,146.353,90.867,62.096,33.346,18.605,7.275
6.64667,203.665,173.430,146.495,90.945,62.194,33.355,18.612,7.294
6.65000,203.752,173.567,146.507,90.963,62.156,33.388,18.665,7.243
6.65333,203.828,173.614,146.552,90.995,62.196,33.479,18.639,7.254
6.65667,203.986,173.672,146.604,91.129,62.215,33.333,18.582,7.270
6.66000,204.133,173.803,146.691,91.087,62.199,33.451,18.601,7.319
6.66333,204.226,173.899,146.792,91.090,62.272,33.453,18.627,7.199
6.66667,204.288,173.928,146.927,91.211,62.272,33.439,18.669,7.281
6.67000,204.364,173.974,146.978,91.229,62.336,33.480,18.664,7.226
6.67333,204.436,174.124,147.060,91.273,62.275,33.453,18.741,7.256
6.67667,204.533,174.189,147.150,91.369,62.350,33.484,18.710,7.316
6.68000,204.637,174.335,147.131,91.367,62.418,33.514,18.697,7.287
6.68333,204.731,174.339,147.194,91.417,62.450,33.564,18.728,7.309
6.68667,204.881,174.447,147.336,91.435,62.444,33.544,18.719,7.320
6.69000,204.960,174.552,147.368,91.537,62.480,33.642,18.717,7.317
6.69333,205.053,174.689,147.482,91.579,62.498,33.558,18.702,7.298
6.69667,205.160,174.703,147.523,91.618,62.518,33.565,18.769,7.299
6.70000,205.301,174.840,147.613,91.649,62.614,33.617,18.751,7.344
6.70333,205.410,174.887,147.732,91.726,62.609,33.631,18.735,7.341
6.70667,205.492,175.024,147.691,91.788,62.679,33.705,18.834,7.229
6.71000,205.627,175.106,147.802,91.824,62.693,33.731,18.741,7.309
6.71333,205.674,175.192,147.930,91.818,62.751,33.807,18.832,7.369
6.71667,205.779,175.226,147.980,91.857,62.752,33.765,18.828,7.412
6.72000,205.878,175.359,148.034,91.969,62.788,33.735,18.818,7.349
6.72333,206.018,175.419,148.108,91.989,62.809,33.684,18.848,7.362
6.72667,206.072,175.476,148.145,92.046,62.826,33.806,18.747,7.338
6.73000,206.154,175.570,148.263,91.989,62.883,33.803,18.971,7.363
6.73333,206.255,175.720,148.297,92.107,62.933,33.844,18.829,7.381
6.73667,206.337,175.814,148.419,92.187,62.923,33.785,18.875,7.357
6.74000,206.452,175.820,148.495,92.255,62.977,33.867,18.815,7.349
6.74333,206.620,175.922,148.537,92.271,62.999,33.810,18.927,7.388
6.74667,206.681,175.988,148.644,92.250,63.040,33.870,18.933,7.399
6.75000,206.766,176.145,148.636,92.309,63.056,33.870,18.937,7.316
6.75333,206.924,176.203,148.836,92.375,63.071,33.860,18.964,7.363
6.75667,206.905,176.309,148.872,92.451,63.089,33.939,18.910,7.372
6.76000,207.039,176.422,148.896,92.467,63.206,33.937,18.893,7.338
6.76333,207.198,176.494,149.028,92.531,63.161,33.976,18.863,7.382
6.76667,207.291,176.469,149.034,92.512,63.119,33.968,18.883,7.390
6.77000,207.403,176.643,149.103,92.614,63.206,33.974,18.876,7.409
6.77333,207.489,176.716,149.193,92.700,63.300,34.012,18.917,7.448
6.77667,207.583,176.782,149.255,92.674,63.269,34.035,18.949,7.419
6.78000,207.703,176.933,149.315,92.789,63.340,34.046,18.954,7.408
6.78333,207.786,176.940,149.427,92.786,63.317,34.072,18.963,7.423
6.78667,207.924,177.108,149.505,92.828,63.333,34.068,19.002,7.444
6.79000,207.984,177.088,149.532,92.905,63.407,34.146,18.968,7.465
6.79333,208.074,177.201,149.615,92.954,63.414,34.168,19.023,7.449
6.79667,208.211,177.279,149.709,92.972,63.471,34.092,19.056,7.444
6.80000,208.298,177.280,149.794,93.014,63.507,34.106,18.964,7.408
6.80333,208.396,177.528,149.882,93.121,63.624,34.180,19.078,7.405
6.80667,208.478,177.559,149.888,93.071,63.557,34.167,19.046,7.399
6.81000,208.547,177.615,149.882,93.141,63.595,34.154,19.112,7.437
6.81333,208.697,177.729,150.110,93.219,63.629,34.195,19.037,7.543
6.81667,208.749,177.865,150.151,93.276,63.630,34.231,19.084,7.430
6.82000,208.918,177.921,150.222,93.334,63.677,34.185,19.134,7.434
6.82333,208.976,177.955,150.317,93.343,63.729,34.211,19.073,7.476
6.82667,209.060,178.079,150.362,93.377,63.757,34.235,19.074,7.458
6.83000,209.222,178.141,150.392,93.355,63.755,34.285,19.135,7.517
6.83333,209.292,178.248,150.545,93.457,63.887,34.243,19.151,7.508
6.83667,209.364,178.353,150.578,93.495,63.805,34.385,19.121,7.457
6.84000,209.555,178.440,150.668,93.566,63.852,34.278,19.126,7.495
6.84333,209.608,178.474,150.708,93.650,63.913,34.381,19.149,7.512
6.84667,209.632,178.586,150.731,93.571,63.886,34.382,19.126,7.453
6.85000,209.746,178.634,150.854,93.685,63.960,34.365,19.188,7.575
6.85333,209.880,178.757,150.898,93.758,64.021,34.451,19.174,7.504
6.85667,209.980,178.909,150.968,93.892,63.985,34.406,19.155,7.471
6.86000,210.126,178.896,151.034,93.857,64.033,34.474,19.203,7.441
6.86333,210.153,178.942,151.106,93.831,64.105,34.417,19.226,7.507
6.86667,210.299,179.072,151.187,93.942,64.048,34.464,19.185,7.575
6.87000,210.431,179.170,151.241,94.009,64.151,34.516,19.202,7.515
6.87333,210.458,179.294,151.359,93.993,64.232,34.593,19.189,7.514
6.87667,210.585,179.365,151.464,94.062,64.172,34.531,19.247,7.511
6.88000,210.644,179.376,151.493,94.162,64.250,34.516,19.209,7.514
6.88333,210.780,179.526,151.556,94.150,64.223,34.482,19.302,7.535
6.88667,210.820,179.561,151.635,94.216,64.269,34.558,19.251,7.568
6.89000,210.998,179.667,151.661,94.229,64.332,34.568,19.272,7.550
6.89333,211.041,179.785,151.771,94.323,64.349,34.598,19.322,7.557
6.89667,211.121,179.861,151.845,94.386,64.341,34.630,19.299,7.579
6.90000,211.256,179.952,151.954,94.385,64.471,34.666,19.338,7.602
6.90333,211.340,179.994,152.018,94.417,64.403,34.650,19.257,7.547
6.90667,211.460,180.138,152.029,94.463,64.501,34.683,19.265,7.529
6.91000,211.558,180.155,152.140,94.500,64.566,34.664,19.296,7.545
6.91333,211.704,180.269,152.186,94.614,64.516,34.689,19.354,7.600
6.91667,211.780,180.370,152.288,94.559,64.572,34.733,19.323,7.596
6.92000,211.858,180.389,152.359,94.647,64.624,34.706,19.334,7.534
6.92333,211.928,180.563,152.441,94.654,64.611,34.760,19.242,7.581
6.92667,212.108,180.630,152.478,94.731,64.633,34.728,19.373,7.578
6.93000,212.143,180.723,152.562,94.736,64.729,34.840,19.361,7.574
6.93333,212.283,180.740,152.662,94.804,64.716,34.835,19.363,7.556
6.93667,212.384,180.872,152.679,94.896,64.772,34.848,19.364,7.558
6.94000,212.456,180.984,152.785,94.973,64.795,34.895,19.399,7.645
6.94333,212.584,180.989,152.843,95.037,64.869,34.863,19.450,7.557
6.94667,212.666,181.132,152.936,94.987,64.853,34.804,19.474,7.567
6.95000,212.789,181.213,153.043,95.015,64.811,34.874,19.465,7.569
6.95333,212.813,181.353,153.067,95.109,64.850,34.860,19.362,7.604
6.95667,213.009,181.400,153.137,95.159,64.931,34.902,19.483,7.692
6.96000,213.058,181.523,153.291,95.176,64.976,34.929,19.431,7.646
6.96333,213.182,181.564,153.311,95.210,64.964,34.939,19.477,7.655
6.96667,213.294,181.656,153.381,95.210,65.101,34.994,19.486,7.635
6.97000,213.343,181.749,153.444,95.278,65.035,34.993,19.462,7.666
6.97333,213.499,181.824,153.519,95.361,65.081,35.052,19.553,7.642
6.97667,213.567,181.907,153.559,95.476,65.114,35.076,19.486,7.712
6.98000,213.656,182.013,153.697,95.401,65.134,35.060,19.522,7.590
6.98333,213.714,182.064,153.738,95.547,65.208,34.958,19.482,7.602
6.98667,213.842,182.135,153.807,95.585,65.167,35.055,19.565,7.638
6.99000,213.996,182.315,153.867,95.632,65.225,35.159,19.498,7.672
6.99333,214.116,182.301,154.037,95.668,65.228,35.161,19.498,7.662
6.99667,214.165,182.430,154.060,95.740,65.274,35.115,19.581,7.694
7.00000,214.242,182.530,154.120,95.727,65.331,35.192,19.528,7.643
7.00333,214.324,182.624,154.155,95.713,65.308,35.175,19.592,7.676
7.00667,214.430,182.689,154.269,95.789,65.376,35.134,19.578,7.681
7.01000,214.494,182.769,154.280,95.898,65.406,35.117,19.566,7.730
7.01333,214.670,182.834,154.383,95.895,65.393,35.176,19.574,7.635
7.01667,214.700,182.900,154.396,95.951,65.529,35.231,19.632,7.685
7.02000,214.840,183.008,154.580,95.995,65.471,35.261,19.599,7.714
7.02333,214.932,183.088,154.616,96.119,65.561,35.197,19.632,7.736
7.02667,215.022,183.184,154.697,96.122,65.566,35.288,19.599,7.736
7.03000,215.119,183.298,154.719,96.036,65.535,35.249,19.679,7.669
7.03333,215.209,183.356,154.784,96.177,65.645,35.301,19.599,7.767
7.03667,215.277,183.401,154.854,96.166,65.601,35.341,19.727,7.745
7.04000,215.471,183.507,154.897,96.285,65.657,35.323,19.633,7.721
7.04333,215.567,183.629,155.056,96.316,65.655,35.408,19.683,7.730
7.04667,215.681,183.743,155.051,96.374,65.731,35.332,19.661,7.754
7.05000,215.759,183.809,155.205,96.447,65.733,35.353,19.676,7.708
7.05333,215.874,183.824,155.227,96.518,65.757,35.471,19.766,7.761
7.05667,215.964,183.997,155.289,96.521,65.835,35.414,19.739,7.742
7.06000,216.017,184.064,155.380,96.482,65.854,35.394,19.771,7.731
7.06333,216.210,184.113,155.442,96.608,65.837,35.449,19.698,7.831
7.06667,216.230,184.224,155.486,96.632,65.979,35.431,19.681,7.727
7.07000,216.343,184.342,155.606,96.714,65.943,35.466,19.714,7.768
7.07333,216.455,184.399,155.691,96.708,66.014,35.561,19.734,7.791
7.07667,216.551,184.455,155.758,96.774,65.950,35.530,19.747,7.744
7.08000,216.668,184.600,155.809,96.805,66.099,35.512,19.819,7.799
7.08333,216.687,184.626,155.861,96.846,66.061,35.549,19.835,7.758
7.08667,216.835,184.711,155.898,96.829,66.077,35.600,19.824,7.779
7.09000,216.960,184.809,155.980,97.004,66.162,35.547,19.780,7.736
7.09333,217.024,184.888,156.083,97.006,66.139,35.605,19.816,7.759
7.09667,217.167,185.019,156.137,97.045,66.201,35.626,19.811,7.836
7.10000,217.239,185.071,156.219,97.079,66.250,35.640,19.821,7.822
7.10333,217.287,185.149,156.348,97.111,66.214,35.673,19.828,7.843
7.10667,217.402,185.295,156.417,97.166,66.335,35.692,19.723,7.887
7.11000,217.524,185.236,156.429,97.260,66.320,35.734,19.892,7.805
7.11333,217.644,185.364,156.525,97.258,66.335,35.667,19.916,7.818
7.11667,217.715,185.499,156.632,97.248,66.401,35.773,19.824,7.848
7.12000,217.806,185.561,156.636,97.359,66.414,35.736,19.873,7.813
7.12333,217.890,185.650,156.719,97.428,66.365,35.750,19.916,7.775
7.12667,218.123,185.719,156.792,97.418,66.471,35.762,19.929,7.896
7.13000,218.149,185.824,156.932,97.495,66.463,35.765,19.970,7.819
7.13333,218.242,185.902,156.962,97.581,66.477,35.867,19.908,7.854
7.13667,218.316,186.020,156.988,97.505,66.517,35.851,19.983,7.806
7.14000,218.413,186.078,157.134,97.654,66.533,35.837,19.909,7.827
7.14333,218.498,186.111,157.170,97.673,66.594,35.795,19.850,7.868
7.14667,218.631,186.249,157.253,97.738,66.675,35.884,19.974,7.824
7.15000,218.698,186.420,157.279,97.710,66.663,35.884,19.975,7.829
7.15333,218.857,186.415,157.322,97.814,66.660,35.872,19.959,7.890
7.15667,218.873,186.522,157.461,97.781,66.682,35.875,19.993,7.827
7.16000,219.036,186.587,157.472,97.890,66.782,35.923,20.098,7.829
7.16333,219.215,186.709,157.637,97.944,66.726,35.995,20.012,7.857
7.16667,219.201,186.738,157.681,97.978,66.766,35.940,20.012,7.921
7.17000,219.365,186.888,157.727,98.096,66.811,35.972,20.022,7.870
7.17333,219.440,186.934,157.795,98.099,66.935,36.086,20.030,7.954
7.17667,219.533,187.015,157.918,98.182,66.932,36.013,20.056,7.880
7.18000,219.657,187.091,157.994,98.146,66.944,35.991,20.021,7.955
7.18333,219.708,187.190,158.034,98.235,66.937,36.077,20.045,7.906
7.18667,219.808,187.230,158.116,98.222,67.009,36.023,20.097,7.955
7.19000,220.019,187.387,158.114,98.344,67.045,36.122,20.011,7.931
7.19333,220.054,187.422,158.276,98.360,67.071,36.096,20.053,7.875
7.19667,220.131,187.465,158.306,98.426,67.059,36.087,20.088,7.959
7.20000,220.210,187.664,158.399,98.473,67.081,36.143,20.119,7.908
7.20333,220.336,187.705,158.443,98.455,67.135,36.153,20.111,7.907
7.20667,220.438,187.838,158.599,98.535,67.198,36.147,20.114,7.897
7.21000,220.532,187.866,158.626,98.545,67.184,36.159,20.144,7.934
7.21333,220.644,187.958,158.662,98.659,67.214,36.181,20.089,7.919
7.21667,220.694,188.111,158.760,98.645,67.272,36.247,20.150,7.906
7.22000,220.873,188.131,158.847,98.664,67.310,36.227,20.189,7.925
7.22333,220.881,188.241,158.877,98.818,67.335,36.242,20.182,7.969
7.22667,221.023,188.319,159.027,98.732,67.332,36.305,20.223,7.988
7.23000,221.106,188.369,159.043,98.876,67.405,36.247,20.207,7.966
7.23333,221.228,188.444,159.138,98.964,67.387,36.327,20.226,8.019
7.23667,221.357,188.599,159.167,99.011,67.430,36.314,20.220,7.991
7.24000,221.445,188.602,159.296,99.019,67.471,36.295,20.237,7.876
7.24333,221.483,188.751,159.342,99.006,67.489,36.388,20.244,7.921
7.24667,221.527,188.816,159.414,99.120,67.542,36.315,20.152,7.971
7.25000,221.747,188.820,159.466,98.990,67.557,36.382,20.208,8.022
7.25333,221.789,189.064,159.565,99.154,67.621,36.420,20.224,8.008
7.25667,221.924,189.081,159.662,99.289,67.673,36.429,20.227,7.985
7.26000,221.963,189.196,159.681,99.252,67.611,36.437,20.327,8.012
7.26333,222.094,189.266,159.796,99.294,67.746,36.410,20.326,8.013
7.26667,222.236,189.324,159.884,99.255,67.678,36.435,20.309,8.011
7.27000,222.273,189.415,159.981,99.440,67.770,36.450,20.257,7.995
7.27333,222.424,189.490,159.967,99.365,67.814,36.530,20.243,7.966
7.27667,222.510,189.591,160.135,99.484,67.828,36.515,20.307,7.988
7.28000,222.595,189.630,160.209,99.540,67.797,36.548,20.296,8.059
7.28333,222.759,189.784,160.165,99.588,67.849,36.620,20.300,8.031
7.28667,222.874,189.868,160.311,99.595,67.883,36.592,20.320,7.983
7.29000,222.908,189.946,160.360,99.672,67.909,36.593,20.355,7.973
7.29333,223.040,190.028,160.511,99.710,67.928,36.591,20.398,8.034
7.29667,223.147,190.068,160.567,99.757,68.058,36.607,20.338,8.058
7.30000,223.213,190.233,160.551,99.837,68.012,36.577,20.345,7.988
7.30333,223.317,190.213,160.602,99.870,68.085,36.604,20.464,8.063
7.30667,223.483,190.377,160.713,99.875,68.057,36.719,20.388,8.018
7.31000,223.486,190.405,160.804,99.903,68.076,36.744,20.412,8.040
7.31333,223.670,190.573,160.800,100.012,68.187,36.672,20.403,8.053
7.31667,223.729,190.564,160.903,100.000,68.172,36.705,20.450,8.094
7.32000,223.882,190.720,161.006,100.073,68.193,36.700,20.468,8.047
7.32333,223.994,190.800,161.026,100.115,68.167,36.745,20.466,8.106
7.32667,224.052,190.897,161.141,100.202,68.262,36.817,20.499,8.063
7.33000,224.108,190.927,161.177,100.260,68.273,36.755,20.466,8.092
7.33333,224.204,191.069,161.338,100.313,68.350,36.793,20.431,8.034
7.33667,224.290,191.138,161.406,100.252,68.393,36.753,20.567,8.049
7.34000,224.490,191.278,161.504,100.360,68.403,36.841,20.477,8.043
7.34333,224.622,191.331,161.532,100.391,68.405,36.846,20.486,8.065
7.34667,224.622,191.351,161.622,100.491,68.418,36.922,20.471,8.140
7.35000,224.756,191.463,161.640,100.500,68.498,36.923,20.512,8.176
7.35333,224.816,191.613,161.759,100.516,68.500,36.875,20.614,8.052
7.35667,225.015,191.678,161.791,100.671,68.582,36.882,20.563,8.152
7.36000,224.996,191.771,161.907,100.582,68.600,36.961,20.502,8.077
7.36333,225.103,191.807,161.985,100.709,68.598,36.940,20.530,8.086
7.36667,225.285,191.930,162.087,100.673,68.657,37.021,20.538,8.031
7.37000,225.310,191.979,162.128,100.801,68.631,37.008,20.573,8.168
7.37333,225.431,192.030,162.166,100.835,68.674,36.986,20.536,8.128
7.37667,225.576,192.186,162.281,100.819,68.680,37.064,20.592,8.124
7.38000,225.722,192.319,162.290,100.889,68.734,37.011,20.612,8.159
7.38333,225.769,192.354,162.376,100.922,68.855,37.013,20.562,8.140
7.38667,225.865,192.413,162.504,100.938,68.822,37.091,20.654,8.127
7.39000,225.954,192.523,162.542,101.029,68.795,37.132,20.633,8.121
7.39333,226.179,192.642,162.669,101.068,68.882,37.102,20.597,8.129
7.39667,226.184,192.710,162.656,101.059,68.886,37.133,20.624,8.095
7.40000,226.256,192.744,162.734,101.205,68.960,37.133,20.741,8.138
7.40333,226.375,192.931,162.800,101.225,69.001,37.172,20.642,8.137
7.40667,226.541,192.948,162.979,101.254,69.022,37.144,20.690,8.216
7.41000,226.549,193.085,162.984,101.274,69.025,37.131,20.722,8.214
7.41333,226.678,193.130,163.018,101.329,69.061,37.243,20.712,8.197
7.41667,226.731,193.244,163.038,101.417,69.101,37.194,20.723,8.166
7.42000,226.835,193.318,163.242,101.462,69.153,37.243,20.657,8.143
7.42333,227.039,193.446,163.263,101.536,69.166,37.296,20.735,8.191
7.42667,227.046,193.504,163.326,101.547,69.157,37.342,20.673,8.245
7.43000,227.164,193.602,163.427,101.636,69.221,37.311,20.802,8.197
7.43333,227.288,193.672,163.507,101.596,69.313,37.320,20.744,8.210
7.43667,227.296,193.732,163.576,101.690,69.289,37.366,20.809,8.182
7.44000,227.503,193.853,163.672,101.787,69.346,37.362,20.719,8.161
7.44333,227.589,193.942,163.731,101.684,69.355,37.324,20.783,8.244
7.44667,227.709,194.056,163.836,101.822,69.395,37.341,20.713,8.277
7.45000,227.832,194.135,163.856,101.843,69.405,37.390,20.807,8.214
7.45333,227.852,194.232,163.985,101.948,69.493,37.405,20.785,8.186
7.45667,228.004,194.288,163.984,101.930,69.446,37.412,20.869,8.238
7.46000,228.141,194.389,164.076,101.986,69.477,37.423,20.782,8.224
7.46333,228.242,194.454,164.123,102.068,69.532,37.430,20.822,8.255
7.46667,228.336,194.472,164.209,102.133,69.548,37.471,20.813,8.249
7.47000,228.421,194.608,164.326,102.159,69.626,37.508,20.810,8.193
7.47333,228.496,194.744,164.383,102.258,69.569,37.476,20.822,8.164
7.47667,228.580,194.807,164.472,102.333,69.639,37.570,20.931,8.213
7.48000,228.653,194.873,164.552,102.247,69.711,37.559,20.936,8.250
7.48333,228.853,194.960,164.672,102.373,69.719,37.563,20.918,8.267
7.48667,228.932,195.061,164.717,102.336,69.758,37.600,20.877,8.236
7.49000,229.026,195.194,164.816,102.472,69.804,37.607,20.900,8.267
7.49333,229.110,195.254,164.829,102.438,69.818,37.603,20.902,8.250
7.49667,229.229,195.391,164.887,102.528,69.831,37.634,20.969,8.256
7.50000,229.305,195.428,164.992,102.627,69.870,37.687,20.942,8.269
7.50333,229.386,195.539,165.079,102.608,69.905,37.621,20.882,8.320
7.50667,229.536,195.597,165.058,102.687,69.893,37.714,20.932,8.271
7.51000,229.649,195.673,165.152,102.721,69.970,37.742,20.898,8.319
7.51333,229.747,195.792,165.327,102.785,69.983,37.702,20.916,8.338
7.51667,229.825,195.813,165.371,102.737,70.102,37.747,20.963,8.314
7.52000,229.962,195.938,165.389,102.807,70.095,37.754,21.022,8.274
7.52333,230.072,196.063,165.467,102.948,70.049,37.779,20.979,8.345
7.52667,230.117,196.117,165.594,102.938,70.137,37.794,20.938,8.341
7.53000,230.289,196.214,165.709,103.026,70.068,37.899,21.017,8.291
7.53333,230.335,196.337,165.669,103.052,70.184,37.802,20.987,8.388
7.53667,230.474,196.395,165.786,103.025,70.213,37.812,21.051,8.334
7.54000,230.541,196.467,165.869,103.157,70.236,37.842,20.985,8.288
7.54333,230.673,196.549,165.918,103.137,70.286,37.851,21.077,8.346
7.54667,230.801,196.706,166.064,103.332,70.260,37.875,21.078,8.407
7.55000,230.857,196.775,166.091,103.317,70.383,37.890,21.043,8.290
7.55333,231.014,196.874,166.155,103.383,70.328,37.943,21.026,8.367
7.55667,231.057,196.932,166.274,103.320,70.444,38.025,21.124,8.360
7.56000,231.202,197.056,166.322,103.441,70.416,37.980,21.083,8.393
7.56333,231.245,197.122,166.457,103.426,70.427,37.928,21.114,8.400
7.56667,231.405,197.246,166.480,103.541,70.461,38.004,21.047,8.353
7.57000,231.503,197.302,166.572,103.596,70.466,37.998,21.182,8.391
7.57333,231.553,197.363,166.642,103.645,70.566,38.004,21.124,8.390
7.57667,231.698,197.469,166.722,103.681,70.647,38.008,21.117,8.326
7.58000,231.840,197.564,166.772,103.682,70.626,37.984,21.167,8.359
7.58333,231.887,197.614,166.866,103.780,70.637,38.095,21.143,8.382
7.58667,232.083,197.741,166.896,103.806,70.682,38.174,21.151,8.377
7.59000,232.047,197.858,167.060,103.895,70.697,38.138,21.151,8.459
7.59333,232.238,197.879,167.039,103.923,70.751,38.160,21.219,8.433
7.59667,232.345,198.003,167.162,103.884,70.794,38.177,21.193,8.390
7.60000,232.443,198.114,167.263,103.981,70.824,38.223,21.229,8.425
7.60333,232.524,198.194,167.334,104.051,70.895,38.163,21.268,8.388
7.60667,232.670,198.285,167.384,104.074,70.878,38.196,21.234,8.450
7.61000,232.777,198.441,167.517,104.127,70.932,38.180,21.175,8.389
7.61333,232.853,198.458,167.544,104.175,70.934,38.248,21.293,8.511
7.61667,232.896,198.531,167.613,104.231,70.957,38.251,21.207,8.438
7.62000,233.064,198.647,167.652,104.310,71.003,38.303,21.342,8.475
7.62333,233.183,198.717,167.705,104.264,70.999,38.268,21.218,8.449
7.62667,233.221,198.832,167.831,104.294,70.978,38.371,21.272,8.464
7.63000,233.451,198.858,167.916,104.419,71.046,38.341,21.286,8.440
7.63333,233.513,198.968,167.966,104.475,71.091,38.352,21.240,8.435
7.63667,233.593,199.064,168.024,104.517,71.108,38.322,21.369,8.434
7.64000,233.653,199.147,168.129,104.589,71.199,38.337,21.378,8.407
7.64333,233.860,199.303,168.163,104.612,71.227,38.356,21.344,8.503
7.64667,233.914,199.305,168.251,104.627,71.240,38.454,21.396,8.438
7.65000,234.041,199.408,168.393,104.697,71.314,38.441,21.329,8.502
7.65333,234.172,199.534,168.427,104.746,71.356,38.414,21.375,8.425
7.65667,234.260,199.617,168.542,104.762,71.305,38.467,21.420,8.545
7.66000,234.347,199.752,168.685,104.834,71.447,38.495,21.399,8.547
7.66333,234.458,199.804,168.676,104.934,71.416,38.480,21.404,8.503
7.66667,234.548,199.871,168.828,104.884,71.451,38.518,21.393,8.450
7.67000,234.735,199.986,168.822,105.022,71.547,38.537,21.390,8.521
7.67333,234.795,200.135,168.971,105.060,71.449,38.557,21.444,8.479
7.67667,234.845,200.198,168.961,105.060,71.558,38.584,21.517,8.515
7.68000,234.928,200.282,169.103,105.055,71.577,38.557,21.439,8.532
7.68333,235.075,200.325,169.164,105.197,71.589,38.582,21.462,8.507
7.68667,235.181,200.451,169.201,105.165,71.606,38.575,21.468,8.494
7.69000,235.226,200.485,169.241,105.291,71.580,38.620,21.487,8.544
7.69333,235.336,200.618,169.328,105.359,71.760,38.647,21.487,8.465
7.69667,235.510,200.703,169.415,105.330,71.733,38.617,21.475,8.474
7.70000,235.569,200.837,169.449,105.419,71.832,38.723,21.515,8.519
7.70333,235.761,200.963,169.604,105.389,71.778,38.677,21.510,8.589
7.70667,235.857,200.985,169.637,105.538,71.801,38.747,21.524,8.513
7.71000,235.931,201.091,169.803,105.573,71.923,38.728,21.545,8.495
7.71333,236.081,201.215,169.824,105.636,71.885,38.754,21.535,8.597
7.71667,236.185,201.301,169.889,105.669,71.969,38.801,21.547,8.507
7.72000,236.234,201.378,169.985,105.701,72.012,38.718,21.590,8.591
7.72333,236.352,201.348,170.076,105.742,72.030,38.860,21.615,8.550
7.72667,236.464,201.619,170.170,105.796,72.015,38.787,21.598,8.552
7.73000,236.561,201.637,170.231,105.911,72.081,38.847,21.546,8.582
7.73333,236.669,201.758,170.309,105.891,72.061,38.842,21.601,8.580
7.73667,236.809,201.814,170.334,105.939,72.131,38.899,21.617,8.611
7.74000,236.893,201.923,170.459,105.946,72.135,38.926,21.623,8.589
7.74333,237.023,201.981,170.489,106.014,72.218,38.988,21.624,8.598
7.74667,237.098,202.068,170.518,106.099,72.186,39.043,21.613,8.559
7.75000,237.197,202.191,170.719,106.206,72.262,38.949,21.641,8.647
7.75333,237.319,202.230,170.791,106.142,72.263,38.975,21.688,8.605
7.75667,237.401,202.391,170.838,106.216,72.338,39.002,21.614,8.617
7.76000,237.503,202.432,170.890,106.289,72.402,39.072,21.698,8.665
7.76333,237.647,202.502,170.968,106.335,72.358,39.037,21.672,8.619
7.76667,237.711,202.667,171.045,106.349,72.430,39.070,21.724,8.569
7.77000,237.798,202.737,171.142,106.426,72.465,39.043,21.721,8.627
7.77333,238.021,202.837,171.211,106.454,72.482,39.080,21.731,8.663
7.77667,238.080,202.907,171.267,106.497,72.577,39.105,21.673,8.653
7.78000,238.180,203.073,171.370,106.572,72.526,39.163,21.742,8.574
7.78333,238.298,203.081,171.478,106.639,72.542,39.169,21.779,8.630
7.78667,238.440,203.139,171.534,106.685,72.596,39.152,21.678,8.656
7.79000,238.484,203.248,171.609,106.762,72.627,39.201,21.715,8.625
7.79333,238.629,203.349,171.674,106.802,72.769,39.241,21.744,8.637
7.79667,238.726,203.476,171.780,106.796,72.707,39.211,21.790,8.669
7.80000,238.838,203.567,171.851,106.890,72.778,39.255,21.809,8.674
7.80333,238.912,203.677,171.973,106.909,72.811,39.234,21.797,8.661
7.80667,239.023,203.741,172.008,106.937,72.812,39.256,21.771,8.621
7.81000,239.115,203.876,172.041,107.071,72.818,39.334,21.822,8.628
7.81333,239.250,203.926,172.226,107.031,72.850,39.290,21.823,8.686
7.81667,239.386,204.084,172.243,107.194,72.932,39.371,21.858,8.683
7.82000,239.457,204.104,172.363,107.188,72.961,39.340,21.828,8.687
7.82333,239.544,204.211,172.360,107.270,72.978,39.337,21.853,8.690
7.82667,239.758,204.280,172.454,107.318,73.019,39.303,21.927,8.690
7.83000,239.779,204.459,172.569,107.292,73.091,39.391,21.853,8.740
7.83333,239.953,204.482,172.615,107.371,72.997,39.442,21.950,8.652
7.83667,239.971,204.527,172.696,107.419,73.088,39.449,21.883,8.692
7.84000,240.148,204.658,172.835,107.446,73.142,39.482,21.873,8.692
7.84333,240.244,204.774,172.908,107.526,73.123,39.533,21.979,8.703
7.84667,240.401,204.833,172.937,107.555,73.167,39.473,21.863,8.662
7.85000,240.496,204.933,173.053,107.644,73.235,39.535,21.927,8.724
7.85333,240.575,205.018,173.049,107.648,73.390,39.529,21.929,8.698
7.85667,240.614,205.136,173.245,107.701,73.346,39.516,21.965,8.790
7.86000,240.795,205.300,173.279,107.737,73.308,39.581,21.944,8.736
7.86333,240.930,205.391,173.322,107.825,73.460,39.568,21.964,8.758
7.86667,240.977,205.434,173.497,107.811,73.442,39.649,22.006,8.746
7.87000,241.116,205.557,173.510,107.904,73.473,39.631,21.977,8.801
7.87333,241.214,205.641,173.601,108.006,73.504,39.661,22.001,8.746
7.87667,241.359,205.692,173.607,107.997,73.514,39.660,22.115,8.782
7.88000,241.420,205.755,173.751,108.026,73.533,39.703,22.054,8.779
7.88333,241.567,205.860,173.887,108.106,73.647,39.661,22.006,8.814
7.88667,241.670,205.968,173.944,108.222,73.614,39.734,22.067,8.747
7.89000,241.810,206.099,173.976,108.256,73.654,39.701,22.037,8.822
7.89333,241.852,206.182,174.066,108.272,73.655,39.669,22.039,8.778
7.89667,242.018,206.223,174.154,108.299,73.711,39.795,22.103,8.773
7.90000,242.112,206.390,174.239,108.360,73.691,39.747,22.080,8.775
7.90333,242.213,206.531,174.305,108.393,73.749,39.782,22.126,8.867
7.90667,242.295,206.567,174.390,108.458,73.841,39.906,22.081,8.805
7.91000,242.457,206.671,174.507,108.512,73.835,39.904,22.125,8.824
7.91333,242.570,206.719,174.529,108.555,73.885,39.903,22.135,8.734
7.91667,242.653,206.887,174.642,108.637,73.937,39.857,22.175,8.830
7.92000,242.776,206.893,174.714,108.701,73.957,39.876,22.176,8.875
7.92333,242.882,207.027,174.758,108.678,73.941,39.907,22.241,8.763
7.92667,243.041,207.110,174.845,108.759,73.983,39.932,22.142,8.830
7.93000,243.062,207.237,174.975,108.820,73.965,39.940,22.182,8.858
7.93333,243.211,207.316,174.997,108.836,74.087,40.031,22.182,8.876
7.93667,243.335,207.382,175.098,108.901,74.098,39.954,22.183,8.871
7.94000,243.484,207.548,175.124,109.009,74.108,40.019,22.226,8.849
7.94333,243.517,207.544,175.276,109.021,74.267,39.945,22.253,8.893
7.94667,243.635,207.711,175.351,109.098,74.210,40.063,22.233,8.832
7.95000,243.786,207.799,175.406,109.197,74.231,40.087,22.261,8.934
7.95333,243.861,207.936,175.514,109.143,74.264,40.092,22.196,8.881
7.95667,244.016,207.986,175.607,109.182,74.300,40.062,22.234,8.892
7.96000,244.122,208.060,175.732,109.314,74.317,40.122,22.263,8.869
7.96333,244.205,208.162,175.758,109.304,74.404,40.172,22.305,8.839
7.96667,244.290,208.297,175.821,109.379,74.378,40.207,22.330,8.894
7.97000,244.431,208.404,175.927,109.427,74.480,40.135,22.321,8.916
7.97333,244.569,208.453,175.996,109.451,74.435,40.220,22.346,8.889
7.97667,244.670,208.546,176.048,109.538,74.567,40.166,22.347,8.939
7.98000,244.759,208.628,176.131,109.510,74.644,40.256,22.391,8.932
7.98333,244.855,208.691,176.202,109.628,74.599,40.257,22.358,8.913
7.98667,244.936,208.860,176.315,109.701,74.607,40.222,22.368,8.949
7.99000,245.111,208.962,176.424,109.747,74.608,40.227,22.336,8.871
7.99333,245.187,208.998,176.450,109.782,74.669,40.299,22.374,8.925
7.99667,245.325,209.161,176.545,109.804,74.721,40.344,22.388,8.975
8.00000,245.466,209.176,176.621,109.880,74.737,40.343,22.444,8.959
8.00333,245.515,209.349,176.727,109.899,74.778,40.408,22.367,8.937
8.00667,245.627,209.447,176.851,109.958,74.809,40.370,22.420,8.953
8.01000,245.703,209.556,176.885,110.045,74.843,40.364,22.387,8.943
8.01333,245.910,209.588,176.967,110.106,74.857,40.449,22.474,8.935
8.01667,246.009,209.738,177.056,110.094,74.943,40.437,22.476,8.938
8.02000,246.089,209.817,177.143,110.174,74.984,40.453,22.430,8.966
8.02333,246.152,209.909,177.201,110.224,75.002,40.523,22.478,8.995
8.02667,246.352,209.999,177.317,110.335,75.031,40.497,22.457,8.987
8.03000,246.475,210.105,177.345,110.353,75.060,40.471,22.423,8.897
8.03333,246.531,210.180,177.504,110.460,75.086,40.471,22.487,8.980
8.03667,246.674,210.262,177.534,110.482,75.127,40.570,22.565,9.034
8.04000,246.835,210.442,177.553,110.495,75.138,40.568,22.548,9.004
8.04333,246.974,210.463,177.651,110.551,75.222,40.517,22.538,8.956
8.04667,247.047,210.545,177.811,110.608,75.256,40.562,22.528,9.021
8.05000,247.120,210.717,177.835,110.675,75.294,40.591,22.517,9.020
8.05333,247.216,210.742,177.918,110.664,75.322,40.695,22.564,9.025
8.05667,247.361,210.869,177.979,110.708,75.304,40.670,22.519,9.052
8.06000,247.469,210.971,178.113,110.784,75.362,40.685,22.506,9.080
8.06333,247.585,211.162,178.235,110.862,75.443,40.713,22.620,9.031
8.06667,247.728,211.141,178.290,110.926,75.459,40.729,22.601,8.992
8.07000,247.771,211.272,178.350,110.952,75.525,40.766,22.636,9.019
8.07333,247.888,211.299,178.404,110.976,75.514,40.773,22.676,9.032
8.07667,248.028,211.462,178.517,111.142,75.526,40.802,22.636,9.051
8.08000,248.144,211.525,178.544,111.148,75.565,40.782,22.679,9.004
8.08333,248.238,211.650,178.672,111.204,75.631,40.758,22.684,9.011
8.08667,248.354,211.762,178.834,111.216,75.624,40.750,22.678,9.055
8.09000,248.458,211.880,178.844,111.272,75.646,40.845,22.719,9.046
8.09333,248.654,211.929,178.946,111.383,75.714,40.847,22.698,9.069
8.09667,248.699,212.038,179.029,111.380,75.738,40.881,22.713,9.101
8.10000,248.850,212.139,179.094,111.413,75.803,40.889,22.724,9.027
8.10333,248.967,212.247,179.207,111.500,75.899,41.001,22.688,9.076
8.10667,249.098,212.387,179.279,111.482,75.903,41.024,22.746,9.095
8.11000,249.257,212.454,179.389,111.614,75.830,40.886,22.835,9.068
8.11333,249.269,212.549,179.464,111.661,75.946,40.991,22.758,9.082
8.11667,249.424,212.652,179.493,111.674,75.986,40.943,22.789,9.090
8.12000,249.537,212.746,179.626,111.680,75.986,41.019,22.773,9.090
8.12333,249.629,212.849,179.757,111.882,76.044,41.001,22.813,9.120
8.12667,249.765,212.882,179.796,111.882,76.043,41.073,22.835,9.201
8.13000,249.817,212.978,179.818,111.855,76.145,41.087,22.780,9.133
8.13333,250.042,213.137,179.943,111.949,76.169,41.104,22.795,9.114
8.13667,250.117,213.234,179.995,112.046,76.207,41.167,22.837,9.115
8.14000,250.253,213.283,180.117,112.088,76.213,41.186,22.854,9.150
8.14333,250.312,213.498,180.180,112.097,76.234,41.123,22.939,9.205
8.14667,250.451,213.543,180.260,112.155,76.245,41.236,22.820,9.165
8.15000,250.587,213.641,180.333,112.251,76.321,41.167,22.853,9.133
8.15333,250.676,213.735,180.404,112.240,76.363,41.259,22.888,9.188
8.15667,250.803,213.852,180.495,112.327,76.381,41.242,22.916,9.172
8.16000,250.934,213.951,180.590,112.442,76.416,41.234,22.895,9.162
8.16333,251.036,214.070,180.693,112.464,76.460,41.246,22.851,9.123
8.16667,251.188,214.130,180.807,112.469,76.506,41.244,22.877,9.114
8.17000,251.246,214.225,180.831,112.499,76.545,41.324,22.984,9.144
8.17333,251.402,214.370,180.954,112.609,76.592,41.285,22.959,9.150
8.17667,251.504,214.482,181.040,112.622,76.588,41.353,22.949,9.156
8.18000,251.525,214.577,181.085,112.651,76.629,41.359,22.990,9.220
8.18333,251.769,214.608,181.134,112.774,76.669,41.385,22.990,9.133
8.18667,251.871,214.763,181.273,112.757,76.688,41.364,23.011,9.233
8.19000,251.962,214.885,181.297,112.851,76.748,41.382,22.952,9.273
8.19333,252.140,214.895,181.483,112.899,76.841,41.442,22.961,9.246
8.19667,252.183,215.049,181.545,112.923,76.763,41.418,23.043,9.216
8.20000,252.265,215.074,181.616,112.967,76.844,41.469,23.087,9.245
8.20333,252.444,215.253,181.676,113.064,76.871,41.491,23.025,9.261
8.20667,252.519,215.313,181.821,113.141,76.858,41.498,23.060,9.204
8.21000,252.635,215.445,181.914,113.200,76.934,41.534,23.039,9.228
8.21333,252.819,215.571,181.980,113.280,76.998,41.566,23.099,9.250
8.21667,252.917,215.626,181.997,113.261,77.100,41.555,23.068,9.247
8.22000,253.053,215.764,182.129,113.356,77.074,41.627,23.026,9.269
8.22333,253.130,215.858,182.183,113.413,77.127,41.608,23.057,9.215
8.22667,253.279,215.922,182.305,113.387,77.108,41.668,23.096,9.272
8.23000,253.351,216.046,182.386,113.530,77.211,41.624,23.167,9.254
8.23333,253.490,216.144,182.476,113.523,77.188,41.700,23.094,9.323
8.23667,253.645,216.213,182.542,113.653,77.275,41.743,23.069,9.221
8.24000,253.767,216.355,182.671,113.590,77.284,41.709,23.182,9.268
8.24333,253.913,216.410,182.797,113.667,77.300,41.754,23.189,9.263
8.24667,253.972,216.512,182.839,113.793,77.358,41.717,23.216,9.283
8.25000,254.110,216.620,182.871,113.831,77.380,41.849,23.257,9.284
8.25333,254.235,216.799,182.953,113.889,77.447,41.792,23.249,9.366
8.25667,254.310,216.826,183.152,113.890,77.454,41.916,23.165,9.329
8.26000,254.476,217.040,183.127,114.003,77.514,41.809,23.225,9.250
8.26333,254.556,217.057,183.235,114.028,77.496,41.865,23.213,9.290
8.26667,254.630,217.176,183.319,114.050,77.582,42.003,23.251,9.262
8.27000,254.784,217.245,183.405,114.103,77.630,41.855,23.240,9.307
8.27333,254.928,217.316,183.457,114.177,77.686,41.894,23.240,9.354
8.27667,255.100,217.437,183.678,114.257,77.674,41.949,23.277,9.318
8.28000,255.140,217.565,183.619,114.328,77.685,41.972,23.326,9.352
8.28333,255.257,217.676,183.758,114.344,77.748,41.944,23.272,9.316
8.28667,255.403,217.837,183.862,114.397,77.758,41.945,23.274,9.399
8.29000,255.532,217.857,183.937,114.490,77.775,41.989,23.312,9.291
8.29333,255.618,217.995,183.998,114.506,77.834,41.990,23.313,9.343
8.29667,255.734,218.022,184.103,114.594,77.868,42.025,23.297,9.361
8.30000,255.863,218.201,184.241,114.566,77.912,42.117,23.334,9.360
8.30333,255.981,218.302,184.295,114.651,77.917,42.097,23.338,9.385
8.30667,256.082,218.394,184.389,114.707,77.941,42.134,23.394,9.317
8.31000,256.327,218.430,184.435,114.797,77.985,42.160,23.456,9.369
8.31333,256.298,218.581,184.569,114.834,78.009,42.164,23.379,9.306
8.31667,256.490,218.709,184.555,114.861,78.052,42.185,23.371,9.368
8.32000,256.595,218.788,184.655,114.933,78.217,42.162,23.329,9.414
8.32333,256.751,218.928,184.749,115.023,78.206,42.279,23.432,9.410
8.32667,256.798,218.926,184.876,115.060,78.208,42.262,23.427,9.433
8.33000,256.906,219.095,184.969,115.155,78.268,42.285,23.483,9.378
8.33333,257.036,219.232,185.106,115.141,78.307,42.318,23.447,9.356
8.33667,257.191,219.290,185.147,115.186,78.343,42.291,23.461,9.400
8.34000,257.262,219.356,185.227,115.238,78.375,42.289,23.504,9.388
8.34333,257.404,219.537,185.314,115.313,78.442,42.305,23.408,9.420
8.34667,257.546,219.604,185.455,115.403,78.444,42.357,23.444,9.467
8.35000,257.712,219.722,185.453,115.448,78.466,42.396,23.511,9.413
8.35333,257.720,219.808,185.552,115.438,78.461,42.367,23.573,9.432
8.35667,257.913,219.941,185.684,115.521,78.550,42.423,23.581,9.472
8.36000,257.974,219.986,185.692,115.609,78.557,42.508,23.503,9.450
8.36333,258.152,220.088,185.827,115.653,78.678,42.464,23.612,9.470
8.36667,258.254,220.170,185.874,115.672,78.676,42.477,23.601,9.478
8.37000,258.411,220.389,185.982,115.683,78.701,42.484,23.519,9.461
8.37333,258.532,220.335,186.088,115.800,78.777,42.504,23.603,9.444
8.37667,258.606,220.525,186.091,115.889,78.741,42.512,23.629,9.559
8.38000,258.682,220.633,186.236,115.919,78.799,42.597,23.617,9.483
8.38333,258.845,220.736,186.369,115.954,78.808,42.575,23.619,9.435
8.38667,258.970,220.839,186.470,116.040,78.849,42.591,23.651,9.545
8.39000,259.156,220.956,186.523,116.033,78.881,42.673,23.670,9.500
8.39333,259.191,221.090,186.590,116.148,78.901,42.628,23.573,9.463
8.39667,259.375,221.127,186.709,116.180,79.011,42.685,23.683,9.496
8.40000,259.448,221.230,186.797,116.273,79.034,42.675,23.637,9.549
8.40333,259.580,221.346,186.854,116.381,79.054,42.690,23.667,9.506
8.40667,259.721,221.528,187.037,116.369,79.109,42.703,23.687,9.475
8.41000,259.842,221.532,187.043,116.406,79.134,42.731,23.733,9.519
8.41333,259.962,221.673,187.114,116.461,79.187,42.779,23.739,9.467
8.41667,260.072,221.822,187.240,116.564,79.231,42.826,23.785,9.513
8.42000,260.226,221.913,187.282,116.594,79.176,42.840,23.794,9.416
8.42333,260.364,221.996,187.374,116.687,79.271,42.809,23.772,9.535
8.42667,260.486,222.113,187.447,116.658,79.304,42.901,23.761,9.530
8.43000,260.484,222.203,187.520,116.732,79.378,42.868,23.851,9.507
8.43333,260.685,222.291,187.638,116.811,79.392,42.838,23.805,9.530
8.43667,260.852,222.436,187.755,116.926,79.358,42.945,23.830,9.582
8.44000,260.908,222.570,187.782,116.881,79.405,42.950,23.840,9.529
8.44333,261.069,222.648,187.932,116.937,79.516,42.966,23.889,9.593
8.44667,261.139,222.766,188.129,117.017,79.549,42.945,23.845,9.576
8.45000,261.278,222.829,188.108,117.104,79.574,42.979,23.777,9.645
8.45333,261.462,222.925,188.225,117.131,79.558,42.996,23.851,9.559
8.45667,261.477,223.028,188.241,117.157,79.660,43.013,23.856,9.558
8.46000,261.632,223.187,188.411,117.252,79.670,43.087,23.859,9.560
8.46333,261.772,223.245,188.468,117.310,79.684,43.091,23.968,9.592
8.46667,261.873,223.369,188.562,117.393,79.721,43.065,23.913,9.599
8.47000,262.017,223.517,188.645,117.355,79.773,43.147,23.959,9.584
8.47333,262.115,223.595,188.704,117.414,79.850,43.139,23.991,9.591
8.47667,262.262,223.691,188.779,117.478,79.836,43.196,23.937,9.597
8.48000,262.457,223.751,188.996,117.514,79.934,43.150,24.012,9.539
8.48333,262.545,223.888,188.935,117.611,79.920,43.173,23.973,9.612
8.48667,262.566,223.945,189.060,117.647,79.950,43.222,23.876,9.652
8.49000,262.713,224.058,189.156,117.819,80.017,43.212,23.912,9.649
8.49333,262.887,224.167,189.228,117.778,79.954,43.218,23.994,9.669
8.49667,262.943,224.288,189.375,117.908,80.127,43.262,24.002,9.660
8.50000,263.124,224.401,189.381,117.898,80.107,43.342,23.961,9.648
8.50333,263.211,224.463,189.582,117.924,80.198,43.290,24.011,9.681
8.50667,263.371,224.692,189.657,118.010,80.194,43.251,24.077,9.692
8.51000,263.472,224.677,189.713,118.074,80.212,43.332,24.049,9.664
8.51333,263.618,224.790,189.810,118.124,80.231,43.348,24.043,9.720
8.51667,263.759,224.925,189.904,118.182,80.349,43.327,24.022,9.697
8.52000,263.896,225.018,189.955,118.165,80.364,43.426,24.096,9.621
8.52333,263.963,225.026,190.004,118.326,80.390,43.485,24.067,9.704
8.52667,264.073,225.211,190.130,118.342,80.423,43.428,24.043,9.676
8.53000,264.174,225.328,190.212,118.425,80.590,43.397,24.097,9.679
8.53333,264.421,225.483,190.313,118.439,80.547,43.532,24.113,9.649
8.53667,264.441,225.518,190.390,118.534,80.579,43.530,24.127,9.754
8.54000,264.577,225.654,190.560,118.598,80.531,43.514,24.154,9.712
8.54333,264.755,225.736,190.653,118.679,80.617,43.567,24.177,9.693
8.54667,264.785,225.872,190.658,118.692,80.701,43.601,24.146,9.701
8.55000,264.982,225.996,190.724,118.736,80.660,43.562,24.177,9.760
8.55333,265.087,226.122,190.854,118.840,80.653,43.567,24.187,9.649
8.55667,265.228,226.216,191.006,118.890,80.745,43.596,24.209,9.709
8.56000,265.350,226.276,191.078,118.853,80.743,43.651,24.182,9.781
8.56333,265.476,226.410,191.159,118.900,80.913,43.698,24.270,9.781
8.56667,265.591,226.507,191.268,118.985,80.838,43.724,24.234,9.791
8.57000,265.725,226.609,191.302,118.999,80.859,43.672,24.267,9.729
8.57333,265.859,226.708,191.442,119.078,80.895,43.721,24.254,9.780
8.57667,265.982,226.801,191.480,119.154,80.995,43.742,24.264,9.805
8.58000,266.116,226.952,191.615,119.283,81.062,43.780,24.293,9.778
8.58333,266.202,227.040,191.708,119.332,81.083,43.751,24.291,9.884
8.58667,266.370,227.131,191.756,119.392,81.094,43.891,24.312,9.817
8.59000,266.452,227.232,191.939,119.412,81.179,43.913,24.326,9.776
8.59333,266.598,227.352,191.967,119.461,81.204,43.889,24.292,9.789
8.59667,266.756,227.483,192.005,119.531,81.230,43.867,24.315,9.788
8.60000,266.814,227.549,192.103,119.646,81.229,43.953,24.378,9.817
8.60333,266.913,227.569,192.251,119.685,81.299,43.976,24.419,9.887
8.60667,267.144,227.746,192.257,119.742,81.331,43.935,24.397,9.824
8.61000,267.172,227.833,192.351,119.754,81.324,43.992,24.371,9.814
8.61333,267.330,227.940,192.474,119.816,81.375,43.990,24.407,9.840
8.61667,267.434,228.081,192.541,119.869,81.450,44.002,24.378,9.828
8.62000,267.567,228.260,192.690,119.998,81.466,44.044,24.453,9.825
8.62333,267.722,228.316,192.766,119.953,81.531,44.068,24.413,9.829
8.62667,267.750,228.448,192.831,120.070,81.467,44.088,24.480,9.917
8.63000,267.853,228.538,192.892,120.091,81.566,44.148,24.478,9.863
8.63333,268.115,228.622,193.000,120.170,81.621,44.157,24.449,9.796
8.63667,268.275,228.774,193.069,120.193,81.648,44.091,24.543,9.854
8.64000,268.309,228.909,193.171,120.225,81.715,44.168,24.488,9.868
8.64333,268.470,228.918,193.344,120.315,81.725,44.176,24.467,9.941
8.64667,268.657,229.067,193.350,120.361,81.774,44.185,24.575,9.867
8.65000,268.619,229.178,193.369,120.458,81.837,44.233,24.439,9.903
8.65333,268.812,229.310,193.581,120.455,81.832,44.264,24.520,9.837
8.65667,268.944,229.374,193.637,120.525,81.920,44.320,24.587,9.881
8.66000,269.095,229.495,193.764,120.606,81.925,44.321,24.503,9.825
8.66333,269.141,229.581,193.845,120.702,81.970,44.323,24.585,9.920
8.66667,269.254,229.675,193.836,120.675,81.926,44.306,24.542,9.936
8.67000,269.386,229.795,193.981,120.777,82.061,44.365,24.627,9.894
8.67333,269.602,229.945,194.055,120.778,82.005,44.393,24.558,9.886
8.67667,269.717,229.993,194.162,120.871,82.068,44.426,24.609,9.883
8.68000,269.815,230.118,194.300,120.919,82.176,44.486,24.599,9.925
8.68333,269.947,230.179,194.338,120.986,82.133,44.444,24.685,9.902
8.68667,270.099,230.317,194.471,121.037,82.177,44.372,24.634,9.941
8.69000,270.126,230.422,194.484,121.091,82.262,44.514,24.631,9.930
8.69333,270.304,230.518,194.662,121.170,82.332,44.459,24.642,9.955
8.69667,270.427,230.708,194.746,121.187,82.310,44.568,24.665,9.973
8.70000,270.464,230.687,194.775,121.257,82.385,44.502,24.703,10.025
8.70333,270.616,230.879,194.908,121.351,82.415,44.510,24.749,9.943
8.70667,270.767,230.949,195.005,121.413,82.465,44.573,24.749,9.945
8.71000,270.939,231.102,195.046,121.449,82.449,44.560,24.772,9.938
8.71333,271.086,231.162,195.175,121.555,82.543,44.580,24.737,9.985
8.71667,271.174,231.282,195.228,121.564,82.564,44.664,24.811,9.945
8.72000,271.296,231.452,195.358,121.660,82.652,44.693,24.755,9.972
8.72333,271.457,231.513,195.498,121.682,82.612,44.646,24.813,9.932
8.72667,271.544,231.627,195.523,121.615,82.693,44.649,24.857,9.970
8.73000,271.700,231.767,195.594,121.746,82.740,44.739,24.835,9.996
8.73333,271.768,231.825,195.729,121.847,82.764,44.776,24.816,9.981
8.73667,271.901,231.935,195.860,121.913,82.778,44.751,24.829,10.015
8.74000,272.063,232.094,195.850,122.036,82.809,44.829,24.803,9.994
8.74333,272.200,232.207,195.977,121.993,82.827,44.797,24.864,10.049
8.74667,272.325,232.244,196.066,122.116,82.886,44.844,24.886,10.093
8.75000,272.397,232.400,196.182,122.077,82.895,44.868,24.906,10.014
8.75333,272.478,232.483,196.213,122.262,83.040,44.853,24.888,10.031
8.75667,272.670,232.593,196.387,122.272,82.968,44.950,24.910,10.051
8.76000,272.817,232.695,196.450,122.367,83.077,44.856,24.886,10.121
8.76333,272.941,232.840,196.522,122.377,83.151,44.996,24.929,10.083
8.76667,273.020,232.908,196.620,122.429,83.164,44.984,24.937,10.039
8.77000,273.200,233.020,196.690,122.443,83.177,44.989,24.927,10.060
8.77333,273.311,233.094,196.821,122.465,83.195,44.993,24.955,10.063
8.77667,273.387,233.205,196.814,122.554,83.200,45.049,24.911,10.135
8.78000,273.516,233.295,197.009,122.726,83.163,45.082,24.960,10.095
8.78333,273.680,233.415,197.083,122.730,83.286,45.056,24.945,9.978
8.78667,273.705,233.514,197.221,122.822,83.378,45.068,25.006,10.104
8.79000,273.960,233.637,197.283,122.856,83.425,45.118,25.027,10.081
8.79333,273.996,233.786,197.329,122.811,83.478,45.076,24.985,10.076
8.79667,274.154,233.884,197.441,122.994,83.520,45.099,25.017,10.087
8.80000,274.271,233.977,197.541,123.051,83.550,45.174,25.002,10.084
8.80333,274.329,234.028,197.712,123.054,83.529,45.195,25.003,10.146
8.80667,274.526,234.190,197.728,123.101,83.591,45.171,25.065,10.073
8.81000,274.635,234.305,197.820,123.159,83.628,45.175,25.031,10.067
8.81333,274.743,234.370,197.888,123.264,83.653,45.286,25.089,10.106
8.81667,274.987,234.536,198.008,123.272,83.713,45.226,25.107,10.126
8.82000,275.015,234.649,198.074,123.323,83.716,45.332,25.130,10.125
8.82333,275.144,234.680,198.176,123.374,83.784,45.360,25.085,10.135
8.82667,275.267,234.781,198.254,123.470,83.841,45.399,25.105,10.181
8.83000,275.408,234.917,198.317,123.481,83.843,45.317,25.107,10.162
8.83333,275.555,234.969,198.451,123.548,83.898,45.406,25.172,10.216
8.83667,275.681,235.156,198.471,123.616,83.863,45.367,25.113,10.182
8.84000,275.766,235.221,198.543,123.636,84.003,45.446,25.214,10.155
8.84333,275.984,235.303,198.753,123.737,84.005,45.394,25.212,10.167
8.84667,276.017,235.487,198.853,123.833,84.031,45.484,25.140,10.157
8.85000,276.204,235.622,198.890,123.798,84.042,45.483,25.119,10.147
8.85333,276.297,235.664,198.948,123.922,84.132,45.470,25.152,10.189
8.85667,276.469,235.780,199.170,123.924,84.198,45.515,25.192,10.209
8.86000,276.487,235.896,199.167,123.956,84.212,45.532,25.237,10.219
8.86333,276.641,236.068,199.166,123.998,84.254,45.601,25.310,10.255
8.86667,276.744,236.120,199.330,124.093,84.260,45.582,25.244,10.177
8.87000,276.920,236.181,199.447,124.187,84.384,45.607,25.221,10.219
8.87333,277.041,236.281,199.465,124.223,84.322,45.669,25.307,10.215
8.87667,277.169,236.421,199.641,124.283,84.356,45.675,25.274,10.224
8.88000,277.233,236.568,199.705,124.316,84.455,45.668,25.290,10.175
8.88333,277.398,236.684,199.822,124.422,84.448,45.655,25.320,10.245
8.88667,277.542,236.684,199.843,124.494,84.472,45.740,25.328,10.232
8.89000,277.676,236.847,200.018,124.561,84.532,45.794,25.402,10.257
8.89333,277.789,237.015,200.086,124.544,84.632,45.676,25.392,10.273
8.89667,277.935,237.074,200.137,124.569,84.537,45.711,25.380,10.197
8.90000,278.073,237.130,200.190,124.654,84.654,45.816,25.408,10.249
8.90333,278.144,237.251,200.341,124.690,84.716,45.785,25.372,10.192
8.90667,278.355,237.457,200.502,124.778,84.721,45.890,25.336,10.318
8.91000,278.444,237.440,200.501,124.863,84.726,45.842,25.405,10.306
8.91333,278.543,237.616,200.602,124.981,84.803,45.886,25.440,10.282
8.91667,278.639,237.694,200.652,124.974,84.858,45.932,25.382,10.278
8.92000,278.813,237.825,200.796,125.040,84.888,45.987,25.374,10.267
8.92333,278.962,237.874,200.905,125.090,84.891,45.915,25.476,10.296
8.92667,279.047,238.005,200.973,125.213,84.892,45.988,25.502,10.320
8.93000,279.163,238.151,201.068,125.216,85.008,46.026,25.502,10.325
8.93333,279.328,238.253,201.116,125.246,85.030,46.103,25.507,10.303
8.93667,279.379,238.365,201.197,125.302,85.079,46.069,25.529,10.338
8.94000,279.493,238.437,201.275,125.384,85.125,46.018,25.568,10.340
8.94333,279.693,238.558,201.405,125.482,85.172,46.080,25.499,10.311
8.94667,279.847,238.736,201.544,125.485,85.122,46.159,25.535,10.353
8.95000,279.870,238.822,201.556,125.509,85.196,46.102,25.538,10.382
8.95333,280.054,238.861,201.712,125.588,85.227,46.115,25.596,10.355
8.95667,280.100,239.015,201.752,125.729,85.341,46.131,25.557,10.366
8.96000,280.285,239.076,201.812,125.736,85.358,46.176,25.541,10.311
8.96333,280.440,239.232,201.903,125.789,85.450,46.205,25.604,10.386
8.96667,280.607,239.318,201.981,125.845,85.441,46.250,25.636,10.363
8.97000,280.622,239.442,202.073,125.867,85.494,46.200,25.678,10.361
8.97333,280.847,239.557,202.169,125.905,85.470,46.344,25.633,10.337
8.97667,280.853,239.632,202.279,125.997,85.527,46.274,25.648,10.385
8.98000,281.016,239.708,202.400,126.064,85.584,46.301,25.624,10.365
8.98333,281.195,239.883,202.511,126.115,85.601,46.283,25.641,10.369
8.98667,281.254,239.921,202.506,126.146,85.601,46.301,25.677,10.404
8.99000,281.384,240.038,202.659,126.241,85.667,46.411,25.691,10.387
8.99333,281.523,240.190,202.705,126.268,85.725,46.458,25.690,10.315
8.99667,281.652,240.266,202.817,126.328,85.812,46.390,25.707,10.348
9.00000,281.774,240.356,202.909,126.420,85.799,46.421,25.755,10.418
9.00333,281.850,240.395,203.074,126.417,85.765,46.429,25.766,10.424
9.00667,282.000,240.577,203.069,126.528,85.829,46.442,25.733,10.399
9.01000,282.217,240.626,203.204,126.484,85.934,46.500,25.753,10.440
9.01333,282.315,240.759,203.355,126.623,85.916,46.510,25.799,10.427
9.01667,282.374,240.901,203.446,126.707,86.012,46.554,25.761,10.449
9.02000,282.469,241.010,203.445,126.652,86.007,46.600,25.755,10.437
9.02333,282.682,241.099,203.617,126.791,86.054,46.523,25.802,10.459
9.02667,282.731,241.227,203.705,126.841,86.110,46.515,25.703,10.506
9.03000,282.882,241.401,203.731,126.898,86.140,46.639,25.870,10.499
9.03333,283.071,241.406,203.849,126.973,86.157,46.723,25.834,10.482
9.03667,283.189,241.542,203.991,126.984,86.190,46.595,25.837,10.518
9.04000,283.258,241.666,203.978,127.075,86.254,46.647,25.808,10.484
9.04333,283.478,241.744,204.110,127.148,86.301,46.690,25.860,10.475
9.04667,283.520,241.885,204.137,127.162,86.294,46.660,25.828,10.479
9.05000,283.627,242.024,204.251,127.234,86.369,46.696,25.916,10.473
9.05333,283.726,242.071,204.379,127.321,86.464,46.805,25.859,10.508
9.05667,283.846,242.221,204.506,127.291,86.398,46.814,25.908,10.526
9.06000,283.966,242.296,204.523,127.428,86.384,46.810,25.940,10.495
9.06333,284.135,242.386,204.603,127.491,86.567,46.834,25.964,10.509
9.06667,284.191,242.533,204.727,127.578,86.584,46.900,25.956,10.609
9.07000,284.384,242.559,204.832,127.695,86.573,46.859,25.900,10.502
9.07333,284.459,242.715,204.878,127.585,86.611,46.838,25.995,10.604
9.07667,284.655,242.909,205.011,127.638,86.623,46.952,25.969,10.527
9.08000,284.729,242.900,205.066,127.721,86.689,46.881,25.944,10.562
9.08333,284.840,243.064,205.152,127.779,86.727,46.960,25.973,10.534
9.08667,284.960,243.161,205.280,127.851,86.754,46.953,26.062,10.533
9.09000,285.134,243.270,205.337,127.923,86.782,46.968,26.023,10.585
9.09333,285.226,243.370,205.493,127.956,86.842,46.966,26.093,10.525
9.09667,285.369,243.436,205.551,128.020,86.834,46.992,26.061,10.538
9.10000,285.488,243.489,205.680,128.078,86.898,47.066,25.971,10.531
9.10333,285.598,243.690,205.708,128.135,86.972,47.020,26.092,10.563
9.10667,285.676,243.728,205.858,128.188,87.005,47.037,26.105,10.537
9.11000,285.812,243.885,205.857,128.244,87.039,47.146,26.049,10.513
9.11333,285.937,244.010,205.953,128.328,87.120,47.209,26.076,10.585
9.11667,286.094,244.105,206.081,128.356,87.088,47.152,26.100,10.623
9.12000,286.216,244.160,206.135,128.398,87.084,47.145,26.138,10.569
9.12333,286.348,244.289,206.280,128.425,87.172,47.203,26.114,10.568
9.12667,286.419,244.405,206.301,128.491,87.202,47.246,26.178,10.623
9.13000,286.611,244.536,206.439,128.572,87.224,47.193,26.173,10.633
9.13333,286.705,244.617,206.519,128.657,87.234,47.264,26.124,10.593
9.13667,286.763,244.705,206.548,128.708,87.324,47.303,26.193,10.619
9.14000,286.996,244.850,206.664,128.750,87.379,47.237,26.183,10.606
9.14333,287.068,244.885,206.747,128.800,87.344,47.297,26.186,10.630
9.14667,287.212,244.912,206.858,128.873,87.351,47.311,26.235,10.665
9.15000,287.343,245.113,206.924,128.878,87.417,47.298,26.255,10.667
9.15333,287.375,245.307,207.089,128.946,87.438,47.294,26.241,10.635
9.15667,287.559,245.391,207.114,128.999,87.555,47.405,26.270,10.625
9.16000,287.638,245.390,207.169,129.117,87.549,47.448,26.194,10.689
9.16333,287.766,245.534,207.302,129.078,87.592,47.471,26.289,10.627
9.16667,287.909,245.622,207.377,129.196,87.666,47.420,26.300,10.603
9.17000,288.109,245.722,207.479,129.153,87.696,47.431,26.273,10.627
9.17333,288.204,245.902,207.539,129.288,87.688,47.494,26.371,10.629
9.17667,288.230,245.989,207.662,129.341,87.670,47.543,26.325,10.657
9.18000,288.411,246.085,207.709,129.393,87.781,47.517,26.331,10.730
9.18333,288.491,246.142,207.828,129.428,87.768,47.529,26.357,10.659
9.18667,288.611,246.273,207.917,129.505,87.836,47.512,26.340,10.676
9.19000,288.741,246.378,208.045,129.578,87.891,47.591,26.373,10.703
9.19333,288.813,246.483,208.145,129.599,87.963,47.619,26.350,10.672
9.19667,289.044,246.642,208.227,129.667,87.944,47.610,26.400,10.679
9.20000,289.071,246.671,208.214,129.771,87.986,47.637,26.432,10.670
9.20333,289.188,246.781,208.309,129.718,88.109,47.630,26.350,10.665
9.20667,289.374,246.853,208.418,129.840,88.108,47.711,26.444,10.644
9.21000,289.472,247.069,208.545,129.980,88.106,47.720,26.492,10.670
9.21333,289.590,247.146,208.627,129.950,88.139,47.789,26.424,10.735
9.21667,289.717,247.216,208.677,130.021,88.192,47.767,26.445,10.752
9.22000,289.863,247.371,208.809,130.027,88.294,47.795,26.447,10.797
9.22333,289.998,247.414,208.877,130.068,88.240,47.817,26.487,10.762
9.22667,290.127,247.537,208.935,130.168,88.287,47.833,26.520,10.738
9.23000,290.163,247.570,209.030,130.206,88.352,47.865,26.536,10.713
9.23333,290.331,247.746,209.107,130.295,88.335,47.836,26.523,10.696
9.23667,290.436,247.853,209.294,130.394,88.469,47.934,26.512,10.767
9.24000,290.522,247.895,209.319,130.403,88.494,47.849,26.507,10.817
9.24333,290.739,248.024,209.398,130.414,88.462,47.910,26.549,10.734
9.24667,290.720,248.174,209.506,130.559,88.531,47.899,26.600,10.732
9.25000,290.866,248.236,209.576,130.490,88.601,47.961,26.555,10.738
9.25333,291.043,248.272,209.610,130.614,88.613,47.972,26.545,10.760
9.25667,291.179,248.527,209.742,130.662,88.625,47.992,26.573,10.814
9.26000,291.312,248.520,209.795,130.679,88.698,48.058,26.610,10.794
9.26333,291.392,248.611,209.948,130.703,88.736,48.035,26.630,10.801
9.26667,291.573,248.770,209.988,130.778,88.825,48.040,26.585,10.803
9.27000,291.597,248.830,210.034,130.811,88.783,48.081,26.573,10.780
9.27333,291.751,248.939,210.160,130.954,88.861,48.046,26.616,10.812
9.27667,291.915,249.040,210.235,131.051,88.847,48.134,26.607,10.774
9.28000,291.965,249.120,210.355,131.029,88.915,48.118,26.661,10.809
9.28333,292.100,249.324,210.450,131.085,88.960,48.213,26.637,10.832
9.28667,292.219,249.318,210.463,131.114,88.958,48.153,26.690,10.803
9.29000,292.253,249.457,210.557,131.231,89.069,48.181,26.715,10.881
9.29333,292.429,249.569,210.677,131.275,89.029,48.229,26.731,10.807
9.29667,292.557,249.649,210.746,131.278,89.060,48.210,26.688,10.863
9.30000,292.669,249.766,210.861,131.383,89.103,48.153,26.789,10.839
9.30333,292.778,249.876,210.920,131.417,89.106,48.244,26.713,10.811
9.30667,292.964,249.964,211.029,131.404,89.211,48.318,26.634,10.887
9.31000,293.083,250.064,211.101,131.545,89.207,48.253,26.739,10.874
9.31333,293.158,250.152,211.213,131.598,89.253,48.384,26.777,10.874
9.31667,293.319,250.252,211.266,131.616,89.274,48.319,26.760,10.953
9.32000,293.443,250.295,211.343,131.727,89.329,48.330,26.834,10.907
9.32333,293.426,250.498,211.454,131.739,89.347,48.409,26.785,10.923
9.32667,293.591,250.581,211.525,131.781,89.423,48.382,26.809,10.865
9.33000,293.723,250.644,211.562,131.839,89.435,48.438,26.798,10.847
9.33333,293.868,250.811,211.613,131.975,89.401,48.422,26.796,10.905
9.33667,293.987,250.824,211.732,131.951,89.559,48.468,26.884,10.906
9.34000,294.035,251.008,211.893,131.985,89.544,48.499,26.891,10.871
9.34333,294.200,251.044,211.930,132.037,89.568,48.551,26.837,10.940
9.34667,294.308,251.139,212.073,132.104,89.564,48.494,26.864,10.930
9.35000,294.409,251.225,212.116,132.141,89.594,48.621,26.835,10.892
9.35333,294.568,251.416,212.285,132.112,89.672,48.549,26.840,10.914
9.35667,294.688,251.494,212.344,132.251,89.723,48.563,26.907,10.938
9.36000,294.797,251.566,212.402,132.354,89.702,48.605,26.990,10.993
9.36333,294.864,251.598,212.471,132.354,89.729,48.678,26.928,10.950
9.36667,295.070,251.748,212.519,132.399,89.762,48.610,26.923,10.933
9.37000,295.132,251.883,212.659,132.517,89.829,48.670,26.989,10.936
9.37333,295.322,251.937,212.703,132.534,89.847,48.759,26.929,10.939
9.37667,295.381,252.059,212.801,132.567,89.928,48.678,26.989,10.929
9.38000,295.451,252.141,212.884,132.612,89.999,48.656,26.976,10.952
9.38333,295.610,252.252,212.924,132.642,90.000,48.658,26.985,10.952
9.38667,295.678,252.336,213.021,132.744,90.012,48.752,26.966,10.980
9.39000,295.880,252.460,213.126,132.797,89.998,48.776,27.040,10.944
9.39333,295.932,252.582,213.205,132.805,90.082,48.698,27.038,11.081
9.39667,296.025,252.683,213.254,132.850,90.150,48.819,27.059,10.991
9.40000,296.131,252.702,213.384,132.952,90.189,48.806,27.021,11.019
9.40333,296.317,252.823,213.397,133.041,90.215,48.883,27.020,11.019
9.40667,296.427,252.959,213.544,133.040,90.239,48.856,27.101,11.027
9.41000,296.515,252.995,213.631,133.082,90.286,48.868,27.049,11.036
9.41333,296.607,253.130,213.764,133.166,90.254,48.935,27.106,11.042
9.41667,296.803,253.286,213.837,133.225,90.292,49.006,27.060,11.037
9.42000,296.818,253.337,213.845,133.248,90.333,48.972,27.078,11.044
9.42333,296.971,253.473,213.961,133.340,90.465,48.919,27.157,11.017
9.42667,297.123,253.588,214.048,133.366,90.497,48.951,27.119,11.055
9.43000,297.142,253.611,214.128,133.453,90.497,48.994,27.118,11.101
9.43333,297.281,253.714,214.166,133.420,90.488,48.967,27.113,11.055
9.43667,297.466,253.837,214.300,133.484,90.465,49.046,27.101,11.052
9.44000,297.465,253.928,214.360,133.570,90.616,49.099,27.185,10.958
9.44333,297.692,254.012,214.462,133.666,90.608,49.068,27.174,11.038
9.44667,297.768,254.127,214.544,133.705,90.658,49.055,27.153,10.958
9.45000,297.880,254.193,214.615,133.689,90.709,49.157,27.216,11.126
9.45333,297.997,254.337,214.689,133.746,90.780,49.165,27.224,11.117
9.45667,298.076,254.421,214.794,133.784,90.723,49.152,27.160,11.115
9.46000,298.284,254.492,214.865,133.870,90.808,49.187,27.282,11.150
9.46333,298.341,254.605,214.944,133.973,90.837,49.154,27.258,11.123
9.46667,298.399,254.726,214.996,134.019,90.817,49.203,27.263,11.071
9.47000,298.595,254.830,215.138,133.995,90.874,49.210,27.254,11.098
9.47333,298.609,254.888,215.169,134.083,90.958,49.239,27.269,11.154
9.47667,298.774,254.886,215.280,134.141,90.990,49.252,27.257,11.063
9.48000,298.911,255.085,215.323,134.205,90.945,49.282,27.289,11.083
9.48333,298.952,255.151,215.429,134.189,91.071,49.301,27.319,11.097
9.48667,299.110,255.275,215.498,134.303,91.000,49.316,27.296,11.099
9.49000,299.172,255.416,215.559,134.412,91.118,49.284,27.306,11.128
9.49333,299.299,255.426,215.672,134.332,91.086,49.322,27.292,11.163
9.49667,299.453,255.516,215.747,134.409,91.151,49.380,27.318,11.106
9.50000,299.560,255.639,215.821,134.471,91.206,49.442,27.349,11.155
9.50333,299.691,255.743,215.916,134.549,91.231,49.458,27.417,11.149
9.50667,299.778,255.900,215.989,134.590,91.259,49.440,27.410,11.163
9.51000,299.906,255.954,216.108,134.701,91.267,49.475,27.372,11.163
9.51333,300.005,256.068,216.130,134.671,91.347,49.469,27.358,11.130
9.51667,300.120,256.109,216.177,134.723,91.326,49.463,27.460,11.172
9.52000,300.349,256.195,216.358,134.745,91.425,49.530,27.417,11.218
9.52333,300.320,256.362,216.445,134.849,91.397,49.554,27.447,11.193
9.52667,300.441,256.457,216.543,134.936,91.472,49.560,27.466,11.160
9.53000,300.567,256.490,216.577,134.954,91.439,49.537,27.391,11.121
9.53333,300.667,256.615,216.590,134.947,91.516,49.668,27.400,11.234
9.53667,300.734,256.703,216.709,135.085,91.578,49.576,27.432,11.120
9.54000,300.923,256.802,216.800,135.040,91.646,49.679,27.471,11.144
9.54333,300.971,256.852,216.936,135.147,91.597,49.608,27.464,11.179
9.54667,301.118,256.975,216.947,135.152,91.679,49.706,27.395,11.223
9.55000,301.278,257.036,217.036,135.246,91.706,49.641,27.452,11.200
9.55333,301.298,257.159,217.125,135.246,91.650,49.661,27.521,11.218
9.55667,301.396,257.265,217.176,135.397,91.826,49.737,27.515,11.248
9.56000,301.505,257.310,217.281,135.366,91.819,49.792,27.493,11.214
9.56333,301.588,257.367,217.312,135.403,91.778,49.745,27.515,11.166
9.56667,301.780,257.564,217.424,135.492,91.887,49.779,27.506,11.242
9.57000,301.890,257.608,217.466,135.516,91.879,49.814,27.529,11.301
9.57333,302.001,257.731,217.573,135.609,91.865,49.793,27.582,11.206
9.57667,302.105,257.842,217.571,135.658,91.986,49.829,27.569,11.263
9.58000,302.178,257.898,217.666,135.736,92.015,49.865,27.551,11.222
9.58333,302.333,258.042,217.845,135.693,91.996,49.861,27.612,11.258
9.58667,302.418,258.089,217.895,135.785,92.064,49.896,27.583,11.289
9.59000,302.486,258.189,217.995,135.865,92.148,49.802,27.583,11.253
9.59333,302.638,258.272,217.996,135.889,92.092,49.883,27.682,11.247
9.59667,302.722,258.430,218.131,135.927,92.161,49.968,27.637,11.283
9.60000,302.799,258.451,218.201,136.021,92.227,49.977,27.642,11.237
9.60333,302.992,258.537,218.255,136.011,92.244,49.962,27.687,11.305
9.60667,303.081,258.654,218.369,136.076,92.246,50.006,27.673,11.272
9.61000,303.138,258.716,218.440,136.122,92.284,50.003,27.654,11.291
9.61333,303.218,258.843,218.438,136.163,92.318,49.988,27.660,11.266
9.61667,303.363,258.954,218.549,136.241,92.345,50.068,27.663,11.249
9.62000,303.449,259.029,218.689,136.340,92.433,50.016,27.744,11.268
9.62333,303.577,259.121,218.729,136.213,92.418,50.105,27.714,11.303
9.62667,303.706,259.218,218.882,136.314,92.456,50.052,27.740,11.306
9.63000,303.843,259.279,218.879,136.393,92.497,50.135,27.727,11.309
9.63333,303.856,259.414,218.972,136.417,92.511,50.114,27.721,11.276
9.63667,303.974,259.474,219.057,136.573,92.529,50.125,27.760,11.287
9.64000,304.160,259.453,219.071,136.533,92.581,50.175,27.778,11.305
9.64333,304.223,259.683,219.183,136.593,92.624,50.143,27.750,11.385
9.64667,304.227,259.696,219.266,136.653,92.643,50.212,27.803,11.322
9.65000,304.341,259.811,219.322,136.682,92.634,50.195,27.829,11.304
9.65333,304.574,259.917,219.399,136.684,92.638,50.249,27.832,11.283
9.65667,304.638,259.972,219.500,136.730,92.812,50.220,27.797,11.322
9.66000,304.750,260.113,219.601,136.814,92.812,50.243,27.767,11.445
9.66333,304.840,260.114,219.740,136.893,92.798,50.351,27.812,11.357
9.66667,304.972,260.267,219.683,136.899,92.861,50.340,27.902,11.345
9.67000,305.020,260.371,219.823,136.977,92.778,50.299,27.814,11.346
9.67333,305.108,260.471,219.916,137.004,92.897,50.382,27.857,11.357
9.67667,305.238,260.567,219.903,137.074,92.895,50.339,27.876,11.355
9.68000,305.356,260.680,219.994,137.111,92.951,50.384,27.901,11.372
9.68333,305.494,260.684,220.065,137.206,92.975,50.453,27.859,11.467
9.68667,305.504,260.795,220.198,137.163,92.998,50.370,27.898,11.389
9.69000,305.643,260.957,220.250,137.284,93.099,50.437,27.831,11.449
9.69333,305.687,260.949,220.374,137.336,93.138,50.463,27.921,11.396
9.69667,305.857,261.062,220.388,137.419,93.033,50.370,27.970,11.370
9.70000,305.994,261.170,220.481,137.356,93.131,50.467,27.944,11.357
9.70333,306.073,261.188,220.614,137.444,93.165,50.437,27.927,11.412
9.70667,306.148,261.294,220.601,137.472,93.233,50.563,27.937,11.467
9.71000,306.264,261.418,220.681,137.571,93.259,50.519,27.947,11.349
9.71333,306.353,261.507,220.722,137.585,93.313,50.554,27.887,11.461
9.71667,306.482,261.547,220.861,137.561,93.321,50.653,27.984,11.370
9.72000,306.588,261.646,220.913,137.658,93.274,50.552,27.932,11.447
9.72333,306.678,261.731,220.984,137.757,93.375,50.570,28.029,11.476
9.72667,306.741,261.831,221.056,137.751,93.385,50.589,28.007,11.436
9.73000,306.905,261.950,221.128,137.838,93.468,50.620,28.024,11.399
9.73333,306.950,262.030,221.218,137.795,93.441,50.598,27.952,11.522
9.73667,307.124,262.024,221.290,137.949,93.526,50.690,28.050,11.454
9.74000,307.188,262.148,221.337,137.954,93.513,50.692,28.026,11.395
9.74333,307.312,262.260,221.397,138.006,93.566,50.729,28.022,11.454
9.74667,307.371,262.367,221.468,138.072,93.571,50.746,28.129,11.434
9.75000,307.491,262.438,221.553,138.116,93.599,50.703,28.024,11.434
9.75333,307.593,262.497,221.610,138.139,93.549,50.724,28.132,11.474
9.75667,307.659,262.588,221.695,138.100,93.656,50.703,28.096,11.466
9.76000,307.772,262.724,221.759,138.207,93.673,50.807,28.097,11.489
9.76333,307.912,262.760,221.835,138.280,93.735,50.795,28.110,11.465
9.76667,307.884,262.859,221.939,138.316,93.742,50.839,28.102,11.481
9.77000,308.112,262.990,221.919,138.310,93.778,50.718,28.138,11.466
9.77333,308.142,263.041,222.082,138.358,93.796,50.802,28.096,11.506
9.77667,308.229,263.114,222.147,138.479,93.813,50.890,28.148,11.549
9.78000,308.330,263.233,222.209,138.436,93.908,50.893,28.130,11.471
9.78333,308.496,263.278,222.285,138.527,93.814,50.867,28.165,11.520
9.78667,308.560,263.441,222.335,138.628,93.908,50.931,28.174,11.401
9.79000,308.668,263.470,222.423,138.591,93.943,50.927,28.166,11.504
9.79333,308.735,263.577,222.455,138.680,93.958,50.990,28.179,11.442
9.79667,308.880,263.601,222.533,138.701,94.000,50.911,28.166,11.565
9.80000,308.929,263.739,222.657,138.745,94.122,50.973,28.224,11.502
9.80333,309.008,263.806,222.746,138.855,94.124,50.999,28.211,11.483
9.80667,309.158,263.899,222.745,138.871,94.114,51.000,28.196,11.470
9.81000,309.261,263.964,222.818,138.856,94.223,50.984,28.207,11.566
9.81333,309.344,264.061,222.863,138.914,94.144,51.049,28.216,11.548
9.81667,309.512,264.092,222.983,138.944,94.203,51.086,28.286,11.557
9.82000,309.505,264.275,223.058,139.025,94.213,51.077,28.272,11.513
9.82333,309.671,264.277,223.123,139.059,94.262,51.035,28.248,11.490
9.82667,309.706,264.388,223.262,139.141,94.270,51.097,28.360,11.585
9.83000,309.809,264.414,223.281,139.079,94.246,51.102,28.254,11.533
9.83333,309.969,264.533,223.374,139.206,94.371,51.175,28.364,11.583
9.83667,310.047,264.601,223.407,139.168,94.365,51.152,28.303,11.474
9.84000,310.082,264.708,223.467,139.240,94.408,51.160,28.301,11.491
9.84333,310.251,264.742,223.559,139.335,94.481,51.179,28.347,11.606
9.84667,310.278,264.852,223.635,139.450,94.500,51.241,28.316,11.553
9.85000,310.421,264.952,223.721,139.395,94.502,51.204,28.302,11.580
9.85333,310.470,264.987,223.808,139.429,94.528,51.266,28.427,11.575
9.85667,310.649,265.136,223.844,139.489,94.564,51.189,28.325,11.514
9.86000,310.679,265.146,223.849,139.525,94.637,51.308,28.341,11.639
9.86333,310.812,265.318,223.997,139.545,94.619,51.236,28.381,11.551
9.86667,310.824,265.361,224.022,139.641,94.664,51.240,28.391,11.557
9.87000,310.999,265.444,224.061,139.630,94.669,51.298,28.429,11.554
9.87333,311.030,265.553,224.201,139.655,94.702,51.314,28.454,11.633
9.87667,311.171,265.546,224.182,139.796,94.684,51.311,28.398,11.591
9.88000,311.245,265.652,224.365,139.754,94.736,51.374,28.407,11.538
9.88333,311.361,265.767,224.322,139.796,94.799,51.376,28.379,11.622
9.88667,311.442,265.890,224.424,139.948,94.833,51.426,28.422,11.599
9.89000,311.567,265.947,224.498,139.973,94.863,51.395,28.466,11.593
9.89333,311.659,266.035,224.567,139.969,94.914,51.396,28.442,11.600
9.89667,311.735,266.043,224.622,140.008,94.914,51.450,28.502,11.606
9.90000,311.787,266.106,224.842,140.054,94.924,51.460,28.534,11.601
9.90333,311.946,266.224,224.766,140.071,95.008,51.444,28.523,11.590
9.90667,311.992,266.350,224.894,140.123,94.949,51.502,28.520,11.692
9.91000,312.147,266.446,224.888,140.188,94.988,51.444,28.451,11.697
9.91333,312.124,266.493,224.998,140.270,95.019,51.465,28.507,11.587
9.91667,312.287,266.572,225.049,140.245,95.084,51.516,28.588,11.631
9.92000,312.364,266.574,225.081,140.310,95.143,51.524,28.494,11.672
9.92333,312.341,266.689,225.155,140.390,95.113,51.556,28.488,11.617
9.92667,312.562,266.790,225.214,140.428,95.145,51.625,28.517,11.661
9.93000,312.666,266.866,225.392,140.367,95.253,51.610,28.566,11.681
9.93333,312.702,266.894,225.325,140.500,95.212,51.556,28.555,11.700
9.93667,312.781,267.056,225.515,140.491,95.172,51.572,28.513,11.640
9.94000,312.873,267.100,225.499,140.587,95.247,51.656,28.549,11.660
9.94333,313.007,267.188,225.596,140.622,95.226,51.599,28.577,11.656
9.94667,313.087,267.261,225.621,140.594,95.346,51.699,28.608,11.652
9.95000,313.194,267.338,225.687,140.738,95.358,51.665,28.624,11.668
9.95333,313.248,267.385,225.765,140.745,95.330,51.737,28.644,11.740
9.95667,313.324,267.539,225.787,140.755,95.435,51.716,28.595,11.699
9.96000,313.412,267.540,225.841,140.865,95.421,51.646,28.574,11.678
9.96333,313.526,267.596,225.977,140.831,95.499,51.707,28.600,11.791
9.96667,313.669,267.649,226.038,140.901,95.459,51.710,28.632,11.655
9.97000,313.684,267.708,226.088,140.903,95.468,51.742,28.636,11.688
9.97333,313.813,267.856,226.155,140.935,95.516,51.747,28.626,11.711
9.97667,313.894,267.976,226.267,140.970,95.483,51.760,28.625,11.730
9.98000,314.009,268.071,226.235,141.102,95.570,51.775,28.720,11.757
9.98333,314.075,268.024,226.355,141.036,95.545,51.840,28.709,11.691
9.98667,314.196,268.212,226.403,141.164,95.643,51.881,28.676,11.735
9.99000,314.215,268.212,226.453,141.198,95.621,51.838,28.695,11.686
9.99333,314.336,268.323,226.573,141.144,95.724,51.878,28.663,11.688
9.99667,314.451,268.363,226.520,141.248,95.799,51.836,28.686,11.810
10.00000,314.553,268.488,226.687,141.300,95.689,51.855,28.755,11.790
10.00333,314.622,268.562,226.693,141.288,95.755,51.919,28.701,11.746
10.00667,314.706,268.637,226.752,141.355,95.826,51.948,28.707,11.674
10.01000,314.704,268.726,226.842,141.412,95.841,51.924,28.789,11.725
10.01333,314.793,268.781,226.912,141.397,95.862,51.894,28.689,11.821
10.01667,314.942,268.882,226.960,141.465,95.909,52.003,28.756,11.778
10.02000,314.987,268.953,226.982,141.547,95.888,52.018,28.783,11.726
10.02333,315.112,268.996,227.035,141.557,95.944,52.035,28.821,11.734
10.02667,315.195,269.086,227.137,141.646,95.949,52.071,28.758,11.753
10.03000,315.306,269.159,227.232,141.671,96.039,52.027,28.759,11.817
10.03333,315.371,269.218,227.297,141.705,96.054,52.000,28.804,11.797
10.03667,315.446,269.321,227.357,141.748,96.100,52.076,28.796,11.768
10.04000,315.453,269.349,227.351,141.761,96.087,52.065,28.808,11.822
10.04333,315.634,269.444,227.448,141.778,96.089,52.082,28.748,11.768
10.04667,315.711,269.516,227.504,141.822,96.107,52.132,28.768,11.711
10.05000,315.746,269.591,227.534,141.863,96.148,52.112,28.855,11.754
10.05333,315.928,269.673,227.652,141.880,96.163,52.110,28.842,11.821
10.05667,315.973,269.739,227.734,141.932,96.223,52.175,28.801,11.783
10.06000,316.055,269.793,227.753,142.006,96.222,52.178,28.858,11.749
10.06333,316.080,269.874,227.907,142.039,96.245,52.143,28.868,11.749
10.06667,316.210,269.906,227.912,142.058,96.307,52.153,28.851,11.841
10.07000,316.271,270.013,227.871,142.044,96.275,52.192,28.877,11.807
10.07333,316.350,270.092,228.045,142.170,96.305,52.178,28.919,11.862
10.07667,316.462,270.221,228.015,142.170,96.301,52.232,28.855,11.806
10.08000,316.623,270.245,228.112,142.197,96.380,52.229,28.854,11.829
10.08333,316.648,270.306,228.148,142.281,96.365,52.266,28.896,11.833
10.08667,316.705,270.296,228.239,142.243,96.357,52.235,28.971,11.868
10.09000,316.802,270.452,228.271,142.344,96.474,52.271,28.852,11.833
10.09333,316.926,270.468,228.309,142.350,96.470,52.297,28.865,11.884
10.09667,316.912,270.604,228.486,142.433,96.499,52.302,28.979,11.809
10.10000,316.971,270.612,228.513,142.432,96.503,52.308,28.955,11.787
10.10333,317.130,270.691,228.543,142.478,96.562,52.372,28.983,11.811
10.10667,317.133,270.773,228.621,142.524,96.535,52.349,28.952,11.823
10.11000,317.283,270.771,228.699,142.580,96.562,52.391,28.975,11.866
10.11333,317.398,270.872,228.748,142.644,96.632,52.439,29.050,11.841
10.11667,317.438,270.958,228.856,142.618,96.618,52.415,28.968,11.857
10.12000,317.501,271.033,228.857,142.649,96.693,52.405,28.995,11.918
10.12333,317.677,271.130,228.898,142.717,96.738,52.440,29.019,11.804
10.12667,317.689,271.215,229.005,142.743,96.703,52.458,29.024,11.961
10.13000,317.768,271.294,229.091,142.757,96.723,52.502,29.016,11.842
10.13333,317.803,271.370,229.098,142.791,96.810,52.483,29.013,11.895
10.13667,317.927,271.433,229.070,142.888,96.789,52.487,29.015,11.870
10.14000,317.995,271.489,229.242,142.918,96.829,52.521,29.047,11.913
10.14333,318.108,271.527,229.314,142.900,96.805,52.449,29.046,11.880
10.14667,318.121,271.612,229.317,142.968,96.848,52.593,29.098,11.860
10.15000,318.284,271.692,229.397,142.980,96.901,52.558,29.060,11.892
10.15333,318.366,271.742,229.483,143.105,96.857,52.549,29.010,11.902
10.15667,318.399,271.850,229.500,143.099,96.924,52.563,29.067,11.912
10.16000,318.465,271.834,229.517,143.144,96.934,52.571,29.072,11.924
10.16333,318.531,272.000,229.568,143.153,96.957,52.635,29.118,11.902
10.16667,318.600,272.030,229.705,143.219,97.007,52.597,29.140,11.914
10.17000,318.712,272.058,229.701,143.219,97.019,52.569,29.056,11.907
10.17333,318.815,272.170,229.739,143.230,97.025,52.610,29.058,11.934
10.17667,318.924,272.211,229.834,143.238,97.062,52.602,29.032,11.922
10.18000,318.930,272.352,229.832,143.283,97.101,52.636,29.110,11.976
10.18333,318.983,272.398,229.959,143.337,97.168,52.665,29.148,12.011
10.18667,319.117,272.410,229.955,143.324,97.076,52.647,29.128,11.963
10.19000,319.232,272.526,230.067,143.388,97.178,52.703,29.100,11.948
10.19333,319.300,272.604,230.103,143.427,97.184,52.732,29.142,11.893
10.19667,319.331,272.596,230.172,143.492,97.147,52.730,29.154,12.043
10.20000,319.409,272.718,230.192,143.528,97.286,52.786,29.152,11.967
10.20333,319.447,272.719,230.250,143.568,97.270,52.710,29.229,11.955
10.20667,319.644,272.825,230.364,143.567,97.262,52.734,29.108,11.925
10.21000,319.625,272.889,230.336,143.664,97.357,52.777,29.194,11.928
10.21333,319.715,272.953,230.467,143.649,97.306,52.729,29.229,11.957
10.21667,319.818,273.021,230.437,143.744,97.391,52.743,29.207,11.986
10.22000,319.827,273.020,230.622,143.767,97.357,52.869,29.217,11.974
10.22333,319.921,273.123,230.579,143.799,97.347,52.748,29.275,12.005
10.22667,320.034,273.193,230.651,143.805,97.449,52.857,29.258,11.947
10.23000,320.044,273.294,230.722,143.827,97.415,52.893,29.226,11.949
10.23333,320.206,273.272,230.725,143.868,97.459,52.802,29.228,11.928
10.23667,320.222,273.442,230.805,143.946,97.514,52.871,29.296,11.918
10.24000,320.306,273.416,230.937,143.952,97.519,52.909,29.277,11.989
10.24333,320.400,273.507,230.962,143.997,97.603,52.907,29.270,11.983
10.24667,320.482,273.648,231.033,144.029,97.658,52.899,29.249,11.957
10.25000,320.564,273.684,231.041,144.036,97.590,52.925,29.278,11.957
10.25333,320.627,273.702,231.107,144.072,97.595,52.894,29.288,12.061
10.25667,320.764,273.787,231.169,144.137,97.623,52.928,29.280,12.020
10.26000,320.782,273.856,231.220,144.104,97.661,52.963,29.303,11.997
10.26333,320.809,273.916,231.223,144.170,97.697,53.017,29.253,12.014
10.26667,320.942,273.953,231.345,144.181,97.651,53.013,29.310,11.967
10.27000,320.977,274.120,231.302,144.264,97.741,53.019,29.368,12.022
10.27333,321.067,274.156,231.399,144.308,97.719,53.002,29.397,12.025
10.27667,321.159,274.245,231.422,144.308,97.751,53.019,29.361,11.999
10.28000,321.184,274.217,231.522,144.413,97.843,52.991,29.331,12.012
10.28333,321.275,274.275,231.587,144.328,97.828,53.066,29.344,11.982
10.28667,321.425,274.393,231.643,144.513,97.785,53.071,29.332,12.003
10.29000,321.380,274.418,231.709,144.520,97.846,53.025,29.348,11.991
10.29333,321.457,274.457,231.774,144.476,97.862,53.075,29.364,12.031
10.29667,321.616,274.495,231.795,144.565,97.952,53.048,29.335,11.978
10.30000,321.691,274.628,231.887,144.544,97.934,53.151,29.365,12.012
10.30333,321.690,274.691,231.854,144.603,97.971,53.143,29.406,12.027
10.30667,321.786,274.683,231.935,144.580,97.888,53.137,29.389,12.067
10.31000,321.843,274.743,231.999,144.681,97.924,53.122,29.368,12.106
10.31333,321.941,274.912,232.017,144.673,98.024,53.116,29.359,12.054
10.31667,322.008,274.870,232.104,144.736,98.036,53.153,29.442,12.053
10.32000,322.013,274.965,232.155,144.704,98.023,53.158,29.343,12.019
10.32333,322.131,275.027,232.256,144.722,98.098,53.178,29.337,12.070
10.32667,322.158,275.023,232.273,144.830,98.083,53.193,29.421,12.063
10.33000,322.197,275.079,232.332,144.797,98.119,53.259,29.417,12.118
10.33333,322.368,275.220,232.293,144.865,98.076,53.249,29.408,12.092
10.33667,322.393,275.294,232.349,144.885,98.165,53.225,29.401,12.143
10.34000,322.444,275.306,232.421,144.962,98.146,53.239,29.434,12.089
10.34333,322.566,275.377,232.459,144.985,98.215,53.300,29.395,12.039
10.34667,322.606,275.429,232.533,144.995,98.260,53.280,29.427,12.046
10.35000,322.790,275.433,232.592,144.986,98.269,53.321,29.452,12.040
10.35333,322.752,275.517,232.636,145.062,98.254,53.275,29.537,12.048
10.35667,322.830,275.632,232.730,145.109,98.352,53.337,29.476,12.066
10.36000,322.836,275.661,232.718,145.125,98.274,53.333,29.435,12.150
10.36333,322.976,275.796,232.779,145.130,98.371,53.327,29.413,12.098
10.36667,323.023,275.795,232.870,145.145,98.370,53.341,29.490,12.068
10.37000,323.112,275.835,232.878,145.198,98.341,53.317,29.448,12.057
10.37333,323.143,275.852,232.934,145.322,98.370,53.365,29.490,12.042
10.37667,323.247,275.977,232.967,145.234,98.390,53.390,29.474,12.158
10.38000,323.312,276.025,233.051,145.330,98.390,53.397,29.493,12.080
10.38333,323.364,276.110,233.030,145.374,98.498,53.468,29.520,12.090
10.38667,323.464,276.157,233.140,145.331,98.442,53.490,29.526,12.113
10.39000,323.528,276.207,233.175,145.361,98.498,53.472,29.549,12.091
10.39333,323.561,276.303,233.147,145.399,98.500,53.423,29.496,12.159
10.39667,323.615,276.283,233.256,145.451,98.529,53.490,29.570,12.120
10.40000,323.742,276.385,233.305,145.447,98.528,53.514,29.583,12.094
10.40333,323.776,276.467,233.329,145.507,98.518,53.440,29.567,12.137
10.40667,323.751,276.447,233.433,145.565,98.642,53.497,29.543,12.158
10.41000,323.882,276.504,233.409,145.625,98.575,53.470,29.561,12.112
10.41333,323.996,276.604,233.541,145.603,98.556,53.450,29.574,12.145
10.41667,324.109,276.627,233.541,145.626,98.631,53.500,29.574,12.149
10.42000,324.050,276.751,233.565,145.611,98.695,53.508,29.631,12.140
10.42333,324.181,276.774,233.672,145.705,98.707,53.515,29.600,12.060
10.42667,324.208,276.795,233.704,145.760,98.749,53.579,29.572,12.172
10.43000,324.339,276.889,233.728,145.780,98.732,53.579,29.608,12.184
10.43333,324.396,276.979,233.760,145.753,98.711,53.554,29.600,12.161
10.43667,324.413,276.994,233.870,145.826,98.757,53.550,29.576,12.104
10.44000,324.499,277.026,233.963,145.899,98.775,53.581,29.635,12.206
10.44333,324.584,277.030,233.917,145.849,98.800,53.668,29.542,12.137
10.44667,324.576,277.161,233.962,145.931,98.817,53.595,29.610,12.140
10.45000,324.629,277.178,234.042,145.955,98.796,53.613,29.685,12.145
10.45333,324.775,277.257,234.080,145.935,98.836,53.676,29.628,12.158
10.45667,324.718,277.322,234.126,145.992,98.874,53.626,29.642,12.175
10.46000,324.849,277.364,234.174,146.049,98.851,53.755,29.665,12.161
10.46333,324.936,277.471,234.203,145.996,98.892,53.638,29.722,12.181
10.46667,324.994,277.487,234.288,146.106,98.962,53.653,29.679,12.175
10.47000,325.043,277.587,234.289,146.118,98.912,53.658,29.705,12.174
10.47333,325.105,277.594,234.332,146.179,99.017,53.644,29.642,12.209
10.47667,325.236,277.704,234.388,146.140,98.961,53.656,29.685,12.175
10.48000,325.189,277.673,234.443,146.192,99.077,53.732,29.661,12.254
10.48333,325.298,277.788,234.546,146.250,99.028,53.692,29.693,12.123
10.48667,325.440,277.832,234.418,146.246,99.047,53.681,29.687,12.185
10.49000,325.429,277.878,234.606,146.261,99.112,53.672,29.703,12.197
10.49333,325.564,277.921,234.671,146.264,99.072,53.675,29.717,12.193
10.49667,325.602,277.994,234.735,146.302,99.050,53.730,29.700,12.217
10.50000,325.663,277.956,234.725,146.330,99.158,53.746,29.754,12.212
10.50333,325.672,278.036,234.740,146.390,99.140,53.769,29.728,12.219
10.50667,325.678,278.085,234.827,146.365,99.178,53.819,29.804,12.234
10.51000,325.746,278.198,234.833,146.481,99.144,53.788,29.730,12.195
10.51333,325.838,278.274,234.909,146.519,99.175,53.812,29.759,12.209
10.51667,325.936,278.295,235.006,146.505,99.233,53.844,29.824,12.238
10.52000,325.974,278.299,235.006,146.523,99.194,53.847,29.750,12.223
10.52333,326.031,278.382,235.000,146.553,99.280,53.876,29.779,12.255
10.52667,326.124,278.332,235.036,146.601,99.289,53.892,29.810,12.228
10.53000,326.085,278.443,235.126,146.643,99.281,53.844,29.778,12.207
10.53333,326.193,278.565,235.119,146.617,99.302,53.858,29.806,12.206
10.53667,326.300,278.566,235.223,146.684,99.287,53.920,29.752,12.193
10.54000,326.362,278.677,235.249,146.682,99.359,53.932,29.791,12.127
10.54333,326.399,278.675,235.296,146.667,99.432,53.925,29.801,12.216
10.54667,326.461,278.728,235.316,146.754,99.330,53.898,29.885,12.327
10.55000,326.518,278.754,235.332,146.787,99.411,53.896,29.812,12.254
10.55333,326.590,278.836,235.385,146.787,99.412,53.966,29.815,12.246
10.55667,326.706,278.888,235.404,146.871,99.463,53.910,29.799,12.235
10.56000,326.693,278.925,235.455,146.803,99.490,54.029,29.885,12.262
10.56333,326.781,278.926,235.535,146.908,99.512,53.911,29.820,12.215
10.56667,326.927,278.952,235.626,146.885,99.436,53.969,29.877,12.219
10.57000,326.842,279.068,235.637,146.955,99.511,53.994,29.875,12.233
10.57333,326.866,279.165,235.617,146.978,99.550,53.977,29.934,12.261
10.57667,327.001,279.249,235.739,146.953,99.582,54.019,29.933,12.245
10.58000,327.045,279.277,235.808,147.062,99.522,54.041,29.905,12.246
10.58333,327.135,279.352,235.783,147.062,99.558,53.940,29.879,12.236
10.58667,327.162,279.344,235.834,147.005,99.593,54.068,29.854,12.204
10.59000,327.246,279.432,235.870,147.161,99.624,54.068,29.932,12.197
10.59333,327.290,279.451,235.946,147.117,99.685,54.043,29.895,12.239
10.59667,327.346,279.481,235.963,147.180,99.649,54.071,29.823,12.242
10.60000,327.434,279.519,235.991,147.086,99.666,54.087,29.908,12.287
10.60333,327.460,279.584,236.053,147.195,99.690,54.075,29.947,12.303
10.60667,327.495,279.673,236.084,147.212,99.712,54.108,29.949,12.265
10.61000,327.524,279.716,236.133,147.293,99.680,54.009,29.882,12.253
10.61333,327.607,279.707,236.223,147.299,99.753,54.131,29.930,12.371
10.61667,327.747,279.806,236.155,147.293,99.792,54.163,29.948,12.236
10.62000,327.744,279.899,236.242,147.404,99.792,54.109,29.931,12.268
10.62333,327.753,279.891,236.332,147.372,99.756,54.160,29.871,12.273
10.62667,327.800,279.902,236.363,147.382,99.792,54.183,29.933,12.300
10.63000,327.887,279.903,236.374,147.412,99.893,54.111,29.934,12.245
10.63333,328.018,279.990,236.398,147.441,99.868,54.166,29.944,12.224
10.63667,328.040,280.105,236.458,147.461,99.831,54.194,29.904,12.288
10.64000,328.057,280.064,236.534,147.475,99.883,54.181,29.984,12.342
10.64333,328.106,280.117,236.544,147.525,99.889,54.190,29.987,12.346
10.64667,328.175,280.217,236.579,147.512,99.982,54.244,30.043,12.375
10.65000,328.272,280.241,236.636,147.590,99.890,54.210,30.032,12.273
10.65333,328.271,280.340,236.651,147.618,99.916,54.188,30.011,12.287
10.65667,328.366,280.341,236.685,147.587,99.971,54.192,30.026,12.333
10.66000,328.432,280.421,236.718,147.601,99.951,54.234,29.949,12.315
10.66333,328.437,280.441,236.730,147.627,100.044,54.225,29.958,12.255
10.66667,328.500,280.483,236.853,147.643,99.998,54.279,30.016,12.390
10.67000,328.590,280.550,236.934,147.690,100.008,54.245,29.997,12.291
10.67333,328.566,280.514,236.907,147.756,100.034,54.232,30.050,12.297
10.67667,328.678,280.624,236.870,147.772,100.029,54.279,30.056,12.352
10.68000,328.711,280.612,236.955,147.790,100.138,54.296,30.066,12.388
10.68333,328.784,280.694,237.007,147.769,100.057,54.339,29.999,12.394
10.68667,328.845,280.788,237.036,147.882,100.124,54.264,29.997,12.338
10.69000,328.901,280.834,236.985,147.883,100.185,54.246,29.977,12.318
10.69333,328.933,280.799,237.130,147.827,100.119,54.342,29.977,12.271
10.69667,328.953,280.876,237.120,147.832,100.173,54.397,30.002,12.279
10.70000,329.013,280.920,237.214,147.869,100.157,54.342,30.035,12.278
10.70333,329.127,280.949,237.218,147.984,100.264,54.321,30.120,12.342
10.70667,329.148,281.044,237.219,147.973,100.176,54.336,30.058,12.375
10.71000,329.186,281.147,237.275,147.959,100.258,54.418,30.083,12.371
10.71333,329.273,281.134,237.378,147.975,100.255,54.385,30.056,12.305
10.71667,329.310,281.222,237.370,147.999,100.225,54.409,30.101,12.349
10.72000,329.354,281.187,237.454,148.033,100.284,54.336,30.067,12.386
10.72333,329.385,281.232,237.466,148.058,100.209,54.449,30.047,12.331
10.72667,329.480,281.342,237.518,148.117,100.322,54.404,30.003,12.305
10.73000,329.479,281.364,237.566,148.148,100.305,54.391,30.100,12.369
10.73333,329.552,281.432,237.550,148.140,100.299,54.427,30.121,12.321
10.73667,329.510,281.432,237.604,148.137,100.271,54.529,30.135,12.346
10.74000,329.588,281.497,237.633,148.219,100.372,54.475,30.129,12.296
10.74333,329.607,281.458,237.717,148.220,100.369,54.449,30.117,12.362
10.74667,329.778,281.552,237.737,148.204,100.411,54.512,30.109,12.404
10.75000,329.819,281.645,237.736,148.272,100.393,54.477,30.131,12.418
10.75333,329.873,281.583,237.775,148.264,100.378,54.501,30.096,12.388
10.75667,329.920,281.694,237.821,148.257,100.441,54.559,30.161,12.386
10.76000,329.866,281.722,237.850,148.350,100.455,54.467,30.150,12.402
10.76333,330.019,281.736,237.868,148.355,100.484,54.483,30.148,12.396
10.76667,330.073,281.801,237.900,148.412,100.491,54.439,30.131,12.402
10.77000,330.050,281.880,237.981,148.412,100.436,54.521,30.181,12.345
10.77333,330.077,281.882,237.934,148.422,100.553,54.487,30.097,12.397
10.77667,330.177,281.961,238.090,148.414,100.533,54.487,30.103,12.366
10.78000,330.257,281.909,238.075,148.461,100.554,54.527,30.204,12.316
10.78333,330.278,282.003,238.074,148.505,100.520,54.623,30.094,12.392
10.78667,330.330,282.075,238.129,148.447,100.529,54.600,30.168,12.402
10.79000,330.438,282.040,238.177,148.545,100.555,54.539,30.198,12.393
10.79333,330.462,282.205,238.304,148.538,100.619,54.624,30.164,12.382
10.79667,330.501,282.214,238.229,148.599,100.545,54.542,30.170,12.388
10.80000,330.493,282.244,238.289,148.556,100.636,54.597,30.235,12.433
10.80333,330.516,282.251,238.367,148.641,100.641,54.612,30.171,12.367
10.80667,330.602,282.343,238.313,148.626,100.707,54.584,30.192,12.431
10.81000,330.642,282.309,238.447,148.702,100.660,54.592,30.254,12.464
10.81333,330.726,282.361,238.440,148.654,100.736,54.635,30.230,12.473
10.81667,330.798,282.357,238.479,148.764,100.675,54.633,30.130,12.352
10.82000,330.819,282.455,238.483,148.760,100.685,54.695,30.240,12.449
10.82333,330.875,282.492,238.489,148.789,100.747,54.631,30.258,12.416
10.82667,330.918,282.604,238.577,148.765,100.742,54.647,30.250,12.387
10.83000,330.965,282.618,238.593,148.819,100.800,54.674,30.222,12.382
10.83333,330.994,282.626,238.663,148.826,100.789,54.632,30.216,12.409
10.83667,331.019,282.623,238.656,148.825,100.823,54.727,30.242,12.399
10.84000,331.060,282.739,238.721,148.842,100.781,54.730,30.259,12.372
10.84333,331.136,282.724,238.719,148.927,100.808,54.651,30.220,12.360
10.84667,331.219,282.788,238.785,148.919,100.841,54.718,30.287,12.430
10.85000,331.199,282.845,238.791,148.873,100.842,54.772,30.253,12.393
10.85333,331.296,282.951,238.803,149.003,100.872,54.730,30.217,12.390
10.85667,331.273,282.904,238.911,148.925,100.934,54.794,30.251,12.455
10.86000,331.372,282.999,238.912,149.013,100.887,54.753,30.237,12.437
10.86333,331.411,282.981,238.892,148.974,100.920,54.760,30.280,12.441
10.86667,331.475,283.092,238.979,149.040,100.861,54.774,30.284,12.453
10.87000,331.517,283.039,239.028,149.009,100.935,54.733,30.312,12.442
10.87333,331.547,283.093,239.013,149.123,100.968,54.810,30.256,12.478
10.87667,331.565,283.137,239.122,149.064,100.981,54.763,30.318,12.419
10.88000,331.683,283.217,239.119,149.127,101.004,54.813,30.342,12.504
10.88333,331.721,283.233,239.120,149.077,100.981,54.788,30.221,12.422
10.88667,331.743,283.272,239.172,149.168,100.957,54.840,30.311,12.479
10.89000,331.752,283.327,239.230,149.140,101.014,54.766,30.304,12.445
10.89333,331.832,283.354,239.275,149.225,101.049,54.811,30.315,12.463
10.89667,331.878,283.415,239.236,149.180,101.042,54.843,30.258,12.404
10.90000,331.923,283.421,239.336,149.242,101.060,54.858,30.287,12.424
10.90333,332.015,283.494,239.296,149.181,101.064,54.829,30.345,12.441
10.90667,331.986,283.547,239.307,149.273,101.047,54.851,30.247,12.416
10.91000,331.989,283.544,239.374,149.258,101.097,54.880,30.351,12.461
10.91333,332.140,283.577,239.421,149.301,101.115,54.814,30.363,12.434
10.91667,332.123,283.561,239.419,149.321,101.094,54.941,30.346,12.415
10.92000,332.154,283.629,239.495,149.374,101.148,54.864,30.304,12.461
10.92333,332.245,283.627,239.490,149.385,101.133,54.873,30.283,12.463
10.92667,332.247,283.712,239.494,149.388,101.103,54.874,30.347,12.531
10.93000,332.306,283.754,239.623,149.385,101.197,54.934,30.349,12.419
10.93333,332.363,283.822,239.583,149.427,101.178,54.908,30.340,12.467
10.93667,332.362,283.835,239.684,149.405,101.179,54.898,30.355,12.449
10.94000,332.415,283.883,239.616,149.419,101.220,54.964,30.436,12.492
10.94333,332.471,283.886,239.663,149.418,101.274,54.877,30.357,12.459
10.94667,332.486,283.964,239.700,149.440,101.251,54.917,30.434,12.611
10.95000,332.546,283.959,239.771,149.552,101.214,54.917,30.347,12.495
10.95333,332.595,284.020,239.728,149.545,101.281,54.984,30.364,12.497
10.95667,332.691,284.055,239.788,149.578,101.287,55.015,30.341,12.468
10.96000,332.656,284.049,239.866,149.545,101.248,54.965,30.416,12.498
10.96333,332.734,284.072,239.883,149.594,101.271,54.964,30.378,12.486
10.96667,332.812,284.130,239.984,149.640,101.287,54.979,30.439,12.477
10.97000,332.853,284.213,239.958,149.586,101.358,54.950,30.389,12.458
10.97333,332.905,284.255,239.945,149.704,101.358,54.940,30.362,12.464
10.97667,332.931,284.277,240.032,149.661,101.285,54.992,30.447,12.497
10.98000,332.973,284.261,239.981,149.716,101.411,55.008,30.394,12.554
10.98333,332.956,284.326,239.990,149.722,101.372,54.988,30.340,12.475
10.98667,333.001,284.403,240.074,149.708,101.364,54.964,30.398,12.500
10.99000,333.112,284.382,240.076,149.775,101.383,55.011,30.417,12.496
10.99333,333.086,284.442,240.179,149.797,101.342,54.976,30.421,12.539
10.99667,333.109,284.498,240.208,149.822,101.406,55.047,30.460,12.514
11.00000,333.222,284.514,240.234,149.805,101.428,55.045,30.411,12.529
11.00333,333.165,284.627,240.230,149.768,101.465,55.048,30.411,12.550
11.00667,333.296,284.530,240.215,149.874,101.477,55.072,30.467,12.529
11.01000,333.274,284.609,240.287,149.820,101.507,55.052,30.422,12.506
11.01333,333.317,284.617,240.240,149.862,101.544,55.029,30.433,12.456
11.01667,333.311,284.626,240.367,149.897,101.506,55.051,30.448,12.602
11.02000,333.420,284.697,240.358,149.929,101.506,55.124,30.439,12.534
11.02333,333.428,284.760,240.418,149.944,101.516,55.102,30.437,12.516
11.02667,333.536,284.742,240.404,149.974,101.519,55.121,30.437,12.550
11.03000,333.539,284.798,240.484,150.007,101.496,55.132,30.502,12.514
11.03333,333.582,284.860,240.486,149.972,101.549,55.114,30.540,12.483
11.03667,333.567,284.848,240.477,149.995,101.553,55.120,30.518,12.550
11.04000,333.662,284.878,240.561,150.027,101.546,55.128,30.506,12.546
11.04333,333.699,285.051,240.588,150.045,101.601,55.134,30.424,12.558
11.04667,333.710,284.916,240.602,150.055,101.598,55.151,30.474,12.528
11.05000,333.787,285.035,240.578,150.133,101.572,55.124,30.525,12.552
11.05333,333.803,285.006,240.615,150.156,101.593,55.154,30.555,12.555
11.05667,333.830,285.022,240.723,150.109,101.626,55.112,30.441,12.469
11.06000,333.912,285.043,240.744,150.229,101.687,55.206,30.456,12.453
11.06333,333.978,285.124,240.709,150.122,101.663,55.172,30.475,12.531
11.06667,333.946,285.182,240.730,150.167,101.706,55.180,30.507,12.519
11.07000,334.020,285.171,240.775,150.209,101.703,55.191,30.566,12.541
11.07333,334.000,285.200,240.852,150.159,101.733,55.119,30.535,12.514
11.07667,334.035,285.258,240.876,150.261,101.683,55.222,30.490,12.520
11.08000,334.113,285.297,240.839,150.187,101.716,55.171,30.519,12.546
11.08333,334.159,285.317,240.946,150.287,101.733,55.199,30.512,12.537
11.08667,334.144,285.378,240.970,150.236,101.716,55.268,30.574,12.554
11.09000,334.216,285.478,240.971,150.267,101.721,55.192,30.572,12.552
11.09333,334.268,285.455,240.919,150.385,101.735,55.238,30.542,12.527
11.09667,334.280,285.468,241.007,150.327,101.787,55.178,30.611,12.511
11.10000,334.346,285.488,241.082,150.343,101.795,55.254,30.594,12.525
11.10333,334.344,285.503,241.031,150.377,101.781,55.331,30.587,12.530
11.10667,334.404,285.474,241.088,150.332,101.802,55.316,30.472,12.594
11.11000,334.489,285.577,241.133,150.367,101.840,55.244,30.565,12.584
11.11333,334.424,285.659,241.178,150.362,101.784,55.221,30.566,12.514
11.11667,334.569,285.632,241.133,150.457,101.890,55.198,30.502,12.566
11.12000,334.523,285.686,241.227,150.414,101.873,55.331,30.580,12.611
11.12333,334.604,285.734,241.205,150.418,101.918,55.276,30.578,12.588
11.12667,334.567,285.762,241.210,150.476,101.915,55.304,30.587,12.548
11.13000,334.636,285.781,241.211,150.427,101.906,55.229,30.535,12.540
11.13333,334.725,285.860,241.226,150.552,101.875,55.292,30.523,12.619
11.13667,334.779,285.908,241.308,150.511,101.871,55.359,30.573,12.565
11.14000,334.811,285.825,241.317,150.555,101.889,55.350,30.607,12.593
11.14333,334.782,285.936,241.349,150.564,101.895,55.343,30.537,12.551
11.14667,334.800,285.884,241.421,150.546,101.905,55.321,30.570,12.555
11.15000,334.782,286.005,241.405,150.528,102.011,55.364,30.528,12.596
11.15333,334.876,285.911,241.500,150.578,101.910,55.298,30.564,12.585
11.15667,334.905,285.972,241.454,150.639,101.993,55.409,30.565,12.587
11.16000,334.949,286.036,241.546,150.669,102.003,55.375,30.669,12.558
11.16333,335.040,286.098,241.508,150.647,102.013,55.302,30.630,12.554
11.16667,335.021,286.104,241.607,150.654,102.003,55.384,30.596,12.608
11.17000,335.097,286.105,241.540,150.677,101.972,55.362,30.614,12.613
11.17333,335.160,286.167,241.633,150.677,101.969,55.368,30.556,12.572
11.17667,335.089,286.190,241.648,150.739,102.006,55.417,30.586,12.592
11.18000,335.136,286.233,241.623,150.691,102.009,55.392,30.549,12.599
11.18333,335.193,286.208,241.682,150.749,102.017,55.365,30.547,12.596
11.18667,335.260,286.317,241.694,150.786,102.011,55.399,30.606,12.598
11.19000,335.331,286.269,241.746,150.768,102.098,55.384,30.546,12.577
11.19333,335.371,286.308,241.741,150.805,102.080,55.371,30.653,12.581
11.19667,335.294,286.411,241.794,150.753,102.103,55.397,30.657,12.595
11.20000,335.415,286.431,241.806,150.773,102.119,55.457,30.610,12.571
11.20333,335.393,286.387,241.816,150.819,102.107,55.504,30.654,12.598
11.20667,335.449,286.528,241.883,150.863,102.216,55.473,30.681,12.670
11.21000,335.481,286.503,241.930,150.854,102.125,55.408,30.623,12.634
11.21333,335.537,286.504,241.933,150.858,102.171,55.440,30.623,12.600
11.21667,335.512,286.535,241.929,150.916,102.169,55.429,30.706,12.600
11.22000,335.542,286.572,242.004,150.896,102.162,55.397,30.609,12.662
11.22333,335.587,286.658,241.979,150.929,102.222,55.381,30.621,12.590
11.22667,335.623,286.583,242.015,150.891,102.226,55.511,30.680,12.550
11.23000,335.657,286.685,241.967,150.938,102.250,55.466,30.652,12.557
11.23333,335.692,286.704,241.995,150.972,102.192,55.464,30.616,12.622
11.23667,335.750,286.714,242.101,150.994,102.256,55.476,30.652,12.617
11.24000,335.840,286.728,242.100,151.015,102.220,55.488,30.524,12.644
11.24333,335.796,286.769,242.076,151.105,102.256,55.557,30.630,12.610
11.24667,335.838,286.798,242.118,151.058,102.212,55.434,30.709,12.655
11.25000,335.803,286.829,242.202,151.037,102.249,55.519,30.666,12.610
11.25333,335.905,286.941,242.208,151.036,102.246,55.472,30.674,12.600
11.25667,335.909,286.821,242.238,151.059,102.291,55.517,30.653,12.585
11.26000,336.016,286.938,242.199,151.133,102.183,55.462,30.701,12.625
11.26333,335.990,286.921,242.269,151.042,102.271,55.521,30.702,12.616
11.26667,336.013,286.989,242.256,151.117,102.253,55.591,30.666,12.611
11.27000,336.093,286.969,242.334,151.116,102.337,55.541,30.689,12.660
11.27333,336.125,287.021,242.337,151.116,102.263,55.521,30.712,12.605
11.27667,336.143,287.079,242.346,151.166,102.282,55.555,30.617,12.643
11.28000,336.073,287.011,242.389,151.163,102.380,55.546,30.678,12.555
11.28333,336.264,287.079,242.410,151.151,102.382,55.560,30.682,12.594
11.28667,336.180,287.133,242.362,151.187,102.324,55.521,30.714,12.655
11.29000,336.256,287.115,242.419,151.199,102.398,55.588,30.686,12.600
11.29333,336.270,287.192,242.548,151.184,102.309,55.568,30.706,12.558
11.29667,336.359,287.251,242.459,151.213,102.407,55.618,30.691,12.679
11.30000,336.281,287.225,242.453,151.274,102.330,55.579,30.724,12.629
11.30333,336.405,287.256,242.520,151.281,102.393,55.565,30.770,12.675
11.30667,336.410,287.302,242.501,151.308,102.439,55.577,30.680,12.612
11.31000,336.354,287.238,242.629,151.305,102.508,55.653,30.736,12.606
11.31333,336.430,287.303,242.529,151.359,102.494,55.618,30.733,12.654
11.31667,336.455,287.287,242.635,151.273,102.449,55.649,30.779,12.639
11.32000,336.556,287.402,242.605,151.385,102.394,55.626,30.713,12.666
11.32333,336.532,287.408,242.673,151.352,102.447,55.620,30.693,12.640
11.32667,336.541,287.404,242.686,151.323,102.471,55.627,30.724,12.656
11.33000,336.587,287.446,242.694,151.345,102.500,55.610,30.796,12.749
11.33333,336.636,287.449,242.702,151.366,102.535,55.671,30.776,12.612
11.33667,336.728,287.520,242.715,151.392,102.487,55.569,30.669,12.682
11.34000,336.673,287.570,242.772,151.460,102.475,55.612,30.737,12.624
11.34333,336.740,287.537,242.767,151.448,102.520,55.629,30.773,12.667
11.34667,336.755,287.565,242.829,151.424,102.527,55.636,30.775,12.698
11.35000,336.816,287.626,242.823,151.401,102.544,55.662,30.727,12.587
11.35333,336.852,287.651,242.911,151.443,102.524,55.624,30.718,12.644
11.35667,336.882,287.715,242.921,151.535,102.523,55.665,30.825,12.638
11.36000,336.862,287.707,242.930,151.459,102.578,55.650,30.859,12.717
11.36333,336.926,287.676,242.893,151.507,102.542,55.701,30.761,12.656
11.36667,336.934,287.713,242.928,151.532,102.572,55.686,30.804,12.670
11.37000,336.989,287.752,242.972,151.499,102.574,55.703,30.791,12.663
11.37333,336.984,287.792,242.976,151.563,102.628,55.646,30.750,12.634
11.37667,337.040,287.841,242.992,151.543,102.600,55.743,30.808,12.719
11.38000,337.028,287.822,243.047,151.558,102.682,55.715,30.773,12.608
11.38333,337.020,287.896,243.044,151.590,102.589,55.647,30.788,12.645
11.38667,337.122,287.852,243.027,151.552,102.601,55.671,30.752,12.665
11.39000,337.188,287.921,243.058,151.587,102.647,55.722,30.835,12.627
11.39333,337.160,287.865,243.090,151.658,102.673,55.701,30.787,12.657
11.39667,337.172,287.952,243.141,151.607,102.685,55.720,30.838,12.703
11.40000,337.236,287.982,243.147,151.667,102.690,55.739,30.839,12.691
11.40333,337.244,288.038,243.187,151.750,102.708,55.753,30.808,12.645
11.40667,337.266,288.063,243.137,151.664,102.687,55.754,30.861,12.684
11.41000,337.282,288.042,243.218,151.695,102.629,55.707,30.831,12.616
11.41333,337.315,288.076,243.188,151.703,102.785,55.704,30.781,12.686
11.41667,337.332,288.085,243.298,151.728,102.682,55.692,30.780,12.713
11.42000,337.382,288.097,243.257,151.708,102.691,55.818,30.818,12.694
11.42333,337.357,288.185,243.320,151.708,102.755,55.781,30.839,12.649
11.42667,337.434,288.168,243.229,151.750,102.707,55.792,30.864,12.675
11.43000,337.466,288.174,243.266,151.707,102.720,55.839,30.776,12.665
11.43333,337.477,288.178,243.367,151.775,102.777,55.757,30.869,12.622
11.43667,337.520,288.228,243.305,151.769,102.736,55.750,30.817,12.703
11.44000,337.555,288.223,243.322,151.768,102.801,55.760,30.782,12.648
11.44333,337.563,288.288,243.364,151.783,102.773,55.783,30.849,12.667
11.44667,337.628,288.291,243.434,151.858,102.778,55.836,30.850,12.638
11.45000,337.607,288.352,243.381,151.801,102.827,55.768,30.818,12.658
11.45333,337.645,288.367,243.424,151.898,102.793,55.817,30.788,12.709
11.45667,337.735,288.387,243.503,151.839,102.820,55.784,30.872,12.666
11.46000,337.690,288.409,243.451,151.880,102.818,55.825,30.873,12.736
11.46333,337.802,288.382,243.462,151.877,102.819,55.817,30.895,12.683
11.46667,337.699,288.353,243.547,151.884,102.768,55.834,30.846,12.660
11.47000,337.696,288.370,243.567,151.926,102.826,55.853,30.840,12.620
11.47333,337.793,288.496,243.606,151.890,102.832,55.879,30.912,12.637
11.47667,337.770,288.486,243.517,151.948,102.831,55.850,30.864,12.679
11.48000,337.782,288.464,243.611,151.886,102.880,55.883,30.868,12.709
11.48333,337.824,288.546,243.595,151.911,102.869,55.906,30.889,12.707
11.48667,337.848,288.605,243.608,151.959,102.851,55.833,30.859,12.733
11.49000,337.919,288.487,243.651,152.017,102.964,55.843,30.842,12.640
11.49333,337.995,288.625,243.718,151.949,102.903,55.817,30.931,12.700
11.49667,337.979,288.629,243.713,151.989,102.944,55.790,30.917,12.740
11.50000,338.049,288.652,243.713,152.019,102.875,55.850,30.936,12.677
11.50333,338.015,288.666,243.632,152.045,102.897,55.897,30.863,12.725
11.50667,338.076,288.662,243.776,152.066,102.979,55.812,30.947,12.684
11.51000,338.135,288.726,243.767,152.002,102.929,55.898,30.863,12.720
11.51333,338.083,288.732,243.792,152.034,102.939,55.936,30.860,12.735
11.51667,338.072,288.712,243.767,152.086,102.944,55.889,30.907,12.738
11.52000,338.137,288.812,243.856,152.103,102.940,55.914,30.876,12.756
11.52333,338.183,288.807,243.781,152.092,102.990,55.923,30.927,12.734
11.52667,338.253,288.802,243.932,152.148,102.996,55.887,30.840,12.690
11.53000,338.197,288.858,243.885,152.137,102.969,55.890,30.874,12.644
11.53333,338.270,288.826,243.851,152.153,102.990,55.952,30.876,12.697
11.53667,338.294,288.954,243.936,152.068,102.988,55.868,30.892,12.682
11.54000,338.315,288.882,243.920,152.142,102.919,55.886,30.908,12.698
11.54333,338.366,288.911,243.947,152.156,103.042,55.916,30.873,12.773
11.54667,338.339,288.889,243.922,152.198,103.057,55.954,30.874,12.750
11.55000,338.433,289.016,243.907,152.166,103.007,55.915,30.913,12.728
11.55333,338.391,289.011,243.971,152.194,103.069,55.976,30.849,12.720
11.55667,338.398,289.017,244.057,152.236,103.009,55.936,30.936,12.781
11.56000,338.442,288.995,244.100,152.253,103.054,55.962,30.864,12.600
11.56333,338.438,289.016,244.030,152.204,103.068,55.908,30.910,12.653
11.56667,338.484,289.053,244.024,152.236,103.090,55.957,30.933,12.718
11.57000,338.511,289.060,244.097,152.318,103.032,55.995,30.958,12.762
11.57333,338.517,289.106,244.053,152.247,103.118,55.926,30.956,12.741
11.57667,338.599,289.149,244.127,152.288,103.058,55.978,30.876,12.726
11.58000,338.522,289.146,244.044,152.206,103.087,55.952,30.931,12.746
11.58333,338.611,289.188,244.157,152.256,103.187,55.949,30.956,12.721
11.58667,338.666,289.209,244.242,152.308,103.074,55.935,30.903,12.707
11.59000,338.613,289.217,244.155,152.340,103.117,55.997,30.929,12.718
11.59333,338.686,289.219,244.183,152.275,103.083,55.993,30.914,12.784
11.59667,338.715,289.233,244.256,152.278,103.136,55.926,30.936,12.731
11.60000,338.709,289.251,244.290,152.382,103.033,56.011,30.887,12.652
11.60333,338.759,289.360,244.241,152.364,103.144,55.927,30.949,12.747
11.60667,338.794,289.377,244.219,152.385,103.116,55.989,30.845,12.765
11.61000,338.766,289.331,244.240,152.394,103.259,56.021,30.924,12.768
11.61333,338.778,289.384,244.298,152.385,103.182,56.025,30.941,12.776
11.61667,338.848,289.383,244.326,152.385,103.117,55.992,30.899,12.749
11.62000,338.847,289.372,244.340,152.403,103.204,56.039,30.985,12.693
11.62333,338.893,289.445,244.347,152.414,103.153,55.996,30.939,12.767
11.62667,338.936,289.432,244.361,152.434,103.169,56.026,30.933,12.688
11.63000,338.909,289.400,244.390,152.384,103.225,56.046,30.955,12.782
11.63333,339.005,289.432,244.368,152.426,103.154,56.024,30.962,12.775
11.63667,339.021,289.483,244.427,152.490,103.207,55.978,30.948,12.650
11.64000,338.990,289.462,244.418,152.421,103.239,56.007,30.984,12.749
11.64333,338.996,289.543,244.472,152.425,103.256,56.017,31.001,12.704
11.64667,339.020,289.545,244.506,152.438,103.235,56.070,30.997,12.797
11.65000,339.083,289.531,244.529,152.519,103.248,56.019,31.004,12.771
11.65333,339.092,289.560,244.537,152.536,103.246,56.027,30.904,12.780
11.65667,339.120,289.651,244.462,152.485,103.189,56.080,31.013,12.717
11.66000,339.148,289.620,244.588,152.539,103.245,55.956,30.981,12.735
11.66333,339.124,289.697,244.527,152.511,103.200,55.999,30.969,12.768
11.66667,339.183,289.648,244.533,152.577,103.249,56.070,30.983,12.830
11.67000,339.192,289.655,244.599,152.527,103.253,56.099,30.970,12.759
11.67333,339.185,289.704,244.579,152.522,103.282,55.997,30.937,12.804
11.67667,339.240,289.718,244.585,152.555,103.316,56.060,30.921,12.721
11.68000,339.263,289.745,244.631,152.525,103.287,56.039,30.960,12.805
11.68333,339.244,289.736,244.669,152.607,103.372,56.044,30.953,12.729
11.68667,339.216,289.753,244.622,152.512,103.303,56.076,31.022,12.704
11.69000,339.303,289.800,244.657,152.586,103.285,56.153,31.025,12.809
11.69333,339.311,289.840,244.690,152.656,103.295,56.087,31.031,12.729
11.69667,339.366,289.851,244.795,152.619,103.331,56.113,30.977,12.736
11.70000,339.351,289.844,244.767,152.646,103.336,56.139,30.987,12.772
11.70333,339.382,289.856,244.770,152.618,103.357,56.103,31.034,12.838
11.70667,339.414,289.915,244.713,152.679,103.397,56.025,31.016,12.691
11.71000,339.440,289.807,244.765,152.622,103.326,56.125,31.008,12.761
11.71333,339.428,289.905,244.754,152.654,103.306,56.042,30.984,12.750
11.71667,339.487,289.976,244.700,152.683,103.378,56.065,31.073,12.748
11.72000,339.556,289.942,244.792,152.685,103.423,56.101,31.023,12.785
11.72333,339.524,289.917,244.826,152.703,103.387,56.119,30.984,12.743
11.72667,339.555,290.031,244.789,152.727,103.371,56.125,31.009,12.782
11.73000,339.552,290.011,244.835,152.758,103.318,56.149,31.050,12.783
11.73333,339.583,289.981,244.786,152.778,103.415,56.108,31.036,12.724
11.73667,339.656,289.983,244.899,152.774,103.384,56.162,31.033,12.810
11.74000,339.661,290.035,244.887,152.758,103.394,56.141,31.046,12.779
11.74333,339.602,290.076,244.890,152.626,103.419,56.042,31.023,12.783
11.74667,339.690,290.004,244.941,152.748,103.402,56.160,31.026,12.728
11.75000,339.726,290.049,244.923,152.819,103.444,56.127,31.053,12.778
11.75333,339.613,290.134,244.930,152.850,103.405,56.160,31.038,12.736
11.75667,339.742,290.172,244.949,152.857,103.473,56.100,31.055,12.762
11.76000,339.746,290.161,245.015,152.797,103.466,56.149,30.964,12.746
11.76333,339.764,290.165,244.927,152.771,103.464,56.127,31.000,12.749
11.76667,339.791,290.191,245.005,152.883,103.479,56.150,31.065,12.763
11.77000,339.798,290.183,244.960,152.818,103.395,56.203,31.069,12.789
11.77333,339.861,290.248,245.012,152.871,103.436,56.135,30.991,12.790
11.77667,339.855,290.249,245.048,152.786,103.505,56.198,30.985,12.827
11.78000,339.855,290.265,245.007,152.793,103.518,56.217,31.031,12.792
11.78333,339.917,290.213,245.094,152.843,103.477,56.180,31.033,12.789
11.78667,339.880,290.318,245.074,152.916,103.490,56.194,30.985,12.757
11.79000,339.929,290.325,245.139,152.892,103.474,56.150,31.049,12.742
11.79333,339.942,290.317,245.129,152.898,103.464,56.181,31.061,12.778
11.79667,339.925,290.324,245.088,152.910,103.534,56.194,31.045,12.768
11.80000,339.992,290.346,245.108,152.966,103.497,56.237,31.079,12.747
11.80333,340.017,290.425,245.076,152.883,103.530,56.194,31.018,12.802
11.80667,340.013,290.377,245.188,152.944,103.544,56.199,31.052,12.756
11.81000,340.020,290.433,245.170,152.940,103.492,56.225,31.073,12.838
11.81333,340.072,290.420,245.181,152.916,103.566,56.133,31.042,12.792
11.81667,340.045,290.405,245.202,152.953,103.513,56.206,31.106,12.769
11.82000,340.083,290.437,245.277,152.944,103.535,56.224,31.002,12.834
11.82333,340.105,290.461,245.214,152.970,103.591,56.270,31.054,12.814
11.82667,340.131,290.507,245.200,152.920,103.579,56.219,31.047,12.790
11.83000,340.109,290.515,245.241,152.988,103.584,56.188,31.072,12.819
11.83333,340.185,290.495,245.282,153.059,103.537,56.237,31.061,12.779
11.83667,340.180,290.500,245.324,153.065,103.526,56.142,31.101,12.822
11.84000,340.111,290.562,245.322,152.989,103.587,56.274,31.054,12.759
11.84333,340.210,290.565,245.380,153.059,103.589,56.274,31.073,12.839
11.84667,340.289,290.610,245.303,153.044,103.618,56.244,31.047,12.781
11.85000,340.276,290.532,245.369,153.034,103.602,56.294,31.059,12.802
11.85333,340.277,290.620,245.337,153.015,103.573,56.288,31.062,12.770
11.85667,340.263,290.568,245.438,153.012,103.608,56.233,31.066,12.755
11.86000,340.256,290.627,245.389,153.044,103.652,56.288,31.077,12.789
11.86333,340.285,290.649,245.474,153.078,103.561,56.257,31.077,12.751
11.86667,340.349,290.693,245.412,153.047,103.621,56.309,31.050,12.750
11.87000,340.291,290.688,245.429,153.098,103.578,56.243,31.058,12.880
11.87333,340.324,290.658,245.439,153.143,103.665,56.308,31.111,12.836
11.87667,340.361,290.674,245.428,153.170,103.645,56.260,31.075,12.814
11.88000,340.409,290.717,245.479,153.120,103.649,56.247,31.028,12.731
11.88333,340.460,290.710,245.507,153.087,103.699,56.282,31.061,12.828
11.88667,340.514,290.751,245.476,153.204,103.669,56.285,31.073,12.770
11.89000,340.528,290.741,245.488,153.105,103.604,56.338,31.093,12.792
11.89333,340.544,290.761,245.540,153.170,103.675,56.246,31.037,12.798
11.89667,340.449,290.775,245.518,153.213,103.651,56.305,31.087,12.855
11.90000,340.541,290.792,245.505,153.146,103.646,56.294,31.145,12.873
11.90333,340.474,290.802,245.527,153.179,103.780,56.371,31.129,12.795
11.90667,340.515,290.803,245.558,153.235,103.782,56.253,31.120,12.842
11.91000,340.592,290.844,245.549,153.143,103.674,56.252,31.111,12.840
11.91333,340.661,290.902,245.562,153.175,103.686,56.281,31.122,12.746
11.91667,340.562,290.850,245.570,153.149,103.667,56.319,31.166,12.884
11.92000,340.573,290.907,245.645,153.256,103.663,56.246,31.135,12.800
11.92333,340.623,290.904,245.583,153.181,103.718,56.272,31.110,12.778
11.92667,340.601,290.896,245.570,153.222,103.703,56.255,31.121,12.781
11.93000,340.676,290.932,245.605,153.147,103.750,56.283,31.088,12.743
11.93333,340.675,291.033,245.596,153.244,103.710,56.338,31.172,12.810
11.93667,340.711,291.047,245.658,153.211,103.771,56.337,31.080,12.728
11.94000,340.731,290.987,245.690,153.215,103.667,56.305,31.144,12.751
11.94333,340.733,291.054,245.636,153.223,103.751,56.339,31.096,12.810
11.94667,340.748,290.997,245.677,153.227,103.723,56.333,31.085,12.799
11.95000,340.787,291.055,245.719,153.269,103.707,56.307,31.108,12.854
11.95333,340.802,291.061,245.692,153.260,103.721,56.280,31.126,12.811
11.95667,340.808,291.075,245.671,153.277,103.710,56.364,31.113,12.778
11.96000,340.869,291.092,245.713,153.288,103.774,56.331,31.076,12.843
11.96333,340.839,291.024,245.796,153.298,103.785,56.299,31.146,12.811
11.96667,340.870,291.045,245.847,153.333,103.766,56.355,31.136,12.800
11.97000,340.896,291.124,245.784,153.353,103.732,56.384,31.205,12.852
11.97333,340.908,291.171,245.849,153.351,103.723,56.325,31.141,12.813
11.97667,340.946,291.152,245.838,153.354,103.836,56.362,31.154,12.872
11.98000,340.891,291.165,245.840,153.299,103.771,56.315,31.106,12.799
11.98333,340.945,291.161,245.852,153.401,103.848,56.320,31.129,12.777
11.98667,340.942,291.124,245.804,153.351,103.745,56.439,31.142,12.792
11.99000,341.002,291.213,245.854,153.346,103.818,56.390,31.093,12.863
11.99333,341.004,291.217,245.850,153.410,103.763,56.374,31.166,12.809
11.99667,340.887,291.198,245.873,153.389,103.825,56.329,31.160,12.816
12.00000,340.975,291.200,245.917,153.404,103.877,56.391,31.113,12.876
