time_min,A246_mAU,A254_mAU,A261_mAU,A273_mAU,A290_mAU,A324_mAU,A350_mAU,A445_mAU
0.00000,31.409,27.741,22.281,13.871,10.471,5.781,2.362,0.374
0.00333,31.493,27.626,22.358,13.843,10.443,5.716,2.369,0.434
0.00667,31.597,27.656,22.353,13.877,10.437,5.829,2.432,0.419
0.01000,31.586,27.667,22.383,13.863,10.371,5.845,2.336,0.406
0.01333,31.578,27.696,22.366,13.903,10.448,5.794,2.304,0.371
0.01667,31.652,27.734,22.456,13.952,10.468,5.811,2.345,0.415
0.02000,31.541,27.772,22.416,13.870,10.426,5.768,2.402,0.356
0.02333,31.659,27.765,22.425,13.978,10.501,5.821,2.364,0.473
0.02667,31.669,27.804,22.474,13.936,10.429,5.807,2.318,0.350
0.03000,31.705,27.833,22.484,13.912,10.494,5.866,2.357,0.465
0.03333,31.708,27.861,22.521,14.026,10.483,5.871,2.407,0.455
0.03667,31.735,27.953,22.485,13.959,10.519,5.817,2.335,0.360
0.04000,31.784,27.876,22.494,14.016,10.522,5.860,2.396,0.453
0.04333,31.771,27.932,22.533,13.947,10.454,5.800,2.353,0.397
0.04667,31.783,27.875,22.559,13.970,10.482,5.832,2.436,0.399
0.05000,31.824,28.013,22.585,13.984,10.507,5.867,2.343,0.437
0.05333,31.853,27.935,22.635,14.110,10.550,5.892,2.415,0.384
0.05667,31.881,27.970,22.560,14.004,10.556,5.913,2.354,0.359
0.06000,31.851,28.041,22.605,14.099,10.595,5.819,2.446,0.389
0.06333,31.890,28.004,22.686,14.108,10.543,5.838,2.340,0.400
0.06667,31.991,28.026,22.650,14.102,10.594,5.879,2.388,0.426
0.07000,31.939,28.049,22.683,14.157,10.612,5.882,2.360,0.433
0.07333,32.030,28.085,22.725,14.086,10.542,5.874,2.449,0.442
0.07667,31.991,28.067,22.763,14.111,10.518,5.904,2.354,0.393
0.08000,32.055,28.128,22.668,14.024,10.553,5.880,2.461,0.408
0.08333,32.052,28.144,22.749,14.147,10.606,5.901,2.340,0.427
0.08667,32.108,28.202,22.770,14.197,10.641,5.914,2.379,0.403
0.09000,32.108,28.227,22.856,14.113,10.642,5.971,2.367,0.425
0.09333,32.151,28.200,22.822,14.167,10.588,5.893,2.436,0.384
0.09667,32.104,28.240,22.826,14.139,10.605,5.929,2.472,0.397
0.10000,32.199,28.219,22.819,14.208,10.613,5.876,2.436,0.370
0.10333,32.208,28.248,22.863,14.246,10.636,5.899,2.458,0.409
0.10667,32.235,28.266,22.859,14.219,10.678,5.912,2.437,0.423
0.11000,32.182,28.281,22.844,14.131,10.691,5.904,2.428,0.376
0.11333,32.268,28.319,22.877,14.195,10.693,5.924,2.446,0.407
0.11667,32.260,28.364,22.919,14.240,10.645,5.971,2.471,0.450
0.12000,32.334,28.393,22.903,14.209,10.644,5.990,2.439,0.435
0.12333,32.416,28.470,22.933,14.244,10.708,5.929,2.420,0.486
0.12667,32.390,28.451,22.966,14.262,10.719,5.863,2.422,0.485
0.13000,32.382,28.495,23.031,14.237,10.659,5.905,2.471,0.459
0.13333,32.443,28.443,22.976,14.260,10.617,5.963,2.425,0.430
0.13667,32.424,28.441,23.007,14.311,10.787,5.938,2.484,0.476
0.14000,32.488,28.555,23.040,14.303,10.677,5.908,2.454,0.425
0.14333,32.503,28.521,23.047,14.340,10.791,5.971,2.434,0.449
0.14667,32.552,28.516,23.089,14.297,10.704,5.912,2.433,0.401
0.15000,32.451,28.526,23.075,14.343,10.818,5.984,2.462,0.488
0.15333,32.585,28.614,23.104,14.361,10.732,5.948,2.456,0.454
0.15667,32.576,28.603,23.076,14.346,10.760,6.032,2.419,0.482
0.16000,32.619,28.657,23.190,14.427,10.721,6.023,2.504,0.472
0.16333,32.612,28.670,23.135,14.415,10.732,5.975,2.468,0.498
0.16667,32.710,28.688,23.222,14.387,10.800,5.958,2.455,0.514
0.17000,32.707,28.729,23.221,14.386,10.783,5.951,2.437,0.450
0.17333,32.717,28.760,23.183,14.414,10.745,5.973,2.452,0.475
0.17667,32.763,28.683,23.202,14.447,10.788,6.035,2.447,0.423
0.18000,32.728,28.738,23.274,14.467,10.800,6.016,2.471,0.460
0.18333,32.770,28.834,23.339,14.470,10.796,5.989,2.479,0.461
0.18667,32.812,28.797,23.331,14.419,10.851,6.014,2.489,0.418
0.19000,32.857,28.867,23.304,14.498,10.849,6.014,2.456,0.419
0.19333,32.872,28.838,23.293,14.444,10.817,5.996,2.489,0.417
0.19667,32.885,28.877,23.339,14.498,10.842,6.035,2.456,0.431
0.20000,32.922,28.942,23.360,14.537,10.850,6.035,2.514,0.463
0.20333,32.938,28.912,23.392,14.546,10.821,6.043,2.498,0.444
0.20667,32.988,28.896,23.387,14.511,10.888,6.074,2.459,0.479
0.21000,33.061,28.998,23.476,14.590,10.902,6.003,2.487,0.461
0.21333,32.985,28.970,23.412,14.536,10.959,6.098,2.477,0.428
0.21667,32.986,28.990,23.467,14.592,10.857,6.112,2.492,0.475
0.22000,33.079,29.074,23.492,14.527,10.940,6.130,2.540,0.487
0.22333,33.074,28.978,23.521,14.632,10.932,6.086,2.562,0.444
0.22667,33.097,29.071,23.548,14.596,10.852,6.022,2.486,0.433
0.23000,33.109,29.076,23.480,14.638,10.974,6.106,2.518,0.463
0.23333,33.222,29.081,23.561,14.648,10.921,6.096,2.554,0.472
0.23667,33.173,29.152,23.499,14.615,10.971,6.057,2.504,0.518
0.24000,33.202,29.149,23.605,14.681,11.028,6.000,2.512,0.442
0.24333,33.165,29.164,23.606,14.715,10.939,6.074,2.550,0.471
0.24667,33.305,29.202,23.707,14.685,10.977,6.044,2.481,0.518
0.25000,33.321,29.248,23.595,14.715,10.967,6.142,2.550,0.470
0.25333,33.297,29.260,23.667,14.680,11.004,6.135,2.482,0.488
0.25667,33.313,29.280,23.609,14.696,10.984,6.089,2.474,0.501
0.26000,33.404,29.257,23.755,14.705,10.974,6.115,2.471,0.489
0.26333,33.415,29.303,23.722,14.761,11.025,6.177,2.467,0.521
0.26667,33.370,29.270,23.716,14.653,10.997,6.143,2.511,0.471
0.27000,33.475,29.366,23.746,14.746,11.006,6.125,2.533,0.489
0.27333,33.529,29.439,23.791,14.795,11.011,6.083,2.465,0.533
0.27667,33.499,29.371,23.786,14.848,11.032,6.135,2.559,0.423
0.28000,33.536,29.421,23.876,14.799,11.071,6.163,2.534,0.502
0.28333,33.525,29.417,23.859,14.837,11.015,6.143,2.558,0.439
0.28667,33.495,29.432,23.903,14.828,11.089,6.099,2.590,0.458
0.29000,33.688,29.491,23.885,14.849,11.082,6.154,2.631,0.515
0.29333,33.617,29.475,23.864,14.846,11.084,6.134,2.554,0.524
0.29667,33.609,29.529,23.974,14.889,11.034,6.119,2.586,0.472
0.30000,33.759,29.504,23.904,14.937,11.111,6.082,2.521,0.470
0.30333,33.726,29.559,23.986,14.858,11.092,6.160,2.576,0.485
0.30667,33.767,29.613,23.994,14.866,11.115,6.180,2.577,0.482
0.31000,33.731,29.616,23.978,14.929,11.109,6.210,2.599,0.474
0.31333,33.735,29.657,24.000,14.900,11.104,6.163,2.518,0.520
0.31667,33.877,29.702,24.047,14.952,11.130,6.276,2.621,0.508
0.32000,33.889,29.706,23.988,14.953,11.097,6.242,2.573,0.527
0.32333,33.959,29.681,24.116,14.949,11.105,6.251,2.548,0.498
0.32667,33.872,29.696,24.078,14.964,11.236,6.220,2.583,0.567
0.33000,33.889,29.754,24.084,14.953,11.083,6.193,2.534,0.458
0.33333,33.971,29.791,24.140,14.935,11.177,6.262,2.531,0.464
0.33667,34.003,29.825,24.178,14.984,11.159,6.230,2.601,0.531
0.34000,34.084,29.846,24.169,14.975,11.162,6.201,2.613,0.468
0.34333,34.093,29.854,24.226,14.998,11.175,6.242,2.634,0.469
0.34667,34.030,29.926,24.190,15.054,11.264,6.225,2.602,0.507
0.35000,34.090,29.966,24.192,15.004,11.213,6.209,2.636,0.491
0.35333,34.152,29.969,24.253,15.034,11.286,6.229,2.601,0.491
0.35667,34.188,29.960,24.304,15.071,11.238,6.255,2.576,0.545
0.36000,34.181,29.940,24.252,15.033,11.249,6.208,2.622,0.552
0.36333,34.202,29.959,24.301,15.100,11.296,6.256,2.555,0.492
0.36667,34.270,29.952,24.293,15.067,11.229,6.223,2.546,0.467
0.37000,34.241,30.024,24.376,15.092,11.275,6.203,2.624,0.501
0.37333,34.260,30.064,24.348,15.145,11.304,6.277,2.614,0.528
0.37667,34.355,30.081,24.329,15.063,11.226,6.300,2.622,0.522
0.38000,34.384,30.103,24.469,15.168,11.333,6.214,2.570,0.531
0.38333,34.348,30.134,24.383,15.126,11.250,6.325,2.657,0.529
0.38667,34.415,30.189,24.463,15.238,11.374,6.262,2.588,0.488
0.39000,34.432,30.143,24.453,15.154,11.320,6.358,2.560,0.499
0.39333,34.449,30.217,24.417,15.187,11.314,6.282,2.647,0.563
0.39667,34.553,30.196,24.567,15.168,11.348,6.278,2.719,0.459
0.40000,34.545,30.201,24.477,15.296,11.300,6.333,2.628,0.555
0.40333,34.484,30.330,24.510,15.248,11.372,6.311,2.639,0.508
0.40667,34.524,30.322,24.525,15.306,11.369,6.298,2.636,0.500
0.41000,34.618,30.295,24.562,15.230,11.339,6.283,2.581,0.550
0.41333,34.648,30.317,24.576,15.253,11.392,6.362,2.696,0.501
0.41667,34.702,30.373,24.614,15.284,11.332,6.314,2.676,0.606
0.42000,34.651,30.380,24.708,15.322,11.385,6.249,2.616,0.577
0.42333,34.759,30.409,24.683,15.234,11.445,6.330,2.690,0.517
0.42667,34.752,30.426,24.718,15.324,11.477,6.350,2.616,0.519
0.43000,34.829,30.460,24.715,15.316,11.457,6.328,2.647,0.523
0.43333,34.792,30.531,24.662,15.291,11.483,6.361,2.702,0.601
0.43667,34.846,30.614,24.730,15.363,11.525,6.320,2.692,0.586
0.44000,34.786,30.541,24.762,15.371,11.434,6.390,2.641,0.563
0.44333,34.884,30.525,24.829,15.385,11.473,6.376,2.697,0.527
0.44667,34.923,30.633,24.847,15.359,11.415,6.383,2.676,0.514
0.45000,34.957,30.646,24.791,15.420,11.441,6.365,2.555,0.551
0.45333,34.990,30.677,24.848,15.472,11.539,6.364,2.677,0.564
0.45667,34.990,30.641,24.858,15.426,11.428,6.388,2.661,0.531
0.46000,35.019,30.666,24.889,15.407,11.526,6.356,2.653,0.594
0.46333,35.041,30.733,24.936,15.492,11.535,6.392,2.713,0.590
0.46667,35.082,30.751,24.894,15.502,11.505,6.343,2.626,0.519
0.47000,35.119,30.753,24.972,15.479,11.496,6.415,2.713,0.502
0.47333,35.111,30.745,24.982,15.510,11.523,6.447,2.741,0.518
0.47667,35.198,30.753,25.009,15.524,11.457,6.445,2.684,0.533
0.48000,35.258,30.797,25.001,15.473,11.577,6.398,2.647,0.590
0.48333,35.268,30.847,25.041,15.567,11.588,6.392,2.708,0.541
0.48667,35.301,30.886,25.102,15.547,11.570,6.398,2.755,0.572
0.49000,35.271,30.910,25.137,15.597,11.573,6.434,2.735,0.523
0.49333,35.324,30.982,25.140,15.569,11.595,6.462,2.685,0.545
0.49667,35.379,31.018,25.120,15.623,11.572,6.480,2.703,0.487
0.50000,35.444,31.044,25.179,15.624,11.615,6.478,2.758,0.560
0.50333,35.365,30.992,25.185,15.648,11.626,6.461,2.740,0.578
0.50667,35.462,31.052,25.216,15.728,11.693,6.453,2.679,0.536
0.51000,35.481,31.081,25.251,15.700,11.613,6.446,2.703,0.533
0.51333,35.540,31.086,25.277,15.690,11.593,6.524,2.758,0.574
0.51667,35.518,31.113,25.256,15.723,11.625,6.522,2.687,0.589
0.52000,35.572,31.203,25.268,15.701,11.578,6.449,2.669,0.531
0.52333,35.581,31.178,25.327,15.748,11.671,6.445,2.712,0.562
0.52667,35.603,31.208,25.390,15.730,11.668,6.490,2.689,0.561
0.53000,35.651,31.250,25.357,15.758,11.615,6.490,2.712,0.501
0.53333,35.692,31.267,25.414,15.824,11.638,6.498,2.729,0.564
0.53667,35.745,31.285,25.420,15.727,11.739,6.452,2.724,0.597
0.54000,35.753,31.322,25.445,15.847,11.731,6.498,2.726,0.639
0.54333,35.809,31.361,25.448,15.805,11.698,6.473,2.757,0.572
0.54667,35.896,31.370,25.467,15.806,11.753,6.479,2.735,0.607
0.55000,35.906,31.400,25.508,15.823,11.687,6.533,2.741,0.610
0.55333,35.880,31.487,25.504,15.904,11.829,6.519,2.746,0.589
0.55667,35.913,31.445,25.584,15.773,11.790,6.469,2.738,0.559
0.56000,35.952,31.448,25.603,15.859,11.802,6.521,2.815,0.614
0.56333,35.998,31.443,25.603,15.965,11.756,6.545,2.820,0.633
0.56667,36.037,31.532,25.542,15.942,11.760,6.600,2.821,0.542
0.57000,36.042,31.541,25.589,15.930,11.840,6.546,2.728,0.581
0.57333,36.058,31.568,25.636,15.868,11.754,6.603,2.799,0.591
0.57667,36.037,31.651,25.702,15.907,11.749,6.584,2.768,0.611
0.58000,36.090,31.598,25.688,15.944,11.818,6.529,2.799,0.597
0.58333,36.187,31.648,25.671,15.941,11.840,6.553,2.755,0.581
0.58667,36.183,31.659,25.667,15.962,11.882,6.559,2.791,0.595
0.59000,36.158,31.701,25.785,16.066,11.850,6.618,2.714,0.621
0.59333,36.246,31.744,25.769,16.018,11.862,6.564,2.816,0.612
0.59667,36.249,31.820,25.838,15.923,11.842,6.575,2.781,0.593
0.60000,36.342,31.772,25.853,16.060,11.861,6.609,2.794,0.639
0.60333,36.376,31.762,25.868,16.049,11.863,6.567,2.807,0.593
0.60667,36.363,31.819,25.905,16.091,11.922,6.632,2.858,0.617
0.61000,36.406,31.848,25.904,16.148,11.985,6.570,2.753,0.586
0.61333,36.413,31.893,26.024,16.130,11.957,6.622,2.786,0.634
0.61667,36.494,31.898,25.942,16.110,11.902,6.598,2.848,0.570
0.62000,36.497,31.944,25.949,16.096,11.916,6.579,2.818,0.574
0.62333,36.533,32.027,26.058,16.118,12.003,6.570,2.780,0.592
0.62667,36.616,32.013,26.019,16.122,11.930,6.640,2.851,0.633
0.63000,36.614,32.081,26.072,16.145,11.933,6.638,2.805,0.655
0.63333,36.617,32.070,26.067,16.113,11.986,6.632,2.775,0.622
0.63667,36.689,32.075,26.071,16.169,12.009,6.661,2.822,0.585
0.64000,36.659,32.113,26.034,16.183,12.006,6.656,2.866,0.604
0.64333,36.704,32.121,26.148,16.262,12.029,6.678,2.864,0.556
0.64667,36.812,32.147,26.197,16.234,12.031,6.703,2.834,0.615
0.65000,36.754,32.199,26.184,16.181,12.028,6.825,2.872,0.573
0.65333,36.806,32.261,26.239,16.215,12.008,6.698,2.845,0.601
0.65667,36.853,32.276,26.225,16.296,12.085,6.633,2.805,0.619
0.66000,36.935,32.293,26.247,16.277,12.062,6.801,2.908,0.631
0.66333,36.914,32.286,26.269,16.277,12.080,6.742,2.816,0.607
0.66667,36.931,32.374,26.288,16.298,12.048,6.708,2.860,0.656
0.67000,37.049,32.382,26.312,16.340,12.078,6.682,2.847,0.644
0.67333,37.079,32.444,26.296,16.382,12.153,6.736,2.944,0.678
0.67667,37.058,32.470,26.368,16.477,12.115,6.663,2.848,0.594
0.68000,37.052,32.464,26.354,16.423,12.124,6.756,2.868,0.641
0.68333,37.125,32.479,26.367,16.399,12.170,6.737,2.844,0.630
0.68667,37.179,32.557,26.478,16.445,12.142,6.797,2.874,0.643
0.69000,37.176,32.546,26.463,16.488,12.099,6.714,2.873,0.619
0.69333,37.246,32.621,26.501,16.386,12.225,6.725,2.831,0.615
0.69667,37.280,32.637,26.550,16.461,12.127,6.687,2.824,0.612
0.70000,37.380,32.580,26.541,16.432,12.187,6.773,2.942,0.609
0.70333,37.389,32.656,26.561,16.539,12.217,6.767,2.926,0.623
0.70667,37.346,32.713,26.580,16.535,12.225,6.781,2.852,0.678
0.71000,37.449,32.720,26.630,16.495,12.190,6.776,2.873,0.692
0.71333,37.423,32.772,26.623,16.560,12.213,6.810,2.961,0.652
0.71667,37.420,32.780,26.632,16.580,12.219,6.834,2.874,0.678
0.72000,37.505,32.748,26.690,16.587,12.262,6.722,2.932,0.709
0.72333,37.485,32.852,26.631,16.583,12.252,6.824,2.946,0.614
0.72667,37.559,32.775,26.727,16.627,12.250,6.831,2.942,0.613
0.73000,37.618,32.854,26.746,16.625,12.275,6.864,2.939,0.654
0.73333,37.635,32.980,26.779,16.618,12.282,6.777,2.945,0.657
0.73667,37.671,32.938,26.832,16.660,12.270,6.873,2.939,0.718
0.74000,37.689,33.041,26.784,16.666,12.288,6.763,2.953,0.650
0.74333,37.785,33.020,26.884,16.717,12.329,6.850,2.935,0.722
0.74667,37.732,33.067,26.851,16.689,12.356,6.819,2.924,0.665
0.75000,37.791,33.104,26.873,16.722,12.329,6.797,2.882,0.714
0.75333,37.815,33.084,26.877,16.713,12.323,6.876,2.935,0.667
0.75667,37.899,33.104,26.932,16.693,12.401,6.868,2.912,0.617
0.76000,37.949,33.183,26.999,16.789,12.378,6.890,2.891,0.670
0.76333,37.982,33.213,27.040,16.774,12.417,6.914,2.937,0.649
0.76667,38.014,33.202,27.027,16.799,12.381,6.855,2.916,0.693
0.77000,38.026,33.255,27.084,16.786,12.374,6.926,2.890,0.627
0.77333,38.069,33.244,27.065,16.889,12.370,6.910,2.929,0.661
0.77667,38.066,33.313,27.035,16.840,12.419,6.899,2.911,0.707
0.78000,38.192,33.354,27.120,16.830,12.423,6.856,2.960,0.681
0.78333,38.182,33.310,27.125,16.907,12.388,6.898,2.957,0.700
0.78667,38.210,33.394,27.182,16.935,12.466,6.875,3.043,0.668
0.79000,38.240,33.398,27.165,16.828,12.452,6.938,2.935,0.673
0.79333,38.232,33.449,27.206,16.918,12.453,6.856,2.979,0.639
0.79667,38.315,33.506,27.231,16.906,12.451,6.939,2.962,0.659
0.80000,38.259,33.461,27.277,16.909,12.406,6.957,2.974,0.668
0.80333,38.405,33.570,27.271,16.937,12.490,6.923,3.002,0.704
0.80667,38.422,33.520,27.292,16.939,12.556,6.904,2.984,0.674
0.81000,38.453,33.550,27.344,16.985,12.505,6.892,2.952,0.682
0.81333,38.486,33.668,27.349,17.024,12.497,6.986,2.986,0.703
0.81667,38.517,33.701,27.434,17.060,12.535,6.947,2.943,0.796
0.82000,38.552,33.712,27.391,17.083,12.499,6.950,3.036,0.639
0.82333,38.554,33.698,27.420,17.054,12.545,6.928,3.037,0.703
0.82667,38.600,33.738,27.459,17.021,12.523,6.982,2.975,0.704
0.83000,38.698,33.815,27.453,17.060,12.586,6.982,2.993,0.712
0.83333,38.704,33.812,27.516,17.155,12.625,6.996,3.040,0.734
0.83667,38.724,33.877,27.503,17.101,12.598,6.989,3.055,0.708
0.84000,38.743,33.893,27.559,17.140,12.610,7.013,3.027,0.681
0.84333,38.817,33.943,27.606,17.129,12.616,7.028,3.008,0.662
0.84667,38.800,33.955,27.661,17.178,12.620,7.001,3.038,0.697
0.85000,38.880,33.991,27.701,17.182,12.691,7.051,3.046,0.738
0.85333,38.841,33.917,27.656,17.177,12.628,7.038,3.049,0.673
0.85667,38.941,34.050,27.744,17.255,12.685,7.024,3.070,0.715
0.86000,38.915,34.043,27.734,17.318,12.664,7.020,2.980,0.745
0.86333,39.052,34.044,27.778,17.245,12.694,7.047,3.055,0.704
0.86667,39.175,34.105,27.799,17.274,12.681,7.036,3.006,0.670
0.87000,39.058,34.102,27.755,17.216,12.702,6.997,3.047,0.767
0.87333,39.164,34.241,27.880,17.335,12.773,7.086,3.120,0.761
0.87667,39.123,34.251,27.856,17.343,12.751,7.099,3.028,0.782
0.88000,39.112,34.251,27.916,17.345,12.828,7.024,3.018,0.711
0.88333,39.233,34.319,27.897,17.357,12.838,7.074,3.040,0.782
0.88667,39.311,34.283,27.942,17.333,12.768,7.053,3.091,0.700
0.89000,39.334,34.386,27.989,17.369,12.737,7.079,3.065,0.729
0.89333,39.343,34.372,28.076,17.401,12.841,7.122,3.081,0.732
0.89667,39.373,34.417,28.028,17.364,12.863,7.119,3.114,0.663
0.90000,39.406,34.468,28.078,17.449,12.862,7.136,3.092,0.716
0.90333,39.416,34.503,28.089,17.462,12.835,7.163,3.087,0.669
0.90667,39.459,34.453,28.097,17.460,12.806,7.098,3.001,0.727
0.91000,39.534,34.553,28.153,17.486,12.894,7.121,3.047,0.747
0.91333,39.603,34.595,28.129,17.452,12.956,7.117,3.101,0.626
0.91667,39.605,34.619,28.210,17.479,12.876,7.124,3.069,0.705
0.92000,39.634,34.613,28.196,17.497,12.870,7.123,3.097,0.765
0.92333,39.714,34.649,28.262,17.599,12.855,7.095,3.052,0.737
0.92667,39.690,34.721,28.311,17.555,12.896,7.166,3.035,0.740
0.93000,39.806,34.757,28.299,17.651,12.852,7.213,3.203,0.721
0.93333,39.802,34.789,28.306,17.579,12.930,7.194,3.029,0.755
0.93667,39.826,34.792,28.392,17.720,12.976,7.193,3.122,0.772
0.94000,39.891,34.799,28.422,17.649,12.953,7.220,3.094,0.800
0.94333,39.912,34.873,28.415,17.673,12.878,7.207,3.106,0.715
0.94667,39.878,34.943,28.436,17.680,12.965,7.196,3.141,0.723
0.95000,40.050,34.976,28.416,17.716,12.976,7.206,3.115,0.747
0.95333,40.080,35.023,28.469,17.621,12.950,7.238,3.158,0.753
0.95667,40.140,35.097,28.498,17.707,12.973,7.232,3.171,0.739
0.96000,40.100,35.058,28.561,17.798,12.992,7.207,3.127,0.741
0.96333,40.186,35.125,28.640,17.760,13.087,7.247,3.179,0.744
0.96667,40.197,35.083,28.540,17.865,12.997,7.255,3.144,0.733
0.97000,40.233,35.168,28.598,17.797,13.065,7.231,3.160,0.696
0.97333,40.267,35.159,28.712,17.788,13.112,7.214,3.131,0.707
0.97667,40.279,35.225,28.692,17.866,13.066,7.307,3.115,0.721
0.98000,40.333,35.237,28.715,17.795,13.080,7.306,3.145,0.770
0.98333,40.388,35.240,28.740,17.805,13.092,7.211,3.169,0.779
0.98667,40.412,35.366,28.721,17.909,13.140,7.291,3.152,0.811
0.99000,40.442,35.366,28.788,17.879,13.180,7.183,3.192,0.816
0.99333,40.511,35.359,28.829,17.935,13.183,7.285,3.156,0.772
0.99667,40.525,35.378,28.830,17.956,13.157,7.297,3.146,0.749
1.00000,40.628,35.455,28.820,17.999,13.074,7.254,3.188,0.786
1.00333,40.611,35.493,28.940,17.983,13.107,7.302,3.183,0.816
1.00667,40.643,35.488,28.883,17.989,13.182,7.330,3.167,0.829
1.01000,40.684,35.574,28.952,18.073,13.204,7.360,3.207,0.723
1.01333,40.737,35.593,28.923,18.016,13.084,7.333,3.143,0.762
1.01667,40.730,35.599,29.115,18.024,13.188,7.406,3.242,0.792
1.02000,40.843,35.647,29.068,17.996,13.220,7.314,3.207,0.802
1.02333,40.851,35.673,29.085,18.053,13.262,7.326,3.227,0.840
1.02667,40.916,35.681,29.086,18.115,13.247,7.338,3.282,0.704
1.03000,40.937,35.793,29.120,18.147,13.291,7.395,3.236,0.765
1.03333,40.995,35.762,29.148,18.122,13.190,7.380,3.200,0.788
1.03667,40.970,35.834,29.237,18.212,13.318,7.361,3.199,0.778
1.04000,41.101,35.872,29.223,18.176,13.261,7.282,3.248,0.836
1.04333,41.091,35.872,29.284,18.207,13.292,7.362,3.252,0.739
1.04667,41.127,35.938,29.284,18.193,13.337,7.367,3.165,0.822
1.05000,41.146,35.940,29.324,18.270,13.309,7.416,3.170,0.813
1.05333,41.172,36.019,29.460,18.263,13.393,7.399,3.179,0.825
1.05667,41.204,35.936,29.341,18.304,13.375,7.381,3.242,0.778
1.06000,41.374,36.120,29.408,18.287,13.370,7.345,3.220,0.764
1.06333,41.326,36.093,29.385,18.370,13.425,7.419,3.256,0.826
1.06667,41.374,36.127,29.469,18.381,13.385,7.446,3.301,0.786
1.07000,41.484,36.149,29.523,18.346,13.466,7.454,3.222,0.865
1.07333,41.443,36.227,29.475,18.381,13.421,7.501,3.264,0.759
1.07667,41.469,36.255,29.599,18.422,13.414,7.497,3.281,0.809
1.08000,41.539,36.231,29.641,18.386,13.400,7.464,3.232,0.803
1.08333,41.589,36.287,29.654,18.417,13.497,7.448,3.277,0.746
1.08667,41.647,36.299,29.596,18.462,13.525,7.489,3.238,0.784
1.09000,41.733,36.329,29.626,18.467,13.476,7.482,3.268,0.826
1.09333,41.670,36.373,29.726,18.452,13.478,7.568,3.293,0.808
1.09667,41.683,36.461,29.777,18.525,13.485,7.464,3.247,0.818
1.10000,41.755,36.455,29.737,18.477,13.499,7.513,3.250,0.789
1.10333,41.845,36.475,29.779,18.521,13.537,7.528,3.278,0.832
1.10667,41.968,36.586,29.867,18.550,13.546,7.547,3.299,0.788
1.11000,41.965,36.587,29.815,18.544,13.566,7.540,3.297,0.894
1.11333,41.994,36.636,29.885,18.561,13.598,7.536,3.312,0.849
1.11667,41.969,36.636,29.883,18.567,13.619,7.521,3.249,0.828
1.12000,41.968,36.671,29.902,18.601,13.603,7.575,3.335,0.807
1.12333,42.058,36.739,29.983,18.624,13.595,7.517,3.331,0.835
1.12667,42.098,36.712,29.967,18.604,13.673,7.562,3.297,0.872
1.13000,42.128,36.790,30.002,18.669,13.620,7.554,3.302,0.806
1.13333,42.268,36.840,29.998,18.680,13.623,7.577,3.262,0.821
1.13667,42.314,36.882,30.034,18.753,13.705,7.620,3.324,0.799
1.14000,42.253,36.880,30.124,18.756,13.717,7.573,3.364,0.820
1.14333,42.273,36.949,30.248,18.779,13.701,7.540,3.376,0.858
1.14667,42.328,36.921,30.165,18.812,13.689,7.595,3.316,0.853
1.15000,42.396,37.009,30.180,18.824,13.682,7.567,3.376,0.818
1.15333,42.431,37.089,30.269,18.825,13.761,7.605,3.362,0.804
1.15667,42.553,37.037,30.326,18.835,13.774,7.640,3.285,0.881
1.16000,42.555,37.130,30.288,18.834,13.727,7.626,3.325,0.830
1.16333,42.646,37.115,30.362,18.822,13.756,7.632,3.322,0.826
1.16667,42.651,37.195,30.352,18.866,13.839,7.584,3.300,0.841
1.17000,42.682,37.246,30.401,18.940,13.816,7.592,3.410,0.859
1.17333,42.749,37.264,30.481,18.896,13.871,7.694,3.334,0.847
1.17667,42.735,37.279,30.477,18.938,13.781,7.642,3.338,0.870
1.18000,42.824,37.360,30.458,18.993,13.816,7.648,3.372,0.789
1.18333,42.851,37.411,30.553,18.956,13.855,7.698,3.419,0.901
1.18667,42.942,37.416,30.492,18.989,13.882,7.686,3.442,0.847
1.19000,42.924,37.536,30.581,19.012,13.879,7.672,3.403,0.803
1.19333,43.028,37.450,30.578,19.016,13.853,7.640,3.384,0.848
1.19667,43.039,37.548,30.649,19.092,13.945,7.720,3.461,0.847
1.20000,43.048,37.551,30.685,19.028,13.887,7.666,3.387,0.868
1.20333,43.103,37.623,30.647,19.130,13.965,7.737,3.453,0.875
1.20667,43.155,37.603,30.764,19.152,13.934,7.715,3.438,0.829
1.21000,43.214,37.673,30.764,19.141,13.967,7.666,3.426,0.863
1.21333,43.209,37.710,30.780,19.188,13.941,7.779,3.394,0.869
1.21667,43.286,37.759,30.852,19.195,13.935,7.730,3.424,0.870
1.22000,43.378,37.776,30.822,19.185,13.934,7.761,3.397,0.978
1.22333,43.411,37.867,30.914,19.281,14.006,7.744,3.458,0.895
1.22667,43.425,37.911,30.966,19.225,14.016,7.721,3.437,0.853
1.23000,43.431,37.887,30.904,19.248,14.036,7.758,3.409,0.843
1.23333,43.472,37.955,30.963,19.312,14.112,7.812,3.420,0.962
1.23667,43.561,38.044,31.059,19.290,14.127,7.783,3.433,0.875
1.24000,43.598,38.075,31.053,19.362,14.058,7.859,3.461,0.917
1.24333,43.589,38.042,31.059,19.353,14.069,7.801,3.470,0.871
1.24667,43.657,38.028,31.105,19.359,14.021,7.805,3.483,0.894
1.25000,43.821,38.119,31.157,19.391,14.088,7.773,3.503,0.897
1.25333,43.800,38.162,31.207,19.408,14.100,7.846,3.417,0.927
1.25667,43.852,38.243,31.242,19.404,14.184,7.839,3.509,0.837
1.26000,43.937,38.204,31.230,19.490,14.115,7.886,3.519,0.889
1.26333,43.925,38.287,31.281,19.488,14.162,7.836,3.450,0.870
1.26667,43.991,38.321,31.317,19.419,14.129,7.822,3.469,0.916
1.27000,43.996,38.379,31.352,19.497,14.202,7.832,3.510,0.825
1.27333,44.063,38.351,31.382,19.604,14.234,7.900,3.526,0.917
1.27667,44.062,38.488,31.398,19.561,14.221,7.907,3.455,0.850
1.28000,44.108,38.442,31.410,19.558,14.196,7.853,3.526,0.902
1.28333,44.192,38.544,31.475,19.585,14.237,7.885,3.554,0.916
1.28667,44.298,38.499,31.534,19.621,14.250,7.924,3.527,0.972
1.29000,44.294,38.641,31.551,19.600,14.284,7.983,3.510,0.897
1.29333,44.275,38.650,31.562,19.650,14.306,7.957,3.535,0.904
1.29667,44.364,38.686,31.569,19.699,14.329,7.934,3.519,1.004
1.30000,44.421,38.768,31.637,19.686,14.290,7.906,3.507,0.883
1.30333,44.523,38.732,31.750,19.754,14.321,8.004,3.517,0.875
1.30667,44.479,38.875,31.727,19.747,14.348,7.964,3.527,0.873
1.31000,44.551,38.867,31.763,19.827,14.365,7.940,3.549,0.953
1.31333,44.624,38.865,31.779,19.740,14.323,7.978,3.562,0.933
1.31667,44.582,38.954,31.803,19.791,14.362,7.968,3.574,0.937
1.32000,44.637,38.891,31.817,19.838,14.375,7.953,3.518,0.932
1.32333,44.716,39.030,31.888,19.882,14.423,7.996,3.579,0.919
1.32667,44.811,39.116,31.874,19.885,14.470,7.947,3.554,0.925
1.33000,44.810,39.121,31.981,19.863,14.438,7.941,3.551,0.899
1.33333,44.826,39.147,31.975,19.829,14.454,7.980,3.550,0.930
1.33667,44.941,39.183,32.021,19.994,14.501,8.020,3.573,0.946
1.34000,44.963,39.204,32.112,19.933,14.538,8.066,3.592,0.995
1.34333,45.000,39.159,32.137,19.957,14.478,8.014,3.598,0.905
1.34667,45.125,39.304,32.118,19.943,14.568,8.019,3.593,0.937
1.35000,45.090,39.352,32.108,19.970,14.561,8.026,3.582,0.896
1.35333,45.157,39.339,32.131,20.019,14.543,8.063,3.604,0.939
1.35667,45.233,39.380,32.206,20.019,14.532,8.126,3.620,0.934
1.36000,45.271,39.435,32.255,20.077,14.586,8.069,3.607,1.008
1.36333,45.264,39.446,32.287,20.051,14.612,8.160,3.557,0.952
1.36667,45.445,39.512,32.323,20.098,14.583,8.122,3.580,1.023
1.37000,45.374,39.480,32.409,20.125,14.631,8.125,3.623,0.930
1.37333,45.470,39.630,32.430,20.153,14.614,8.076,3.600,1.025
1.37667,45.440,39.611,32.431,20.195,14.626,8.123,3.622,0.921
1.38000,45.533,39.712,32.489,20.178,14.612,8.089,3.585,0.988
1.38333,45.559,39.744,32.490,20.250,14.636,8.135,3.660,1.030
1.38667,45.642,39.746,32.533,20.208,14.647,8.152,3.668,0.996
1.39000,45.740,39.797,32.583,20.265,14.643,8.162,3.634,0.961
1.39333,45.777,39.835,32.625,20.210,14.704,8.197,3.690,1.006
1.39667,45.753,39.920,32.645,20.328,14.688,8.139,3.658,0.989
1.40000,45.786,39.954,32.695,20.333,14.823,8.164,3.573,0.968
1.40333,45.907,39.967,32.710,20.364,14.710,8.173,3.670,0.961
1.40667,45.914,40.029,32.755,20.329,14.774,8.261,3.597,0.942
1.41000,46.041,40.067,32.750,20.412,14.802,8.208,3.668,0.984
1.41333,46.025,40.112,32.793,20.410,14.759,8.161,3.660,0.943
1.41667,46.076,40.150,32.831,20.426,14.852,8.200,3.627,0.943
1.42000,46.129,40.232,32.862,20.479,14.802,8.246,3.638,0.970
1.42333,46.162,40.159,32.949,20.561,14.844,8.236,3.671,0.977
1.42667,46.213,40.279,33.014,20.511,14.823,8.269,3.683,0.982
1.43000,46.326,40.375,33.000,20.507,14.814,8.262,3.664,0.971
1.43333,46.310,40.373,33.025,20.541,14.865,8.279,3.711,1.003
1.43667,46.387,40.389,33.018,20.560,14.912,8.282,3.651,0.994
1.44000,46.462,40.396,33.109,20.638,14.942,8.267,3.736,0.993
1.44333,46.520,40.477,33.178,20.616,14.893,8.232,3.741,1.014
1.44667,46.545,40.663,33.213,20.625,14.961,8.263,3.742,1.034
1.45000,46.595,40.488,33.242,20.648,14.926,8.256,3.706,0.946
1.45333,46.603,40.658,33.255,20.678,14.942,8.339,3.707,0.995
1.45667,46.699,40.635,33.309,20.704,15.020,8.272,3.743,0.957
1.46000,46.733,40.711,33.350,20.679,15.006,8.310,3.755,0.986
1.46333,46.760,40.702,33.247,20.746,14.969,8.340,3.728,0.981
1.46667,46.861,40.739,33.359,20.718,15.043,8.393,3.752,1.048
1.47000,46.887,40.769,33.432,20.801,15.045,8.307,3.695,1.056
1.47333,46.867,40.874,33.445,20.868,15.067,8.340,3.789,1.006
1.47667,46.920,40.919,33.544,20.852,15.128,8.373,3.752,1.004
1.48000,46.981,40.977,33.579,20.843,15.130,8.358,3.771,1.017
1.48333,47.055,40.966,33.516,20.871,15.119,8.371,3.782,1.033
1.48667,47.118,41.088,33.602,20.860,15.102,8.352,3.741,1.000
1.49000,47.249,41.011,33.558,20.966,15.205,8.353,3.745,1.014
1.49333,47.253,41.114,33.614,20.973,15.177,8.340,3.781,0.994
1.49667,47.264,41.149,33.755,20.938,15.189,8.471,3.764,1.057
1.50000,47.325,41.234,33.761,20.961,15.162,8.374,3.779,1.068
1.50333,47.479,41.194,33.804,21.027,15.183,8.430,3.796,1.032
1.50667,47.447,41.309,33.827,21.132,15.203,8.461,3.770,1.035
1.51000,47.496,41.372,33.923,21.045,15.220,8.401,3.775,1.046
1.51333,47.528,41.406,33.878,21.103,15.232,8.506,3.810,1.068
1.51667,47.519,41.478,33.910,21.134,15.219,8.412,3.894,0.982
1.52000,47.572,41.517,34.064,21.163,15.256,8.458,3.780,1.017
1.52333,47.677,41.499,34.013,21.131,15.343,8.496,3.693,1.010
1.52667,47.745,41.499,34.052,21.206,15.295,8.427,3.810,0.991
1.53000,47.811,41.622,34.094,21.249,15.297,8.502,3.828,0.984
1.53333,47.782,41.623,34.040,21.198,15.409,8.546,3.848,1.048
1.53667,47.904,41.727,34.206,21.169,15.305,8.565,3.802,1.049
1.54000,47.914,41.723,34.165,21.298,15.342,8.568,3.833,1.011
1.54333,48.012,41.773,34.221,21.256,15.416,8.518,3.879,1.075
1.54667,48.045,41.895,34.333,21.340,15.443,8.539,3.837,1.049
1.55000,48.116,41.884,34.322,21.327,15.438,8.558,3.883,1.030
1.55333,48.182,41.906,34.413,21.385,15.434,8.531,3.828,1.066
1.55667,48.236,41.938,34.395,21.437,15.483,8.577,3.889,1.031
1.56000,48.234,41.992,34.408,21.493,15.485,8.595,3.860,1.119
1.56333,48.336,41.988,34.432,21.481,15.464,8.578,3.793,1.060
1.56667,48.324,42.097,34.543,21.489,15.532,8.555,3.842,1.127
1.57000,48.475,42.179,34.576,21.489,15.553,8.659,3.891,1.091
1.57333,48.560,42.124,34.563,21.522,15.471,8.576,3.868,1.129
1.57667,48.553,42.253,34.617,21.599,15.590,8.593,3.898,1.103
1.58000,48.517,42.282,34.660,21.576,15.567,8.625,3.893,1.078
1.58333,48.648,42.367,34.618,21.562,15.622,8.621,3.922,1.039
1.58667,48.699,42.411,34.710,21.589,15.553,8.635,3.894,1.115
1.59000,48.719,42.417,34.784,21.566,15.577,8.654,3.931,1.126
1.59333,48.736,42.458,34.791,21.640,15.641,8.682,3.889,1.100
1.59667,48.859,42.491,34.856,21.689,15.642,8.706,3.929,1.078
1.60000,48.938,42.592,34.869,21.714,15.660,8.680,3.914,1.069
1.60333,48.922,42.585,34.908,21.699,15.685,8.732,3.868,1.092
1.60667,49.065,42.658,34.952,21.713,15.714,8.723,3.905,1.078
1.61000,48.977,42.722,35.048,21.802,15.700,8.702,3.883,1.070
1.61333,49.146,42.733,35.015,21.784,15.763,8.784,3.924,1.170
1.61667,49.149,42.761,35.083,21.779,15.697,8.734,3.984,1.102
1.62000,49.167,42.816,35.122,21.899,15.717,8.761,3.927,1.128
1.62333,49.213,42.817,35.134,21.905,15.703,8.640,3.960,1.099
1.62667,49.307,42.950,35.108,21.958,15.737,8.765,3.945,1.098
1.63000,49.420,42.928,35.191,21.899,15.807,8.777,3.952,1.127
1.63333,49.429,43.025,35.266,21.979,15.816,8.719,3.964,1.121
1.63667,49.481,43.090,35.264,21.967,15.813,8.779,3.960,1.118
1.64000,49.608,43.086,35.372,21.948,15.850,8.739,3.954,1.119
1.64333,49.575,43.113,35.353,22.044,15.909,8.809,3.967,1.096
1.64667,49.579,43.295,35.427,22.053,15.936,8.804,3.947,1.119
1.65000,49.713,43.231,35.421,22.103,15.804,8.780,4.058,1.103
1.65333,49.734,43.285,35.458,22.119,15.934,8.781,4.048,1.139
1.65667,49.819,43.347,35.579,22.132,15.933,8.800,3.975,1.122
1.66000,49.821,43.404,35.571,22.062,15.960,8.819,4.066,1.080
1.66333,49.872,43.444,35.572,22.171,15.953,8.850,4.074,1.214
1.66667,50.029,43.534,35.673,22.234,15.908,8.831,3.990,1.172
1.67000,50.036,43.534,35.725,22.171,16.027,8.877,4.053,1.154
1.67333,50.065,43.553,35.754,22.163,16.044,8.853,4.041,1.178
1.67667,50.142,43.660,35.788,22.243,16.045,8.940,4.012,1.175
1.68000,50.165,43.607,35.786,22.298,16.102,8.889,4.038,1.143
1.68333,50.265,43.723,35.827,22.370,16.052,8.907,4.041,1.116
1.68667,50.203,43.713,35.920,22.382,16.126,8.922,4.052,1.172
1.69000,50.353,43.832,35.974,22.335,16.157,8.903,4.029,1.145
1.69333,50.443,43.839,36.008,22.386,16.147,8.886,4.034,1.190
1.69667,50.502,43.924,36.019,22.450,16.092,8.915,4.028,1.147
1.70000,50.541,43.968,36.028,22.440,16.100,8.906,4.063,1.150
1.70333,50.589,43.945,36.080,22.472,16.167,8.899,4.010,1.175
1.70667,50.625,44.013,36.149,22.460,16.268,8.954,4.105,1.169
1.71000,50.694,44.072,36.159,22.535,16.210,9.021,4.054,1.157
1.71333,50.782,44.140,36.213,22.517,16.238,8.989,4.047,1.171
1.71667,50.786,44.227,36.294,22.559,16.167,8.999,4.173,1.160
1.72000,50.880,44.260,36.333,22.630,16.284,9.031,4.121,1.188
1.72333,50.881,44.328,36.333,22.584,16.231,8.962,4.116,1.163
1.72667,50.954,44.272,36.387,22.592,16.261,8.984,4.143,1.184
1.73000,51.050,44.397,36.465,22.605,16.303,9.064,4.086,1.199
1.73333,51.077,44.453,36.374,22.722,16.320,9.095,4.155,1.164
1.73667,51.191,44.485,36.533,22.668,16.335,9.093,4.131,1.196
1.74000,51.276,44.511,36.530,22.694,16.308,9.088,4.103,1.258
1.74333,51.279,44.568,36.593,22.820,16.339,9.082,4.144,1.202
1.74667,51.319,44.600,36.607,22.780,16.422,9.119,4.238,1.182
1.75000,51.373,44.671,36.671,22.785,16.440,9.039,4.219,1.169
1.75333,51.429,44.746,36.698,22.878,16.422,9.119,4.143,1.212
1.75667,51.458,44.746,36.743,22.921,16.476,9.147,4.187,1.214
1.76000,51.564,44.845,36.828,22.921,16.451,9.121,4.140,1.180
1.76333,51.599,44.914,36.819,22.907,16.359,9.094,4.229,1.263
1.76667,51.625,44.882,36.848,22.948,16.504,9.107,4.147,1.256
1.77000,51.734,44.931,36.902,22.977,16.505,9.144,4.158,1.239
1.77333,51.830,44.975,36.934,22.954,16.514,9.164,4.183,1.154
1.77667,51.898,45.089,36.944,22.979,16.527,9.127,4.256,1.165
1.78000,51.890,45.069,37.099,23.024,16.582,9.154,4.186,1.202
1.78333,52.025,45.137,37.110,23.121,16.497,9.191,4.262,1.211
1.78667,51.962,45.166,37.131,23.084,16.645,9.202,4.245,1.246
1.79000,52.057,45.322,37.212,23.137,16.601,9.184,4.244,1.276
1.79333,52.141,45.372,37.228,23.192,16.574,9.184,4.252,1.196
1.79667,52.190,45.276,37.296,23.226,16.637,9.189,4.246,1.230
1.80000,52.240,45.408,37.268,23.284,16.715,9.263,4.246,1.253
1.80333,52.320,45.387,37.328,23.236,16.709,9.188,4.247,1.264
1.80667,52.331,45.513,37.366,23.301,16.778,9.309,4.294,1.201
1.81000,52.438,45.537,37.381,23.303,16.719,9.230,4.186,1.295
1.81333,52.504,45.669,37.501,23.367,16.736,9.234,4.278,1.230
1.81667,52.534,45.656,37.526,23.273,16.706,9.259,4.218,1.240
1.82000,52.558,45.717,37.546,23.353,16.762,9.313,4.241,1.273
1.82333,52.628,45.764,37.696,23.397,16.782,9.291,4.234,1.276
1.82667,52.733,45.836,37.684,23.436,16.839,9.323,4.246,1.290
1.83000,52.814,45.912,37.677,23.419,16.835,9.312,4.275,1.280
1.83333,52.875,45.947,37.695,23.483,16.799,9.295,4.302,1.268
1.83667,52.892,46.053,37.757,23.528,16.862,9.267,4.250,1.245
1.84000,52.972,46.002,37.808,23.470,16.916,9.360,4.322,1.288
1.84333,53.029,46.073,37.756,23.556,16.917,9.350,4.248,1.273
1.84667,53.100,46.142,37.904,23.617,16.873,9.370,4.269,1.292
1.85000,53.158,46.186,37.943,23.625,16.889,9.406,4.279,1.322
1.85333,53.220,46.237,37.960,23.628,16.947,9.373,4.364,1.240
1.85667,53.265,46.301,38.045,23.638,16.975,9.409,4.308,1.250
1.86000,53.337,46.361,38.015,23.683,16.970,9.367,4.354,1.286
1.86333,53.323,46.421,38.164,23.726,17.006,9.483,4.314,1.252
1.86667,53.440,46.376,38.155,23.726,17.008,9.389,4.276,1.334
1.87000,53.491,46.493,38.216,23.819,17.017,9.446,4.333,1.228
1.87333,53.562,46.558,38.250,23.765,17.078,9.391,4.377,1.220
1.87667,53.616,46.657,38.239,23.836,17.059,9.465,4.345,1.333
1.88000,53.721,46.649,38.347,23.833,17.087,9.468,4.396,1.236
1.88333,53.661,46.704,38.387,23.871,17.094,9.473,4.436,1.324
1.88667,53.863,46.763,38.460,23.848,17.165,9.536,4.327,1.304
1.89000,53.813,46.840,38.476,23.865,17.146,9.504,4.335,1.359
1.89333,53.904,46.812,38.479,23.957,17.133,9.582,4.374,1.227
1.89667,53.999,46.924,38.490,24.004,17.172,9.499,4.428,1.255
1.90000,54.083,46.954,38.572,23.979,17.123,9.526,4.397,1.326
1.90333,54.098,47.037,38.725,24.085,17.193,9.577,4.452,1.314
1.90667,54.129,47.121,38.695,24.086,17.264,9.568,4.361,1.343
1.91000,54.252,47.123,38.661,24.121,17.325,9.639,4.418,1.319
1.91333,54.338,47.157,38.734,24.145,17.247,9.556,4.419,1.281
1.91667,54.361,47.210,38.780,24.211,17.288,9.610,4.437,1.281
1.92000,54.461,47.276,38.886,24.186,17.349,9.580,4.465,1.321
1.92333,54.459,47.311,38.907,24.285,17.377,9.593,4.404,1.363
1.92667,54.583,47.404,39.046,24.273,17.414,9.648,4.380,1.309
1.93000,54.649,47.456,39.000,24.336,17.347,9.671,4.432,1.308
1.93333,54.623,47.519,39.019,24.328,17.380,9.629,4.420,1.288
1.93667,54.762,47.544,39.020,24.364,17.437,9.675,4.435,1.288
1.94000,54.772,47.671,39.134,24.392,17.404,9.622,4.400,1.311
1.94333,54.869,47.673,39.127,24.352,17.410,9.630,4.479,1.366
1.94667,54.903,47.686,39.217,24.351,17.455,9.633,4.472,1.329
1.95000,55.035,47.738,39.305,24.466,17.436,9.696,4.502,1.386
1.95333,55.050,47.786,39.323,24.423,17.477,9.690,4.460,1.346
1.95667,55.138,47.868,39.331,24.519,17.551,9.675,4.509,1.341
1.96000,55.160,47.891,39.439,24.587,17.573,9.669,4.440,1.336
1.96333,55.275,47.993,39.472,24.591,17.608,9.727,4.493,1.335
1.96667,55.348,48.077,39.566,24.554,17.628,9.738,4.529,1.405
1.97000,55.309,48.073,39.549,24.636,17.648,9.727,4.466,1.376
1.97333,55.410,48.200,39.540,24.658,17.623,9.745,4.446,1.295
1.97667,55.475,48.165,39.635,24.671,17.702,9.755,4.546,1.394
1.98000,55.537,48.212,39.637,24.700,17.572,9.838,4.561,1.324
1.98333,55.585,48.365,39.766,24.808,17.748,9.797,4.528,1.422
1.98667,55.717,48.362,39.762,24.751,17.743,9.867,4.549,1.330
1.99000,55.737,48.469,39.840,24.850,17.667,9.807,4.523,1.376
1.99333,55.820,48.448,39.868,24.803,17.788,9.840,4.549,1.407
1.99667,55.821,48.496,39.904,24.909,17.756,9.772,4.543,1.413
2.00000,55.900,48.576,39.972,24.896,17.757,9.854,4.577,1.397
2.00333,56.031,48.604,39.999,24.921,17.781,9.830,4.574,1.391
2.00667,56.015,48.710,40.070,24.915,17.869,9.845,4.579,1.361
2.01000,56.210,48.753,40.087,24.939,17.807,9.848,4.570,1.345
2.01333,56.228,48.820,40.190,25.051,17.896,9.888,4.568,1.378
2.01667,56.284,48.859,40.174,25.012,17.849,9.838,4.628,1.354
2.02000,56.310,48.949,40.169,25.082,17.872,9.843,4.647,1.378
2.02333,56.348,48.997,40.276,25.107,17.955,9.895,4.569,1.395
2.02667,56.486,48.964,40.352,25.128,17.923,9.888,4.711,1.420
2.03000,56.569,49.114,40.446,25.140,17.972,9.952,4.608,1.400
2.03333,56.641,49.158,40.460,25.191,17.926,9.909,4.598,1.388
2.03667,56.704,49.260,40.545,25.213,18.043,10.028,4.636,1.369
2.04000,56.706,49.214,40.476,25.265,18.017,9.897,4.652,1.427
2.04333,56.859,49.313,40.516,25.257,18.043,10.023,4.652,1.421
2.04667,56.878,49.366,40.563,25.273,18.017,9.923,4.652,1.416
2.05000,56.821,49.414,40.694,25.327,18.024,10.000,4.606,1.394
2.05333,57.027,49.398,40.713,25.353,18.082,10.034,4.633,1.405
2.05667,57.019,49.560,40.750,25.370,18.096,10.048,4.649,1.540
2.06000,57.222,49.576,40.819,25.383,18.123,10.041,4.651,1.472
2.06333,57.240,49.605,40.945,25.404,18.171,10.043,4.664,1.434
2.06667,57.326,49.696,40.911,25.517,18.179,10.073,4.656,1.416
2.07000,57.329,49.740,40.879,25.518,18.209,10.039,4.695,1.394
2.07333,57.358,49.872,40.961,25.587,18.162,10.111,4.678,1.446
2.07667,57.431,49.864,41.019,25.503,18.195,10.047,4.674,1.450
2.08000,57.558,49.941,41.084,25.618,18.205,10.044,4.673,1.488
2.08333,57.599,49.949,41.148,25.670,18.291,10.058,4.664,1.481
2.08667,57.659,50.008,41.214,25.680,18.223,10.076,4.719,1.441
2.09000,57.763,50.029,41.222,25.622,18.328,10.179,4.765,1.465
2.09333,57.845,50.252,41.335,25.724,18.357,10.139,4.677,1.429
2.09667,57.946,50.210,41.324,25.712,18.329,10.139,4.791,1.467
2.10000,58.000,50.294,41.347,25.713,18.383,10.145,4.738,1.491
2.10333,57.996,50.350,41.435,25.817,18.330,10.093,4.763,1.402
2.10667,58.011,50.443,41.422,25.825,18.373,10.169,4.810,1.413
2.11000,58.135,50.426,41.489,25.855,18.440,10.225,4.845,1.481
2.11333,58.151,50.505,41.582,25.921,18.428,10.172,4.745,1.429
2.11667,58.168,50.580,41.614,25.884,18.444,10.203,4.732,1.458
2.12000,58.316,50.554,41.616,25.879,18.484,10.223,4.780,1.502
2.12333,58.399,50.619,41.735,25.905,18.499,10.286,4.716,1.474
2.12667,58.471,50.732,41.726,26.032,18.576,10.250,4.795,1.494
2.13000,58.504,50.818,41.852,26.052,18.591,10.295,4.791,1.461
2.13333,58.581,50.830,41.850,26.032,18.512,10.321,4.809,1.499
2.13667,58.697,50.976,41.944,26.095,18.591,10.288,4.818,1.525
2.14000,58.717,51.012,41.959,26.107,18.642,10.313,4.804,1.528
2.14333,58.782,51.042,41.988,26.201,18.629,10.329,4.876,1.535
2.14667,58.862,51.069,42.050,26.191,18.659,10.292,4.846,1.481
2.15000,58.927,51.192,42.109,26.277,18.726,10.338,4.855,1.560
2.15333,58.995,51.206,42.171,26.300,18.671,10.358,4.808,1.509
2.15667,59.080,51.258,42.228,26.356,18.711,10.299,4.856,1.486
2.16000,59.155,51.345,42.240,26.387,18.723,10.333,4.860,1.502
2.16333,59.187,51.335,42.321,26.348,18.689,10.394,4.884,1.535
2.16667,59.352,51.422,42.393,26.294,18.772,10.395,4.903,1.489
2.17000,59.324,51.493,42.402,26.418,18.843,10.398,4.883,1.518
2.17333,59.356,51.565,42.514,26.470,18.774,10.382,4.897,1.542
2.17667,59.501,51.635,42.490,26.490,18.843,10.403,4.886,1.472
2.18000,59.577,51.681,42.490,26.515,18.895,10.453,4.862,1.503
2.18333,59.682,51.761,42.617,26.540,18.880,10.494,4.912,1.513
2.18667,59.696,51.835,42.649,26.574,18.921,10.480,4.941,1.505
2.19000,59.801,51.787,42.718,26.620,18.892,10.548,4.909,1.557
2.19333,59.812,51.957,42.735,26.655,18.921,10.456,4.898,1.519
2.19667,59.873,52.025,42.798,26.719,19.003,10.497,4.851,1.572
2.20000,59.996,51.976,42.782,26.657,18.932,10.491,4.907,1.568
2.20333,60.042,52.078,42.895,26.715,19.013,10.462,4.892,1.586
2.20667,60.134,52.189,42.968,26.755,18.997,10.584,4.982,1.544
2.21000,60.183,52.185,43.052,26.759,18.943,10.541,4.930,1.602
2.21333,60.245,52.324,43.013,26.784,19.130,10.559,4.933,1.538
2.21667,60.251,52.301,43.131,26.804,19.094,10.537,4.968,1.514
2.22000,60.397,52.348,43.159,26.897,19.079,10.580,5.049,1.568
2.22333,60.419,52.488,43.254,26.909,19.070,10.583,4.966,1.591
2.22667,60.540,52.515,43.247,27.030,19.120,10.614,4.974,1.585
2.23000,60.552,52.585,43.356,26.988,19.214,10.596,5.031,1.600
2.23333,60.666,52.626,43.353,26.982,19.215,10.612,4.978,1.546
2.23667,60.746,52.711,43.463,27.031,19.217,10.601,4.942,1.590
2.24000,60.871,52.750,43.522,27.071,19.193,10.671,4.976,1.601
2.24333,60.873,52.800,43.561,27.087,19.255,10.660,5.020,1.585
2.24667,60.917,52.819,43.587,27.161,19.277,10.666,5.062,1.635
2.25000,61.021,52.898,43.599,27.189,19.364,10.679,5.058,1.585
2.25333,61.118,53.006,43.722,27.261,19.321,10.688,5.034,1.551
2.25667,61.247,53.096,43.732,27.327,19.405,10.702,5.045,1.654
2.26000,61.249,53.108,43.744,27.263,19.396,10.696,5.010,1.595
2.26333,61.350,53.184,43.841,27.274,19.426,10.760,4.992,1.588
2.26667,61.372,53.282,43.906,27.379,19.482,10.737,4.975,1.633
2.27000,61.429,53.277,43.991,27.350,19.410,10.770,5.115,1.606
2.27333,61.525,53.360,44.028,27.357,19.452,10.740,5.018,1.538
2.27667,61.636,53.451,44.027,27.428,19.432,10.818,5.032,1.629
2.28000,61.722,53.535,44.137,27.454,19.469,10.724,5.066,1.632
2.28333,61.847,53.594,44.153,27.498,19.511,10.838,5.021,1.542
2.28667,61.796,53.658,44.222,27.518,19.544,10.798,5.098,1.593
2.29000,61.880,53.716,44.217,27.607,19.560,10.852,5.089,1.568
2.29333,61.974,53.710,44.278,27.565,19.596,10.892,5.139,1.598
2.29667,62.101,53.771,44.404,27.612,19.628,10.831,5.121,1.634
2.30000,62.157,53.825,44.368,27.673,19.626,10.885,5.066,1.644
2.30333,62.186,53.863,44.456,27.713,19.648,10.868,5.177,1.600
2.30667,62.245,53.941,44.525,27.765,19.752,10.861,5.137,1.633
2.31000,62.327,54.038,44.599,27.805,19.696,10.918,5.161,1.584
2.31333,62.420,54.116,44.539,27.728,19.699,10.869,5.128,1.653
2.31667,62.453,54.155,44.669,27.774,19.707,10.936,5.144,1.651
2.32000,62.563,54.232,44.769,27.908,19.740,10.962,5.164,1.624
2.32333,62.651,54.254,44.847,27.967,19.803,10.916,5.120,1.644
2.32667,62.708,54.379,44.780,27.908,19.799,10.970,5.114,1.713
2.33000,62.777,54.396,44.947,27.986,19.791,10.940,5.207,1.695
2.33333,62.843,54.525,44.944,27.989,19.788,11.033,5.189,1.659
2.33667,62.929,54.556,45.034,27.993,19.876,10.977,5.203,1.706
2.34000,63.013,54.612,45.033,28.071,19.927,11.016,5.208,1.717
2.34333,63.058,54.672,45.152,28.069,19.946,11.066,5.226,1.679
2.34667,63.127,54.807,45.118,28.182,19.936,11.105,5.234,1.605
2.35000,63.153,54.846,45.221,28.167,20.011,11.044,5.190,1.628
2.35333,63.248,54.884,45.262,28.203,19.975,11.017,5.299,1.655
2.35667,63.382,54.908,45.310,28.205,20.056,11.040,5.220,1.729
2.36000,63.484,55.014,45.386,28.252,20.009,11.053,5.211,1.661
2.36333,63.529,55.061,45.371,28.274,20.092,11.122,5.309,1.670
2.36667,63.637,55.158,45.498,28.344,20.074,11.087,5.270,1.737
2.37000,63.703,55.293,45.526,28.436,20.062,11.111,5.241,1.642
2.37333,63.758,55.265,45.576,28.397,20.025,11.131,5.343,1.761
2.37667,63.875,55.299,45.682,28.426,20.162,11.192,5.256,1.734
2.38000,63.877,55.454,45.684,28.499,20.214,11.208,5.271,1.712
2.38333,63.972,55.489,45.780,28.511,20.208,11.136,5.243,1.731
2.38667,64.086,55.503,45.904,28.512,20.225,11.156,5.266,1.655
2.39000,64.081,55.573,45.813,28.560,20.203,11.135,5.313,1.752
2.39333,64.174,55.645,45.967,28.633,20.248,11.258,5.302,1.726
2.39667,64.317,55.710,45.996,28.742,20.285,11.191,5.279,1.712
2.40000,64.376,55.788,46.048,28.640,20.323,11.286,5.243,1.702
2.40333,64.428,55.877,46.065,28.719,20.382,11.234,5.307,1.716
2.40667,64.534,55.951,46.095,28.748,20.371,11.281,5.355,1.663
2.41000,64.618,56.010,46.188,28.730,20.412,11.246,5.292,1.760
2.41333,64.660,56.038,46.242,28.790,20.358,11.312,5.345,1.716
2.41667,64.704,56.120,46.270,28.817,20.419,11.296,5.386,1.783
2.42000,64.792,56.172,46.397,28.799,20.436,11.302,5.351,1.780
2.42333,64.949,56.285,46.431,28.927,20.476,11.345,5.412,1.708
2.42667,64.968,56.315,46.454,28.883,20.471,11.399,5.422,1.726
2.43000,65.076,56.375,46.523,28.981,20.522,11.313,5.366,1.815
2.43333,65.091,56.415,46.641,29.061,20.536,11.382,5.366,1.686
2.43667,65.222,56.456,46.630,29.158,20.505,11.350,5.329,1.774
2.44000,65.280,56.538,46.694,29.115,20.581,11.427,5.346,1.769
2.44333,65.349,56.520,46.725,29.150,20.566,11.346,5.422,1.801
2.44667,65.402,56.667,46.797,29.129,20.640,11.446,5.398,1.782
2.45000,65.490,56.733,46.885,29.192,20.611,11.419,5.435,1.786
2.45333,65.577,56.805,46.925,29.249,20.700,11.398,5.396,1.812
2.45667,65.647,56.934,46.931,29.293,20.697,11.462,5.465,1.790
2.46000,65.786,56.938,47.019,29.265,20.735,11.458,5.438,1.705
2.46333,65.856,57.055,47.041,29.343,20.779,11.462,5.495,1.783
2.46667,65.855,57.103,47.165,29.373,20.752,11.519,5.416,1.803
2.47000,65.980,57.142,47.192,29.421,20.840,11.469,5.434,1.740
2.47333,66.091,57.263,47.277,29.436,20.767,11.530,5.530,1.768
2.47667,66.106,57.310,47.277,29.446,20.821,11.519,5.478,1.800
2.48000,66.252,57.359,47.427,29.606,20.822,11.529,5.455,1.769
2.48333,66.298,57.453,47.422,29.531,20.888,11.552,5.410,1.826
2.48667,66.397,57.517,47.461,29.621,20.894,11.582,5.471,1.761
2.49000,66.429,57.533,47.510,29.605,20.947,11.556,5.506,1.851
2.49333,66.546,57.629,47.568,29.648,20.979,11.580,5.520,1.817
2.49667,66.673,57.742,47.676,29.681,20.990,11.538,5.503,1.759
2.50000,66.660,57.759,47.644,29.708,21.010,11.557,5.482,1.877
2.50333,66.718,57.832,47.764,29.777,20.980,11.600,5.472,1.799
2.50667,66.866,57.929,47.767,29.826,21.120,11.617,5.530,1.852
2.51000,66.896,58.002,47.826,29.839,21.016,11.601,5.542,1.853
2.51333,66.988,58.016,47.926,29.895,21.089,11.652,5.553,1.784
2.51667,67.096,58.079,47.976,29.885,21.109,11.687,5.561,1.819
2.52000,67.190,58.180,48.023,29.977,21.162,11.756,5.574,1.849
2.52333,67.282,58.244,48.132,29.973,21.200,11.655,5.576,1.828
2.52667,67.298,58.273,48.125,30.096,21.273,11.706,5.551,1.806
2.53000,67.437,58.344,48.211,30.092,21.270,11.722,5.627,1.846
2.53333,67.550,58.360,48.287,30.134,21.213,11.776,5.639,1.856
2.53667,67.553,58.495,48.385,30.166,21.304,11.740,5.662,1.849
2.54000,67.674,58.673,48.442,30.156,21.263,11.750,5.644,1.883
2.54333,67.735,58.670,48.491,30.174,21.303,11.784,5.664,1.828
2.54667,67.815,58.725,48.431,30.225,21.331,11.823,5.618,1.875
2.55000,67.892,58.772,48.583,30.275,21.388,11.820,5.701,1.824
2.55333,67.937,58.920,48.585,30.328,21.362,11.885,5.620,1.887
2.55667,68.034,58.923,48.660,30.356,21.456,11.804,5.627,1.869
2.56000,68.142,59.000,48.798,30.404,21.467,11.889,5.728,1.840
2.56333,68.208,59.059,48.802,30.428,21.488,11.863,5.602,1.903
2.56667,68.315,59.156,48.876,30.433,21.409,11.863,5.623,1.866
2.57000,68.404,59.209,48.910,30.467,21.525,11.944,5.688,1.851
2.57333,68.457,59.300,48.980,30.546,21.535,11.953,5.696,1.918
2.57667,68.540,59.354,49.064,30.605,21.559,11.949,5.599,1.926
2.58000,68.606,59.351,49.030,30.566,21.584,11.892,5.710,1.841
2.58333,68.747,59.513,49.176,30.614,21.612,11.974,5.708,1.831
2.58667,68.749,59.557,49.163,30.639,21.639,11.987,5.770,1.882
2.59000,68.935,59.583,49.243,30.716,21.689,11.948,5.763,1.868
2.59333,68.894,59.711,49.329,30.696,21.712,11.971,5.758,1.943
2.59667,68.998,59.785,49.348,30.791,21.719,11.977,5.745,1.884
2.60000,69.080,59.767,49.471,30.799,21.776,12.023,5.696,1.896
2.60333,69.189,59.872,49.475,30.836,21.851,11.998,5.788,1.940
2.60667,69.252,59.978,49.584,30.883,21.735,12.053,5.793,1.943
2.61000,69.315,59.995,49.633,30.923,21.804,12.055,5.788,1.911
2.61333,69.464,60.127,49.693,30.994,21.791,12.055,5.733,1.939
2.61667,69.490,60.171,49.709,31.037,21.943,12.145,5.805,1.967
2.62000,69.622,60.269,49.844,31.036,21.921,12.102,5.804,1.929
2.62333,69.657,60.371,49.831,31.044,21.935,12.096,5.782,1.974
2.62667,69.759,60.417,49.900,31.135,21.887,12.190,5.855,1.923
2.63000,69.830,60.406,49.971,31.172,21.935,12.122,5.855,1.901
2.63333,69.950,60.541,49.976,31.228,21.976,12.093,5.806,1.994
2.63667,69.974,60.578,50.101,31.212,22.030,12.211,5.837,1.987
2.64000,70.055,60.711,50.122,31.253,22.069,12.089,5.931,1.901
2.64333,70.206,60.692,50.321,31.295,22.090,12.182,5.866,1.852
2.64667,70.238,60.808,50.288,31.305,22.116,12.224,5.841,1.962
2.65000,70.378,60.875,50.341,31.417,22.102,12.206,5.863,1.923
2.65333,70.439,60.946,50.413,31.424,22.178,12.236,5.875,1.979
2.65667,70.514,61.089,50.548,31.468,22.126,12.206,5.848,1.965
2.66000,70.602,61.125,50.546,31.528,22.159,12.253,5.902,2.017
2.66333,70.712,61.145,50.581,31.488,22.174,12.326,5.872,2.022
2.66667,70.755,61.193,50.620,31.536,22.226,12.387,5.909,1.990
2.67000,70.817,61.335,50.765,31.633,22.297,12.313,5.923,1.973
2.67333,70.950,61.325,50.765,31.639,22.262,12.323,5.925,1.911
2.67667,70.999,61.426,50.823,31.644,22.282,12.317,5.952,1.981
2.68000,71.094,61.565,50.843,31.708,22.355,12.340,5.896,2.010
2.68333,71.204,61.604,50.893,31.740,22.315,12.423,5.825,2.013
2.68667,71.271,61.712,51.026,31.779,22.418,12.394,5.962,2.014
2.69000,71.374,61.755,51.058,31.823,22.410,12.460,5.945,2.019
2.69333,71.432,61.867,51.147,31.900,22.447,12.393,5.954,1.980
2.69667,71.588,61.888,51.168,31.902,22.417,12.415,5.999,2.005
2.70000,71.605,62.062,51.299,31.944,22.478,12.433,6.024,2.009
2.70333,71.745,62.129,51.340,31.986,22.533,12.444,6.017,2.007
2.70667,71.820,62.145,51.347,32.038,22.563,12.450,5.955,2.066
2.71000,71.945,62.263,51.438,31.992,22.522,12.454,6.014,2.081
2.71333,71.920,62.226,51.511,32.136,22.601,12.465,6.022,2.085
2.71667,72.045,62.344,51.606,32.212,22.643,12.572,6.041,1.993
2.72000,72.102,62.427,51.619,32.179,22.658,12.537,6.029,2.019
2.72333,72.176,62.563,51.726,32.216,22.733,12.478,5.972,2.037
2.72667,72.356,62.527,51.726,32.242,22.704,12.544,5.989,2.105
2.73000,72.444,62.572,51.822,32.291,22.772,12.666,6.012,2.014
2.73333,72.431,62.766,51.794,32.294,22.694,12.566,6.082,2.046
2.73667,72.444,62.788,51.935,32.398,22.724,12.539,6.003,1.971
2.74000,72.662,62.824,51.995,32.421,22.851,12.593,6.147,2.017
2.74333,72.679,62.980,51.993,32.497,22.826,12.595,6.120,2.077
2.74667,72.769,63.005,52.122,32.514,22.891,12.610,6.132,2.010
2.75000,72.886,63.070,52.128,32.549,22.886,12.683,6.084,2.109
2.75333,73.002,63.132,52.261,32.554,22.839,12.723,6.089,2.064
2.75667,73.066,63.254,52.262,32.607,22.913,12.707,6.147,2.079
2.76000,73.195,63.289,52.358,32.610,22.956,12.696,6.081,2.039
2.76333,73.214,63.426,52.410,32.707,23.064,12.618,6.147,2.046
2.76667,73.367,63.431,52.437,32.704,22.997,12.801,6.139,2.100
2.77000,73.402,63.516,52.549,32.776,23.036,12.766,6.131,1.987
2.77333,73.488,63.569,52.641,32.788,23.106,12.784,6.147,2.080
2.77667,73.675,63.619,52.617,32.794,23.135,12.788,6.178,2.115
2.78000,73.723,63.760,52.757,32.903,23.119,12.749,6.137,2.078
2.78333,73.810,63.781,52.792,32.969,23.134,12.840,6.203,2.134
2.78667,73.848,63.863,52.918,33.001,23.091,12.831,6.214,2.088
2.79000,73.881,63.917,52.979,33.030,23.189,12.806,6.148,2.088
2.79333,74.048,64.045,53.020,33.032,23.234,12.774,6.163,2.088
2.79667,74.156,64.119,53.084,33.110,23.245,12.824,6.190,2.093
2.80000,74.251,64.148,53.185,33.142,23.280,12.790,6.191,2.077
2.80333,74.300,64.257,53.205,33.116,23.306,12.898,6.189,2.147
2.80667,74.387,64.373,53.233,33.212,23.293,12.865,6.211,2.148
2.81000,74.456,64.388,53.313,33.230,23.293,12.982,6.157,2.105
2.81333,74.556,64.500,53.362,33.351,23.414,12.967,6.230,2.106
2.81667,74.659,64.569,53.390,33.329,23.471,12.903,6.271,2.174
2.82000,74.753,64.586,53.535,33.315,23.420,12.977,6.230,2.148
2.82333,74.842,64.698,53.638,33.413,23.505,12.990,6.296,2.195
2.82667,74.899,64.780,53.631,33.456,23.409,13.024,6.281,2.111
2.83000,75.046,64.931,53.712,33.494,23.525,12.969,6.307,2.161
2.83333,75.146,64.968,53.808,33.485,23.489,13.030,6.200,2.127
2.83667,75.222,65.067,53.845,33.581,23.557,12.999,6.300,2.148
2.84000,75.299,65.047,53.876,33.653,23.645,13.038,6.282,2.141
2.84333,75.396,65.141,53.902,33.598,23.547,13.050,6.270,2.134
2.84667,75.467,65.263,53.992,33.618,23.582,13.066,6.298,2.263
2.85000,75.563,65.321,54.099,33.709,23.721,13.044,6.332,2.212
2.85333,75.641,65.414,54.197,33.705,23.690,13.097,6.366,2.183
2.85667,75.721,65.452,54.173,33.746,23.772,13.117,6.317,2.215
2.86000,75.856,65.582,54.261,33.841,23.754,13.095,6.314,2.154
2.86333,75.887,65.630,54.371,33.914,23.766,13.139,6.333,2.172
2.86667,75.973,65.687,54.441,33.891,23.782,13.195,6.372,2.217
2.87000,76.042,65.776,54.486,33.936,23.830,13.178,6.400,2.212
2.87333,76.234,65.858,54.541,33.998,23.844,13.198,6.387,2.166
2.87667,76.263,65.968,54.568,34.029,23.855,13.177,6.412,2.204
2.88000,76.305,66.047,54.670,34.092,23.913,13.214,6.437,2.193
2.88333,76.435,66.091,54.698,34.098,23.960,13.230,6.461,2.230
2.88667,76.555,66.222,54.793,34.170,23.922,13.149,6.409,2.303
2.89000,76.641,66.235,54.881,34.196,23.962,13.276,6.415,2.219
2.89333,76.723,66.340,54.951,34.210,23.984,13.337,6.423,2.218
2.89667,76.754,66.432,55.078,34.279,24.044,13.245,6.393,2.177
2.90000,76.929,66.490,55.044,34.246,24.116,13.279,6.456,2.237
2.90333,77.046,66.567,55.118,34.430,24.059,13.298,6.464,2.210
2.90667,77.106,66.662,55.212,34.418,24.085,13.363,6.512,2.209
2.91000,77.121,66.740,55.268,34.472,24.176,13.268,6.474,2.232
2.91333,77.252,66.819,55.256,34.446,24.194,13.398,6.507,2.281
2.91667,77.374,66.898,55.385,34.486,24.252,13.347,6.539,2.224
2.92000,77.469,67.003,55.473,34.567,24.245,13.400,6.517,2.308
2.92333,77.549,66.973,55.528,34.606,24.274,13.455,6.514,2.216
2.92667,77.656,67.046,55.629,34.704,24.272,13.436,6.481,2.295
2.93000,77.753,67.207,55.651,34.690,24.343,13.446,6.552,2.267
2.93333,77.824,67.314,55.740,34.785,24.324,13.445,6.530,2.254
2.93667,77.883,67.330,55.798,34.809,24.446,13.461,6.616,2.272
2.94000,77.970,67.463,55.876,34.807,24.402,13.455,6.536,2.236
2.94333,78.115,67.534,55.897,34.790,24.378,13.537,6.566,2.216
2.94667,78.155,67.583,56.016,34.920,24.423,13.525,6.539,2.263
2.95000,78.329,67.703,56.088,34.957,24.426,13.521,6.553,2.269
2.95333,78.416,67.755,56.122,35.039,24.481,13.616,6.580,2.261
2.95667,78.440,67.821,56.210,35.105,24.550,13.558,6.558,2.243
2.96000,78.507,67.980,56.292,35.155,24.624,13.621,6.591,2.240
2.96333,78.607,67.989,56.274,35.104,24.610,13.570,6.559,2.279
2.96667,78.797,68.099,56.413,35.079,24.651,13.629,6.642,2.310
2.97000,78.841,68.193,56.435,35.242,24.660,13.636,6.623,2.278
2.97333,78.960,68.183,56.501,35.258,24.719,13.554,6.586,2.289
2.97667,79.024,68.333,56.646,35.277,24.718,13.647,6.609,2.267
2.98000,79.132,68.391,56.672,35.340,24.698,13.646,6.653,2.332
2.98333,79.172,68.499,56.657,35.337,24.733,13.708,6.694,2.282
2.98667,79.282,68.619,56.810,35.501,24.839,13.707,6.651,2.267
2.99000,79.377,68.677,56.837,35.475,24.896,13.738,6.683,2.343
2.99333,79.438,68.719,56.951,35.529,24.821,13.711,6.712,2.295
2.99667,79.534,68.803,57.020,35.507,24.870,13.720,6.654,2.365
3.00000,79.637,68.830,57.057,35.617,24.907,13.820,6.698,2.341
3.00333,79.773,69.024,57.130,35.610,24.948,13.758,6.700,2.317
3.00667,79.877,68.980,57.278,35.638,24.985,13.707,6.705,2.360
3.01000,80.002,69.174,57.225,35.690,25.014,13.838,6.776,2.432
3.01333,79.978,69.276,57.301,35.822,25.028,13.867,6.765,2.345
3.01667,80.191,69.270,57.390,35.785,24.986,13.846,6.721,2.381
3.02000,80.260,69.385,57.456,35.819,25.065,13.827,6.732,2.377
3.02333,80.337,69.430,57.568,35.928,25.087,13.837,6.710,2.394
3.02667,80.402,69.519,57.619,35.935,25.106,13.891,6.807,2.407
3.03000,80.522,69.610,57.802,35.937,25.154,13.913,6.838,2.366
3.03333,80.635,69.681,57.764,36.084,25.179,13.877,6.765,2.397
3.03667,80.667,69.751,57.791,36.027,25.155,13.950,6.794,2.343
3.04000,80.834,69.879,57.929,36.051,25.301,13.972,6.813,2.393
3.04333,80.843,69.962,57.954,36.140,25.279,13.923,6.832,2.352
3.04667,81.008,70.020,58.009,36.237,25.338,14.007,6.812,2.395
3.05000,81.106,70.087,58.075,36.231,25.261,14.006,6.860,2.427
3.05333,81.200,70.127,58.145,36.305,25.387,14.043,6.889,2.370
3.05667,81.297,70.233,58.240,36.332,25.390,14.064,6.871,2.445
3.06000,81.369,70.334,58.327,36.369,25.369,14.176,6.917,2.361
3.06333,81.512,70.444,58.422,36.411,25.415,14.148,6.905,2.391
3.06667,81.572,70.524,58.458,36.476,25.448,14.108,6.856,2.421
3.07000,81.650,70.587,58.449,36.470,25.553,14.092,6.916,2.446
3.07333,81.792,70.631,58.618,36.490,25.532,14.095,6.921,2.372
3.07667,81.845,70.820,58.659,36.548,25.625,14.141,6.882,2.435
3.08000,81.937,70.836,58.723,36.638,25.620,14.120,6.902,2.479
3.08333,82.035,70.895,58.797,36.684,25.633,14.156,6.881,2.368
3.08667,82.176,71.023,58.896,36.697,25.697,14.185,6.935,2.400
3.09000,82.281,71.028,58.853,36.742,25.657,14.168,6.895,2.475
3.09333,82.305,71.110,58.958,36.801,25.701,14.257,6.924,2.455
3.09667,82.401,71.214,59.036,36.829,25.755,14.260,6.944,2.472
3.10000,82.511,71.310,59.113,36.872,25.806,14.284,6.963,2.464
3.10333,82.643,71.352,59.187,36.917,25.829,14.213,6.946,2.432
3.10667,82.751,71.566,59.285,37.001,25.806,14.233,7.028,2.426
3.11000,82.865,71.649,59.350,36.935,25.864,14.262,6.947,2.473
3.11333,82.895,71.689,59.399,37.083,25.851,14.184,6.992,2.450
3.11667,83.040,71.772,59.466,37.102,25.908,14.297,7.046,2.418
3.12000,83.121,71.869,59.603,37.116,25.855,14.338,6.994,2.496
3.12333,83.296,71.951,59.547,37.212,25.955,14.415,7.039,2.442
3.12667,83.272,71.952,59.682,37.282,26.027,14.422,7.021,2.441
3.13000,83.434,72.085,59.809,37.293,26.086,14.349,7.072,2.388
3.13333,83.536,72.128,59.808,37.354,26.091,14.371,7.034,2.503
3.13667,83.620,72.215,59.861,37.342,26.091,14.402,7.044,2.489
3.14000,83.663,72.265,59.924,37.381,26.110,14.384,7.064,2.479
3.14333,83.856,72.413,60.064,37.442,26.196,14.438,7.045,2.520
3.14667,83.897,72.514,60.058,37.541,26.136,14.426,7.114,2.494
3.15000,83.935,72.553,60.128,37.534,26.213,14.476,7.050,2.562
3.15333,84.133,72.652,60.199,37.610,26.279,14.538,7.136,2.473
3.15667,84.191,72.755,60.220,37.604,26.264,14.507,7.038,2.539
3.16000,84.195,72.750,60.348,37.669,26.324,14.517,7.128,2.469
3.16333,84.453,72.911,60.459,37.635,26.313,14.566,7.081,2.525
3.16667,84.543,72.962,60.530,37.794,26.375,14.533,7.184,2.509
3.17000,84.628,72.969,60.602,37.773,26.405,14.607,7.173,2.519
3.17333,84.657,73.150,60.647,37.838,26.401,14.585,7.097,2.541
3.17667,84.778,73.248,60.786,37.876,26.442,14.683,7.150,2.603
3.18000,84.850,73.352,60.822,37.884,26.498,14.635,7.150,2.531
3.18333,84.977,73.410,60.905,38.027,26.415,14.590,7.181,2.534
3.18667,85.082,73.478,61.003,37.961,26.550,14.721,7.208,2.501
3.19000,85.238,73.547,61.071,38.087,26.583,14.659,7.227,2.589
3.19333,85.304,73.671,61.147,38.182,26.621,14.663,7.158,2.573
3.19667,85.359,73.780,61.212,38.217,26.637,14.723,7.239,2.536
3.20000,85.520,73.866,61.255,38.318,26.709,14.743,7.249,2.576
3.20333,85.552,73.946,61.290,38.224,26.681,14.756,7.313,2.602
3.20667,85.652,74.025,61.458,38.279,26.721,14.778,7.270,2.603
3.21000,85.807,74.086,61.489,38.311,26.771,14.750,7.242,2.579
3.21333,85.826,74.182,61.557,38.374,26.847,14.780,7.263,2.625
3.21667,86.032,74.239,61.615,38.458,26.782,14.786,7.310,2.648
3.22000,86.064,74.311,61.707,38.477,26.844,14.792,7.254,2.583
3.22333,86.216,74.417,61.699,38.505,26.890,14.870,7.268,2.611
3.22667,86.244,74.456,61.827,38.632,26.879,14.863,7.281,2.626
3.23000,86.337,74.652,61.905,38.667,26.942,14.859,7.324,2.593
3.23333,86.548,74.686,61.944,38.632,26.953,14.933,7.304,2.595
3.23667,86.594,74.807,62.074,38.686,26.951,14.891,7.336,2.594
3.24000,86.664,74.879,62.116,38.675,27.003,14.931,7.352,2.587
3.24333,86.820,74.941,62.194,38.785,27.049,14.889,7.364,2.633
3.24667,86.899,75.034,62.287,38.855,27.125,14.912,7.361,2.522
3.25000,86.940,75.105,62.304,38.878,27.165,14.993,7.374,2.579
3.25333,87.069,75.246,62.403,38.929,27.175,14.957,7.344,2.612
3.25667,87.170,75.365,62.423,38.962,27.129,14.997,7.305,2.676
3.26000,87.297,75.431,62.490,39.054,27.181,15.036,7.374,2.586
3.26333,87.366,75.466,62.584,39.024,27.192,15.019,7.379,2.651
3.26667,87.492,75.577,62.752,39.100,27.295,15.116,7.402,2.637
3.27000,87.572,75.670,62.809,39.156,27.344,15.046,7.424,2.606
3.27333,87.720,75.711,62.874,39.161,27.283,15.117,7.454,2.633
3.27667,87.770,75.870,62.873,39.265,27.380,15.125,7.415,2.579
3.28000,87.882,75.904,62.952,39.289,27.305,15.150,7.396,2.679
3.28333,88.007,75.947,63.028,39.373,27.377,15.116,7.507,2.667
3.28667,88.140,76.061,63.048,39.388,27.445,15.096,7.413,2.673
3.29000,88.216,76.161,63.243,39.482,27.442,15.243,7.508,2.690
3.29333,88.288,76.299,63.268,39.492,27.530,15.153,7.483,2.703
3.29667,88.489,76.343,63.421,39.479,27.491,15.125,7.490,2.707
3.30000,88.555,76.399,63.463,39.541,27.564,15.224,7.538,2.717
3.30333,88.551,76.533,63.504,39.654,27.554,15.213,7.521,2.683
3.30667,88.714,76.570,63.546,39.689,27.635,15.254,7.552,2.690
3.31000,88.768,76.670,63.669,39.701,27.699,15.265,7.473,2.666
3.31333,88.897,76.812,63.713,39.770,27.616,15.315,7.564,2.718
3.31667,88.963,76.829,63.810,39.814,27.740,15.307,7.552,2.715
3.32000,89.058,76.964,63.815,39.743,27.764,15.272,7.585,2.736
3.32333,89.197,77.104,63.965,39.927,27.782,15.371,7.586,2.743
3.32667,89.314,77.166,64.029,39.954,27.800,15.350,7.549,2.705
3.33000,89.461,77.231,64.150,39.982,27.844,15.366,7.595,2.706
3.33333,89.514,77.309,64.153,40.033,27.854,15.396,7.599,2.728
3.33667,89.598,77.401,64.249,40.063,27.962,15.432,7.588,2.765
3.34000,89.751,77.490,64.357,40.151,27.968,15.489,7.650,2.732
3.34333,89.834,77.558,64.375,40.085,27.947,15.473,7.591,2.789
3.34667,89.947,77.690,64.464,40.208,28.002,15.425,7.690,2.799
3.35000,90.017,77.804,64.573,40.295,28.028,15.513,7.667,2.800
3.35333,90.154,77.879,64.611,40.272,28.104,15.521,7.607,2.728
3.35667,90.273,77.940,64.729,40.341,28.072,15.503,7.689,2.800
3.36000,90.371,78.003,64.755,40.365,28.114,15.554,7.677,2.790
3.36333,90.467,78.174,64.775,40.451,28.224,15.502,7.695,2.798
3.36667,90.589,78.274,64.968,40.554,28.139,15.568,7.720,2.775
3.37000,90.677,78.315,64.911,40.561,28.189,15.651,7.718,2.755
3.37333,90.772,78.365,65.039,40.557,28.234,15.616,7.693,2.777
3.37667,90.829,78.471,65.142,40.648,28.271,15.655,7.718,2.775
3.38000,91.062,78.555,65.201,40.679,28.272,15.684,7.765,2.749
3.38333,91.103,78.637,65.293,40.802,28.317,15.686,7.716,2.795
3.38667,91.207,78.787,65.355,40.788,28.412,15.645,7.727,2.834
3.39000,91.313,78.776,65.460,40.795,28.355,15.687,7.724,2.794
3.39333,91.436,78.896,65.514,40.855,28.446,15.650,7.792,2.816
3.39667,91.543,78.986,65.583,40.938,28.474,15.751,7.786,2.802
3.40000,91.636,79.147,65.653,40.985,28.556,15.754,7.755,2.791
3.40333,91.690,79.148,65.737,40.980,28.502,15.756,7.810,2.795
3.40667,91.802,79.316,65.813,41.080,28.528,15.728,7.813,2.748
3.41000,91.989,79.365,65.879,41.164,28.643,15.829,7.847,2.812
3.41333,92.075,79.452,65.972,41.240,28.640,15.787,7.849,2.843
3.41667,92.107,79.481,66.023,41.204,28.713,15.836,7.803,2.777
3.42000,92.270,79.619,66.165,41.247,28.740,15.878,7.823,2.857
3.42333,92.385,79.765,66.275,41.263,28.751,15.841,7.850,2.814
3.42667,92.442,79.806,66.272,41.344,28.809,15.930,7.874,2.876
3.43000,92.544,79.925,66.377,41.364,28.788,15.960,7.891,2.837
3.43333,92.710,79.962,66.451,41.479,28.848,15.962,7.861,2.864
3.43667,92.739,80.109,66.471,41.530,28.903,15.906,7.862,2.805
3.44000,92.893,80.239,66.557,41.566,28.838,15.916,7.872,2.823
3.44333,93.046,80.266,66.679,41.632,28.983,15.935,7.909,2.849
3.44667,93.045,80.381,66.686,41.603,28.863,15.999,7.909,2.835
3.45000,93.160,80.500,66.861,41.652,28.924,16.026,7.932,2.888
3.45333,93.310,80.537,66.885,41.750,28.949,15.998,7.927,2.890
3.45667,93.463,80.601,66.958,41.779,29.007,16.025,7.963,2.904
3.46000,93.562,80.812,67.048,41.833,28.998,16.024,7.931,2.851
3.46333,93.589,80.823,67.108,41.897,29.069,16.098,7.935,2.872
3.46667,93.760,80.843,67.215,41.930,29.150,16.122,7.936,2.897
3.47000,93.881,80.938,67.224,41.994,29.211,16.089,8.020,2.950
3.47333,93.896,81.123,67.269,41.965,29.218,16.206,7.986,2.896
3.47667,94.064,81.178,67.414,42.069,29.150,16.102,8.029,2.965
3.48000,94.220,81.247,67.508,42.066,29.301,16.107,8.010,2.915
3.48333,94.274,81.322,67.561,42.124,29.325,16.207,8.028,2.865
3.48667,94.349,81.479,67.715,42.166,29.347,16.230,8.040,2.869
3.49000,94.471,81.595,67.698,42.250,29.327,16.182,8.079,2.947
3.49333,94.589,81.612,67.895,42.362,29.363,16.305,8.026,2.905
3.49667,94.651,81.788,67.919,42.380,29.439,16.206,8.043,2.956
3.50000,94.772,81.782,67.951,42.444,29.517,16.196,8.048,2.959
3.50333,94.853,81.935,68.065,42.460,29.518,16.270,8.037,2.964
3.50667,95.033,82.046,68.143,42.488,29.432,16.352,8.121,2.963
3.51000,95.108,82.187,68.134,42.505,29.583,16.380,8.089,2.976
3.51333,95.182,82.171,68.230,42.612,29.522,16.286,8.129,2.925
3.51667,95.370,82.212,68.342,42.627,29.689,16.350,8.107,2.967
3.52000,95.436,82.392,68.468,42.749,29.708,16.421,8.057,2.935
3.52333,95.545,82.432,68.494,42.740,29.699,16.399,8.148,3.005
3.52667,95.657,82.557,68.621,42.882,29.824,16.508,8.105,2.912
3.53000,95.789,82.703,68.699,42.861,29.747,16.451,8.146,2.921
3.53333,95.894,82.752,68.739,42.811,29.747,16.454,8.185,3.044
3.53667,95.919,82.861,68.823,42.881,29.836,16.409,8.243,3.008
3.54000,96.197,82.949,68.889,42.954,29.813,16.484,8.141,3.032
3.54333,96.209,82.980,69.008,42.992,29.827,16.476,8.241,3.041
3.54667,96.345,83.129,69.070,43.075,29.903,16.458,8.211,2.995
3.55000,96.370,83.209,69.156,43.172,29.961,16.514,8.205,3.019
3.55333,96.538,83.279,69.241,43.115,29.974,16.576,8.217,2.961
3.55667,96.613,83.407,69.251,43.292,29.995,16.597,8.291,2.987
3.56000,96.741,83.527,69.320,43.300,30.020,16.684,8.202,3.021
3.56333,96.830,83.546,69.440,43.375,30.044,16.565,8.249,3.076
3.56667,96.949,83.676,69.527,43.362,30.082,16.676,8.245,3.034
3.57000,97.079,83.737,69.546,43.465,30.153,16.641,8.259,3.058
3.57333,97.254,83.802,69.746,43.517,30.221,16.650,8.247,3.037
3.57667,97.320,83.930,69.802,43.438,30.176,16.725,8.288,3.069
3.58000,97.448,84.083,69.802,43.561,30.296,16.706,8.228,3.015
3.58333,97.515,84.161,69.990,43.661,30.266,16.751,8.286,3.072
3.58667,97.653,84.226,70.032,43.662,30.321,16.738,8.348,3.132
3.59000,97.739,84.335,70.053,43.728,30.363,16.705,8.325,3.018
3.59333,97.884,84.406,70.144,43.835,30.363,16.768,8.300,3.062
3.59667,97.958,84.524,70.153,43.766,30.422,16.760,8.373,3.086
3.60000,98.022,84.618,70.311,43.872,30.448,16.798,8.403,3.044
3.60333,98.190,84.700,70.385,43.938,30.471,16.803,8.336,3.021
3.60667,98.235,84.800,70.499,43.993,30.524,16.870,8.325,3.125
3.61000,98.372,84.850,70.580,43.999,30.610,16.902,8.354,3.082
3.61333,98.494,85.002,70.667,44.061,30.541,16.865,8.399,3.127
3.61667,98.595,85.089,70.712,44.130,30.584,16.940,8.395,3.085
3.62000,98.705,85.233,70.831,44.224,30.646,16.963,8.450,3.022
3.62333,98.881,85.283,70.834,44.190,30.680,16.950,8.414,3.104
3.62667,98.924,85.384,70.888,44.262,30.700,16.963,8.414,3.076
3.63000,99.056,85.438,71.012,44.285,30.793,16.991,8.425,3.149
3.63333,99.141,85.553,71.153,44.348,30.819,16.975,8.416,3.094
3.63667,99.259,85.631,71.225,44.405,30.759,16.975,8.532,3.198
3.64000,99.369,85.793,71.277,44.495,30.841,17.004,8.490,3.125
3.64333,99.513,85.896,71.380,44.488,30.882,17.092,8.517,3.118
3.64667,99.627,85.875,71.473,44.505,30.865,17.072,8.508,3.141
3.65000,99.683,86.003,71.529,44.666,30.952,17.160,8.487,3.167
3.65333,99.786,86.136,71.595,44.677,30.951,17.078,8.599,3.225
3.65667,99.954,86.189,71.687,44.741,30.974,17.110,8.460,3.140
3.66000,100.090,86.272,71.754,44.761,31.053,17.123,8.510,3.155
3.66333,100.148,86.409,71.811,44.875,31.074,17.146,8.605,3.167
3.66667,100.282,86.521,71.886,44.911,31.156,17.207,8.612,3.208
3.67000,100.362,86.577,72.048,44.909,31.145,17.162,8.523,3.186
3.67333,100.411,86.645,72.038,45.014,31.135,17.229,8.625,3.198
3.67667,100.602,86.780,72.129,45.017,31.258,17.267,8.615,3.164
3.68000,100.715,86.852,72.217,45.086,31.271,17.271,8.599,3.093
3.68333,100.832,86.992,72.363,45.112,31.271,17.233,8.603,3.172
3.68667,100.930,87.065,72.360,45.203,31.290,17.318,8.586,3.197
3.69000,101.014,87.195,72.547,45.257,31.276,17.346,8.631,3.194
3.69333,101.163,87.283,72.468,45.302,31.341,17.232,8.699,3.157
3.69667,101.209,87.375,72.633,45.302,31.458,17.306,8.652,3.161
3.70000,101.398,87.473,72.665,45.364,31.428,17.415,8.710,3.199
3.70333,101.474,87.551,72.772,45.477,31.485,17.339,8.654,3.190
3.70667,101.650,87.632,72.835,45.532,31.522,17.415,8.665,3.218
3.71000,101.664,87.741,72.968,45.511,31.567,17.449,8.649,3.198
3.71333,101.839,87.776,73.026,45.574,31.615,17.395,8.625,3.218
3.71667,101.912,87.876,73.110,45.668,31.677,17.482,8.737,3.224
3.72000,102.021,88.012,73.200,45.669,31.631,17.414,8.732,3.241
3.72333,102.171,88.090,73.294,45.708,31.711,17.519,8.737,3.208
3.72667,102.320,88.161,73.353,45.796,31.737,17.476,8.763,3.267
3.73000,102.294,88.360,73.470,45.836,31.673,17.616,8.753,3.251
3.73333,102.499,88.417,73.583,45.945,31.767,17.546,8.764,3.200
3.73667,102.639,88.493,73.591,45.994,31.893,17.554,8.707,3.251
3.74000,102.716,88.642,73.700,46.022,31.822,17.565,8.758,3.244
3.74333,102.842,88.687,73.749,46.046,31.936,17.583,8.816,3.263
3.74667,102.915,88.846,73.830,46.100,31.983,17.644,8.878,3.285
3.75000,103.143,88.893,73.886,46.139,31.899,17.643,8.805,3.262
3.75333,103.186,89.062,73.997,46.195,31.989,17.627,8.844,3.298
3.75667,103.284,89.080,74.096,46.202,32.076,17.692,8.814,3.264
3.76000,103.440,89.210,74.215,46.298,32.006,17.722,8.858,3.316
3.76333,103.508,89.247,74.260,46.346,32.046,17.722,8.943,3.300
3.76667,103.636,89.346,74.323,46.375,32.078,17.757,8.901,3.332
3.77000,103.729,89.484,74.439,46.506,32.189,17.772,8.887,3.270
3.77333,103.877,89.524,74.479,46.492,32.236,17.771,8.916,3.301
3.77667,103.957,89.627,74.632,46.560,32.199,17.695,8.870,3.319
3.78000,104.039,89.811,74.621,46.661,32.234,17.734,8.986,3.318
3.78333,104.187,89.835,74.748,46.603,32.283,17.811,8.910,3.370
3.78667,104.336,89.916,74.789,46.720,32.354,17.830,8.937,3.325
3.79000,104.414,90.057,74.882,46.694,32.309,17.850,8.962,3.340
3.79333,104.585,90.164,75.048,46.765,32.324,17.910,9.040,3.332
3.79667,104.662,90.233,75.092,46.817,32.452,17.953,8.962,3.340
3.80000,104.750,90.367,75.176,46.894,32.410,17.902,8.985,3.296
3.80333,104.852,90.412,75.316,46.968,32.503,17.907,8.947,3.329
3.80667,104.952,90.520,75.380,46.990,32.568,17.972,9.018,3.319
3.81000,105.094,90.657,75.428,47.064,32.640,17.975,9.054,3.339
3.81333,105.264,90.706,75.453,47.109,32.575,17.948,8.964,3.326
3.81667,105.273,90.768,75.648,47.100,32.574,18.005,8.961,3.374
3.82000,105.461,90.999,75.612,47.244,32.621,18.071,9.060,3.331
3.82333,105.534,91.000,75.677,47.250,32.658,18.075,9.039,3.388
3.82667,105.691,91.098,75.818,47.308,32.712,18.113,9.087,3.426
3.83000,105.781,91.240,75.945,47.370,32.778,18.073,9.113,3.376
3.83333,105.945,91.362,76.012,47.401,32.813,18.138,9.067,3.388
3.83667,105.962,91.480,76.140,47.530,32.799,18.200,9.054,3.405
3.84000,106.217,91.602,76.164,47.595,32.806,18.152,9.022,3.399
3.84333,106.336,91.572,76.209,47.594,32.938,18.164,9.042,3.394
3.84667,106.450,91.737,76.288,47.640,32.903,18.162,9.146,3.437
3.85000,106.487,91.838,76.412,47.678,32.994,18.230,9.154,3.432
3.85333,106.608,91.922,76.430,47.735,33.047,18.259,9.153,3.420
3.85667,106.707,92.075,76.494,47.743,33.025,18.229,9.222,3.422
3.86000,106.804,92.103,76.568,47.831,33.021,18.208,9.170,3.400
3.86333,106.954,92.172,76.708,47.910,33.136,18.300,9.212,3.456
3.86667,107.025,92.279,76.856,47.896,33.211,18.339,9.173,3.417
3.87000,107.145,92.441,76.903,47.951,33.221,18.268,9.215,3.465
3.87333,107.270,92.518,76.970,47.993,33.287,18.306,9.175,3.465
3.87667,107.400,92.585,77.042,48.048,33.276,18.332,9.183,3.426
3.88000,107.521,92.669,77.108,48.112,33.233,18.319,9.191,3.403
3.88333,107.650,92.796,77.243,48.178,33.358,18.444,9.281,3.443
3.88667,107.725,92.921,77.337,48.277,33.362,18.358,9.251,3.448
3.89000,107.895,92.956,77.382,48.302,33.376,18.457,9.277,3.536
3.89333,108.011,93.115,77.524,48.357,33.413,18.510,9.261,3.494
3.89667,108.080,93.215,77.591,48.371,33.449,18.515,9.237,3.440
3.90000,108.226,93.328,77.684,48.520,33.477,18.449,9.278,3.508
3.90333,108.333,93.351,77.711,48.523,33.537,18.546,9.271,3.470
3.90667,108.423,93.461,77.797,48.555,33.546,18.537,9.343,3.454
3.91000,108.572,93.555,77.911,48.566,33.610,18.533,9.293,3.465
3.91333,108.728,93.700,77.978,48.668,33.633,18.504,9.343,3.477
3.91667,108.799,93.798,78.115,48.765,33.670,18.591,9.364,3.511
3.92000,108.888,93.908,78.088,48.822,33.661,18.547,9.353,3.551
3.92333,108.993,93.985,78.225,48.850,33.712,18.620,9.372,3.444
3.92667,109.186,94.077,78.316,48.778,33.721,18.658,9.299,3.518
3.93000,109.250,94.193,78.387,48.902,33.791,18.701,9.396,3.487
3.93333,109.377,94.284,78.439,49.007,33.848,18.634,9.377,3.545
3.93667,109.512,94.408,78.524,49.070,33.898,18.744,9.471,3.552
3.94000,109.658,94.448,78.596,49.076,33.950,18.786,9.418,3.558
3.94333,109.700,94.605,78.676,49.076,33.928,18.770,9.388,3.560
3.94667,109.807,94.710,78.775,49.178,33.959,18.797,9.458,3.551
3.95000,110.013,94.813,78.853,49.261,34.021,18.824,9.403,3.564
3.95333,110.099,94.921,78.921,49.271,34.009,18.809,9.428,3.610
3.95667,110.184,95.007,79.026,49.342,34.120,18.856,9.488,3.546
3.96000,110.318,95.061,79.152,49.400,34.090,18.838,9.493,3.604
3.96333,110.407,95.206,79.281,49.489,34.206,18.865,9.500,3.541
3.96667,110.568,95.299,79.275,49.518,34.222,18.852,9.439,3.608
3.97000,110.682,95.374,79.330,49.532,34.187,18.940,9.571,3.550
3.97333,110.800,95.489,79.458,49.651,34.262,18.927,9.523,3.560
3.97667,110.888,95.606,79.573,49.626,34.303,18.912,9.497,3.643
3.98000,111.043,95.643,79.655,49.726,34.340,18.948,9.527,3.589
3.98333,111.085,95.745,79.703,49.731,34.371,18.960,9.589,3.630
3.98667,111.227,95.873,79.829,49.841,34.362,18.971,9.557,3.615
3.99000,111.349,96.061,79.856,49.873,34.393,19.006,9.578,3.601
3.99333,111.497,96.075,79.990,49.937,34.497,19.020,9.570,3.601
3.99667,111.593,96.158,80.066,49.965,34.525,19.045,9.582,3.595
4.00000,111.682,96.251,80.143,50.113,34.576,19.050,9.587,3.661
4.00333,111.808,96.365,80.237,50.078,34.529,19.074,9.692,3.664
4.00667,111.887,96.479,80.281,50.155,34.661,19.101,9.642,3.628
4.01000,112.060,96.564,80.369,50.201,34.678,19.115,9.606,3.604
4.01333,112.172,96.652,80.531,50.204,34.726,19.152,9.663,3.614
4.01667,112.275,96.805,80.584,50.292,34.759,19.235,9.648,3.580
4.02000,112.412,96.843,80.701,50.320,34.730,19.174,9.648,3.610
4.02333,112.503,97.014,80.782,50.400,34.825,19.221,9.692,3.628
4.02667,112.713,97.057,80.860,50.572,34.851,19.261,9.649,3.659
4.03000,112.637,97.240,80.934,50.563,34.907,19.280,9.801,3.672
4.03333,112.949,97.280,81.033,50.619,34.912,19.233,9.712,3.659
4.03667,112.968,97.410,81.093,50.611,34.892,19.326,9.745,3.692
4.04000,113.157,97.461,81.171,50.671,35.031,19.251,9.772,3.661
4.04333,113.271,97.610,81.204,50.700,35.028,19.352,9.746,3.637
4.04667,113.404,97.696,81.311,50.808,35.018,19.394,9.768,3.670
4.05000,113.430,97.804,81.378,50.823,35.108,19.333,9.800,3.663
4.05333,113.631,97.874,81.557,50.881,35.106,19.374,9.717,3.662
4.05667,113.721,98.030,81.597,50.978,35.173,19.408,9.773,3.670
4.06000,113.780,98.146,81.691,51.024,35.199,19.450,9.733,3.731
4.06333,113.961,98.142,81.751,51.050,35.283,19.359,9.811,3.723
4.06667,114.091,98.310,81.878,51.113,35.271,19.477,9.801,3.698
4.07000,114.238,98.371,81.958,51.193,35.312,19.468,9.797,3.741
4.07333,114.309,98.493,82.094,51.206,35.296,19.450,9.852,3.768
4.07667,114.431,98.593,82.118,51.271,35.381,19.553,9.890,3.750
4.08000,114.558,98.719,82.219,51.304,35.435,19.546,9.856,3.685
4.08333,114.686,98.811,82.265,51.422,35.488,19.587,9.876,3.715
4.08667,114.752,98.922,82.301,51.408,35.496,19.537,9.874,3.754
4.09000,114.922,99.043,82.386,51.509,35.520,19.629,9.923,3.743
4.09333,115.001,99.190,82.478,51.552,35.565,19.641,9.878,3.756
4.09667,115.120,99.239,82.613,51.561,35.607,19.619,9.957,3.787
4.10000,115.247,99.364,82.675,51.663,35.672,19.675,9.921,3.810
4.10333,115.326,99.405,82.837,51.699,35.698,19.599,9.921,3.830
4.10667,115.518,99.427,82.874,51.728,35.706,19.744,10.000,3.718
4.11000,115.590,99.665,82.938,51.849,35.769,19.748,9.938,3.687
4.11333,115.688,99.726,83.056,51.856,35.752,19.704,9.961,3.700
4.11667,115.827,99.831,83.139,51.909,35.767,19.803,9.978,3.733
4.12000,115.953,99.901,83.300,51.972,35.821,19.751,9.977,3.802
4.12333,116.037,99.988,83.334,52.017,35.871,19.766,10.033,3.781
4.12667,116.144,100.131,83.424,52.094,35.930,19.805,9.986,3.794
4.13000,116.325,100.229,83.493,52.088,35.957,19.854,10.027,3.855
4.13333,116.438,100.381,83.545,52.187,35.939,19.850,10.049,3.802
4.13667,116.569,100.414,83.636,52.231,35.928,19.830,10.058,3.826
4.14000,116.673,100.586,83.709,52.328,36.058,19.828,10.031,3.774
4.14333,116.799,100.648,83.811,52.355,36.077,19.919,10.058,3.803
4.14667,116.920,100.699,83.907,52.391,36.110,19.897,10.109,3.837
4.15000,117.069,100.862,83.991,52.439,36.141,19.933,10.100,3.862
4.15333,117.166,101.001,84.039,52.521,36.171,20.033,10.108,3.897
4.15667,117.279,101.063,84.117,52.563,36.206,20.006,10.034,3.864
4.16000,117.460,101.226,84.223,52.613,36.303,19.984,10.203,3.891
4.16333,117.525,101.250,84.386,52.637,36.291,20.058,10.139,3.808
4.16667,117.576,101.354,84.417,52.674,36.319,20.012,10.112,3.877
4.17000,117.762,101.512,84.505,52.724,36.345,20.089,10.163,3.892
4.17333,117.845,101.592,84.582,52.819,36.356,20.090,10.162,3.871
4.17667,117.999,101.671,84.678,52.905,36.437,20.109,10.178,3.843
4.18000,118.116,101.785,84.820,52.938,36.444,20.206,10.096,3.807
4.18333,118.210,101.880,84.778,52.987,36.554,20.165,10.242,3.923
4.18667,118.327,102.005,84.919,53.021,36.584,20.163,10.236,3.911
4.19000,118.467,102.108,85.060,53.095,36.666,20.192,10.262,3.920
4.19333,118.560,102.242,85.095,53.094,36.622,20.218,10.239,3.887
4.19667,118.718,102.302,85.209,53.200,36.646,20.262,10.199,3.886
4.20000,118.877,102.415,85.260,53.199,36.710,20.273,10.249,3.880
4.20333,118.956,102.510,85.371,53.347,36.695,20.252,10.278,3.914
4.20667,119.056,102.618,85.486,53.353,36.736,20.335,10.324,3.983
4.21000,119.158,102.605,85.490,53.348,36.778,20.271,10.268,3.913
4.21333,119.353,102.758,85.578,53.476,36.866,20.337,10.284,3.938
4.21667,119.459,102.844,85.699,53.520,36.871,20.401,10.302,3.931
4.22000,119.554,102.996,85.817,53.564,36.925,20.383,10.332,3.928
4.22333,119.632,103.146,85.927,53.644,36.983,20.446,10.277,3.916
4.22667,119.817,103.240,85.975,53.689,37.040,20.367,10.334,3.962
4.23000,119.949,103.314,86.125,53.802,36.974,20.394,10.411,3.985
4.23333,119.986,103.467,86.162,53.799,37.064,20.470,10.336,3.931
4.23667,120.183,103.521,86.210,53.847,37.113,20.492,10.379,3.961
4.24000,120.226,103.616,86.380,53.891,37.155,20.547,10.417,3.998
4.24333,120.361,103.691,86.416,53.996,37.205,20.507,10.423,3.993
4.24667,120.522,103.867,86.543,54.035,37.161,20.511,10.354,4.006
4.25000,120.623,103.907,86.649,54.036,37.252,20.511,10.372,4.048
4.25333,120.805,104.069,86.637,54.107,37.245,20.672,10.439,3.977
4.25667,120.842,104.127,86.805,54.157,37.317,20.619,10.510,3.916
4.26000,121.002,104.207,86.921,54.204,37.299,20.569,10.412,3.970
4.26333,121.071,104.379,86.896,54.310,37.402,20.564,10.479,4.003
4.26667,121.257,104.459,87.039,54.329,37.426,20.641,10.458,4.014
4.27000,121.352,104.537,87.101,54.387,37.435,20.689,10.481,4.035
4.27333,121.479,104.663,87.217,54.478,37.498,20.736,10.454,4.010
4.27667,121.591,104.765,87.280,54.520,37.539,20.684,10.527,4.066
4.28000,121.732,104.884,87.452,54.548,37.525,20.716,10.449,4.001
4.28333,121.843,104.976,87.442,54.624,37.635,20.796,10.502,4.079
4.28667,121.939,105.047,87.568,54.674,37.610,20.747,10.500,4.045
4.29000,122.068,105.164,87.631,54.672,37.731,20.749,10.516,4.078
4.29333,122.205,105.247,87.735,54.791,37.694,20.784,10.511,4.073
4.29667,122.306,105.393,87.785,54.885,37.741,20.860,10.511,4.075
4.30000,122.425,105.417,87.921,54.829,37.779,20.857,10.548,4.070
4.30333,122.597,105.548,88.045,54.955,37.805,20.921,10.581,4.056
4.30667,122.695,105.665,88.105,54.993,37.934,20.985,10.560,4.034
4.31000,122.838,105.756,88.141,55.064,37.885,20.975,10.606,4.043
4.31333,122.950,105.896,88.292,55.102,37.913,20.953,10.592,4.021
4.31667,122.991,106.008,88.354,55.187,38.005,20.916,10.614,4.096
4.32000,123.195,106.130,88.421,55.180,37.928,20.949,10.615,4.004
4.32333,123.272,106.220,88.499,55.268,38.050,20.997,10.604,4.012
4.32667,123.479,106.268,88.589,55.293,38.184,21.075,10.656,4.090
4.33000,123.541,106.359,88.721,55.360,38.138,21.026,10.681,4.139
4.33333,123.676,106.525,88.754,55.421,38.094,21.036,10.676,4.021
4.33667,123.832,106.616,88.872,55.501,38.212,21.127,10.677,4.074
4.34000,123.859,106.734,88.904,55.590,38.246,21.176,10.614,4.093
4.34333,124.020,106.796,89.040,55.598,38.300,21.142,10.683,4.098
4.34667,124.142,107.008,89.146,55.633,38.327,21.097,10.694,4.085
4.35000,124.346,107.067,89.209,55.677,38.334,21.180,10.760,4.131
4.35333,124.450,107.192,89.313,55.818,38.380,21.172,10.772,4.165
4.35667,124.504,107.242,89.360,55.804,38.443,21.169,10.727,4.177
4.36000,124.588,107.300,89.525,55.807,38.433,21.230,10.803,4.139
4.36333,124.668,107.395,89.604,55.955,38.454,21.255,10.824,4.139
4.36667,124.882,107.585,89.589,56.037,38.483,21.282,10.786,4.158
4.37000,124.953,107.629,89.725,56.080,38.529,21.261,10.771,4.201
4.37333,125.100,107.707,89.771,56.045,38.615,21.320,10.838,4.178
4.37667,125.275,107.902,89.920,56.160,38.630,21.337,10.817,4.150
4.38000,125.307,107.912,90.027,56.233,38.651,21.379,10.818,4.194
4.38333,125.466,108.121,90.075,56.285,38.664,21.316,10.839,4.171
4.38667,125.573,108.140,90.287,56.363,38.726,21.371,10.843,4.171
4.39000,125.770,108.234,90.286,56.349,38.766,21.420,10.939,4.167
4.39333,125.878,108.355,90.346,56.396,38.832,21.377,10.837,4.209
4.39667,125.974,108.523,90.416,56.483,38.851,21.408,10.908,4.214
4.40000,126.150,108.582,90.562,56.534,38.873,21.472,10.922,4.213
4.40333,126.146,108.703,90.612,56.594,38.933,21.485,10.949,4.229
4.40667,126.321,108.766,90.675,56.545,38.963,21.485,10.866,4.237
4.41000,126.480,108.982,90.770,56.687,39.017,21.587,10.893,4.199
4.41333,126.566,108.997,90.868,56.737,38.994,21.524,10.932,4.188
4.41667,126.708,109.140,90.988,56.823,39.029,21.603,10.993,4.214
4.42000,126.862,109.218,91.083,56.827,39.083,21.565,10.931,4.207
4.42333,126.893,109.279,91.073,56.920,39.134,21.667,10.912,4.282
4.42667,127.034,109.442,91.219,56.960,39.141,21.649,10.973,4.191
4.43000,127.157,109.526,91.267,57.048,39.187,21.596,11.034,4.285
4.43333,127.308,109.744,91.462,57.088,39.229,21.637,11.021,4.304
4.43667,127.461,109.721,91.477,57.056,39.270,21.668,11.056,4.302
4.44000,127.561,109.823,91.622,57.244,39.316,21.687,11.060,4.276
4.44333,127.678,109.992,91.668,57.273,39.372,21.676,11.064,4.232
4.44667,127.810,110.019,91.805,57.354,39.439,21.702,11.053,4.313
4.45000,127.953,110.197,91.810,57.353,39.443,21.721,11.086,4.295
4.45333,128.069,110.264,91.926,57.480,39.542,21.777,11.066,4.269
4.45667,128.111,110.368,91.991,57.511,39.509,21.795,11.097,4.296
4.46000,128.351,110.492,92.111,57.488,39.479,21.829,11.095,4.327
4.46333,128.400,110.545,92.195,57.602,39.543,21.838,11.081,4.333
4.46667,128.497,110.726,92.346,57.677,39.614,21.865,11.076,4.309
4.47000,128.634,110.765,92.321,57.644,39.662,21.913,11.111,4.240
4.47333,128.692,110.853,92.462,57.760,39.772,21.875,11.142,4.257
4.47667,128.835,110.955,92.517,57.772,39.765,21.945,11.148,4.342
4.48000,129.017,111.050,92.680,57.928,39.730,21.931,11.149,4.280
4.48333,129.149,111.180,92.692,57.871,39.749,21.955,11.128,4.346
4.48667,129.292,111.278,92.780,57.969,39.763,21.962,11.184,4.251
4.49000,129.360,111.402,92.900,58.023,39.849,21.993,11.214,4.317
4.49333,129.566,111.472,92.942,58.072,39.942,22.014,11.213,4.359
4.49667,129.551,111.637,93.100,58.078,39.937,22.045,11.197,4.302
4.50000,129.756,111.642,93.152,58.227,40.024,22.012,11.246,4.360
4.50333,129.848,111.853,93.260,58.229,40.065,22.071,11.199,4.370
4.50667,130.005,111.881,93.419,58.288,40.034,22.146,11.302,4.348
4.51000,130.077,112.043,93.431,58.325,40.121,22.078,11.274,4.332
4.51333,130.305,112.196,93.492,58.396,40.143,22.051,11.313,4.337
4.51667,130.300,112.208,93.636,58.437,40.192,22.175,11.322,4.387
4.52000,130.527,112.347,93.692,58.482,40.229,22.153,11.294,4.362
4.52333,130.629,112.402,93.825,58.602,40.241,22.227,11.294,4.371
4.52667,130.716,112.599,93.861,58.616,40.306,22.263,11.345,4.338
4.53000,130.800,112.681,93.990,58.662,40.299,22.233,11.344,4.381
4.53333,130.929,112.826,94.078,58.753,40.356,22.289,11.348,4.396
4.53667,131.072,112.895,94.150,58.725,40.378,22.281,11.387,4.395
4.54000,131.292,113.021,94.214,58.822,40.492,22.311,11.474,4.428
4.54333,131.359,113.088,94.336,58.942,40.439,22.286,11.383,4.393
4.54667,131.405,113.202,94.402,58.944,40.476,22.365,11.404,4.453
4.55000,131.632,113.264,94.373,59.015,40.567,22.353,11.429,4.453
4.55333,131.717,113.465,94.633,59.065,40.650,22.351,11.442,4.427
4.55667,131.877,113.547,94.643,59.209,40.633,22.369,11.421,4.491
4.56000,131.953,113.633,94.802,59.152,40.667,22.457,11.421,4.449
4.56333,132.113,113.691,94.863,59.165,40.670,22.501,11.433,4.422
4.56667,132.187,113.789,94.969,59.278,40.732,22.477,11.443,4.396
4.57000,132.289,113.945,95.011,59.320,40.783,22.492,11.498,4.488
4.57333,132.413,114.078,95.085,59.362,40.794,22.534,11.482,4.442
4.57667,132.600,114.073,95.198,59.434,40.801,22.518,11.485,4.438
4.58000,132.660,114.265,95.283,59.519,40.883,22.602,11.493,4.451
4.58333,132.858,114.365,95.386,59.564,40.859,22.568,11.447,4.415
4.58667,132.878,114.507,95.430,59.615,40.945,22.571,11.582,4.517
4.59000,133.117,114.596,95.502,59.670,40.987,22.610,11.501,4.526
4.59333,133.173,114.651,95.590,59.750,41.086,22.692,11.548,4.490
4.59667,133.277,114.801,95.780,59.816,41.015,22.793,11.528,4.433
4.60000,133.532,114.851,95.801,59.856,41.128,22.700,11.576,4.491
4.60333,133.517,115.014,95.851,59.906,41.107,22.713,11.617,4.511
4.60667,133.681,115.086,95.969,59.907,41.137,22.634,11.566,4.528
4.61000,133.818,115.177,96.151,60.012,41.191,22.776,11.637,4.428
4.61333,133.955,115.312,96.175,60.097,41.244,22.788,11.651,4.546
4.61667,134.050,115.443,96.263,60.138,41.287,22.797,11.675,4.455
4.62000,134.201,115.495,96.346,60.206,41.318,22.790,11.694,4.467
4.62333,134.321,115.626,96.455,60.236,41.350,22.860,11.698,4.529
4.62667,134.442,115.727,96.569,60.255,41.346,22.885,11.649,4.550
4.63000,134.558,115.841,96.656,60.339,41.409,22.853,11.695,4.517
4.63333,134.684,115.967,96.654,60.441,41.411,22.863,11.649,4.514
4.63667,134.800,116.023,96.819,60.461,41.470,22.824,11.648,4.590
4.64000,134.922,116.151,96.884,60.484,41.515,22.965,11.714,4.545
4.64333,134.984,116.246,97.046,60.655,41.566,22.970,11.672,4.556
4.64667,135.187,116.335,97.074,60.659,41.588,22.962,11.719,4.538
4.65000,135.269,116.389,97.179,60.652,41.625,22.922,11.750,4.591
4.65333,135.363,116.531,97.217,60.736,41.656,23.005,11.786,4.607
4.65667,135.559,116.663,97.414,60.832,41.690,22.990,11.747,4.616
4.66000,135.628,116.764,97.445,60.775,41.810,23.030,11.760,4.573
4.66333,135.742,116.914,97.477,60.879,41.786,23.043,11.793,4.644
4.66667,135.841,117.049,97.497,60.968,41.852,22.992,11.745,4.642
4.67000,136.049,117.075,97.697,60.919,41.853,23.109,11.771,4.585
4.67333,136.079,117.174,97.768,61.072,41.863,23.182,11.834,4.562
4.67667,136.175,117.342,97.871,61.055,41.893,23.105,11.860,4.614
4.68000,136.363,117.342,97.954,61.145,41.952,23.128,11.885,4.610
4.68333,136.514,117.465,98.040,61.181,42.059,23.152,11.864,4.567
4.68667,136.621,117.629,98.137,61.195,41.988,23.174,11.870,4.610
4.69000,136.650,117.727,98.160,61.382,42.109,23.249,11.930,4.624
4.69333,136.901,117.827,98.310,61.351,42.109,23.227,11.890,4.597
4.69667,137.018,117.911,98.370,61.463,42.237,23.252,11.939,4.617
4.70000,137.070,118.088,98.524,61.461,42.265,23.302,11.898,4.622
4.70333,137.245,118.147,98.577,61.576,42.262,23.281,11.837,4.657
4.70667,137.326,118.238,98.649,61.595,42.280,23.323,11.964,4.699
4.71000,137.485,118.338,98.809,61.657,42.315,23.349,11.922,4.647
4.71333,137.624,118.396,98.873,61.700,42.379,23.369,11.880,4.698
4.71667,137.710,118.601,98.893,61.776,42.400,23.296,11.879,4.667
4.72000,137.784,118.651,99.027,61.893,42.415,23.385,11.926,4.683
4.72333,137.976,118.834,99.151,61.890,42.407,23.471,11.970,4.656
4.72667,138.109,118.891,99.167,61.923,42.497,23.493,11.984,4.665
4.73000,138.225,118.898,99.308,62.055,42.460,23.447,12.026,4.684
4.73333,138.414,119.049,99.356,62.030,42.583,23.480,12.004,4.693
4.73667,138.517,119.165,99.422,62.107,42.689,23.529,12.035,4.731
4.74000,138.552,119.220,99.539,62.175,42.652,23.483,12.042,4.598
4.74333,138.742,119.363,99.611,62.221,42.686,23.600,12.081,4.733
4.74667,138.848,119.484,99.737,62.214,42.751,23.511,12.037,4.670
4.75000,138.925,119.560,99.833,62.274,42.729,23.583,12.052,4.683
4.75333,139.044,119.684,99.896,62.402,42.825,23.614,12.081,4.709
4.75667,139.218,119.817,99.974,62.439,42.814,23.647,12.085,4.747
4.76000,139.325,119.897,100.070,62.491,42.881,23.636,12.058,4.710
4.76333,139.454,120.062,100.161,62.534,42.979,23.635,12.150,4.712
4.76667,139.516,120.103,100.271,62.660,42.990,23.716,12.078,4.772
4.77000,139.673,120.280,100.376,62.688,42.939,23.719,12.106,4.656
4.77333,139.829,120.312,100.450,62.728,43.017,23.745,12.088,4.749
4.77667,139.942,120.442,100.571,62.819,43.056,23.801,12.183,4.788
4.78000,140.087,120.630,100.588,62.837,43.081,23.712,12.178,4.787
4.78333,140.181,120.658,100.651,62.869,43.093,23.730,12.165,4.789
4.78667,140.250,120.753,100.779,62.894,43.236,23.815,12.177,4.718
4.79000,140.446,120.851,100.925,62.993,43.142,23.857,12.225,4.800
4.79333,140.533,120.986,100.992,63.097,43.196,23.824,12.257,4.814
4.79667,140.639,121.055,101.042,63.121,43.249,23.921,12.245,4.768
4.80000,140.831,121.189,101.124,63.126,43.323,23.929,12.125,4.763
4.80333,140.935,121.322,101.207,63.156,43.391,23.879,12.276,4.779
4.80667,141.007,121.434,101.325,63.255,43.401,23.960,12.207,4.827
4.81000,141.189,121.460,101.389,63.319,43.418,23.968,12.277,4.832
4.81333,141.296,121.593,101.517,63.424,43.501,23.945,12.283,4.884
4.81667,141.392,121.739,101.558,63.449,43.512,24.020,12.279,4.819
4.82000,141.563,121.843,101.712,63.547,43.541,24.001,12.322,4.793
4.82333,141.589,121.910,101.746,63.566,43.645,24.061,12.302,4.794
4.82667,141.780,122.023,101.838,63.597,43.594,24.090,12.338,4.816
4.83000,141.862,122.160,101.913,63.679,43.670,24.078,12.346,4.792
4.83333,142.020,122.230,102.047,63.726,43.737,24.082,12.357,4.856
4.83667,142.175,122.316,102.160,63.806,43.691,24.140,12.401,4.876
4.84000,142.236,122.397,102.248,63.817,43.710,24.153,12.325,4.826
4.84333,142.362,122.526,102.276,63.915,43.758,24.258,12.412,4.882
4.84667,142.464,122.648,102.430,63.951,43.872,24.210,12.417,4.881
4.85000,142.684,122.746,102.434,63.976,43.829,24.186,12.451,4.864
4.85333,142.809,122.873,102.513,64.075,43.876,24.205,12.426,4.855
4.85667,142.889,122.934,102.661,64.098,43.862,24.250,12.430,4.887
4.86000,143.001,123.066,102.732,64.212,43.986,24.300,12.427,4.924
4.86333,143.203,123.215,102.797,64.247,44.058,24.334,12.473,4.916
4.86667,143.214,123.232,102.902,64.295,44.084,24.254,12.406,4.878
4.87000,143.387,123.375,102.946,64.286,44.068,24.365,12.370,4.898
4.87333,143.478,123.467,103.040,64.396,44.159,24.292,12.388,4.904
4.87667,143.597,123.608,103.203,64.452,44.177,24.329,12.455,4.977
4.88000,143.731,123.645,103.303,64.485,44.209,24.370,12.535,4.910
4.88333,143.874,123.789,103.378,64.555,44.225,24.437,12.436,4.951
4.88667,143.994,123.959,103.484,64.638,44.285,24.387,12.545,4.893
4.89000,144.096,123.942,103.452,64.677,44.251,24.445,12.562,4.891
4.89333,144.195,124.082,103.665,64.758,44.325,24.380,12.542,4.941
4.89667,144.299,124.229,103.716,64.727,44.394,24.464,12.601,4.954
4.90000,144.508,124.307,103.768,64.860,44.411,24.488,12.555,4.988
4.90333,144.609,124.398,103.833,64.869,44.415,24.555,12.579,4.920
4.90667,144.706,124.449,103.913,64.978,44.502,24.586,12.571,4.912
4.91000,144.837,124.620,104.000,64.952,44.524,24.580,12.608,4.970
4.91333,144.901,124.760,104.150,65.056,44.595,24.642,12.627,4.922
4.91667,145.062,124.809,104.189,65.124,44.604,24.498,12.689,4.949
4.92000,145.219,125.013,104.298,65.156,44.646,24.645,12.661,4.938
4.92333,145.369,125.054,104.354,65.274,44.705,24.674,12.627,4.999
4.92667,145.495,125.168,104.509,65.240,44.683,24.638,12.718,5.016
4.93000,145.565,125.214,104.546,65.302,44.731,24.707,12.637,5.034
4.93333,145.675,125.305,104.587,65.326,44.795,24.670,12.668,4.999
4.93667,145.826,125.460,104.758,65.429,44.767,24.729,12.663,5.033
4.94000,145.878,125.617,104.821,65.520,44.832,24.751,12.750,4.983
4.94333,146.016,125.695,104.953,65.599,44.893,24.757,12.751,5.006
4.94667,146.168,125.767,104.992,65.569,44.983,24.734,12.822,5.052
4.95000,146.269,125.876,105.123,65.685,44.941,24.815,12.733,4.980
4.95333,146.461,125.991,105.230,65.703,45.009,24.840,12.761,5.025
4.95667,146.556,126.127,105.302,65.764,45.023,24.855,12.724,4.988
4.96000,146.683,126.210,105.436,65.810,45.105,24.849,12.764,4.990
4.96333,146.801,126.312,105.487,65.919,45.156,24.903,12.776,5.015
4.96667,146.957,126.449,105.591,66.003,45.167,24.934,12.821,5.033
4.97000,147.047,126.523,105.651,66.025,45.247,24.909,12.817,5.111
4.97333,147.153,126.583,105.738,66.110,45.206,24.998,12.834,5.003
4.97667,147.295,126.775,105.840,66.072,45.251,24.925,12.776,5.053
4.98000,147.428,126.860,105.871,66.233,45.346,24.946,12.824,5.113
4.98333,147.498,126.914,106.035,66.180,45.335,24.977,12.827,5.070
4.98667,147.594,127.039,106.074,66.277,45.371,25.059,12.842,5.074
4.99000,147.730,127.142,106.211,66.315,45.418,25.021,12.882,5.081
4.99333,147.899,127.241,106.192,66.379,45.502,25.112,12.878,5.083
4.99667,147.950,127.329,106.345,66.415,45.448,25.085,12.908,5.103
5.00000,148.126,127.468,106.443,66.476,45.561,25.108,12.878,5.145
5.00333,148.269,127.534,106.558,66.545,45.566,25.078,12.864,5.086
5.00667,148.400,127.625,106.618,66.567,45.541,25.115,12.973,5.103
5.01000,148.488,127.795,106.758,66.606,45.619,25.168,12.946,5.132
5.01333,148.633,127.870,106.801,66.732,45.643,25.228,12.960,5.068
5.01667,148.727,127.952,106.887,66.818,45.728,25.181,12.973,5.117
5.02000,148.879,128.069,106.973,66.791,45.786,25.290,12.986,5.023
5.02333,148.968,128.174,106.957,66.795,45.721,25.237,12.963,5.052
5.02667,149.143,128.294,107.149,66.970,45.811,25.265,13.041,5.111
5.03000,149.174,128.407,107.259,66.979,45.836,25.228,12.933,5.079
5.03333,149.404,128.454,107.300,66.977,45.936,25.350,13.051,5.150
5.03667,149.495,128.534,107.410,67.038,45.936,25.335,12.992,5.160
5.04000,149.615,128.677,107.474,67.102,45.995,25.419,12.965,5.132
5.04333,149.688,128.795,107.602,67.203,46.038,25.471,12.951,5.152
5.04667,149.800,128.895,107.661,67.280,46.054,25.377,13.042,5.195
5.05000,150.005,128.934,107.809,67.346,46.120,25.484,13.073,5.175
5.05333,150.032,129.213,107.853,67.338,46.133,25.447,13.049,5.142
5.05667,150.161,129.258,107.952,67.464,46.106,25.493,13.117,5.157
5.06000,150.331,129.364,108.089,67.486,46.194,25.501,13.124,5.196
5.06333,150.429,129.433,108.090,67.471,46.186,25.566,13.106,5.177
5.06667,150.572,129.529,108.186,67.579,46.350,25.478,13.097,5.203
5.07000,150.643,129.612,108.267,67.567,46.263,25.541,13.162,5.217
5.07333,150.692,129.704,108.294,67.669,46.333,25.535,13.131,5.183
5.07667,150.911,129.847,108.444,67.713,46.346,25.558,13.144,5.208
5.08000,151.013,129.979,108.532,67.721,46.398,25.631,13.173,5.172
5.08333,151.152,130.119,108.593,67.886,46.383,25.629,13.154,5.194
5.08667,151.263,130.107,108.727,67.878,46.468,25.642,13.148,5.194
5.09000,151.418,130.298,108.802,67.970,46.485,25.678,13.247,5.209
5.09333,151.609,130.344,108.913,68.083,46.625,25.622,13.206,5.221
5.09667,151.623,130.528,108.990,67.946,46.610,25.662,13.275,5.259
5.10000,151.773,130.581,109.054,68.088,46.641,25.693,13.261,5.250
5.10333,151.858,130.699,109.143,68.160,46.647,25.704,13.263,5.163
5.10667,152.086,130.810,109.295,68.296,46.637,25.753,13.281,5.296
5.11000,152.153,130.874,109.369,68.328,46.781,25.740,13.242,5.232
5.11333,152.254,130.897,109.399,68.398,46.733,25.801,13.209,5.273
5.11667,152.373,131.086,109.488,68.414,46.801,25.812,13.305,5.231
5.12000,152.526,131.231,109.582,68.444,46.877,25.852,13.298,5.214
5.12333,152.590,131.208,109.678,68.605,46.896,25.877,13.257,5.248
5.12667,152.733,131.388,109.751,68.556,46.931,25.845,13.349,5.240
5.13000,152.859,131.545,109.804,68.632,46.980,25.939,13.335,5.360
5.13333,153.002,131.613,109.940,68.684,46.990,25.920,13.310,5.266
5.13667,153.105,131.684,109.971,68.720,46.993,25.923,13.355,5.265
5.14000,153.182,131.831,110.136,68.697,47.006,25.937,13.348,5.226
5.14333,153.301,131.996,110.226,68.832,47.112,25.924,13.364,5.261
5.14667,153.417,132.016,110.307,68.888,47.143,26.051,13.372,5.355
5.15000,153.610,132.108,110.394,68.906,47.178,26.006,13.362,5.317
5.15333,153.635,132.252,110.427,69.050,47.234,26.033,13.364,5.286
5.15667,153.842,132.376,110.566,69.060,47.233,26.054,13.413,5.360
5.16000,153.974,132.431,110.638,69.124,47.230,26.101,13.455,5.324
5.16333,154.062,132.570,110.735,69.127,47.369,26.105,13.455,5.317
5.16667,154.227,132.712,110.758,69.225,47.312,26.129,13.394,5.309
5.17000,154.293,132.761,110.910,69.350,47.386,26.138,13.481,5.385
5.17333,154.437,132.840,110.943,69.329,47.421,26.114,13.428,5.332
5.17667,154.580,132.924,111.045,69.372,47.489,26.169,13.493,5.387
5.18000,154.644,132.992,111.139,69.457,47.505,26.197,13.450,5.344
5.18333,154.754,133.139,111.222,69.467,47.537,26.246,13.539,5.357
5.18667,154.900,133.261,111.320,69.548,47.576,26.218,13.485,5.307
5.19000,155.039,133.354,111.393,69.659,47.659,26.260,13.533,5.410
5.19333,155.206,133.507,111.550,69.675,47.632,26.286,13.487,5.288
5.19667,155.332,133.552,111.613,69.761,47.652,26.318,13.576,5.354
5.20000,155.356,133.710,111.668,69.711,47.724,26.339,13.572,5.340
5.20333,155.474,133.792,111.753,69.882,47.765,26.330,13.544,5.398
5.20667,155.644,133.912,111.811,69.880,47.769,26.349,13.580,5.387
5.21000,155.803,133.977,111.990,69.947,47.799,26.438,13.574,5.424
5.21333,155.822,134.088,112.036,69.954,47.876,26.362,13.563,5.356
5.21667,156.003,134.209,112.103,70.056,47.938,26.438,13.606,5.370
5.22000,156.070,134.307,112.163,70.034,47.921,26.444,13.528,5.402
5.22333,156.221,134.410,112.226,70.165,48.042,26.451,13.645,5.426
5.22667,156.354,134.467,112.342,70.187,47.996,26.456,13.625,5.370
5.23000,156.489,134.594,112.470,70.297,48.038,26.518,13.710,5.451
5.23333,156.627,134.653,112.518,70.332,48.022,26.530,13.624,5.411
5.23667,156.712,134.800,112.678,70.334,48.122,26.546,13.687,5.392
5.24000,156.854,134.942,112.705,70.406,48.155,26.552,13.628,5.516
5.24333,156.920,135.057,112.799,70.510,48.183,26.628,13.634,5.436
5.24667,157.027,135.133,112.871,70.507,48.233,26.605,13.665,5.513
5.25000,157.207,135.210,113.010,70.604,48.239,26.644,13.744,5.460
5.25333,157.319,135.313,113.088,70.655,48.290,26.700,13.728,5.469
5.25667,157.441,135.431,113.126,70.798,48.351,26.672,13.738,5.524
5.26000,157.608,135.555,113.199,70.700,48.446,26.675,13.775,5.463
5.26333,157.649,135.563,113.355,70.743,48.380,26.703,13.768,5.482
5.26667,157.765,135.775,113.420,70.873,48.461,26.657,13.792,5.509
5.27000,157.853,135.837,113.562,70.919,48.483,26.740,13.791,5.459
5.27333,158.031,135.958,113.572,70.918,48.496,26.746,13.770,5.460
5.27667,158.222,136.028,113.653,71.077,48.579,26.831,13.829,5.500
5.28000,158.299,136.132,113.778,71.066,48.658,26.863,13.859,5.551
5.28333,158.318,136.307,113.823,71.167,48.664,26.849,13.794,5.520
5.28667,158.481,136.356,113.866,71.154,48.619,26.832,13.810,5.551
5.29000,158.638,136.451,114.027,71.253,48.704,26.840,13.789,5.512
5.29333,158.781,136.511,114.124,71.333,48.704,26.850,13.892,5.555
5.29667,158.887,136.623,114.250,71.401,48.827,26.902,13.836,5.544
5.30000,159.037,136.775,114.265,71.469,48.804,26.963,13.959,5.498
5.30333,159.139,136.861,114.390,71.600,48.895,26.921,13.976,5.506
5.30667,159.283,137.057,114.492,71.677,48.859,26.974,13.891,5.475
5.31000,159.367,137.080,114.664,71.803,49.004,26.994,13.906,5.482
5.31333,159.585,137.302,114.782,71.934,49.051,27.047,13.963,5.540
5.31667,159.668,137.378,114.892,72.139,49.099,26.985,13.939,5.546
5.32000,159.864,137.542,115.149,72.346,49.230,27.102,13.949,5.548
5.32333,159.998,137.816,115.315,72.658,49.324,27.068,13.981,5.553
5.32667,160.272,137.974,115.629,73.058,49.544,27.093,13.959,5.513
5.33000,160.556,138.285,115.937,73.520,49.607,27.167,13.976,5.593
5.33333,160.844,138.574,116.382,74.226,49.911,27.195,13.977,5.532
5.33667,161.217,138.953,116.893,75.038,50.205,27.151,14.021,5.588
5.34000,161.624,139.391,117.609,76.129,50.590,27.209,13.987,5.634
5.34333,162.171,139.956,118.385,77.558,51.073,27.321,14.012,5.616
5.34667,162.792,140.629,119.477,79.345,51.766,27.334,13.985,5.665
5.35000,163.634,141.573,120.873,81.732,52.540,27.376,14.141,5.638
5.35333,164.652,142.685,122.556,84.680,53.612,27.471,14.196,5.547
5.35667,165.866,144.088,124.721,88.473,54.893,27.544,14.136,5.624
5.36000,167.342,145.755,127.468,93.139,56.525,27.695,14.168,5.675
5.36333,169.216,147.955,130.713,98.962,58.462,27.821,14.211,5.677
5.36667,171.396,150.477,134.748,106.117,61.060,27.984,14.208,5.737
5.37000,174.153,153.697,139.850,114.879,63.940,28.148,14.319,5.738
5.37333,177.407,157.482,145.763,125.573,67.627,28.365,14.420,5.667
5.37667,181.366,162.045,152.997,138.296,72.023,28.671,14.499,5.792
5.38000,186.049,167.390,161.601,153.664,77.239,29.012,14.578,5.702
5.38333,191.485,173.831,171.705,171.758,83.485,29.406,14.654,5.696
5.38667,197.998,181.406,183.741,192.952,90.772,29.836,14.742,5.787
5.39000,205.520,190.113,197.651,217.644,99.210,30.432,14.854,5.749
5.39333,214.219,200.217,213.642,246.188,109.091,30.964,15.051,5.891
5.39667,224.136,211.791,232.093,278.917,120.260,31.633,15.208,5.891
5.40000,235.364,224.906,252.965,315.864,133.001,32.397,15.437,5.912
5.40333,248.076,239.708,276.469,357.484,147.456,33.287,15.642,5.926
5.40667,262.249,256.170,302.630,403.724,163.342,34.181,15.950,5.989
5.41000,277.898,274.343,331.605,454.713,181.145,35.302,16.227,6.026
5.41333,294.941,294.254,363.163,510.308,200.573,36.551,16.473,6.107
5.41667,313.604,316.047,397.496,570.292,221.722,37.835,16.786,6.202
5.42000,333.582,339.341,434.501,634.276,244.506,39.211,17.175,6.273
5.42333,354.867,364.032,473.609,701.624,268.702,40.536,17.491,6.286
5.42667,377.409,390.128,514.856,771.905,294.342,42.119,17.860,6.486
5.43000,400.916,417.576,557.785,843.905,321.039,43.779,18.287,6.485
5.43333,425.146,445.799,601.825,916.787,348.681,45.471,18.736,6.581
5.43667,449.980,474.667,646.731,989.281,376.918,47.162,19.208,6.699
5.44000,475.056,503.739,691.819,1060.318,405.496,48.933,19.553,6.826
5.44333,500.101,532.824,736.584,1128.499,434.072,50.585,20.048,6.875
5.44667,524.848,561.441,780.324,1192.749,462.194,52.411,20.525,6.914
5.45000,548.836,589.319,822.665,1252.092,489.601,54.111,20.928,7.051
5.45333,571.921,616.069,862.792,1305.655,515.876,55.696,21.358,7.132
5.45667,593.732,641.120,900.328,1353.229,540.720,57.190,21.771,7.246
5.46000,613.892,664.424,934.723,1394.412,563.653,58.695,22.130,7.355
5.46333,632.265,685.544,965.692,1429.253,584.579,59.935,22.448,7.339
5.46667,648.429,704.270,992.658,1458.162,602.955,61.110,22.697,7.512
5.47000,662.330,720.162,1015.670,1481.374,618.763,62.118,22.958,7.452
5.47333,673.758,733.271,1034.358,1499.451,631.646,62.890,23.225,7.544
5.47667,682.594,743.459,1048.718,1512.814,641.724,63.541,23.420,7.583
5.48000,688.793,750.503,1058.648,1521.759,648.635,64.064,23.456,7.582
5.48333,692.215,754.406,1064.079,1526.525,652.539,64.308,23.475,7.541
5.48667,692.989,755.306,1065.295,1527.501,653.338,64.353,23.593,7.617
5.49000,691.171,753.098,1062.148,1524.731,651.190,64.190,23.520,7.611
5.49333,686.776,748.026,1054.957,1518.243,646.033,63.931,23.516,7.563
5.49667,679.964,740.241,1043.692,1507.965,638.231,63.351,23.352,7.525
5.50000,670.945,729.769,1028.832,1493.859,627.733,62.893,23.278,7.572
5.50333,659.791,717.002,1010.468,1475.756,615.019,62.057,23.006,7.504
5.50667,646.908,702.053,988.835,1453.583,600.148,61.113,22.797,7.454
5.51000,632.424,685.244,964.317,1427.065,583.503,60.155,22.584,7.457
5.51333,616.499,666.912,937.303,1396.395,565.121,59.048,22.343,7.351
5.51667,599.436,647.154,907.944,1361.533,545.539,57.783,21.987,7.395
5.52000,581.562,626.349,877.024,1322.840,524.985,56.607,21.679,7.271
5.52333,562.877,604.888,844.648,1280.294,503.621,55.219,21.372,7.203
5.52667,543.914,582.753,811.145,1234.492,481.769,53.940,21.029,7.154
5.53000,524.613,560.395,777.015,1186.168,459.689,52.676,20.672,7.072
5.53333,505.396,538.094,742.729,1135.588,437.501,51.332,20.380,6.936
5.53667,486.261,515.868,708.439,1083.674,415.674,49.988,20.106,6.920
5.54000,467.563,493.916,674.548,1030.876,394.052,48.731,19.761,6.904
5.54333,449.172,472.567,641.301,977.911,372.990,47.463,19.450,6.837
5.54667,431.284,451.823,608.847,925.254,352.559,46.254,19.120,6.803
5.55000,414.188,431.794,577.390,873.467,332.801,45.102,18.897,6.745
5.55333,397.731,412.588,547.257,823.143,313.930,43.943,18.621,6.684
5.55667,382.045,394.229,518.319,774.191,295.893,42.851,18.349,6.614
5.56000,367.130,376.853,490.756,727.289,278.771,41.903,18.159,6.523
5.56333,353.013,360.373,464.657,682.439,262.493,40.990,17.796,6.564
5.56667,339.708,344.850,440.003,639.798,247.261,40.045,17.626,6.463
5.57000,327.264,330.281,416.891,599.486,232.900,39.199,17.504,6.482
5.57333,315.567,316.604,394.971,561.453,219.431,38.399,17.226,6.370
5.57667,304.610,303.767,374.599,525.675,206.852,37.696,17.066,6.362
5.58000,294.415,291.854,355.712,492.199,195.102,37.019,16.891,6.422
5.58333,284.955,280.774,337.925,460.906,184.259,36.343,16.770,6.344
5.58667,276.159,270.421,321.471,431.850,174.097,35.808,16.623,6.283
5.59000,267.991,260.941,306.203,404.719,164.691,35.261,16.486,6.298
5.59333,260.545,252.105,291.999,379.584,155.954,34.751,16.339,6.242
5.59667,253.533,243.891,278.935,356.275,147.947,34.361,16.235,6.238
5.60000,247.070,236.373,266.799,334.591,140.517,33.974,16.118,6.260
5.60333,241.142,229.411,255.503,314.639,133.607,33.558,16.081,6.191
5.60667,235.698,222.937,245.164,296.136,127.264,33.101,16.029,6.187
5.61000,230.569,217.037,235.648,278.954,121.458,32.870,15.887,6.171
5.61333,225.951,211.514,226.804,263.263,116.009,32.489,15.791,6.185
5.61667,221.711,206.495,218.747,248.680,110.991,32.243,15.752,6.177
5.62000,217.775,201.915,211.206,235.280,106.410,31.936,15.697,6.145
5.62333,214.134,197.614,204.416,222.814,102.206,31.747,15.621,6.127
5.62667,210.817,193.661,198.031,211.404,98.328,31.575,15.569,6.074
5.63000,207.697,190.072,192.117,200.914,94.722,31.353,15.554,6.141
5.63333,204.943,186.762,186.760,191.156,91.384,31.071,15.498,6.116
5.63667,202.385,183.675,181.829,182.160,88.385,31.016,15.505,6.128
5.64000,199.980,180.887,177.212,173.934,85.544,30.844,15.422,6.095
5.64333,197.753,178.375,173.102,166.424,82.955,30.748,15.449,6.078
5.64667,195.809,175.947,169.112,159.416,80.618,30.589,15.424,6.088
5.65000,194.008,173.772,165.650,152.955,78.409,30.526,15.350,6.160
5.65333,192.381,171.823,162.375,147.039,76.391,30.349,15.399,6.124
5.65667,190.729,169.964,159.388,141.526,74.562,30.327,15.349,6.094
5.66000,189.368,168.345,156.542,136.512,72.867,30.172,15.309,6.139
5.66333,188.109,166.759,154.107,131.951,71.294,30.159,15.302,6.063
5.66667,186.902,165.371,151.718,127.621,69.874,30.045,15.254,6.144
5.67000,185.902,164.079,149.576,123.732,68.525,29.971,15.333,6.119
5.67333,184.891,162.872,147.605,120.060,67.317,29.942,15.307,6.084
5.67667,183.935,161.803,145.817,116.744,66.182,29.938,15.338,6.111
5.68000,183.148,160.830,144.154,113.667,65.217,29.823,15.297,6.110
5.68333,182.385,159.893,142.632,110.901,64.267,29.793,15.325,6.123
5.68667,181.720,159.092,141.213,108.327,63.375,29.752,15.278,6.106
5.69000,181.058,158.399,139.972,105.969,62.633,29.739,15.271,6.126
5.69333,180.556,157.676,138.786,103.799,61.887,29.735,15.253,6.130
5.69667,180.114,157.024,137.756,101.709,61.213,29.718,15.342,6.234
5.70000,179.552,156.429,136.737,99.987,60.593,29.704,15.353,6.109
5.70333,179.178,155.944,135.898,98.219,59.992,29.693,15.272,6.128
5.70667,178.774,155.510,135.081,96.678,59.463,29.637,15.236,6.089
5.71000,178.509,155.097,134.297,95.244,59.063,29.623,15.311,6.063
5.71333,178.088,154.691,133.614,93.927,58.673,29.616,15.251,6.088
5.71667,177.874,154.344,132.972,92.706,58.212,29.593,15.314,6.149
5.72000,177.654,154.035,132.421,91.574,57.876,29.618,15.284,6.135
5.72333,177.506,153.796,131.908,90.570,57.505,29.655,15.239,6.068
5.72667,177.356,153.584,131.446,89.640,57.222,29.598,15.259,6.134
5.73000,177.110,153.311,131.019,88.729,56.957,29.648,15.332,6.137
5.73333,176.975,153.163,130.592,87.978,56.650,29.656,15.324,6.142
5.73667,176.863,152.956,130.242,87.281,56.479,29.624,15.334,6.142
5.74000,176.833,152.793,129.980,86.608,56.270,29.734,15.341,6.134
5.74333,176.732,152.678,129.641,85.944,56.036,29.714,15.300,6.148
5.74667,176.655,152.515,129.496,85.529,55.933,29.667,15.221,6.121
5.75000,176.633,152.440,129.204,85.039,55.738,29.671,15.250,6.123
5.75333,176.562,152.295,129.018,84.531,55.599,29.671,15.349,6.175
5.75667,176.533,152.299,128.845,84.133,55.482,29.657,15.313,6.213
5.76000,176.502,152.193,128.659,83.672,55.363,29.669,15.365,6.235
5.76333,176.512,152.238,128.478,83.310,55.324,29.706,15.403,6.228
5.76667,176.562,152.161,128.396,82.975,55.200,29.718,15.344,6.144
5.77000,176.569,152.149,128.358,82.681,55.048,29.719,15.416,6.221
5.77333,176.591,152.103,128.190,82.482,54.970,29.836,15.375,6.178
5.77667,176.574,152.115,128.181,82.209,54.996,29.762,15.318,6.181
5.78000,176.638,152.095,128.045,82.022,54.883,29.762,15.403,6.199
5.78333,176.561,152.175,127.984,81.900,54.841,29.773,15.457,6.161
5.78667,176.680,152.147,127.947,81.649,54.791,29.771,15.476,6.225
5.79000,176.738,152.176,127.921,81.558,54.789,29.785,15.430,6.331
5.79333,176.867,152.225,127.900,81.326,54.715,29.800,15.435,6.245
5.79667,176.868,152.243,127.893,81.246,54.663,29.863,15.490,6.211
5.80000,176.938,152.286,127.903,81.175,54.722,29.893,15.409,6.258
5.80333,176.990,152.368,127.863,81.061,54.690,29.845,15.515,6.237
5.80667,177.119,152.385,127.920,80.997,54.648,29.911,15.500,6.228
5.81000,177.077,152.417,127.891,80.923,54.690,29.956,15.522,6.188
5.81333,177.227,152.481,127.909,80.850,54.678,29.842,15.507,6.238
5.81667,177.225,152.530,127.925,80.778,54.671,29.921,15.520,6.218
5.82000,177.322,152.533,127.911,80.725,54.687,29.988,15.545,6.281
5.82333,177.461,152.715,128.013,80.683,54.677,29.950,15.541,6.221
5.82667,177.520,152.750,127.997,80.659,54.682,29.988,15.533,6.237
5.83000,177.686,152.739,128.040,80.611,54.717,30.021,15.588,6.228
5.83333,177.726,152.882,128.079,80.565,54.678,30.019,15.602,6.262
5.83667,177.789,152.990,128.122,80.595,54.719,30.014,15.587,6.197
5.84000,177.931,153.044,128.171,80.589,54.719,30.049,15.606,6.218
5.84333,177.974,153.067,128.230,80.576,54.733,30.117,15.647,6.306
5.84667,178.130,153.229,128.328,80.571,54.754,30.083,15.591,6.397
5.85000,178.176,153.257,128.323,80.622,54.693,30.150,15.654,6.300
5.85333,178.332,153.324,128.388,80.480,54.744,30.100,15.607,6.251
5.85667,178.348,153.390,128.404,80.542,54.807,30.136,15.634,6.349
5.86000,178.537,153.521,128.522,80.600,54.838,30.185,15.591,6.297
5.86333,178.633,153.624,128.570,80.640,54.851,30.181,15.711,6.239
5.86667,178.764,153.590,128.617,80.583,54.861,30.177,15.687,6.308
5.87000,178.796,153.725,128.750,80.629,54.929,30.199,15.662,6.262
5.87333,178.878,153.795,128.748,80.644,54.886,30.193,15.665,6.299
5.87667,179.033,153.922,128.852,80.711,54.905,30.233,15.707,6.266
5.88000,179.117,153.969,128.926,80.743,54.881,30.175,15.715,6.367
5.88333,179.232,154.063,128.956,80.801,54.969,30.323,15.701,6.256
5.88667,179.324,154.161,129.027,80.800,54.971,30.284,15.757,6.285
5.89000,179.519,154.271,129.071,80.841,55.138,30.336,15.768,6.379
5.89333,179.461,154.369,129.194,80.899,55.069,30.338,15.740,6.339
5.89667,179.638,154.477,129.296,80.874,55.141,30.360,15.790,6.338
5.90000,179.754,154.575,129.295,80.918,55.077,30.355,15.783,6.329
5.90333,179.912,154.662,129.427,80.969,55.115,30.398,15.796,6.390
5.90667,179.996,154.705,129.442,80.985,55.208,30.409,15.723,6.362
5.91000,179.998,154.874,129.505,81.047,55.205,30.493,15.797,6.390
5.91333,180.269,154.879,129.681,81.135,55.198,30.375,15.807,6.399
5.91667,180.334,155.012,129.699,81.128,55.247,30.530,15.878,6.373
5.92000,180.399,155.117,129.743,81.108,55.323,30.470,15.811,6.344
5.92333,180.487,155.194,129.862,81.198,55.393,30.496,15.880,6.367
5.92667,180.585,155.309,129.962,81.306,55.365,30.495,15.820,6.363
5.93000,180.769,155.371,129.937,81.309,55.405,30.544,15.880,6.351
5.93333,180.845,155.514,130.095,81.375,55.416,30.548,15.817,6.447
5.93667,180.935,155.586,130.145,81.373,55.500,30.562,15.868,6.412
5.94000,181.123,155.627,130.200,81.441,55.436,30.607,15.869,6.406
5.94333,181.169,155.808,130.231,81.416,55.591,30.580,15.937,6.397
5.94667,181.267,155.814,130.374,81.524,55.471,30.601,15.893,6.401
5.95000,181.370,155.907,130.469,81.559,55.534,30.671,15.971,6.421
5.95333,181.526,155.995,130.588,81.652,55.559,30.655,15.932,6.421
5.95667,181.573,156.102,130.596,81.643,55.641,30.681,15.899,6.474
5.96000,181.705,156.229,130.656,81.699,55.658,30.705,15.930,6.416
5.96333,181.881,156.240,130.773,81.699,55.720,30.723,15.989,6.456
5.96667,181.920,156.419,130.878,81.755,55.723,30.697,15.954,6.403
5.97000,182.078,156.517,130.902,81.866,55.769,30.657,15.959,6.484
5.97333,182.090,156.611,130.997,81.971,55.757,30.806,15.970,6.459
5.97667,182.227,156.631,131.079,81.976,55.854,30.837,16.020,6.437
5.98000,182.371,156.669,131.155,82.025,55.877,30.733,15.997,6.494
5.98333,182.535,156.871,131.292,82.032,55.913,30.776,16.001,6.534
5.98667,182.614,157.000,131.292,82.109,55.959,30.843,16.024,6.476
5.99000,182.669,157.054,131.400,82.136,55.945,30.891,16.025,6.486
5.99333,182.851,157.173,131.517,82.209,56.016,30.915,16.073,6.519
5.99667,182.898,157.275,131.523,82.263,55.956,30.852,16.041,6.494
6.00000,182.983,157.325,131.621,82.270,56.102,30.859,16.092,6.488
6.00333,183.114,157.407,131.678,82.377,56.108,30.960,16.084,6.489
6.00667,183.224,157.495,131.826,82.438,56.168,30.904,16.099,6.478
6.01000,183.260,157.620,131.868,82.426,56.150,30.930,16.014,6.503
6.01333,183.425,157.689,132.013,82.503,56.229,31.032,16.060,6.504
6.01667,183.566,157.738,131.993,82.505,56.201,31.070,16.160,6.459
6.02000,183.680,157.892,132.076,82.582,56.290,31.057,16.124,6.474
6.02333,183.778,158.006,132.160,82.581,56.341,31.013,16.095,6.508
6.02667,183.897,158.052,132.224,82.597,56.330,31.020,16.150,6.562
6.03000,183.988,158.173,132.294,82.753,56.337,31.084,16.273,6.625
6.03333,184.068,158.342,132.388,82.755,56.365,31.144,16.189,6.510
6.03667,184.192,158.407,132.469,82.822,56.402,31.125,16.183,6.557
6.04000,184.308,158.450,132.536,82.862,56.427,31.164,16.192,6.575
6.04333,184.444,158.588,132.653,82.966,56.437,31.138,16.150,6.617
6.04667,184.532,158.632,132.681,82.927,56.478,31.176,16.215,6.523
6.05000,184.624,158.757,132.858,83.041,56.544,31.115,16.179,6.560
6.05333,184.728,158.793,132.822,83.043,56.594,31.165,16.200,6.533
6.05667,184.881,158.907,132.958,83.131,56.640,31.237,16.211,6.536
6.06000,184.997,159.002,133.020,83.103,56.613,31.217,16.270,6.612
6.06333,185.077,159.056,133.066,83.231,56.722,31.220,16.281,6.583
6.06667,185.225,159.178,133.167,83.247,56.749,31.231,16.226,6.598
6.07000,185.234,159.290,133.307,83.331,56.804,31.223,16.222,6.554
6.07333,185.395,159.364,133.344,83.358,56.820,31.271,16.190,6.502
6.07667,185.504,159.436,133.357,83.416,56.791,31.310,16.296,6.553
6.08000,185.645,159.586,133.477,83.488,56.827,31.318,16.316,6.622
6.08333,185.735,159.684,133.635,83.457,56.889,31.373,16.310,6.651
6.08667,185.814,159.791,133.674,83.569,56.890,31.462,16.300,6.591
6.09000,185.943,159.807,133.755,83.578,56.908,31.398,16.322,6.641
6.09333,186.078,159.938,133.818,83.680,57.043,31.426,16.298,6.646
6.09667,186.147,160.013,133.914,83.653,57.072,31.402,16.343,6.607
6.10000,186.257,160.146,133.969,83.703,57.003,31.419,16.338,6.649
6.10333,186.317,160.176,134.050,83.808,57.076,31.455,16.309,6.606
6.10667,186.532,160.335,134.164,83.848,57.167,31.453,16.405,6.702
6.11000,186.524,160.373,134.148,83.910,57.119,31.510,16.379,6.573
6.11333,186.711,160.403,134.330,83.881,57.156,31.495,16.376,6.623
6.11667,186.784,160.542,134.298,83.966,57.152,31.562,16.400,6.659
6.12000,186.872,160.679,134.399,84.048,57.255,31.576,16.423,6.636
6.12333,187.007,160.789,134.565,84.101,57.256,31.565,16.392,6.621
6.12667,187.117,160.822,134.588,84.073,57.259,31.561,16.414,6.643
6.13000,187.200,160.994,134.619,84.145,57.343,31.557,16.396,6.721
6.13333,187.369,160.995,134.681,84.235,57.390,31.622,16.424,6.650
6.13667,187.513,161.098,134.813,84.254,57.364,31.691,16.463,6.679
6.14000,187.500,161.203,134.892,84.250,57.432,31.712,16.449,6.650
6.14333,187.637,161.288,134.991,84.416,57.394,31.698,16.487,6.662
6.14667,187.820,161.449,135.108,84.403,57.516,31.741,16.511,6.673
6.15000,187.861,161.515,135.083,84.490,57.478,31.668,16.530,6.745
6.15333,188.017,161.591,135.201,84.535,57.582,31.733,16.580,6.719
6.15667,188.071,161.688,135.261,84.536,57.577,31.750,16.521,6.690
6.16000,188.150,161.735,135.313,84.621,57.681,31.763,16.509,6.705
6.16333,188.317,161.865,135.483,84.694,57.645,31.796,16.576,6.671
6.16667,188.397,161.842,135.467,84.709,57.710,31.769,16.483,6.652
6.17000,188.528,162.001,135.561,84.775,57.665,31.821,16.556,6.693
6.17333,188.655,162.114,135.663,84.830,57.792,31.823,16.582,6.673
6.17667,188.751,162.266,135.724,84.856,57.858,31.864,16.620,6.756
6.18000,188.788,162.251,135.809,84.904,57.796,31.929,16.559,6.726
6.18333,188.894,162.417,135.878,84.855,57.838,31.941,16.636,6.751
6.18667,189.050,162.446,135.996,84.995,57.763,31.915,16.593,6.723
6.19000,189.145,162.537,136.099,85.059,57.929,31.914,16.626,6.748
6.19333,189.258,162.683,136.197,85.032,57.932,31.995,16.612,6.730
6.19667,189.361,162.744,136.181,85.093,57.972,31.923,16.678,6.703
6.20000,189.515,162.822,136.297,85.230,58.053,31.985,16.742,6.772
6.20333,189.541,162.956,136.385,85.234,58.056,31.976,16.634,6.774
6.20667,189.696,162.955,136.433,85.303,58.090,32.006,16.673,6.727
6.21000,189.756,163.113,136.516,85.321,58.098,32.004,16.667,6.735
6.21333,189.895,163.222,136.573,85.384,58.094,32.052,16.739,6.761
6.21667,190.022,163.335,136.642,85.396,58.166,32.047,16.693,6.781
6.22000,190.088,163.382,136.724,85.483,58.211,32.105,16.736,6.802
6.22333,190.259,163.446,136.857,85.504,58.165,32.085,16.676,6.806
6.22667,190.359,163.505,136.936,85.570,58.254,32.153,16.681,6.754
6.23000,190.452,163.668,137.037,85.690,58.272,32.150,16.753,6.771
6.23333,190.469,163.750,137.013,85.675,58.280,32.167,16.815,6.811
6.23667,190.557,163.881,137.126,85.744,58.340,32.194,16.740,6.765
6.24000,190.729,163.974,137.166,85.728,58.346,32.204,16.809,6.824
6.24333,190.811,163.993,137.244,85.789,58.347,32.177,16.777,6.815
6.24667,190.915,164.077,137.331,85.889,58.425,32.195,16.792,6.843
6.25000,191.041,164.223,137.389,85.942,58.494,32.328,16.787,6.834
6.25333,191.180,164.354,137.556,85.874,58.512,32.241,16.801,6.824
6.25667,191.303,164.379,137.582,85.975,58.606,32.252,16.834,6.817
6.26000,191.405,164.452,137.617,86.049,58.517,32.312,16.858,6.887
6.26333,191.476,164.591,137.777,86.111,58.606,32.356,16.897,6.832
6.26667,191.556,164.637,137.813,86.157,58.655,32.278,16.857,6.850
6.27000,191.715,164.760,137.934,86.226,58.660,32.412,16.828,6.829
6.27333,191.767,164.840,137.990,86.198,58.753,32.439,16.841,6.868
6.27667,191.904,164.929,138.114,86.272,58.738,32.425,16.893,6.839
6.28000,191.951,165.082,138.099,86.284,58.840,32.442,16.926,6.893
6.28333,192.097,165.152,138.207,86.311,58.824,32.423,16.859,6.855
6.28667,192.246,165.181,138.279,86.422,58.869,32.375,16.874,6.867
6.29000,192.328,165.308,138.372,86.512,58.846,32.486,16.905,6.853
6.29333,192.403,165.464,138.398,86.522,58.943,32.493,16.900,6.834
6.29667,192.488,165.503,138.497,86.589,58.939,32.453,16.931,6.874
6.30000,192.602,165.569,138.545,86.559,59.009,32.510,16.981,6.911
6.30333,192.737,165.590,138.634,86.666,58.983,32.568,16.890,6.834
6.30667,192.814,165.713,138.685,86.676,59.023,32.554,16.959,6.874
6.31000,192.948,165.777,138.785,86.772,59.082,32.531,16.939,6.861
6.31333,193.069,165.946,138.880,86.843,59.116,32.643,16.997,6.901
6.31667,193.156,166.021,138.938,86.839,59.141,32.620,17.050,6.943
6.32000,193.277,166.095,139.048,86.850,59.209,32.682,17.028,6.907
6.32333,193.300,166.175,139.065,86.989,59.156,32.590,17.002,6.875
6.32667,193.468,166.333,139.125,86.997,59.250,32.635,17.041,6.961
6.33000,193.533,166.327,139.363,87.045,59.251,32.635,17.034,6.861
6.33333,193.655,166.406,139.335,87.108,59.376,32.658,17.087,6.898
6.33667,193.757,166.550,139.420,87.149,59.214,32.679,17.040,6.934
6.34000,193.852,166.685,139.475,87.201,59.307,32.711,17.043,6.921
6.34333,193.970,166.757,139.566,87.245,59.338,32.811,17.058,6.952
6.34667,194.042,166.806,139.638,87.281,59.400,32.667,17.099,6.983
6.35000,194.254,166.864,139.691,87.312,59.386,32.804,17.068,6.959
6.35333,194.345,166.971,139.790,87.395,59.542,32.806,17.070,7.015
6.35667,194.369,167.140,139.844,87.383,59.520,32.801,17.062,6.911
6.36000,194.533,167.227,139.892,87.445,59.556,32.879,17.066,7.018
6.36333,194.629,167.244,140.070,87.479,59.548,32.815,17.107,6.924
6.36667,194.761,167.323,140.121,87.617,59.607,32.896,17.119,6.960
6.37000,194.863,167.428,140.106,87.593,59.640,32.834,17.130,6.872
6.37333,194.835,167.556,140.222,87.589,59.668,32.869,17.075,6.944
6.37667,194.996,167.659,140.320,87.691,59.640,32.899,17.159,6.995
6.38000,195.074,167.705,140.401,87.725,59.710,32.940,17.173,6.984
6.38333,195.224,167.791,140.412,87.810,59.738,32.934,17.168,6.953
6.38667,195.293,167.871,140.487,87.899,59.839,32.991,17.124,6.940
6.39000,195.445,167.993,140.578,87.938,59.805,32.992,17.149,7.001
6.39333,195.565,168.106,140.689,87.972,59.840,32.998,17.185,7.036
6.39667,195.675,168.164,140.746,88.015,59.876,33.032,17.238,7.029
6.40000,195.735,168.204,140.844,88.037,59.897,33.042,17.228,7.011
6.40333,195.815,168.294,140.887,88.030,59.966,33.040,17.239,6.994
6.40667,195.964,168.516,140.990,88.167,59.976,33.087,17.261,7.025
6.41000,196.043,168.479,141.051,88.182,60.063,33.088,17.314,6.993
6.41333,196.131,168.543,141.099,88.235,60.025,33.093,17.260,7.086
6.41667,196.284,168.668,141.203,88.352,60.064,33.099,17.233,7.041
6.42000,196.343,168.789,141.325,88.329,60.088,33.182,17.311,7.047
6.42333,196.538,168.846,141.322,88.382,60.147,33.175,17.259,7.032
6.42667,196.518,168.894,141.476,88.375,60.170,33.181,17.302,6.983
6.43000,196.703,169.010,141.488,88.434,60.138,33.175,17.301,7.068
6.43333,196.760,169.100,141.538,88.458,60.273,33.199,17.307,7.104
6.43667,196.934,169.185,141.643,88.575,60.303,33.202,17.286,7.097
6.44000,197.015,169.248,141.743,88.599,60.272,33.228,17.291,7.030
6.44333,197.038,169.348,141.818,88.679,60.338,33.264,17.346,7.041
6.44667,197.182,169.452,141.828,88.727,60.356,33.238,17.307,7.051
6.45000,197.315,169.602,141.960,88.717,60.372,33.262,17.329,7.066
6.45333,197.412,169.621,141.958,88.796,60.384,33.312,17.352,7.112
6.45667,197.440,169.761,142.054,88.817,60.454,33.329,17.406,7.095
6.46000,197.659,169.732,142.225,88.897,60.437,33.322,17.374,7.060
6.46333,197.735,169.886,142.236,88.925,60.535,33.399,17.420,7.112
6.46667,197.849,169.998,142.372,89.003,60.524,33.376,17.374,7.104
6.47000,197.916,170.052,142.353,89.019,60.578,33.382,17.418,7.057
6.47333,198.002,170.157,142.492,89.013,60.543,33.419,17.382,7.136
6.47667,198.136,170.278,142.577,89.130,60.627,33.443,17.444,7.043
6.48000,198.181,170.344,142.643,89.157,60.630,33.421,17.432,7.120
6.48333,198.292,170.456,142.708,89.157,60.696,33.413,17.420,7.078
6.48667,198.421,170.544,142.773,89.242,60.703,33.436,17.392,7.076
6.49000,198.583,170.615,142.849,89.287,60.677,33.504,17.435,7.061
6.49333,198.632,170.695,142.855,89.347,60.765,33.552,17.482,7.190
6.49667,198.728,170.770,142.926,89.356,60.859,33.529,17.510,7.154
6.50000,198.862,170.911,143.127,89.410,60.866,33.560,17.506,7.122
6.50333,198.991,170.954,143.126,89.409,60.914,33.501,17.533,7.097
6.50667,199.070,170.982,143.140,89.530,60.870,33.583,17.471,7.103
6.51000,199.140,171.118,143.296,89.624,60.890,33.564,17.533,7.132
6.51333,199.320,171.234,143.335,89.610,60.941,33.586,17.530,7.246
6.51667,199.373,171.282,143.429,89.745,60.969,33.645,17.576,7.163
6.52000,199.426,171.455,143.494,89.711,61.066,33.607,17.584,7.082
6.52333,199.529,171.481,143.584,89.751,61.071,33.626,17.548,7.133
6.52667,199.635,171.615,143.619,89.780,61.112,33.683,17.517,7.211
6.53000,199.743,171.738,143.691,89.817,61.124,33.663,17.568,7.241
6.53333,199.904,171.758,143.756,89.862,61.160,33.719,17.598,7.198
6.53667,199.902,171.853,143.835,89.994,61.146,33.721,17.609,7.165
6.54000,200.047,171.965,143.954,90.003,61.220,33.745,17.650,7.191
6.54333,200.176,171.934,143.974,89.997,61.302,33.745,17.579,7.254
6.54667,200.325,172.074,144.062,90.106,61.229,33.811,17.608,7.203
6.55000,200.326,172.198,144.178,90.188,61.285,33.784,17.676,7.201
6.55333,200.391,172.271,144.200,90.167,61.317,33.784,17.664,7.175
6.55667,200.561,172.380,144.267,90.199,61.283,33.832,17.645,7.274
6.56000,200.669,172.453,144.373,90.246,61.387,33.855,17.626,7.168
6.56333,200.723,172.538,144.411,90.299,61.424,33.840,17.686,7.248
6.56667,200.872,172.597,144.552,90.352,61.427,33.877,17.654,7.240
6.57000,200.951,172.676,144.582,90.334,61.475,33.934,17.690,7.217
6.57333,201.048,172.789,144.627,90.485,61.526,33.906,17.696,7.258
6.57667,201.141,172.860,144.699,90.514,61.559,33.978,17.694,7.191
6.58000,201.294,173.006,144.773,90.490,61.600,33.981,17.712,7.180
6.58333,201.294,173.106,144.845,90.599,61.637,33.972,17.736,7.214
6.58667,201.503,173.161,144.951,90.609,61.681,34.013,17.719,7.248
6.59000,201.622,173.176,145.051,90.645,61.710,33.967,17.817,7.263
6.59333,201.720,173.319,145.099,90.718,61.736,34.039,17.692,7.241
6.59667,201.821,173.384,145.124,90.758,61.695,34.088,17.711,7.205
6.60000,201.923,173.472,145.263,90.784,61.818,34.034,17.835,7.267
6.60333,202.010,173.557,145.346,90.863,61.751,34.076,17.806,7.261
6.60667,202.064,173.668,145.417,90.840,61.775,34.078,17.834,7.211
6.61000,202.199,173.802,145.575,90.955,61.868,34.128,17.826,7.272
6.61333,202.283,173.837,145.521,90.972,61.874,34.210,17.810,7.231
6.61667,202.419,173.955,145.661,91.098,61.939,34.148,17.846,7.248
6.62000,202.456,174.001,145.672,91.072,61.948,34.166,17.838,7.262
6.62333,202.550,174.069,145.790,91.185,61.952,34.177,17.746,7.281
6.62667,202.733,174.228,145.876,91.154,61.973,34.239,17.798,7.227
6.63000,202.806,174.239,145.934,91.212,62.076,34.181,17.812,7.305
6.63333,202.922,174.393,145.963,91.239,62.042,34.260,17.824,7.309
6.63667,203.042,174.450,146.080,91.304,62.081,34.229,17.905,7.259
6.64000,203.078,174.564,146.123,91.368,62.073,34.231,17.849,7.362
6.64333,203.146,174.563,146.119,91.493,62.176,34.310,17.872,7.284
6.64667,203.276,174.672,146.257,91.460,62.169,34.269,17.919,7.216
6.65000,203.381,174.813,146.412,91.482,62.286,34.323,17.944,7.306
6.65333,203.489,174.822,146.421,91.547,62.284,34.329,17.893,7.348
6.65667,203.598,174.971,146.495,91.626,62.233,34.389,17.958,7.347
6.66000,203.693,175.039,146.539,91.636,62.312,34.395,17.946,7.321
6.66333,203.762,175.186,146.633,91.637,62.388,34.365,17.957,7.328
6.66667,203.923,175.233,146.729,91.697,62.386,34.339,17.970,7.300
6.67000,203.995,175.340,146.801,91.747,62.405,34.388,18.037,7.385
6.67333,204.107,175.367,146.857,91.806,62.514,34.369,17.952,7.300
6.67667,204.139,175.497,146.927,91.941,62.463,34.520,17.997,7.344
6.68000,204.260,175.532,146.971,91.921,62.498,34.429,18.018,7.409
6.68333,204.447,175.617,147.114,91.898,62.514,34.387,17.999,7.399
6.68667,204.520,175.742,147.156,92.025,62.570,34.463,17.994,7.412
6.69000,204.536,175.818,147.199,92.079,62.562,34.471,17.979,7.373
6.69333,204.775,175.931,147.303,92.102,62.622,34.488,18.011,7.434
6.69667,204.797,176.057,147.435,92.192,62.639,34.581,18.086,7.402
6.70000,204.942,176.090,147.463,92.172,62.658,34.588,18.003,7.407
6.70333,205.025,176.155,147.444,92.182,62.746,34.567,18.064,7.383
6.70667,205.053,176.235,147.556,92.280,62.744,34.608,17.978,7.362
6.71000,205.253,176.326,147.701,92.310,62.762,34.612,18.075,7.410
6.71333,205.350,176.422,147.705,92.376,62.773,34.673,18.073,7.363
6.71667,205.360,176.564,147.848,92.402,62.834,34.619,18.119,7.411
6.72000,205.486,176.533,147.839,92.490,62.895,34.673,18.137,7.440
6.72333,205.636,176.710,147.965,92.500,62.896,34.692,18.136,7.370
6.72667,205.667,176.775,148.033,92.517,62.915,34.679,18.098,7.414
6.73000,205.819,176.849,148.112,92.578,62.889,34.702,18.148,7.392
6.73333,205.871,176.950,148.208,92.637,62.948,34.765,18.139,7.440
6.73667,206.017,176.999,148.256,92.682,62.996,34.792,18.121,7.441
6.74000,206.157,177.057,148.340,92.740,63.034,34.708,18.222,7.417
6.74333,206.242,177.209,148.357,92.827,63.069,34.790,18.173,7.427
6.74667,206.278,177.317,148.495,92.793,63.132,34.778,18.130,7.439
6.75000,206.423,177.374,148.475,92.892,63.173,34.761,18.225,7.439
6.75333,206.491,177.487,148.660,92.912,63.167,34.784,18.217,7.432
6.75667,206.610,177.475,148.703,92.946,63.180,34.841,18.165,7.451
6.76000,206.731,177.589,148.776,92.938,63.194,34.837,18.248,7.459
6.76333,206.809,177.719,148.819,93.057,63.258,34.850,18.246,7.426
6.76667,206.880,177.735,148.875,93.101,63.301,34.890,18.221,7.456
6.77000,207.010,177.901,148.969,93.138,63.366,34.869,18.277,7.491
6.77333,207.082,177.989,149.067,93.158,63.363,34.961,18.298,7.478
6.77667,207.179,178.142,149.106,93.220,63.423,34.932,18.239,7.468
6.78000,207.353,178.130,149.186,93.261,63.433,35.033,18.309,7.490
6.78333,207.422,178.276,149.199,93.334,63.402,34.999,18.255,7.448
6.78667,207.457,178.318,149.295,93.420,63.485,34.982,18.255,7.478
6.79000,207.557,178.438,149.353,93.494,63.486,34.949,18.305,7.537
6.79333,207.717,178.497,149.525,93.481,63.577,35.036,18.270,7.512
6.79667,207.866,178.547,149.565,93.510,63.487,35.003,18.346,7.435
6.80000,207.912,178.634,149.627,93.568,63.628,35.006,18.287,7.519
6.80333,207.981,178.762,149.658,93.596,63.593,35.077,18.332,7.460
6.80667,208.130,178.836,149.766,93.698,63.684,35.125,18.359,7.507
6.81000,208.231,178.955,149.829,93.757,63.600,35.123,18.366,7.509
6.81333,208.322,178.994,149.942,93.748,63.732,35.086,18.397,7.503
6.81667,208.415,179.122,150.048,93.746,63.757,35.161,18.366,7.540
6.82000,208.534,179.226,150.048,93.831,63.845,35.203,18.377,7.527
6.82333,208.650,179.250,150.098,93.834,63.839,35.107,18.423,7.465
6.82667,208.794,179.294,150.214,93.940,63.852,35.209,18.410,7.529
6.83000,208.847,179.413,150.278,93.920,63.852,35.195,18.464,7.581
6.83333,208.933,179.507,150.317,94.027,63.946,35.246,18.411,7.566
6.83667,209.032,179.573,150.421,94.035,63.956,35.236,18.456,7.540
6.84000,209.101,179.684,150.495,94.091,63.983,35.328,18.435,7.537
6.84333,209.264,179.770,150.559,94.146,63.954,35.246,18.412,7.580
6.84667,209.362,179.831,150.615,94.202,63.995,35.330,18.506,7.577
6.85000,209.424,179.928,150.762,94.304,64.073,35.234,18.456,7.590
6.85333,209.525,180.045,150.712,94.254,64.067,35.397,18.373,7.589
6.85667,209.604,180.137,150.829,94.288,64.054,35.337,18.480,7.541
6.86000,209.673,180.200,150.882,94.378,64.119,35.305,18.526,7.583
6.86333,209.775,180.326,150.871,94.409,64.176,35.417,18.531,7.574
6.86667,209.928,180.382,151.091,94.415,64.202,35.369,18.517,7.535
6.87000,210.082,180.498,151.126,94.555,64.175,35.432,18.514,7.562
6.87333,210.106,180.562,151.248,94.554,64.289,35.395,18.509,7.540
6.87667,210.231,180.657,151.267,94.566,64.315,35.414,18.511,7.573
6.88000,210.319,180.700,151.392,94.647,64.229,35.499,18.485,7.650
6.88333,210.397,180.843,151.391,94.644,64.304,35.490,18.513,7.634
6.88667,210.540,180.873,151.462,94.814,64.355,35.486,18.656,7.593
6.89000,210.593,180.969,151.580,94.779,64.451,35.489,18.588,7.667
6.89333,210.748,181.030,151.569,94.793,64.402,35.509,18.623,7.634
6.89667,210.864,181.148,151.737,94.922,64.493,35.578,18.595,7.608
6.90000,210.947,181.204,151.735,94.877,64.501,35.601,18.632,7.636
6.90333,210.967,181.266,151.850,94.949,64.563,35.595,18.629,7.622
6.90667,211.069,181.371,151.890,94.981,64.557,35.583,18.596,7.560
6.91000,211.234,181.483,152.007,95.086,64.629,35.589,18.641,7.614
6.91333,211.298,181.638,152.086,95.119,64.633,35.613,18.590,7.669
6.91667,211.388,181.620,152.124,95.171,64.610,35.623,18.721,7.707
6.92000,211.530,181.723,152.182,95.158,64.698,35.632,18.631,7.579
6.92333,211.617,181.843,152.285,95.222,64.685,35.657,18.683,7.682
6.92667,211.723,181.842,152.335,95.306,64.736,35.711,18.612,7.699
6.93000,211.824,181.907,152.441,95.315,64.719,35.720,18.582,7.643
6.93333,211.875,182.049,152.487,95.371,64.822,35.766,18.677,7.622
6.93667,211.957,182.195,152.608,95.414,64.864,35.723,18.736,7.649
6.94000,212.118,182.276,152.673,95.410,64.839,35.680,18.658,7.679
6.94333,212.209,182.267,152.779,95.468,64.856,35.748,18.738,7.663
6.94667,212.259,182.423,152.770,95.570,64.873,35.750,18.689,7.633
6.95000,212.432,182.486,152.829,95.528,64.958,35.826,18.782,7.639
6.95333,212.527,182.572,152.857,95.675,64.969,35.770,18.716,7.702
6.95667,212.607,182.697,153.034,95.679,65.036,35.816,18.677,7.648
6.96000,212.660,182.769,153.073,95.740,65.087,35.878,18.749,7.595
6.96333,212.809,182.859,153.049,95.778,65.035,35.803,18.769,7.715
6.96667,212.872,182.916,153.173,95.777,65.101,35.874,18.807,7.669
6.97000,213.000,183.001,153.316,95.817,65.156,35.928,18.767,7.733
6.97333,213.136,183.134,153.337,95.953,65.165,35.978,18.780,7.707
6.97667,213.187,183.202,153.471,95.937,65.193,35.905,18.903,7.682
6.98000,213.315,183.293,153.480,95.971,65.208,35.959,18.801,7.700
6.98333,213.437,183.300,153.533,96.083,65.219,36.006,18.867,7.705
6.98667,213.482,183.487,153.704,96.121,65.344,35.994,18.863,7.732
6.99000,213.576,183.474,153.651,96.187,65.300,36.006,18.852,7.723
6.99333,213.703,183.669,153.809,96.181,65.329,36.004,18.798,7.705
6.99667,213.826,183.650,153.924,96.211,65.376,36.091,18.864,7.735
7.00000,213.921,183.828,153.941,96.293,65.377,36.063,18.880,7.729
7.00333,214.031,183.891,153.944,96.305,65.420,36.101,18.798,7.694
7.00667,214.110,183.960,154.062,96.367,65.480,36.131,18.877,7.795
7.01000,214.165,184.077,154.150,96.367,65.510,36.140,18.926,7.698
7.01333,214.327,184.110,154.296,96.421,65.494,36.155,18.913,7.680
7.01667,214.394,184.232,154.332,96.471,65.547,36.250,18.894,7.750
7.02000,214.479,184.301,154.390,96.570,65.584,36.179,18.924,7.705
7.02333,214.614,184.375,154.430,96.546,65.629,36.208,18.896,7.721
7.02667,214.658,184.464,154.492,96.568,65.614,36.196,18.893,7.765
7.03000,214.759,184.656,154.586,96.658,65.713,36.226,18.951,7.795
7.03333,214.900,184.665,154.692,96.743,65.707,36.280,18.992,7.806
7.03667,214.991,184.768,154.735,96.730,65.806,36.224,18.938,7.793
7.04000,215.130,184.776,154.848,96.755,65.788,36.230,18.989,7.808
7.04333,215.202,184.838,154.899,96.834,65.798,36.271,18.990,7.811
7.04667,215.250,185.014,154.918,96.930,65.780,36.240,18.926,7.792
7.05000,215.375,185.108,155.018,96.962,65.829,36.246,18.953,7.802
7.05333,215.509,185.125,155.099,96.930,65.885,36.326,18.992,7.853
7.05667,215.584,185.268,155.123,97.027,65.944,36.403,19.041,7.857
7.06000,215.678,185.317,155.217,97.050,65.982,36.399,19.004,7.818
7.06333,215.762,185.396,155.218,97.140,65.978,36.391,19.055,7.874
7.06667,215.878,185.489,155.351,97.149,66.012,36.304,19.089,7.809
7.07000,215.955,185.512,155.369,97.270,66.061,36.462,19.052,7.851
7.07333,216.087,185.672,155.548,97.234,66.049,36.419,19.071,7.870
7.07667,216.149,185.726,155.590,97.335,66.106,36.398,19.127,7.821
7.08000,216.327,185.801,155.625,97.303,66.144,36.456,19.090,7.854
7.08333,216.363,185.917,155.746,97.425,66.153,36.449,19.119,7.846
7.08667,216.495,185.931,155.784,97.437,66.204,36.491,19.091,7.839
7.09000,216.587,186.145,155.897,97.472,66.148,36.479,19.113,7.802
7.09333,216.644,186.178,155.950,97.520,66.176,36.510,19.069,7.934
7.09667,216.779,186.289,156.069,97.511,66.235,36.534,19.120,7.888
7.10000,216.905,186.329,156.038,97.571,66.315,36.553,19.132,7.845
7.10333,217.007,186.480,156.161,97.652,66.388,36.557,19.127,7.882
7.10667,217.142,186.542,156.229,97.720,66.377,36.613,19.164,7.881
7.11000,217.113,186.575,156.275,97.751,66.325,36.592,19.164,7.865
7.11333,217.400,186.588,156.333,97.810,66.447,36.677,19.127,7.892
7.11667,217.453,186.756,156.522,97.865,66.489,36.670,19.169,7.879
7.12000,217.502,186.823,156.541,97.847,66.454,36.656,19.190,7.878
7.12333,217.570,186.896,156.597,97.951,66.548,36.715,19.192,7.901
7.12667,217.714,187.007,156.659,97.974,66.623,36.657,19.162,7.899
7.13000,217.862,187.053,156.697,98.008,66.540,36.754,19.220,7.882
7.13333,217.927,187.171,156.824,98.082,66.615,36.679,19.303,7.943
7.13667,217.923,187.349,156.922,98.100,66.671,36.728,19.244,7.943
7.14000,218.082,187.334,157.029,98.211,66.717,36.796,19.240,7.932
7.14333,218.166,187.468,157.005,98.138,66.645,36.781,19.269,7.949
7.14667,218.325,187.504,157.116,98.206,66.751,36.748,19.260,7.924
7.15000,218.422,187.608,157.176,98.288,66.746,36.787,19.284,7.913
7.15333,218.457,187.761,157.154,98.326,66.793,36.828,19.317,7.943
7.15667,218.610,187.789,157.314,98.410,66.775,36.824,19.278,7.987
7.16000,218.679,187.840,157.378,98.466,66.868,36.880,19.312,7.910
7.16333,218.790,187.955,157.489,98.443,66.900,36.910,19.291,7.986
7.16667,218.871,188.059,157.488,98.549,66.979,36.870,19.305,7.920
7.17000,219.007,188.143,157.655,98.583,66.945,36.931,19.374,7.963
7.17333,219.123,188.226,157.642,98.624,66.905,36.908,19.323,7.956
7.17667,219.208,188.318,157.816,98.589,67.007,36.915,19.360,7.974
7.18000,219.254,188.384,157.824,98.729,67.047,36.985,19.340,7.967
7.18333,219.445,188.432,157.831,98.786,67.016,36.917,19.433,8.006
7.18667,219.505,188.636,157.907,98.797,67.131,36.992,19.410,7.983
7.19000,219.652,188.662,158.028,98.815,67.100,37.038,19.392,7.932
7.19333,219.689,188.714,158.108,98.856,67.137,36.988,19.407,7.982
7.19667,219.874,188.808,158.242,98.938,67.216,37.004,19.447,7.938
7.20000,219.951,188.936,158.236,98.920,67.206,37.142,19.511,7.990
7.20333,220.027,188.974,158.352,99.024,67.283,37.135,19.404,7.974
7.20667,220.104,189.054,158.467,99.010,67.254,37.087,19.368,7.964
7.21000,220.110,189.124,158.497,99.027,67.292,37.153,19.478,7.991
7.21333,220.222,189.239,158.555,99.176,67.264,37.117,19.479,7.942
7.21667,220.387,189.392,158.685,99.197,67.380,37.143,19.437,8.008
7.22000,220.452,189.464,158.708,99.228,67.409,37.149,19.470,8.078
7.22333,220.586,189.481,158.773,99.277,67.466,37.172,19.519,8.037
7.22667,220.612,189.592,158.828,99.335,67.482,37.221,19.494,8.036
7.23000,220.811,189.661,158.965,99.380,67.543,37.198,19.468,7.965
7.23333,220.900,189.689,158.988,99.443,67.544,37.236,19.515,8.009
7.23667,220.975,189.905,158.983,99.392,67.532,37.178,19.502,8.058
7.24000,221.057,189.944,159.143,99.426,67.602,37.252,19.519,8.023
7.24333,221.195,190.033,159.187,99.560,67.604,37.269,19.558,8.017
7.24667,221.246,190.094,159.269,99.571,67.647,37.303,19.482,8.055
7.25000,221.425,190.167,159.326,99.639,67.669,37.299,19.574,8.100
7.25333,221.474,190.237,159.420,99.712,67.636,37.304,19.552,8.137
7.25667,221.581,190.355,159.451,99.774,67.719,37.321,19.625,8.022
7.26000,221.611,190.422,159.504,99.834,67.807,37.373,19.574,8.091
7.26333,221.761,190.464,159.630,99.790,67.818,37.388,19.613,8.034
7.26667,221.864,190.631,159.718,99.816,67.760,37.344,19.557,8.069
7.27000,222.044,190.681,159.770,99.912,67.816,37.310,19.630,8.048
7.27333,222.066,190.770,159.865,100.000,67.879,37.435,19.670,8.072
7.27667,222.194,190.927,159.998,100.016,67.853,37.464,19.637,8.082
7.28000,222.328,191.025,160.011,100.011,67.905,37.456,19.528,8.021
7.28333,222.392,191.087,160.078,99.995,67.905,37.513,19.621,8.079
7.28667,222.474,191.158,160.161,100.224,68.045,37.494,19.679,8.095
7.29000,222.600,191.229,160.138,100.245,67.989,37.513,19.602,8.023
7.29333,222.750,191.345,160.286,100.265,68.044,37.542,19.726,8.088
7.29667,222.778,191.421,160.287,100.237,68.075,37.554,19.663,8.125
7.30000,222.792,191.482,160.482,100.295,68.143,37.615,19.655,8.095
7.30333,222.986,191.621,160.508,100.377,68.104,37.604,19.668,8.096
7.30667,223.133,191.684,160.648,100.386,68.154,37.637,19.714,8.090
7.31000,223.184,191.746,160.661,100.492,68.188,37.613,19.747,8.146
7.31333,223.291,191.899,160.711,100.463,68.163,37.637,19.737,8.164
7.31667,223.406,191.962,160.801,100.572,68.248,37.610,19.709,8.158
7.32000,223.487,192.015,160.910,100.618,68.234,37.637,19.723,8.102
7.32333,223.665,192.168,160.928,100.660,68.303,37.675,19.743,8.135
7.32667,223.793,192.129,161.003,100.674,68.317,37.729,19.762,8.157
7.33000,223.792,192.284,161.146,100.704,68.368,37.726,19.835,8.139
7.33333,223.951,192.269,161.130,100.773,68.435,37.737,19.820,8.183
7.33667,224.033,192.501,161.197,100.813,68.470,37.755,19.758,8.120
7.34000,224.025,192.562,161.322,100.959,68.516,37.804,19.854,8.150
7.34333,224.197,192.651,161.333,100.883,68.518,37.736,19.783,8.190
7.34667,224.283,192.733,161.475,100.959,68.593,37.800,19.746,8.135
7.35000,224.392,192.787,161.529,101.031,68.634,37.832,19.788,8.153
7.35333,224.544,192.866,161.662,101.011,68.627,37.859,19.838,8.236
7.35667,224.662,192.935,161.642,101.125,68.591,37.883,19.868,8.179
7.36000,224.725,193.062,161.735,101.168,68.677,37.898,19.908,8.174
7.36333,224.860,193.178,161.825,101.208,68.738,37.931,19.825,8.190
7.36667,224.902,193.221,161.880,101.190,68.772,37.813,19.876,8.216
7.37000,225.083,193.279,162.061,101.264,68.778,37.904,19.877,8.204
7.37333,225.095,193.446,162.049,101.352,68.778,37.845,19.896,8.199
7.37667,225.253,193.504,162.133,101.430,68.820,37.917,19.902,8.140
7.38000,225.320,193.441,162.208,101.440,68.787,37.943,19.873,8.218
7.38333,225.482,193.709,162.247,101.406,68.870,37.949,19.956,8.192
7.38667,225.570,193.814,162.337,101.530,68.942,37.963,19.889,8.229
7.39000,225.636,193.859,162.453,101.593,68.996,38.017,19.914,8.203
7.39333,225.721,193.873,162.464,101.618,69.015,38.012,19.861,8.201
7.39667,225.820,193.995,162.562,101.665,68.943,38.097,19.912,8.186
7.40000,225.953,194.071,162.609,101.704,69.035,38.021,19.971,8.206
7.40333,226.106,194.198,162.733,101.780,69.071,38.108,19.985,8.237
7.40667,226.079,194.254,162.751,101.846,69.148,38.082,19.923,8.238
7.41000,226.232,194.371,162.904,101.816,69.096,38.117,20.071,8.261
7.41333,226.374,194.512,162.909,101.894,69.172,38.178,19.999,8.227
7.41667,226.415,194.487,163.000,101.949,69.144,38.150,20.022,8.319
7.42000,226.566,194.581,163.065,101.982,69.210,38.208,20.049,8.315
7.42333,226.684,194.708,163.145,101.963,69.262,38.164,19.999,8.260
7.42667,226.749,194.842,163.221,102.091,69.273,38.181,20.042,8.291
7.43000,226.814,194.899,163.308,102.124,69.340,38.202,20.072,8.207
7.43333,226.944,194.971,163.371,102.175,69.293,38.232,20.074,8.275
7.43667,227.153,195.007,163.474,102.192,69.344,38.262,20.091,8.262
7.44000,227.205,195.121,163.578,102.250,69.400,38.249,20.036,8.293
7.44333,227.250,195.260,163.625,102.270,69.429,38.286,20.049,8.342
7.44667,227.342,195.362,163.726,102.410,69.509,38.295,20.095,8.236
7.45000,227.459,195.461,163.788,102.459,69.514,38.337,20.127,8.311
7.45333,227.635,195.471,163.746,102.475,69.487,38.402,20.144,8.305
7.45667,227.696,195.584,163.906,102.467,69.671,38.373,20.146,8.328
7.46000,227.724,195.627,163.919,102.595,69.598,38.356,20.133,8.292
7.46333,227.897,195.782,164.056,102.623,69.632,38.386,20.111,8.261
7.46667,227.957,195.864,164.077,102.652,69.599,38.423,20.157,8.314
7.47000,228.102,195.958,164.151,102.694,69.676,38.451,20.205,8.268
7.47333,228.103,196.051,164.286,102.698,69.731,38.441,20.191,8.246
7.47667,228.293,196.136,164.310,102.775,69.785,38.458,20.221,8.287
7.48000,228.420,196.154,164.428,102.851,69.847,38.496,20.232,8.348
7.48333,228.462,196.296,164.511,102.770,69.808,38.491,20.199,8.342
7.48667,228.581,196.422,164.594,102.938,69.880,38.482,20.213,8.333
7.49000,228.711,196.425,164.588,102.991,69.892,38.547,20.238,8.348
7.49333,228.833,196.549,164.697,103.002,69.937,38.572,20.273,8.364
7.49667,228.848,196.644,164.774,103.072,69.920,38.559,20.243,8.357
7.50000,229.056,196.624,164.859,103.069,69.989,38.602,20.226,8.355
7.50333,229.069,196.818,164.992,103.116,69.951,38.643,20.258,8.350
7.50667,229.200,196.894,165.011,103.196,70.063,38.603,20.244,8.372
7.51000,229.305,197.050,165.096,103.232,70.027,38.615,20.303,8.314
7.51333,229.434,197.064,165.137,103.322,70.141,38.645,20.234,8.320
7.51667,229.481,197.148,165.186,103.337,70.186,38.691,20.333,8.380
7.52000,229.653,197.267,165.293,103.432,70.142,38.665,20.279,8.369
7.52333,229.734,197.323,165.362,103.446,70.191,38.716,20.322,8.368
7.52667,229.804,197.458,165.451,103.466,70.206,38.677,20.334,8.305
7.53000,229.962,197.528,165.523,103.525,70.217,38.712,20.338,8.419
7.53333,230.081,197.598,165.638,103.577,70.305,38.736,20.277,8.391
7.53667,230.212,197.651,165.731,103.635,70.314,38.719,20.370,8.407
7.54000,230.344,197.812,165.679,103.645,70.331,38.762,20.370,8.381
7.54333,230.346,197.888,165.849,103.714,70.430,38.749,20.392,8.393
7.54667,230.466,197.975,165.852,103.730,70.374,38.813,20.446,8.404
7.55000,230.558,198.002,166.015,103.873,70.499,38.866,20.337,8.406
7.55333,230.662,198.162,166.061,103.889,70.471,38.768,20.409,8.449
7.55667,230.736,198.253,166.131,103.939,70.455,38.844,20.441,8.404
7.56000,230.850,198.305,166.213,103.863,70.506,38.886,20.418,8.435
7.56333,230.947,198.355,166.189,103.983,70.559,38.898,20.413,8.398
7.56667,231.109,198.499,166.393,103.993,70.665,38.941,20.444,8.457
7.57000,231.186,198.572,166.434,104.085,70.689,38.845,20.406,8.477
7.57333,231.283,198.654,166.502,104.110,70.693,39.003,20.458,8.487
7.57667,231.440,198.781,166.531,104.212,70.690,39.034,20.414,8.486
7.58000,231.513,198.854,166.662,104.239,70.716,39.049,20.516,8.507
7.58333,231.595,198.976,166.696,104.245,70.810,39.028,20.457,8.469
7.58667,231.725,198.982,166.830,104.319,70.805,39.031,20.489,8.506
7.59000,231.829,199.135,166.896,104.364,70.838,39.031,20.453,8.514
7.59333,231.879,199.201,167.002,104.447,70.866,39.057,20.493,8.484
7.59667,232.016,199.325,167.019,104.481,70.924,39.103,20.480,8.516
7.60000,232.140,199.427,167.167,104.507,70.920,39.116,20.550,8.489
7.60333,232.200,199.480,167.194,104.590,70.953,39.114,20.565,8.439
7.60667,232.363,199.561,167.219,104.652,71.072,39.157,20.506,8.502
7.61000,232.338,199.652,167.325,104.645,71.032,39.140,20.577,8.559
7.61333,232.543,199.742,167.480,104.714,71.096,39.196,20.535,8.518
7.61667,232.672,199.892,167.462,104.748,71.013,39.192,20.626,8.492
7.62000,232.816,199.955,167.519,104.801,71.141,39.183,20.543,8.469
7.62333,232.875,200.078,167.600,104.902,71.165,39.149,20.599,8.519
7.62667,232.952,200.168,167.745,104.902,71.189,39.249,20.628,8.504
7.63000,233.073,200.194,167.781,104.981,71.185,39.267,20.617,8.508
7.63333,233.147,200.235,167.842,105.038,71.264,39.226,20.656,8.520
7.63667,233.230,200.423,167.945,105.055,71.296,39.404,20.698,8.499
7.64000,233.343,200.499,168.022,105.086,71.267,39.320,20.682,8.566
7.64333,233.509,200.589,168.121,105.086,71.325,39.317,20.656,8.542
7.64667,233.588,200.646,168.110,105.144,71.334,39.360,20.663,8.612
7.65000,233.665,200.744,168.157,105.313,71.413,39.356,20.721,8.550
7.65333,233.842,200.804,168.327,105.307,71.401,39.339,20.678,8.599
7.65667,233.919,200.920,168.408,105.337,71.485,39.384,20.674,8.592
7.66000,234.051,201.030,168.500,105.401,71.516,39.410,20.689,8.545
7.66333,234.127,201.127,168.544,105.459,71.557,39.422,20.718,8.598
7.66667,234.194,201.241,168.665,105.505,71.570,39.385,20.718,8.531
7.67000,234.322,201.310,168.745,105.522,71.559,39.558,20.657,8.596
7.67333,234.453,201.438,168.863,105.575,71.644,39.540,20.726,8.602
7.67667,234.498,201.478,168.920,105.615,71.668,39.517,20.783,8.564
7.68000,234.677,201.557,168.907,105.687,71.726,39.547,20.716,8.581
7.68333,234.679,201.684,169.012,105.731,71.745,39.519,20.757,8.600
7.68667,234.876,201.745,169.057,105.768,71.738,39.609,20.773,8.567
7.69000,234.957,201.843,169.144,105.819,71.752,39.583,20.746,8.588
7.69333,235.052,201.958,169.255,105.822,71.820,39.601,20.719,8.615
7.69667,235.217,202.024,169.384,105.908,71.888,39.597,20.837,8.574
7.70000,235.317,202.122,169.415,106.008,71.926,39.627,20.769,8.631
7.70333,235.397,202.189,169.516,106.044,71.923,39.681,20.841,8.614
7.70667,235.477,202.277,169.629,106.072,71.910,39.650,20.868,8.631
7.71000,235.635,202.408,169.651,106.143,72.011,39.681,20.841,8.594
7.71333,235.717,202.467,169.739,106.108,72.043,39.679,20.870,8.619
7.71667,235.785,202.538,169.699,106.218,72.088,39.692,20.871,8.636
7.72000,235.886,202.717,169.887,106.306,72.092,39.779,20.842,8.616
7.72333,236.074,202.714,169.938,106.291,72.057,39.769,20.926,8.653
7.72667,236.166,202.844,170.024,106.353,72.150,39.724,20.853,8.598
7.73000,236.194,202.910,170.092,106.402,72.131,39.795,20.910,8.637
7.73333,236.374,203.059,170.150,106.507,72.176,39.826,20.921,8.637
7.73667,236.434,203.172,170.237,106.456,72.212,39.802,20.951,8.639
7.74000,236.517,203.181,170.277,106.585,72.269,39.842,21.041,8.662
7.74333,236.665,203.289,170.422,106.565,72.291,39.817,21.021,8.677
7.74667,236.820,203.436,170.401,106.641,72.382,39.791,21.026,8.631
7.75000,236.874,203.453,170.482,106.660,72.382,39.893,21.017,8.721
7.75333,237.028,203.584,170.622,106.724,72.401,39.918,20.978,8.672
7.75667,237.122,203.657,170.714,106.782,72.426,39.838,21.004,8.680
7.76000,237.200,203.784,170.812,106.828,72.473,39.977,20.969,8.734
7.76333,237.350,203.918,170.872,106.867,72.463,39.974,21.016,8.723
7.76667,237.492,203.932,170.973,106.976,72.448,39.981,21.023,8.719
7.77000,237.508,204.010,171.033,106.991,72.510,39.971,20.990,8.715
7.77333,237.608,204.175,171.072,107.013,72.600,39.953,21.137,8.724
7.77667,237.775,204.235,171.208,107.152,72.667,40.044,21.028,8.685
7.78000,237.796,204.313,171.202,107.199,72.674,40.072,21.094,8.692
7.78333,237.923,204.423,171.348,107.202,72.734,40.105,21.111,8.730
7.78667,238.083,204.488,171.448,107.252,72.720,40.139,21.049,8.746
7.79000,238.195,204.590,171.514,107.246,72.712,40.136,21.094,8.717
7.79333,238.314,204.695,171.561,107.359,72.801,40.083,21.135,8.753
7.79667,238.408,204.857,171.687,107.363,72.808,40.127,21.086,8.674
7.80000,238.454,204.849,171.755,107.441,72.851,40.183,21.124,8.751
7.80333,238.627,204.969,171.815,107.404,72.922,40.201,21.168,8.720
7.80667,238.765,205.036,171.935,107.473,72.943,40.156,21.159,8.791
7.81000,238.799,205.114,171.979,107.615,72.944,40.203,21.157,8.780
7.81333,238.955,205.197,171.980,107.601,73.023,40.164,21.145,8.781
7.81667,239.075,205.318,172.120,107.596,73.014,40.249,21.173,8.729
7.82000,239.148,205.447,172.174,107.665,73.072,40.244,21.134,8.755
7.82333,239.306,205.551,172.292,107.730,73.075,40.303,21.202,8.738
7.82667,239.344,205.640,172.439,107.766,73.162,40.290,21.238,8.822
7.83000,239.468,205.769,172.476,107.851,73.210,40.326,21.173,8.783
7.83333,239.614,205.858,172.513,107.913,73.190,40.350,21.199,8.761
7.83667,239.725,205.901,172.612,108.017,73.273,40.372,21.196,8.753
7.84000,239.782,205.967,172.648,108.025,73.227,40.354,21.265,8.716
7.84333,239.911,206.091,172.755,108.086,73.269,40.431,21.257,8.763
7.84667,240.027,206.206,172.811,108.085,73.344,40.516,21.350,8.802
7.85000,240.094,206.345,172.884,108.161,73.323,40.381,21.274,8.806
7.85333,240.265,206.330,172.960,108.245,73.423,40.522,21.284,8.850
7.85667,240.311,206.487,173.084,108.272,73.453,40.464,21.271,8.803
7.86000,240.409,206.481,173.110,108.315,73.462,40.480,21.281,8.815
7.86333,240.568,206.585,173.208,108.395,73.459,40.430,21.337,8.808
7.86667,240.740,206.807,173.369,108.379,73.470,40.489,21.326,8.882
7.87000,240.826,206.823,173.371,108.478,73.602,40.628,21.354,8.774
7.87333,240.960,206.956,173.483,108.540,73.685,40.532,21.350,8.831
7.87667,240.954,207.034,173.589,108.614,73.653,40.620,21.361,8.832
7.88000,241.092,207.090,173.591,108.614,73.641,40.605,21.343,8.820
7.88333,241.265,207.278,173.678,108.678,73.657,40.592,21.302,8.806
7.88667,241.407,207.288,173.741,108.678,73.737,40.600,21.351,8.829
7.89000,241.459,207.382,173.894,108.693,73.718,40.685,21.382,8.930
7.89333,241.580,207.542,173.964,108.822,73.751,40.640,21.388,8.852
7.89667,241.721,207.590,173.950,108.836,73.832,40.667,21.367,8.858
7.90000,241.774,207.749,174.083,108.873,73.834,40.708,21.412,8.911
7.90333,241.933,207.792,174.081,108.949,73.909,40.757,21.392,8.888
7.90667,241.975,207.880,174.294,109.038,73.872,40.721,21.418,8.927
7.91000,242.121,208.007,174.351,109.079,73.990,40.781,21.413,8.894
7.91333,242.251,208.074,174.384,109.069,73.943,40.771,21.435,8.955
7.91667,242.352,208.223,174.498,109.169,74.015,40.854,21.497,8.900
7.92000,242.495,208.234,174.587,109.219,74.052,40.831,21.482,8.907
7.92333,242.569,208.376,174.612,109.213,74.119,40.833,21.478,8.924
7.92667,242.712,208.463,174.726,109.324,74.111,40.871,21.526,8.967
7.93000,242.759,208.592,174.864,109.375,74.148,40.886,21.463,8.919
7.93333,242.933,208.579,174.944,109.319,74.138,40.908,21.486,8.881
7.93667,242.991,208.669,175.036,109.531,74.207,40.915,21.517,9.008
7.94000,243.133,208.824,175.018,109.529,74.276,40.988,21.525,8.963
7.94333,243.212,208.981,175.144,109.582,74.321,40.944,21.589,8.939
7.94667,243.365,209.020,175.279,109.620,74.356,40.988,21.560,8.897
7.95000,243.480,209.155,175.307,109.634,74.321,41.015,21.567,8.922
7.95333,243.506,209.239,175.335,109.617,74.357,41.003,21.599,8.937
7.95667,243.652,209.344,175.488,109.836,74.408,41.051,21.610,8.895
7.96000,243.797,209.418,175.591,109.789,74.490,41.000,21.569,8.951
7.96333,243.998,209.469,175.671,109.855,74.513,40.996,21.697,8.984
7.96667,243.984,209.594,175.760,109.875,74.534,41.113,21.658,8.903
7.97000,244.113,209.720,175.860,109.958,74.553,41.075,21.614,8.951
7.97333,244.313,209.805,175.908,110.043,74.592,41.133,21.637,8.957
7.97667,244.355,209.835,176.026,110.060,74.634,41.159,21.611,8.999
7.98000,244.442,209.972,176.069,110.110,74.657,41.197,21.625,9.036
7.98333,244.612,210.033,176.075,110.173,74.709,41.205,21.675,8.976
7.98667,244.680,210.202,176.181,110.159,74.690,41.194,21.602,8.975
7.99000,244.890,210.229,176.299,110.296,74.770,41.195,21.682,9.045
7.99333,244.932,210.303,176.417,110.358,74.814,41.265,21.761,9.027
7.99667,244.965,210.456,176.416,110.383,74.788,41.305,21.680,8.999
8.00000,245.193,210.500,176.580,110.388,74.821,41.292,21.672,8.983
8.00333,245.257,210.643,176.608,110.470,74.877,41.331,21.722,8.970
8.00667,245.380,210.805,176.749,110.601,74.909,41.384,21.718,8.932
8.01000,245.491,210.832,176.805,110.574,74.961,41.332,21.713,9.016
8.01333,245.652,210.986,176.771,110.639,74.958,41.373,21.783,9.062
8.01667,245.706,210.978,176.949,110.668,75.020,41.318,21.742,9.015
8.02000,245.782,211.113,177.055,110.692,75.078,41.390,21.800,9.061
8.02333,245.943,211.183,177.081,110.769,75.112,41.385,21.786,9.033
8.02667,246.143,211.357,177.161,110.861,75.144,41.384,21.799,9.014
8.03000,246.171,211.390,177.355,110.971,75.179,41.508,21.788,9.011
8.03333,246.295,211.517,177.357,111.001,75.205,41.512,21.838,9.047
8.03667,246.387,211.611,177.406,110.978,75.231,41.510,21.889,9.070
8.04000,246.523,211.663,177.506,110.998,75.229,41.451,21.860,9.079
8.04333,246.624,211.860,177.569,111.142,75.325,41.553,21.884,9.078
8.04667,246.754,211.930,177.725,111.102,75.378,41.557,21.887,9.064
8.05000,246.867,212.038,177.726,111.202,75.311,41.570,21.872,9.069
8.05333,246.945,212.096,177.805,111.236,75.399,41.522,21.862,9.090
8.05667,247.074,212.241,177.873,111.342,75.478,41.587,21.917,9.115
8.06000,247.176,212.277,178.063,111.353,75.394,41.573,21.870,9.110
8.06333,247.357,212.411,178.059,111.417,75.450,41.648,21.893,9.095
8.06667,247.427,212.441,178.212,111.413,75.602,41.635,21.926,9.124
8.07000,247.537,212.562,178.249,111.523,75.555,41.727,21.962,9.076
8.07333,247.646,212.717,178.324,111.635,75.602,41.721,21.954,9.118
8.07667,247.722,212.856,178.420,111.641,75.639,41.708,21.960,9.139
8.08000,247.852,212.876,178.470,111.684,75.734,41.655,21.974,9.088
8.08333,248.015,213.056,178.602,111.778,75.665,41.746,22.005,9.134
8.08667,248.144,213.025,178.671,111.780,75.718,41.774,21.945,9.143
8.09000,248.123,213.139,178.676,111.824,75.780,41.770,22.013,9.132
8.09333,248.355,213.311,178.860,111.863,75.823,41.807,21.984,9.120
8.09667,248.484,213.353,178.941,111.924,75.861,41.848,21.917,9.139
8.10000,248.521,213.529,179.066,111.927,75.864,41.841,22.038,9.207
8.10333,248.715,213.586,179.011,112.008,75.921,41.854,22.014,9.135
8.10667,248.783,213.701,179.139,112.083,75.983,41.901,22.091,9.142
8.11000,248.888,213.711,179.313,112.125,76.003,41.892,22.061,9.195
8.11333,248.992,213.845,179.358,112.208,76.035,41.924,22.040,9.175
8.11667,249.185,213.977,179.405,112.262,76.089,41.979,22.045,9.185
8.12000,249.205,214.065,179.481,112.319,76.120,41.960,22.092,9.164
8.12333,249.363,214.196,179.572,112.321,76.150,41.965,22.116,9.210
8.12667,249.516,214.240,179.725,112.359,76.198,41.964,22.136,9.161
8.13000,249.560,214.347,179.815,112.408,76.255,42.019,22.103,9.155
8.13333,249.795,214.516,179.871,112.504,76.233,42.074,22.132,9.198
8.13667,249.812,214.578,179.929,112.561,76.278,42.068,22.126,9.150
8.14000,249.954,214.686,179.999,112.592,76.344,42.025,22.126,9.137
8.14333,250.054,214.772,180.122,112.672,76.358,42.029,22.133,9.214
8.14667,250.122,214.890,180.132,112.685,76.351,42.121,22.164,9.225
8.15000,250.296,214.986,180.249,112.794,76.472,42.230,22.102,9.269
8.15333,250.443,215.079,180.331,112.728,76.481,42.072,22.210,9.272
8.15667,250.510,215.234,180.457,112.890,76.460,42.154,22.201,9.167
8.16000,250.598,215.299,180.525,112.943,76.482,42.232,22.198,9.265
8.16333,250.824,215.383,180.630,112.945,76.521,42.230,22.247,9.213
8.16667,250.895,215.484,180.746,112.995,76.618,42.257,22.250,9.249
8.17000,251.009,215.597,180.734,113.071,76.634,42.217,22.265,9.244
8.17333,251.116,215.682,180.862,113.146,76.693,42.270,22.290,9.266
8.17667,251.250,215.761,180.874,113.162,76.729,42.271,22.255,9.249
8.18000,251.350,215.926,181.100,113.265,76.757,42.259,22.343,9.248
8.18333,251.425,215.924,181.071,113.260,76.734,42.269,22.330,9.224
8.18667,251.541,216.045,181.221,113.281,76.824,42.289,22.319,9.235
8.19000,251.711,216.147,181.284,113.390,76.855,42.393,22.283,9.291
8.19333,251.787,216.233,181.323,113.460,76.889,42.396,22.265,9.249
8.19667,251.944,216.368,181.446,113.497,76.897,42.392,22.346,9.296
8.20000,251.969,216.478,181.547,113.562,77.010,42.472,22.371,9.202
8.20333,252.188,216.612,181.577,113.672,76.912,42.465,22.343,9.307
8.20667,252.280,216.699,181.636,113.642,77.023,42.473,22.369,9.273
8.21000,252.357,216.749,181.790,113.737,77.046,42.460,22.370,9.287
8.21333,252.526,216.924,181.836,113.844,77.091,42.537,22.443,9.301
8.21667,252.590,216.963,181.947,113.780,77.128,42.554,22.348,9.330
8.22000,252.778,217.112,181.993,113.916,77.180,42.505,22.373,9.339
8.22333,252.862,217.201,182.162,114.018,77.240,42.497,22.400,9.307
8.22667,253.006,217.338,182.235,113.959,77.260,42.499,22.457,9.287
8.23000,253.145,217.379,182.274,114.030,77.339,42.615,22.438,9.326
8.23333,253.218,217.481,182.393,114.088,77.321,42.607,22.468,9.353
8.23667,253.321,217.584,182.479,114.164,77.360,42.645,22.451,9.343
8.24000,253.405,217.693,182.550,114.178,77.405,42.633,22.464,9.267
8.24333,253.618,217.791,182.640,114.259,77.391,42.634,22.457,9.363
8.24667,253.677,217.798,182.707,114.270,77.480,42.656,22.487,9.339
8.25000,253.830,217.960,182.790,114.367,77.524,42.767,22.556,9.284
8.25333,253.977,218.117,182.890,114.430,77.562,42.736,22.600,9.479
8.25667,254.027,218.211,182.961,114.506,77.516,42.765,22.484,9.399
8.26000,254.142,218.333,183.066,114.516,77.615,42.785,22.512,9.385
8.26333,254.231,218.357,183.183,114.544,77.684,42.745,22.542,9.382
8.26667,254.413,218.476,183.153,114.669,77.722,42.802,22.607,9.384
8.27000,254.535,218.593,183.433,114.675,77.740,42.863,22.626,9.390
8.27333,254.693,218.747,183.404,114.698,77.721,42.920,22.544,9.333
8.27667,254.788,218.797,183.459,114.802,77.810,42.898,22.574,9.370
8.28000,254.824,218.849,183.574,114.913,77.814,42.873,22.615,9.357
8.28333,255.005,218.999,183.617,114.939,77.814,42.928,22.607,9.466
8.28667,255.094,219.124,183.779,114.899,77.886,42.911,22.625,9.381
8.29000,255.194,219.254,183.822,115.039,77.920,42.926,22.622,9.439
8.29333,255.366,219.325,183.963,115.056,78.055,42.949,22.590,9.424
8.29667,255.431,219.451,183.958,115.114,77.947,42.964,22.709,9.420
8.30000,255.646,219.426,184.110,115.150,78.012,42.959,22.665,9.401
8.30333,255.692,219.632,184.203,115.283,78.079,43.044,22.678,9.462
8.30667,255.827,219.705,184.324,115.252,78.103,42.997,22.655,9.448
8.31000,255.948,219.797,184.334,115.368,78.137,43.071,22.733,9.451
8.31333,256.098,219.926,184.427,115.402,78.209,43.133,22.638,9.518
8.31667,256.195,219.955,184.500,115.423,78.239,43.138,22.751,9.483
8.32000,256.303,220.167,184.572,115.474,78.249,43.210,22.756,9.417
8.32333,256.474,220.213,184.694,115.534,78.258,43.163,22.764,9.452
8.32667,256.581,220.312,184.794,115.593,78.361,43.244,22.703,9.470
8.33000,256.670,220.406,184.855,115.672,78.397,43.241,22.794,9.483
8.33333,256.863,220.458,184.971,115.728,78.446,43.236,22.788,9.548
8.33667,256.930,220.708,184.993,115.748,78.413,43.269,22.801,9.513
8.34000,257.030,220.740,185.126,115.758,78.413,43.215,22.829,9.482
8.34333,257.132,220.836,185.223,115.843,78.488,43.275,22.773,9.542
8.34667,257.285,220.962,185.284,115.890,78.585,43.288,22.767,9.486
8.35000,257.418,221.057,185.383,115.975,78.537,43.293,22.820,9.528
8.35333,257.480,221.141,185.440,116.059,78.592,43.309,22.919,9.466
8.35667,257.694,221.255,185.548,116.109,78.678,43.407,22.846,9.513
8.36000,257.762,221.339,185.623,116.130,78.677,43.335,22.894,9.484
8.36333,257.847,221.466,185.706,116.210,78.678,43.476,22.880,9.484
8.36667,258.000,221.590,185.840,116.180,78.778,43.381,22.927,9.526
8.37000,258.091,221.601,185.896,116.302,78.780,43.476,22.871,9.503
8.37333,258.261,221.764,186.014,116.406,78.802,43.464,22.924,9.507
8.37667,258.318,221.834,186.059,116.408,78.844,43.479,22.962,9.532
8.38000,258.522,221.942,186.182,116.450,78.866,43.539,22.993,9.538
8.38333,258.571,222.056,186.244,116.515,78.958,43.488,22.963,9.511
8.38667,258.696,222.173,186.295,116.563,78.998,43.586,22.963,9.522
8.39000,258.821,222.367,186.444,116.664,79.065,43.609,22.977,9.516
8.39333,258.938,222.435,186.551,116.678,79.023,43.569,23.005,9.590
8.39667,259.046,222.570,186.521,116.759,79.083,43.629,22.990,9.618
8.40000,259.209,222.608,186.703,116.758,79.196,43.594,22.998,9.624
8.40333,259.301,222.626,186.797,116.857,79.184,43.651,22.930,9.620
8.40667,259.384,222.766,186.888,116.903,79.212,43.630,22.997,9.626
8.41000,259.525,222.962,186.941,117.033,79.273,43.739,23.033,9.612
8.41333,259.624,223.073,187.051,117.118,79.287,43.669,23.039,9.559
8.41667,259.815,223.205,187.180,117.149,79.273,43.739,23.064,9.609
8.42000,259.940,223.266,187.267,117.111,79.307,43.743,22.993,9.633
8.42333,260.024,223.302,187.356,117.176,79.411,43.762,23.055,9.666
8.42667,260.210,223.434,187.378,117.262,79.398,43.758,23.038,9.683
8.43000,260.243,223.519,187.467,117.311,79.422,43.762,23.067,9.621
8.43333,260.339,223.699,187.540,117.348,79.492,43.823,23.100,9.673
8.43667,260.579,223.767,187.638,117.422,79.560,43.872,23.153,9.586
8.44000,260.648,223.863,187.750,117.449,79.571,43.838,23.083,9.635
8.44333,260.783,224.001,187.851,117.498,79.603,43.830,23.136,9.709
8.44667,260.886,224.018,187.939,117.562,79.613,43.885,23.100,9.629
8.45000,261.030,224.130,188.028,117.608,79.644,43.997,23.151,9.614
8.45333,261.123,224.232,188.091,117.713,79.761,44.009,23.175,9.694
8.45667,261.263,224.419,188.209,117.741,79.729,44.020,23.171,9.640
8.46000,261.434,224.513,188.271,117.806,79.835,44.018,23.169,9.676
8.46333,261.492,224.558,188.380,117.876,79.812,43.976,23.203,9.670
8.46667,261.665,224.731,188.456,117.891,79.949,44.005,23.219,9.591
8.47000,261.718,224.807,188.528,117.919,79.898,44.080,23.191,9.740
8.47333,261.936,224.867,188.627,118.030,79.990,44.117,23.282,9.677
8.47667,261.984,225.000,188.731,118.071,79.934,44.029,23.209,9.751
8.48000,262.143,225.107,188.806,118.091,80.038,44.165,23.305,9.655
8.48333,262.252,225.231,188.974,118.195,80.118,44.125,23.234,9.670
8.48667,262.370,225.340,188.995,118.222,80.079,44.141,23.340,9.700
8.49000,262.504,225.413,189.037,118.353,80.076,44.212,23.235,9.719
8.49333,262.578,225.535,189.133,118.358,80.129,44.242,23.305,9.707
8.49667,262.798,225.629,189.239,118.387,80.204,44.171,23.339,9.756
8.50000,262.862,225.715,189.326,118.390,80.303,44.211,23.324,9.776
8.50333,262.935,225.828,189.417,118.557,80.281,44.280,23.383,9.807
8.50667,263.106,225.996,189.529,118.577,80.342,44.219,23.370,9.735
8.51000,263.234,226.066,189.597,118.580,80.337,44.302,23.351,9.733
8.51333,263.316,226.177,189.720,118.710,80.438,44.342,23.423,9.717
8.51667,263.485,226.269,189.825,118.759,80.393,44.333,23.419,9.722
8.52000,263.589,226.337,189.863,118.902,80.464,44.368,23.394,9.705
8.52333,263.743,226.477,189.992,118.880,80.516,44.322,23.432,9.773
8.52667,263.828,226.610,190.048,118.871,80.546,44.377,23.375,9.752
8.53000,263.910,226.696,190.120,119.014,80.566,44.500,23.436,9.750
8.53333,264.083,226.865,190.257,119.069,80.604,44.368,23.496,9.740
8.53667,264.215,226.939,190.297,119.098,80.692,44.433,23.488,9.773
8.54000,264.299,226.968,190.422,119.098,80.695,44.476,23.446,9.757
8.54333,264.443,227.113,190.611,119.134,80.737,44.423,23.468,9.860
8.54667,264.638,227.306,190.645,119.222,80.768,44.504,23.464,9.833
8.55000,264.682,227.320,190.653,119.269,80.848,44.550,23.434,9.741
8.55333,264.823,227.435,190.799,119.328,80.886,44.546,23.519,9.844
8.55667,264.980,227.561,190.904,119.445,80.825,44.571,23.512,9.804
8.56000,265.151,227.622,190.902,119.496,80.876,44.631,23.535,9.853
8.56333,265.237,227.721,191.042,119.557,81.010,44.599,23.561,9.790
8.56667,265.315,227.836,191.071,119.617,81.002,44.657,23.500,9.848
8.57000,265.428,227.966,191.225,119.658,81.075,44.695,23.526,9.832
8.57333,265.585,228.068,191.316,119.711,81.091,44.730,23.587,9.872
8.57667,265.689,228.161,191.440,119.773,81.104,44.715,23.500,9.850
8.58000,265.818,228.287,191.498,119.801,81.149,44.737,23.658,9.831
8.58333,265.926,228.391,191.579,119.901,81.131,44.733,23.676,9.837
8.58667,266.033,228.509,191.701,119.895,81.165,44.801,23.640,9.820
8.59000,266.188,228.572,191.687,119.996,81.255,44.785,23.652,9.830
8.59333,266.299,228.709,191.872,120.127,81.294,44.808,23.703,9.897
8.59667,266.399,228.753,191.930,120.101,81.331,44.848,23.659,9.822
8.60000,266.485,228.878,192.033,120.171,81.379,44.901,23.648,9.909
8.60333,266.638,228.988,192.131,120.130,81.385,44.847,23.702,9.846
8.60667,266.828,229.170,192.270,120.257,81.414,44.813,23.657,9.851
8.61000,266.909,229.233,192.278,120.321,81.476,44.982,23.656,9.876
8.61333,267.098,229.364,192.361,120.315,81.482,44.922,23.654,9.887
8.61667,267.199,229.448,192.501,120.441,81.531,44.945,23.725,9.955
8.62000,267.289,229.536,192.504,120.425,81.573,44.983,23.771,9.964
8.62333,267.401,229.690,192.648,120.567,81.640,44.986,23.709,9.897
8.62667,267.555,229.761,192.769,120.611,81.646,45.048,23.769,9.892
8.63000,267.697,229.890,192.815,120.654,81.743,45.024,23.816,9.905
8.63333,267.820,229.991,192.932,120.693,81.713,45.033,23.829,9.886
8.63667,267.895,230.080,193.004,120.823,81.783,45.098,23.790,9.883
8.64000,268.066,230.219,193.109,120.849,81.732,45.132,23.841,9.963
8.64333,268.165,230.344,193.203,120.985,81.829,45.123,23.739,9.936
8.64667,268.311,230.421,193.263,120.904,81.899,45.161,23.851,9.984
8.65000,268.435,230.492,193.361,120.983,81.962,45.231,23.757,9.887
8.65333,268.486,230.656,193.519,121.081,82.009,45.158,23.826,9.946
8.65667,268.674,230.734,193.540,121.111,81.937,45.178,23.869,9.967
8.66000,268.755,230.842,193.666,121.213,82.029,45.216,23.840,9.991
8.66333,268.911,230.958,193.692,121.236,82.085,45.243,23.849,9.994
8.66667,269.047,231.066,193.787,121.304,82.100,45.303,23.872,10.014
8.67000,269.189,231.170,193.972,121.364,82.141,45.309,23.907,9.988
8.67333,269.249,231.289,193.966,121.366,82.200,45.342,23.924,9.960
8.67667,269.411,231.353,194.081,121.464,82.288,45.336,23.880,9.967
8.68000,269.536,231.455,194.198,121.569,82.201,45.386,23.991,10.037
8.68333,269.661,231.517,194.293,121.573,82.305,45.321,23.975,9.936
8.68667,269.741,231.740,194.345,121.621,82.382,45.379,23.936,9.984
8.69000,269.843,231.812,194.484,121.636,82.386,45.388,23.960,9.972
8.69333,270.097,232.003,194.656,121.727,82.457,45.396,24.013,10.053
8.69667,270.211,232.013,194.638,121.723,82.464,45.498,24.040,9.972
8.70000,270.273,232.105,194.740,121.799,82.549,45.534,24.023,10.112
8.70333,270.394,232.223,194.858,121.924,82.550,45.457,23.988,10.050
8.70667,270.547,232.365,194.892,122.010,82.636,45.531,24.037,10.003
8.71000,270.630,232.497,194.992,122.023,82.655,45.517,24.127,10.051
8.71333,270.831,232.549,195.160,122.057,82.630,45.563,24.069,10.085
8.71667,270.891,232.639,195.225,122.173,82.669,45.590,24.072,10.122
8.72000,271.046,232.747,195.270,122.224,82.678,45.584,24.119,10.083
8.72333,271.135,232.864,195.318,122.259,82.747,45.603,24.082,10.082
8.72667,271.245,232.956,195.482,122.285,82.808,45.616,24.124,10.166
8.73000,271.446,233.073,195.515,122.379,82.782,45.732,24.144,10.042
8.73333,271.586,233.189,195.668,122.445,82.845,45.685,24.086,10.079
8.73667,271.644,233.327,195.667,122.506,82.955,45.697,24.150,10.080
8.74000,271.771,233.431,195.793,122.524,82.916,45.695,24.160,10.102
8.74333,271.860,233.539,195.865,122.577,82.954,45.697,24.186,10.116
8.74667,272.002,233.587,196.033,122.659,83.020,45.770,24.189,10.165
8.75000,272.091,233.719,196.065,122.680,83.029,45.833,24.167,10.150
8.75333,272.283,233.798,196.180,122.778,83.092,45.767,24.186,10.096
8.75667,272.446,233.988,196.255,122.853,83.175,45.794,24.195,10.077
8.76000,272.579,234.040,196.354,122.873,83.171,45.873,24.249,10.105
8.76333,272.623,234.139,196.454,122.922,83.284,45.893,24.252,10.123
8.76667,272.767,234.255,196.449,123.015,83.212,45.822,24.174,10.144
8.77000,272.887,234.408,196.652,123.049,83.336,45.911,24.206,10.080
8.77333,273.025,234.479,196.772,123.082,83.358,45.951,24.194,10.101
8.77667,273.114,234.580,196.765,123.140,83.371,45.937,24.288,10.189
8.78000,273.319,234.724,196.863,123.233,83.476,45.987,24.305,10.127
8.78333,273.434,234.846,197.006,123.299,83.487,46.017,24.300,10.147
8.78667,273.498,234.944,197.092,123.261,83.529,45.980,24.412,10.165
8.79000,273.683,235.004,197.169,123.352,83.551,46.086,24.302,10.108
8.79333,273.792,235.173,197.291,123.404,83.607,46.026,24.347,10.207
8.79667,273.900,235.262,197.364,123.543,83.580,46.060,24.320,10.190
8.80000,274.010,235.367,197.405,123.606,83.670,46.118,24.368,10.147
8.80333,274.108,235.401,197.507,123.593,83.674,46.148,24.383,10.219
8.80667,274.340,235.557,197.640,123.724,83.700,46.144,24.409,10.307
8.81000,274.424,235.665,197.767,123.749,83.705,46.178,24.396,10.096
8.81333,274.571,235.757,197.784,123.788,83.846,46.216,24.405,10.245
8.81667,274.720,235.931,197.943,123.755,83.869,46.292,24.456,10.188
8.82000,274.759,236.017,198.023,123.910,83.871,46.251,24.500,10.173
8.82333,274.973,236.114,198.136,123.933,83.920,46.263,24.418,10.255
8.82667,275.034,236.234,198.210,124.026,83.968,46.295,24.427,10.153
8.83000,275.183,236.320,198.285,124.128,83.999,46.334,24.438,10.243
8.83333,275.274,236.416,198.412,124.168,84.063,46.254,24.422,10.199
8.83667,275.402,236.516,198.410,124.253,84.158,46.363,24.464,10.220
8.84000,275.477,236.606,198.512,124.282,84.145,46.381,24.505,10.262
8.84333,275.752,236.687,198.598,124.315,84.207,46.377,24.519,10.246
8.84667,275.826,236.802,198.688,124.323,84.115,46.397,24.516,10.246
8.85000,275.947,236.945,198.873,124.398,84.181,46.414,24.531,10.337
8.85333,276.008,237.078,198.908,124.470,84.233,46.437,24.596,10.262
8.85667,276.167,237.123,199.015,124.559,84.334,46.487,24.616,10.277
8.86000,276.299,237.285,199.116,124.529,84.321,46.477,24.518,10.229
8.86333,276.403,237.341,199.226,124.618,84.401,46.520,24.503,10.278
8.86667,276.552,237.500,199.254,124.741,84.436,46.487,24.541,10.219
8.87000,276.628,237.573,199.340,124.741,84.437,46.486,24.599,10.320
8.87333,276.760,237.690,199.399,124.867,84.433,46.561,24.584,10.284
8.87667,276.924,237.764,199.453,124.878,84.600,46.641,24.670,10.330
8.88000,277.009,237.827,199.602,124.911,84.530,46.631,24.603,10.332
8.88333,277.157,237.996,199.751,124.955,84.626,46.603,24.654,10.370
8.88667,277.334,238.068,199.742,125.012,84.689,46.646,24.684,10.311
8.89000,277.403,238.232,199.909,125.169,84.678,46.687,24.625,10.296
8.89333,277.500,238.307,199.930,125.204,84.712,46.686,24.651,10.353
8.89667,277.595,238.462,200.096,125.261,84.721,46.684,24.621,10.310
8.90000,277.781,238.545,200.217,125.321,84.815,46.777,24.724,10.374
8.90333,277.890,238.653,200.197,125.309,84.791,46.748,24.723,10.330
8.90667,278.098,238.758,200.378,125.382,84.796,46.869,24.714,10.352
8.91000,278.154,238.875,200.408,125.443,84.917,46.773,24.766,10.309
8.91333,278.348,238.986,200.571,125.490,84.896,46.787,24.761,10.348
8.91667,278.448,239.089,200.631,125.588,84.942,46.832,24.779,10.371
8.92000,278.519,239.217,200.706,125.578,85.048,46.853,24.748,10.392
8.92333,278.662,239.262,200.722,125.612,85.000,46.796,24.733,10.376
8.92667,278.801,239.475,200.863,125.678,85.066,46.902,24.729,10.397
8.93000,278.923,239.480,201.020,125.760,85.106,46.862,24.749,10.293
8.93333,279.086,239.634,201.043,125.841,85.165,46.948,24.856,10.397
8.93667,279.101,239.813,201.152,125.838,85.190,46.936,24.751,10.400
8.94000,279.264,239.849,201.307,125.947,85.260,47.029,24.835,10.425
8.94333,279.416,239.955,201.331,125.905,85.268,46.986,24.833,10.320
8.94667,279.528,240.054,201.432,126.045,85.289,47.074,24.802,10.362
8.95000,279.714,240.153,201.522,126.130,85.345,47.042,24.833,10.437
8.95333,279.829,240.308,201.631,126.242,85.392,47.035,24.921,10.411
8.95667,279.900,240.443,201.657,126.301,85.457,47.150,24.914,10.409
8.96000,280.021,240.415,201.791,126.268,85.406,47.108,24.891,10.409
8.96333,280.193,240.592,201.939,126.316,85.507,47.136,24.937,10.416
8.96667,280.319,240.661,202.013,126.399,85.510,47.086,24.886,10.414
8.97000,280.393,240.847,202.020,126.403,85.626,47.192,24.944,10.424
8.97333,280.508,240.977,202.193,126.516,85.652,47.220,24.939,10.487
8.97667,280.714,241.060,202.213,126.557,85.691,47.206,24.955,10.481
8.98000,280.840,241.148,202.319,126.611,85.722,47.291,25.021,10.428
8.98333,280.959,241.223,202.469,126.708,85.725,47.256,25.002,10.446
8.98667,281.078,241.343,202.503,126.787,85.813,47.267,24.945,10.478
8.99000,281.112,241.503,202.571,126.830,85.754,47.341,25.067,10.513
8.99333,281.234,241.561,202.678,126.863,85.855,47.308,25.022,10.393
8.99667,281.498,241.696,202.776,126.957,85.894,47.349,25.008,10.559
9.00000,281.511,241.814,202.912,126.969,85.864,47.327,25.026,10.556
9.00333,281.722,241.850,203.020,127.005,85.953,47.390,25.077,10.531
9.00667,281.781,241.907,203.089,127.030,86.001,47.387,24.965,10.509
9.01000,281.919,242.073,203.139,127.124,86.071,47.409,25.096,10.503
9.01333,282.067,242.167,203.199,127.235,86.094,47.481,25.074,10.510
9.01667,282.188,242.280,203.356,127.236,86.089,47.488,25.072,10.485
9.02000,282.230,242.385,203.414,127.279,86.190,47.508,25.108,10.516
9.02333,282.392,242.530,203.543,127.401,86.172,47.538,25.155,10.533
9.02667,282.595,242.596,203.606,127.449,86.251,47.552,25.122,10.454
9.03000,282.713,242.764,203.659,127.455,86.209,47.538,25.163,10.580
9.03333,282.719,242.814,203.789,127.490,86.295,47.540,25.117,10.447
9.03667,282.907,243.007,203.922,127.574,86.357,47.559,25.179,10.580
9.04000,283.075,243.004,203.961,127.622,86.409,47.539,25.163,10.581
9.04333,283.126,243.208,204.063,127.748,86.391,47.660,25.182,10.575
9.04667,283.269,243.249,204.107,127.779,86.396,47.705,25.181,10.579
9.05000,283.373,243.356,204.254,127.813,86.476,47.709,25.161,10.551
9.05333,283.512,243.450,204.315,127.830,86.510,47.656,25.194,10.569
9.05667,283.674,243.626,204.368,127.909,86.557,47.744,25.301,10.604
9.06000,283.759,243.695,204.532,127.915,86.628,47.740,25.227,10.611
9.06333,283.842,243.798,204.572,127.967,86.694,47.733,25.242,10.596
9.06667,284.047,243.844,204.647,128.109,86.685,47.793,25.296,10.606
9.07000,284.099,243.988,204.727,128.168,86.733,47.867,25.295,10.611
9.07333,284.268,244.089,204.875,128.223,86.802,47.792,25.299,10.538
9.07667,284.380,244.232,204.890,128.260,86.743,47.808,25.344,10.619
9.08000,284.482,244.323,205.063,128.323,86.826,47.894,25.354,10.620
9.08333,284.697,244.470,205.069,128.427,86.872,47.900,25.283,10.610
9.08667,284.714,244.590,205.206,128.480,86.900,47.909,25.352,10.526
9.09000,284.824,244.556,205.275,128.520,86.836,47.903,25.354,10.694
9.09333,284.979,244.650,205.444,128.572,86.955,47.961,25.381,10.616
9.09667,285.144,244.830,205.459,128.617,87.013,47.982,25.393,10.650
9.10000,285.241,244.945,205.503,128.647,86.979,48.006,25.376,10.675
9.10333,285.412,245.102,205.612,128.729,87.177,48.016,25.355,10.666
9.10667,285.553,245.116,205.730,128.812,87.164,48.000,25.415,10.653
9.11000,285.625,245.276,205.849,128.836,87.120,48.047,25.441,10.648
9.11333,285.719,245.359,205.970,128.885,87.194,48.059,25.506,10.681
9.11667,285.894,245.455,206.031,128.920,87.250,48.096,25.403,10.674
9.12000,285.983,245.519,206.087,129.016,87.267,48.089,25.442,10.666
9.12333,286.050,245.694,206.179,129.024,87.250,48.156,25.435,10.685
9.12667,286.255,245.750,206.292,129.130,87.338,48.141,25.448,10.687
9.13000,286.323,245.850,206.353,129.150,87.415,48.169,25.480,10.624
9.13333,286.429,245.982,206.444,129.167,87.411,48.175,25.483,10.706
9.13667,286.644,246.127,206.536,129.214,87.452,48.214,25.469,10.702
9.14000,286.696,246.192,206.686,129.361,87.459,48.221,25.509,10.757
9.14333,286.878,246.240,206.713,129.315,87.474,48.204,25.551,10.691
9.14667,286.964,246.398,206.819,129.434,87.592,48.261,25.552,10.795
9.15000,287.065,246.501,206.814,129.480,87.628,48.283,25.539,10.800
9.15333,287.237,246.586,206.902,129.492,87.650,48.334,25.515,10.748
9.15667,287.257,246.717,207.057,129.575,87.731,48.284,25.589,10.731
9.16000,287.433,246.806,207.177,129.666,87.742,48.406,25.532,10.725
9.16333,287.545,246.919,207.232,129.723,87.698,48.375,25.547,10.732
9.16667,287.674,247.058,207.350,129.784,87.798,48.396,25.649,10.781
9.17000,287.831,247.209,207.360,129.851,87.850,48.425,25.589,10.668
9.17333,287.941,247.200,207.476,129.863,87.824,48.358,25.636,10.717
9.17667,288.048,247.280,207.592,129.935,87.912,48.439,25.686,10.744
9.18000,288.211,247.479,207.729,130.009,87.955,48.420,25.651,10.773
9.18333,288.260,247.585,207.811,130.079,87.954,48.501,25.649,10.731
9.18667,288.362,247.735,207.896,130.042,88.008,48.489,25.676,10.767
9.19000,288.529,247.715,207.993,130.085,88.034,48.561,25.678,10.785
9.19333,288.632,247.919,208.068,130.154,88.071,48.487,25.665,10.789
9.19667,288.724,247.979,208.118,130.251,88.062,48.624,25.708,10.813
9.20000,288.881,248.048,208.244,130.230,88.105,48.553,25.633,10.777
9.20333,289.034,248.183,208.220,130.356,88.140,48.631,25.683,10.789
9.20667,289.127,248.251,208.360,130.434,88.227,48.634,25.725,10.807
9.21000,289.226,248.428,208.400,130.482,88.292,48.655,25.743,10.790
9.21333,289.365,248.525,208.577,130.476,88.315,48.656,25.746,10.782
9.21667,289.561,248.562,208.629,130.595,88.366,48.708,25.743,10.777
9.22000,289.645,248.737,208.751,130.698,88.352,48.711,25.735,10.857
9.22333,289.753,248.824,208.799,130.714,88.382,48.726,25.773,10.891
9.22667,289.890,248.846,208.948,130.740,88.454,48.690,25.810,10.847
9.23000,289.928,248.991,208.976,130.760,88.459,48.694,25.896,10.796
9.23333,290.111,249.143,209.070,130.850,88.500,48.811,25.841,10.844
9.23667,290.209,249.203,209.120,130.916,88.561,48.802,25.816,10.854
9.24000,290.360,249.253,209.219,130.964,88.618,48.846,25.802,10.856
9.24333,290.471,249.474,209.339,130.994,88.612,48.907,25.884,10.827
9.24667,290.575,249.526,209.418,131.094,88.657,48.882,25.977,10.875
9.25000,290.705,249.620,209.534,131.148,88.667,48.886,25.854,10.852
9.25333,290.754,249.703,209.584,131.199,88.742,48.876,25.919,10.866
9.25667,290.918,249.801,209.675,131.273,88.734,48.926,25.854,10.810
9.26000,291.064,249.904,209.801,131.297,88.873,48.947,25.896,10.853
9.26333,291.157,250.049,209.835,131.318,88.862,48.987,25.952,10.912
9.26667,291.279,250.159,209.944,131.434,88.861,48.967,25.939,10.841
9.27000,291.427,250.219,210.062,131.465,88.970,48.933,25.935,10.887
9.27333,291.439,250.309,210.096,131.509,88.974,48.994,25.940,10.896
9.27667,291.654,250.408,210.233,131.616,88.915,48.996,25.917,10.865
9.28000,291.723,250.542,210.288,131.631,89.004,49.029,25.948,10.859
9.28333,291.886,250.624,210.370,131.691,89.013,49.120,25.966,10.980
9.28667,292.011,250.719,210.397,131.815,89.150,49.078,25.986,10.924
9.29000,292.137,250.826,210.504,131.748,89.114,49.164,25.993,10.948
9.29333,292.199,250.994,210.639,131.809,89.183,49.177,25.982,10.950
9.29667,292.314,251.040,210.697,131.940,89.186,49.180,26.047,11.023
9.30000,292.475,251.129,210.804,131.954,89.265,49.210,26.061,10.926
9.30333,292.580,251.246,210.912,132.004,89.256,49.235,26.039,10.922
9.30667,292.706,251.381,211.012,132.063,89.301,49.266,25.977,10.895
9.31000,292.817,251.510,211.055,132.084,89.323,49.268,26.117,10.895
9.31333,292.884,251.554,211.169,132.168,89.381,49.258,26.054,10.937
9.31667,292.980,251.663,211.213,132.292,89.416,49.306,26.027,10.997
9.32000,293.204,251.720,211.382,132.326,89.452,49.304,26.103,10.910
9.32333,293.348,251.822,211.394,132.334,89.448,49.368,26.107,10.912
9.32667,293.392,251.942,211.431,132.342,89.588,49.390,26.135,11.005
9.33000,293.572,252.076,211.487,132.477,89.551,49.327,26.119,10.918
9.33333,293.630,252.099,211.634,132.481,89.604,49.404,26.188,11.058
9.33667,293.774,252.220,211.748,132.504,89.689,49.438,26.106,10.959
9.34000,293.883,252.351,211.764,132.604,89.604,49.419,26.213,11.040
9.34333,293.994,252.422,211.922,132.641,89.696,49.474,26.191,10.978
9.34667,294.082,252.556,211.976,132.697,89.735,49.472,26.216,11.016
9.35000,294.217,252.625,212.066,132.781,89.723,49.499,26.154,11.011
9.35333,294.397,252.738,212.147,132.830,89.787,49.471,26.203,10.953
9.35667,294.449,252.832,212.163,132.829,89.813,49.522,26.206,11.027
9.36000,294.545,252.963,212.326,132.911,89.880,49.595,26.222,11.010
9.36333,294.676,253.065,212.442,132.971,89.890,49.602,26.196,11.033
9.36667,294.853,253.211,212.519,133.009,90.033,49.663,26.160,11.094
9.37000,294.877,253.246,212.556,133.019,90.001,49.660,26.214,11.083
9.37333,295.034,253.328,212.637,133.125,89.987,49.661,26.232,11.080
9.37667,295.184,253.434,212.703,133.110,90.010,49.677,26.241,10.991
9.38000,295.236,253.549,212.832,133.207,90.135,49.668,26.354,11.091
9.38333,295.324,253.627,212.950,133.282,90.139,49.657,26.288,11.067
9.38667,295.508,253.700,213.009,133.312,90.178,49.671,26.313,11.096
9.39000,295.706,253.818,213.115,133.397,90.157,49.746,26.364,11.052
9.39333,295.755,253.940,213.162,133.439,90.218,49.796,26.355,11.056
9.39667,295.786,254.064,213.254,133.470,90.234,49.790,26.358,11.087
9.40000,296.010,254.218,213.299,133.491,90.311,49.838,26.384,11.038
9.40333,296.073,254.358,213.397,133.592,90.417,49.803,26.389,11.068
9.40667,296.234,254.335,213.557,133.618,90.346,49.813,26.402,11.020
9.41000,296.321,254.461,213.628,133.654,90.370,49.850,26.377,11.099
9.41333,296.390,254.551,213.624,133.702,90.472,49.812,26.372,11.110
9.41667,296.522,254.644,213.691,133.784,90.440,49.892,26.402,11.139
9.42000,296.755,254.730,213.821,133.830,90.554,49.906,26.399,11.122
9.42333,296.726,254.785,213.861,133.966,90.507,49.918,26.430,11.030
9.42667,296.903,254.906,214.051,133.945,90.632,49.908,26.425,11.109
9.43000,297.009,255.018,214.125,134.038,90.527,49.969,26.481,11.093
9.43333,297.110,255.107,214.112,134.023,90.646,49.895,26.498,11.099
9.43667,297.239,255.197,214.269,134.116,90.685,50.011,26.503,11.104
9.44000,297.341,255.316,214.298,134.160,90.710,50.088,26.537,11.184
9.44333,297.500,255.394,214.425,134.181,90.709,50.063,26.490,11.157
9.44667,297.565,255.500,214.451,134.209,90.792,50.068,26.501,11.174
9.45000,297.685,255.643,214.640,134.355,90.808,50.008,26.488,11.082
9.45333,297.835,255.797,214.595,134.318,90.892,50.116,26.555,11.081
9.45667,297.848,255.836,214.674,134.398,90.850,50.112,26.541,11.266
9.46000,298.018,255.906,214.827,134.410,90.860,50.204,26.551,11.129
9.46333,298.115,255.977,214.854,134.555,90.991,50.119,26.526,11.232
9.46667,298.181,256.057,214.959,134.629,90.961,50.120,26.526,11.089
9.47000,298.288,256.182,215.049,134.639,91.039,50.194,26.574,11.189
9.47333,298.471,256.269,215.187,134.639,91.053,50.276,26.622,11.146
9.47667,298.556,256.357,215.231,134.681,91.121,50.215,26.592,11.193
9.48000,298.722,256.537,215.283,134.827,91.104,50.252,26.600,11.148
9.48333,298.805,256.602,215.418,134.826,91.190,50.280,26.573,11.201
9.48667,298.862,256.621,215.467,134.912,91.185,50.244,26.680,11.218
9.49000,299.037,256.697,215.553,134.911,91.217,50.259,26.615,11.200
9.49333,299.125,256.843,215.652,135.071,91.304,50.294,26.612,11.172
9.49667,299.286,256.947,215.709,134.966,91.344,50.302,26.696,11.247
9.50000,299.302,257.116,215.792,134.990,91.305,50.377,26.623,11.221
9.50333,299.478,257.195,215.833,135.139,91.419,50.391,26.735,11.251
9.50667,299.585,257.259,215.879,135.181,91.299,50.349,26.748,11.211
9.51000,299.689,257.322,216.011,135.225,91.453,50.368,26.708,11.204
9.51333,299.785,257.516,216.080,135.278,91.387,50.396,26.700,11.184
9.51667,299.914,257.498,216.203,135.331,91.520,50.475,26.705,11.239
9.52000,300.039,257.604,216.240,135.363,91.597,50.418,26.692,11.192
9.52333,300.153,257.749,216.279,135.449,91.573,50.455,26.702,11.262
9.52667,300.238,257.809,216.357,135.421,91.623,50.554,26.721,11.227
9.53000,300.342,257.923,216.480,135.554,91.643,50.495,26.772,11.221
9.53333,300.514,258.000,216.592,135.654,91.689,50.604,26.773,11.264
9.53667,300.563,258.066,216.645,135.583,91.725,50.552,26.805,11.213
9.54000,300.680,258.241,216.819,135.696,91.771,50.601,26.759,11.257
9.54333,300.699,258.260,216.849,135.738,91.782,50.524,26.817,11.334
9.54667,300.909,258.336,216.876,135.743,91.853,50.536,26.746,11.303
9.55000,301.005,258.472,217.004,135.823,91.827,50.630,26.833,11.284
9.55333,301.140,258.590,217.058,135.841,91.944,50.693,26.731,11.280
9.55667,301.184,258.649,217.194,135.900,91.882,50.631,26.831,11.271
9.56000,301.366,258.760,217.189,135.975,91.904,50.603,26.808,11.323
9.56333,301.441,258.833,217.341,136.040,91.965,50.710,26.884,11.341
9.56667,301.582,258.990,217.371,136.027,91.933,50.697,26.890,11.261
9.57000,301.649,259.004,217.440,136.108,92.057,50.710,26.804,11.289
9.57333,301.850,259.112,217.535,136.173,92.029,50.831,26.867,11.330
9.57667,301.883,259.226,217.654,136.255,92.177,50.841,26.869,11.354
9.58000,302.010,259.319,217.705,136.244,92.118,50.705,26.896,11.353
9.58333,302.073,259.366,217.715,136.335,92.170,50.786,26.915,11.310
9.58667,302.185,259.487,217.864,136.374,92.179,50.824,26.905,11.340
9.59000,302.241,259.596,217.954,136.372,92.207,50.836,26.956,11.247
9.59333,302.470,259.649,218.018,136.443,92.251,50.814,26.935,11.287
9.59667,302.518,259.802,218.051,136.511,92.232,50.891,27.001,11.336
9.60000,302.622,259.877,218.130,136.535,92.287,50.907,26.991,11.362
9.60333,302.743,259.973,218.206,136.615,92.374,50.956,26.973,11.331
9.60667,302.881,259.974,218.365,136.643,92.394,50.874,26.958,11.354
9.61000,302.901,260.154,218.390,136.673,92.400,50.909,27.020,11.356
9.61333,303.029,260.251,218.475,136.779,92.481,50.981,26.971,11.326
9.61667,303.143,260.318,218.569,136.837,92.526,50.979,27.037,11.331
9.62000,303.239,260.376,218.632,136.805,92.530,51.006,26.995,11.369
9.62333,303.372,260.495,218.717,136.877,92.533,51.025,27.077,11.399
9.62667,303.467,260.590,218.764,137.002,92.567,51.119,27.030,11.321
9.63000,303.553,260.675,218.816,137.004,92.603,50.975,27.015,11.388
9.63333,303.673,260.825,218.929,137.039,92.685,51.112,27.133,11.421
9.63667,303.780,260.860,219.023,137.063,92.697,51.134,27.041,11.375
9.64000,303.843,260.991,219.117,137.187,92.673,51.105,27.077,11.398
9.64333,304.024,261.052,219.169,137.236,92.754,51.175,27.112,11.450
9.64667,304.141,261.123,219.281,137.254,92.813,51.257,27.152,11.424
9.65000,304.218,261.187,219.277,137.343,92.829,51.159,27.139,11.435
9.65333,304.352,261.316,219.382,137.346,92.852,51.172,27.102,11.475
9.65667,304.459,261.376,219.464,137.400,92.861,51.199,27.200,11.395
9.66000,304.507,261.479,219.550,137.479,92.961,51.233,27.138,11.417
9.66333,304.609,261.569,219.640,137.507,92.952,51.221,27.136,11.390
9.66667,304.723,261.682,219.682,137.569,93.010,51.314,27.222,11.423
9.67000,304.857,261.747,219.794,137.608,93.040,51.222,27.163,11.358
9.67333,304.979,261.873,219.769,137.572,93.014,51.208,27.133,11.468
9.67667,305.011,261.934,219.918,137.687,93.040,51.275,27.166,11.519
9.68000,305.149,262.022,219.984,137.750,93.131,51.321,27.199,11.471
9.68333,305.243,262.118,220.097,137.751,93.129,51.350,27.217,11.475
9.68667,305.401,262.220,220.216,137.894,93.112,51.394,27.256,11.494
9.69000,305.499,262.317,220.236,137.810,93.225,51.401,27.204,11.448
9.69333,305.612,262.349,220.356,137.863,93.243,51.377,27.271,11.485
9.69667,305.650,262.413,220.349,137.932,93.193,51.413,27.213,11.462
9.70000,305.789,262.559,220.472,138.030,93.199,51.393,27.268,11.456
9.70333,305.854,262.656,220.463,138.051,93.296,51.432,27.317,11.583
9.70667,305.987,262.702,220.581,138.082,93.363,51.441,27.253,11.508
9.71000,306.049,262.770,220.654,138.122,93.420,51.510,27.293,11.462
9.71333,306.152,262.903,220.769,138.177,93.439,51.488,27.318,11.415
9.71667,306.205,263.001,220.742,138.219,93.462,51.547,27.314,11.520
9.72000,306.409,263.118,220.852,138.234,93.492,51.496,27.370,11.529
9.72333,306.514,263.146,220.964,138.299,93.519,51.523,27.241,11.473
9.72667,306.620,263.232,220.978,138.337,93.568,51.539,27.361,11.486
9.73000,306.660,263.281,221.095,138.488,93.607,51.595,27.343,11.540
9.73333,306.751,263.396,221.175,138.419,93.642,51.567,27.372,11.533
9.73667,306.876,263.539,221.337,138.536,93.643,51.624,27.360,11.451
9.74000,306.980,263.583,221.308,138.576,93.663,51.612,27.433,11.559
9.74333,307.139,263.697,221.417,138.620,93.712,51.588,27.348,11.551
9.74667,307.179,263.757,221.485,138.610,93.692,51.704,27.406,11.539
9.75000,307.257,263.856,221.538,138.763,93.747,51.744,27.439,11.531
9.75333,307.425,263.978,221.615,138.710,93.804,51.719,27.420,11.585
9.75667,307.492,264.024,221.619,138.848,93.826,51.666,27.419,11.535
9.76000,307.554,264.127,221.771,138.894,93.827,51.750,27.391,11.483
9.76333,307.709,264.203,221.761,138.889,93.901,51.756,27.443,11.538
9.76667,307.814,264.340,221.927,138.959,93.881,51.751,27.504,11.576
9.77000,307.841,264.335,221.982,138.969,93.891,51.801,27.439,11.586
9.77333,307.971,264.429,222.066,138.955,93.928,51.797,27.394,11.598
9.77667,308.080,264.551,222.098,139.096,93.929,51.792,27.472,11.556
9.78000,308.159,264.648,222.186,139.030,94.009,51.865,27.542,11.528
9.78333,308.310,264.632,222.242,139.129,94.092,51.882,27.548,11.537
9.78667,308.386,264.771,222.307,139.185,94.101,51.925,27.493,11.518
9.79000,308.515,264.858,222.374,139.232,94.133,51.907,27.497,11.572
9.79333,308.532,264.920,222.508,139.320,94.125,51.881,27.537,11.564
9.79667,308.677,264.998,222.573,139.316,94.119,51.821,27.471,11.527
9.80000,308.808,265.136,222.641,139.408,94.241,51.887,27.526,11.601
9.80333,308.896,265.207,222.698,139.384,94.189,51.949,27.576,11.662
9.80667,308.988,265.324,222.730,139.407,94.259,51.957,27.557,11.585
9.81000,309.059,265.380,222.763,139.478,94.316,51.943,27.537,11.613
9.81333,309.147,265.430,222.838,139.516,94.372,52.028,27.573,11.582
9.81667,309.209,265.509,222.911,139.665,94.372,51.945,27.589,11.617
9.82000,309.388,265.617,223.032,139.625,94.388,51.964,27.587,11.497
9.82333,309.420,265.707,223.151,139.667,94.398,51.990,27.567,11.607
9.82667,309.527,265.787,223.162,139.768,94.476,52.034,27.668,11.618
9.83000,309.610,265.895,223.244,139.784,94.395,52.056,27.638,11.678
9.83333,309.719,265.935,223.329,139.751,94.491,52.007,27.592,11.650
9.83667,309.815,266.069,223.354,139.847,94.505,52.064,27.644,11.666
9.84000,309.985,266.114,223.441,139.938,94.535,52.151,27.653,11.640
9.84333,310.003,266.227,223.549,139.939,94.557,52.124,27.651,11.640
9.84667,310.167,266.273,223.652,139.979,94.649,52.128,27.719,11.658
9.85000,310.185,266.302,223.693,140.050,94.622,52.185,27.686,11.676
9.85333,310.245,266.399,223.682,140.125,94.630,52.176,27.675,11.668
9.85667,310.364,266.539,223.788,140.120,94.735,52.200,27.774,11.738
9.86000,310.521,266.656,223.841,140.143,94.761,52.196,27.672,11.653
9.86333,310.611,266.742,223.963,140.208,94.763,52.207,27.696,11.621
9.86667,310.718,266.830,223.937,140.261,94.784,52.239,27.672,11.743
9.87000,310.792,266.780,224.056,140.238,94.750,52.235,27.733,11.630
9.87333,310.879,267.004,224.154,140.316,94.901,52.295,27.763,11.661
9.87667,311.008,267.031,224.177,140.397,94.862,52.323,27.728,11.718
9.88000,311.103,267.100,224.300,140.412,94.897,52.310,27.781,11.681
9.88333,311.141,267.198,224.322,140.460,94.942,52.297,27.793,11.655
9.88667,311.287,267.181,224.416,140.468,94.994,52.389,27.718,11.663
9.89000,311.293,267.333,224.442,140.558,94.995,52.350,27.772,11.656
9.89333,311.444,267.371,224.563,140.606,94.934,52.360,27.703,11.682
9.89667,311.510,267.495,224.667,140.656,95.118,52.316,27.748,11.788
9.90000,311.657,267.629,224.725,140.718,95.065,52.448,27.799,11.706
9.90333,311.690,267.623,224.738,140.683,95.066,52.387,27.748,11.724
9.90667,311.793,267.757,224.745,140.782,95.121,52.459,27.812,11.710
9.91000,311.910,267.855,224.880,140.774,95.107,52.445,27.869,11.724
9.91333,312.013,267.834,224.966,140.794,95.193,52.449,27.832,11.693
9.91667,312.080,267.997,225.041,140.842,95.207,52.491,27.866,11.703
9.92000,312.173,268.038,225.058,140.893,95.229,52.577,27.855,11.758
9.92333,312.250,268.124,225.129,140.926,95.240,52.471,27.809,11.769
9.92667,312.338,268.218,225.265,141.020,95.319,52.558,27.835,11.743
9.93000,312.431,268.325,225.219,141.011,95.343,52.541,27.908,11.752
9.93333,312.564,268.389,225.332,141.038,95.342,52.586,27.820,11.704
9.93667,312.597,268.435,225.480,141.142,95.332,52.535,27.867,11.794
9.94000,312.688,268.523,225.446,141.141,95.396,52.563,27.916,11.738
9.94333,312.886,268.597,225.541,141.224,95.478,52.691,27.865,11.736
9.94667,312.893,268.637,225.613,141.291,95.556,52.618,27.910,11.832
9.95000,313.052,268.785,225.679,141.288,95.528,52.578,27.892,11.783
9.95333,313.059,268.772,225.825,141.310,95.513,52.609,27.912,11.743
9.95667,313.199,268.899,225.737,141.350,95.583,52.619,27.942,11.813
9.96000,313.279,268.972,225.869,141.445,95.509,52.626,27.954,11.737
9.96333,313.355,269.003,225.900,141.444,95.595,52.681,27.961,11.832
9.96667,313.439,269.106,226.033,141.478,95.546,52.694,27.960,11.757
9.97000,313.499,269.249,226.066,141.555,95.626,52.758,27.933,11.802
9.97333,313.636,269.205,226.121,141.655,95.660,52.735,27.993,11.854
9.97667,313.706,269.359,226.185,141.637,95.706,52.753,27.934,11.813
9.98000,313.778,269.428,226.238,141.681,95.740,52.792,27.973,11.822
9.98333,313.954,269.472,226.308,141.728,95.768,52.760,27.975,11.776
9.98667,313.981,269.533,226.305,141.799,95.744,52.722,27.979,11.861
9.99000,314.079,269.685,226.421,141.801,95.775,52.779,28.046,11.744
9.99333,314.137,269.659,226.503,141.750,95.870,52.860,28.117,11.807
9.99667,314.226,269.824,226.562,141.894,95.852,52.853,28.059,11.786
10.00000,314.316,269.896,226.641,141.904,95.896,52.828,28.069,11.746
10.00333,314.410,269.966,226.654,141.924,95.911,52.830,28.072,11.832
10.00667,314.433,270.051,226.746,141.989,95.938,52.918,28.081,11.818
10.01000,314.599,270.194,226.896,142.010,95.902,52.916,28.083,11.790
10.01333,314.671,270.220,226.881,142.038,95.947,52.963,28.065,11.811
10.01667,314.763,270.233,226.933,142.064,96.004,52.919,28.082,11.824
10.02000,314.826,270.363,227.019,142.111,96.035,52.972,28.137,11.910
10.02333,314.914,270.448,227.077,142.159,96.138,52.940,28.086,11.863
10.02667,315.050,270.506,227.068,142.295,96.083,52.977,28.080,11.847
10.03000,315.094,270.516,227.140,142.214,96.163,52.959,28.094,11.920
10.03333,315.160,270.641,227.212,142.265,96.143,53.004,28.159,11.859
10.03667,315.303,270.692,227.330,142.360,96.185,53.112,28.125,11.857
10.04000,315.345,270.788,227.425,142.374,96.139,53.020,28.148,11.886
10.04333,315.441,270.837,227.437,142.457,96.238,53.032,28.128,11.879
10.04667,315.564,270.921,227.500,142.463,96.302,53.053,28.216,11.895
10.05000,315.625,271.015,227.619,142.475,96.300,53.101,28.148,11.929
10.05333,315.721,271.077,227.648,142.484,96.340,53.100,28.188,11.830
10.05667,315.757,271.091,227.714,142.527,96.367,53.110,28.091,11.826
10.06000,315.804,271.277,227.691,142.652,96.356,53.174,28.187,11.869
10.06333,315.978,271.333,227.725,142.668,96.357,53.095,28.180,11.926
10.06667,316.077,271.317,227.933,142.701,96.418,53.192,28.206,11.844
10.07000,316.141,271.441,227.975,142.703,96.380,53.116,28.210,11.871
10.07333,316.200,271.495,228.026,142.733,96.456,53.209,28.183,11.922
10.07667,316.224,271.635,228.071,142.736,96.469,53.205,28.170,11.947
10.08000,316.366,271.673,228.108,142.858,96.497,53.211,28.203,11.934
10.08333,316.412,271.711,228.188,142.828,96.509,53.201,28.254,11.906
10.08667,316.509,271.727,228.212,142.906,96.576,53.161,28.172,11.949
10.09000,316.586,271.836,228.349,142.942,96.618,53.314,28.226,11.910
10.09333,316.690,271.921,228.328,143.016,96.628,53.232,28.254,11.950
10.09667,316.753,271.961,228.432,143.002,96.654,53.289,28.247,11.895
10.10000,316.873,272.052,228.471,143.047,96.659,53.351,28.309,11.985
10.10333,316.958,272.148,228.510,143.080,96.636,53.310,28.284,11.888
10.10667,317.030,272.238,228.587,143.151,96.720,53.300,28.348,11.874
10.11000,317.090,272.296,228.634,143.184,96.736,53.331,28.295,11.950
10.11333,317.228,272.292,228.661,143.202,96.716,53.356,28.268,11.922
10.11667,317.292,272.422,228.784,143.268,96.790,53.310,28.299,11.919
10.12000,317.377,272.489,228.818,143.296,96.827,53.372,28.287,11.848
10.12333,317.503,272.548,228.886,143.322,96.808,53.362,28.335,11.916
10.12667,317.456,272.617,228.916,143.313,96.892,53.333,28.291,11.925
10.13000,317.586,272.721,228.948,143.360,96.885,53.393,28.324,11.953
10.13333,317.727,272.800,229.082,143.500,96.930,53.446,28.343,11.933
10.13667,317.763,272.857,229.100,143.429,96.939,53.381,28.376,11.889
10.14000,317.873,272.873,229.204,143.446,96.924,53.463,28.349,12.004
10.14333,317.925,272.998,229.259,143.586,97.061,53.529,28.322,11.986
10.14667,317.958,273.046,229.290,143.558,97.011,53.426,28.355,11.952
10.15000,318.038,273.087,229.448,143.622,97.020,53.456,28.333,11.932
10.15333,318.184,273.140,229.469,143.646,97.039,53.520,28.391,11.925
10.15667,318.225,273.223,229.465,143.654,97.064,53.514,28.422,12.027
10.16000,318.306,273.358,229.551,143.720,97.175,53.531,28.424,11.983
10.16333,318.379,273.369,229.543,143.706,97.151,53.505,28.415,11.983
10.16667,318.480,273.455,229.656,143.753,97.177,53.528,28.345,11.953
10.17000,318.550,273.484,229.720,143.827,97.211,53.590,28.422,12.028
10.17333,318.654,273.538,229.731,143.824,97.197,53.586,28.487,12.023
10.17667,318.720,273.697,229.841,143.847,97.252,53.555,28.413,12.058
10.18000,318.769,273.757,229.839,143.921,97.212,53.572,28.500,11.990
10.18333,318.918,273.873,229.913,143.980,97.267,53.634,28.439,11.946
10.18667,318.968,273.913,229.964,143.995,97.224,53.578,28.408,11.993
10.19000,319.055,273.926,229.947,144.007,97.312,53.572,28.437,12.011
10.19333,319.113,274.057,230.074,144.137,97.350,53.724,28.482,11.934
10.19667,319.115,274.114,230.133,144.163,97.350,53.691,28.436,12.010
10.20000,319.193,274.150,230.288,144.114,97.452,53.650,28.580,12.031
10.20333,319.315,274.194,230.258,144.211,97.427,53.715,28.440,12.044
10.20667,319.436,274.238,230.293,144.203,97.495,53.730,28.564,12.021
10.21000,319.518,274.302,230.367,144.230,97.437,53.744,28.496,12.054
10.21333,319.604,274.365,230.372,144.276,97.478,53.717,28.453,12.009
10.21667,319.618,274.463,230.492,144.325,97.522,53.723,28.522,11.993
10.22000,319.705,274.473,230.581,144.355,97.512,53.763,28.545,12.001
10.22333,319.734,274.617,230.544,144.330,97.558,53.777,28.534,12.015
10.22667,319.821,274.665,230.656,144.449,97.572,53.820,28.552,12.078
10.23000,319.970,274.679,230.666,144.492,97.594,53.787,28.553,12.080
10.23333,319.948,274.746,230.737,144.518,97.583,53.849,28.582,12.085
10.23667,320.083,274.830,230.780,144.461,97.642,53.812,28.585,12.066
10.24000,320.117,274.938,230.921,144.529,97.665,53.854,28.528,12.051
10.24333,320.232,274.941,230.961,144.583,97.707,53.857,28.553,12.086
10.24667,320.250,275.055,231.032,144.611,97.738,53.881,28.665,12.019
10.25000,320.454,275.142,231.041,144.719,97.725,53.913,28.578,12.120
10.25333,320.494,275.185,231.066,144.733,97.772,53.881,28.670,12.099
10.25667,320.542,275.167,231.128,144.776,97.721,53.854,28.603,12.074
10.26000,320.621,275.180,231.186,144.793,97.864,53.916,28.590,11.976
10.26333,320.687,275.378,231.299,144.809,97.838,53.906,28.606,12.064
10.26667,320.725,275.458,231.333,144.861,97.890,53.981,28.673,12.105
10.27000,320.838,275.462,231.326,144.824,97.872,53.881,28.641,12.064
10.27333,320.906,275.559,231.382,144.859,97.877,53.930,28.639,12.063
10.27667,320.935,275.649,231.478,144.943,97.946,53.961,28.649,11.987
10.28000,321.069,275.653,231.496,144.961,97.930,53.974,28.657,12.112
10.28333,321.095,275.722,231.569,144.954,97.957,53.976,28.676,12.076
10.28667,321.144,275.759,231.627,145.099,97.951,54.006,28.633,12.096
10.29000,321.205,275.861,231.682,145.056,97.977,54.035,28.696,12.114
10.29333,321.298,275.896,231.780,145.094,98.098,54.025,28.687,12.121
10.29667,321.375,275.943,231.758,145.072,98.023,54.047,28.737,12.160
10.30000,321.460,276.057,231.832,145.191,98.105,54.030,28.666,12.044
10.30333,321.492,276.111,231.886,145.202,98.091,54.110,28.755,12.079
10.30667,321.602,276.127,231.953,145.239,98.151,53.999,28.721,12.140
10.31000,321.712,276.188,231.944,145.254,98.142,54.125,28.685,12.081
10.31333,321.757,276.323,232.050,145.282,98.123,54.128,28.728,12.105
10.31667,321.783,276.361,232.108,145.287,98.200,54.092,28.788,12.111
10.32000,321.906,276.381,232.141,145.336,98.182,54.095,28.785,12.146
10.32333,321.976,276.453,232.126,145.452,98.211,54.177,28.688,12.204
10.32667,322.024,276.473,232.272,145.414,98.264,54.172,28.791,12.104
10.33000,322.126,276.600,232.290,145.428,98.290,54.127,28.729,12.130
10.33333,322.159,276.617,232.282,145.453,98.284,54.178,28.760,12.126
10.33667,322.201,276.671,232.329,145.548,98.296,54.238,28.746,12.135
10.34000,322.266,276.723,232.430,145.611,98.298,54.166,28.753,12.175
10.34333,322.341,276.821,232.479,145.570,98.390,54.238,28.765,12.120
10.34667,322.482,276.831,232.483,145.619,98.387,54.229,28.805,12.179
10.35000,322.542,276.931,232.614,145.600,98.416,54.234,28.785,12.191
10.35333,322.561,276.989,232.655,145.713,98.390,54.252,28.823,12.145
10.35667,322.632,277.029,232.654,145.693,98.391,54.197,28.831,12.151
10.36000,322.669,277.118,232.772,145.769,98.457,54.303,28.764,12.168
10.36333,322.804,277.195,232.788,145.794,98.506,54.285,28.821,12.153
10.36667,322.857,277.236,232.809,145.753,98.509,54.332,28.813,12.141
10.37000,322.959,277.218,232.838,145.792,98.559,54.263,28.853,12.126
10.37333,322.989,277.356,232.930,145.792,98.509,54.276,28.864,12.171
10.37667,323.042,277.429,233.013,145.847,98.531,54.427,28.923,12.230
10.38000,323.213,277.452,233.049,145.911,98.585,54.346,28.833,12.237
10.38333,323.120,277.468,233.103,145.911,98.655,54.344,28.808,12.147
10.38667,323.300,277.630,233.109,145.976,98.662,54.372,28.879,12.187
10.39000,323.363,277.643,233.171,145.957,98.648,54.341,28.913,12.207
10.39333,323.440,277.708,233.242,146.031,98.634,54.441,28.844,12.208
10.39667,323.455,277.750,233.249,146.077,98.650,54.420,28.914,12.219
10.40000,323.564,277.879,233.366,146.011,98.605,54.388,28.883,12.296
10.40333,323.595,277.847,233.330,146.146,98.748,54.390,28.892,12.180
10.40667,323.666,277.918,233.429,146.121,98.756,54.424,28.891,12.203
10.41000,323.686,277.973,233.433,146.200,98.799,54.421,28.909,12.237
10.41333,323.817,278.099,233.462,146.207,98.800,54.488,28.894,12.157
10.41667,323.877,278.150,233.553,146.283,98.815,54.442,28.915,12.199
10.42000,323.933,278.145,233.591,146.283,98.814,54.499,28.966,12.207
10.42333,323.954,278.203,233.638,146.328,98.808,54.458,28.911,12.189
10.42667,324.115,278.285,233.713,146.285,98.797,54.459,28.946,12.215
10.43000,324.134,278.313,233.719,146.355,98.847,54.538,28.928,12.254
10.43333,324.178,278.395,233.798,146.465,98.897,54.508,28.917,12.238
10.43667,324.266,278.405,233.763,146.463,98.934,54.552,29.018,12.172
10.44000,324.307,278.487,233.909,146.462,98.930,54.482,28.995,12.202
10.44333,324.371,278.487,233.877,146.494,98.939,54.541,28.989,12.231
10.44667,324.492,278.531,233.983,146.549,98.890,54.562,28.979,12.236
10.45000,324.497,278.654,233.999,146.553,98.969,54.544,28.993,12.273
10.45333,324.564,278.695,234.021,146.597,98.985,54.607,28.978,12.182
10.45667,324.668,278.767,234.191,146.579,99.033,54.631,29.007,12.262
10.46000,324.697,278.853,234.180,146.613,99.042,54.598,29.002,12.250
10.46333,324.785,278.887,234.195,146.631,99.078,54.558,29.054,12.269
10.46667,324.831,278.915,234.225,146.688,99.117,54.630,29.037,12.228
10.47000,324.936,278.961,234.317,146.720,99.164,54.613,29.011,12.239
10.47333,324.978,279.126,234.295,146.732,99.158,54.590,28.973,12.227
10.47667,325.096,279.067,234.418,146.781,99.131,54.673,29.058,12.266
10.48000,325.051,279.137,234.468,146.821,99.135,54.580,29.043,12.226
10.48333,325.161,279.117,234.523,146.887,99.215,54.702,29.016,12.258
10.48667,325.162,279.254,234.604,146.862,99.182,54.650,29.111,12.319
10.49000,325.259,279.290,234.531,146.845,99.240,54.723,29.054,12.220
10.49333,325.356,279.379,234.623,146.917,99.275,54.683,29.028,12.266
10.49667,325.420,279.336,234.721,146.957,99.205,54.703,29.088,12.202
10.50000,325.488,279.413,234.739,147.007,99.266,54.684,29.092,12.226
10.50333,325.576,279.481,234.762,147.018,99.312,54.774,29.085,12.316
10.50667,325.597,279.568,234.753,147.099,99.330,54.759,29.088,12.288
10.51000,325.601,279.571,234.876,146.997,99.304,54.762,29.067,12.285
10.51333,325.705,279.655,234.879,147.098,99.399,54.750,29.034,12.273
10.51667,325.786,279.656,234.989,147.128,99.411,54.800,29.095,12.265
10.52000,325.870,279.745,234.931,147.113,99.387,54.799,29.086,12.260
10.52333,325.906,279.791,235.034,147.117,99.444,54.765,29.081,12.332
10.52667,325.887,279.873,235.065,147.199,99.472,54.797,29.106,12.285
10.53000,326.050,279.933,235.099,147.228,99.497,54.832,29.080,12.303
10.53333,326.042,279.960,235.132,147.277,99.485,54.822,29.125,12.316
10.53667,326.122,280.006,235.228,147.280,99.514,54.850,29.085,12.267
10.54000,326.249,280.059,235.262,147.283,99.546,54.818,29.163,12.291
10.54333,326.203,280.112,235.313,147.328,99.548,54.783,29.123,12.248
10.54667,326.308,280.245,235.265,147.338,99.573,54.926,29.213,12.316
10.55000,326.360,280.268,235.331,147.397,99.534,54.860,29.117,12.373
10.55333,326.422,280.254,235.415,147.441,99.586,54.926,29.155,12.344
10.55667,326.475,280.363,235.450,147.420,99.577,54.934,29.234,12.305
10.56000,326.581,280.341,235.507,147.436,99.595,54.902,29.185,12.351
10.56333,326.586,280.412,235.558,147.478,99.647,54.968,29.227,12.337
10.56667,326.622,280.493,235.562,147.554,99.635,54.893,29.136,12.302
10.57000,326.744,280.553,235.573,147.529,99.628,54.956,29.228,12.357
10.57333,326.733,280.647,235.660,147.565,99.716,54.901,29.231,12.286
10.57667,326.861,280.627,235.706,147.581,99.692,54.936,29.224,12.264
10.58000,326.907,280.659,235.722,147.572,99.734,54.981,29.201,12.361
10.58333,326.901,280.697,235.757,147.640,99.743,54.969,29.198,12.327
10.58667,327.034,280.833,235.850,147.704,99.768,54.953,29.179,12.328
10.59000,327.032,280.796,235.894,147.700,99.733,55.035,29.208,12.386
10.59333,327.142,280.863,235.899,147.720,99.797,54.982,29.249,12.411
10.59667,327.091,280.976,235.934,147.820,99.798,55.032,29.275,12.313
10.60000,327.197,281.003,235.945,147.763,99.849,54.957,29.216,12.416
10.60333,327.286,281.033,235.976,147.782,99.804,55.023,29.183,12.294
10.60667,327.405,281.076,236.081,147.815,99.910,55.046,29.193,12.318
10.61000,327.410,281.105,236.140,147.919,99.875,55.039,29.228,12.335
10.61333,327.483,281.177,236.199,147.896,99.864,55.017,29.255,12.353
10.61667,327.507,281.191,236.225,147.951,99.920,55.016,29.223,12.254
10.62000,327.593,281.269,236.261,147.920,99.902,55.116,29.253,12.368
10.62333,327.603,281.377,236.309,147.910,99.951,55.060,29.268,12.347
10.62667,327.615,281.351,236.330,147.997,99.905,55.091,29.332,12.381
10.63000,327.696,281.448,236.385,147.985,100.002,55.074,29.255,12.374
10.63333,327.788,281.478,236.497,148.065,100.047,55.137,29.316,12.385
10.63667,327.813,281.520,236.491,148.009,99.986,55.145,29.239,12.389
10.64000,327.907,281.541,236.508,148.052,100.044,55.135,29.273,12.358
10.64333,328.003,281.605,236.557,148.034,100.112,55.144,29.269,12.357
10.64667,328.061,281.656,236.621,148.199,100.063,55.118,29.318,12.370
10.65000,328.089,281.682,236.562,148.167,100.069,55.166,29.328,12.387
10.65333,328.156,281.729,236.689,148.240,100.085,55.200,29.358,12.352
10.65667,328.199,281.765,236.652,148.174,100.119,55.159,29.301,12.414
10.66000,328.283,281.861,236.770,148.172,100.162,55.200,29.275,12.396
10.66333,328.261,281.907,236.780,148.242,100.176,55.258,29.333,12.445
10.66667,328.368,282.029,236.832,148.230,100.158,55.329,29.342,12.405
10.67000,328.409,281.972,236.824,148.275,100.154,55.206,29.352,12.372
10.67333,328.476,282.078,236.868,148.293,100.194,55.207,29.384,12.470
10.67667,328.462,282.057,236.832,148.373,100.243,55.218,29.298,12.422
10.68000,328.525,282.104,236.953,148.484,100.239,55.283,29.369,12.434
10.68333,328.639,282.181,237.065,148.468,100.224,55.261,29.382,12.431
10.68667,328.688,282.187,237.001,148.408,100.270,55.254,29.321,12.350
10.69000,328.752,282.261,237.063,148.490,100.242,55.285,29.388,12.362
10.69333,328.782,282.202,237.116,148.571,100.302,55.273,29.362,12.435
10.69667,328.817,282.393,237.127,148.531,100.276,55.320,29.417,12.404
10.70000,328.808,282.334,237.234,148.473,100.287,55.338,29.419,12.398
10.70333,328.844,282.366,237.217,148.573,100.308,55.261,29.394,12.424
10.70667,328.957,282.515,237.301,148.594,100.383,55.316,29.354,12.460
10.71000,328.992,282.550,237.321,148.658,100.381,55.272,29.403,12.424
10.71333,329.119,282.560,237.312,148.568,100.368,55.347,29.373,12.433
10.71667,329.123,282.647,237.394,148.603,100.383,55.357,29.416,12.471
10.72000,329.213,282.712,237.445,148.740,100.431,55.344,29.340,12.483
10.72333,329.186,282.585,237.433,148.702,100.438,55.322,29.365,12.455
10.72667,329.280,282.740,237.454,148.708,100.532,55.395,29.449,12.406
10.73000,329.365,282.818,237.511,148.804,100.480,55.401,29.380,12.427
10.73333,329.375,282.782,237.598,148.797,100.464,55.382,29.372,12.411
10.73667,329.459,282.827,237.602,148.787,100.514,55.345,29.474,12.396
10.74000,329.469,282.908,237.655,148.811,100.462,55.378,29.428,12.485
10.74333,329.486,282.946,237.694,148.830,100.521,55.403,29.453,12.409
10.74667,329.618,282.937,237.713,148.847,100.498,55.387,29.463,12.488
10.75000,329.714,283.040,237.800,148.871,100.558,55.358,29.441,12.457
10.75333,329.733,283.063,237.790,148.917,100.640,55.468,29.424,12.444
10.75667,329.737,283.165,237.902,148.892,100.558,55.498,29.419,12.426
10.76000,329.783,283.172,237.845,148.972,100.591,55.482,29.506,12.486
10.76333,329.828,283.219,237.865,149.041,100.652,55.503,29.464,12.524
10.76667,329.848,283.249,237.879,149.026,100.654,55.557,29.478,12.509
10.77000,329.953,283.291,237.956,149.103,100.648,55.434,29.534,12.513
10.77333,330.054,283.413,238.015,149.041,100.657,55.483,29.492,12.504
10.77667,329.992,283.360,238.070,149.133,100.685,55.543,29.477,12.452
10.78000,330.118,283.443,238.055,149.008,100.706,55.533,29.521,12.496
10.78333,330.167,283.437,238.093,149.129,100.785,55.492,29.464,12.443
10.78667,330.248,283.524,238.136,149.087,100.728,55.510,29.496,12.512
10.79000,330.284,283.607,238.157,149.196,100.747,55.549,29.480,12.492
10.79333,330.309,283.546,238.199,149.179,100.777,55.513,29.485,12.425
10.79667,330.340,283.670,238.284,149.197,100.747,55.525,29.507,12.496
10.80000,330.369,283.709,238.299,149.222,100.785,55.603,29.490,12.480
10.80333,330.414,283.764,238.325,149.250,100.833,55.564,29.511,12.495
10.80667,330.468,283.744,238.399,149.320,100.797,55.573,29.547,12.453
10.81000,330.548,283.802,238.352,149.249,100.840,55.527,29.538,12.464
10.81333,330.591,283.814,238.409,149.288,100.831,55.504,29.572,12.489
10.81667,330.579,283.883,238.509,149.349,100.864,55.631,29.534,12.450
10.82000,330.607,283.887,238.504,149.356,100.820,55.674,29.613,12.503
10.82333,330.692,284.007,238.496,149.387,100.875,55.604,29.514,12.501
10.82667,330.741,284.039,238.541,149.330,100.881,55.576,29.532,12.508
10.83000,330.845,284.071,238.625,149.397,100.955,55.678,29.556,12.527
10.83333,330.835,284.081,238.676,149.461,100.863,55.610,29.489,12.527
10.83667,330.880,284.127,238.674,149.417,100.915,55.649,29.558,12.476
10.84000,330.990,284.190,238.704,149.455,100.929,55.655,29.540,12.502
10.84333,330.964,284.156,238.716,149.511,101.008,55.643,29.562,12.503
10.84667,331.041,284.198,238.757,149.572,100.938,55.635,29.574,12.520
10.85000,331.067,284.223,238.763,149.517,101.066,55.674,29.576,12.495
10.85333,331.161,284.298,238.798,149.526,101.010,55.683,29.575,12.444
10.85667,331.150,284.407,238.837,149.618,101.007,55.659,29.594,12.564
10.86000,331.225,284.389,238.932,149.534,101.055,55.646,29.554,12.555
10.86333,331.319,284.394,238.926,149.629,101.103,55.695,29.650,12.470
10.86667,331.289,284.456,239.032,149.662,101.043,55.739,29.641,12.449
10.87000,331.367,284.471,238.963,149.624,101.089,55.696,29.603,12.496
10.87333,331.395,284.606,239.010,149.689,101.096,55.672,29.595,12.573
10.87667,331.401,284.614,239.136,149.727,101.142,55.713,29.604,12.508
10.88000,331.492,284.647,239.132,149.679,101.115,55.702,29.546,12.489
10.88333,331.597,284.659,239.144,149.699,101.193,55.753,29.653,12.597
10.88667,331.567,284.708,239.220,149.787,101.154,55.723,29.624,12.506
10.89000,331.594,284.703,239.144,149.761,101.166,55.784,29.635,12.520
10.89333,331.613,284.777,239.260,149.777,101.113,55.757,29.610,12.546
10.89667,331.742,284.822,239.263,149.824,101.148,55.793,29.593,12.579
10.90000,331.732,284.909,239.302,149.854,101.136,55.755,29.630,12.589
10.90333,331.846,284.949,239.345,149.863,101.229,55.757,29.710,12.562
10.90667,331.774,284.887,239.334,149.897,101.204,55.775,29.709,12.544
10.91000,331.797,284.996,239.344,149.905,101.253,55.738,29.588,12.519
10.91333,331.938,285.031,239.391,149.948,101.199,55.841,29.655,12.571
10.91667,331.935,284.970,239.489,149.949,101.244,55.854,29.669,12.592
10.92000,332.013,285.056,239.429,149.989,101.313,55.808,29.649,12.543
10.92333,332.103,285.055,239.470,149.983,101.251,55.815,29.719,12.570
10.92667,332.093,285.163,239.538,149.994,101.400,55.874,29.680,12.521
10.93000,332.144,285.227,239.607,150.016,101.320,55.846,29.702,12.542
10.93333,332.146,285.210,239.627,150.021,101.308,55.872,29.708,12.545
10.93667,332.250,285.243,239.647,150.078,101.442,55.889,29.661,12.493
10.94000,332.369,285.301,239.598,150.129,101.340,55.850,29.612,12.525
10.94333,332.309,285.302,239.661,150.122,101.425,55.941,29.734,12.566
10.94667,332.319,285.331,239.750,150.100,101.431,55.855,29.750,12.578
10.95000,332.420,285.386,239.742,150.152,101.362,55.927,29.663,12.559
10.95333,332.436,285.490,239.825,150.188,101.382,55.917,29.731,12.504
10.95667,332.466,285.492,239.803,150.156,101.407,55.910,29.687,12.563
10.96000,332.524,285.481,239.875,150.180,101.386,55.853,29.634,12.554
10.96333,332.536,285.588,239.918,150.194,101.440,55.921,29.703,12.572
10.96667,332.589,285.587,239.837,150.260,101.461,55.916,29.757,12.559
10.97000,332.652,285.657,239.915,150.264,101.489,55.963,29.786,12.557
10.97333,332.636,285.733,239.932,150.246,101.483,55.879,29.674,12.566
10.97667,332.755,285.683,239.920,150.342,101.559,55.949,29.719,12.610
10.98000,332.781,285.749,239.998,150.299,101.478,55.984,29.741,12.650
10.98333,332.850,285.743,240.030,150.312,101.566,55.942,29.776,12.621
10.98667,332.878,285.812,240.116,150.364,101.551,56.029,29.777,12.519
10.99000,332.923,285.877,240.143,150.398,101.530,55.941,29.714,12.574
10.99333,332.867,285.943,240.132,150.341,101.553,56.056,29.745,12.642
10.99667,332.978,285.902,240.199,150.440,101.553,55.930,29.728,12.538
11.00000,333.113,285.878,240.218,150.319,101.589,56.043,29.786,12.634
11.00333,333.031,285.975,240.216,150.401,101.602,55.988,29.761,12.556
11.00667,333.146,285.965,240.234,150.458,101.638,56.053,29.719,12.595
11.01000,333.170,286.038,240.283,150.487,101.603,56.002,29.771,12.528
11.01333,333.180,286.071,240.377,150.503,101.642,56.011,29.725,12.568
11.01667,333.246,286.121,240.334,150.566,101.669,56.043,29.771,12.554
11.02000,333.213,286.137,240.426,150.566,101.699,56.031,29.772,12.575
11.02333,333.324,286.135,240.412,150.518,101.726,55.972,29.767,12.558
11.02667,333.368,286.265,240.403,150.540,101.727,56.109,29.773,12.579
11.03000,333.415,286.249,240.557,150.643,101.696,56.078,29.816,12.638
11.03333,333.437,286.276,240.462,150.646,101.642,56.070,29.816,12.555
11.03667,333.412,286.343,240.527,150.563,101.770,56.074,29.859,12.594
11.04000,333.535,286.322,240.590,150.655,101.713,56.004,29.841,12.599
11.04333,333.559,286.387,240.516,150.696,101.753,56.112,29.885,12.587
11.04667,333.570,286.431,240.575,150.722,101.774,56.149,29.826,12.640
11.05000,333.632,286.422,240.587,150.672,101.794,56.103,29.783,12.574
11.05333,333.654,286.469,240.624,150.683,101.803,56.064,29.811,12.635
11.05667,333.719,286.515,240.711,150.689,101.800,56.158,29.855,12.588
11.06000,333.739,286.568,240.710,150.746,101.843,56.142,29.820,12.621
11.06333,333.799,286.602,240.718,150.722,101.801,56.186,29.809,12.584
11.06667,333.848,286.635,240.803,150.757,101.824,56.094,29.853,12.582
11.07000,333.840,286.675,240.787,150.860,101.864,56.151,29.836,12.598
11.07333,333.870,286.629,240.857,150.846,101.855,56.149,29.899,12.687
11.07667,333.961,286.662,240.807,150.809,101.806,56.194,29.862,12.582
11.08000,333.961,286.738,240.848,150.815,101.883,56.121,29.881,12.593
11.08333,333.980,286.825,240.870,150.860,101.924,56.196,29.825,12.618
11.08667,334.028,286.865,240.870,150.903,101.840,56.147,29.839,12.628
11.09000,334.002,286.812,240.989,150.873,101.939,56.142,29.789,12.684
11.09333,334.165,286.872,240.974,150.980,101.973,56.172,29.846,12.603
11.09667,334.132,286.899,241.030,150.900,101.967,56.240,29.818,12.716
11.10000,334.139,286.971,241.022,150.942,102.006,56.198,29.908,12.657
11.10333,334.243,286.994,241.094,150.998,101.966,56.198,29.846,12.608
11.10667,334.328,287.009,241.185,151.007,101.913,56.189,29.865,12.642
11.11000,334.339,287.033,241.137,151.027,102.028,56.213,29.728,12.645
11.11333,334.335,287.085,241.135,151.033,102.032,56.228,29.896,12.706
11.11667,334.341,287.099,241.194,151.038,101.999,56.232,29.893,12.593
11.12000,334.409,287.182,241.199,151.098,102.041,56.234,29.857,12.629
11.12333,334.401,287.156,241.230,151.108,102.049,56.228,29.865,12.665
11.12667,334.440,287.216,241.315,151.083,102.035,56.238,29.884,12.619
11.13000,334.559,287.232,241.250,151.068,102.068,56.226,29.859,12.601
11.13333,334.494,287.277,241.305,151.154,102.120,56.310,29.889,12.624
11.13667,334.583,287.273,241.315,151.160,102.056,56.226,29.925,12.629
11.14000,334.617,287.322,241.313,151.086,102.106,56.272,29.880,12.619
11.14333,334.726,287.354,241.315,151.164,102.086,56.262,29.923,12.700
11.14667,334.628,287.365,241.354,151.172,102.075,56.284,29.911,12.691
11.15000,334.659,287.403,241.425,151.189,102.058,56.288,29.917,12.672
11.15333,334.762,287.427,241.412,151.212,102.128,56.320,29.897,12.643
11.15667,334.833,287.482,241.492,151.243,102.121,56.246,29.903,12.621
11.16000,334.845,287.519,241.519,151.285,102.110,56.263,29.854,12.674
11.16333,334.914,287.535,241.549,151.268,102.237,56.282,30.004,12.610
11.16667,334.869,287.571,241.570,151.348,102.206,56.327,29.914,12.623
11.17000,334.931,287.640,241.599,151.298,102.099,56.282,29.919,12.627
11.17333,334.963,287.609,241.656,151.323,102.201,56.339,29.928,12.683
11.17667,335.020,287.627,241.699,151.392,102.224,56.280,30.007,12.658
11.18000,335.060,287.676,241.701,151.323,102.175,56.373,29.919,12.723
11.18333,335.017,287.659,241.675,151.414,102.189,56.347,30.017,12.625
11.18667,335.101,287.762,241.743,151.364,102.251,56.364,29.906,12.642
11.19000,335.135,287.759,241.739,151.315,102.251,56.346,29.945,12.640
11.19333,335.179,287.773,241.754,151.372,102.267,56.328,29.896,12.626
11.19667,335.220,287.818,241.811,151.416,102.207,56.353,30.027,12.613
11.20000,335.237,287.842,241.764,151.412,102.243,56.347,29.971,12.702
11.20333,335.296,287.834,241.814,151.438,102.280,56.444,29.950,12.704
11.20667,335.303,287.872,241.839,151.372,102.307,56.378,29.985,12.636
11.21000,335.319,287.967,241.820,151.436,102.287,56.412,29.930,12.645
11.21333,335.359,287.904,241.917,151.467,102.346,56.443,29.917,12.677
11.21667,335.405,287.951,241.942,151.540,102.358,56.439,29.968,12.693
11.22000,335.452,287.969,241.974,151.545,102.333,56.417,29.959,12.716
11.22333,335.417,288.086,241.955,151.585,102.366,56.403,29.979,12.702
11.22667,335.568,288.008,242.003,151.520,102.329,56.335,29.969,12.618
11.23000,335.570,288.124,242.059,151.632,102.289,56.435,29.981,12.644
11.23333,335.633,288.122,242.098,151.576,102.382,56.456,29.976,12.695
11.23667,335.553,288.156,242.076,151.578,102.432,56.428,29.997,12.741
11.24000,335.641,288.196,242.084,151.565,102.375,56.412,29.966,12.644
11.24333,335.618,288.200,242.065,151.661,102.460,56.476,30.010,12.748
11.24667,335.681,288.246,242.128,151.652,102.425,56.402,30.082,12.718
11.25000,335.730,288.281,242.136,151.692,102.358,56.450,30.049,12.730
11.25333,335.760,288.302,242.239,151.645,102.437,56.472,29.979,12.763
11.25667,335.741,288.335,242.137,151.645,102.459,56.460,29.975,12.738
11.26000,335.807,288.360,242.250,151.720,102.497,56.474,30.003,12.702
11.26333,335.837,288.400,242.339,151.675,102.424,56.441,30.057,12.682
11.26667,335.924,288.339,242.238,151.737,102.510,56.473,30.018,12.761
11.27000,335.877,288.492,242.244,151.821,102.520,56.568,29.985,12.680
11.27333,335.947,288.440,242.249,151.801,102.500,56.489,30.042,12.714
11.27667,335.977,288.465,242.320,151.801,102.406,56.496,30.055,12.693
11.28000,335.964,288.574,242.363,151.764,102.457,56.538,30.038,12.703
11.28333,336.011,288.535,242.418,151.812,102.537,56.549,30.060,12.712
11.28667,336.033,288.592,242.379,151.776,102.545,56.523,30.045,12.707
11.29000,336.177,288.598,242.439,151.860,102.524,56.485,30.012,12.723
11.29333,336.198,288.565,242.491,151.793,102.576,56.541,29.973,12.719
11.29667,336.174,288.597,242.452,151.876,102.530,56.543,29.993,12.706
11.30000,336.178,288.728,242.536,151.832,102.502,56.524,30.060,12.698
11.30333,336.180,288.646,242.542,151.854,102.575,56.476,30.025,12.682
11.30667,336.193,288.753,242.565,151.885,102.473,56.540,30.089,12.704
11.31000,336.266,288.713,242.580,151.965,102.517,56.537,30.073,12.667
11.31333,336.365,288.726,242.605,151.934,102.580,56.573,29.998,12.726
11.31667,336.333,288.809,242.536,151.947,102.571,56.530,30.054,12.755
11.32000,336.348,288.830,242.632,151.978,102.673,56.557,30.045,12.735
11.32333,336.459,288.858,242.685,151.898,102.613,56.593,30.070,12.755
11.32667,336.475,288.901,242.629,151.932,102.673,56.518,30.057,12.646
11.33000,336.442,288.958,242.779,151.981,102.624,56.601,29.978,12.757
11.33333,336.471,288.927,242.696,151.924,102.684,56.572,30.044,12.695
11.33667,336.549,288.978,242.747,152.043,102.692,56.629,30.078,12.712
11.34000,336.582,288.975,242.710,152.017,102.699,56.564,30.053,12.730
11.34333,336.636,289.040,242.802,151.995,102.707,56.565,30.100,12.764
11.34667,336.618,289.061,242.793,152.058,102.686,56.596,30.063,12.659
11.35000,336.656,288.987,242.849,152.104,102.740,56.660,30.085,12.717
11.35333,336.734,289.086,242.917,152.032,102.737,56.640,30.106,12.769
11.35667,336.729,289.073,242.888,152.123,102.685,56.587,30.081,12.715
11.36000,336.738,289.123,242.932,152.133,102.787,56.555,30.143,12.739
11.36333,336.784,289.165,242.929,152.138,102.778,56.597,30.065,12.758
11.36667,336.779,289.205,242.926,152.108,102.810,56.657,30.125,12.716
11.37000,336.861,289.210,242.966,152.128,102.745,56.621,30.131,12.744
11.37333,336.838,289.221,242.996,152.157,102.800,56.614,30.126,12.691
11.37667,336.845,289.292,242.934,152.193,102.763,56.597,30.109,12.808
11.38000,336.913,289.256,243.023,152.249,102.765,56.687,30.096,12.679
11.38333,336.969,289.356,243.033,152.200,102.782,56.646,30.127,12.660
11.38667,336.977,289.330,243.073,152.217,102.823,56.740,30.172,12.770
11.39000,336.955,289.374,243.055,152.233,102.858,56.682,30.159,12.668
11.39333,337.049,289.387,243.062,152.173,102.795,56.703,30.111,12.771
11.39667,337.054,289.417,243.097,152.220,102.814,56.692,30.180,12.708
11.40000,337.045,289.409,243.099,152.293,102.859,56.716,30.152,12.781
11.40333,337.018,289.436,243.141,152.277,102.827,56.711,30.115,12.738
11.40667,337.095,289.448,243.229,152.281,102.872,56.679,30.177,12.707
11.41000,337.157,289.531,243.160,152.320,102.899,56.708,30.116,12.749
11.41333,337.142,289.512,243.272,152.384,102.837,56.723,30.136,12.738
11.41667,337.201,289.525,243.261,152.350,102.879,56.708,30.094,12.759
11.42000,337.170,289.482,243.288,152.350,102.867,56.660,30.133,12.758
11.42333,337.255,289.558,243.263,152.385,102.864,56.690,30.118,12.717
11.42667,337.382,289.614,243.299,152.422,102.842,56.658,30.128,12.736
11.43000,337.364,289.627,243.342,152.347,102.949,56.677,30.141,12.792
11.43333,337.369,289.640,243.355,152.349,102.950,56.708,30.113,12.753
11.43667,337.376,289.674,243.359,152.352,102.864,56.755,30.155,12.767
11.44000,337.436,289.670,243.383,152.468,102.893,56.676,30.185,12.731
11.44333,337.480,289.733,243.366,152.462,102.978,56.731,30.224,12.788
11.44667,337.556,289.732,243.405,152.438,102.927,56.666,30.241,12.805
11.45000,337.450,289.713,243.402,152.445,102.948,56.808,30.253,12.774
11.45333,337.532,289.734,243.391,152.455,102.973,56.766,30.187,12.749
11.45667,337.592,289.774,243.521,152.466,102.969,56.699,30.212,12.788
11.46000,337.512,289.919,243.497,152.544,102.995,56.756,30.228,12.762
11.46333,337.570,289.875,243.483,152.485,102.992,56.803,30.170,12.705
11.46667,337.634,289.867,243.520,152.516,102.964,56.762,30.163,12.784
11.47000,337.604,289.923,243.615,152.564,103.023,56.797,30.202,12.751
11.47333,337.666,289.904,243.542,152.578,102.991,56.744,30.231,12.776
11.47667,337.732,289.969,243.616,152.557,102.991,56.780,30.205,12.782
11.48000,337.679,289.992,243.676,152.573,103.029,56.821,30.202,12.803
11.48333,337.747,290.039,243.611,152.624,103.052,56.800,30.241,12.782
11.48667,337.743,290.042,243.591,152.653,103.102,56.825,30.185,12.771
11.49000,337.852,290.050,243.676,152.596,103.030,56.807,30.191,12.775
11.49333,337.801,290.088,243.610,152.642,103.084,56.800,30.153,12.883
11.49667,337.823,289.999,243.728,152.581,103.107,56.838,30.192,12.773
11.50000,337.814,290.104,243.711,152.598,103.074,56.820,30.241,12.790
11.50333,337.894,290.090,243.738,152.644,103.103,56.834,30.215,12.794
11.50667,337.937,290.179,243.741,152.690,103.037,56.743,30.236,12.811
11.51000,337.961,290.193,243.824,152.686,103.075,56.782,30.242,12.781
11.51333,337.950,290.136,243.768,152.697,103.100,56.843,30.202,12.845
11.51667,338.034,290.238,243.795,152.669,103.103,56.813,30.182,12.809
11.52000,338.032,290.168,243.801,152.630,103.172,56.830,30.199,12.852
11.52333,338.014,290.283,243.833,152.646,103.124,56.857,30.237,12.814
11.52667,338.103,290.254,243.850,152.762,103.135,56.853,30.230,12.788
11.53000,338.092,290.300,243.895,152.762,103.121,56.867,30.224,12.809
11.53333,338.135,290.355,243.893,152.730,103.106,56.833,30.166,12.808
11.53667,338.208,290.403,243.890,152.785,103.143,56.852,30.217,12.793
11.54000,338.202,290.351,243.913,152.815,103.148,56.850,30.236,12.807
11.54333,338.193,290.345,243.967,152.746,103.173,56.837,30.245,12.769
11.54667,338.275,290.461,243.959,152.793,103.214,56.884,30.231,12.831
11.55000,338.249,290.432,243.982,152.870,103.200,56.847,30.284,12.782
11.55333,338.264,290.392,244.021,152.805,103.231,56.882,30.223,12.847
11.55667,338.290,290.545,243.997,152.824,103.179,56.912,30.239,12.784
11.56000,338.309,290.507,244.020,152.843,103.250,56.896,30.339,12.834
11.56333,338.319,290.523,244.060,152.882,103.158,56.901,30.343,12.799
11.56667,338.386,290.552,244.125,152.825,103.183,56.890,30.226,12.827
11.57000,338.351,290.563,244.111,152.840,103.294,56.931,30.227,12.817
11.57333,338.393,290.600,244.123,152.863,103.209,56.897,30.230,12.850
11.57667,338.420,290.565,244.151,152.864,103.295,56.951,30.256,12.765
11.58000,338.472,290.623,244.158,152.948,103.320,56.855,30.262,12.780
11.58333,338.485,290.558,244.183,152.916,103.276,56.876,30.269,12.834
11.58667,338.472,290.629,244.154,152.960,103.317,56.955,30.253,12.795
11.59000,338.536,290.684,244.225,152.882,103.255,56.939,30.276,12.760
11.59333,338.558,290.674,244.187,152.949,103.257,56.883,30.195,12.829
11.59667,338.598,290.752,244.240,152.954,103.346,56.914,30.301,12.883
11.60000,338.550,290.740,244.240,152.989,103.339,56.902,30.263,12.755
11.60333,338.614,290.797,244.269,152.930,103.233,56.962,30.320,12.875
11.60667,338.683,290.789,244.284,153.015,103.308,56.915,30.317,12.805
11.61000,338.658,290.746,244.277,152.952,103.296,56.893,30.339,12.868
11.61333,338.701,290.814,244.282,152.949,103.273,56.978,30.302,12.822
11.61667,338.712,290.900,244.246,152.981,103.281,57.014,30.309,12.782
11.62000,338.693,290.801,244.340,153.016,103.316,56.951,30.332,12.813
11.62333,338.751,290.828,244.364,153.045,103.307,56.899,30.354,12.851
11.62667,338.793,290.868,244.363,153.062,103.374,56.919,30.293,12.820
11.63000,338.831,290.904,244.338,153.061,103.352,56.945,30.264,12.831
11.63333,338.814,290.906,244.372,153.057,103.333,56.939,30.271,12.773
11.63667,338.830,290.972,244.407,153.103,103.380,56.976,30.337,12.875
11.64000,338.777,290.951,244.462,153.069,103.357,56.947,30.348,12.789
11.64333,338.930,291.029,244.447,153.094,103.470,56.917,30.286,12.868
11.64667,338.900,291.043,244.441,153.037,103.415,56.915,30.305,12.781
11.65000,338.863,291.007,244.441,153.122,103.347,56.944,30.304,12.813
11.65333,338.954,291.056,244.482,153.157,103.388,57.055,30.320,12.852
11.65667,338.999,291.000,244.539,153.105,103.480,57.037,30.330,12.827
11.66000,338.998,291.085,244.565,153.159,103.376,57.002,30.355,12.822
11.66333,338.991,291.136,244.599,153.170,103.339,57.019,30.285,12.857
11.66667,339.001,291.063,244.575,153.132,103.425,56.939,30.386,12.817
11.67000,339.049,291.083,244.551,153.164,103.433,57.015,30.329,12.842
11.67333,339.075,291.238,244.562,153.189,103.390,57.061,30.316,12.826
11.67667,339.098,291.205,244.631,153.274,103.440,57.026,30.328,12.862
11.68000,339.173,291.196,244.647,153.225,103.466,57.001,30.252,12.879
11.68333,339.245,291.268,244.660,153.194,103.437,57.001,30.318,12.823
11.68667,339.161,291.182,244.655,153.274,103.528,57.005,30.283,12.801
11.69000,339.188,291.216,244.632,153.211,103.424,56.984,30.305,12.892
11.69333,339.248,291.257,244.686,153.260,103.511,57.026,30.334,12.830
11.69667,339.220,291.202,244.710,153.299,103.489,57.029,30.313,12.820
11.70000,339.284,291.303,244.728,153.182,103.518,57.044,30.306,12.900
11.70333,339.249,291.254,244.775,153.253,103.506,57.100,30.318,12.814
11.70667,339.352,291.391,244.763,153.319,103.493,57.058,30.347,12.821
11.71000,339.260,291.253,244.784,153.294,103.549,57.068,30.319,12.866
11.71333,339.343,291.351,244.750,153.270,103.548,57.044,30.309,12.849
11.71667,339.355,291.381,244.771,153.346,103.490,57.014,30.389,12.849
11.72000,339.373,291.409,244.895,153.262,103.486,57.079,30.290,12.840
11.72333,339.371,291.396,244.864,153.319,103.498,57.041,30.354,12.846
11.72667,339.451,291.443,244.821,153.307,103.514,57.056,30.325,12.864
11.73000,339.370,291.492,244.870,153.347,103.604,57.066,30.383,12.817
11.73333,339.436,291.391,244.852,153.403,103.553,57.121,30.335,12.815
11.73667,339.489,291.466,244.868,153.359,103.596,57.103,30.386,12.872
11.74000,339.464,291.470,244.874,153.337,103.516,57.004,30.355,12.861
11.74333,339.570,291.490,244.945,153.378,103.538,57.073,30.368,12.847
11.74667,339.497,291.534,244.858,153.362,103.573,57.084,30.330,12.900
11.75000,339.583,291.558,244.961,153.325,103.609,57.115,30.341,12.787
11.75333,339.554,291.581,244.937,153.455,103.618,57.060,30.350,12.808
11.75667,339.569,291.606,245.002,153.439,103.563,57.065,30.382,12.866
11.76000,339.641,291.612,244.957,153.421,103.660,57.110,30.385,12.832
11.76333,339.637,291.674,244.990,153.477,103.565,57.101,30.382,12.789
11.76667,339.707,291.579,245.054,153.459,103.631,57.081,30.362,12.867
11.77000,339.624,291.680,244.985,153.400,103.628,57.107,30.317,12.857
11.77333,339.644,291.661,245.072,153.471,103.677,57.101,30.305,12.900
11.77667,339.750,291.640,245.028,153.470,103.668,57.033,30.343,12.842
11.78000,339.686,291.752,245.048,153.488,103.621,57.162,30.391,12.897
11.78333,339.738,291.687,245.037,153.515,103.606,57.128,30.426,12.832
11.78667,339.734,291.739,245.115,153.489,103.669,57.191,30.431,12.826
11.79000,339.799,291.773,245.083,153.485,103.713,57.155,30.354,12.809
11.79333,339.829,291.798,245.150,153.542,103.659,57.153,30.375,12.922
11.79667,339.896,291.780,245.081,153.545,103.683,57.071,30.376,12.898
11.80000,339.847,291.904,245.145,153.562,103.690,57.137,30.357,12.842
11.80333,339.822,291.743,245.163,153.546,103.684,57.144,30.450,12.911
11.80667,339.881,291.819,245.191,153.599,103.693,57.085,30.362,12.870
11.81000,339.889,291.892,245.213,153.536,103.630,57.236,30.324,12.895
11.81333,339.965,291.902,245.204,153.592,103.705,57.152,30.369,12.951
11.81667,339.897,291.909,245.192,153.569,103.687,57.174,30.341,12.763
11.82000,339.937,291.904,245.235,153.561,103.701,57.149,30.373,12.850
11.82333,339.975,291.902,245.231,153.627,103.687,57.137,30.347,12.838
11.82667,340.001,291.884,245.260,153.639,103.677,57.152,30.412,12.893
11.83000,339.965,291.977,245.229,153.607,103.745,57.125,30.434,12.863
11.83333,340.065,291.894,245.325,153.665,103.759,57.161,30.378,12.902
11.83667,340.053,292.001,245.328,153.622,103.707,57.208,30.405,12.880
11.84000,340.058,292.009,245.329,153.614,103.749,57.198,30.390,12.890
11.84333,340.015,291.961,245.284,153.630,103.727,57.166,30.395,12.867
11.84667,340.079,292.004,245.317,153.720,103.686,57.155,30.406,12.893
11.85000,340.079,292.035,245.335,153.669,103.701,57.208,30.455,12.887
11.85333,340.159,292.090,245.392,153.692,103.800,57.136,30.410,12.913
11.85667,340.164,292.111,245.357,153.681,103.746,57.173,30.383,12.834
11.86000,340.149,292.038,245.385,153.670,103.801,57.158,30.427,12.874
11.86333,340.176,292.136,245.384,153.685,103.788,57.234,30.440,12.894
11.86667,340.318,292.090,245.475,153.693,103.779,57.192,30.439,12.974
11.87000,340.199,292.107,245.422,153.729,103.749,57.104,30.429,12.855
11.87333,340.265,292.197,245.448,153.750,103.735,57.193,30.438,12.849
11.87667,340.246,292.185,245.532,153.726,103.836,57.193,30.414,12.884
11.88000,340.224,292.301,245.470,153.649,103.777,57.216,30.480,12.931
11.88333,340.359,292.210,245.478,153.664,103.827,57.179,30.429,12.912
11.88667,340.307,292.157,245.534,153.759,103.779,57.233,30.424,12.962
11.89000,340.382,292.219,245.466,153.773,103.762,57.189,30.384,12.926
11.89333,340.369,292.229,245.488,153.828,103.834,57.261,30.450,12.900
11.89667,340.375,292.222,245.535,153.763,103.823,57.234,30.394,12.881
11.90000,340.312,292.213,245.576,153.769,103.841,57.257,30.387,12.920
11.90333,340.358,292.281,245.510,153.765,103.832,57.278,30.421,12.829
11.90667,340.400,292.317,245.595,153.813,103.795,57.259,30.450,12.824
11.91000,340.487,292.289,245.586,153.771,103.776,57.250,30.435,12.939
11.91333,340.466,292.283,245.560,153.810,103.881,57.301,30.500,12.810
11.91667,340.420,292.336,245.601,153.803,103.879,57.242,30.448,12.914
11.92000,340.505,292.379,245.567,153.822,103.887,57.177,30.506,12.901
11.92333,340.462,292.428,245.550,153.885,103.937,57.238,30.466,12.878
11.92667,340.540,292.408,245.589,153.874,103.856,57.240,30.502,12.876
11.93000,340.543,292.432,245.602,153.861,103.820,57.268,30.470,12.926
11.93333,340.528,292.402,245.694,153.785,103.869,57.155,30.481,12.908
11.93667,340.588,292.397,245.680,153.862,103.860,57.248,30.480,12.909
11.94000,340.566,292.471,245.621,153.890,103.891,57.270,30.461,12.912
11.94333,340.633,292.370,245.744,153.933,103.918,57.258,30.409,12.924
11.94667,340.623,292.497,245.712,153.907,103.922,57.266,30.449,12.854
11.95000,340.731,292.464,245.707,153.931,103.975,57.264,30.459,12.822
11.95333,340.677,292.463,245.702,153.861,103.906,57.283,30.497,12.868
11.95667,340.637,292.455,245.725,153.910,103.879,57.281,30.476,12.875
11.96000,340.703,292.569,245.758,153.876,103.922,57.253,30.434,12.887
11.96333,340.673,292.585,245.791,153.869,103.996,57.347,30.423,12.929
11.96667,340.774,292.440,245.764,153.961,103.905,57.238,30.447,12.918
11.97000,340.755,292.629,245.849,153.986,103.927,57.306,30.498,12.925
11.97333,340.728,292.570,245.820,153.869,104.030,57.232,30.412,12.914
11.97667,340.786,292.576,245.763,153.962,103.960,57.308,30.539,12.908
11.98000,340.768,292.603,245.817,153.930,103.980,57.304,30.458,12.947
11.98333,340.775,292.597,245.818,153.977,103.943,57.304,30.492,12.892
11.98667,340.743,292.619,245.842,153.917,103.879,57.315,30.404,12.873
11.99000,340.838,292.601,245.800,153.982,103.976,57.283,30.488,12.864
11.99333,340.838,292.678,245.913,154.018,103.904,57.338,30.487,12.860
11.99667,340.851,292.623,245.900,153.995,103.971,57.330,30.413,12.964
12.00000,340.812,292.657,245.917,154.020,104.028,57.301,30.509,12.899
