time_min,A246_mAU,A254_mAU,A261_mAU,A273_mAU,A290_mAU,A324_mAU,A350_mAU,A445_mAU
0.00000,32.407,26.437,22.510,13.385,9.324,4.525,2.468,0.545
0.00333,32.439,26.488,22.557,13.487,9.326,4.606,2.486,0.574
0.00667,32.444,26.476,22.533,13.456,9.296,4.513,2.487,0.603
0.01000,32.506,26.485,22.613,13.488,9.280,4.547,2.489,0.569
0.01333,32.535,26.513,22.649,13.493,9.323,4.571,2.499,0.443
0.01667,32.566,26.563,22.623,13.460,9.309,4.551,2.547,0.554
0.02000,32.508,26.588,22.635,13.516,9.357,4.494,2.522,0.551
0.02333,32.571,26.593,22.637,13.526,9.295,4.610,2.493,0.595
0.02667,32.591,26.588,22.643,13.533,9.374,4.531,2.484,0.563
0.03000,32.603,26.587,22.635,13.556,9.352,4.566,2.517,0.544
0.03333,32.604,26.666,22.700,13.524,9.352,4.611,2.532,0.575
0.03667,32.563,26.589,22.659,13.527,9.355,4.574,2.461,0.510
0.04000,32.729,26.708,22.729,13.478,9.365,4.591,2.527,0.618
0.04333,32.766,26.680,22.752,13.569,9.342,4.594,2.455,0.571
0.04667,32.754,26.741,22.768,13.599,9.353,4.604,2.548,0.574
0.05000,32.734,26.719,22.738,13.618,9.372,4.608,2.538,0.606
0.05333,32.721,26.738,22.774,13.666,9.436,4.547,2.485,0.659
0.05667,32.818,26.765,22.758,13.630,9.460,4.594,2.527,0.564
0.06000,32.896,26.860,22.817,13.673,9.381,4.678,2.564,0.630
0.06333,32.784,26.799,22.846,13.648,9.406,4.604,2.455,0.584
0.06667,32.880,26.897,22.871,13.654,9.370,4.551,2.524,0.567
0.07000,32.933,26.915,22.856,13.684,9.424,4.526,2.564,0.569
0.07333,32.846,26.924,22.935,13.691,9.448,4.597,2.488,0.572
0.07667,32.964,26.884,22.929,13.630,9.504,4.671,2.521,0.583
0.08000,32.955,26.902,22.953,13.710,9.442,4.656,2.596,0.580
0.08333,32.945,26.922,22.883,13.729,9.528,4.577,2.556,0.527
0.08667,32.992,27.016,23.029,13.674,9.526,4.597,2.479,0.574
0.09000,33.001,26.937,22.923,13.734,9.449,4.620,2.545,0.553
0.09333,33.008,26.973,22.930,13.729,9.494,4.622,2.558,0.659
0.09667,33.058,27.054,22.960,13.733,9.531,4.676,2.577,0.655
0.10000,33.131,27.028,23.018,13.770,9.555,4.633,2.581,0.611
0.10333,33.142,27.007,23.050,13.796,9.486,4.619,2.634,0.569
0.10667,33.146,27.133,23.066,13.774,9.505,4.625,2.519,0.572
0.11000,33.177,27.101,23.107,13.773,9.494,4.611,2.558,0.523
0.11333,33.214,27.156,23.067,13.828,9.586,4.605,2.562,0.664
0.11667,33.249,27.144,23.177,13.853,9.544,4.607,2.525,0.625
0.12000,33.299,27.153,23.078,13.753,9.566,4.686,2.544,0.614
0.12333,33.290,27.172,23.097,13.879,9.580,4.681,2.588,0.581
0.12667,33.268,27.215,23.159,13.827,9.512,4.706,2.589,0.610
0.13000,33.324,27.199,23.238,13.893,9.590,4.617,2.545,0.608
0.13333,33.280,27.134,23.167,13.909,9.559,4.663,2.575,0.600
0.13667,33.414,27.240,23.242,13.905,9.576,4.652,2.496,0.606
0.14000,33.380,27.239,23.221,13.861,9.595,4.720,2.641,0.630
0.14333,33.375,27.294,23.279,13.895,9.589,4.688,2.591,0.611
0.14667,33.384,27.323,23.273,13.986,9.577,4.759,2.648,0.593
0.15000,33.446,27.355,23.268,13.954,9.603,4.675,2.656,0.558
0.15333,33.495,27.355,23.304,13.951,9.653,4.674,2.620,0.603
0.15667,33.452,27.404,23.311,13.969,9.638,4.682,2.641,0.622
0.16000,33.516,27.421,23.361,13.963,9.633,4.643,2.635,0.571
0.16333,33.556,27.524,23.376,13.966,9.612,4.627,2.571,0.563
0.16667,33.577,27.443,23.376,13.976,9.621,4.787,2.532,0.610
0.17000,33.609,27.444,23.451,13.989,9.678,4.730,2.587,0.591
0.17333,33.654,27.513,23.421,13.994,9.680,4.650,2.576,0.618
0.17667,33.714,27.480,23.378,14.053,9.689,4.697,2.639,0.664
0.18000,33.605,27.556,23.414,14.045,9.710,4.709,2.622,0.527
0.18333,33.689,27.628,23.427,14.049,9.768,4.762,2.588,0.632
0.18667,33.772,27.608,23.447,14.044,9.655,4.740,2.637,0.652
0.19000,33.783,27.617,23.510,14.067,9.714,4.795,2.602,0.697
0.19333,33.808,27.617,23.527,14.128,9.704,4.767,2.602,0.584
0.19667,33.822,27.644,23.580,14.072,9.724,4.764,2.665,0.617
0.20000,33.794,27.644,23.576,14.032,9.759,4.792,2.676,0.668
0.20333,33.875,27.656,23.542,14.059,9.644,4.738,2.607,0.598
0.20667,33.869,27.733,23.599,14.082,9.746,4.748,2.689,0.591
0.21000,33.933,27.792,23.667,14.101,9.784,4.781,2.623,0.607
0.21333,33.901,27.685,23.601,14.171,9.718,4.724,2.605,0.635
0.21667,33.944,27.774,23.581,14.158,9.702,4.779,2.685,0.609
0.22000,34.061,27.787,23.696,14.208,9.703,4.791,2.622,0.616
0.22333,33.985,27.813,23.694,14.207,9.772,4.754,2.589,0.666
0.22667,33.974,27.844,23.709,14.242,9.805,4.820,2.649,0.630
0.23000,34.123,27.857,23.741,14.276,9.738,4.782,2.644,0.622
0.23333,34.132,27.876,23.711,14.239,9.836,4.774,2.630,0.618
0.23667,34.091,27.891,23.773,14.236,9.829,4.807,2.660,0.615
0.24000,34.115,27.913,23.714,14.238,9.783,4.744,2.628,0.619
0.24333,34.162,27.930,23.785,14.279,9.787,4.859,2.625,0.617
0.24667,34.213,27.973,23.813,14.285,9.790,4.844,2.643,0.664
0.25000,34.224,28.062,23.831,14.286,9.856,4.842,2.662,0.613
0.25333,34.246,28.005,23.823,14.349,9.831,4.865,2.684,0.626
0.25667,34.286,28.037,23.993,14.294,9.883,4.861,2.642,0.688
0.26000,34.279,28.068,23.935,14.258,9.825,4.848,2.629,0.616
0.26333,34.337,28.080,23.875,14.290,9.920,4.833,2.711,0.639
0.26667,34.341,28.146,23.961,14.394,9.850,4.840,2.667,0.676
0.27000,34.294,28.090,23.972,14.302,9.920,4.795,2.711,0.662
0.27333,34.453,28.137,23.983,14.312,9.934,4.865,2.683,0.623
0.27667,34.374,28.210,23.997,14.362,9.972,4.817,2.674,0.661
0.28000,34.457,28.189,23.942,14.343,9.847,4.863,2.599,0.631
0.28333,34.479,28.252,24.050,14.429,9.903,4.837,2.676,0.613
0.28667,34.547,28.298,24.021,14.374,9.891,4.852,2.727,0.617
0.29000,34.535,28.267,24.074,14.412,9.944,4.872,2.727,0.646
0.29333,34.597,28.286,24.094,14.402,9.903,4.896,2.667,0.664
0.29667,34.605,28.274,24.115,14.474,9.936,4.878,2.716,0.686
0.30000,34.613,28.307,24.120,14.497,9.972,4.864,2.657,0.657
0.30333,34.611,28.304,24.098,14.440,10.039,4.916,2.716,0.648
0.30667,34.676,28.317,24.199,14.451,10.043,4.895,2.669,0.628
0.31000,34.716,28.391,24.168,14.426,9.965,4.891,2.698,0.645
0.31333,34.685,28.412,24.201,14.500,10.033,4.900,2.657,0.652
0.31667,34.751,28.435,24.196,14.552,10.050,4.930,2.736,0.656
0.32000,34.709,28.461,24.232,14.493,9.950,4.915,2.681,0.671
0.32333,34.828,28.485,24.228,14.566,10.037,4.903,2.720,0.634
0.32667,34.842,28.494,24.260,14.528,10.061,4.987,2.750,0.700
0.33000,34.873,28.542,24.295,14.545,10.051,4.951,2.707,0.687
0.33333,34.893,28.556,24.288,14.596,10.001,4.945,2.823,0.592
0.33667,34.869,28.609,24.313,14.600,10.087,4.926,2.728,0.692
0.34000,34.862,28.676,24.346,14.660,10.038,4.973,2.751,0.704
0.34333,34.967,28.624,24.285,14.596,10.075,4.972,2.678,0.533
0.34667,34.968,28.642,24.350,14.606,10.014,4.951,2.733,0.640
0.35000,35.023,28.652,24.463,14.603,10.030,4.922,2.657,0.657
0.35333,35.028,28.685,24.435,14.608,10.054,4.984,2.709,0.638
0.35667,35.118,28.792,24.469,14.602,10.101,4.933,2.724,0.649
0.36000,35.104,28.791,24.448,14.710,10.116,4.955,2.708,0.612
0.36333,35.117,28.743,24.506,14.647,10.108,5.033,2.741,0.683
0.36667,35.106,28.815,24.487,14.663,10.162,4.945,2.737,0.671
0.37000,35.193,28.848,24.547,14.763,10.156,5.038,2.733,0.657
0.37333,35.282,28.886,24.566,14.705,10.135,4.971,2.750,0.635
0.37667,35.258,28.867,24.519,14.694,10.121,5.027,2.837,0.696
0.38000,35.254,28.915,24.586,14.682,10.210,5.052,2.747,0.718
0.38333,35.284,28.930,24.590,14.770,10.190,5.010,2.765,0.719
0.38667,35.341,28.912,24.627,14.785,10.136,5.004,2.722,0.701
0.39000,35.331,28.975,24.674,14.739,10.165,5.093,2.755,0.635
0.39333,35.384,29.005,24.668,14.771,10.127,5.032,2.738,0.680
0.39667,35.406,29.048,24.696,14.798,10.230,5.055,2.786,0.648
0.40000,35.388,29.013,24.663,14.863,10.208,5.014,2.727,0.708
0.40333,35.488,29.060,24.697,14.858,10.257,5.023,2.806,0.684
0.40667,35.467,29.082,24.684,14.832,10.171,5.041,2.754,0.676
0.41000,35.563,29.099,24.731,14.858,10.178,5.080,2.892,0.652
0.41333,35.553,29.185,24.863,14.933,10.179,5.098,2.790,0.628
0.41667,35.606,29.166,24.794,14.929,10.223,5.028,2.770,0.724
0.42000,35.592,29.180,24.867,14.904,10.241,4.962,2.747,0.703
0.42333,35.629,29.192,24.901,14.898,10.275,5.069,2.734,0.708
0.42667,35.672,29.256,24.929,14.927,10.226,5.073,2.746,0.670
0.43000,35.742,29.323,24.889,14.930,10.247,5.048,2.749,0.716
0.43333,35.755,29.226,24.973,14.954,10.285,5.139,2.851,0.729
0.43667,35.737,29.302,24.964,14.982,10.258,5.061,2.837,0.717
0.44000,35.791,29.343,24.983,14.989,10.382,5.072,2.746,0.689
0.44333,35.832,29.394,24.950,14.937,10.293,5.039,2.804,0.668
0.44667,35.813,29.451,25.041,15.075,10.302,5.078,2.846,0.672
0.45000,35.869,29.444,25.041,14.945,10.297,5.133,2.795,0.711
0.45333,35.923,29.461,25.089,15.059,10.328,5.108,2.781,0.631
0.45667,35.920,29.486,25.085,15.010,10.330,5.113,2.903,0.702
0.46000,35.992,29.472,25.067,15.051,10.380,5.092,2.798,0.656
0.46333,36.004,29.503,25.131,15.052,10.347,5.111,2.816,0.694
0.46667,36.009,29.506,25.118,15.111,10.322,5.124,2.880,0.738
0.47000,36.013,29.546,25.162,15.129,10.452,5.055,2.839,0.704
0.47333,36.091,29.590,25.204,15.111,10.382,5.109,2.828,0.742
0.47667,36.097,29.605,25.156,15.118,10.364,5.132,2.891,0.705
0.48000,36.146,29.630,25.204,15.124,10.393,5.132,2.898,0.736
0.48333,36.183,29.634,25.227,15.110,10.400,5.141,2.814,0.756
0.48667,36.230,29.727,25.226,15.121,10.464,5.185,2.815,0.693
0.49000,36.240,29.643,25.276,15.158,10.399,5.170,2.875,0.742
0.49333,36.310,29.713,25.289,15.202,10.432,5.156,2.869,0.698
0.49667,36.231,29.773,25.341,15.209,10.447,5.158,2.847,0.739
0.50000,36.332,29.779,25.399,15.178,10.476,5.225,2.862,0.749
0.50333,36.316,29.863,25.370,15.221,10.436,5.207,2.907,0.728
0.50667,36.383,29.816,25.397,15.166,10.467,5.212,2.839,0.708
0.51000,36.384,29.857,25.426,15.261,10.476,5.191,2.904,0.777
0.51333,36.387,29.916,25.392,15.259,10.503,5.242,2.874,0.703
0.51667,36.446,29.914,25.466,15.244,10.508,5.196,2.876,0.671
0.52000,36.524,29.972,25.441,15.319,10.509,5.211,2.892,0.747
0.52333,36.533,30.031,25.424,15.291,10.477,5.199,2.894,0.718
0.52667,36.608,30.077,25.590,15.299,10.502,5.157,2.847,0.691
0.53000,36.590,30.019,25.537,15.350,10.483,5.200,2.845,0.722
0.53333,36.633,30.130,25.607,15.404,10.501,5.185,2.854,0.764
0.53667,36.549,30.077,25.586,15.344,10.518,5.234,2.905,0.769
0.54000,36.646,30.110,25.633,15.430,10.535,5.271,2.925,0.681
0.54333,36.733,30.099,25.658,15.344,10.616,5.278,2.913,0.732
0.54667,36.737,30.109,25.669,15.446,10.580,5.288,2.972,0.777
0.55000,36.782,30.232,25.676,15.482,10.617,5.274,2.926,0.679
0.55333,36.766,30.237,25.712,15.383,10.607,5.282,2.836,0.759
0.55667,36.792,30.276,25.763,15.390,10.649,5.238,2.883,0.675
0.56000,36.889,30.265,25.696,15.472,10.616,5.316,2.852,0.690
0.56333,36.905,30.314,25.797,15.422,10.653,5.257,2.918,0.745
0.56667,36.901,30.339,25.828,15.443,10.610,5.294,2.980,0.757
0.57000,36.991,30.323,25.795,15.494,10.610,5.246,2.891,0.716
0.57333,37.013,30.348,25.797,15.498,10.681,5.320,2.871,0.743
0.57667,37.011,30.497,25.876,15.505,10.699,5.287,2.906,0.794
0.58000,37.066,30.477,25.876,15.573,10.732,5.304,2.908,0.744
0.58333,37.095,30.454,25.928,15.560,10.709,5.311,2.947,0.721
0.58667,37.115,30.454,25.927,15.573,10.669,5.351,2.862,0.750
0.59000,37.160,30.527,25.994,15.591,10.771,5.347,2.897,0.716
0.59333,37.186,30.480,25.971,15.592,10.675,5.340,2.920,0.808
0.59667,37.174,30.551,25.980,15.660,10.794,5.305,2.984,0.733
0.60000,37.213,30.609,26.017,15.643,10.799,5.327,2.884,0.714
0.60333,37.267,30.680,26.078,15.648,10.793,5.292,2.931,0.756
0.60667,37.242,30.701,26.085,15.678,10.820,5.318,2.920,0.798
0.61000,37.316,30.665,26.048,15.646,10.817,5.366,2.921,0.749
0.61333,37.322,30.699,26.179,15.683,10.789,5.341,2.926,0.738
0.61667,37.377,30.753,26.193,15.747,10.821,5.376,2.922,0.756
0.62000,37.443,30.717,26.117,15.698,10.812,5.384,2.922,0.748
0.62333,37.446,30.763,26.146,15.729,10.820,5.381,2.989,0.759
0.62667,37.529,30.815,26.293,15.714,10.852,5.286,3.002,0.724
0.63000,37.571,30.864,26.218,15.822,10.900,5.359,2.905,0.768
0.63333,37.577,30.853,26.195,15.729,10.847,5.417,2.952,0.713
0.63667,37.611,30.930,26.280,15.822,10.874,5.403,2.961,0.771
0.64000,37.646,30.876,26.272,15.802,10.809,5.367,2.912,0.790
0.64333,37.662,30.927,26.331,15.796,10.827,5.425,2.945,0.777
0.64667,37.727,30.905,26.327,15.815,10.882,5.414,2.976,0.732
0.65000,37.679,31.013,26.448,15.832,10.914,5.464,3.001,0.728
0.65333,37.746,31.050,26.368,15.825,10.856,5.391,2.966,0.790
0.65667,37.809,31.129,26.423,15.892,10.833,5.391,3.054,0.824
0.66000,37.824,31.046,26.463,15.946,10.987,5.411,2.961,0.789
0.66333,37.887,31.130,26.360,15.922,10.940,5.395,2.957,0.771
0.66667,37.964,31.150,26.486,15.909,10.919,5.476,2.960,0.728
0.67000,37.997,31.182,26.510,15.901,10.910,5.435,3.007,0.802
0.67333,37.966,31.115,26.497,15.938,11.017,5.454,2.968,0.797
0.67667,38.006,31.262,26.513,15.936,10.935,5.439,2.960,0.812
0.68000,38.006,31.250,26.578,15.956,10.928,5.465,3.035,0.848
0.68333,38.050,31.249,26.589,15.970,10.990,5.522,2.989,0.755
0.68667,38.052,31.380,26.640,16.016,10.974,5.482,3.010,0.817
0.69000,38.186,31.292,26.604,16.018,10.974,5.456,2.961,0.812
0.69333,38.088,31.375,26.685,16.020,10.976,5.385,2.979,0.780
0.69667,38.173,31.436,26.686,16.039,11.024,5.483,3.027,0.815
0.70000,38.245,31.367,26.714,16.089,11.089,5.509,3.032,0.758
0.70333,38.246,31.435,26.728,16.039,11.041,5.505,2.999,0.806
0.70667,38.239,31.449,26.758,16.079,11.136,5.539,2.968,0.842
0.71000,38.287,31.524,26.757,16.135,11.048,5.492,3.028,0.797
0.71333,38.416,31.477,26.812,16.141,11.094,5.479,3.019,0.784
0.71667,38.416,31.602,26.846,16.163,11.112,5.566,3.032,0.855
0.72000,38.416,31.553,26.895,16.165,11.049,5.608,3.032,0.759
0.72333,38.462,31.655,26.847,16.215,11.124,5.522,3.077,0.810
0.72667,38.485,31.691,26.864,16.211,11.136,5.509,3.012,0.760
0.73000,38.544,31.707,26.924,16.213,11.205,5.548,3.021,0.878
0.73333,38.607,31.737,26.935,16.200,11.163,5.555,3.110,0.821
0.73667,38.663,31.688,26.981,16.213,11.166,5.573,3.045,0.837
0.74000,38.580,31.814,27.008,16.273,11.181,5.595,2.990,0.827
0.74333,38.633,31.823,27.076,16.306,11.188,5.490,3.067,0.839
0.74667,38.694,31.826,26.989,16.303,11.161,5.552,3.079,0.791
0.75000,38.695,31.875,27.132,16.306,11.195,5.580,3.026,0.757
0.75333,38.825,31.908,27.146,16.272,11.171,5.559,3.133,0.818
0.75667,38.833,31.878,27.091,16.302,11.234,5.571,3.080,0.839
0.76000,38.798,31.995,27.116,16.267,11.205,5.525,3.041,0.830
0.76333,38.880,31.949,27.161,16.372,11.204,5.649,3.078,0.845
0.76667,38.846,31.998,27.280,16.425,11.264,5.566,3.092,0.774
0.77000,38.930,31.996,27.289,16.359,11.243,5.658,3.059,0.760
0.77333,38.937,32.047,27.264,16.404,11.217,5.629,3.071,0.844
0.77667,39.009,32.052,27.272,16.328,11.231,5.677,3.078,0.774
0.78000,39.035,32.116,27.313,16.442,11.296,5.623,3.134,0.836
0.78333,39.069,32.151,27.250,16.390,11.278,5.632,3.102,0.854
0.78667,39.116,32.149,27.336,16.513,11.280,5.670,3.046,0.786
0.79000,39.166,32.150,27.334,16.496,11.337,5.596,3.029,0.848
0.79333,39.213,32.232,27.437,16.516,11.371,5.603,3.085,0.856
0.79667,39.215,32.276,27.407,16.553,11.379,5.661,3.095,0.862
0.80000,39.299,32.288,27.483,16.553,11.351,5.623,3.078,0.868
0.80333,39.276,32.339,27.426,16.558,11.358,5.665,3.074,0.840
0.80667,39.280,32.405,27.540,16.564,11.361,5.625,3.088,0.822
0.81000,39.335,32.386,27.543,16.614,11.339,5.700,3.112,0.860
0.81333,39.363,32.398,27.564,16.585,11.403,5.663,3.105,0.799
0.81667,39.460,32.452,27.611,16.586,11.401,5.687,3.101,0.893
0.82000,39.445,32.510,27.616,16.638,11.454,5.702,3.135,0.822
0.82333,39.500,32.527,27.638,16.620,11.435,5.788,3.109,0.860
0.82667,39.529,32.540,27.636,16.692,11.509,5.712,3.161,0.830
0.83000,39.593,32.618,27.686,16.653,11.431,5.704,3.189,0.838
0.83333,39.585,32.560,27.659,16.752,11.451,5.699,3.160,0.850
0.83667,39.642,32.658,27.769,16.726,11.459,5.768,3.146,0.814
0.84000,39.709,32.669,27.772,16.673,11.425,5.746,3.192,0.860
0.84333,39.693,32.625,27.783,16.724,11.524,5.711,3.215,0.873
0.84667,39.748,32.786,27.819,16.791,11.499,5.738,3.134,0.884
0.85000,39.758,32.804,27.893,16.804,11.558,5.752,3.118,0.812
0.85333,39.824,32.840,27.852,16.845,11.494,5.768,3.125,0.850
0.85667,39.860,32.742,27.895,16.791,11.512,5.817,3.141,0.875
0.86000,39.913,32.857,27.930,16.869,11.554,5.682,3.180,0.876
0.86333,39.929,32.896,27.941,16.808,11.524,5.776,3.218,0.913
0.86667,39.904,32.940,27.978,16.851,11.559,5.797,3.161,0.828
0.87000,40.061,32.894,27.942,16.894,11.614,5.821,3.180,0.815
0.87333,40.031,32.988,28.001,16.925,11.583,5.774,3.188,0.864
0.87667,40.081,33.019,28.019,16.932,11.522,5.721,3.179,0.822
0.88000,40.174,32.966,28.067,16.884,11.542,5.798,3.216,0.807
0.88333,40.111,33.132,28.134,16.983,11.646,5.714,3.173,0.838
0.88667,40.158,33.173,28.114,16.981,11.666,5.809,3.168,0.891
0.89000,40.150,33.114,28.194,16.987,11.697,5.766,3.224,0.844
0.89333,40.307,33.171,28.180,17.005,11.718,5.834,3.080,0.929
0.89667,40.310,33.250,28.162,17.026,11.691,5.812,3.194,0.878
0.90000,40.346,33.282,28.301,17.028,11.713,5.855,3.243,0.892
0.90333,40.381,33.195,28.232,17.024,11.720,5.873,3.259,0.917
0.90667,40.378,33.274,28.317,17.058,11.731,5.862,3.186,0.862
0.91000,40.471,33.354,28.307,17.034,11.734,5.858,3.192,0.897
0.91333,40.512,33.356,28.368,17.118,11.730,5.858,3.224,0.912
0.91667,40.537,33.353,28.398,17.128,11.740,5.872,3.203,0.903
0.92000,40.596,33.427,28.413,17.102,11.709,5.884,3.208,0.906
0.92333,40.582,33.416,28.467,17.135,11.792,5.863,3.186,0.860
0.92667,40.670,33.532,28.393,17.128,11.777,5.895,3.235,0.925
0.93000,40.671,33.568,28.463,17.196,11.754,5.884,3.251,0.906
0.93333,40.679,33.451,28.550,17.224,11.692,5.953,3.230,0.856
0.93667,40.771,33.615,28.543,17.156,11.799,5.905,3.275,0.874
0.94000,40.794,33.688,28.584,17.207,11.793,5.988,3.260,0.936
0.94333,40.825,33.723,28.553,17.291,11.808,5.901,3.219,0.854
0.94667,40.840,33.724,28.628,17.245,11.776,5.932,3.361,0.909
0.95000,40.908,33.718,28.645,17.250,11.890,5.827,3.265,0.898
0.95333,40.938,33.788,28.661,17.308,11.818,5.966,3.268,0.918
0.95667,40.997,33.764,28.701,17.325,11.895,5.946,3.271,0.917
0.96000,41.028,33.849,28.691,17.306,11.899,5.991,3.279,0.915
0.96333,41.046,33.902,28.763,17.346,11.885,5.909,3.273,0.897
0.96667,41.147,33.856,28.775,17.415,11.898,5.970,3.271,0.907
0.97000,41.147,33.928,28.833,17.388,11.890,5.990,3.250,0.858
0.97333,41.150,33.984,28.864,17.412,11.893,6.009,3.258,0.939
0.97667,41.250,33.963,28.883,17.473,11.972,6.007,3.265,0.900
0.98000,41.279,34.053,28.854,17.429,11.957,6.025,3.240,0.965
0.98333,41.300,34.099,28.951,17.413,11.998,5.991,3.243,0.941
0.98667,41.354,34.061,28.969,17.465,11.968,6.023,3.331,0.896
0.99000,41.278,34.089,29.002,17.495,11.972,6.097,3.304,0.937
0.99333,41.386,34.100,29.005,17.440,12.026,6.023,3.285,0.899
0.99667,41.416,34.185,29.009,17.541,12.036,5.982,3.269,0.870
1.00000,41.471,34.218,29.042,17.558,12.005,6.029,3.332,0.949
1.00333,41.538,34.249,29.069,17.595,12.057,6.043,3.317,0.915
1.00667,41.583,34.298,29.146,17.605,12.058,6.018,3.342,0.906
1.01000,41.575,34.384,29.205,17.561,12.085,6.086,3.358,0.929
1.01333,41.660,34.258,29.186,17.586,12.039,6.031,3.337,0.921
1.01667,41.682,34.431,29.219,17.621,12.084,5.935,3.316,0.894
1.02000,41.710,34.379,29.247,17.668,12.073,6.093,3.263,0.922
1.02333,41.832,34.460,29.240,17.706,12.104,6.148,3.336,0.923
1.02667,41.812,34.444,29.268,17.692,12.167,6.096,3.369,0.902
1.03000,41.812,34.558,29.341,17.705,12.105,6.129,3.228,0.921
1.03333,41.893,34.607,29.367,17.714,12.152,6.099,3.355,0.885
1.03667,41.949,34.643,29.418,17.720,12.162,6.094,3.292,0.933
1.04000,41.959,34.622,29.386,17.738,12.185,6.142,3.357,0.949
1.04333,42.043,34.612,29.467,17.770,12.170,6.123,3.329,0.920
1.04667,42.005,34.683,29.440,17.788,12.152,6.129,3.347,0.916
1.05000,42.116,34.749,29.434,17.826,12.228,6.131,3.386,0.917
1.05333,42.138,34.737,29.514,17.858,12.097,6.140,3.369,1.010
1.05667,42.260,34.838,29.543,17.793,12.258,6.138,3.383,1.003
1.06000,42.164,34.796,29.569,17.893,12.279,6.116,3.321,0.963
1.06333,42.271,34.932,29.624,17.900,12.215,6.157,3.370,0.960
1.06667,42.323,34.901,29.610,17.920,12.270,6.159,3.374,0.929
1.07000,42.362,35.004,29.617,17.943,12.205,6.192,3.403,0.965
1.07333,42.417,34.877,29.708,17.943,12.235,6.209,3.412,0.988
1.07667,42.370,35.057,29.793,17.979,12.291,6.148,3.385,0.982
1.08000,42.480,35.030,29.749,17.975,12.294,6.235,3.407,0.966
1.08333,42.513,35.072,29.864,17.951,12.310,6.178,3.346,0.961
1.08667,42.576,35.101,29.804,18.008,12.332,6.255,3.396,0.986
1.09000,42.552,35.146,29.826,18.068,12.294,6.233,3.425,0.967
1.09333,42.586,35.198,29.821,18.034,12.396,6.224,3.398,0.973
1.09667,42.631,35.301,29.854,18.041,12.423,6.213,3.354,0.977
1.10000,42.699,35.291,29.995,18.077,12.359,6.154,3.426,0.968
1.10333,42.800,35.278,29.994,18.072,12.426,6.242,3.412,0.997
1.10667,42.833,35.441,30.033,18.150,12.370,6.255,3.426,1.016
1.11000,42.844,35.343,30.090,18.126,12.437,6.199,3.444,0.968
1.11333,42.934,35.401,30.092,18.196,12.467,6.312,3.422,0.967
1.11667,42.940,35.458,30.120,18.255,12.434,6.223,3.451,0.973
1.12000,42.989,35.483,30.108,18.279,12.471,6.320,3.390,1.056
1.12333,43.016,35.500,30.218,18.266,12.486,6.213,3.441,1.014
1.12667,43.033,35.597,30.232,18.240,12.455,6.277,3.448,0.968
1.13000,43.042,35.554,30.226,18.247,12.496,6.305,3.494,0.973
1.13333,43.118,35.536,30.250,18.301,12.517,6.299,3.488,0.901
1.13667,43.154,35.667,30.283,18.350,12.583,6.295,3.494,1.024
1.14000,43.210,35.654,30.273,18.323,12.581,6.357,3.519,1.007
1.14333,43.208,35.733,30.304,18.355,12.514,6.324,3.464,0.971
1.14667,43.311,35.778,30.377,18.308,12.573,6.313,3.442,0.970
1.15000,43.329,35.776,30.368,18.347,12.574,6.268,3.488,1.087
1.15333,43.355,35.860,30.405,18.464,12.572,6.358,3.436,1.027
1.15667,43.372,35.863,30.496,18.406,12.608,6.303,3.460,1.033
1.16000,43.442,35.875,30.462,18.417,12.590,6.363,3.452,1.016
1.16333,43.503,35.904,30.501,18.425,12.703,6.338,3.497,0.978
1.16667,43.524,36.030,30.625,18.469,12.678,6.350,3.563,0.990
1.17000,43.608,36.034,30.587,18.500,12.639,6.409,3.537,1.017
1.17333,43.704,36.041,30.580,18.412,12.666,6.409,3.524,1.028
1.17667,43.686,36.102,30.612,18.471,12.684,6.440,3.461,0.968
1.18000,43.734,36.080,30.656,18.600,12.741,6.417,3.529,1.009
1.18333,43.771,36.187,30.702,18.605,12.719,6.384,3.554,1.042
1.18667,43.764,36.159,30.753,18.636,12.731,6.397,3.531,1.000
1.19000,43.819,36.270,30.748,18.594,12.733,6.469,3.497,0.991
1.19333,43.888,36.260,30.825,18.633,12.706,6.403,3.515,1.051
1.19667,43.971,36.252,30.825,18.608,12.757,6.411,3.519,1.000
1.20000,44.003,36.285,30.927,18.650,12.757,6.447,3.573,1.006
1.20333,44.080,36.366,30.899,18.623,12.821,6.462,3.563,1.010
1.20667,44.026,36.485,30.908,18.727,12.825,6.439,3.596,1.131
1.21000,44.103,36.465,30.951,18.713,12.815,6.393,3.524,1.038
1.21333,44.115,36.510,30.960,18.695,12.841,6.505,3.544,0.990
1.21667,44.206,36.576,31.026,18.806,12.817,6.493,3.595,0.968
1.22000,44.247,36.493,31.026,18.797,12.874,6.442,3.523,1.067
1.22333,44.332,36.607,31.082,18.813,12.846,6.517,3.523,1.008
1.22667,44.400,36.656,31.095,18.824,12.835,6.455,3.556,1.044
1.23000,44.335,36.606,31.104,18.800,12.866,6.487,3.543,1.009
1.23333,44.429,36.788,31.170,18.845,12.953,6.509,3.592,1.027
1.23667,44.448,36.805,31.281,18.848,12.884,6.518,3.607,0.995
1.24000,44.533,36.816,31.271,18.930,12.976,6.488,3.543,1.036
1.24333,44.570,36.844,31.249,18.953,12.907,6.577,3.577,1.040
1.24667,44.569,36.945,31.314,18.924,12.908,6.570,3.586,1.026
1.25000,44.604,36.935,31.323,18.977,12.919,6.572,3.586,1.029
1.25333,44.719,36.979,31.362,18.915,12.922,6.595,3.694,1.049
1.25667,44.699,37.028,31.386,18.993,12.982,6.581,3.613,1.111
1.26000,44.765,37.048,31.417,19.066,13.022,6.620,3.602,0.982
1.26333,44.845,37.080,31.469,19.061,13.105,6.575,3.567,1.075
1.26667,44.871,37.090,31.535,19.077,13.065,6.611,3.655,1.067
1.27000,44.933,37.102,31.513,19.121,13.018,6.610,3.617,1.052
1.27333,44.958,37.219,31.619,19.154,13.015,6.591,3.533,1.055
1.27667,44.958,37.224,31.690,19.182,13.076,6.599,3.609,1.065
1.28000,45.135,37.310,31.614,19.128,13.097,6.614,3.649,1.079
1.28333,45.111,37.307,31.714,19.234,13.121,6.562,3.587,1.063
1.28667,45.141,37.413,31.647,19.204,13.123,6.658,3.622,1.023
1.29000,45.215,37.420,31.719,19.222,13.219,6.613,3.657,1.076
1.29333,45.240,37.422,31.792,19.254,13.143,6.618,3.635,1.001
1.29667,45.321,37.514,31.813,19.250,13.209,6.684,3.693,1.057
1.30000,45.329,37.519,31.856,19.262,13.165,6.699,3.583,1.019
1.30333,45.395,37.509,31.890,19.328,13.243,6.705,3.630,1.114
1.30667,45.417,37.598,31.930,19.355,13.200,6.704,3.680,1.114
1.31000,45.422,37.621,31.943,19.320,13.168,6.672,3.691,1.051
1.31333,45.509,37.666,31.950,19.426,13.117,6.681,3.619,1.099
1.31667,45.590,37.702,32.037,19.421,13.280,6.731,3.684,1.093
1.32000,45.589,37.736,31.986,19.419,13.239,6.733,3.678,1.050
1.32333,45.649,37.815,32.024,19.384,13.307,6.719,3.643,1.045
1.32667,45.676,37.741,32.095,19.513,13.194,6.678,3.665,1.085
1.33000,45.785,37.865,32.175,19.465,13.290,6.760,3.695,1.041
1.33333,45.730,37.874,32.150,19.491,13.398,6.675,3.657,1.145
1.33667,45.868,37.964,32.198,19.492,13.299,6.824,3.731,1.066
1.34000,45.916,37.989,32.282,19.503,13.352,6.769,3.720,1.115
1.34333,45.872,38.060,32.284,19.536,13.438,6.764,3.695,1.106
1.34667,46.038,38.016,32.279,19.569,13.345,6.790,3.703,1.025
1.35000,46.064,38.068,32.366,19.617,13.426,6.763,3.709,1.079
1.35333,46.037,38.113,32.371,19.629,13.418,6.831,3.713,1.067
1.35667,46.076,38.185,32.424,19.642,13.396,6.819,3.703,1.104
1.36000,46.234,38.251,32.444,19.662,13.395,6.807,3.766,1.076
1.36333,46.234,38.262,32.463,19.637,13.450,6.805,3.723,1.131
1.36667,46.189,38.282,32.546,19.606,13.471,6.814,3.726,1.103
1.37000,46.324,38.334,32.526,19.614,13.531,6.878,3.723,1.096
1.37333,46.336,38.371,32.598,19.777,13.497,6.821,3.777,1.143
1.37667,46.392,38.411,32.602,19.741,13.554,6.893,3.754,1.084
1.38000,46.492,38.532,32.677,19.731,13.544,6.854,3.702,1.094
1.38333,46.530,38.518,32.697,19.793,13.533,6.842,3.782,1.132
1.38667,46.507,38.581,32.688,19.827,13.543,6.821,3.864,1.116
1.39000,46.671,38.619,32.764,19.845,13.568,6.890,3.783,1.106
1.39333,46.578,38.640,32.768,19.874,13.568,6.919,3.727,1.097
1.39667,46.658,38.699,32.840,19.906,13.593,6.920,3.766,1.156
1.40000,46.796,38.734,32.867,19.924,13.627,6.905,3.771,1.164
1.40333,46.749,38.755,32.894,19.914,13.601,6.867,3.725,1.137
1.40667,46.839,38.728,32.941,19.968,13.634,6.990,3.729,1.150
1.41000,46.982,38.780,32.956,19.992,13.678,6.894,3.725,1.162
1.41333,46.926,38.935,33.031,19.971,13.642,6.906,3.825,1.117
1.41667,47.021,38.898,33.029,20.050,13.764,6.999,3.761,1.199
1.42000,47.037,38.908,33.089,19.983,13.738,6.970,3.770,1.110
1.42333,47.072,38.990,33.028,20.105,13.708,6.882,3.791,1.129
1.42667,47.116,39.068,33.108,20.070,13.680,6.911,3.829,1.144
1.43000,47.146,39.049,33.168,20.059,13.688,6.961,3.786,1.173
1.43333,47.248,39.127,33.251,20.191,13.777,6.946,3.802,1.170
1.43667,47.293,39.170,33.219,20.128,13.719,6.962,3.829,1.193
1.44000,47.398,39.196,33.220,20.168,13.797,6.969,3.835,1.142
1.44333,47.393,39.284,33.249,20.161,13.759,6.934,3.839,1.170
1.44667,47.405,39.319,33.385,20.218,13.782,6.982,3.837,1.093
1.45000,47.504,39.280,33.386,20.297,13.805,7.069,3.844,1.145
1.45333,47.482,39.410,33.446,20.295,13.806,7.065,3.872,1.192
1.45667,47.604,39.382,33.475,20.339,13.845,7.008,3.871,1.145
1.46000,47.699,39.404,33.478,20.301,13.861,6.997,3.875,1.147
1.46333,47.592,39.526,33.614,20.302,13.870,7.034,3.906,1.129
1.46667,47.773,39.519,33.577,20.397,13.888,7.056,3.880,1.148
1.47000,47.790,39.609,33.576,20.324,13.937,7.086,3.892,1.157
1.47333,47.820,39.638,33.638,20.377,13.919,7.091,3.887,1.184
1.47667,47.869,39.669,33.715,20.438,13.931,7.120,3.876,1.166
1.48000,47.933,39.730,33.680,20.449,13.988,7.127,3.918,1.203
1.48333,47.937,39.796,33.704,20.443,13.990,7.049,3.928,1.140
1.48667,48.043,39.878,33.772,20.491,13.959,7.104,3.903,1.184
1.49000,48.099,39.892,33.788,20.488,14.041,7.145,3.923,1.186
1.49333,48.112,39.864,33.881,20.563,13.970,7.154,3.922,1.250
1.49667,48.190,39.943,33.901,20.531,13.989,7.167,3.841,1.264
1.50000,48.241,39.992,33.935,20.562,14.051,7.180,3.898,1.159
1.50333,48.330,39.992,33.956,20.590,14.107,7.138,3.957,1.212
1.50667,48.325,40.095,33.947,20.613,14.058,7.182,3.922,1.226
1.51000,48.404,40.124,34.047,20.626,14.090,7.150,3.901,1.182
1.51333,48.380,40.172,34.113,20.667,14.083,7.211,3.974,1.169
1.51667,48.488,40.195,34.115,20.724,14.100,7.162,3.902,1.275
1.52000,48.582,40.262,34.169,20.688,14.147,7.197,3.947,1.186
1.52333,48.595,40.279,34.218,20.761,14.097,7.234,3.941,1.241
1.52667,48.622,40.318,34.226,20.735,14.201,7.214,3.993,1.204
1.53000,48.683,40.369,34.224,20.771,14.142,7.243,3.945,1.199
1.53333,48.697,40.418,34.366,20.884,14.147,7.219,3.901,1.228
1.53667,48.769,40.458,34.301,20.823,14.232,7.249,4.030,1.244
1.54000,48.841,40.510,34.413,20.864,14.218,7.268,4.002,1.239
1.54333,48.941,40.598,34.358,20.892,14.277,7.229,3.966,1.231
1.54667,48.982,40.657,34.437,20.879,14.243,7.208,3.962,1.290
1.55000,49.029,40.674,34.510,20.890,14.270,7.250,4.037,1.219
1.55333,49.060,40.690,34.514,20.903,14.274,7.213,3.994,1.275
1.55667,49.100,40.744,34.580,20.977,14.307,7.270,4.070,1.255
1.56000,49.182,40.798,34.549,20.947,14.323,7.286,4.022,1.265
1.56333,49.222,40.848,34.677,21.008,14.335,7.297,3.973,1.186
1.56667,49.348,40.832,34.629,21.070,14.381,7.295,3.983,1.235
1.57000,49.310,40.840,34.776,21.100,14.394,7.348,3.964,1.204
1.57333,49.358,41.006,34.713,21.081,14.379,7.392,3.981,1.272
1.57667,49.437,40.973,34.796,21.111,14.411,7.260,4.087,1.257
1.58000,49.448,40.945,34.843,21.122,14.420,7.323,3.987,1.239
1.58333,49.535,41.096,34.849,21.175,14.483,7.402,4.094,1.248
1.58667,49.552,41.142,34.840,21.224,14.410,7.420,3.966,1.251
1.59000,49.636,41.223,34.928,21.227,14.462,7.350,4.035,1.274
1.59333,49.726,41.275,34.987,21.231,14.473,7.313,4.070,1.232
1.59667,49.738,41.287,34.954,21.261,14.513,7.344,4.037,1.211
1.60000,49.782,41.275,35.080,21.311,14.546,7.364,4.074,1.285
1.60333,49.897,41.379,35.080,21.326,14.474,7.412,4.072,1.185
1.60667,49.899,41.400,35.262,21.287,14.535,7.415,4.051,1.167
1.61000,49.934,41.493,35.106,21.323,14.628,7.434,4.050,1.271
1.61333,49.988,41.516,35.163,21.352,14.575,7.459,4.054,1.297
1.61667,50.011,41.576,35.241,21.438,14.592,7.435,4.073,1.226
1.62000,50.085,41.663,35.283,21.496,14.575,7.447,4.094,1.252
1.62333,50.143,41.655,35.374,21.403,14.657,7.453,4.052,1.263
1.62667,50.253,41.671,35.362,21.476,14.678,7.479,4.097,1.230
1.63000,50.232,41.757,35.440,21.527,14.655,7.499,4.100,1.189
1.63333,50.283,41.808,35.468,21.524,14.663,7.458,4.107,1.343
1.63667,50.362,41.827,35.544,21.557,14.708,7.517,4.103,1.292
1.64000,50.438,41.877,35.558,21.547,14.744,7.544,4.087,1.293
1.64333,50.513,41.955,35.548,21.552,14.725,7.479,4.069,1.319
1.64667,50.580,41.970,35.595,21.595,14.644,7.532,4.109,1.338
1.65000,50.666,42.003,35.707,21.623,14.761,7.515,4.132,1.221
1.65333,50.651,42.116,35.643,21.648,14.807,7.543,4.213,1.319
1.65667,50.661,42.067,35.714,21.712,14.833,7.479,4.121,1.275
1.66000,50.724,42.145,35.756,21.710,14.778,7.541,4.186,1.166
1.66333,50.843,42.203,35.739,21.723,14.769,7.542,4.164,1.371
1.66667,50.873,42.247,35.821,21.786,14.751,7.532,4.171,1.328
1.67000,50.927,42.283,35.879,21.854,14.856,7.595,4.156,1.294
1.67333,50.969,42.358,35.920,21.825,14.887,7.595,4.182,1.334
1.67667,51.046,42.405,35.970,21.877,14.882,7.571,4.165,1.333
1.68000,51.094,42.408,35.978,21.813,14.878,7.657,4.142,1.312
1.68333,51.164,42.483,36.059,21.917,14.877,7.657,4.162,1.300
1.68667,51.219,42.517,36.116,21.947,14.860,7.675,4.148,1.313
1.69000,51.242,42.581,36.070,21.954,14.974,7.669,4.184,1.261
1.69333,51.309,42.611,36.123,21.978,14.965,7.650,4.138,1.383
1.69667,51.396,42.631,36.207,21.981,14.968,7.638,4.238,1.281
1.70000,51.431,42.736,36.222,22.010,14.951,7.651,4.186,1.319
1.70333,51.478,42.821,36.263,22.105,15.003,7.619,4.164,1.352
1.70667,51.563,42.808,36.341,22.067,15.017,7.689,4.169,1.246
1.71000,51.618,42.860,36.387,22.146,15.037,7.663,4.254,1.313
1.71333,51.667,42.858,36.453,22.071,15.055,7.709,4.221,1.284
1.71667,51.793,42.994,36.426,22.143,15.052,7.756,4.206,1.313
1.72000,51.819,42.977,36.468,22.196,15.150,7.685,4.262,1.302
1.72333,51.861,43.087,36.525,22.248,15.108,7.802,4.232,1.340
1.72667,51.863,43.145,36.544,22.255,15.124,7.798,4.306,1.263
1.73000,51.898,43.091,36.589,22.256,15.201,7.689,4.299,1.350
1.73333,51.991,43.254,36.676,22.214,15.160,7.802,4.211,1.353
1.73667,51.966,43.297,36.700,22.268,15.213,7.755,4.267,1.313
1.74000,52.111,43.284,36.775,22.316,15.243,7.811,4.270,1.307
1.74333,52.198,43.323,36.800,22.356,15.195,7.820,4.198,1.374
1.74667,52.251,43.404,36.774,22.392,15.262,7.779,4.261,1.370
1.75000,52.278,43.465,36.857,22.418,15.304,7.848,4.319,1.367
1.75333,52.337,43.478,36.905,22.450,15.271,7.841,4.327,1.330
1.75667,52.478,43.570,36.899,22.470,15.242,7.834,4.278,1.403
1.76000,52.533,43.626,36.946,22.477,15.340,7.796,4.310,1.393
1.76333,52.596,43.686,36.946,22.480,15.336,7.865,4.316,1.404
1.76667,52.591,43.765,37.068,22.556,15.341,7.823,4.266,1.336
1.77000,52.668,43.699,37.119,22.599,15.367,7.862,4.296,1.357
1.77333,52.695,43.854,37.183,22.543,15.357,7.844,4.293,1.402
1.77667,52.719,43.846,37.208,22.653,15.384,7.849,4.304,1.360
1.78000,52.787,43.913,37.268,22.645,15.392,7.962,4.318,1.339
1.78333,52.814,43.916,37.304,22.695,15.423,7.879,4.377,1.387
1.78667,52.923,43.992,37.297,22.693,15.523,7.929,4.348,1.304
1.79000,53.015,44.042,37.372,22.698,15.482,7.902,4.291,1.425
1.79333,53.090,44.119,37.392,22.682,15.502,7.958,4.324,1.330
1.79667,53.080,44.092,37.435,22.768,15.522,7.902,4.345,1.410
1.80000,53.206,44.217,37.428,22.792,15.478,7.897,4.337,1.325
1.80333,53.226,44.271,37.541,22.779,15.482,7.995,4.380,1.428
1.80667,53.278,44.295,37.538,22.891,15.544,7.981,4.403,1.450
1.81000,53.406,44.353,37.614,22.894,15.611,7.974,4.402,1.444
1.81333,53.415,44.464,37.655,22.913,15.634,7.994,4.371,1.443
1.81667,53.493,44.471,37.693,22.923,15.626,7.984,4.316,1.377
1.82000,53.470,44.565,37.697,22.967,15.644,8.033,4.388,1.360
1.82333,53.535,44.577,37.720,23.024,15.599,8.117,4.443,1.400
1.82667,53.629,44.567,37.804,23.037,15.652,7.981,4.401,1.405
1.83000,53.671,44.601,37.826,23.049,15.672,7.996,4.437,1.408
1.83333,53.681,44.694,37.788,23.068,15.815,8.061,4.432,1.445
1.83667,53.813,44.724,38.013,23.082,15.704,7.977,4.371,1.434
1.84000,53.873,44.786,38.002,23.059,15.691,8.076,4.468,1.449
1.84333,53.954,44.825,37.989,23.152,15.799,8.041,4.411,1.433
1.84667,53.966,44.920,38.078,23.180,15.787,8.054,4.446,1.376
1.85000,54.000,44.956,38.131,23.199,15.853,8.105,4.445,1.429
1.85333,54.117,45.013,38.154,23.251,15.858,8.119,4.362,1.383
1.85667,54.176,45.030,38.183,23.343,15.844,8.106,4.490,1.439
1.86000,54.193,45.112,38.235,23.283,15.796,8.168,4.462,1.483
1.86333,54.251,45.141,38.327,23.345,15.794,8.147,4.453,1.480
1.86667,54.380,45.231,38.296,23.331,15.866,8.189,4.439,1.356
1.87000,54.396,45.252,38.395,23.345,15.897,8.201,4.440,1.447
1.87333,54.425,45.343,38.440,23.300,15.972,8.221,4.490,1.463
1.87667,54.492,45.400,38.460,23.409,15.946,8.194,4.513,1.476
1.88000,54.567,45.386,38.477,23.455,16.019,8.130,4.502,1.461
1.88333,54.634,45.496,38.511,23.548,15.935,8.196,4.503,1.442
1.88667,54.715,45.582,38.567,23.460,15.990,8.232,4.539,1.457
1.89000,54.754,45.590,38.673,23.567,15.960,8.217,4.491,1.454
1.89333,54.880,45.640,38.635,23.576,16.002,8.219,4.492,1.508
1.89667,54.889,45.648,38.765,23.549,16.075,8.274,4.590,1.490
1.90000,54.971,45.801,38.823,23.605,16.066,8.222,4.541,1.480
1.90333,54.986,45.777,38.808,23.624,16.074,8.258,4.519,1.409
1.90667,55.048,45.780,38.901,23.643,16.160,8.238,4.598,1.492
1.91000,55.038,45.830,38.874,23.700,16.079,8.232,4.501,1.477
1.91333,55.233,45.936,39.021,23.745,16.157,8.304,4.545,1.424
1.91667,55.252,45.971,39.094,23.683,16.126,8.274,4.591,1.477
1.92000,55.307,46.034,39.044,23.737,16.144,8.300,4.605,1.458
1.92333,55.411,46.106,39.035,23.796,16.213,8.373,4.517,1.540
1.92667,55.424,46.105,39.122,23.793,16.200,8.328,4.582,1.475
1.93000,55.574,46.266,39.191,23.846,16.275,8.391,4.545,1.464
1.93333,55.540,46.300,39.231,23.943,16.235,8.336,4.559,1.499
1.93667,55.646,46.295,39.321,23.924,16.292,8.317,4.560,1.522
1.94000,55.742,46.429,39.333,23.906,16.248,8.421,4.615,1.529
1.94333,55.697,46.382,39.340,23.976,16.300,8.415,4.588,1.479
1.94667,55.861,46.478,39.373,24.004,16.308,8.412,4.642,1.403
1.95000,55.813,46.581,39.415,24.031,16.315,8.421,4.564,1.501
1.95333,55.997,46.540,39.458,24.036,16.315,8.407,4.522,1.540
1.95667,55.948,46.620,39.558,24.081,16.329,8.441,4.623,1.479
1.96000,56.077,46.749,39.574,24.143,16.358,8.509,4.558,1.496
1.96333,56.144,46.785,39.651,24.178,16.460,8.423,4.597,1.505
1.96667,56.183,46.759,39.641,24.162,16.455,8.465,4.681,1.514
1.97000,56.246,46.793,39.763,24.177,16.445,8.512,4.635,1.495
1.97333,56.352,46.947,39.798,24.180,16.557,8.436,4.681,1.556
1.97667,56.351,47.028,39.758,24.292,16.572,8.534,4.732,1.469
1.98000,56.475,47.050,39.790,24.314,16.477,8.491,4.680,1.576
1.98333,56.538,47.062,39.858,24.347,16.496,8.476,4.636,1.514
1.98667,56.588,47.138,40.022,24.394,16.532,8.530,4.704,1.554
1.99000,56.691,47.176,39.992,24.405,16.597,8.577,4.667,1.560
1.99333,56.683,47.232,40.033,24.428,16.609,8.522,4.675,1.575
1.99667,56.785,47.338,40.149,24.443,16.651,8.500,4.716,1.508
2.00000,56.884,47.386,40.180,24.487,16.637,8.546,4.752,1.455
2.00333,56.893,47.413,40.193,24.469,16.617,8.585,4.702,1.497
2.00667,56.986,47.454,40.185,24.525,16.636,8.582,4.728,1.532
2.01000,57.035,47.542,40.257,24.501,16.683,8.619,4.676,1.517
2.01333,57.050,47.621,40.289,24.617,16.743,8.605,4.686,1.532
2.01667,57.155,47.614,40.359,24.589,16.777,8.612,4.727,1.555
2.02000,57.249,47.720,40.462,24.625,16.740,8.660,4.812,1.573
2.02333,57.253,47.760,40.469,24.685,16.846,8.625,4.760,1.530
2.02667,57.311,47.866,40.445,24.717,16.691,8.669,4.704,1.561
2.03000,57.497,47.822,40.514,24.653,16.822,8.635,4.793,1.537
2.03333,57.510,47.902,40.623,24.746,16.790,8.672,4.732,1.569
2.03667,57.579,47.859,40.571,24.828,16.833,8.665,4.712,1.545
2.04000,57.616,48.017,40.694,24.809,16.817,8.671,4.774,1.608
2.04333,57.713,48.050,40.756,24.836,16.878,8.710,4.802,1.574
2.04667,57.760,48.176,40.732,24.905,16.842,8.776,4.823,1.615
2.05000,57.735,48.234,40.822,24.950,16.863,8.743,4.816,1.545
2.05333,57.923,48.203,40.919,24.962,16.913,8.783,4.832,1.578
2.05667,57.996,48.312,40.917,24.933,16.939,8.779,4.799,1.621
2.06000,58.023,48.334,40.928,25.030,16.941,8.756,4.746,1.606
2.06333,58.082,48.408,41.008,25.010,16.973,8.767,4.843,1.573
2.06667,58.119,48.473,41.044,25.015,17.008,8.768,4.811,1.579
2.07000,58.229,48.484,41.154,25.060,17.027,8.797,4.772,1.595
2.07333,58.312,48.573,41.180,25.135,17.091,8.849,4.815,1.601
2.07667,58.341,48.652,41.269,25.112,17.085,8.849,4.817,1.513
2.08000,58.465,48.630,41.191,25.138,17.062,8.885,4.859,1.603
2.08333,58.497,48.693,41.374,25.191,17.147,8.860,4.794,1.618
2.08667,58.482,48.865,41.322,25.290,17.139,8.887,4.827,1.577
2.09000,58.632,48.852,41.372,25.195,17.157,8.881,4.808,1.611
2.09333,58.668,48.932,41.420,25.231,17.161,8.888,4.870,1.508
2.09667,58.760,49.031,41.445,25.322,17.198,8.867,4.877,1.584
2.10000,58.814,49.024,41.559,25.382,17.174,8.959,4.873,1.636
2.10333,58.852,49.131,41.637,25.451,17.256,8.847,4.931,1.611
2.10667,58.967,49.190,41.672,25.454,17.209,8.871,4.891,1.591
2.11000,59.124,49.243,41.719,25.348,17.282,8.851,4.861,1.630
2.11333,59.069,49.290,41.726,25.480,17.335,8.925,4.915,1.626
2.11667,59.098,49.313,41.797,25.526,17.301,8.934,4.954,1.614
2.12000,59.184,49.345,41.814,25.556,17.346,8.961,4.847,1.630
2.12333,59.264,49.408,41.891,25.514,17.348,8.959,4.935,1.618
2.12667,59.277,49.527,41.870,25.637,17.408,8.988,4.943,1.672
2.13000,59.444,49.524,41.954,25.589,17.469,8.967,4.902,1.683
2.13333,59.530,49.650,42.075,25.635,17.408,9.010,4.963,1.624
2.13667,59.518,49.624,42.103,25.718,17.452,9.032,4.902,1.661
2.14000,59.646,49.762,42.131,25.666,17.491,8.995,4.946,1.628
2.14333,59.792,49.765,42.132,25.784,17.439,8.991,4.923,1.625
2.14667,59.817,49.876,42.245,25.784,17.480,9.030,5.014,1.663
2.15000,59.841,49.920,42.281,25.822,17.509,9.131,4.978,1.631
2.15333,59.877,49.907,42.411,25.863,17.588,9.044,4.976,1.605
2.15667,59.952,50.005,42.411,25.925,17.616,9.103,5.010,1.646
2.16000,60.007,50.081,42.434,25.860,17.597,9.137,4.963,1.647
2.16333,60.156,50.165,42.491,25.958,17.671,9.078,4.909,1.713
2.16667,60.166,50.202,42.557,25.994,17.658,9.186,4.981,1.650
2.17000,60.227,50.275,42.534,26.012,17.690,9.135,4.937,1.602
2.17333,60.321,50.287,42.693,26.027,17.675,9.141,5.065,1.713
2.17667,60.392,50.441,42.644,26.050,17.706,9.071,5.008,1.659
2.18000,60.424,50.407,42.759,26.086,17.743,9.174,5.063,1.668
2.18333,60.473,50.523,42.837,26.121,17.683,9.093,5.020,1.638
2.18667,60.612,50.583,42.841,26.176,17.753,9.147,4.976,1.709
2.19000,60.651,50.629,42.846,26.107,17.797,9.148,5.053,1.719
2.19333,60.697,50.720,42.943,26.230,17.835,9.250,5.069,1.639
2.19667,60.788,50.752,43.022,26.291,17.836,9.201,5.046,1.706
2.20000,60.897,50.886,43.069,26.288,17.881,9.289,5.070,1.690
2.20333,60.953,50.947,43.105,26.286,17.864,9.255,5.014,1.701
2.20667,61.031,50.911,43.157,26.385,17.872,9.331,5.072,1.702
2.21000,61.066,51.020,43.243,26.435,17.886,9.319,5.088,1.708
2.21333,61.179,51.099,43.233,26.364,17.982,9.321,5.109,1.664
2.21667,61.175,51.116,43.274,26.467,17.942,9.343,5.009,1.764
2.22000,61.283,51.134,43.335,26.477,18.015,9.369,5.098,1.741
2.22333,61.263,51.174,43.330,26.514,18.045,9.289,5.080,1.775
2.22667,61.392,51.279,43.464,26.553,18.055,9.290,5.167,1.672
2.23000,61.499,51.346,43.495,26.546,17.991,9.312,5.146,1.765
2.23333,61.549,51.368,43.495,26.609,18.081,9.361,5.110,1.744
2.23667,61.649,51.432,43.614,26.662,18.069,9.334,5.082,1.697
2.24000,61.687,51.513,43.669,26.742,18.070,9.366,5.141,1.778
2.24333,61.796,51.594,43.719,26.689,18.096,9.401,5.178,1.729
2.24667,61.866,51.709,43.693,26.772,18.134,9.395,5.186,1.770
2.25000,61.936,51.742,43.835,26.825,18.171,9.403,5.182,1.781
2.25333,62.069,51.781,43.778,26.800,18.215,9.427,5.133,1.719
2.25667,62.062,51.869,43.866,26.815,18.172,9.486,5.123,1.698
2.26000,62.195,51.841,43.974,26.864,18.219,9.412,5.184,1.774
2.26333,62.251,51.958,43.976,26.902,18.300,9.431,5.160,1.777
2.26667,62.264,52.026,44.071,26.878,18.290,9.444,5.196,1.802
2.27000,62.420,52.085,44.140,26.949,18.239,9.468,5.122,1.768
2.27333,62.452,52.162,44.252,26.973,18.302,9.467,5.224,1.721
2.27667,62.490,52.196,44.219,26.977,18.326,9.481,5.204,1.711
2.28000,62.624,52.339,44.316,27.042,18.306,9.475,5.236,1.708
2.28333,62.606,52.288,44.307,27.120,18.336,9.538,5.200,1.805
2.28667,62.711,52.400,44.423,27.110,18.415,9.520,5.226,1.668
2.29000,62.785,52.446,44.429,27.089,18.448,9.515,5.206,1.763
2.29333,62.908,52.469,44.528,27.177,18.482,9.611,5.298,1.765
2.29667,62.959,52.513,44.522,27.212,18.520,9.576,5.261,1.782
2.30000,62.985,52.680,44.591,27.242,18.456,9.609,5.301,1.770
2.30333,63.043,52.661,44.664,27.311,18.516,9.620,5.212,1.787
2.30667,63.188,52.741,44.667,27.305,18.495,9.576,5.277,1.804
2.31000,63.243,52.861,44.698,27.335,18.578,9.620,5.234,1.763
2.31333,63.306,52.834,44.806,27.348,18.579,9.627,5.288,1.844
2.31667,63.375,52.907,44.807,27.392,18.646,9.655,5.330,1.799
2.32000,63.442,53.016,44.863,27.483,18.680,9.630,5.265,1.832
2.32333,63.586,53.069,44.922,27.538,18.608,9.650,5.300,1.745
2.32667,63.588,53.114,44.989,27.531,18.651,9.684,5.310,1.785
2.33000,63.713,53.221,45.096,27.532,18.682,9.772,5.301,1.804
2.33333,63.744,53.299,45.043,27.554,18.743,9.680,5.362,1.771
2.33667,63.775,53.346,45.093,27.597,18.735,9.780,5.369,1.818
2.34000,63.821,53.376,45.245,27.589,18.803,9.738,5.287,1.767
2.34333,63.876,53.450,45.289,27.677,18.778,9.724,5.284,1.787
2.34667,64.032,53.495,45.337,27.667,18.840,9.788,5.341,1.823
2.35000,64.110,53.610,45.386,27.775,18.807,9.713,5.323,1.840
2.35333,64.229,53.623,45.420,27.795,18.897,9.806,5.284,1.821
2.35667,64.260,53.691,45.476,27.819,18.918,9.815,5.357,1.828
2.36000,64.373,53.742,45.542,27.830,18.859,9.786,5.386,1.879
2.36333,64.514,53.815,45.605,27.861,18.926,9.843,5.316,1.832
2.36667,64.504,53.897,45.700,27.929,18.919,9.855,5.381,1.879
2.37000,64.605,53.947,45.716,27.920,18.933,9.797,5.380,1.869
2.37333,64.629,53.981,45.711,27.979,19.077,9.836,5.398,1.829
2.37667,64.764,54.030,45.865,28.073,19.040,9.885,5.420,1.854
2.38000,64.797,54.151,45.898,28.039,19.039,9.864,5.417,1.842
2.38333,64.902,54.163,45.841,28.052,19.025,9.881,5.466,1.794
2.38667,64.995,54.341,46.004,28.185,19.083,9.910,5.346,1.901
2.39000,64.956,54.358,46.022,28.185,19.075,9.991,5.423,1.841
2.39333,65.080,54.451,46.081,28.173,19.065,9.962,5.412,1.889
2.39667,65.110,54.473,46.214,28.229,19.202,10.012,5.457,1.918
2.40000,65.294,54.529,46.178,28.277,19.180,10.013,5.505,1.860
2.40333,65.302,54.618,46.253,28.289,19.197,9.953,5.513,1.893
2.40667,65.392,54.644,46.265,28.314,19.247,9.983,5.462,1.939
2.41000,65.450,54.707,46.343,28.335,19.216,10.016,5.407,1.903
2.41333,65.543,54.769,46.410,28.369,19.253,10.017,5.471,1.891
2.41667,65.617,54.890,46.515,28.414,19.257,10.042,5.478,1.889
2.42000,65.748,54.942,46.519,28.473,19.279,10.073,5.528,1.892
2.42333,65.774,55.006,46.572,28.473,19.347,10.043,5.418,1.843
2.42667,65.895,55.049,46.603,28.565,19.268,10.099,5.481,1.942
2.43000,65.971,55.213,46.715,28.562,19.412,10.064,5.531,1.902
2.43333,66.060,55.131,46.772,28.547,19.432,10.075,5.490,1.953
2.43667,66.007,55.282,46.823,28.641,19.399,10.077,5.480,1.882
2.44000,66.124,55.350,46.921,28.699,19.458,10.083,5.544,1.919
2.44333,66.255,55.387,46.913,28.709,19.398,10.171,5.580,1.832
2.44667,66.271,55.408,47.011,28.748,19.428,10.181,5.570,1.973
2.45000,66.356,55.548,47.027,28.746,19.536,10.119,5.544,1.994
2.45333,66.463,55.624,47.020,28.823,19.546,10.137,5.596,1.922
2.45667,66.544,55.618,47.137,28.870,19.592,10.197,5.604,1.971
2.46000,66.649,55.800,47.197,28.842,19.527,10.219,5.608,1.871
2.46333,66.749,55.774,47.200,28.898,19.589,10.218,5.534,1.932
2.46667,66.827,55.895,47.284,28.899,19.624,10.254,5.563,1.930
2.47000,66.873,55.880,47.399,28.988,19.623,10.213,5.588,1.921
2.47333,66.950,56.017,47.315,29.045,19.661,10.280,5.589,1.901
2.47667,67.034,56.031,47.467,29.091,19.709,10.329,5.632,1.944
2.48000,67.074,56.068,47.495,29.067,19.697,10.324,5.631,1.979
2.48333,67.194,56.214,47.599,29.075,19.803,10.290,5.708,1.956
2.48667,67.281,56.222,47.625,29.113,19.765,10.309,5.652,1.977
2.49000,67.362,56.333,47.719,29.151,19.756,10.317,5.654,1.982
2.49333,67.412,56.358,47.740,29.205,19.804,10.355,5.657,1.958
2.49667,67.514,56.447,47.854,29.269,19.834,10.337,5.708,1.923
2.50000,67.590,56.551,47.852,29.293,19.797,10.297,5.657,1.988
2.50333,67.661,56.551,47.880,29.355,19.897,10.342,5.610,1.982
2.50667,67.732,56.697,47.894,29.399,19.956,10.334,5.673,1.953
2.51000,67.817,56.762,48.034,29.460,19.874,10.396,5.753,1.977
2.51333,67.909,56.817,48.105,29.446,19.928,10.359,5.699,1.936
2.51667,68.014,56.850,48.149,29.473,19.942,10.395,5.713,1.920
2.52000,68.068,56.944,48.159,29.541,19.964,10.439,5.722,1.915
2.52333,68.113,56.902,48.272,29.531,19.972,10.402,5.699,1.942
2.52667,68.221,57.098,48.324,29.568,20.030,10.448,5.728,2.024
2.53000,68.297,57.167,48.361,29.626,20.015,10.462,5.761,1.989
2.53333,68.406,57.160,48.510,29.596,20.131,10.436,5.719,2.004
2.53667,68.487,57.270,48.469,29.709,20.058,10.463,5.755,2.115
2.54000,68.502,57.384,48.575,29.729,20.126,10.454,5.709,1.980
2.54333,68.550,57.439,48.625,29.780,20.128,10.507,5.750,2.047
2.54667,68.693,57.478,48.631,29.851,20.205,10.518,5.824,1.938
2.55000,68.739,57.615,48.745,29.815,20.166,10.509,5.802,2.017
2.55333,68.851,57.612,48.838,29.854,20.253,10.551,5.750,2.035
2.55667,68.911,57.669,48.860,29.923,20.268,10.533,5.793,2.020
2.56000,69.001,57.752,48.847,29.916,20.251,10.581,5.806,2.039
2.56333,69.045,57.789,48.947,29.929,20.334,10.597,5.784,2.046
2.56667,69.194,57.864,49.021,30.054,20.334,10.578,5.819,2.047
2.57000,69.182,57.962,49.083,30.045,20.342,10.608,5.811,2.064
2.57333,69.342,58.020,49.157,30.047,20.443,10.643,5.781,2.041
2.57667,69.376,58.146,49.198,30.158,20.436,10.589,5.869,2.077
2.58000,69.509,58.183,49.292,30.162,20.322,10.707,5.834,2.113
2.58333,69.512,58.260,49.369,30.274,20.365,10.690,5.794,2.039
2.58667,69.670,58.322,49.378,30.231,20.506,10.666,5.878,2.009
2.59000,69.722,58.347,49.405,30.306,20.498,10.720,5.836,2.056
2.59333,69.896,58.438,49.524,30.287,20.518,10.707,5.866,2.033
2.59667,69.892,58.485,49.551,30.409,20.580,10.778,5.943,2.050
2.60000,70.021,58.586,49.542,30.392,20.590,10.747,5.880,2.108
2.60333,70.086,58.711,49.652,30.405,20.566,10.777,5.914,1.964
2.60667,70.126,58.747,49.689,30.455,20.636,10.735,5.877,2.071
2.61000,70.198,58.843,49.788,30.491,20.656,10.817,5.956,2.115
2.61333,70.305,58.873,49.860,30.565,20.708,10.776,5.849,2.063
2.61667,70.411,58.888,49.912,30.595,20.723,10.793,5.885,2.173
2.62000,70.543,58.988,49.975,30.689,20.695,10.787,5.871,2.037
2.62333,70.604,59.110,50.040,30.629,20.716,10.805,5.856,2.042
2.62667,70.631,59.168,50.100,30.659,20.774,10.855,5.912,2.142
2.63000,70.760,59.208,50.064,30.704,20.778,10.861,6.000,2.019
2.63333,70.845,59.314,50.248,30.735,20.814,10.913,5.944,2.094
2.63667,70.941,59.373,50.275,30.750,20.817,10.886,5.947,2.134
2.64000,70.954,59.409,50.330,30.838,20.889,10.939,5.996,2.155
2.64333,71.159,59.494,50.397,30.926,20.891,10.888,6.013,2.108
2.64667,71.201,59.581,50.431,30.941,20.930,10.877,6.024,2.131
2.65000,71.178,59.718,50.533,30.934,21.004,10.979,6.053,2.121
2.65333,71.224,59.687,50.568,31.097,21.031,10.956,6.050,2.076
2.65667,71.400,59.798,50.596,31.014,21.070,10.941,5.970,2.128
2.66000,71.457,59.881,50.707,31.091,21.019,11.040,5.974,2.120
2.66333,71.589,60.023,50.803,31.108,21.020,10.970,6.035,2.181
2.66667,71.652,60.002,50.787,31.128,21.147,11.038,6.033,2.095
2.67000,71.695,60.136,50.876,31.177,21.173,11.038,6.046,2.123
2.67333,71.830,60.219,50.907,31.216,21.093,11.028,6.080,2.124
2.67667,71.909,60.219,50.982,31.258,21.161,11.090,6.000,2.143
2.68000,71.978,60.313,51.081,31.274,21.185,11.027,6.108,2.178
2.68333,72.105,60.399,51.104,31.303,21.196,11.157,6.042,2.201
2.68667,72.206,60.443,51.201,31.411,21.253,11.117,6.098,2.129
2.69000,72.211,60.554,51.191,31.409,21.278,11.131,6.102,2.154
2.69333,72.378,60.545,51.283,31.469,21.355,11.110,6.059,2.149
2.69667,72.412,60.671,51.324,31.482,21.344,11.138,6.104,2.226
2.70000,72.542,60.758,51.442,31.500,21.352,11.158,6.081,2.165
2.70333,72.547,60.789,51.515,31.569,21.431,11.161,6.125,2.183
2.70667,72.733,60.836,51.538,31.613,21.383,11.187,6.116,2.141
2.71000,72.774,60.899,51.595,31.649,21.413,11.182,6.169,2.172
2.71333,72.813,61.000,51.633,31.660,21.490,11.186,6.124,2.113
2.71667,72.929,61.138,51.701,31.750,21.513,11.242,6.179,2.137
2.72000,72.910,61.213,51.748,31.770,21.475,11.213,6.160,2.201
2.72333,73.092,61.207,51.923,31.831,21.486,11.292,6.218,2.213
2.72667,73.162,61.339,51.886,31.764,21.505,11.270,6.227,2.235
2.73000,73.299,61.416,51.981,31.834,21.599,11.222,6.217,2.206
2.73333,73.288,61.454,51.973,31.904,21.570,11.254,6.167,2.151
2.73667,73.400,61.601,52.140,31.941,21.596,11.301,6.187,2.148
2.74000,73.559,61.637,52.117,31.985,21.737,11.346,6.160,2.130
2.74333,73.592,61.676,52.224,32.070,21.700,11.377,6.241,2.193
2.74667,73.676,61.735,52.292,32.028,21.783,11.369,6.262,2.191
2.75000,73.801,61.842,52.277,32.139,21.742,11.367,6.224,2.179
2.75333,73.923,61.860,52.445,32.125,21.711,11.389,6.263,2.195
2.75667,73.927,61.927,52.478,32.154,21.790,11.371,6.204,2.254
2.76000,74.002,62.021,52.528,32.166,21.819,11.400,6.218,2.268
2.76333,74.209,62.197,52.625,32.256,21.781,11.517,6.261,2.190
2.76667,74.153,62.181,52.670,32.343,21.909,11.467,6.249,2.235
2.77000,74.279,62.326,52.701,32.343,21.935,11.481,6.267,2.261
2.77333,74.403,62.265,52.737,32.307,21.855,11.443,6.263,2.236
2.77667,74.536,62.462,52.825,32.434,21.901,11.490,6.256,2.177
2.78000,74.544,62.503,52.946,32.450,21.968,11.478,6.295,2.279
2.78333,74.675,62.588,52.969,32.470,21.985,11.474,6.351,2.222
2.78667,74.730,62.657,53.012,32.502,22.011,11.552,6.298,2.287
2.79000,74.830,62.700,53.118,32.611,22.007,11.551,6.350,2.275
2.79333,74.879,62.820,53.174,32.615,22.045,11.608,6.362,2.313
2.79667,75.021,62.927,53.228,32.621,22.027,11.539,6.348,2.221
2.80000,75.098,62.917,53.305,32.717,22.132,11.644,6.325,2.285
2.80333,75.166,63.031,53.305,32.695,22.114,11.653,6.315,2.282
2.80667,75.237,63.076,53.414,32.759,22.162,11.646,6.378,2.274
2.81000,75.311,63.123,53.453,32.822,22.188,11.626,6.357,2.261
2.81333,75.405,63.354,53.520,32.841,22.216,11.594,6.290,2.336
2.81667,75.555,63.273,53.606,32.898,22.269,11.671,6.379,2.314
2.82000,75.584,63.386,53.639,32.904,22.305,11.697,6.375,2.268
2.82333,75.719,63.414,53.748,32.963,22.269,11.773,6.423,2.317
2.82667,75.789,63.537,53.758,32.937,22.397,11.744,6.438,2.291
2.83000,75.834,63.653,53.871,33.045,22.387,11.652,6.365,2.270
2.83333,75.978,63.697,53.914,33.034,22.455,11.768,6.398,2.261
2.83667,76.056,63.774,54.023,33.152,22.468,11.689,6.427,2.302
2.84000,76.137,63.863,54.132,33.211,22.455,11.794,6.480,2.358
2.84333,76.295,63.886,54.098,33.211,22.545,11.814,6.433,2.307
2.84667,76.342,64.041,54.162,33.255,22.492,11.760,6.483,2.353
2.85000,76.382,64.063,54.241,33.367,22.564,11.824,6.425,2.246
2.85333,76.432,64.153,54.266,33.303,22.458,11.788,6.470,2.329
2.85667,76.635,64.222,54.412,33.316,22.536,11.829,6.503,2.312
2.86000,76.728,64.337,54.483,33.463,22.577,11.859,6.430,2.357
2.86333,76.730,64.336,54.515,33.416,22.679,11.818,6.477,2.302
2.86667,76.848,64.423,54.561,33.524,22.718,11.863,6.511,2.279
2.87000,76.983,64.536,54.606,33.443,22.669,11.831,6.532,2.317
2.87333,77.050,64.625,54.704,33.568,22.704,11.928,6.548,2.344
2.87667,77.166,64.638,54.747,33.505,22.738,11.936,6.534,2.339
2.88000,77.233,64.757,54.794,33.645,22.726,11.932,6.483,2.362
2.88333,77.294,64.870,54.871,33.734,22.737,11.931,6.576,2.378
2.88667,77.379,64.957,54.990,33.718,22.851,11.955,6.620,2.411
2.89000,77.487,65.014,55.022,33.782,22.887,11.960,6.523,2.347
2.89333,77.634,65.132,55.081,33.806,22.896,11.987,6.515,2.370
2.89667,77.676,65.176,55.165,33.880,22.882,12.035,6.577,2.339
2.90000,77.741,65.294,55.218,33.918,22.959,12.107,6.643,2.469
2.90333,77.838,65.362,55.281,33.951,22.977,12.068,6.628,2.340
2.90667,78.004,65.452,55.325,33.974,23.016,12.050,6.656,2.363
2.91000,78.089,65.538,55.409,33.966,22.988,12.024,6.648,2.424
2.91333,78.149,65.585,55.429,34.052,23.022,12.131,6.616,2.400
2.91667,78.240,65.582,55.492,34.149,23.033,12.153,6.629,2.400
2.92000,78.278,65.707,55.603,34.182,23.135,12.127,6.713,2.396
2.92333,78.428,65.814,55.692,34.159,23.136,12.124,6.663,2.415
2.92667,78.451,65.870,55.702,34.223,23.110,12.120,6.648,2.422
2.93000,78.600,65.984,55.790,34.256,23.123,12.139,6.622,2.404
2.93333,78.704,66.040,55.931,34.271,23.218,12.171,6.673,2.397
2.93667,78.780,66.111,55.946,34.334,23.262,12.198,6.693,2.478
2.94000,78.830,66.213,55.990,34.397,23.263,12.267,6.678,2.453
2.94333,78.944,66.287,56.023,34.443,23.285,12.140,6.742,2.428
2.94667,79.053,66.346,56.175,34.432,23.324,12.244,6.718,2.468
2.95000,79.166,66.481,56.222,34.515,23.388,12.319,6.694,2.401
2.95333,79.240,66.537,56.224,34.500,23.370,12.273,6.729,2.462
2.95667,79.319,66.632,56.338,34.627,23.352,12.309,6.722,2.421
2.96000,79.438,66.709,56.454,34.627,23.371,12.310,6.679,2.445
2.96333,79.471,66.677,56.496,34.683,23.439,12.314,6.747,2.416
2.96667,79.603,66.819,56.546,34.705,23.445,12.353,6.767,2.446
2.97000,79.732,66.868,56.605,34.807,23.534,12.355,6.772,2.440
2.97333,79.785,66.985,56.647,34.822,23.541,12.310,6.749,2.519
2.97667,79.916,67.156,56.681,34.882,23.535,12.370,6.759,2.449
2.98000,80.047,67.118,56.782,34.895,23.686,12.372,6.862,2.453
2.98333,80.060,67.260,56.865,34.972,23.638,12.443,6.799,2.412
2.98667,80.114,67.338,56.960,34.985,23.644,12.436,6.851,2.384
2.99000,80.309,67.380,56.933,35.069,23.697,12.469,6.846,2.535
2.99333,80.377,67.500,57.113,35.025,23.727,12.432,6.757,2.511
2.99667,80.478,67.553,57.140,35.143,23.760,12.443,6.868,2.566
3.00000,80.566,67.609,57.219,35.187,23.798,12.482,6.852,2.498
3.00333,80.623,67.696,57.330,35.172,23.798,12.455,6.836,2.428
3.00667,80.731,67.762,57.321,35.209,23.814,12.552,6.792,2.519
3.01000,80.827,67.831,57.420,35.251,23.882,12.566,6.916,2.512
3.01333,80.924,67.942,57.531,35.339,23.898,12.542,6.784,2.516
3.01667,81.080,68.017,57.572,35.352,23.919,12.534,6.896,2.454
3.02000,81.151,68.125,57.650,35.332,23.974,12.632,6.874,2.438
3.02333,81.195,68.254,57.655,35.450,23.967,12.584,6.891,2.479
3.02667,81.260,68.254,57.784,35.459,23.998,12.609,6.928,2.450
3.03000,81.403,68.341,57.783,35.603,23.989,12.647,6.942,2.482
3.03333,81.428,68.444,57.954,35.560,24.037,12.651,6.929,2.587
3.03667,81.549,68.489,57.962,35.615,24.075,12.727,6.839,2.540
3.04000,81.681,68.620,58.060,35.630,24.107,12.708,6.924,2.550
3.04333,81.771,68.734,58.076,35.655,24.130,12.720,6.932,2.526
3.04667,81.852,68.755,58.205,35.744,24.161,12.647,6.970,2.624
3.05000,81.972,68.852,58.222,35.784,24.228,12.704,6.923,2.515
3.05333,82.089,68.977,58.299,35.833,24.205,12.727,6.887,2.575
3.05667,82.132,69.013,58.334,35.913,24.246,12.696,6.993,2.576
3.06000,82.240,69.073,58.454,35.935,24.258,12.762,7.036,2.558
3.06333,82.378,69.118,58.558,35.935,24.263,12.782,7.011,2.569
3.06667,82.426,69.220,58.582,36.005,24.374,12.758,7.004,2.547
3.07000,82.516,69.317,58.652,36.063,24.313,12.873,7.076,2.512
3.07333,82.686,69.377,58.680,36.034,24.390,12.802,7.056,2.581
3.07667,82.705,69.463,58.754,36.167,24.456,12.848,7.089,2.563
3.08000,82.847,69.514,58.769,36.106,24.415,12.918,7.030,2.617
3.08333,82.933,69.712,58.945,36.231,24.454,12.904,7.080,2.617
3.08667,83.048,69.741,59.017,36.281,24.474,12.894,7.071,2.620
3.09000,83.089,69.824,59.064,36.329,24.556,12.905,7.048,2.594
3.09333,83.213,69.904,59.104,36.374,24.550,12.954,7.001,2.603
3.09667,83.296,69.963,59.234,36.427,24.632,12.924,7.069,2.574
3.10000,83.405,70.121,59.282,36.425,24.635,12.921,7.074,2.571
3.10333,83.507,70.133,59.361,36.461,24.639,13.042,7.123,2.649
3.10667,83.624,70.236,59.405,36.558,24.729,12.960,7.153,2.581
3.11000,83.746,70.339,59.446,36.511,24.682,13.065,7.164,2.562
3.11333,83.774,70.400,59.520,36.597,24.707,13.048,7.129,2.596
3.11667,83.913,70.456,59.626,36.650,24.739,12.998,7.164,2.573
3.12000,83.989,70.497,59.712,36.726,24.824,12.990,7.087,2.621
3.12333,84.066,70.668,59.746,36.773,24.882,13.121,7.120,2.582
3.12667,84.151,70.738,59.809,36.736,24.863,13.082,7.123,2.666
3.13000,84.301,70.788,59.890,36.797,24.895,13.126,7.165,2.688
3.13333,84.409,70.902,59.924,36.864,24.899,13.106,7.196,2.591
3.13667,84.485,71.040,60.088,36.965,24.936,13.112,7.180,2.672
3.14000,84.589,71.050,60.093,36.964,24.956,13.126,7.154,2.649
3.14333,84.618,71.163,60.231,37.041,24.960,13.159,7.118,2.614
3.14667,84.708,71.262,60.262,37.075,25.006,13.128,7.196,2.701
3.15000,84.819,71.296,60.345,37.098,25.010,13.177,7.196,2.695
3.15333,84.972,71.348,60.351,37.180,25.091,13.161,7.213,2.651
3.15667,85.056,71.474,60.445,37.201,25.146,13.161,7.273,2.673
3.16000,85.079,71.566,60.551,37.269,25.210,13.236,7.321,2.677
3.16333,85.270,71.616,60.614,37.319,25.131,13.268,7.268,2.649
3.16667,85.367,71.761,60.659,37.331,25.160,13.243,7.271,2.676
3.17000,85.482,71.886,60.697,37.383,25.283,13.253,7.356,2.720
3.17333,85.563,71.893,60.852,37.439,25.276,13.260,7.298,2.723
3.17667,85.580,71.992,60.864,37.437,25.272,13.304,7.308,2.601
3.18000,85.748,72.094,61.022,37.482,25.319,13.353,7.272,2.744
3.18333,85.833,72.150,61.068,37.654,25.356,13.320,7.313,2.700
3.18667,85.934,72.264,61.033,37.597,25.352,13.393,7.313,2.665
3.19000,86.043,72.370,61.181,37.677,25.381,13.426,7.342,2.658
3.19333,86.165,72.354,61.218,37.621,25.466,13.403,7.304,2.670
3.19667,86.248,72.520,61.265,37.765,25.487,13.429,7.354,2.675
3.20000,86.384,72.592,61.458,37.814,25.422,13.396,7.402,2.689
3.20333,86.452,72.639,61.516,37.782,25.484,13.460,7.388,2.737
3.20667,86.544,72.789,61.617,37.878,25.549,13.491,7.349,2.747
3.21000,86.645,72.804,61.623,37.884,25.613,13.469,7.406,2.741
3.21333,86.784,72.988,61.678,37.918,25.703,13.496,7.454,2.710
3.21667,86.865,73.036,61.740,37.941,25.662,13.494,7.410,2.740
3.22000,86.948,73.084,61.811,38.042,25.726,13.569,7.435,2.795
3.22333,87.000,73.169,61.890,38.072,25.687,13.591,7.424,2.719
3.22667,87.181,73.296,62.009,38.087,25.768,13.611,7.415,2.724
3.23000,87.268,73.300,62.082,38.185,25.726,13.704,7.437,2.790
3.23333,87.297,73.389,62.127,38.177,25.743,13.574,7.447,2.806
3.23667,87.469,73.535,62.148,38.341,25.817,13.630,7.490,2.757
3.24000,87.607,73.561,62.210,38.364,25.836,13.678,7.487,2.743
3.24333,87.682,73.707,62.257,38.407,25.908,13.600,7.457,2.779
3.24667,87.769,73.814,62.444,38.427,25.953,13.694,7.463,2.839
3.25000,87.899,73.901,62.459,38.447,25.952,13.662,7.472,2.766
3.25333,87.938,73.985,62.608,38.479,26.002,13.736,7.481,2.849
3.25667,88.013,74.089,62.601,38.483,25.989,13.708,7.526,2.863
3.26000,88.156,74.162,62.728,38.530,26.092,13.750,7.545,2.796
3.26333,88.230,74.189,62.798,38.676,26.033,13.733,7.526,2.814
3.26667,88.404,74.323,62.873,38.719,26.067,13.724,7.554,2.794
3.27000,88.454,74.385,62.943,38.715,26.165,13.797,7.457,2.854
3.27333,88.558,74.465,63.062,38.793,26.214,13.842,7.566,2.848
3.27667,88.685,74.544,63.122,38.790,26.231,13.832,7.529,2.838
3.28000,88.745,74.710,63.160,38.857,26.233,13.853,7.542,2.847
3.28333,88.892,74.716,63.303,38.852,26.282,13.885,7.640,2.789
3.28667,88.905,74.784,63.225,38.940,26.312,13.864,7.620,2.817
3.29000,89.141,74.944,63.344,39.022,26.305,13.912,7.584,2.822
3.29333,89.226,74.959,63.425,39.051,26.365,13.907,7.614,2.785
3.29667,89.280,75.026,63.455,39.109,26.332,13.918,7.663,2.838
3.30000,89.464,75.168,63.555,39.200,26.436,13.986,7.695,2.903
3.30333,89.506,75.274,63.635,39.185,26.462,13.999,7.599,2.811
3.30667,89.625,75.379,63.753,39.247,26.459,13.945,7.568,2.802
3.31000,89.750,75.460,63.750,39.287,26.536,14.015,7.652,2.823
3.31333,89.799,75.463,63.903,39.346,26.521,14.070,7.716,2.798
3.31667,89.820,75.627,63.917,39.346,26.545,14.068,7.710,2.825
3.32000,90.002,75.700,64.066,39.420,26.597,14.012,7.702,2.841
3.32333,90.052,75.759,64.103,39.472,26.650,14.102,7.696,2.872
3.32667,90.212,75.898,64.168,39.536,26.621,14.070,7.744,2.818
3.33000,90.339,75.978,64.261,39.594,26.677,14.106,7.700,2.843
3.33333,90.399,75.974,64.445,39.576,26.749,14.098,7.751,2.884
3.33667,90.582,76.133,64.457,39.623,26.664,14.130,7.762,2.877
3.34000,90.623,76.172,64.440,39.704,26.775,14.076,7.769,2.923
3.34333,90.701,76.331,64.554,39.790,26.836,14.161,7.774,2.941
3.34667,90.824,76.427,64.574,39.735,26.825,14.184,7.794,2.920
3.35000,90.924,76.458,64.705,39.833,26.835,14.212,7.790,2.913
3.35333,91.029,76.609,64.758,39.882,26.933,14.232,7.743,2.931
3.35667,91.148,76.725,64.797,39.921,26.976,14.222,7.767,2.899
3.36000,91.212,76.764,64.973,40.041,27.014,14.248,7.801,2.874
3.36333,91.315,76.895,64.965,40.015,26.995,14.275,7.805,2.912
3.36667,91.461,77.006,65.075,40.031,27.040,14.303,7.825,2.899
3.37000,91.518,77.042,65.123,40.163,27.093,14.300,7.841,2.907
3.37333,91.635,77.052,65.183,40.140,27.151,14.300,7.869,2.874
3.37667,91.758,77.212,65.312,40.193,27.128,14.341,7.856,2.933
3.38000,91.847,77.280,65.350,40.229,27.220,14.401,7.839,2.954
3.38333,92.038,77.396,65.420,40.263,27.210,14.432,7.901,2.938
3.38667,92.014,77.469,65.507,40.319,27.191,14.400,7.864,2.945
3.39000,92.139,77.493,65.551,40.358,27.309,14.421,7.922,2.912
3.39333,92.312,77.647,65.641,40.439,27.305,14.433,7.888,2.974
3.39667,92.389,77.660,65.752,40.489,27.320,14.447,7.892,2.936
3.40000,92.486,77.831,65.818,40.558,27.318,14.447,7.901,2.973
3.40333,92.615,77.889,65.866,40.589,27.428,14.510,7.887,2.996
3.40667,92.747,78.030,65.984,40.686,27.461,14.540,7.958,2.955
3.41000,92.798,78.176,66.025,40.632,27.418,14.536,7.940,3.006
3.41333,92.907,78.153,66.105,40.747,27.508,14.535,7.894,2.991
3.41667,93.001,78.269,66.194,40.765,27.490,14.545,7.919,3.061
3.42000,93.113,78.349,66.242,40.851,27.563,14.566,7.958,3.010
3.42333,93.188,78.485,66.356,40.882,27.577,14.563,7.970,2.955
3.42667,93.292,78.527,66.419,40.815,27.677,14.625,7.962,3.039
3.43000,93.437,78.644,66.491,40.966,27.604,14.587,7.977,3.018
3.43333,93.504,78.727,66.557,40.996,27.679,14.599,8.018,2.968
3.43667,93.648,78.827,66.643,41.087,27.687,14.614,8.014,2.991
3.44000,93.729,78.900,66.659,41.124,27.756,14.657,8.014,3.003
3.44333,93.876,79.040,66.817,41.173,27.722,14.707,8.058,3.010
3.44667,93.911,79.038,66.896,41.198,27.780,14.747,8.038,3.003
3.45000,94.018,79.128,66.919,41.226,27.888,14.707,7.972,3.018
3.45333,94.166,79.295,66.986,41.364,27.884,14.721,8.066,3.061
3.45667,94.255,79.351,67.171,41.349,27.828,14.754,8.071,3.010
3.46000,94.369,79.433,67.189,41.357,27.905,14.804,8.030,3.021
3.46333,94.440,79.528,67.204,41.468,27.900,14.722,8.101,3.004
3.46667,94.607,79.612,67.322,41.502,27.873,14.821,8.115,3.064
3.47000,94.707,79.764,67.498,41.493,27.971,14.823,8.110,3.141
3.47333,94.798,79.851,67.490,41.590,28.044,14.819,8.134,3.057
3.47667,94.890,79.906,67.563,41.596,28.056,14.959,8.133,3.058
3.48000,95.038,80.024,67.685,41.683,28.134,14.834,8.116,3.078
3.48333,95.143,80.150,67.714,41.720,28.191,14.901,8.193,3.116
3.48667,95.236,80.164,67.817,41.779,28.159,14.915,8.231,3.034
3.49000,95.386,80.250,67.878,41.835,28.185,14.913,8.156,3.080
3.49333,95.489,80.312,67.961,41.799,28.271,14.897,8.183,3.066
3.49667,95.528,80.438,68.005,41.933,28.284,14.981,8.198,3.127
3.50000,95.617,80.598,68.109,41.988,28.299,14.994,8.211,3.093
3.50333,95.778,80.687,68.219,42.037,28.384,15.029,8.213,3.120
3.50667,95.858,80.730,68.260,42.037,28.438,15.022,8.218,3.111
3.51000,95.966,80.811,68.356,42.065,28.405,14.972,8.187,3.137
3.51333,96.113,80.910,68.422,42.205,28.354,14.997,8.292,3.054
3.51667,96.255,81.010,68.452,42.281,28.469,15.028,8.204,3.172
3.52000,96.284,81.095,68.556,42.254,28.484,15.087,8.269,3.150
3.52333,96.377,81.130,68.589,42.347,28.550,15.093,8.296,3.126
3.52667,96.586,81.311,68.760,42.366,28.589,15.148,8.341,3.139
3.53000,96.661,81.324,68.805,42.411,28.592,15.188,8.273,3.174
3.53333,96.717,81.462,68.850,42.400,28.584,15.169,8.302,3.077
3.53667,96.820,81.599,68.949,42.508,28.659,15.157,8.296,3.131
3.54000,97.003,81.592,68.965,42.511,28.735,15.251,8.292,3.192
3.54333,97.047,81.802,69.146,42.588,28.754,15.239,8.354,3.179
3.54667,97.083,81.870,69.178,42.631,28.737,15.218,8.366,3.139
3.55000,97.303,82.014,69.246,42.634,28.773,15.279,8.367,3.151
3.55333,97.424,82.009,69.360,42.693,28.837,15.308,8.375,3.193
3.55667,97.593,82.094,69.473,42.753,28.838,15.349,8.332,3.153
3.56000,97.579,82.183,69.574,42.892,28.829,15.330,8.408,3.164
3.56333,97.746,82.266,69.559,42.872,28.955,15.320,8.366,3.222
3.56667,97.813,82.396,69.659,42.933,28.887,15.346,8.389,3.147
3.57000,97.925,82.564,69.765,43.001,29.029,15.335,8.356,3.115
3.57333,98.074,82.599,69.848,43.091,29.041,15.421,8.422,3.263
3.57667,98.083,82.719,69.905,43.129,29.064,15.452,8.499,3.235
3.58000,98.204,82.778,69.974,43.162,29.090,15.466,8.492,3.206
3.58333,98.410,82.880,70.058,43.175,29.063,15.460,8.467,3.158
3.58667,98.557,82.938,70.208,43.202,29.202,15.436,8.466,3.232
3.59000,98.630,83.052,70.216,43.274,29.136,15.493,8.406,3.185
3.59333,98.708,83.193,70.351,43.367,29.233,15.484,8.420,3.206
3.59667,98.792,83.211,70.329,43.378,29.263,15.494,8.496,3.212
3.60000,98.918,83.320,70.511,43.456,29.268,15.519,8.516,3.169
3.60333,98.972,83.395,70.532,43.467,29.274,15.545,8.521,3.240
3.60667,99.140,83.512,70.630,43.540,29.344,15.547,8.467,3.223
3.61000,99.252,83.556,70.703,43.552,29.432,15.562,8.511,3.242
3.61333,99.339,83.688,70.770,43.637,29.409,15.576,8.551,3.278
3.61667,99.456,83.812,70.863,43.682,29.467,15.605,8.566,3.275
3.62000,99.593,83.874,70.939,43.745,29.474,15.644,8.492,3.272
3.62333,99.615,84.025,71.018,43.847,29.526,15.642,8.582,3.303
3.62667,99.774,84.073,71.023,43.827,29.569,15.675,8.582,3.253
3.63000,99.925,84.228,71.133,43.867,29.607,15.630,8.571,3.303
3.63333,100.050,84.288,71.284,43.890,29.677,15.697,8.609,3.213
3.63667,100.119,84.345,71.287,44.013,29.700,15.763,8.574,3.294
3.64000,100.194,84.399,71.391,43.968,29.706,15.750,8.583,3.302
3.64333,100.364,84.613,71.441,44.039,29.740,15.820,8.569,3.215
3.64667,100.492,84.695,71.555,44.178,29.743,15.744,8.672,3.301
3.65000,100.581,84.769,71.644,44.206,29.714,15.861,8.707,3.312
3.65333,100.725,84.834,71.683,44.231,29.825,15.835,8.673,3.269
3.65667,100.834,84.927,71.798,44.282,29.867,15.826,8.638,3.240
3.66000,100.902,85.058,71.889,44.335,29.922,15.844,8.705,3.277
3.66333,100.972,85.133,71.951,44.426,29.878,15.874,8.707,3.340
3.66667,101.098,85.234,72.028,44.465,29.939,15.864,8.712,3.235
3.67000,101.283,85.392,72.117,44.519,30.005,15.924,8.741,3.299
3.67333,101.316,85.380,72.169,44.608,30.007,15.969,8.723,3.340
3.67667,101.476,85.524,72.328,44.547,30.069,15.921,8.762,3.373
3.68000,101.597,85.542,72.381,44.603,30.057,15.883,8.789,3.323
3.68333,101.665,85.644,72.462,44.697,30.098,16.006,8.720,3.344
3.68667,101.818,85.779,72.497,44.738,30.194,16.060,8.738,3.318
3.69000,101.890,85.924,72.570,44.793,30.189,16.035,8.773,3.390
3.69333,102.034,86.039,72.678,44.789,30.217,16.004,8.842,3.424
3.69667,102.106,86.094,72.742,44.870,30.189,16.103,8.799,3.352
3.70000,102.294,86.180,72.848,45.023,30.348,16.094,8.830,3.305
3.70333,102.277,86.291,72.927,45.002,30.320,16.144,8.806,3.278
3.70667,102.480,86.331,72.979,45.000,30.375,16.147,8.804,3.399
3.71000,102.546,86.534,73.090,45.082,30.356,16.082,8.822,3.388
3.71333,102.719,86.548,73.180,45.113,30.365,16.116,8.862,3.360
3.71667,102.727,86.671,73.214,45.226,30.429,16.177,8.833,3.387
3.72000,102.893,86.738,73.370,45.260,30.439,16.279,8.887,3.325
3.72333,103.061,86.819,73.417,45.239,30.519,16.235,8.914,3.411
3.72667,103.092,86.886,73.511,45.303,30.574,16.294,8.927,3.356
3.73000,103.192,86.996,73.569,45.446,30.614,16.286,8.862,3.400
3.73333,103.371,87.111,73.752,45.397,30.536,16.268,8.857,3.408
3.73667,103.531,87.212,73.716,45.553,30.649,16.310,8.865,3.427
3.74000,103.611,87.325,73.820,45.563,30.713,16.247,8.978,3.344
3.74333,103.685,87.401,73.925,45.564,30.723,16.346,8.903,3.437
3.74667,103.804,87.566,73.930,45.687,30.771,16.386,8.935,3.436
3.75000,103.908,87.654,74.083,45.750,30.852,16.340,8.888,3.419
3.75333,104.085,87.718,74.098,45.743,30.811,16.350,8.944,3.433
3.75667,104.141,87.796,74.261,45.746,30.871,16.425,8.993,3.424
3.76000,104.301,87.892,74.297,45.820,30.864,16.385,9.009,3.457
3.76333,104.412,88.007,74.380,45.886,30.894,16.392,9.030,3.451
3.76667,104.472,88.172,74.504,45.966,30.907,16.425,9.004,3.468
3.77000,104.624,88.229,74.583,45.986,31.032,16.433,8.935,3.419
3.77333,104.706,88.270,74.635,46.041,30.939,16.455,9.020,3.481
3.77667,104.788,88.470,74.711,46.120,31.079,16.530,9.098,3.478
3.78000,104.934,88.478,74.857,46.147,31.109,16.516,8.988,3.543
3.78333,105.039,88.534,74.905,46.230,31.127,16.494,9.003,3.483
3.78667,105.191,88.675,74.991,46.211,31.166,16.578,9.033,3.429
3.79000,105.276,88.733,75.066,46.276,31.242,16.579,9.012,3.465
3.79333,105.416,88.895,75.193,46.363,31.242,16.593,9.054,3.490
3.79667,105.525,88.977,75.144,46.418,31.285,16.546,9.043,3.513
3.80000,105.605,89.038,75.348,46.488,31.349,16.653,9.087,3.473
3.80333,105.720,89.216,75.387,46.504,31.328,16.679,9.090,3.528
3.80667,105.830,89.354,75.413,46.574,31.400,16.693,9.120,3.463
3.81000,106.012,89.333,75.563,46.640,31.429,16.689,9.161,3.443
3.81333,106.107,89.473,75.609,46.640,31.400,16.733,9.092,3.491
3.81667,106.216,89.516,75.668,46.727,31.467,16.696,9.166,3.490
3.82000,106.278,89.644,75.753,46.780,31.487,16.784,9.162,3.535
3.82333,106.372,89.729,75.852,46.876,31.530,16.864,9.130,3.520
3.82667,106.549,89.828,75.924,46.867,31.547,16.761,9.201,3.561
3.83000,106.606,89.998,76.028,46.878,31.590,16.850,9.192,3.502
3.83333,106.752,90.057,76.110,46.995,31.696,16.847,9.149,3.537
3.83667,106.810,90.182,76.205,47.069,31.684,16.847,9.226,3.604
3.84000,106.933,90.237,76.251,47.049,31.693,16.863,9.285,3.490
3.84333,107.022,90.354,76.346,47.119,31.720,16.869,9.220,3.575
3.84667,107.225,90.416,76.448,47.191,31.842,16.925,9.239,3.586
3.85000,107.357,90.556,76.494,47.269,31.874,16.893,9.302,3.560
3.85333,107.459,90.642,76.592,47.294,31.819,16.978,9.293,3.537
3.85667,107.573,90.793,76.683,47.410,31.935,16.982,9.280,3.556
3.86000,107.701,90.820,76.813,47.384,31.931,16.937,9.289,3.515
3.86333,107.734,90.894,76.842,47.465,31.920,16.936,9.289,3.564
3.86667,107.919,91.019,76.959,47.484,32.024,17.065,9.293,3.505
3.87000,108.072,91.134,77.032,47.577,31.969,17.001,9.358,3.546
3.87333,108.153,91.257,77.073,47.589,32.124,17.064,9.302,3.538
3.87667,108.267,91.298,77.201,47.677,32.113,17.100,9.343,3.574
3.88000,108.390,91.447,77.261,47.689,32.136,17.052,9.318,3.552
3.88333,108.478,91.554,77.371,47.722,32.151,17.087,9.355,3.606
3.88667,108.579,91.647,77.428,47.801,32.207,17.176,9.409,3.625
3.89000,108.683,91.712,77.505,47.809,32.281,17.130,9.418,3.700
3.89333,108.841,91.841,77.619,47.943,32.304,17.138,9.351,3.667
3.89667,108.932,91.938,77.655,47.976,32.288,17.186,9.366,3.598
3.90000,109.042,92.070,77.765,47.978,32.263,17.203,9.361,3.674
3.90333,109.189,92.166,77.895,47.993,32.386,17.283,9.371,3.648
3.90667,109.288,92.243,77.880,48.132,32.401,17.258,9.427,3.663
3.91000,109.343,92.315,78.019,48.170,32.449,17.248,9.442,3.674
3.91333,109.505,92.382,78.115,48.261,32.452,17.269,9.402,3.653
3.91667,109.618,92.504,78.194,48.354,32.452,17.316,9.531,3.610
3.92000,109.773,92.543,78.337,48.336,32.575,17.352,9.498,3.701
3.92333,109.872,92.705,78.309,48.372,32.630,17.346,9.507,3.692
3.92667,110.009,92.826,78.392,48.449,32.563,17.345,9.470,3.729
3.93000,110.038,92.939,78.542,48.519,32.630,17.353,9.500,3.665
3.93333,110.200,93.026,78.626,48.569,32.700,17.423,9.608,3.691
3.93667,110.349,93.095,78.719,48.555,32.697,17.437,9.504,3.721
3.94000,110.468,93.291,78.760,48.624,32.869,17.457,9.535,3.669
3.94333,110.590,93.340,78.896,48.668,32.755,17.499,9.551,3.655
3.94667,110.712,93.446,78.977,48.747,32.820,17.479,9.587,3.729
3.95000,110.787,93.498,79.055,48.779,32.888,17.509,9.560,3.673
3.95333,110.919,93.587,79.145,48.821,32.905,17.506,9.611,3.734
3.95667,111.028,93.709,79.193,48.917,32.971,17.544,9.602,3.734
3.96000,111.172,93.759,79.255,48.996,32.914,17.567,9.597,3.737
3.96333,111.207,93.879,79.330,49.027,32.997,17.580,9.645,3.705
3.96667,111.379,93.976,79.457,49.080,33.033,17.651,9.653,3.725
3.97000,111.519,94.146,79.522,49.082,33.092,17.633,9.648,3.713
3.97333,111.665,94.180,79.631,49.203,33.066,17.636,9.652,3.730
3.97667,111.756,94.288,79.721,49.213,33.128,17.671,9.714,3.790
3.98000,111.827,94.428,79.749,49.214,33.203,17.669,9.648,3.736
3.98333,111.926,94.550,79.878,49.279,33.167,17.699,9.703,3.685
3.98667,112.126,94.599,79.945,49.405,33.205,17.684,9.631,3.761
3.99000,112.154,94.727,80.038,49.356,33.272,17.702,9.688,3.758
3.99333,112.269,94.842,80.158,49.442,33.288,17.718,9.681,3.720
3.99667,112.492,94.953,80.198,49.568,33.319,17.769,9.667,3.727
4.00000,112.538,95.031,80.218,49.593,33.448,17.832,9.762,3.742
4.00333,112.686,95.165,80.316,49.652,33.455,17.809,9.730,3.720
4.00667,112.692,95.200,80.456,49.681,33.486,17.850,9.738,3.842
4.01000,112.912,95.356,80.501,49.765,33.602,17.862,9.809,3.787
4.01333,113.075,95.442,80.632,49.726,33.530,17.835,9.724,3.813
4.01667,113.143,95.550,80.719,49.867,33.587,17.939,9.794,3.816
4.02000,113.231,95.625,80.819,49.956,33.585,17.906,9.815,3.797
4.02333,113.402,95.761,80.910,49.989,33.643,17.937,9.794,3.784
4.02667,113.416,95.805,80.958,50.024,33.706,17.936,9.784,3.866
4.03000,113.580,95.882,81.045,50.055,33.730,17.894,9.800,3.802
4.03333,113.699,96.007,81.119,50.126,33.710,18.027,9.811,3.782
4.03667,113.844,96.130,81.262,50.192,33.769,17.997,9.848,3.826
4.04000,113.974,96.189,81.223,50.215,33.849,18.040,9.825,3.811
4.04333,114.073,96.262,81.339,50.316,33.869,18.063,9.848,3.916
4.04667,114.166,96.406,81.541,50.333,33.892,18.039,9.897,3.704
4.05000,114.293,96.540,81.549,50.388,33.966,18.107,9.851,3.851
4.05333,114.436,96.615,81.687,50.542,33.907,18.104,9.901,3.777
4.05667,114.553,96.782,81.739,50.436,33.936,18.136,9.870,3.839
4.06000,114.668,96.858,81.787,50.489,34.001,18.140,9.936,3.861
4.06333,114.763,96.923,81.899,50.585,34.007,18.154,9.955,3.787
4.06667,114.902,97.011,81.979,50.614,34.073,18.202,9.952,3.858
4.07000,115.004,97.139,82.077,50.685,34.134,18.209,9.968,3.819
4.07333,115.179,97.139,82.207,50.712,34.194,18.211,9.916,3.920
4.07667,115.246,97.341,82.238,50.820,34.245,18.232,9.999,3.868
4.08000,115.423,97.459,82.329,50.878,34.244,18.241,9.995,3.942
4.08333,115.509,97.518,82.442,50.922,34.234,18.295,9.977,3.838
4.08667,115.606,97.640,82.540,50.987,34.344,18.284,9.956,3.853
4.09000,115.690,97.742,82.592,50.962,34.369,18.271,9.999,4.012
4.09333,115.834,97.822,82.671,51.076,34.390,18.333,9.982,3.885
4.09667,115.916,97.891,82.790,51.113,34.413,18.368,10.011,3.909
4.10000,116.100,98.044,82.868,51.166,34.446,18.371,10.021,3.990
4.10333,116.257,98.204,82.931,51.266,34.476,18.448,10.067,3.989
4.10667,116.318,98.223,83.041,51.269,34.596,18.431,9.984,3.968
4.11000,116.409,98.408,83.100,51.365,34.562,18.400,10.040,3.938
4.11333,116.527,98.412,83.230,51.384,34.558,18.508,10.056,3.940
4.11667,116.670,98.589,83.258,51.487,34.625,18.412,10.045,3.938
4.12000,116.762,98.641,83.384,51.508,34.670,18.471,10.058,3.888
4.12333,116.953,98.721,83.418,51.588,34.751,18.450,10.119,3.949
4.12667,117.052,98.841,83.547,51.598,34.735,18.545,10.137,3.945
4.13000,117.136,98.952,83.568,51.682,34.779,18.548,10.118,3.927
4.13333,117.236,99.059,83.596,51.726,34.886,18.527,10.204,3.995
4.13667,117.411,99.108,83.795,51.778,34.856,18.526,10.153,3.916
4.14000,117.485,99.245,83.900,51.842,34.845,18.534,10.219,3.918
4.14333,117.644,99.377,84.021,51.846,34.926,18.650,10.213,3.982
4.14667,117.762,99.404,83.993,51.996,34.989,18.690,10.186,3.988
4.15000,117.830,99.564,84.151,51.950,34.973,18.679,10.199,3.937
4.15333,117.970,99.590,84.232,52.088,35.052,18.707,10.214,3.989
4.15667,118.116,99.782,84.338,52.050,35.097,18.700,10.294,4.014
4.16000,118.261,99.861,84.455,52.155,35.074,18.780,10.249,3.959
4.16333,118.373,99.968,84.444,52.180,35.111,18.711,10.251,4.022
4.16667,118.461,100.042,84.571,52.216,35.149,18.770,10.273,4.029
4.17000,118.587,100.195,84.636,52.316,35.231,18.767,10.289,4.031
4.17333,118.716,100.292,84.683,52.368,35.206,18.772,10.294,4.013
4.17667,118.852,100.413,84.821,52.520,35.261,18.804,10.278,4.051
4.18000,118.930,100.479,84.864,52.448,35.359,18.848,10.242,4.134
4.18333,119.081,100.541,84.935,52.550,35.364,18.858,10.316,4.002
4.18667,119.191,100.652,85.104,52.594,35.378,18.910,10.356,4.108
4.19000,119.303,100.809,85.157,52.657,35.413,18.895,10.402,4.026
4.19333,119.446,100.863,85.243,52.749,35.510,18.942,10.337,4.059
4.19667,119.500,101.000,85.352,52.756,35.481,18.917,10.414,3.992
4.20000,119.643,101.097,85.443,52.710,35.546,18.928,10.373,4.092
4.20333,119.756,101.125,85.525,52.846,35.565,18.959,10.409,4.035
4.20667,119.884,101.321,85.579,52.887,35.530,19.001,10.383,4.133
4.21000,120.082,101.365,85.592,52.999,35.634,19.024,10.471,4.009
4.21333,120.153,101.506,85.744,53.011,35.631,19.067,10.419,4.045
4.21667,120.213,101.557,85.861,53.092,35.658,19.056,10.342,4.125
4.22000,120.371,101.725,85.961,53.070,35.781,19.060,10.509,4.103
4.22333,120.473,101.881,86.052,53.197,35.824,19.137,10.420,4.079
4.22667,120.645,101.919,86.100,53.264,35.829,19.196,10.426,4.112
4.23000,120.804,102.073,86.151,53.295,35.945,19.117,10.470,4.109
4.23333,120.854,102.105,86.252,53.336,35.891,19.120,10.485,4.113
4.23667,121.015,102.225,86.382,53.405,35.909,19.186,10.483,4.088
4.24000,121.116,102.367,86.471,53.406,35.961,19.183,10.538,4.103
4.24333,121.208,102.350,86.585,53.584,36.018,19.180,10.591,4.146
4.24667,121.371,102.466,86.639,53.583,36.079,19.223,10.508,4.147
4.25000,121.462,102.625,86.717,53.651,36.139,19.251,10.537,4.163
4.25333,121.579,102.743,86.837,53.637,36.096,19.291,10.546,4.116
4.25667,121.700,102.873,86.913,53.708,36.150,19.296,10.613,4.198
4.26000,121.856,102.977,86.951,53.799,36.208,19.300,10.581,4.109
4.26333,122.013,103.071,87.105,53.858,36.274,19.358,10.598,4.157
4.26667,122.070,103.160,87.107,53.902,36.268,19.400,10.586,4.110
4.27000,122.225,103.345,87.231,53.920,36.289,19.413,10.597,4.132
4.27333,122.287,103.300,87.341,54.045,36.327,19.453,10.582,4.184
4.27667,122.481,103.403,87.407,54.001,36.466,19.417,10.600,4.170
4.28000,122.583,103.621,87.510,54.104,36.430,19.392,10.598,4.177
4.28333,122.692,103.659,87.622,54.172,36.437,19.509,10.597,4.127
4.28667,122.798,103.750,87.642,54.268,36.488,19.414,10.709,4.202
4.29000,122.931,103.858,87.814,54.240,36.440,19.503,10.677,4.217
4.29333,123.096,103.978,87.896,54.308,36.524,19.495,10.673,4.142
4.29667,123.159,104.100,87.973,54.370,36.564,19.536,10.672,4.141
4.30000,123.317,104.227,88.017,54.411,36.608,19.591,10.698,4.237
4.30333,123.447,104.234,88.109,54.535,36.648,19.604,10.732,4.217
4.30667,123.483,104.442,88.202,54.515,36.706,19.594,10.781,4.249
4.31000,123.640,104.484,88.236,54.570,36.805,19.611,10.709,4.239
4.31333,123.732,104.565,88.319,54.620,36.785,19.597,10.692,4.248
4.31667,123.867,104.701,88.436,54.738,36.805,19.671,10.731,4.212
4.32000,123.950,104.804,88.567,54.707,36.757,19.639,10.737,4.164
4.32333,124.063,104.886,88.640,54.778,36.868,19.652,10.762,4.235
4.32667,124.244,105.017,88.706,54.856,36.879,19.751,10.815,4.265
4.33000,124.292,105.213,88.798,54.948,36.937,19.711,10.827,4.249
4.33333,124.558,105.301,88.927,54.963,37.019,19.735,10.787,4.265
4.33667,124.605,105.350,88.981,55.065,37.046,19.759,10.740,4.252
4.34000,124.727,105.407,89.026,55.071,37.084,19.822,10.857,4.234
4.34333,124.882,105.529,89.191,55.200,37.111,19.828,10.888,4.235
4.34667,125.011,105.631,89.232,55.198,37.102,19.926,10.880,4.273
4.35000,125.047,105.716,89.304,55.241,37.135,19.856,10.930,4.275
4.35333,125.193,105.894,89.434,55.261,37.245,19.881,10.825,4.261
4.35667,125.358,105.928,89.492,55.423,37.293,19.884,10.870,4.321
4.36000,125.435,106.062,89.584,55.481,37.282,19.965,10.967,4.316
4.36333,125.573,106.158,89.631,55.517,37.328,19.937,10.910,4.325
4.36667,125.733,106.268,89.816,55.530,37.385,19.899,10.831,4.322
4.37000,125.854,106.329,89.863,55.588,37.420,19.981,10.921,4.278
4.37333,125.923,106.448,89.969,55.609,37.420,20.015,10.932,4.265
4.37667,126.054,106.642,90.022,55.707,37.476,20.082,10.999,4.311
4.38000,126.180,106.679,90.081,55.795,37.503,20.042,10.895,4.343
4.38333,126.288,106.687,90.216,55.788,37.557,20.010,10.964,4.327
4.38667,126.405,106.896,90.294,55.878,37.511,20.078,10.927,4.344
4.39000,126.513,106.950,90.366,55.875,37.624,20.110,10.953,4.317
4.39333,126.652,107.083,90.484,55.965,37.693,20.170,11.017,4.313
4.39667,126.803,107.238,90.588,56.032,37.744,20.131,11.056,4.332
4.40000,126.883,107.288,90.682,56.092,37.760,20.211,11.038,4.281
4.40333,127.044,107.437,90.694,56.136,37.754,20.193,11.021,4.318
4.40667,127.115,107.532,90.858,56.235,37.767,20.182,11.085,4.306
4.41000,127.286,107.522,90.961,56.277,37.766,20.269,11.076,4.417
4.41333,127.435,107.752,91.046,56.317,37.892,20.250,11.043,4.370
4.41667,127.489,107.856,91.151,56.370,37.876,20.287,11.111,4.429
4.42000,127.642,107.947,91.174,56.439,37.944,20.298,11.105,4.404
4.42333,127.781,107.972,91.365,56.392,37.965,20.296,11.134,4.396
4.42667,127.867,108.095,91.336,56.513,38.040,20.290,11.129,4.388
4.43000,128.015,108.282,91.478,56.530,38.073,20.322,11.140,4.357
4.43333,128.123,108.367,91.519,56.640,38.086,20.349,11.084,4.336
4.43667,128.277,108.491,91.577,56.650,38.085,20.399,11.181,4.448
4.44000,128.339,108.572,91.695,56.710,38.186,20.481,11.161,4.418
4.44333,128.465,108.608,91.781,56.692,38.240,20.419,11.235,4.457
4.44667,128.612,108.814,91.883,56.897,38.240,20.370,11.205,4.434
4.45000,128.711,108.880,92.014,56.897,38.288,20.463,11.189,4.381
4.45333,128.865,109.034,92.113,56.880,38.300,20.499,11.257,4.474
4.45667,129.031,109.074,92.171,57.029,38.335,20.473,11.224,4.437
4.46000,129.086,109.253,92.246,57.097,38.449,20.536,11.199,4.387
4.46333,129.238,109.243,92.231,57.123,38.415,20.572,11.225,4.389
4.46667,129.390,109.418,92.428,57.198,38.477,20.582,11.285,4.426
4.47000,129.501,109.487,92.459,57.244,38.479,20.590,11.305,4.373
4.47333,129.627,109.642,92.610,57.263,38.513,20.542,11.310,4.482
4.47667,129.662,109.702,92.667,57.345,38.557,20.598,11.261,4.489
4.48000,129.800,109.770,92.744,57.307,38.585,20.576,11.324,4.485
4.48333,129.951,109.937,92.857,57.406,38.550,20.685,11.323,4.435
4.48667,130.071,110.007,92.866,57.525,38.771,20.651,11.297,4.441
4.49000,130.229,110.208,93.005,57.572,38.693,20.697,11.360,4.489
4.49333,130.357,110.209,93.103,57.637,38.745,20.772,11.353,4.449
4.49667,130.371,110.323,93.199,57.656,38.814,20.715,11.330,4.485
4.50000,130.547,110.425,93.306,57.720,38.868,20.752,11.354,4.541
4.50333,130.651,110.545,93.322,57.822,38.849,20.767,11.409,4.433
4.50667,130.842,110.677,93.381,57.806,38.927,20.812,11.434,4.520
4.51000,130.953,110.755,93.513,57.924,38.984,20.801,11.379,4.552
4.51333,131.112,110.847,93.648,57.969,38.903,20.919,11.443,4.525
4.51667,131.218,110.937,93.754,57.990,39.010,20.901,11.402,4.501
4.52000,131.326,111.081,93.763,58.043,39.041,20.889,11.439,4.504
4.52333,131.444,111.147,93.922,58.080,39.070,20.960,11.399,4.556
4.52667,131.535,111.238,94.033,58.136,39.126,20.926,11.457,4.562
4.53000,131.723,111.434,94.131,58.245,39.061,20.943,11.433,4.515
4.53333,131.793,111.510,94.144,58.242,39.186,20.964,11.460,4.649
4.53667,131.935,111.625,94.232,58.340,39.234,20.985,11.487,4.596
4.54000,132.033,111.670,94.334,58.384,39.302,21.061,11.433,4.569
4.54333,132.204,111.814,94.440,58.389,39.334,21.068,11.471,4.533
4.54667,132.359,111.933,94.515,58.563,39.338,21.081,11.486,4.620
4.55000,132.372,111.996,94.581,58.603,39.313,21.112,11.445,4.564
4.55333,132.495,112.122,94.755,58.555,39.421,21.047,11.512,4.552
4.55667,132.654,112.204,94.799,58.718,39.453,21.133,11.530,4.578
4.56000,132.788,112.311,94.866,58.748,39.512,21.143,11.548,4.664
4.56333,132.822,112.452,94.947,58.781,39.570,21.197,11.579,4.610
4.56667,132.981,112.558,95.095,58.803,39.576,21.222,11.508,4.577
4.57000,133.122,112.617,95.140,58.874,39.596,21.234,11.542,4.565
4.57333,133.225,112.803,95.286,58.922,39.663,21.252,11.617,4.588
4.57667,133.376,112.873,95.321,59.002,39.672,21.196,11.565,4.625
4.58000,133.521,112.939,95.365,59.035,39.661,21.219,11.668,4.567
4.58333,133.665,113.115,95.484,59.140,39.742,21.285,11.609,4.605
4.58667,133.749,113.139,95.597,59.130,39.770,21.285,11.671,4.611
4.59000,133.836,113.230,95.672,59.167,39.815,21.264,11.623,4.612
4.59333,134.005,113.415,95.769,59.276,39.870,21.320,11.592,4.616
4.59667,134.071,113.412,95.851,59.407,39.913,21.295,11.637,4.664
4.60000,134.250,113.622,95.958,59.383,40.025,21.382,11.717,4.602
4.60333,134.380,113.749,95.998,59.529,39.979,21.397,11.759,4.642
4.60667,134.484,113.753,96.058,59.492,39.999,21.439,11.747,4.700
4.61000,134.628,113.856,96.178,59.578,40.036,21.485,11.768,4.659
4.61333,134.707,113.977,96.251,59.667,40.006,21.497,11.753,4.624
4.61667,134.939,114.161,96.330,59.637,40.152,21.487,11.721,4.644
4.62000,134.988,114.211,96.509,59.742,40.196,21.466,11.745,4.708
4.62333,135.092,114.322,96.514,59.763,40.180,21.546,11.774,4.708
4.62667,135.200,114.451,96.598,59.802,40.209,21.575,11.766,4.628
4.63000,135.346,114.531,96.704,59.961,40.257,21.567,11.883,4.647
4.63333,135.376,114.569,96.806,59.956,40.330,21.576,11.792,4.710
4.63667,135.566,114.706,96.960,60.025,40.347,21.582,11.818,4.706
4.64000,135.735,114.823,96.997,60.023,40.367,21.656,11.783,4.724
4.64333,135.793,114.990,97.103,60.091,40.353,21.631,11.823,4.750
4.64667,135.890,115.036,97.133,60.192,40.435,21.672,11.832,4.688
4.65000,136.057,115.142,97.283,60.273,40.464,21.646,11.831,4.729
4.65333,136.188,115.269,97.381,60.240,40.548,21.700,11.860,4.665
4.65667,136.320,115.387,97.471,60.286,40.542,21.738,11.923,4.765
4.66000,136.454,115.513,97.536,60.416,40.578,21.764,11.913,4.703
4.66333,136.596,115.590,97.615,60.433,40.584,21.815,11.849,4.725
4.66667,136.675,115.745,97.678,60.449,40.554,21.774,11.952,4.724
4.67000,136.765,115.739,97.822,60.550,40.729,21.768,11.899,4.734
4.67333,136.870,115.838,97.882,60.603,40.727,21.881,11.928,4.773
4.67667,136.994,116.038,97.976,60.665,40.768,21.876,11.991,4.782
4.68000,137.193,116.102,98.023,60.701,40.847,21.931,11.967,4.722
4.68333,137.329,116.187,98.211,60.805,40.773,21.889,11.958,4.781
4.68667,137.412,116.266,98.289,60.804,40.965,21.878,11.999,4.786
4.69000,137.553,116.422,98.313,60.842,40.886,21.923,11.976,4.748
4.69333,137.666,116.535,98.431,60.959,40.974,21.973,11.999,4.732
4.69667,137.810,116.664,98.510,61.013,40.998,21.940,12.058,4.820
4.70000,137.927,116.728,98.574,61.047,41.023,21.896,12.016,4.755
4.70333,138.010,116.781,98.666,61.105,41.080,22.044,12.047,4.774
4.70667,138.200,116.915,98.721,61.188,41.053,22.057,12.082,4.746
4.71000,138.352,117.040,98.891,61.216,41.234,22.095,12.032,4.842
4.71333,138.387,117.124,98.997,61.248,41.157,22.024,12.072,4.834
4.71667,138.534,117.216,99.060,61.313,41.235,22.087,12.108,4.883
4.72000,138.649,117.348,99.065,61.384,41.266,22.115,12.069,4.890
4.72333,138.753,117.496,99.132,61.401,41.313,22.177,12.089,4.822
4.72667,138.935,117.529,99.328,61.531,41.289,22.197,12.125,4.812
4.73000,139.027,117.608,99.363,61.516,41.388,22.164,12.098,4.838
4.73333,139.126,117.775,99.485,61.584,41.398,22.203,12.130,4.864
4.73667,139.320,117.851,99.590,61.610,41.389,22.249,12.148,4.866
4.74000,139.367,117.913,99.635,61.682,41.482,22.284,12.136,4.894
4.74333,139.502,118.023,99.810,61.806,41.567,22.282,12.161,4.855
4.74667,139.563,118.109,99.866,61.800,41.532,22.227,12.201,4.845
4.75000,139.693,118.347,99.860,61.885,41.622,22.263,12.145,4.892
4.75333,139.805,118.387,100.037,61.898,41.620,22.242,12.222,4.851
4.75667,140.021,118.548,100.116,61.962,41.658,22.335,12.265,4.908
4.76000,140.100,118.624,100.179,62.025,41.801,22.372,12.199,4.875
4.76333,140.317,118.668,100.215,62.119,41.726,22.399,12.196,4.930
4.76667,140.298,118.727,100.338,62.125,41.764,22.419,12.236,4.863
4.77000,140.484,118.972,100.461,62.192,41.791,22.477,12.292,4.858
4.77333,140.550,119.006,100.500,62.250,41.894,22.431,12.249,4.837
4.77667,140.757,119.072,100.652,62.314,41.967,22.421,12.251,4.910
4.78000,140.851,119.246,100.786,62.467,41.931,22.528,12.308,4.863
4.78333,141.003,119.315,100.765,62.436,41.943,22.523,12.251,4.948
4.78667,141.036,119.471,100.886,62.537,41.953,22.564,12.277,4.961
4.79000,141.202,119.567,101.035,62.533,41.996,22.509,12.315,4.935
4.79333,141.302,119.597,101.071,62.617,42.124,22.531,12.320,4.917
4.79667,141.462,119.752,101.183,62.650,42.155,22.620,12.369,4.968
4.80000,141.694,119.880,101.310,62.687,42.160,22.570,12.353,4.906
4.80333,141.656,119.962,101.337,62.696,42.133,22.580,12.303,4.939
4.80667,141.847,120.102,101.476,62.822,42.230,22.675,12.358,4.942
4.81000,141.968,120.179,101.579,62.838,42.279,22.620,12.346,5.033
4.81333,142.041,120.267,101.589,62.926,42.277,22.672,12.337,4.971
4.81667,142.163,120.398,101.691,62.987,42.330,22.750,12.456,4.934
4.82000,142.425,120.504,101.847,63.059,42.363,22.703,12.445,4.973
4.82333,142.434,120.602,101.848,63.125,42.415,22.762,12.383,5.018
4.82667,142.576,120.709,101.921,63.200,42.460,22.764,12.516,4.966
4.83000,142.647,120.824,102.046,63.266,42.448,22.801,12.443,5.016
4.83333,142.825,120.932,102.186,63.225,42.521,22.848,12.474,4.988
4.83667,142.918,121.009,102.266,63.289,42.515,22.830,12.470,4.984
4.84000,143.031,121.149,102.300,63.420,42.556,22.865,12.488,5.072
4.84333,143.185,121.291,102.436,63.436,42.707,22.850,12.525,4.998
4.84667,143.280,121.234,102.504,63.476,42.682,22.925,12.553,4.997
4.85000,143.514,121.408,102.585,63.489,42.790,22.929,12.540,5.033
4.85333,143.586,121.578,102.692,63.565,42.734,22.966,12.444,5.051
4.85667,143.637,121.651,102.793,63.611,42.708,22.953,12.573,5.003
4.86000,143.845,121.746,102.826,63.709,42.791,23.003,12.590,5.015
4.86333,143.921,121.870,102.938,63.740,42.850,22.977,12.537,5.061
4.86667,144.066,121.931,103.016,63.844,42.908,23.043,12.592,5.024
4.87000,144.154,122.049,103.141,63.879,42.940,23.081,12.584,5.025
4.87333,144.286,122.242,103.231,63.942,42.905,23.036,12.571,5.059
4.87667,144.463,122.274,103.210,63.916,42.980,23.036,12.549,5.057
4.88000,144.545,122.381,103.288,64.054,43.069,23.072,12.559,5.068
4.88333,144.668,122.438,103.465,64.021,43.057,23.108,12.624,5.044
4.88667,144.730,122.640,103.552,64.158,43.149,23.066,12.636,5.102
4.89000,144.889,122.725,103.646,64.258,43.105,23.155,12.713,5.054
4.89333,145.010,122.807,103.659,64.247,43.252,23.204,12.626,5.086
4.89667,145.127,122.899,103.746,64.354,43.221,23.250,12.673,5.141
4.90000,145.255,123.007,103.907,64.293,43.273,23.220,12.725,5.152
4.90333,145.442,123.156,103.938,64.390,43.343,23.214,12.673,5.108
4.90667,145.510,123.210,104.072,64.470,43.352,23.247,12.731,5.054
4.91000,145.641,123.290,104.196,64.489,43.341,23.336,12.673,5.156
4.91333,145.724,123.500,104.246,64.565,43.419,23.299,12.749,5.121
4.91667,145.894,123.497,104.353,64.669,43.450,23.271,12.771,5.168
4.92000,146.037,123.691,104.414,64.690,43.512,23.349,12.708,5.120
4.92333,146.124,123.765,104.526,64.788,43.572,23.315,12.741,5.108
4.92667,146.212,123.809,104.624,64.762,43.532,23.393,12.801,5.099
4.93000,146.333,123.906,104.663,64.851,43.565,23.334,12.786,5.126
4.93333,146.493,124.064,104.807,64.888,43.613,23.443,12.774,5.099
4.93667,146.624,124.208,104.837,64.989,43.669,23.403,12.828,5.137
4.94000,146.756,124.239,104.923,65.037,43.680,23.498,12.840,5.118
4.94333,146.840,124.394,105.062,65.054,43.729,23.459,12.799,5.080
4.94667,146.922,124.443,105.075,65.126,43.804,23.475,12.856,5.074
4.95000,147.166,124.616,105.258,65.185,43.788,23.531,12.868,5.225
4.95333,147.230,124.646,105.317,65.252,43.915,23.511,12.888,5.262
4.95667,147.337,124.796,105.464,65.358,43.896,23.575,12.880,5.119
4.96000,147.397,124.906,105.477,65.339,43.896,23.550,12.892,5.155
4.96333,147.573,124.994,105.614,65.407,43.916,23.657,12.905,5.177
4.96667,147.727,125.076,105.640,65.454,44.010,23.647,12.930,5.179
4.97000,147.826,125.235,105.749,65.484,44.096,23.638,12.870,5.181
4.97333,147.945,125.312,105.803,65.608,44.056,23.706,12.919,5.172
4.97667,148.041,125.378,105.959,65.634,44.079,23.660,12.990,5.223
4.98000,148.146,125.487,105.948,65.715,44.131,23.704,12.949,5.147
4.98333,148.344,125.634,106.096,65.740,44.145,23.749,12.967,5.176
4.98667,148.437,125.736,106.219,65.804,44.217,23.747,12.922,5.221
4.99000,148.572,125.815,106.283,65.833,44.264,23.780,12.914,5.247
4.99333,148.663,125.937,106.331,65.924,44.278,23.769,12.980,5.223
4.99667,148.809,126.011,106.439,65.993,44.335,23.848,13.026,5.267
5.00000,148.881,126.203,106.542,66.035,44.370,23.835,13.068,5.271
5.00333,149.023,126.243,106.571,66.102,44.428,23.892,12.977,5.213
5.00667,149.173,126.333,106.663,66.146,44.458,23.882,13.041,5.278
5.01000,149.254,126.455,106.786,66.145,44.476,23.897,13.105,5.255
5.01333,149.444,126.550,106.836,66.302,44.504,23.884,13.030,5.269
5.01667,149.529,126.698,106.985,66.239,44.571,23.926,13.066,5.297
5.02000,149.640,126.788,107.069,66.390,44.552,23.960,13.011,5.283
5.02333,149.761,126.857,107.170,66.437,44.624,23.957,13.088,5.270
5.02667,149.902,126.941,107.203,66.441,44.725,23.962,13.165,5.303
5.03000,150.071,127.082,107.307,66.494,44.708,23.934,13.096,5.283
5.03333,150.143,127.121,107.473,66.629,44.724,24.068,13.129,5.316
5.03667,150.238,127.316,107.507,66.597,44.731,24.002,13.227,5.279
5.04000,150.371,127.406,107.656,66.726,44.804,24.057,13.085,5.295
5.04333,150.557,127.553,107.712,66.712,44.850,24.113,13.114,5.307
5.04667,150.626,127.596,107.796,66.731,44.840,24.097,13.159,5.294
5.05000,150.703,127.697,107.786,66.902,44.926,24.110,13.174,5.280
5.05333,150.880,127.830,107.910,66.914,44.975,24.157,13.220,5.370
5.05667,151.044,127.969,108.096,66.930,44.945,24.189,13.153,5.358
5.06000,151.026,128.012,108.056,67.035,44.997,24.203,13.253,5.269
5.06333,151.247,128.144,108.211,67.148,45.106,24.236,13.243,5.300
5.06667,151.358,128.206,108.299,67.125,45.137,24.234,13.250,5.382
5.07000,151.484,128.338,108.407,67.181,45.121,24.249,13.288,5.285
5.07333,151.603,128.411,108.506,67.250,45.173,24.237,13.286,5.407
5.07667,151.757,128.556,108.586,67.292,45.226,24.330,13.288,5.331
5.08000,151.800,128.585,108.597,67.248,45.291,24.374,13.348,5.358
5.08333,151.992,128.784,108.663,67.426,45.237,24.318,13.311,5.369
5.08667,152.087,128.833,108.804,67.504,45.223,24.361,13.307,5.336
5.09000,152.165,128.948,108.882,67.465,45.383,24.364,13.345,5.386
5.09333,152.310,129.049,108.973,67.626,45.391,24.344,13.331,5.410
5.09667,152.472,129.126,109.106,67.637,45.356,24.428,13.319,5.361
5.10000,152.584,129.294,109.196,67.668,45.462,24.428,13.358,5.419
5.10333,152.699,129.381,109.235,67.761,45.519,24.494,13.421,5.412
5.10667,152.821,129.475,109.343,67.790,45.557,24.451,13.284,5.379
5.11000,152.996,129.562,109.385,67.831,45.560,24.490,13.425,5.363
5.11333,153.033,129.722,109.555,67.894,45.602,24.510,13.414,5.433
5.11667,153.153,129.816,109.516,67.873,45.595,24.575,13.442,5.375
5.12000,153.304,129.890,109.708,68.013,45.726,24.590,13.375,5.438
5.12333,153.349,130.012,109.801,68.052,45.731,24.536,13.392,5.385
5.12667,153.543,130.049,109.802,68.109,45.784,24.576,13.452,5.390
5.13000,153.596,130.237,109.911,68.236,45.818,24.589,13.456,5.454
5.13333,153.738,130.334,110.036,68.194,45.852,24.691,13.422,5.451
5.13667,153.927,130.411,110.069,68.255,45.879,24.705,13.497,5.422
5.14000,153.996,130.528,110.179,68.395,45.942,24.741,13.499,5.459
5.14333,154.181,130.585,110.204,68.347,45.900,24.661,13.465,5.472
5.14667,154.287,130.679,110.378,68.451,45.982,24.751,13.456,5.472
5.15000,154.336,130.832,110.497,68.518,46.021,24.716,13.516,5.422
5.15333,154.561,130.950,110.585,68.564,46.105,24.797,13.481,5.484
5.15667,154.654,131.014,110.607,68.564,46.068,24.745,13.551,5.483
5.16000,154.722,131.136,110.727,68.604,46.086,24.817,13.563,5.546
5.16333,154.819,131.212,110.761,68.790,46.176,24.820,13.512,5.483
5.16667,154.968,131.370,110.893,68.785,46.181,24.847,13.562,5.468
5.17000,155.117,131.369,110.989,68.798,46.271,24.883,13.581,5.502
5.17333,155.231,131.532,111.104,68.955,46.227,24.890,13.563,5.444
5.17667,155.385,131.653,111.111,68.895,46.318,24.939,13.549,5.467
5.18000,155.426,131.733,111.271,68.987,46.377,24.853,13.650,5.508
5.18333,155.579,131.854,111.366,69.026,46.301,24.877,13.621,5.495
5.18667,155.731,131.902,111.425,69.044,46.428,24.944,13.674,5.523
5.19000,155.829,132.092,111.526,69.085,46.407,24.959,13.602,5.551
5.19333,155.907,132.136,111.546,69.194,46.509,25.034,13.648,5.556
5.19667,156.121,132.240,111.653,69.224,46.557,25.013,13.585,5.480
5.20000,156.164,132.376,111.755,69.288,46.503,25.043,13.639,5.517
5.20333,156.270,132.471,111.906,69.327,46.594,25.063,13.709,5.470
5.20667,156.402,132.550,111.910,69.439,46.590,25.067,13.617,5.534
5.21000,156.549,132.678,112.044,69.427,46.706,25.072,13.671,5.575
5.21333,156.651,132.750,112.162,69.523,46.682,25.144,13.705,5.561
5.21667,156.803,132.922,112.218,69.605,46.748,25.129,13.777,5.503
5.22000,156.837,132.982,112.305,69.636,46.781,25.095,13.733,5.525
5.22333,157.099,133.085,112.427,69.703,46.813,25.113,13.729,5.496
5.22667,157.115,133.182,112.506,69.697,46.814,25.170,13.689,5.531
5.23000,157.235,133.214,112.569,69.790,46.905,25.231,13.806,5.563
5.23333,157.383,133.408,112.572,69.881,46.934,25.267,13.811,5.553
5.23667,157.571,133.515,112.717,69.908,46.969,25.273,13.799,5.648
5.24000,157.597,133.602,112.814,70.050,46.984,25.237,13.809,5.642
5.24333,157.727,133.741,112.917,70.039,47.061,25.270,13.839,5.539
5.24667,157.859,133.753,112.945,70.091,47.080,25.328,13.810,5.596
5.25000,157.865,133.841,113.158,70.110,47.130,25.291,13.822,5.547
5.25333,158.141,133.981,113.139,70.159,47.109,25.354,13.832,5.603
5.25667,158.230,134.100,113.263,70.200,47.191,25.386,13.898,5.606
5.26000,158.382,134.181,113.378,70.300,47.156,25.402,13.851,5.574
5.26333,158.497,134.267,113.421,70.287,47.251,25.365,13.907,5.647
5.26667,158.628,134.383,113.512,70.434,47.237,25.451,13.844,5.626
5.27000,158.781,134.559,113.606,70.520,47.279,25.423,13.831,5.614
5.27333,158.838,134.662,113.647,70.416,47.333,25.505,13.952,5.665
5.27667,158.956,134.721,113.751,70.516,47.383,25.504,13.925,5.653
5.28000,159.051,134.789,113.848,70.611,47.392,25.520,13.940,5.605
5.28333,159.172,134.949,113.932,70.644,47.400,25.498,13.947,5.675
5.28667,159.281,135.019,113.973,70.732,47.540,25.471,13.981,5.658
5.29000,159.405,135.099,114.126,70.756,47.571,25.603,13.994,5.694
5.29333,159.547,135.168,114.185,70.822,47.603,25.554,13.938,5.703
5.29667,159.647,135.327,114.339,70.834,47.567,25.637,14.055,5.752
5.30000,159.810,135.432,114.379,70.935,47.670,25.638,13.982,5.725
5.30333,159.925,135.513,114.450,71.038,47.678,25.693,13.976,5.726
5.30667,160.090,135.642,114.545,71.084,47.729,25.694,14.033,5.654
5.31000,160.170,135.725,114.631,71.121,47.706,25.711,14.040,5.657
5.31333,160.246,135.870,114.764,71.165,47.790,25.711,14.078,5.686
5.31667,160.382,136.004,114.877,71.266,47.860,25.786,14.052,5.680
5.32000,160.527,136.131,114.916,71.293,47.871,25.761,14.044,5.780
5.32333,160.630,136.200,115.027,71.431,47.830,25.750,14.074,5.772
5.32667,160.711,136.265,115.185,71.533,47.981,25.815,14.094,5.765
5.33000,160.920,136.443,115.297,71.677,48.048,25.780,14.100,5.718
5.33333,161.088,136.502,115.361,71.799,48.010,25.830,14.149,5.678
5.33667,161.201,136.717,115.536,71.897,48.205,25.906,14.095,5.744
5.34000,161.384,136.818,115.749,72.125,48.316,25.817,14.168,5.732
5.34333,161.555,137.013,115.881,72.384,48.377,25.896,14.192,5.691
5.34667,161.731,137.186,116.116,72.680,48.482,25.942,14.160,5.708
5.35000,161.933,137.426,116.440,73.092,48.575,25.922,14.142,5.755
5.35333,162.132,137.709,116.706,73.471,48.826,25.969,14.153,5.743
5.35667,162.455,137.955,117.082,74.061,49.001,25.976,14.197,5.694
5.36000,162.787,138.258,117.414,74.693,49.214,26.103,14.230,5.789
5.36333,163.086,138.617,117.980,75.505,49.520,26.082,14.234,5.799
5.36667,163.537,139.077,118.652,76.629,49.900,26.070,14.255,5.803
5.37000,163.977,139.599,119.391,77.771,50.349,26.155,14.323,5.784
5.37333,164.513,140.226,120.238,79.208,50.807,26.145,14.276,5.745
5.37667,165.106,140.832,121.282,81.014,51.504,26.214,14.365,5.791
5.38000,165.891,141.615,122.443,83.024,52.119,26.326,14.376,5.765
5.38333,166.684,142.576,123.921,85.507,53.033,26.411,14.367,5.842
5.38667,167.619,143.661,125.497,88.254,54.000,26.501,14.388,5.828
5.39000,168.708,144.837,127.366,91.575,55.130,26.612,14.366,5.794
5.39333,169.925,146.259,129.564,95.339,56.353,26.653,14.422,5.807
5.39667,171.318,147.820,132.133,99.636,57.937,26.706,14.487,5.795
5.40000,172.833,149.618,134.760,104.464,59.574,26.879,14.470,5.828
5.40333,174.572,151.593,137.884,109.887,61.571,27.019,14.525,5.859
5.40667,176.544,153.818,141.258,115.956,63.507,27.115,14.555,5.887
5.41000,178.583,156.271,145.043,122.573,65.765,27.249,14.569,5.920
5.41333,180.836,158.744,149.166,129.836,68.370,27.440,14.640,5.917
5.41667,183.193,161.614,153.620,137.695,71.044,27.594,14.621,5.870
5.42000,185.944,164.643,158.415,146.108,73.920,27.830,14.742,5.944
5.42333,188.736,167.846,163.444,154.968,76.976,28.039,14.830,5.967
5.42667,191.559,171.215,168.772,164.408,80.250,28.174,14.859,5.910
5.43000,194.619,174.754,174.347,174.143,83.576,28.483,14.905,5.945
5.43333,197.760,178.400,179.951,184.270,87.014,28.608,15.017,5.971
5.43667,200.894,181.958,185.799,194.477,90.474,28.913,15.020,5.959
5.44000,204.138,185.681,191.590,204.847,94.071,29.152,15.102,5.992
5.44333,207.267,189.388,197.387,215.100,97.546,29.298,15.165,6.095
5.44667,210.396,192.999,203.120,225.207,101.141,29.607,15.252,6.021
5.45000,213.500,196.473,208.668,234.868,104.417,29.756,15.278,6.098
5.45333,216.410,199.874,213.979,244.278,107.633,29.984,15.384,6.078
5.45667,219.063,203.028,218.960,253.016,110.692,30.117,15.467,6.076
5.46000,221.601,205.899,223.517,261.021,113.433,30.296,15.446,6.053
5.46333,223.860,208.535,227.673,268.276,115.900,30.541,15.516,6.108
5.46667,225.860,210.822,231.244,274.660,118.151,30.693,15.521,6.091
5.47000,227.645,212.788,234.255,280.021,119.983,30.761,15.666,6.142
5.47333,228.990,214.422,236.657,284.254,121.497,30.874,15.619,6.141
5.47667,230.026,215.550,238.554,287.367,122.547,31.008,15.677,6.077
5.48000,230.850,216.401,239.746,289.407,123.285,31.059,15.657,6.131
5.48333,231.104,216.760,240.257,290.217,123.646,31.117,15.671,6.149
5.48667,231.155,216.762,240.136,289.978,123.539,31.093,15.729,6.120
5.49000,230.877,216.383,239.467,288.626,123.105,31.053,15.659,6.236
5.49333,230.204,215.600,238.192,286.170,122.250,31.079,15.672,6.172
5.49667,229.316,214.455,236.318,282.914,121.192,30.991,15.707,6.188
5.50000,228.060,213.076,233.985,278.650,119.668,30.883,15.730,6.128
5.50333,226.721,211.354,231.171,273.540,118.007,30.847,15.611,6.176
5.50667,225.044,209.396,227.997,267.723,116.012,30.729,15.628,6.131
5.51000,223.208,207.228,224.408,261.344,113.798,30.595,15.619,6.168
5.51333,221.195,204.878,220.594,254.392,111.407,30.479,15.573,6.165
5.51667,219.105,202.369,216.569,247.084,108.984,30.333,15.590,6.139
5.52000,216.954,199.853,212.384,239.495,106.346,30.249,15.545,6.111
5.52333,214.731,197.116,208.041,231.659,103.703,30.073,15.469,6.158
5.52667,212.524,194.445,203.588,223.748,100.957,29.916,15.526,6.218
5.53000,210.155,191.757,199.208,215.769,98.288,29.868,15.398,6.166
5.53333,207.821,189.016,194.943,207.919,95.543,29.708,15.395,6.144
5.53667,205.616,186.379,190.514,200.169,92.981,29.532,15.424,6.151
5.54000,203.398,183.856,186.307,192.467,90.317,29.366,15.355,6.123
5.54333,201.283,181.313,182.229,185.129,87.891,29.208,15.359,6.141
5.54667,199.306,178.903,178.268,177.917,85.427,29.175,15.333,6.167
5.55000,197.359,176.604,174.478,171.053,83.032,29.024,15.288,6.103
5.55333,195.447,174.360,170.832,164.474,80.875,28.829,15.300,6.143
5.55667,193.671,172.246,167.441,158.237,78.742,28.771,15.265,6.127
5.56000,192.076,170.320,164.217,152.424,76.825,28.684,15.199,6.116
5.56333,190.507,168.359,161.067,146.839,74.920,28.560,15.190,6.150
5.56667,188.939,166.628,158.309,141.685,73.103,28.502,15.269,6.152
5.57000,187.673,165.063,155.624,136.738,71.404,28.396,15.198,6.160
5.57333,186.393,163.530,153.132,132.194,69.944,28.328,15.169,6.157
5.57667,185.253,162.161,150.760,127.887,68.502,28.319,15.084,6.132
5.58000,184.165,160.826,148.622,123.948,67.130,28.191,15.102,6.143
5.58333,183.177,159.598,146.596,120.320,65.939,28.178,15.102,6.045
5.58667,182.173,158.515,144.737,116.901,64.739,28.100,15.138,6.136
5.59000,181.360,157.490,143.109,113.724,63.781,28.093,15.188,6.041
5.59333,180.592,156.568,141.449,110.852,62.750,28.031,15.094,6.102
5.59667,179.884,155.638,140.015,108.123,61.827,28.021,15.080,6.069
5.60000,179.283,154.889,138.656,105.671,61.028,28.008,15.111,6.134
5.60333,178.688,154.137,137.426,103.278,60.210,28.001,15.071,6.187
5.60667,178.130,153.535,136.370,101.225,59.496,27.902,15.117,6.162
5.61000,177.666,152.921,135.259,99.246,58.910,27.914,15.104,6.182
5.61333,177.264,152.354,134.331,97.502,58.326,27.853,15.137,6.090
5.61667,176.801,151.924,133.463,95.868,57.756,27.835,15.099,6.180
5.62000,176.456,151.417,132.642,94.342,57.237,27.834,15.145,6.138
5.62333,176.140,151.010,131.980,92.902,56.818,27.756,15.073,6.189
5.62667,175.896,150.673,131.267,91.691,56.305,27.871,15.109,6.118
5.63000,175.647,150.275,130.675,90.463,56.001,27.807,15.158,6.132
5.63333,175.415,150.029,130.212,89.395,55.680,27.751,15.162,6.161
5.63667,175.190,149.747,129.671,88.400,55.268,27.800,15.107,6.153
5.64000,175.065,149.490,129.225,87.516,55.081,27.868,15.125,6.115
5.64333,174.853,149.341,128.788,86.689,54.784,27.852,15.109,6.192
5.64667,174.709,149.111,128.447,85.913,54.519,27.829,15.211,6.172
5.65000,174.623,148.968,128.051,85.184,54.342,27.859,15.173,6.172
5.65333,174.609,148.849,127.790,84.597,54.105,27.859,15.189,6.227
5.65667,174.462,148.693,127.544,83.991,53.949,27.885,15.143,6.166
5.66000,174.425,148.587,127.305,83.471,53.786,27.895,15.131,6.233
5.66333,174.377,148.524,127.042,82.950,53.617,27.851,15.163,6.197
5.66667,174.333,148.452,126.837,82.501,53.486,27.829,15.154,6.123
5.67000,174.321,148.411,126.667,82.113,53.380,27.862,15.142,6.164
5.67333,174.263,148.367,126.581,81.839,53.254,27.916,15.203,6.153
5.67667,174.343,148.300,126.404,81.398,53.122,27.938,15.212,6.222
5.68000,174.308,148.239,126.309,81.180,53.046,27.892,15.228,6.229
5.68333,174.375,148.264,126.178,80.821,53.012,27.906,15.236,6.271
5.68667,174.330,148.292,126.109,80.566,52.942,27.924,15.229,6.235
5.69000,174.332,148.276,126.047,80.401,52.820,27.967,15.312,6.201
5.69333,174.316,148.269,125.967,80.087,52.835,27.978,15.238,6.209
5.69667,174.457,148.255,125.928,79.996,52.778,27.984,15.307,6.255
5.70000,174.463,148.329,125.838,79.793,52.680,28.015,15.261,6.295
5.70333,174.546,148.340,125.869,79.690,52.686,27.996,15.293,6.314
5.70667,174.634,148.358,125.779,79.565,52.702,28.010,15.355,6.278
5.71000,174.688,148.395,125.810,79.356,52.599,28.061,15.357,6.260
5.71333,174.770,148.442,125.791,79.216,52.598,28.068,15.296,6.220
5.71667,174.890,148.452,125.813,79.225,52.622,28.098,15.321,6.260
5.72000,174.868,148.492,125.886,79.100,52.596,28.082,15.326,6.249
5.72333,174.979,148.615,125.829,79.105,52.532,28.103,15.387,6.269
5.72667,175.055,148.628,125.826,78.958,52.637,28.085,15.397,6.271
5.73000,175.162,148.698,125.965,78.964,52.587,28.173,15.421,6.316
5.73333,175.257,148.793,125.921,78.885,52.573,28.167,15.479,6.302
5.73667,175.313,148.814,125.903,78.872,52.584,28.148,15.397,6.292
5.74000,175.374,148.857,125.966,78.838,52.582,28.210,15.402,6.227
5.74333,175.466,148.914,126.054,78.761,52.610,28.177,15.415,6.283
5.74667,175.567,149.052,126.046,78.766,52.663,28.268,15.407,6.332
5.75000,175.681,149.109,126.087,78.776,52.689,28.253,15.444,6.270
5.75333,175.764,149.232,126.138,78.741,52.544,28.278,15.472,6.295
5.75667,175.772,149.208,126.237,78.762,52.631,28.281,15.447,6.311
5.76000,175.932,149.347,126.210,78.715,52.669,28.236,15.438,6.324
5.76333,176.113,149.428,126.280,78.732,52.662,28.329,15.410,6.273
5.76667,176.153,149.538,126.407,78.772,52.675,28.390,15.418,6.373
5.77000,176.329,149.669,126.416,78.746,52.714,28.361,15.501,6.324
5.77333,176.435,149.667,126.531,78.783,52.776,28.374,15.501,6.399
5.77667,176.500,149.741,126.498,78.809,52.770,28.390,15.500,6.389
5.78000,176.487,149.844,126.603,78.789,52.816,28.446,15.506,6.385
5.78333,176.700,149.932,126.649,78.869,52.795,28.458,15.485,6.392
5.78667,176.780,150.007,126.738,78.854,52.902,28.470,15.590,6.354
5.79000,176.883,150.081,126.872,78.934,52.892,28.485,15.525,6.329
5.79333,176.948,150.159,126.926,78.944,52.945,28.493,15.596,6.292
5.79667,177.071,150.286,126.955,78.949,52.906,28.507,15.592,6.351
5.80000,177.174,150.359,127.058,79.012,52.925,28.556,15.658,6.423
5.80333,177.291,150.445,127.069,79.129,52.986,28.528,15.563,6.428
5.80667,177.397,150.523,127.196,79.072,53.016,28.529,15.547,6.351
5.81000,177.531,150.644,127.288,78.991,52.974,28.636,15.649,6.354
5.81333,177.673,150.725,127.284,79.171,53.039,28.593,15.619,6.469
5.81667,177.719,150.789,127.470,79.184,53.078,28.637,15.597,6.438
5.82000,177.851,150.959,127.427,79.270,53.065,28.676,15.658,6.420
5.82333,177.921,150.988,127.506,79.198,53.108,28.600,15.689,6.406
5.82667,178.039,151.135,127.618,79.322,53.211,28.639,15.683,6.431
5.83000,178.178,151.149,127.711,79.406,53.260,28.694,15.694,6.364
5.83333,178.234,151.297,127.819,79.366,53.185,28.638,15.652,6.363
5.83667,178.361,151.379,127.799,79.394,53.291,28.691,15.729,6.506
5.84000,178.533,151.486,127.943,79.514,53.278,28.712,15.707,6.398
5.84333,178.597,151.533,127.977,79.485,53.318,28.679,15.709,6.496
5.84667,178.726,151.656,128.075,79.587,53.329,28.759,15.768,6.469
5.85000,178.809,151.689,128.146,79.610,53.413,28.817,15.682,6.464
5.85333,179.037,151.863,128.253,79.658,53.468,28.784,15.727,6.396
5.85667,179.088,151.937,128.313,79.706,53.510,28.891,15.759,6.500
5.86000,179.173,151.991,128.395,79.740,53.539,28.830,15.786,6.481
5.86333,179.297,152.190,128.477,79.790,53.459,28.885,15.778,6.405
5.86667,179.370,152.218,128.508,79.829,53.558,28.889,15.758,6.426
5.87000,179.489,152.322,128.610,79.852,53.605,28.917,15.749,6.428
5.87333,179.637,152.492,128.708,79.928,53.643,28.939,15.788,6.495
5.87667,179.696,152.519,128.741,79.942,53.608,28.926,15.852,6.456
5.88000,179.880,152.592,128.837,80.039,53.719,28.895,15.910,6.465
5.88333,179.970,152.715,128.896,80.059,53.719,28.913,15.859,6.520
5.88667,180.002,152.792,129.048,80.069,53.816,28.981,15.824,6.479
5.89000,180.124,152.924,129.085,80.184,53.788,29.073,15.824,6.514
5.89333,180.304,152.983,129.140,80.232,53.835,29.091,15.844,6.458
5.89667,180.364,153.081,129.292,80.186,53.881,29.067,15.873,6.472
5.90000,180.523,153.139,129.306,80.374,53.878,29.012,15.903,6.575
5.90333,180.606,153.275,129.386,80.347,53.903,29.098,15.848,6.534
5.90667,180.659,153.381,129.495,80.454,53.940,29.156,15.932,6.524
5.91000,180.766,153.482,129.568,80.493,53.947,29.140,15.936,6.541
5.91333,180.972,153.573,129.629,80.547,53.975,29.140,15.972,6.490
5.91667,181.028,153.707,129.716,80.612,53.976,29.101,15.912,6.515
5.92000,181.133,153.772,129.867,80.566,54.091,29.171,15.925,6.493
5.92333,181.315,153.849,129.836,80.644,54.117,29.169,15.976,6.515
5.92667,181.348,153.991,130.004,80.635,54.099,29.233,15.955,6.505
5.93000,181.467,154.020,130.002,80.723,54.219,29.238,15.944,6.536
5.93333,181.596,154.143,130.123,80.779,54.263,29.215,16.024,6.581
5.93667,181.701,154.180,130.199,80.800,54.225,29.268,15.979,6.525
5.94000,181.841,154.322,130.227,80.976,54.282,29.296,15.965,6.485
5.94333,182.004,154.425,130.357,80.923,54.379,29.292,15.992,6.608
5.94667,182.081,154.484,130.465,80.993,54.295,29.330,15.973,6.609
5.95000,182.141,154.588,130.489,80.997,54.396,29.362,15.993,6.567
5.95333,182.261,154.674,130.593,81.127,54.372,29.356,16.074,6.652
5.95667,182.289,154.754,130.658,81.176,54.414,29.338,16.091,6.558
5.96000,182.430,154.851,130.735,81.243,54.474,29.406,16.006,6.591
5.96333,182.593,154.986,130.797,81.288,54.520,29.423,16.112,6.586
5.96667,182.698,155.084,130.864,81.256,54.524,29.465,16.068,6.595
5.97000,182.810,155.150,130.986,81.361,54.622,29.343,16.087,6.632
5.97333,182.907,155.275,131.110,81.403,54.571,29.447,16.146,6.551
5.97667,182.954,155.290,131.174,81.417,54.596,29.451,16.107,6.580
5.98000,183.108,155.426,131.252,81.531,54.669,29.497,16.101,6.696
5.98333,183.245,155.515,131.286,81.445,54.689,29.526,16.135,6.673
5.98667,183.263,155.629,131.298,81.577,54.767,29.510,16.149,6.669
5.99000,183.421,155.729,131.477,81.653,54.843,29.587,16.183,6.631
5.99333,183.535,155.813,131.494,81.678,54.786,29.560,16.110,6.644
5.99667,183.671,155.894,131.616,81.717,54.866,29.601,16.188,6.714
6.00000,183.721,155.937,131.754,81.800,54.833,29.609,16.125,6.694
6.00333,183.898,156.125,131.806,81.900,54.866,29.633,16.213,6.609
6.00667,183.986,156.154,131.863,81.854,54.940,29.690,16.249,6.625
6.01000,184.062,156.212,131.965,81.950,54.997,29.628,16.201,6.704
6.01333,184.169,156.380,132.049,81.981,55.017,29.727,16.326,6.711
6.01667,184.334,156.393,132.155,82.006,55.079,29.710,16.130,6.667
6.02000,184.373,156.560,132.113,82.053,55.092,29.686,16.179,6.656
6.02333,184.501,156.621,132.188,82.120,55.093,29.739,16.308,6.693
6.02667,184.691,156.723,132.338,82.115,55.161,29.756,16.246,6.657
6.03000,184.759,156.819,132.417,82.266,55.198,29.786,16.284,6.689
6.03333,184.821,156.926,132.484,82.311,55.230,29.779,16.270,6.648
6.03667,184.969,156.962,132.509,82.373,55.249,29.844,16.321,6.688
6.04000,185.049,157.110,132.565,82.393,55.232,29.792,16.282,6.647
6.04333,185.156,157.227,132.701,82.448,55.294,29.804,16.263,6.739
6.04667,185.269,157.242,132.745,82.444,55.308,29.882,16.325,6.694
6.05000,185.372,157.410,132.844,82.543,55.397,29.889,16.273,6.713
6.05333,185.525,157.498,132.945,82.495,55.440,29.918,16.328,6.681
6.05667,185.602,157.560,133.020,82.641,55.506,29.961,16.319,6.703
6.06000,185.696,157.644,133.126,82.644,55.446,29.942,16.345,6.737
6.06333,185.782,157.783,133.212,82.721,55.456,29.984,16.385,6.765
6.06667,185.963,157.879,133.318,82.818,55.548,29.959,16.340,6.711
6.07000,186.039,157.966,133.312,82.773,55.580,29.952,16.367,6.717
6.07333,186.186,158.072,133.409,82.801,55.556,30.039,16.357,6.743
6.07667,186.212,158.097,133.478,82.912,55.621,30.035,16.352,6.776
6.08000,186.363,158.251,133.540,82.989,55.677,30.104,16.391,6.722
6.08333,186.440,158.352,133.644,83.036,55.718,30.115,16.441,6.787
6.08667,186.554,158.407,133.721,83.078,55.709,30.081,16.416,6.747
6.09000,186.684,158.508,133.787,83.064,55.806,30.132,16.460,6.806
6.09333,186.750,158.596,133.871,83.072,55.787,30.111,16.454,6.803
6.09667,186.975,158.709,133.915,83.201,55.866,30.190,16.508,6.771
6.10000,187.109,158.768,134.068,83.251,55.892,30.206,16.486,6.761
6.10333,187.126,158.881,134.108,83.269,55.910,30.247,16.450,6.760
6.10667,187.254,158.980,134.193,83.284,55.956,30.198,16.520,6.755
6.11000,187.354,159.073,134.210,83.444,55.940,30.261,16.538,6.730
6.11333,187.388,159.121,134.372,83.394,56.033,30.195,16.494,6.797
6.11667,187.602,159.216,134.417,83.541,56.009,30.293,16.475,6.841
6.12000,187.684,159.301,134.505,83.529,56.080,30.252,16.470,6.775
6.12333,187.739,159.404,134.603,83.594,56.094,30.302,16.538,6.809
6.12667,187.781,159.553,134.688,83.648,56.099,30.329,16.544,6.777
6.13000,188.007,159.605,134.740,83.701,56.157,30.314,16.494,6.809
6.13333,188.115,159.657,134.775,83.743,56.167,30.303,16.560,6.848
6.13667,188.212,159.758,134.819,83.781,56.187,30.366,16.576,6.764
6.14000,188.275,159.922,134.942,83.824,56.238,30.413,16.635,6.850
6.14333,188.413,159.980,135.044,83.842,56.325,30.374,16.552,6.859
6.14667,188.489,160.049,135.113,83.975,56.328,30.386,16.537,6.877
6.15000,188.689,160.120,135.192,84.065,56.401,30.414,16.561,6.768
6.15333,188.758,160.162,135.270,84.043,56.351,30.477,16.616,6.870
6.15667,188.780,160.360,135.379,84.146,56.482,30.462,16.663,6.850
6.16000,188.875,160.431,135.456,84.118,56.469,30.464,16.676,6.834
6.16333,189.050,160.476,135.453,84.201,56.463,30.484,16.675,6.837
6.16667,189.146,160.579,135.614,84.168,56.547,30.599,16.678,6.846
6.17000,189.266,160.655,135.658,84.278,56.520,30.508,16.666,6.811
6.17333,189.396,160.785,135.743,84.331,56.587,30.520,16.734,6.816
6.17667,189.435,160.856,135.738,84.381,56.565,30.540,16.669,6.895
6.18000,189.567,160.976,135.876,84.330,56.647,30.538,16.671,6.916
6.18333,189.694,161.073,136.008,84.478,56.671,30.622,16.737,6.856
6.18667,189.775,161.093,136.052,84.521,56.723,30.537,16.744,6.883
6.19000,189.940,161.216,136.125,84.596,56.725,30.561,16.713,6.908
6.19333,190.043,161.389,136.164,84.578,56.721,30.635,16.780,6.946
6.19667,190.111,161.405,136.188,84.654,56.816,30.630,16.771,6.917
6.20000,190.244,161.454,136.374,84.722,56.851,30.706,16.812,6.936
6.20333,190.362,161.621,136.459,84.775,56.865,30.719,16.713,6.907
6.20667,190.392,161.652,136.558,84.775,56.871,30.681,16.813,6.847
6.21000,190.509,161.761,136.585,84.828,56.971,30.763,16.834,6.925
6.21333,190.627,161.840,136.705,84.892,56.949,30.758,16.774,6.883
6.21667,190.720,161.920,136.714,84.907,57.052,30.769,16.803,6.856
6.22000,190.855,162.009,136.793,84.954,57.023,30.826,16.736,6.919
6.22333,190.938,162.164,136.891,84.992,57.060,30.783,16.863,6.890
6.22667,191.029,162.212,136.947,85.084,57.083,30.839,16.872,6.961
6.23000,191.145,162.340,137.069,85.165,57.141,30.807,16.883,6.881
6.23333,191.291,162.344,137.105,85.195,57.096,30.908,16.948,6.907
6.23667,191.399,162.502,137.195,85.284,57.158,30.881,16.858,6.946
6.24000,191.514,162.610,137.262,85.374,57.158,31.009,16.917,6.932
6.24333,191.502,162.596,137.224,85.298,57.303,30.864,16.972,6.994
6.24667,191.708,162.752,137.406,85.445,57.276,30.892,16.938,6.950
6.25000,191.816,162.897,137.493,85.485,57.262,30.945,16.891,7.027
6.25333,191.912,162.916,137.575,85.425,57.324,30.992,16.909,7.001
6.25667,192.021,163.048,137.668,85.500,57.344,30.951,16.984,6.932
6.26000,192.173,163.132,137.730,85.531,57.435,30.976,16.927,6.972
6.26333,192.249,163.273,137.808,85.644,57.363,30.952,16.897,6.997
6.26667,192.341,163.272,137.847,85.658,57.450,31.026,16.964,6.919
6.27000,192.420,163.457,137.973,85.712,57.528,31.051,16.936,7.010
6.27333,192.536,163.558,138.075,85.761,57.549,31.044,16.875,7.014
6.27667,192.643,163.603,138.074,85.814,57.513,31.097,16.994,7.002
6.28000,192.749,163.682,138.177,85.832,57.582,31.080,17.022,7.064
6.28333,192.855,163.790,138.241,85.919,57.655,31.143,17.003,6.976
6.28667,192.960,163.810,138.348,85.964,57.690,31.196,16.940,7.013
6.29000,193.035,163.875,138.407,86.050,57.756,31.165,17.058,6.996
6.29333,193.134,164.014,138.507,86.029,57.695,31.129,17.074,7.025
6.29667,193.213,164.153,138.611,86.089,57.746,31.214,17.000,7.010
6.30000,193.376,164.172,138.642,86.157,57.769,31.234,17.101,7.076
6.30333,193.475,164.276,138.699,86.156,57.765,31.286,17.088,7.104
6.30667,193.569,164.414,138.811,86.282,57.864,31.225,17.068,7.043
6.31000,193.647,164.448,138.904,86.250,57.883,31.262,17.066,7.082
6.31333,193.746,164.549,138.911,86.293,57.943,31.262,17.131,7.090
6.31667,193.903,164.670,139.008,86.405,57.904,31.284,17.149,7.028
6.32000,194.044,164.715,139.101,86.420,57.978,31.333,17.100,7.049
6.32333,194.110,164.840,139.071,86.457,58.003,31.297,17.139,7.067
6.32667,194.139,164.915,139.143,86.503,58.030,31.386,17.105,7.082
6.33000,194.292,165.016,139.256,86.589,57.998,31.343,17.134,7.057
6.33333,194.385,165.125,139.406,86.559,58.059,31.410,17.139,7.119
6.33667,194.455,165.203,139.450,86.622,58.160,31.332,17.148,7.125
6.34000,194.646,165.283,139.499,86.702,58.239,31.472,17.157,7.108
6.34333,194.769,165.366,139.654,86.746,58.236,31.390,17.163,7.056
6.34667,194.864,165.485,139.765,86.793,58.167,31.436,17.163,7.108
6.35000,194.996,165.550,139.739,86.852,58.214,31.532,17.147,7.084
6.35333,195.039,165.643,139.871,86.883,58.260,31.494,17.232,7.152
6.35667,195.217,165.730,139.870,86.958,58.244,31.434,17.249,7.073
6.36000,195.235,165.753,140.008,86.927,58.348,31.516,17.218,7.056
6.36333,195.344,165.889,140.113,87.024,58.412,31.588,17.288,7.123
6.36667,195.431,165.989,140.176,87.072,58.361,31.564,17.242,7.129
6.37000,195.542,166.082,140.232,87.085,58.470,31.591,17.252,7.104
6.37333,195.721,166.175,140.324,87.124,58.457,31.584,17.279,7.094
6.37667,195.753,166.304,140.367,87.208,58.584,31.639,17.331,7.086
6.38000,195.858,166.359,140.481,87.291,58.535,31.687,17.325,7.140
6.38333,196.006,166.420,140.484,87.292,58.607,31.649,17.291,7.137
6.38667,196.170,166.563,140.600,87.432,58.638,31.656,17.279,7.231
6.39000,196.112,166.593,140.708,87.437,58.656,31.667,17.323,7.073
6.39333,196.307,166.750,140.731,87.478,58.730,31.606,17.362,7.176
6.39667,196.374,166.762,140.801,87.546,58.701,31.738,17.358,7.168
6.40000,196.489,166.906,140.898,87.490,58.717,31.648,17.321,7.140
6.40333,196.603,166.978,140.985,87.541,58.819,31.724,17.337,7.203
6.40667,196.699,167.076,141.034,87.585,58.872,31.860,17.391,7.185
6.41000,196.829,167.145,141.116,87.733,58.823,31.786,17.338,7.210
6.41333,196.861,167.267,141.171,87.728,58.862,31.791,17.365,7.250
6.41667,197.027,167.362,141.234,87.746,58.930,31.834,17.387,7.295
6.42000,197.059,167.434,141.345,87.781,58.913,31.784,17.425,7.187
6.42333,197.257,167.502,141.391,87.862,58.928,31.918,17.367,7.195
6.42667,197.328,167.550,141.525,87.951,58.922,31.939,17.447,7.212
6.43000,197.386,167.658,141.605,87.977,59.065,31.866,17.404,7.169
6.43333,197.493,167.758,141.637,88.041,59.001,31.941,17.434,7.226
6.43667,197.668,167.828,141.731,88.047,59.128,31.903,17.522,7.243
6.44000,197.733,167.896,141.846,88.102,59.083,31.908,17.428,7.250
6.44333,197.853,168.050,141.849,88.191,59.096,31.919,17.438,7.175
6.44667,197.951,168.146,141.936,88.215,59.190,31.951,17.513,7.235
6.45000,198.083,168.196,141.998,88.250,59.188,31.966,17.469,7.271
6.45333,198.166,168.284,142.130,88.258,59.163,32.041,17.489,7.201
6.45667,198.210,168.368,142.093,88.370,59.235,32.016,17.514,7.222
6.46000,198.438,168.516,142.193,88.371,59.316,32.057,17.503,7.193
6.46333,198.405,168.547,142.303,88.436,59.281,32.053,17.518,7.269
6.46667,198.544,168.629,142.375,88.545,59.369,32.064,17.456,7.240
6.47000,198.604,168.726,142.477,88.551,59.457,32.158,17.551,7.252
6.47333,198.732,168.836,142.518,88.586,59.465,32.107,17.609,7.212
6.47667,198.853,168.875,142.553,88.635,59.471,32.181,17.572,7.272
6.48000,198.977,169.021,142.631,88.640,59.498,32.101,17.502,7.217
6.48333,199.091,169.095,142.784,88.671,59.564,32.155,17.546,7.271
6.48667,199.170,169.186,142.833,88.716,59.612,32.213,17.554,7.291
6.49000,199.270,169.286,142.842,88.779,59.595,32.234,17.563,7.325
6.49333,199.326,169.313,143.036,88.807,59.565,32.214,17.560,7.308
6.49667,199.492,169.433,143.032,88.835,59.638,32.243,17.636,7.263
6.50000,199.531,169.591,143.070,88.960,59.604,32.276,17.667,7.313
6.50333,199.656,169.552,143.166,88.977,59.746,32.271,17.626,7.194
6.50667,199.744,169.691,143.220,89.063,59.779,32.233,17.619,7.304
6.51000,199.879,169.789,143.351,89.029,59.758,32.323,17.659,7.304
6.51333,200.017,169.864,143.323,89.182,59.759,32.384,17.640,7.301
6.51667,200.021,170.003,143.513,89.150,59.780,32.301,17.628,7.307
6.52000,200.133,170.019,143.528,89.290,59.813,32.325,17.670,7.339
6.52333,200.293,170.197,143.620,89.256,59.895,32.356,17.711,7.292
6.52667,200.380,170.257,143.699,89.303,59.929,32.359,17.713,7.262
6.53000,200.533,170.309,143.779,89.345,59.892,32.389,17.691,7.330
6.53333,200.599,170.443,143.833,89.420,59.968,32.382,17.745,7.271
6.53667,200.702,170.459,143.885,89.408,59.974,32.455,17.731,7.408
6.54000,200.835,170.580,144.008,89.510,60.043,32.454,17.741,7.390
6.54333,200.914,170.663,144.007,89.563,60.087,32.549,17.772,7.342
6.54667,201.032,170.758,144.054,89.584,60.128,32.448,17.747,7.341
6.55000,201.072,170.806,144.189,89.655,60.184,32.513,17.798,7.372
6.55333,201.217,170.943,144.299,89.680,60.193,32.546,17.815,7.366
6.55667,201.303,171.054,144.411,89.764,60.185,32.530,17.738,7.336
6.56000,201.395,171.060,144.405,89.774,60.182,32.591,17.788,7.403
6.56333,201.528,171.129,144.502,89.808,60.240,32.601,17.790,7.368
6.56667,201.626,171.243,144.641,89.904,60.268,32.571,17.848,7.342
6.57000,201.692,171.326,144.654,89.856,60.290,32.566,17.831,7.384
6.57333,201.856,171.451,144.781,89.985,60.357,32.593,17.842,7.371
6.57667,201.919,171.557,144.818,89.964,60.369,32.623,17.892,7.427
6.58000,201.958,171.634,144.890,90.115,60.341,32.662,17.824,7.379
6.58333,202.168,171.687,144.911,90.109,60.442,32.680,17.851,7.390
6.58667,202.288,171.786,145.044,90.104,60.454,32.651,17.892,7.412
6.59000,202.343,171.919,145.106,90.212,60.469,32.690,17.885,7.397
6.59333,202.491,172.001,145.103,90.253,60.511,32.737,17.906,7.381
6.59667,202.517,172.047,145.241,90.280,60.533,32.690,17.855,7.442
6.60000,202.679,172.151,145.351,90.311,60.545,32.782,17.868,7.406
6.60333,202.662,172.202,145.428,90.307,60.671,32.756,17.923,7.384
6.60667,202.828,172.210,145.406,90.417,60.623,32.792,17.935,7.448
6.61000,202.852,172.371,145.591,90.450,60.648,32.820,17.932,7.453
6.61333,203.014,172.503,145.640,90.527,60.692,32.770,17.896,7.412
6.61667,203.162,172.549,145.665,90.564,60.751,32.775,17.929,7.427
6.62000,203.254,172.677,145.693,90.623,60.749,32.872,17.950,7.436
6.62333,203.339,172.788,145.850,90.624,60.779,32.887,18.011,7.500
6.62667,203.443,172.867,145.930,90.690,60.817,32.930,17.976,7.454
6.63000,203.562,172.881,145.981,90.677,60.791,32.918,17.966,7.477
6.63333,203.638,173.040,146.060,90.775,60.876,32.913,17.950,7.400
6.63667,203.769,173.090,146.144,90.898,60.936,32.936,17.967,7.482
6.64000,203.883,173.200,146.205,90.831,60.961,33.001,17.975,7.425
6.64333,203.915,173.271,146.280,90.970,60.913,32.925,18.053,7.516
6.64667,204.046,173.355,146.391,90.991,61.040,33.020,18.004,7.435
6.65000,204.195,173.448,146.393,91.000,61.021,32.953,18.047,7.455
6.65333,204.221,173.553,146.439,91.080,61.085,33.044,18.001,7.496
6.65667,204.354,173.637,146.558,91.059,61.083,33.018,18.071,7.449
6.66000,204.461,173.677,146.541,91.132,61.132,33.138,18.059,7.504
6.66333,204.524,173.743,146.723,91.188,61.168,33.060,18.110,7.490
6.66667,204.597,173.861,146.761,91.242,61.258,33.088,18.096,7.394
6.67000,204.748,173.940,146.847,91.290,61.227,33.134,18.065,7.489
6.67333,204.843,174.078,146.931,91.331,61.276,33.167,18.076,7.504
6.67667,204.919,174.116,146.994,91.355,61.256,33.175,18.070,7.510
6.68000,205.101,174.251,147.085,91.381,61.312,33.149,18.131,7.465
6.68333,205.207,174.283,147.131,91.472,61.396,33.088,18.200,7.538
6.68667,205.269,174.301,147.202,91.540,61.344,33.211,18.121,7.504
6.69000,205.323,174.455,147.253,91.512,61.372,33.168,18.155,7.553
6.69333,205.476,174.592,147.352,91.598,61.380,33.194,18.151,7.525
6.69667,205.473,174.678,147.447,91.719,61.471,33.224,18.151,7.548
6.70000,205.650,174.698,147.449,91.665,61.540,33.255,18.155,7.544
6.70333,205.702,174.788,147.564,91.710,61.543,33.241,18.145,7.531
6.70667,205.828,174.889,147.613,91.779,61.535,33.340,18.206,7.605
6.71000,205.952,174.967,147.714,91.854,61.603,33.339,18.279,7.568
6.71333,206.064,175.042,147.765,91.851,61.631,33.315,18.215,7.525
6.71667,206.175,175.238,147.942,91.881,61.645,33.383,18.202,7.516
6.72000,206.252,175.188,147.929,91.979,61.652,33.335,18.271,7.542
6.72333,206.315,175.303,148.010,92.062,61.737,33.403,18.230,7.555
6.72667,206.442,175.467,148.104,92.041,61.725,33.358,18.238,7.573
6.73000,206.584,175.513,148.176,92.128,61.836,33.486,18.315,7.507
6.73333,206.725,175.529,148.272,92.150,61.826,33.461,18.258,7.602
6.73667,206.738,175.650,148.295,92.213,61.828,33.448,18.290,7.582
6.74000,206.809,175.759,148.366,92.214,61.857,33.481,18.252,7.585
6.74333,206.935,175.809,148.411,92.272,61.880,33.491,18.271,7.600
6.74667,207.052,175.969,148.487,92.358,61.968,33.498,18.297,7.566
6.75000,207.138,176.004,148.574,92.366,61.927,33.534,18.320,7.567
6.75333,207.248,176.086,148.673,92.475,61.929,33.571,18.334,7.570
6.75667,207.346,176.213,148.746,92.423,61.979,33.577,18.346,7.602
6.76000,207.467,176.228,148.817,92.533,62.002,33.528,18.269,7.540
6.76333,207.523,176.388,148.827,92.545,62.022,33.542,18.359,7.589
6.76667,207.633,176.434,148.960,92.615,62.120,33.547,18.341,7.627
6.77000,207.779,176.547,149.024,92.687,62.150,33.537,18.388,7.674
6.77333,207.837,176.587,149.096,92.721,62.136,33.595,18.355,7.608
6.77667,207.960,176.702,149.178,92.673,62.201,33.612,18.409,7.598
6.78000,208.068,176.785,149.257,92.732,62.232,33.679,18.374,7.655
6.78333,208.126,176.910,149.310,92.832,62.255,33.702,18.407,7.646
6.78667,208.264,177.003,149.401,92.828,62.259,33.747,18.404,7.631
6.79000,208.356,177.106,149.451,92.928,62.321,33.670,18.406,7.647
6.79333,208.402,177.119,149.500,93.008,62.356,33.729,18.463,7.697
6.79667,208.508,177.225,149.616,93.096,62.402,33.689,18.484,7.676
6.80000,208.648,177.258,149.671,93.099,62.428,33.777,18.444,7.618
6.80333,208.750,177.368,149.762,93.079,62.427,33.841,18.506,7.645
6.80667,208.885,177.468,149.856,93.192,62.415,33.773,18.489,7.615
6.81000,208.941,177.576,149.922,93.196,62.425,33.826,18.431,7.627
6.81333,209.094,177.583,150.025,93.187,62.555,33.878,18.447,7.708
6.81667,209.179,177.781,150.032,93.237,62.545,33.802,18.445,7.635
6.82000,209.249,177.791,150.044,93.363,62.535,33.850,18.472,7.680
6.82333,209.398,177.871,150.192,93.415,62.693,33.924,18.538,7.716
6.82667,209.433,178.015,150.229,93.444,62.701,33.901,18.547,7.673
6.83000,209.557,178.026,150.378,93.422,62.631,33.882,18.504,7.666
6.83333,209.637,178.159,150.383,93.493,62.695,33.907,18.544,7.712
6.83667,209.733,178.281,150.486,93.568,62.722,33.985,18.568,7.710
6.84000,209.879,178.354,150.562,93.595,62.754,33.947,18.524,7.656
6.84333,209.904,178.441,150.542,93.598,62.793,34.039,18.545,7.692
6.84667,210.067,178.554,150.720,93.661,62.820,33.992,18.558,7.724
6.85000,210.156,178.553,150.713,93.762,62.929,34.045,18.687,7.721
6.85333,210.267,178.652,150.806,93.775,62.937,34.037,18.611,7.668
6.85667,210.356,178.671,150.856,93.775,62.872,33.982,18.582,7.661
6.86000,210.475,178.780,150.937,93.870,62.910,34.043,18.558,7.648
6.86333,210.501,178.913,150.981,93.968,62.953,34.117,18.651,7.713
6.86667,210.654,179.020,151.082,93.955,63.066,34.034,18.595,7.693
6.87000,210.792,179.140,151.145,94.060,63.047,34.105,18.599,7.801
6.87333,210.851,179.231,151.297,93.987,63.074,34.157,18.636,7.717
6.87667,210.961,179.292,151.329,94.109,63.147,34.151,18.674,7.726
6.88000,210.982,179.364,151.363,94.178,63.167,34.127,18.595,7.819
6.88333,211.096,179.425,151.457,94.189,63.178,34.156,18.637,7.763
6.88667,211.253,179.490,151.513,94.209,63.182,34.216,18.668,7.791
6.89000,211.364,179.633,151.636,94.386,63.233,34.218,18.701,7.715
6.89333,211.460,179.641,151.702,94.347,63.305,34.223,18.700,7.778
6.89667,211.532,179.812,151.812,94.360,63.291,34.260,18.669,7.773
6.90000,211.643,179.836,151.877,94.330,63.313,34.311,18.684,7.823
6.90333,211.754,179.946,151.921,94.425,63.403,34.275,18.745,7.751
6.90667,211.861,180.040,151.979,94.534,63.350,34.289,18.704,7.844
6.91000,211.926,180.150,152.017,94.464,63.383,34.220,18.726,7.805
6.91333,212.088,180.206,152.140,94.544,63.359,34.360,18.738,7.812
6.91667,212.163,180.281,152.194,94.662,63.481,34.304,18.715,7.808
6.92000,212.267,180.366,152.252,94.707,63.490,34.293,18.802,7.808
6.92333,212.369,180.492,152.313,94.769,63.507,34.385,18.767,7.754
6.92667,212.452,180.590,152.400,94.814,63.485,34.383,18.826,7.798
6.93000,212.513,180.586,152.540,94.810,63.550,34.418,18.747,7.784
6.93333,212.657,180.692,152.549,94.910,63.545,34.350,18.797,7.808
6.93667,212.749,180.827,152.594,94.934,63.669,34.381,18.774,7.836
6.94000,212.802,180.935,152.721,94.983,63.646,34.485,18.758,7.768
6.94333,212.972,180.996,152.753,94.953,63.664,34.519,18.856,7.834
6.94667,213.019,181.015,152.806,95.072,63.719,34.495,18.846,7.879
6.95000,213.156,181.082,152.925,95.025,63.789,34.519,18.785,7.883
6.95333,213.261,181.196,153.002,95.213,63.822,34.514,18.831,7.822
6.95667,213.328,181.351,153.077,95.151,63.760,34.538,18.871,7.769
6.96000,213.444,181.345,153.079,95.244,63.818,34.588,18.849,7.829
6.96333,213.567,181.433,153.141,95.245,63.879,34.597,18.898,7.850
6.96667,213.600,181.592,153.196,95.325,63.819,34.545,18.866,7.863
6.97000,213.750,181.647,153.368,95.323,63.929,34.613,18.938,7.840
6.97333,213.822,181.741,153.340,95.430,63.966,34.645,18.918,7.833
6.97667,213.861,181.793,153.424,95.401,64.009,34.603,18.961,7.860
6.98000,214.068,181.867,153.625,95.512,64.084,34.651,18.948,7.866
6.98333,214.101,182.028,153.583,95.529,64.098,34.723,18.937,7.818
6.98667,214.231,182.040,153.653,95.605,64.096,34.661,18.954,7.924
6.99000,214.351,182.193,153.765,95.617,64.137,34.683,18.961,7.849
6.99333,214.384,182.272,153.826,95.658,64.162,34.703,18.960,7.870
6.99667,214.467,182.413,154.007,95.738,64.166,34.752,18.958,7.935
7.00000,214.624,182.414,153.965,95.772,64.225,34.702,19.020,7.875
7.00333,214.716,182.498,154.049,95.790,64.307,34.788,18.988,7.913
7.00667,214.876,182.487,154.150,95.821,64.300,34.739,19.009,7.894
7.01000,214.941,182.637,154.160,95.850,64.335,34.774,19.051,7.885
7.01333,214.996,182.734,154.231,95.979,64.350,34.794,18.997,7.894
7.01667,215.175,182.876,154.359,95.910,64.394,34.856,19.024,7.840
7.02000,215.262,182.903,154.421,95.995,64.401,34.839,19.023,7.852
7.02333,215.328,183.028,154.465,96.086,64.341,34.886,19.013,7.888
7.02667,215.427,183.158,154.545,96.128,64.439,34.848,19.044,7.981
7.03000,215.488,183.199,154.622,96.126,64.468,34.910,19.069,7.870
7.03333,215.616,183.226,154.721,96.184,64.495,34.913,19.011,7.904
7.03667,215.709,183.326,154.709,96.313,64.500,35.029,19.095,7.895
7.04000,215.873,183.371,154.848,96.293,64.506,34.944,19.125,7.960
7.04333,215.888,183.504,154.892,96.416,64.609,35.030,19.109,7.918
7.04667,216.011,183.626,155.044,96.457,64.604,35.000,19.089,7.967
7.05000,216.060,183.726,155.049,96.394,64.633,35.051,19.154,7.913
7.05333,216.144,183.824,155.066,96.455,64.658,35.034,19.113,7.956
7.05667,216.310,183.929,155.199,96.535,64.686,35.101,19.102,8.004
7.06000,216.417,183.908,155.309,96.623,64.739,35.112,19.155,7.986
7.06333,216.511,184.020,155.322,96.598,64.756,35.142,19.155,7.951
7.06667,216.618,184.104,155.371,96.637,64.803,35.112,19.119,8.008
7.07000,216.734,184.239,155.505,96.691,64.862,35.096,19.163,7.944
7.07333,216.817,184.296,155.632,96.724,64.918,35.157,19.183,7.982
7.07667,216.855,184.455,155.612,96.788,64.913,35.070,19.212,7.968
7.08000,216.978,184.465,155.685,96.882,64.905,35.151,19.216,7.978
7.08333,217.112,184.518,155.858,96.846,64.946,35.176,19.241,7.990
7.08667,217.254,184.644,155.823,96.987,65.015,35.171,19.254,7.916
7.09000,217.372,184.759,155.906,97.056,65.062,35.263,19.258,8.000
7.09333,217.406,184.787,155.955,97.032,64.996,35.219,19.277,7.979
7.09667,217.528,184.911,155.996,97.023,65.051,35.225,19.305,7.999
7.10000,217.567,184.992,156.149,97.064,65.073,35.248,19.225,7.984
7.10333,217.682,185.096,156.215,97.140,65.127,35.240,19.290,8.052
7.10667,217.807,185.103,156.238,97.145,65.185,35.289,19.272,8.053
7.11000,217.924,185.284,156.398,97.301,65.199,35.310,19.278,8.019
7.11333,218.001,185.318,156.430,97.286,65.196,35.276,19.312,8.035
7.11667,218.090,185.340,156.527,97.341,65.284,35.332,19.277,8.081
7.12000,218.201,185.482,156.600,97.370,65.377,35.396,19.301,7.994
7.12333,218.255,185.582,156.582,97.460,65.262,35.344,19.312,8.028
7.12667,218.420,185.722,156.710,97.500,65.293,35.395,19.318,8.029
7.13000,218.524,185.736,156.759,97.470,65.398,35.405,19.311,8.018
7.13333,218.523,185.824,156.859,97.596,65.417,35.422,19.359,8.045
7.13667,218.658,185.879,156.901,97.631,65.422,35.463,19.350,8.072
7.14000,218.841,186.014,157.032,97.667,65.452,35.452,19.330,8.024
7.14333,218.978,186.124,157.059,97.720,65.487,35.451,19.361,8.082
7.14667,219.025,186.163,157.171,97.745,65.527,35.564,19.420,8.070
7.15000,219.129,186.271,157.219,97.782,65.634,35.519,19.380,7.979
7.15333,219.197,186.322,157.245,97.789,65.629,35.531,19.363,8.016
7.15667,219.279,186.470,157.363,97.856,65.645,35.490,19.398,8.083
7.16000,219.397,186.479,157.480,97.905,65.692,35.544,19.424,8.034
7.16333,219.450,186.551,157.516,98.015,65.709,35.614,19.385,8.096
7.16667,219.538,186.674,157.627,97.976,65.758,35.598,19.390,8.133
7.17000,219.733,186.791,157.716,98.039,65.801,35.586,19.414,8.121
7.17333,219.794,186.829,157.678,98.119,65.760,35.576,19.544,8.085
7.17667,219.915,186.956,157.817,98.169,65.848,35.637,19.478,8.043
7.18000,220.017,187.029,157.877,98.216,65.821,35.652,19.492,8.073
7.18333,220.133,187.091,157.883,98.246,65.858,35.687,19.493,8.151
7.18667,220.157,187.197,158.022,98.279,65.918,35.670,19.514,8.092
7.19000,220.314,187.293,158.071,98.329,65.951,35.707,19.528,8.098
7.19333,220.351,187.375,158.197,98.413,65.952,35.698,19.450,8.116
7.19667,220.513,187.450,158.214,98.443,66.000,35.768,19.489,8.127
7.20000,220.610,187.492,158.225,98.442,65.992,35.740,19.529,8.133
7.20333,220.752,187.598,158.387,98.528,66.072,35.745,19.549,8.115
7.20667,220.839,187.682,158.466,98.575,66.167,35.782,19.574,8.167
7.21000,220.916,187.794,158.547,98.595,66.178,35.803,19.574,8.169
7.21333,220.981,187.885,158.675,98.676,66.144,35.823,19.624,8.154
7.21667,221.142,187.977,158.687,98.708,66.166,35.889,19.521,8.115
7.22000,221.216,188.028,158.748,98.765,66.219,35.910,19.644,8.175
7.22333,221.333,188.147,158.783,98.793,66.244,35.873,19.574,8.196
7.22667,221.443,188.219,158.906,98.831,66.302,35.912,19.627,8.128
7.23000,221.500,188.359,158.873,98.921,66.363,35.982,19.611,8.162
7.23333,221.595,188.358,159.021,98.932,66.338,35.914,19.643,8.213
7.23667,221.714,188.495,159.115,98.979,66.361,35.961,19.567,8.218
7.24000,221.791,188.566,159.138,99.049,66.394,35.966,19.611,8.201
7.24333,221.906,188.599,159.228,99.047,66.432,35.983,19.652,8.219
7.24667,221.991,188.754,159.330,99.129,66.457,35.987,19.707,8.181
7.25000,222.192,188.882,159.438,99.216,66.440,35.938,19.673,8.156
7.25333,222.172,188.908,159.453,99.149,66.547,36.027,19.670,8.215
7.25667,222.343,188.982,159.508,99.197,66.544,36.038,19.689,8.204
7.26000,222.280,189.097,159.578,99.261,66.567,36.091,19.735,8.214
7.26333,222.448,189.233,159.719,99.276,66.624,36.027,19.678,8.179
7.26667,222.603,189.229,159.722,99.350,66.585,36.133,19.676,8.252
7.27000,222.677,189.337,159.860,99.402,66.645,36.050,19.726,8.210
7.27333,222.773,189.426,159.920,99.541,66.679,36.134,19.763,8.224
7.27667,222.949,189.535,159.989,99.527,66.728,36.086,19.776,8.211
7.28000,222.999,189.534,160.029,99.534,66.748,36.099,19.775,8.252
7.28333,223.153,189.649,160.073,99.569,66.853,36.189,19.800,8.213
7.28667,223.231,189.762,160.247,99.676,66.778,36.228,19.731,8.217
7.29000,223.354,189.887,160.293,99.693,66.834,36.232,19.793,8.225
7.29333,223.404,189.864,160.311,99.689,66.861,36.215,19.747,8.240
7.29667,223.492,190.074,160.396,99.772,66.889,36.258,19.798,8.255
7.30000,223.621,190.097,160.539,99.802,66.984,36.242,19.789,8.219
7.30333,223.674,190.226,160.614,99.831,66.903,36.281,19.761,8.248
7.30667,223.832,190.232,160.605,99.912,66.909,36.296,19.836,8.267
7.31000,223.891,190.380,160.651,99.914,67.082,36.304,19.792,8.155
7.31333,223.988,190.435,160.820,100.061,67.077,36.345,19.810,8.242
7.31667,224.122,190.576,160.866,100.048,67.061,36.310,19.844,8.246
7.32000,224.273,190.655,160.933,100.068,67.119,36.382,19.841,8.242
7.32333,224.296,190.719,160.963,100.141,67.140,36.368,19.864,8.211
7.32667,224.407,190.816,161.070,100.229,67.193,36.340,19.856,8.251
7.33000,224.472,190.872,161.124,100.288,67.256,36.382,19.839,8.271
7.33333,224.562,190.985,161.209,100.333,67.260,36.437,19.934,8.352
7.33667,224.697,191.018,161.293,100.398,67.267,36.391,19.919,8.328
7.34000,224.755,191.190,161.384,100.364,67.356,36.540,19.882,8.306
7.34333,224.913,191.231,161.478,100.514,67.280,36.429,19.961,8.295
7.34667,225.036,191.343,161.530,100.539,67.375,36.524,19.959,8.260
7.35000,225.127,191.408,161.587,100.567,67.394,36.467,19.933,8.332
7.35333,225.241,191.528,161.647,100.573,67.403,36.518,19.923,8.284
7.35667,225.294,191.601,161.722,100.558,67.477,36.555,19.939,8.368
7.36000,225.427,191.681,161.790,100.641,67.472,36.583,19.969,8.334
7.36333,225.578,191.788,161.827,100.660,67.516,36.530,19.973,8.435
7.36667,225.613,191.870,161.927,100.725,67.497,36.617,20.007,8.317
7.37000,225.710,191.928,162.029,100.831,67.498,36.562,20.056,8.396
7.37333,225.848,191.984,162.082,100.783,67.600,36.684,19.979,8.388
7.37667,225.966,192.042,162.160,100.883,67.610,36.659,19.995,8.387
7.38000,226.011,192.232,162.265,100.934,67.627,36.616,20.052,8.324
7.38333,226.108,192.296,162.301,100.926,67.642,36.603,20.025,8.355
7.38667,226.277,192.338,162.375,101.106,67.733,36.686,20.110,8.332
7.39000,226.337,192.442,162.475,101.048,67.818,36.716,20.081,8.324
7.39333,226.423,192.527,162.528,101.184,67.778,36.724,20.101,8.339
7.39667,226.567,192.673,162.622,101.153,67.855,36.801,20.071,8.374
7.40000,226.612,192.730,162.674,101.221,67.890,36.772,20.083,8.299
7.40333,226.755,192.746,162.691,101.266,67.832,36.725,20.028,8.439
7.40667,226.875,192.959,162.792,101.298,67.945,36.816,20.112,8.414
7.41000,226.908,192.979,162.858,101.349,67.978,36.744,20.005,8.383
7.41333,227.080,193.098,162.944,101.404,67.983,36.859,20.104,8.408
7.41667,227.166,193.177,163.038,101.447,68.022,36.944,20.157,8.408
7.42000,227.275,193.201,163.113,101.519,68.014,36.931,20.183,8.384
7.42333,227.378,193.325,163.206,101.562,68.028,36.843,20.117,8.379
7.42667,227.491,193.414,163.298,101.581,68.085,36.943,20.172,8.387
7.43000,227.592,193.515,163.304,101.675,68.143,36.896,20.160,8.422
7.43333,227.588,193.544,163.404,101.688,68.178,36.967,20.168,8.413
7.43667,227.782,193.722,163.485,101.721,68.219,36.977,20.185,8.407
7.44000,227.863,193.796,163.566,101.779,68.209,37.036,20.155,8.395
7.44333,227.961,193.853,163.676,101.835,68.257,36.985,20.152,8.427
7.44667,228.020,193.919,163.741,101.922,68.273,37.003,20.138,8.423
7.45000,228.171,194.031,163.768,101.868,68.320,36.984,20.221,8.400
7.45333,228.298,194.109,163.845,101.972,68.375,37.018,20.191,8.401
7.45667,228.344,194.169,163.948,101.991,68.340,36.994,20.244,8.486
7.46000,228.437,194.271,164.018,102.079,68.392,37.046,20.229,8.398
7.46333,228.568,194.406,164.062,102.109,68.422,37.144,20.326,8.445
7.46667,228.780,194.463,164.120,102.156,68.462,37.119,20.267,8.430
7.47000,228.771,194.500,164.219,102.167,68.565,37.113,20.261,8.446
7.47333,228.932,194.593,164.331,102.236,68.536,37.200,20.225,8.503
7.47667,228.979,194.679,164.372,102.305,68.545,37.144,20.268,8.495
7.48000,229.148,194.807,164.470,102.309,68.627,37.228,20.315,8.413
7.48333,229.151,194.834,164.585,102.405,68.620,37.173,20.303,8.479
7.48667,229.286,194.999,164.609,102.340,68.646,37.142,20.284,8.537
7.49000,229.406,195.161,164.672,102.500,68.729,37.186,20.279,8.515
7.49333,229.563,195.114,164.788,102.484,68.764,37.306,20.397,8.504
7.49667,229.603,195.251,164.799,102.487,68.739,37.252,20.355,8.494
7.50000,229.747,195.316,164.835,102.601,68.804,37.227,20.370,8.483
7.50333,229.884,195.461,164.945,102.605,68.899,37.318,20.410,8.480
7.50667,229.962,195.549,165.070,102.628,68.791,37.315,20.433,8.506
7.51000,230.067,195.599,165.189,102.748,68.858,37.331,20.398,8.495
7.51333,230.104,195.747,165.213,102.825,68.937,37.360,20.445,8.552
7.51667,230.231,195.766,165.303,102.871,68.938,37.307,20.351,8.517
7.52000,230.412,195.902,165.399,102.875,68.958,37.390,20.404,8.506
7.52333,230.360,195.958,165.438,102.898,68.979,37.419,20.444,8.467
7.52667,230.543,196.054,165.545,102.963,69.063,37.476,20.456,8.580
7.53000,230.571,196.142,165.563,103.033,69.067,37.432,20.389,8.508
7.53333,230.730,196.161,165.622,103.084,69.088,37.446,20.478,8.506
7.53667,230.868,196.332,165.712,103.171,69.137,37.540,20.434,8.544
7.54000,230.954,196.379,165.759,103.213,69.127,37.486,20.509,8.499
7.54333,231.052,196.492,165.923,103.127,69.128,37.481,20.518,8.562
7.54667,231.180,196.558,165.951,103.255,69.240,37.468,20.450,8.536
7.55000,231.298,196.735,166.022,103.317,69.296,37.542,20.514,8.570
7.55333,231.392,196.856,166.074,103.337,69.264,37.526,20.493,8.587
7.55667,231.504,196.771,166.147,103.426,69.279,37.539,20.564,8.576
7.56000,231.610,196.905,166.258,103.487,69.334,37.577,20.556,8.595
7.56333,231.700,197.060,166.339,103.454,69.435,37.569,20.534,8.574
7.56667,231.770,197.112,166.326,103.532,69.320,37.614,20.552,8.573
7.57000,231.840,197.214,166.517,103.617,69.433,37.593,20.527,8.541
7.57333,231.997,197.294,166.530,103.652,69.450,37.706,20.582,8.563
7.57667,232.034,197.476,166.613,103.739,69.532,37.712,20.606,8.591
7.58000,232.206,197.528,166.666,103.764,69.555,37.731,20.600,8.620
7.58333,232.341,197.510,166.789,103.813,69.604,37.685,20.542,8.601
7.58667,232.401,197.652,166.929,103.885,69.625,37.745,20.557,8.587
7.59000,232.582,197.702,166.868,103.896,69.626,37.727,20.607,8.622
7.59333,232.623,197.839,166.966,103.910,69.651,37.768,20.696,8.612
7.59667,232.768,197.913,167.081,103.999,69.692,37.814,20.610,8.627
7.60000,232.807,198.010,167.135,104.042,69.697,37.800,20.560,8.622
7.60333,232.916,198.086,167.209,104.058,69.787,37.826,20.608,8.627
7.60667,233.073,198.171,167.322,104.155,69.772,37.875,20.716,8.716
7.61000,233.107,198.279,167.359,104.117,69.840,37.877,20.666,8.671
7.61333,233.284,198.403,167.397,104.189,69.789,37.900,20.681,8.654
7.61667,233.332,198.397,167.583,104.251,69.815,37.871,20.675,8.687
7.62000,233.503,198.545,167.608,104.287,69.962,37.906,20.674,8.628
7.62333,233.539,198.685,167.730,104.347,69.921,37.953,20.719,8.651
7.62667,233.697,198.695,167.712,104.343,69.956,37.880,20.741,8.659
7.63000,233.716,198.740,167.782,104.466,70.033,37.916,20.705,8.665
7.63333,233.890,198.921,167.876,104.510,70.034,37.957,20.719,8.686
7.63667,234.063,199.010,167.965,104.577,70.015,38.007,20.728,8.674
7.64000,234.124,199.185,168.105,104.594,70.102,38.062,20.770,8.725
7.64333,234.252,199.245,168.121,104.668,70.192,37.996,20.790,8.672
7.64667,234.287,199.245,168.244,104.663,70.167,38.011,20.731,8.720
7.65000,234.399,199.365,168.274,104.714,70.232,37.995,20.783,8.701
7.65333,234.470,199.448,168.410,104.761,70.222,38.072,20.802,8.664
7.65667,234.616,199.528,168.458,104.834,70.260,38.101,20.781,8.670
7.66000,234.710,199.633,168.526,104.854,70.287,38.121,20.796,8.679
7.66333,234.855,199.694,168.541,104.975,70.315,38.117,20.767,8.684
7.66667,234.913,199.796,168.594,104.950,70.375,38.161,20.787,8.709
7.67000,235.043,199.884,168.778,105.082,70.425,38.168,20.881,8.636
7.67333,235.149,199.986,168.831,105.177,70.411,38.147,20.875,8.785
7.67667,235.333,200.099,168.902,105.088,70.435,38.149,20.812,8.740
7.68000,235.363,200.155,169.035,105.136,70.412,38.177,20.860,8.794
7.68333,235.439,200.209,169.109,105.221,70.531,38.257,20.940,8.720
7.68667,235.537,200.388,169.109,105.254,70.582,38.248,20.854,8.833
7.69000,235.678,200.448,169.210,105.308,70.614,38.245,20.945,8.725
7.69333,235.840,200.556,169.250,105.427,70.582,38.278,20.858,8.771
7.69667,235.894,200.591,169.432,105.442,70.666,38.309,20.957,8.750
7.70000,235.995,200.728,169.462,105.431,70.689,38.290,20.971,8.735
7.70333,236.137,200.836,169.496,105.482,70.711,38.421,20.910,8.758
7.70667,236.201,200.936,169.624,105.522,70.698,38.364,20.974,8.764
7.71000,236.363,201.029,169.750,105.568,70.834,38.347,21.012,8.766
7.71333,236.354,201.095,169.771,105.658,70.784,38.333,20.899,8.814
7.71667,236.528,201.213,169.740,105.668,70.889,38.482,21.012,8.807
7.72000,236.602,201.265,169.946,105.759,70.928,38.430,20.941,8.771
7.72333,236.700,201.379,169.873,105.731,70.902,38.477,20.999,8.793
7.72667,236.814,201.462,170.032,105.820,70.942,38.478,21.013,8.820
7.73000,236.951,201.548,170.072,105.890,71.091,38.457,21.020,8.707
7.73333,237.044,201.705,170.246,105.942,71.013,38.521,21.082,8.738
7.73667,237.157,201.691,170.274,105.943,71.068,38.533,21.035,8.831
7.74000,237.290,201.868,170.246,106.039,71.107,38.602,21.057,8.786
7.74333,237.413,201.912,170.438,106.104,71.077,38.530,21.034,8.806
7.74667,237.510,202.018,170.537,106.148,71.168,38.528,21.127,8.763
7.75000,237.571,202.127,170.608,106.215,71.181,38.638,21.093,8.820
7.75333,237.665,202.176,170.642,106.242,71.218,38.572,21.048,8.739
7.75667,237.814,202.279,170.741,106.307,71.250,38.640,21.163,8.852
7.76000,237.886,202.393,170.813,106.319,71.291,38.639,21.081,8.870
7.76333,238.028,202.477,170.923,106.470,71.314,38.642,21.128,8.843
7.76667,238.217,202.554,170.999,106.452,71.354,38.746,21.140,8.846
7.77000,238.175,202.638,171.057,106.485,71.347,38.681,21.181,8.877
7.77333,238.394,202.714,171.210,106.525,71.395,38.647,21.172,8.848
7.77667,238.489,202.810,171.204,106.565,71.415,38.776,21.206,8.870
7.78000,238.547,202.929,171.292,106.591,71.476,38.836,21.119,8.892
7.78333,238.695,203.038,171.452,106.660,71.461,38.813,21.168,8.892
7.78667,238.801,203.170,171.420,106.698,71.531,38.798,21.196,8.888
7.79000,238.925,203.222,171.597,106.820,71.535,38.784,21.096,8.869
7.79333,239.047,203.285,171.645,106.854,71.606,38.771,21.241,8.852
7.79667,239.052,203.450,171.741,106.932,71.605,38.862,21.215,8.906
7.80000,239.186,203.489,171.768,106.874,71.625,38.873,21.222,8.905
7.80333,239.269,203.511,171.879,106.994,71.704,38.885,21.247,8.852
7.80667,239.459,203.686,171.949,106.982,71.704,38.853,21.201,8.854
7.81000,239.474,203.792,172.003,107.058,71.744,38.917,21.258,8.862
7.81333,239.596,203.828,172.067,107.049,71.785,38.903,21.197,8.939
7.81667,239.729,203.985,172.132,107.080,71.826,38.954,21.307,8.960
7.82000,239.872,204.087,172.223,107.236,71.891,38.983,21.266,8.918
7.82333,239.901,204.138,172.313,107.241,71.890,39.000,21.309,8.874
7.82667,240.054,204.257,172.353,107.307,71.912,39.006,21.343,8.923
7.83000,240.181,204.314,172.442,107.376,71.968,39.047,21.332,8.921
7.83333,240.300,204.384,172.500,107.336,71.967,39.032,21.373,8.896
7.83667,240.439,204.491,172.619,107.473,71.985,39.107,21.398,8.944
7.84000,240.495,204.578,172.707,107.480,72.084,39.004,21.375,8.933
7.84333,240.595,204.745,172.753,107.601,72.122,39.079,21.353,8.933
7.84667,240.749,204.705,172.854,107.635,72.082,39.171,21.370,8.905
7.85000,240.830,204.902,173.027,107.645,72.199,39.194,21.407,8.960
7.85333,240.918,205.030,173.000,107.701,72.191,39.049,21.394,8.993
7.85667,241.121,205.073,173.116,107.808,72.226,39.164,21.410,8.912
7.86000,241.157,205.133,173.224,107.796,72.223,39.165,21.381,8.993
7.86333,241.239,205.248,173.304,107.843,72.282,39.187,21.388,8.943
7.86667,241.346,205.389,173.417,107.800,72.308,39.238,21.377,8.950
7.87000,241.468,205.451,173.406,107.942,72.337,39.198,21.357,9.027
7.87333,241.608,205.582,173.524,107.972,72.385,39.279,21.484,9.005
7.87667,241.715,205.656,173.647,108.081,72.432,39.305,21.523,8.973
7.88000,241.860,205.792,173.640,108.034,72.516,39.287,21.474,8.966
7.88333,241.964,205.820,173.726,108.163,72.553,39.355,21.472,9.013
7.88667,242.052,205.970,173.843,108.205,72.487,39.353,21.472,8.990
7.89000,242.136,206.069,173.867,108.259,72.498,39.317,21.455,8.999
7.89333,242.234,206.086,173.996,108.302,72.589,39.371,21.498,9.006
7.89667,242.343,206.146,173.996,108.326,72.609,39.424,21.532,9.007
7.90000,242.477,206.276,174.197,108.397,72.701,39.399,21.600,9.043
7.90333,242.601,206.347,174.203,108.395,72.680,39.471,21.536,9.053
7.90667,242.738,206.522,174.275,108.578,72.759,39.413,21.630,9.039
7.91000,242.809,206.603,174.368,108.541,72.754,39.372,21.548,9.060
7.91333,242.913,206.765,174.411,108.574,72.785,39.484,21.514,9.057
7.91667,242.990,206.816,174.502,108.724,72.768,39.462,21.624,9.052
7.92000,243.170,206.925,174.579,108.696,72.877,39.527,21.617,9.054
7.92333,243.288,206.950,174.683,108.813,72.889,39.529,21.603,9.025
7.92667,243.325,206.997,174.814,108.789,73.004,39.542,21.602,9.072
7.93000,243.482,207.126,174.851,108.894,72.931,39.588,21.583,9.106
7.93333,243.603,207.252,174.904,108.886,73.021,39.572,21.562,9.085
7.93667,243.717,207.323,175.083,109.030,72.996,39.646,21.660,9.106
7.94000,243.792,207.499,175.038,108.975,73.056,39.593,21.642,9.031
7.94333,243.931,207.568,175.214,109.020,73.148,39.608,21.621,9.053
7.94667,243.998,207.648,175.276,109.092,73.155,39.650,21.647,9.090
7.95000,244.155,207.694,175.342,109.103,73.220,39.759,21.627,9.140
7.95333,244.236,207.827,175.383,109.176,73.170,39.708,21.687,9.110
7.95667,244.400,207.887,175.546,109.272,73.131,39.760,21.623,9.062
7.96000,244.464,207.983,175.588,109.365,73.231,39.731,21.661,9.046
7.96333,244.641,208.149,175.653,109.408,73.297,39.775,21.672,9.079
7.96667,244.791,208.228,175.721,109.400,73.324,39.779,21.727,9.151
7.97000,244.842,208.361,175.785,109.500,73.326,39.719,21.767,9.095
7.97333,244.945,208.420,175.898,109.494,73.400,39.773,21.792,9.079
7.97667,245.064,208.512,175.936,109.560,73.356,39.876,21.797,9.154
7.98000,245.120,208.589,176.079,109.558,73.516,39.878,21.758,9.119
7.98333,245.319,208.658,176.154,109.722,73.471,39.890,21.792,9.136
7.98667,245.346,208.820,176.227,109.698,73.557,39.840,21.804,9.223
7.99000,245.478,208.923,176.329,109.837,73.569,39.887,21.761,9.176
7.99333,245.629,208.941,176.441,109.867,73.629,39.917,21.782,9.139
7.99667,245.778,209.122,176.475,109.898,73.663,39.881,21.824,9.124
8.00000,245.863,209.220,176.610,109.964,73.625,39.956,21.768,9.151
8.00333,245.953,209.307,176.681,109.940,73.722,39.961,21.837,9.146
8.00667,246.099,209.369,176.698,109.993,73.713,39.977,21.829,9.139
8.01000,246.158,209.501,176.800,110.074,73.793,39.994,21.799,9.178
8.01333,246.309,209.564,176.909,110.085,73.828,40.029,21.871,9.183
8.01667,246.403,209.639,176.986,110.204,73.868,39.981,21.877,9.164
8.02000,246.481,209.785,177.044,110.186,73.890,40.091,21.882,9.215
8.02333,246.617,209.851,177.088,110.278,73.889,40.096,21.872,9.221
8.02667,246.732,209.950,177.192,110.302,73.972,40.133,21.830,9.125
8.03000,246.866,210.077,177.280,110.360,74.032,40.114,21.916,9.221
8.03333,246.911,210.107,177.433,110.405,74.051,40.123,21.956,9.174
8.03667,247.078,210.244,177.459,110.543,74.049,40.223,21.988,9.235
8.04000,247.225,210.356,177.572,110.528,74.048,40.149,21.937,9.249
8.04333,247.316,210.411,177.567,110.560,74.071,40.267,22.029,9.288
8.04667,247.424,210.582,177.724,110.611,74.140,40.225,21.923,9.225
8.05000,247.581,210.573,177.742,110.761,74.205,40.220,21.986,9.311
8.05333,247.635,210.774,177.856,110.768,74.209,40.236,22.021,9.196
8.05667,247.829,210.797,177.954,110.738,74.247,40.270,22.000,9.222
8.06000,247.872,210.871,178.038,110.875,74.330,40.308,22.064,9.254
8.06333,248.037,211.021,178.128,110.868,74.321,40.313,21.995,9.256
8.06667,248.030,211.130,178.229,110.981,74.396,40.318,22.042,9.254
8.07000,248.237,211.203,178.276,111.035,74.392,40.327,22.023,9.265
8.07333,248.301,211.330,178.389,111.067,74.443,40.439,22.085,9.214
8.07667,248.428,211.366,178.436,111.048,74.501,40.418,22.089,9.301
8.08000,248.558,211.543,178.543,111.185,74.498,40.431,22.069,9.303
8.08333,248.616,211.595,178.614,111.193,74.521,40.360,22.076,9.288
8.08667,248.774,211.680,178.753,111.236,74.599,40.432,22.045,9.306
8.09000,248.877,211.818,178.780,111.326,74.604,40.524,22.112,9.253
8.09333,249.050,211.937,178.865,111.398,74.674,40.454,22.149,9.276
8.09667,249.106,211.997,178.993,111.435,74.686,40.489,22.126,9.338
8.10000,249.270,212.107,179.017,111.481,74.682,40.564,22.090,9.319
8.10333,249.356,212.164,179.141,111.536,74.734,40.565,22.109,9.345
8.10667,249.498,212.252,179.197,111.514,74.805,40.580,22.113,9.300
8.11000,249.620,212.371,179.246,111.600,74.810,40.631,22.162,9.323
8.11333,249.728,212.512,179.353,111.646,74.835,40.564,22.187,9.372
8.11667,249.814,212.590,179.513,111.706,74.909,40.671,22.174,9.307
8.12000,249.930,212.672,179.559,111.799,74.933,40.606,22.164,9.310
8.12333,250.107,212.799,179.625,111.916,74.923,40.696,22.212,9.320
8.12667,250.180,212.867,179.728,111.934,75.033,40.662,22.202,9.350
8.13000,250.319,212.929,179.746,112.019,75.012,40.659,22.297,9.322
8.13333,250.372,213.072,179.851,111.930,75.080,40.728,22.282,9.346
8.13667,250.497,213.211,179.960,112.142,75.069,40.756,22.279,9.300
8.14000,250.638,213.290,180.045,112.094,75.105,40.756,22.233,9.309
8.14333,250.753,213.334,180.085,112.155,75.106,40.814,22.286,9.374
8.14667,250.868,213.524,180.178,112.156,75.218,40.903,22.221,9.387
8.15000,250.987,213.585,180.288,112.266,75.229,40.841,22.294,9.380
8.15333,251.061,213.689,180.307,112.356,75.252,40.819,22.308,9.345
8.15667,251.167,213.763,180.405,112.386,75.352,40.925,22.237,9.364
8.16000,251.342,213.819,180.556,112.412,75.346,40.847,22.307,9.363
8.16333,251.508,213.971,180.597,112.473,75.335,40.932,22.330,9.333
8.16667,251.569,214.025,180.743,112.514,75.400,40.982,22.322,9.441
8.17000,251.704,214.192,180.848,112.544,75.412,40.926,22.349,9.361
8.17333,251.809,214.266,180.847,112.609,75.504,40.977,22.441,9.382
8.17667,251.849,214.375,180.892,112.619,75.543,40.942,22.413,9.447
8.18000,252.072,214.434,180.978,112.718,75.547,40.972,22.432,9.434
8.18333,252.128,214.560,181.104,112.826,75.570,41.009,22.366,9.370
8.18667,252.269,214.681,181.225,112.876,75.575,41.038,22.420,9.406
8.19000,252.418,214.794,181.294,112.877,75.645,41.019,22.441,9.424
8.19333,252.503,214.854,181.339,112.925,75.632,41.010,22.477,9.405
8.19667,252.609,214.954,181.453,112.992,75.742,41.071,22.464,9.450
8.20000,252.719,215.103,181.584,113.085,75.768,41.057,22.496,9.413
8.20333,252.847,215.177,181.628,113.113,75.771,41.138,22.553,9.454
8.20667,252.975,215.303,181.680,113.183,75.870,41.161,22.486,9.488
8.21000,253.076,215.326,181.843,113.219,75.884,41.154,22.484,9.437
8.21333,253.197,215.437,181.899,113.247,75.977,41.161,22.488,9.479
8.21667,253.324,215.605,182.003,113.387,75.927,41.256,22.549,9.435
8.22000,253.420,215.703,182.087,113.405,75.984,41.291,22.446,9.472
8.22333,253.513,215.802,182.126,113.443,75.978,41.258,22.440,9.494
8.22667,253.645,215.925,182.254,113.446,75.987,41.276,22.542,9.542
8.23000,253.781,215.995,182.227,113.519,76.101,41.267,22.601,9.520
8.23333,253.933,216.032,182.385,113.593,76.132,41.245,22.554,9.405
8.23667,254.017,216.138,182.515,113.648,76.125,41.339,22.517,9.478
8.24000,254.120,216.321,182.527,113.778,76.149,41.378,22.605,9.496
8.24333,254.229,216.416,182.719,113.768,76.204,41.372,22.557,9.541
8.24667,254.381,216.497,182.762,113.825,76.246,41.342,22.624,9.467
8.25000,254.497,216.584,182.820,113.862,76.242,41.364,22.594,9.544
8.25333,254.620,216.711,182.923,113.923,76.357,41.407,22.556,9.508
8.25667,254.684,216.780,182.963,113.945,76.326,41.460,22.637,9.507
8.26000,254.868,216.856,183.057,114.040,76.440,41.518,22.687,9.539
8.26333,254.966,217.004,183.165,114.009,76.427,41.533,22.679,9.536
8.26667,255.030,217.091,183.238,114.116,76.542,41.520,22.662,9.505
8.27000,255.221,217.165,183.380,114.168,76.572,41.554,22.678,9.540
8.27333,255.287,217.294,183.454,114.227,76.558,41.577,22.679,9.582
8.27667,255.422,217.422,183.502,114.392,76.552,41.596,22.719,9.518
8.28000,255.576,217.512,183.560,114.320,76.645,41.514,22.688,9.544
8.28333,255.721,217.594,183.738,114.409,76.532,41.585,22.713,9.550
8.28667,255.789,217.703,183.770,114.466,76.728,41.609,22.744,9.481
8.29000,255.939,217.772,183.775,114.528,76.716,41.675,22.731,9.561
8.29333,256.005,217.945,183.923,114.498,76.761,41.729,22.833,9.605
8.29667,256.125,217.955,183.993,114.625,76.729,41.683,22.743,9.586
8.30000,256.299,218.097,184.092,114.612,76.891,41.698,22.796,9.612
8.30333,256.405,218.303,184.225,114.726,76.838,41.704,22.771,9.568
8.30667,256.544,218.330,184.340,114.806,76.891,41.742,22.761,9.584
8.31000,256.661,218.419,184.400,114.818,76.973,41.789,22.822,9.527
8.31333,256.795,218.555,184.410,114.904,76.948,41.814,22.876,9.599
8.31667,256.865,218.574,184.533,114.924,76.994,41.783,22.908,9.625
8.32000,256.982,218.680,184.622,114.950,77.053,41.886,22.832,9.654
8.32333,257.110,218.920,184.750,115.024,77.138,41.847,22.817,9.613
8.32667,257.240,218.876,184.804,115.104,77.111,41.847,22.869,9.615
8.33000,257.323,219.044,184.879,115.167,77.151,41.890,22.876,9.567
8.33333,257.447,219.186,184.935,115.212,77.128,41.839,22.887,9.656
8.33667,257.544,219.200,185.079,115.291,77.197,41.912,22.856,9.635
8.34000,257.745,219.329,185.148,115.290,77.260,41.950,22.865,9.661
8.34333,257.801,219.460,185.278,115.367,77.335,41.971,22.923,9.655
8.34667,257.979,219.541,185.379,115.453,77.324,42.021,22.957,9.638
8.35000,258.018,219.667,185.432,115.469,77.382,42.037,22.884,9.612
8.35333,258.211,219.735,185.474,115.538,77.439,42.068,22.980,9.641
8.35667,258.341,219.824,185.614,115.584,77.416,42.075,22.969,9.706
8.36000,258.463,219.956,185.612,115.591,77.487,42.050,23.026,9.654
8.36333,258.550,220.034,185.748,115.742,77.493,42.078,22.952,9.688
8.36667,258.674,220.199,185.855,115.744,77.574,42.101,22.993,9.659
8.37000,258.759,220.268,185.964,115.769,77.580,42.166,22.996,9.675
8.37333,258.859,220.369,186.047,115.807,77.675,42.094,22.972,9.672
8.37667,259.017,220.490,186.082,115.945,77.656,42.206,23.055,9.695
8.38000,259.141,220.603,186.192,115.987,77.702,42.206,23.041,9.679
8.38333,259.298,220.754,186.238,115.965,77.702,42.278,23.089,9.708
8.38667,259.359,220.747,186.327,116.069,77.702,42.239,23.043,9.693
8.39000,259.544,220.880,186.390,116.160,77.776,42.256,23.074,9.700
8.39333,259.658,221.036,186.582,116.142,77.785,42.237,23.105,9.724
8.39667,259.712,221.010,186.605,116.204,77.828,42.266,23.091,9.697
8.40000,259.934,221.245,186.745,116.250,77.964,42.346,23.097,9.737
8.40333,259.925,221.291,186.853,116.347,77.984,42.318,23.067,9.778
8.40667,260.127,221.336,186.854,116.432,78.023,42.318,23.202,9.674
8.41000,260.223,221.573,187.016,116.374,77.979,42.377,23.085,9.705
8.41333,260.304,221.669,187.035,116.555,78.065,42.387,23.070,9.759
8.41667,260.448,221.730,187.140,116.633,78.093,42.405,23.149,9.732
8.42000,260.639,221.791,187.246,116.554,78.178,42.417,23.185,9.697
8.42333,260.675,221.955,187.285,116.756,78.231,42.467,23.214,9.683
8.42667,260.865,222.023,187.444,116.682,78.198,42.480,23.176,9.767
8.43000,260.956,222.124,187.513,116.811,78.288,42.441,23.159,9.795
8.43333,261.055,222.244,187.610,116.877,78.261,42.507,23.189,9.787
8.43667,261.226,222.329,187.642,116.888,78.357,42.570,23.252,9.810
8.44000,261.333,222.524,187.799,116.941,78.311,42.536,23.193,9.811
8.44333,261.452,222.473,187.847,117.021,78.418,42.567,23.234,9.753
8.44667,261.535,222.748,187.928,117.114,78.414,42.611,23.275,9.834
8.45000,261.691,222.766,187.987,117.156,78.552,42.597,23.295,9.784
8.45333,261.874,222.902,188.157,117.115,78.484,42.731,23.200,9.830
8.45667,261.862,222.963,188.144,117.261,78.560,42.693,23.289,9.757
8.46000,262.011,223.044,188.333,117.355,78.598,42.674,23.342,9.848
8.46333,262.233,223.189,188.446,117.362,78.622,42.630,23.312,9.763
8.46667,262.323,223.285,188.524,117.405,78.650,42.746,23.227,9.871
8.47000,262.463,223.394,188.616,117.424,78.719,42.738,23.399,9.802
8.47333,262.559,223.479,188.645,117.472,78.702,42.797,23.379,9.847
8.47667,262.684,223.563,188.702,117.494,78.786,42.717,23.367,9.788
8.48000,262.746,223.764,188.826,117.570,78.836,42.854,23.329,9.838
8.48333,262.950,223.801,188.903,117.605,78.897,42.869,23.402,9.886
8.48667,263.052,223.975,188.970,117.687,78.887,42.845,23.426,9.817
8.49000,263.141,224.019,189.115,117.800,78.941,42.842,23.403,9.793
8.49333,263.228,224.152,189.128,117.807,78.951,42.898,23.389,9.891
8.49667,263.429,224.266,189.330,117.943,78.929,42.843,23.437,9.858
8.50000,263.501,224.312,189.387,117.995,79.115,42.947,23.428,9.854
8.50333,263.678,224.448,189.474,117.995,79.111,42.952,23.440,9.917
8.50667,263.774,224.550,189.467,118.008,79.074,42.957,23.471,9.852
8.51000,263.969,224.595,189.645,118.179,79.131,42.953,23.499,9.862
8.51333,264.026,224.705,189.649,118.182,79.197,42.987,23.544,9.909
8.51667,264.198,224.883,189.737,118.266,79.213,43.029,23.496,9.875
8.52000,264.296,224.977,189.884,118.328,79.212,43.063,23.513,9.852
8.52333,264.365,225.031,189.960,118.388,79.282,43.088,23.527,9.852
8.52667,264.491,225.203,190.035,118.407,79.317,43.050,23.582,9.910
8.53000,264.591,225.200,190.189,118.495,79.330,43.096,23.540,9.936
8.53333,264.822,225.444,190.249,118.547,79.378,43.109,23.507,9.893
8.53667,264.907,225.530,190.359,118.552,79.456,43.130,23.620,9.923
8.54000,264.955,225.615,190.431,118.622,79.475,43.113,23.520,9.993
8.54333,265.101,225.727,190.559,118.692,79.542,43.219,23.571,9.927
8.54667,265.241,225.851,190.602,118.740,79.568,43.248,23.596,9.922
8.55000,265.386,225.934,190.734,118.832,79.618,43.260,23.602,9.958
8.55333,265.432,226.080,190.771,118.850,79.584,43.285,23.632,9.954
8.55667,265.565,226.149,190.914,118.937,79.649,43.250,23.655,9.937
8.56000,265.748,226.280,190.923,118.993,79.733,43.214,23.643,9.982
8.56333,265.898,226.299,191.020,118.988,79.738,43.326,23.655,9.967
8.56667,266.019,226.474,191.177,119.086,79.812,43.308,23.651,10.012
8.57000,266.155,226.583,191.291,119.181,79.791,43.367,23.691,10.001
8.57333,266.232,226.669,191.335,119.182,79.881,43.390,23.672,10.025
8.57667,266.359,226.716,191.413,119.316,79.922,43.342,23.651,10.014
8.58000,266.555,226.833,191.525,119.322,79.925,43.380,23.746,9.957
8.58333,266.638,226.944,191.608,119.388,80.055,43.563,23.756,9.989
8.58667,266.639,227.061,191.720,119.383,80.038,43.487,23.766,10.001
8.59000,266.866,227.172,191.732,119.444,80.023,43.455,23.716,9.980
8.59333,266.969,227.344,191.911,119.558,80.094,43.505,23.799,9.983
8.59667,267.122,227.395,191.951,119.572,80.109,43.456,23.815,9.954
8.60000,267.241,227.510,192.042,119.623,80.183,43.483,23.773,10.028
8.60333,267.368,227.614,192.078,119.684,80.221,43.579,23.767,9.989
8.60667,267.555,227.706,192.223,119.743,80.229,43.609,23.818,10.055
8.61000,267.632,227.875,192.303,119.854,80.294,43.617,23.858,10.112
8.61333,267.696,227.908,192.332,119.857,80.308,43.667,23.794,9.970
8.61667,267.840,228.002,192.498,119.966,80.368,43.661,23.819,10.098
8.62000,267.953,228.196,192.539,119.930,80.432,43.697,23.846,10.107
8.62333,268.059,228.259,192.654,120.076,80.407,43.630,23.892,10.103
8.62667,268.204,228.333,192.795,120.086,80.460,43.687,23.834,10.034
8.63000,268.298,228.434,192.764,120.156,80.524,43.781,23.912,10.074
8.63333,268.481,228.636,192.926,120.174,80.467,43.806,23.970,10.116
8.63667,268.624,228.709,193.023,120.238,80.609,43.812,23.904,10.067
8.64000,268.669,228.803,193.123,120.338,80.548,43.709,23.906,10.089
8.64333,268.858,228.946,193.207,120.432,80.670,43.760,23.937,10.071
8.64667,268.986,228.943,193.252,120.472,80.646,43.863,23.879,10.089
8.65000,269.097,229.159,193.384,120.492,80.741,43.898,23.972,10.155
8.65333,269.267,229.217,193.487,120.579,80.683,43.817,23.956,10.081
8.65667,269.321,229.317,193.577,120.612,80.840,43.929,23.943,10.099
8.66000,269.472,229.410,193.688,120.617,80.871,43.901,24.000,10.191
8.66333,269.645,229.540,193.719,120.673,80.900,43.932,23.954,10.132
8.66667,269.688,229.683,193.799,120.772,80.889,43.973,24.026,10.066
8.67000,269.803,229.711,193.928,120.835,81.034,43.947,23.966,10.146
8.67333,269.950,229.840,193.992,120.879,81.010,43.957,24.045,10.120
8.67667,270.056,229.951,194.124,120.971,81.058,44.040,24.047,10.190
8.68000,270.266,230.049,194.219,120.953,81.085,44.120,24.011,10.119
8.68333,270.343,230.216,194.230,121.052,81.154,44.051,24.044,10.146
8.68667,270.422,230.280,194.314,121.089,81.162,44.052,24.059,10.138
8.69000,270.533,230.383,194.476,121.150,81.179,44.071,24.160,10.112
8.69333,270.624,230.488,194.554,121.170,81.203,44.109,24.063,10.152
8.69667,270.864,230.537,194.673,121.211,81.310,44.173,24.085,10.214
8.70000,270.896,230.729,194.699,121.376,81.305,44.148,24.130,10.125
8.70333,271.048,230.762,194.860,121.356,81.350,44.223,24.077,10.190
8.70667,271.156,230.897,194.898,121.488,81.379,44.175,24.134,10.194
8.71000,271.311,231.006,195.000,121.532,81.417,44.309,24.121,10.177
8.71333,271.405,231.103,195.120,121.521,81.522,44.269,24.198,10.200
8.71667,271.551,231.276,195.201,121.643,81.520,44.268,24.164,10.192
8.72000,271.621,231.351,195.314,121.674,81.526,44.261,24.159,10.200
8.72333,271.785,231.476,195.344,121.670,81.531,44.271,24.234,10.198
8.72667,271.950,231.529,195.470,121.792,81.654,44.389,24.202,10.269
8.73000,272.067,231.692,195.534,121.866,81.692,44.359,24.201,10.186
8.73333,272.210,231.779,195.659,121.972,81.664,44.346,24.160,10.155
8.73667,272.306,231.911,195.737,121.957,81.717,44.374,24.302,10.226
8.74000,272.426,231.926,195.874,121.997,81.787,44.442,24.283,10.253
8.74333,272.622,232.146,195.934,122.047,81.805,44.427,24.263,10.239
8.74667,272.695,232.207,196.012,122.179,81.815,44.507,24.370,10.254
8.75000,272.866,232.315,196.097,122.201,81.884,44.461,24.289,10.243
8.75333,272.912,232.453,196.182,122.230,81.967,44.500,24.344,10.223
8.75667,273.062,232.548,196.299,122.285,82.000,44.502,24.318,10.247
8.76000,273.255,232.653,196.410,122.292,81.991,44.561,24.361,10.290
8.76333,273.353,232.668,196.439,122.457,82.062,44.587,24.359,10.221
8.76667,273.455,232.855,196.534,122.468,81.997,44.596,24.330,10.200
8.77000,273.624,232.962,196.630,122.531,82.106,44.585,24.359,10.291
8.77333,273.708,233.042,196.783,122.646,82.165,44.636,24.376,10.269
8.77667,273.854,233.181,196.782,122.598,82.221,44.719,24.375,10.279
8.78000,273.966,233.321,196.969,122.648,82.183,44.671,24.330,10.332
8.78333,274.142,233.350,197.011,122.751,82.238,44.677,24.397,10.332
8.78667,274.237,233.507,197.161,122.871,82.254,44.712,24.415,10.292
8.79000,274.374,233.580,197.234,122.859,82.309,44.767,24.388,10.260
8.79333,274.435,233.735,197.256,122.926,82.334,44.767,24.377,10.326
8.79667,274.588,233.866,197.322,122.973,82.430,44.748,24.492,10.286
8.80000,274.736,233.917,197.470,123.006,82.418,44.846,24.548,10.376
8.80333,274.799,234.085,197.496,123.123,82.476,44.764,24.494,10.320
8.80667,274.954,234.176,197.592,123.125,82.547,44.876,24.517,10.266
8.81000,275.112,234.225,197.655,123.233,82.534,44.874,24.462,10.320
8.81333,275.172,234.319,197.808,123.264,82.596,44.893,24.540,10.374
8.81667,275.294,234.447,197.919,123.276,82.619,44.934,24.570,10.335
8.82000,275.495,234.574,198.002,123.366,82.639,44.903,24.569,10.363
8.82333,275.600,234.674,198.088,123.394,82.627,44.940,24.579,10.354
8.82667,275.717,234.755,198.222,123.520,82.761,44.956,24.577,10.296
8.83000,275.792,234.868,198.251,123.556,82.824,44.979,24.527,10.343
8.83333,275.922,235.037,198.430,123.642,82.799,44.984,24.589,10.372
8.83667,276.071,235.167,198.507,123.643,82.836,45.098,24.578,10.413
8.84000,276.236,235.285,198.504,123.712,82.893,45.028,24.635,10.374
8.84333,276.315,235.295,198.684,123.836,82.970,45.075,24.604,10.382
8.84667,276.452,235.443,198.824,123.813,82.931,45.113,24.590,10.412
8.85000,276.551,235.543,198.786,123.960,82.979,45.179,24.612,10.397
8.85333,276.761,235.662,198.904,124.004,82.999,45.160,24.647,10.370
8.85667,276.807,235.753,198.938,124.002,83.063,45.218,24.636,10.400
8.86000,276.942,235.787,199.068,124.047,83.098,45.168,24.666,10.431
8.86333,277.074,235.916,199.103,124.096,83.123,45.233,24.667,10.473
8.86667,277.160,236.060,199.257,124.243,83.224,45.217,24.661,10.428
8.87000,277.352,236.184,199.342,124.178,83.256,45.272,24.681,10.482
8.87333,277.485,236.291,199.493,124.250,83.287,45.226,24.750,10.459
8.87667,277.597,236.391,199.490,124.368,83.351,45.305,24.712,10.472
8.88000,277.685,236.489,199.671,124.448,83.353,45.356,24.717,10.392
8.88333,277.845,236.611,199.751,124.506,83.386,45.292,24.780,10.435
8.88667,277.990,236.673,199.820,124.512,83.412,45.409,24.794,10.540
8.89000,278.077,236.788,199.896,124.597,83.452,45.298,24.801,10.506
8.89333,278.274,236.905,200.008,124.608,83.463,45.352,24.720,10.474
8.89667,278.274,237.091,200.083,124.665,83.525,45.382,24.776,10.479
8.90000,278.523,237.111,200.184,124.650,83.552,45.526,24.784,10.465
8.90333,278.569,237.228,200.259,124.789,83.564,45.424,24.780,10.505
8.90667,278.711,237.387,200.422,124.827,83.707,45.432,24.801,10.483
8.91000,278.860,237.428,200.408,124.961,83.699,45.442,24.860,10.515
8.91333,278.985,237.579,200.476,124.994,83.736,45.531,24.864,10.499
8.91667,279.092,237.731,200.640,125.036,83.734,45.600,24.887,10.514
8.92000,279.215,237.746,200.709,125.152,83.734,45.506,24.806,10.527
8.92333,279.354,237.902,200.819,125.231,83.869,45.571,24.873,10.469
8.92667,279.491,238.003,200.853,125.217,83.862,45.622,24.995,10.532
8.93000,279.586,238.098,201.001,125.296,83.908,45.583,24.869,10.554
8.93333,279.626,238.215,201.126,125.322,83.896,45.587,24.911,10.584
8.93667,279.811,238.303,201.228,125.355,83.980,45.676,24.945,10.479
8.94000,279.977,238.394,201.254,125.428,84.033,45.646,24.937,10.558
8.94333,280.080,238.582,201.337,125.581,84.137,45.721,24.927,10.507
8.94667,280.238,238.594,201.461,125.536,84.147,45.745,24.937,10.557
8.95000,280.357,238.708,201.510,125.622,84.146,45.715,25.002,10.550
8.95333,280.430,238.862,201.661,125.686,84.147,45.828,25.000,10.616
8.95667,280.536,238.993,201.699,125.711,84.216,45.762,24.995,10.546
8.96000,280.709,239.094,201.818,125.778,84.275,45.811,24.971,10.540
8.96333,280.797,239.158,201.836,125.842,84.276,45.819,25.016,10.574
8.96667,280.913,239.337,201.967,125.838,84.353,45.843,25.073,10.564
8.97000,281.090,239.415,202.030,125.907,84.363,45.798,25.045,10.599
8.97333,281.225,239.423,202.132,125.969,84.408,45.903,25.096,10.597
8.97667,281.364,239.637,202.292,126.070,84.427,45.901,25.054,10.549
8.98000,281.519,239.644,202.359,126.009,84.448,45.901,25.061,10.607
8.98333,281.564,239.876,202.392,126.216,84.526,45.938,25.082,10.621
8.98667,281.712,239.846,202.462,126.241,84.533,45.964,25.085,10.591
8.99000,281.811,240.051,202.604,126.365,84.641,46.005,25.174,10.615
8.99333,281.933,240.114,202.724,126.293,84.593,46.031,25.148,10.593
8.99667,282.068,240.225,202.790,126.343,84.698,46.040,25.159,10.587
9.00000,282.184,240.294,202.953,126.500,84.651,46.033,25.074,10.642
9.00333,282.324,240.440,202.982,126.450,84.751,46.011,25.109,10.598
9.00667,282.479,240.548,203.067,126.530,84.790,46.143,25.162,10.591
9.01000,282.578,240.593,203.154,126.626,84.885,46.119,25.156,10.598
9.01333,282.685,240.765,203.253,126.698,84.797,46.135,25.155,10.633
9.01667,282.778,240.933,203.330,126.722,84.934,46.233,25.216,10.626
9.02000,282.931,240.983,203.416,126.708,84.936,46.182,25.223,10.626
9.02333,282.971,241.093,203.529,126.778,84.908,46.220,25.172,10.674
9.02667,283.174,241.274,203.615,126.901,84.998,46.241,25.240,10.631
9.03000,283.376,241.285,203.662,126.920,85.065,46.184,25.228,10.620
9.03333,283.402,241.391,203.757,127.022,85.099,46.194,25.218,10.636
9.03667,283.503,241.491,203.844,127.099,85.107,46.249,25.284,10.717
9.04000,283.684,241.636,204.021,127.169,85.185,46.270,25.278,10.658
9.04333,283.791,241.752,204.068,127.140,85.259,46.327,25.242,10.697
9.04667,283.976,241.834,204.179,127.208,85.166,46.349,25.299,10.757
9.05000,284.090,241.876,204.138,127.311,85.309,46.379,25.329,10.711
9.05333,284.125,242.060,204.269,127.385,85.324,46.368,25.271,10.646
9.05667,284.386,242.146,204.373,127.335,85.303,46.448,25.286,10.754
9.06000,284.399,242.234,204.473,127.360,85.367,46.383,25.375,10.714
9.06333,284.543,242.367,204.624,127.451,85.391,46.444,25.428,10.761
9.06667,284.670,242.539,204.713,127.560,85.426,46.442,25.372,10.757
9.07000,284.814,242.544,204.726,127.636,85.477,46.442,25.412,10.721
9.07333,284.871,242.686,204.886,127.639,85.578,46.508,25.421,10.698
9.07667,284.988,242.740,204.912,127.716,85.544,46.519,25.381,10.742
9.08000,285.141,242.822,204.986,127.783,85.562,46.517,25.442,10.757
9.08333,285.279,243.054,205.108,127.846,85.661,46.561,25.460,10.726
9.08667,285.383,243.088,205.208,127.868,85.614,46.582,25.466,10.851
9.09000,285.481,243.182,205.309,127.988,85.743,46.603,25.449,10.836
9.09333,285.618,243.318,205.401,128.039,85.796,46.603,25.451,10.834
9.09667,285.780,243.403,205.423,128.069,85.758,46.693,25.452,10.775
9.10000,285.875,243.529,205.570,128.133,85.832,46.672,25.470,10.759
9.10333,285.999,243.631,205.567,128.221,85.888,46.723,25.540,10.734
9.10667,286.148,243.697,205.723,128.212,85.908,46.684,25.470,10.873
9.11000,286.314,243.884,205.861,128.328,85.968,46.817,25.569,10.853
9.11333,286.385,243.906,205.949,128.378,85.962,46.725,25.548,10.758
9.11667,286.485,244.090,206.013,128.375,85.987,46.732,25.572,10.848
9.12000,286.640,244.114,206.097,128.427,86.029,46.747,25.552,10.855
9.12333,286.806,244.185,206.161,128.520,86.096,46.803,25.535,10.872
9.12667,286.895,244.324,206.220,128.583,86.100,46.900,25.517,10.789
9.13000,287.005,244.499,206.348,128.580,86.146,46.808,25.589,10.835
9.13333,287.131,244.597,206.481,128.659,86.237,46.821,25.598,10.850
9.13667,287.256,244.661,206.496,128.762,86.258,46.887,25.567,10.841
9.14000,287.370,244.743,206.625,128.842,86.271,46.868,25.609,10.829
9.14333,287.441,244.874,206.694,128.839,86.343,46.915,25.631,10.833
9.14667,287.665,245.001,206.760,128.887,86.333,47.014,25.633,10.847
9.15000,287.704,245.088,206.873,128.985,86.356,46.967,25.667,10.814
9.15333,287.859,245.197,206.963,129.043,86.409,46.973,25.627,10.908
9.15667,287.880,245.293,207.077,129.030,86.489,46.951,25.720,10.829
9.16000,288.014,245.367,207.166,129.081,86.473,47.033,25.782,10.843
9.16333,288.242,245.511,207.253,129.202,86.585,47.045,25.707,10.803
9.16667,288.339,245.618,207.341,129.244,86.547,47.112,25.721,10.906
9.17000,288.411,245.626,207.400,129.276,86.601,47.054,25.705,10.932
9.17333,288.508,245.804,207.456,129.300,86.620,47.098,25.797,10.918
9.17667,288.659,245.971,207.526,129.432,86.701,47.135,25.759,10.931
9.18000,288.807,246.035,207.709,129.431,86.738,47.170,25.806,10.854
9.18333,288.907,246.134,207.764,129.554,86.747,47.200,25.792,10.924
9.18667,289.106,246.216,207.793,129.554,86.772,47.197,25.789,10.944
9.19000,289.175,246.340,207.961,129.623,86.783,47.197,25.819,10.929
9.19333,289.316,246.480,208.078,129.663,86.890,47.233,25.797,10.893
9.19667,289.422,246.566,208.126,129.727,86.936,47.276,25.817,10.991
9.20000,289.567,246.693,208.205,129.852,86.936,47.354,25.804,10.906
9.20333,289.631,246.731,208.301,129.810,86.897,47.284,25.790,11.019
9.20667,289.799,246.803,208.309,129.913,87.045,47.298,25.811,10.884
9.21000,289.873,246.951,208.400,129.939,87.060,47.350,25.868,11.005
9.21333,290.063,247.061,208.469,130.037,87.070,47.323,25.818,10.918
9.21667,290.187,247.154,208.676,130.114,87.117,47.391,25.907,10.958
9.22000,290.331,247.342,208.700,130.074,87.187,47.415,25.903,10.991
9.22333,290.396,247.367,208.807,130.210,87.167,47.395,25.940,10.967
9.22667,290.516,247.415,208.897,130.255,87.248,47.435,25.920,10.986
9.23000,290.636,247.596,209.035,130.272,87.219,47.415,25.923,11.003
9.23333,290.753,247.721,209.067,130.300,87.284,47.441,25.891,10.977
9.23667,290.833,247.773,209.136,130.414,87.362,47.463,25.950,10.992
9.24000,291.017,247.874,209.227,130.462,87.407,47.522,25.896,11.007
9.24333,291.107,247.934,209.316,130.528,87.437,47.547,25.982,10.983
9.24667,291.166,248.077,209.381,130.585,87.451,47.502,25.928,11.067
9.25000,291.319,248.217,209.438,130.538,87.469,47.572,25.985,11.034
9.25333,291.469,248.254,209.597,130.714,87.597,47.524,26.031,10.986
9.25667,291.606,248.393,209.749,130.685,87.588,47.656,26.009,11.046
9.26000,291.785,248.543,209.759,130.761,87.548,47.647,26.070,10.995
9.26333,291.834,248.597,209.881,130.813,87.653,47.699,26.015,10.978
9.26667,291.982,248.691,209.915,130.889,87.661,47.607,26.018,11.007
9.27000,292.043,248.797,210.031,130.910,87.717,47.666,26.118,11.098
9.27333,292.206,248.852,210.126,130.953,87.728,47.706,26.074,11.040
9.27667,292.313,249.002,210.238,131.052,87.850,47.743,26.045,11.075
9.28000,292.352,249.075,210.266,131.105,87.846,47.764,26.088,11.057
9.28333,292.528,249.184,210.367,131.108,87.935,47.782,26.099,11.024
9.28667,292.637,249.302,210.434,131.153,87.919,47.789,26.101,11.043
9.29000,292.750,249.444,210.537,131.235,87.979,47.852,26.084,11.089
9.29333,292.873,249.502,210.648,131.324,87.996,47.860,26.099,11.042
9.29667,293.007,249.642,210.710,131.283,87.928,47.867,26.078,11.116
9.30000,293.102,249.727,210.726,131.472,87.943,47.990,26.166,11.025
9.30333,293.273,249.768,210.827,131.448,88.106,47.890,26.083,11.099
9.30667,293.357,249.933,210.943,131.569,88.127,47.882,26.244,11.081
9.31000,293.478,249.984,211.045,131.582,88.202,47.911,26.254,11.122
9.31333,293.588,250.109,211.193,131.638,88.197,48.016,26.129,11.122
9.31667,293.702,250.214,211.235,131.634,88.233,47.910,26.224,11.076
9.32000,293.816,250.329,211.315,131.755,88.202,47.999,26.182,11.127
9.32333,293.933,250.453,211.384,131.836,88.237,48.015,26.214,11.065
9.32667,294.072,250.566,211.511,131.874,88.315,47.980,26.198,11.104
9.33000,294.152,250.622,211.585,131.871,88.310,48.055,26.302,11.112
9.33333,294.340,250.736,211.661,131.957,88.441,48.102,26.261,11.112
9.33667,294.336,250.854,211.694,131.921,88.402,48.045,26.225,11.162
9.34000,294.493,250.913,211.775,132.060,88.487,48.103,26.284,11.143
9.34333,294.581,251.027,211.864,132.167,88.472,48.072,26.306,11.068
9.34667,294.796,251.113,211.922,132.162,88.504,48.090,26.318,11.157
9.35000,294.883,251.255,212.062,132.214,88.577,48.153,26.359,11.149
9.35333,295.005,251.334,212.118,132.292,88.602,48.167,26.332,11.185
9.35667,295.103,251.461,212.175,132.321,88.720,48.199,26.299,11.150
9.36000,295.244,251.526,212.298,132.329,88.769,48.192,26.321,11.181
9.36333,295.321,251.581,212.424,132.453,88.711,48.275,26.365,11.176
9.36667,295.450,251.757,212.465,132.504,88.777,48.301,26.323,11.180
9.37000,295.580,251.854,212.571,132.491,88.780,48.275,26.416,11.200
9.37333,295.623,251.888,212.660,132.552,88.804,48.329,26.401,11.242
9.37667,295.843,251.993,212.723,132.640,88.907,48.292,26.427,11.176
9.38000,295.916,252.140,212.822,132.683,88.874,48.371,26.366,11.144
9.38333,296.006,252.198,212.843,132.755,88.926,48.403,26.464,11.192
9.38667,296.164,252.235,213.079,132.762,88.970,48.418,26.383,11.166
9.39000,296.206,252.412,213.030,132.803,88.960,48.382,26.397,11.129
9.39333,296.376,252.489,213.163,132.852,89.090,48.457,26.393,11.123
9.39667,296.497,252.626,213.264,132.939,88.988,48.451,26.449,11.225
9.40000,296.644,252.701,213.286,132.924,89.026,48.426,26.472,11.245
9.40333,296.747,252.773,213.379,133.050,89.121,48.495,26.451,11.205
9.40667,296.834,252.895,213.454,133.099,89.167,48.449,26.450,11.254
9.41000,296.993,253.007,213.545,133.169,89.278,48.512,26.436,11.271
9.41333,297.075,253.092,213.623,133.195,89.238,48.500,26.526,11.260
9.41667,297.120,253.139,213.731,133.232,89.299,48.572,26.496,11.264
9.42000,297.314,253.234,213.852,133.368,89.264,48.579,26.490,11.290
9.42333,297.429,253.400,213.942,133.348,89.334,48.593,26.514,11.245
9.42667,297.571,253.469,214.058,133.413,89.372,48.629,26.570,11.230
9.43000,297.650,253.605,214.046,133.428,89.406,48.626,26.549,11.315
9.43333,297.732,253.683,214.142,133.555,89.416,48.682,26.484,11.210
9.43667,297.854,253.791,214.223,133.610,89.482,48.638,26.563,11.259
9.44000,297.955,253.851,214.351,133.614,89.490,48.753,26.552,11.285
9.44333,298.024,254.021,214.356,133.656,89.559,48.713,26.614,11.280
9.44667,298.222,254.080,214.448,133.717,89.608,48.755,26.578,11.266
9.45000,298.256,254.229,214.556,133.745,89.577,48.748,26.627,11.302
9.45333,298.449,254.256,214.632,133.833,89.641,48.713,26.573,11.350
9.45667,298.541,254.317,214.674,133.852,89.670,48.791,26.640,11.319
9.46000,298.647,254.433,214.847,133.984,89.778,48.866,26.697,11.346
9.46333,298.748,254.521,214.915,133.982,89.721,48.789,26.678,11.286
9.46667,298.864,254.670,214.992,134.069,89.802,48.860,26.675,11.292
9.47000,299.003,254.806,215.044,134.058,89.874,48.901,26.653,11.260
9.47333,299.153,254.856,215.101,134.131,89.863,48.921,26.668,11.257
9.47667,299.219,255.011,215.181,134.127,89.866,48.850,26.692,11.298
9.48000,299.354,255.051,215.274,134.269,89.909,48.945,26.702,11.341
9.48333,299.488,255.152,215.393,134.299,89.963,48.921,26.780,11.371
9.48667,299.557,255.233,215.381,134.307,89.981,48.919,26.812,11.325
9.49000,299.677,255.386,215.525,134.457,90.025,48.999,26.713,11.407
9.49333,299.766,255.389,215.650,134.477,90.053,48.953,26.813,11.361
9.49667,299.903,255.520,215.642,134.527,90.104,48.987,26.731,11.313
9.50000,300.008,255.591,215.806,134.608,90.100,49.020,26.814,11.304
9.50333,300.100,255.753,215.818,134.590,90.186,49.036,26.834,11.362
9.50667,300.180,255.784,215.941,134.603,90.143,49.035,26.798,11.357
9.51000,300.316,255.884,216.051,134.677,90.264,49.041,26.861,11.370
9.51333,300.375,255.979,216.050,134.775,90.257,49.065,26.808,11.376
9.51667,300.602,256.073,216.253,134.803,90.289,49.106,26.823,11.417
9.52000,300.711,256.221,216.278,134.863,90.338,49.192,26.770,11.376
9.52333,300.770,256.351,216.376,134.889,90.375,49.159,26.849,11.404
9.52667,300.872,256.430,216.394,134.967,90.371,49.133,26.876,11.453
9.53000,300.968,256.515,216.504,135.063,90.372,49.183,26.870,11.351
9.53333,301.067,256.527,216.592,135.033,90.555,49.242,26.851,11.396
9.53667,301.234,256.610,216.609,135.031,90.510,49.205,26.932,11.395
9.54000,301.327,256.720,216.649,135.127,90.595,49.280,26.921,11.425
9.54333,301.389,256.829,216.797,135.209,90.552,49.237,26.921,11.430
9.54667,301.571,256.968,216.899,135.187,90.561,49.311,26.939,11.415
9.55000,301.615,256.993,216.992,135.287,90.613,49.273,26.849,11.447
9.55333,301.768,257.131,217.018,135.401,90.659,49.371,26.931,11.440
9.55667,301.817,257.167,217.178,135.347,90.669,49.310,26.959,11.424
9.56000,301.968,257.267,217.234,135.408,90.708,49.424,26.959,11.425
9.56333,302.084,257.357,217.369,135.512,90.743,49.370,26.994,11.413
9.56667,302.119,257.514,217.339,135.518,90.848,49.405,26.985,11.481
9.57000,302.240,257.594,217.408,135.530,90.814,49.389,26.896,11.430
9.57333,302.464,257.666,217.524,135.553,90.906,49.422,26.989,11.475
9.57667,302.469,257.804,217.597,135.692,90.847,49.407,27.005,11.437
9.58000,302.687,257.825,217.746,135.697,90.894,49.427,27.072,11.452
9.58333,302.744,257.938,217.757,135.811,90.956,49.528,27.063,11.468
9.58667,302.806,258.066,217.852,135.807,90.958,49.488,27.000,11.563
9.59000,302.946,258.196,217.908,135.926,91.058,49.527,27.093,11.420
9.59333,303.033,258.282,217.987,135.952,91.058,49.516,27.064,11.410
9.59667,303.143,258.359,218.102,135.953,91.071,49.523,27.081,11.491
9.60000,303.212,258.367,218.127,135.952,91.128,49.512,27.015,11.485
9.60333,303.377,258.507,218.277,136.137,91.165,49.551,27.067,11.503
9.60667,303.494,258.602,218.328,136.114,91.184,49.522,27.118,11.487
9.61000,303.517,258.734,218.389,136.123,91.209,49.599,27.098,11.497
9.61333,303.650,258.777,218.425,136.277,91.289,49.611,27.140,11.510
9.61667,303.781,258.920,218.527,136.283,91.278,49.620,27.078,11.447
9.62000,303.821,259.045,218.658,136.349,91.322,49.717,27.091,11.534
9.62333,304.012,259.043,218.654,136.375,91.409,49.659,27.178,11.520
9.62667,304.118,259.203,218.761,136.433,91.469,49.716,27.182,11.559
9.63000,304.249,259.204,218.880,136.355,91.363,49.758,27.154,11.507
9.63333,304.315,259.299,218.883,136.522,91.487,49.758,27.129,11.484
9.63667,304.398,259.401,218.960,136.567,91.515,49.755,27.254,11.502
9.64000,304.513,259.496,219.086,136.622,91.507,49.780,27.214,11.543
9.64333,304.657,259.512,219.134,136.648,91.477,49.815,27.201,11.541
9.64667,304.728,259.748,219.198,136.612,91.512,49.902,27.186,11.487
9.65000,304.834,259.833,219.279,136.768,91.583,49.865,27.208,11.508
9.65333,304.886,259.775,219.369,136.780,91.675,49.901,27.290,11.546
9.65667,305.053,259.915,219.423,136.857,91.597,49.871,27.239,11.571
9.66000,305.128,260.063,219.471,136.908,91.686,49.812,27.258,11.577
9.66333,305.252,260.208,219.610,136.978,91.734,49.957,27.283,11.533
9.66667,305.426,260.171,219.709,137.003,91.749,49.941,27.242,11.567
9.67000,305.539,260.347,219.746,137.040,91.799,49.959,27.253,11.604
9.67333,305.588,260.417,219.859,137.044,91.837,49.919,27.194,11.592
9.67667,305.667,260.518,219.892,137.128,91.848,49.966,27.324,11.543
9.68000,305.772,260.542,219.983,137.152,91.808,49.990,27.317,11.484
9.68333,305.874,260.663,220.038,137.298,91.922,50.012,27.292,11.606
9.68667,305.948,260.763,220.195,137.320,91.894,49.992,27.349,11.605
9.69000,306.060,260.831,220.162,137.301,91.997,50.062,27.251,11.618
9.69333,306.200,260.962,220.248,137.353,92.007,50.026,27.367,11.638
9.69667,306.372,260.972,220.455,137.493,92.023,50.118,27.388,11.619
9.70000,306.438,261.124,220.409,137.530,92.038,50.115,27.378,11.638
9.70333,306.456,261.237,220.543,137.513,92.111,50.046,27.345,11.617
9.70667,306.541,261.296,220.557,137.550,92.164,50.071,27.423,11.640
9.71000,306.710,261.420,220.624,137.604,92.166,50.175,27.426,11.602
9.71333,306.795,261.450,220.775,137.623,92.214,50.100,27.352,11.621
9.71667,306.905,261.544,220.780,137.710,92.232,50.188,27.416,11.653
9.72000,307.077,261.603,220.815,137.774,92.306,50.226,27.433,11.652
9.72333,307.149,261.760,220.940,137.760,92.281,50.232,27.425,11.655
9.72667,307.246,261.812,220.937,137.814,92.298,50.265,27.464,11.709
9.73000,307.369,261.879,221.121,137.892,92.306,50.269,27.438,11.659
9.73333,307.375,262.004,221.131,137.942,92.342,50.151,27.397,11.653
9.73667,307.526,262.080,221.208,137.853,92.426,50.288,27.440,11.718
9.74000,307.633,262.210,221.272,138.009,92.478,50.324,27.446,11.682
9.74333,307.754,262.245,221.362,138.055,92.425,50.336,27.465,11.682
9.74667,307.830,262.305,221.449,138.060,92.531,50.391,27.434,11.659
9.75000,307.899,262.411,221.561,138.126,92.463,50.324,27.531,11.721
9.75333,308.034,262.488,221.600,138.162,92.541,50.451,27.534,11.657
9.75667,308.092,262.582,221.632,138.295,92.565,50.380,27.578,11.793
9.76000,308.237,262.621,221.735,138.254,92.638,50.326,27.534,11.700
9.76333,308.385,262.805,221.776,138.328,92.615,50.427,27.576,11.639
9.76667,308.450,262.831,221.946,138.369,92.685,50.342,27.582,11.695
9.77000,308.511,262.983,221.927,138.397,92.736,50.423,27.514,11.672
9.77333,308.595,262.964,222.079,138.431,92.763,50.482,27.533,11.642
9.77667,308.693,263.152,222.063,138.485,92.746,50.418,27.550,11.707
9.78000,308.762,263.192,222.078,138.585,92.827,50.546,27.564,11.695
9.78333,308.943,263.248,222.222,138.577,92.811,50.495,27.629,11.762
9.78667,308.996,263.279,222.302,138.671,92.932,50.550,27.639,11.619
9.79000,309.090,263.451,222.401,138.710,92.899,50.577,27.637,11.715
9.79333,309.164,263.490,222.459,138.724,92.942,50.584,27.639,11.713
9.79667,309.354,263.635,222.564,138.748,92.954,50.540,27.660,11.767
9.80000,309.349,263.766,222.597,138.852,92.973,50.631,27.646,11.753
9.80333,309.558,263.787,222.623,138.826,93.068,50.574,27.646,11.702
9.80667,309.566,263.845,222.711,138.900,93.040,50.597,27.678,11.757
9.81000,309.695,263.978,222.840,138.976,93.052,50.653,27.669,11.794
9.81333,309.760,264.004,222.835,138.977,93.059,50.669,27.726,11.755
9.81667,309.901,264.065,222.976,139.073,93.109,50.624,27.677,11.699
9.82000,309.898,264.210,223.012,139.106,93.099,50.722,27.760,11.831
9.82333,310.063,264.290,223.150,139.127,93.187,50.675,27.768,11.759
9.82667,310.160,264.379,223.189,139.222,93.222,50.749,27.658,11.786
9.83000,310.240,264.407,223.255,139.262,93.141,50.744,27.709,11.781
9.83333,310.362,264.496,223.313,139.233,93.336,50.728,27.805,11.787
9.83667,310.478,264.656,223.403,139.255,93.313,50.770,27.695,11.789
9.84000,310.566,264.654,223.442,139.369,93.329,50.801,27.744,11.859
9.84333,310.671,264.805,223.477,139.408,93.370,50.857,27.672,11.765
9.84667,310.788,264.839,223.571,139.482,93.303,50.884,27.731,11.734
9.85000,310.803,264.982,223.637,139.454,93.474,50.908,27.747,11.850
9.85333,310.896,265.044,223.638,139.526,93.466,50.964,27.819,11.842
9.85667,310.981,265.067,223.707,139.606,93.480,50.883,27.832,11.875
9.86000,311.131,265.213,223.833,139.602,93.536,50.886,27.816,11.789
9.86333,311.215,265.256,223.887,139.686,93.565,50.898,27.799,11.816
9.86667,311.347,265.360,223.970,139.719,93.581,50.858,27.780,11.804
9.87000,311.480,265.399,224.001,139.730,93.572,50.943,27.801,11.819
9.87333,311.498,265.499,224.158,139.758,93.613,50.965,27.798,11.809
9.87667,311.650,265.525,224.190,139.801,93.671,50.977,27.873,11.816
9.88000,311.604,265.635,224.227,139.846,93.718,50.996,27.851,11.819
9.88333,311.771,265.694,224.300,139.894,93.641,50.958,27.879,11.880
9.88667,311.858,265.792,224.445,139.984,93.761,50.954,27.838,11.823
9.89000,311.967,265.882,224.463,139.950,93.720,51.150,27.890,11.845
9.89333,312.153,265.987,224.493,140.053,93.794,51.064,27.824,11.853
9.89667,312.162,265.986,224.583,140.038,93.826,51.047,27.930,11.908
9.90000,312.257,266.153,224.602,140.155,93.866,51.096,27.905,11.856
9.90333,312.377,266.196,224.706,140.196,93.885,51.098,27.920,11.859
9.90667,312.453,266.234,224.787,140.120,93.945,51.151,27.822,11.846
9.91000,312.484,266.363,224.858,140.289,93.941,51.089,27.934,11.850
9.91333,312.592,266.459,224.880,140.338,93.969,51.160,27.917,11.936
9.91667,312.678,266.496,224.994,140.374,93.939,51.190,27.942,11.819
9.92000,312.788,266.629,225.007,140.334,93.987,51.196,27.930,11.903
9.92333,312.870,266.669,225.146,140.489,93.995,51.148,27.991,11.915
9.92667,312.949,266.805,225.171,140.423,94.031,51.235,27.968,11.838
9.93000,313.057,266.884,225.244,140.463,94.094,51.249,27.989,11.924
9.93333,313.153,266.973,225.239,140.516,94.124,51.216,28.018,11.848
9.93667,313.278,266.926,225.465,140.574,94.266,51.258,27.924,11.849
9.94000,313.371,267.128,225.421,140.575,94.156,51.281,27.956,11.913
9.94333,313.535,267.168,225.554,140.604,94.228,51.325,27.940,11.926
9.94667,313.517,267.274,225.561,140.686,94.284,51.228,28.002,11.871
9.95000,313.635,267.280,225.672,140.813,94.247,51.338,28.069,11.935
9.95333,313.727,267.358,225.722,140.723,94.269,51.396,28.061,11.960
9.95667,313.786,267.483,225.820,140.818,94.374,51.389,28.098,11.937
9.96000,313.923,267.472,225.861,140.899,94.260,51.391,28.019,11.896
9.96333,313.977,267.592,225.863,140.931,94.418,51.271,28.032,11.952
9.96667,314.065,267.716,226.035,140.991,94.340,51.440,28.079,11.916
9.97000,314.146,267.774,226.011,140.960,94.465,51.349,28.081,11.936
9.97333,314.237,267.816,226.090,141.000,94.474,51.450,28.086,12.007
9.97667,314.345,267.921,226.166,141.035,94.491,51.422,28.126,11.922
9.98000,314.335,267.942,226.192,141.126,94.478,51.502,28.115,11.997
9.98333,314.490,268.084,226.318,141.167,94.547,51.490,28.037,11.914
9.98667,314.620,268.087,226.351,141.193,94.540,51.419,28.031,11.947
9.99000,314.685,268.170,226.359,141.287,94.627,51.401,28.159,11.950
9.99333,314.685,268.310,226.483,141.222,94.568,51.491,28.138,11.929
9.99667,314.817,268.383,226.519,141.339,94.649,51.546,28.132,11.902
10.00000,314.886,268.472,226.616,141.356,94.663,51.556,28.160,11.946
10.00333,315.040,268.466,226.618,141.348,94.695,51.529,28.135,11.979
10.00667,315.130,268.588,226.752,141.442,94.746,51.569,28.171,11.941
10.01000,315.159,268.705,226.782,141.532,94.755,51.543,28.134,11.986
10.01333,315.275,268.756,226.886,141.501,94.806,51.595,28.155,11.915
10.01667,315.408,268.786,226.927,141.505,94.790,51.648,28.211,11.963
10.02000,315.473,268.900,227.024,141.604,94.818,51.578,28.233,11.929
10.02333,315.557,268.977,226.978,141.706,94.838,51.675,28.231,12.011
10.02667,315.624,269.070,227.164,141.661,94.871,51.739,28.207,12.000
10.03000,315.771,269.154,227.255,141.713,94.916,51.637,28.230,12.030
10.03333,315.818,269.138,227.170,141.756,94.920,51.661,28.235,12.035
10.03667,315.943,269.250,227.323,141.743,94.961,51.730,28.260,12.054
10.04000,315.933,269.350,227.408,141.794,94.966,51.746,28.288,12.018
10.04333,316.066,269.400,227.429,141.901,94.971,51.737,28.285,12.014
10.04667,316.113,269.513,227.467,141.883,95.034,51.746,28.233,11.996
10.05000,316.222,269.555,227.548,141.949,95.050,51.744,28.222,12.036
10.05333,316.290,269.676,227.583,142.038,95.118,51.718,28.252,12.081
10.05667,316.364,269.645,227.599,141.950,95.148,51.736,28.261,12.037
10.06000,316.426,269.786,227.747,142.078,95.118,51.803,28.351,12.043
10.06333,316.555,269.884,227.736,142.093,95.215,51.844,28.296,12.028
10.06667,316.649,269.917,227.865,142.112,95.155,51.804,28.256,11.958
10.07000,316.669,269.943,227.932,142.221,95.167,51.856,28.307,12.064
10.07333,316.786,269.993,228.037,142.176,95.250,51.897,28.312,12.058
10.07667,316.890,270.124,228.041,142.267,95.260,51.817,28.314,12.002
10.08000,317.025,270.224,228.134,142.272,95.247,51.856,28.419,12.059
10.08333,317.102,270.299,228.173,142.274,95.288,51.923,28.357,12.007
10.08667,317.133,270.312,228.167,142.420,95.387,51.906,28.410,12.025
10.09000,317.206,270.360,228.263,142.421,95.408,51.901,28.347,12.039
10.09333,317.329,270.426,228.340,142.419,95.409,51.923,28.312,12.027
10.09667,317.359,270.544,228.376,142.445,95.429,51.981,28.375,12.043
10.10000,317.487,270.708,228.438,142.540,95.486,51.916,28.364,12.064
10.10333,317.587,270.683,228.497,142.569,95.485,51.978,28.396,12.082
10.10667,317.701,270.780,228.571,142.529,95.553,52.016,28.307,12.119
10.11000,317.694,270.876,228.627,142.595,95.459,52.062,28.369,12.052
10.11333,317.779,270.864,228.643,142.697,95.503,52.014,28.429,12.140
10.11667,317.840,270.975,228.745,142.725,95.516,52.023,28.464,12.061
10.12000,317.914,271.044,228.724,142.670,95.560,52.060,28.388,12.128
10.12333,318.097,271.121,228.801,142.724,95.611,52.095,28.416,12.096
10.12667,318.094,271.171,228.940,142.778,95.656,52.030,28.462,12.100
10.13000,318.201,271.256,228.978,142.851,95.683,52.113,28.488,12.097
10.13333,318.275,271.295,228.988,142.877,95.771,52.101,28.421,12.127
10.13667,318.315,271.373,229.094,142.931,95.670,52.152,28.474,12.095
10.14000,318.471,271.431,229.148,142.960,95.761,52.116,28.565,12.113
10.14333,318.486,271.548,229.175,142.978,95.753,52.162,28.508,12.128
10.14667,318.638,271.493,229.279,142.992,95.887,52.070,28.489,12.046
10.15000,318.693,271.635,229.382,143.029,95.798,52.123,28.489,12.154
10.15333,318.753,271.778,229.408,143.046,95.806,52.172,28.528,12.119
10.15667,318.868,271.784,229.473,143.069,95.836,52.208,28.543,12.108
10.16000,318.962,271.876,229.456,143.195,95.848,52.211,28.544,12.153
10.16333,319.040,271.912,229.567,143.219,95.862,52.164,28.552,12.090
10.16667,319.143,271.979,229.539,143.275,95.971,52.227,28.527,12.144
10.17000,319.170,272.103,229.733,143.229,95.961,52.289,28.534,12.180
10.17333,319.237,272.084,229.745,143.314,95.977,52.285,28.590,12.122
10.17667,319.261,272.191,229.767,143.370,96.012,52.297,28.514,12.157
10.18000,319.344,272.280,229.931,143.394,96.048,52.273,28.632,12.184
10.18333,319.465,272.410,229.837,143.430,96.042,52.299,28.610,12.106
10.18667,319.536,272.444,229.976,143.549,96.024,52.323,28.540,12.091
10.19000,319.599,272.444,230.003,143.488,96.163,52.274,28.565,12.167
10.19333,319.674,272.541,230.068,143.558,96.083,52.316,28.574,12.196
10.19667,319.748,272.579,230.111,143.585,96.086,52.298,28.620,12.195
10.20000,319.865,272.664,230.137,143.612,96.196,52.345,28.597,12.159
10.20333,319.920,272.736,230.273,143.594,96.267,52.399,28.559,12.226
10.20667,320.034,272.847,230.247,143.681,96.205,52.420,28.617,12.147
10.21000,320.099,272.870,230.370,143.746,96.212,52.410,28.768,12.144
10.21333,320.214,272.913,230.467,143.739,96.255,52.424,28.641,12.122
10.21667,320.248,273.049,230.442,143.818,96.302,52.413,28.568,12.153
10.22000,320.386,273.106,230.482,143.740,96.372,52.415,28.703,12.206
10.22333,320.384,273.111,230.573,143.779,96.293,52.479,28.635,12.168
10.22667,320.549,273.204,230.569,143.841,96.372,52.399,28.675,12.227
10.23000,320.564,273.230,230.684,143.897,96.393,52.387,28.623,12.189
10.23333,320.592,273.323,230.747,143.896,96.405,52.501,28.658,12.203
10.23667,320.656,273.436,230.803,144.003,96.383,52.471,28.700,12.194
10.24000,320.771,273.454,230.904,143.998,96.434,52.502,28.667,12.232
10.24333,320.779,273.585,230.928,144.067,96.470,52.582,28.680,12.130
10.24667,320.940,273.570,230.979,144.023,96.474,52.530,28.699,12.174
10.25000,320.907,273.645,231.040,144.092,96.553,52.577,28.680,12.243
10.25333,321.058,273.677,231.080,144.205,96.573,52.551,28.668,12.254
10.25667,321.183,273.751,231.063,144.212,96.602,52.567,28.760,12.243
10.26000,321.211,273.912,231.109,144.207,96.567,52.593,28.783,12.161
10.26333,321.268,273.942,231.147,144.169,96.587,52.656,28.719,12.284
10.26667,321.347,273.965,231.285,144.255,96.564,52.635,28.753,12.196
10.27000,321.431,274.001,231.366,144.355,96.715,52.676,28.742,12.266
10.27333,321.526,274.125,231.350,144.343,96.677,52.657,28.774,12.248
10.27667,321.563,274.046,231.450,144.307,96.672,52.613,28.719,12.287
10.28000,321.638,274.255,231.497,144.376,96.695,52.696,28.751,12.272
10.28333,321.612,274.294,231.486,144.420,96.706,52.707,28.737,12.175
10.28667,321.840,274.338,231.550,144.543,96.757,52.686,28.704,12.277
10.29000,321.828,274.317,231.622,144.476,96.772,52.726,28.766,12.214
10.29333,321.993,274.445,231.679,144.563,96.784,52.660,28.812,12.202
10.29667,322.018,274.522,231.729,144.599,96.774,52.724,28.802,12.270
10.30000,322.074,274.608,231.847,144.647,96.813,52.794,28.799,12.243
10.30333,322.145,274.691,231.844,144.611,96.836,52.743,28.819,12.248
10.30667,322.231,274.662,231.897,144.638,96.867,52.791,28.726,12.239
10.31000,322.284,274.758,231.917,144.729,96.961,52.892,28.775,12.225
10.31333,322.318,274.759,232.003,144.747,96.953,52.826,28.812,12.271
10.31667,322.445,274.865,231.979,144.712,96.910,52.787,28.832,12.184
10.32000,322.478,274.948,232.083,144.786,97.014,52.837,28.806,12.211
10.32333,322.558,274.955,232.137,144.931,97.027,52.786,28.857,12.254
10.32667,322.645,275.049,232.219,144.895,97.010,52.803,28.849,12.283
10.33000,322.767,275.085,232.254,144.945,97.018,52.806,28.840,12.208
10.33333,322.743,275.151,232.288,144.873,97.054,52.859,28.933,12.301
10.33667,322.838,275.220,232.321,144.955,97.068,52.872,28.874,12.289
10.34000,322.919,275.323,232.415,144.939,97.128,52.824,28.845,12.348
10.34333,322.971,275.374,232.482,145.076,97.132,52.902,28.877,12.339
10.34667,323.119,275.430,232.541,145.119,97.099,52.954,28.937,12.314
10.35000,323.155,275.479,232.549,145.057,97.181,52.947,28.862,12.275
10.35333,323.262,275.533,232.617,145.149,97.142,52.935,28.929,12.299
10.35667,323.301,275.568,232.665,145.157,97.226,52.973,28.954,12.370
10.36000,323.359,275.649,232.769,145.152,97.213,52.939,28.891,12.302
10.36333,323.349,275.696,232.720,145.198,97.317,52.976,28.965,12.311
10.36667,323.449,275.755,232.829,145.280,97.260,53.006,28.940,12.320
10.37000,323.584,275.860,232.801,145.228,97.280,52.964,28.968,12.356
10.37333,323.536,275.881,232.869,145.343,97.325,53.047,28.907,12.261
10.37667,323.655,275.953,232.960,145.297,97.364,52.985,28.957,12.262
10.38000,323.758,276.062,232.933,145.302,97.317,52.911,28.946,12.341
10.38333,323.878,276.008,233.013,145.349,97.377,53.021,28.966,12.351
10.38667,323.923,276.109,233.042,145.395,97.359,53.010,29.070,12.319
10.39000,323.968,276.127,233.124,145.447,97.414,53.056,28.910,12.357
10.39333,324.007,276.274,233.233,145.477,97.423,53.073,28.989,12.358
10.39667,324.113,276.290,233.229,145.479,97.383,53.024,29.025,12.345
10.40000,324.136,276.355,233.331,145.520,97.493,53.143,28.974,12.390
10.40333,324.230,276.358,233.310,145.583,97.500,53.117,28.999,12.348
10.40667,324.272,276.500,233.344,145.639,97.545,53.098,28.992,12.330
10.41000,324.390,276.486,233.433,145.648,97.525,53.092,29.003,12.325
10.41333,324.402,276.700,233.486,145.694,97.478,53.061,29.013,12.339
10.41667,324.474,276.668,233.563,145.729,97.530,53.092,29.015,12.398
10.42000,324.513,276.692,233.618,145.719,97.585,53.166,28.986,12.304
10.42333,324.607,276.753,233.663,145.780,97.625,53.136,28.950,12.359
10.42667,324.636,276.778,233.659,145.736,97.617,53.173,29.022,12.392
10.43000,324.772,276.809,233.739,145.822,97.657,53.166,29.062,12.349
10.43333,324.832,276.956,233.714,145.820,97.670,53.198,29.111,12.348
10.43667,324.853,277.008,233.784,145.947,97.698,53.243,29.057,12.379
10.44000,324.921,277.027,233.843,145.912,97.665,53.200,29.065,12.389
10.44333,324.983,277.054,233.849,145.950,97.759,53.249,29.153,12.329
10.44667,325.110,277.184,233.948,145.973,97.766,53.209,29.094,12.365
10.45000,325.101,277.183,234.028,146.011,97.755,53.247,29.065,12.394
10.45333,325.120,277.210,234.021,146.014,97.808,53.235,29.053,12.407
10.45667,325.123,277.288,234.146,146.071,97.776,53.213,29.056,12.331
10.46000,325.303,277.356,234.113,146.083,97.834,53.299,29.074,12.413
10.46333,325.392,277.400,234.212,146.108,97.858,53.301,29.071,12.367
10.46667,325.472,277.548,234.302,146.137,97.861,53.303,29.171,12.429
10.47000,325.492,277.507,234.326,146.167,97.910,53.303,29.118,12.397
10.47333,325.535,277.574,234.407,146.198,97.904,53.363,29.128,12.376
10.47667,325.609,277.666,234.331,146.243,97.912,53.306,29.164,12.426
10.48000,325.706,277.679,234.438,146.270,97.993,53.434,29.090,12.427
10.48333,325.766,277.750,234.410,146.309,97.911,53.303,29.123,12.366
10.48667,325.852,277.818,234.483,146.340,97.964,53.336,29.156,12.462
10.49000,325.905,277.873,234.517,146.335,97.960,53.374,29.116,12.408
10.49333,325.934,277.941,234.597,146.355,98.033,53.385,29.112,12.428
10.49667,325.989,277.958,234.659,146.409,98.012,53.363,29.130,12.399
10.50000,326.117,277.978,234.682,146.419,98.062,53.402,29.119,12.368
10.50333,326.135,277.984,234.724,146.474,98.060,53.435,29.155,12.414
10.50667,326.157,278.088,234.731,146.518,98.037,53.439,29.180,12.387
10.51000,326.277,278.165,234.831,146.511,98.106,53.475,29.232,12.396
10.51333,326.293,278.227,234.845,146.531,98.141,53.484,29.210,12.408
10.51667,326.385,278.297,234.879,146.609,98.198,53.425,29.194,12.426
10.52000,326.483,278.303,234.978,146.586,98.208,53.475,29.247,12.429
10.52333,326.488,278.405,234.948,146.629,98.129,53.479,29.205,12.423
10.52667,326.601,278.421,235.043,146.596,98.248,53.466,29.182,12.462
10.53000,326.600,278.488,235.085,146.698,98.227,53.534,29.211,12.418
10.53333,326.609,278.494,235.180,146.720,98.217,53.542,29.115,12.477
10.53667,326.773,278.610,235.142,146.727,98.297,53.505,29.242,12.498
10.54000,326.782,278.609,235.188,146.783,98.217,53.526,29.281,12.463
10.54333,326.848,278.686,235.187,146.794,98.235,53.523,29.216,12.379
10.54667,326.903,278.743,235.284,146.848,98.336,53.574,29.287,12.401
10.55000,326.966,278.805,235.381,146.865,98.382,53.543,29.225,12.472
10.55333,327.071,278.804,235.383,146.857,98.339,53.559,29.253,12.511
10.55667,327.049,278.887,235.383,146.885,98.335,53.530,29.270,12.434
10.56000,327.107,278.918,235.416,146.896,98.411,53.582,29.287,12.496
10.56333,327.185,278.924,235.549,146.971,98.418,53.626,29.220,12.463
10.56667,327.234,278.992,235.486,146.970,98.400,53.615,29.255,12.449
10.57000,327.283,279.138,235.620,147.017,98.386,53.571,29.322,12.393
10.57333,327.444,279.130,235.628,147.040,98.492,53.600,29.283,12.454
10.57667,327.445,279.195,235.716,146.972,98.445,53.627,29.254,12.510
10.58000,327.504,279.192,235.646,147.059,98.526,53.604,29.300,12.478
10.58333,327.550,279.290,235.736,147.104,98.484,53.633,29.348,12.511
10.58667,327.660,279.322,235.836,147.077,98.532,53.686,29.349,12.437
10.59000,327.620,279.360,235.826,147.169,98.565,53.641,29.292,12.484
10.59333,327.715,279.403,235.925,147.240,98.617,53.665,29.283,12.516
10.59667,327.779,279.499,235.905,147.251,98.602,53.672,29.332,12.485
10.60000,327.801,279.522,235.987,147.210,98.602,53.681,29.330,12.399
10.60333,327.878,279.530,236.009,147.250,98.617,53.685,29.386,12.511
10.60667,327.989,279.641,235.980,147.250,98.602,53.675,29.368,12.523
10.61000,328.016,279.726,236.170,147.349,98.616,53.713,29.361,12.483
10.61333,328.055,279.779,236.097,147.336,98.690,53.754,29.329,12.506
10.61667,328.121,279.723,236.258,147.342,98.715,53.731,29.376,12.554
10.62000,328.199,279.835,236.223,147.366,98.619,53.769,29.368,12.531
10.62333,328.198,279.930,236.208,147.401,98.773,53.799,29.399,12.475
10.62667,328.283,279.894,236.305,147.417,98.779,53.789,29.373,12.534
10.63000,328.313,279.981,236.294,147.381,98.775,53.782,29.367,12.496
10.63333,328.344,280.038,236.394,147.513,98.787,53.821,29.398,12.481
10.63667,328.503,280.055,236.392,147.492,98.756,53.782,29.394,12.555
10.64000,328.477,280.128,236.473,147.538,98.818,53.817,29.349,12.476
10.64333,328.584,280.171,236.419,147.538,98.813,53.823,29.344,12.587
10.64667,328.664,280.157,236.515,147.590,98.856,53.849,29.422,12.484
10.65000,328.658,280.264,236.619,147.636,98.779,53.849,29.385,12.455
10.65333,328.704,280.320,236.584,147.638,98.929,53.834,29.422,12.521
10.65667,328.803,280.391,236.652,147.704,98.931,53.882,29.431,12.544
10.66000,328.858,280.371,236.703,147.616,98.900,53.890,29.366,12.559
10.66333,328.866,280.363,236.755,147.655,98.919,53.881,29.384,12.539
10.66667,329.004,280.432,236.768,147.706,98.855,53.834,29.412,12.497
10.67000,329.071,280.537,236.776,147.799,98.973,53.974,29.405,12.537
10.67333,329.019,280.564,236.793,147.746,98.981,53.902,29.464,12.612
10.67667,329.121,280.634,236.946,147.784,99.021,53.948,29.439,12.553
10.68000,329.123,280.676,236.960,147.835,99.005,53.988,29.548,12.550
10.68333,329.210,280.672,236.984,147.831,99.005,54.013,29.436,12.493
10.68667,329.221,280.734,237.009,147.872,99.064,53.917,29.451,12.557
10.69000,329.401,280.813,236.967,147.890,99.105,53.938,29.405,12.540
10.69333,329.401,280.867,237.077,147.940,99.041,53.986,29.442,12.558
10.69667,329.494,280.835,237.138,147.997,99.035,54.005,29.482,12.571
10.70000,329.481,280.894,237.179,147.982,99.179,53.965,29.519,12.586
10.70333,329.515,280.954,237.151,147.978,99.161,53.976,29.514,12.566
10.70667,329.621,281.046,237.202,148.039,99.169,53.939,29.486,12.521
10.71000,329.622,281.063,237.335,148.117,99.152,54.044,29.551,12.521
10.71333,329.664,281.088,237.241,148.074,99.196,54.027,29.415,12.585
10.71667,329.740,281.155,237.327,148.066,99.180,54.022,29.611,12.578
10.72000,329.812,281.188,237.400,148.115,99.203,54.048,29.509,12.622
10.72333,329.801,281.205,237.346,148.210,99.158,54.004,29.555,12.485
10.72667,329.904,281.328,237.435,148.180,99.146,54.011,29.484,12.556
10.73000,329.970,281.373,237.470,148.174,99.253,54.060,29.537,12.561
10.73333,329.943,281.423,237.545,148.241,99.307,54.064,29.502,12.593
10.73667,330.085,281.376,237.566,148.259,99.297,54.077,29.495,12.526
10.74000,330.027,281.462,237.567,148.237,99.267,54.052,29.539,12.508
10.74333,330.110,281.498,237.614,148.309,99.302,54.056,29.618,12.539
10.74667,330.214,281.560,237.648,148.343,99.358,54.100,29.575,12.622
10.75000,330.256,281.636,237.696,148.380,99.374,54.082,29.501,12.595
10.75333,330.296,281.674,237.805,148.333,99.340,54.102,29.561,12.657
10.75667,330.376,281.710,237.745,148.435,99.369,54.107,29.499,12.603
10.76000,330.406,281.708,237.738,148.417,99.405,54.155,29.566,12.544
10.76333,330.463,281.696,237.838,148.356,99.435,54.148,29.590,12.597
10.76667,330.502,281.835,237.887,148.433,99.378,54.128,29.565,12.591
10.77000,330.547,281.839,237.891,148.463,99.505,54.156,29.551,12.550
10.77333,330.603,281.873,237.904,148.505,99.479,54.128,29.616,12.635
10.77667,330.710,281.928,238.075,148.520,99.477,54.157,29.572,12.595
10.78000,330.725,282.006,238.000,148.515,99.438,54.198,29.582,12.578
10.78333,330.711,282.036,238.048,148.544,99.468,54.200,29.570,12.585
10.78667,330.826,282.032,238.069,148.564,99.521,54.196,29.627,12.614
10.79000,330.825,282.080,238.175,148.586,99.566,54.208,29.580,12.681
10.79333,330.848,282.152,238.163,148.620,99.491,54.260,29.627,12.616
10.79667,330.954,282.263,238.261,148.598,99.588,54.264,29.653,12.654
10.80000,330.997,282.247,238.344,148.636,99.472,54.179,29.612,12.588
10.80333,331.033,282.283,238.244,148.693,99.630,54.210,29.710,12.632
10.80667,331.005,282.281,238.310,148.765,99.550,54.233,29.615,12.647
10.81000,331.097,282.376,238.329,148.714,99.610,54.278,29.627,12.576
10.81333,331.130,282.374,238.403,148.775,99.633,54.232,29.630,12.629
10.81667,331.244,282.410,238.411,148.746,99.658,54.227,29.603,12.620
10.82000,331.297,282.475,238.452,148.861,99.620,54.328,29.628,12.617
10.82333,331.374,282.473,238.477,148.787,99.691,54.284,29.696,12.584
10.82667,331.367,282.540,238.579,148.906,99.679,54.323,29.669,12.616
10.83000,331.418,282.584,238.529,148.833,99.757,54.255,29.652,12.615
10.83333,331.472,282.652,238.616,148.905,99.715,54.278,29.619,12.603
10.83667,331.533,282.621,238.700,148.905,99.727,54.352,29.671,12.673
10.84000,331.490,282.736,238.692,148.925,99.765,54.324,29.709,12.635
10.84333,331.636,282.688,238.714,148.981,99.758,54.323,29.662,12.706
10.84667,331.639,282.764,238.732,148.997,99.751,54.348,29.691,12.635
10.85000,331.655,282.805,238.733,149.026,99.779,54.362,29.680,12.615
10.85333,331.711,282.848,238.820,149.043,99.721,54.408,29.685,12.623
10.85667,331.781,282.848,238.861,148.956,99.797,54.390,29.782,12.656
10.86000,331.730,282.871,238.867,149.028,99.812,54.389,29.711,12.664
10.86333,331.882,282.944,238.963,149.067,99.778,54.376,29.630,12.630
10.86667,331.912,282.951,238.940,149.084,99.853,54.358,29.672,12.705
10.87000,331.985,283.033,238.974,149.089,99.819,54.360,29.738,12.643
10.87333,332.071,283.180,238.998,149.069,99.867,54.369,29.708,12.713
10.87667,332.005,283.105,239.007,149.156,99.840,54.406,29.735,12.701
10.88000,332.149,283.143,239.033,149.169,99.889,54.426,29.747,12.661
10.88333,332.093,283.178,239.082,149.124,99.923,54.426,29.751,12.667
10.88667,332.165,283.251,239.108,149.198,99.931,54.405,29.704,12.612
10.89000,332.299,283.372,239.107,149.187,99.974,54.438,29.761,12.650
10.89333,332.229,283.355,239.150,149.239,100.003,54.479,29.786,12.658
10.89667,332.341,283.362,239.185,149.330,99.960,54.408,29.736,12.670
10.90000,332.316,283.420,239.239,149.310,99.964,54.454,29.704,12.662
10.90333,332.392,283.456,239.329,149.392,100.018,54.446,29.770,12.718
10.90667,332.440,283.418,239.337,149.285,99.968,54.488,29.769,12.665
10.91000,332.541,283.503,239.321,149.346,100.063,54.463,29.743,12.676
10.91333,332.588,283.532,239.377,149.396,100.067,54.529,29.755,12.699
10.91667,332.585,283.642,239.457,149.390,100.058,54.499,29.767,12.725
10.92000,332.636,283.653,239.436,149.442,100.016,54.491,29.804,12.687
10.92333,332.667,283.653,239.505,149.433,100.053,54.435,29.789,12.671
10.92667,332.729,283.751,239.540,149.417,100.048,54.460,29.770,12.701
10.93000,332.788,283.671,239.543,149.446,100.078,54.539,29.736,12.765
10.93333,332.828,283.810,239.474,149.392,100.121,54.529,29.733,12.698
10.93667,332.819,283.800,239.610,149.529,100.132,54.530,29.856,12.728
10.94000,332.871,283.812,239.635,149.503,100.142,54.546,29.781,12.683
10.94333,332.973,283.871,239.629,149.587,100.142,54.535,29.838,12.668
10.94667,332.919,283.904,239.728,149.568,100.125,54.530,29.752,12.633
10.95000,333.074,283.955,239.718,149.547,100.190,54.554,29.809,12.712
10.95333,333.132,283.998,239.777,149.597,100.187,54.544,29.854,12.699
10.95667,333.065,284.031,239.761,149.623,100.267,54.605,29.829,12.654
10.96000,333.169,284.186,239.797,149.580,100.200,54.651,29.766,12.697
10.96333,333.198,284.068,239.881,149.703,100.314,54.604,29.842,12.709
10.96667,333.236,284.091,239.858,149.714,100.259,54.635,29.818,12.651
10.97000,333.266,284.141,239.856,149.722,100.265,54.640,29.800,12.708
10.97333,333.265,284.172,239.936,149.762,100.306,54.640,29.844,12.676
10.97667,333.273,284.197,239.992,149.786,100.262,54.602,29.823,12.724
10.98000,333.386,284.279,239.954,149.762,100.304,54.609,29.868,12.734
10.98333,333.361,284.315,239.935,149.809,100.355,54.645,29.764,12.665
10.98667,333.480,284.327,239.996,149.725,100.317,54.724,29.848,12.753
10.99000,333.527,284.398,240.071,149.826,100.337,54.665,29.798,12.725
10.99333,333.567,284.335,240.106,149.834,100.369,54.635,29.849,12.707
10.99667,333.648,284.450,240.186,149.844,100.329,54.610,29.875,12.667
11.00000,333.561,284.425,240.158,149.843,100.352,54.685,29.869,12.767
11.00333,333.671,284.564,240.197,149.876,100.449,54.706,29.875,12.730
11.00667,333.653,284.600,240.190,149.919,100.440,54.639,29.915,12.711
11.01000,333.719,284.565,240.280,149.905,100.412,54.738,29.854,12.774
11.01333,333.781,284.580,240.289,149.909,100.400,54.733,29.878,12.734
11.01667,333.827,284.640,240.299,150.000,100.432,54.738,29.887,12.736
11.02000,333.892,284.683,240.332,149.968,100.448,54.738,29.858,12.774
11.02333,333.881,284.728,240.346,150.015,100.425,54.699,29.862,12.777
11.02667,333.939,284.789,240.379,150.031,100.530,54.734,29.794,12.780
11.03000,333.953,284.738,240.501,150.034,100.471,54.674,29.936,12.641
11.03333,333.999,284.860,240.505,150.043,100.471,54.748,29.931,12.726
11.03667,334.069,284.896,240.510,150.055,100.475,54.769,29.870,12.679
11.04000,334.073,284.926,240.555,150.103,100.537,54.712,29.872,12.761
11.04333,334.177,284.933,240.561,150.076,100.515,54.817,29.925,12.783
11.04667,334.212,284.944,240.587,150.168,100.570,54.765,29.961,12.755
11.05000,334.171,284.989,240.628,150.128,100.556,54.740,29.913,12.743
11.05333,334.206,285.025,240.593,150.206,100.573,54.760,29.941,12.839
11.05667,334.277,285.049,240.623,150.127,100.531,54.755,29.896,12.744
11.06000,334.374,285.028,240.676,150.179,100.567,54.718,29.960,12.707
11.06333,334.400,285.132,240.735,150.210,100.581,54.744,29.955,12.727
11.06667,334.427,285.120,240.745,150.229,100.560,54.866,29.892,12.772
11.07000,334.467,285.205,240.720,150.260,100.639,54.816,29.937,12.770
11.07333,334.458,285.282,240.800,150.207,100.645,54.773,29.936,12.777
11.07667,334.547,285.241,240.843,150.281,100.677,54.816,29.946,12.786
11.08000,334.570,285.291,240.807,150.356,100.648,54.859,29.950,12.780
11.08333,334.540,285.347,240.874,150.343,100.644,54.868,29.988,12.760
11.08667,334.603,285.316,240.875,150.308,100.686,54.830,29.897,12.768
11.09000,334.658,285.426,240.862,150.311,100.640,54.848,29.942,12.704
11.09333,334.724,285.412,240.931,150.329,100.662,54.863,29.950,12.765
11.09667,334.703,285.458,240.943,150.378,100.729,54.879,29.941,12.780
11.10000,334.762,285.483,241.045,150.432,100.697,54.901,29.996,12.793
11.10333,334.853,285.501,241.030,150.479,100.709,54.926,30.005,12.767
11.10667,334.837,285.612,241.070,150.452,100.760,54.872,29.927,12.800
11.11000,334.863,285.530,241.096,150.458,100.758,54.897,30.005,12.828
11.11333,334.980,285.632,241.112,150.497,100.765,54.879,30.003,12.766
11.11667,334.986,285.634,241.144,150.468,100.796,54.944,29.984,12.754
11.12000,335.013,285.642,241.214,150.530,100.781,54.917,29.999,12.820
11.12333,335.034,285.696,241.162,150.511,100.788,54.990,29.969,12.711
11.12667,335.083,285.793,241.137,150.544,100.791,54.866,29.970,12.745
11.13000,335.067,285.767,241.220,150.552,100.828,54.918,30.044,12.815
11.13333,335.096,285.774,241.273,150.561,100.791,54.956,30.039,12.804
11.13667,335.136,285.841,241.282,150.514,100.819,54.955,29.999,12.855
11.14000,335.236,285.886,241.334,150.653,100.901,54.926,29.937,12.776
11.14333,335.246,285.851,241.364,150.621,100.861,54.925,29.954,12.786
11.14667,335.316,285.917,241.365,150.625,100.866,54.959,30.019,12.762
11.15000,335.301,285.911,241.358,150.626,100.873,54.958,30.071,12.765
11.15333,335.246,285.977,241.403,150.727,100.915,54.994,30.031,12.782
11.15667,335.384,285.987,241.422,150.704,100.886,55.031,30.037,12.800
11.16000,335.381,286.086,241.485,150.730,100.958,55.019,30.018,12.765
11.16333,335.447,286.059,241.512,150.681,100.906,54.998,30.013,12.769
11.16667,335.490,286.072,241.478,150.762,100.951,54.984,30.050,12.834
11.17000,335.530,286.081,241.537,150.673,100.961,55.014,30.056,12.779
11.17333,335.565,286.160,241.643,150.710,100.966,54.988,30.091,12.833
11.17667,335.683,286.171,241.666,150.870,100.921,54.984,30.076,12.827
11.18000,335.592,286.237,241.606,150.722,101.004,55.006,30.020,12.810
11.18333,335.672,286.257,241.691,150.764,100.992,55.009,30.067,12.782
11.18667,335.654,286.334,241.698,150.761,101.003,55.055,30.008,12.757
11.19000,335.758,286.347,241.715,150.856,101.054,55.004,30.019,12.851
11.19333,335.795,286.297,241.718,150.892,101.053,54.966,30.069,12.877
11.19667,335.810,286.282,241.752,150.913,101.050,54.932,30.101,12.898
11.20000,335.867,286.401,241.801,150.823,101.087,55.048,30.066,12.844
11.20333,335.912,286.408,241.785,150.891,101.030,54.994,30.145,12.834
11.20667,335.874,286.403,241.843,150.926,101.051,55.055,30.065,12.828
11.21000,335.865,286.474,241.848,150.892,101.033,55.036,30.115,12.838
11.21333,335.944,286.481,241.879,150.952,101.056,55.020,30.072,12.854
11.21667,336.034,286.563,241.906,150.902,101.100,55.034,30.088,12.848
11.22000,336.084,286.603,241.974,150.959,101.120,55.091,30.061,12.816
11.22333,336.083,286.632,241.892,150.973,101.087,55.061,30.117,12.845
11.22667,336.083,286.664,242.038,151.017,101.178,55.163,30.124,12.790
11.23000,336.084,286.614,241.934,151.061,101.164,55.060,30.029,12.816
11.23333,336.187,286.683,241.994,150.996,101.113,55.047,30.040,12.816
11.23667,336.236,286.654,242.043,151.091,101.137,55.094,30.126,12.839
11.24000,336.241,286.797,242.050,151.042,101.112,55.094,30.110,12.859
11.24333,336.240,286.740,242.166,151.101,101.202,55.096,30.160,12.818
11.24667,336.329,286.760,242.102,151.112,101.149,55.087,30.117,12.880
11.25000,336.323,286.789,242.094,151.065,101.197,55.091,30.086,12.787
11.25333,336.342,286.816,242.139,151.095,101.170,55.119,30.106,12.835
11.25667,336.417,286.832,242.171,151.139,101.184,55.159,30.148,12.863
11.26000,336.447,286.914,242.188,151.148,101.180,55.143,30.111,12.840
11.26333,336.435,286.959,242.244,151.133,101.285,55.129,30.163,12.810
11.26667,336.523,286.942,242.215,151.220,101.255,55.135,30.142,12.788
11.27000,336.510,286.935,242.241,151.202,101.265,55.108,30.197,12.820
11.27333,336.507,286.995,242.301,151.270,101.193,55.209,30.108,12.919
11.27667,336.578,286.993,242.342,151.271,101.286,55.153,30.153,12.904
11.28000,336.553,287.030,242.344,151.238,101.275,55.183,30.230,12.881
11.28333,336.670,287.064,242.270,151.226,101.326,55.219,30.141,12.854
11.28667,336.633,287.104,242.378,151.278,101.246,55.208,30.138,12.865
11.29000,336.710,287.061,242.415,151.225,101.351,55.204,30.121,12.887
11.29333,336.731,287.167,242.452,151.299,101.336,55.195,30.163,12.841
11.29667,336.744,287.140,242.464,151.353,101.254,55.184,30.113,12.895
11.30000,336.748,287.160,242.373,151.307,101.394,55.190,30.165,12.892
11.30333,336.798,287.260,242.477,151.351,101.337,55.195,30.144,12.833
11.30667,336.855,287.218,242.492,151.382,101.340,55.180,30.089,12.852
11.31000,336.937,287.292,242.560,151.340,101.335,55.252,30.165,12.843
11.31333,336.901,287.253,242.561,151.348,101.331,55.158,30.149,12.806
11.31667,336.933,287.337,242.661,151.401,101.342,55.204,30.258,12.889
11.32000,337.000,287.315,242.544,151.481,101.350,55.232,30.196,12.900
11.32333,336.964,287.400,242.597,151.395,101.406,55.243,30.161,12.811
11.32667,337.056,287.388,242.686,151.451,101.427,55.292,30.175,12.864
11.33000,337.080,287.419,242.662,151.440,101.366,55.251,30.182,12.848
11.33333,337.108,287.493,242.674,151.484,101.443,55.167,30.129,12.845
11.33667,337.100,287.444,242.655,151.442,101.478,55.248,30.172,12.844
11.34000,337.150,287.545,242.748,151.512,101.425,55.214,30.188,12.912
11.34333,337.247,287.536,242.698,151.496,101.474,55.261,30.208,12.909
11.34667,337.242,287.528,242.750,151.518,101.387,55.298,30.226,12.921
11.35000,337.301,287.584,242.788,151.476,101.391,55.352,30.150,12.912
11.35333,337.251,287.567,242.821,151.550,101.462,55.268,30.193,12.886
11.35667,337.273,287.575,242.788,151.559,101.511,55.293,30.156,12.926
11.36000,337.380,287.653,242.846,151.542,101.513,55.253,30.224,12.878
11.36333,337.387,287.742,242.842,151.551,101.493,55.339,30.121,12.824
11.36667,337.387,287.728,242.758,151.564,101.523,55.319,30.216,12.884
11.37000,337.473,287.762,242.902,151.679,101.516,55.336,30.162,12.921
11.37333,337.401,287.788,242.863,151.602,101.516,55.249,30.229,12.881
11.37667,337.473,287.733,242.947,151.653,101.575,55.353,30.222,12.895
11.38000,337.484,287.793,242.987,151.655,101.561,55.289,30.251,12.846
11.38333,337.494,287.770,243.015,151.639,101.612,55.326,30.249,12.946
11.38667,337.537,287.851,243.058,151.664,101.584,55.335,30.190,12.911
11.39000,337.615,287.896,242.973,151.697,101.566,55.320,30.216,12.886
11.39333,337.626,287.926,243.041,151.745,101.545,55.376,30.216,12.883
11.39667,337.633,287.911,243.110,151.665,101.546,55.362,30.243,12.802
11.40000,337.731,287.963,243.077,151.709,101.655,55.416,30.283,12.857
11.40333,337.736,287.968,243.108,151.746,101.624,55.393,30.246,12.902
11.40667,337.717,287.968,243.157,151.733,101.583,55.347,30.210,12.908
11.41000,337.770,288.032,243.191,151.810,101.668,55.345,30.263,12.871
11.41333,337.775,287.998,243.232,151.804,101.623,55.340,30.208,12.833
11.41667,337.794,288.026,243.190,151.761,101.632,55.327,30.290,12.877
11.42000,337.787,288.135,243.163,151.847,101.561,55.370,30.237,12.925
11.42333,337.812,288.078,243.280,151.763,101.652,55.375,30.304,12.866
11.42667,337.857,288.176,243.205,151.781,101.704,55.359,30.297,12.922
11.43000,337.913,288.201,243.217,151.833,101.714,55.340,30.266,12.893
11.43333,337.942,288.171,243.273,151.833,101.724,55.430,30.271,12.883
11.43667,337.985,288.272,243.395,151.906,101.647,55.404,30.265,12.925
11.44000,337.971,288.257,243.397,151.876,101.672,55.419,30.272,12.950
11.44333,337.977,288.290,243.386,151.833,101.722,55.375,30.316,12.848
11.44667,338.118,288.268,243.418,151.848,101.701,55.439,30.249,12.961
11.45000,338.054,288.373,243.369,151.958,101.720,55.415,30.263,12.918
11.45333,338.092,288.325,243.412,151.901,101.749,55.399,30.232,12.890
11.45667,338.127,288.469,243.417,151.904,101.718,55.438,30.247,12.911
11.46000,338.121,288.368,243.507,151.914,101.707,55.401,30.310,12.946
11.46333,338.198,288.374,243.458,151.955,101.737,55.455,30.272,12.897
11.46667,338.177,288.423,243.467,151.933,101.804,55.427,30.322,12.858
11.47000,338.175,288.452,243.457,152.004,101.782,55.425,30.290,12.862
11.47333,338.227,288.475,243.551,152.006,101.777,55.496,30.273,12.891
11.47667,338.271,288.479,243.569,151.964,101.721,55.507,30.301,12.886
11.48000,338.297,288.541,243.622,152.005,101.729,55.410,30.336,12.952
11.48333,338.363,288.543,243.574,152.033,101.794,55.510,30.405,12.919
11.48667,338.372,288.551,243.563,152.040,101.808,55.461,30.281,12.904
11.49000,338.410,288.557,243.625,152.018,101.799,55.510,30.259,12.937
11.49333,338.409,288.595,243.655,152.055,101.825,55.421,30.273,12.999
11.49667,338.427,288.604,243.711,152.116,101.832,55.431,30.276,12.898
11.50000,338.470,288.610,243.721,152.053,101.856,55.513,30.252,12.922
11.50333,338.504,288.594,243.685,152.088,101.809,55.501,30.318,12.981
11.50667,338.512,288.756,243.655,152.148,101.886,55.516,30.249,12.972
11.51000,338.541,288.729,243.754,152.103,101.846,55.513,30.310,12.850
11.51333,338.543,288.748,243.766,152.193,101.879,55.536,30.365,12.931
11.51667,338.507,288.738,243.744,152.102,101.898,55.511,30.357,12.994
11.52000,338.624,288.782,243.811,152.160,101.903,55.552,30.273,12.919
11.52333,338.638,288.783,243.875,152.198,101.853,55.536,30.280,13.023
11.52667,338.594,288.849,243.824,152.187,101.934,55.463,30.253,12.906
11.53000,338.611,288.878,243.850,152.111,101.836,55.481,30.309,12.923
11.53333,338.713,288.847,243.876,152.265,101.859,55.573,30.327,12.896
11.53667,338.685,288.934,243.833,152.192,101.880,55.572,30.250,12.947
11.54000,338.746,288.913,243.943,152.214,101.869,55.597,30.324,12.938
11.54333,338.774,288.917,243.931,152.272,101.924,55.561,30.408,12.988
11.54667,338.755,288.963,243.861,152.193,101.878,55.478,30.354,12.963
11.55000,338.878,288.984,243.915,152.278,101.950,55.543,30.278,12.948
11.55333,338.866,288.976,243.974,152.226,101.899,55.530,30.357,12.918
11.55667,338.909,288.966,243.990,152.270,101.995,55.576,30.381,12.917
11.56000,338.865,289.070,244.035,152.271,102.000,55.624,30.384,12.983
11.56333,338.918,288.982,244.018,152.283,102.066,55.596,30.426,12.926
11.56667,339.005,289.044,244.069,152.298,102.016,55.587,30.302,12.888
11.57000,338.962,289.110,244.077,152.297,101.923,55.561,30.380,12.962
11.57333,339.003,289.078,244.073,152.309,102.059,55.586,30.375,12.993
11.57667,339.038,289.074,244.070,152.291,101.999,55.670,30.357,12.900
11.58000,338.987,289.138,244.101,152.337,101.966,55.557,30.379,12.987
11.58333,339.075,289.208,244.082,152.366,102.042,55.591,30.401,13.034
11.58667,339.106,289.196,244.185,152.362,102.080,55.634,30.382,12.924
11.59000,339.135,289.228,244.119,152.395,102.066,55.623,30.336,12.932
11.59333,339.153,289.247,244.165,152.392,102.023,55.629,30.415,12.891
11.59667,339.120,289.247,244.180,152.483,102.073,55.608,30.358,12.933
11.60000,339.194,289.255,244.216,152.400,102.041,55.587,30.329,12.950
11.60333,339.225,289.270,244.277,152.443,102.078,55.656,30.331,12.939
11.60667,339.210,289.267,244.284,152.463,102.085,55.636,30.352,12.879
11.61000,339.211,289.328,244.261,152.436,102.058,55.650,30.425,12.985
11.61333,339.351,289.349,244.238,152.469,102.089,55.685,30.369,12.957
11.61667,339.319,289.336,244.243,152.483,102.070,55.680,30.409,12.958
11.62000,339.320,289.361,244.342,152.449,102.065,55.615,30.352,12.924
11.62333,339.349,289.424,244.308,152.436,102.101,55.651,30.395,12.870
11.62667,339.343,289.381,244.314,152.471,102.175,55.637,30.441,12.992
11.63000,339.324,289.460,244.329,152.560,102.152,55.671,30.383,12.997
11.63333,339.367,289.487,244.331,152.564,102.172,55.651,30.448,12.927
11.63667,339.431,289.442,244.403,152.531,102.170,55.654,30.453,12.948
11.64000,339.406,289.518,244.338,152.476,102.119,55.648,30.351,12.975
11.64333,339.444,289.546,244.398,152.571,102.120,55.681,30.414,12.932
11.64667,339.448,289.512,244.414,152.597,102.235,55.697,30.444,12.892
11.65000,339.516,289.570,244.474,152.536,102.190,55.680,30.385,12.985
11.65333,339.603,289.593,244.448,152.629,102.188,55.684,30.384,12.927
11.65667,339.557,289.562,244.501,152.583,102.192,55.720,30.400,12.976
11.66000,339.610,289.639,244.513,152.639,102.195,55.677,30.399,12.976
11.66333,339.605,289.613,244.492,152.655,102.235,55.695,30.372,12.932
11.66667,339.591,289.646,244.553,152.593,102.235,55.680,30.406,12.981
11.67000,339.654,289.649,244.556,152.613,102.218,55.630,30.427,13.045
11.67333,339.708,289.621,244.558,152.551,102.186,55.645,30.407,12.970
11.67667,339.666,289.683,244.528,152.691,102.225,55.717,30.424,12.933
11.68000,339.696,289.708,244.587,152.692,102.173,55.696,30.372,12.945
11.68333,339.764,289.779,244.628,152.678,102.217,55.706,30.426,12.978
11.68667,339.718,289.757,244.603,152.706,102.281,55.729,30.521,13.003
11.69000,339.818,289.781,244.660,152.716,102.251,55.719,30.438,12.974
11.69333,339.787,289.825,244.699,152.691,102.259,55.720,30.419,12.926
11.69667,339.814,289.872,244.653,152.734,102.244,55.698,30.432,12.956
11.70000,339.789,289.826,244.647,152.730,102.223,55.684,30.407,12.967
11.70333,339.810,289.793,244.744,152.733,102.249,55.762,30.397,12.961
11.70667,339.882,289.849,244.620,152.808,102.302,55.745,30.446,12.990
11.71000,339.881,289.912,244.732,152.759,102.308,55.731,30.420,12.991
11.71333,339.928,289.893,244.730,152.726,102.346,55.809,30.466,12.969
11.71667,339.967,289.970,244.796,152.750,102.335,55.769,30.491,12.957
11.72000,339.990,289.859,244.699,152.728,102.302,55.758,30.435,12.931
11.72333,339.963,289.939,244.709,152.772,102.376,55.752,30.457,13.020
11.72667,340.006,289.950,244.726,152.816,102.283,55.728,30.438,12.961
11.73000,340.026,290.037,244.851,152.769,102.312,55.749,30.426,12.970
11.73333,340.076,290.035,244.864,152.779,102.328,55.805,30.452,12.969
11.73667,340.036,290.063,244.892,152.830,102.373,55.759,30.438,12.962
11.74000,340.070,290.079,244.857,152.800,102.295,55.691,30.467,12.970
11.74333,340.104,290.127,244.822,152.815,102.345,55.726,30.437,12.930
11.74667,340.075,290.083,244.835,152.870,102.379,55.770,30.422,13.007
11.75000,340.154,290.097,244.804,152.838,102.410,55.820,30.426,13.027
11.75333,340.153,290.119,244.956,152.792,102.415,55.747,30.499,13.001
11.75667,340.132,290.054,244.938,152.870,102.412,55.777,30.463,13.004
11.76000,340.197,290.123,244.897,152.861,102.377,55.814,30.476,13.047
11.76333,340.243,290.124,244.978,152.924,102.364,55.754,30.440,13.013
11.76667,340.299,290.164,245.008,152.915,102.440,55.820,30.457,12.999
11.77000,340.237,290.170,244.983,152.922,102.362,55.768,30.444,12.990
11.77333,340.291,290.186,245.026,152.969,102.381,55.748,30.471,12.979
11.77667,340.321,290.181,244.988,153.001,102.347,55.869,30.491,13.007
11.78000,340.339,290.198,245.005,152.886,102.356,55.819,30.479,12.980
11.78333,340.402,290.256,245.063,152.956,102.352,55.850,30.453,12.974
11.78667,340.408,290.248,245.129,152.923,102.439,55.791,30.459,13.052
11.79000,340.430,290.326,245.065,153.027,102.435,55.874,30.475,13.059
11.79333,340.321,290.262,245.113,152.951,102.418,55.780,30.443,13.001
11.79667,340.363,290.354,245.141,153.004,102.402,55.768,30.498,13.039
11.80000,340.470,290.343,245.092,153.001,102.433,55.804,30.513,13.004
11.80333,340.464,290.334,245.161,153.021,102.452,55.846,30.514,13.014
11.80667,340.427,290.392,245.098,153.064,102.496,55.829,30.530,12.992
11.81000,340.525,290.349,245.162,152.977,102.460,55.864,30.476,13.043
11.81333,340.511,290.363,245.160,152.982,102.513,55.889,30.517,13.002
11.81667,340.485,290.443,245.152,152.996,102.492,55.808,30.457,12.983
11.82000,340.559,290.414,245.198,153.014,102.429,55.840,30.471,13.025
11.82333,340.548,290.475,245.209,153.023,102.482,55.879,30.451,13.001
11.82667,340.549,290.435,245.247,152.996,102.476,55.897,30.523,13.013
11.83000,340.649,290.440,245.207,153.113,102.550,55.825,30.471,13.063
11.83333,340.635,290.481,245.241,153.046,102.533,55.843,30.450,13.092
11.83667,340.638,290.524,245.209,153.143,102.499,55.869,30.519,13.018
11.84000,340.653,290.555,245.211,153.099,102.548,55.812,30.480,13.022
11.84333,340.664,290.577,245.273,153.033,102.502,55.820,30.499,13.034
11.84667,340.643,290.497,245.300,153.078,102.508,55.857,30.512,12.991
11.85000,340.746,290.534,245.315,153.064,102.542,55.890,30.522,12.983
11.85333,340.672,290.584,245.396,153.140,102.469,55.880,30.442,13.002
11.85667,340.692,290.559,245.329,153.080,102.588,55.866,30.580,13.095
11.86000,340.762,290.596,245.336,153.123,102.537,55.921,30.530,12.924
11.86333,340.773,290.598,245.350,153.163,102.547,55.883,30.463,13.021
11.86667,340.719,290.695,245.361,153.069,102.557,55.911,30.569,12.993
11.87000,340.802,290.642,245.385,153.191,102.510,55.880,30.526,13.046
11.87333,340.803,290.640,245.400,153.126,102.633,55.788,30.468,12.952
11.87667,340.853,290.689,245.425,153.165,102.529,55.866,30.514,13.002
11.88000,340.907,290.777,245.417,153.198,102.579,55.816,30.539,13.034
11.88333,340.898,290.726,245.496,153.271,102.596,55.925,30.526,13.060
11.88667,340.895,290.742,245.461,153.209,102.581,55.920,30.526,13.030
11.89000,340.927,290.720,245.443,153.264,102.591,55.921,30.542,13.016
11.89333,340.965,290.781,245.413,153.171,102.613,55.901,30.482,12.956
11.89667,340.969,290.751,245.535,153.183,102.612,55.873,30.605,13.064
11.90000,341.002,290.780,245.527,153.206,102.590,55.959,30.575,12.969
11.90333,340.976,290.828,245.532,153.238,102.605,55.871,30.535,12.985
11.90667,341.004,290.839,245.534,153.225,102.616,55.884,30.574,12.963
11.91000,340.980,290.815,245.555,153.275,102.643,55.938,30.568,13.012
11.91333,341.004,290.899,245.492,153.196,102.614,55.926,30.570,13.088
11.91667,341.018,290.826,245.601,153.248,102.599,55.914,30.603,13.116
11.92000,341.058,290.956,245.583,153.296,102.598,55.913,30.517,13.039
11.92333,341.073,290.916,245.605,153.325,102.683,55.924,30.539,13.024
11.92667,341.161,290.907,245.594,153.216,102.608,55.893,30.520,13.004
11.93000,341.102,290.895,245.613,153.317,102.634,55.908,30.593,13.030
11.93333,341.142,290.928,245.561,153.339,102.650,55.894,30.556,13.007
11.93667,341.185,290.958,245.638,153.359,102.633,55.951,30.586,13.101
11.94000,341.177,290.952,245.554,153.309,102.671,55.973,30.554,13.045
11.94333,341.198,290.978,245.677,153.279,102.663,55.928,30.557,12.989
11.94667,341.221,290.966,245.681,153.315,102.660,55.912,30.619,13.073
11.95000,341.213,290.975,245.676,153.245,102.688,55.998,30.520,13.061
11.95333,341.229,291.023,245.771,153.378,102.709,55.928,30.564,13.017
11.95667,341.189,290.995,245.682,153.388,102.707,55.935,30.575,13.017
11.96000,341.280,291.060,245.706,153.406,102.717,56.002,30.497,13.043
11.96333,341.329,291.027,245.672,153.384,102.668,55.945,30.549,13.070
11.96667,341.251,291.136,245.717,153.438,102.722,56.013,30.575,13.090
11.97000,341.280,291.077,245.729,153.435,102.632,55.959,30.555,13.081
11.97333,341.330,291.129,245.737,153.376,102.721,55.939,30.569,13.031
11.97667,341.320,291.125,245.749,153.407,102.770,55.983,30.584,13.037
11.98000,341.355,291.083,245.792,153.407,102.690,55.883,30.568,13.057
11.98333,341.397,291.111,245.770,153.446,102.764,56.001,30.547,13.038
11.98667,341.424,291.131,245.814,153.387,102.790,56.017,30.613,13.057
11.99000,341.493,291.273,245.808,153.492,102.721,55.948,30.597,13.059
11.99333,341.441,291.205,245.781,153.487,102.728,55.974,30.593,13.102
11.99667,341.454,291.190,245.794,153.470,102.753,55.974,30.561,13.077
12.00000,341.487,291.229,245.862,153.479,102.750,55.981,30.537,13.031
