time_min,A246_mAU,A254_mAU,A261_mAU,A273_mAU,A290_mAU,A324_mAU,A350_mAU,A445_mAU
0.00000,32.227,27.853,23.034,14.748,8.605,5.352,3.207,2.159
0.00417,32.310,27.862,23.067,14.697,8.593,5.475,3.197,2.135
0.00833,32.265,27.871,23.006,14.737,8.571,5.460,3.161,2.145
0.01250,32.314,27.919,23.077,14.748,8.681,5.453,3.157,2.156
0.01667,32.349,27.981,23.166,14.737,8.672,5.417,3.158,2.195
0.02083,32.476,27.966,23.154,14.810,8.707,5.465,3.208,2.240
0.02500,32.439,28.022,23.157,14.810,8.627,5.454,3.239,2.154
0.02917,32.421,28.040,23.123,14.746,8.669,5.503,3.190,2.187
0.03333,32.497,28.059,23.164,14.777,8.702,5.529,3.200,2.188
0.03750,32.511,28.100,23.234,14.808,8.689,5.508,3.238,2.205
0.04167,32.528,28.102,23.226,14.851,8.675,5.431,3.233,2.188
0.04583,32.597,28.102,23.233,14.895,8.710,5.513,3.211,2.179
0.05000,32.594,28.180,23.282,14.888,8.697,5.493,3.180,2.203
0.05417,32.619,28.225,23.278,14.865,8.712,5.500,3.273,2.193
0.05833,32.714,28.219,23.268,14.861,8.711,5.511,3.219,2.140
0.06250,32.634,28.303,23.305,14.906,8.756,5.506,3.168,2.265
0.06667,32.708,28.299,23.320,14.928,8.786,5.503,3.209,2.224
0.07083,32.697,28.310,23.415,14.974,8.752,5.500,3.179,2.242
0.07500,32.799,28.290,23.343,14.918,8.711,5.489,3.218,2.212
0.07917,32.819,28.368,23.374,15.024,8.767,5.535,3.246,2.180
0.08333,32.876,28.350,23.438,14.996,8.718,5.578,3.291,2.189
0.08750,32.892,28.448,23.412,15.020,8.802,5.581,3.214,2.153
0.09167,32.928,28.463,23.448,15.024,8.794,5.523,3.164,2.183
0.09583,32.992,28.417,23.481,15.024,8.793,5.537,3.252,2.230
0.10000,32.988,28.444,23.526,15.058,8.824,5.551,3.286,2.166
0.10417,33.046,28.469,23.483,15.033,8.772,5.559,3.227,2.225
0.10833,33.004,28.512,23.537,15.009,8.872,5.561,3.240,2.142
0.11250,33.064,28.520,23.451,15.008,8.839,5.614,3.226,2.274
0.11667,33.167,28.519,23.630,15.043,8.851,5.640,3.317,2.221
0.12083,33.195,28.567,23.559,15.087,8.849,5.544,3.273,2.172
0.12500,33.188,28.634,23.654,15.104,8.851,5.603,3.253,2.277
0.12917,33.178,28.651,23.729,15.169,8.835,5.636,3.278,2.186
0.13333,33.247,28.677,23.657,15.144,8.884,5.616,3.349,2.191
0.13750,33.212,28.748,23.746,15.241,8.915,5.639,3.184,2.192
0.14167,33.310,28.748,23.759,15.109,8.912,5.548,3.281,2.155
0.14583,33.257,28.733,23.735,15.194,8.914,5.520,3.265,2.258
0.15000,33.335,28.766,23.747,15.190,8.850,5.549,3.183,2.165
0.15417,33.279,28.786,23.771,15.227,8.935,5.598,3.369,2.192
0.15833,33.418,28.815,23.821,15.193,8.966,5.628,3.318,2.201
0.16250,33.499,28.842,23.830,15.251,8.970,5.642,3.316,2.120
0.16667,33.420,28.835,23.919,15.273,9.024,5.579,3.283,2.202
0.17083,33.503,28.928,23.869,15.220,8.998,5.663,3.327,2.245
0.17500,33.507,28.922,23.936,15.260,8.919,5.653,3.304,2.150
0.17917,33.506,28.976,23.940,15.282,8.967,5.660,3.252,2.269
0.18333,33.548,28.945,23.994,15.405,9.007,5.700,3.299,2.247
0.18750,33.640,29.005,24.028,15.330,9.008,5.631,3.264,2.212
0.19167,33.689,29.016,23.990,15.302,9.005,5.662,3.328,2.248
0.19583,33.719,29.093,24.079,15.317,9.073,5.664,3.329,2.221
0.20000,33.764,29.090,24.100,15.301,9.026,5.669,3.323,2.191
0.20417,33.719,29.149,24.042,15.407,9.015,5.676,3.277,2.226
0.20833,33.769,29.152,24.118,15.392,9.117,5.714,3.365,2.174
0.21250,33.853,29.176,24.102,15.412,9.116,5.658,3.372,2.245
0.21667,33.810,29.235,24.145,15.406,9.071,5.630,3.413,2.192
0.22083,33.838,29.223,24.139,15.470,9.105,5.722,3.321,2.161
0.22500,33.870,29.264,24.160,15.418,9.094,5.684,3.320,2.158
0.22917,33.925,29.339,24.198,15.402,9.091,5.674,3.363,2.251
0.23333,33.964,29.332,24.242,15.495,9.086,5.733,3.342,2.241
0.23750,33.987,29.364,24.288,15.495,9.129,5.636,3.324,2.225
0.24167,33.968,29.335,24.237,15.452,9.102,5.713,3.374,2.271
0.24583,34.019,29.419,24.243,15.512,9.109,5.706,3.359,2.212
0.25000,34.084,29.383,24.312,15.502,9.074,5.799,3.318,2.280
0.25417,34.122,29.469,24.336,15.568,9.216,5.742,3.337,2.328
0.25833,34.209,29.526,24.457,15.653,9.193,5.720,3.330,2.245
0.26250,34.263,29.449,24.390,15.580,9.191,5.725,3.356,2.217
0.26667,34.260,29.537,24.406,15.608,9.191,5.754,3.403,2.248
0.27083,34.235,29.548,24.433,15.568,9.172,5.809,3.318,2.271
0.27500,34.258,29.607,24.456,15.608,9.239,5.733,3.373,2.199
0.27917,34.366,29.640,24.437,15.640,9.256,5.839,3.342,2.283
0.28333,34.338,29.699,24.501,15.692,9.202,5.760,3.409,2.252
0.28750,34.369,29.706,24.514,15.686,9.215,5.814,3.437,2.281
0.29167,34.510,29.661,24.517,15.755,9.269,5.789,3.355,2.283
0.29583,34.453,29.712,24.630,15.653,9.242,5.790,3.327,2.255
0.30000,34.436,29.773,24.596,15.725,9.239,5.787,3.327,2.139
0.30417,34.499,29.720,24.669,15.686,9.323,5.785,3.391,2.232
0.30833,34.524,29.889,24.616,15.750,9.352,5.780,3.418,2.234
0.31250,34.607,29.838,24.673,15.702,9.300,5.814,3.444,2.233
0.31667,34.639,29.867,24.734,15.743,9.280,5.849,3.390,2.206
0.32083,34.667,29.942,24.759,15.816,9.267,5.819,3.378,2.240
0.32500,34.624,29.948,24.777,15.774,9.291,5.779,3.387,2.265
0.32917,34.662,29.998,24.752,15.839,9.350,5.850,3.458,2.271
0.33333,34.677,30.044,24.760,15.862,9.356,5.853,3.391,2.269
0.33750,34.734,30.041,24.815,15.842,9.412,5.832,3.422,2.281
0.34167,34.833,30.076,24.872,15.876,9.364,5.876,3.455,2.206
0.34583,34.857,30.031,24.835,15.897,9.380,5.854,3.376,2.297
0.35000,34.892,30.016,24.868,15.920,9.402,5.849,3.378,2.249
0.35417,34.956,30.147,24.942,15.944,9.424,5.819,3.463,2.209
0.35833,34.969,30.185,24.960,15.953,9.401,5.847,3.442,2.282
0.36250,35.046,30.180,24.981,15.966,9.455,5.869,3.436,2.333
0.36667,35.072,30.234,25.023,15.962,9.431,5.834,3.477,2.285
0.37083,35.103,30.275,24.990,15.962,9.435,5.899,3.478,2.328
0.37500,35.121,30.267,25.059,16.015,9.431,5.924,3.455,2.298
0.37917,35.251,30.320,25.088,15.997,9.517,5.949,3.410,2.220
0.38333,35.173,30.310,25.096,16.000,9.440,5.838,3.508,2.235
0.38750,35.153,30.358,25.167,16.037,9.484,5.888,3.466,2.232
0.39167,35.221,30.424,25.152,16.120,9.495,5.959,3.467,2.258
0.39583,35.187,30.423,25.142,16.070,9.534,5.934,3.454,2.314
0.40000,35.340,30.443,25.198,16.096,9.510,5.974,3.464,2.289
0.40417,35.366,30.507,25.270,16.087,9.553,5.953,3.411,2.275
0.40833,35.459,30.501,25.310,16.157,9.529,5.947,3.510,2.326
0.41250,35.458,30.632,25.307,16.184,9.546,5.940,3.425,2.310
0.41667,35.469,30.524,25.303,16.112,9.599,5.991,3.441,2.272
0.42083,35.486,30.620,25.332,16.147,9.556,5.928,3.481,2.230
0.42500,35.568,30.707,25.386,16.213,9.602,5.966,3.448,2.282
0.42917,35.573,30.758,25.385,16.210,9.570,5.956,3.531,2.308
0.43333,35.561,30.728,25.408,16.273,9.578,5.970,3.468,2.257
0.43750,35.632,30.767,25.366,16.178,9.676,6.061,3.529,2.287
0.44167,35.695,30.770,25.442,16.305,9.662,5.980,3.519,2.252
0.44583,35.666,30.822,25.451,16.363,9.656,6.051,3.552,2.317
0.45000,35.751,30.829,25.497,16.306,9.649,6.017,3.491,2.356
0.45417,35.823,30.906,25.580,16.291,9.644,5.973,3.460,2.323
0.45833,35.833,30.889,25.547,16.259,9.617,6.086,3.541,2.364
0.46250,35.847,30.970,25.607,16.369,9.620,6.057,3.494,2.330
0.46667,35.897,30.943,25.604,16.348,9.719,5.970,3.495,2.303
0.47083,35.931,31.080,25.657,16.390,9.673,6.024,3.426,2.332
0.47500,35.964,30.987,25.620,16.328,9.660,6.026,3.558,2.273
0.47917,35.992,31.067,25.694,16.407,9.706,6.021,3.530,2.345
0.48333,36.003,31.106,25.788,16.433,9.738,6.072,3.464,2.340
0.48750,36.107,31.095,25.741,16.444,9.797,6.119,3.474,2.347
0.49167,36.105,31.248,25.816,16.429,9.720,6.164,3.537,2.368
0.49583,36.114,31.207,25.780,16.491,9.767,6.076,3.525,2.318
0.50000,36.203,31.266,25.844,16.499,9.730,6.085,3.572,2.302
0.50417,36.222,31.270,25.830,16.525,9.745,6.101,3.522,2.325
0.50833,36.244,31.306,25.832,16.485,9.800,6.167,3.515,2.357
0.51250,36.350,31.325,25.923,16.558,9.820,6.102,3.603,2.347
0.51667,36.339,31.416,25.914,16.546,9.832,6.091,3.510,2.329
0.52083,36.341,31.409,25.954,16.573,9.870,6.104,3.527,2.284
0.52500,36.389,31.491,25.962,16.599,9.891,6.158,3.530,2.353
0.52917,36.475,31.451,26.111,16.595,9.832,6.090,3.460,2.309
0.53333,36.436,31.510,26.059,16.629,9.864,6.142,3.578,2.343
0.53750,36.495,31.550,26.092,16.705,9.892,6.147,3.563,2.383
0.54167,36.607,31.519,26.120,16.683,9.873,6.149,3.560,2.386
0.54583,36.635,31.515,26.103,16.593,9.913,6.170,3.547,2.351
0.55000,36.714,31.590,26.184,16.705,9.933,6.057,3.619,2.402
0.55417,36.720,31.591,26.199,16.683,9.932,6.181,3.549,2.282
0.55833,36.684,31.651,26.207,16.741,9.943,6.183,3.607,2.361
0.56250,36.800,31.704,26.283,16.696,9.953,6.183,3.513,2.337
0.56667,36.766,31.721,26.268,16.717,9.991,6.148,3.604,2.372
0.57083,36.861,31.750,26.331,16.772,9.942,6.185,3.674,2.361
0.57500,36.808,31.783,26.366,16.797,10.007,6.247,3.617,2.364
0.57917,36.883,31.843,26.320,16.815,10.027,6.190,3.512,2.409
0.58333,36.970,31.892,26.421,16.856,9.944,6.208,3.540,2.359
0.58750,36.988,31.950,26.442,16.844,9.998,6.175,3.583,2.366
0.59167,37.040,31.923,26.436,16.941,10.004,6.198,3.584,2.372
0.59583,37.045,31.997,26.437,16.821,10.003,6.147,3.631,2.281
0.60000,37.152,32.008,26.491,16.912,10.024,6.235,3.643,2.365
0.60417,37.172,32.077,26.538,16.926,10.093,6.267,3.642,2.354
0.60833,37.201,32.124,26.499,16.891,10.075,6.225,3.658,2.324
0.61250,37.229,32.202,26.565,16.957,10.084,6.256,3.621,2.346
0.61667,37.286,32.152,26.586,16.999,10.114,6.303,3.622,2.344
0.62083,37.433,32.227,26.660,16.994,10.118,6.219,3.713,2.354
0.62500,37.308,32.183,26.683,17.000,10.146,6.308,3.636,2.352
0.62917,37.460,32.216,26.669,17.010,10.075,6.294,3.688,2.369
0.63333,37.470,32.257,26.752,17.098,10.146,6.313,3.659,2.332
0.63750,37.458,32.297,26.758,17.103,10.169,6.288,3.669,2.400
0.64167,37.569,32.404,26.811,17.071,10.212,6.316,3.677,2.371
0.64583,37.536,32.424,26.783,17.071,10.190,6.300,3.698,2.302
0.65000,37.616,32.411,26.885,17.095,10.177,6.336,3.659,2.392
0.65417,37.654,32.490,26.846,17.134,10.190,6.258,3.749,2.436
0.65833,37.659,32.539,26.909,17.105,10.220,6.351,3.683,2.371
0.66250,37.692,32.550,26.948,17.157,10.216,6.359,3.594,2.398
0.66667,37.801,32.536,26.973,17.198,10.213,6.352,3.651,2.361
0.67083,37.818,32.601,26.988,17.159,10.267,6.389,3.717,2.387
0.67500,37.818,32.641,27.017,17.158,10.301,6.315,3.698,2.415
0.67917,37.918,32.645,27.066,17.245,10.309,6.285,3.712,2.379
0.68333,37.924,32.733,27.043,17.231,10.296,6.377,3.630,2.495
0.68750,37.990,32.737,27.138,17.258,10.282,6.336,3.702,2.450
0.69167,38.001,32.762,27.132,17.325,10.308,6.346,3.743,2.409
0.69583,38.098,32.780,27.143,17.317,10.385,6.350,3.773,2.382
0.70000,38.061,32.782,27.235,17.313,10.382,6.452,3.694,2.398
0.70417,38.106,32.877,27.269,17.337,10.397,6.405,3.669,2.437
0.70833,38.178,32.997,27.274,17.427,10.405,6.434,3.700,2.402
0.71250,38.217,32.971,27.250,17.430,10.357,6.380,3.746,2.390
0.71667,38.242,32.999,27.394,17.388,10.453,6.389,3.669,2.343
0.72083,38.259,33.023,27.385,17.423,10.451,6.454,3.739,2.337
0.72500,38.285,33.092,27.333,17.496,10.461,6.416,3.721,2.352
0.72917,38.398,33.103,27.498,17.515,10.454,6.463,3.736,2.397
0.73333,38.440,33.128,27.412,17.556,10.413,6.436,3.708,2.467
0.73750,38.532,33.144,27.445,17.471,10.397,6.484,3.704,2.458
0.74167,38.464,33.164,27.492,17.511,10.500,6.447,3.717,2.400
0.74583,38.554,33.232,27.503,17.554,10.526,6.424,3.743,2.390
0.75000,38.633,33.305,27.570,17.518,10.476,6.504,3.789,2.423
0.75417,38.694,33.358,27.613,17.628,10.580,6.439,3.810,2.440
0.75833,38.674,33.304,27.679,17.643,10.524,6.505,3.846,2.487
0.76250,38.737,33.313,27.659,17.597,10.558,6.511,3.757,2.440
0.76667,38.800,33.460,27.688,17.648,10.530,6.532,3.695,2.394
0.77083,38.862,33.461,27.757,17.657,10.607,6.549,3.862,2.505
0.77500,38.879,33.534,27.742,17.701,10.547,6.546,3.845,2.375
0.77917,38.908,33.544,27.805,17.736,10.582,6.536,3.755,2.453
0.78333,38.936,33.655,27.873,17.701,10.613,6.516,3.733,2.493
0.78750,39.039,33.609,27.842,17.734,10.682,6.560,3.858,2.339
0.79167,39.098,33.625,27.850,17.748,10.635,6.490,3.775,2.435
0.79583,39.145,33.693,27.987,17.794,10.651,6.541,3.873,2.444
0.80000,39.040,33.784,27.934,17.845,10.629,6.563,3.830,2.409
0.80417,39.148,33.685,27.968,17.838,10.695,6.535,3.798,2.453
0.80833,39.230,33.786,28.029,17.798,10.657,6.515,3.817,2.477
0.81250,39.289,33.855,28.042,17.826,10.713,6.567,3.842,2.477
0.81667,39.283,33.843,28.106,17.808,10.659,6.596,3.820,2.410
0.82083,39.320,33.924,28.046,17.852,10.691,6.585,3.852,2.467
0.82500,39.372,33.905,28.180,17.984,10.776,6.610,3.847,2.404
0.82917,39.414,34.013,28.165,17.988,10.729,6.573,3.853,2.391
0.83333,39.537,34.027,28.253,18.040,10.755,6.660,3.804,2.456
0.83750,39.552,34.014,28.194,18.011,10.771,6.621,3.781,2.448
0.84167,39.537,34.166,28.273,17.952,10.818,6.651,3.828,2.508
0.84583,39.637,34.121,28.298,17.998,10.794,6.658,3.841,2.461
0.85000,39.690,34.144,28.328,18.012,10.869,6.641,3.891,2.465
0.85417,39.754,34.322,28.361,18.032,10.816,6.647,3.782,2.501
0.85833,39.751,34.319,28.373,18.092,10.826,6.650,3.888,2.519
0.86250,39.757,34.350,28.418,18.141,10.865,6.657,3.812,2.512
0.86667,39.828,34.376,28.440,18.086,10.876,6.621,3.828,2.451
0.87083,39.854,34.362,28.555,18.263,10.893,6.706,3.885,2.542
0.87500,39.967,34.475,28.603,18.178,10.889,6.649,3.901,2.434
0.87917,39.988,34.467,28.512,18.169,10.895,6.668,3.904,2.460
0.88333,40.031,34.491,28.645,18.177,10.980,6.674,3.915,2.464
0.88750,40.069,34.542,28.654,18.194,10.945,6.687,3.918,2.502
0.89167,40.085,34.602,28.652,18.259,11.013,6.739,3.908,2.487
0.89583,40.081,34.553,28.692,18.329,10.952,6.769,3.885,2.451
0.90000,40.190,34.654,28.767,18.275,10.991,6.713,3.856,2.496
0.90417,40.290,34.627,28.794,18.289,11.001,6.708,3.953,2.478
0.90833,40.334,34.735,28.755,18.388,11.041,6.780,3.886,2.523
0.91250,40.387,34.838,28.879,18.346,11.038,6.763,3.844,2.480
0.91667,40.419,34.834,28.821,18.396,11.047,6.796,3.956,2.446
0.92083,40.495,34.876,28.928,18.389,11.050,6.772,3.885,2.526
0.92500,40.540,34.895,28.941,18.433,11.057,6.794,3.974,2.533
0.92917,40.526,34.969,28.973,18.422,11.108,6.805,3.936,2.489
0.93333,40.591,34.959,29.006,18.506,11.147,6.775,3.937,2.507
0.93750,40.657,35.040,29.008,18.536,11.135,6.798,4.000,2.487
0.94167,40.694,35.089,29.081,18.550,11.152,6.810,3.962,2.526
0.94583,40.723,35.158,29.163,18.487,11.071,6.835,3.894,2.471
0.95000,40.717,35.180,29.222,18.518,11.215,6.840,3.923,2.505
0.95417,40.857,35.191,29.164,18.526,11.163,6.776,3.948,2.516
0.95833,40.793,35.228,29.273,18.568,11.180,6.835,4.017,2.505
0.96250,40.965,35.273,29.220,18.666,11.175,6.771,3.969,2.543
0.96667,40.944,35.400,29.314,18.596,11.187,6.822,3.968,2.550
0.97083,41.009,35.371,29.327,18.635,11.251,6.859,3.952,2.476
0.97500,41.049,35.421,29.373,18.716,11.235,6.884,3.983,2.501
0.97917,41.097,35.416,29.437,18.776,11.283,6.865,4.077,2.504
0.98333,41.199,35.538,29.443,18.772,11.235,6.877,4.008,2.556
0.98750,41.213,35.535,29.414,18.698,11.326,6.892,3.976,2.545
0.99167,41.295,35.544,29.470,18.815,11.331,6.885,3.968,2.523
0.99583,41.380,35.654,29.614,18.833,11.349,6.939,3.962,2.535
1.00000,41.314,35.707,29.549,18.826,11.369,6.847,3.988,2.590
1.00417,41.512,35.711,29.644,18.817,11.298,6.917,3.986,2.586
1.00833,41.544,35.767,29.618,18.865,11.377,6.959,4.033,2.493
1.01250,41.587,35.887,29.728,18.900,11.347,6.984,3.993,2.604
1.01667,41.611,35.799,29.680,18.919,11.423,6.963,4.079,2.488
1.02083,41.613,35.909,29.766,18.905,11.408,6.987,4.020,2.540
1.02500,41.690,35.914,29.836,18.965,11.469,7.078,4.036,2.510
1.02917,41.754,35.941,29.868,19.011,11.433,7.012,4.025,2.578
1.03333,41.824,36.029,29.864,18.948,11.473,6.995,4.025,2.559
1.03750,41.863,35.994,29.941,19.009,11.460,7.000,3.987,2.498
1.04167,41.940,36.098,29.992,19.028,11.447,7.024,4.045,2.512
1.04583,41.962,36.122,29.974,19.080,11.532,7.054,4.026,2.540
1.05000,42.066,36.209,30.075,19.129,11.503,7.058,4.063,2.549
1.05417,42.142,36.308,30.032,19.153,11.559,7.001,4.075,2.548
1.05833,42.176,36.375,30.095,19.133,11.484,7.062,4.130,2.623
1.06250,42.212,36.355,30.168,19.125,11.613,7.088,4.096,2.548
1.06667,42.268,36.432,30.197,19.206,11.586,7.059,4.132,2.491
1.07083,42.337,36.519,30.270,19.194,11.589,7.050,4.101,2.581
1.07500,42.306,36.551,30.286,19.195,11.593,7.073,4.082,2.542
1.07917,42.457,36.596,30.377,19.302,11.644,7.075,4.098,2.580
1.08333,42.509,36.621,30.359,19.291,11.634,7.124,4.167,2.533
1.08750,42.584,36.704,30.454,19.335,11.695,7.120,4.103,2.556
1.09167,42.687,36.713,30.470,19.340,11.751,7.143,4.088,2.590
1.09583,42.714,36.796,30.506,19.378,11.618,7.082,4.115,2.527
1.10000,42.808,36.841,30.517,19.355,11.706,7.166,4.089,2.545
1.10417,42.819,36.897,30.594,19.475,11.769,7.246,4.170,2.522
1.10833,42.874,37.007,30.673,19.418,11.759,7.145,4.087,2.636
1.11250,42.966,36.977,30.734,19.453,11.784,7.151,4.076,2.624
1.11667,43.051,37.121,30.743,19.487,11.767,7.137,4.164,2.645
1.12083,43.141,37.173,30.794,19.527,11.727,7.189,4.161,2.630
1.12500,43.183,37.211,30.925,19.535,11.766,7.283,4.120,2.625
1.12917,43.235,37.291,30.947,19.576,11.823,7.249,4.132,2.570
1.13333,43.344,37.300,31.006,19.639,11.855,7.193,4.153,2.617
1.13750,43.444,37.373,30.999,19.611,11.780,7.242,4.184,2.549
1.14167,43.524,37.495,31.071,19.570,11.832,7.270,4.200,2.535
1.14583,43.618,37.557,31.127,19.622,11.923,7.228,4.123,2.564
1.15000,43.679,37.656,31.150,19.665,11.946,7.276,4.206,2.596
1.15417,43.783,37.690,31.248,19.696,11.897,7.251,4.146,2.604
1.15833,43.948,37.741,31.290,19.708,11.922,7.236,4.185,2.576
1.16250,43.966,37.896,31.331,19.719,11.942,7.244,4.139,2.569
1.16667,44.031,37.962,31.386,19.799,11.981,7.279,4.195,2.599
1.17083,44.117,38.044,31.480,19.826,11.985,7.298,4.238,2.634
1.17500,44.316,38.130,31.536,19.822,12.015,7.287,4.182,2.591
1.17917,44.285,38.197,31.625,19.900,12.042,7.288,4.262,2.643
1.18333,44.431,38.317,31.726,19.935,11.972,7.321,4.254,2.643
1.18750,44.637,38.447,31.826,19.902,12.016,7.329,4.246,2.578
1.19167,44.730,38.541,31.882,19.894,12.090,7.333,4.223,2.645
1.19583,44.803,38.610,32.006,19.997,12.027,7.344,4.215,2.628
1.20000,44.927,38.782,32.022,20.032,12.059,7.356,4.265,2.614
1.20417,45.023,38.821,32.164,20.032,12.150,7.351,4.240,2.637
1.20833,45.161,38.954,32.214,20.109,12.105,7.348,4.254,2.611
1.21250,45.335,39.120,32.293,20.135,12.213,7.343,4.214,2.649
1.21667,45.489,39.252,32.414,20.162,12.223,7.406,4.243,2.657
1.22083,45.530,39.396,32.511,20.179,12.225,7.354,4.282,2.655
1.22500,45.839,39.521,32.611,20.149,12.239,7.364,4.223,2.658
1.22917,45.994,39.653,32.750,20.238,12.255,7.421,4.291,2.680
1.23333,46.134,39.850,32.818,20.284,12.209,7.490,4.315,2.646
1.23750,46.325,39.983,32.951,20.217,12.226,7.415,4.249,2.646
1.24167,46.590,40.096,33.060,20.358,12.314,7.441,4.234,2.645
1.24583,46.671,40.287,33.206,20.352,12.346,7.454,4.248,2.732
1.25000,46.902,40.546,33.369,20.408,12.323,7.474,4.339,2.686
1.25417,47.082,40.641,33.486,20.477,12.311,7.468,4.275,2.659
1.25833,47.367,40.872,33.638,20.418,12.302,7.439,4.370,2.662
1.26250,47.490,41.107,33.791,20.481,12.352,7.460,4.338,2.710
1.26667,47.742,41.331,33.950,20.574,12.341,7.555,4.308,2.704
1.27083,47.982,41.527,34.124,20.526,12.421,7.571,4.323,2.631
1.27500,48.284,41.831,34.263,20.696,12.441,7.555,4.308,2.727
1.27917,48.561,41.993,34.489,20.678,12.483,7.539,4.399,2.658
1.28333,48.864,42.232,34.689,20.685,12.460,7.522,4.424,2.684
1.28750,49.203,42.574,34.843,20.816,12.508,7.524,4.306,2.685
1.29167,49.482,42.786,35.057,20.820,12.494,7.631,4.346,2.679
1.29583,49.834,43.143,35.283,20.882,12.546,7.545,4.377,2.717
1.30000,50.158,43.420,35.504,20.932,12.569,7.562,4.360,2.645
1.30417,50.548,43.721,35.729,20.893,12.599,7.582,4.394,2.694
1.30833,51.011,44.027,36.000,21.029,12.566,7.516,4.417,2.675
1.31250,51.297,44.460,36.277,21.125,12.575,7.567,4.385,2.716
1.31667,51.695,44.871,36.538,21.116,12.642,7.600,4.439,2.715
1.32083,52.192,45.273,36.817,21.262,12.657,7.685,4.413,2.715
1.32500,52.646,45.691,37.096,21.191,12.678,7.627,4.377,2.686
1.32917,53.162,46.086,37.459,21.255,12.695,7.626,4.443,2.679
1.33333,53.662,46.493,37.769,21.322,12.763,7.748,4.417,2.640
1.33750,54.110,46.989,38.119,21.453,12.759,7.668,4.435,2.651
1.34167,54.686,47.446,38.446,21.544,12.774,7.721,4.386,2.753
1.34583,55.235,47.955,38.791,21.469,12.762,7.626,4.466,2.706
1.35000,55.867,48.602,39.225,21.596,12.817,7.729,4.463,2.686
1.35417,56.531,49.104,39.639,21.643,12.861,7.721,4.466,2.650
1.35833,57.184,49.655,40.013,21.766,12.911,7.688,4.430,2.743
1.36250,57.890,50.344,40.488,21.730,12.944,7.739,4.449,2.728
1.36667,58.561,51.022,40.916,21.937,12.925,7.820,4.498,2.699
1.37083,59.366,51.639,41.461,21.957,12.994,7.800,4.406,2.727
1.37500,60.119,52.383,41.927,22.037,12.964,7.766,4.462,2.761
1.37917,60.958,53.179,42.484,22.136,13.006,7.824,4.450,2.650
1.38333,61.726,53.886,43.064,22.183,12.984,7.848,4.485,2.679
1.38750,62.712,54.683,43.625,22.316,13.051,7.782,4.508,2.768
1.39167,63.553,55.522,44.299,22.402,13.105,7.830,4.463,2.795
1.39583,64.627,56.372,44.891,22.497,13.161,7.871,4.497,2.714
1.40000,65.559,57.344,45.503,22.622,13.150,7.820,4.495,2.672
1.40417,66.621,58.292,46.223,22.738,13.138,7.914,4.546,2.732
1.40833,67.805,59.354,46.972,22.808,13.172,7.878,4.472,2.743
1.41250,68.960,60.369,47.654,22.942,13.198,7.897,4.518,2.749
1.41667,70.209,61.432,48.483,23.016,13.259,7.900,4.503,2.771
1.42083,71.436,62.572,49.298,23.178,13.254,7.923,4.551,2.759
1.42500,72.701,63.821,50.127,23.248,13.375,7.982,4.550,2.763
1.42917,74.168,65.147,50.982,23.451,13.406,7.949,4.506,2.754
1.43333,75.568,66.344,51.913,23.483,13.428,8.000,4.528,2.736
1.43750,77.088,67.646,52.843,23.604,13.440,7.919,4.561,2.748
1.44167,78.593,69.140,53.862,23.818,13.454,7.999,4.541,2.791
1.44583,80.186,70.542,54.940,23.996,13.527,8.014,4.532,2.727
1.45000,81.848,72.039,56.003,24.174,13.530,8.061,4.648,2.711
1.45417,83.608,73.633,57.149,24.340,13.581,7.984,4.629,2.715
1.45833,85.455,75.294,58.287,24.417,13.653,8.042,4.588,2.709
1.46250,87.356,76.929,59.466,24.584,13.709,8.081,4.640,2.823
1.46667,89.267,78.732,60.800,24.708,13.744,8.155,4.626,2.801
1.47083,91.311,80.517,62.048,24.864,13.743,8.114,4.683,2.791
1.47500,93.490,82.461,63.430,25.081,13.766,8.134,4.665,2.830
1.47917,95.646,84.458,64.822,25.279,13.804,8.165,4.559,2.753
1.48333,97.844,86.467,66.271,25.462,13.914,8.168,4.699,2.738
1.48750,100.121,88.553,67.777,25.685,13.923,8.122,4.643,2.774
1.49167,102.629,90.873,69.298,25.900,13.951,8.243,4.622,2.826
1.49583,105.178,93.038,70.989,26.107,14.070,8.233,4.645,2.809
1.50000,107.857,95.424,72.671,26.380,14.110,8.182,4.741,2.815
1.50417,110.442,97.817,74.416,26.597,14.109,8.269,4.647,2.845
1.50833,113.300,100.510,76.142,26.858,14.193,8.284,4.701,2.808
1.51250,116.152,103.079,78.036,26.991,14.276,8.364,4.734,2.819
1.51667,119.123,105.775,79.960,27.393,14.272,8.345,4.697,2.843
1.52083,122.257,108.600,81.932,27.452,14.354,8.325,4.726,2.776
1.52500,125.437,111.459,84.002,27.885,14.446,8.359,4.732,2.803
1.52917,128.779,114.378,86.154,28.117,14.488,8.333,4.752,2.835
1.53333,132.223,117.472,88.340,28.250,14.572,8.315,4.742,2.809
1.53750,135.727,120.689,90.631,28.613,14.553,8.433,4.730,2.767
1.54167,139.416,124.030,92.962,29.005,14.630,8.485,4.754,2.884
1.54583,143.127,127.441,95.395,29.214,14.656,8.432,4.791,2.861
1.55000,147.027,130.885,97.919,29.530,14.790,8.513,4.816,2.862
1.55417,150.954,134.567,100.408,29.978,14.780,8.573,4.833,2.802
1.55833,155.117,138.243,103.154,30.264,14.931,8.569,4.874,2.851
1.56250,159.391,142.152,105.833,30.533,14.966,8.455,4.845,2.770
1.56667,163.758,146.128,108.610,30.965,15.034,8.644,4.860,2.845
1.57083,168.275,150.199,111.526,31.283,15.144,8.588,4.856,2.868
1.57500,172.813,154.276,114.462,31.665,15.237,8.619,4.816,2.853
1.57917,177.610,158.589,117.539,32.061,15.290,8.690,4.790,2.805
1.58333,182.463,162.986,120.654,32.457,15.319,8.716,4.912,2.862
1.58750,187.425,167.585,123.869,32.893,15.448,8.694,4.846,2.857
1.59167,192.648,172.235,127.204,33.336,15.588,8.787,4.848,2.858
1.59583,197.942,177.062,130.667,33.705,15.656,8.773,4.950,2.888
1.60000,203.292,181.944,134.121,34.087,15.693,8.752,4.891,2.850
1.60417,208.879,186.964,137.681,34.597,15.770,8.744,4.934,2.878
1.60833,214.590,192.115,141.414,35.017,15.792,8.826,4.912,2.824
1.61250,220.419,197.443,145.179,35.572,15.914,8.859,4.907,2.827
1.61667,226.431,202.888,149.013,35.920,16.023,8.930,4.997,2.827
1.62083,232.552,208.417,152.930,36.410,16.095,8.923,5.029,2.887
1.62500,238.842,214.104,157.005,36.963,16.190,8.843,4.990,2.897
1.62917,245.313,219.952,161.156,37.425,16.319,8.980,5.005,2.892
1.63333,251.872,225.788,165.383,38.089,16.359,8.954,5.011,2.901
1.63750,258.567,231.869,169.758,38.546,16.574,9.071,4.988,2.851
1.64167,265.373,238.198,174.186,39.093,16.674,9.089,5.055,2.883
1.64583,272.422,244.516,178.662,39.671,16.702,9.097,5.030,2.841
1.65000,279.570,250.971,183.212,40.246,16.830,9.103,5.015,2.914
1.65417,286.876,257.693,187.959,40.866,16.960,9.212,5.035,2.896
1.65833,294.293,264.374,192.765,41.375,17.079,9.219,5.058,2.912
1.66250,301.849,271.288,197.667,42.002,17.205,9.189,5.096,2.936
1.66667,309.531,278.325,202.690,42.630,17.269,9.269,5.116,2.872
1.67083,317.515,285.401,207.711,43.229,17.419,9.324,5.094,2.905
1.67500,325.510,292.626,212.943,43.879,17.574,9.406,5.171,2.891
1.67917,333.631,300.095,218.243,44.561,17.656,9.450,5.247,2.893
1.68333,341.938,307.645,223.505,45.204,17.770,9.414,5.117,2.957
1.68750,350.397,315.315,228.961,45.854,17.974,9.466,5.183,2.880
1.69167,358.942,323.027,234.570,46.580,17.975,9.486,5.173,2.888
1.69583,367.665,330.915,240.138,47.180,18.143,9.539,5.148,2.881
1.70000,376.519,338.879,245.916,47.995,18.330,9.644,5.260,2.913
1.70417,385.443,347.089,251.734,48.627,18.427,9.622,5.310,2.964
1.70833,394.550,355.298,257.633,49.349,18.609,9.640,5.296,2.984
1.71250,403.743,363.697,263.618,50.072,18.657,9.740,5.256,2.924
1.71667,413.022,372.161,269.714,50.872,18.846,9.696,5.276,2.934
1.72083,422.525,380.735,275.841,51.671,18.929,9.797,5.320,2.970
1.72500,432.036,389.353,282.059,52.447,19.002,9.882,5.293,3.013
1.72917,441.757,398.205,288.262,53.148,19.149,9.844,5.330,2.936
1.73333,451.536,407.080,294.719,53.977,19.405,9.890,5.411,2.911
1.73750,461.378,416.076,301.056,54.781,19.564,9.969,5.386,2.932
1.74167,471.335,425.201,307.600,55.523,19.642,9.979,5.394,2.955
1.74583,481.449,434.371,314.149,56.354,19.799,10.043,5.426,2.972
1.75000,491.558,443.597,320.840,57.121,19.934,10.156,5.411,2.915
1.75417,501.859,452.812,327.499,58.046,20.132,10.187,5.517,3.006
1.75833,512.120,462.289,334.219,58.854,20.290,10.115,5.448,2.954
1.76250,522.527,471.765,341.013,59.638,20.384,10.159,5.517,3.030
1.76667,533.013,481.391,347.894,60.450,20.521,10.207,5.577,2.966
1.77083,543.539,490.956,354.783,61.348,20.638,10.257,5.472,2.988
1.77500,554.130,500.567,361.673,62.260,20.894,10.326,5.550,2.948
1.77917,564.761,510.247,368.707,63.029,21.019,10.345,5.553,2.984
1.78333,575.424,520.070,375.799,64.016,21.170,10.377,5.555,2.995
1.78750,586.167,529.773,382.808,64.790,21.320,10.485,5.607,3.010
1.79167,596.980,539.649,389.938,65.657,21.495,10.550,5.618,2.993
1.79583,607.665,549.448,396.978,66.593,21.676,10.541,5.639,3.040
1.80000,618.526,559.342,404.168,67.511,21.838,10.546,5.659,3.032
1.80417,629.314,569.237,411.323,68.334,21.918,10.688,5.639,2.997
1.80833,640.129,579.077,418.471,69.254,22.117,10.697,5.713,3.024
1.81250,650.960,588.996,425.649,70.182,22.226,10.758,5.694,3.014
1.81667,661.756,598.910,432.805,70.999,22.408,10.860,5.682,2.958
1.82083,672.592,608.803,439.977,72.011,22.567,10.816,5.734,3.054
1.82500,683.413,618.687,447.204,72.866,22.725,10.890,5.769,2.967
1.82917,694.151,628.559,454.266,73.720,22.931,10.911,5.780,3.021
1.83333,704.876,638.359,461.516,74.594,23.072,10.929,5.761,3.027
1.83750,715.449,648.149,468.697,75.574,23.259,10.938,5.815,3.073
1.84167,726.107,657.928,475.738,76.336,23.439,11.073,5.807,3.069
1.84583,736.681,667.612,482.788,77.268,23.538,11.065,5.877,3.079
1.85000,747.148,677.261,489.835,78.142,23.675,11.162,5.836,3.014
1.85417,757.586,686.881,496.893,79.038,23.849,11.175,5.893,3.013
1.85833,767.881,696.370,503.834,79.921,23.993,11.240,5.860,3.065
1.86250,778.141,705.843,510.835,80.803,24.142,11.349,5.922,3.015
1.86667,788.374,715.167,517.633,81.675,24.366,11.390,6.000,3.063
1.87083,798.398,724.464,524.487,82.586,24.480,11.404,5.976,3.080
1.87500,808.302,733.741,531.253,83.383,24.697,11.464,5.976,3.129
1.87917,818.253,742.837,538.033,84.254,24.859,11.517,6.000,3.061
1.88333,828.141,751.786,544.809,85.179,25.034,11.565,6.027,3.109
1.88750,837.746,760.785,551.453,86.125,25.177,11.568,6.044,3.083
1.89167,847.502,769.709,558.198,87.102,25.378,11.639,6.032,3.033
1.89583,857.248,778.697,564.913,88.190,25.600,11.713,6.113,3.055
1.90000,866.846,787.509,571.796,89.311,25.895,11.732,6.111,2.997
1.90417,876.766,796.476,578.862,90.671,26.277,11.860,6.137,3.034
1.90833,886.838,805.601,586.148,92.254,26.602,11.912,6.220,3.095
1.91250,897.370,814.979,593.876,94.220,27.101,11.992,6.220,3.086
1.91667,908.356,824.789,602.185,96.564,27.769,12.140,6.236,3.132
1.92083,920.153,834.951,611.350,99.583,28.670,12.357,6.315,3.101
1.92500,932.947,846.011,621.570,103.321,29.772,12.481,6.335,3.099
1.92917,947.114,857.861,633.155,108.165,31.205,12.758,6.459,3.152
1.93333,962.840,870.916,646.371,114.165,33.086,13.184,6.564,3.207
1.93750,980.522,885.342,661.618,121.509,35.310,13.475,6.761,3.242
1.94167,1000.288,901.333,679.046,130.568,38.182,14.068,6.816,3.177
1.94583,1022.520,919.060,699.094,141.574,41.643,14.622,7.042,3.209
1.95000,1047.113,938.676,721.758,154.378,45.625,15.317,7.284,3.345
1.95417,1074.232,960.160,747.146,169.244,50.408,16.071,7.631,3.315
1.95833,1103.532,983.440,775.227,186.121,55.791,16.977,7.841,3.487
1.96250,1134.757,1008.152,805.694,204.960,61.747,18.026,8.240,3.442
1.96667,1167.243,1034.234,838.022,225.222,68.347,19.192,8.584,3.570
1.97083,1200.399,1060.924,871.500,246.800,75.298,20.296,8.943,3.678
1.97500,1233.194,1087.696,905.567,269.014,82.441,21.516,9.359,3.748
1.97917,1264.769,1113.959,939.174,291.272,89.658,22.679,9.808,3.884
1.98333,1294.521,1138.971,971.225,312.836,96.576,23.990,10.197,3.879
1.98750,1321.316,1162.044,1000.933,333.032,103.105,25.015,10.600,3.913
1.99167,1344.716,1182.496,1027.308,351.035,108.981,25.991,10.848,4.114
1.99583,1364.131,1199.926,1049.519,366.197,113.929,26.837,11.196,4.088
2.00000,1379.475,1213.821,1067.157,378.167,117.703,27.495,11.390,4.201
2.00417,1390.356,1224.087,1079.731,386.360,120.351,27.951,11.571,4.150
2.00833,1396.856,1230.456,1086.961,390.628,121.690,28.139,11.624,4.150
2.01250,1399.000,1232.965,1088.899,390.836,121.791,28.199,11.654,4.208
2.01667,1397.042,1231.746,1085.767,387.052,120.551,28.022,11.615,4.143
2.02083,1391.200,1227.073,1077.815,379.801,118.093,27.691,11.510,4.159
2.02500,1381.856,1219.440,1065.432,369.246,114.610,27.025,11.306,4.071
2.02917,1369.242,1208.939,1049.408,355.961,110.234,26.315,11.034,4.068
2.03333,1353.760,1196.203,1030.370,340.553,105.238,25.491,10.788,3.981
2.03750,1336.189,1181.801,1008.891,323.656,99.692,24.571,10.459,3.931
2.04167,1317.010,1166.027,985.944,305.808,93.822,23.675,10.200,3.895
2.04583,1296.556,1149.659,962.134,287.574,87.829,22.634,9.832,3.878
2.05000,1275.748,1132.998,937.998,269.553,81.950,21.598,9.606,3.774
2.05417,1254.795,1116.485,914.385,252.112,76.336,20.738,9.226,3.750
2.05833,1234.351,1100.520,891.601,235.375,70.874,19.831,8.901,3.672
2.06250,1214.604,1085.192,870.064,219.784,65.867,18.995,8.631,3.650
2.06667,1195.974,1070.774,849.902,205.451,61.245,18.286,8.381,3.594
2.07083,1178.639,1057.404,831.464,192.473,57.039,17.561,8.097,3.529
2.07500,1162.617,1045.169,814.537,180.795,53.244,16.906,7.954,3.484
2.07917,1147.929,1033.975,799.393,170.488,49.888,16.365,7.685,3.462
2.08333,1134.610,1023.660,785.667,161.341,46.969,15.893,7.606,3.335
2.08750,1122.626,1014.426,773.432,153.263,44.399,15.546,7.427,3.435
2.09167,1111.657,1005.920,762.608,146.264,42.207,15.120,7.373,3.332
2.09583,1101.731,998.242,752.804,140.166,40.208,14.816,7.270,3.370
2.10000,1092.763,991.152,744.149,134.994,38.656,14.569,7.150,3.289
2.10417,1084.519,984.623,736.290,130.445,37.199,14.331,7.075,3.315
2.10833,1076.948,978.490,729.243,126.525,36.013,14.058,6.976,3.361
2.11250,1069.820,972.645,722.765,123.192,34.856,13.962,6.914,3.315
2.11667,1063.272,967.253,716.872,120.237,34.045,13.800,6.941,3.345
2.12083,1056.908,961.945,711.361,117.748,33.314,13.711,6.866,3.338
2.12500,1050.812,956.732,706.155,115.562,32.670,13.637,6.899,3.280
2.12917,1045.025,951.788,701.235,113.585,32.167,13.522,6.822,3.288
2.13333,1039.359,946.758,696.523,111.981,31.538,13.457,6.863,3.292
2.13750,1033.734,941.796,691.990,110.438,31.231,13.358,6.790,3.287
2.14167,1028.158,936.827,687.601,109.169,30.834,13.273,6.772,3.286
2.14583,1022.640,931.900,683.379,108.054,30.588,13.268,6.721,3.297
2.15000,1017.173,926.937,679.186,107.045,30.347,13.208,6.733,3.268
2.15417,1011.751,921.873,675.045,106.212,30.204,13.237,6.812,3.269
2.15833,1006.360,916.888,671.142,105.499,30.053,13.154,6.742,3.268
2.16250,1001.117,911.957,667.284,105.081,29.964,13.190,6.841,3.343
2.16667,995.933,907.052,663.669,104.716,30.042,13.158,6.768,3.312
2.17083,990.969,902.248,660.399,104.750,30.060,13.202,6.737,3.288
2.17500,986.382,897.665,657.458,105.140,30.290,13.196,6.730,3.279
2.17917,982.332,893.510,655.135,105.908,30.620,13.281,6.774,3.410
2.18333,978.968,889.633,653.352,107.202,31.199,13.351,6.839,3.326
2.18750,976.356,886.367,652.614,109.213,31.837,13.503,6.884,3.357
2.19167,974.798,883.940,652.822,111.914,32.916,13.711,6.975,3.390
2.19583,974.582,882.302,654.375,115.544,34.223,13.944,7.019,3.427
2.20000,975.766,881.612,657.255,120.276,35.727,14.218,7.129,3.382
2.20417,978.514,882.196,661.849,126.144,37.833,14.578,7.206,3.406
2.20833,983.065,884.027,668.205,133.232,40.178,14.936,7.335,3.463
2.21250,989.521,887.129,676.333,141.593,43.044,15.382,7.488,3.434
2.21667,997.607,891.607,686.272,151.162,46.249,15.913,7.646,3.521
2.22083,1007.502,897.184,697.897,161.967,49.928,16.496,7.890,3.514
2.22500,1018.608,903.814,710.811,173.904,53.841,17.132,8.149,3.640
2.22917,1030.844,911.207,724.984,186.562,58.048,17.874,8.389,3.673
2.23333,1043.563,919.119,739.690,199.640,62.401,18.652,8.587,3.693
2.23750,1056.320,927.050,754.552,212.869,66.828,19.347,8.862,3.773
2.24167,1068.449,934.674,768.906,225.790,71.186,20.096,9.108,3.778
2.24583,1079.426,941.333,782.238,238.039,75.225,20.813,9.423,3.897
2.25000,1088.622,946.748,793.824,249.045,78.921,21.403,9.563,3.991
2.25417,1095.407,950.588,803.513,258.680,82.087,21.917,9.674,3.991
2.25833,1099.360,952.528,810.564,266.303,84.656,22.352,9.886,3.912
2.26250,1100.288,952.460,815.048,271.947,86.568,22.653,9.957,4.007
2.26667,1098.094,950.274,816.966,275.425,87.662,22.841,10.079,4.022
2.27083,1092.506,946.137,816.464,276.849,87.990,22.919,10.065,4.013
2.27500,1083.879,940.423,814.110,276.395,87.583,22.797,10.064,4.065
2.27917,1072.481,933.573,810.640,274.233,86.662,22.640,9.878,4.076
2.28333,1058.767,926.249,806.948,270.985,85.207,22.296,9.929,4.089
2.28750,1043.332,919.402,804.136,267.032,83.271,21.972,9.749,4.006
2.29167,1027.068,913.737,803.649,263.169,81.058,21.551,9.604,4.006
2.29583,1010.595,910.368,806.625,259.737,78.872,21.086,9.500,4.050
2.30000,994.746,910.114,814.630,257.723,76.700,20.637,9.369,4.007
2.30417,980.391,914.177,828.775,257.495,74.808,20.159,9.161,4.008
2.30833,968.256,923.049,849.865,259.607,73.299,19.761,9.152,4.010
2.31250,958.935,937.239,878.682,264.458,72.288,19.391,9.062,4.021
2.31667,952.838,956.993,915.457,272.332,71.771,19.192,8.958,4.105
2.32083,950.144,982.093,959.449,283.245,71.939,18.957,8.900,4.123
2.32500,950.773,1011.976,1009.726,297.069,72.599,18.801,8.832,4.190
2.32917,954.513,1045.747,1064.670,313.531,73.895,18.764,8.961,4.273
2.33333,960.763,1082.161,1122.197,331.966,75.631,18.806,8.956,4.320
2.33750,968.836,1119.510,1179.909,351.796,77.703,18.831,8.930,4.339
2.34167,977.904,1156.423,1235.135,372.153,80.067,18.970,9.138,4.427
2.34583,987.107,1191.086,1285.839,392.224,82.367,19.098,9.182,4.483
2.35000,995.425,1221.955,1329.977,410.870,84.746,19.236,9.219,4.605
2.35417,1001.924,1247.844,1366.539,427.463,86.860,19.326,9.294,4.658
2.35833,1005.845,1267.885,1394.660,440.891,88.485,19.519,9.390,4.685
2.36250,1006.411,1281.291,1414.265,450.791,89.580,19.519,9.385,4.775
2.36667,1003.158,1287.518,1425.080,456.406,90.020,19.449,9.445,4.792
2.37083,995.819,1286.483,1427.378,457.642,89.986,19.422,9.393,4.757
2.37500,983.960,1277.770,1421.043,454.215,89.063,19.266,9.376,4.746
2.37917,967.852,1261.623,1406.229,446.348,87.506,19.185,9.273,4.787
2.38333,947.704,1238.060,1382.509,434.485,85.326,18.834,9.147,4.713
2.38750,923.816,1207.576,1349.986,418.834,82.616,18.506,9.119,4.684
2.39167,896.657,1170.498,1308.885,400.210,79.345,18.141,8.888,4.664
2.39583,866.886,1127.800,1259.733,379.074,75.810,17.696,8.812,4.475
2.40000,835.209,1080.525,1203.311,356.268,71.958,17.321,8.618,4.509
2.40417,802.269,1029.611,1141.007,332.450,68.013,16.914,8.445,4.380
2.40833,768.800,976.747,1074.678,308.188,63.931,16.499,8.302,4.346
2.41250,735.472,922.815,1005.907,284.118,60.010,16.028,8.130,4.265
2.41667,702.695,869.225,936.560,260.730,56.200,15.618,7.974,4.177
2.42083,670.971,816.864,868.426,238.401,52.528,15.268,7.862,4.139
2.42500,640.690,766.782,802.727,217.435,49.100,14.820,7.639,4.003
2.42917,612.129,719.383,740.502,198.039,45.942,14.577,7.576,3.968
2.43333,585.269,675.045,682.487,180.192,43.089,14.245,7.445,3.939
2.43750,560.406,634.119,629.018,164.137,40.389,13.951,7.279,3.802
2.44167,537.229,596.611,580.398,149.682,38.146,13.718,7.246,3.809
2.44583,515.982,562.535,536.392,136.695,36.052,13.530,7.175,3.743
2.45000,496.288,531.564,496.903,125.342,34.180,13.301,7.061,3.757
2.45417,478.338,503.655,461.634,115.310,32.588,13.066,7.034,3.745
2.45833,461.701,478.470,430.410,106.491,31.197,13.007,6.893,3.649
2.46250,446.455,455.772,402.485,98.867,30.062,12.864,6.885,3.678
2.46667,432.330,435.402,377.853,92.109,28.991,12.767,6.875,3.664
2.47083,419.313,416.946,355.966,86.264,28.000,12.614,6.779,3.706
2.47500,407.283,400.336,336.569,81.179,27.254,12.558,6.850,3.666
2.47917,395.959,385.193,319.336,76.773,26.477,12.470,6.715,3.587
2.48333,385.500,371.397,303.982,72.851,25.926,12.454,6.804,3.583
2.48750,375.579,358.865,290.281,69.450,25.319,12.361,6.762,3.592
2.49167,366.372,347.343,277.942,66.542,24.920,12.279,6.721,3.622
2.49583,357.533,336.677,266.953,63.946,24.541,12.296,6.695,3.569
2.50000,349.186,326.832,256.824,61.708,24.143,12.217,6.668,3.550
2.50417,341.270,317.710,247.823,59.686,23.912,12.203,6.723,3.579
2.50833,333.706,309.112,239.605,57.972,23.623,12.197,6.665,3.551
2.51250,326.469,301.153,232.039,56.505,23.459,12.230,6.664,3.644
2.51667,319.513,293.579,225.086,55.041,23.187,12.109,6.775,3.636
2.52083,312.835,286.525,218.677,53.834,23.009,12.207,6.733,3.691
2.52500,306.409,279.771,212.631,52.721,22.862,12.085,6.685,3.617
2.52917,300.147,273.299,207.151,51.743,22.671,12.162,6.740,3.628
2.53333,294.136,267.273,201.845,50.836,22.656,12.109,6.683,3.644
2.53750,288.385,261.356,197.026,49.981,22.501,12.104,6.683,3.637
2.54167,282.679,255.831,192.436,49.231,22.401,12.058,6.644,3.653
2.54583,277.279,250.406,188.104,48.552,22.320,12.058,6.700,3.653
2.55000,271.867,245.237,183.971,48.041,22.224,12.089,6.722,3.669
2.55417,266.748,240.183,180.054,47.344,22.163,12.094,6.624,3.609
2.55833,261.654,235.457,176.215,46.865,22.098,12.090,6.692,3.636
2.56250,256.806,230.752,172.578,46.400,22.123,12.146,6.661,3.672
2.56667,252.046,226.235,169.175,45.884,21.958,12.051,6.750,3.653
2.57083,247.401,221.843,165.925,45.437,21.923,12.067,6.646,3.662
2.57500,242.908,217.552,162.732,45.027,21.949,12.109,6.729,3.604
2.57917,238.370,213.496,159.634,44.708,21.902,12.063,6.732,3.611
2.58333,234.075,209.475,156.766,44.331,21.812,12.097,6.756,3.670
2.58750,229.926,205.558,153.823,43.999,21.865,12.133,6.752,3.650
2.59167,225.869,201.797,151.065,43.648,21.749,12.059,6.774,3.657
2.59583,221.912,198.113,148.364,43.370,21.762,12.073,6.718,3.696
2.60000,217.967,194.540,145.763,43.039,21.732,12.142,6.721,3.638
2.60417,214.180,191.018,143.216,42.718,21.716,12.128,6.706,3.730
2.60833,210.461,187.610,140.837,42.533,21.638,12.139,6.732,3.655
2.61250,206.785,184.274,138.419,42.159,21.705,12.108,6.723,3.671
2.61667,203.311,181.056,136.019,42.013,21.683,12.085,6.748,3.685
2.62083,199.916,177.882,133.827,41.834,21.590,12.137,6.728,3.664
2.62500,196.517,174.827,131.699,41.569,21.601,12.103,6.789,3.726
2.62917,193.277,171.865,129.556,41.239,21.637,12.131,6.775,3.771
2.63333,190.024,168.981,127.493,41.051,21.622,12.238,6.787,3.642
2.63750,186.989,166.151,125.411,40.884,21.648,12.177,6.770,3.773
2.64167,183.904,163.354,123.516,40.698,21.626,12.250,6.839,3.754
2.64583,181.017,160.645,121.625,40.519,21.609,12.150,6.794,3.763
2.65000,178.076,158.081,119.679,40.329,21.548,12.174,6.784,3.716
2.65417,175.333,155.534,118.008,40.119,21.604,12.255,6.760,3.730
2.65833,172.575,153.045,116.141,39.997,21.504,12.176,6.813,3.690
2.66250,169.934,150.635,114.440,39.738,21.575,12.214,6.862,3.676
2.66667,167.298,148.215,112.772,39.614,21.499,12.150,6.861,3.772
2.67083,164.818,145.963,111.205,39.465,21.566,12.268,6.857,3.798
2.67500,162.331,143.673,109.617,39.391,21.554,12.267,6.880,3.748
2.67917,160.002,141.513,108.091,39.172,21.513,12.283,6.838,3.778
2.68333,157.603,139.470,106.563,39.042,21.596,12.241,6.847,3.757
2.68750,155.380,137.411,105.133,38.885,21.609,12.214,6.845,3.785
2.69167,153.145,135.428,103.751,38.815,21.567,12.251,6.865,3.717
2.69583,150.980,133.421,102.339,38.696,21.613,12.272,6.919,3.754
2.70000,148.980,131.510,101.036,38.527,21.566,12.267,6.877,3.800
2.70417,146.911,129.667,99.758,38.431,21.571,12.233,6.923,3.773
2.70833,144.981,127.856,98.519,38.291,21.679,12.266,6.932,3.776
2.71250,142.994,126.144,97.233,38.252,21.613,12.343,6.923,3.771
2.71667,141.154,124.432,96.012,38.162,21.658,12.324,6.889,3.754
2.72083,139.345,122.870,94.892,38.040,21.638,12.384,6.878,3.779
2.72500,137.603,121.222,93.786,37.896,21.638,12.357,6.925,3.794
2.72917,135.938,119.609,92.746,37.834,21.718,12.391,6.893,3.792
2.73333,134.213,118.079,91.650,37.806,21.578,12.345,6.976,3.858
2.73750,132.624,116.668,90.602,37.744,21.665,12.469,6.957,3.810
2.74167,131.070,115.226,89.588,37.638,21.692,12.390,6.982,3.842
2.74583,129.511,113.906,88.597,37.497,21.696,12.461,6.950,3.823
2.75000,128.077,112.514,87.692,37.463,21.695,12.438,6.961,3.826
2.75417,126.643,111.244,86.849,37.372,21.705,12.432,6.970,3.821
2.75833,125.195,109.942,85.887,37.407,21.684,12.545,6.992,3.857
2.76250,123.841,108.699,85.101,37.262,21.769,12.501,7.024,3.856
2.76667,122.507,107.403,84.226,37.240,21.776,12.518,7.048,3.850
2.77083,121.306,106.359,83.466,37.108,21.793,12.532,7.056,3.785
2.77500,120.073,105.209,82.627,37.097,21.813,12.463,6.999,3.840
2.77917,118.847,104.159,81.852,37.081,21.798,12.560,7.021,3.936
2.78333,117.743,103.119,81.153,37.006,21.816,12.522,7.077,3.870
2.78750,116.545,102.095,80.400,36.971,21.886,12.542,7.001,3.918
2.79167,115.390,101.099,79.737,36.929,21.828,12.540,7.036,3.895
2.79583,114.455,100.169,79.075,36.843,21.864,12.641,7.136,3.882
2.80000,113.363,99.100,78.477,36.904,21.900,12.630,7.021,3.869
2.80417,112.436,98.344,77.781,36.884,21.949,12.585,7.118,3.922
2.80833,111.430,97.398,77.234,36.800,21.959,12.642,7.075,3.901
2.81250,110.475,96.493,76.575,36.739,21.940,12.660,7.133,3.896
2.81667,109.645,95.739,75.949,36.782,22.000,12.661,7.162,3.912
2.82083,108.704,94.902,75.403,36.687,22.001,12.706,7.045,3.911
2.82500,107.852,94.186,74.898,36.716,21.989,12.747,7.145,3.916
2.82917,107.107,93.411,74.388,36.678,22.048,12.691,7.137,3.952
2.83333,106.266,92.650,73.887,36.621,22.174,12.713,7.144,3.914
2.83750,105.540,91.945,73.457,36.652,22.057,12.752,7.118,3.941
2.84167,104.760,91.309,72.963,36.678,22.158,12.756,7.186,3.924
2.84583,104.058,90.670,72.513,36.592,22.172,12.792,7.192,3.972
2.85000,103.364,89.991,72.025,36.616,22.212,12.761,7.179,3.939
2.85417,102.677,89.332,71.631,36.627,22.212,12.751,7.203,3.983
2.85833,101.989,88.799,71.212,36.586,22.223,12.770,7.240,3.974
2.86250,101.393,88.168,70.893,36.600,22.294,12.803,7.250,3.977
2.86667,100.728,87.602,70.463,36.622,22.279,12.854,7.214,3.923
2.87083,100.221,87.120,70.110,36.586,22.284,12.864,7.243,3.971
2.87500,99.634,86.659,69.746,36.590,22.358,12.888,7.262,3.922
2.87917,99.134,86.063,69.429,36.574,22.297,12.918,7.176,3.976
2.88333,98.547,85.613,69.073,36.559,22.318,12.974,7.223,3.966
2.88750,98.091,85.167,68.717,36.595,22.501,12.923,7.326,3.954
2.89167,97.538,84.692,68.439,36.546,22.449,12.979,7.225,3.962
2.89583,97.080,84.333,68.132,36.544,22.490,12.981,7.293,3.980
2.90000,96.636,83.917,67.841,36.517,22.459,13.013,7.301,3.979
2.90417,96.182,83.437,67.599,36.670,22.488,13.045,7.337,4.046
2.90833,95.769,83.095,67.392,36.629,22.515,13.053,7.355,3.914
2.91250,95.398,82.740,67.149,36.640,22.568,13.002,7.367,4.082
2.91667,94.990,82.349,66.875,36.622,22.593,13.140,7.321,3.977
2.92083,94.585,81.968,66.604,36.655,22.653,13.078,7.367,3.986
2.92500,94.231,81.632,66.347,36.621,22.677,13.054,7.399,4.028
2.92917,93.866,81.365,66.176,36.700,22.706,13.057,7.398,4.012
2.93333,93.555,81.037,65.939,36.725,22.706,13.143,7.357,4.010
2.93750,93.166,80.719,65.776,36.748,22.732,13.162,7.405,4.139
2.94167,92.897,80.494,65.598,36.854,22.760,13.175,7.435,3.978
2.94583,92.580,80.160,65.458,36.758,22.830,13.163,7.477,4.013
2.95000,92.268,79.930,65.285,36.782,22.832,13.202,7.375,4.022
2.95417,92.063,79.589,65.097,36.849,22.816,13.250,7.442,4.029
2.95833,91.786,79.396,64.878,36.857,22.898,13.267,7.457,4.039
2.96250,91.634,79.203,64.762,36.887,22.869,13.218,7.504,4.064
2.96667,91.323,78.957,64.567,36.960,22.939,13.306,7.414,4.043
2.97083,91.048,78.780,64.455,36.887,22.964,13.352,7.521,4.091
2.97500,90.864,78.605,64.305,37.050,23.055,13.252,7.482,4.091
2.97917,90.687,78.329,64.195,36.968,23.020,13.333,7.515,4.119
2.98333,90.424,78.209,64.091,36.962,23.057,13.345,7.467,4.113
2.98750,90.245,78.027,63.999,37.054,23.054,13.367,7.492,4.109
2.99167,90.111,77.790,63.912,37.103,23.169,13.350,7.579,4.084
2.99583,89.994,77.689,63.739,37.017,23.177,13.360,7.461,4.104
3.00000,89.765,77.506,63.653,37.100,23.156,13.461,7.569,4.020
3.00417,89.569,77.379,63.596,37.127,23.246,13.463,7.503,4.104
3.00833,89.458,77.263,63.528,37.158,23.321,13.475,7.554,4.114
3.01250,89.284,77.122,63.410,37.243,23.285,13.433,7.593,4.081
3.01667,89.178,76.947,63.364,37.287,23.291,13.497,7.603,4.089
3.02083,89.034,76.863,63.345,37.259,23.428,13.528,7.631,4.131
3.02500,89.002,76.685,63.241,37.290,23.398,13.543,7.634,4.177
3.02917,88.853,76.603,63.190,37.366,23.410,13.598,7.570,4.131
3.03333,88.773,76.515,63.074,37.413,23.449,13.620,7.690,4.161
3.03750,88.634,76.413,63.063,37.558,23.510,13.624,7.622,4.151
3.04167,88.552,76.335,63.093,37.514,23.528,13.587,7.646,4.160
3.04583,88.490,76.262,62.988,37.530,23.602,13.602,7.632,4.241
3.05000,88.447,76.227,62.899,37.599,23.562,13.631,7.716,4.144
3.05417,88.284,76.144,62.910,37.627,23.568,13.660,7.694,4.187
3.05833,88.259,76.124,62.819,37.582,23.679,13.726,7.714,4.202
3.06250,88.160,75.988,62.856,37.662,23.627,13.672,7.703,4.153
3.06667,88.126,75.978,62.842,37.721,23.679,13.700,7.690,4.140
3.07083,88.133,75.813,62.795,37.705,23.756,13.770,7.772,4.168
3.07500,88.062,75.822,62.754,37.787,23.746,13.711,7.771,4.152
3.07917,88.028,75.788,62.758,37.836,23.830,13.800,7.761,4.101
3.08333,87.969,75.811,62.726,37.951,23.868,13.822,7.778,4.226
3.08750,87.999,75.754,62.699,37.895,23.901,13.827,7.823,4.201
3.09167,87.848,75.747,62.701,38.023,23.973,13.799,7.769,4.213
3.09583,87.836,75.649,62.670,37.945,24.032,13.859,7.853,4.194
3.10000,87.919,75.636,62.769,38.108,24.022,13.861,7.843,4.235
3.10417,87.907,75.612,62.748,38.158,24.094,13.834,7.784,4.239
3.10833,87.851,75.557,62.728,38.198,24.089,13.914,7.812,4.237
3.11250,87.832,75.613,62.688,38.235,24.104,13.935,7.791,4.230
3.11667,87.871,75.595,62.727,38.221,24.190,13.951,7.828,4.250
3.12083,87.851,75.630,62.765,38.245,24.186,13.988,7.787,4.227
3.12500,87.847,75.607,62.718,38.324,24.188,13.941,7.863,4.217
3.12917,87.835,75.602,62.780,38.311,24.199,14.085,7.863,4.203
3.13333,87.887,75.634,62.815,38.382,24.288,14.020,7.892,4.240
3.13750,87.885,75.595,62.799,38.494,24.313,14.061,7.875,4.223
3.14167,87.887,75.607,62.870,38.543,24.364,14.100,7.848,4.243
3.14583,87.926,75.732,62.887,38.554,24.399,14.115,7.937,4.253
3.15000,88.003,75.655,62.834,38.535,24.439,14.148,7.815,4.303
3.15417,87.934,75.625,62.933,38.649,24.448,14.208,7.944,4.261
3.15833,88.004,75.676,62.921,38.638,24.440,14.218,8.013,4.309
3.16250,88.022,75.721,62.930,38.748,24.540,14.169,7.956,4.248
3.16667,88.107,75.783,62.942,38.828,24.631,14.150,7.962,4.301
3.17083,88.154,75.750,63.000,38.894,24.576,14.219,8.084,4.279
3.17500,88.173,75.844,63.049,38.917,24.643,14.246,8.010,4.320
3.17917,88.227,75.871,63.157,38.923,24.681,14.273,8.057,4.341
3.18333,88.273,75.910,63.079,39.026,24.710,14.303,7.993,4.388
3.18750,88.301,75.925,63.211,39.060,24.758,14.290,7.983,4.331
3.19167,88.440,75.964,63.261,39.137,24.776,14.342,8.026,4.351
3.19583,88.419,76.005,63.260,39.111,24.814,14.373,8.054,4.297
3.20000,88.517,76.041,63.328,39.258,24.832,14.342,8.030,4.348
3.20417,88.581,76.083,63.403,39.218,24.927,14.352,8.115,4.318
3.20833,88.557,76.138,63.379,39.307,24.894,14.393,8.085,4.384
3.21250,88.641,76.242,63.460,39.381,24.948,14.412,8.117,4.444
3.21667,88.711,76.261,63.562,39.421,24.995,14.469,8.131,4.414
3.22083,88.808,76.318,63.584,39.462,25.064,14.441,8.126,4.305
3.22500,88.891,76.424,63.687,39.494,25.033,14.524,8.100,4.431
3.22917,88.936,76.468,63.748,39.614,25.130,14.525,8.176,4.429
3.23333,89.088,76.545,63.763,39.622,25.183,14.570,8.197,4.407
3.23750,89.116,76.519,63.839,39.670,25.175,14.543,8.205,4.372
3.24167,89.159,76.600,63.830,39.763,25.233,14.576,8.156,4.380
3.24583,89.182,76.714,63.937,39.814,25.253,14.595,8.250,4.404
3.25000,89.317,76.745,63.988,39.792,25.382,14.591,8.227,4.419
3.25417,89.375,76.841,64.091,39.960,25.321,14.667,8.173,4.366
3.25833,89.456,76.878,64.166,39.942,25.375,14.683,8.249,4.397
3.26250,89.575,76.971,64.212,39.990,25.472,14.669,8.250,4.484
3.26667,89.629,77.031,64.253,39.992,25.432,14.692,8.186,4.507
3.27083,89.766,77.167,64.271,40.059,25.475,14.724,8.255,4.455
3.27500,89.872,77.156,64.375,40.135,25.542,14.691,8.233,4.432
3.27917,89.951,77.267,64.392,40.252,25.563,14.719,8.270,4.459
3.28333,90.072,77.231,64.556,40.286,25.598,14.737,8.248,4.460
3.28750,90.143,77.394,64.610,40.313,25.611,14.782,8.326,4.421
3.29167,90.147,77.508,64.627,40.333,25.597,14.826,8.357,4.475
3.29583,90.318,77.582,64.757,40.446,25.696,14.864,8.295,4.463
3.30000,90.362,77.616,64.757,40.489,25.776,14.864,8.333,4.416
3.30417,90.497,77.636,64.845,40.604,25.806,14.855,8.332,4.468
3.30833,90.639,77.782,64.890,40.659,25.837,14.897,8.350,4.572
3.31250,90.562,77.870,65.029,40.642,25.907,14.922,8.353,4.480
3.31667,90.746,77.968,65.163,40.673,25.966,14.960,8.353,4.501
3.32083,90.857,78.041,65.196,40.762,25.911,14.993,8.424,4.479
3.32500,90.987,78.127,65.205,40.837,25.960,15.008,8.398,4.494
3.32917,91.129,78.221,65.219,40.823,26.074,15.051,8.430,4.489
3.33333,91.220,78.297,65.438,40.910,26.067,15.023,8.450,4.428
3.33750,91.321,78.354,65.391,41.008,26.077,15.071,8.437,4.561
3.34167,91.340,78.485,65.561,41.032,26.132,15.158,8.365,4.569
3.34583,91.460,78.578,65.596,41.153,26.175,15.129,8.492,4.487
3.35000,91.629,78.643,65.649,41.211,26.225,15.124,8.535,4.483
3.35417,91.651,78.775,65.731,41.213,26.303,15.205,8.544,4.475
3.35833,91.799,78.865,65.843,41.257,26.341,15.141,8.532,4.557
3.36250,91.935,78.966,65.947,41.370,26.300,15.195,8.509,4.522
3.36667,92.035,79.006,66.038,41.376,26.422,15.222,8.541,4.554
3.37083,92.178,79.106,66.071,41.422,26.445,15.248,8.497,4.554
3.37500,92.248,79.180,66.195,41.481,26.380,15.280,8.602,4.525
3.37917,92.390,79.307,66.211,41.571,26.469,15.272,8.540,4.582
3.38333,92.486,79.431,66.385,41.601,26.500,15.373,8.557,4.500
3.38750,92.585,79.452,66.465,41.680,26.571,15.365,8.556,4.548
3.39167,92.681,79.627,66.518,41.741,26.561,15.301,8.605,4.564
3.39583,92.769,79.643,66.590,41.844,26.639,15.331,8.568,4.538
3.40000,92.964,79.815,66.634,41.862,26.640,15.395,8.584,4.558
3.40417,93.003,79.895,66.812,41.942,26.724,15.386,8.610,4.598
3.40833,93.129,80.001,66.859,42.000,26.692,15.349,8.670,4.585
3.41250,93.300,80.075,66.973,42.040,26.829,15.480,8.654,4.636
3.41667,93.427,80.263,67.046,42.136,26.888,15.452,8.630,4.581
3.42083,93.511,80.216,67.095,42.159,26.918,15.496,8.681,4.627
3.42500,93.632,80.377,67.157,42.240,26.972,15.550,8.676,4.630
3.42917,93.673,80.504,67.306,42.220,26.939,15.561,8.747,4.679
3.43333,93.886,80.591,67.349,42.297,26.925,15.571,8.707,4.585
3.43750,94.016,80.730,67.446,42.346,27.071,15.568,8.685,4.631
3.44167,94.022,80.822,67.615,42.397,27.076,15.662,8.739,4.610
3.44583,94.202,80.905,67.614,42.537,27.115,15.652,8.793,4.620
3.45000,94.409,81.049,67.701,42.567,27.180,15.701,8.670,4.618
3.45417,94.502,81.177,67.808,42.614,27.221,15.707,8.768,4.620
3.45833,94.705,81.238,67.973,42.716,27.274,15.765,8.825,4.694
3.46250,94.814,81.435,68.049,42.794,27.215,15.690,8.743,4.704
3.46667,94.932,81.564,68.208,42.811,27.316,15.799,8.803,4.652
3.47083,95.055,81.792,68.339,42.886,27.426,15.908,8.853,4.683
3.47500,95.305,82.011,68.536,42.978,27.486,16.000,8.877,4.694
3.47917,95.540,82.349,68.712,43.157,27.564,16.186,8.908,4.664
3.48333,95.866,82.763,69.083,43.282,27.689,16.248,8.937,4.682
3.48750,96.302,83.324,69.523,43.514,27.759,16.625,9.025,4.668
3.49167,96.912,84.164,70.115,43.643,27.948,16.945,9.022,4.742
3.49583,97.506,85.254,70.894,43.970,28.231,17.604,9.224,4.730
3.50000,98.590,86.747,72.053,44.413,28.526,18.359,9.312,4.735
3.50417,99.812,88.830,73.539,44.987,28.989,19.467,9.580,4.709
3.50833,101.463,91.655,75.417,45.630,29.528,20.975,9.799,4.765
3.51250,103.676,95.269,78.020,46.601,30.287,22.918,10.184,4.807
3.51667,106.639,100.109,81.509,47.805,31.224,25.488,10.580,4.698
3.52083,110.319,106.377,85.851,49.366,32.425,28.843,11.193,4.824
3.52500,115.138,114.226,91.389,51.331,33.992,33.177,11.998,4.753
3.52917,121.012,124.158,98.503,53.783,35.920,38.582,12.887,4.800
3.53333,128.222,136.385,107.076,56.842,38.395,45.236,14.036,4.827
3.53750,137.103,151.225,117.609,60.524,41.314,53.288,15.494,4.856
3.54167,147.579,168.916,130.150,64.889,44.806,62.950,17.153,4.902
3.54583,159.961,189.645,144.833,70.079,48.926,74.281,19.205,4.897
3.55000,174.095,213.557,161.795,76.089,53.696,87.479,21.460,5.032
3.55417,190.239,240.719,180.996,82.772,59.000,102.234,24.090,5.095
3.55833,208.153,270.831,202.301,90.184,64.948,118.823,27.008,5.125
3.56250,227.755,303.735,225.636,98.419,71.478,136.930,30.175,5.237
3.56667,248.726,338.901,250.638,107.219,78.448,156.242,33.577,5.290
3.57083,270.634,375.646,276.803,116.449,85.839,176.579,37.183,5.356
3.57500,293.268,413.424,303.706,125.940,93.340,197.501,40.792,5.451
3.57917,315.825,451.122,330.624,135.440,100.953,218.493,44.561,5.545
3.58333,337.983,487.940,356.970,144.748,108.361,239.008,48.264,5.691
3.58750,359.077,522.909,381.988,153.673,115.440,258.454,51.536,5.613
3.59167,378.480,554.992,405.091,161.809,121.992,276.566,54.762,5.718
3.59583,395.653,583.310,425.458,169.072,127.801,292.450,57.584,5.866
3.60000,410.183,607.123,442.673,175.323,132.695,305.873,60.034,5.916
3.60417,421.562,625.837,456.257,180.083,136.560,316.374,61.870,5.990
3.60833,429.598,638.854,465.747,183.556,139.224,323.807,63.235,6.007
3.61250,434.092,646.176,471.026,185.455,140.731,327.915,63.985,5.947
3.61667,434.980,647.591,472.050,185.827,141.063,328.661,64.004,6.047
3.62083,432.461,643.137,468.897,184.788,140.204,326.170,63.673,6.005
3.62500,426.487,633.354,461.844,182.246,138.169,320.508,62.671,6.045
3.62917,417.557,618.585,451.140,178.505,135.116,312.097,61.214,5.992
3.63333,406.043,599.441,437.312,173.596,131.335,301.195,59.223,5.960
3.63750,392.233,576.622,420.763,167.766,126.646,288.237,56.999,5.896
3.64167,376.673,550.820,402.267,161.183,121.323,273.699,54.419,5.831
3.64583,359.850,522.803,382.144,154.079,115.706,257.839,51.578,5.725
3.65000,342.327,493.267,361.038,146.573,109.842,241.326,48.655,5.782
3.65417,324.158,463.128,339.423,139.017,103.675,224.440,45.705,5.599
3.65833,306.117,432.733,317.805,131.466,97.580,207.518,42.767,5.569
3.66250,288.476,403.089,296.614,124.043,91.664,190.895,39.817,5.528
3.66667,271.334,374.255,276.146,116.855,85.922,174.908,37.107,5.562
3.67083,254.995,346.748,256.575,109.999,80.503,159.604,34.358,5.451
3.67500,239.645,320.761,238.149,103.508,75.314,145.277,31.887,5.448
3.67917,225.323,296.530,221.063,97.581,70.617,131.817,29.536,5.352
3.68333,212.210,274.251,205.238,92.098,66.213,119.468,27.374,5.373
3.68750,200.183,253.819,190.753,87.023,62.192,108.248,25.475,5.276
3.69167,189.230,235.265,177.665,82.467,58.557,98.017,23.607,5.287
3.69583,179.417,218.527,165.803,78.372,55.318,88.670,21.993,5.242
3.70000,170.592,203.470,155.196,74.735,52.297,80.447,20.568,5.139
3.70417,162.691,190.095,145.710,71.507,49.714,73.005,19.348,5.179
3.70833,155.675,178.080,137.325,68.538,47.361,66.467,18.140,5.160
3.71250,149.526,167.508,129.774,65.875,45.402,60.592,17.093,5.164
3.71667,144.098,158.117,123.262,63.722,43.593,55.381,16.305,5.120
3.72083,139.261,149.861,117.381,61.695,41.912,50.765,15.489,5.149
3.72500,135.034,142.565,112.240,59.950,40.475,46.784,14.742,5.115
3.72917,131.276,136.145,107.697,58.446,39.244,43.213,14.117,5.110
3.73333,127.925,130.560,103.764,57.070,38.132,40.101,13.569,5.087
3.73750,125.224,125.560,100.255,55.814,37.238,37.311,13.164,5.127
3.74167,122.631,121.251,97.248,54.770,36.389,34.899,12.715,5.082
3.74583,120.465,117.445,94.604,53.923,35.628,32.842,12.324,5.110
3.75000,118.662,114.088,92.195,53.077,34.981,30.926,12.017,5.105
3.75417,116.877,111.177,90.195,52.457,34.471,29.269,11.749,5.065
3.75833,115.502,108.590,88.407,51.866,33.946,27.824,11.550,5.066
3.76250,114.312,106.495,86.860,51.350,33.507,26.614,11.344,5.146
3.76667,113.270,104.470,85.530,50.833,33.215,25.511,11.120,5.030
3.77083,112.283,102.848,84.274,50.577,32.819,24.501,10.943,5.142
3.77500,111.493,101.308,83.310,50.237,32.620,23.648,10.859,5.065
3.77917,110.814,100.068,82.512,49.879,32.466,22.933,10.728,5.096
3.78333,110.294,98.981,81.651,49.737,32.235,22.278,10.644,5.092
3.78750,109.728,98.050,80.960,49.394,32.030,21.759,10.522,5.113
3.79167,109.323,97.220,80.456,49.309,31.945,21.237,10.462,5.125
3.79583,109.029,96.523,79.999,49.159,31.783,20.770,10.322,5.025
3.80000,108.688,95.865,79.552,49.007,31.710,20.458,10.347,5.122
3.80417,108.454,95.345,79.239,48.951,31.630,20.156,10.229,5.135
3.80833,108.210,94.890,78.886,48.829,31.512,19.831,10.149,5.123
3.81250,108.122,94.510,78.687,48.821,31.455,19.583,10.232,5.136
3.81667,108.017,94.164,78.482,48.770,31.440,19.367,10.162,5.079
3.82083,107.900,93.947,78.296,48.712,31.412,19.237,10.094,5.122
3.82500,107.862,93.715,78.128,48.650,31.353,19.048,10.117,5.111
3.82917,107.765,93.551,78.011,48.722,31.388,18.903,10.220,5.175
3.83333,107.798,93.464,77.962,48.714,31.361,18.770,10.084,5.208
3.83750,107.772,93.292,77.978,48.726,31.349,18.640,10.048,5.194
3.84167,107.824,93.261,77.863,48.822,31.354,18.539,10.076,5.174
3.84583,107.885,93.197,77.875,48.784,31.291,18.453,10.075,5.189
3.85000,107.912,93.126,77.890,48.754,31.412,18.473,10.092,5.203
3.85417,107.938,93.117,77.864,48.799,31.415,18.345,10.011,5.168
3.85833,108.089,93.127,77.866,48.852,31.407,18.408,10.072,5.131
3.86250,108.082,93.169,77.924,48.870,31.465,18.314,10.075,5.162
3.86667,108.282,93.284,77.971,48.908,31.456,18.294,10.075,5.209
3.87083,108.350,93.275,78.096,49.007,31.482,18.255,10.142,5.251
3.87500,108.394,93.202,77.981,49.031,31.563,18.263,10.028,5.204
3.87917,108.532,93.355,78.166,49.129,31.531,18.276,10.144,5.185
3.88333,108.642,93.395,78.208,49.169,31.612,18.205,10.130,5.273
3.88750,108.713,93.517,78.252,49.225,31.557,18.167,10.082,5.204
3.89167,108.902,93.573,78.348,49.181,31.635,18.268,10.098,5.213
3.89583,109.030,93.657,78.397,49.315,31.646,18.328,10.146,5.201
3.90000,109.073,93.746,78.537,49.360,31.666,18.266,10.188,5.218
3.90417,109.282,93.872,78.557,49.459,31.797,18.257,10.152,5.235
3.90833,109.360,93.908,78.665,49.465,31.782,18.272,10.160,5.243
3.91250,109.481,93.970,78.712,49.586,31.828,18.253,10.193,5.227
3.91667,109.717,94.126,78.828,49.610,31.840,18.351,10.139,5.281
3.92083,109.758,94.303,78.972,49.614,31.914,18.303,10.189,5.271
3.92500,109.984,94.318,79.087,49.709,31.951,18.332,10.170,5.287
3.92917,110.096,94.461,79.097,49.733,31.977,18.316,10.218,5.217
3.93333,110.223,94.602,79.192,49.774,32.045,18.362,10.236,5.258
3.93750,110.293,94.637,79.294,49.874,32.032,18.384,10.218,5.311
3.94167,110.469,94.789,79.394,50.002,32.106,18.422,10.266,5.289
3.94583,110.689,94.957,79.471,50.031,32.169,18.415,10.286,5.279
3.95000,110.738,95.024,79.600,50.072,32.243,18.387,10.290,5.334
3.95417,110.898,95.181,79.692,50.130,32.189,18.480,10.287,5.328
3.95833,111.001,95.209,79.766,50.149,32.312,18.478,10.299,5.363
3.96250,111.183,95.386,79.966,50.270,32.274,18.549,10.259,5.341
3.96667,111.259,95.525,80.015,50.301,32.377,18.546,10.337,5.406
3.97083,111.524,95.588,80.129,50.455,32.401,18.615,10.364,5.298
3.97500,111.633,95.764,80.251,50.509,32.443,18.578,10.373,5.304
3.97917,111.700,95.836,80.296,50.600,32.471,18.715,10.335,5.313
3.98333,111.876,96.041,80.366,50.678,32.615,18.622,10.417,5.337
3.98750,112.019,96.146,80.530,50.605,32.588,18.625,10.403,5.431
3.99167,112.262,96.251,80.655,50.747,32.613,18.616,10.381,5.351
3.99583,112.294,96.401,80.744,50.845,32.674,18.675,10.442,5.445
4.00000,112.462,96.525,80.830,50.910,32.725,18.672,10.437,5.344
4.00417,112.618,96.573,80.950,50.951,32.734,18.776,10.377,5.410
4.00833,112.794,96.711,81.046,50.978,32.877,18.727,10.423,5.426
4.01250,112.929,96.885,81.110,51.091,32.784,18.784,10.460,5.456
4.01667,113.065,96.973,81.262,51.143,32.977,18.714,10.487,5.401
4.02083,113.242,97.065,81.353,51.206,32.964,18.813,10.534,5.436
4.02500,113.366,97.270,81.464,51.248,33.027,18.905,10.532,5.461
4.02917,113.539,97.387,81.625,51.352,33.012,18.912,10.455,5.467
4.03333,113.611,97.546,81.714,51.338,33.109,18.875,10.549,5.407
4.03750,113.777,97.620,81.793,51.492,33.105,18.889,10.599,5.400
4.04167,113.935,97.746,81.780,51.597,33.160,18.908,10.573,5.443
4.04583,114.070,97.910,81.997,51.623,33.233,18.985,10.498,5.422
4.05000,114.186,97.991,82.178,51.705,33.307,18.988,10.550,5.448
4.05417,114.437,98.142,82.236,51.702,33.288,19.012,10.659,5.433
4.05833,114.477,98.287,82.347,51.776,33.326,19.048,10.593,5.455
4.06250,114.659,98.361,82.428,51.867,33.397,19.108,10.626,5.442
4.06667,114.826,98.526,82.548,51.980,33.462,19.061,10.651,5.456
4.07083,114.982,98.672,82.673,51.959,33.471,19.105,10.622,5.494
4.07500,115.132,98.751,82.695,52.038,33.564,19.171,10.653,5.529
4.07917,115.285,98.861,82.895,52.157,33.606,19.213,10.699,5.510
4.08333,115.450,99.007,82.876,52.182,33.633,19.229,10.677,5.481
4.08750,115.586,99.111,83.023,52.251,33.590,19.226,10.667,5.534
4.09167,115.722,99.273,83.195,52.379,33.761,19.189,10.664,5.492
4.09583,115.872,99.400,83.291,52.421,33.744,19.296,10.771,5.574
4.10000,115.992,99.596,83.361,52.514,33.759,19.252,10.727,5.534
4.10417,116.204,99.686,83.510,52.575,33.845,19.329,10.771,5.531
4.10833,116.288,99.764,83.570,52.593,33.891,19.311,10.791,5.589
4.11250,116.429,99.877,83.718,52.650,33.905,19.407,10.704,5.540
4.11667,116.577,100.034,83.840,52.703,33.977,19.406,10.783,5.513
4.12083,116.775,100.196,83.970,52.797,34.001,19.470,10.801,5.581
4.12500,116.842,100.249,84.014,52.862,33.993,19.405,10.886,5.512
4.12917,117.014,100.401,84.118,52.921,34.106,19.484,10.854,5.599
4.13333,117.236,100.500,84.240,53.019,34.226,19.470,10.893,5.506
4.13750,117.356,100.644,84.349,53.060,34.282,19.517,10.877,5.587
4.14167,117.518,100.761,84.460,53.110,34.182,19.518,10.925,5.582
4.14583,117.604,100.886,84.570,53.219,34.260,19.577,10.889,5.543
4.15000,117.841,101.040,84.671,53.280,34.397,19.571,10.871,5.597
4.15417,117.910,101.237,84.752,53.333,34.371,19.670,10.925,5.594
4.15833,118.065,101.296,84.967,53.405,34.445,19.643,10.896,5.646
4.16250,118.190,101.374,84.973,53.484,34.469,19.652,10.902,5.600
4.16667,118.448,101.558,85.105,53.594,34.521,19.639,10.946,5.619
4.17083,118.545,101.608,85.261,53.633,34.588,19.691,11.046,5.637
4.17500,118.690,101.859,85.307,53.691,34.595,19.778,11.008,5.616
4.17917,118.862,101.931,85.414,53.780,34.637,19.821,10.998,5.556
4.18333,118.969,102.051,85.460,53.880,34.695,19.759,10.984,5.616
4.18750,119.187,102.242,85.646,53.957,34.707,19.784,11.005,5.631
4.19167,119.287,102.331,85.746,53.982,34.842,19.817,11.085,5.621
4.19583,119.427,102.457,85.894,53.994,34.795,19.868,11.053,5.708
4.20000,119.552,102.576,85.931,54.095,34.890,19.946,11.019,5.711
4.20417,119.737,102.747,86.097,54.193,34.923,19.890,11.012,5.628
4.20833,119.890,102.869,86.202,54.175,34.978,19.898,11.132,5.696
4.21250,120.047,102.927,86.291,54.258,34.941,19.922,11.109,5.648
4.21667,120.135,103.056,86.356,54.312,35.041,19.956,11.148,5.733
4.22083,120.361,103.174,86.497,54.441,35.038,20.008,11.080,5.696
4.22500,120.494,103.283,86.605,54.467,35.173,20.045,11.176,5.706
4.22917,120.626,103.496,86.731,54.612,35.197,20.055,11.159,5.687
4.23333,120.842,103.647,86.781,54.640,35.295,20.095,11.127,5.774
4.23750,121.003,103.734,86.885,54.722,35.292,20.035,11.238,5.670
4.24167,121.119,103.890,87.030,54.817,35.331,20.133,11.246,5.655
4.24583,121.252,103.956,87.219,54.888,35.356,20.152,11.225,5.708
4.25000,121.424,104.129,87.273,54.910,35.373,20.137,11.257,5.794
4.25417,121.532,104.274,87.373,54.950,35.444,20.258,11.250,5.774
4.25833,121.667,104.382,87.429,55.039,35.514,20.202,11.261,5.777
4.26250,121.857,104.457,87.555,55.062,35.675,20.216,11.359,5.756
4.26667,121.967,104.629,87.631,55.192,35.554,20.349,11.290,5.735
4.27083,122.172,104.799,87.762,55.348,35.688,20.338,11.242,5.746
4.27500,122.332,104.915,87.901,55.373,35.696,20.311,11.349,5.776
4.27917,122.454,105.014,87.953,55.379,35.773,20.331,11.338,5.759
4.28333,122.642,105.127,88.064,55.478,35.745,20.357,11.420,5.807
4.28750,122.756,105.212,88.249,55.581,35.805,20.397,11.291,5.769
4.29167,122.870,105.343,88.386,55.502,35.898,20.457,11.357,5.759
4.29583,123.053,105.574,88.445,55.656,35.894,20.452,11.309,5.821
4.30000,123.163,105.630,88.567,55.760,36.074,20.428,11.364,5.801
4.30417,123.334,105.833,88.678,55.835,36.031,20.517,11.421,5.825
4.30833,123.506,105.932,88.757,55.873,36.048,20.524,11.464,5.802
4.31250,123.679,106.045,88.865,55.908,36.083,20.548,11.444,5.805
4.31667,123.807,106.139,89.029,55.973,36.112,20.573,11.428,5.831
4.32083,123.964,106.335,89.141,56.087,36.197,20.610,11.520,5.867
4.32500,124.115,106.451,89.220,56.146,36.219,20.630,11.484,5.949
4.32917,124.260,106.628,89.263,56.238,36.251,20.665,11.461,5.899
4.33333,124.395,106.686,89.490,56.314,36.327,20.646,11.495,5.841
4.33750,124.586,106.837,89.556,56.348,36.355,20.690,11.551,5.885
4.34167,124.704,106.982,89.614,56.387,36.383,20.719,11.522,5.899
4.34583,124.867,107.162,89.800,56.491,36.521,20.738,11.564,5.916
4.35000,125.027,107.266,89.864,56.576,36.454,20.756,11.568,5.917
4.35417,125.177,107.266,89.984,56.626,36.541,20.825,11.548,5.922
4.35833,125.375,107.429,90.088,56.638,36.660,20.874,11.598,5.881
4.36250,125.508,107.636,90.190,56.792,36.660,20.870,11.581,5.966
4.36667,125.578,107.744,90.238,56.818,36.718,20.909,11.658,5.914
4.37083,125.802,107.852,90.454,56.934,36.765,20.940,11.696,5.955
4.37500,125.976,107.944,90.592,56.992,36.769,20.917,11.629,5.934
4.37917,126.042,108.161,90.629,57.068,36.809,20.973,11.638,5.906
4.38333,126.234,108.268,90.711,57.092,36.880,20.937,11.747,5.937
4.38750,126.382,108.427,90.816,57.210,36.921,20.995,11.713,5.970
4.39167,126.516,108.447,90.940,57.230,36.972,21.068,11.680,5.929
4.39583,126.636,108.615,91.018,57.348,37.008,21.074,11.693,5.898
4.40000,126.860,108.793,91.185,57.349,37.030,21.061,11.723,5.890
4.40417,126.953,108.894,91.222,57.416,37.161,21.092,11.729,5.975
4.40833,127.161,109.014,91.374,57.468,37.168,21.203,11.737,5.928
4.41250,127.294,109.199,91.525,57.537,37.169,21.120,11.809,5.978
4.41667,127.446,109.282,91.615,57.636,37.203,21.186,11.775,5.968
4.42083,127.628,109.418,91.743,57.711,37.254,21.199,11.790,6.003
4.42500,127.808,109.512,91.846,57.797,37.434,21.264,11.845,6.029
4.42917,127.828,109.674,91.993,57.914,37.349,21.252,11.848,6.030
4.43333,128.110,109.847,92.079,57.959,37.408,21.295,11.905,5.959
4.43750,128.194,109.967,92.170,58.015,37.437,21.298,11.922,5.970
4.44167,128.334,110.093,92.285,58.069,37.476,21.379,11.817,5.982
4.44583,128.541,110.249,92.350,58.151,37.529,21.345,11.929,5.997
4.45000,128.700,110.391,92.522,58.195,37.601,21.292,11.844,6.000
4.45417,128.784,110.464,92.629,58.324,37.713,21.394,11.898,6.037
4.45833,128.976,110.651,92.760,58.349,37.697,21.458,11.863,6.087
4.46250,129.145,110.792,92.831,58.466,37.764,21.437,11.935,6.016
4.46667,129.323,110.884,92.964,58.453,37.804,21.495,11.966,6.039
4.47083,129.419,111.044,93.086,58.525,37.843,21.533,11.927,6.103
4.47500,129.681,111.130,93.183,58.663,37.917,21.567,11.994,6.105
4.47917,129.772,111.266,93.240,58.697,37.927,21.501,12.038,6.081
4.48333,129.926,111.335,93.432,58.767,37.944,21.581,12.055,6.069
4.48750,130.027,111.549,93.465,58.853,38.031,21.611,12.075,6.150
4.49167,130.175,111.610,93.596,58.907,38.106,21.660,12.020,6.156
4.49583,130.368,111.832,93.730,58.907,38.127,21.634,12.081,6.093
4.50000,130.510,111.928,93.850,59.006,38.154,21.701,12.040,6.116
4.50417,130.629,112.052,93.964,58.996,38.188,21.704,12.014,6.145
4.50833,130.820,112.205,94.072,59.200,38.222,21.794,12.083,6.133
4.51250,130.970,112.283,94.107,59.194,38.277,21.797,12.156,6.104
4.51667,131.079,112.406,94.269,59.312,38.341,21.738,12.140,6.120
4.52083,131.233,112.522,94.412,59.406,38.380,21.877,12.178,6.132
4.52500,131.434,112.737,94.507,59.423,38.406,21.882,12.118,6.087
4.52917,131.628,112.833,94.607,59.436,38.393,21.880,12.147,6.139
4.53333,131.703,112.969,94.706,59.596,38.552,21.903,12.205,6.162
4.53750,131.923,113.145,94.838,59.601,38.559,21.907,12.197,6.181
4.54167,132.026,113.208,94.900,59.708,38.644,21.970,12.205,6.196
4.54583,132.165,113.338,95.016,59.762,38.652,21.895,12.238,6.111
4.55000,132.266,113.465,95.085,59.828,38.723,21.968,12.247,6.228
4.55417,132.540,113.552,95.261,59.938,38.767,22.024,12.218,6.179
4.55833,132.710,113.716,95.364,59.946,38.793,22.020,12.290,6.184
4.56250,132.831,113.812,95.479,60.047,38.813,22.094,12.280,6.238
4.56667,132.923,114.007,95.588,60.111,38.864,22.103,12.272,6.161
4.57083,133.140,114.140,95.718,60.149,38.928,22.152,12.347,6.199
4.57500,133.330,114.268,95.808,60.274,38.927,22.188,12.342,6.209
4.57917,133.401,114.356,95.911,60.315,39.052,22.183,12.336,6.143
4.58333,133.553,114.490,96.043,60.348,39.103,22.259,12.393,6.250
4.58750,133.670,114.658,96.137,60.450,39.118,22.175,12.332,6.227
4.59167,133.859,114.800,96.274,60.501,39.186,22.220,12.408,6.263
4.59583,134.002,114.888,96.424,60.611,39.172,22.234,12.406,6.239
4.60000,134.185,115.089,96.408,60.697,39.274,22.302,12.457,6.234
4.60417,134.334,115.197,96.552,60.689,39.309,22.326,12.418,6.247
4.60833,134.431,115.330,96.682,60.794,39.348,22.291,12.413,6.272
4.61250,134.602,115.438,96.754,60.843,39.471,22.336,12.484,6.303
4.61667,134.740,115.567,96.918,60.955,39.496,22.380,12.464,6.270
4.62083,134.968,115.777,97.051,61.051,39.486,22.389,12.454,6.286
4.62500,135.109,115.861,97.130,61.113,39.541,22.443,12.435,6.368
4.62917,135.254,115.970,97.230,61.145,39.524,22.441,12.436,6.346
4.63333,135.386,116.141,97.345,61.211,39.562,22.508,12.519,6.312
4.63750,135.576,116.225,97.472,61.348,39.734,22.512,12.592,6.277
4.64167,135.661,116.326,97.553,61.331,39.727,22.565,12.514,6.335
4.64583,135.865,116.467,97.720,61.443,39.821,22.586,12.505,6.380
4.65000,136.029,116.658,97.847,61.459,39.854,22.597,12.519,6.301
4.65417,136.141,116.820,97.921,61.534,39.877,22.650,12.555,6.328
4.65833,136.358,116.904,98.023,61.646,39.910,22.634,12.681,6.367
4.66250,136.492,116.993,98.208,61.736,39.979,22.662,12.508,6.349
4.66667,136.699,117.185,98.263,61.778,40.010,22.758,12.550,6.336
4.67083,136.787,117.299,98.364,61.923,40.093,22.718,12.602,6.314
4.67500,136.903,117.429,98.523,61.918,40.156,22.746,12.625,6.381
4.67917,137.092,117.565,98.562,61.983,40.113,22.850,12.642,6.354
4.68333,137.342,117.679,98.760,62.050,40.088,22.823,12.643,6.372
4.68750,137.377,117.794,98.877,62.126,40.223,22.816,12.707,6.431
4.69167,137.554,118.010,98.893,62.217,40.259,22.882,12.686,6.367
4.69583,137.694,118.084,99.044,62.243,40.351,22.907,12.738,6.375
4.70000,137.826,118.228,99.058,62.338,40.449,22.857,12.655,6.431
4.70417,137.961,118.312,99.250,62.405,40.356,22.968,12.713,6.398
4.70833,138.177,118.479,99.394,62.515,40.469,22.971,12.765,6.366
4.71250,138.291,118.607,99.487,62.625,40.480,23.015,12.750,6.402
4.71667,138.482,118.783,99.576,62.578,40.557,23.055,12.718,6.393
4.72083,138.662,118.948,99.672,62.644,40.610,23.012,12.803,6.403
4.72500,138.774,119.012,99.744,62.762,40.650,23.048,12.783,6.430
4.72917,138.997,119.070,99.914,62.934,40.703,23.013,12.846,6.449
4.73333,139.072,119.318,100.031,62.935,40.755,23.123,12.794,6.467
4.73750,139.254,119.380,100.093,62.958,40.837,23.106,12.798,6.496
4.74167,139.467,119.536,100.261,63.025,40.808,23.152,12.860,6.527
4.74583,139.620,119.666,100.365,63.110,40.876,23.251,12.872,6.492
4.75000,139.657,119.840,100.450,63.183,40.880,23.182,12.892,6.527
4.75417,139.881,119.952,100.527,63.265,40.999,23.287,12.960,6.531
4.75833,140.032,120.034,100.663,63.310,41.042,23.223,12.963,6.413
4.76250,140.127,120.173,100.752,63.411,41.086,23.311,12.892,6.537
4.76667,140.297,120.346,100.898,63.457,41.100,23.322,12.912,6.442
4.77083,140.437,120.436,100.947,63.548,41.212,23.295,12.975,6.503
4.77500,140.602,120.481,101.170,63.608,41.268,23.385,12.998,6.466
4.77917,140.820,120.706,101.195,63.725,41.189,23.384,13.000,6.507
4.78333,140.994,120.865,101.272,63.740,41.307,23.433,13.014,6.501
4.78750,141.086,121.025,101.443,63.806,41.338,23.437,12.959,6.501
4.79167,141.239,121.100,101.553,63.893,41.402,23.426,12.990,6.578
4.79583,141.360,121.195,101.748,63.886,41.399,23.455,13.027,6.534
4.80000,141.468,121.411,101.811,63.951,41.435,23.535,13.094,6.500
4.80417,141.729,121.449,101.934,64.058,41.461,23.581,13.080,6.559
4.80833,141.856,121.626,101.979,64.162,41.564,23.581,13.086,6.551
4.81250,141.982,121.742,102.172,64.194,41.643,23.629,13.094,6.557
4.81667,142.184,121.864,102.242,64.282,41.734,23.602,13.146,6.575
4.82083,142.361,122.013,102.338,64.441,41.721,23.727,13.084,6.569
4.82500,142.451,122.193,102.473,64.436,41.776,23.637,13.177,6.554
4.82917,142.641,122.234,102.603,64.452,41.860,23.734,13.161,6.658
4.83333,142.741,122.382,102.684,64.560,41.907,23.699,13.171,6.633
4.83750,142.921,122.511,102.803,64.623,41.959,23.828,13.176,6.533
4.84167,143.107,122.682,102.906,64.711,41.996,23.746,13.223,6.596
4.84583,143.219,122.837,102.968,64.793,42.049,23.836,13.255,6.616
4.85000,143.330,122.939,103.117,64.819,42.038,23.805,13.204,6.641
4.85417,143.580,123.019,103.204,64.827,42.102,23.893,13.242,6.631
4.85833,143.689,123.192,103.392,65.019,42.125,23.869,13.235,6.651
4.86250,143.773,123.243,103.441,65.051,42.203,23.923,13.338,6.659
4.86667,143.982,123.410,103.530,65.153,42.234,23.868,13.296,6.698
4.87083,144.156,123.594,103.671,65.263,42.194,23.983,13.359,6.664
4.87500,144.262,123.717,103.793,65.229,42.284,23.904,13.331,6.686
4.87917,144.405,123.838,103.871,65.395,42.358,23.946,13.339,6.719
4.88333,144.599,123.950,103.996,65.371,42.405,24.028,13.298,6.698
4.88750,144.726,124.142,104.165,65.440,42.431,24.052,13.374,6.724
4.89167,144.938,124.252,104.196,65.509,42.553,24.053,13.379,6.733
4.89583,145.052,124.336,104.395,65.573,42.478,24.110,13.451,6.690
4.90000,145.180,124.455,104.426,65.720,42.529,24.186,13.314,6.737
4.90417,145.384,124.629,104.623,65.715,42.604,24.115,13.399,6.707
4.90833,145.566,124.756,104.683,65.828,42.661,24.181,13.388,6.758
4.91250,145.701,124.912,104.727,65.857,42.774,24.253,13.369,6.696
4.91667,145.839,125.061,104.856,65.956,42.805,24.224,13.448,6.785
4.92083,146.049,125.126,105.047,66.034,42.885,24.205,13.531,6.744
4.92500,146.092,125.286,105.165,66.088,42.897,24.268,13.491,6.738
4.92917,146.262,125.429,105.233,66.156,42.932,24.344,13.516,6.805
4.93333,146.422,125.572,105.344,66.165,42.974,24.265,13.521,6.700
4.93750,146.651,125.708,105.448,66.294,43.048,24.350,13.511,6.799
4.94167,146.757,125.807,105.494,66.349,43.036,24.420,13.562,6.733
4.94583,146.867,125.973,105.648,66.446,43.125,24.419,13.588,6.780
4.95000,147.076,126.060,105.794,66.508,43.162,24.451,13.499,6.744
4.95417,147.219,126.195,105.904,66.568,43.152,24.465,13.564,6.736
4.95833,147.361,126.358,106.010,66.575,43.252,24.368,13.595,6.813
4.96250,147.577,126.502,106.099,66.760,43.320,24.542,13.573,6.828
4.96667,147.692,126.556,106.250,66.803,43.256,24.563,13.615,6.828
4.97083,147.776,126.764,106.319,66.851,43.331,24.605,13.690,6.775
4.97500,147.973,126.832,106.375,66.937,43.469,24.572,13.677,6.749
4.97917,148.118,127.010,106.536,67.054,43.468,24.616,13.605,6.863
4.98333,148.250,127.105,106.648,67.056,43.523,24.652,13.662,6.835
4.98750,148.462,127.166,106.763,67.080,43.590,24.658,13.641,6.831
4.99167,148.553,127.412,106.793,67.224,43.580,24.612,13.669,6.858
4.99583,148.704,127.500,106.957,67.255,43.693,24.715,13.707,6.820
5.00000,148.857,127.619,107.143,67.346,43.721,24.751,13.668,6.861
5.00417,149.022,127.799,107.171,67.381,43.666,24.779,13.761,6.871
5.00833,149.170,127.945,107.258,67.396,43.750,24.760,13.760,6.904
5.01250,149.379,128.003,107.451,67.538,43.793,24.874,13.791,6.924
5.01667,149.456,128.154,107.507,67.616,43.836,24.869,13.824,6.825
5.02083,149.603,128.346,107.650,67.599,43.938,24.834,13.861,6.893
5.02500,149.754,128.405,107.681,67.807,43.969,24.851,13.838,6.924
5.02917,149.882,128.521,107.845,67.819,43.994,24.929,13.772,6.910
5.03333,150.089,128.666,108.001,67.937,44.125,24.928,13.779,6.900
5.03750,150.215,128.790,108.087,67.994,44.139,24.959,13.885,6.906
5.04167,150.437,128.989,108.141,68.028,44.150,25.017,13.844,6.961
5.04583,150.538,129.067,108.312,68.128,44.194,25.009,13.933,6.886
5.05000,150.677,129.198,108.383,68.199,44.179,25.097,13.907,6.898
5.05417,150.932,129.369,108.492,68.185,44.347,25.059,13.845,7.003
5.05833,150.984,129.493,108.616,68.322,44.374,25.104,13.924,6.889
5.06250,151.114,129.563,108.777,68.383,44.394,25.107,13.925,6.956
5.06667,151.339,129.692,108.805,68.439,44.497,25.120,13.960,6.958
5.07083,151.500,129.824,108.934,68.476,44.474,25.213,14.014,6.970
5.07500,151.604,129.999,109.020,68.554,44.522,25.188,14.016,6.949
5.07917,151.742,130.102,109.089,68.602,44.586,25.249,13.954,6.940
5.08333,151.880,130.264,109.270,68.705,44.610,25.202,13.979,7.007
5.08750,152.077,130.326,109.389,68.799,44.705,25.273,14.004,6.992
5.09167,152.234,130.505,109.505,68.841,44.747,25.328,13.973,6.965
5.09583,152.347,130.603,109.679,68.895,44.722,25.261,14.072,7.020
5.10000,152.509,130.687,109.696,68.930,44.803,25.367,14.034,7.023
5.10417,152.651,130.883,109.771,69.043,44.866,25.357,14.096,7.024
5.10833,152.795,131.024,109.999,69.068,44.907,25.394,14.101,6.985
5.11250,152.927,131.135,110.081,69.163,44.907,25.413,14.075,7.035
5.11667,153.159,131.258,110.108,69.255,44.932,25.524,14.115,6.991
5.12083,153.326,131.419,110.293,69.223,45.034,25.523,14.138,7.000
5.12500,153.434,131.538,110.400,69.398,45.077,25.440,14.186,7.061
5.12917,153.629,131.703,110.531,69.454,45.146,25.540,14.154,7.072
5.13333,153.691,131.820,110.612,69.472,45.210,25.498,14.168,7.054
5.13750,153.898,131.942,110.675,69.623,45.223,25.594,14.143,7.132
5.14167,153.973,131.978,110.841,69.691,45.259,25.641,14.100,7.032
5.14583,154.140,132.138,110.907,69.666,45.272,25.588,14.237,7.075
5.15000,154.367,132.279,111.055,69.779,45.360,25.683,14.182,7.056
5.15417,154.480,132.452,111.094,69.831,45.432,25.690,14.245,7.031
5.15833,154.644,132.544,111.265,69.931,45.478,25.743,14.283,7.160
5.16250,154.820,132.687,111.312,69.973,45.438,25.790,14.305,7.107
5.16667,154.944,132.793,111.473,70.067,45.546,25.775,14.231,7.079
5.17083,155.065,132.872,111.533,70.118,45.522,25.736,14.319,7.093
5.17500,155.245,133.048,111.696,70.189,45.624,25.792,14.225,7.080
5.17917,155.396,133.244,111.774,70.285,45.694,25.918,14.298,7.179
5.18333,155.482,133.338,111.960,70.329,45.643,25.897,14.368,7.100
5.18750,155.697,133.431,112.026,70.444,45.779,25.878,14.335,7.173
5.19167,155.810,133.650,112.145,70.445,45.776,25.922,14.420,7.126
5.19583,155.994,133.678,112.180,70.532,45.893,25.897,14.387,7.174
5.20000,156.150,133.859,112.319,70.635,45.810,25.955,14.393,7.234
5.20417,156.295,133.939,112.373,70.641,45.963,26.021,14.380,7.173
5.20833,156.454,134.073,112.549,70.732,45.997,25.989,14.485,7.122
5.21250,156.649,134.236,112.670,70.794,46.021,25.987,14.470,7.143
5.21667,156.745,134.344,112.741,70.880,46.110,26.036,14.465,7.233
5.22083,156.865,134.537,112.858,70.987,46.117,26.090,14.455,7.158
5.22500,157.013,134.674,112.971,70.960,46.225,26.066,14.516,7.166
5.22917,157.165,134.751,113.139,71.094,46.118,26.107,14.470,7.173
5.23333,157.367,134.819,113.197,71.171,46.298,26.146,14.504,7.218
5.23750,157.456,135.030,113.324,71.229,46.246,26.167,14.486,7.212
5.24167,157.708,135.141,113.406,71.250,46.287,26.236,14.516,7.235
5.24583,157.747,135.223,113.437,71.374,46.413,26.191,14.503,7.193
5.25000,157.951,135.335,113.678,71.451,46.489,26.277,14.549,7.194
5.25417,158.122,135.481,113.718,71.457,46.508,26.332,14.522,7.272
5.25833,158.210,135.679,113.842,71.613,46.464,26.358,14.576,7.209
5.26250,158.401,135.874,113.999,71.717,46.608,26.342,14.609,7.208
5.26667,158.518,135.893,114.075,71.809,46.612,26.379,14.515,7.227
5.27083,158.707,136.069,114.235,71.975,46.731,26.351,14.606,7.290
5.27500,158.888,136.229,114.412,72.141,46.677,26.374,14.654,7.233
5.27917,159.092,136.426,114.622,72.302,46.886,26.394,14.630,7.268
5.28333,159.342,136.656,114.810,72.628,46.977,26.457,14.675,7.216
5.28750,159.599,136.784,115.126,72.994,47.145,26.502,14.690,7.285
5.29167,159.850,137.126,115.469,73.449,47.257,26.452,14.704,7.328
5.29583,160.163,137.472,115.934,74.103,47.597,26.537,14.667,7.366
5.30000,160.498,137.900,116.468,75.038,47.886,26.620,14.722,7.287
5.30417,161.069,138.480,117.182,76.207,48.325,26.631,14.725,7.337
5.30833,161.701,139.074,118.243,77.802,48.896,26.733,14.798,7.381
5.31250,162.462,139.915,119.475,79.950,49.662,26.768,14.747,7.346
5.31667,163.384,141.036,121.035,82.752,50.605,26.900,14.789,7.272
5.32083,164.605,142.415,123.206,86.529,51.924,26.872,14.832,7.356
5.32500,166.144,144.165,125.931,91.273,53.602,27.053,14.911,7.334
5.32917,168.076,146.345,129.357,97.243,55.584,27.210,14.910,7.301
5.33333,170.458,149.087,133.690,104.775,58.274,27.404,14.965,7.337
5.33750,173.366,152.474,138.927,114.117,61.342,27.648,15.062,7.441
5.34167,176.935,156.577,145.419,125.583,65.404,27.796,15.078,7.433
5.34583,181.178,161.526,153.288,139.381,70.035,28.116,15.158,7.512
5.35000,186.287,167.361,162.537,155.843,75.799,28.430,15.315,7.485
5.35417,192.209,174.331,173.516,175.258,82.422,28.946,15.407,7.501
5.35833,199.144,182.286,186.181,197.892,90.238,29.495,15.495,7.502
5.36250,207.006,191.478,200.758,223.749,99.012,29.922,15.653,7.444
5.36667,215.952,201.837,217.210,252.855,109.082,30.579,15.806,7.548
5.37083,225.837,213.268,235.498,285.359,120.239,31.280,15.994,7.574
5.37500,236.668,226.004,255.597,321.033,132.546,31.982,16.207,7.628
5.37917,248.440,239.729,277.395,359.456,145.884,32.753,16.477,7.711
5.38333,260.997,254.181,300.539,400.333,159.991,33.684,16.650,7.768
5.38750,274.119,269.523,324.767,443.010,174.916,34.530,16.866,7.779
5.39167,287.615,285.356,349.778,487.039,190.254,35.506,17.120,7.863
5.39583,301.455,301.240,375.138,531.316,205.750,36.348,17.281,7.853
5.40000,315.118,317.157,400.291,575.075,221.304,37.323,17.568,7.971
5.40417,328.360,332.741,424.755,617.543,236.347,38.222,17.808,8.074
5.40833,341.118,347.411,448.081,657.756,250.729,39.154,18.053,8.047
5.41250,352.931,361.196,469.640,694.856,264.114,39.975,18.308,8.057
5.41667,363.576,373.599,489.137,728.119,276.172,40.748,18.453,8.134
5.42083,372.953,384.337,506.059,756.812,286.690,41.354,18.702,8.221
5.42500,380.681,393.315,519.986,780.445,295.399,41.887,18.798,8.212
5.42917,386.541,400.190,530.827,798.526,302.055,42.335,18.842,8.202
5.43333,390.696,404.978,538.235,810.959,306.726,42.694,19.004,8.235
5.43750,393.017,407.588,542.268,817.419,309.108,42.769,19.081,8.260
5.44167,393.337,408.008,542.731,818.255,309.474,42.844,19.008,8.239
5.44583,391.856,406.209,539.890,813.408,307.644,42.750,19.035,8.283
5.45000,388.726,402.445,533.927,803.214,303.904,42.587,18.947,8.309
5.45417,383.888,396.780,524.965,787.929,298.345,42.215,18.861,8.270
5.45833,377.708,389.542,513.361,768.266,291.105,41.845,18.803,8.280
5.46250,370.223,380.858,499.524,744.606,282.447,41.291,18.680,8.196
5.46667,361.844,370.890,483.758,717.655,272.665,40.733,18.583,8.143
5.47083,352.452,360.071,466.535,688.060,262.007,40.224,18.390,8.177
5.47500,342.634,348.528,448.245,656.253,250.570,39.555,18.274,8.114
5.47917,332.427,336.553,429.178,623.173,238.730,38.826,18.133,8.084
5.48333,321.960,324.374,409.709,589.282,226.672,38.140,17.969,8.043
5.48750,311.657,312.101,390.263,555.155,214.717,37.406,17.779,8.056
5.49167,301.217,300.006,371.008,521.319,202.801,36.797,17.598,8.025
5.49583,291.178,288.262,352.072,488.098,191.239,36.193,17.489,7.977
5.50000,281.521,276.858,333.952,456.003,179.947,35.470,17.287,7.974
5.50417,272.169,266.038,316.631,425.280,169.314,34.805,17.168,7.950
5.50833,263.481,255.739,300.176,396.070,159.141,34.227,17.037,7.897
5.51250,255.240,246.134,284.675,368.447,149.645,33.674,16.926,7.878
5.51667,247.561,237.149,270.139,342.776,140.739,33.138,16.733,7.845
5.52083,240.438,228.713,256.735,318.819,132.531,32.749,16.726,7.890
5.52500,233.837,221.034,244.428,296.550,124.929,32.386,16.591,7.812
5.52917,227.844,214.021,232.967,276.226,117.858,31.877,16.490,7.814
5.53333,222.246,207.524,222.493,257.484,111.459,31.558,16.300,7.864
5.53750,217.374,201.569,212.919,240.335,105.626,31.237,16.298,7.794
5.54167,212.749,196.178,204.225,224.708,100.306,30.882,16.246,7.765
5.54583,208.651,191.276,196.393,210.515,95.480,30.745,16.169,7.781
5.55000,204.836,186.930,189.232,197.622,91.091,30.439,16.121,7.758
5.55417,201.474,182.884,182.658,186.010,87.119,30.289,16.056,7.735
5.55833,198.398,179.261,176.832,175.316,83.438,30.063,15.976,7.771
5.56250,195.743,176.062,171.590,165.743,80.246,29.893,16.059,7.780
5.56667,193.204,173.139,166.762,157.043,77.356,29.718,16.008,7.726
5.57083,191.022,170.554,162.506,149.376,74.652,29.604,15.903,7.793
5.57500,188.975,168.154,158.650,142.177,72.229,29.465,15.920,7.776
5.57917,187.232,166.037,155.099,135.903,70.062,29.376,15.955,7.728
5.58333,185.631,164.146,151.991,130.167,68.195,29.310,15.842,7.742
5.58750,184.192,162.388,149.166,125.050,66.509,29.229,15.883,7.708
5.59167,183.005,160.919,146.657,120.340,64.931,29.113,15.859,7.794
5.59583,181.878,159.521,144.394,116.147,63.497,29.034,15.896,7.748
5.60000,180.937,158.308,142.395,112.364,62.187,29.012,15.797,7.800
5.60417,179.951,157.202,140.478,109.018,61.107,28.973,15.806,7.746
5.60833,179.119,156.215,138.824,105.934,60.086,29.005,15.838,7.725
5.61250,178.445,155.323,137.323,103.209,59.098,28.883,15.819,7.801
5.61667,177.885,154.593,136.089,100.643,58.299,28.920,15.816,7.776
5.62083,177.252,153.950,134.915,98.454,57.588,28.897,15.849,7.749
5.62500,176.811,153.298,133.802,96.438,56.880,28.778,15.791,7.741
5.62917,176.432,152.779,132.877,94.606,56.328,28.791,15.874,7.824
5.63333,176.063,152.331,131.988,92.922,55.849,28.769,15.901,7.752
5.63750,175.764,151.951,131.293,91.557,55.289,28.805,15.854,7.741
5.64167,175.481,151.540,130.629,90.308,54.851,28.791,15.861,7.790
5.64583,175.248,151.231,130.001,89.068,54.560,28.787,15.803,7.769
5.65000,175.050,151.055,129.565,88.031,54.186,28.797,15.878,7.808
5.65417,174.929,150.691,129.136,87.098,53.867,28.763,15.764,7.864
5.65833,174.812,150.585,128.654,86.247,53.591,28.822,15.853,7.807
5.66250,174.718,150.422,128.305,85.512,53.423,28.833,15.893,7.733
5.66667,174.544,150.267,127.993,84.823,53.158,28.827,15.939,7.858
5.67083,174.608,150.203,127.804,84.180,52.924,28.762,15.963,7.822
5.67500,174.493,150.139,127.430,83.741,52.843,28.830,15.909,7.845
5.67917,174.563,150.035,127.321,83.226,52.685,28.881,15.938,7.875
5.68333,174.464,149.964,127.148,82.813,52.530,28.883,15.930,7.760
5.68750,174.502,149.979,127.006,82.401,52.458,28.893,15.935,7.824
5.69167,174.494,149.918,126.842,82.053,52.319,28.898,15.965,7.887
5.69583,174.587,149.911,126.720,81.787,52.208,28.924,15.990,7.884
5.70000,174.649,149.989,126.607,81.530,52.199,28.952,15.924,7.896
5.70417,174.655,149.959,126.639,81.277,52.158,28.982,15.959,7.861
5.70833,174.780,149.988,126.570,81.156,52.118,29.001,16.018,7.870
5.71250,174.852,149.977,126.533,80.963,52.091,29.017,16.029,7.809
5.71667,174.861,150.081,126.552,80.809,52.041,28.956,16.043,7.878
5.72083,174.988,150.092,126.468,80.671,52.063,29.062,16.039,7.876
5.72500,175.079,150.175,126.579,80.502,52.003,29.061,16.067,7.874
5.72917,175.175,150.286,126.519,80.415,51.944,29.089,16.106,7.873
5.73333,175.187,150.357,126.611,80.332,51.990,29.066,16.109,7.887
5.73750,175.360,150.376,126.631,80.374,51.997,29.070,16.052,7.865
5.74167,175.437,150.438,126.650,80.258,51.947,29.170,16.089,7.903
5.74583,175.596,150.573,126.605,80.282,51.993,29.183,16.149,7.940
5.75000,175.673,150.660,126.751,80.202,52.019,29.118,16.184,7.887
5.75417,175.813,150.708,126.757,80.148,52.060,29.218,16.163,7.973
5.75833,175.990,150.808,126.845,80.153,52.013,29.233,16.232,7.946
5.76250,176.034,150.966,126.944,80.178,52.040,29.175,16.158,7.869
5.76667,176.179,150.998,126.986,80.150,52.044,29.278,16.182,7.933
5.77083,176.245,151.067,127.038,80.208,52.076,29.249,16.214,7.946
5.77500,176.437,151.302,127.155,80.230,52.114,29.305,16.261,7.935
5.77917,176.504,151.321,127.229,80.183,52.124,29.317,16.194,8.002
5.78333,176.619,151.416,127.294,80.242,52.162,29.330,16.261,7.977
5.78750,176.752,151.532,127.354,80.220,52.280,29.403,16.249,8.039
5.79167,176.876,151.710,127.399,80.232,52.229,29.428,16.287,8.029
5.79583,177.023,151.798,127.507,80.338,52.308,29.441,16.319,7.990
5.80000,177.155,151.934,127.584,80.294,52.271,29.454,16.280,8.034
5.80417,177.276,152.032,127.666,80.378,52.314,29.463,16.349,7.983
5.80833,177.428,152.090,127.850,80.400,52.334,29.466,16.283,8.046
5.81250,177.553,152.241,127.894,80.441,52.365,29.507,16.318,8.017
5.81667,177.712,152.365,127.974,80.508,52.417,29.558,16.329,7.989
5.82083,177.837,152.422,128.045,80.569,52.493,29.545,16.383,8.023
5.82500,178.033,152.579,128.100,80.587,52.523,29.636,16.371,8.047
5.82917,178.083,152.641,128.263,80.675,52.605,29.593,16.313,7.996
5.83333,178.242,152.830,128.385,80.754,52.573,29.553,16.421,8.010
5.83750,178.365,152.942,128.425,80.749,52.607,29.672,16.346,7.981
5.84167,178.560,153.053,128.534,80.836,52.667,29.653,16.466,8.107
5.84583,178.673,153.205,128.549,80.840,52.738,29.683,16.398,7.981
5.85000,178.791,153.234,128.718,80.942,52.751,29.754,16.400,8.055
5.85417,178.898,153.395,128.804,80.998,52.773,29.744,16.537,8.054
5.85833,179.054,153.461,128.917,81.058,52.826,29.691,16.498,8.097
5.86250,179.255,153.561,129.022,81.060,52.920,29.777,16.472,8.137
5.86667,179.404,153.731,129.104,81.162,52.904,29.857,16.508,8.008
5.87083,179.521,153.769,129.154,81.229,52.983,29.811,16.529,8.067
5.87500,179.635,154.023,129.251,81.335,52.975,29.867,16.533,8.093
5.87917,179.805,154.061,129.461,81.362,53.027,29.819,16.540,8.138
5.88333,179.956,154.124,129.497,81.371,53.072,29.916,16.527,8.072
5.88750,180.006,154.299,129.633,81.518,53.139,29.924,16.582,8.097
5.89167,180.151,154.470,129.671,81.474,53.116,29.997,16.582,8.121
5.89583,180.327,154.623,129.788,81.613,53.191,29.902,16.566,8.091
5.90000,180.435,154.624,129.909,81.555,53.273,29.977,16.615,8.143
5.90417,180.598,154.817,130.001,81.593,53.257,29.999,16.615,8.156
5.90833,180.806,154.903,130.115,81.738,53.357,30.073,16.561,8.166
5.91250,180.843,155.076,130.221,81.800,53.301,30.056,16.636,8.134
5.91667,181.080,155.085,130.273,81.861,53.358,30.080,16.611,8.121
5.92083,181.159,155.285,130.368,81.913,53.438,30.125,16.694,8.182
5.92500,181.265,155.378,130.414,82.057,53.512,30.081,16.702,8.149
5.92917,181.447,155.513,130.574,82.012,53.495,30.125,16.704,8.162
5.93333,181.577,155.640,130.654,82.106,53.536,30.163,16.740,8.201
5.93750,181.656,155.783,130.751,82.126,53.544,30.186,16.751,8.187
5.94167,181.810,155.838,130.905,82.305,53.584,30.229,16.727,8.232
5.94583,182.006,156.020,130.982,82.327,53.696,30.249,16.697,8.268
5.95000,182.150,156.076,131.111,82.414,53.794,30.306,16.743,8.136
5.95417,182.250,156.236,131.243,82.473,53.784,30.340,16.763,8.228
5.95833,182.358,156.368,131.300,82.473,53.828,30.291,16.817,8.195
5.96250,182.500,156.431,131.426,82.532,53.871,30.315,16.762,8.190
5.96667,182.663,156.555,131.493,82.603,53.959,30.250,16.796,8.228
5.97083,182.771,156.692,131.573,82.719,54.041,30.352,16.775,8.167
5.97500,182.893,156.771,131.681,82.696,54.011,30.394,16.809,8.226
5.97917,183.021,156.891,131.756,82.794,53.994,30.428,16.826,8.197
5.98333,183.251,156.951,131.832,82.833,54.054,30.447,16.826,8.251
5.98750,183.378,157.153,131.962,82.927,54.133,30.470,16.891,8.158
5.99167,183.473,157.242,132.123,83.006,54.143,30.458,16.869,8.264
5.99583,183.569,157.418,132.184,83.026,54.177,30.486,16.827,8.193
6.00000,183.745,157.492,132.250,83.131,54.273,30.483,16.850,8.258
6.00417,183.859,157.649,132.348,83.149,54.269,30.522,16.868,8.199
6.00833,184.026,157.739,132.388,83.239,54.294,30.587,16.912,8.280
6.01250,184.093,157.882,132.548,83.301,54.346,30.576,16.941,8.268
6.01667,184.277,157.959,132.693,83.325,54.476,30.615,16.962,8.315
6.02083,184.463,158.053,132.748,83.432,54.436,30.666,16.962,8.246
6.02500,184.597,158.238,132.870,83.460,54.471,30.685,16.924,8.275
6.02917,184.707,158.338,132.913,83.530,54.528,30.713,17.002,8.275
6.03333,184.829,158.387,133.047,83.636,54.594,30.705,16.993,8.313
6.03750,184.959,158.574,133.138,83.659,54.552,30.809,16.986,8.322
6.04167,185.055,158.647,133.282,83.724,54.699,30.776,17.003,8.345
6.04583,185.267,158.753,133.362,83.732,54.714,30.765,17.021,8.310
6.05000,185.320,158.969,133.456,83.801,54.699,30.833,17.064,8.327
6.05417,185.497,159.004,133.515,83.831,54.789,30.896,17.034,8.288
6.05833,185.626,159.094,133.590,83.963,54.855,30.865,17.030,8.378
6.06250,185.775,159.243,133.762,84.049,54.836,30.839,17.119,8.323
6.06667,185.902,159.411,133.846,84.070,54.887,30.888,17.062,8.319
6.07083,186.038,159.447,133.916,84.150,54.909,30.899,17.070,8.391
6.07500,186.196,159.547,134.054,84.236,54.965,31.036,17.159,8.351
6.07917,186.276,159.712,134.143,84.248,54.948,30.952,17.135,8.347
6.08333,186.468,159.788,134.128,84.320,55.053,30.937,17.147,8.314
6.08750,186.599,159.912,134.357,84.346,55.091,31.071,17.105,8.359
6.09167,186.688,160.101,134.374,84.434,55.156,30.991,17.130,8.350
6.09583,186.841,160.137,134.499,84.494,55.195,31.003,17.137,8.422
6.10000,186.990,160.196,134.593,84.556,55.148,31.076,17.237,8.411
6.10417,187.133,160.393,134.664,84.668,55.252,31.104,17.224,8.442
6.10833,187.287,160.482,134.801,84.673,55.271,31.151,17.150,8.464
6.11250,187.422,160.600,134.899,84.726,55.319,31.167,17.239,8.369
6.11667,187.504,160.785,134.970,84.761,55.381,31.136,17.245,8.391
6.12083,187.686,160.804,135.059,84.922,55.412,31.195,17.269,8.434
6.12500,187.846,160.949,135.198,84.977,55.420,31.260,17.268,8.420
6.12917,187.906,161.041,135.283,85.018,55.471,31.282,17.295,8.381
6.13333,188.039,161.156,135.403,85.062,55.593,31.269,17.339,8.500
6.13750,188.270,161.210,135.486,85.123,55.622,31.308,17.354,8.372
6.14167,188.344,161.455,135.598,85.149,55.591,31.347,17.324,8.436
6.14583,188.465,161.558,135.645,85.251,55.665,31.367,17.242,8.441
6.15000,188.607,161.623,135.747,85.267,55.707,31.336,17.313,8.446
6.15417,188.753,161.742,135.876,85.352,55.704,31.346,17.362,8.454
6.15833,188.851,161.838,135.947,85.358,55.770,31.410,17.370,8.432
6.16250,188.985,161.998,136.060,85.453,55.779,31.362,17.325,8.461
6.16667,189.100,162.150,136.135,85.561,55.883,31.413,17.400,8.479
6.17083,189.228,162.188,136.283,85.593,55.921,31.448,17.408,8.518
6.17500,189.453,162.389,136.284,85.660,55.943,31.481,17.390,8.476
6.17917,189.531,162.448,136.370,85.739,55.970,31.524,17.445,8.481
6.18333,189.690,162.557,136.582,85.807,56.022,31.536,17.424,8.467
6.18750,189.776,162.674,136.645,85.811,56.031,31.579,17.448,8.531
6.19167,189.882,162.759,136.701,85.861,56.123,31.540,17.500,8.503
6.19583,190.068,162.873,136.801,85.995,56.050,31.626,17.508,8.525
6.20000,190.221,162.985,136.981,86.023,56.207,31.652,17.501,8.476
6.20417,190.345,163.076,137.063,86.066,56.206,31.612,17.501,8.492
6.20833,190.460,163.240,137.127,86.138,56.248,31.702,17.518,8.539
6.21250,190.586,163.377,137.153,86.168,56.297,31.646,17.612,8.498
6.21667,190.721,163.513,137.307,86.215,56.387,31.693,17.523,8.554
6.22083,190.930,163.567,137.339,86.311,56.362,31.715,17.614,8.498
6.22500,190.987,163.721,137.471,86.358,56.421,31.760,17.500,8.550
6.22917,191.111,163.810,137.628,86.393,56.475,31.770,17.499,8.606
6.23333,191.187,163.898,137.683,86.524,56.523,31.834,17.608,8.548
6.23750,191.405,163.991,137.807,86.597,56.522,31.747,17.579,8.613
6.24167,191.533,164.173,137.870,86.654,56.521,31.859,17.591,8.501
6.24583,191.637,164.218,137.945,86.627,56.624,31.877,17.638,8.570
6.25000,191.809,164.380,138.033,86.735,56.664,31.909,17.593,8.664
6.25417,191.989,164.463,138.199,86.766,56.708,31.904,17.702,8.553
6.25833,191.976,164.615,138.199,86.846,56.796,31.949,17.677,8.610
6.26250,192.230,164.724,138.308,86.990,56.744,31.935,17.621,8.687
6.26667,192.313,164.812,138.409,86.979,56.846,31.940,17.665,8.617
6.27083,192.426,164.945,138.528,87.054,56.832,31.977,17.648,8.622
6.27500,192.527,165.075,138.639,87.137,56.914,32.070,17.718,8.590
6.27917,192.680,165.105,138.717,87.150,56.971,32.017,17.676,8.592
6.28333,192.831,165.304,138.850,87.257,57.006,32.060,17.744,8.639
6.28750,192.932,165.358,138.907,87.290,56.994,32.091,17.753,8.593
6.29167,193.046,165.527,139.013,87.306,57.047,32.068,17.800,8.602
6.29583,193.234,165.579,139.137,87.350,57.140,32.107,17.779,8.693
6.30000,193.385,165.728,139.221,87.440,57.051,32.128,17.730,8.644
6.30417,193.517,165.817,139.330,87.521,57.219,32.175,17.797,8.645
6.30833,193.612,165.890,139.357,87.569,57.172,32.216,17.733,8.653
6.31250,193.788,166.058,139.511,87.601,57.317,32.280,17.775,8.646
6.31667,193.825,166.166,139.580,87.712,57.351,32.279,17.833,8.653
6.32083,193.984,166.266,139.642,87.788,57.272,32.222,17.809,8.704
6.32500,194.186,166.387,139.786,87.822,57.408,32.242,17.771,8.696
6.32917,194.244,166.448,139.877,87.881,57.463,32.295,17.873,8.701
6.33333,194.370,166.635,139.993,87.894,57.434,32.291,17.925,8.743
6.33750,194.573,166.724,140.039,88.022,57.481,32.335,17.897,8.708
6.34167,194.720,166.885,140.101,88.003,57.592,32.413,17.908,8.682
6.34583,194.838,166.932,140.209,88.089,57.557,32.385,17.884,8.667
6.35000,194.938,167.074,140.354,88.125,57.654,32.459,17.937,8.713
6.35417,194.991,167.170,140.436,88.206,57.685,32.400,17.924,8.692
6.35833,195.161,167.270,140.542,88.243,57.713,32.409,17.856,8.678
6.36250,195.356,167.404,140.597,88.338,57.696,32.519,17.910,8.763
6.36667,195.430,167.503,140.673,88.312,57.751,32.556,18.001,8.694
6.37083,195.576,167.589,140.804,88.488,57.813,32.516,17.967,8.768
6.37500,195.737,167.728,140.899,88.501,57.845,32.552,17.996,8.720
6.37917,195.813,167.828,140.986,88.600,57.918,32.533,17.998,8.703
6.38333,195.965,167.997,141.071,88.566,57.945,32.562,18.067,8.751
6.38750,196.030,168.072,141.181,88.685,57.951,32.553,17.996,8.769
6.39167,196.264,168.159,141.247,88.804,57.964,32.580,18.004,8.750
6.39583,196.374,168.256,141.279,88.853,58.037,32.656,18.035,8.798
6.40000,196.451,168.392,141.432,88.869,58.060,32.617,18.050,8.768
6.40417,196.644,168.470,141.511,88.899,58.075,32.680,18.054,8.807
6.40833,196.764,168.611,141.663,88.940,58.142,32.686,18.142,8.741
6.41250,196.847,168.718,141.730,89.058,58.197,32.759,18.101,8.826
6.41667,197.013,168.752,141.896,89.070,58.273,32.792,18.075,8.771
6.42083,197.117,168.992,141.932,89.138,58.372,32.769,18.083,8.756
6.42500,197.301,169.032,142.003,89.129,58.280,32.724,18.067,8.833
6.42917,197.363,169.115,142.083,89.268,58.332,32.739,18.108,8.829
6.43333,197.566,169.261,142.138,89.319,58.420,32.885,18.097,8.845
6.43750,197.697,169.398,142.299,89.385,58.476,32.889,18.092,8.835
6.44167,197.764,169.550,142.396,89.433,58.445,32.847,18.179,8.846
6.44583,197.937,169.660,142.503,89.474,58.510,32.930,18.191,8.804
6.45000,198.004,169.736,142.575,89.568,58.582,32.937,18.147,8.790
6.45417,198.167,169.816,142.683,89.627,58.553,32.957,18.203,8.856
6.45833,198.265,169.960,142.728,89.722,58.626,32.936,18.232,8.860
6.46250,198.345,170.070,142.876,89.752,58.630,33.011,18.198,8.845
6.46667,198.528,170.162,142.932,89.760,58.714,32.996,18.307,8.863
6.47083,198.618,170.252,143.011,89.831,58.646,33.006,18.279,8.896
6.47500,198.777,170.370,143.130,89.849,58.821,33.099,18.231,8.789
6.47917,198.905,170.552,143.240,89.922,58.785,33.029,18.291,8.830
6.48333,199.051,170.569,143.320,90.029,58.891,33.123,18.295,8.789
6.48750,199.183,170.701,143.401,90.060,58.936,33.107,18.255,8.899
6.49167,199.325,170.884,143.449,90.110,58.975,33.075,18.403,8.895
6.49583,199.450,170.964,143.604,90.183,58.950,33.102,18.377,8.882
6.50000,199.556,171.060,143.663,90.320,59.055,33.167,18.330,8.887
6.50417,199.657,171.223,143.649,90.349,59.009,33.206,18.302,8.959
6.50833,199.725,171.279,143.874,90.374,59.117,33.157,18.325,8.865
6.51250,200.016,171.323,143.966,90.396,59.197,33.240,18.387,8.927
6.51667,200.142,171.462,144.032,90.423,59.132,33.293,18.461,8.898
6.52083,200.217,171.561,144.139,90.492,59.142,33.289,18.430,8.951
6.52500,200.331,171.687,144.264,90.602,59.241,33.280,18.447,8.943
6.52917,200.481,171.787,144.333,90.631,59.292,33.312,18.431,8.927
6.53333,200.571,171.902,144.439,90.719,59.261,33.367,18.425,8.891
6.53750,200.674,172.045,144.498,90.815,59.363,33.359,18.373,8.969
6.54167,200.829,172.108,144.677,90.860,59.376,33.337,18.426,8.881
6.54583,201.043,172.184,144.677,90.909,59.447,33.330,18.476,8.971
6.55000,201.132,172.328,144.749,90.968,59.495,33.423,18.457,8.943
6.55417,201.221,172.474,144.950,91.004,59.551,33.461,18.539,8.896
6.55833,201.331,172.563,144.937,91.036,59.570,33.467,18.513,8.952
6.56250,201.517,172.734,145.070,91.147,59.568,33.488,18.498,9.001
6.56667,201.532,172.772,145.186,91.190,59.601,33.492,18.554,9.012
6.57083,201.747,172.893,145.222,91.240,59.659,33.589,18.529,9.034
6.57500,201.809,172.987,145.336,91.344,59.633,33.518,18.540,9.004
6.57917,201.978,173.163,145.512,91.401,59.711,33.540,18.544,9.013
6.58333,202.075,173.229,145.518,91.373,59.760,33.548,18.616,8.971
6.58750,202.231,173.319,145.577,91.463,59.859,33.595,18.565,8.958
6.59167,202.343,173.492,145.707,91.526,59.839,33.639,18.568,8.961
6.59583,202.473,173.558,145.681,91.597,59.882,33.702,18.570,9.059
6.60000,202.613,173.664,145.865,91.650,59.937,33.644,18.628,9.080
6.60417,202.804,173.750,146.019,91.688,60.018,33.701,18.665,9.077
6.60833,202.823,173.852,146.033,91.743,60.052,33.692,18.625,8.989
6.61250,202.984,173.928,146.239,91.850,60.052,33.699,18.610,9.042
6.61667,203.122,174.082,146.235,91.928,60.060,33.757,18.655,9.042
6.62083,203.222,174.174,146.386,91.922,60.154,33.845,18.655,9.048
6.62500,203.412,174.389,146.426,91.999,60.198,33.815,18.679,9.081
6.62917,203.409,174.406,146.599,92.100,60.161,33.865,18.657,9.082
6.63333,203.605,174.527,146.690,92.098,60.212,33.850,18.640,9.066
6.63750,203.732,174.653,146.758,92.165,60.310,33.890,18.721,9.070
6.64167,203.819,174.740,146.762,92.220,60.280,33.880,18.675,9.102
6.64583,204.011,174.810,146.895,92.240,60.324,33.893,18.726,9.073
6.65000,204.156,174.974,146.984,92.287,60.429,33.921,18.725,9.123
6.65417,204.254,174.996,147.094,92.399,60.424,33.972,18.738,9.131
6.65833,204.394,175.126,147.142,92.384,60.528,33.985,18.799,9.151
6.66250,204.467,175.199,147.251,92.500,60.558,33.979,18.843,9.058
6.66667,204.655,175.351,147.427,92.503,60.557,34.028,18.768,9.111
6.67083,204.790,175.502,147.425,92.625,60.589,34.045,18.797,9.054
6.67500,204.934,175.529,147.505,92.715,60.673,34.031,18.864,9.090
6.67917,205.007,175.734,147.720,92.769,60.692,34.033,18.890,9.137
6.68333,205.220,175.845,147.811,92.846,60.726,34.129,18.896,9.164
6.68750,205.335,175.959,147.881,92.900,60.808,34.158,18.917,9.122
6.69167,205.524,176.121,147.964,93.001,60.821,34.188,18.959,9.108
6.69583,205.655,176.198,148.066,93.122,60.962,34.222,18.976,9.096
6.70000,205.824,176.374,148.243,93.300,61.072,34.265,18.998,9.195
6.70417,206.052,176.627,148.453,93.367,61.173,34.348,19.118,9.177
6.70833,206.251,176.741,148.718,93.655,61.419,34.456,19.200,9.061
6.71250,206.558,177.043,148.969,93.822,61.512,34.581,19.362,9.141
6.71667,206.891,177.361,149.245,94.238,61.823,34.676,19.511,9.159
6.72083,207.290,177.613,149.563,94.684,62.132,34.871,19.686,9.242
6.72500,207.679,178.031,150.023,95.187,62.598,35.045,19.998,9.196
6.72917,208.323,178.472,150.609,95.831,63.097,35.395,20.372,9.186
6.73333,209.044,179.161,151.282,96.729,63.811,35.750,20.819,9.202
6.73750,209.805,179.854,152.100,97.771,64.678,36.142,21.384,9.168
6.74167,210.851,180.766,153.192,99.131,65.707,36.657,22.111,9.264
6.74583,212.087,181.847,154.418,100.638,67.040,37.333,22.957,9.220
6.75000,213.606,183.021,155.929,102.677,68.669,38.109,24.042,9.280
6.75417,215.281,184.572,157.772,105.064,70.552,39.200,25.387,9.341
6.75833,217.509,186.425,159.946,107.853,72.828,40.317,26.900,9.381
6.76250,219.945,188.556,162.571,111.173,75.622,41.766,28.788,9.468
6.76667,222.763,191.031,165.542,115.101,78.735,43.299,30.914,9.474
6.77083,226.126,193.904,169.003,119.644,82.426,45.170,33.452,9.522
6.77500,229.829,197.122,173.020,124.762,86.648,47.430,36.406,9.589
6.77917,234.160,200.768,177.515,130.691,91.387,49.778,39.621,9.693
6.78333,238.918,204.936,182.510,137.202,96.704,52.554,43.317,9.827
6.78750,244.180,209.462,188.025,144.387,102.679,55.507,47.351,9.829
6.79167,249.920,214.436,194.068,152.322,109.002,58.873,51.824,9.965
6.79583,256.077,219.756,200.572,160.770,115.975,62.353,56.607,10.057
6.80000,262.642,225.404,207.394,169.876,123.435,66.129,61.636,10.155
6.80417,269.463,231.351,214.812,179.455,131.220,70.156,66.950,10.288
6.80833,276.635,237.496,222.302,189.262,139.234,74.204,72.565,10.359
6.81250,283.943,243.852,229.954,199.269,147.418,78.446,78.124,10.584
6.81667,291.249,250.199,237.699,209.414,155.792,82.694,83.831,10.691
6.82083,298.473,256.479,245.324,219.409,163.900,86.877,89.501,10.805
6.82500,305.549,262.508,252.778,229.213,171.919,90.906,94.979,10.897
6.82917,312.308,268.356,259.837,238.488,179.541,94.847,100.184,11.023
6.83333,318.600,273.781,266.428,247.246,186.595,98.454,105.040,11.178
6.83750,324.378,278.771,272.475,255.122,193.052,101.801,109.559,11.254
6.84167,329.441,283.139,277.852,262.042,198.778,104.700,113.518,11.338
6.84583,333.775,286.897,282.423,267.971,203.588,107.195,116.793,11.419
6.85000,337.347,289.899,286.052,272.737,207.527,109.221,119.497,11.511
6.85417,339.875,292.151,288.816,276.349,210.432,110.658,121.461,11.456
6.85833,341.643,293.639,290.617,278.589,212.327,111.645,122.777,11.561
6.86250,342.402,294.343,291.530,279.636,213.118,112.046,123.324,11.566
6.86667,342.355,294.291,291.318,279.448,212.933,111.903,123.138,11.590
6.87083,341.295,293.482,290.284,277.996,211.727,111.404,122.334,11.601
6.87500,339.678,291.984,288.346,275.357,209.567,110.223,120.839,11.469
6.87917,337.095,289.754,285.617,271.683,206.583,108.745,118.710,11.615
6.88333,333.906,286.978,282.150,267.107,202.851,106.723,116.056,11.512
6.88750,330.112,283.784,278.187,261.713,198.384,104.550,113.086,11.423
6.89167,325.846,280.005,273.579,255.598,193.384,101.961,109.612,11.336
6.89583,321.201,275.951,268.587,249.001,187.921,99.133,105.777,11.265
6.90000,316.162,271.622,263.192,241.823,182.136,96.175,101.795,11.156
6.90417,310.971,267.158,257.647,234.382,176.100,93.143,97.645,11.019
6.90833,305.642,262.531,251.921,226.898,169.893,89.874,93.325,10.964
6.91250,300.285,257.979,246.222,219.282,163.627,86.783,88.942,10.894
6.91667,294.946,253.263,240.484,211.720,157.400,83.546,84.631,10.788
6.92083,289.622,248.726,234.884,204.276,151.303,80.531,80.426,10.752
6.92500,284.443,244.241,229.411,196.953,145.353,77.342,76.348,10.591
6.92917,279.527,240.030,224.102,189.894,139.557,74.421,72.302,10.563
6.93333,274.779,235.896,219.019,183.162,134.028,71.588,68.441,10.505
6.93750,270.271,232.023,214.179,176.677,128.716,68.928,64.793,10.430
6.94167,266.046,228.325,209.661,170.614,123.758,66.372,61.354,10.391
6.94583,262.043,224.902,205.378,164.940,119.053,63.959,58.065,10.253
6.95000,258.220,221.533,201.324,159.502,114.659,61.779,55.029,10.256
6.95417,254.709,218.644,197.648,154.587,110.527,59.657,52.202,10.189
6.95833,251.504,215.756,194.095,149.822,106.748,57.663,49.553,10.138
6.96250,248.555,213.165,190.891,145.564,103.252,55.889,47.114,10.047
6.96667,245.698,210.745,187.838,141.515,99.976,54.278,44.923,10.016
6.97083,243.160,208.639,185.090,137.909,96.846,52.717,42.749,9.931
6.97500,240.857,206.518,182.592,134.432,94.172,51.319,40.850,9.935
6.97917,238.733,204.735,180.296,131.339,91.585,49.955,39.137,9.833
6.98333,236.742,203.015,178.119,128.492,89.275,48.756,37.469,9.811
6.98750,235.003,201.520,176.208,125.858,87.131,47.647,35.909,9.783
6.99167,233.336,200.092,174.450,123.489,85.102,46.700,34.584,9.856
6.99583,231.889,198.762,172.829,121.263,83.325,45.807,33.285,9.804
7.00000,230.438,197.573,171.333,119.297,81.710,44.893,32.073,9.758
7.00417,229.228,196.569,170.050,117.479,80.182,44.170,31.110,9.787
7.00833,228.170,195.653,168.797,115.775,78.771,43.424,30.180,9.702
7.01250,227.201,194.764,167.719,114.274,77.559,42.765,29.344,9.700
7.01667,226.248,194.004,166.710,112.912,76.433,42.255,28.475,9.725
7.02083,225.412,193.290,165.792,111.614,75.376,41.693,27.755,9.723
7.02500,224.643,192.616,164.955,110.398,74.348,41.216,27.153,9.652
7.02917,223.995,192.130,164.217,109.443,73.583,40.830,26.419,9.698
7.03333,223.425,191.543,163.632,108.456,72.806,40.368,25.940,9.623
7.03750,222.840,191.065,162.927,107.516,72.013,40.020,25.405,9.662
7.04167,222.348,190.615,162.366,106.734,71.352,39.709,25.016,9.639
7.04583,221.959,190.295,161.882,106.031,70.776,39.421,24.500,9.644
7.05000,221.611,189.946,161.386,105.410,70.220,39.051,24.156,9.635
7.05417,221.210,189.622,161.062,104.739,69.724,38.880,23.792,9.680
7.05833,220.976,189.333,160.649,104.228,69.312,38.602,23.389,9.591
7.06250,220.708,189.114,160.299,103.808,68.824,38.431,23.127,9.633
7.06667,220.464,188.893,160.037,103.287,68.533,38.259,22.892,9.641
7.07083,220.281,188.804,159.743,103.024,68.177,38.066,22.617,9.609
7.07500,220.037,188.552,159.532,102.615,67.868,37.868,22.446,9.644
7.07917,219.914,188.463,159.388,102.242,67.587,37.766,22.172,9.614
7.08333,219.815,188.398,159.221,101.934,67.352,37.693,22.009,9.658
7.08750,219.635,188.302,159.076,101.703,67.161,37.522,21.896,9.649
7.09167,219.530,188.247,158.922,101.496,66.961,37.447,21.679,9.671
7.09583,219.504,188.142,158.808,101.238,66.752,37.330,21.554,9.644
7.10000,219.523,188.126,158.720,101.081,66.578,37.278,21.387,9.653
7.10417,219.396,188.148,158.661,100.882,66.429,37.222,21.334,9.624
7.10833,219.450,188.045,158.548,100.748,66.360,37.049,21.215,9.646
7.11250,219.407,188.057,158.578,100.604,66.231,37.031,21.119,9.690
7.11667,219.485,188.004,158.435,100.451,66.099,36.997,21.039,9.671
7.12083,219.351,188.064,158.477,100.450,66.011,36.954,20.981,9.729
7.12500,219.486,188.056,158.461,100.300,66.004,36.937,20.898,9.707
7.12917,219.516,188.083,158.339,100.246,65.873,36.962,20.802,9.753
7.13333,219.496,188.130,158.443,100.211,65.797,36.900,20.814,9.634
7.13750,219.631,188.167,158.443,100.124,65.734,36.813,20.773,9.687
7.14167,219.609,188.235,158.423,100.011,65.772,36.793,20.636,9.700
7.14583,219.694,188.244,158.382,100.095,65.664,36.841,20.618,9.650
7.15000,219.718,188.303,158.519,100.029,65.685,36.784,20.678,9.654
7.15417,219.799,188.481,158.523,100.021,65.714,36.745,20.565,9.672
7.15833,219.906,188.415,158.543,100.004,65.652,36.765,20.543,9.659
7.16250,219.958,188.472,158.606,99.938,65.629,36.826,20.519,9.705
7.16667,220.044,188.633,158.613,99.995,65.639,36.775,20.483,9.689
7.17083,220.106,188.648,158.702,99.977,65.559,36.814,20.461,9.728
7.17500,220.233,188.760,158.766,99.976,65.528,36.800,20.514,9.730
7.17917,220.341,188.800,158.840,100.059,65.620,36.805,20.464,9.686
7.18333,220.419,188.831,158.872,99.991,65.587,36.780,20.459,9.775
7.18750,220.480,188.963,158.920,99.990,65.598,36.749,20.449,9.723
7.19167,220.627,189.084,158.933,100.031,65.534,36.822,20.380,9.713
7.19583,220.758,189.223,159.071,100.017,65.627,36.797,20.438,9.733
7.20000,220.793,189.329,159.148,100.094,65.664,36.805,20.389,9.777
7.20417,220.904,189.322,159.176,100.176,65.714,36.852,20.387,9.776
7.20833,221.031,189.386,159.267,100.183,65.593,36.862,20.493,9.730
7.21250,221.196,189.493,159.337,100.190,65.721,36.883,20.334,9.780
7.21667,221.247,189.586,159.389,100.165,65.675,36.846,20.299,9.839
7.22083,221.395,189.712,159.499,100.263,65.697,36.924,20.340,9.836
7.22500,221.483,189.774,159.632,100.338,65.742,36.864,20.359,9.742
7.22917,221.610,189.867,159.608,100.343,65.815,36.950,20.387,9.815
7.23333,221.678,190.020,159.682,100.341,65.709,36.966,20.338,9.777
7.23750,221.785,190.168,159.821,100.395,65.842,36.896,20.400,9.762
7.24167,221.877,190.195,159.821,100.479,65.854,36.887,20.412,9.863
7.24583,222.017,190.291,159.988,100.534,65.915,36.954,20.416,9.798
7.25000,222.121,190.391,160.099,100.598,65.916,36.916,20.465,9.841
7.25417,222.328,190.510,160.123,100.608,66.000,36.996,20.428,9.825
7.25833,222.388,190.548,160.265,100.707,66.075,37.026,20.446,9.763
7.26250,222.523,190.720,160.317,100.762,66.049,37.003,20.460,9.859
7.26667,222.640,190.855,160.423,100.762,65.989,37.089,20.542,9.862
7.27083,222.759,190.958,160.554,100.832,66.067,37.065,20.525,9.857
7.27500,222.927,191.015,160.544,100.856,66.076,37.074,20.490,9.883
7.27917,223.025,191.105,160.714,100.904,66.140,37.016,20.563,9.850
7.28333,223.083,191.269,160.743,100.992,66.186,37.139,20.440,9.851
7.28750,223.298,191.350,160.858,101.046,66.266,37.125,20.484,9.900
7.29167,223.495,191.465,160.931,101.069,66.214,37.201,20.498,9.872
7.29583,223.548,191.539,161.004,101.153,66.273,37.193,20.549,9.854
7.30000,223.647,191.634,161.119,101.184,66.331,37.278,20.520,9.860
7.30417,223.827,191.718,161.222,101.256,66.278,37.216,20.526,9.853
7.30833,223.949,191.781,161.291,101.284,66.383,37.213,20.548,9.858
7.31250,224.069,191.984,161.339,101.367,66.413,37.295,20.615,9.851
7.31667,224.120,192.023,161.417,101.404,66.475,37.275,20.532,9.853
7.32083,224.215,192.257,161.542,101.468,66.511,37.286,20.612,9.835
7.32500,224.423,192.302,161.632,101.551,66.497,37.341,20.641,9.921
7.32917,224.498,192.470,161.754,101.605,66.520,37.326,20.583,9.919
7.33333,224.648,192.510,161.783,101.636,66.630,37.333,20.652,9.955
7.33750,224.850,192.690,161.876,101.666,66.619,37.392,20.661,9.976
7.34167,224.864,192.775,161.943,101.677,66.654,37.376,20.648,9.926
7.34583,224.937,192.844,162.116,101.760,66.725,37.445,20.637,9.913
7.35000,225.167,192.972,162.204,101.818,66.794,37.416,20.617,9.936
7.35417,225.237,193.071,162.284,101.935,66.816,37.509,20.660,10.010
7.35833,225.373,193.183,162.359,101.975,66.872,37.441,20.643,9.986
7.36250,225.497,193.301,162.430,101.980,66.880,37.516,20.707,9.948
7.36667,225.618,193.413,162.551,102.072,66.942,37.525,20.722,10.015
7.37083,225.777,193.469,162.604,102.115,67.032,37.533,20.723,9.970
7.37500,225.878,193.659,162.684,102.237,66.994,37.641,20.723,9.951
7.37917,225.991,193.689,162.860,102.292,67.057,37.649,20.777,9.936
7.38333,226.190,193.821,162.874,102.243,67.047,37.627,20.707,9.965
7.38750,226.262,193.905,162.949,102.420,67.116,37.602,20.748,9.990
7.39167,226.389,194.037,163.093,102.423,67.143,37.549,20.786,10.027
7.39583,226.517,194.092,163.163,102.424,67.143,37.663,20.848,9.949
7.40000,226.647,194.236,163.325,102.491,67.164,37.623,20.763,9.965
7.40417,226.754,194.302,163.340,102.615,67.276,37.650,20.859,10.008
7.40833,226.947,194.444,163.518,102.694,67.248,37.709,20.816,10.064
7.41250,227.006,194.604,163.608,102.673,67.349,37.782,20.833,9.986
7.41667,227.190,194.689,163.643,102.733,67.357,37.746,20.851,10.051
7.42083,227.276,194.779,163.665,102.817,67.449,37.754,20.805,10.038
7.42500,227.454,194.876,163.909,102.874,67.444,37.852,20.905,10.076
7.42917,227.528,195.065,163.894,102.968,67.529,37.864,20.867,10.061
7.43333,227.649,195.124,164.009,103.005,67.518,37.839,20.899,10.049
7.43750,227.764,195.221,164.120,103.020,67.542,37.875,20.866,10.033
7.44167,227.987,195.276,164.289,103.129,67.582,37.924,20.924,10.024
7.44583,228.066,195.497,164.263,103.177,67.631,37.955,20.930,10.051
7.45000,228.203,195.477,164.412,103.200,67.680,37.956,20.931,10.034
7.45417,228.288,195.587,164.428,103.256,67.676,37.987,20.994,10.020
7.45833,228.458,195.761,164.560,103.332,67.758,37.983,20.943,10.032
7.46250,228.642,195.884,164.678,103.444,67.865,38.005,20.956,10.046
7.46667,228.689,196.019,164.766,103.501,67.847,38.014,20.966,10.039
7.47083,228.844,196.147,164.775,103.527,67.881,38.093,21.056,10.067
7.47500,228.916,196.160,164.975,103.644,67.872,38.072,20.962,10.065
7.47917,229.046,196.337,165.032,103.679,67.902,38.119,20.977,10.077
7.48333,229.185,196.392,165.109,103.711,67.951,38.077,21.028,10.131
7.48750,229.269,196.585,165.167,103.751,68.006,38.067,21.045,10.104
7.49167,229.521,196.705,165.395,103.846,68.047,38.167,21.050,10.077
7.49583,229.613,196.808,165.414,103.865,68.183,38.148,21.012,10.062
7.50000,229.677,196.850,165.482,103.818,68.212,38.117,21.077,10.145
7.50417,229.856,196.973,165.535,103.994,68.178,38.271,21.067,10.118
7.50833,229.929,197.051,165.737,104.059,68.266,38.227,21.105,10.079
7.51250,230.093,197.234,165.782,104.131,68.244,38.299,21.081,10.134
7.51667,230.177,197.336,165.759,104.160,68.299,38.247,21.126,10.118
7.52083,230.366,197.427,165.981,104.203,68.334,38.299,21.088,10.152
7.52500,230.565,197.519,166.039,104.289,68.406,38.358,21.206,10.147
7.52917,230.644,197.668,166.141,104.364,68.403,38.396,21.180,10.157
7.53333,230.720,197.795,166.192,104.334,68.411,38.321,21.169,10.146
7.53750,230.972,197.847,166.245,104.435,68.505,38.373,21.164,10.165
7.54167,231.085,197.968,166.472,104.482,68.469,38.398,21.188,10.192
7.54583,231.180,198.082,166.539,104.616,68.525,38.443,21.159,10.151
7.55000,231.356,198.229,166.587,104.658,68.614,38.462,21.232,10.110
7.55417,231.441,198.299,166.656,104.732,68.677,38.463,21.191,10.188
7.55833,231.535,198.470,166.775,104.795,68.716,38.549,21.287,10.172
7.56250,231.671,198.588,166.832,104.864,68.674,38.580,21.284,10.168
7.56667,231.766,198.600,167.026,104.881,68.805,38.560,21.237,10.189
7.57083,231.918,198.749,167.084,104.943,68.831,38.529,21.317,10.171
7.57500,231.978,198.861,167.197,104.999,68.803,38.616,21.333,10.210
7.57917,232.193,198.995,167.273,105.046,68.900,38.621,21.265,10.219
7.58333,232.288,199.119,167.329,105.153,68.961,38.672,21.331,10.174
7.58750,232.515,199.189,167.424,105.181,69.034,38.661,21.310,10.180
7.59167,232.581,199.340,167.569,105.200,68.994,38.706,21.341,10.175
7.59583,232.735,199.445,167.646,105.355,69.032,38.699,21.308,10.248
7.60000,232.845,199.518,167.727,105.380,69.122,38.720,21.383,10.196
7.60417,232.972,199.718,167.847,105.439,69.111,38.723,21.396,10.224
7.60833,233.116,199.812,167.932,105.474,69.195,38.778,21.395,10.294
7.61250,233.176,199.879,167.976,105.540,69.179,38.756,21.405,10.222
7.61667,233.326,200.042,168.147,105.575,69.278,38.805,21.398,10.275
7.62083,233.530,200.119,168.244,105.655,69.315,38.833,21.428,10.306
7.62500,233.641,200.283,168.272,105.650,69.287,38.849,21.428,10.316
7.62917,233.766,200.336,168.425,105.702,69.365,38.821,21.439,10.166
7.63333,233.876,200.466,168.482,105.849,69.407,38.889,21.481,10.315
7.63750,234.093,200.567,168.583,105.839,69.472,38.967,21.457,10.243
7.64167,234.188,200.676,168.601,105.890,69.510,38.933,21.466,10.306
7.64583,234.258,200.852,168.781,105.977,69.559,39.011,21.503,10.311
7.65000,234.456,200.897,168.894,105.988,69.581,38.970,21.573,10.255
7.65417,234.596,200.949,168.974,106.093,69.585,39.082,21.454,10.352
7.65833,234.702,201.089,169.029,106.178,69.617,38.977,21.499,10.304
7.66250,234.829,201.234,169.193,106.260,69.697,39.033,21.481,10.340
7.66667,234.921,201.391,169.236,106.301,69.701,39.033,21.547,10.311
7.67083,235.064,201.463,169.422,106.397,69.742,39.165,21.515,10.288
7.67500,235.238,201.577,169.383,106.347,69.767,39.134,21.562,10.383
7.67917,235.289,201.667,169.547,106.502,69.888,39.134,21.601,10.357
7.68333,235.463,201.786,169.665,106.580,69.910,39.132,21.591,10.412
7.68750,235.600,201.931,169.759,106.629,69.917,39.152,21.619,10.402
7.69167,235.679,202.064,169.896,106.665,69.906,39.163,21.579,10.414
7.69583,235.888,202.177,169.992,106.717,70.012,39.178,21.598,10.286
7.70000,235.997,202.274,170.046,106.766,70.100,39.205,21.676,10.400
7.70417,236.122,202.378,170.157,106.869,70.134,39.261,21.613,10.385
7.70833,236.232,202.427,170.243,106.899,70.090,39.288,21.720,10.417
7.71250,236.409,202.673,170.288,106.954,70.214,39.388,21.713,10.362
7.71667,236.564,202.721,170.442,107.068,70.273,39.331,21.721,10.423
7.72083,236.684,202.826,170.529,107.150,70.237,39.397,21.710,10.398
7.72500,236.822,202.929,170.619,107.168,70.242,39.415,21.720,10.415
7.72917,236.953,203.007,170.714,107.268,70.366,39.402,21.774,10.453
7.73333,237.144,203.180,170.781,107.293,70.366,39.466,21.765,10.426
7.73750,237.227,203.256,170.940,107.320,70.421,39.490,21.784,10.435
7.74167,237.277,203.411,170.971,107.391,70.472,39.524,21.752,10.438
7.74583,237.455,203.505,171.074,107.403,70.480,39.482,21.823,10.414
7.75000,237.602,203.555,171.195,107.502,70.504,39.517,21.786,10.444
7.75417,237.771,203.704,171.303,107.586,70.564,39.535,21.808,10.462
7.75833,237.871,203.825,171.417,107.645,70.619,39.478,21.845,10.421
7.76250,238.002,203.972,171.538,107.682,70.664,39.593,21.827,10.413
7.76667,238.147,204.084,171.564,107.737,70.712,39.561,21.859,10.400
7.77083,238.251,204.214,171.607,107.875,70.717,39.651,21.854,10.455
7.77500,238.433,204.337,171.817,107.883,70.786,39.656,21.859,10.525
7.77917,238.520,204.429,171.848,107.915,70.839,39.586,21.849,10.505
7.78333,238.682,204.589,171.946,107.975,70.879,39.748,21.819,10.503
7.78750,238.873,204.689,171.968,108.058,70.962,39.732,21.908,10.493
7.79167,238.950,204.822,172.133,108.189,70.876,39.735,21.871,10.526
7.79583,239.116,204.919,172.244,108.115,71.002,39.799,21.937,10.470
7.80000,239.191,204.982,172.313,108.267,71.044,39.856,21.890,10.467
7.80417,239.366,205.128,172.448,108.274,71.039,39.779,21.949,10.573
7.80833,239.564,205.284,172.571,108.353,71.092,39.780,21.957,10.452
7.81250,239.610,205.333,172.690,108.429,71.164,39.832,21.935,10.585
7.81667,239.764,205.545,172.764,108.458,71.163,39.859,21.995,10.566
7.82083,239.879,205.589,172.892,108.506,71.265,39.876,21.941,10.573
7.82500,240.017,205.714,172.918,108.676,71.241,39.951,22.016,10.576
7.82917,240.173,205.860,173.010,108.712,71.293,39.910,22.035,10.521
7.83333,240.314,205.995,173.140,108.729,71.354,40.010,22.032,10.539
7.83750,240.460,206.038,173.227,108.768,71.401,39.999,22.080,10.613
7.84167,240.620,206.187,173.339,108.873,71.395,40.020,22.016,10.514
7.84583,240.692,206.291,173.405,108.944,71.512,39.980,22.109,10.561
7.85000,240.877,206.412,173.543,108.997,71.524,40.063,22.090,10.538
7.85417,240.976,206.598,173.635,109.053,71.572,40.070,22.107,10.591
7.85833,241.108,206.633,173.755,109.068,71.607,40.114,22.103,10.572
7.86250,241.268,206.703,173.835,109.194,71.640,40.082,22.118,10.564
7.86667,241.336,206.858,173.888,109.249,71.689,40.186,22.148,10.575
7.87083,241.523,206.995,174.017,109.262,71.760,40.163,22.081,10.524
7.87500,241.699,207.163,174.164,109.406,71.710,40.196,22.155,10.664
7.87917,241.830,207.225,174.292,109.397,71.787,40.223,22.144,10.614
7.88333,241.989,207.384,174.298,109.428,71.860,40.259,22.165,10.673
7.88750,242.129,207.461,174.456,109.533,71.843,40.219,22.198,10.564
7.89167,242.222,207.603,174.484,109.573,71.981,40.284,22.224,10.675
7.89583,242.392,207.682,174.645,109.634,71.978,40.260,22.196,10.655
7.90000,242.551,207.843,174.707,109.732,72.045,40.298,22.200,10.648
7.90417,242.621,207.964,174.829,109.866,72.100,40.452,22.255,10.593
7.90833,242.733,208.126,174.964,109.877,72.058,40.427,22.260,10.690
7.91250,242.862,208.187,175.054,109.940,72.129,40.455,22.288,10.630
7.91667,243.048,208.310,175.175,110.029,72.191,40.413,22.270,10.650
7.92083,243.183,208.401,175.182,110.075,72.204,40.384,22.249,10.760
7.92500,243.298,208.511,175.335,110.078,72.344,40.440,22.334,10.670
7.92917,243.490,208.575,175.511,110.141,72.292,40.510,22.350,10.713
7.93333,243.624,208.826,175.537,110.232,72.328,40.550,22.361,10.656
7.93750,243.758,208.882,175.640,110.296,72.456,40.562,22.371,10.653
7.94167,243.918,209.001,175.711,110.363,72.355,40.567,22.301,10.702
7.94583,244.040,209.143,175.881,110.455,72.453,40.608,22.367,10.673
7.95000,244.205,209.239,175.938,110.542,72.505,40.641,22.370,10.756
7.95417,244.340,209.403,176.042,110.541,72.581,40.578,22.369,10.677
7.95833,244.477,209.488,176.124,110.662,72.606,40.646,22.430,10.726
7.96250,244.570,209.657,176.126,110.644,72.640,40.730,22.377,10.772
7.96667,244.811,209.712,176.343,110.703,72.654,40.679,22.486,10.747
7.97083,244.878,209.859,176.438,110.751,72.690,40.718,22.439,10.700
7.97500,245.056,209.987,176.552,110.864,72.808,40.815,22.538,10.750
7.97917,245.147,210.146,176.654,110.970,72.825,40.777,22.437,10.699
7.98333,245.297,210.216,176.720,110.912,72.875,40.794,22.472,10.724
7.98750,245.415,210.306,176.877,111.093,72.895,40.809,22.542,10.713
7.99167,245.587,210.479,176.969,111.094,72.922,40.817,22.509,10.801
7.99583,245.705,210.595,177.038,111.256,72.999,40.807,22.510,10.803
8.00000,245.774,210.712,177.155,111.270,73.068,40.809,22.519,10.728
8.00417,245.998,210.816,177.219,111.332,73.028,40.917,22.531,10.778
8.00833,246.154,210.956,177.378,111.385,73.122,40.958,22.568,10.779
8.01250,246.249,211.073,177.497,111.484,73.163,40.938,22.584,10.787
8.01667,246.530,211.163,177.583,111.505,73.198,41.039,22.595,10.749
8.02083,246.602,211.285,177.651,111.615,73.250,40.964,22.612,10.722
8.02500,246.677,211.401,177.743,111.674,73.273,41.064,22.583,10.840
8.02917,246.828,211.574,177.888,111.705,73.328,41.042,22.639,10.838
8.03333,246.985,211.677,177.971,111.851,73.385,41.063,22.583,10.882
8.03750,247.165,211.873,178.115,111.858,73.434,41.143,22.739,10.834
8.04167,247.320,212.012,178.186,111.946,73.453,41.215,22.751,10.818
8.04583,247.475,212.103,178.351,112.025,73.462,41.185,22.720,10.893
8.05000,247.616,212.302,178.450,112.155,73.589,41.250,22.785,10.936
8.05417,247.800,212.333,178.597,112.273,73.715,41.309,22.822,10.947
8.05833,248.017,212.534,178.753,112.389,73.735,41.341,22.895,11.028
8.06250,248.215,212.743,178.928,112.546,73.852,41.374,22.957,10.990
8.06667,248.469,212.909,179.137,112.820,73.960,41.367,23.071,11.178
8.07083,248.685,213.139,179.410,112.932,74.063,41.512,23.297,11.270
8.07500,248.950,213.417,179.663,113.284,74.202,41.598,23.498,11.386
8.07917,249.325,213.696,180.020,113.708,74.422,41.715,23.843,11.661
8.08333,249.678,214.005,180.500,114.253,74.616,41.910,24.088,12.005
8.08750,250.284,214.538,180.986,114.845,74.933,42.128,24.608,12.320
8.09167,250.777,215.123,181.693,115.628,75.320,42.255,25.208,12.872
8.09583,251.505,215.711,182.514,116.703,75.707,42.585,25.936,13.519
8.10000,252.496,216.561,183.500,118.014,76.311,42.952,26.939,14.304
8.10417,253.587,217.547,184.812,119.637,77.027,43.504,28.189,15.278
8.10833,254.844,218.735,186.340,121.744,77.937,44.084,29.766,16.562
8.11250,256.473,220.296,188.247,124.261,79.061,44.809,31.698,18.128
8.11667,258.451,222.078,190.532,127.263,80.352,45.695,34.059,20.118
8.12083,260.836,224.254,193.301,131.027,82.021,46.785,36.972,22.488
8.12500,263.647,226.883,196.689,135.496,83.961,48.086,40.455,25.318
8.12917,266.895,229.791,200.651,140.816,86.269,49.629,44.588,28.681
8.13333,270.957,233.412,205.345,147.107,88.934,51.530,49.450,32.702
8.13750,275.413,237.597,210.811,154.532,92.108,53.619,55.210,37.395
8.14167,280.678,242.438,217.177,162.965,95.807,56.092,61.724,42.887
8.14583,286.670,247.933,224.440,172.709,100.127,58.994,69.423,49.056
8.15000,293.460,254.232,232.634,183.892,104.916,62.215,78.071,56.152
8.15417,301.107,261.329,241.885,196.288,110.280,65.784,87.808,64.222
8.15833,309.635,269.107,252.096,210.155,116.335,69.965,98.674,73.088
8.16250,319.023,277.695,263.565,225.503,122.957,74.435,110.713,82.922
8.16667,329.184,287.119,275.940,242.129,130.203,79.306,123.734,93.667
8.17083,340.184,297.189,289.232,260.172,137.999,84.615,137.892,105.218
8.17500,351.970,308.071,303.479,279.316,146.241,90.236,152.911,117.587
8.17917,364.266,319.434,318.487,299.532,155.162,96.151,168.811,130.727
8.18333,377.210,331.294,334.062,320.639,164.312,102.390,185.378,144.369
8.18750,390.417,343.611,350.195,342.396,173.817,108.830,202.471,158.404
8.19167,404.028,355.967,366.659,364.446,183.416,115.342,219.853,172.682
8.19583,417.556,368.552,383.066,386.631,193.154,121.891,237.368,187.115
8.20000,430.978,380.923,399.402,408.551,202.801,128.466,254.670,201.382
8.20417,444.187,393.026,415.289,430.003,212.164,134.712,271.475,215.252
8.20833,456.733,404.709,430.525,450.478,221.189,140.842,287.743,228.634
8.21250,468.676,415.658,444.919,469.736,229.644,146.572,303.099,241.181
8.21667,479.640,425.804,458.179,487.560,237.635,152.006,317.151,252.845
8.22083,489.541,434.997,470.231,503.603,244.668,156.736,329.924,263.367
8.22500,498.244,442.913,480.703,517.754,250.894,160.970,341.065,272.561
8.22917,505.589,449.768,489.653,529.530,256.203,164.520,350.449,280.374
8.23333,511.471,455.232,496.661,539.094,260.384,167.467,357.986,286.602
8.23750,515.954,459.293,502.021,546.146,263.488,169.608,363.595,291.197
8.24167,518.749,461.977,505.448,550.605,265.516,170.882,367.172,294.122
8.24583,520.120,463.112,506.969,552.540,266.445,171.545,368.722,295.360
8.25000,519.935,462.912,506.611,552.069,266.279,171.371,368.251,295.005
8.25417,518.259,461.347,504.555,549.141,265.018,170.456,365.910,293.083
8.25833,515.216,458.579,500.747,543.993,262.695,169.019,361.757,289.573
8.26250,510.825,454.550,495.347,536.744,259.482,166.823,355.890,284.721
8.26667,505.328,449.408,488.549,527.544,255.366,164.023,348.607,278.603
8.27083,498.725,443.316,480.537,516.700,250.631,160.721,339.976,271.387
8.27500,491.351,436.510,471.393,504.233,245.245,157.045,330.093,263.254
8.27917,483.191,428.943,461.394,490.649,239.239,153.009,319.322,254.311
8.28333,474.417,420.847,450.662,476.087,232.853,148.749,307.776,244.660
8.28750,465.210,412.307,439.347,460.767,226.193,144.095,295.746,234.563
8.29167,455.807,403.567,427.720,445.006,219.281,139.435,283.292,224.134
8.29583,446.199,394.604,415.830,428.941,212.255,134.728,270.582,213.502
8.30000,436.643,385.727,403.928,412.715,205.277,130.075,257.980,202.803
8.30417,427.076,376.891,392.076,396.609,198.349,125.295,245.537,192.201
8.30833,417.757,368.309,380.527,380.893,191.637,120.757,233.297,181.723
8.31250,408.796,359.857,369.204,365.516,185.075,116.297,221.607,171.470
8.31667,400.126,351.934,358.363,350.645,178.800,112.072,210.386,161.584
8.32083,391.964,344.273,347.956,336.397,172.900,108.002,199.846,152.098
8.32500,384.348,337.118,338.170,323.039,167.304,104.320,189.925,142.956
8.32917,377.302,330.469,328.943,310.295,162.187,100.829,180.929,134.320
8.33333,370.808,324.295,320.394,298.486,157.484,97.667,172.647,126.196
8.33750,364.880,318.757,312.520,287.533,153.202,94.757,165.331,118.578
8.34167,359.735,313.805,305.272,277.534,149.322,92.252,158.841,111.495
8.34583,355.217,309.400,298.844,268.319,146.032,90.015,153.417,104.855
8.35000,351.410,305.646,293.032,260.131,143.174,88.103,148.897,98.669
8.35417,348.283,302.455,287.902,252.842,140.800,86.615,145.281,93.081
8.35833,345.747,299.863,283.374,246.470,138.925,85.382,142.675,87.874
8.36250,343.937,297.816,279.598,240.876,137.448,84.460,141.005,83.150
8.36667,342.666,296.366,276.455,236.164,136.514,83.866,140.127,78.898
8.37083,342.081,295.332,273.856,232.199,135.901,83.495,140.150,75.036
8.37500,341.989,294.917,271.915,228.917,135.660,83.444,140.917,71.536
8.37917,342.366,294.844,270.397,226.316,135.832,83.626,142.462,68.444
8.38333,343.225,295.163,269.369,224.432,136.303,84.070,144.563,65.688
8.38750,344.457,295.861,268.805,222.921,137.085,84.661,147.285,63.162
8.39167,346.055,296.804,268.505,221.994,138.093,85.388,150.469,60.912
8.39583,347.805,298.013,268.562,221.452,139.248,86.228,153.796,58.954
8.40000,349.824,299.345,268.794,221.206,140.523,87.211,157.502,57.176
8.40417,351.945,300.837,269.111,221.084,141.858,88.205,161.227,55.600
8.40833,354.029,302.301,269.668,221.180,143.287,89.198,164.911,54.174
8.41250,355.991,303.787,270.198,221.421,144.537,90.199,168.482,52.914
8.41667,357.908,305.082,270.701,221.545,145.760,91.061,171.706,51.649
8.42083,359.611,306.314,271.067,221.637,146.850,91.900,174.699,50.493
8.42500,361.055,307.270,271.312,221.608,147.696,92.534,177.151,49.443
8.42917,362.118,308.086,271.458,221.430,148.434,93.113,179.135,48.399
8.43333,362.876,308.486,271.455,220.931,148.950,93.438,180.450,47.338
8.43750,363.197,308.731,271.040,220.249,149.046,93.513,181.091,46.409
8.44167,363.142,308.487,270.462,219.251,148.922,93.436,181.237,45.329
8.44583,362.657,308.017,269.537,217.980,148.566,93.188,180.498,44.348
8.45000,361.710,307.229,268.470,216.361,147.799,92.700,179.142,43.249
8.45417,360.464,305.982,267.018,214.359,146.906,91.998,177.122,42.171
8.45833,358.821,304.597,265.376,212.125,145.619,91.167,174.495,41.092
8.46250,356.761,302.784,263.413,209.647,144.072,90.095,171.132,39.912
8.46667,354.344,300.837,261.348,206.874,142.312,88.839,167.361,38.784
8.47083,351.655,298.596,259.034,203.986,140.356,87.426,163.096,37.477
8.47500,348.686,296.112,256.630,200.817,138.305,86.002,158.397,36.360
8.47917,345.497,293.480,253.991,197.510,135.979,84.415,153.300,35.247
8.48333,342.285,290.681,251.238,194.176,133.569,82.686,148.089,33.976
8.48750,338.893,287.959,248.505,190.709,131.149,81.025,142.552,32.841
8.49167,335.394,285.034,245.754,187.204,128.664,79.123,136.965,31.733
8.49583,331.848,282.116,242.901,183.705,126.156,77.457,131.237,30.530
8.50000,328.345,279.225,240.099,180.213,123.625,75.656,125.508,29.380
8.50417,324.888,276.341,237.351,176.736,121.081,73.906,119.890,28.307
8.50833,321.368,273.477,234.685,173.507,118.642,72.232,114.290,27.302
8.51250,318.081,270.741,232.051,170.198,116.310,70.525,108.846,26.292
8.51667,314.886,268.118,229.609,167.060,114.006,68.890,103.655,25.262
8.52083,311.775,265.533,227.113,164.061,111.739,67.347,98.586,24.439
8.52500,308.756,263.100,224.845,161.239,109.600,65.797,93.706,23.424
8.52917,306.001,260.819,222.672,158.496,107.633,64.312,89.026,22.740
8.53333,303.333,258.574,220.535,155.832,105.653,63.030,84.620,21.976
8.53750,300.840,256.581,218.577,153.437,103.820,61.661,80.517,21.244
8.54167,298.462,254.687,216.730,151.147,102.180,60.441,76.597,20.539
8.54583,296.282,252.799,215.041,149.017,100.516,59.297,72.849,19.885
8.55000,294.152,251.104,213.408,146.969,99.005,58.271,69.410,19.329
8.55417,292.236,249.499,211.937,145.129,97.696,57.256,66.134,18.714
8.55833,290.517,248.133,210.506,143.327,96.293,56.321,63.123,18.196
8.56250,288.847,246.703,209.248,141.733,95.109,55.467,60.288,17.739
8.56667,287.293,245.458,208.088,140.261,93.961,54.722,57.710,17.315
8.57083,285.919,244.328,207.000,138.803,92.914,53.979,55.272,16.840
8.57500,284.624,243.277,206.080,137.538,91.982,53.277,53.028,16.490
8.57917,283.438,242.369,205.090,136.398,91.042,52.589,50.874,16.098
8.58333,282.326,241.328,204.145,135.230,90.231,52.049,48.975,15.817
8.58750,281.283,240.606,203.436,134.283,89.544,51.457,47.138,15.486
8.59167,280.330,239.846,202.674,133.380,88.785,50.930,45.513,15.135
8.59583,279.469,239.176,202.053,132.524,88.158,50.507,43.980,14.941
8.60000,278.761,238.478,201.431,131.678,87.520,50.060,42.549,14.701
8.60417,278.045,237.961,200.911,130.946,86.961,49.633,41.187,14.390
8.60833,277.444,237.433,200.476,130.280,86.478,49.317,39.908,14.200
8.61250,276.793,236.913,199.980,129.659,86.014,49.054,38.809,14.119
8.61667,276.267,236.547,199.507,129.035,85.585,48.669,37.814,13.951
8.62083,275.849,236.128,199.183,128.562,85.223,48.445,36.832,13.784
8.62500,275.451,235.802,198.914,128.072,84.823,48.191,35.964,13.628
8.62917,275.021,235.477,198.528,127.708,84.524,47.925,35.076,13.491
8.63333,274.719,235.241,198.286,127.278,84.222,47.723,34.302,13.323
8.63750,274.422,235.001,198.067,126.896,83.855,47.533,33.624,13.222
8.64167,274.114,234.760,197.786,126.652,83.650,47.321,32.935,13.110
8.64583,273.818,234.544,197.665,126.323,83.457,47.114,32.366,12.951
8.65000,273.663,234.349,197.480,126.058,83.251,46.958,31.716,12.863
8.65417,273.424,234.271,197.318,125.773,83.045,46.897,31.200,12.755
8.65833,273.305,234.102,197.172,125.557,82.896,46.763,30.792,12.758
8.66250,273.183,233.988,197.074,125.354,82.703,46.598,30.331,12.677
8.66667,272.992,233.928,197.041,125.167,82.656,46.511,29.920,12.690
8.67083,272.993,233.858,196.949,125.008,82.485,46.430,29.545,12.587
8.67500,272.922,233.845,196.870,124.900,82.356,46.354,29.226,12.562
8.67917,272.826,233.774,196.844,124.831,82.285,46.279,28.953,12.450
8.68333,272.772,233.713,196.756,124.630,82.183,46.206,28.591,12.435
8.68750,272.754,233.706,196.796,124.550,82.108,46.148,28.352,12.369
8.69167,272.757,233.708,196.694,124.500,81.964,46.023,28.027,12.371
8.69583,272.769,233.757,196.712,124.372,81.954,46.018,27.886,12.292
8.70000,272.803,233.722,196.750,124.321,81.911,45.935,27.640,12.268
8.70417,272.824,233.747,196.715,124.242,81.885,45.905,27.450,12.270
8.70833,272.803,233.743,196.781,124.261,81.872,45.911,27.227,12.214
8.71250,272.869,233.839,196.811,124.175,81.895,45.853,27.113,12.154
8.71667,272.925,233.878,196.816,124.126,81.763,45.813,26.926,12.135
8.72083,273.019,233.911,196.904,124.206,81.716,45.805,26.806,12.139
8.72500,273.065,233.993,196.941,124.154,81.710,45.768,26.674,12.112
8.72917,273.102,234.063,196.953,124.129,81.754,45.786,26.557,12.093
8.73333,273.189,234.087,197.015,124.132,81.706,45.826,26.425,12.099
8.73750,273.263,234.180,197.021,124.128,81.720,45.783,26.389,12.073
8.74167,273.346,234.320,197.140,124.148,81.654,45.786,26.239,12.135
8.74583,273.405,234.337,197.166,124.118,81.693,45.754,26.250,12.061
8.75000,273.606,234.431,197.291,124.192,81.737,45.722,26.098,12.067
8.75417,273.732,234.586,197.323,124.161,81.729,45.722,26.086,12.057
8.75833,273.789,234.668,197.362,124.323,81.770,45.750,25.912,12.045
8.76250,273.925,234.692,197.535,124.228,81.772,45.780,25.972,12.072
8.76667,274.049,234.812,197.578,124.343,81.782,45.772,25.846,11.963
8.77083,274.133,234.920,197.583,124.315,81.800,45.847,25.839,12.021
8.77500,274.283,235.058,197.729,124.340,81.778,45.787,25.759,12.054
8.77917,274.420,235.106,197.812,124.432,81.809,45.776,25.777,12.054
8.78333,274.456,235.265,197.866,124.428,81.841,45.816,25.709,12.015
8.78750,274.637,235.402,197.965,124.503,81.878,45.862,25.659,11.966
8.79167,274.766,235.469,198.005,124.535,81.924,45.907,25.673,12.010
8.79583,274.811,235.620,198.161,124.563,81.967,45.900,25.661,11.953
8.80000,275.082,235.692,198.223,124.633,82.040,45.827,25.567,11.976
8.80417,275.171,235.818,198.399,124.663,82.015,45.868,25.580,12.000
8.80833,275.345,236.001,198.466,124.784,82.060,45.892,25.538,12.071
8.81250,275.470,236.031,198.578,124.829,82.101,45.915,25.571,12.065
8.81667,275.554,236.184,198.666,124.832,82.182,46.011,25.492,12.005
8.82083,275.656,236.297,198.762,124.886,82.130,45.933,25.528,12.045
8.82500,275.882,236.393,198.898,124.969,82.157,45.940,25.470,11.990
8.82917,275.930,236.524,198.963,125.002,82.199,45.944,25.507,11.991
8.83333,276.154,236.609,199.050,125.120,82.308,45.963,25.554,12.011
8.83750,276.230,236.728,199.200,125.138,82.327,46.013,25.499,11.997
8.84167,276.450,236.938,199.273,125.163,82.364,46.072,25.586,12.031
8.84583,276.620,237.073,199.399,125.266,82.381,46.090,25.475,12.081
8.85000,276.783,237.160,199.532,125.294,82.432,46.089,25.503,12.027
8.85417,276.882,237.329,199.644,125.368,82.486,46.199,25.545,12.039
8.85833,277.042,237.382,199.770,125.472,82.556,46.193,25.539,12.040
8.86250,277.164,237.579,199.849,125.533,82.586,46.189,25.551,12.068
8.86667,277.316,237.700,199.952,125.539,82.599,46.182,25.538,12.038
8.87083,277.459,237.841,200.018,125.613,82.573,46.191,25.534,12.054
8.87500,277.686,237.896,200.154,125.695,82.664,46.231,25.575,12.064
8.87917,277.735,238.084,200.215,125.720,82.740,46.298,25.565,12.075
8.88333,277.935,238.217,200.347,125.793,82.800,46.230,25.550,12.144
8.88750,278.098,238.351,200.507,125.988,82.839,46.249,25.571,12.093
8.89167,278.245,238.467,200.597,125.987,82.846,46.294,25.527,12.137
8.89583,278.406,238.595,200.688,126.060,82.948,46.357,25.570,12.126
8.90000,278.573,238.765,200.769,126.146,83.025,46.373,25.603,12.116
8.90417,278.710,238.851,200.973,126.217,83.039,46.391,25.672,12.139
8.90833,278.759,239.002,201.003,126.248,83.084,46.421,25.650,12.114
8.91250,279.047,239.092,201.103,126.285,83.148,46.493,25.649,12.105
8.91667,279.242,239.237,201.265,126.427,83.160,46.473,25.596,12.087
8.92083,279.350,239.345,201.386,126.526,83.180,46.521,25.693,12.140
8.92500,279.490,239.571,201.544,126.542,83.283,46.520,25.723,12.095
8.92917,279.633,239.718,201.538,126.560,83.313,46.569,25.681,12.152
8.93333,279.836,239.806,201.717,126.707,83.376,46.563,25.687,12.106
8.93750,279.858,239.939,201.796,126.762,83.390,46.577,25.731,12.117
8.94167,280.116,240.077,201.926,126.837,83.472,46.642,25.721,12.137
8.94583,280.197,240.231,202.030,126.871,83.521,46.649,25.636,12.174
8.95000,280.367,240.309,202.159,126.957,83.555,46.762,25.749,12.196
8.95417,280.521,240.389,202.310,126.969,83.625,46.730,25.693,12.163
8.95833,280.636,240.569,202.343,127.078,83.641,46.724,25.784,12.223
8.96250,280.845,240.705,202.502,127.143,83.630,46.776,25.746,12.246
8.96667,281.071,240.825,202.594,127.257,83.700,46.788,25.732,12.223
8.97083,281.202,241.026,202.714,127.278,83.785,46.772,25.830,12.238
8.97500,281.339,241.085,202.861,127.341,83.799,46.796,25.772,12.269
8.97917,281.475,241.250,202.925,127.395,83.843,46.836,25.828,12.189
8.98333,281.616,241.364,203.053,127.549,83.861,46.843,25.796,12.216
8.98750,281.718,241.494,203.137,127.562,83.965,46.864,25.806,12.229
8.99167,281.971,241.619,203.233,127.656,84.026,46.955,25.832,12.228
8.99583,282.089,241.746,203.371,127.726,84.055,46.961,25.841,12.276
9.00000,282.278,241.870,203.442,127.771,84.090,46.985,25.859,12.229
9.00417,282.404,242.063,203.644,127.807,84.107,47.026,25.939,12.287
9.00833,282.592,242.130,203.673,127.972,84.148,47.027,25.959,12.240
9.01250,282.763,242.275,203.816,128.009,84.199,47.069,25.900,12.277
9.01667,282.851,242.438,203.906,128.085,84.242,47.119,25.862,12.274
9.02083,283.068,242.638,204.062,128.073,84.390,47.122,25.936,12.290
9.02500,283.161,242.713,204.161,128.233,84.370,47.100,25.960,12.249
9.02917,283.314,242.816,204.360,128.325,84.403,47.118,25.948,12.268
9.03333,283.517,243.038,204.373,128.341,84.477,47.164,25.933,12.296
9.03750,283.646,243.061,204.458,128.423,84.495,47.238,26.057,12.351
9.04167,283.763,243.290,204.620,128.508,84.527,47.279,26.046,12.276
9.04583,283.992,243.386,204.726,128.599,84.617,47.303,26.034,12.270
9.05000,284.098,243.479,204.832,128.693,84.649,47.263,26.078,12.305
9.05417,284.258,243.614,204.998,128.703,84.651,47.288,26.082,12.341
9.05833,284.337,243.713,205.037,128.800,84.772,47.339,26.063,12.300
9.06250,284.552,243.944,205.204,128.851,84.795,47.337,26.101,12.392
9.06667,284.705,244.020,205.199,128.844,84.902,47.395,26.075,12.356
9.07083,284.937,244.140,205.432,128.955,84.918,47.408,26.110,12.358
9.07500,284.953,244.338,205.553,129.081,84.941,47.461,26.122,12.352
9.07917,285.143,244.399,205.749,129.144,84.988,47.508,26.142,12.394
9.08333,285.341,244.577,205.727,129.159,85.020,47.443,26.116,12.349
9.08750,285.459,244.701,205.836,129.239,85.161,47.529,26.087,12.435
9.09167,285.691,244.825,205.973,129.277,85.086,47.462,26.183,12.431
9.09583,285.777,244.873,206.084,129.362,85.209,47.584,26.212,12.369
9.10000,285.871,245.081,206.168,129.427,85.248,47.625,26.185,12.424
9.10417,286.070,245.244,206.245,129.535,85.204,47.619,26.195,12.439
9.10833,286.187,245.369,206.413,129.556,85.218,47.666,26.236,12.422
9.11250,286.385,245.497,206.490,129.703,85.296,47.665,26.225,12.377
9.11667,286.580,245.614,206.648,129.648,85.369,47.763,26.255,12.381
9.12083,286.730,245.736,206.679,129.845,85.441,47.751,26.279,12.406
9.12500,286.858,245.897,206.813,129.835,85.466,47.720,26.343,12.441
9.12917,286.973,246.037,206.985,129.933,85.508,47.738,26.345,12.415
9.13333,287.204,246.129,207.063,129.995,85.537,47.835,26.307,12.467
9.13750,287.385,246.321,207.182,130.133,85.692,47.850,26.289,12.462
9.14167,287.438,246.384,207.271,130.158,85.681,47.897,26.355,12.426
9.14583,287.598,246.530,207.414,130.189,85.773,47.907,26.374,12.495
9.15000,287.754,246.667,207.514,130.352,85.743,47.893,26.444,12.501
9.15417,287.925,246.781,207.569,130.310,85.780,47.950,26.353,12.453
9.15833,288.078,246.975,207.736,130.475,85.837,47.989,26.431,12.497
9.16250,288.138,247.040,207.841,130.529,85.884,47.949,26.447,12.497
9.16667,288.327,247.196,207.921,130.556,85.931,47.986,26.355,12.454
9.17083,288.555,247.234,208.024,130.638,86.009,48.057,26.405,12.487
9.17500,288.651,247.427,208.219,130.752,86.069,48.062,26.422,12.550
9.17917,288.825,247.562,208.280,130.783,86.088,48.089,26.473,12.475
9.18333,288.975,247.680,208.352,130.807,86.086,48.102,26.475,12.589
9.18750,289.166,247.904,208.496,130.982,86.158,48.197,26.570,12.505
9.19167,289.304,247.946,208.616,131.009,86.238,48.209,26.475,12.511
9.19583,289.468,248.136,208.688,131.082,86.276,48.179,26.562,12.533
9.20000,289.634,248.227,208.825,131.116,86.299,48.192,26.577,12.554
9.20417,289.763,248.332,208.883,131.174,86.348,48.255,26.546,12.584
9.20833,289.920,248.511,208.965,131.228,86.396,48.257,26.538,12.539
9.21250,290.064,248.565,209.169,131.333,86.433,48.226,26.573,12.564
9.21667,290.228,248.711,209.243,131.407,86.501,48.299,26.538,12.583
9.22083,290.343,248.873,209.378,131.478,86.559,48.275,26.621,12.541
9.22500,290.504,249.045,209.465,131.560,86.584,48.392,26.584,12.617
9.22917,290.638,249.155,209.672,131.652,86.638,48.421,26.657,12.575
9.23333,290.793,249.220,209.683,131.612,86.661,48.474,26.671,12.676
9.23750,291.045,249.358,209.799,131.716,86.754,48.402,26.669,12.568
9.24167,291.144,249.484,209.963,131.737,86.714,48.434,26.652,12.653
9.24583,291.344,249.614,210.025,131.880,86.859,48.509,26.618,12.632
9.25000,291.427,249.778,210.098,132.002,86.838,48.539,26.648,12.618
9.25417,291.517,249.937,210.247,132.014,86.971,48.508,26.729,12.635
9.25833,291.673,250.025,210.338,132.028,86.977,48.530,26.780,12.598
9.26250,291.818,250.178,210.438,132.183,86.967,48.547,26.785,12.589
9.26667,292.003,250.278,210.515,132.184,87.075,48.642,26.728,12.704
9.27083,292.156,250.430,210.652,132.345,87.085,48.577,26.730,12.654
9.27500,292.330,250.477,210.802,132.297,87.093,48.649,26.762,12.657
9.27917,292.411,250.648,210.833,132.417,87.173,48.696,26.772,12.675
9.28333,292.548,250.762,211.002,132.448,87.232,48.729,26.875,12.596
9.28750,292.789,250.859,211.159,132.544,87.276,48.688,26.829,12.669
9.29167,292.860,251.041,211.227,132.609,87.322,48.771,26.801,12.706
9.29583,293.062,251.152,211.281,132.718,87.401,48.770,26.815,12.676
9.30000,293.098,251.225,211.413,132.753,87.410,48.794,26.862,12.685
9.30417,293.294,251.366,211.522,132.849,87.429,48.839,26.855,12.740
9.30833,293.460,251.449,211.633,132.853,87.438,48.868,26.871,12.753
9.31250,293.636,251.606,211.751,132.893,87.527,48.879,26.939,12.625
9.31667,293.763,251.826,211.756,132.942,87.562,48.861,26.895,12.701
9.32083,293.840,251.984,211.920,133.102,87.661,48.916,26.919,12.722
9.32500,293.987,252.022,212.112,133.131,87.659,48.951,26.946,12.635
9.32917,294.195,252.156,212.150,133.230,87.678,48.969,26.946,12.690
9.33333,294.366,252.351,212.268,133.214,87.768,49.086,27.021,12.696
9.33750,294.498,252.409,212.328,133.288,87.781,49.019,26.988,12.749
9.34167,294.661,252.512,212.488,133.442,87.855,49.050,27.010,12.747
9.34583,294.820,252.673,212.595,133.485,87.857,49.127,26.971,12.761
9.35000,294.998,252.779,212.689,133.518,87.937,49.050,27.046,12.773
9.35417,295.050,252.881,212.844,133.622,87.907,49.099,27.025,12.825
9.35833,295.181,253.058,212.859,133.625,88.032,49.204,27.093,12.776
9.36250,295.362,253.130,213.010,133.770,88.096,49.175,27.072,12.796
9.36667,295.487,253.282,213.144,133.884,88.096,49.247,26.995,12.799
9.37083,295.666,253.457,213.222,133.894,88.142,49.184,27.098,12.758
9.37500,295.826,253.502,213.311,133.981,88.163,49.232,27.096,12.831
9.37917,295.952,253.660,213.507,134.030,88.223,49.241,27.138,12.849
9.38333,296.105,253.831,213.544,134.076,88.324,49.270,27.173,12.761
9.38750,296.255,253.931,213.612,134.133,88.300,49.371,27.180,12.832
9.39167,296.405,254.001,213.750,134.193,88.353,49.384,27.166,12.851
9.39583,296.537,254.103,213.829,134.254,88.408,49.412,27.157,12.856
9.40000,296.589,254.307,213.978,134.316,88.486,49.415,27.204,12.893
9.40417,296.812,254.373,214.024,134.452,88.477,49.434,27.189,12.891
9.40833,296.923,254.537,214.201,134.496,88.585,49.404,27.214,12.867
9.41250,297.132,254.663,214.251,134.575,88.562,49.505,27.220,12.812
9.41667,297.271,254.737,214.357,134.596,88.618,49.463,27.231,12.901
9.42083,297.381,254.917,214.468,134.693,88.648,49.493,27.242,12.902
9.42500,297.482,255.046,214.573,134.636,88.740,49.567,27.259,12.796
9.42917,297.634,255.182,214.650,134.826,88.764,49.594,27.295,12.856
9.43333,297.807,255.282,214.758,134.868,88.774,49.569,27.304,12.950
9.43750,297.946,255.344,214.871,134.941,88.849,49.585,27.286,12.873
9.44167,298.110,255.482,214.976,134.965,88.916,49.641,27.310,12.922
9.44583,298.219,255.591,215.099,135.012,88.898,49.729,27.358,12.931
9.45000,298.323,255.766,215.116,135.128,88.993,49.760,27.341,12.899
9.45417,298.486,255.873,215.317,135.180,89.014,49.731,27.298,12.914
9.45833,298.703,255.930,215.373,135.265,89.094,49.721,27.443,12.894
9.46250,298.749,256.060,215.462,135.294,89.083,49.757,27.368,12.919
9.46667,298.948,256.291,215.608,135.400,89.130,49.805,27.344,12.926
9.47083,299.073,256.327,215.730,135.492,89.166,49.897,27.421,12.934
9.47500,299.234,256.488,215.806,135.521,89.169,49.827,27.415,12.946
9.47917,299.380,256.603,215.948,135.562,89.197,49.839,27.524,12.944
9.48333,299.477,256.738,215.939,135.615,89.338,49.849,27.391,12.955
9.48750,299.575,256.897,216.072,135.727,89.370,49.844,27.448,13.009
9.49167,299.798,256.912,216.192,135.733,89.409,49.921,27.502,12.936
9.49583,299.861,257.150,216.298,135.834,89.431,49.883,27.556,12.922
9.50000,300.029,257.206,216.397,135.941,89.464,49.977,27.517,12.953
9.50417,300.173,257.276,216.549,135.944,89.502,50.023,27.560,12.988
9.50833,300.267,257.398,216.585,135.991,89.629,49.989,27.466,13.039
9.51250,300.473,257.513,216.744,136.079,89.633,50.046,27.537,12.906
9.51667,300.575,257.669,216.823,136.203,89.662,50.006,27.543,12.938
9.52083,300.817,257.812,216.901,136.147,89.680,49.991,27.606,13.019
9.52500,300.845,257.885,217.003,136.295,89.821,50.039,27.612,13.018
9.52917,301.035,257.996,217.119,136.415,89.804,50.180,27.605,12.998
9.53333,301.150,258.080,217.212,136.418,89.868,50.071,27.575,13.015
9.53750,301.366,258.233,217.270,136.465,89.898,50.185,27.589,13.089
9.54167,301.396,258.398,217.412,136.511,89.952,50.159,27.655,13.063
9.54583,301.642,258.439,217.467,136.539,89.955,50.213,27.599,13.046
9.55000,301.773,258.601,217.612,136.727,90.020,50.212,27.631,13.055
9.55417,301.915,258.775,217.671,136.695,90.043,50.263,27.660,13.105
9.55833,301.960,258.792,217.813,136.721,90.026,50.232,27.635,13.092
9.56250,302.160,258.957,217.899,136.886,90.090,50.320,27.677,13.126
9.56667,302.224,259.105,217.964,136.812,90.168,50.283,27.691,13.044
9.57083,302.342,259.230,218.052,136.923,90.197,50.383,27.660,13.030
9.57500,302.510,259.286,218.185,137.032,90.148,50.328,27.693,13.089
9.57917,302.630,259.399,218.274,137.019,90.215,50.358,27.697,13.079
9.58333,302.789,259.589,218.367,137.175,90.281,50.457,27.694,13.100
9.58750,302.894,259.636,218.498,137.231,90.383,50.408,27.825,13.083
9.59167,303.036,259.737,218.545,137.260,90.389,50.489,27.772,13.080
9.59583,303.114,259.897,218.706,137.381,90.437,50.509,27.744,13.139
9.60000,303.327,259.973,218.817,137.422,90.491,50.535,27.794,13.056
9.60417,303.504,260.044,218.874,137.447,90.547,50.487,27.811,13.107
9.60833,303.581,260.244,218.963,137.561,90.621,50.557,27.849,13.141
9.61250,303.637,260.306,219.039,137.540,90.627,50.538,27.793,13.114
9.61667,303.864,260.412,219.097,137.607,90.669,50.619,27.789,13.176
9.62083,304.045,260.577,219.285,137.720,90.683,50.606,27.841,13.170
9.62500,304.138,260.688,219.273,137.685,90.632,50.625,27.894,13.164
9.62917,304.325,260.791,219.506,137.761,90.807,50.636,27.915,13.166
9.63333,304.409,260.933,219.497,137.866,90.807,50.659,27.829,13.107
9.63750,304.520,261.035,219.647,137.923,90.838,50.724,27.896,13.176
9.64167,304.624,261.105,219.753,137.922,90.916,50.788,27.935,13.174
9.64583,304.752,261.294,219.794,138.051,90.922,50.742,27.878,13.202
9.65000,304.913,261.339,219.968,138.107,90.933,50.687,27.930,13.204
9.65417,305.122,261.499,220.050,138.213,90.974,50.714,27.885,13.231
9.65833,305.199,261.575,220.139,138.206,91.088,50.777,27.984,13.237
9.66250,305.277,261.713,220.192,138.215,91.128,50.830,27.969,13.266
9.66667,305.435,261.781,220.312,138.340,91.085,50.891,28.043,13.164
9.67083,305.624,261.900,220.385,138.329,91.207,50.925,27.972,13.222
9.67500,305.666,262.030,220.485,138.436,91.232,50.892,28.049,13.234
9.67917,305.821,262.167,220.560,138.511,91.220,50.935,28.001,13.221
9.68333,305.943,262.223,220.699,138.482,91.284,50.925,28.013,13.239
9.68750,306.110,262.325,220.768,138.673,91.322,50.883,28.015,13.236
9.69167,306.224,262.412,220.869,138.721,91.370,51.002,28.077,13.119
9.69583,306.383,262.654,221.000,138.740,91.407,51.033,28.089,13.220
9.70000,306.440,262.662,220.999,138.753,91.389,51.021,28.076,13.223
9.70417,306.584,262.824,221.116,138.840,91.421,51.059,28.079,13.211
9.70833,306.761,262.874,221.243,138.966,91.577,51.153,28.107,13.276
9.71250,306.843,263.029,221.295,139.001,91.522,51.077,28.190,13.205
9.71667,307.042,263.095,221.422,138.986,91.539,51.168,28.085,13.307
9.72083,307.099,263.250,221.547,139.150,91.641,51.145,28.056,13.214
9.72500,307.286,263.320,221.619,139.183,91.707,51.147,28.156,13.221
9.72917,307.323,263.426,221.679,139.242,91.780,51.198,28.161,13.204
9.73333,307.503,263.578,221.770,139.298,91.761,51.216,28.215,13.330
9.73750,307.630,263.668,221.856,139.250,91.793,51.236,28.183,13.260
9.74167,307.741,263.744,222.002,139.394,91.805,51.233,28.217,13.288
9.74583,307.837,263.838,222.087,139.403,91.950,51.284,28.236,13.294
9.75000,307.999,264.017,222.165,139.476,91.856,51.300,28.276,13.246
9.75417,308.101,264.080,222.252,139.512,91.957,51.370,28.204,13.314
9.75833,308.241,264.202,222.289,139.638,91.991,51.345,28.272,13.264
9.76250,308.347,264.353,222.375,139.603,92.053,51.398,28.277,13.352
9.76667,308.522,264.465,222.491,139.753,92.140,51.362,28.310,13.273
9.77083,308.582,264.499,222.571,139.777,92.095,51.472,28.278,13.309
9.77500,308.688,264.598,222.689,139.838,92.141,51.358,28.243,13.307
9.77917,308.913,264.689,222.763,139.933,92.142,51.386,28.237,13.276
9.78333,309.025,264.831,222.920,139.939,92.206,51.439,28.288,13.322
9.78750,309.089,264.896,222.962,139.997,92.209,51.472,28.311,13.383
9.79167,309.201,265.043,223.080,140.057,92.321,51.465,28.313,13.324
9.79583,309.322,265.121,223.100,140.072,92.372,51.515,28.342,13.381
9.80000,309.434,265.187,223.204,140.177,92.342,51.507,28.489,13.390
9.80417,309.535,265.356,223.319,140.150,92.410,51.559,28.374,13.366
9.80833,309.760,265.471,223.382,140.262,92.455,51.616,28.386,13.426
9.81250,309.831,265.514,223.418,140.373,92.462,51.600,28.405,13.325
9.81667,309.985,265.638,223.580,140.340,92.473,51.630,28.411,13.352
9.82083,310.060,265.792,223.638,140.434,92.523,51.653,28.383,13.377
9.82500,310.121,265.919,223.774,140.478,92.597,51.718,28.456,13.360
9.82917,310.351,265.951,223.849,140.551,92.617,51.697,28.395,13.378
9.83333,310.428,266.078,223.896,140.565,92.719,51.739,28.439,13.409
9.83750,310.445,266.200,224.007,140.666,92.697,51.722,28.489,13.460
9.84167,310.670,266.301,224.082,140.781,92.738,51.707,28.456,13.389
9.84583,310.824,266.369,224.132,140.785,92.745,51.769,28.431,13.452
9.85000,310.967,266.499,224.263,140.827,92.802,51.753,28.506,13.368
9.85417,311.052,266.627,224.356,140.943,92.849,51.758,28.461,13.417
9.85833,311.193,266.766,224.448,140.926,92.793,51.820,28.489,13.419
9.86250,311.215,266.793,224.550,141.014,92.920,51.883,28.494,13.416
9.86667,311.384,266.936,224.579,141.045,92.893,51.912,28.494,13.448
9.87083,311.563,267.029,224.713,141.100,92.985,51.925,28.542,13.430
9.87500,311.649,267.096,224.746,141.145,92.991,51.932,28.549,13.470
9.87917,311.709,267.199,224.889,141.163,93.068,51.975,28.565,13.471
9.88333,311.877,267.239,224.962,141.247,93.058,51.979,28.586,13.365
9.88750,311.903,267.423,225.000,141.261,93.044,51.947,28.570,13.451
9.89167,312.048,267.489,225.175,141.395,93.176,52.019,28.600,13.391
9.89583,312.191,267.667,225.269,141.396,93.230,51.947,28.606,13.457
9.90000,312.376,267.785,225.220,141.401,93.258,52.018,28.608,13.466
9.90417,312.402,267.790,225.309,141.537,93.251,52.062,28.695,13.465
9.90833,312.444,267.913,225.426,141.608,93.293,52.043,28.604,13.441
9.91250,312.653,267.966,225.478,141.618,93.264,52.059,28.671,13.482
9.91667,312.736,268.108,225.665,141.733,93.403,52.135,28.673,13.502
9.92083,312.833,268.236,225.702,141.705,93.441,52.099,28.656,13.518
9.92500,313.022,268.228,225.862,141.773,93.390,52.132,28.623,13.514
9.92917,313.133,268.375,225.858,141.820,93.476,52.215,28.666,13.560
9.93333,313.286,268.534,225.928,141.953,93.518,52.154,28.678,13.554
9.93750,313.319,268.568,226.037,141.958,93.528,52.282,28.670,13.557
9.94167,313.465,268.646,226.162,142.008,93.596,52.173,28.701,13.495
9.94583,313.570,268.790,226.176,142.030,93.586,52.309,28.655,13.527
9.95000,313.676,268.902,226.277,142.082,93.646,52.262,28.775,13.488
9.95417,313.770,269.023,226.325,142.109,93.679,52.232,28.742,13.527
9.95833,313.894,268.999,226.500,142.241,93.719,52.312,28.769,13.484
9.96250,313.985,269.163,226.526,142.231,93.742,52.358,28.737,13.477
9.96667,314.162,269.230,226.568,142.323,93.756,52.296,28.751,13.527
9.97083,314.241,269.383,226.649,142.339,93.817,52.349,28.846,13.504
9.97500,314.340,269.468,226.719,142.434,93.831,52.312,28.774,13.520
9.97917,314.447,269.557,226.863,142.504,93.939,52.394,28.830,13.502
9.98333,314.558,269.636,226.910,142.512,93.869,52.356,28.839,13.591
9.98750,314.707,269.713,227.072,142.527,93.984,52.364,28.797,13.563
9.99167,314.821,269.841,227.087,142.669,94.012,52.399,28.837,13.475
9.99583,314.884,269.914,227.192,142.651,94.033,52.507,28.875,13.577
10.00000,314.991,270.065,227.221,142.743,93.971,52.452,28.773,13.573
10.00417,315.132,270.148,227.313,142.789,94.099,52.527,28.861,13.604
10.00833,315.260,270.232,227.417,142.738,94.057,52.515,28.868,13.567
10.01250,315.323,270.340,227.466,142.807,94.132,52.557,28.885,13.541
10.01667,315.421,270.405,227.558,142.933,94.164,52.483,28.879,13.594
10.02083,315.542,270.463,227.648,142.939,94.199,52.525,28.938,13.596
10.02500,315.612,270.569,227.730,142.937,94.236,52.574,28.978,13.662
10.02917,315.720,270.611,227.819,143.063,94.285,52.561,28.964,13.615
10.03333,315.861,270.764,227.874,143.117,94.316,52.648,29.001,13.630
10.03750,315.961,270.907,227.952,143.108,94.332,52.588,28.907,13.645
10.04167,316.069,270.975,228.029,143.124,94.314,52.674,28.939,13.589
10.04583,316.169,270.995,228.088,143.307,94.391,52.691,28.979,13.690
10.05000,316.265,271.134,228.200,143.250,94.433,52.689,28.973,13.665
10.05417,316.431,271.187,228.234,143.376,94.478,52.740,28.998,13.594
10.05833,316.543,271.330,228.268,143.393,94.470,52.671,28.964,13.683
10.06250,316.599,271.388,228.429,143.486,94.551,52.708,28.940,13.689
10.06667,316.738,271.467,228.485,143.415,94.625,52.778,29.106,13.669
10.07083,316.786,271.565,228.574,143.562,94.641,52.807,28.985,13.600
10.07500,316.982,271.666,228.605,143.536,94.628,52.836,29.066,13.638
10.07917,317.049,271.769,228.695,143.648,94.637,52.810,29.107,13.669
10.08333,317.065,271.847,228.819,143.680,94.681,52.759,29.100,13.669
10.08750,317.286,271.972,228.814,143.765,94.684,52.843,29.095,13.543
10.09167,317.363,272.051,228.956,143.818,94.707,52.918,29.102,13.732
10.09583,317.446,272.098,228.999,143.823,94.794,52.874,29.124,13.708
10.10000,317.588,272.166,229.172,143.800,94.851,52.942,29.128,13.609
10.10417,317.614,272.282,229.148,143.951,94.771,52.872,29.117,13.606
10.10833,317.669,272.369,229.168,143.992,94.885,52.909,29.091,13.697
10.11250,317.850,272.476,229.358,143.988,94.847,52.937,29.197,13.633
10.11667,318.002,272.567,229.399,144.042,94.977,52.954,29.133,13.700
10.12083,318.088,272.652,229.419,144.045,94.914,53.010,29.133,13.637
10.12500,318.145,272.723,229.512,144.150,94.973,52.953,29.138,13.694
10.12917,318.228,272.863,229.534,144.174,95.051,53.033,29.093,13.695
10.13333,318.329,272.900,229.732,144.228,95.117,52.995,29.141,13.710
10.13750,318.485,273.009,229.748,144.298,95.207,53.060,29.178,13.703
10.14167,318.507,273.057,229.841,144.402,95.117,53.066,29.149,13.698
10.14583,318.618,273.109,229.897,144.373,95.129,53.059,29.197,13.759
10.15000,318.667,273.255,229.900,144.425,95.191,53.091,29.198,13.728
10.15417,318.885,273.296,230.059,144.423,95.239,53.112,29.221,13.751
10.15833,319.020,273.368,230.142,144.495,95.254,53.088,29.201,13.721
10.16250,319.077,273.484,230.235,144.590,95.317,53.120,29.209,13.784
10.16667,319.203,273.548,230.277,144.614,95.331,53.185,29.165,13.736
10.17083,319.290,273.633,230.397,144.673,95.339,53.183,29.273,13.731
10.17500,319.371,273.722,230.427,144.742,95.377,53.152,29.297,13.848
10.17917,319.484,273.811,230.488,144.720,95.461,53.243,29.274,13.756
10.18333,319.591,273.914,230.573,144.782,95.435,53.210,29.218,13.731
10.18750,319.618,274.008,230.601,144.788,95.368,53.293,29.292,13.742
10.19167,319.798,274.124,230.641,144.897,95.530,53.243,29.402,13.784
10.19583,319.840,274.134,230.703,144.908,95.478,53.321,29.364,13.802
10.20000,319.965,274.215,230.811,144.938,95.587,53.312,29.309,13.847
10.20417,319.990,274.347,230.867,144.995,95.576,53.321,29.305,13.795
10.20833,320.111,274.411,230.957,145.007,95.545,53.320,29.337,13.775
10.21250,320.190,274.472,231.034,145.028,95.653,53.344,29.326,13.750
10.21667,320.309,274.595,231.058,145.090,95.657,53.296,29.417,13.767
10.22083,320.383,274.669,231.082,145.214,95.729,53.413,29.355,13.761
10.22500,320.511,274.741,231.233,145.211,95.720,53.356,29.363,13.851
10.22917,320.585,274.829,231.272,145.275,95.760,53.384,29.332,13.806
10.23333,320.705,274.897,231.340,145.337,95.782,53.451,29.374,13.884
10.23750,320.788,274.938,231.451,145.351,95.789,53.479,29.372,13.847
10.24167,320.868,275.018,231.500,145.364,95.815,53.483,29.368,13.811
10.24583,320.976,275.092,231.597,145.401,95.844,53.428,29.512,13.826
10.25000,321.056,275.221,231.617,145.476,95.915,53.452,29.451,13.874
10.25417,321.107,275.264,231.688,145.554,95.926,53.475,29.419,13.772
10.25833,321.239,275.437,231.771,145.587,95.871,53.548,29.378,13.825
10.26250,321.344,275.433,231.779,145.609,95.991,53.534,29.426,13.820
10.26667,321.394,275.505,231.907,145.676,95.964,53.597,29.445,13.866
10.27083,321.527,275.623,231.967,145.683,96.100,53.526,29.479,13.846
10.27500,321.614,275.715,232.044,145.701,96.052,53.642,29.505,13.867
10.27917,321.670,275.730,232.095,145.743,96.094,53.621,29.475,13.801
10.28333,321.727,275.820,232.158,145.799,96.118,53.592,29.500,13.923
10.28750,321.941,275.957,232.265,145.826,96.122,53.588,29.468,13.858
10.29167,321.985,275.980,232.282,145.874,96.166,53.639,29.474,13.828
10.29583,322.085,276.058,232.413,145.898,96.226,53.707,29.464,13.859
10.30000,322.087,276.127,232.436,145.932,96.243,53.645,29.569,13.857
10.30417,322.268,276.196,232.491,146.026,96.296,53.715,29.540,13.893
10.30833,322.303,276.350,232.467,146.054,96.218,53.699,29.503,13.898
10.31250,322.381,276.313,232.659,146.062,96.336,53.686,29.523,13.915
10.31667,322.565,276.507,232.652,146.138,96.316,53.784,29.534,13.923
10.32083,322.628,276.551,232.796,146.181,96.387,53.726,29.587,13.940
10.32500,322.699,276.624,232.881,146.203,96.399,53.769,29.555,13.887
10.32917,322.748,276.684,232.886,146.248,96.422,53.777,29.594,13.872
10.33333,322.786,276.738,232.877,146.330,96.469,53.820,29.615,13.853
10.33750,322.877,276.833,232.972,146.321,96.489,53.795,29.543,13.989
10.34167,323.097,276.904,233.040,146.418,96.465,53.748,29.637,13.901
10.34583,323.122,276.911,233.205,146.433,96.495,53.846,29.639,13.942
10.35000,323.184,277.023,233.238,146.452,96.541,53.813,29.622,13.947
10.35417,323.305,277.091,233.249,146.371,96.570,53.915,29.672,13.907
10.35833,323.342,277.196,233.244,146.526,96.621,53.932,29.649,13.854
10.36250,323.422,277.305,233.400,146.548,96.627,53.867,29.608,13.879
10.36667,323.503,277.350,233.484,146.599,96.657,53.924,29.597,14.003
10.37083,323.603,277.360,233.471,146.606,96.653,53.952,29.623,13.893
10.37500,323.716,277.488,233.545,146.658,96.676,53.941,29.649,13.962
10.37917,323.788,277.559,233.644,146.717,96.679,53.956,29.700,13.959
10.38333,323.915,277.608,233.708,146.750,96.736,53.969,29.707,13.979
10.38750,323.977,277.731,233.730,146.841,96.749,53.996,29.681,13.936
10.39167,324.064,277.780,233.856,146.815,96.830,54.011,29.704,13.919
10.39583,324.121,277.906,233.828,146.876,96.788,53.991,29.716,13.988
10.40000,324.263,277.923,233.912,146.977,96.891,54.018,29.789,13.964
10.40417,324.283,277.961,233.924,146.912,96.875,54.054,29.667,13.962
10.40833,324.383,278.077,234.055,146.905,96.889,54.036,29.812,13.956
10.41250,324.426,278.127,234.072,146.993,96.944,54.065,29.687,13.989
10.41667,324.552,278.192,234.210,147.025,96.981,54.126,29.772,13.977
10.42083,324.626,278.228,234.274,147.199,96.982,54.032,29.786,13.955
10.42500,324.749,278.382,234.237,147.146,97.013,54.064,29.725,13.948
10.42917,324.818,278.424,234.306,147.180,97.021,54.114,29.766,13.926
10.43333,324.835,278.454,234.432,147.190,97.053,54.061,29.774,13.931
10.43750,324.923,278.492,234.472,147.201,97.058,54.081,29.759,13.962
10.44167,325.011,278.715,234.510,147.293,97.106,54.205,29.749,13.997
10.44583,325.067,278.659,234.563,147.278,97.083,54.189,29.834,13.997
10.45000,325.169,278.728,234.662,147.325,97.162,54.186,29.785,14.062
10.45417,325.274,278.813,234.677,147.351,97.117,54.261,29.853,14.022
10.45833,325.350,278.914,234.749,147.362,97.082,54.211,29.808,13.985
10.46250,325.381,279.023,234.787,147.467,97.251,54.213,29.837,14.030
10.46667,325.481,279.066,234.892,147.427,97.238,54.270,29.885,14.005
10.47083,325.620,279.109,234.895,147.513,97.298,54.237,29.800,14.016
10.47500,325.719,279.124,234.992,147.574,97.366,54.254,29.900,14.004
10.47917,325.796,279.222,235.013,147.611,97.302,54.244,29.826,14.033
10.48333,325.795,279.297,235.086,147.592,97.378,54.284,29.777,14.092
10.48750,325.952,279.394,235.174,147.632,97.371,54.304,29.824,14.009
10.49167,325.935,279.516,235.198,147.651,97.426,54.345,29.888,14.024
10.49583,326.088,279.545,235.261,147.809,97.422,54.327,29.813,14.028
10.50000,326.214,279.578,235.303,147.728,97.433,54.303,29.929,14.044
10.50417,326.232,279.675,235.386,147.900,97.473,54.385,29.928,14.087
10.50833,326.327,279.676,235.391,147.844,97.447,54.349,29.908,14.045
10.51250,326.339,279.789,235.511,147.862,97.483,54.407,29.841,14.071
10.51667,326.446,279.870,235.535,147.923,97.518,54.354,29.965,14.089
10.52083,326.554,279.851,235.572,147.983,97.535,54.418,29.933,13.997
10.52500,326.561,280.007,235.634,147.960,97.559,54.401,29.921,13.994
10.52917,326.665,280.005,235.739,148.068,97.523,54.417,29.868,14.020
10.53333,326.780,280.110,235.758,148.011,97.652,54.461,30.029,14.128
10.53750,326.861,280.159,235.801,148.114,97.657,54.493,29.955,14.084
10.54167,326.889,280.226,235.853,148.061,97.678,54.497,30.008,14.076
10.54583,326.954,280.374,235.926,148.166,97.764,54.476,29.982,13.994
10.55000,327.024,280.390,235.968,148.133,97.707,54.442,30.072,14.087
10.55417,327.142,280.423,236.130,148.210,97.705,54.521,29.920,14.120
10.55833,327.101,280.472,236.062,148.316,97.789,54.552,29.976,14.085
10.56250,327.313,280.509,236.068,148.250,97.772,54.517,29.933,14.089
10.56667,327.261,280.538,236.156,148.293,97.855,54.486,30.050,14.061
10.57083,327.456,280.661,236.267,148.353,97.839,54.582,30.119,14.121
10.57500,327.471,280.733,236.320,148.320,97.795,54.614,30.000,14.093
10.57917,327.596,280.767,236.382,148.393,97.889,54.634,29.978,14.086
10.58333,327.588,280.844,236.382,148.459,97.937,54.629,30.024,14.139
10.58750,327.719,280.873,236.456,148.516,97.883,54.620,29.994,14.084
10.59167,327.793,280.980,236.478,148.511,97.955,54.533,30.005,14.183
10.59583,327.796,281.011,236.624,148.569,97.941,54.623,30.061,14.021
10.60000,327.902,281.080,236.588,148.569,98.051,54.674,30.048,14.082
10.60417,328.017,281.169,236.696,148.637,98.007,54.709,30.074,14.076
10.60833,328.049,281.267,236.738,148.676,97.925,54.672,30.046,14.112
10.61250,328.144,281.265,236.788,148.720,97.973,54.693,30.129,14.096
10.61667,328.171,281.342,236.785,148.685,98.082,54.681,30.084,14.057
10.62083,328.285,281.391,236.822,148.743,98.107,54.679,30.097,14.110
10.62500,328.359,281.490,236.911,148.829,98.158,54.715,30.081,14.206
10.62917,328.483,281.564,236.938,148.816,98.121,54.696,30.076,14.132
10.63333,328.484,281.649,236.930,148.876,98.135,54.707,30.017,14.148
10.63750,328.578,281.689,237.071,148.854,98.143,54.801,30.134,14.165
10.64167,328.604,281.768,237.082,148.931,98.208,54.773,30.086,14.126
10.64583,328.685,281.766,237.190,148.912,98.225,54.760,30.121,14.160
10.65000,328.753,281.785,237.210,148.946,98.253,54.735,30.155,14.198
10.65417,328.866,281.865,237.245,148.978,98.220,54.835,30.155,14.124
10.65833,328.902,281.981,237.367,149.044,98.293,54.829,30.173,14.197
10.66250,328.998,282.047,237.370,149.094,98.309,54.837,30.157,14.158
10.66667,328.984,282.043,237.447,149.104,98.347,54.788,30.178,14.149
10.67083,329.082,282.099,237.495,149.148,98.333,54.847,30.183,14.165
10.67500,329.181,282.176,237.484,149.223,98.377,54.843,30.212,14.178
10.67917,329.194,282.266,237.526,149.242,98.288,54.780,30.163,14.158
10.68333,329.252,282.301,237.610,149.240,98.408,54.910,30.220,14.183
10.68750,329.377,282.326,237.606,149.254,98.439,54.950,30.180,14.161
10.69167,329.532,282.445,237.663,149.222,98.424,54.904,30.212,14.089
10.69583,329.496,282.410,237.723,149.247,98.451,54.905,30.136,14.192
10.70000,329.557,282.526,237.812,149.364,98.517,54.956,30.175,14.126
10.70417,329.594,282.520,237.863,149.431,98.443,54.925,30.168,14.159
10.70833,329.717,282.646,237.878,149.386,98.530,54.950,30.209,14.176
10.71250,329.664,282.726,237.902,149.354,98.481,54.956,30.207,14.153
10.71667,329.834,282.754,237.958,149.467,98.611,54.987,30.242,14.235
10.72083,329.896,282.770,238.000,149.526,98.496,55.036,30.196,14.171
10.72500,329.998,282.886,238.020,149.425,98.621,54.965,30.195,14.260
10.72917,329.912,282.866,238.077,149.588,98.655,54.964,30.238,14.221
10.73333,330.131,282.984,238.225,149.628,98.650,55.017,30.249,14.165
10.73750,330.107,283.007,238.216,149.556,98.680,55.019,30.306,14.186
10.74167,330.187,283.056,238.276,149.623,98.678,55.024,30.246,14.235
10.74583,330.266,283.119,238.264,149.651,98.754,55.053,30.287,14.241
10.75000,330.388,283.251,238.338,149.675,98.798,55.048,30.303,14.208
10.75417,330.411,283.236,238.347,149.663,98.697,55.093,30.320,14.158
10.75833,330.495,283.239,238.438,149.735,98.811,55.035,30.288,14.280
10.76250,330.510,283.411,238.490,149.795,98.784,55.160,30.240,14.253
10.76667,330.593,283.340,238.512,149.822,98.802,55.071,30.223,14.201
10.77083,330.665,283.411,238.573,149.815,98.826,55.009,30.302,14.213
10.77500,330.717,283.449,238.568,149.826,98.750,55.138,30.303,14.247
10.77917,330.757,283.541,238.691,149.845,98.899,55.138,30.324,14.262
10.78333,330.808,283.654,238.728,149.939,98.879,55.178,30.301,14.227
10.78750,330.941,283.609,238.733,149.951,98.862,55.101,30.377,14.254
10.79167,330.977,283.672,238.850,149.971,98.888,55.211,30.313,14.201
10.79583,330.977,283.810,238.840,150.024,98.956,55.162,30.351,14.197
10.80000,331.096,283.764,238.874,150.052,98.928,55.193,30.382,14.299
10.80417,331.095,283.872,238.893,149.967,98.946,55.232,30.285,14.229
10.80833,331.133,283.906,238.992,150.121,98.940,55.179,30.320,14.242
10.81250,331.271,283.911,238.953,150.119,99.070,55.159,30.348,14.263
10.81667,331.234,284.067,239.128,150.161,99.044,55.204,30.384,14.263
10.82083,331.349,284.004,239.131,150.162,99.034,55.221,30.384,14.265
10.82500,331.372,284.093,239.142,150.221,99.094,55.217,30.462,14.258
10.82917,331.509,284.182,239.228,150.195,99.098,55.259,30.333,14.280
10.83333,331.533,284.142,239.238,150.234,99.094,55.336,30.365,14.252
10.83750,331.541,284.320,239.275,150.236,99.092,55.300,30.419,14.235
10.84167,331.632,284.307,239.275,150.309,99.061,55.233,30.378,14.327
10.84583,331.745,284.360,239.370,150.359,99.099,55.303,30.397,14.255
10.85000,331.765,284.373,239.374,150.311,99.142,55.360,30.400,14.194
10.85417,331.813,284.470,239.472,150.357,99.173,55.335,30.403,14.306
10.85833,331.915,284.551,239.448,150.393,99.197,55.304,30.410,14.250
10.86250,331.930,284.541,239.491,150.410,99.197,55.336,30.430,14.272
10.86667,332.025,284.640,239.522,150.458,99.211,55.345,30.407,14.331
10.87083,332.030,284.674,239.634,150.424,99.241,55.299,30.393,14.317
10.87500,332.103,284.631,239.664,150.431,99.240,55.336,30.420,14.252
10.87917,332.260,284.775,239.700,150.522,99.218,55.338,30.446,14.298
10.88333,332.257,284.780,239.780,150.518,99.328,55.333,30.467,14.264
10.88750,332.264,284.807,239.753,150.579,99.348,55.312,30.400,14.196
10.89167,332.282,284.899,239.841,150.606,99.309,55.401,30.440,14.292
10.89583,332.379,284.978,239.882,150.637,99.365,55.398,30.435,14.300
10.90000,332.437,284.955,239.890,150.638,99.428,55.371,30.488,14.247
10.90417,332.583,285.028,239.943,150.646,99.378,55.422,30.460,14.341
10.90833,332.555,285.076,239.930,150.700,99.354,55.411,30.495,14.320
10.91250,332.585,285.134,239.982,150.772,99.339,55.447,30.431,14.344
10.91667,332.667,285.169,240.048,150.744,99.408,55.453,30.405,14.376
10.92083,332.715,285.232,240.104,150.803,99.484,55.451,30.517,14.295
10.92500,332.754,285.261,240.183,150.786,99.431,55.445,30.516,14.330
10.92917,332.792,285.335,240.187,150.871,99.450,55.438,30.539,14.213
10.93333,332.880,285.374,240.196,150.840,99.504,55.467,30.486,14.352
10.93750,332.924,285.387,240.238,150.876,99.520,55.488,30.504,14.322
10.94167,333.006,285.416,240.283,150.827,99.544,55.517,30.541,14.286
10.94583,333.027,285.468,240.314,150.915,99.543,55.545,30.542,14.259
10.95000,333.068,285.545,240.371,150.987,99.546,55.459,30.506,14.287
10.95417,333.128,285.595,240.353,151.005,99.566,55.527,30.558,14.296
10.95833,333.186,285.580,240.427,150.983,99.541,55.564,30.516,14.309
10.96250,333.235,285.686,240.447,150.989,99.542,55.550,30.588,14.342
10.96667,333.305,285.709,240.456,151.040,99.628,55.622,30.540,14.332
10.97083,333.395,285.763,240.534,151.027,99.619,55.590,30.542,14.288
10.97500,333.400,285.828,240.552,151.075,99.644,55.655,30.471,14.325
10.97917,333.380,285.901,240.607,151.070,99.651,55.576,30.526,14.297
10.98333,333.474,285.897,240.650,151.145,99.722,55.641,30.580,14.351
10.98750,333.529,285.926,240.730,151.134,99.728,55.529,30.552,14.357
10.99167,333.603,285.929,240.747,151.150,99.733,55.567,30.575,14.328
10.99583,333.701,286.083,240.724,151.170,99.738,55.583,30.584,14.312
11.00000,333.708,286.044,240.806,151.171,99.730,55.624,30.518,14.352
11.00417,333.747,286.066,240.804,151.311,99.750,55.564,30.569,14.323
11.00833,333.843,286.144,240.825,151.348,99.792,55.649,30.578,14.389
11.01250,333.827,286.265,240.957,151.315,99.755,55.641,30.562,14.376
11.01667,333.839,286.251,240.970,151.346,99.775,55.639,30.617,14.402
11.02083,333.971,286.249,240.968,151.336,99.876,55.635,30.676,14.392
11.02500,333.959,286.246,241.088,151.387,99.868,55.697,30.563,14.377
11.02917,334.050,286.379,241.060,151.328,99.817,55.681,30.604,14.396
11.03333,334.120,286.320,241.087,151.448,99.861,55.662,30.592,14.392
11.03750,334.181,286.462,241.102,151.377,99.809,55.681,30.600,14.378
11.04167,334.243,286.506,241.129,151.406,99.855,55.770,30.598,14.324
11.04583,334.220,286.504,241.195,151.503,99.962,55.672,30.649,14.368
11.05000,334.280,286.574,241.247,151.484,99.926,55.757,30.635,14.355
11.05417,334.367,286.651,241.240,151.537,99.915,55.778,30.601,14.344
11.05833,334.427,286.650,241.260,151.502,99.948,55.765,30.694,14.386
11.06250,334.539,286.665,241.314,151.527,99.964,55.808,30.662,14.358
11.06667,334.459,286.738,241.387,151.583,99.984,55.743,30.683,14.341
11.07083,334.584,286.753,241.439,151.554,99.988,55.796,30.618,14.351
11.07500,334.617,286.822,241.463,151.703,100.012,55.744,30.655,14.415
11.07917,334.622,286.824,241.421,151.643,100.011,55.813,30.664,14.398
11.08333,334.666,286.852,241.544,151.682,100.046,55.686,30.704,14.417
11.08750,334.689,286.945,241.522,151.719,100.085,55.808,30.668,14.361
11.09167,334.827,286.962,241.532,151.717,100.067,55.830,30.657,14.395
11.09583,334.779,286.977,241.609,151.732,100.071,55.754,30.659,14.373
11.10000,334.846,287.059,241.610,151.777,100.125,55.759,30.655,14.349
11.10417,334.935,287.097,241.755,151.745,100.047,55.838,30.737,14.358
11.10833,334.935,287.066,241.751,151.767,100.115,55.797,30.704,14.428
11.11250,335.028,287.213,241.699,151.819,100.111,55.828,30.690,14.363
11.11667,335.032,287.205,241.778,151.872,100.163,55.856,30.651,14.404
11.12083,335.086,287.280,241.807,151.935,100.245,55.846,30.653,14.408
11.12500,335.092,287.253,241.889,151.853,100.176,55.919,30.643,14.428
11.12917,335.190,287.313,241.950,151.897,100.235,55.851,30.744,14.369
11.13333,335.199,287.395,241.910,151.832,100.226,55.852,30.754,14.401
11.13750,335.295,287.393,241.928,151.954,100.236,55.898,30.757,14.460
11.14167,335.385,287.413,241.980,151.982,100.236,55.914,30.752,14.401
11.14583,335.388,287.499,241.931,151.971,100.277,55.909,30.769,14.382
11.15000,335.370,287.575,242.039,151.944,100.333,55.926,30.719,14.464
11.15417,335.483,287.519,242.037,151.959,100.216,55.909,30.749,14.447
11.15833,335.431,287.647,242.107,152.055,100.257,55.930,30.726,14.407
11.16250,335.495,287.607,242.140,152.038,100.262,55.903,30.760,14.444
11.16667,335.558,287.644,242.166,152.006,100.285,55.939,30.728,14.387
11.17083,335.633,287.747,242.103,152.126,100.342,55.888,30.740,14.434
11.17500,335.657,287.735,242.240,152.153,100.346,55.923,30.728,14.452
11.17917,335.687,287.784,242.251,152.158,100.362,55.961,30.784,14.426
11.18333,335.723,287.891,242.240,152.050,100.406,55.926,30.752,14.398
11.18750,335.713,287.871,242.295,152.185,100.363,55.930,30.809,14.465
11.19167,335.778,287.820,242.387,152.243,100.346,56.018,30.836,14.459
11.19583,335.859,287.898,242.342,152.199,100.422,55.919,30.778,14.424
11.20000,335.929,287.953,242.440,152.227,100.383,55.984,30.710,14.389
11.20417,335.984,287.990,242.418,152.288,100.442,55.996,30.804,14.461
11.20833,336.047,288.046,242.404,152.230,100.486,55.988,30.764,14.393
11.21250,335.963,288.096,242.541,152.335,100.501,55.924,30.871,14.387
11.21667,336.067,288.082,242.511,152.326,100.526,56.014,30.828,14.475
11.22083,336.083,288.150,242.595,152.341,100.510,56.027,30.723,14.419
11.22500,336.140,288.170,242.602,152.351,100.535,56.094,30.852,14.410
11.22917,336.260,288.169,242.664,152.366,100.561,56.004,30.816,14.405
11.23333,336.247,288.295,242.687,152.447,100.529,56.083,30.809,14.533
11.23750,336.299,288.321,242.621,152.389,100.506,56.010,30.814,14.364
11.24167,336.314,288.271,242.675,152.402,100.532,56.016,30.837,14.485
11.24583,336.395,288.292,242.707,152.443,100.595,56.094,30.833,14.461
11.25000,336.477,288.399,242.752,152.459,100.649,56.082,30.807,14.443
11.25417,336.441,288.417,242.852,152.453,100.583,56.060,30.827,14.425
11.25833,336.460,288.471,242.826,152.476,100.589,55.991,30.923,14.485
11.26250,336.534,288.495,242.849,152.488,100.577,56.088,30.767,14.557
11.26667,336.589,288.542,242.852,152.455,100.579,56.173,30.863,14.538
11.27083,336.634,288.608,242.903,152.547,100.683,56.153,30.775,14.494
11.27500,336.702,288.596,243.054,152.543,100.660,56.130,30.804,14.536
11.27917,336.615,288.651,243.007,152.595,100.683,56.156,30.898,14.456
11.28333,336.721,288.697,243.001,152.572,100.665,56.132,30.794,14.454
11.28750,336.711,288.702,243.021,152.633,100.689,56.151,30.897,14.525
11.29167,336.816,288.708,243.043,152.680,100.682,56.171,30.874,14.485
11.29583,336.854,288.711,243.069,152.656,100.752,56.108,30.878,14.534
11.30000,336.883,288.892,243.056,152.642,100.668,56.170,30.846,14.533
11.30417,336.885,288.808,243.093,152.709,100.756,56.110,30.878,14.477
11.30833,336.930,288.864,243.141,152.741,100.733,56.180,30.863,14.507
11.31250,337.010,288.881,243.208,152.719,100.763,56.127,30.860,14.446
11.31667,337.057,288.933,243.220,152.714,100.782,56.155,30.859,14.460
11.32083,337.067,288.926,243.270,152.711,100.774,56.175,30.910,14.490
11.32500,337.061,288.944,243.323,152.806,100.729,56.199,30.823,14.525
11.32917,337.156,288.993,243.326,152.790,100.804,56.190,30.897,14.501
11.33333,337.218,289.072,243.336,152.770,100.797,56.187,30.946,14.523
11.33750,337.202,289.097,243.447,152.841,100.757,56.194,30.897,14.524
11.34167,337.254,289.156,243.406,152.828,100.840,56.183,30.833,14.487
11.34583,337.258,289.197,243.428,152.764,100.850,56.205,30.887,14.465
11.35000,337.277,289.211,243.481,152.911,100.879,56.185,30.875,14.490
11.35417,337.375,289.192,243.412,152.882,100.839,56.292,30.918,14.500
11.35833,337.357,289.209,243.443,152.862,100.896,56.236,30.896,14.476
11.36250,337.472,289.302,243.535,152.896,100.857,56.244,30.935,14.546
11.36667,337.464,289.269,243.452,152.963,100.921,56.232,30.906,14.528
11.37083,337.456,289.252,243.568,152.956,100.824,56.236,30.924,14.513
11.37500,337.524,289.349,243.646,152.964,100.915,56.237,30.970,14.484
11.37917,337.605,289.351,243.614,153.020,100.932,56.216,30.926,14.489
11.38333,337.548,289.459,243.601,152.940,100.891,56.254,30.911,14.507
11.38750,337.680,289.421,243.628,153.031,100.898,56.291,30.927,14.536
11.39167,337.696,289.480,243.638,153.084,100.948,56.261,30.990,14.433
11.39583,337.696,289.517,243.679,153.090,100.940,56.236,30.942,14.502
11.40000,337.702,289.570,243.762,153.110,100.987,56.321,30.908,14.497
11.40417,337.825,289.543,243.783,153.043,101.032,56.302,30.932,14.466
11.40833,337.809,289.551,243.782,153.074,100.951,56.356,31.006,14.550
11.41250,337.842,289.606,243.872,153.110,101.000,56.336,31.000,14.497
11.41667,337.871,289.682,243.834,153.174,101.041,56.355,30.924,14.517
11.42083,337.981,289.643,243.799,153.217,101.089,56.291,30.947,14.545
11.42500,337.971,289.743,243.809,153.195,101.113,56.322,30.929,14.528
11.42917,338.036,289.771,243.908,153.092,101.050,56.357,31.024,14.471
11.43333,338.008,289.837,243.950,153.244,101.016,56.332,30.905,14.527
11.43750,338.085,289.795,243.958,153.222,101.076,56.356,31.019,14.516
11.44167,338.122,289.816,243.943,153.212,101.085,56.317,31.032,14.532
11.44583,338.114,289.940,244.054,153.267,101.059,56.360,30.994,14.567
11.45000,338.232,289.928,244.017,153.231,101.041,56.393,30.963,14.514
11.45417,338.175,289.939,244.072,153.257,101.069,56.394,31.015,14.571
11.45833,338.205,289.950,244.103,153.251,101.141,56.409,30.992,14.512
11.46250,338.227,289.991,244.033,153.330,101.070,56.412,30.989,14.555
11.46667,338.304,289.977,244.101,153.257,101.144,56.365,30.963,14.530
11.47083,338.290,290.025,244.165,153.338,101.176,56.413,30.998,14.530
11.47500,338.368,290.100,244.186,153.328,101.163,56.411,30.940,14.540
11.47917,338.417,290.035,244.309,153.333,101.144,56.394,31.060,14.546
11.48333,338.469,290.132,244.253,153.394,101.201,56.400,31.011,14.586
11.48750,338.452,290.112,244.233,153.405,101.232,56.379,31.033,14.512
11.49167,338.475,290.258,244.289,153.405,101.177,56.402,31.055,14.623
11.49583,338.467,290.226,244.249,153.369,101.153,56.450,31.010,14.532
11.50000,338.518,290.273,244.295,153.438,101.225,56.437,31.052,14.568
11.50417,338.586,290.272,244.361,153.501,101.208,56.419,31.032,14.502
11.50833,338.595,290.255,244.388,153.496,101.208,56.395,30.944,14.561
11.51250,338.673,290.319,244.414,153.464,101.219,56.423,31.021,14.606
11.51667,338.681,290.348,244.435,153.532,101.305,56.474,31.060,14.544
11.52083,338.732,290.401,244.401,153.523,101.296,56.421,31.037,14.583
11.52500,338.752,290.398,244.436,153.499,101.311,56.432,31.031,14.504
11.52917,338.773,290.428,244.457,153.513,101.317,56.446,31.029,14.580
11.53333,338.768,290.457,244.529,153.538,101.262,56.426,31.066,14.525
11.53750,338.826,290.503,244.519,153.492,101.364,56.524,31.054,14.538
11.54167,338.876,290.497,244.542,153.537,101.330,56.490,31.051,14.550
11.54583,338.880,290.529,244.597,153.587,101.338,56.491,31.094,14.599
11.55000,338.911,290.449,244.543,153.584,101.322,56.441,31.018,14.588
11.55417,338.963,290.547,244.487,153.594,101.366,56.499,31.049,14.588
11.55833,338.948,290.617,244.668,153.626,101.320,56.519,31.020,14.582
11.56250,338.968,290.604,244.640,153.639,101.362,56.553,31.032,14.534
11.56667,339.008,290.665,244.684,153.624,101.373,56.562,31.063,14.603
11.57083,339.082,290.646,244.677,153.658,101.339,56.533,31.068,14.603
11.57500,339.104,290.726,244.682,153.795,101.389,56.575,31.046,14.561
11.57917,339.111,290.704,244.707,153.657,101.427,56.608,31.119,14.602
11.58333,339.183,290.757,244.768,153.706,101.364,56.459,31.070,14.596
11.58750,339.166,290.748,244.818,153.698,101.451,56.521,31.059,14.615
11.59167,339.200,290.796,244.793,153.774,101.418,56.545,31.130,14.533
11.59583,339.197,290.859,244.821,153.745,101.503,56.540,31.112,14.592
11.60000,339.292,290.857,244.801,153.767,101.419,56.518,31.108,14.571
11.60417,339.280,290.828,244.868,153.774,101.457,56.613,31.054,14.583
11.60833,339.346,290.899,244.985,153.786,101.402,56.528,31.092,14.582
11.61250,339.343,290.885,244.822,153.762,101.401,56.552,31.070,14.599
11.61667,339.429,291.010,244.907,153.858,101.421,56.553,31.155,14.544
11.62083,339.447,290.940,244.933,153.853,101.529,56.596,31.146,14.550
11.62500,339.437,290.932,245.081,153.817,101.546,56.607,31.096,14.580
11.62917,339.484,291.019,245.016,153.899,101.523,56.597,31.154,14.626
11.63333,339.486,291.063,245.024,153.872,101.490,56.585,31.054,14.510
11.63750,339.521,291.025,245.021,153.891,101.488,56.640,31.096,14.641
11.64167,339.556,291.133,245.076,153.835,101.484,56.604,31.067,14.606
11.64583,339.535,291.050,245.105,153.893,101.497,56.648,31.157,14.609
11.65000,339.653,291.153,245.059,153.939,101.581,56.589,31.119,14.577
11.65417,339.634,291.125,245.085,153.962,101.536,56.570,31.179,14.622
11.65833,339.635,291.229,245.126,153.972,101.609,56.541,31.121,14.534
11.66250,339.648,291.182,245.136,153.959,101.548,56.638,31.179,14.542
11.66667,339.706,291.306,245.179,153.963,101.610,56.649,31.098,14.583
11.67083,339.757,291.306,245.107,153.970,101.554,56.584,31.101,14.554
11.67500,339.745,291.251,245.185,154.021,101.573,56.716,31.144,14.619
11.67917,339.830,291.320,245.246,153.977,101.590,56.687,31.210,14.622
11.68333,339.836,291.356,245.288,153.965,101.625,56.677,31.193,14.591
11.68750,339.861,291.344,245.201,154.057,101.558,56.649,31.166,14.549
11.69167,339.853,291.444,245.294,154.076,101.629,56.606,31.145,14.607
11.69583,339.923,291.414,245.299,154.057,101.643,56.646,31.129,14.546
11.70000,339.929,291.427,245.327,154.062,101.643,56.675,31.152,14.618
11.70417,339.976,291.497,245.320,154.125,101.660,56.700,31.184,14.637
11.70833,339.932,291.447,245.359,154.078,101.664,56.647,31.121,14.556
11.71250,340.069,291.466,245.381,154.087,101.667,56.686,31.205,14.571
11.71667,340.029,291.453,245.373,154.153,101.608,56.674,31.160,14.631
11.72083,340.019,291.546,245.439,154.100,101.694,56.684,31.162,14.544
11.72500,340.074,291.572,245.400,154.162,101.697,56.680,31.213,14.622
11.72917,340.143,291.517,245.491,154.103,101.730,56.706,31.137,14.585
11.73333,340.114,291.497,245.440,154.096,101.692,56.732,31.180,14.638
11.73750,340.137,291.599,245.519,154.130,101.688,56.680,31.188,14.608
11.74167,340.160,291.612,245.483,154.133,101.729,56.689,31.184,14.674
11.74583,340.193,291.715,245.501,154.206,101.771,56.682,31.169,14.618
11.75000,340.282,291.680,245.560,154.223,101.736,56.682,31.161,14.622
11.75417,340.251,291.662,245.560,154.189,101.756,56.689,31.184,14.626
11.75833,340.292,291.687,245.529,154.231,101.737,56.760,31.202,14.671
11.76250,340.316,291.749,245.537,154.238,101.794,56.673,31.234,14.652
11.76667,340.262,291.733,245.617,154.301,101.762,56.699,31.208,14.646
11.77083,340.423,291.743,245.648,154.259,101.760,56.730,31.172,14.626
11.77500,340.335,291.791,245.633,154.249,101.825,56.684,31.225,14.632
11.77917,340.389,291.786,245.653,154.264,101.806,56.661,31.223,14.617
11.78333,340.428,291.899,245.663,154.251,101.818,56.718,31.196,14.632
11.78750,340.464,291.926,245.627,154.323,101.927,56.761,31.166,14.593
11.79167,340.465,291.832,245.777,154.346,101.759,56.820,31.225,14.653
11.79583,340.502,291.877,245.697,154.348,101.852,56.729,31.204,14.594
11.80000,340.462,291.929,245.734,154.375,101.841,56.717,31.197,14.601
11.80417,340.578,291.950,245.749,154.308,101.804,56.778,31.187,14.616
11.80833,340.562,291.977,245.805,154.408,101.836,56.767,31.245,14.648
11.81250,340.587,291.947,245.831,154.359,101.831,56.783,31.193,14.614
11.81667,340.619,292.012,245.839,154.399,101.879,56.818,31.165,14.629
11.82083,340.632,292.052,245.801,154.395,101.814,56.780,31.250,14.661
11.82500,340.668,292.094,245.838,154.473,101.867,56.760,31.242,14.691
11.82917,340.664,292.049,245.910,154.376,101.853,56.774,31.228,14.674
11.83333,340.676,292.108,245.922,154.442,101.934,56.827,31.147,14.683
11.83750,340.776,292.092,245.853,154.448,101.861,56.807,31.210,14.569
11.84167,340.830,292.184,245.987,154.483,101.892,56.752,31.135,14.650
11.84583,340.807,292.136,245.991,154.488,101.919,56.804,31.208,14.739
11.85000,340.866,292.121,245.995,154.547,101.914,56.793,31.295,14.697
11.85417,340.868,292.211,245.994,154.500,101.937,56.788,31.246,14.634
11.85833,340.809,292.256,246.014,154.444,101.985,56.819,31.266,14.690
11.86250,340.802,292.212,245.906,154.480,101.926,56.849,31.247,14.547
11.86667,340.885,292.261,245.996,154.532,101.874,56.762,31.152,14.624
11.87083,340.893,292.173,245.994,154.546,101.974,56.802,31.278,14.634
11.87500,340.888,292.262,246.055,154.497,101.949,56.773,31.222,14.637
11.87917,341.026,292.263,246.101,154.495,101.945,56.792,31.324,14.679
11.88333,340.972,292.282,246.056,154.535,102.007,56.858,31.266,14.626
11.88750,340.990,292.325,246.119,154.570,101.953,56.849,31.159,14.650
11.89167,341.018,292.361,246.143,154.591,102.001,56.832,31.211,14.699
11.89583,341.012,292.359,246.151,154.607,101.942,56.817,31.279,14.590
11.90000,341.047,292.364,246.244,154.549,102.014,56.828,31.240,14.621
11.90417,341.033,292.366,246.107,154.562,101.986,56.864,31.265,14.610
11.90833,341.064,292.427,246.135,154.613,101.974,56.871,31.258,14.687
11.91250,341.120,292.442,246.178,154.606,102.047,56.854,31.298,14.666
11.91667,341.213,292.463,246.206,154.540,102.005,56.858,31.261,14.690
11.92083,341.181,292.491,246.272,154.643,102.020,56.842,31.262,14.645
11.92500,341.209,292.512,246.224,154.584,102.102,56.846,31.236,14.684
11.92917,341.191,292.545,246.248,154.638,102.054,56.871,31.280,14.673
11.93333,341.301,292.578,246.206,154.610,102.052,56.865,31.232,14.655
11.93750,341.256,292.582,246.316,154.735,102.034,56.895,31.199,14.622
11.94167,341.290,292.581,246.287,154.669,102.075,56.851,31.248,14.722
11.94583,341.240,292.525,246.307,154.720,102.094,56.908,31.260,14.713
11.95000,341.295,292.580,246.373,154.667,102.006,56.889,31.255,14.680
11.95417,341.314,292.592,246.384,154.685,102.061,56.905,31.290,14.636
11.95833,341.336,292.623,246.353,154.698,102.085,56.887,31.278,14.636
11.96250,341.308,292.615,246.396,154.774,102.031,56.952,31.288,14.648
11.96667,341.394,292.687,246.412,154.759,102.128,56.971,31.273,14.725
11.97083,341.439,292.684,246.410,154.766,102.133,56.960,31.292,14.722
11.97500,341.439,292.758,246.363,154.721,102.047,56.901,31.301,14.661
11.97917,341.367,292.792,246.400,154.756,102.116,56.931,31.226,14.626
11.98333,341.542,292.712,246.415,154.693,102.121,56.925,31.291,14.697
11.98750,341.555,292.772,246.501,154.792,102.160,56.919,31.367,14.661
11.99167,341.591,292.787,246.439,154.840,102.169,56.916,31.249,14.658
11.99583,341.576,292.830,246.460,154.785,102.146,56.933,31.318,14.702
12.00000,341.566,292.790,246.461,154.852,102.155,56.958,31.311,14.618
