time_min,A246_mAU,A254_mAU,A261_mAU,A273_mAU,A290_mAU,A324_mAU,A350_mAU,A445_mAU
0.00000,31.196,27.800,23.241,13.874,8.636,4.586,3.299,1.698
0.00417,31.280,27.900,23.407,13.880,8.651,4.592,3.287,1.775
0.00833,31.225,27.838,23.394,13.877,8.698,4.633,3.272,1.725
0.01250,31.346,27.818,23.470,13.939,8.674,4.572,3.267,1.713
0.01667,31.410,27.934,23.452,13.880,8.686,4.642,3.301,1.776
0.02083,31.373,28.001,23.452,13.890,8.760,4.650,3.285,1.648
0.02500,31.453,27.974,23.462,13.960,8.692,4.581,3.276,1.756
0.02917,31.483,28.011,23.498,13.908,8.708,4.605,3.330,1.830
0.03333,31.438,27.995,23.551,13.982,8.740,4.588,3.355,1.763
0.03750,31.481,28.042,23.565,13.905,8.759,4.566,3.234,1.686
0.04167,31.570,28.049,23.559,13.941,8.729,4.624,3.308,1.755
0.04583,31.559,28.090,23.575,13.990,8.790,4.626,3.370,1.721
0.05000,31.607,28.140,23.676,13.997,8.707,4.631,3.309,1.748
0.05417,31.623,28.088,23.683,13.929,8.812,4.699,3.319,1.740
0.05833,31.690,28.077,23.614,14.055,8.792,4.625,3.258,1.734
0.06250,31.728,28.230,23.690,14.041,8.887,4.614,3.317,1.681
0.06667,31.674,28.199,23.716,14.075,8.770,4.648,3.361,1.742
0.07083,31.710,28.223,23.752,14.091,8.868,4.665,3.339,1.722
0.07500,31.784,28.295,23.707,14.067,8.715,4.652,3.359,1.775
0.07917,31.764,28.334,23.750,14.071,8.868,4.679,3.332,1.762
0.08333,31.807,28.311,23.829,14.081,8.896,4.649,3.308,1.821
0.08750,31.828,28.327,23.806,14.180,8.884,4.694,3.344,1.786
0.09167,31.917,28.363,23.796,14.117,8.865,4.688,3.320,1.790
0.09583,31.960,28.338,23.828,14.121,8.871,4.651,3.385,1.792
0.10000,31.965,28.392,23.909,14.195,8.894,4.665,3.323,1.760
0.10417,31.979,28.419,23.839,14.196,8.864,4.665,3.323,1.781
0.10833,31.972,28.527,23.917,14.155,8.866,4.686,3.360,1.745
0.11250,31.989,28.485,23.980,14.204,8.870,4.737,3.354,1.730
0.11667,32.097,28.515,23.909,14.230,8.893,4.768,3.337,1.809
0.12083,32.081,28.519,23.985,14.298,8.999,4.705,3.325,1.758
0.12500,32.121,28.616,24.026,14.245,8.922,4.758,3.341,1.747
0.12917,32.173,28.605,23.978,14.262,8.960,4.736,3.321,1.785
0.13333,32.159,28.632,23.965,14.297,8.987,4.716,3.315,1.844
0.13750,32.249,28.709,24.025,14.286,8.930,4.728,3.360,1.709
0.14167,32.305,28.686,24.099,14.345,8.953,4.750,3.364,1.833
0.14583,32.288,28.653,24.086,14.301,8.963,4.711,3.342,1.716
0.15000,32.265,28.718,24.102,14.311,8.960,4.734,3.400,1.802
0.15417,32.368,28.742,24.104,14.278,9.053,4.778,3.413,1.766
0.15833,32.384,28.763,24.151,14.333,8.969,4.744,3.352,1.712
0.16250,32.366,28.766,24.171,14.383,9.034,4.815,3.347,1.747
0.16667,32.508,28.877,24.156,14.362,9.018,4.848,3.417,1.794
0.17083,32.410,28.840,24.275,14.386,9.016,4.772,3.365,1.788
0.17500,32.470,28.917,24.313,14.333,9.077,4.835,3.407,1.748
0.17917,32.536,28.922,24.206,14.488,9.006,4.736,3.375,1.773
0.18333,32.561,28.873,24.416,14.424,9.041,4.794,3.413,1.779
0.18750,32.578,28.959,24.375,14.474,9.122,4.780,3.460,1.737
0.19167,32.592,29.030,24.324,14.469,9.011,4.795,3.421,1.812
0.19583,32.599,29.025,24.368,14.445,9.089,4.869,3.422,1.830
0.20000,32.652,29.093,24.424,14.484,9.065,4.792,3.427,1.776
0.20417,32.699,29.132,24.453,14.557,9.136,4.854,3.396,1.772
0.20833,32.774,29.066,24.423,14.513,9.116,4.785,3.410,1.805
0.21250,32.771,29.175,24.427,14.513,9.155,4.772,3.439,1.804
0.21667,32.824,29.146,24.506,14.555,9.166,4.774,3.498,1.824
0.22083,32.862,29.210,24.445,14.552,9.132,4.809,3.431,1.817
0.22500,32.873,29.168,24.558,14.559,9.151,4.810,3.450,1.815
0.22917,32.926,29.248,24.533,14.572,9.192,4.853,3.437,1.739
0.23333,32.981,29.233,24.593,14.617,9.075,4.834,3.355,1.819
0.23750,32.974,29.312,24.606,14.726,9.155,4.902,3.434,1.791
0.24167,33.010,29.356,24.550,14.638,9.168,4.827,3.450,1.800
0.24583,32.968,29.343,24.676,14.611,9.163,4.861,3.486,1.781
0.25000,33.018,29.346,24.699,14.685,9.199,4.900,3.429,1.827
0.25417,33.071,29.382,24.657,14.685,9.222,4.845,3.450,1.811
0.25833,33.208,29.436,24.687,14.666,9.203,4.930,3.529,1.928
0.26250,33.161,29.469,24.792,14.737,9.268,4.899,3.422,1.847
0.26667,33.231,29.476,24.775,14.744,9.232,4.938,3.451,1.724
0.27083,33.199,29.525,24.757,14.748,9.213,4.936,3.506,1.824
0.27500,33.272,29.562,24.782,14.745,9.284,4.900,3.492,1.825
0.27917,33.318,29.598,24.779,14.783,9.300,4.853,3.496,1.847
0.28333,33.367,29.604,24.842,14.740,9.338,4.965,3.474,1.768
0.28750,33.375,29.642,24.877,14.772,9.325,4.884,3.488,1.864
0.29167,33.469,29.600,24.876,14.760,9.342,4.905,3.490,1.851
0.29583,33.436,29.709,24.914,14.855,9.340,4.919,3.480,1.834
0.30000,33.478,29.711,24.988,14.828,9.345,4.911,3.428,1.798
0.30417,33.510,29.752,24.998,14.876,9.340,4.949,3.496,1.861
0.30833,33.578,29.795,24.996,14.902,9.342,4.972,3.521,1.779
0.31250,33.597,29.815,25.126,14.945,9.429,5.031,3.575,1.799
0.31667,33.637,29.883,25.023,14.889,9.368,4.991,3.500,1.801
0.32083,33.605,29.871,25.059,14.963,9.367,4.963,3.469,1.827
0.32500,33.660,29.878,25.101,14.926,9.348,4.938,3.442,1.833
0.32917,33.684,29.913,25.162,14.998,9.342,5.016,3.438,1.891
0.33333,33.724,29.978,25.140,14.997,9.391,5.031,3.513,1.774
0.33750,33.736,29.981,25.196,14.985,9.457,5.010,3.533,1.783
0.34167,33.785,29.967,25.167,14.990,9.471,4.968,3.520,1.843
0.34583,33.839,30.035,25.193,15.038,9.405,5.006,3.518,1.786
0.35000,33.886,30.046,25.246,15.070,9.423,5.016,3.527,1.806
0.35417,33.858,30.067,25.210,15.041,9.452,4.991,3.545,1.911
0.35833,33.917,30.092,25.291,15.097,9.562,5.043,3.544,1.837
0.36250,33.959,30.151,25.341,15.118,9.522,5.042,3.531,1.856
0.36667,33.993,30.185,25.365,15.097,9.481,5.055,3.568,1.794
0.37083,34.007,30.257,25.363,15.090,9.506,4.993,3.591,1.843
0.37500,34.084,30.272,25.457,15.105,9.480,5.063,3.620,1.787
0.37917,34.093,30.239,25.451,15.172,9.535,5.086,3.522,1.841
0.38333,34.091,30.297,25.411,15.156,9.480,5.064,3.572,1.805
0.38750,34.161,30.310,25.528,15.186,9.537,5.067,3.607,1.820
0.39167,34.179,30.394,25.477,15.208,9.613,5.045,3.574,1.904
0.39583,34.231,30.362,25.487,15.311,9.543,5.107,3.530,1.855
0.40000,34.263,30.409,25.537,15.187,9.574,5.124,3.609,1.793
0.40417,34.355,30.453,25.577,15.238,9.533,5.134,3.532,1.859
0.40833,34.401,30.438,25.570,15.230,9.532,5.070,3.476,1.752
0.41250,34.437,30.538,25.688,15.315,9.680,5.081,3.531,1.860
0.41667,34.469,30.540,25.677,15.299,9.624,5.107,3.529,1.867
0.42083,34.465,30.578,25.590,15.344,9.667,5.123,3.685,1.850
0.42500,34.482,30.569,25.680,15.333,9.639,5.051,3.571,1.923
0.42917,34.599,30.596,25.690,15.334,9.615,5.066,3.516,1.805
0.43333,34.580,30.624,25.771,15.343,9.609,5.139,3.538,1.882
0.43750,34.662,30.708,25.748,15.294,9.641,5.133,3.585,1.865
0.44167,34.648,30.745,25.808,15.433,9.718,5.138,3.564,1.862
0.44583,34.699,30.729,25.855,15.427,9.638,5.105,3.590,1.806
0.45000,34.744,30.761,25.863,15.375,9.781,5.099,3.654,1.828
0.45417,34.743,30.834,25.875,15.366,9.701,5.141,3.622,1.845
0.45833,34.791,30.826,25.802,15.439,9.741,5.197,3.614,1.944
0.46250,34.806,30.843,25.909,15.432,9.730,5.185,3.635,1.866
0.46667,34.846,30.951,25.914,15.521,9.738,5.222,3.543,1.842
0.47083,34.932,30.943,25.973,15.529,9.822,5.221,3.595,1.808
0.47500,34.887,30.978,26.016,15.498,9.808,5.126,3.589,1.850
0.47917,35.005,30.978,26.083,15.554,9.767,5.179,3.666,1.844
0.48333,34.966,31.030,26.082,15.585,9.765,5.166,3.529,1.900
0.48750,35.023,31.049,26.087,15.572,9.781,5.198,3.585,1.874
0.49167,35.054,31.126,26.042,15.562,9.854,5.210,3.598,1.874
0.49583,35.166,31.105,26.179,15.606,9.843,5.099,3.686,1.845
0.50000,35.151,31.213,26.161,15.567,9.857,5.216,3.636,1.844
0.50417,35.217,31.181,26.198,15.600,9.878,5.223,3.650,1.845
0.50833,35.268,31.252,26.292,15.677,9.834,5.180,3.652,1.919
0.51250,35.351,31.252,26.268,15.598,9.911,5.208,3.677,1.915
0.51667,35.443,31.296,26.255,15.688,9.905,5.251,3.681,1.875
0.52083,35.375,31.343,26.349,15.694,9.887,5.341,3.634,1.914
0.52500,35.411,31.343,26.349,15.735,9.915,5.262,3.616,1.955
0.52917,35.412,31.472,26.324,15.720,9.912,5.246,3.597,1.858
0.53333,35.514,31.475,26.484,15.748,9.909,5.247,3.643,1.929
0.53750,35.511,31.507,26.460,15.782,9.931,5.264,3.602,1.877
0.54167,35.597,31.429,26.494,15.754,9.989,5.314,3.646,1.882
0.54583,35.586,31.506,26.466,15.709,9.958,5.264,3.641,1.875
0.55000,35.640,31.580,26.518,15.762,10.006,5.293,3.701,1.853
0.55417,35.704,31.593,26.514,15.834,10.043,5.361,3.667,1.865
0.55833,35.650,31.571,26.523,15.855,9.998,5.346,3.632,1.908
0.56250,35.729,31.666,26.615,15.913,9.990,5.287,3.799,1.826
0.56667,35.776,31.666,26.613,15.851,10.013,5.343,3.736,1.919
0.57083,35.826,31.721,26.647,15.914,10.073,5.316,3.719,1.905
0.57500,35.881,31.747,26.660,15.904,10.068,5.367,3.727,1.951
0.57917,35.923,31.773,26.757,15.948,10.101,5.405,3.707,1.874
0.58333,35.950,31.834,26.745,15.957,10.096,5.382,3.732,1.910
0.58750,36.024,31.834,26.727,16.004,10.089,5.352,3.693,1.884
0.59167,36.001,31.903,26.756,16.022,10.039,5.382,3.658,1.918
0.59583,36.089,31.972,26.800,16.038,10.086,5.432,3.741,1.915
0.60000,36.128,31.946,26.843,16.020,10.079,5.369,3.740,1.960
0.60417,36.160,31.993,26.855,16.043,10.161,5.441,3.633,1.926
0.60833,36.176,32.041,26.877,16.085,10.080,5.427,3.721,1.922
0.61250,36.213,32.081,26.936,16.143,10.168,5.380,3.663,1.924
0.61667,36.202,32.049,26.994,16.053,10.175,5.450,3.736,1.916
0.62083,36.265,32.123,26.987,16.101,10.205,5.331,3.787,1.966
0.62500,36.333,32.138,27.027,16.189,10.199,5.484,3.703,1.866
0.62917,36.356,32.254,26.991,16.182,10.172,5.404,3.712,1.952
0.63333,36.447,32.234,27.081,16.197,10.241,5.446,3.740,1.938
0.63750,36.466,32.270,27.149,16.184,10.226,5.422,3.770,1.981
0.64167,36.548,32.341,27.148,16.183,10.225,5.473,3.815,1.942
0.64583,36.514,32.397,27.142,16.243,10.282,5.463,3.760,1.945
0.65000,36.684,32.416,27.219,16.179,10.267,5.474,3.769,1.945
0.65417,36.550,32.384,27.222,16.269,10.264,5.436,3.768,1.879
0.65833,36.643,32.495,27.266,16.297,10.300,5.422,3.764,1.962
0.66250,36.729,32.430,27.291,16.299,10.310,5.521,3.788,1.957
0.66667,36.733,32.497,27.294,16.371,10.268,5.504,3.714,1.994
0.67083,36.792,32.528,27.320,16.252,10.293,5.462,3.732,1.876
0.67500,36.813,32.652,27.407,16.343,10.333,5.525,3.731,1.916
0.67917,36.852,32.620,27.398,16.337,10.304,5.521,3.803,1.987
0.68333,36.923,32.624,27.416,16.339,10.440,5.499,3.795,2.014
0.68750,36.955,32.636,27.424,16.410,10.410,5.524,3.750,1.945
0.69167,37.083,32.725,27.575,16.381,10.347,5.539,3.810,1.951
0.69583,37.025,32.732,27.535,16.484,10.405,5.512,3.791,2.026
0.70000,36.988,32.815,27.528,16.438,10.402,5.601,3.915,1.976
0.70417,37.065,32.865,27.591,16.503,10.432,5.555,3.796,1.981
0.70833,37.182,32.866,27.638,16.511,10.435,5.579,3.813,1.947
0.71250,37.193,32.882,27.681,16.517,10.489,5.545,3.807,1.983
0.71667,37.251,33.004,27.689,16.563,10.458,5.522,3.875,1.922
0.72083,37.212,32.955,27.683,16.591,10.473,5.612,3.826,1.944
0.72500,37.345,32.995,27.731,16.554,10.461,5.488,3.837,1.916
0.72917,37.357,33.013,27.741,16.649,10.469,5.642,3.809,1.977
0.73333,37.436,33.038,27.809,16.631,10.530,5.615,3.766,1.971
0.73750,37.477,33.051,27.825,16.631,10.517,5.555,3.834,1.986
0.74167,37.515,33.174,27.802,16.644,10.557,5.633,3.846,1.966
0.74583,37.552,33.191,27.906,16.759,10.552,5.646,3.836,1.995
0.75000,37.583,33.218,27.904,16.678,10.594,5.618,3.786,2.010
0.75417,37.641,33.279,27.944,16.677,10.567,5.645,3.871,1.938
0.75833,37.666,33.373,27.996,16.729,10.596,5.651,3.863,2.019
0.76250,37.759,33.374,28.032,16.699,10.597,5.652,3.846,1.986
0.76667,37.719,33.317,27.979,16.795,10.610,5.617,3.852,1.988
0.77083,37.751,33.434,28.068,16.805,10.617,5.704,3.873,2.064
0.77500,37.820,33.427,28.108,16.842,10.661,5.619,3.927,1.969
0.77917,37.807,33.459,28.164,16.837,10.688,5.675,3.957,1.915
0.78333,37.921,33.556,28.161,16.795,10.611,5.706,3.914,2.037
0.78750,37.989,33.587,28.141,16.919,10.738,5.679,3.866,1.961
0.79167,38.033,33.612,28.257,16.929,10.706,5.658,3.933,1.970
0.79583,38.064,33.598,28.190,16.883,10.749,5.724,3.910,2.044
0.80000,38.050,33.672,28.296,16.912,10.801,5.684,3.947,1.992
0.80417,38.209,33.735,28.344,16.958,10.735,5.701,3.875,2.030
0.80833,38.188,33.823,28.378,17.047,10.747,5.743,3.901,2.019
0.81250,38.250,33.785,28.396,17.019,10.755,5.713,3.971,2.038
0.81667,38.332,33.834,28.350,17.003,10.799,5.744,3.882,2.011
0.82083,38.364,33.889,28.472,16.993,10.741,5.755,3.899,2.032
0.82500,38.363,33.925,28.462,17.050,10.847,5.765,3.896,2.038
0.82917,38.442,33.904,28.487,17.080,10.792,5.805,3.979,1.978
0.83333,38.516,33.994,28.559,17.068,10.804,5.700,3.899,1.970
0.83750,38.540,34.067,28.651,17.106,10.838,5.825,3.927,2.002
0.84167,38.622,34.087,28.602,17.129,10.824,5.719,3.921,2.015
0.84583,38.561,34.112,28.603,17.181,10.842,5.801,3.956,2.039
0.85000,38.648,34.206,28.671,17.184,10.894,5.853,3.905,2.067
0.85417,38.636,34.202,28.683,17.229,10.907,5.849,3.906,1.984
0.85833,38.735,34.201,28.758,17.216,10.957,5.874,3.949,1.993
0.86250,38.801,34.245,28.778,17.265,10.899,5.887,3.936,2.001
0.86667,38.829,34.246,28.819,17.282,10.863,5.894,3.963,2.004
0.87083,38.817,34.360,28.929,17.263,10.952,5.871,4.021,1.967
0.87500,38.901,34.320,28.872,17.343,10.969,5.867,4.041,2.006
0.87917,38.962,34.423,28.917,17.317,10.984,5.811,3.988,2.017
0.88333,38.979,34.389,28.942,17.373,10.966,5.815,4.009,2.011
0.88750,39.071,34.460,29.016,17.394,11.036,5.866,3.929,2.037
0.89167,39.032,34.537,28.979,17.384,11.029,5.881,4.005,2.055
0.89583,39.179,34.564,29.027,17.400,11.057,5.871,3.956,2.015
0.90000,39.149,34.577,29.083,17.405,11.124,5.872,4.027,2.002
0.90417,39.247,34.703,29.151,17.421,11.163,5.865,3.979,2.088
0.90833,39.265,34.680,29.168,17.491,11.065,5.864,3.990,2.060
0.91250,39.301,34.748,29.183,17.509,11.027,5.893,3.994,2.028
0.91667,39.432,34.799,29.187,17.504,11.085,5.899,4.033,2.021
0.92083,39.458,34.765,29.187,17.509,11.183,5.908,4.036,2.078
0.92500,39.509,34.840,29.238,17.539,11.162,5.935,4.038,2.050
0.92917,39.504,34.916,29.333,17.613,11.088,5.946,4.038,2.033
0.93333,39.527,34.957,29.353,17.627,11.159,5.969,4.073,2.071
0.93750,39.594,35.034,29.395,17.615,11.092,5.926,4.066,2.059
0.94167,39.651,35.025,29.457,17.672,11.130,5.977,4.006,2.077
0.94583,39.715,35.031,29.455,17.608,11.211,5.963,4.059,2.099
0.95000,39.831,35.105,29.438,17.673,11.228,6.023,4.074,2.089
0.95417,39.852,35.141,29.574,17.664,11.272,6.005,4.018,2.063
0.95833,39.848,35.145,29.457,17.679,11.220,5.935,4.087,2.112
0.96250,39.934,35.229,29.550,17.791,11.321,5.938,4.089,2.045
0.96667,39.964,35.231,29.686,17.700,11.291,6.006,3.997,2.054
0.97083,39.996,35.283,29.661,17.787,11.369,6.031,4.035,2.009
0.97500,40.073,35.357,29.777,17.835,11.254,6.047,4.040,2.112
0.97917,40.109,35.357,29.736,17.826,11.300,6.051,4.125,2.071
0.98333,40.218,35.433,29.751,17.855,11.338,6.106,4.079,2.052
0.98750,40.214,35.431,29.816,17.922,11.285,6.067,4.074,2.085
0.99167,40.274,35.470,29.842,17.886,11.383,6.080,4.124,2.027
0.99583,40.287,35.567,29.846,17.909,11.400,6.066,4.166,2.100
1.00000,40.439,35.607,29.896,17.924,11.385,6.122,4.156,2.064
1.00417,40.404,35.708,29.956,18.016,11.417,6.060,4.134,2.087
1.00833,40.534,35.746,29.998,17.976,11.425,6.061,4.097,2.074
1.01250,40.521,35.774,30.071,17.993,11.448,6.098,4.070,2.102
1.01667,40.574,35.826,30.058,17.988,11.507,6.147,4.132,2.082
1.02083,40.700,35.793,30.108,18.144,11.472,6.113,4.103,2.070
1.02500,40.674,35.858,30.146,18.098,11.520,6.154,4.163,2.063
1.02917,40.695,35.933,30.248,18.096,11.462,6.131,4.200,2.054
1.03333,40.729,36.018,30.228,18.208,11.498,6.073,4.064,2.064
1.03750,40.836,35.958,30.222,18.143,11.539,6.145,4.179,2.120
1.04167,40.950,36.034,30.274,18.145,11.476,6.163,4.186,2.180
1.04583,40.878,36.175,30.340,18.227,11.567,6.191,4.130,2.129
1.05000,41.013,36.143,30.357,18.257,11.553,6.184,4.155,2.110
1.05417,41.074,36.220,30.412,18.237,11.672,6.162,4.164,2.123
1.05833,41.107,36.281,30.378,18.292,11.593,6.161,4.161,2.099
1.06250,41.191,36.286,30.424,18.317,11.675,6.289,4.192,2.037
1.06667,41.261,36.338,30.566,18.273,11.648,6.214,4.181,2.116
1.07083,41.298,36.426,30.575,18.338,11.663,6.233,4.165,2.157
1.07500,41.347,36.467,30.686,18.332,11.685,6.248,4.180,2.155
1.07917,41.461,36.526,30.672,18.361,11.674,6.316,4.213,2.120
1.08333,41.487,36.479,30.720,18.410,11.697,6.155,4.248,2.092
1.08750,41.576,36.600,30.763,18.348,11.704,6.245,4.164,2.162
1.09167,41.602,36.679,30.758,18.382,11.657,6.238,4.097,2.173
1.09583,41.678,36.714,30.895,18.478,11.764,6.254,4.173,2.088
1.10000,41.739,36.824,30.858,18.526,11.771,6.314,4.205,2.077
1.10417,41.782,36.855,30.959,18.539,11.729,6.304,4.308,2.113
1.10833,41.869,36.884,31.030,18.545,11.795,6.322,4.263,2.140
1.11250,41.932,36.956,31.034,18.638,11.803,6.311,4.206,2.126
1.11667,41.997,37.066,31.095,18.614,11.862,6.335,4.221,2.080
1.12083,42.067,37.042,31.140,18.657,11.796,6.326,4.272,2.137
1.12500,42.159,37.158,31.229,18.677,11.867,6.318,4.253,2.168
1.12917,42.257,37.185,31.202,18.680,11.875,6.323,4.289,2.163
1.13333,42.241,37.259,31.290,18.706,11.887,6.354,4.238,2.167
1.13750,42.376,37.366,31.371,18.746,11.876,6.336,4.255,2.142
1.14167,42.479,37.473,31.436,18.759,11.891,6.345,4.206,2.138
1.14583,42.514,37.427,31.481,18.791,11.933,6.443,4.220,2.097
1.15000,42.639,37.486,31.513,18.844,12.021,6.353,4.218,2.172
1.15417,42.699,37.606,31.579,18.900,11.977,6.427,4.314,2.146
1.15833,42.823,37.709,31.640,18.828,11.975,6.379,4.316,2.191
1.16250,42.891,37.838,31.711,18.882,12.020,6.398,4.280,2.149
1.16667,42.977,37.897,31.776,18.906,12.103,6.388,4.298,2.175
1.17083,43.093,37.985,31.799,18.951,12.026,6.470,4.345,2.157
1.17500,43.203,37.991,31.954,19.008,12.045,6.476,4.289,2.173
1.17917,43.328,38.109,31.979,19.021,12.120,6.443,4.243,2.130
1.18333,43.356,38.186,32.068,19.052,12.068,6.440,4.307,2.212
1.18750,43.495,38.374,32.103,19.064,12.107,6.441,4.328,2.158
1.19167,43.630,38.371,32.220,19.090,12.088,6.480,4.300,2.163
1.19583,43.705,38.556,32.291,19.140,12.196,6.521,4.292,2.148
1.20000,43.902,38.653,32.405,19.083,12.208,6.531,4.289,2.132
1.20417,44.026,38.775,32.507,19.130,12.171,6.492,4.313,2.185
1.20833,44.120,38.902,32.567,19.170,12.243,6.510,4.310,2.154
1.21250,44.274,38.996,32.606,19.238,12.205,6.577,4.307,2.183
1.21667,44.464,39.086,32.688,19.290,12.200,6.503,4.396,2.233
1.22083,44.530,39.300,32.765,19.255,12.272,6.519,4.415,2.167
1.22500,44.669,39.342,32.816,19.349,12.256,6.569,4.319,2.184
1.22917,44.865,39.575,33.033,19.383,12.311,6.543,4.359,2.227
1.23333,45.148,39.661,33.107,19.376,12.288,6.577,4.385,2.103
1.23750,45.169,39.847,33.245,19.465,12.336,6.650,4.387,2.206
1.24167,45.375,40.027,33.301,19.436,12.366,6.622,4.391,2.156
1.24583,45.614,40.232,33.531,19.540,12.379,6.608,4.386,2.131
1.25000,45.817,40.400,33.653,19.527,12.377,6.589,4.366,2.227
1.25417,46.054,40.540,33.718,19.520,12.413,6.648,4.392,2.197
1.25833,46.154,40.748,33.868,19.611,12.406,6.706,4.453,2.221
1.26250,46.446,40.948,34.029,19.659,12.460,6.697,4.388,2.159
1.26667,46.720,41.125,34.232,19.650,12.502,6.661,4.431,2.234
1.27083,46.878,41.403,34.374,19.713,12.480,6.633,4.389,2.241
1.27500,47.176,41.611,34.601,19.773,12.529,6.699,4.349,2.236
1.27917,47.447,41.848,34.690,19.829,12.516,6.713,4.420,2.247
1.28333,47.799,42.116,34.883,19.871,12.484,6.675,4.434,2.187
1.28750,48.043,42.419,35.153,19.884,12.564,6.653,4.480,2.188
1.29167,48.362,42.630,35.340,19.893,12.586,6.764,4.506,2.194
1.29583,48.678,42.950,35.544,19.974,12.591,6.755,4.473,2.189
1.30000,49.032,43.314,35.837,20.083,12.599,6.706,4.468,2.250
1.30417,49.386,43.583,36.020,20.173,12.599,6.757,4.433,2.243
1.30833,49.814,43.959,36.260,20.188,12.660,6.770,4.508,2.203
1.31250,50.188,44.286,36.556,20.215,12.634,6.766,4.449,2.208
1.31667,50.545,44.631,36.806,20.179,12.711,6.721,4.427,2.241
1.32083,51.019,45.052,37.028,20.338,12.814,6.851,4.497,2.230
1.32500,51.464,45.396,37.364,20.424,12.704,6.791,4.462,2.310
1.32917,51.949,45.860,37.675,20.345,12.797,6.829,4.504,2.240
1.33333,52.426,46.403,38.030,20.438,12.768,6.783,4.456,2.189
1.33750,52.990,46.842,38.313,20.588,12.793,6.854,4.506,2.207
1.34167,53.532,47.359,38.665,20.570,12.797,6.872,4.529,2.249
1.34583,54.075,47.860,39.031,20.673,12.887,6.837,4.523,2.180
1.35000,54.676,48.327,39.372,20.803,12.901,6.832,4.508,2.248
1.35417,55.315,48.949,39.870,20.772,12.908,6.855,4.511,2.256
1.35833,55.952,49.453,40.276,20.879,12.920,6.851,4.522,2.269
1.36250,56.677,50.134,40.747,20.931,12.915,6.898,4.540,2.272
1.36667,57.342,50.735,41.167,21.046,12.929,6.890,4.535,2.300
1.37083,58.080,51.480,41.592,21.076,13.046,6.947,4.558,2.249
1.37500,58.923,52.150,42.152,21.135,13.026,6.930,4.525,2.280
1.37917,59.759,52.909,42.708,21.252,13.029,6.994,4.536,2.251
1.38333,60.572,53.671,43.258,21.314,13.090,6.958,4.553,2.289
1.38750,61.447,54.461,43.818,21.415,13.149,6.981,4.553,2.374
1.39167,62.448,55.298,44.452,21.518,13.155,7.024,4.584,2.332
1.39583,63.400,56.196,45.168,21.611,13.211,7.005,4.596,2.311
1.40000,64.384,57.149,45.733,21.770,13.192,6.980,4.583,2.296
1.40417,65.480,58.019,46.428,21.817,13.208,7.048,4.626,2.262
1.40833,66.567,59.048,47.173,21.963,13.309,7.070,4.571,2.353
1.41250,67.646,60.160,47.923,22.049,13.304,7.032,4.644,2.272
1.41667,68.959,61.213,48.670,22.118,13.367,7.085,4.607,2.282
1.42083,70.183,62.408,49.475,22.318,13.386,7.106,4.589,2.283
1.42500,71.516,63.583,50.322,22.345,13.402,7.120,4.626,2.316
1.42917,72.931,64.778,51.202,22.456,13.358,7.055,4.642,2.286
1.43333,74.374,66.050,52.138,22.617,13.432,7.098,4.683,2.279
1.43750,75.834,67.420,53.144,22.770,13.506,7.126,4.690,2.347
1.44167,77.446,68.911,54.114,22.859,13.537,7.170,4.677,2.287
1.44583,79.036,70.399,55.167,23.063,13.522,7.168,4.650,2.302
1.45000,80.721,71.802,56.285,23.213,13.599,7.165,4.637,2.327
1.45417,82.444,73.347,57.362,23.355,13.690,7.152,4.639,2.311
1.45833,84.270,75.079,58.491,23.554,13.632,7.262,4.666,2.326
1.46250,86.253,76.810,59.716,23.700,13.752,7.193,4.651,2.278
1.46667,88.166,78.504,60.968,23.908,13.750,7.270,4.742,2.337
1.47083,90.185,80.425,62.261,24.076,13.815,7.232,4.724,2.314
1.47500,92.330,82.315,63.675,24.255,13.838,7.356,4.655,2.330
1.47917,94.508,84.296,65.038,24.498,13.909,7.266,4.708,2.328
1.48333,96.781,86.426,66.601,24.663,13.947,7.265,4.807,2.445
1.48750,99.259,88.510,68.153,24.840,13.962,7.385,4.743,2.332
1.49167,101.636,90.759,69.663,24.986,14.013,7.339,4.777,2.362
1.49583,104.255,93.103,71.347,25.276,14.056,7.396,4.680,2.261
1.50000,106.876,95.523,73.091,25.476,14.166,7.366,4.786,2.363
1.50417,109.607,97.979,74.853,25.713,14.098,7.404,4.752,2.417
1.50833,112.422,100.519,76.699,25.950,14.244,7.435,4.805,2.326
1.51250,115.374,103.180,78.516,26.155,14.319,7.472,4.775,2.352
1.51667,118.410,105.996,80.448,26.504,14.394,7.424,4.785,2.379
1.52083,121.554,108.849,82.568,26.691,14.394,7.445,4.855,2.318
1.52500,124.871,111.731,84.696,27.025,14.436,7.477,4.859,2.382
1.52917,128.183,114.764,86.749,27.283,14.518,7.594,4.825,2.406
1.53333,131.675,117.959,88.938,27.505,14.571,7.513,4.827,2.392
1.53750,135.234,121.190,91.307,27.878,14.648,7.593,4.859,2.358
1.54167,139.014,124.520,93.657,28.137,14.710,7.588,4.866,2.392
1.54583,142.822,128.047,96.207,28.457,14.762,7.605,4.919,2.414
1.55000,146.778,131.656,98.676,28.783,14.865,7.604,4.842,2.392
1.55417,150.819,135.401,101.310,29.093,15.008,7.701,4.907,2.332
1.55833,155.135,139.089,104.092,29.446,15.038,7.666,4.967,2.353
1.56250,159.393,142.948,106.858,29.828,15.042,7.681,4.932,2.440
1.56667,163.879,147.102,109.698,30.191,15.118,7.725,4.905,2.393
1.57083,168.468,151.198,112.680,30.561,15.212,7.748,4.916,2.370
1.57500,173.222,155.540,115.700,30.900,15.266,7.743,4.928,2.391
1.57917,178.064,159.946,118.882,31.355,15.372,7.772,4.902,2.355
1.58333,183.073,164.483,122.083,31.803,15.461,7.795,4.973,2.372
1.58750,188.201,169.042,125.368,32.149,15.496,7.910,4.990,2.382
1.59167,193.511,173.943,128.744,32.497,15.660,7.827,5.010,2.431
1.59583,198.933,178.865,132.271,32.959,15.680,7.854,4.954,2.432
1.60000,204.540,183.810,135.880,33.419,15.781,7.946,5.036,2.403
1.60417,210.289,189.082,139.623,33.871,15.875,7.981,4.992,2.459
1.60833,216.154,194.372,143.330,34.407,15.919,8.032,5.056,2.395
1.61250,222.200,199.800,147.253,34.890,16.020,7.973,5.072,2.463
1.61667,228.388,205.475,151.207,35.372,16.081,8.044,5.006,2.451
1.62083,234.657,211.133,155.295,35.870,16.210,8.088,5.043,2.477
1.62500,241.161,217.071,159.438,36.394,16.293,8.113,5.126,2.488
1.62917,247.843,223.138,163.847,36.923,16.415,8.114,5.031,2.488
1.63333,254.591,229.233,168.139,37.414,16.534,8.167,5.109,2.388
1.63750,261.467,235.535,172.601,37.926,16.647,8.234,5.114,2.415
1.64167,268.670,241.900,177.168,38.642,16.767,8.222,5.149,2.446
1.64583,275.888,248.542,181.883,39.129,16.829,8.260,5.130,2.485
1.65000,283.339,255.238,186.694,39.717,16.992,8.294,5.213,2.452
1.65417,290.996,262.149,191.577,40.305,17.089,8.392,5.169,2.492
1.65833,298.555,269.144,196.505,40.931,17.164,8.345,5.167,2.432
1.66250,306.568,276.295,201.683,41.564,17.397,8.397,5.196,2.446
1.66667,314.550,283.537,206.765,42.246,17.395,8.433,5.208,2.473
1.67083,322.788,290.991,212.099,42.847,17.569,8.485,5.210,2.455
1.67500,331.057,298.562,217.477,43.527,17.676,8.550,5.271,2.501
1.67917,339.544,306.275,222.945,44.158,17.827,8.623,5.294,2.427
1.68333,348.187,314.161,228.585,44.892,17.891,8.571,5.310,2.477
1.68750,357.085,322.093,234.290,45.586,18.078,8.609,5.273,2.510
1.69167,366.044,330.280,240.084,46.302,18.166,8.629,5.293,2.557
1.69583,375.047,338.461,246.009,47.071,18.315,8.680,5.318,2.511
1.70000,384.282,346.860,252.050,47.771,18.357,8.709,5.299,2.459
1.70417,393.596,355.391,258.030,48.597,18.598,8.869,5.323,2.503
1.70833,403.167,364.047,264.166,49.243,18.711,8.892,5.434,2.543
1.71250,412.803,372.738,270.478,50.016,18.840,8.810,5.426,2.443
1.71667,422.613,381.709,276.846,50.882,19.005,8.959,5.406,2.482
1.72083,432.507,390.651,283.255,51.576,19.175,8.948,5.458,2.494
1.72500,442.420,399.794,289.721,52.422,19.254,9.005,5.553,2.502
1.72917,452.666,408.980,296.362,53.209,19.449,9.106,5.502,2.477
1.73333,462.919,418.316,303.039,54.027,19.571,9.042,5.468,2.496
1.73750,473.348,427.812,309.827,54.812,19.698,9.194,5.509,2.504
1.74167,483.854,437.334,316.747,55.752,19.889,9.256,5.531,2.469
1.74583,494.360,447.029,323.593,56.584,20.087,9.249,5.508,2.482
1.75000,505.120,456.783,330.583,57.431,20.137,9.236,5.530,2.517
1.75417,515.945,466.553,337.664,58.275,20.371,9.276,5.538,2.523
1.75833,526.861,476.460,344.729,59.193,20.504,9.287,5.591,2.584
1.76250,537.844,486.538,351.949,60.043,20.664,9.428,5.609,2.576
1.76667,548.840,496.604,359.194,60.981,20.807,9.430,5.700,2.510
1.77083,559.930,506.684,366.516,61.815,20.931,9.440,5.617,2.534
1.77500,571.173,516.915,373.929,62.735,21.192,9.551,5.753,2.571
1.77917,582.401,527.308,381.291,63.667,21.331,9.644,5.726,2.533
1.78333,593.712,537.583,388.710,64.659,21.465,9.574,5.637,2.556
1.78750,605.181,547.920,396.242,65.505,21.612,9.729,5.644,2.618
1.79167,616.545,558.442,403.777,66.456,21.745,9.714,5.728,2.608
1.79583,627.911,568.782,411.272,67.392,21.957,9.765,5.703,2.590
1.80000,639.414,579.267,418.852,68.362,22.135,9.806,5.755,2.527
1.80417,650.924,589.823,426.560,69.324,22.300,9.862,5.821,2.580
1.80833,662.434,600.342,434.117,70.199,22.454,9.897,5.775,2.527
1.81250,673.960,610.930,441.828,71.201,22.639,9.973,5.865,2.569
1.81667,685.471,621.451,449.521,72.179,22.780,10.039,5.875,2.523
1.82083,696.950,631.979,457.249,73.169,22.899,10.055,5.861,2.588
1.82500,708.471,642.516,464.850,74.021,23.131,10.171,5.804,2.604
1.82917,719.975,653.074,472.490,74.983,23.350,10.188,5.854,2.569
1.83333,731.326,663.574,480.147,75.968,23.445,10.293,5.897,2.518
1.83750,742.707,674.005,487.781,76.953,23.685,10.309,5.886,2.567
1.84167,754.002,684.488,495.475,77.859,23.793,10.231,5.895,2.597
1.84583,765.342,694.861,503.161,78.782,23.974,10.377,6.009,2.604
1.85000,776.596,705.205,510.705,79.836,24.186,10.419,5.974,2.594
1.85417,787.767,715.509,518.184,80.722,24.343,10.457,5.980,2.639
1.85833,798.825,725.783,525.782,81.703,24.533,10.540,6.027,2.613
1.86250,809.893,735.874,533.193,82.650,24.699,10.521,6.039,2.574
1.86667,820.765,745.911,540.607,83.549,24.886,10.653,6.080,2.628
1.87083,831.504,755.944,548.001,84.488,24.991,10.694,6.063,2.590
1.87500,842.181,765.776,555.312,85.426,25.158,10.670,6.086,2.660
1.87917,852.826,775.583,562.603,86.360,25.386,10.832,6.118,2.615
1.88333,863.274,785.228,569.762,87.321,25.598,10.767,6.197,2.623
1.88750,873.590,794.873,576.890,88.145,25.695,10.853,6.152,2.575
1.89167,883.807,804.370,584.043,89.106,25.855,10.872,6.161,2.649
1.89583,893.953,813.703,591.028,90.025,26.041,10.898,6.231,2.575
1.90000,903.926,822.962,598.073,90.975,26.200,11.063,6.204,2.665
1.90417,913.902,832.176,604.988,92.008,26.440,11.002,6.191,2.634
1.90833,923.682,841.338,611.933,92.966,26.642,11.123,6.263,2.628
1.91250,933.444,850.336,618.904,94.156,26.829,11.141,6.295,2.696
1.91667,943.298,859.437,626.051,95.426,27.149,11.214,6.336,2.699
1.92083,953.258,868.500,633.168,96.740,27.552,11.349,6.309,2.656
1.92500,963.217,877.586,640.565,98.391,27.918,11.389,6.368,2.597
1.92917,973.622,886.925,648.336,100.268,28.361,11.495,6.380,2.668
1.93333,984.164,896.385,656.465,102.577,28.978,11.602,6.387,2.704
1.93750,995.264,906.280,665.266,105.319,29.831,11.822,6.478,2.679
1.94167,1006.977,916.592,674.693,108.563,30.738,11.923,6.535,2.707
1.94583,1019.488,927.308,684.927,112.464,31.889,12.126,6.606,2.751
1.95000,1032.801,938.629,696.118,117.136,33.289,12.405,6.718,2.712
1.95417,1047.088,950.641,708.313,122.563,34.882,12.684,6.800,2.714
1.95833,1062.241,963.366,721.665,128.884,36.909,13.067,6.914,2.676
1.96250,1078.340,976.676,736.069,135.984,39.154,13.446,7.130,2.829
1.96667,1095.307,990.674,751.599,144.041,41.688,13.917,7.190,2.782
1.97083,1112.867,1005.158,767.938,152.830,44.438,14.378,7.373,2.799
1.97500,1131.058,1019.973,785.039,162.192,47.391,14.839,7.428,2.909
1.97917,1149.353,1035.019,802.454,171.983,50.448,15.351,7.714,2.886
1.98333,1167.393,1049.910,820.019,182.029,53.593,15.974,7.938,2.961
1.98750,1184.910,1064.292,837.004,191.854,56.788,16.449,8.100,3.035
1.99167,1201.290,1078.030,853.257,201.292,59.770,16.964,8.254,3.017
1.99583,1216.433,1090.705,868.355,209.906,62.514,17.527,8.445,3.079
2.00000,1229.722,1101.947,881.654,217.540,64.926,17.897,8.550,3.015
2.00417,1241.023,1111.797,892.977,223.814,66.910,18.233,8.664,3.110
2.00833,1250.220,1119.713,901.922,228.659,68.368,18.488,8.734,3.118
2.01250,1256.951,1125.832,908.438,231.824,69.310,18.663,8.858,3.088
2.01667,1261.253,1129.986,912.389,233.031,69.703,18.769,8.860,3.147
2.02083,1263.235,1132.230,913.546,232.590,69.499,18.696,8.872,3.170
2.02500,1262.982,1132.647,912.527,230.519,68.813,18.622,8.855,3.181
2.02917,1260.595,1131.393,909.212,226.904,67.589,18.423,8.767,3.152
2.03333,1256.493,1128.636,903.739,221.932,65.987,18.142,8.668,3.143
2.03750,1250.733,1124.614,896.782,215.862,63.952,17.869,8.622,3.170
2.04167,1243.782,1119.575,888.437,209.072,61.759,17.517,8.493,3.155
2.04583,1235.871,1113.819,879.229,201.665,59.358,17.151,8.357,3.070
2.05000,1227.268,1107.374,869.253,193.925,56.839,16.664,8.212,3.078
2.05417,1218.252,1100.807,859.140,186.211,54.307,16.255,8.100,2.990
2.05833,1209.261,1093.927,849.032,178.483,51.860,15.914,8.000,2.965
2.06250,1200.228,1087.313,839.065,171.157,49.511,15.471,7.834,2.966
2.06667,1191.642,1080.671,829.502,164.196,47.232,15.153,7.777,2.980
2.07083,1183.243,1074.525,820.434,157.710,45.093,14.724,7.603,2.920
2.07500,1175.346,1068.470,812.014,151.782,43.289,14.492,7.490,2.966
2.07917,1167.926,1062.830,804.234,146.453,41.498,14.215,7.412,2.925
2.08333,1160.982,1057.470,797.087,141.656,39.981,13.959,7.249,2.817
2.08750,1154.506,1052.460,790.381,137.388,38.576,13.708,7.228,2.918
2.09167,1148.463,1047.668,784.367,133.645,37.468,13.560,7.186,2.858
2.09583,1142.889,1043.161,778.796,130.270,36.396,13.412,7.138,2.855
2.10000,1137.595,1038.934,773.756,127.443,35.462,13.244,7.031,2.795
2.10417,1132.585,1034.844,768.897,124.857,34.803,13.118,7.110,2.818
2.10833,1127.673,1030.826,764.467,122.708,34.045,12.994,6.987,2.811
2.11250,1123.058,1026.833,760.294,120.762,33.528,12.983,6.955,2.876
2.11667,1118.449,1022.887,756.276,119.034,32.951,12.844,7.004,2.888
2.12083,1113.933,1018.933,752.282,117.435,32.545,12.789,6.995,2.848
2.12500,1109.469,1014.888,748.593,116.178,32.217,12.717,6.939,2.805
2.12917,1104.954,1010.846,744.815,114.990,31.876,12.692,6.955,2.848
2.13333,1100.417,1006.766,741.121,113.896,31.601,12.654,6.940,2.882
2.13750,1095.709,1002.485,737.345,112.891,31.368,12.569,6.966,2.826
2.14167,1091.098,998.181,733.695,112.016,31.166,12.555,6.956,2.839
2.14583,1086.204,993.650,729.928,111.182,30.905,12.533,6.861,2.769
2.15000,1081.265,989.099,726.095,110.465,30.807,12.565,6.949,2.807
2.15417,1076.257,984.308,722.254,109.753,30.698,12.526,6.820,2.815
2.15833,1071.012,979.417,718.344,109.030,30.581,12.467,6.824,2.827
2.16250,1065.762,974.530,714.355,108.481,30.447,12.493,6.886,2.792
2.16667,1060.319,969.376,710.276,107.985,30.326,12.453,6.840,2.861
2.17083,1054.717,964.100,706.441,107.453,30.264,12.480,6.885,2.846
2.17500,1049.313,958.801,702.375,107.172,30.228,12.479,6.868,2.818
2.17917,1043.702,953.530,698.433,106.892,30.321,12.467,6.932,2.814
2.18333,1038.170,948.137,694.641,106.775,30.375,12.442,6.847,2.884
2.18750,1032.810,942.760,690.946,106.867,30.437,12.548,6.892,2.918
2.19167,1027.651,937.576,687.567,107.277,30.686,12.564,6.985,2.910
2.19583,1022.628,932.483,684.430,107.859,31.065,12.629,6.905,2.867
2.20000,1018.079,927.670,681.789,108.890,31.502,12.663,6.963,2.885
2.20417,1013.939,923.208,679.689,110.251,32.070,12.804,7.040,2.893
2.20833,1010.386,919.002,678.047,112.089,32.795,12.838,7.075,2.919
2.21250,1007.465,915.280,677.244,114.391,33.611,13.073,7.122,2.865
2.21667,1005.183,912.135,676.962,117.337,34.677,13.215,7.138,2.908
2.22083,1003.702,909.224,677.553,120.785,35.909,13.385,7.224,3.049
2.22500,1002.776,906.942,678.788,124.775,37.379,13.611,7.329,3.007
2.22917,1002.469,905.004,680.670,129.193,38.935,13.887,7.417,2.964
2.23333,1002.711,903.448,683.058,134.123,40.654,14.233,7.456,2.996
2.23750,1003.335,902.149,685.862,139.282,42.421,14.495,7.640,3.038
2.24167,1003.907,900.858,688.729,144.477,44.210,14.835,7.676,3.116
2.24583,1004.531,899.505,691.581,149.699,46.066,15.150,7.787,3.113
2.25000,1004.662,897.932,694.235,154.862,47.836,15.392,7.889,3.067
2.25417,1004.191,895.976,696.313,159.542,49.514,15.598,7.987,3.167
2.25833,1002.725,893.232,697.658,163.589,50.959,15.903,8.146,3.174
2.26250,1000.246,889.803,698.010,167.060,52.148,16.200,8.165,3.180
2.26667,996.309,885.644,697.494,169.869,53.087,16.251,8.218,3.175
2.27083,991.104,880.651,695.949,171.563,53.781,16.335,8.357,3.209
2.27500,984.351,874.918,693.631,172.676,54.023,16.424,8.332,3.236
2.27917,976.330,868.721,690.838,172.969,54.078,16.443,8.243,3.210
2.28333,966.983,862.246,687.802,172.598,53.942,16.332,8.247,3.285
2.28750,956.783,855.844,685.339,172.101,53.415,16.260,8.281,3.273
2.29167,945.857,850.105,683.962,171.241,52.825,16.194,8.248,3.268
2.29583,934.736,845.552,684.365,170.785,52.297,15.975,8.191,3.247
2.30000,923.844,842.659,687.611,170.817,51.592,15.818,8.086,3.272
2.30417,913.521,842.129,694.360,171.776,50.975,15.718,8.098,3.307
2.30833,904.421,844.492,705.578,174.151,50.504,15.512,8.073,3.279
2.31250,896.846,850.356,721.961,178.047,50.402,15.357,8.006,3.299
2.31667,891.189,860.079,743.840,183.820,50.499,15.265,7.991,3.321
2.32083,887.565,873.860,771.694,191.592,51.022,15.209,7.980,3.362
2.32500,886.299,891.611,805.310,201.456,51.908,15.214,8.085,3.364
2.32917,887.260,913.286,844.216,213.441,53.197,15.258,8.054,3.436
2.33333,890.329,938.219,887.720,227.274,54.774,15.263,8.078,3.437
2.33750,895.178,965.627,934.395,242.521,56.611,15.431,8.226,3.581
2.34167,901.344,994.456,982.667,258.858,58.723,15.557,8.202,3.587
2.34583,908.318,1023.677,1030.886,275.823,61.097,15.793,8.345,3.712
2.35000,915.394,1052.035,1077.091,292.577,63.410,16.013,8.431,3.794
2.35417,921.749,1078.184,1119.551,308.507,65.717,16.230,8.537,3.758
2.35833,926.959,1101.112,1156.768,323.111,67.776,16.362,8.531,3.878
2.36250,930.301,1119.519,1187.323,335.491,69.500,16.448,8.672,3.832
2.36667,931.123,1132.830,1210.323,345.259,70.907,16.623,8.700,3.928
2.37083,928.935,1140.285,1225.350,351.974,71.833,16.681,8.731,3.963
2.37500,923.627,1141.493,1231.953,355.404,72.196,16.639,8.764,3.993
2.37917,914.783,1136.317,1229.970,355.276,72.057,16.669,8.729,3.928
2.38333,902.512,1124.542,1219.404,351.623,71.343,16.568,8.743,3.979
2.38750,886.882,1106.456,1200.423,344.865,70.185,16.358,8.696,3.976
2.39167,868.154,1082.379,1173.322,334.812,68.431,16.158,8.565,3.930
2.39583,846.823,1052.979,1138.816,322.331,66.371,15.959,8.529,3.863
2.40000,823.058,1018.909,1097.608,307.580,63.920,15.681,8.379,3.790
2.40417,797.649,980.944,1050.754,291.301,61.236,15.385,8.279,3.833
2.40833,770.973,940.028,999.615,273.965,58.443,15.081,8.191,3.804
2.41250,743.698,897.427,945.433,255.967,55.462,14.825,8.077,3.702
2.41667,716.210,853.861,889.591,237.896,52.529,14.423,7.933,3.655
2.42083,688.970,810.309,833.503,220.112,49.670,14.198,7.758,3.554
2.42500,662.385,767.679,778.334,202.922,46.805,13.863,7.721,3.516
2.42917,636.802,726.527,725.125,186.687,44.218,13.481,7.635,3.534
2.43333,612.247,687.406,674.567,171.506,41.743,13.318,7.485,3.496
2.43750,589.099,650.496,627.344,157.473,39.489,13.030,7.322,3.458
2.44167,567.325,616.266,583.467,144.611,37.410,12.839,7.366,3.372
2.44583,546.962,584.541,543.333,133.135,35.629,12.598,7.268,3.412
2.45000,527.864,555.442,506.864,122.744,33.913,12.432,7.164,3.300
2.45417,510.207,528.918,473.968,113.541,32.483,12.261,7.122,3.257
2.45833,493.771,504.696,444.374,105.217,31.225,12.122,7.095,3.235
2.46250,478.474,482.619,417.900,98.113,30.051,12.046,7.089,3.214
2.46667,464.243,462.582,394.169,91.817,29.034,12.002,6.957,3.199
2.47083,450.943,444.432,372.973,86.242,28.201,11.872,6.942,3.206
2.47500,438.533,427.852,354.163,81.395,27.415,11.801,6.957,3.225
2.47917,427.030,412.616,337.222,77.203,26.777,11.687,6.871,3.149
2.48333,416.017,398.752,322.076,73.411,26.173,11.646,6.918,3.171
2.48750,405.682,385.893,308.495,70.172,25.652,11.596,6.893,3.160
2.49167,396.005,374.179,296.139,67.352,25.303,11.529,6.820,3.244
2.49583,386.711,363.161,285.058,64.846,24.863,11.562,6.846,3.185
2.50000,377.865,352.974,274.964,62.602,24.511,11.437,6.821,3.195
2.50417,369.399,343.459,265.778,60.564,24.245,11.430,6.772,3.180
2.50833,361.219,334.494,257.366,58.933,23.911,11.476,6.798,3.152
2.51250,353.448,326.057,249.612,57.359,23.695,11.383,6.797,3.174
2.51667,345.991,318.111,242.414,55.989,23.594,11.401,6.787,3.232
2.52083,338.747,310.556,235.706,54.768,23.355,11.340,6.807,3.178
2.52500,331.735,303.340,229.510,53.673,23.208,11.350,6.776,3.193
2.52917,325.004,296.554,223.688,52.648,23.080,11.293,6.812,3.171
2.53333,318.395,289.890,218.179,51.714,22.867,11.318,6.794,3.090
2.53750,312.130,283.654,213.016,50.843,22.881,11.357,6.819,3.194
2.54167,305.930,277.589,208.107,50.127,22.762,11.334,6.805,3.194
2.54583,299.899,271.754,203.455,49.469,22.594,11.317,6.776,3.186
2.55000,294.101,266.092,199.000,48.745,22.561,11.360,6.779,3.200
2.55417,288.321,260.638,194.795,48.159,22.524,11.335,6.759,3.180
2.55833,282.875,255.379,190.752,47.597,22.442,11.278,6.825,3.311
2.56250,277.435,250.253,186.833,47.075,22.366,11.218,6.772,3.146
2.56667,272.058,245.303,183.081,46.611,22.369,11.360,6.813,3.204
2.57083,266.976,240.384,179.410,46.122,22.301,11.274,6.779,3.169
2.57500,261.993,235.825,176.043,45.781,22.286,11.342,6.768,3.242
2.57917,257.116,231.236,172.640,45.313,22.186,11.245,6.768,3.184
2.58333,252.337,226.747,169.339,44.935,22.174,11.321,6.825,3.334
2.58750,247.597,222.520,166.197,44.532,22.044,11.265,6.806,3.209
2.59167,243.181,218.274,163.125,44.189,22.039,11.286,6.877,3.183
2.59583,238.726,214.217,160.100,43.888,22.050,11.274,6.855,3.175
2.60000,234.401,210.242,157.316,43.503,22.011,11.278,6.842,3.273
2.60417,230.154,206.318,154.545,43.178,21.940,11.308,6.814,3.332
2.60833,226.100,202.556,151.731,42.860,21.938,11.285,6.824,3.259
2.61250,221.956,198.918,149.093,42.628,21.928,11.306,6.828,3.262
2.61667,218.055,195.273,146.573,42.306,21.985,11.247,6.863,3.254
2.62083,214.234,191.818,144.017,42.102,21.851,11.344,6.867,3.287
2.62500,210.485,188.381,141.616,41.736,21.784,11.376,6.906,3.337
2.62917,206.832,185.067,139.211,41.561,21.837,11.278,6.816,3.243
2.63333,203.334,181.770,136.991,41.282,21.849,11.319,6.909,3.268
2.63750,199.808,178.610,134.734,41.086,21.825,11.334,6.900,3.240
2.64167,196.394,175.516,132.531,40.820,21.795,11.320,6.865,3.292
2.64583,193.126,172.545,130.423,40.661,21.803,11.337,6.871,3.290
2.65000,189.980,169.615,128.342,40.465,21.763,11.364,6.892,3.345
2.65417,186.747,166.789,126.232,40.262,21.756,11.354,6.889,3.289
2.65833,183.727,164.010,124.306,40.019,21.770,11.404,6.925,3.265
2.66250,180.732,161.340,122.403,39.865,21.760,11.378,6.987,3.226
2.66667,177.871,158.634,120.561,39.715,21.769,11.372,6.992,3.295
2.67083,174.987,156.108,118.674,39.450,21.778,11.328,6.952,3.307
2.67500,172.301,153.534,117.009,39.288,21.769,11.428,6.969,3.274
2.67917,169.614,151.100,115.285,39.150,21.738,11.360,6.973,3.280
2.68333,166.975,148.712,113.558,39.010,21.752,11.446,6.946,3.300
2.68750,164.404,146.456,111.846,38.803,21.745,11.420,6.965,3.284
2.69167,161.981,144.239,110.332,38.674,21.672,11.436,6.982,3.274
2.69583,159.604,142.103,108.821,38.578,21.731,11.473,7.020,3.265
2.70000,157.231,139.904,107.318,38.435,21.739,11.520,6.975,3.323
2.70417,154.907,137.865,105.848,38.295,21.683,11.470,7.066,3.316
2.70833,152.689,135.835,104.533,38.128,21.719,11.462,6.957,3.365
2.71250,150.515,133.820,103.079,38.010,21.761,11.552,6.960,3.265
2.71667,148.469,131.886,101.775,37.929,21.743,11.517,7.023,3.359
2.72083,146.401,130.143,100.496,37.787,21.764,11.496,7.006,3.367
2.72500,144.508,128.229,99.221,37.692,21.787,11.498,7.037,3.391
2.72917,142.509,126.531,97.961,37.526,21.793,11.570,7.079,3.351
2.73333,140.646,124.791,96.776,37.445,21.801,11.588,7.056,3.352
2.73750,138.783,123.209,95.583,37.360,21.773,11.566,7.056,3.390
2.74167,137.096,121.573,94.417,37.349,21.815,11.552,7.020,3.309
2.74583,135.340,119.994,93.372,37.106,21.820,11.561,7.098,3.326
2.75000,133.693,118.487,92.360,37.066,21.820,11.635,7.059,3.402
2.75417,132.074,117.012,91.235,36.958,21.895,11.566,7.024,3.348
2.75833,130.424,115.597,90.222,36.957,21.852,11.629,7.075,3.419
2.76250,128.949,114.226,89.291,36.800,21.892,11.635,7.116,3.425
2.76667,127.460,112.783,88.308,36.818,21.946,11.633,7.179,3.412
2.77083,125.996,111.514,87.436,36.732,21.890,11.674,7.130,3.420
2.77500,124.646,110.282,86.508,36.683,21.959,11.648,7.131,3.369
2.77917,123.284,109.053,85.673,36.592,21.846,11.674,7.125,3.456
2.78333,121.903,107.809,84.823,36.548,21.924,11.669,7.149,3.406
2.78750,120.613,106.708,84.044,36.478,21.949,11.746,7.234,3.443
2.79167,119.408,105.628,83.271,36.431,22.024,11.707,7.115,3.396
2.79583,118.307,104.443,82.507,36.420,21.954,11.765,7.152,3.386
2.80000,117.103,103.378,81.826,36.341,22.016,11.803,7.223,3.431
2.80417,115.922,102.314,81.031,36.265,22.064,11.726,7.114,3.396
2.80833,114.872,101.372,80.280,36.263,22.061,11.796,7.166,3.422
2.81250,113.757,100.355,79.673,36.220,22.057,11.848,7.202,3.406
2.81667,112.733,99.490,79.088,36.132,22.061,11.758,7.264,3.467
2.82083,111.798,98.541,78.437,36.187,22.111,11.897,7.166,3.394
2.82500,110.752,97.650,77.806,36.119,22.124,11.825,7.226,3.477
2.82917,109.860,96.868,77.240,36.054,22.153,11.827,7.232,3.439
2.83333,108.953,96.051,76.543,36.106,22.161,11.892,7.201,3.454
2.83750,108.089,95.187,76.032,36.024,22.229,11.924,7.263,3.532
2.84167,107.242,94.455,75.535,36.046,22.205,11.905,7.267,3.547
2.84583,106.399,93.637,75.020,35.956,22.200,11.918,7.299,3.445
2.85000,105.682,92.970,74.543,35.963,22.272,11.967,7.307,3.521
2.85417,104.915,92.145,74.060,35.975,22.239,11.959,7.320,3.494
2.85833,104.111,91.605,73.555,35.911,22.357,12.009,7.235,3.500
2.86250,103.452,90.938,73.111,35.944,22.323,12.072,7.323,3.488
2.86667,102.769,90.328,72.716,35.917,22.344,12.024,7.349,3.476
2.87083,102.069,89.600,72.250,35.899,22.355,11.985,7.391,3.536
2.87500,101.375,89.061,71.860,35.918,22.405,12.063,7.332,3.524
2.87917,100.780,88.537,71.485,35.818,22.387,12.084,7.315,3.553
2.88333,100.125,87.952,71.032,35.861,22.414,12.074,7.437,3.560
2.88750,99.548,87.454,70.804,35.853,22.502,12.072,7.364,3.590
2.89167,99.003,86.857,70.353,35.898,22.518,12.105,7.413,3.512
2.89583,98.500,86.439,69.981,35.931,22.520,12.193,7.411,3.543
2.90000,97.979,85.895,69.727,35.903,22.558,12.168,7.403,3.571
2.90417,97.472,85.429,69.366,35.883,22.600,12.146,7.384,3.570
2.90833,96.964,84.987,69.108,35.960,22.679,12.149,7.434,3.543
2.91250,96.463,84.564,68.789,35.953,22.629,12.154,7.412,3.560
2.91667,96.020,84.192,68.435,35.910,22.590,12.195,7.427,3.490
2.92083,95.535,83.794,68.218,35.927,22.680,12.284,7.432,3.558
2.92500,95.116,83.428,68.079,35.931,22.659,12.240,7.432,3.560
2.92917,94.766,82.928,67.744,35.984,22.762,12.252,7.438,3.640
2.93333,94.349,82.656,67.515,35.975,22.737,12.309,7.494,3.601
2.93750,94.050,82.283,67.238,36.013,22.824,12.334,7.467,3.624
2.94167,93.611,82.047,67.018,36.028,22.834,12.359,7.497,3.596
2.94583,93.296,81.673,66.783,36.040,22.871,12.318,7.553,3.519
2.95000,92.994,81.325,66.595,36.020,22.930,12.377,7.521,3.593
2.95417,92.622,80.982,66.450,36.048,22.992,12.438,7.478,3.538
2.95833,92.305,80.769,66.236,36.114,22.898,12.488,7.571,3.637
2.96250,92.023,80.446,65.998,36.118,22.973,12.424,7.547,3.596
2.96667,91.725,80.217,65.864,36.113,23.065,12.413,7.507,3.596
2.97083,91.458,79.961,65.711,36.171,23.047,12.451,7.520,3.621
2.97500,91.246,79.730,65.537,36.174,23.110,12.452,7.537,3.671
2.97917,90.921,79.440,65.436,36.172,23.058,12.543,7.568,3.590
2.98333,90.726,79.244,65.237,36.284,23.162,12.426,7.653,3.611
2.98750,90.484,79.086,65.135,36.258,23.146,12.566,7.614,3.578
2.99167,90.318,78.804,64.924,36.337,23.205,12.562,7.595,3.663
2.99583,90.035,78.734,64.880,36.307,23.226,12.515,7.665,3.620
3.00000,89.860,78.453,64.792,36.372,23.301,12.541,7.701,3.636
3.00417,89.660,78.209,64.617,36.342,23.321,12.550,7.669,3.610
3.00833,89.455,78.143,64.566,36.392,23.328,12.652,7.649,3.656
3.01250,89.314,78.027,64.379,36.401,23.378,12.641,7.697,3.712
3.01667,89.128,77.853,64.338,36.466,23.381,12.613,7.691,3.666
3.02083,88.982,77.669,64.237,36.483,23.468,12.647,7.674,3.692
3.02500,88.807,77.542,64.146,36.545,23.421,12.719,7.714,3.668
3.02917,88.719,77.385,64.115,36.558,23.484,12.663,7.677,3.659
3.03333,88.563,77.273,64.015,36.610,23.490,12.718,7.726,3.706
3.03750,88.535,77.089,63.919,36.646,23.505,12.686,7.783,3.656
3.04167,88.341,77.023,63.825,36.658,23.612,12.806,7.731,3.712
3.04583,88.244,76.887,63.829,36.683,23.584,12.756,7.648,3.622
3.05000,88.200,76.864,63.669,36.705,23.599,12.762,7.740,3.700
3.05417,88.082,76.737,63.778,36.729,23.706,12.824,7.839,3.757
3.05833,87.890,76.662,63.620,36.794,23.702,12.855,7.748,3.761
3.06250,87.833,76.576,63.599,36.840,23.721,12.867,7.856,3.676
3.06667,87.728,76.463,63.590,36.893,23.757,12.877,7.719,3.735
3.07083,87.797,76.442,63.550,36.954,23.819,12.865,7.865,3.721
3.07500,87.668,76.351,63.553,36.958,23.868,12.943,7.791,3.714
3.07917,87.623,76.358,63.471,37.011,23.893,12.944,7.892,3.773
3.08333,87.494,76.204,63.477,37.060,23.945,12.909,7.889,3.709
3.08750,87.460,76.186,63.410,37.070,24.008,12.999,7.889,3.763
3.09167,87.445,76.120,63.421,37.158,23.994,13.032,7.861,3.721
3.09583,87.480,76.056,63.374,37.175,24.025,13.029,7.882,3.790
3.10000,87.348,76.098,63.404,37.286,24.029,13.036,7.908,3.760
3.10417,87.365,76.011,63.364,37.258,24.101,13.028,7.898,3.780
3.10833,87.352,76.019,63.399,37.318,24.109,13.043,7.858,3.817
3.11250,87.324,75.942,63.286,37.348,24.151,13.160,7.866,3.812
3.11667,87.307,75.936,63.360,37.404,24.124,13.073,7.969,3.794
3.12083,87.253,75.960,63.489,37.409,24.184,13.108,7.946,3.795
3.12500,87.271,75.952,63.323,37.486,24.253,13.108,7.949,3.727
3.12917,87.297,75.925,63.403,37.553,24.276,13.192,7.990,3.778
3.13333,87.247,75.882,63.374,37.611,24.373,13.186,8.007,3.819
3.13750,87.314,76.007,63.398,37.608,24.329,13.224,8.053,3.783
3.14167,87.250,75.961,63.387,37.658,24.392,13.223,8.007,3.821
3.14583,87.289,75.966,63.442,37.716,24.452,13.256,7.991,3.814
3.15000,87.296,75.896,63.503,37.788,24.505,13.266,7.998,3.821
3.15417,87.358,76.010,63.416,37.825,24.423,13.324,8.064,3.865
3.15833,87.324,75.969,63.490,37.856,24.529,13.306,8.080,3.769
3.16250,87.387,75.974,63.511,37.908,24.642,13.242,8.072,3.837
3.16667,87.391,75.991,63.554,37.975,24.656,13.275,8.057,3.875
3.17083,87.419,75.987,63.565,38.010,24.683,13.376,8.056,3.831
3.17500,87.420,76.025,63.697,38.079,24.686,13.360,8.135,3.780
3.17917,87.483,76.074,63.608,38.121,24.708,13.363,8.068,3.875
3.18333,87.587,76.131,63.658,38.116,24.817,13.492,8.110,3.863
3.18750,87.600,76.102,63.740,38.192,24.844,13.491,8.090,3.896
3.19167,87.617,76.191,63.771,38.228,24.786,13.405,8.086,3.897
3.19583,87.699,76.241,63.729,38.362,24.864,13.494,8.102,3.892
3.20000,87.690,76.220,63.898,38.368,24.912,13.508,8.199,3.857
3.20417,87.759,76.251,63.871,38.374,24.973,13.523,8.099,3.885
3.20833,87.839,76.283,63.927,38.394,25.053,13.581,8.111,3.919
3.21250,87.887,76.319,63.981,38.580,25.109,13.514,8.183,3.920
3.21667,87.930,76.374,64.017,38.517,25.095,13.598,8.145,3.952
3.22083,87.997,76.483,64.067,38.636,25.148,13.585,8.211,3.962
3.22500,88.098,76.504,64.220,38.617,25.128,13.628,8.224,3.908
3.22917,88.092,76.546,64.167,38.726,25.189,13.616,8.197,3.965
3.23333,88.154,76.536,64.177,38.746,25.223,13.649,8.278,3.851
3.23750,88.288,76.639,64.249,38.747,25.287,13.678,8.223,3.947
3.24167,88.277,76.746,64.264,38.862,25.308,13.838,8.256,3.907
3.24583,88.373,76.768,64.364,38.913,25.279,13.753,8.295,3.949
3.25000,88.360,76.883,64.417,39.002,25.246,13.773,8.297,3.877
3.25417,88.560,76.895,64.479,39.058,25.354,13.757,8.255,3.982
3.25833,88.634,76.975,64.544,39.047,25.422,13.774,8.326,3.942
3.26250,88.673,77.012,64.521,39.158,25.456,13.856,8.298,3.943
3.26667,88.786,77.109,64.706,39.219,25.535,13.822,8.349,4.011
3.27083,88.846,77.203,64.700,39.194,25.568,13.843,8.288,4.046
3.27500,88.916,77.274,64.847,39.286,25.567,13.883,8.363,3.971
3.27917,88.967,77.289,64.856,39.414,25.607,13.844,8.332,4.023
3.28333,89.124,77.380,64.886,39.414,25.678,13.947,8.415,4.005
3.28750,89.214,77.484,64.945,39.439,25.677,13.893,8.442,4.015
3.29167,89.277,77.507,64.972,39.474,25.740,14.024,8.349,4.059
3.29583,89.379,77.542,65.112,39.610,25.699,14.001,8.394,3.993
3.30000,89.455,77.672,65.232,39.656,25.809,13.917,8.436,3.980
3.30417,89.478,77.756,65.343,39.663,25.871,13.998,8.398,4.049
3.30833,89.580,77.847,65.398,39.727,25.851,14.068,8.479,4.064
3.31250,89.733,77.880,65.401,39.816,25.882,14.106,8.446,4.024
3.31667,89.783,77.964,65.454,39.850,25.940,14.056,8.504,3.953
3.32083,89.937,78.075,65.558,39.897,26.054,14.045,8.508,4.021
3.32500,90.037,78.100,65.579,39.970,26.043,14.086,8.492,4.041
3.32917,90.164,78.214,65.666,39.994,26.087,14.093,8.551,4.021
3.33333,90.254,78.297,65.810,40.086,26.062,14.169,8.472,4.105
3.33750,90.329,78.346,65.841,40.070,26.154,14.199,8.507,4.019
3.34167,90.362,78.529,65.896,40.176,26.124,14.254,8.525,4.059
3.34583,90.485,78.544,65.985,40.235,26.270,14.246,8.574,3.999
3.35000,90.599,78.564,66.076,40.303,26.218,14.270,8.501,4.101
3.35417,90.770,78.726,66.172,40.390,26.292,14.303,8.610,4.057
3.35833,90.873,78.820,66.235,40.386,26.371,14.287,8.641,4.084
3.36250,90.907,78.913,66.314,40.384,26.394,14.315,8.572,4.050
3.36667,91.061,79.020,66.387,40.500,26.451,14.412,8.606,4.014
3.37083,91.212,79.101,66.441,40.617,26.461,14.353,8.627,4.068
3.37500,91.217,79.213,66.514,40.599,26.498,14.403,8.642,4.088
3.37917,91.370,79.273,66.641,40.738,26.496,14.379,8.642,4.089
3.38333,91.496,79.402,66.631,40.721,26.587,14.420,8.637,4.038
3.38750,91.519,79.418,66.805,40.778,26.637,14.452,8.661,4.092
3.39167,91.727,79.511,66.858,40.883,26.656,14.410,8.705,4.120
3.39583,91.866,79.697,66.976,40.937,26.688,14.479,8.647,4.040
3.40000,91.933,79.807,67.022,40.952,26.738,14.556,8.657,4.100
3.40417,92.001,79.834,67.130,41.073,26.716,14.545,8.726,4.138
3.40833,92.178,79.943,67.205,41.096,26.802,14.532,8.708,4.154
3.41250,92.347,80.035,67.334,41.153,26.884,14.567,8.697,4.161
3.41667,92.337,80.101,67.287,41.259,26.909,14.566,8.732,4.083
3.42083,92.499,80.170,67.437,41.333,26.917,14.643,8.724,4.160
3.42500,92.614,80.248,67.548,41.290,27.000,14.663,8.854,4.119
3.42917,92.669,80.489,67.645,41.347,27.026,14.680,8.753,4.140
3.43333,92.865,80.580,67.695,41.426,27.081,14.762,8.808,4.198
3.43750,92.935,80.611,67.796,41.462,27.132,14.709,8.808,4.104
3.44167,93.067,80.819,67.940,41.566,27.115,14.734,8.823,4.225
3.44583,93.192,80.814,67.885,41.641,27.217,14.760,8.802,4.201
3.45000,93.292,80.952,68.060,41.661,27.290,14.796,8.857,4.212
3.45417,93.450,81.090,68.222,41.794,27.249,14.741,8.860,4.157
3.45833,93.585,81.150,68.260,41.736,27.277,14.825,8.867,4.198
3.46250,93.694,81.252,68.352,41.855,27.360,14.887,8.897,4.214
3.46667,93.846,81.358,68.392,41.983,27.397,14.930,8.896,4.178
3.47083,93.977,81.516,68.574,41.972,27.435,14.977,8.873,4.209
3.47500,94.158,81.710,68.711,42.050,27.461,14.997,8.906,4.209
3.47917,94.323,81.854,68.794,42.126,27.554,15.046,8.926,4.279
3.48333,94.496,82.103,69.041,42.194,27.650,15.084,8.970,4.226
3.48750,94.753,82.314,69.231,42.348,27.619,15.225,8.974,4.221
3.49167,95.050,82.718,69.431,42.492,27.765,15.344,9.045,4.240
3.49583,95.363,83.123,69.837,42.599,27.859,15.631,9.014,4.279
3.50000,95.727,83.722,70.292,42.709,27.969,15.920,9.217,4.274
3.50417,96.343,84.660,70.850,43.079,28.221,16.320,9.236,4.321
3.50833,97.038,85.779,71.706,43.336,28.363,16.930,9.325,4.309
3.51250,98.064,87.227,72.752,43.767,28.765,17.720,9.489,4.243
3.51667,99.222,89.453,74.224,44.248,29.179,18.843,9.670,4.295
3.52083,100.906,91.945,76.114,45.004,29.670,20.213,9.989,4.378
3.52500,102.966,95.417,78.562,45.818,30.386,22.061,10.254,4.319
3.52917,105.681,99.954,81.748,46.980,31.328,24.458,10.670,4.329
3.53333,109.042,105.483,85.727,48.343,32.382,27.533,11.215,4.327
3.53750,113.223,112.376,90.648,50.081,33.780,31.284,11.861,4.331
3.54167,118.279,120.897,96.599,52.236,35.459,35.779,12.743,4.376
3.54583,124.451,131.154,103.869,54.761,37.501,41.397,13.680,4.435
3.55000,131.633,143.363,112.386,57.791,39.902,48.039,14.836,4.408
3.55417,140.000,157.409,122.401,61.262,42.575,55.756,16.155,4.457
3.55833,149.664,173.543,133.838,65.337,45.909,64.533,17.816,4.542
3.56250,160.398,191.702,146.633,69.837,49.568,74.416,19.472,4.572
3.56667,172.299,211.763,160.891,74.835,53.341,85.431,21.416,4.567
3.57083,185.235,233.436,176.214,80.195,57.697,97.310,23.418,4.675
3.57500,198.982,256.446,192.604,85.922,62.238,109.934,25.762,4.693
3.57917,213.157,280.440,209.511,91.889,66.986,123.094,27.995,4.850
3.58333,227.684,304.724,226.865,98.038,71.899,136.462,30.405,4.827
3.58750,242.065,328.828,243.936,104.047,76.626,149.801,32.696,4.874
3.59167,256.059,352.233,260.521,109.861,81.274,162.628,34.990,4.886
3.59583,269.163,374.111,276.162,115.432,85.631,174.651,37.140,4.972
3.60000,281.087,393.985,290.297,120.377,89.632,185.700,39.009,5.018
3.60417,291.386,411.289,302.567,124.744,93.145,195.253,40.774,4.966
3.60833,299.926,425.420,312.742,128.367,95.984,203.091,42.133,5.039
3.61250,306.422,436.115,320.459,131.088,98.163,209.062,43.168,5.124
3.61667,310.654,443.135,325.429,132.819,99.586,212.853,43.817,5.132
3.62083,312.680,446.390,327.705,133.682,100.208,214.551,44.170,5.136
3.62500,312.321,445.591,327.280,133.563,100.080,214.170,44.125,5.148
3.62917,309.710,441.304,324.102,132.480,99.242,211.662,43.707,5.150
3.63333,305.166,433.503,318.578,130.608,97.680,207.299,42.902,5.160
3.63750,298.745,422.664,310.862,127.874,95.495,201.223,41.859,5.100
3.64167,290.728,409.068,301.283,124.547,92.879,193.774,40.506,5.132
3.64583,281.454,393.415,290.111,120.609,89.743,184.992,38.968,5.056
3.65000,271.094,376.077,277.697,116.323,86.339,175.262,37.252,5.033
3.65417,260.184,357.494,264.585,111.703,82.617,164.902,35.496,4.967
3.65833,248.834,338.253,250.979,106.953,78.833,154.298,33.621,4.961
3.66250,237.349,318.797,237.161,102.108,75.015,143.415,31.765,4.913
3.66667,225.906,299.502,223.395,97.411,71.217,132.857,29.900,4.897
3.67083,214.814,280.712,210.104,92.639,67.415,122.346,28.088,4.975
3.67500,204.158,262.641,197.274,88.248,63.941,112.369,26.343,4.825
3.67917,194.131,245.359,185.177,84.041,60.533,102.895,24.708,4.836
3.68333,184.603,229.395,173.773,80.156,57.437,94.039,23.094,4.805
3.68750,175.852,214.464,163.261,76.431,54.505,85.753,21.713,4.747
3.69167,167.849,200.826,153.625,73.116,51.854,78.213,20.475,4.737
3.69583,160.473,188.326,144.786,70.052,49.424,71.302,19.203,4.744
3.70000,153.933,177.023,136.899,67.321,47.137,65.170,18.123,4.731
3.70417,148.019,166.879,129.657,64.862,45.217,59.488,17.191,4.678
3.70833,142.713,157.750,123.262,62.660,43.410,54.475,16.307,4.658
3.71250,138.009,149.690,117.559,60.682,41.840,49.958,15.500,4.695
3.71667,133.724,142.481,112.509,58.981,40.553,46.001,14.792,4.690
3.72083,130.144,136.145,108.035,57.439,39.242,42.485,14.196,4.691
3.72500,126.821,130.545,104.084,56.107,38.170,39.365,13.581,4.575
3.72917,123.994,125.492,100.532,54.909,37.236,36.600,13.266,4.634
3.73333,121.545,121.249,97.582,53.825,36.427,34.169,12.808,4.638
3.73750,119.305,117.388,94.896,52.913,35.642,32.094,12.493,4.651
3.74167,117.457,114.017,92.497,52.158,35.044,30.181,12.147,4.665
3.74583,115.769,111.035,90.497,51.456,34.435,28.561,11.785,4.621
3.75000,114.332,108.508,88.644,50.884,34.005,27.099,11.582,4.659
3.75417,113.066,106.245,87.075,50.304,33.582,25.848,11.286,4.713
3.75833,111.963,104.328,85.664,49.898,33.233,24.664,11.209,4.629
3.76250,110.983,102.595,84.514,49.545,32.909,23.755,11.029,4.616
3.76667,110.213,101.158,83.482,49.217,32.655,22.856,10.857,4.619
3.77083,109.500,99.782,82.621,48.948,32.414,22.117,10.790,4.598
3.77500,108.961,98.685,81.826,48.723,32.217,21.437,10.675,4.623
3.77917,108.451,97.750,81.212,48.438,31.990,20.885,10.631,4.626
3.78333,107.995,96.927,80.607,48.308,31.790,20.439,10.489,4.625
3.78750,107.690,96.247,80.102,48.214,31.753,19.986,10.443,4.673
3.79167,107.359,95.640,79.704,47.986,31.637,19.539,10.373,4.691
3.79583,107.146,95.004,79.317,47.967,31.525,19.235,10.345,4.643
3.80000,106.846,94.583,79.033,47.904,31.487,18.969,10.313,4.616
3.80417,106.735,94.183,78.766,47.807,31.400,18.699,10.252,4.690
3.80833,106.671,93.952,78.579,47.790,31.373,18.384,10.234,4.696
3.81250,106.542,93.577,78.410,47.802,31.359,18.334,10.184,4.695
3.81667,106.583,93.384,78.286,47.661,31.282,18.161,10.126,4.706
3.82083,106.455,93.216,78.201,47.690,31.345,17.940,10.116,4.643
3.82500,106.434,93.138,78.180,47.723,31.309,17.870,10.158,4.734
3.82917,106.498,92.990,78.081,47.792,31.307,17.835,10.123,4.644
3.83333,106.525,92.847,78.014,47.724,31.361,17.603,10.137,4.686
3.83750,106.567,92.824,77.948,47.767,31.335,17.575,10.123,4.702
3.84167,106.546,92.741,77.907,47.734,31.328,17.526,10.150,4.686
3.84583,106.698,92.787,77.955,47.819,31.342,17.466,10.079,4.727
3.85000,106.762,92.840,78.066,47.839,31.315,17.476,10.193,4.682
3.85417,106.782,92.873,77.980,47.862,31.395,17.401,10.110,4.756
3.85833,106.891,92.762,78.046,47.959,31.416,17.357,10.157,4.766
3.86250,106.942,92.878,78.110,47.929,31.471,17.295,10.121,4.767
3.86667,107.072,92.878,78.197,48.089,31.457,17.368,10.097,4.725
3.87083,107.177,92.987,78.206,48.072,31.482,17.326,10.161,4.761
3.87500,107.318,93.018,78.208,48.150,31.474,17.308,10.217,4.783
3.87917,107.486,93.102,78.335,48.163,31.590,17.328,10.156,4.775
3.88333,107.507,93.231,78.432,48.232,31.571,17.380,10.234,4.774
3.88750,107.663,93.298,78.486,48.255,31.630,17.366,10.140,4.748
3.89167,107.846,93.405,78.525,48.301,31.714,17.401,10.129,4.777
3.89583,107.952,93.424,78.756,48.407,31.663,17.287,10.184,4.751
3.90000,107.991,93.628,78.739,48.432,31.753,17.402,10.228,4.844
3.90417,108.151,93.697,78.802,48.538,31.773,17.347,10.305,4.844
3.90833,108.313,93.789,78.872,48.577,31.801,17.465,10.235,4.778
3.91250,108.427,93.844,78.956,48.650,31.910,17.393,10.224,4.784
3.91667,108.607,94.019,79.096,48.694,31.880,17.379,10.297,4.773
3.92083,108.641,94.073,79.157,48.758,31.949,17.450,10.292,4.826
3.92500,108.854,94.229,79.275,48.867,32.072,17.517,10.248,4.790
3.92917,108.947,94.363,79.292,48.875,32.003,17.409,10.295,4.871
3.93333,109.090,94.436,79.534,48.922,32.095,17.517,10.268,4.843
3.93750,109.243,94.525,79.603,49.028,32.157,17.503,10.303,4.843
3.94167,109.397,94.727,79.746,49.098,32.170,17.535,10.364,4.842
3.94583,109.532,94.797,79.769,49.080,32.209,17.629,10.363,4.827
3.95000,109.743,94.878,79.848,49.226,32.258,17.562,10.318,4.919
3.95417,109.833,95.015,80.008,49.281,32.320,17.636,10.352,4.842
3.95833,109.895,95.210,80.129,49.339,32.313,17.598,10.391,4.922
3.96250,110.094,95.302,80.231,49.429,32.329,17.685,10.396,4.809
3.96667,110.296,95.467,80.272,49.445,32.439,17.685,10.435,4.834
3.97083,110.402,95.501,80.423,49.560,32.428,17.734,10.455,4.926
3.97500,110.550,95.641,80.465,49.573,32.554,17.709,10.435,4.933
3.97917,110.674,95.771,80.595,49.661,32.544,17.698,10.439,4.914
3.98333,110.802,96.000,80.645,49.778,32.635,17.792,10.514,4.886
3.98750,110.984,96.002,80.804,49.786,32.599,17.788,10.458,4.910
3.99167,111.157,96.141,80.935,49.819,32.701,17.779,10.552,4.874
3.99583,111.275,96.274,81.058,49.914,32.698,17.849,10.500,4.916
4.00000,111.379,96.374,81.087,50.069,32.756,17.819,10.534,4.921
4.00417,111.583,96.481,81.191,50.063,32.795,17.850,10.522,4.924
4.00833,111.739,96.638,81.320,50.083,32.852,17.903,10.601,4.997
4.01250,111.758,96.745,81.418,50.201,32.902,17.858,10.574,4.895
4.01667,112.023,96.882,81.522,50.250,32.983,17.937,10.601,4.944
4.02083,112.074,96.984,81.632,50.378,33.026,17.983,10.608,4.938
4.02500,112.250,97.114,81.728,50.394,33.056,17.998,10.655,4.943
4.02917,112.386,97.260,81.863,50.416,33.073,18.038,10.592,5.021
4.03333,112.601,97.402,81.933,50.569,33.127,17.977,10.650,4.927
4.03750,112.763,97.482,82.041,50.543,33.218,18.056,10.598,5.019
4.04167,112.901,97.624,82.140,50.589,33.186,18.093,10.651,5.041
4.04583,113.040,97.768,82.247,50.757,33.310,18.136,10.680,5.009
4.05000,113.173,97.879,82.386,50.733,33.303,18.200,10.618,5.007
4.05417,113.284,97.986,82.496,50.870,33.340,18.128,10.688,5.007
4.05833,113.412,98.119,82.628,50.845,33.398,18.169,10.716,5.017
4.06250,113.587,98.236,82.717,50.994,33.402,18.210,10.743,5.029
4.06667,113.750,98.363,82.824,51.076,33.480,18.266,10.681,5.029
4.07083,113.899,98.512,82.889,51.097,33.514,18.273,10.817,5.050
4.07500,113.968,98.654,83.058,51.145,33.577,18.327,10.737,5.001
4.07917,114.233,98.795,83.109,51.248,33.586,18.353,10.736,5.080
4.08333,114.335,98.929,83.186,51.351,33.645,18.327,10.809,5.108
4.08750,114.501,99.011,83.284,51.392,33.681,18.353,10.785,5.077
4.09167,114.685,99.197,83.494,51.422,33.780,18.349,10.847,5.037
4.09583,114.752,99.246,83.537,51.550,33.861,18.460,10.866,5.101
4.10000,114.911,99.444,83.662,51.528,33.853,18.425,10.801,5.090
4.10417,115.095,99.542,83.763,51.659,33.899,18.441,10.830,5.064
4.10833,115.244,99.639,83.939,51.696,33.872,18.426,10.866,5.067
4.11250,115.389,99.747,83.998,51.777,33.913,18.491,10.841,5.087
4.11667,115.555,99.912,84.067,51.831,34.015,18.517,10.907,5.059
4.12083,115.716,100.045,84.202,51.943,34.117,18.545,10.977,5.125
4.12500,115.871,100.166,84.349,52.029,34.105,18.583,10.961,5.119
4.12917,116.005,100.191,84.441,52.047,34.182,18.578,10.938,5.151
4.13333,116.107,100.524,84.531,52.132,34.176,18.662,10.971,5.128
4.13750,116.299,100.536,84.658,52.167,34.243,18.612,11.016,5.173
4.14167,116.416,100.602,84.716,52.253,34.290,18.679,10.980,5.221
4.14583,116.612,100.812,84.816,52.318,34.339,18.688,10.955,5.088
4.15000,116.739,100.922,84.972,52.381,34.326,18.688,10.987,5.109
4.15417,116.873,101.020,85.066,52.475,34.447,18.750,11.003,5.176
4.15833,117.034,101.171,85.168,52.486,34.409,18.777,10.978,5.200
4.16250,117.201,101.300,85.270,52.603,34.503,18.815,11.043,5.186
4.16667,117.318,101.412,85.403,52.721,34.613,18.761,11.074,5.223
4.17083,117.519,101.492,85.497,52.786,34.547,18.763,11.031,5.186
4.17500,117.629,101.702,85.627,52.816,34.690,18.869,11.127,5.233
4.17917,117.731,101.841,85.710,52.855,34.693,18.857,11.113,5.156
4.18333,117.939,101.953,85.807,52.918,34.697,18.915,11.089,5.127
4.18750,118.119,102.038,85.954,52.988,34.784,18.960,11.157,5.218
4.19167,118.165,102.166,85.981,53.111,34.876,18.990,11.069,5.232
4.19583,118.343,102.342,86.169,53.187,34.829,18.974,11.134,5.221
4.20000,118.507,102.488,86.215,53.115,34.963,19.042,11.158,5.208
4.20417,118.670,102.599,86.323,53.255,35.005,19.025,11.188,5.212
4.20833,118.770,102.707,86.399,53.299,35.000,19.052,11.200,5.169
4.21250,118.989,102.783,86.523,53.407,35.115,19.094,11.156,5.228
4.21667,119.158,103.006,86.697,53.471,35.056,19.048,11.203,5.291
4.22083,119.245,103.084,86.752,53.498,35.129,19.185,11.214,5.239
4.22500,119.442,103.266,86.956,53.634,35.246,19.240,11.284,5.166
4.22917,119.563,103.363,87.035,53.633,35.264,19.221,11.223,5.280
4.23333,119.708,103.538,87.080,53.704,35.251,19.263,11.255,5.277
4.23750,119.882,103.633,87.241,53.825,35.269,19.236,11.242,5.320
4.24167,119.999,103.747,87.384,53.881,35.320,19.210,11.275,5.303
4.24583,120.174,103.863,87.432,53.884,35.409,19.272,11.278,5.271
4.25000,120.318,104.000,87.504,54.051,35.386,19.280,11.330,5.289
4.25417,120.460,104.134,87.640,54.090,35.474,19.317,11.357,5.265
4.25833,120.625,104.263,87.775,54.133,35.539,19.326,11.332,5.311
4.26250,120.801,104.382,87.904,54.118,35.642,19.412,11.335,5.336
4.26667,120.915,104.530,88.044,54.286,35.678,19.473,11.365,5.281
4.27083,121.118,104.653,88.058,54.370,35.625,19.438,11.410,5.285
4.27500,121.207,104.753,88.238,54.335,35.672,19.431,11.380,5.314
4.27917,121.269,104.917,88.233,54.514,35.803,19.450,11.421,5.317
4.28333,121.524,105.000,88.413,54.602,35.820,19.500,11.458,5.344
4.28750,121.684,105.181,88.510,54.610,35.883,19.521,11.488,5.323
4.29167,121.809,105.318,88.652,54.714,35.898,19.634,11.464,5.326
4.29583,122.007,105.385,88.747,54.778,35.939,19.591,11.480,5.352
4.30000,122.152,105.613,88.846,54.835,36.053,19.626,11.524,5.410
4.30417,122.258,105.598,88.958,54.905,36.081,19.664,11.473,5.331
4.30833,122.446,105.843,89.050,54.966,36.145,19.691,11.492,5.352
4.31250,122.597,105.915,89.199,55.067,36.111,19.640,11.526,5.416
4.31667,122.786,106.081,89.259,55.092,36.137,19.684,11.566,5.365
4.32083,122.873,106.256,89.332,55.158,36.266,19.803,11.555,5.455
4.32500,123.057,106.344,89.494,55.253,36.278,19.773,11.617,5.414
4.32917,123.191,106.476,89.621,55.332,36.361,19.768,11.603,5.421
4.33333,123.369,106.581,89.754,55.385,36.382,19.771,11.587,5.437
4.33750,123.510,106.654,89.845,55.468,36.414,19.863,11.587,5.405
4.34167,123.683,106.849,89.892,55.550,36.506,19.894,11.665,5.408
4.34583,123.818,106.987,90.060,55.599,36.540,19.904,11.708,5.441
4.35000,123.998,107.080,90.248,55.625,36.554,19.951,11.676,5.425
4.35417,124.065,107.184,90.245,55.686,36.564,19.954,11.625,5.517
4.35833,124.159,107.369,90.392,55.739,36.647,19.936,11.697,5.448
4.36250,124.367,107.545,90.478,55.788,36.702,20.023,11.703,5.462
4.36667,124.573,107.550,90.597,55.948,36.692,20.046,11.723,5.428
4.37083,124.706,107.719,90.681,55.978,36.812,20.021,11.693,5.517
4.37500,124.864,107.873,90.837,56.018,36.809,20.115,11.727,5.485
4.37917,125.034,108.008,90.949,56.139,36.811,20.044,11.739,5.474
4.38333,125.183,108.090,91.034,56.215,36.967,20.157,11.772,5.516
4.38750,125.333,108.310,91.152,56.304,37.018,20.210,11.802,5.557
4.39167,125.500,108.425,91.243,56.319,36.988,20.214,11.817,5.500
4.39583,125.639,108.578,91.371,56.471,37.056,20.172,11.882,5.480
4.40000,125.729,108.674,91.470,56.494,37.045,20.188,11.843,5.503
4.40417,125.900,108.840,91.589,56.519,37.140,20.233,11.849,5.542
4.40833,126.048,108.940,91.676,56.616,37.205,20.282,11.809,5.468
4.41250,126.167,109.010,91.766,56.607,37.207,20.297,11.904,5.524
4.41667,126.365,109.197,91.936,56.765,37.235,20.347,11.869,5.539
4.42083,126.555,109.277,92.015,56.828,37.317,20.370,11.939,5.526
4.42500,126.700,109.365,92.113,56.818,37.418,20.342,11.918,5.590
4.42917,126.781,109.545,92.169,56.984,37.464,20.412,11.933,5.544
4.43333,126.964,109.714,92.355,56.999,37.461,20.398,11.930,5.522
4.43750,127.130,109.801,92.492,57.040,37.534,20.399,11.909,5.563
4.44167,127.335,109.971,92.563,57.197,37.596,20.493,11.979,5.611
4.44583,127.456,110.079,92.704,57.208,37.570,20.498,12.046,5.541
4.45000,127.567,110.258,92.766,57.316,37.572,20.548,11.967,5.570
4.45417,127.724,110.378,92.861,57.345,37.759,20.556,12.010,5.568
4.45833,127.932,110.451,92.975,57.421,37.707,20.576,12.013,5.626
4.46250,128.073,110.580,93.117,57.504,37.854,20.674,12.036,5.605
4.46667,128.202,110.762,93.183,57.595,37.807,20.632,12.128,5.568
4.47083,128.309,110.865,93.310,57.621,37.861,20.593,12.114,5.565
4.47500,128.535,111.000,93.468,57.724,37.975,20.713,12.088,5.650
4.47917,128.602,111.130,93.597,57.800,37.988,20.696,12.067,5.609
4.48333,128.806,111.308,93.676,57.900,37.984,20.710,12.078,5.638
4.48750,128.892,111.446,93.788,57.937,38.102,20.739,12.157,5.624
4.49167,129.105,111.520,93.879,57.951,38.099,20.775,12.130,5.629
4.49583,129.253,111.616,94.020,57.985,38.122,20.844,12.108,5.660
4.50000,129.351,111.794,94.133,58.098,38.209,20.816,12.095,5.685
4.50417,129.564,111.915,94.158,58.190,38.267,20.871,12.132,5.669
4.50833,129.708,112.065,94.339,58.224,38.237,20.806,12.158,5.748
4.51250,129.892,112.266,94.438,58.331,38.337,20.927,12.189,5.685
4.51667,130.053,112.295,94.592,58.366,38.385,20.910,12.247,5.732
4.52083,130.198,112.415,94.728,58.496,38.481,20.962,12.248,5.648
4.52500,130.374,112.528,94.784,58.573,38.536,20.934,12.216,5.693
4.52917,130.452,112.702,94.881,58.554,38.536,20.994,12.308,5.674
4.53333,130.660,112.838,94.990,58.643,38.604,21.031,12.254,5.758
4.53750,130.791,112.993,95.088,58.714,38.622,21.001,12.318,5.749
4.54167,130.890,113.073,95.158,58.787,38.726,21.080,12.258,5.745
4.54583,131.145,113.253,95.358,58.867,38.705,21.087,12.315,5.670
4.55000,131.262,113.359,95.513,58.935,38.743,21.144,12.327,5.739
4.55417,131.347,113.493,95.497,59.019,38.751,21.126,12.312,5.718
4.55833,131.564,113.630,95.674,58.997,38.835,21.160,12.389,5.733
4.56250,131.674,113.800,95.776,59.176,38.886,21.198,12.385,5.754
4.56667,131.890,113.861,95.910,59.286,38.942,21.184,12.430,5.722
4.57083,132.026,114.006,95.968,59.338,38.969,21.218,12.369,5.793
4.57500,132.203,114.197,96.089,59.416,39.092,21.304,12.374,5.840
4.57917,132.307,114.258,96.200,59.366,39.071,21.263,12.426,5.752
4.58333,132.500,114.426,96.293,59.538,39.184,21.357,12.435,5.808
4.58750,132.595,114.544,96.404,59.547,39.156,21.384,12.412,5.759
4.59167,132.770,114.627,96.573,59.638,39.193,21.355,12.452,5.759
4.59583,132.912,114.737,96.640,59.667,39.228,21.452,12.494,5.791
4.60000,133.044,114.901,96.783,59.788,39.370,21.444,12.534,5.797
4.60417,133.237,115.113,96.906,59.834,39.369,21.506,12.554,5.811
4.60833,133.434,115.238,96.971,59.914,39.395,21.449,12.492,5.847
4.61250,133.521,115.353,97.042,59.945,39.444,21.473,12.519,5.749
4.61667,133.686,115.427,97.162,60.039,39.483,21.484,12.464,5.850
4.62083,133.860,115.596,97.328,60.099,39.528,21.566,12.624,5.862
4.62500,134.026,115.687,97.417,60.135,39.594,21.616,12.506,5.816
4.62917,134.219,115.925,97.538,60.225,39.652,21.667,12.546,5.824
4.63333,134.284,115.936,97.682,60.336,39.663,21.613,12.565,5.819
4.63750,134.457,116.027,97.745,60.411,39.713,21.674,12.599,5.875
4.64167,134.645,116.200,97.820,60.486,39.757,21.684,12.614,5.910
4.64583,134.762,116.355,98.006,60.569,39.798,21.759,12.649,5.930
4.65000,134.945,116.464,98.084,60.623,39.919,21.750,12.660,5.813
4.65417,135.113,116.658,98.183,60.631,39.946,21.750,12.627,5.862
4.65833,135.227,116.791,98.396,60.759,39.955,21.779,12.698,5.865
4.66250,135.456,116.952,98.420,60.820,40.015,21.848,12.752,5.968
4.66667,135.527,116.999,98.458,60.893,40.017,21.812,12.734,5.836
4.67083,135.709,117.105,98.661,60.955,40.050,21.906,12.717,5.985
4.67500,135.859,117.247,98.683,61.081,40.102,21.853,12.707,5.965
4.67917,136.005,117.452,98.831,61.071,40.211,21.892,12.710,5.904
4.68333,136.105,117.539,98.996,61.146,40.250,21.939,12.773,5.848
4.68750,136.317,117.713,99.048,61.289,40.277,21.998,12.784,5.915
4.69167,136.512,117.779,99.195,61.304,40.325,21.996,12.821,6.013
4.69583,136.618,117.977,99.296,61.345,40.402,22.043,12.821,5.933
4.70000,136.760,118.061,99.399,61.434,40.348,21.985,12.828,5.939
4.70417,136.893,118.163,99.535,61.446,40.447,22.088,12.826,5.916
4.70833,137.097,118.321,99.603,61.573,40.538,22.051,12.826,5.937
4.71250,137.243,118.441,99.718,61.636,40.548,22.141,12.874,5.951
4.71667,137.354,118.601,99.823,61.658,40.585,22.149,12.909,5.995
4.72083,137.517,118.728,99.954,61.787,40.676,22.170,12.914,5.992
4.72500,137.704,118.814,100.096,61.843,40.715,22.176,12.912,6.070
4.72917,137.801,118.988,100.188,61.915,40.692,22.179,12.950,6.030
4.73333,138.005,119.073,100.276,62.015,40.692,22.284,12.954,5.968
4.73750,138.143,119.222,100.494,62.001,40.832,22.207,12.971,5.943
4.74167,138.290,119.389,100.546,62.054,40.872,22.233,12.909,6.011
4.74583,138.500,119.591,100.604,62.209,40.923,22.335,12.939,6.027
4.75000,138.594,119.575,100.701,62.274,40.977,22.341,12.929,6.034
4.75417,138.827,119.856,100.794,62.341,40.993,22.393,13.016,6.077
4.75833,138.879,119.950,100.903,62.426,41.122,22.378,13.015,6.019
4.76250,139.081,120.067,101.091,62.458,41.110,22.496,13.009,6.065
4.76667,139.245,120.261,101.139,62.583,41.150,22.458,12.997,6.007
4.77083,139.432,120.300,101.305,62.636,41.215,22.515,13.060,6.067
4.77500,139.533,120.442,101.435,62.680,41.258,22.542,13.095,6.079
4.77917,139.706,120.567,101.467,62.715,41.318,22.542,13.109,6.100
4.78333,139.825,120.730,101.656,62.877,41.362,22.514,13.074,6.075
4.78750,139.972,120.811,101.665,62.885,41.403,22.613,13.060,6.098
4.79167,140.156,120.942,101.863,63.004,41.436,22.646,13.105,6.050
4.79583,140.316,121.076,101.952,63.028,41.469,22.726,13.225,5.992
4.80000,140.398,121.218,102.036,63.079,41.554,22.606,13.185,6.045
4.80417,140.657,121.384,102.143,63.189,41.560,22.700,13.100,6.073
4.80833,140.706,121.458,102.344,63.214,41.592,22.723,13.165,6.154
4.81250,140.866,121.634,102.419,63.359,41.650,22.751,13.199,6.188
4.81667,141.064,121.777,102.544,63.396,41.708,22.792,13.190,6.096
4.82083,141.218,121.823,102.633,63.466,41.720,22.812,13.243,6.134
4.82500,141.415,121.958,102.749,63.478,41.754,22.785,13.208,6.150
4.82917,141.511,122.107,102.826,63.577,41.810,22.848,13.213,6.161
4.83333,141.598,122.291,102.914,63.604,41.829,22.915,13.207,6.187
4.83750,141.788,122.481,103.032,63.797,41.911,22.931,13.274,6.200
4.84167,141.934,122.540,103.164,63.755,41.965,22.876,13.290,6.129
4.84583,142.094,122.574,103.248,63.803,42.024,22.899,13.354,6.174
4.85000,142.281,122.844,103.434,63.942,42.089,22.877,13.341,6.119
4.85417,142.349,122.909,103.467,64.006,42.200,22.998,13.351,6.145
4.85833,142.586,123.091,103.602,64.057,42.246,23.044,13.363,6.240
4.86250,142.755,123.185,103.730,64.101,42.187,22.987,13.348,6.216
4.86667,142.916,123.350,103.818,64.223,42.277,23.113,13.416,6.195
4.87083,143.056,123.473,103.960,64.253,42.289,23.069,13.407,6.250
4.87500,143.189,123.612,104.130,64.389,42.395,23.120,13.430,6.169
4.87917,143.354,123.683,104.135,64.452,42.424,23.143,13.391,6.213
4.88333,143.497,123.750,104.307,64.438,42.424,23.175,13.489,6.268
4.88750,143.631,124.003,104.392,64.503,42.518,23.179,13.466,6.251
4.89167,143.820,124.129,104.486,64.610,42.515,23.216,13.480,6.261
4.89583,143.979,124.198,104.593,64.659,42.592,23.247,13.434,6.207
4.90000,144.111,124.421,104.639,64.806,42.645,23.275,13.524,6.221
4.90417,144.215,124.398,104.770,64.843,42.701,23.347,13.464,6.228
4.90833,144.462,124.574,104.987,64.829,42.730,23.361,13.578,6.346
4.91250,144.595,124.761,104.956,64.984,42.745,23.295,13.468,6.259
4.91667,144.774,124.882,105.190,65.057,42.791,23.429,13.512,6.301
4.92083,144.868,125.024,105.311,65.127,42.878,23.344,13.599,6.304
4.92500,145.035,125.131,105.421,65.190,42.912,23.376,13.554,6.304
4.92917,145.159,125.204,105.437,65.252,42.931,23.433,13.596,6.359
4.93333,145.346,125.501,105.579,65.308,42.976,23.503,13.600,6.325
4.93750,145.503,125.529,105.678,65.369,43.017,23.484,13.599,6.333
4.94167,145.673,125.718,105.837,65.452,43.047,23.568,13.576,6.264
4.94583,145.829,125.792,105.958,65.446,43.116,23.514,13.621,6.304
4.95000,145.866,125.887,106.000,65.615,43.150,23.565,13.591,6.335
4.95417,146.084,126.092,106.187,65.657,43.200,23.596,13.645,6.328
4.95833,146.212,126.185,106.270,65.769,43.279,23.566,13.646,6.348
4.96250,146.396,126.374,106.364,65.831,43.311,23.623,13.713,6.311
4.96667,146.636,126.499,106.512,65.905,43.338,23.690,13.695,6.358
4.97083,146.710,126.616,106.621,65.967,43.376,23.691,13.656,6.314
4.97500,146.900,126.684,106.713,65.969,43.491,23.690,13.749,6.372
4.97917,146.973,126.837,106.835,66.051,43.558,23.815,13.746,6.333
4.98333,147.153,126.990,106.873,66.134,43.560,23.820,13.774,6.389
4.98750,147.312,127.135,107.017,66.200,43.593,23.782,13.752,6.354
4.99167,147.473,127.292,107.132,66.337,43.688,23.805,13.807,6.389
4.99583,147.659,127.396,107.205,66.362,43.749,23.896,13.852,6.378
5.00000,147.747,127.503,107.360,66.361,43.736,23.818,13.703,6.395
5.00417,147.875,127.607,107.496,66.515,43.833,23.934,13.807,6.452
5.00833,148.129,127.777,107.599,66.554,43.827,23.975,13.860,6.431
5.01250,148.168,127.929,107.713,66.556,43.869,23.968,13.825,6.411
5.01667,148.395,128.098,107.798,66.676,43.917,24.031,13.854,6.382
5.02083,148.470,128.147,107.900,66.676,43.940,23.990,13.834,6.440
5.02500,148.738,128.240,107.991,66.775,43.952,24.044,13.891,6.440
5.02917,148.819,128.359,108.113,66.896,43.973,24.066,13.943,6.481
5.03333,149.048,128.555,108.175,66.974,44.094,24.068,13.921,6.473
5.03750,149.134,128.744,108.409,66.965,44.154,24.131,13.936,6.456
5.04167,149.286,128.781,108.528,67.070,44.170,24.111,13.857,6.438
5.04583,149.404,128.978,108.528,67.202,44.234,24.127,13.991,6.447
5.05000,149.577,129.037,108.690,67.211,44.301,24.155,13.963,6.392
5.05417,149.741,129.131,108.753,67.312,44.344,24.218,13.958,6.494
5.05833,149.885,129.357,108.879,67.358,44.350,24.243,13.929,6.469
5.06250,150.012,129.456,108.997,67.444,44.413,24.264,14.055,6.504
5.06667,150.204,129.600,109.110,67.509,44.475,24.261,14.092,6.489
5.07083,150.418,129.705,109.205,67.584,44.486,24.332,14.057,6.552
5.07500,150.514,129.857,109.323,67.696,44.554,24.336,14.044,6.500
5.07917,150.614,129.974,109.392,67.720,44.644,24.339,14.108,6.479
5.08333,150.807,130.158,109.574,67.785,44.636,24.368,14.155,6.571
5.08750,150.978,130.281,109.622,67.855,44.661,24.422,14.092,6.549
5.09167,151.136,130.392,109.752,67.987,44.679,24.442,14.171,6.527
5.09583,151.242,130.470,109.881,67.975,44.849,24.453,14.066,6.557
5.10000,151.419,130.588,109.904,68.058,44.765,24.507,14.163,6.542
5.10417,151.553,130.775,110.092,68.156,44.865,24.559,14.157,6.509
5.10833,151.658,130.908,110.252,68.194,44.903,24.556,14.189,6.548
5.11250,151.821,130.972,110.293,68.213,44.971,24.556,14.189,6.560
5.11667,151.982,131.109,110.470,68.356,45.011,24.522,14.098,6.530
5.12083,152.133,131.233,110.543,68.467,45.077,24.616,14.192,6.569
5.12500,152.346,131.374,110.646,68.470,45.149,24.667,14.188,6.618
5.12917,152.524,131.546,110.791,68.530,45.137,24.664,14.202,6.629
5.13333,152.590,131.689,110.827,68.625,45.166,24.660,14.235,6.601
5.13750,152.794,131.786,110.938,68.598,45.208,24.781,14.288,6.639
5.14167,152.934,131.929,111.091,68.727,45.269,24.783,14.263,6.633
5.14583,153.003,132.026,111.177,68.731,45.269,24.804,14.228,6.586
5.15000,153.170,132.182,111.259,68.890,45.386,24.770,14.255,6.632
5.15417,153.384,132.273,111.379,69.013,45.467,24.815,14.340,6.583
5.15833,153.533,132.483,111.466,69.037,45.528,24.850,14.374,6.623
5.16250,153.689,132.556,111.643,69.096,45.469,24.826,14.347,6.643
5.16667,153.841,132.693,111.823,69.167,45.475,24.945,14.375,6.593
5.17083,153.972,132.785,111.861,69.219,45.698,24.920,14.376,6.711
5.17500,154.135,132.989,111.930,69.224,45.684,24.981,14.399,6.645
5.17917,154.270,133.025,111.999,69.326,45.710,24.883,14.391,6.654
5.18333,154.382,133.167,112.132,69.410,45.788,24.911,14.364,6.668
5.18750,154.614,133.304,112.277,69.544,45.766,24.993,14.469,6.634
5.19167,154.789,133.503,112.393,69.477,45.789,25.018,14.466,6.705
5.19583,154.924,133.591,112.436,69.596,45.869,25.085,14.474,6.704
5.20000,155.080,133.755,112.641,69.689,45.917,25.074,14.491,6.700
5.20417,155.115,133.872,112.732,69.789,45.940,25.105,14.508,6.715
5.20833,155.350,134.001,112.808,69.826,46.077,25.081,14.460,6.689
5.21250,155.477,134.139,112.898,69.955,46.070,25.128,14.456,6.639
5.21667,155.605,134.229,113.024,69.933,46.125,25.191,14.514,6.689
5.22083,155.748,134.332,113.149,70.029,46.125,25.220,14.498,6.749
5.22500,155.936,134.502,113.239,70.130,46.135,25.172,14.567,6.696
5.22917,156.038,134.571,113.370,70.103,46.252,25.258,14.533,6.710
5.23333,156.269,134.745,113.450,70.229,46.271,25.291,14.624,6.753
5.23750,156.425,134.872,113.562,70.321,46.282,25.322,14.531,6.786
5.24167,156.484,135.022,113.724,70.367,46.375,25.337,14.610,6.786
5.24583,156.668,135.053,113.822,70.455,46.418,25.309,14.565,6.744
5.25000,156.806,135.268,113.882,70.530,46.483,25.373,14.681,6.762
5.25417,157.030,135.335,113.974,70.599,46.522,25.428,14.613,6.833
5.25833,157.146,135.548,114.074,70.678,46.495,25.434,14.601,6.764
5.26250,157.275,135.589,114.247,70.712,46.576,25.442,14.658,6.790
5.26667,157.381,135.721,114.295,70.920,46.625,25.518,14.703,6.757
5.27083,157.555,135.982,114.494,70.931,46.752,25.464,14.705,6.760
5.27500,157.719,136.139,114.654,71.068,46.793,25.611,14.732,6.741
5.27917,157.963,136.217,114.726,71.206,46.803,25.527,14.761,6.878
5.28333,158.107,136.368,114.928,71.410,46.912,25.509,14.724,6.809
5.28750,158.280,136.564,115.159,71.586,47.064,25.670,14.715,6.798
5.29167,158.505,136.734,115.332,71.858,47.170,25.661,14.788,6.755
5.29583,158.833,137.052,115.645,72.298,47.287,25.704,14.803,6.860
5.30000,159.116,137.285,116.049,72.880,47.543,25.689,14.822,6.886
5.30417,159.418,137.683,116.483,73.576,47.847,25.712,14.837,6.838
5.30833,159.840,138.141,117.143,74.569,48.147,25.785,14.824,6.761
5.31250,160.356,138.680,118.000,75.876,48.652,25.793,14.793,6.884
5.31667,161.001,139.379,119.032,77.707,49.265,25.955,14.907,6.864
5.32083,161.913,140.384,120.421,79.996,50.070,25.940,14.928,6.903
5.32500,162.940,141.481,122.203,83.119,51.169,26.057,14.962,6.898
5.32917,164.236,143.016,124.481,87.075,52.535,26.210,14.995,6.893
5.33333,165.879,144.881,127.422,92.146,54.300,26.228,14.997,6.939
5.33750,167.928,147.135,131.044,98.539,56.457,26.418,15.097,6.830
5.34167,170.455,150.154,135.643,106.621,59.196,26.611,15.116,6.984
5.34583,173.505,153.677,141.125,116.482,62.641,26.771,15.181,6.893
5.35000,177.190,158.006,147.968,128.505,66.744,27.160,15.239,6.943
5.35417,181.747,163.124,156.164,143.065,71.713,27.350,15.365,6.996
5.35833,186.924,169.247,165.842,160.214,77.582,27.772,15.408,7.009
5.36250,193.115,176.402,177.096,180.293,84.558,28.216,15.532,7.077
5.36667,200.227,184.617,190.241,203.415,92.408,28.753,15.632,7.037
5.37083,208.306,194.021,205.084,229.906,101.571,29.360,15.799,7.084
5.37500,217.273,204.528,221.852,259.575,111.678,29.856,15.985,7.105
5.37917,227.333,216.164,240.315,292.244,123.015,30.570,16.138,7.167
5.38333,238.171,228.786,260.413,327.953,135.327,31.360,16.325,7.188
5.38750,249.940,242.431,282.174,366.309,148.621,32.175,16.599,7.248
5.39167,262.379,256.887,305.027,406.754,162.624,33.009,16.858,7.277
5.39583,275.224,271.827,328.851,448.584,177.233,33.888,17.001,7.371
5.40000,288.447,287.320,353.241,491.464,192.214,34.801,17.251,7.379
5.40417,301.835,302.767,377.760,534.289,207.249,35.725,17.422,7.486
5.40833,314.827,318.002,401.885,576.333,222.106,36.597,17.699,7.493
5.41250,327.526,332.741,425.155,616.710,236.431,37.431,17.933,7.599
5.41667,339.520,346.716,447.091,654.608,250.058,38.364,18.124,7.595
5.42083,350.573,359.366,467.117,689.115,262.423,39.073,18.392,7.717
5.42500,360.348,370.763,485.073,719.583,273.458,39.777,18.511,7.702
5.42917,368.650,380.429,500.270,745.440,282.886,40.324,18.716,7.737
5.43333,375.418,388.305,512.515,766.209,290.497,40.858,18.814,7.752
5.43750,380.496,394.191,521.582,781.379,296.080,41.184,18.959,7.789
5.44167,383.675,397.887,527.387,791.027,299.721,41.453,18.953,7.739
5.44583,385.181,399.524,529.739,795.087,301.244,41.443,19.009,7.819
5.45000,384.708,398.997,528.947,793.454,300.632,41.521,19.023,7.758
5.45417,382.593,396.435,524.766,786.478,298.060,41.348,18.975,7.777
5.45833,378.820,392.028,517.787,774.435,293.626,41.109,18.963,7.751
5.46250,373.579,385.838,507.998,757.717,287.596,40.768,18.858,7.778
5.46667,367.067,378.183,495.805,736.923,279.998,40.391,18.734,7.697
5.47083,359.400,369.217,481.587,712.480,271.115,39.859,18.586,7.754
5.47500,350.876,359.280,465.720,685.070,261.208,39.273,18.496,7.741
5.47917,341.671,348.422,448.501,655.354,250.602,38.673,18.352,7.714
5.48333,332.031,337.145,430.437,623.914,239.350,38.014,18.231,7.652
5.48750,321.960,325.437,411.808,591.411,227.852,37.391,18.074,7.618
5.49167,311.859,313.610,392.932,558.396,216.167,36.675,17.945,7.569
5.49583,301.801,301.784,374.039,525.355,204.622,35.991,17.766,7.658
5.50000,291.936,290.184,355.609,492.772,193.186,35.440,17.514,7.544
5.50417,282.318,279.021,337.710,461.039,182.035,34.676,17.370,7.528
5.50833,273.068,268.190,320.374,430.444,171.420,34.111,17.258,7.472
5.51250,264.344,257.930,303.947,401.254,161.302,33.488,17.097,7.459
5.51667,256.105,248.229,288.429,373.755,151.737,32.974,16.992,7.391
5.52083,248.354,239.125,273.835,347.754,142.923,32.493,16.866,7.382
5.52500,241.094,230.737,260.211,323.521,134.515,32.027,16.788,7.386
5.52917,234.537,222.901,247.740,301.090,126.813,31.575,16.566,7.396
5.53333,228.357,215.694,236.103,280.380,119.671,31.238,16.530,7.430
5.53750,222.788,209.067,225.491,261.269,113.192,30.807,16.508,7.383
5.54167,217.616,202.994,215.762,243.814,107.166,30.542,16.416,7.348
5.54583,212.950,197.560,206.835,227.901,101.762,30.172,16.353,7.266
5.55000,208.689,192.582,198.684,213.278,96.744,29.958,16.217,7.314
5.55417,204.894,187.995,191.387,200.061,92.253,29.645,16.221,7.299
5.55833,201.372,183.936,184.765,188.067,88.187,29.507,16.152,7.349
5.56250,198.272,180.268,178.765,177.273,84.476,29.280,16.149,7.376
5.56667,195.421,176.895,173.320,167.363,81.192,29.085,16.113,7.305
5.57083,192.895,173.915,168.395,158.569,78.122,28.925,16.098,7.335
5.57500,190.691,171.127,164.017,150.568,75.394,28.750,16.038,7.313
5.57917,188.641,168.788,160.009,143.220,72.980,28.657,16.028,7.319
5.58333,186.730,166.581,156.435,136.751,70.728,28.552,15.965,7.264
5.58750,185.167,164.636,153.257,130.919,68.871,28.401,16.008,7.379
5.59167,183.691,162.941,150.304,125.514,67.006,28.337,15.945,7.249
5.59583,182.356,161.292,147.701,120.757,65.371,28.320,15.961,7.270
5.60000,181.223,159.928,145.322,116.502,63.928,28.304,15.878,7.273
5.60417,180.173,158.647,143.215,112.579,62.568,28.196,15.999,7.320
5.60833,179.250,157.545,141.298,109.027,61.394,28.144,15.950,7.284
5.61250,178.467,156.471,139.682,105.953,60.414,28.157,15.959,7.303
5.61667,177.738,155.585,138.120,103.062,59.457,28.073,15.925,7.339
5.62083,177.108,154.816,136.741,100.544,58.651,28.055,15.876,7.279
5.62500,176.454,154.164,135.520,98.246,57.782,27.984,15.940,7.345
5.62917,175.992,153.462,134.459,96.157,57.150,27.976,15.939,7.303
5.63333,175.517,153.048,133.463,94.238,56.584,27.993,15.951,7.317
5.63750,175.215,152.484,132.622,92.565,55.956,27.965,15.944,7.322
5.64167,174.906,152.113,131.843,91.176,55.525,27.887,15.973,7.319
5.64583,174.566,151.671,131.207,89.794,55.099,27.980,15.969,7.318
5.65000,174.376,151.372,130.557,88.569,54.687,27.899,15.875,7.324
5.65417,174.131,151.076,130.048,87.503,54.350,27.968,15.957,7.378
5.65833,174.015,150.810,129.589,86.520,54.052,27.902,16.000,7.416
5.66250,173.859,150.588,129.142,85.674,53.750,27.999,16.006,7.346
5.66667,173.777,150.495,128.707,84.893,53.485,27.936,16.047,7.360
5.67083,173.670,150.362,128.433,84.164,53.268,27.958,16.038,7.311
5.67500,173.560,150.189,128.165,83.577,53.088,27.960,15.962,7.375
5.67917,173.637,150.039,127.900,82.979,52.961,28.025,16.037,7.422
5.68333,173.525,149.998,127.679,82.528,52.754,28.055,16.077,7.387
5.68750,173.536,149.990,127.500,82.106,52.645,28.019,16.009,7.373
5.69167,173.582,149.982,127.340,81.703,52.517,27.950,16.050,7.382
5.69583,173.521,149.931,127.234,81.332,52.455,27.989,16.086,7.452
5.70000,173.594,149.845,127.090,81.014,52.372,28.026,16.029,7.440
5.70417,173.612,149.960,127.122,80.697,52.323,28.061,16.193,7.412
5.70833,173.690,150.022,127.057,80.491,52.254,28.152,16.079,7.414
5.71250,173.767,150.010,126.985,80.283,52.122,28.205,16.106,7.495
5.71667,173.836,150.034,126.909,80.107,52.082,28.158,16.153,7.440
5.72083,173.908,150.054,126.921,80.052,52.153,28.160,16.129,7.415
5.72500,173.986,150.037,126.840,79.872,52.150,28.110,16.171,7.449
5.72917,174.088,150.212,126.900,79.780,52.119,28.194,16.157,7.487
5.73333,174.108,150.247,126.955,79.648,52.081,28.213,16.184,7.449
5.73750,174.227,150.366,126.908,79.611,52.086,28.263,16.156,7.467
5.74167,174.382,150.378,126.989,79.489,52.054,28.204,16.173,7.475
5.74583,174.486,150.505,127.017,79.435,52.045,28.317,16.113,7.462
5.75000,174.614,150.474,127.048,79.393,52.107,28.284,16.186,7.461
5.75417,174.724,150.625,127.145,79.390,52.140,28.359,16.256,7.478
5.75833,174.809,150.727,127.170,79.352,52.133,28.338,16.176,7.445
5.76250,174.868,150.836,127.193,79.358,52.129,28.398,16.250,7.523
5.76667,175.038,150.912,127.368,79.234,52.122,28.435,16.293,7.427
5.77083,175.180,151.013,127.315,79.392,52.158,28.450,16.323,7.432
5.77500,175.267,151.139,127.415,79.366,52.150,28.516,16.254,7.521
5.77917,175.442,151.234,127.516,79.348,52.140,28.469,16.313,7.500
5.78333,175.538,151.255,127.601,79.373,52.219,28.489,16.325,7.499
5.78750,175.632,151.440,127.580,79.353,52.280,28.529,16.305,7.480
5.79167,175.821,151.476,127.729,79.412,52.285,28.531,16.360,7.535
5.79583,175.951,151.609,127.809,79.439,52.346,28.521,16.374,7.550
5.80000,176.018,151.685,127.878,79.464,52.360,28.563,16.342,7.553
5.80417,176.297,151.871,127.982,79.534,52.392,28.607,16.324,7.576
5.80833,176.325,151.925,128.037,79.533,52.405,28.609,16.373,7.548
5.81250,176.448,152.070,128.126,79.598,52.462,28.677,16.420,7.547
5.81667,176.569,152.237,128.213,79.709,52.482,28.662,16.374,7.516
5.82083,176.707,152.283,128.264,79.666,52.551,28.640,16.409,7.554
5.82500,176.872,152.467,128.442,79.604,52.542,28.734,16.535,7.564
5.82917,177.001,152.527,128.508,79.773,52.546,28.717,16.514,7.598
5.83333,177.123,152.583,128.573,79.832,52.623,28.791,16.517,7.603
5.83750,177.298,152.789,128.645,79.874,52.689,28.792,16.478,7.566
5.84167,177.354,152.874,128.751,79.925,52.689,28.770,16.558,7.574
5.84583,177.523,153.011,128.828,79.970,52.764,28.743,16.528,7.641
5.85000,177.715,153.119,129.001,80.015,52.761,28.885,16.582,7.537
5.85417,177.822,153.198,129.049,80.091,52.832,28.848,16.518,7.582
5.85833,177.922,153.309,129.189,80.101,52.870,28.885,16.498,7.645
5.86250,178.116,153.485,129.341,80.166,52.858,28.944,16.537,7.635
5.86667,178.271,153.563,129.354,80.253,52.968,28.967,16.571,7.601
5.87083,178.395,153.731,129.452,80.266,52.957,28.953,16.556,7.687
5.87500,178.427,153.802,129.516,80.408,53.042,28.937,16.591,7.618
5.87917,178.514,153.970,129.650,80.404,53.065,29.002,16.613,7.601
5.88333,178.787,154.018,129.726,80.522,53.134,28.985,16.665,7.664
5.88750,178.930,154.224,129.849,80.537,53.199,29.092,16.679,7.647
5.89167,179.029,154.282,129.931,80.539,53.153,29.051,16.715,7.718
5.89583,179.169,154.420,130.045,80.634,53.197,29.086,16.677,7.686
5.90000,179.371,154.549,130.171,80.690,53.226,29.109,16.659,7.686
5.90417,179.387,154.601,130.187,80.770,53.335,29.135,16.670,7.659
5.90833,179.618,154.728,130.362,80.819,53.398,29.163,16.727,7.707
5.91250,179.722,154.805,130.473,80.928,53.343,29.240,16.798,7.693
5.91667,179.826,154.972,130.522,80.914,53.502,29.183,16.758,7.725
5.92083,180.034,155.071,130.632,80.988,53.485,29.244,16.798,7.686
5.92500,180.129,155.252,130.745,81.053,53.508,29.271,16.753,7.723
5.92917,180.309,155.320,130.817,81.098,53.527,29.309,16.774,7.686
5.93333,180.452,155.468,130.978,81.183,53.590,29.290,16.780,7.744
5.93750,180.485,155.603,131.016,81.280,53.650,29.315,16.803,7.747
5.94167,180.734,155.696,131.126,81.313,53.685,29.318,16.857,7.683
5.94583,180.851,155.785,131.234,81.343,53.698,29.322,16.814,7.739
5.95000,181.013,155.849,131.315,81.482,53.774,29.370,16.816,7.753
5.95417,181.129,156.050,131.407,81.507,53.829,29.477,16.818,7.752
5.95833,181.243,156.157,131.602,81.595,53.882,29.459,16.891,7.697
5.96250,181.411,156.261,131.599,81.618,53.893,29.424,16.886,7.759
5.96667,181.512,156.455,131.744,81.736,53.888,29.410,16.932,7.720
5.97083,181.611,156.543,131.801,81.743,53.961,29.484,16.925,7.781
5.97500,181.790,156.648,131.940,81.821,53.996,29.549,16.874,7.791
5.97917,181.913,156.732,131.956,81.791,54.011,29.523,16.942,7.763
5.98333,182.035,156.868,132.139,81.934,54.057,29.664,16.919,7.791
5.98750,182.202,156.970,132.242,82.006,54.100,29.620,16.978,7.730
5.99167,182.329,157.056,132.333,82.030,54.194,29.627,16.918,7.766
5.99583,182.487,157.196,132.336,82.102,54.193,29.640,16.942,7.785
6.00000,182.632,157.360,132.555,82.106,54.263,29.641,16.938,7.802
6.00417,182.789,157.397,132.601,82.196,54.273,29.689,16.978,7.831
6.00833,182.897,157.623,132.692,82.350,54.402,29.773,16.933,7.804
6.01250,183.050,157.657,132.802,82.375,54.343,29.706,16.981,7.841
6.01667,183.152,157.745,132.929,82.387,54.390,29.781,17.054,7.853
6.02083,183.281,157.949,133.021,82.433,54.383,29.785,17.021,7.847
6.02500,183.420,158.028,133.105,82.565,54.523,29.828,17.067,7.800
6.02917,183.520,158.154,133.140,82.660,54.542,29.825,17.055,7.819
6.03333,183.700,158.234,133.263,82.603,54.615,29.775,17.113,7.899
6.03750,183.835,158.380,133.390,82.753,54.635,29.863,17.111,7.853
6.04167,183.984,158.525,133.463,82.823,54.640,29.827,17.060,7.914
6.04583,184.062,158.597,133.603,82.869,54.706,29.909,17.143,7.801
6.05000,184.291,158.803,133.692,82.938,54.696,29.977,17.127,7.865
6.05417,184.389,158.875,133.775,82.921,54.778,29.991,17.140,7.879
6.05833,184.451,159.032,133.916,83.062,54.829,29.988,17.090,7.846
6.06250,184.667,159.069,133.916,83.135,54.793,29.950,17.181,7.924
6.06667,184.775,159.213,134.165,83.168,54.937,30.062,17.146,7.931
6.07083,184.904,159.293,134.208,83.286,54.940,30.059,17.228,7.908
6.07500,184.964,159.447,134.319,83.311,55.010,30.102,17.236,7.858
6.07917,185.178,159.505,134.311,83.357,55.051,30.098,17.205,7.996
6.08333,185.338,159.662,134.417,83.363,55.070,30.169,17.220,7.900
6.08750,185.431,159.732,134.588,83.514,55.094,30.164,17.227,7.816
6.09167,185.566,159.939,134.641,83.475,55.166,30.210,17.237,7.956
6.09583,185.734,159.967,134.719,83.613,55.227,30.222,17.233,7.948
6.10000,185.874,160.111,134.840,83.626,55.184,30.207,17.199,7.892
6.10417,186.049,160.235,134.914,83.706,55.208,30.242,17.268,7.973
6.10833,186.079,160.338,135.031,83.770,55.287,30.261,17.351,7.948
6.11250,186.297,160.490,135.089,83.783,55.349,30.302,17.260,7.991
6.11667,186.410,160.524,135.206,83.878,55.380,30.295,17.268,7.960
6.12083,186.490,160.670,135.301,83.959,55.442,30.297,17.344,7.907
6.12500,186.614,160.823,135.443,84.013,55.476,30.401,17.379,7.953
6.12917,186.764,160.958,135.485,84.043,55.547,30.369,17.324,7.954
6.13333,186.942,161.003,135.624,84.112,55.515,30.379,17.371,8.044
6.13750,186.955,161.114,135.711,84.198,55.598,30.403,17.274,7.935
6.14167,187.248,161.269,135.869,84.220,55.608,30.442,17.359,7.906
6.14583,187.326,161.372,135.921,84.287,55.633,30.453,17.495,8.005
6.15000,187.399,161.482,135.981,84.399,55.701,30.433,17.369,8.039
6.15417,187.609,161.619,136.096,84.479,55.727,30.500,17.446,8.021
6.15833,187.785,161.754,136.177,84.483,55.855,30.490,17.432,8.013
6.16250,187.851,161.834,136.312,84.525,55.821,30.519,17.487,8.005
6.16667,187.985,162.005,136.379,84.616,55.857,30.572,17.431,7.990
6.17083,188.087,162.112,136.499,84.675,55.909,30.607,17.474,8.034
6.17500,188.258,162.157,136.631,84.731,55.940,30.656,17.492,8.040
6.17917,188.359,162.272,136.681,84.826,56.011,30.621,17.549,7.985
6.18333,188.529,162.425,136.789,84.842,56.119,30.597,17.522,8.025
6.18750,188.686,162.478,136.837,84.915,56.139,30.714,17.568,8.011
6.19167,188.786,162.613,136.951,84.991,56.112,30.679,17.519,8.049
6.19583,188.888,162.688,137.037,85.022,56.240,30.758,17.568,8.109
6.20000,188.983,162.876,137.151,85.076,56.181,30.707,17.530,8.019
6.20417,189.209,162.932,137.162,85.114,56.307,30.801,17.539,8.086
6.20833,189.356,163.144,137.370,85.212,56.279,30.798,17.609,8.116
6.21250,189.441,163.232,137.491,85.262,56.356,30.892,17.595,8.018
6.21667,189.619,163.269,137.558,85.344,56.357,30.807,17.615,8.117
6.22083,189.703,163.451,137.628,85.391,56.351,30.897,17.585,8.046
6.22500,189.819,163.535,137.727,85.434,56.391,30.891,17.701,8.092
6.22917,189.961,163.616,137.824,85.558,56.505,30.879,17.651,8.129
6.23333,190.111,163.796,137.928,85.594,56.608,30.924,17.621,8.147
6.23750,190.235,163.866,137.983,85.634,56.538,30.894,17.636,8.148
6.24167,190.414,164.049,138.114,85.691,56.646,30.920,17.704,8.129
6.24583,190.492,164.126,138.249,85.775,56.609,30.997,17.650,8.124
6.25000,190.626,164.186,138.359,85.852,56.669,30.978,17.757,8.192
6.25417,190.826,164.358,138.411,85.890,56.748,30.994,17.670,8.213
6.25833,190.885,164.441,138.504,85.964,56.780,31.107,17.744,8.105
6.26250,191.069,164.530,138.605,85.987,56.789,30.992,17.715,8.181
6.26667,191.235,164.616,138.641,86.031,56.788,31.036,17.753,8.074
6.27083,191.298,164.749,138.775,86.123,56.876,31.123,17.728,8.152
6.27500,191.406,164.860,138.879,86.161,56.866,31.156,17.779,8.189
6.27917,191.570,165.008,139.004,86.241,56.942,31.202,17.735,8.139
6.28333,191.777,165.131,139.082,86.296,57.044,31.163,17.863,8.157
6.28750,191.772,165.173,139.223,86.290,57.016,31.211,17.790,8.208
6.29167,191.954,165.269,139.199,86.426,57.106,31.139,17.833,8.180
6.29583,192.121,165.422,139.329,86.487,57.131,31.235,17.743,8.173
6.30000,192.236,165.578,139.424,86.488,57.137,31.235,17.854,8.222
6.30417,192.350,165.620,139.508,86.502,57.212,31.316,17.843,8.206
6.30833,192.521,165.808,139.604,86.640,57.285,31.301,17.869,8.188
6.31250,192.567,165.941,139.705,86.735,57.259,31.256,17.872,8.239
6.31667,192.757,165.985,139.783,86.795,57.316,31.391,17.940,8.212
6.32083,192.857,166.151,139.912,86.795,57.398,31.410,17.956,8.274
6.32500,192.965,166.263,140.042,86.852,57.383,31.380,17.959,8.247
6.32917,193.155,166.388,140.120,86.873,57.365,31.415,17.926,8.197
6.33333,193.202,166.415,140.201,86.937,57.523,31.473,17.985,8.241
6.33750,193.418,166.611,140.291,87.029,57.538,31.435,18.059,8.235
6.34167,193.428,166.577,140.322,87.157,57.589,31.424,17.936,8.363
6.34583,193.659,166.766,140.499,87.185,57.590,31.503,17.931,8.259
6.35000,193.712,166.932,140.591,87.214,57.641,31.569,17.995,8.201
6.35417,193.878,167.026,140.646,87.274,57.645,31.520,17.949,8.281
6.35833,194.023,167.161,140.763,87.321,57.734,31.581,18.041,8.286
6.36250,194.231,167.260,140.764,87.424,57.756,31.554,17.942,8.262
6.36667,194.295,167.431,140.937,87.456,57.760,31.619,18.052,8.300
6.37083,194.406,167.424,141.010,87.501,57.855,31.669,18.010,8.323
6.37500,194.523,167.551,141.104,87.525,57.802,31.676,18.112,8.264
6.37917,194.727,167.636,141.268,87.650,57.874,31.620,18.062,8.306
6.38333,194.826,167.781,141.330,87.703,57.926,31.703,18.104,8.317
6.38750,194.954,167.832,141.477,87.735,58.010,31.751,18.165,8.219
6.39167,195.044,168.025,141.521,87.847,57.966,31.729,18.088,8.276
6.39583,195.174,168.117,141.582,87.802,58.060,31.738,18.133,8.359
6.40000,195.306,168.172,141.731,87.961,58.051,31.717,18.107,8.354
6.40417,195.504,168.367,141.785,87.945,58.113,31.826,18.085,8.286
6.40833,195.572,168.424,141.925,88.112,58.214,31.865,18.138,8.343
6.41250,195.743,168.515,141.949,88.155,58.146,31.829,18.176,8.337
6.41667,195.875,168.714,142.030,88.182,58.253,31.916,18.159,8.348
6.42083,195.976,168.790,142.113,88.230,58.305,31.937,18.223,8.368
6.42500,196.105,168.921,142.272,88.222,58.335,31.904,18.175,8.348
6.42917,196.204,169.017,142.364,88.334,58.367,31.887,18.191,8.340
6.43333,196.339,169.121,142.454,88.347,58.409,31.999,18.203,8.411
6.43750,196.490,169.184,142.538,88.508,58.483,31.969,18.210,8.361
6.44167,196.593,169.351,142.630,88.529,58.484,31.974,18.250,8.365
6.44583,196.735,169.466,142.701,88.549,58.564,32.027,18.302,8.385
6.45000,196.840,169.503,142.855,88.578,58.601,32.033,18.303,8.408
6.45417,197.038,169.636,142.992,88.732,58.650,32.133,18.254,8.402
6.45833,197.131,169.802,143.015,88.800,58.677,32.072,18.241,8.359
6.46250,197.229,169.904,143.057,88.824,58.656,32.171,18.350,8.333
6.46667,197.348,170.023,143.219,88.828,58.723,32.085,18.349,8.403
6.47083,197.522,170.136,143.233,88.866,58.778,32.141,18.320,8.376
6.47500,197.647,170.223,143.418,88.981,58.783,32.184,18.311,8.454
6.47917,197.748,170.303,143.392,89.029,58.878,32.196,18.373,8.461
6.48333,197.926,170.454,143.582,89.100,58.922,32.271,18.365,8.475
6.48750,198.002,170.550,143.643,89.165,58.917,32.260,18.426,8.436
6.49167,198.157,170.617,143.758,89.215,58.903,32.260,18.363,8.509
6.49583,198.266,170.752,143.822,89.267,58.975,32.263,18.456,8.466
6.50000,198.425,170.833,143.864,89.383,59.043,32.337,18.426,8.445
6.50417,198.505,170.973,144.004,89.360,59.083,32.341,18.384,8.456
6.50833,198.741,171.093,144.128,89.486,59.074,32.285,18.399,8.463
6.51250,198.817,171.204,144.167,89.514,59.169,32.363,18.447,8.382
6.51667,198.958,171.298,144.244,89.611,59.193,32.416,18.450,8.445
6.52083,199.031,171.440,144.340,89.561,59.258,32.389,18.455,8.451
6.52500,199.206,171.554,144.493,89.707,59.240,32.500,18.466,8.415
6.52917,199.324,171.617,144.551,89.794,59.361,32.512,18.452,8.494
6.53333,199.479,171.732,144.630,89.817,59.338,32.433,18.490,8.535
6.53750,199.532,171.849,144.749,89.852,59.310,32.454,18.497,8.500
6.54167,199.663,171.952,144.939,89.889,59.397,32.533,18.547,8.477
6.54583,199.785,172.048,144.887,90.004,59.382,32.523,18.532,8.542
6.55000,199.959,172.182,145.050,90.047,59.496,32.526,18.597,8.455
6.55417,200.068,172.281,145.146,90.122,59.546,32.587,18.531,8.574
6.55833,200.196,172.391,145.155,90.126,59.630,32.659,18.505,8.563
6.56250,200.367,172.534,145.329,90.145,59.668,32.626,18.576,8.572
6.56667,200.448,172.689,145.391,90.273,59.614,32.669,18.534,8.621
6.57083,200.495,172.722,145.542,90.414,59.673,32.690,18.675,8.529
6.57500,200.770,172.798,145.562,90.333,59.673,32.711,18.681,8.511
6.57917,200.799,172.957,145.599,90.462,59.733,32.717,18.578,8.537
6.58333,200.982,173.069,145.744,90.534,59.829,32.721,18.701,8.615
6.58750,201.092,173.174,145.843,90.541,59.844,32.733,18.637,8.587
6.59167,201.213,173.288,145.909,90.566,59.907,32.753,18.692,8.538
6.59583,201.365,173.418,146.065,90.636,59.926,32.775,18.697,8.657
6.60000,201.451,173.494,146.145,90.747,59.957,32.852,18.632,8.564
6.60417,201.618,173.575,146.225,90.776,59.980,32.774,18.696,8.579
6.60833,201.693,173.647,146.281,90.843,60.046,32.868,18.682,8.561
6.61250,201.834,173.871,146.406,90.884,60.019,32.869,18.719,8.681
6.61667,201.942,173.934,146.474,90.922,60.145,32.936,18.751,8.671
6.62083,202.160,173.990,146.554,91.043,60.189,32.942,18.822,8.641
6.62500,202.157,174.149,146.667,91.072,60.204,32.901,18.731,8.531
6.62917,202.369,174.252,146.814,91.046,60.240,32.994,18.853,8.547
6.63333,202.505,174.319,146.818,91.163,60.255,32.981,18.739,8.580
6.63750,202.558,174.470,146.937,91.250,60.237,32.929,18.813,8.551
6.64167,202.738,174.579,147.101,91.211,60.375,33.020,18.767,8.621
6.64583,202.796,174.607,147.142,91.308,60.275,33.004,18.774,8.631
6.65000,202.953,174.777,147.207,91.392,60.408,33.107,18.802,8.646
6.65417,203.154,174.843,147.331,91.437,60.412,33.122,18.785,8.626
6.65833,203.253,175.025,147.395,91.530,60.405,33.109,18.813,8.710
6.66250,203.405,175.158,147.502,91.540,60.529,33.179,18.797,8.623
6.66667,203.448,175.208,147.536,91.646,60.574,33.112,18.875,8.657
6.67083,203.664,175.322,147.684,91.727,60.574,33.193,18.838,8.673
6.67500,203.743,175.436,147.827,91.740,60.676,33.211,18.894,8.658
6.67917,203.904,175.515,147.840,91.842,60.685,33.232,18.876,8.711
6.68333,203.999,175.617,147.926,91.849,60.709,33.245,18.949,8.655
6.68750,204.106,175.727,148.042,91.938,60.758,33.228,18.985,8.666
6.69167,204.316,175.863,148.187,91.957,60.795,33.241,18.971,8.660
6.69583,204.367,176.001,148.256,92.149,60.835,33.281,18.935,8.700
6.70000,204.562,176.111,148.355,92.161,60.947,33.302,18.960,8.708
6.70417,204.697,176.236,148.467,92.275,61.005,33.433,19.024,8.769
6.70833,204.945,176.442,148.595,92.368,61.008,33.460,19.006,8.601
6.71250,204.992,176.521,148.639,92.466,61.048,33.510,19.058,8.716
6.71667,205.221,176.645,148.824,92.589,61.161,33.511,19.140,8.709
6.72083,205.400,176.814,149.019,92.744,61.386,33.557,19.261,8.698
6.72500,205.637,177.000,149.264,92.867,61.473,33.657,19.300,8.747
6.72917,205.911,177.240,149.398,93.184,61.691,33.743,19.393,8.741
6.73333,206.157,177.487,149.744,93.420,61.909,33.871,19.552,8.696
6.73750,206.438,177.788,150.025,93.807,62.249,33.963,19.767,8.781
6.74167,206.898,178.126,150.393,94.264,62.611,34.153,19.928,8.761
6.74583,207.315,178.570,150.895,94.794,62.938,34.459,20.211,8.767
6.75000,207.973,178.957,151.351,95.425,63.521,34.678,20.631,8.707
6.75417,208.577,179.556,152.087,96.238,64.198,35.007,21.066,8.772
6.75833,209.342,180.205,152.808,97.254,64.877,35.414,21.562,8.808
6.76250,210.197,181.021,153.695,98.316,65.852,35.890,22.185,8.796
6.76667,211.299,181.886,154.774,99.668,66.916,36.409,22.927,8.835
6.77083,212.512,183.012,156.130,101.209,68.239,37.089,23.874,8.882
6.77500,213.926,184.142,157.547,103.127,69.676,37.825,24.765,8.927
6.77917,215.488,185.602,159.156,105.201,71.401,38.717,25.978,8.891
6.78333,217.347,187.124,161.122,107.625,73.414,39.673,27.338,8.938
6.78750,219.328,188.903,163.108,110.398,75.592,40.816,28.848,8.978
6.79167,221.609,190.834,165.487,113.377,78.059,42.150,30.440,8.999
6.79583,223.989,192.952,168.042,116.658,80.823,43.404,32.318,9.053
6.80000,226.697,195.191,170.805,120.263,83.618,44.993,34.343,9.106
6.80417,229.505,197.596,173.738,124.149,86.860,46.565,36.466,9.167
6.80833,232.531,200.246,176.901,128.168,90.096,48.293,38.750,9.223
6.81250,235.575,202.942,180.215,132.488,93.581,50.078,41.165,9.293
6.81667,238.781,205.630,183.559,136.803,97.145,51.854,43.572,9.375
6.82083,242.117,208.510,186.982,141.356,100.791,53.742,46.035,9.450
6.82500,245.356,211.311,190.328,145.746,104.399,55.545,48.581,9.460
6.82917,248.562,214.046,193.714,150.061,107.994,57.431,50.942,9.586
6.83333,251.662,216.713,196.918,154.322,111.384,59.120,53.318,9.580
6.83750,254.608,219.289,200.057,158.236,114.630,60.848,55.514,9.646
6.84167,257.384,221.644,202.873,161.962,117.702,62.366,57.574,9.650
6.84583,259.760,223.771,205.499,165.284,120.327,63.709,59.431,9.748
6.85000,261.854,225.700,207.726,168.232,122.744,64.933,61.073,9.814
6.85417,263.760,227.192,209.553,170.577,124.641,65.997,62.404,9.824
6.85833,265.231,228.487,211.066,172.486,126.249,66.692,63.454,9.861
6.86250,266.210,229.375,212.108,173.903,127.410,67.305,64.237,9.846
6.86667,266.953,229.935,212.806,174.649,127.970,67.680,64.573,9.852
6.87083,267.177,230.111,213.042,174.948,128.201,67.728,64.687,9.879
6.87500,267.019,229.983,212.854,174.576,127.983,67.599,64.565,9.783
6.87917,266.540,229.598,212.288,173.800,127.242,67.244,64.081,9.870
6.88333,265.703,228.900,211.307,172.562,126.146,66.729,63.282,9.814
6.88750,264.564,227.858,210.086,170.724,124.697,66.043,62.338,9.827
6.89167,263.099,226.567,208.531,168.611,122.985,65.090,61.096,9.782
6.89583,261.442,225.146,206.604,166.165,120.952,64.061,59.638,9.719
6.90000,259.516,223.574,204.669,163.379,118.690,62.924,58.092,9.800
6.90417,257.474,221.704,202.384,160.385,116.268,61.646,56.399,9.783
6.90833,255.349,219.937,200.042,157.252,113.683,60.345,54.567,9.646
6.91250,253.084,218.035,197.662,154.016,111.107,59.026,52.799,9.677
6.91667,250.851,216.008,195.272,150.772,108.372,57.612,50.912,9.643
6.92083,248.551,214.048,192.727,147.489,105.657,56.207,48.996,9.576
6.92500,246.226,212.090,190.303,144.145,102.930,54.872,47.143,9.518
6.92917,244.138,210.210,187.996,141.043,100.327,53.515,45.366,9.504
6.93333,241.947,208.330,185.639,137.877,97.840,52.251,43.574,9.463
6.93750,239.949,206.645,183.445,134.896,95.341,50.991,41.922,9.451
6.94167,238.012,204.934,181.284,132.045,93.008,49.785,40.267,9.460
6.94583,236.105,203.308,179.345,129.366,90.747,48.634,38.655,9.376
6.95000,234.366,201.760,177.434,126.737,88.685,47.604,37.209,9.425
6.95417,232.759,200.381,175.682,124.402,86.673,46.670,35.892,9.345
6.95833,231.193,199.082,173.999,122.091,84.843,45.582,34.618,9.356
6.96250,229.800,197.830,172.440,119.986,83.144,44.773,33.400,9.314
6.96667,228.511,196.753,171.023,118.072,81.594,43.993,32.294,9.273
6.97083,227.317,195.730,169.759,116.348,80.116,43.190,31.281,9.206
6.97500,226.236,194.774,168.579,114.679,78.756,42.538,30.306,9.274
6.97917,225.225,193.950,167.465,113.146,77.487,41.917,29.415,9.207
6.98333,224.267,193.048,166.474,111.764,76.354,41.267,28.623,9.233
6.98750,223.424,192.338,165.486,110.433,75.309,40.766,27.883,9.289
6.99167,222.719,191.752,164.689,109.342,74.394,40.317,27.195,9.212
6.99583,222.035,191.141,163.920,108.244,73.416,39.786,26.568,9.203
7.00000,221.412,190.652,163.218,107.254,72.669,39.402,26.000,9.190
7.00417,220.897,190.139,162.633,106.361,71.932,39.125,25.571,9.155
7.00833,220.330,189.656,162.036,105.539,71.316,38.719,25.065,9.201
7.01250,219.883,189.305,161.538,104.839,70.684,38.393,24.579,9.171
7.01667,219.534,189.012,161.068,104.128,70.196,38.166,24.237,9.144
7.02083,219.131,188.700,160.616,103.542,69.618,37.861,23.829,9.162
7.02500,218.856,188.416,160.296,102.901,69.152,37.603,23.563,9.194
7.02917,218.548,188.177,159.943,102.477,68.753,37.507,23.184,9.121
7.03333,218.372,187.962,159.618,102.087,68.374,37.233,22.941,9.131
7.03750,218.120,187.793,159.397,101.716,67.993,37.107,22.673,9.146
7.04167,217.977,187.601,159.125,101.233,67.655,36.878,22.470,9.161
7.04583,217.781,187.474,158.969,100.975,67.383,36.774,22.190,9.119
7.05000,217.689,187.344,158.815,100.658,67.147,36.687,22.038,9.177
7.05417,217.567,187.317,158.602,100.417,66.976,36.554,21.899,9.164
7.05833,217.498,187.203,158.505,100.145,66.715,36.388,21.734,9.120
7.06250,217.425,187.127,158.359,99.905,66.492,36.311,21.587,9.144
7.06667,217.368,187.087,158.231,99.708,66.411,36.256,21.458,9.144
7.07083,217.388,187.077,158.165,99.522,66.213,36.179,21.344,9.111
7.07500,217.279,187.056,158.088,99.396,66.083,36.092,21.287,9.167
7.07917,217.263,187.004,158.034,99.245,65.962,36.085,21.118,9.190
7.08333,217.311,187.008,157.985,99.203,65.895,36.021,21.025,9.175
7.08750,217.302,187.028,157.960,99.044,65.798,35.925,20.925,9.139
7.09167,217.263,187.013,157.960,98.949,65.677,35.899,20.891,9.139
7.09583,217.423,187.073,157.964,98.868,65.653,35.897,20.886,9.157
7.10000,217.330,187.142,157.926,98.798,65.515,35.883,20.796,9.220
7.10417,217.411,187.113,157.928,98.719,65.555,35.788,20.762,9.239
7.10833,217.506,187.172,158.026,98.760,65.403,35.776,20.716,9.197
7.11250,217.522,187.281,157.990,98.642,65.428,35.816,20.643,9.237
7.11667,217.607,187.287,157.965,98.692,65.384,35.718,20.590,9.228
7.12083,217.676,187.402,158.014,98.584,65.394,35.777,20.550,9.212
7.12500,217.725,187.436,158.106,98.578,65.359,35.755,20.532,9.206
7.12917,217.867,187.506,158.152,98.586,65.290,35.803,20.511,9.217
7.13333,217.893,187.607,158.109,98.612,65.280,35.668,20.485,9.215
7.13750,217.975,187.639,158.180,98.586,65.275,35.765,20.482,9.283
7.14167,218.021,187.706,158.249,98.569,65.361,35.703,20.398,9.191
7.14583,218.196,187.799,158.405,98.666,65.310,35.747,20.440,9.199
7.15000,218.231,187.891,158.376,98.664,65.306,35.792,20.427,9.209
7.15417,218.344,187.938,158.496,98.674,65.292,35.803,20.441,9.320
7.15833,218.443,188.029,158.511,98.706,65.319,35.745,20.392,9.257
7.16250,218.488,188.090,158.566,98.627,65.311,35.772,20.450,9.231
7.16667,218.656,188.237,158.614,98.728,65.340,35.788,20.436,9.305
7.17083,218.745,188.285,158.669,98.686,65.390,35.753,20.419,9.221
7.17500,218.844,188.412,158.832,98.813,65.387,35.840,20.383,9.314
7.17917,218.984,188.472,158.836,98.811,65.403,35.694,20.398,9.248
7.18333,219.115,188.607,158.899,98.860,65.437,35.826,20.420,9.262
7.18750,219.190,188.686,158.961,98.958,65.519,35.795,20.451,9.265
7.19167,219.234,188.790,159.057,98.884,65.487,35.858,20.369,9.265
7.19583,219.384,188.805,159.128,98.986,65.572,35.884,20.477,9.248
7.20000,219.559,188.896,159.175,99.035,65.504,35.888,20.459,9.310
7.20417,219.709,189.042,159.372,99.094,65.550,35.932,20.375,9.292
7.20833,219.721,189.186,159.351,99.098,65.580,35.937,20.435,9.285
7.21250,219.933,189.298,159.437,99.178,65.634,35.906,20.415,9.311
7.21667,219.996,189.401,159.540,99.175,65.660,35.930,20.481,9.275
7.22083,220.158,189.493,159.657,99.215,65.645,35.989,20.387,9.298
7.22500,220.258,189.474,159.654,99.260,65.641,36.005,20.444,9.368
7.22917,220.384,189.713,159.825,99.355,65.735,35.961,20.447,9.326
7.23333,220.543,189.834,159.922,99.380,65.747,36.006,20.442,9.338
7.23750,220.666,189.865,160.016,99.429,65.786,35.964,20.428,9.322
7.24167,220.745,189.983,160.108,99.452,65.789,36.099,20.489,9.303
7.24583,220.895,190.151,160.230,99.491,65.843,36.043,20.461,9.261
7.25000,220.951,190.228,160.220,99.591,65.893,36.061,20.545,9.385
7.25417,221.114,190.301,160.364,99.671,65.926,36.053,20.528,9.352
7.25833,221.213,190.394,160.376,99.722,65.897,36.134,20.533,9.329
7.26250,221.388,190.501,160.514,99.720,65.974,36.118,20.580,9.412
7.26667,221.501,190.664,160.625,99.816,66.017,36.191,20.519,9.402
7.27083,221.597,190.684,160.674,99.851,66.014,36.104,20.563,9.404
7.27500,221.711,190.889,160.742,99.895,66.049,36.260,20.518,9.410
7.27917,221.858,190.951,160.856,99.951,66.180,36.185,20.539,9.396
7.28333,221.962,191.003,160.925,100.042,66.192,36.207,20.593,9.361
7.28750,222.085,191.190,161.083,100.039,66.237,36.249,20.569,9.438
7.29167,222.156,191.314,161.077,100.116,66.235,36.260,20.609,9.408
7.29583,222.398,191.365,161.203,100.165,66.295,36.266,20.586,9.420
7.30000,222.447,191.460,161.293,100.277,66.374,36.363,20.624,9.407
7.30417,222.651,191.583,161.390,100.358,66.386,36.300,20.594,9.412
7.30833,222.734,191.641,161.485,100.326,66.385,36.386,20.606,9.456
7.31250,222.869,191.805,161.575,100.390,66.451,36.385,20.659,9.439
7.31667,222.932,191.901,161.720,100.485,66.426,36.367,20.629,9.429
7.32083,223.083,192.013,161.724,100.580,66.469,36.424,20.699,9.471
7.32500,223.212,192.078,161.829,100.551,66.521,36.438,20.677,9.440
7.32917,223.284,192.205,161.950,100.617,66.594,36.474,20.761,9.438
7.33333,223.519,192.364,162.074,100.666,66.664,36.517,20.707,9.392
7.33750,223.568,192.483,162.136,100.741,66.649,36.499,20.712,9.452
7.34167,223.765,192.546,162.167,100.788,66.674,36.517,20.736,9.424
7.34583,223.792,192.647,162.312,100.933,66.747,36.586,20.763,9.487
7.35000,223.927,192.801,162.361,100.937,66.808,36.560,20.737,9.554
7.35417,224.185,192.850,162.486,100.928,66.864,36.505,20.763,9.564
7.35833,224.132,193.058,162.666,101.047,66.879,36.574,20.740,9.425
7.36250,224.349,193.106,162.685,101.085,66.865,36.614,20.707,9.545
7.36667,224.434,193.132,162.699,101.093,66.916,36.671,20.831,9.485
7.37083,224.629,193.323,162.884,101.213,66.921,36.642,20.765,9.485
7.37500,224.718,193.310,162.957,101.252,67.055,36.695,20.846,9.563
7.37917,224.824,193.538,163.020,101.301,67.046,36.696,20.783,9.508
7.38333,225.030,193.590,163.129,101.412,67.072,36.751,20.860,9.501
7.38750,225.095,193.725,163.207,101.473,67.098,36.764,20.814,9.554
7.39167,225.235,193.845,163.299,101.491,67.200,36.717,20.843,9.540
7.39583,225.365,193.954,163.353,101.550,67.177,36.795,20.905,9.547
7.40000,225.464,194.039,163.511,101.592,67.208,36.827,20.904,9.504
7.40417,225.624,194.199,163.573,101.703,67.238,36.919,20.928,9.580
7.40833,225.797,194.263,163.705,101.784,67.348,36.819,20.922,9.576
7.41250,225.900,194.338,163.727,101.799,67.313,36.905,20.905,9.559
7.41667,226.083,194.536,163.904,101.842,67.429,36.923,20.967,9.568
7.42083,226.141,194.583,163.968,101.906,67.425,36.958,20.985,9.573
7.42500,226.231,194.706,164.090,101.910,67.397,36.942,20.929,9.570
7.42917,226.437,194.844,164.159,102.097,67.467,36.964,20.907,9.582
7.43333,226.493,194.978,164.205,102.059,67.535,36.987,20.956,9.610
7.43750,226.651,195.060,164.244,102.097,67.542,36.981,20.970,9.563
7.44167,226.794,195.175,164.417,102.177,67.632,37.043,20.951,9.605
7.44583,226.875,195.243,164.508,102.215,67.676,37.008,20.990,9.630
7.45000,226.969,195.358,164.584,102.312,67.767,37.066,21.019,9.571
7.45417,227.140,195.507,164.739,102.321,67.696,37.049,21.039,9.644
7.45833,227.258,195.543,164.794,102.447,67.850,37.054,20.996,9.629
7.46250,227.427,195.692,164.839,102.483,67.832,37.124,21.050,9.632
7.46667,227.465,195.826,164.935,102.549,67.810,37.154,21.038,9.620
7.47083,227.688,195.862,165.049,102.554,67.870,37.166,21.087,9.633
7.47500,227.822,196.012,165.198,102.650,67.904,37.210,21.101,9.635
7.47917,227.929,196.197,165.289,102.683,67.923,37.235,21.087,9.692
7.48333,228.029,196.205,165.314,102.732,67.988,37.269,21.135,9.632
7.48750,228.189,196.311,165.419,102.765,68.066,37.261,21.063,9.623
7.49167,228.342,196.531,165.559,102.869,68.075,37.247,21.099,9.694
7.49583,228.385,196.567,165.662,102.939,68.107,37.323,21.209,9.703
7.50000,228.596,196.690,165.690,103.030,68.138,37.271,21.172,9.589
7.50417,228.640,196.798,165.807,103.057,68.160,37.331,21.144,9.674
7.50833,228.815,196.913,165.944,103.125,68.199,37.315,21.197,9.633
7.51250,228.874,197.042,165.999,103.145,68.267,37.295,21.175,9.664
7.51667,229.062,197.137,166.057,103.228,68.300,37.394,21.228,9.664
7.52083,229.247,197.296,166.217,103.279,68.279,37.395,21.218,9.647
7.52500,229.328,197.374,166.264,103.348,68.404,37.444,21.232,9.664
7.52917,229.495,197.445,166.331,103.441,68.437,37.546,21.224,9.735
7.53333,229.650,197.591,166.388,103.404,68.472,37.512,21.284,9.733
7.53750,229.717,197.644,166.538,103.566,68.522,37.539,21.276,9.695
7.54167,229.846,197.825,166.637,103.584,68.539,37.542,21.229,9.742
7.54583,230.006,197.874,166.696,103.690,68.590,37.502,21.343,9.695
7.55000,230.114,198.045,166.813,103.767,68.606,37.597,21.235,9.726
7.55417,230.216,198.104,166.914,103.748,68.649,37.640,21.208,9.758
7.55833,230.389,198.223,166.984,103.760,68.681,37.627,21.252,9.786
7.56250,230.525,198.306,167.056,103.885,68.734,37.627,21.287,9.718
7.56667,230.687,198.464,167.190,103.961,68.773,37.679,21.379,9.694
7.57083,230.783,198.581,167.202,103.983,68.856,37.641,21.328,9.742
7.57500,230.819,198.714,167.437,103.992,68.869,37.746,21.328,9.766
7.57917,231.026,198.822,167.492,104.125,68.920,37.715,21.378,9.751
7.58333,231.197,198.936,167.571,104.195,68.916,37.776,21.408,9.731
7.58750,231.308,199.022,167.643,104.212,68.990,37.794,21.388,9.834
7.59167,231.414,199.091,167.841,104.233,69.056,37.845,21.456,9.754
7.59583,231.595,199.256,167.854,104.332,69.031,37.809,21.445,9.761
7.60000,231.671,199.318,167.927,104.465,69.070,37.855,21.379,9.762
7.60417,231.831,199.490,168.092,104.550,69.096,37.939,21.409,9.792
7.60833,231.881,199.573,168.105,104.535,69.144,37.910,21.480,9.796
7.61250,232.150,199.656,168.235,104.613,69.194,37.883,21.453,9.887
7.61667,232.170,199.794,168.290,104.641,69.322,37.885,21.445,9.825
7.62083,232.358,199.907,168.447,104.790,69.310,37.914,21.535,9.834
7.62500,232.478,199.998,168.481,104.788,69.347,37.987,21.477,9.857
7.62917,232.513,200.125,168.644,104.852,69.382,38.019,21.580,9.798
7.63333,232.642,200.252,168.696,104.818,69.417,38.007,21.518,9.799
7.63750,232.877,200.359,168.775,104.935,69.421,38.009,21.503,9.822
7.64167,232.944,200.490,168.896,104.980,69.496,38.024,21.607,9.816
7.64583,233.097,200.551,169.030,105.008,69.513,38.093,21.534,9.816
7.65000,233.202,200.721,169.044,105.127,69.595,38.140,21.571,9.862
7.65417,233.362,200.918,169.166,105.173,69.645,38.202,21.528,9.843
7.65833,233.538,200.925,169.218,105.216,69.674,38.256,21.632,9.895
7.66250,233.579,201.010,169.368,105.276,69.632,38.250,21.652,9.878
7.66667,233.786,201.212,169.471,105.440,69.769,38.167,21.587,9.859
7.67083,233.962,201.293,169.532,105.404,69.794,38.236,21.687,9.875
7.67500,234.056,201.379,169.696,105.476,69.827,38.230,21.664,9.872
7.67917,234.122,201.465,169.799,105.496,69.948,38.291,21.602,9.879
7.68333,234.289,201.608,169.856,105.608,69.918,38.279,21.692,9.939
7.68750,234.446,201.722,169.994,105.659,69.942,38.322,21.708,9.925
7.69167,234.609,201.843,170.077,105.648,70.012,38.305,21.741,9.879
7.69583,234.722,201.930,170.134,105.752,70.046,38.285,21.707,9.926
7.70000,234.839,202.023,170.208,105.914,70.072,38.368,21.713,9.895
7.70417,234.908,202.144,170.368,105.940,70.125,38.376,21.768,9.921
7.70833,235.080,202.255,170.448,106.010,70.233,38.427,21.683,9.949
7.71250,235.290,202.411,170.518,106.021,70.115,38.443,21.728,9.922
7.71667,235.349,202.465,170.625,106.113,70.219,38.471,21.723,9.951
7.72083,235.478,202.641,170.727,106.207,70.297,38.472,21.739,9.988
7.72500,235.675,202.783,170.809,106.235,70.268,38.489,21.808,9.940
7.72917,235.776,202.912,170.954,106.296,70.389,38.547,21.823,9.908
7.73333,235.915,202.959,171.008,106.345,70.395,38.572,21.828,9.938
7.73750,236.022,203.099,171.021,106.447,70.470,38.579,21.851,9.876
7.74167,236.166,203.266,171.202,106.487,70.487,38.651,21.841,9.996
7.74583,236.227,203.370,171.309,106.503,70.490,38.652,21.841,9.971
7.75000,236.399,203.400,171.377,106.603,70.510,38.592,21.873,9.937
7.75417,236.604,203.590,171.482,106.651,70.632,38.611,21.833,9.929
7.75833,236.721,203.729,171.597,106.686,70.579,38.670,21.899,9.961
7.76250,236.866,203.831,171.759,106.740,70.624,38.722,21.828,9.987
7.76667,236.957,203.939,171.796,106.832,70.724,38.713,21.894,10.023
7.77083,237.091,204.017,171.896,106.887,70.744,38.671,21.862,10.030
7.77500,237.230,204.133,171.988,106.985,70.859,38.835,21.962,9.988
7.77917,237.383,204.287,172.046,106.969,70.827,38.794,21.954,10.016
7.78333,237.454,204.376,172.098,107.046,70.792,38.771,21.997,10.053
7.78750,237.658,204.434,172.285,107.090,70.914,38.787,21.965,10.041
7.79167,237.799,204.624,172.396,107.211,70.993,38.895,21.968,10.008
7.79583,237.873,204.738,172.466,107.298,70.922,38.883,21.969,10.085
7.80000,238.015,204.833,172.580,107.260,70.976,38.823,22.024,10.037
7.80417,238.124,204.892,172.697,107.345,71.063,38.891,22.107,10.003
7.80833,238.384,205.082,172.812,107.387,71.101,38.906,22.123,10.024
7.81250,238.504,205.186,172.940,107.481,71.133,38.989,22.082,10.055
7.81667,238.581,205.246,173.005,107.579,71.213,39.021,22.039,10.086
7.82083,238.748,205.447,173.027,107.603,71.260,38.989,22.093,10.024
7.82500,238.903,205.474,173.168,107.677,71.279,39.034,22.080,10.126
7.82917,239.073,205.685,173.236,107.763,71.275,39.036,22.088,10.156
7.83333,239.076,205.748,173.319,107.816,71.429,39.033,22.049,10.063
7.83750,239.268,205.823,173.436,107.878,71.448,39.093,22.187,10.150
7.84167,239.464,205.999,173.538,107.960,71.436,39.146,22.146,10.139
7.84583,239.562,206.073,173.620,107.980,71.512,39.143,22.150,10.154
7.85000,239.660,206.224,173.732,108.103,71.472,39.245,22.104,10.083
7.85417,239.843,206.359,173.797,108.090,71.508,39.200,22.173,10.147
7.85833,239.955,206.516,173.951,108.154,71.625,39.237,22.189,10.137
7.86250,240.098,206.595,174.104,108.240,71.706,39.249,22.130,10.112
7.86667,240.245,206.736,174.176,108.287,71.748,39.344,22.224,10.112
7.87083,240.359,206.805,174.266,108.330,71.724,39.203,22.244,10.123
7.87500,240.501,206.863,174.288,108.397,71.812,39.336,22.250,10.098
7.87917,240.671,207.083,174.462,108.415,71.915,39.323,22.239,10.168
7.88333,240.773,207.246,174.547,108.583,71.841,39.359,22.231,10.172
7.88750,240.893,207.273,174.639,108.627,71.879,39.406,22.293,10.161
7.89167,241.069,207.433,174.791,108.634,71.984,39.351,22.267,10.178
7.89583,241.221,207.559,174.874,108.728,71.955,39.445,22.303,10.241
7.90000,241.323,207.699,174.970,108.778,72.017,39.485,22.300,10.169
7.90417,241.508,207.787,175.065,108.886,72.123,39.499,22.260,10.259
7.90833,241.591,207.843,175.117,108.905,72.146,39.505,22.289,10.203
7.91250,241.778,208.030,175.171,108.944,72.161,39.564,22.360,10.215
7.91667,241.881,208.138,175.357,109.048,72.164,39.537,22.386,10.205
7.92083,242.046,208.232,175.382,109.111,72.255,39.583,22.390,10.181
7.92500,242.206,208.361,175.604,109.110,72.319,39.540,22.348,10.197
7.92917,242.248,208.475,175.582,109.257,72.319,39.614,22.438,10.182
7.93333,242.430,208.578,175.785,109.284,72.428,39.653,22.380,10.250
7.93750,242.571,208.732,175.908,109.379,72.344,39.655,22.379,10.266
7.94167,242.747,208.842,175.987,109.397,72.503,39.734,22.481,10.179
7.94583,242.811,208.934,176.029,109.459,72.475,39.769,22.448,10.227
7.95000,242.975,209.097,176.132,109.616,72.495,39.729,22.448,10.223
7.95417,243.137,209.236,176.244,109.661,72.556,39.794,22.489,10.233
7.95833,243.269,209.228,176.383,109.674,72.586,39.853,22.538,10.274
7.96250,243.377,209.365,176.425,109.692,72.667,39.757,22.487,10.175
7.96667,243.556,209.599,176.531,109.798,72.670,39.843,22.509,10.227
7.97083,243.726,209.663,176.674,109.936,72.784,39.790,22.540,10.346
7.97500,243.867,209.810,176.732,109.941,72.806,39.839,22.521,10.289
7.97917,243.992,209.916,176.849,109.990,72.823,39.915,22.571,10.304
7.98333,244.103,210.048,176.885,110.128,72.786,39.891,22.524,10.229
7.98750,244.298,210.206,177.042,110.062,72.918,39.924,22.563,10.244
7.99167,244.448,210.337,177.096,110.098,72.941,39.936,22.593,10.294
7.99583,244.529,210.393,177.271,110.189,72.976,39.992,22.626,10.321
8.00000,244.688,210.498,177.365,110.312,72.997,40.036,22.624,10.314
8.00417,244.892,210.633,177.477,110.414,73.084,40.039,22.638,10.365
8.00833,245.005,210.733,177.586,110.447,73.114,40.046,22.595,10.261
8.01250,245.075,210.848,177.620,110.469,73.162,40.090,22.675,10.313
8.01667,245.238,211.043,177.737,110.596,73.242,40.028,22.696,10.371
8.02083,245.315,211.112,177.889,110.704,73.200,40.128,22.707,10.350
8.02500,245.474,211.150,177.971,110.731,73.314,40.067,22.717,10.353
8.02917,245.660,211.365,178.050,110.818,73.358,40.236,22.689,10.339
8.03333,245.893,211.469,178.252,110.829,73.373,40.203,22.762,10.361
8.03750,246.038,211.588,178.287,110.898,73.366,40.269,22.706,10.368
8.04167,246.061,211.760,178.411,110.944,73.482,40.268,22.743,10.354
8.04583,246.281,211.799,178.460,111.029,73.534,40.285,22.798,10.408
8.05000,246.383,212.040,178.622,111.085,73.611,40.313,22.797,10.417
8.05417,246.553,212.051,178.717,111.191,73.560,40.334,22.856,10.360
8.05833,246.704,212.183,178.850,111.275,73.621,40.342,22.849,10.372
8.06250,246.846,212.344,178.951,111.375,73.730,40.364,22.918,10.506
8.06667,247.047,212.551,179.065,111.335,73.746,40.443,22.932,10.458
8.07083,247.186,212.558,179.230,111.553,73.889,40.456,23.034,10.457
8.07500,247.341,212.791,179.345,111.688,73.871,40.433,23.003,10.512
8.07917,247.535,213.037,179.466,111.815,74.037,40.536,23.090,10.659
8.08333,247.766,213.055,179.686,111.968,74.031,40.648,23.186,10.695
8.08750,247.939,213.296,179.896,112.167,74.118,40.682,23.226,10.749
8.09167,248.184,213.567,180.106,112.418,74.312,40.698,23.390,10.828
8.09583,248.457,213.802,180.406,112.639,74.433,40.825,23.580,11.035
8.10000,248.823,214.083,180.692,112.997,74.592,40.894,23.833,11.123
8.10417,249.272,214.406,181.075,113.501,74.803,41.003,24.146,11.398
8.10833,249.622,214.840,181.544,114.001,75.007,41.190,24.531,11.800
8.11250,250.124,215.200,182.033,114.698,75.354,41.489,25.062,12.123
8.11667,250.705,215.897,182.746,115.528,75.738,41.685,25.598,12.660
8.12083,251.384,216.498,183.506,116.458,76.155,41.941,26.300,13.275
8.12500,252.158,217.170,184.472,117.697,76.739,42.360,27.250,13.930
8.12917,253.180,218.082,185.603,119.105,77.315,42.694,28.366,14.887
8.13333,254.340,219.055,186.893,120.794,78.012,43.224,29.603,15.866
8.13750,255.584,220.351,188.347,122.857,78.944,43.794,31.215,17.182
8.14167,257.144,221.697,190.238,125.167,80.016,44.559,32.971,18.605
8.14583,258.965,223.346,192.288,127.907,81.235,45.299,35.061,20.390
8.15000,260.937,225.170,194.747,131.086,82.585,46.219,37.483,22.375
8.15417,263.290,227.279,197.406,134.651,84.192,47.310,40.317,24.649
8.15833,265.839,229.644,200.424,138.758,85.880,48.492,43.497,27.236
8.16250,268.660,232.221,203.855,143.325,87.822,49.808,47.026,30.115
8.16667,271.806,235.172,207.642,148.361,90.037,51.223,50.906,33.321
8.17083,275.264,238.318,211.762,153.886,92.462,52.917,55.228,36.872
8.17500,279.035,241.706,216.228,159.807,95.010,54.582,59.847,40.734
8.17917,283.026,245.393,221.111,166.296,97.917,56.564,64.958,44.747
8.18333,287.198,249.261,226.102,173.198,100.854,58.522,70.238,49.139
8.18750,291.699,253.424,231.512,180.335,103.925,60.651,75.853,53.843
8.19167,296.421,257.693,237.064,187.843,107.180,62.840,81.666,58.593
8.19583,301.071,262.074,242.684,195.513,110.536,65.146,87.612,63.436
8.20000,305.946,266.459,248.538,203.199,113.910,67.300,93.788,68.490
8.20417,310.714,270.864,254.384,210.983,117.250,69.641,99.702,73.401
8.20833,315.415,275.172,259.965,218.729,120.632,71.887,105.790,78.305
8.21250,319.964,279.417,265.579,226.091,123.805,74.090,111.519,83.025
8.21667,324.431,283.535,270.789,233.104,126.966,76.143,117.012,87.573
8.22083,328.488,287.190,275.812,239.776,129.768,78.098,122.203,91.864
8.22500,332.263,290.670,280.376,245.827,132.425,79.884,126.842,95.721
8.22917,335.693,293.825,284.382,251.184,134.722,81.446,131.176,99.255
8.23333,338.601,296.513,287.957,255.990,136.824,82.818,134.821,102.188
8.23750,341.051,298.798,290.822,259.785,138.527,83.956,137.776,104.623
8.24167,342.969,300.570,293.092,262.864,139.888,84.874,140.208,106.531
8.24583,344.438,301.910,294.795,265.094,140.882,85.490,141.830,107.936
8.25000,345.314,302.620,295.800,266.374,141.362,85.897,142.864,108.732
8.25417,345.699,302.973,296.135,266.712,141.536,85.996,143.049,108.898
8.25833,345.483,302.794,295.851,266.169,141.413,85.877,142.684,108.531
8.26250,344.783,302.113,294.926,264.820,140.790,85.493,141.577,107.716
8.26667,343.631,300.994,293.410,262.774,139.958,84.863,139.920,106.329
8.27083,342.084,299.630,291.412,259.952,138.789,84.082,137.666,104.395
8.27500,340.111,297.685,288.803,256.515,137.292,83.099,134.995,102.194
8.27917,337.799,295.705,286.007,252.532,135.552,81.955,131.826,99.552
8.28333,335.242,293.285,282.785,248.011,133.642,80.708,128.386,96.556
8.28750,332.497,290.812,279.260,243.219,131.670,79.283,124.628,93.362
8.29167,329.636,288.015,275.593,238.124,129.531,77.865,120.739,89.966
8.29583,326.582,285.183,271.716,232.903,127.270,76.338,116.669,86.390
8.30000,323.552,282.353,267.824,227.499,124.984,74.777,112.672,82.742
8.30417,320.518,279.496,263.946,221.995,122.829,73.329,108.666,79.137
8.30833,317.609,276.766,260.117,216.633,120.610,71.808,104.721,75.533
8.31250,314.750,274.093,256.344,211.422,118.650,70.451,101.109,72.002
8.31667,312.139,271.595,252.827,206.475,116.576,69.135,97.637,68.512
8.32083,309.715,269.282,249.413,201.680,114.784,67.853,94.479,65.136
8.32500,307.582,267.232,246.226,197.364,113.195,66.807,91.822,61.917
8.32917,305.759,265.382,243.438,193.238,111.857,65.916,89.590,58.905
8.33333,304.245,263.871,240.946,189.559,110.640,65.151,87.864,55.972
8.33750,303.156,262.753,238.760,186.406,109.831,64.543,86.751,53.417
8.34167,302.474,261.904,236.988,183.714,109.184,64.213,86.280,50.907
8.34583,302.315,261.475,235.579,181.467,109.005,64.093,86.338,48.720
8.35000,302.512,261.388,234.680,179.841,109.049,64.215,87.145,46.695
8.35417,303.216,261.787,234.114,178.659,109.494,64.521,88.806,44.993
8.35833,304.474,262.580,234.064,178.130,110.192,65.136,91.083,43.408
8.36250,306.284,263.842,234.414,178.069,111.419,65.943,94.251,42.125
8.36667,308.578,265.397,235.205,178.655,112.818,67.018,98.142,40.987
8.37083,311.325,267.614,236.441,179.770,114.680,68.379,102.838,40.224
8.37500,314.530,270.024,238.142,181.350,116.891,69.916,108.150,39.499
8.37917,318.248,272.983,240.149,183.437,119.346,71.731,114.246,39.054
8.38333,322.350,276.201,242.558,186.021,122.197,73.715,120.893,38.759
8.38750,326.846,279.721,245.264,188.895,125.214,75.847,128.155,38.673
8.39167,331.604,283.491,248.238,192.256,128.443,78.131,135.836,38.725
8.39583,336.602,287.381,251.433,195.811,131.931,80.703,143.931,38.849
8.40000,341.815,291.580,254.797,199.481,135.403,83.121,152.185,39.081
8.40417,346.972,295.735,258.227,203.327,138.986,85.664,160.440,39.337
8.40833,352.306,299.966,261.620,207.317,142.540,88.241,168.768,39.750
8.41250,357.337,303.994,265.002,211.166,146.150,90.707,176.857,40.115
8.41667,362.272,307.957,268.312,214.832,149.425,93.018,184.595,40.620
8.42083,366.846,311.698,271.352,218.332,152.532,95.227,191.847,41.067
8.42500,371.126,315.032,274.263,221.581,155.415,97.355,198.509,41.325
8.42917,374.892,318.037,276.740,224.421,158.002,99.209,204.506,41.675
8.43333,378.081,320.632,278.893,226.740,160.234,100.744,209.562,41.879
8.43750,380.790,322.813,280.682,228.745,162.027,102.017,213.657,42.024
8.44167,382.819,324.477,281.968,230.169,163.402,103.006,216.831,42.029
8.44583,384.330,325.630,282.826,231.134,164.348,103.638,219.032,41.997
8.45000,385.093,326.250,283.289,231.361,164.768,104.000,220.119,41.759
8.45417,385.114,326.215,283.126,231.099,164.876,104.011,220.152,41.497
8.45833,384.627,325.779,282.585,230.362,164.378,103.689,219.185,41.039
8.46250,383.483,324.782,281.576,228.986,163.503,103.045,217.235,40.519
8.46667,381.680,323.379,280.117,227.224,162.320,102.153,214.306,39.847
8.47083,379.407,321.549,278.313,224.839,160.551,100.933,210.529,39.137
8.47500,376.696,319.189,276.141,222.127,158.494,99.607,206.033,38.305
8.47917,373.475,316.561,273.679,219.100,156.270,97.878,200.769,37.371
8.48333,369.888,313.683,270.893,215.692,153.688,96.109,194.909,36.406
8.48750,366.002,310.477,267.985,212.089,150.919,94.121,188.571,35.409
8.49167,361.962,307.090,264.817,208.258,147.926,92.053,181.912,34.282
8.49583,357.668,303.579,261.563,204.297,144.931,89.929,174.926,33.228
8.50000,353.277,300.046,258.210,200.200,141.790,87.705,167.850,32.053
8.50417,348.812,296.386,254.900,196.103,138.653,85.417,160.620,31.051
8.50833,344.370,292.734,251.558,192.010,135.522,83.213,153.338,29.976
8.51250,339.896,289.067,248.131,187.882,132.324,80.994,146.086,28.819
8.51667,335.585,285.549,244.989,183.857,129.251,78.756,139.018,27.771
8.52083,331.337,282.068,241.668,179.923,126.208,76.675,132.068,26.852
8.52500,327.287,278.680,238.657,176.204,123.243,74.569,125.436,25.852
8.52917,323.285,275.511,235.639,172.574,120.461,72.570,118.833,24.798
8.53333,319.487,272.424,232.814,169.049,117.786,70.687,112.718,23.881
8.53750,315.971,269.527,230.113,165.830,115.150,68.832,106.788,23.076
8.54167,312.487,266.689,227.636,162.669,112.759,67.176,101.256,22.253
8.54583,309.290,264.019,225.132,159.748,110.482,65.497,95.891,21.455
8.55000,306.268,261.581,222.920,156.933,108.317,63.961,90.915,20.735
8.55417,303.449,259.302,220.805,154.302,106.234,62.392,86.193,20.025
8.55833,300.768,257.167,218.866,151.878,104.316,61.181,81.717,19.360
8.56250,298.304,255.113,217.002,149.551,102.495,59.911,77.687,18.793
8.56667,296.034,253.229,215.284,147.432,100.880,58.746,73.820,18.274
8.57083,293.888,251.559,213.669,145.500,99.363,57.623,70.221,17.714
8.57500,291.945,249.929,212.153,143.676,97.916,56.610,66.859,17.276
8.57917,290.169,248.508,210.834,141.922,96.577,55.674,63.779,16.835
8.58333,288.445,247.077,209.557,140.357,95.368,54.847,60.940,16.408
8.58750,286.925,245.853,208.458,138.869,94.249,53.975,58.243,16.122
8.59167,285.534,244.707,207.356,137.583,93.155,53.301,55.735,15.684
8.59583,284.163,243.643,206.359,136.289,92.179,52.601,53.425,15.378
8.60000,283.000,242.625,205.455,135.168,91.276,51.974,51.316,15.095
8.60417,281.865,241.734,204.682,134.062,90.463,51.325,49.318,14.793
8.60833,280.881,240.923,203.843,133.203,89.743,50.769,47.533,14.522
8.61250,279.991,240.167,203.217,132.227,88.968,50.283,45.792,14.266
8.61667,279.099,239.560,202.582,131.399,88.339,49.776,44.246,14.041
8.62083,278.329,238.894,202.009,130.702,87.768,49.368,42.823,13.820
8.62500,277.603,238.333,201.441,130.004,87.319,49.016,41.432,13.661
8.62917,276.957,237.782,201.020,129.369,86.753,48.568,40.304,13.464
8.63333,276.433,237.352,200.537,128.799,86.292,48.313,39.186,13.315
8.63750,275.889,236.926,200.220,128.215,85.886,47.943,38.037,13.139
8.64167,275.415,236.538,199.815,127.744,85.396,47.683,36.992,13.028
8.64583,274.972,236.188,199.458,127.250,85.055,47.432,36.150,12.883
8.65000,274.624,235.922,199.253,126.915,84.717,47.206,35.276,12.807
8.65417,274.229,235.672,198.920,126.518,84.390,46.900,34.536,12.713
8.65833,273.949,235.368,198.687,126.138,84.148,46.760,33.816,12.611
8.66250,273.667,235.116,198.514,125.853,83.934,46.618,33.214,12.517
8.66667,273.463,235.038,198.390,125.547,83.685,46.405,32.610,12.400
8.67083,273.251,234.835,198.162,125.219,83.496,46.303,31.996,12.391
8.67500,273.062,234.699,197.931,125.047,83.305,46.108,31.507,12.188
8.67917,272.880,234.582,197.898,124.843,83.158,46.002,31.007,12.178
8.68333,272.764,234.388,197.776,124.689,83.000,45.836,30.522,12.112
8.68750,272.637,234.375,197.739,124.488,82.828,45.764,30.123,12.152
8.69167,272.500,234.320,197.634,124.326,82.766,45.676,29.811,11.982
8.69583,272.433,234.213,197.493,124.200,82.573,45.537,29.430,11.983
8.70000,272.421,234.215,197.488,124.151,82.532,45.524,29.067,11.897
8.70417,272.398,234.236,197.508,123.993,82.418,45.450,28.826,11.902
8.70833,272.303,234.085,197.489,123.910,82.313,45.405,28.624,11.850
8.71250,272.348,234.108,197.432,123.776,82.311,45.309,28.156,11.790
8.71667,272.337,234.154,197.475,123.718,82.204,45.283,28.082,11.797
8.72083,272.303,234.183,197.435,123.676,82.197,45.260,27.841,11.798
8.72500,272.332,234.155,197.424,123.636,82.136,45.180,27.632,11.764
8.72917,272.447,234.227,197.465,123.491,82.034,45.209,27.505,11.697
8.73333,272.409,234.255,197.514,123.559,81.958,45.105,27.246,11.765
8.73750,272.500,234.298,197.485,123.489,82.083,45.103,27.128,11.688
8.74167,272.562,234.394,197.550,123.522,81.981,45.026,27.008,11.657
8.74583,272.663,234.414,197.603,123.479,81.979,45.072,26.904,11.660
8.75000,272.749,234.502,197.612,123.449,81.970,45.082,26.799,11.658
8.75417,272.786,234.649,197.753,123.523,82.006,45.072,26.638,11.669
8.75833,272.875,234.621,197.821,123.527,81.941,45.075,26.517,11.579
8.76250,272.940,234.756,197.846,123.497,81.969,45.018,26.497,11.697
8.76667,273.079,234.793,197.936,123.530,81.941,44.969,26.394,11.639
8.77083,273.152,234.846,198.048,123.587,81.980,44.986,26.296,11.665
8.77500,273.278,235.000,198.016,123.617,81.947,45.003,26.162,11.625
8.77917,273.493,235.083,198.116,123.608,81.977,44.981,26.105,11.636
8.78333,273.464,235.125,198.229,123.601,81.992,44.974,26.061,11.591
8.78750,273.608,235.229,198.288,123.672,81.976,45.033,26.007,11.580
8.79167,273.711,235.399,198.403,123.714,82.004,45.039,25.946,11.565
8.79583,273.816,235.471,198.494,123.748,82.057,45.023,26.035,11.515
8.80000,274.018,235.608,198.544,123.848,82.129,45.021,25.921,11.586
8.80417,274.094,235.675,198.702,123.803,82.083,45.022,25.864,11.660
8.80833,274.258,235.797,198.718,123.888,82.152,45.071,25.865,11.606
8.81250,274.391,235.959,198.805,123.974,82.156,45.057,25.778,11.620
8.81667,274.483,236.062,198.943,123.991,82.211,45.072,25.771,11.575
8.82083,274.634,236.131,199.079,124.054,82.285,45.140,25.768,11.649
8.82500,274.794,236.272,199.139,124.085,82.324,45.158,25.689,11.588
8.82917,274.886,236.382,199.220,124.159,82.322,45.169,25.756,11.575
8.83333,275.047,236.473,199.322,124.176,82.336,45.183,25.750,11.615
8.83750,275.113,236.584,199.435,124.203,82.423,45.204,25.728,11.594
8.84167,275.281,236.751,199.522,124.298,82.406,45.240,25.708,11.647
8.84583,275.484,236.884,199.690,124.294,82.547,45.223,25.675,11.533
8.85000,275.522,236.957,199.803,124.407,82.423,45.282,25.712,11.618
8.85417,275.715,237.179,199.844,124.474,82.502,45.267,25.664,11.662
8.85833,275.861,237.208,199.953,124.497,82.559,45.244,25.681,11.611
8.86250,276.067,237.365,200.131,124.593,82.575,45.304,25.707,11.659
8.86667,276.134,237.464,200.112,124.709,82.651,45.308,25.667,11.698
8.87083,276.326,237.648,200.296,124.725,82.654,45.343,25.626,11.656
8.87500,276.397,237.843,200.330,124.780,82.736,45.339,25.666,11.646
8.87917,276.558,237.868,200.549,124.832,82.782,45.380,25.629,11.599
8.88333,276.790,238.051,200.559,124.926,82.835,45.352,25.723,11.640
8.88750,276.793,238.175,200.712,124.945,82.955,45.444,25.660,11.664
8.89167,277.018,238.254,200.818,125.064,82.889,45.360,25.671,11.669
8.89583,277.140,238.365,200.889,125.115,82.943,45.489,25.795,11.571
8.90000,277.367,238.492,200.985,125.209,82.954,45.503,25.700,11.684
8.90417,277.514,238.676,201.212,125.203,83.111,45.544,25.688,11.632
8.90833,277.652,238.749,201.259,125.258,83.039,45.501,25.685,11.658
8.91250,277.914,238.934,201.360,125.389,83.124,45.560,25.730,11.653
8.91667,278.002,239.020,201.445,125.401,83.186,45.631,25.734,11.620
8.92083,278.045,239.234,201.596,125.493,83.219,45.593,25.801,11.668
8.92500,278.251,239.262,201.635,125.581,83.235,45.582,25.808,11.691
8.92917,278.447,239.349,201.796,125.581,83.339,45.707,25.716,11.679
8.93333,278.522,239.531,201.979,125.730,83.376,45.739,25.802,11.688
8.93750,278.746,239.669,201.988,125.778,83.430,45.692,25.718,11.742
8.94167,278.873,239.882,202.139,125.810,83.417,45.781,25.780,11.739
8.94583,279.087,240.041,202.278,125.921,83.455,45.764,25.781,11.659
8.95000,279.215,240.070,202.344,125.995,83.519,45.876,25.855,11.716
8.95417,279.332,240.198,202.402,126.101,83.517,45.801,25.806,11.728
8.95833,279.489,240.366,202.612,126.108,83.660,45.876,25.771,11.774
8.96250,279.540,240.507,202.590,126.269,83.635,45.852,25.872,11.711
8.96667,279.860,240.674,202.775,126.304,83.683,45.943,25.906,11.703
8.97083,279.946,240.787,202.930,126.356,83.790,46.001,25.881,11.750
8.97500,280.118,240.913,203.043,126.489,83.775,45.931,25.834,11.789
8.97917,280.260,241.023,203.098,126.512,83.821,45.946,25.923,11.777
8.98333,280.356,241.133,203.262,126.583,83.784,45.991,25.881,11.810
8.98750,280.566,241.305,203.342,126.646,83.881,46.050,25.878,11.810
8.99167,280.740,241.411,203.495,126.684,84.014,46.007,25.940,11.781
8.99583,280.876,241.527,203.584,126.809,84.087,46.103,25.925,11.820
9.00000,280.986,241.682,203.694,126.857,84.060,46.152,25.878,11.795
9.00417,281.150,241.808,203.815,126.896,84.088,46.180,26.013,11.804
9.00833,281.317,242.017,203.859,126.965,84.198,46.096,26.007,11.818
9.01250,281.549,242.032,204.067,127.041,84.183,46.166,25.979,11.769
9.01667,281.669,242.216,204.179,127.193,84.290,46.115,26.054,11.823
9.02083,281.807,242.389,204.243,127.181,84.324,46.230,26.048,11.777
9.02500,281.990,242.460,204.272,127.250,84.326,46.202,26.078,11.817
9.02917,282.116,242.616,204.467,127.306,84.376,46.265,26.070,11.823
9.03333,282.225,242.739,204.581,127.412,84.488,46.308,26.128,11.745
9.03750,282.402,242.879,204.729,127.518,84.449,46.357,26.116,11.880
9.04167,282.606,242.983,204.870,127.557,84.560,46.383,26.076,11.820
9.04583,282.768,243.189,204.908,127.588,84.588,46.414,26.036,11.882
9.05000,282.859,243.321,205.071,127.719,84.645,46.425,26.132,11.895
9.05417,283.072,243.410,205.154,127.740,84.670,46.427,26.075,11.904
9.05833,283.179,243.548,205.201,127.796,84.702,46.448,26.115,11.936
9.06250,283.329,243.637,205.385,127.856,84.759,46.464,26.126,11.875
9.06667,283.460,243.788,205.422,127.941,84.823,46.494,26.159,11.914
9.07083,283.682,243.852,205.533,128.044,84.815,46.576,26.163,11.972
9.07500,283.776,244.046,205.718,128.079,84.989,46.524,26.183,11.904
9.07917,283.983,244.215,205.816,128.116,84.927,46.612,26.305,11.881
9.08333,284.141,244.355,205.893,128.249,84.995,46.622,26.221,11.946
9.08750,284.221,244.485,206.023,128.274,85.005,46.673,26.232,11.934
9.09167,284.397,244.591,206.118,128.354,85.120,46.687,26.293,11.952
9.09583,284.579,244.670,206.318,128.460,85.148,46.683,26.281,11.949
9.10000,284.720,244.877,206.378,128.507,85.214,46.725,26.279,11.959
9.10417,284.882,245.012,206.477,128.640,85.245,46.697,26.279,11.949
9.10833,285.066,245.078,206.560,128.676,85.280,46.803,26.370,11.987
9.11250,285.167,245.233,206.746,128.678,85.317,46.793,26.330,11.906
9.11667,285.359,245.390,206.807,128.848,85.403,46.872,26.306,12.025
9.12083,285.489,245.529,206.893,128.880,85.409,46.859,26.385,11.991
9.12500,285.685,245.615,207.061,128.951,85.511,46.959,26.406,11.927
9.12917,285.844,245.812,207.189,128.984,85.520,46.924,26.398,11.994
9.13333,285.934,245.918,207.227,129.086,85.552,46.962,26.419,11.915
9.13750,286.123,246.073,207.385,129.080,85.622,46.906,26.423,12.034
9.14167,286.238,246.104,207.477,129.176,85.700,46.968,26.451,12.030
9.14583,286.485,246.236,207.551,129.245,85.689,46.998,26.474,12.008
9.15000,286.505,246.417,207.691,129.350,85.693,47.068,26.477,12.031
9.15417,286.730,246.600,207.792,129.412,85.836,47.035,26.427,12.036
9.15833,286.920,246.690,207.915,129.428,85.801,47.046,26.482,12.024
9.16250,286.962,246.790,208.012,129.608,85.862,47.086,26.468,12.055
9.16667,287.169,246.967,208.148,129.564,85.941,47.047,26.493,11.991
9.17083,287.352,247.092,208.260,129.672,85.926,47.181,26.559,12.063
9.17500,287.494,247.296,208.364,129.786,86.039,47.175,26.522,12.084
9.17917,287.595,247.334,208.388,129.793,86.083,47.175,26.508,11.983
9.18333,287.746,247.374,208.538,129.908,86.156,47.219,26.501,12.110
9.18750,287.906,247.578,208.663,130.014,86.190,47.239,26.589,12.066
9.19167,288.076,247.758,208.750,130.013,86.226,47.243,26.569,12.066
9.19583,288.187,247.823,208.888,130.133,86.223,47.314,26.571,12.102
9.20000,288.399,247.977,209.005,130.168,86.289,47.258,26.627,12.109
9.20417,288.529,248.084,209.170,130.305,86.281,47.355,26.653,12.102
9.20833,288.629,248.257,209.240,130.231,86.430,47.340,26.601,12.129
9.21250,288.872,248.347,209.320,130.392,86.469,47.437,26.679,12.080
9.21667,289.013,248.557,209.462,130.492,86.502,47.418,26.647,12.115
9.22083,289.061,248.654,209.567,130.491,86.510,47.496,26.694,12.184
9.22500,289.261,248.753,209.593,130.631,86.636,47.505,26.698,12.137
9.22917,289.417,248.930,209.724,130.644,86.681,47.458,26.694,12.103
9.23333,289.556,249.009,209.878,130.712,86.729,47.493,26.770,12.092
9.23750,289.683,249.148,209.977,130.791,86.692,47.578,26.723,12.143
9.24167,289.910,249.271,210.100,130.801,86.746,47.506,26.699,12.135
9.24583,290.048,249.462,210.208,130.870,86.858,47.645,26.721,12.161
9.25000,290.207,249.537,210.299,131.005,86.874,47.618,26.781,12.134
9.25417,290.342,249.715,210.414,131.044,86.904,47.620,26.783,12.228
9.25833,290.446,249.760,210.537,131.127,86.941,47.699,26.775,12.175
9.26250,290.621,249.919,210.649,131.185,87.051,47.677,26.843,12.152
9.26667,290.777,250.037,210.767,131.249,87.012,47.707,26.863,12.217
9.27083,290.867,250.237,210.874,131.302,87.145,47.689,26.898,12.172
9.27500,291.087,250.214,210.941,131.378,87.139,47.780,26.871,12.159
9.27917,291.221,250.411,211.013,131.453,87.150,47.778,26.873,12.254
9.28333,291.310,250.533,211.204,131.553,87.240,47.815,26.891,12.171
9.28750,291.561,250.687,211.298,131.662,87.222,47.849,26.919,12.199
9.29167,291.626,250.831,211.379,131.683,87.335,47.902,26.905,12.234
9.29583,291.907,250.929,211.453,131.734,87.357,47.878,26.905,12.237
9.30000,292.018,251.036,211.565,131.822,87.435,47.935,26.918,12.255
9.30417,292.094,251.192,211.734,131.913,87.447,47.950,26.937,12.235
9.30833,292.267,251.320,211.764,131.920,87.442,48.027,26.959,12.263
9.31250,292.427,251.415,211.865,131.996,87.540,48.021,26.940,12.227
9.31667,292.614,251.602,211.995,132.047,87.571,48.088,27.007,12.277
9.32083,292.690,251.773,212.132,132.071,87.678,48.029,27.055,12.276
9.32500,292.844,251.782,212.230,132.212,87.693,48.118,27.013,12.280
9.32917,293.014,251.892,212.351,132.227,87.757,48.123,27.048,12.232
9.33333,293.142,251.992,212.397,132.327,87.749,48.097,27.010,12.295
9.33750,293.290,252.182,212.626,132.453,87.768,48.100,27.105,12.299
9.34167,293.447,252.310,212.624,132.406,87.840,48.199,27.052,12.350
9.34583,293.520,252.396,212.783,132.535,87.877,48.182,27.115,12.312
9.35000,293.757,252.541,212.813,132.580,87.907,48.263,27.120,12.318
9.35417,293.894,252.707,212.961,132.655,87.981,48.219,27.090,12.311
9.35833,294.040,252.857,213.133,132.725,88.042,48.267,27.138,12.291
9.36250,294.142,252.932,213.238,132.804,88.075,48.324,27.156,12.319
9.36667,294.305,253.044,213.304,132.885,88.061,48.344,27.178,12.341
9.37083,294.362,253.200,213.464,132.957,88.119,48.295,27.206,12.258
9.37500,294.525,253.346,213.524,132.977,88.191,48.346,27.159,12.315
9.37917,294.746,253.420,213.614,133.054,88.252,48.330,27.199,12.376
9.38333,294.861,253.576,213.672,133.068,88.282,48.429,27.161,12.314
9.38750,294.954,253.697,213.786,133.139,88.325,48.461,27.196,12.335
9.39167,295.192,253.842,213.954,133.228,88.343,48.465,27.265,12.338
9.39583,295.277,253.898,214.027,133.377,88.461,48.495,27.234,12.400
9.40000,295.426,254.025,214.162,133.366,88.426,48.494,27.257,12.362
9.40417,295.565,254.155,214.222,133.471,88.529,48.526,27.236,12.430
9.40833,295.710,254.309,214.308,133.517,88.530,48.519,27.288,12.395
9.41250,295.901,254.394,214.480,133.572,88.648,48.606,27.304,12.370
9.41667,295.956,254.520,214.484,133.654,88.620,48.632,27.321,12.414
9.42083,296.119,254.645,214.613,133.685,88.676,48.625,27.322,12.459
9.42500,296.346,254.825,214.810,133.741,88.755,48.658,27.333,12.375
9.42917,296.517,254.837,214.847,133.871,88.738,48.678,27.328,12.393
9.43333,296.594,255.002,214.946,133.895,88.851,48.644,27.394,12.496
9.43750,296.705,255.156,215.035,133.966,88.793,48.678,27.422,12.435
9.44167,296.882,255.191,215.198,134.017,88.844,48.727,27.451,12.478
9.44583,296.963,255.396,215.263,134.149,89.002,48.751,27.464,12.469
9.45000,297.179,255.444,215.389,134.086,88.967,48.857,27.497,12.497
9.45417,297.368,255.685,215.506,134.247,88.987,48.722,27.419,12.492
9.45833,297.474,255.678,215.527,134.275,89.052,48.880,27.500,12.464
9.46250,297.496,255.837,215.650,134.324,89.190,48.885,27.478,12.407
9.46667,297.733,255.928,215.801,134.423,89.161,48.929,27.475,12.507
9.47083,297.820,256.179,215.793,134.463,89.202,48.968,27.456,12.477
9.47500,298.002,256.213,215.986,134.614,89.300,48.875,27.491,12.474
9.47917,298.159,256.336,216.096,134.591,89.278,48.987,27.454,12.509
9.48333,298.245,256.459,216.202,134.622,89.325,48.968,27.475,12.475
9.48750,298.374,256.575,216.279,134.755,89.354,48.990,27.548,12.551
9.49167,298.561,256.705,216.360,134.762,89.430,49.022,27.532,12.531
9.49583,298.684,256.854,216.451,134.906,89.450,49.088,27.593,12.555
9.50000,298.881,256.945,216.542,134.942,89.537,49.071,27.561,12.502
9.50417,298.986,257.055,216.639,134.984,89.504,49.034,27.621,12.562
9.50833,299.112,257.168,216.740,135.071,89.646,49.091,27.589,12.521
9.51250,299.189,257.329,216.862,135.056,89.537,49.189,27.637,12.474
9.51667,299.387,257.384,216.975,135.132,89.652,49.184,27.638,12.538
9.52083,299.537,257.499,217.094,135.260,89.685,49.259,27.676,12.544
9.52500,299.639,257.705,217.179,135.282,89.715,49.218,27.602,12.567
9.52917,299.820,257.793,217.285,135.352,89.785,49.235,27.676,12.557
9.53333,299.888,257.870,217.414,135.395,89.817,49.265,27.686,12.664
9.53750,300.006,258.026,217.482,135.495,89.862,49.324,27.661,12.590
9.54167,300.231,258.147,217.593,135.508,89.904,49.267,27.774,12.538
9.54583,300.352,258.275,217.722,135.618,89.937,49.386,27.711,12.562
9.55000,300.517,258.354,217.777,135.711,89.978,49.359,27.691,12.556
9.55417,300.672,258.459,217.861,135.744,90.030,49.342,27.773,12.610
9.55833,300.709,258.575,217.981,135.791,90.073,49.386,27.744,12.612
9.56250,300.881,258.694,217.993,135.909,90.171,49.492,27.778,12.678
9.56667,301.000,258.812,218.160,135.876,90.159,49.443,27.778,12.620
9.57083,301.138,258.926,218.170,135.970,90.260,49.502,27.762,12.651
9.57500,301.252,259.102,218.426,136.109,90.201,49.519,27.766,12.609
9.57917,301.411,259.213,218.459,136.075,90.343,49.478,27.847,12.584
9.58333,301.505,259.307,218.586,136.179,90.302,49.542,27.882,12.648
9.58750,301.721,259.392,218.626,136.189,90.361,49.579,27.817,12.582
9.59167,301.823,259.513,218.754,136.264,90.386,49.522,27.794,12.649
9.59583,301.959,259.678,218.857,136.374,90.380,49.622,27.840,12.678
9.60000,302.037,259.721,218.938,136.367,90.522,49.649,27.841,12.596
9.60417,302.229,259.898,218.993,136.498,90.530,49.715,27.848,12.652
9.60833,302.383,259.959,219.128,136.493,90.521,49.693,27.855,12.666
9.61250,302.481,260.086,219.296,136.666,90.556,49.688,27.917,12.711
9.61667,302.660,260.226,219.284,136.663,90.641,49.710,27.902,12.706
9.62083,302.706,260.296,219.412,136.715,90.724,49.754,27.888,12.650
9.62500,302.899,260.389,219.511,136.766,90.788,49.821,27.928,12.726
9.62917,302.999,260.526,219.584,136.838,90.750,49.793,27.951,12.733
9.63333,303.115,260.699,219.696,136.927,90.834,49.751,28.001,12.671
9.63750,303.314,260.796,219.737,136.901,90.849,49.817,28.004,12.681
9.64167,303.378,260.894,219.894,137.051,90.846,49.885,27.974,12.659
9.64583,303.602,260.971,220.014,137.028,90.884,49.871,28.048,12.680
9.65000,303.666,261.126,220.128,137.197,90.893,49.839,28.005,12.723
9.65417,303.782,261.186,220.197,137.178,90.975,49.968,27.993,12.739
9.65833,303.937,261.318,220.252,137.235,91.056,49.915,28.068,12.709
9.66250,304.101,261.373,220.356,137.377,91.084,49.965,28.065,12.734
9.66667,304.201,261.526,220.460,137.342,91.113,49.936,28.112,12.758
9.67083,304.315,261.684,220.572,137.437,91.152,50.039,28.109,12.816
9.67500,304.483,261.787,220.658,137.517,91.224,50.160,28.144,12.701
9.67917,304.535,261.876,220.791,137.510,91.220,50.024,28.099,12.725
9.68333,304.745,261.989,220.869,137.600,91.268,50.023,28.081,12.791
9.68750,304.820,262.096,220.970,137.736,91.309,50.091,28.115,12.749
9.69167,305.016,262.178,221.026,137.731,91.307,50.103,28.166,12.812
9.69583,305.152,262.329,221.092,137.744,91.423,50.207,28.156,12.806
9.70000,305.266,262.466,221.246,137.846,91.476,50.178,28.172,12.705
9.70417,305.369,262.535,221.296,137.814,91.466,50.087,28.151,12.785
9.70833,305.483,262.612,221.437,137.930,91.504,50.177,28.178,12.817
9.71250,305.692,262.788,221.491,137.905,91.577,50.240,28.237,12.744
9.71667,305.777,262.866,221.589,138.054,91.557,50.304,28.182,12.789
9.72083,305.848,263.006,221.683,138.184,91.627,50.284,28.182,12.805
9.72500,306.014,263.117,221.751,138.236,91.707,50.281,28.242,12.811
9.72917,306.100,263.256,221.835,138.236,91.727,50.289,28.203,12.860
9.73333,306.296,263.343,222.030,138.315,91.712,50.333,28.272,12.844
9.73750,306.287,263.443,222.008,138.370,91.869,50.361,28.281,12.819
9.74167,306.534,263.567,222.142,138.416,91.843,50.297,28.207,12.841
9.74583,306.669,263.688,222.227,138.460,91.852,50.369,28.301,12.793
9.75000,306.815,263.714,222.359,138.470,91.866,50.414,28.306,12.835
9.75417,306.829,263.901,222.352,138.551,91.943,50.455,28.266,12.872
9.75833,307.031,263.972,222.499,138.684,91.942,50.497,28.331,12.807
9.76250,307.184,264.010,222.565,138.737,91.995,50.522,28.403,12.879
9.76667,307.235,264.228,222.701,138.755,92.110,50.501,28.350,12.868
9.77083,307.382,264.252,222.785,138.885,92.087,50.548,28.344,12.911
9.77500,307.482,264.391,222.886,138.925,92.161,50.515,28.346,12.841
9.77917,307.672,264.498,222.979,138.960,92.169,50.589,28.305,12.865
9.78333,307.761,264.648,223.050,138.984,92.219,50.603,28.463,12.896
9.78750,307.902,264.714,223.104,139.068,92.255,50.561,28.421,12.864
9.79167,308.022,264.777,223.242,139.096,92.239,50.635,28.397,12.855
9.79583,308.117,264.879,223.297,139.216,92.388,50.659,28.451,12.886
9.80000,308.269,264.979,223.367,139.192,92.325,50.692,28.477,12.882
9.80417,308.377,265.102,223.511,139.253,92.437,50.694,28.407,12.854
9.80833,308.479,265.265,223.583,139.320,92.447,50.679,28.469,12.902
9.81250,308.640,265.296,223.639,139.342,92.500,50.709,28.449,12.885
9.81667,308.764,265.444,223.743,139.403,92.458,50.748,28.481,12.871
9.82083,308.842,265.513,223.821,139.480,92.506,50.732,28.479,12.952
9.82500,308.999,265.639,223.927,139.498,92.541,50.786,28.525,12.920
9.82917,309.030,265.746,223.990,139.599,92.631,50.847,28.479,12.855
9.83333,309.146,265.855,224.136,139.669,92.617,50.748,28.576,12.942
9.83750,309.332,265.939,224.237,139.634,92.701,50.830,28.541,12.945
9.84167,309.383,266.023,224.316,139.734,92.732,50.852,28.533,13.035
9.84583,309.543,266.141,224.351,139.770,92.718,50.855,28.541,12.923
9.85000,309.647,266.219,224.492,139.900,92.829,50.959,28.576,13.006
9.85417,309.774,266.435,224.519,139.842,92.857,50.904,28.545,12.956
9.85833,309.912,266.474,224.625,139.969,92.909,50.946,28.547,12.985
9.86250,310.062,266.575,224.677,139.994,92.898,50.948,28.591,13.006
9.86667,310.101,266.624,224.762,140.061,92.924,50.932,28.623,12.922
9.87083,310.267,266.708,224.842,140.139,93.046,50.974,28.602,12.996
9.87500,310.370,266.891,224.979,140.137,93.020,51.085,28.584,13.011
9.87917,310.510,266.978,224.990,140.239,93.022,51.099,28.619,12.998
9.88333,310.689,267.077,225.071,140.277,92.992,51.040,28.687,13.022
9.88750,310.714,267.151,225.234,140.268,93.102,51.029,28.638,12.983
9.89167,310.882,267.249,225.272,140.389,93.090,51.071,28.648,13.047
9.89583,310.991,267.360,225.383,140.514,93.154,51.161,28.712,13.024
9.90000,311.080,267.496,225.393,140.536,93.255,51.091,28.670,13.015
9.90417,311.145,267.562,225.517,140.578,93.252,51.175,28.712,13.045
9.90833,311.271,267.677,225.578,140.608,93.337,51.127,28.650,13.010
9.91250,311.420,267.723,225.731,140.719,93.305,51.175,28.723,12.942
9.91667,311.582,267.876,225.836,140.727,93.330,51.188,28.729,12.997
9.92083,311.584,267.942,225.835,140.830,93.429,51.190,28.679,13.050
9.92500,311.766,267.994,225.996,140.858,93.438,51.264,28.776,13.034
9.92917,311.908,268.119,226.024,140.884,93.508,51.252,28.752,13.048
9.93333,311.970,268.259,226.125,140.949,93.482,51.281,28.803,13.035
9.93750,312.146,268.399,226.205,140.963,93.565,51.338,28.784,13.129
9.94167,312.254,268.410,226.260,141.040,93.552,51.327,28.781,13.014
9.94583,312.344,268.555,226.400,141.078,93.578,51.363,28.821,13.083
9.95000,312.392,268.608,226.451,141.133,93.644,51.362,28.758,13.009
9.95417,312.486,268.761,226.507,141.192,93.591,51.337,28.889,13.083
9.95833,312.688,268.834,226.624,141.257,93.688,51.437,28.774,13.087
9.96250,312.814,268.927,226.745,141.320,93.743,51.421,28.817,13.075
9.96667,312.836,269.027,226.742,141.359,93.814,51.447,28.849,13.112
9.97083,313.034,269.121,226.857,141.366,93.826,51.479,28.844,13.137
9.97500,313.109,269.173,226.952,141.473,93.873,51.475,28.837,13.123
9.97917,313.285,269.283,226.965,141.456,93.869,51.527,28.917,13.124
9.98333,313.314,269.400,227.114,141.616,93.957,51.514,28.869,13.123
9.98750,313.470,269.501,227.158,141.556,93.942,51.583,28.874,13.115
9.99167,313.592,269.508,227.242,141.604,93.986,51.496,29.013,13.118
9.99583,313.738,269.625,227.293,141.706,93.975,51.560,28.901,13.166
10.00000,313.805,269.734,227.402,141.717,93.991,51.607,28.908,13.071
10.00417,313.871,269.930,227.471,141.763,94.057,51.587,28.976,13.109
10.00833,313.995,269.965,227.563,141.816,94.149,51.564,28.963,13.204
10.01250,314.138,270.009,227.631,141.904,94.172,51.577,28.972,13.183
10.01667,314.209,270.177,227.648,141.938,94.208,51.626,29.017,13.184
10.02083,314.348,270.206,227.814,141.989,94.203,51.670,28.960,13.163
10.02500,314.400,270.381,227.919,142.054,94.247,51.712,29.043,13.209
10.02917,314.520,270.371,227.967,141.990,94.285,51.734,29.069,13.146
10.03333,314.617,270.472,228.058,142.111,94.321,51.687,29.017,13.137
10.03750,314.727,270.642,228.099,142.234,94.314,51.742,29.000,13.229
10.04167,314.846,270.678,228.236,142.185,94.374,51.767,29.003,13.139
10.04583,314.921,270.800,228.198,142.240,94.299,51.777,29.005,13.171
10.05000,315.063,270.828,228.388,142.329,94.464,51.771,28.970,13.212
10.05417,315.201,270.952,228.426,142.395,94.441,51.834,29.107,13.100
10.05833,315.277,271.012,228.524,142.421,94.506,51.816,29.138,13.134
10.06250,315.351,271.155,228.618,142.404,94.522,51.899,29.081,13.217
10.06667,315.535,271.200,228.656,142.444,94.519,51.887,29.104,13.176
10.07083,315.600,271.309,228.768,142.543,94.564,51.892,29.104,13.185
10.07500,315.705,271.425,228.791,142.665,94.573,51.893,29.100,13.186
10.07917,315.845,271.486,228.844,142.662,94.651,51.961,29.125,13.221
10.08333,315.905,271.597,228.988,142.780,94.688,51.979,29.059,13.180
10.08750,316.012,271.626,228.997,142.723,94.693,51.948,29.091,13.197
10.09167,316.140,271.739,229.102,142.800,94.762,51.958,29.157,13.211
10.09583,316.163,271.898,229.172,142.840,94.763,51.995,29.221,13.209
10.10000,316.316,271.935,229.248,142.896,94.812,52.069,29.209,13.241
10.10417,316.402,272.026,229.298,142.924,94.913,51.996,29.217,13.226
10.10833,316.541,272.105,229.376,143.029,94.920,51.954,29.169,13.240
10.11250,316.617,272.174,229.468,143.041,94.888,52.077,29.190,13.231
10.11667,316.724,272.238,229.579,143.047,94.942,52.060,29.197,13.191
10.12083,316.844,272.422,229.594,143.106,95.004,52.082,29.187,13.258
10.12500,316.943,272.449,229.699,143.148,94.980,52.060,29.214,13.273
10.12917,316.971,272.539,229.794,143.218,94.981,52.167,29.260,13.210
10.13333,317.122,272.682,229.822,143.171,95.012,52.199,29.218,13.237
10.13750,317.164,272.717,229.935,143.323,95.076,52.152,29.266,13.288
10.14167,317.244,272.825,229.999,143.342,95.073,52.218,29.260,13.291
10.14583,317.439,272.896,230.015,143.415,95.148,52.201,29.276,13.238
10.15000,317.518,273.013,230.125,143.450,95.151,52.205,29.254,13.299
10.15417,317.631,273.103,230.216,143.519,95.186,52.263,29.317,13.281
10.15833,317.678,273.168,230.327,143.538,95.250,52.201,29.334,13.238
10.16250,317.904,273.209,230.357,143.547,95.241,52.254,29.277,13.336
10.16667,317.945,273.334,230.412,143.623,95.297,52.299,29.263,13.286
10.17083,318.010,273.414,230.482,143.664,95.345,52.321,29.365,13.316
10.17500,318.056,273.495,230.574,143.752,95.326,52.289,29.306,13.247
10.17917,318.194,273.584,230.659,143.755,95.398,52.336,29.352,13.316
10.18333,318.333,273.652,230.672,143.795,95.483,52.310,29.430,13.306
10.18750,318.408,273.669,230.816,143.813,95.392,52.352,29.330,13.305
10.19167,318.538,273.753,230.818,143.893,95.494,52.410,29.339,13.339
10.19583,318.600,273.910,230.909,143.950,95.502,52.358,29.379,13.355
10.20000,318.695,273.973,231.032,144.036,95.544,52.413,29.447,13.317
10.20417,318.814,274.018,231.050,144.009,95.563,52.440,29.391,13.271
10.20833,318.875,274.155,231.075,144.103,95.589,52.416,29.443,13.365
10.21250,318.991,274.302,231.191,144.077,95.638,52.525,29.464,13.328
10.21667,319.064,274.315,231.246,144.143,95.737,52.551,29.407,13.360
10.22083,319.163,274.390,231.281,144.158,95.682,52.503,29.389,13.363
10.22500,319.222,274.511,231.335,144.228,95.684,52.515,29.424,13.356
10.22917,319.381,274.629,231.452,144.282,95.746,52.554,29.504,13.383
10.23333,319.439,274.623,231.521,144.374,95.774,52.543,29.447,13.386
10.23750,319.554,274.770,231.584,144.320,95.827,52.527,29.457,13.359
10.24167,319.629,274.767,231.660,144.455,95.779,52.587,29.440,13.297
10.24583,319.695,274.936,231.674,144.428,95.852,52.615,29.431,13.341
10.25000,319.816,274.919,231.818,144.503,95.834,52.574,29.518,13.318
10.25417,319.907,275.031,231.859,144.555,95.814,52.576,29.554,13.386
10.25833,320.047,275.136,231.944,144.569,95.950,52.644,29.492,13.423
10.26250,320.159,275.251,232.032,144.554,95.979,52.649,29.525,13.386
10.26667,320.200,275.302,232.081,144.639,95.992,52.660,29.520,13.337
10.27083,320.290,275.329,232.127,144.692,96.015,52.660,29.552,13.382
10.27500,320.323,275.511,232.158,144.730,96.013,52.675,29.517,13.381
10.27917,320.430,275.477,232.229,144.746,96.055,52.714,29.551,13.424
10.28333,320.575,275.648,232.283,144.722,96.088,52.890,29.546,13.382
10.28750,320.693,275.657,232.321,144.893,96.163,52.794,29.558,13.423
10.29167,320.725,275.752,232.429,144.861,96.177,52.730,29.591,13.433
10.29583,320.842,275.798,232.481,144.963,96.133,52.747,29.605,13.402
10.30000,320.963,275.874,232.577,145.023,96.250,52.817,29.563,13.427
10.30417,320.964,275.927,232.647,145.034,96.271,52.849,29.589,13.464
10.30833,321.081,276.082,232.707,145.056,96.307,52.835,29.584,13.480
10.31250,321.188,276.123,232.782,145.040,96.236,52.806,29.567,13.404
10.31667,321.290,276.231,232.814,145.081,96.254,52.886,29.606,13.407
10.32083,321.381,276.316,232.880,145.106,96.374,52.890,29.628,13.389
10.32500,321.453,276.374,232.970,145.211,96.319,52.894,29.623,13.403
10.32917,321.534,276.427,233.040,145.238,96.376,52.892,29.595,13.405
10.33333,321.661,276.554,233.125,145.346,96.414,52.917,29.684,13.490
10.33750,321.740,276.548,233.170,145.353,96.438,52.917,29.630,13.456
10.34167,321.794,276.715,233.173,145.316,96.470,52.948,29.671,13.510
10.34583,321.853,276.698,233.209,145.383,96.521,52.952,29.728,13.438
10.35000,322.004,276.790,233.355,145.458,96.551,52.978,29.693,13.486
10.35417,322.088,276.833,233.393,145.511,96.489,53.046,29.651,13.487
10.35833,322.149,276.972,233.487,145.551,96.598,52.994,29.691,13.439
10.36250,322.303,276.985,233.570,145.555,96.585,52.993,29.709,13.558
10.36667,322.303,277.081,233.585,145.633,96.665,53.022,29.776,13.432
10.37083,322.344,277.109,233.654,145.753,96.705,53.073,29.769,13.501
10.37500,322.491,277.238,233.798,145.647,96.678,52.969,29.742,13.460
10.37917,322.586,277.293,233.771,145.764,96.715,53.013,29.756,13.470
10.38333,322.651,277.401,233.910,145.745,96.755,53.132,29.717,13.483
10.38750,322.774,277.500,233.947,145.847,96.784,53.115,29.739,13.520
10.39167,322.853,277.505,233.940,145.780,96.788,53.109,29.772,13.469
10.39583,322.903,277.561,234.051,145.901,96.758,53.101,29.861,13.485
10.40000,323.003,277.681,234.072,145.936,96.912,53.124,29.749,13.548
10.40417,323.037,277.691,234.131,146.004,96.800,53.116,29.897,13.531
10.40833,323.158,277.769,234.264,146.020,96.916,53.150,29.773,13.486
10.41250,323.248,277.912,234.284,146.052,96.922,53.163,29.740,13.406
10.41667,323.322,277.923,234.310,146.088,96.998,53.185,29.763,13.485
10.42083,323.454,278.035,234.349,146.104,96.990,53.205,29.878,13.556
10.42500,323.429,278.200,234.428,146.133,96.960,53.281,29.843,13.547
10.42917,323.585,278.173,234.547,146.266,96.945,53.235,29.862,13.541
10.43333,323.635,278.262,234.546,146.263,96.999,53.244,29.855,13.463
10.43750,323.707,278.346,234.593,146.297,97.082,53.262,29.812,13.535
10.44167,323.762,278.370,234.647,146.293,97.071,53.267,29.857,13.536
10.44583,323.878,278.374,234.803,146.368,97.086,53.238,29.817,13.568
10.45000,323.999,278.549,234.747,146.385,97.106,53.309,29.893,13.587
10.45417,324.003,278.611,234.858,146.393,97.209,53.336,29.899,13.526
10.45833,324.113,278.657,234.865,146.443,97.197,53.306,29.872,13.521
10.46250,324.208,278.711,234.976,146.548,97.201,53.327,29.944,13.560
10.46667,324.298,278.782,235.041,146.481,97.221,53.287,29.952,13.573
10.47083,324.318,278.808,235.133,146.539,97.307,53.348,29.869,13.610
10.47500,324.413,278.817,235.134,146.630,97.223,53.348,29.939,13.614
10.47917,324.508,279.050,235.145,146.556,97.320,53.338,29.970,13.575
10.48333,324.566,279.040,235.222,146.663,97.317,53.430,29.968,13.512
10.48750,324.623,279.122,235.275,146.710,97.302,53.402,29.976,13.604
10.49167,324.688,279.202,235.369,146.756,97.349,53.491,29.989,13.575
10.49583,324.841,279.282,235.440,146.800,97.386,53.417,29.973,13.544
10.50000,324.921,279.312,235.481,146.795,97.429,53.468,29.992,13.557
10.50417,325.005,279.379,235.581,146.868,97.446,53.517,30.045,13.613
10.50833,325.022,279.418,235.585,146.904,97.468,53.504,29.984,13.577
10.51250,325.134,279.473,235.684,146.876,97.481,53.508,29.983,13.614
10.51667,325.183,279.539,235.745,147.018,97.530,53.478,29.999,13.490
10.52083,325.321,279.589,235.749,146.970,97.523,53.550,30.015,13.542
10.52500,325.410,279.719,235.790,147.023,97.577,53.524,30.053,13.601
10.52917,325.467,279.710,235.802,147.101,97.576,53.606,30.007,13.615
10.53333,325.465,279.851,235.872,147.066,97.544,53.574,30.011,13.611
10.53750,325.594,279.896,235.970,147.161,97.623,53.583,30.036,13.591
10.54167,325.629,279.941,235.984,147.160,97.705,53.590,30.048,13.616
10.54583,325.700,280.031,236.139,147.198,97.638,53.656,30.039,13.563
10.55000,325.792,280.117,236.129,147.189,97.739,53.555,30.031,13.598
10.55417,325.867,280.126,236.163,147.200,97.762,53.626,30.073,13.620
10.55833,325.947,280.239,236.209,147.266,97.760,53.645,30.091,13.636
10.56250,326.012,280.273,236.234,147.284,97.736,53.629,30.122,13.676
10.56667,326.070,280.356,236.273,147.368,97.853,53.594,30.151,13.583
10.57083,326.092,280.442,236.412,147.405,97.749,53.665,30.053,13.635
10.57500,326.191,280.417,236.446,147.396,97.777,53.693,30.090,13.646
10.57917,326.333,280.549,236.479,147.457,97.847,53.668,30.053,13.671
10.58333,326.439,280.611,236.514,147.487,97.910,53.676,30.094,13.651
10.58750,326.497,280.674,236.606,147.493,97.867,53.635,30.136,13.647
10.59167,326.563,280.671,236.653,147.555,97.938,53.729,30.038,13.559
10.59583,326.590,280.704,236.743,147.585,97.959,53.760,30.122,13.615
10.60000,326.670,280.829,236.707,147.639,97.939,53.694,30.146,13.660
10.60417,326.676,280.856,236.757,147.673,98.022,53.763,30.120,13.653
10.60833,326.861,280.948,236.848,147.673,98.021,53.788,30.045,13.586
10.61250,326.929,280.995,236.886,147.666,97.998,53.737,30.182,13.663
10.61667,326.954,281.076,236.919,147.756,98.032,53.766,30.127,13.673
10.62083,327.054,281.217,237.018,147.793,98.068,53.818,30.154,13.663
10.62500,327.076,281.180,237.041,147.819,98.098,53.855,30.250,13.670
10.62917,327.175,281.258,237.166,147.851,98.165,53.874,30.077,13.703
10.63333,327.247,281.416,237.174,147.818,98.138,53.830,30.226,13.733
10.63750,327.336,281.383,237.255,147.860,98.153,53.825,30.101,13.661
10.64167,327.424,281.397,237.282,147.912,98.188,53.864,30.210,13.721
10.64583,327.441,281.519,237.344,147.966,98.181,53.915,30.174,13.653
10.65000,327.548,281.561,237.301,147.944,98.183,53.881,30.184,13.702
10.65417,327.611,281.660,237.402,148.008,98.212,53.926,30.190,13.710
10.65833,327.607,281.726,237.486,148.004,98.262,53.871,30.205,13.723
10.66250,327.697,281.752,237.482,148.055,98.249,53.960,30.203,13.731
10.66667,327.816,281.851,237.547,148.144,98.328,53.933,30.224,13.659
10.67083,327.819,281.826,237.627,148.157,98.297,53.966,30.262,13.663
10.67500,327.955,281.871,237.637,148.160,98.346,53.887,30.185,13.693
10.67917,327.962,281.929,237.650,148.173,98.381,53.931,30.252,13.693
10.68333,328.065,282.003,237.763,148.272,98.396,54.047,30.243,13.716
10.68750,328.136,282.013,237.741,148.258,98.401,53.895,30.245,13.701
10.69167,328.179,282.121,237.898,148.351,98.446,54.068,30.254,13.701
10.69583,328.247,282.205,237.950,148.307,98.399,53.985,30.230,13.742
10.70000,328.334,282.240,237.906,148.367,98.450,54.060,30.254,13.678
10.70417,328.388,282.358,238.009,148.412,98.470,54.084,30.294,13.702
10.70833,328.414,282.339,238.034,148.470,98.473,54.095,30.372,13.675
10.71250,328.501,282.430,238.060,148.471,98.483,54.027,30.262,13.732
10.71667,328.603,282.470,238.196,148.483,98.669,54.042,30.277,13.768
10.72083,328.642,282.466,238.151,148.524,98.530,54.106,30.311,13.779
10.72500,328.729,282.547,238.254,148.541,98.638,54.088,30.285,13.726
10.72917,328.771,282.638,238.260,148.563,98.655,54.149,30.190,13.681
10.73333,328.789,282.684,238.320,148.604,98.646,54.122,30.271,13.648
10.73750,328.956,282.733,238.424,148.572,98.588,54.125,30.268,13.721
10.74167,328.941,282.776,238.392,148.643,98.663,54.189,30.281,13.685
10.74583,329.049,282.837,238.457,148.701,98.694,54.169,30.350,13.724
10.75000,329.043,282.886,238.509,148.741,98.694,54.159,30.355,13.786
10.75417,329.076,282.896,238.561,148.723,98.687,54.186,30.352,13.769
10.75833,329.205,283.076,238.558,148.733,98.757,54.183,30.340,13.692
10.76250,329.251,283.074,238.649,148.815,98.787,54.161,30.370,13.744
10.76667,329.336,283.103,238.675,148.828,98.790,54.225,30.359,13.712
10.77083,329.377,283.166,238.744,148.884,98.708,54.170,30.365,13.808
10.77500,329.473,283.275,238.774,148.854,98.749,54.176,30.435,13.721
10.77917,329.453,283.260,238.824,148.960,98.801,54.234,30.405,13.800
10.78333,329.572,283.304,238.883,148.895,98.861,54.203,30.384,13.743
10.78750,329.631,283.429,238.988,148.969,98.821,54.305,30.415,13.737
10.79167,329.635,283.500,238.912,148.932,98.933,54.310,30.437,13.810
10.79583,329.759,283.463,238.987,149.018,98.954,54.291,30.387,13.772
10.80000,329.800,283.644,239.043,148.979,98.983,54.321,30.425,13.761
10.80417,329.932,283.642,239.019,149.088,98.999,54.240,30.437,13.794
10.80833,329.924,283.670,239.137,149.061,98.952,54.362,30.344,13.772
10.81250,329.942,283.703,239.127,149.125,98.938,54.308,30.415,13.801
10.81667,330.048,283.705,239.222,149.215,98.969,54.358,30.374,13.792
10.82083,330.130,283.755,239.269,149.151,99.057,54.333,30.447,13.887
10.82500,330.251,283.801,239.273,149.163,99.019,54.328,30.486,13.778
10.82917,330.238,283.910,239.409,149.206,99.017,54.335,30.537,13.815
10.83333,330.316,283.917,239.393,149.303,99.060,54.373,30.494,13.805
10.83750,330.354,284.012,239.454,149.201,99.097,54.368,30.464,13.804
10.84167,330.415,284.011,239.476,149.320,99.043,54.349,30.478,13.768
10.84583,330.470,284.109,239.508,149.294,99.094,54.379,30.493,13.795
10.85000,330.570,284.160,239.527,149.401,99.179,54.388,30.447,13.794
10.85417,330.594,284.178,239.571,149.394,99.132,54.374,30.529,13.799
10.85833,330.637,284.282,239.666,149.383,99.212,54.448,30.452,13.845
10.86250,330.737,284.226,239.659,149.450,99.222,54.420,30.494,13.824
10.86667,330.799,284.361,239.722,149.539,99.140,54.506,30.549,13.804
10.87083,330.827,284.361,239.790,149.514,99.239,54.457,30.482,13.830
10.87500,330.845,284.453,239.797,149.514,99.289,54.458,30.558,13.730
10.87917,330.901,284.460,239.820,149.568,99.302,54.462,30.513,13.832
10.88333,330.954,284.551,239.870,149.575,99.273,54.396,30.566,13.818
10.88750,331.027,284.572,239.959,149.613,99.293,54.454,30.504,13.804
10.89167,331.112,284.569,239.926,149.606,99.302,54.482,30.535,13.854
10.89583,331.159,284.665,240.018,149.597,99.302,54.450,30.512,13.767
10.90000,331.208,284.717,240.013,149.657,99.385,54.542,30.533,13.805
10.90417,331.265,284.785,240.040,149.698,99.359,54.495,30.557,13.862
10.90833,331.276,284.801,240.073,149.743,99.405,54.504,30.547,13.819
10.91250,331.364,284.869,240.131,149.716,99.363,54.566,30.586,13.854
10.91667,331.425,284.917,240.219,149.776,99.384,54.560,30.568,13.849
10.92083,331.503,284.885,240.252,149.781,99.428,54.538,30.512,13.819
10.92500,331.514,284.996,240.193,149.869,99.502,54.627,30.518,13.899
10.92917,331.603,285.013,240.387,149.883,99.449,54.514,30.531,13.849
10.93333,331.615,285.092,240.352,149.806,99.482,54.501,30.605,13.920
10.93750,331.666,285.186,240.383,149.909,99.492,54.563,30.623,13.878
10.94167,331.760,285.198,240.380,149.932,99.502,54.629,30.583,13.918
10.94583,331.747,285.227,240.500,149.970,99.517,54.627,30.602,13.842
10.95000,331.797,285.236,240.468,150.001,99.508,54.590,30.501,13.785
10.95417,331.856,285.291,240.522,149.971,99.488,54.662,30.508,13.898
10.95833,331.901,285.397,240.572,150.013,99.561,54.631,30.610,13.825
10.96250,331.998,285.398,240.601,150.036,99.605,54.647,30.636,13.951
10.96667,332.010,285.425,240.671,150.172,99.621,54.623,30.578,13.928
10.97083,332.088,285.540,240.665,150.059,99.622,54.635,30.593,13.877
10.97500,332.161,285.558,240.741,150.107,99.678,54.734,30.619,13.914
10.97917,332.213,285.584,240.773,150.106,99.668,54.755,30.633,13.911
10.98333,332.263,285.613,240.809,150.170,99.677,54.683,30.657,13.883
10.98750,332.259,285.594,240.853,150.134,99.699,54.731,30.641,13.868
10.99167,332.331,285.700,240.977,150.219,99.713,54.723,30.621,13.913
10.99583,332.351,285.731,240.910,150.264,99.739,54.736,30.683,13.939
11.00000,332.500,285.794,241.026,150.268,99.674,54.685,30.638,13.876
11.00417,332.505,285.858,241.055,150.255,99.737,54.748,30.677,13.923
11.00833,332.569,285.840,241.094,150.318,99.741,54.723,30.650,13.857
11.01250,332.625,285.906,241.122,150.330,99.828,54.756,30.637,13.921
11.01667,332.711,285.985,241.111,150.343,99.816,54.777,30.689,13.898
11.02083,332.701,286.027,241.147,150.417,99.816,54.783,30.662,13.867
11.02500,332.809,286.105,241.172,150.381,99.823,54.759,30.633,13.879
11.02917,332.822,286.078,241.216,150.476,99.868,54.790,30.653,13.864
11.03333,332.811,286.156,241.257,150.461,99.895,54.756,30.705,13.922
11.03750,332.895,286.197,241.274,150.466,99.846,54.764,30.730,13.881
11.04167,332.992,286.279,241.293,150.519,99.888,54.801,30.690,13.893
11.04583,332.941,286.284,241.351,150.498,99.834,54.795,30.701,13.947
11.05000,333.019,286.313,241.408,150.529,99.861,54.830,30.742,13.959
11.05417,333.119,286.322,241.421,150.517,99.891,54.819,30.685,13.885
11.05833,333.187,286.377,241.449,150.513,99.954,54.869,30.755,13.909
11.06250,333.199,286.467,241.538,150.576,99.942,54.879,30.744,13.914
11.06667,333.219,286.472,241.588,150.605,99.937,54.896,30.735,13.907
11.07083,333.268,286.541,241.538,150.636,99.947,54.815,30.727,13.879
11.07500,333.371,286.491,241.594,150.651,99.942,54.849,30.802,13.972
11.07917,333.386,286.613,241.665,150.667,100.024,54.890,30.701,13.949
11.08333,333.455,286.655,241.649,150.655,100.040,54.852,30.720,13.949
11.08750,333.503,286.660,241.715,150.671,100.008,54.904,30.753,13.930
11.09167,333.471,286.686,241.782,150.708,100.053,54.907,30.799,13.919
11.09583,333.579,286.783,241.759,150.748,100.123,54.926,30.734,13.936
11.10000,333.620,286.850,241.745,150.887,100.087,54.902,30.722,13.897
11.10417,333.703,286.808,241.836,150.817,100.108,54.969,30.786,13.907
11.10833,333.690,286.940,241.864,150.866,100.145,54.919,30.804,13.941
11.11250,333.779,286.984,241.834,150.876,100.175,54.907,30.781,13.926
11.11667,333.833,286.959,241.924,150.840,100.164,55.018,30.766,13.897
11.12083,333.840,287.050,242.012,150.869,100.139,54.947,30.777,13.905
11.12500,333.942,286.998,242.045,150.963,100.108,54.919,30.791,13.927
11.12917,333.917,287.119,242.039,150.954,100.145,54.958,30.769,13.976
11.13333,334.009,287.124,242.014,150.906,100.122,54.958,30.786,13.987
11.13750,334.000,287.144,242.079,150.975,100.258,55.043,30.811,13.942
11.14167,334.079,287.222,242.150,150.976,100.238,55.044,30.818,13.953
11.14583,334.108,287.174,242.137,151.010,100.286,54.973,30.719,13.885
11.15000,334.085,287.298,242.234,151.054,100.243,55.053,30.826,13.971
11.15417,334.227,287.290,242.220,151.078,100.271,55.025,30.867,13.955
11.15833,334.213,287.341,242.299,151.086,100.286,55.053,30.785,13.960
11.16250,334.340,287.368,242.240,151.054,100.314,55.045,30.831,13.978
11.16667,334.338,287.419,242.318,151.034,100.289,54.995,30.795,13.893
11.17083,334.340,287.481,242.414,151.131,100.342,55.034,30.845,14.021
11.17500,334.446,287.563,242.384,151.168,100.299,55.073,30.814,13.983
11.17917,334.469,287.542,242.434,151.148,100.305,55.077,30.830,13.998
11.18333,334.502,287.533,242.457,151.176,100.353,55.111,30.822,13.938
11.18750,334.568,287.590,242.525,151.209,100.352,55.072,30.864,13.989
11.19167,334.581,287.649,242.503,151.215,100.409,55.127,30.876,13.954
11.19583,334.571,287.669,242.540,151.284,100.371,54.996,30.847,13.972
11.20000,334.720,287.727,242.553,151.305,100.449,55.096,30.889,14.010
11.20417,334.695,287.800,242.665,151.252,100.459,55.181,30.840,13.964
11.20833,334.778,287.755,242.602,151.294,100.465,55.123,30.830,13.962
11.21250,334.829,287.806,242.647,151.327,100.471,55.105,30.880,13.982
11.21667,334.810,287.855,242.628,151.324,100.460,55.092,30.895,13.968
11.22083,334.829,287.896,242.770,151.340,100.519,55.110,30.882,13.981
11.22500,334.906,287.928,242.719,151.340,100.457,55.154,30.863,13.949
11.22917,334.895,287.882,242.726,151.371,100.515,55.135,30.863,13.965
11.23333,334.896,287.963,242.794,151.419,100.528,55.141,30.873,13.947
11.23750,335.086,288.048,242.812,151.437,100.464,55.194,30.914,14.026
11.24167,335.085,288.095,242.806,151.419,100.499,55.095,30.877,13.953
11.24583,335.104,288.065,242.923,151.433,100.479,55.211,30.905,13.992
11.25000,335.241,288.115,242.923,151.429,100.505,55.194,30.913,14.007
11.25417,335.138,288.161,242.958,151.505,100.582,55.122,30.859,14.021
11.25833,335.250,288.155,242.998,151.494,100.585,55.212,30.868,13.995
11.26250,335.329,288.199,242.968,151.515,100.547,55.174,30.902,14.053
11.26667,335.280,288.298,243.083,151.592,100.617,55.287,30.951,13.973
11.27083,335.432,288.242,243.107,151.574,100.687,55.211,30.976,14.018
11.27500,335.331,288.339,243.073,151.593,100.623,55.273,30.920,14.015
11.27917,335.471,288.371,243.087,151.615,100.673,55.194,30.916,13.966
11.28333,335.461,288.324,243.132,151.635,100.642,55.244,30.953,13.977
11.28750,335.497,288.417,243.166,151.663,100.685,55.227,30.942,14.015
11.29167,335.524,288.433,243.187,151.718,100.711,55.223,30.941,14.023
11.29583,335.528,288.510,243.231,151.662,100.617,55.280,30.908,14.083
11.30000,335.660,288.509,243.218,151.713,100.746,55.308,30.978,14.074
11.30417,335.629,288.531,243.330,151.701,100.730,55.248,30.902,14.016
11.30833,335.655,288.649,243.301,151.762,100.680,55.247,30.939,14.032
11.31250,335.761,288.625,243.325,151.715,100.761,55.324,30.972,14.063
11.31667,335.796,288.616,243.389,151.740,100.757,55.250,30.902,14.012
11.32083,335.801,288.734,243.413,151.783,100.765,55.258,30.931,14.073
11.32500,335.881,288.742,243.461,151.798,100.779,55.279,30.923,14.027
11.32917,335.923,288.727,243.452,151.844,100.770,55.273,31.002,14.040
11.33333,335.956,288.803,243.473,151.844,100.813,55.305,30.931,13.988
11.33750,335.961,288.805,243.553,151.857,100.767,55.318,31.042,14.042
11.34167,336.075,288.833,243.486,151.869,100.803,55.379,30.976,14.028
11.34583,335.995,288.914,243.628,151.963,100.812,55.319,30.996,13.942
11.35000,336.060,288.880,243.617,151.868,100.814,55.264,31.028,14.020
11.35417,336.072,288.936,243.624,151.950,100.872,55.344,31.005,14.079
11.35833,336.129,288.956,243.664,151.957,100.824,55.273,30.986,14.008
11.36250,336.171,288.991,243.658,151.923,100.873,55.324,30.961,14.016
11.36667,336.222,289.083,243.732,151.983,100.939,55.397,31.006,13.997
11.37083,336.258,289.054,243.689,151.961,100.853,55.342,30.989,14.055
11.37500,336.304,289.114,243.712,151.971,100.867,55.450,31.019,14.078
11.37917,336.283,289.120,243.842,152.018,100.885,55.354,30.977,14.107
11.38333,336.433,289.123,243.738,151.998,100.934,55.398,31.015,14.022
11.38750,336.391,289.207,243.843,152.036,100.904,55.404,31.037,14.058
11.39167,336.443,289.270,243.867,152.120,100.957,55.427,31.100,14.064
11.39583,336.511,289.230,243.839,152.130,100.954,55.396,30.983,14.031
11.40000,336.474,289.225,243.877,152.081,100.982,55.352,31.052,14.105
11.40417,336.546,289.279,243.927,152.106,100.975,55.422,31.047,14.040
11.40833,336.569,289.334,243.916,152.105,100.985,55.426,31.034,14.097
11.41250,336.652,289.359,243.986,152.129,101.020,55.408,31.017,14.086
11.41667,336.663,289.375,244.013,152.140,101.008,55.439,30.987,14.035
11.42083,336.688,289.435,244.041,152.163,101.006,55.379,31.055,14.132
11.42500,336.644,289.508,244.030,152.235,101.033,55.411,31.009,14.078
11.42917,336.716,289.472,244.083,152.246,100.990,55.403,30.998,14.037
11.43333,336.816,289.552,244.087,152.162,101.030,55.427,31.036,14.069
11.43750,336.772,289.556,244.074,152.239,101.052,55.448,31.096,14.067
11.44167,336.859,289.581,244.178,152.244,101.053,55.450,31.082,14.032
11.44583,336.895,289.606,244.165,152.276,101.100,55.462,31.030,14.149
11.45000,336.895,289.639,244.196,152.234,101.071,55.493,31.090,14.073
11.45417,336.946,289.672,244.219,152.309,101.117,55.488,31.043,14.106
11.45833,337.035,289.629,244.256,152.298,101.111,55.477,31.028,14.085
11.46250,337.005,289.768,244.255,152.337,101.154,55.444,31.122,14.080
11.46667,337.040,289.738,244.282,152.377,101.118,55.504,31.041,14.054
11.47083,337.112,289.714,244.335,152.282,101.080,55.513,31.065,14.076
11.47500,337.055,289.801,244.345,152.388,101.098,55.556,31.059,14.121
11.47917,337.095,289.833,244.393,152.398,101.131,55.456,31.088,14.037
11.48333,337.219,289.833,244.397,152.446,101.164,55.506,31.095,14.102
11.48750,337.233,289.820,244.440,152.459,101.155,55.507,31.017,14.069
11.49167,337.233,289.992,244.429,152.380,101.135,55.488,31.103,14.006
11.49583,337.270,289.939,244.438,152.496,101.206,55.578,31.121,14.101
11.50000,337.299,290.034,244.466,152.438,101.207,55.551,31.051,14.146
11.50417,337.299,290.005,244.464,152.502,101.212,55.567,31.050,14.085
11.50833,337.325,289.970,244.496,152.525,101.271,55.564,31.073,14.068
11.51250,337.379,290.061,244.502,152.522,101.226,55.601,31.121,14.117
11.51667,337.421,290.056,244.508,152.556,101.209,55.594,31.142,13.991
11.52083,337.419,290.161,244.622,152.591,101.223,55.513,31.116,14.091
11.52500,337.536,290.129,244.630,152.461,101.289,55.583,31.074,14.089
11.52917,337.518,290.181,244.651,152.511,101.308,55.582,31.060,14.083
11.53333,337.544,290.175,244.651,152.579,101.286,55.585,31.106,14.110
11.53750,337.511,290.146,244.647,152.567,101.244,55.599,31.153,14.139
11.54167,337.624,290.234,244.740,152.630,101.273,55.594,31.127,14.102
11.54583,337.599,290.237,244.761,152.603,101.295,55.584,31.141,14.108
11.55000,337.689,290.251,244.694,152.573,101.289,55.632,31.164,14.037
11.55417,337.725,290.266,244.756,152.668,101.349,55.581,31.072,14.078
11.55833,337.750,290.351,244.805,152.683,101.322,55.595,31.184,14.123
11.56250,337.742,290.356,244.798,152.657,101.386,55.623,31.134,14.109
11.56667,337.782,290.341,244.848,152.695,101.387,55.682,31.098,14.100
11.57083,337.810,290.485,244.844,152.673,101.356,55.672,31.196,14.209
11.57500,337.873,290.489,244.794,152.717,101.351,55.598,31.103,14.147
11.57917,337.880,290.429,244.845,152.789,101.391,55.626,31.112,14.127
11.58333,337.892,290.435,244.867,152.675,101.421,55.627,31.144,14.150
11.58750,337.901,290.503,244.908,152.806,101.423,55.668,31.077,14.074
11.59167,337.906,290.502,244.910,152.700,101.450,55.656,31.142,14.122
11.59583,337.988,290.540,244.968,152.850,101.347,55.659,31.121,14.161
11.60000,338.065,290.632,244.957,152.766,101.426,55.652,31.210,14.156
11.60417,338.057,290.657,245.020,152.786,101.530,55.671,31.167,14.161
11.60833,338.038,290.646,244.998,152.793,101.534,55.675,31.247,14.131
11.61250,338.144,290.673,245.080,152.799,101.484,55.698,31.206,14.139
11.61667,338.165,290.673,245.070,152.875,101.476,55.659,31.187,14.075
11.62083,338.227,290.675,245.092,152.851,101.469,55.698,31.189,14.212
11.62500,338.168,290.666,245.128,152.858,101.420,55.677,31.165,14.176
11.62917,338.202,290.685,245.122,152.900,101.481,55.659,31.213,14.130
11.63333,338.259,290.761,245.169,152.862,101.449,55.723,31.172,14.159
11.63750,338.354,290.802,245.208,152.923,101.576,55.706,31.185,14.147
11.64167,338.296,290.876,245.221,152.880,101.481,55.774,31.220,14.095
11.64583,338.330,290.831,245.198,152.897,101.480,55.710,31.179,14.216
11.65000,338.337,290.896,245.244,152.949,101.580,55.698,31.163,14.101
11.65417,338.327,290.893,245.247,152.918,101.610,55.705,31.226,14.116
11.65833,338.419,290.890,245.297,152.928,101.595,55.720,31.181,14.083
11.66250,338.418,290.916,245.347,152.971,101.567,55.704,31.275,14.108
11.66667,338.447,290.944,245.307,152.993,101.563,55.699,31.261,14.110
11.67083,338.467,291.018,245.379,152.955,101.606,55.768,31.219,14.165
11.67500,338.566,291.004,245.357,153.016,101.554,55.780,31.199,14.131
11.67917,338.617,291.044,245.344,153.000,101.598,55.738,31.145,14.176
11.68333,338.581,291.064,245.390,153.029,101.604,55.758,31.223,14.114
11.68750,338.579,291.046,245.440,153.098,101.576,55.776,31.279,14.158
11.69167,338.647,291.075,245.411,153.137,101.656,55.754,31.298,14.183
11.69583,338.642,291.116,245.465,153.115,101.593,55.770,31.194,14.103
11.70000,338.660,291.143,245.518,153.139,101.551,55.705,31.180,14.120
11.70417,338.661,291.223,245.502,153.123,101.681,55.773,31.195,14.113
11.70833,338.748,291.229,245.528,153.076,101.611,55.807,31.250,14.100
11.71250,338.705,291.132,245.521,153.143,101.680,55.757,31.229,14.100
11.71667,338.772,291.209,245.546,153.143,101.647,55.752,31.281,14.168
11.72083,338.844,291.257,245.594,153.093,101.646,55.851,31.215,14.084
11.72500,338.857,291.278,245.606,153.192,101.712,55.848,31.259,14.145
11.72917,338.851,291.232,245.594,153.106,101.635,55.817,31.153,14.118
11.73333,338.927,291.275,245.567,153.152,101.631,55.774,31.241,14.178
11.73750,338.861,291.328,245.580,153.200,101.711,55.846,31.208,14.129
11.74167,338.914,291.454,245.625,153.235,101.718,55.797,31.264,14.134
11.74583,338.936,291.336,245.700,153.238,101.661,55.824,31.287,14.149
11.75000,338.920,291.378,245.706,153.227,101.740,55.760,31.277,14.231
11.75417,339.027,291.450,245.733,153.223,101.726,55.800,31.300,14.186
11.75833,339.018,291.504,245.698,153.253,101.736,55.827,31.248,14.083
11.76250,339.085,291.507,245.802,153.269,101.777,55.762,31.277,14.188
11.76667,339.106,291.483,245.757,153.313,101.713,55.818,31.293,14.148
11.77083,339.090,291.412,245.737,153.271,101.695,55.819,31.242,14.142
11.77500,339.162,291.535,245.813,153.331,101.779,55.844,31.246,14.127
11.77917,339.199,291.558,245.805,153.373,101.805,55.829,31.317,14.213
11.78333,339.170,291.537,245.781,153.295,101.754,55.872,31.252,14.194
11.78750,339.160,291.605,245.885,153.347,101.816,55.892,31.261,14.242
11.79167,339.230,291.602,245.865,153.364,101.760,55.927,31.262,14.147
11.79583,339.258,291.679,245.868,153.416,101.831,55.848,31.335,14.185
11.80000,339.322,291.644,245.921,153.369,101.805,55.833,31.286,14.203
11.80417,339.298,291.678,245.924,153.444,101.746,55.896,31.260,14.149
11.80833,339.296,291.658,245.931,153.377,101.827,55.860,31.293,14.166
11.81250,339.349,291.721,245.944,153.406,101.774,55.932,31.219,14.138
11.81667,339.364,291.778,246.018,153.393,101.811,55.941,31.337,14.208
11.82083,339.385,291.795,245.931,153.404,101.872,55.861,31.341,14.172
11.82500,339.441,291.795,245.996,153.423,101.816,55.955,31.240,14.203
11.82917,339.466,291.757,246.073,153.411,101.825,55.908,31.302,14.158
11.83333,339.423,291.869,245.997,153.479,101.853,55.944,31.300,14.174
11.83750,339.499,291.850,246.062,153.461,101.901,55.948,31.326,14.158
11.84167,339.523,291.818,246.088,153.463,101.930,55.935,31.277,14.153
11.84583,339.482,291.916,246.059,153.494,101.923,55.918,31.317,14.136
11.85000,339.511,291.856,246.180,153.471,101.938,55.907,31.277,14.226
11.85417,339.568,291.910,246.142,153.486,101.828,55.919,31.318,14.144
11.85833,339.602,291.945,246.111,153.493,101.891,55.896,31.312,14.218
11.86250,339.570,291.934,246.119,153.526,101.941,55.931,31.335,14.188
11.86667,339.593,291.980,246.192,153.517,101.914,55.923,31.263,14.196
11.87083,339.633,291.989,246.155,153.588,101.874,55.910,31.320,14.218
11.87500,339.661,291.959,246.193,153.576,101.969,56.001,31.355,14.138
11.87917,339.726,291.999,246.182,153.620,101.919,55.970,31.277,14.193
11.88333,339.732,292.124,246.170,153.509,101.983,55.990,31.308,14.189
11.88750,339.793,292.080,246.221,153.563,101.941,55.965,31.313,14.141
11.89167,339.780,292.112,246.171,153.600,101.942,55.961,31.346,14.198
11.89583,339.856,292.102,246.269,153.551,101.927,55.968,31.266,14.179
11.90000,339.769,292.133,246.347,153.646,101.961,55.877,31.308,14.191
11.90417,339.813,292.149,246.306,153.610,102.004,55.942,31.335,14.152
11.90833,339.847,292.146,246.358,153.659,102.005,55.964,31.335,14.185
11.91250,339.880,292.193,246.350,153.646,102.025,55.961,31.357,14.191
11.91667,339.960,292.196,246.337,153.631,102.027,55.967,31.251,14.180
11.92083,339.874,292.199,246.352,153.675,102.001,56.006,31.331,14.164
11.92500,339.942,292.329,246.325,153.568,102.077,55.994,31.368,14.221
11.92917,339.965,292.272,246.419,153.660,102.008,56.011,31.347,14.273
11.93333,339.986,292.294,246.384,153.730,101.970,55.988,31.361,14.160
11.93750,340.042,292.279,246.496,153.712,101.978,55.953,31.292,14.176
11.94167,340.014,292.255,246.498,153.716,102.063,56.006,31.384,14.156
11.94583,340.033,292.318,246.440,153.661,102.129,55.989,31.307,14.170
11.95000,340.040,292.320,246.480,153.782,102.077,55.985,31.318,14.187
11.95417,340.115,292.330,246.503,153.717,102.075,55.998,31.327,14.217
11.95833,340.065,292.337,246.508,153.738,102.113,55.974,31.288,14.185
11.96250,340.070,292.429,246.549,153.788,102.086,56.122,31.388,14.186
11.96667,340.167,292.457,246.555,153.782,102.060,56.008,31.332,14.224
11.97083,340.109,292.472,246.509,153.767,102.128,55.979,31.345,14.255
11.97500,340.145,292.447,246.525,153.748,102.075,55.992,31.374,14.240
11.97917,340.235,292.438,246.602,153.812,102.012,56.094,31.340,14.150
11.98333,340.244,292.479,246.582,153.760,102.081,56.071,31.403,14.200
11.98750,340.253,292.479,246.585,153.842,102.097,56.073,31.381,14.190
11.99167,340.282,292.461,246.596,153.767,102.146,56.051,31.389,14.206
11.99583,340.292,292.522,246.642,153.822,102.183,56.049,31.419,14.148
12.00000,340.281,292.539,246.707,153.847,102.208,56.036,31.305,14.197
