time_min,A246_mAU,A254_mAU,A261_mAU,A273_mAU,A290_mAU,A324_mAU,A350_mAU,A445_mAU
0.00000,32.026,26.089,23.516,13.379,9.803,4.773,3.478,1.100
0.00417,32.050,26.228,23.494,13.376,9.832,4.785,3.525,1.034
0.00833,32.077,26.252,23.553,13.456,9.792,4.789,3.493,1.124
0.01250,32.094,26.256,23.580,13.457,9.736,4.685,3.467,1.129
0.01667,32.156,26.252,23.633,13.406,9.824,4.733,3.445,1.047
0.02083,32.172,26.270,23.677,13.458,9.825,4.736,3.509,1.081
0.02500,32.211,26.347,23.683,13.489,9.875,4.743,3.453,1.164
0.02917,32.227,26.345,23.626,13.420,9.762,4.731,3.507,1.063
0.03333,32.250,26.351,23.675,13.537,9.869,4.799,3.459,1.122
0.03750,32.297,26.359,23.702,13.470,9.907,4.773,3.528,1.115
0.04167,32.343,26.437,23.726,13.543,9.860,4.790,3.450,1.044
0.04583,32.267,26.492,23.741,13.559,9.940,4.840,3.581,1.122
0.05000,32.340,26.457,23.773,13.550,9.894,4.812,3.486,1.093
0.05417,32.400,26.479,23.712,13.559,9.934,4.771,3.495,1.095
0.05833,32.475,26.575,23.859,13.533,9.992,4.852,3.514,1.149
0.06250,32.453,26.537,23.801,13.618,9.952,4.794,3.583,1.121
0.06667,32.496,26.567,23.889,13.669,9.895,4.870,3.562,1.106
0.07083,32.519,26.680,23.877,13.612,9.973,4.841,3.500,1.100
0.07500,32.584,26.598,23.934,13.679,9.971,4.830,3.502,1.071
0.07917,32.609,26.609,23.836,13.631,9.971,4.846,3.514,1.081
0.08333,32.535,26.659,23.971,13.676,10.006,4.846,3.494,1.117
0.08750,32.610,26.720,23.998,13.631,10.000,4.898,3.550,1.148
0.09167,32.705,26.697,24.023,13.645,9.990,4.834,3.561,1.114
0.09583,32.692,26.723,24.003,13.689,9.986,4.906,3.617,1.100
0.10000,32.724,26.815,23.969,13.691,9.988,4.904,3.520,1.108
0.10417,32.761,26.799,24.072,13.763,10.030,4.922,3.436,1.079
0.10833,32.810,26.869,24.023,13.726,10.054,4.865,3.614,1.094
0.11250,32.841,26.895,24.046,13.689,10.065,4.837,3.517,1.108
0.11667,32.869,26.898,24.045,13.788,10.076,4.871,3.591,1.070
0.12083,32.846,26.881,24.103,13.806,10.124,4.901,3.497,1.150
0.12500,32.897,26.917,24.118,13.773,10.071,4.875,3.563,1.125
0.12917,32.944,27.009,24.172,13.786,10.026,4.886,3.595,1.096
0.13333,32.945,27.022,24.201,13.876,10.071,4.885,3.570,1.118
0.13750,33.035,27.011,24.200,13.824,10.056,4.929,3.604,1.136
0.14167,32.996,27.101,24.167,13.869,10.107,4.920,3.589,1.169
0.14583,33.024,27.043,24.298,13.821,10.148,4.851,3.573,1.120
0.15000,33.136,27.074,24.299,13.862,10.184,4.921,3.587,1.142
0.15417,33.168,27.169,24.317,13.949,10.088,4.944,3.585,1.133
0.15833,33.133,27.153,24.250,13.887,10.213,4.960,3.553,1.165
0.16250,33.156,27.210,24.381,13.876,10.144,4.986,3.589,1.080
0.16667,33.226,27.212,24.356,13.923,10.106,4.951,3.563,1.122
0.17083,33.249,27.257,24.388,13.890,10.182,5.012,3.562,1.146
0.17500,33.280,27.252,24.443,13.975,10.180,4.972,3.559,1.086
0.17917,33.279,27.253,24.453,14.011,10.252,4.920,3.588,1.115
0.18333,33.344,27.396,24.450,13.991,10.183,5.057,3.602,1.137
0.18750,33.369,27.344,24.556,14.050,10.153,5.014,3.599,1.161
0.19167,33.413,27.370,24.485,14.057,10.229,4.957,3.632,1.197
0.19583,33.422,27.454,24.524,14.010,10.304,4.968,3.665,1.093
0.20000,33.508,27.405,24.513,14.070,10.286,4.978,3.614,1.119
0.20417,33.430,27.423,24.561,14.131,10.253,4.994,3.675,1.144
0.20833,33.564,27.487,24.588,14.056,10.287,5.073,3.654,1.152
0.21250,33.526,27.459,24.589,14.035,10.322,4.988,3.522,1.119
0.21667,33.630,27.541,24.666,14.054,10.283,5.054,3.573,1.190
0.22083,33.662,27.557,24.609,14.065,10.327,4.974,3.657,1.068
0.22500,33.667,27.555,24.699,14.108,10.325,4.972,3.634,1.142
0.22917,33.609,27.648,24.642,14.212,10.352,5.030,3.677,1.146
0.23333,33.712,27.684,24.715,14.163,10.380,5.024,3.669,1.185
0.23750,33.714,27.679,24.732,14.151,10.338,4.998,3.631,1.145
0.24167,33.725,27.713,24.763,14.208,10.363,5.080,3.629,1.111
0.24583,33.791,27.718,24.807,14.263,10.358,5.045,3.664,1.189
0.25000,33.836,27.716,24.857,14.178,10.367,5.077,3.665,1.205
0.25417,33.816,27.809,24.821,14.284,10.377,5.021,3.655,1.156
0.25833,33.862,27.845,24.920,14.278,10.342,5.104,3.639,1.145
0.26250,33.946,27.834,24.921,14.255,10.362,5.119,3.617,1.137
0.26667,33.924,27.809,24.948,14.261,10.353,5.111,3.694,1.191
0.27083,33.996,27.871,24.917,14.261,10.410,5.040,3.636,1.154
0.27500,34.008,27.896,24.957,14.326,10.389,5.103,3.657,1.210
0.27917,34.030,27.986,24.999,14.279,10.492,5.097,3.727,1.139
0.28333,34.121,27.996,25.017,14.335,10.428,5.042,3.658,1.116
0.28750,34.140,28.075,25.051,14.354,10.489,5.144,3.636,1.213
0.29167,34.212,28.001,25.071,14.432,10.491,5.119,3.688,1.194
0.29583,34.190,28.010,25.106,14.420,10.468,5.078,3.671,1.212
0.30000,34.281,28.065,25.039,14.352,10.448,5.132,3.707,1.150
0.30417,34.285,28.074,25.098,14.397,10.433,5.115,3.669,1.106
0.30833,34.289,28.139,25.153,14.453,10.502,5.178,3.632,1.124
0.31250,34.359,28.185,25.143,14.458,10.555,5.086,3.566,1.201
0.31667,34.382,28.194,25.179,14.476,10.552,5.145,3.678,1.143
0.32083,34.414,28.174,25.288,14.480,10.534,5.127,3.713,1.125
0.32500,34.403,28.276,25.252,14.500,10.567,5.136,3.736,1.131
0.32917,34.506,28.308,25.339,14.559,10.556,5.172,3.664,1.227
0.33333,34.475,28.350,25.295,14.567,10.659,5.185,3.726,1.219
0.33750,34.591,28.360,25.293,14.518,10.609,5.187,3.692,1.201
0.34167,34.595,28.332,25.341,14.587,10.606,5.179,3.715,1.209
0.34583,34.626,28.374,25.339,14.514,10.585,5.148,3.684,1.140
0.35000,34.651,28.505,25.456,14.576,10.563,5.197,3.732,1.182
0.35417,34.717,28.437,25.421,14.603,10.606,5.179,3.694,1.197
0.35833,34.680,28.497,25.438,14.610,10.580,5.150,3.738,1.113
0.36250,34.749,28.474,25.489,14.622,10.634,5.153,3.773,1.237
0.36667,34.753,28.570,25.561,14.624,10.670,5.208,3.733,1.258
0.37083,34.791,28.622,25.557,14.608,10.596,5.191,3.729,1.193
0.37500,34.851,28.571,25.613,14.701,10.644,5.247,3.693,1.199
0.37917,34.876,28.658,25.581,14.692,10.619,5.225,3.729,1.220
0.38333,34.906,28.643,25.581,14.675,10.696,5.227,3.803,1.202
0.38750,34.990,28.676,25.597,14.699,10.752,5.271,3.799,1.196
0.39167,34.979,28.693,25.601,14.777,10.697,5.231,3.765,1.186
0.39583,35.044,28.720,25.653,14.784,10.736,5.245,3.757,1.171
0.40000,35.045,28.827,25.703,14.811,10.710,5.228,3.796,1.134
0.40417,35.090,28.870,25.682,14.796,10.719,5.206,3.745,1.204
0.40833,35.093,28.799,25.822,14.779,10.758,5.254,3.708,1.270
0.41250,35.231,28.902,25.788,14.814,10.849,5.199,3.768,1.226
0.41667,35.146,28.905,25.782,14.822,10.789,5.305,3.771,1.244
0.42083,35.283,28.964,25.818,14.866,10.860,5.313,3.699,1.160
0.42500,35.317,28.958,25.955,14.835,10.830,5.276,3.753,1.243
0.42917,35.282,29.015,25.854,14.888,10.830,5.257,3.704,1.243
0.43333,35.420,29.004,25.953,14.855,10.859,5.311,3.806,1.197
0.43750,35.388,29.011,25.918,14.897,10.888,5.341,3.817,1.180
0.44167,35.390,29.122,25.926,14.937,10.783,5.273,3.788,1.168
0.44583,35.474,29.073,26.017,14.981,10.882,5.293,3.753,1.193
0.45000,35.500,29.109,26.024,15.011,10.800,5.318,3.810,1.229
0.45417,35.541,29.196,25.974,15.047,10.859,5.374,3.854,1.200
0.45833,35.569,29.185,26.080,15.040,10.832,5.295,3.756,1.180
0.46250,35.611,29.255,26.114,15.053,10.923,5.330,3.823,1.220
0.46667,35.648,29.251,26.086,15.046,10.951,5.388,3.781,1.243
0.47083,35.681,29.369,26.168,15.062,10.996,5.321,3.809,1.224
0.47500,35.716,29.410,26.183,15.100,10.837,5.357,3.786,1.272
0.47917,35.757,29.351,26.207,15.075,10.943,5.378,3.739,1.221
0.48333,35.755,29.400,26.184,15.099,10.938,5.365,3.828,1.193
0.48750,35.832,29.487,26.252,15.110,10.883,5.355,3.831,1.223
0.49167,35.883,29.470,26.265,15.126,11.016,5.353,3.891,1.231
0.49583,35.919,29.507,26.313,15.188,10.934,5.385,3.818,1.230
0.50000,35.974,29.552,26.308,15.177,10.994,5.405,3.816,1.236
0.50417,35.954,29.648,26.427,15.164,11.005,5.423,3.828,1.230
0.50833,36.023,29.562,26.391,15.170,11.034,5.386,3.912,1.277
0.51250,36.077,29.682,26.492,15.244,10.965,5.415,3.762,1.234
0.51667,36.084,29.722,26.456,15.224,11.031,5.392,3.843,1.224
0.52083,36.105,29.693,26.395,15.250,11.039,5.413,3.826,1.203
0.52500,36.191,29.763,26.447,15.323,11.096,5.479,3.830,1.268
0.52917,36.244,29.787,26.519,15.239,11.118,5.477,3.816,1.269
0.53333,36.210,29.738,26.524,15.267,11.131,5.398,3.901,1.232
0.53750,36.295,29.832,26.621,15.412,11.096,5.472,3.871,1.229
0.54167,36.303,29.951,26.604,15.301,11.114,5.408,3.902,1.240
0.54583,36.417,29.935,26.649,15.382,11.096,5.561,3.895,1.234
0.55000,36.392,29.914,26.642,15.331,11.106,5.492,3.875,1.219
0.55417,36.487,30.021,26.711,15.381,11.150,5.416,3.858,1.257
0.55833,36.496,30.012,26.697,15.449,11.232,5.442,3.886,1.292
0.56250,36.465,30.029,26.716,15.500,11.178,5.446,3.873,1.264
0.56667,36.584,30.014,26.783,15.428,11.246,5.417,3.869,1.256
0.57083,36.662,30.076,26.805,15.430,11.183,5.535,3.904,1.202
0.57500,36.599,30.158,26.797,15.407,11.171,5.529,3.873,1.293
0.57917,36.701,30.171,26.859,15.499,11.243,5.515,3.967,1.236
0.58333,36.742,30.241,26.926,15.548,11.252,5.517,3.912,1.299
0.58750,36.766,30.210,26.912,15.540,11.218,5.544,3.879,1.343
0.59167,36.835,30.208,26.941,15.492,11.231,5.555,3.853,1.293
0.59583,36.848,30.319,26.972,15.556,11.257,5.605,3.915,1.295
0.60000,36.851,30.386,26.997,15.506,11.253,5.543,3.941,1.308
0.60417,36.961,30.359,27.069,15.611,11.297,5.526,3.918,1.270
0.60833,36.960,30.404,27.042,15.616,11.245,5.597,3.902,1.310
0.61250,37.089,30.481,27.094,15.632,11.424,5.523,3.931,1.283
0.61667,37.103,30.395,27.148,15.657,11.308,5.593,3.918,1.251
0.62083,37.117,30.500,27.087,15.619,11.303,5.633,3.890,1.296
0.62500,37.096,30.565,27.214,15.756,11.329,5.599,3.965,1.273
0.62917,37.172,30.537,27.249,15.711,11.339,5.600,3.891,1.303
0.63333,37.186,30.571,27.141,15.700,11.319,5.648,3.945,1.300
0.63750,37.253,30.624,27.218,15.744,11.371,5.593,3.925,1.289
0.64167,37.251,30.659,27.290,15.742,11.426,5.653,3.998,1.297
0.64583,37.364,30.709,27.284,15.803,11.447,5.677,3.952,1.275
0.65000,37.398,30.722,27.343,15.718,11.401,5.593,3.960,1.291
0.65417,37.446,30.774,27.324,15.773,11.465,5.687,3.997,1.254
0.65833,37.388,30.846,27.383,15.787,11.505,5.538,4.039,1.354
0.66250,37.488,30.812,27.399,15.810,11.462,5.674,3.977,1.247
0.66667,37.559,30.918,27.452,15.818,11.469,5.688,3.954,1.299
0.67083,37.592,30.872,27.497,15.879,11.454,5.690,3.953,1.270
0.67500,37.681,30.889,27.529,15.937,11.445,5.707,4.016,1.345
0.67917,37.686,31.002,27.581,16.005,11.558,5.721,4.001,1.363
0.68333,37.758,31.070,27.591,15.958,11.518,5.717,3.925,1.347
0.68750,37.779,31.015,27.597,15.964,11.508,5.662,4.037,1.359
0.69167,37.765,31.059,27.638,16.008,11.548,5.712,4.001,1.264
0.69583,37.763,31.096,27.743,16.020,11.576,5.721,4.051,1.392
0.70000,37.800,31.185,27.731,16.025,11.498,5.666,4.045,1.291
0.70417,37.923,31.117,27.748,16.066,11.586,5.695,3.999,1.282
0.70833,37.949,31.241,27.770,16.018,11.594,5.750,4.040,1.272
0.71250,38.005,31.228,27.794,16.047,11.560,5.680,4.014,1.292
0.71667,38.047,31.377,27.865,16.120,11.598,5.736,4.084,1.306
0.72083,38.058,31.361,27.838,16.103,11.588,5.742,4.025,1.320
0.72500,38.132,31.439,27.891,16.085,11.590,5.774,4.076,1.341
0.72917,38.056,31.383,27.893,16.153,11.660,5.767,4.093,1.382
0.73333,38.200,31.470,27.960,16.177,11.641,5.816,4.095,1.306
0.73750,38.224,31.502,28.026,16.217,11.660,5.821,4.058,1.320
0.74167,38.201,31.517,28.005,16.236,11.676,5.790,4.065,1.276
0.74583,38.320,31.611,27.993,16.216,11.742,5.840,4.074,1.377
0.75000,38.367,31.600,28.041,16.256,11.737,5.827,4.079,1.350
0.75417,38.425,31.719,28.163,16.260,11.715,5.812,4.060,1.368
0.75833,38.445,31.692,28.130,16.313,11.835,5.871,4.075,1.314
0.76250,38.522,31.714,28.196,16.304,11.798,5.849,4.099,1.343
0.76667,38.574,31.764,28.251,16.344,11.821,5.816,4.078,1.327
0.77083,38.537,31.821,28.203,16.360,11.810,5.861,4.039,1.390
0.77500,38.662,31.800,28.252,16.372,11.777,5.781,4.015,1.356
0.77917,38.682,31.837,28.317,16.434,11.808,5.781,4.053,1.330
0.78333,38.717,31.879,28.347,16.356,11.874,5.804,4.057,1.356
0.78750,38.777,31.987,28.293,16.379,11.815,5.845,4.115,1.303
0.79167,38.806,32.018,28.450,16.474,11.910,5.843,4.062,1.359
0.79583,38.821,32.066,28.420,16.464,11.882,5.893,4.091,1.298
0.80000,38.881,32.097,28.469,16.526,11.878,5.900,4.115,1.338
0.80417,38.973,32.085,28.453,16.515,11.848,5.926,4.087,1.352
0.80833,39.013,32.149,28.452,16.504,11.961,5.951,4.131,1.343
0.81250,39.040,32.218,28.475,16.550,11.921,5.892,4.090,1.335
0.81667,39.092,32.268,28.576,16.516,11.911,5.875,4.079,1.360
0.82083,39.149,32.227,28.631,16.604,12.005,5.845,4.106,1.388
0.82500,39.169,32.248,28.631,16.614,11.936,5.876,4.193,1.380
0.82917,39.244,32.324,28.601,16.675,11.934,5.950,4.131,1.442
0.83333,39.221,32.373,28.718,16.689,11.953,5.897,4.172,1.407
0.83750,39.327,32.352,28.717,16.636,12.000,5.994,4.160,1.379
0.84167,39.373,32.457,28.730,16.650,11.989,5.984,4.092,1.375
0.84583,39.401,32.446,28.784,16.777,11.989,6.004,4.091,1.390
0.85000,39.422,32.458,28.778,16.748,12.021,5.921,4.177,1.342
0.85417,39.412,32.547,28.923,16.738,12.053,5.978,4.148,1.330
0.85833,39.498,32.568,28.903,16.772,12.079,5.995,4.158,1.377
0.86250,39.685,32.626,28.954,16.789,12.124,6.024,4.134,1.420
0.86667,39.623,32.677,28.948,16.859,12.128,6.047,4.162,1.382
0.87083,39.680,32.741,28.924,16.824,12.100,5.955,4.131,1.365
0.87500,39.744,32.711,29.027,16.904,12.167,6.009,4.221,1.366
0.87917,39.779,32.821,29.038,16.846,12.116,5.960,4.141,1.374
0.88333,39.787,32.868,29.126,16.851,12.170,6.066,4.145,1.389
0.88750,39.841,32.853,29.100,16.920,12.125,6.027,4.224,1.395
0.89167,39.891,32.881,29.210,16.945,12.145,6.033,4.173,1.349
0.89583,39.911,32.977,29.169,16.933,12.224,6.074,4.164,1.411
0.90000,39.993,33.019,29.240,16.920,12.193,6.013,4.214,1.407
0.90417,40.023,33.059,29.285,17.039,12.220,6.104,4.176,1.373
0.90833,40.048,33.105,29.386,16.958,12.201,6.066,4.228,1.379
0.91250,40.159,33.134,29.334,16.966,12.221,6.120,4.259,1.405
0.91667,40.197,33.182,29.362,17.051,12.252,6.133,4.229,1.419
0.92083,40.202,33.179,29.365,17.062,12.203,6.095,4.209,1.434
0.92500,40.283,33.184,29.411,17.100,12.257,6.091,4.261,1.430
0.92917,40.391,33.281,29.456,17.093,12.307,6.176,4.205,1.444
0.93333,40.368,33.275,29.531,17.194,12.320,6.140,4.240,1.370
0.93750,40.441,33.420,29.499,17.197,12.290,6.113,4.312,1.433
0.94167,40.502,33.384,29.661,17.217,12.309,6.194,4.250,1.405
0.94583,40.463,33.445,29.671,17.213,12.315,6.184,4.301,1.392
0.95000,40.482,33.482,29.587,17.202,12.374,6.174,4.225,1.426
0.95417,40.633,33.570,29.698,17.220,12.407,6.151,4.298,1.490
0.95833,40.704,33.589,29.759,17.270,12.441,6.110,4.243,1.479
0.96250,40.662,33.651,29.810,17.301,12.397,6.191,4.315,1.449
0.96667,40.743,33.630,29.785,17.326,12.393,6.183,4.287,1.407
0.97083,40.742,33.665,29.813,17.374,12.485,6.233,4.244,1.437
0.97500,40.875,33.756,29.870,17.401,12.444,6.274,4.278,1.447
0.97917,40.952,33.814,29.870,17.395,12.478,6.131,4.297,1.470
0.98333,40.984,33.814,29.889,17.356,12.515,6.235,4.299,1.475
0.98750,41.036,33.864,29.938,17.365,12.511,6.267,4.273,1.468
0.99167,41.077,33.902,30.056,17.458,12.568,6.282,4.292,1.483
0.99583,41.044,33.972,30.001,17.443,12.520,6.245,4.269,1.508
1.00000,41.170,33.986,30.081,17.498,12.501,6.265,4.287,1.428
1.00417,41.236,34.021,30.206,17.491,12.570,6.226,4.376,1.465
1.00833,41.293,34.074,30.181,17.540,12.557,6.211,4.336,1.410
1.01250,41.342,34.181,30.204,17.535,12.570,6.281,4.322,1.456
1.01667,41.333,34.156,30.195,17.520,12.649,6.335,4.350,1.429
1.02083,41.366,34.237,30.221,17.659,12.667,6.313,4.342,1.459
1.02500,41.503,34.195,30.333,17.647,12.613,6.274,4.283,1.484
1.02917,41.540,34.343,30.386,17.676,12.644,6.234,4.353,1.468
1.03333,41.572,34.329,30.453,17.613,12.727,6.271,4.274,1.438
1.03750,41.636,34.401,30.422,17.673,12.604,6.415,4.369,1.445
1.04167,41.662,34.433,30.496,17.760,12.669,6.285,4.278,1.521
1.04583,41.704,34.534,30.500,17.796,12.728,6.348,4.386,1.473
1.05000,41.803,34.551,30.547,17.741,12.735,6.312,4.314,1.493
1.05417,41.929,34.573,30.574,17.757,12.750,6.347,4.374,1.458
1.05833,41.937,34.648,30.598,17.849,12.867,6.346,4.415,1.455
1.06250,41.940,34.682,30.672,17.802,12.699,6.410,4.392,1.406
1.06667,41.961,34.735,30.704,17.850,12.802,6.356,4.363,1.495
1.07083,42.108,34.780,30.719,17.887,12.790,6.374,4.413,1.484
1.07500,42.159,34.870,30.774,17.895,12.765,6.482,4.365,1.518
1.07917,42.146,34.903,30.841,17.937,12.843,6.333,4.350,1.493
1.08333,42.330,34.916,30.838,17.980,12.820,6.443,4.362,1.415
1.08750,42.320,34.960,30.923,18.017,12.862,6.480,4.453,1.481
1.09167,42.332,35.049,30.919,18.034,12.873,6.411,4.362,1.479
1.09583,42.428,35.114,30.967,18.033,12.855,6.472,4.388,1.521
1.10000,42.510,35.130,31.043,18.023,12.917,6.462,4.400,1.490
1.10417,42.603,35.241,31.136,18.067,12.908,6.401,4.412,1.478
1.10833,42.617,35.228,31.082,18.078,12.944,6.463,4.394,1.537
1.11250,42.652,35.332,31.122,18.056,12.968,6.447,4.460,1.559
1.11667,42.828,35.433,31.225,18.112,12.920,6.467,4.421,1.456
1.12083,42.861,35.386,31.269,18.218,12.982,6.467,4.399,1.510
1.12500,42.893,35.542,31.347,18.150,13.023,6.541,4.498,1.530
1.12917,43.041,35.575,31.376,18.237,13.020,6.518,4.480,1.490
1.13333,43.010,35.599,31.417,18.217,13.067,6.507,4.436,1.496
1.13750,43.165,35.723,31.473,18.306,13.082,6.521,4.438,1.534
1.14167,43.164,35.804,31.500,18.282,13.047,6.573,4.472,1.456
1.14583,43.289,35.834,31.673,18.344,13.094,6.590,4.468,1.597
1.15000,43.388,35.908,31.651,18.445,13.071,6.568,4.522,1.500
1.15417,43.399,36.019,31.713,18.423,13.179,6.568,4.496,1.434
1.15833,43.567,36.015,31.803,18.464,13.220,6.526,4.479,1.560
1.16250,43.666,36.103,31.833,18.490,13.129,6.624,4.470,1.557
1.16667,43.702,36.311,31.891,18.522,13.157,6.632,4.465,1.538
1.17083,43.824,36.280,31.950,18.479,13.182,6.619,4.496,1.544
1.17500,43.993,36.416,32.059,18.502,13.245,6.664,4.480,1.572
1.17917,44.011,36.448,32.091,18.531,13.214,6.659,4.505,1.618
1.18333,44.111,36.525,32.180,18.547,13.282,6.637,4.522,1.595
1.18750,44.216,36.677,32.193,18.577,13.249,6.627,4.566,1.566
1.19167,44.343,36.742,32.288,18.642,13.286,6.580,4.516,1.613
1.19583,44.515,36.889,32.419,18.696,13.293,6.728,4.531,1.526
1.20000,44.559,36.969,32.407,18.666,13.295,6.636,4.508,1.585
1.20417,44.677,37.074,32.521,18.716,13.387,6.721,4.517,1.592
1.20833,44.848,37.130,32.632,18.735,13.388,6.724,4.578,1.621
1.21250,44.958,37.247,32.738,18.719,13.419,6.700,4.562,1.539
1.21667,45.106,37.380,32.792,18.860,13.431,6.688,4.545,1.542
1.22083,45.214,37.514,32.884,18.865,13.419,6.716,4.530,1.522
1.22500,45.327,37.668,33.044,18.870,13.491,6.721,4.541,1.572
1.22917,45.516,37.808,33.071,18.939,13.434,6.697,4.582,1.547
1.23333,45.675,37.936,33.232,18.959,13.480,6.771,4.539,1.555
1.23750,45.873,38.135,33.268,18.974,13.454,6.745,4.621,1.546
1.24167,46.009,38.275,33.390,19.009,13.476,6.776,4.582,1.589
1.24583,46.148,38.353,33.537,19.123,13.446,6.768,4.592,1.615
1.25000,46.388,38.527,33.741,19.098,13.532,6.761,4.553,1.591
1.25417,46.525,38.725,33.785,19.089,13.563,6.812,4.587,1.615
1.25833,46.779,38.848,33.935,19.154,13.600,6.768,4.532,1.562
1.26250,46.976,39.117,34.075,19.171,13.569,6.788,4.564,1.584
1.26667,47.189,39.290,34.200,19.175,13.601,6.804,4.562,1.574
1.27083,47.408,39.534,34.362,19.346,13.595,6.792,4.608,1.556
1.27500,47.641,39.657,34.497,19.273,13.696,6.856,4.620,1.625
1.27917,47.888,39.913,34.656,19.343,13.676,6.837,4.633,1.581
1.28333,48.237,40.218,34.828,19.403,13.717,6.812,4.635,1.581
1.28750,48.477,40.462,35.103,19.411,13.717,6.851,4.610,1.569
1.29167,48.764,40.657,35.209,19.486,13.765,6.880,4.647,1.560
1.29583,49.157,40.913,35.462,19.477,13.737,6.925,4.682,1.583
1.30000,49.329,41.207,35.647,19.555,13.752,6.909,4.666,1.547
1.30417,49.722,41.513,35.899,19.592,13.822,6.917,4.635,1.610
1.30833,50.027,41.852,36.059,19.651,13.735,6.873,4.691,1.570
1.31250,50.431,42.226,36.281,19.703,13.842,6.909,4.628,1.597
1.31667,50.720,42.480,36.595,19.758,13.849,6.948,4.654,1.558
1.32083,51.181,42.851,36.805,19.847,13.856,6.945,4.688,1.674
1.32500,51.598,43.241,37.063,19.908,13.881,6.892,4.684,1.589
1.32917,52.001,43.661,37.332,19.919,13.943,6.970,4.696,1.596
1.33333,52.493,43.985,37.765,20.053,13.884,6.929,4.671,1.656
1.33750,52.929,44.509,37.986,20.014,14.031,7.004,4.699,1.632
1.34167,53.434,44.951,38.290,20.045,13.929,7.012,4.695,1.597
1.34583,54.000,45.357,38.709,20.145,14.055,6.961,4.676,1.659
1.35000,54.513,45.904,39.005,20.192,14.024,7.054,4.705,1.655
1.35417,55.134,46.351,39.418,20.307,14.017,7.041,4.733,1.624
1.35833,55.765,46.973,39.833,20.446,14.071,7.070,4.746,1.628
1.36250,56.345,47.422,40.167,20.392,14.175,7.008,4.736,1.590
1.36667,57.010,48.112,40.624,20.483,14.133,7.104,4.732,1.595
1.37083,57.707,48.690,41.025,20.543,14.114,7.157,4.776,1.651
1.37500,58.372,49.360,41.518,20.587,14.173,7.023,4.800,1.699
1.37917,59.186,50.025,41.982,20.651,14.241,7.061,4.723,1.632
1.38333,59.939,50.792,42.492,20.745,14.219,7.127,4.770,1.645
1.38750,60.775,51.505,43.059,20.849,14.276,7.132,4.777,1.703
1.39167,61.575,52.251,43.603,20.928,14.287,7.163,4.731,1.630
1.39583,62.454,53.009,44.134,20.950,14.272,7.144,4.802,1.623
1.40000,63.380,53.924,44.740,21.136,14.418,7.125,4.765,1.638
1.40417,64.354,54.698,45.416,21.179,14.353,7.189,4.841,1.687
1.40833,65.371,55.684,46.012,21.288,14.351,7.163,4.824,1.634
1.41250,66.456,56.620,46.712,21.467,14.403,7.218,4.817,1.695
1.41667,67.569,57.606,47.436,21.552,14.429,7.250,4.836,1.667
1.42083,68.737,58.688,48.216,21.688,14.451,7.254,4.829,1.697
1.42500,69.973,59.732,48.974,21.771,14.466,7.244,4.891,1.705
1.42917,71.168,60.870,49.771,21.855,14.531,7.276,4.799,1.658
1.43333,72.433,62.061,50.567,21.999,14.608,7.301,4.818,1.740
1.43750,73.847,63.317,51.468,22.135,14.635,7.308,4.887,1.701
1.44167,75.277,64.546,52.392,22.213,14.712,7.225,4.838,1.717
1.44583,76.705,65.887,53.310,22.401,14.640,7.282,4.821,1.649
1.45000,78.266,67.258,54.308,22.537,14.724,7.313,4.876,1.679
1.45417,79.850,68.713,55.419,22.711,14.792,7.385,4.820,1.734
1.45833,81.500,70.230,56.428,22.903,14.816,7.314,4.869,1.667
1.46250,83.195,71.770,57.505,23.003,14.805,7.368,4.899,1.720
1.46667,85.021,73.369,58.672,23.136,14.838,7.359,4.915,1.694
1.47083,86.863,75.099,59.857,23.317,14.905,7.404,4.891,1.671
1.47500,88.762,76.827,61.203,23.530,15.024,7.447,4.914,1.679
1.47917,90.859,78.660,62.390,23.701,15.038,7.518,4.906,1.698
1.48333,92.964,80.485,63.793,23.839,15.056,7.448,4.967,1.710
1.48750,95.057,82.449,65.138,23.929,15.065,7.532,4.962,1.702
1.49167,97.393,84.553,66.598,24.245,15.115,7.501,4.984,1.763
1.49583,99.641,86.581,68.103,24.446,15.111,7.500,4.923,1.751
1.50000,102.048,88.795,69.651,24.635,15.185,7.481,4.999,1.730
1.50417,104.561,91.033,71.256,24.908,15.271,7.527,4.974,1.687
1.50833,107.175,93.385,72.849,24.996,15.343,7.576,5.016,1.696
1.51250,109.798,95.873,74.668,25.287,15.396,7.555,4.987,1.687
1.51667,112.623,98.314,76.435,25.503,15.486,7.673,4.986,1.748
1.52083,115.456,100.900,78.304,25.730,15.486,7.630,5.063,1.668
1.52500,118.493,103.628,80.179,26.037,15.495,7.684,5.045,1.780
1.52917,121.532,106.421,82.147,26.232,15.613,7.713,4.986,1.684
1.53333,124.666,109.242,84.158,26.582,15.733,7.685,5.041,1.754
1.53750,127.947,112.224,86.321,26.745,15.692,7.662,4.993,1.737
1.54167,131.330,115.276,88.472,27.018,15.728,7.734,5.120,1.728
1.54583,134.763,118.411,90.683,27.379,15.882,7.763,5.005,1.796
1.55000,138.415,121.685,92.984,27.651,15.901,7.826,5.060,1.691
1.55417,142.179,125.093,95.431,27.958,15.949,7.816,5.120,1.798
1.55833,145.981,128.494,97.843,28.298,16.041,7.787,5.072,1.786
1.56250,149.898,132.153,100.422,28.581,16.070,7.806,5.067,1.764
1.56667,153.991,135.718,103.042,28.988,16.117,7.818,5.106,1.743
1.57083,158.219,139.572,105.760,29.232,16.226,7.863,5.111,1.751
1.57500,162.468,143.484,108.493,29.618,16.292,7.863,5.103,1.692
1.57917,166.985,147.520,111.438,29.987,16.438,7.929,5.128,1.752
1.58333,171.518,151.675,114.335,30.343,16.389,7.958,5.131,1.773
1.58750,176.139,155.849,117.329,30.759,16.509,7.919,5.177,1.808
1.59167,180.995,160.216,120.390,31.086,16.613,7.968,5.228,1.771
1.59583,185.995,164.720,123.632,31.519,16.755,8.036,5.153,1.824
1.60000,191.092,169.397,126.843,31.882,16.714,8.102,5.216,1.736
1.60417,196.251,174.088,130.192,32.307,16.864,8.072,5.198,1.784
1.60833,201.652,178.997,133.698,32.749,16.943,8.116,5.199,1.794
1.61250,207.104,183.971,137.209,33.281,17.011,8.111,5.222,1.827
1.61667,212.774,188.995,140.903,33.654,17.055,8.199,5.241,1.892
1.62083,218.543,194.260,144.603,34.217,17.221,8.154,5.227,1.817
1.62500,224.470,199.600,148.388,34.559,17.329,8.140,5.294,1.815
1.62917,230.476,205.083,152.313,35.102,17.403,8.334,5.302,1.856
1.63333,236.725,210.719,156.270,35.533,17.521,8.276,5.350,1.825
1.63750,243.028,216.461,160.391,36.070,17.572,8.282,5.344,1.790
1.64167,249.508,222.326,164.551,36.622,17.704,8.351,5.286,1.848
1.64583,256.202,228.315,168.854,37.107,17.805,8.421,5.371,1.804
1.65000,262.933,234.512,173.189,37.688,17.872,8.444,5.387,1.837
1.65417,269.842,240.709,177.620,38.233,17.966,8.482,5.328,1.822
1.65833,276.842,247.094,182.166,38.827,18.131,8.428,5.404,1.823
1.66250,284.095,253.669,186.835,39.397,18.195,8.564,5.334,1.832
1.66667,291.447,260.361,191.592,39.985,18.302,8.571,5.400,1.835
1.67083,298.918,267.051,196.410,40.491,18.380,8.516,5.433,1.816
1.67500,306.539,274.036,201.349,41.128,18.545,8.663,5.465,1.857
1.67917,314.250,281.048,206.399,41.795,18.577,8.664,5.409,1.939
1.68333,322.149,288.181,211.431,42.393,18.706,8.712,5.463,1.849
1.68750,330.236,295.543,216.650,43.028,18.833,8.748,5.458,1.883
1.69167,338.389,302.906,221.941,43.724,19.014,8.747,5.443,1.872
1.69583,346.723,310.483,227.333,44.418,19.116,8.762,5.523,1.816
1.70000,355.148,318.149,232.840,45.017,19.305,8.880,5.491,1.806
1.70417,363.735,325.879,238.290,45.704,19.369,8.852,5.497,1.842
1.70833,372.447,333.822,243.993,46.376,19.515,8.895,5.534,1.864
1.71250,381.270,341.826,249.671,47.122,19.683,8.931,5.543,1.819
1.71667,390.274,349.954,255.496,47.788,19.761,8.956,5.611,1.880
1.72083,399.349,358.192,261.393,48.518,19.832,8.980,5.679,1.824
1.72500,408.473,366.549,267.350,49.285,20.053,9.034,5.652,1.886
1.72917,417.776,375.013,273.433,50.000,20.210,9.057,5.602,1.790
1.73333,427.237,383.644,279.494,50.750,20.334,9.196,5.688,1.850
1.73750,436.789,392.262,285.630,51.596,20.439,9.086,5.617,1.925
1.74167,446.415,401.000,291.967,52.289,20.530,9.202,5.675,1.949
1.74583,456.082,409.871,298.314,53.044,20.697,9.219,5.708,1.895
1.75000,465.880,418.801,304.694,53.900,20.838,9.289,5.662,1.881
1.75417,475.808,427.761,311.182,54.756,20.977,9.323,5.690,1.878
1.75833,485.837,436.915,317.735,55.480,21.164,9.342,5.754,1.913
1.76250,495.893,446.124,324.293,56.276,21.317,9.431,5.762,1.894
1.76667,506.131,455.274,330.934,57.066,21.476,9.507,5.772,1.919
1.77083,516.334,464.690,337.635,57.881,21.547,9.568,5.817,1.887
1.77500,526.637,474.069,344.421,58.778,21.773,9.575,5.850,1.905
1.77917,536.925,483.501,351.139,59.597,21.868,9.630,5.853,1.851
1.78333,547.441,493.021,358.019,60.421,22.010,9.629,5.887,1.913
1.78750,557.945,502.599,364.827,61.307,22.250,9.717,5.791,1.893
1.79167,568.378,512.234,371.690,62.174,22.366,9.709,5.841,1.897
1.79583,578.992,521.856,378.675,63.033,22.519,9.803,5.951,1.965
1.80000,589.511,531.404,385.749,63.941,22.615,9.881,5.886,1.889
1.80417,600.150,541.168,392.653,64.734,22.798,9.858,5.904,1.984
1.80833,610.723,550.844,399.683,65.689,22.936,9.858,5.904,1.910
1.81250,621.364,560.562,406.722,66.485,23.056,9.957,5.929,1.934
1.81667,631.981,570.365,413.805,67.372,23.349,9.986,5.960,1.905
1.82083,642.701,580.004,420.751,68.267,23.441,10.079,6.043,1.921
1.82500,653.393,589.796,427.871,69.100,23.580,10.052,6.007,1.912
1.82917,663.916,599.545,434.841,69.976,23.705,10.122,6.056,1.963
1.83333,674.528,609.274,441.898,70.878,23.862,10.216,6.034,1.921
1.83750,685.140,618.878,448.998,71.775,24.029,10.230,6.095,1.875
1.84167,695.632,628.547,455.996,72.593,24.232,10.359,6.078,1.936
1.84583,706.183,638.229,463.020,73.542,24.400,10.306,6.141,1.998
1.85000,716.599,647.813,470.004,74.360,24.500,10.307,6.084,1.985
1.85417,726.911,657.328,476.958,75.204,24.674,10.409,6.100,1.971
1.85833,737.243,666.889,483.888,76.077,24.891,10.452,6.136,2.004
1.86250,747.498,676.243,490.712,76.955,24.997,10.492,6.154,1.920
1.86667,757.656,685.520,497.626,77.849,25.142,10.578,6.168,1.958
1.87083,767.786,694.937,504.348,78.694,25.247,10.610,6.158,1.920
1.87500,777.756,704.129,511.176,79.548,25.458,10.626,6.185,1.930
1.87917,787.629,713.291,517.909,80.431,25.565,10.746,6.288,1.994
1.88333,797.469,722.257,524.509,81.235,25.816,10.779,6.247,1.909
1.88750,807.123,731.182,531.093,82.116,25.912,10.826,6.256,2.004
1.89167,816.794,740.038,537.649,82.975,26.166,10.833,6.278,1.998
1.89583,826.312,748.863,544.181,83.902,26.291,10.871,6.269,1.917
1.90000,835.652,757.554,550.746,84.753,26.438,10.995,6.392,1.963
1.90417,845.149,766.203,557.239,85.711,26.682,10.970,6.332,1.989
1.90833,854.582,774.915,563.904,86.799,26.889,11.059,6.350,2.047
1.91250,864.000,783.499,570.446,87.951,27.185,11.070,6.424,2.012
1.91667,873.501,792.139,577.248,89.213,27.439,11.193,6.458,1.996
1.92083,883.315,800.954,584.371,90.827,27.907,11.288,6.477,1.970
1.92500,893.404,809.984,591.808,92.672,28.352,11.426,6.510,2.030
1.92917,903.960,819.357,599.763,94.982,29.021,11.498,6.435,2.135
1.93333,915.253,829.078,608.383,97.737,29.777,11.671,6.582,2.071
1.93750,927.211,839.422,617.868,101.139,30.877,11.817,6.629,2.046
1.94167,940.221,850.434,628.476,105.396,32.094,12.097,6.690,2.049
1.94583,954.408,862.316,640.318,110.596,33.749,12.340,6.810,2.042
1.95000,970.218,875.133,653.657,116.925,35.628,12.677,6.996,2.121
1.95417,987.293,889.141,668.533,124.287,37.873,13.057,7.055,2.124
1.95833,1005.969,904.329,685.177,132.965,40.657,13.522,7.252,2.139
1.96250,1026.302,920.567,703.477,143.000,43.756,14.081,7.395,2.214
1.96667,1048.075,937.968,723.493,154.155,47.341,14.682,7.627,2.213
1.97083,1071.144,956.341,744.995,166.590,51.241,15.405,7.858,2.346
1.97500,1095.031,975.403,767.627,180.010,55.561,16.065,8.163,2.373
1.97917,1119.357,994.785,790.990,193.991,59.962,16.875,8.352,2.378
1.98333,1143.568,1014.286,814.650,208.407,64.604,17.636,8.676,2.421
1.98750,1167.114,1033.369,837.861,222.684,69.209,18.393,8.925,2.445
1.99167,1189.327,1051.417,860.070,236.457,73.565,19.141,9.156,2.539
1.99583,1209.721,1068.284,880.611,249.249,77.705,19.891,9.451,2.528
2.00000,1227.639,1083.193,898.911,260.537,81.301,20.451,9.567,2.651
2.00417,1242.754,1096.071,914.363,269.995,84.352,21.023,9.772,2.694
2.00833,1254.731,1106.298,926.545,277.296,86.740,21.426,9.929,2.704
2.01250,1263.417,1114.005,935.200,282.154,88.188,21.755,9.994,2.664
2.01667,1268.797,1118.954,940.226,284.425,88.908,21.791,9.980,2.742
2.02083,1270.660,1121.182,941.561,284.107,88.768,21.807,10.027,2.740
2.02500,1269.320,1120.726,939.355,281.333,87.809,21.715,10.080,2.788
2.02917,1265.095,1117.823,933.865,276.270,86.201,21.377,9.921,2.638
2.03333,1258.269,1112.769,925.498,269.067,83.780,21.022,9.768,2.696
2.03750,1248.938,1105.865,914.732,260.442,80.953,20.614,9.644,2.642
2.04167,1237.833,1097.432,901.897,250.466,77.667,19.981,9.507,2.658
2.04583,1225.276,1088.012,887.787,239.447,74.029,19.420,9.320,2.591
2.05000,1211.645,1077.691,872.680,228.154,70.361,18.846,9.063,2.546
2.05417,1197.556,1067.091,857.188,216.466,66.740,18.131,8.854,2.491
2.05833,1183.309,1056.147,841.567,205.110,62.908,17.594,8.664,2.438
2.06250,1169.133,1045.509,826.405,194.069,59.390,17.035,8.457,2.437
2.06667,1155.402,1035.160,811.857,183.651,55.997,16.432,8.285,2.348
2.07083,1142.334,1025.337,798.076,173.932,52.837,15.950,8.116,2.393
2.07500,1130.022,1016.126,785.258,164.962,49.991,15.532,8.048,2.323
2.07917,1118.627,1007.474,773.512,156.914,47.397,15.085,7.772,2.293
2.08333,1108.047,999.515,762.773,149.681,45.125,14.667,7.720,2.362
2.08750,1098.408,992.128,753.029,143.190,43.005,14.339,7.663,2.289
2.09167,1089.531,985.396,744.287,137.526,41.236,14.093,7.544,2.285
2.09583,1081.417,979.081,736.332,132.500,39.659,13.839,7.430,2.248
2.10000,1073.901,973.241,729.117,128.230,38.280,13.619,7.379,2.258
2.10417,1067.091,967.799,722.605,124.420,37.061,13.341,7.314,2.252
2.10833,1060.638,962.713,716.686,121.098,36.060,13.220,7.245,2.225
2.11250,1054.755,957.885,711.271,118.306,35.234,13.071,7.090,2.216
2.11667,1049.083,953.181,706.227,115.796,34.423,12.982,7.168,2.189
2.12083,1043.699,948.686,701.542,113.631,33.830,12.846,7.076,2.206
2.12500,1038.455,944.228,697.033,111.828,33.237,12.779,7.147,2.161
2.12917,1033.449,939.767,692.879,110.125,32.795,12.672,7.040,2.216
2.13333,1028.363,935.461,688.741,108.689,32.370,12.677,7.088,2.191
2.13750,1023.395,931.079,684.774,107.363,32.019,12.605,7.056,2.181
2.14167,1018.430,926.655,680.827,106.266,31.682,12.544,7.010,2.148
2.14583,1013.483,922.124,677.019,105.217,31.439,12.513,7.037,2.220
2.15000,1008.457,917.577,673.167,104.293,31.238,12.522,7.005,2.213
2.15417,1003.297,912.980,669.370,103.473,31.084,12.442,6.945,2.197
2.15833,998.169,908.234,665.473,102.825,30.967,12.377,7.000,2.199
2.16250,992.968,903.436,661.675,102.077,30.750,12.420,7.040,2.204
2.16667,987.857,898.577,658.008,101.495,30.680,12.398,6.951,2.141
2.17083,982.565,893.642,654.211,101.100,30.552,12.348,7.028,2.199
2.17500,977.468,888.789,650.656,100.777,30.649,12.362,6.980,2.231
2.17917,972.373,883.871,647.187,100.717,30.665,12.415,7.020,2.221
2.18333,967.483,879.057,643.967,100.823,30.831,12.438,7.081,2.195
2.18750,962.798,874.497,641.089,101.196,31.007,12.482,7.090,2.183
2.19167,958.588,870.044,638.595,101.989,31.301,12.558,7.128,2.236
2.19583,954.823,866.067,636.620,103.105,31.878,12.631,7.094,2.213
2.20000,951.748,862.333,635.377,104.807,32.481,12.719,7.141,2.292
2.20417,949.397,859.260,634.846,107.054,33.356,12.880,7.235,2.245
2.20833,948.067,856.744,635.273,110.010,34.364,13.005,7.307,2.319
2.21250,947.612,855.019,636.681,113.736,35.733,13.282,7.274,2.241
2.21667,948.382,854.057,639.280,118.185,37.304,13.562,7.434,2.366
2.22083,950.200,853.866,642.975,123.484,39.161,13.821,7.617,2.378
2.22500,953.155,854.456,647.747,129.550,41.102,14.254,7.719,2.335
2.22917,957.140,855.792,653.589,136.384,43.527,14.620,7.772,2.429
2.23333,961.929,857.672,660.232,143.866,46.121,15.047,7.917,2.468
2.23750,967.409,860.057,667.545,151.720,48.701,15.393,8.094,2.525
2.24167,973.112,862.676,675.205,159.903,51.437,15.978,8.254,2.531
2.24583,978.786,865.143,682.863,168.079,54.261,16.405,8.431,2.507
2.25000,984.031,867.450,690.186,176.100,56.892,16.791,8.498,2.567
2.25417,988.334,869.014,696.669,183.452,59.473,17.232,8.642,2.583
2.25833,991.361,869.811,702.008,190.167,61.712,17.620,8.771,2.570
2.26250,992.783,869.444,706.179,195.744,63.637,17.911,8.917,2.762
2.26667,992.272,867.767,708.603,200.172,65.124,18.200,9.037,2.684
2.27083,989.614,864.923,709.387,203.327,66.165,18.395,9.102,2.692
2.27500,984.880,860.805,708.722,205.221,66.743,18.471,9.136,2.730
2.27917,977.804,855.453,706.689,205.762,66.929,18.466,9.152,2.789
2.28333,968.995,849.295,703.800,205.227,66.613,18.334,9.061,2.713
2.28750,958.334,842.667,700.563,203.844,65.955,18.261,9.143,2.686
2.29167,946.312,836.148,697.701,201.970,64.918,18.089,9.051,2.691
2.29583,933.481,830.272,696.197,199.808,63.759,17.833,8.957,2.681
2.30000,920.389,825.955,696.921,197.941,62.478,17.560,8.790,2.807
2.30417,907.537,823.625,700.909,196.816,61.177,17.340,8.730,2.687
2.30833,895.479,824.095,709.138,196.869,60.077,17.077,8.700,2.739
2.31250,884.894,828.053,722.402,198.462,59.194,16.783,8.626,2.741
2.31667,876.297,835.998,741.536,201.946,58.517,16.616,8.655,2.763
2.32083,869.912,848.087,766.657,207.512,58.265,16.382,8.493,2.750
2.32500,865.911,864.649,798.120,215.336,58.451,16.175,8.489,2.796
2.32917,864.623,885.348,835.487,225.460,59.086,16.179,8.515,2.859
2.33333,865.635,909.825,877.861,237.621,60.123,16.169,8.470,2.931
2.33750,868.960,937.223,924.086,251.690,61.495,16.212,8.516,2.974
2.34167,874.074,966.725,972.606,267.069,63.241,16.277,8.578,3.058
2.34583,880.207,996.903,1021.600,283.340,65.188,16.402,8.674,3.090
2.35000,886.894,1026.606,1069.195,299.628,67.270,16.526,8.748,3.115
2.35417,893.368,1054.416,1113.470,315.475,69.240,16.697,8.832,3.216
2.35833,898.863,1079.200,1152.571,330.000,71.134,16.789,8.875,3.296
2.36250,902.633,1099.723,1185.299,342.684,72.841,16.895,8.956,3.355
2.36667,904.082,1115.046,1210.689,352.876,74.097,16.965,8.992,3.278
2.37083,902.705,1124.462,1227.698,360.016,75.070,17.024,9.042,3.424
2.37500,898.164,1127.540,1236.354,363.855,75.340,17.102,8.967,3.456
2.37917,890.050,1123.862,1236.106,364.134,75.238,16.972,9.022,3.396
2.38333,878.454,1113.446,1227.110,360.787,74.450,16.931,8.984,3.351
2.38750,863.413,1096.506,1209.522,354.140,73.270,16.731,8.963,3.354
2.39167,845.115,1073.170,1183.485,344.267,71.555,16.544,8.840,3.272
2.39583,824.023,1044.155,1149.705,331.677,69.336,16.244,8.770,3.245
2.40000,800.509,1010.107,1108.843,316.739,66.891,15.972,8.632,3.263
2.40417,775.049,972.042,1061.989,300.164,64.110,15.693,8.551,3.202
2.40833,748.310,930.611,1010.145,282.233,61.153,15.418,8.399,3.128
2.41250,720.818,887.178,955.010,263.694,58.123,14.990,8.359,3.091
2.41667,692.930,842.678,897.918,245.054,54.997,14.706,8.151,3.074
2.42083,665.419,798.148,840.199,226.521,52.009,14.390,8.148,2.938
2.42500,638.549,754.293,783.203,208.679,49.080,14.061,7.885,2.855
2.42917,612.594,711.831,728.132,191.608,46.326,13.811,7.851,2.929
2.43333,587.750,671.529,675.676,175.653,43.718,13.438,7.754,2.855
2.43750,564.281,633.485,626.399,160.920,41.297,13.230,7.658,2.775
2.44167,542.290,598.166,580.757,147.339,39.249,13.049,7.570,2.743
2.44583,521.714,565.573,538.941,135.214,37.188,12.822,7.414,2.723
2.45000,502.663,535.657,500.978,124.233,35.452,12.662,7.377,2.645
2.45417,484.919,508.376,466.612,114.522,33.957,12.434,7.296,2.640
2.45833,468.549,483.570,435.919,105.871,32.473,12.330,7.281,2.623
2.46250,453.333,461.040,408.328,98.311,31.281,12.247,7.224,2.564
2.46667,439.314,440.683,383.769,91.626,30.224,12.115,7.173,2.593
2.47083,426.187,422.241,362.010,85.821,29.366,12.045,7.141,2.608
2.47500,414.092,405.543,342.532,80.690,28.551,11.952,7.129,2.599
2.47917,402.720,390.260,325.153,76.228,27.853,11.773,7.031,2.521
2.48333,392.175,376.400,309.753,72.342,27.241,11.787,7.105,2.519
2.48750,382.200,363.673,295.810,68.920,26.746,11.679,7.003,2.599
2.49167,372.777,352.054,283.350,65.977,26.264,11.679,7.027,2.531
2.49583,363.945,341.260,272.148,63.379,25.851,11.585,7.060,2.523
2.50000,355.399,331.313,261.963,61.014,25.489,11.533,7.028,2.533
2.50417,347.392,322.056,252.872,59.052,25.200,11.599,6.951,2.503
2.50833,339.768,313.390,244.503,57.217,24.873,11.517,7.048,2.552
2.51250,332.435,305.221,236.740,55.660,24.706,11.539,6.985,2.540
2.51667,325.401,297.641,229.684,54.229,24.501,11.536,7.024,2.510
2.52083,318.597,290.449,223.259,53.002,24.378,11.459,6.988,2.523
2.52500,312.053,283.529,217.087,51.896,24.157,11.452,6.982,2.496
2.52917,305.779,277.025,211.487,50.964,24.017,11.493,6.920,2.533
2.53333,299.621,270.818,206.225,50.038,23.898,11.531,6.954,2.541
2.53750,293.705,264.899,201.306,49.184,23.812,11.461,7.002,2.537
2.54167,287.998,259.237,196.625,48.401,23.687,11.346,6.987,2.498
2.54583,282.430,253.715,192.208,47.734,23.645,11.459,6.979,2.585
2.55000,276.962,248.397,188.016,47.089,23.532,11.402,7.013,2.550
2.55417,271.746,243.387,184.000,46.492,23.472,11.404,6.968,2.521
2.55833,266.675,238.439,180.143,45.938,23.463,11.409,6.969,2.510
2.56250,261.639,233.728,176.464,45.451,23.336,11.407,7.028,2.561
2.56667,256.770,229.090,172.958,44.975,23.335,11.434,7.070,2.517
2.57083,252.034,224.657,169.599,44.546,23.258,11.357,7.088,2.568
2.57500,247.415,220.292,166.282,44.149,23.225,11.452,7.003,2.581
2.57917,242.941,216.129,163.243,43.752,23.138,11.389,6.983,2.526
2.58333,238.510,212.035,160.238,43.376,23.154,11.466,7.041,2.609
2.58750,234.241,207.960,157.290,43.093,23.159,11.432,6.981,2.566
2.59167,230.015,204.083,154.432,42.732,23.092,11.415,6.990,2.552
2.59583,225.942,200.440,151.719,42.471,23.081,11.421,7.027,2.625
2.60000,222.022,196.772,149.049,42.077,23.021,11.445,7.092,2.547
2.60417,218.110,193.137,146.431,41.805,22.980,11.418,7.043,2.528
2.60833,214.230,189.637,143.883,41.558,22.973,11.407,7.021,2.592
2.61250,210.689,186.260,141.525,41.277,22.929,11.436,7.024,2.535
2.61667,206.921,183.028,139.248,41.007,22.965,11.383,7.042,2.602
2.62083,203.581,179.701,136.855,40.716,22.885,11.467,7.062,2.643
2.62500,200.024,176.651,134.613,40.491,22.913,11.467,7.152,2.675
2.62917,196.706,173.573,132.419,40.252,22.894,11.465,7.109,2.611
2.63333,193.446,170.604,130.306,40.083,22.960,11.444,7.040,2.616
2.63750,190.278,167.642,128.277,39.890,22.835,11.471,7.133,2.608
2.64167,187.188,164.821,126.179,39.606,22.852,11.504,7.069,2.695
2.64583,184.121,162.072,124.218,39.477,22.818,11.478,7.092,2.682
2.65000,181.139,159.365,122.341,39.285,22.866,11.491,7.109,2.614
2.65417,178.307,156.808,120.514,39.014,22.810,11.495,7.077,2.595
2.65833,175.502,154.214,118.698,38.948,22.877,11.492,7.177,2.638
2.66250,172.792,151.739,116.987,38.764,22.848,11.577,7.073,2.649
2.66667,170.091,149.284,115.208,38.532,22.777,11.603,7.106,2.708
2.67083,167.536,146.992,113.612,38.415,22.824,11.566,7.221,2.624
2.67500,164.975,144.649,111.968,38.286,22.870,11.531,7.185,2.600
2.67917,162.519,142.358,110.415,38.090,22.838,11.576,7.130,2.670
2.68333,160.163,140.285,108.861,38.032,22.863,11.510,7.179,2.633
2.68750,157.779,138.060,107.377,37.767,22.834,11.602,7.169,2.671
2.69167,155.547,136.100,105.971,37.700,22.851,11.612,7.117,2.697
2.69583,153.414,134.048,104.486,37.588,22.771,11.596,7.173,2.680
2.70000,151.232,132.184,103.106,37.523,22.894,11.601,7.153,2.697
2.70417,149.130,130.140,101.813,37.330,22.852,11.618,7.204,2.701
2.70833,147.099,128.387,100.496,37.189,22.841,11.604,7.272,2.739
2.71250,145.191,126.525,99.226,37.126,22.864,11.577,7.218,2.713
2.71667,143.163,124.898,98.005,36.987,22.842,11.696,7.231,2.721
2.72083,141.346,123.125,96.765,36.969,22.872,11.724,7.275,2.681
2.72500,139.500,121.504,95.651,36.850,22.915,11.706,7.208,2.721
2.72917,137.700,119.805,94.489,36.670,22.892,11.773,7.214,2.765
2.73333,136.027,118.326,93.429,36.715,22.857,11.722,7.280,2.716
2.73750,134.334,116.775,92.432,36.576,22.930,11.765,7.255,2.655
2.74167,132.736,115.366,91.304,36.463,22.961,11.759,7.234,2.735
2.74583,131.176,113.922,90.360,36.383,22.906,11.723,7.254,2.786
2.75000,129.609,112.510,89.388,36.294,22.957,11.810,7.257,2.735
2.75417,128.142,111.088,88.432,36.272,22.991,11.762,7.340,2.800
2.75833,126.726,109.828,87.519,36.208,22.970,11.851,7.309,2.737
2.76250,125.323,108.563,86.642,36.134,22.938,11.801,7.289,2.773
2.76667,123.959,107.305,85.800,36.039,22.995,11.791,7.299,2.772
2.77083,122.718,106.127,84.969,35.962,22.998,11.908,7.320,2.724
2.77500,121.399,104.973,84.166,35.863,23.042,11.891,7.333,2.711
2.77917,120.161,103.822,83.315,35.874,23.038,11.863,7.325,2.773
2.78333,118.888,102.678,82.561,35.790,23.098,11.838,7.336,2.749
2.78750,117.807,101.701,81.831,35.766,23.094,11.964,7.411,2.795
2.79167,116.638,100.654,81.169,35.709,23.094,11.876,7.385,2.742
2.79583,115.522,99.673,80.460,35.703,23.169,11.911,7.422,2.842
2.80000,114.523,98.714,79.790,35.722,23.132,12.000,7.404,2.842
2.80417,113.502,97.787,79.101,35.670,23.190,11.920,7.368,2.842
2.80833,112.410,96.868,78.486,35.553,23.139,12.015,7.356,2.761
2.81250,111.482,95.988,77.894,35.592,23.153,11.971,7.444,2.808
2.81667,110.545,95.152,77.223,35.515,23.242,12.001,7.389,2.823
2.82083,109.607,94.356,76.607,35.423,23.305,12.049,7.375,2.877
2.82500,108.790,93.484,76.162,35.477,23.247,12.036,7.418,2.840
2.82917,107.917,92.724,75.659,35.457,23.284,12.043,7.420,2.815
2.83333,107.163,91.908,75.080,35.411,23.383,12.091,7.469,2.750
2.83750,106.253,91.257,74.506,35.396,23.312,12.068,7.415,2.908
2.84167,105.506,90.543,74.173,35.369,23.333,12.071,7.470,2.850
2.84583,104.770,89.850,73.660,35.365,23.391,12.060,7.453,2.869
2.85000,104.109,89.227,73.093,35.388,23.335,12.118,7.471,2.868
2.85417,103.340,88.611,72.759,35.344,23.466,12.104,7.566,2.838
2.85833,102.687,87.905,72.348,35.358,23.482,12.125,7.519,2.845
2.86250,101.983,87.297,71.931,35.310,23.469,12.213,7.509,2.884
2.86667,101.433,86.776,71.542,35.352,23.494,12.187,7.479,2.929
2.87083,100.793,86.254,71.145,35.370,23.577,12.258,7.556,2.857
2.87500,100.225,85.721,70.743,35.323,23.525,12.197,7.574,2.841
2.87917,99.619,85.177,70.441,35.318,23.615,12.279,7.569,2.906
2.88333,99.096,84.649,70.115,35.361,23.628,12.279,7.517,2.893
2.88750,98.532,84.174,69.799,35.360,23.628,12.309,7.556,2.847
2.89167,98.079,83.733,69.462,35.362,23.695,12.236,7.552,2.923
2.89583,97.544,83.266,69.134,35.393,23.724,12.275,7.625,2.970
2.90000,97.101,82.878,68.863,35.427,23.718,12.307,7.547,2.874
2.90417,96.628,82.463,68.545,35.389,23.841,12.259,7.652,3.004
2.90833,96.203,81.989,68.314,35.389,23.755,12.377,7.648,2.894
2.91250,95.801,81.624,67.984,35.377,23.774,12.390,7.667,2.885
2.91667,95.290,81.280,67.694,35.403,23.817,12.409,7.673,2.887
2.92083,95.029,80.880,67.538,35.472,23.884,12.371,7.679,2.975
2.92500,94.619,80.524,67.180,35.418,23.799,12.418,7.678,2.964
2.92917,94.256,80.221,67.046,35.459,23.932,12.481,7.637,2.914
2.93333,93.855,79.908,66.835,35.365,23.941,12.445,7.624,2.994
2.93750,93.540,79.584,66.663,35.555,24.012,12.518,7.723,2.960
2.94167,93.196,79.263,66.494,35.533,24.019,12.486,7.671,2.877
2.94583,92.897,79.007,66.231,35.490,24.042,12.484,7.678,2.940
2.95000,92.638,78.756,66.033,35.514,24.025,12.548,7.754,2.947
2.95417,92.393,78.471,65.953,35.576,24.170,12.554,7.738,2.918
2.95833,92.028,78.238,65.680,35.575,24.116,12.573,7.749,3.031
2.96250,91.780,77.936,65.563,35.659,24.138,12.637,7.779,2.971
2.96667,91.575,77.657,65.470,35.584,24.153,12.624,7.799,2.980
2.97083,91.281,77.483,65.252,35.654,24.201,12.665,7.762,3.003
2.97500,91.021,77.291,65.084,35.733,24.277,12.629,7.729,2.994
2.97917,90.855,77.005,65.022,35.685,24.274,12.669,7.809,2.991
2.98333,90.550,76.842,64.861,35.710,24.328,12.679,7.748,3.082
2.98750,90.442,76.675,64.764,35.736,24.274,12.728,7.827,3.044
2.99167,90.239,76.479,64.619,35.853,24.371,12.695,7.781,2.975
2.99583,90.037,76.297,64.497,35.800,24.406,12.767,7.836,3.036
3.00000,89.855,76.090,64.415,35.872,24.413,12.687,7.836,3.032
3.00417,89.725,76.005,64.287,35.971,24.462,12.785,7.861,3.102
3.00833,89.570,75.945,64.218,35.947,24.473,12.747,7.877,3.030
3.01250,89.506,75.673,64.165,35.928,24.580,12.783,7.936,3.064
3.01667,89.251,75.642,64.063,35.953,24.593,12.841,7.887,3.017
3.02083,89.130,75.470,64.032,36.004,24.548,12.847,7.850,3.047
3.02500,89.070,75.360,63.959,36.034,24.678,12.792,7.889,3.017
3.02917,88.885,75.213,63.871,36.148,24.705,12.872,7.856,3.125
3.03333,88.796,75.060,63.794,36.073,24.693,12.867,7.990,3.101
3.03750,88.714,75.006,63.779,36.169,24.714,12.844,7.936,3.021
3.04167,88.537,74.988,63.705,36.178,24.743,12.968,7.976,3.050
3.04583,88.487,74.819,63.628,36.260,24.765,12.919,7.945,3.063
3.05000,88.402,74.783,63.553,36.301,24.789,12.998,7.950,3.128
3.05417,88.394,74.690,63.560,36.390,24.841,13.047,8.000,3.075
3.05833,88.270,74.574,63.473,36.341,24.880,13.054,7.972,3.067
3.06250,88.264,74.534,63.519,36.425,24.974,13.005,8.019,3.069
3.06667,88.172,74.505,63.486,36.455,24.942,13.014,8.059,3.060
3.07083,88.118,74.522,63.437,36.496,25.005,13.094,7.959,3.052
3.07500,88.027,74.426,63.365,36.511,25.077,13.111,7.995,3.042
3.07917,87.981,74.354,63.438,36.551,25.003,13.102,8.053,3.133
3.08333,87.952,74.340,63.352,36.621,25.056,13.100,8.056,3.142
3.08750,87.918,74.208,63.437,36.640,25.148,13.142,8.037,3.112
3.09167,87.923,74.168,63.377,36.780,25.228,13.175,8.097,3.116
3.09583,87.868,74.161,63.362,36.764,25.191,13.226,8.073,3.129
3.10000,87.870,74.130,63.435,36.813,25.274,13.234,8.143,3.070
3.10417,87.939,74.112,63.350,36.848,25.274,13.228,8.162,3.175
3.10833,87.776,74.157,63.411,36.798,25.287,13.231,8.177,3.192
3.11250,87.809,74.117,63.333,36.892,25.437,13.270,8.041,3.169
3.11667,87.798,74.137,63.407,36.991,25.404,13.256,8.119,3.205
3.12083,87.774,74.130,63.417,36.964,25.404,13.267,8.127,3.233
3.12500,87.863,74.049,63.349,37.084,25.427,13.408,8.098,3.111
3.12917,87.843,74.153,63.350,37.091,25.457,13.344,8.172,3.176
3.13333,87.848,74.082,63.378,37.214,25.498,13.329,8.166,3.158
3.13750,87.913,74.039,63.342,37.278,25.550,13.373,8.265,3.180
3.14167,87.875,74.099,63.486,37.226,25.577,13.440,8.187,3.188
3.14583,87.909,74.119,63.447,37.310,25.613,13.389,8.206,3.265
3.15000,87.929,74.181,63.512,37.345,25.640,13.477,8.317,3.230
3.15417,88.000,74.175,63.453,37.400,25.660,13.441,8.267,3.221
3.15833,87.959,74.108,63.554,37.449,25.749,13.432,8.179,3.230
3.16250,87.971,74.180,63.563,37.451,25.718,13.519,8.271,3.167
3.16667,88.019,74.214,63.600,37.484,25.823,13.545,8.219,3.252
3.17083,88.038,74.254,63.658,37.603,25.893,13.529,8.297,3.228
3.17500,88.119,74.252,63.651,37.631,25.951,13.548,8.278,3.180
3.17917,88.144,74.330,63.743,37.675,25.926,13.626,8.341,3.227
3.18333,88.177,74.374,63.793,37.747,26.002,13.648,8.282,3.160
3.18750,88.233,74.477,63.744,37.784,25.955,13.638,8.338,3.221
3.19167,88.275,74.416,63.802,37.848,26.025,13.675,8.367,3.286
3.19583,88.324,74.467,63.836,37.950,26.081,13.660,8.373,3.231
3.20000,88.378,74.553,63.928,37.927,25.998,13.661,8.354,3.307
3.20417,88.490,74.524,63.954,37.955,26.099,13.720,8.409,3.252
3.20833,88.499,74.625,64.019,38.048,26.197,13.701,8.411,3.225
3.21250,88.564,74.699,64.082,38.058,26.278,13.716,8.405,3.233
3.21667,88.628,74.733,64.119,38.122,26.204,13.746,8.390,3.218
3.22083,88.665,74.738,64.173,38.191,26.226,13.749,8.355,3.270
3.22500,88.763,74.829,64.250,38.241,26.303,13.809,8.500,3.240
3.22917,88.870,74.847,64.305,38.274,26.334,13.892,8.443,3.332
3.23333,88.949,74.911,64.311,38.323,26.371,13.846,8.456,3.286
3.23750,88.994,75.003,64.439,38.421,26.406,13.856,8.570,3.281
3.24167,89.036,75.092,64.382,38.463,26.449,13.879,8.466,3.278
3.24583,89.165,75.108,64.508,38.543,26.448,13.927,8.464,3.298
3.25000,89.158,75.165,64.592,38.582,26.517,13.919,8.481,3.326
3.25417,89.286,75.218,64.609,38.566,26.575,14.011,8.554,3.361
3.25833,89.344,75.288,64.770,38.718,26.638,13.993,8.521,3.340
3.26250,89.450,75.367,64.736,38.680,26.679,14.050,8.539,3.270
3.26667,89.577,75.480,64.815,38.816,26.681,14.058,8.506,3.323
3.27083,89.612,75.486,64.850,38.845,26.714,14.101,8.542,3.330
3.27500,89.726,75.618,64.970,38.843,26.786,14.043,8.508,3.407
3.27917,89.817,75.669,64.941,38.885,26.823,14.093,8.498,3.324
3.28333,89.923,75.715,65.073,39.009,26.850,14.036,8.584,3.281
3.28750,89.972,75.814,65.189,39.079,26.892,14.138,8.577,3.354
3.29167,90.130,75.866,65.233,39.123,26.979,14.159,8.593,3.296
3.29583,90.127,76.003,65.281,39.149,26.939,14.165,8.576,3.368
3.30000,90.250,76.024,65.423,39.227,27.005,14.128,8.690,3.455
3.30417,90.351,76.120,65.434,39.309,27.010,14.239,8.670,3.415
3.30833,90.436,76.168,65.515,39.323,26.976,14.227,8.647,3.443
3.31250,90.520,76.294,65.603,39.353,27.138,14.242,8.639,3.417
3.31667,90.698,76.341,65.646,39.386,27.117,14.313,8.618,3.319
3.32083,90.766,76.455,65.667,39.428,27.228,14.286,8.723,3.391
3.32500,90.798,76.564,65.859,39.558,27.203,14.360,8.697,3.432
3.32917,90.917,76.575,65.855,39.500,27.282,14.397,8.692,3.383
3.33333,91.099,76.700,65.948,39.615,27.284,14.362,8.809,3.397
3.33750,91.105,76.742,66.079,39.702,27.376,14.400,8.721,3.442
3.34167,91.218,76.909,66.086,39.785,27.368,14.372,8.719,3.375
3.34583,91.353,77.019,66.193,39.764,27.418,14.413,8.729,3.377
3.35000,91.473,77.059,66.268,39.917,27.498,14.449,8.733,3.478
3.35417,91.531,77.136,66.350,39.946,27.456,14.425,8.793,3.471
3.35833,91.705,77.219,66.487,39.972,27.562,14.506,8.746,3.378
3.36250,91.755,77.315,66.543,40.048,27.611,14.445,8.794,3.400
3.36667,91.901,77.416,66.528,40.158,27.574,14.518,8.842,3.453
3.37083,91.963,77.543,66.659,40.108,27.683,14.636,8.844,3.438
3.37500,92.169,77.665,66.697,40.226,27.632,14.571,8.875,3.502
3.37917,92.161,77.671,66.813,40.307,27.722,14.647,8.845,3.514
3.38333,92.332,77.812,66.887,40.388,27.775,14.607,8.852,3.510
3.38750,92.479,77.877,66.952,40.405,27.832,14.657,8.904,3.460
3.39167,92.546,77.973,67.074,40.449,27.865,14.619,8.865,3.480
3.39583,92.643,78.065,67.137,40.537,27.918,14.685,8.899,3.476
3.40000,92.789,78.141,67.186,40.552,27.921,14.773,8.909,3.551
3.40417,92.943,78.269,67.359,40.645,27.940,14.718,8.974,3.481
3.40833,93.023,78.414,67.448,40.629,27.980,14.738,8.956,3.468
3.41250,93.179,78.495,67.513,40.750,28.064,14.735,8.960,3.582
3.41667,93.278,78.533,67.622,40.771,28.028,14.775,8.899,3.540
3.42083,93.285,78.720,67.620,40.836,28.142,14.802,8.978,3.522
3.42500,93.498,78.768,67.782,40.931,28.188,14.846,9.050,3.570
3.42917,93.574,78.831,67.831,40.959,28.231,14.855,9.068,3.529
3.43333,93.770,78.983,67.983,41.011,28.298,14.857,9.019,3.533
3.43750,93.808,79.073,67.997,41.103,28.270,14.906,9.033,3.616
3.44167,93.948,79.190,68.113,41.107,28.249,14.919,9.067,3.506
3.44583,94.058,79.282,68.133,41.207,28.466,14.975,9.016,3.510
3.45000,94.205,79.383,68.305,41.193,28.411,14.930,9.109,3.566
3.45417,94.341,79.481,68.405,41.404,28.427,14.937,9.037,3.575
3.45833,94.445,79.615,68.463,41.399,28.484,14.988,9.082,3.610
3.46250,94.565,79.739,68.541,41.507,28.575,15.096,9.121,3.587
3.46667,94.679,79.865,68.664,41.445,28.602,15.101,9.105,3.550
3.47083,94.835,79.966,68.811,41.585,28.625,15.075,9.054,3.665
3.47500,94.990,80.171,68.887,41.608,28.643,15.181,9.117,3.586
3.47917,95.173,80.282,69.014,41.696,28.720,15.263,9.190,3.562
3.48333,95.435,80.549,69.216,41.803,28.827,15.342,9.150,3.610
3.48750,95.533,80.809,69.460,41.985,28.800,15.390,9.297,3.634
3.49167,95.859,81.162,69.736,42.073,28.909,15.665,9.258,3.645
3.49583,96.261,81.726,70.077,42.273,29.094,15.840,9.332,3.576
3.50000,96.705,82.325,70.528,42.404,29.253,16.142,9.410,3.681
3.50417,97.320,83.183,71.173,42.723,29.417,16.616,9.457,3.677
3.50833,98.054,84.401,72.044,43.022,29.680,17.257,9.573,3.617
3.51250,99.089,86.065,73.200,43.459,30.052,18.085,9.755,3.687
3.51667,100.422,88.245,74.801,44.041,30.534,19.155,9.967,3.672
3.52083,102.149,91.022,76.792,44.701,31.035,20.769,10.214,3.681
3.52500,104.451,94.791,79.397,45.694,31.737,22.733,10.564,3.699
3.52917,107.317,99.635,82.869,46.933,32.766,25.353,11.045,3.748
3.53333,110.942,105.758,87.177,48.438,33.994,28.619,11.597,3.705
3.53750,115.506,113.208,92.540,50.262,35.463,32.694,12.289,3.761
3.54167,121.006,122.573,99.028,52.641,37.296,37.738,13.206,3.818
3.54583,127.725,133.736,107.064,55.475,39.498,43.867,14.302,3.869
3.55000,135.641,147.130,116.454,58.740,42.068,51.174,15.543,3.850
3.55417,144.924,162.702,127.499,62.576,45.203,59.637,17.087,3.920
3.55833,155.503,180.591,140.193,67.001,48.741,69.402,18.743,3.912
3.56250,167.574,200.772,154.433,72.087,52.705,80.514,20.742,3.903
3.56667,180.842,223.114,170.283,77.638,57.168,92.753,22.851,3.947
3.57083,195.235,247.464,187.434,83.710,61.951,106.019,25.198,4.086
3.57500,210.680,273.365,205.852,90.093,67.070,120.226,27.728,4.107
3.57917,226.814,300.324,224.953,96.792,72.437,135.065,30.325,4.168
3.58333,243.260,327.966,244.567,103.783,77.917,150.282,33.018,4.224
3.58750,259.631,355.427,264.172,110.680,83.332,165.431,35.683,4.273
3.59167,275.671,382.191,283.227,117.342,88.691,180.226,38.250,4.308
3.59583,290.801,407.413,301.127,123.690,93.753,194.205,40.696,4.446
3.60000,304.593,430.422,317.565,129.556,98.397,207.032,43.024,4.437
3.60417,316.719,450.731,332.076,134.666,102.528,218.183,44.967,4.486
3.60833,326.842,467.488,344.060,138.956,105.916,227.481,46.596,4.571
3.61250,334.665,480.421,353.314,142.207,108.478,234.645,47.856,4.611
3.61667,340.064,489.191,359.616,144.512,110.332,239.520,48.727,4.625
3.62083,342.786,493.665,362.850,145.640,111.281,241.988,49.206,4.561
3.62500,342.897,493.692,362.885,145.641,111.242,242.027,49.115,4.633
3.62917,340.441,489.692,360.015,144.619,110.444,239.741,48.816,4.596
3.63333,335.723,481.585,354.212,142.629,108.890,235.059,47.946,4.574
3.63750,328.848,469.931,345.950,139.712,106.498,228.592,46.820,4.617
3.64167,320.011,455.236,335.417,136.001,103.658,220.313,45.420,4.520
3.64583,309.723,437.794,323.013,131.827,100.037,210.620,43.749,4.501
3.65000,298.213,418.468,309.210,126.972,96.235,199.755,41.828,4.476
3.65417,285.906,397.635,294.333,121.670,92.092,188.186,39.795,4.467
3.65833,272.993,375.864,278.969,116.336,87.791,176.100,37.706,4.487
3.66250,259.898,353.819,263.357,110.839,83.399,163.783,35.532,4.396
3.66667,246.869,331.855,247.678,105.411,79.056,151.640,33.453,4.320
3.67083,234.207,310.253,232.409,100.108,74.852,139.666,31.279,4.372
3.67500,221.832,289.463,217.655,94.938,70.717,128.207,29.258,4.288
3.67917,210.201,269.746,203.647,90.039,66.779,117.227,27.370,4.291
3.68333,199.297,251.132,190.563,85.470,63.180,106.979,25.609,4.166
3.68750,189.126,233.948,178.387,81.270,59.788,97.544,23.946,4.210
3.69167,179.828,217.992,167.185,77.337,56.628,88.690,22.441,4.140
3.69583,171.330,203.598,156.950,73.828,53.904,80.756,20.960,4.180
3.70000,163.675,190.439,147.681,70.664,51.305,73.493,19.741,4.081
3.70417,156.766,178.702,139.357,67.744,49.004,66.886,18.605,4.131
3.70833,150.568,168.025,131.805,65.209,46.931,61.107,17.684,4.119
3.71250,145.035,158.593,125.096,62.861,45.145,55.847,16.796,4.110
3.71667,140.188,150.183,119.281,60.798,43.455,51.218,15.901,4.096
3.72083,135.808,142.662,113.973,59.062,42.033,47.097,15.241,4.054
3.72500,131.995,136.152,109.367,57.474,40.787,43.460,14.610,3.976
3.72917,128.649,130.247,105.304,56.082,39.658,40.211,13.998,3.993
3.73333,125.674,125.237,101.720,54.817,38.653,37.414,13.590,3.980
3.73750,123.064,120.710,98.593,53.780,37.842,34.857,13.099,3.954
3.74167,120.866,116.831,95.808,52.795,37.061,32.678,12.728,4.035
3.74583,118.912,113.240,93.403,51.995,36.391,30.774,12.401,4.060
3.75000,117.194,110.290,91.299,51.306,35.809,29.121,12.137,4.021
3.75417,115.662,107.687,89.381,50.772,35.292,27.516,11.903,3.975
3.75833,114.390,105.337,87.856,50.160,34.903,26.350,11.611,3.986
3.76250,113.262,103.342,86.387,49.692,34.465,25.151,11.490,4.043
3.76667,112.325,101.601,85.194,49.323,34.164,24.211,11.328,4.020
3.77083,111.482,99.977,84.130,48.962,33.891,23.240,11.184,3.954
3.77500,110.822,98.743,83.252,48.669,33.658,22.458,11.033,4.011
3.77917,110.181,97.675,82.365,48.346,33.544,21.834,10.951,4.051
3.78333,109.634,96.578,81.704,48.205,33.290,21.283,10.831,4.025
3.78750,109.193,95.753,81.099,48.049,33.124,20.713,10.719,4.005
3.79167,108.847,94.996,80.551,47.870,32.982,20.328,10.716,4.047
3.79583,108.515,94.308,80.145,47.739,32.877,19.900,10.508,4.103
3.80000,108.339,93.769,79.863,47.628,32.843,19.535,10.579,4.025
3.80417,108.073,93.363,79.476,47.550,32.798,19.212,10.548,4.048
3.80833,107.841,92.925,79.280,47.503,32.712,18.998,10.509,4.006
3.81250,107.775,92.588,79.014,47.426,32.666,18.739,10.404,4.061
3.81667,107.695,92.344,78.834,47.384,32.640,18.467,10.402,4.042
3.82083,107.583,92.114,78.695,47.379,32.553,18.372,10.453,4.116
3.82500,107.620,91.947,78.578,47.383,32.597,18.272,10.407,4.005
3.82917,107.510,91.724,78.461,47.433,32.545,18.137,10.402,4.069
3.83333,107.543,91.687,78.400,47.434,32.633,17.975,10.366,4.070
3.83750,107.594,91.509,78.363,47.406,32.557,17.876,10.362,4.056
3.84167,107.529,91.476,78.361,47.470,32.638,17.812,10.400,4.097
3.84583,107.655,91.442,78.381,47.498,32.614,17.806,10.368,4.156
3.85000,107.698,91.414,78.346,47.490,32.615,17.754,10.382,4.123
3.85417,107.751,91.390,78.404,47.508,32.602,17.706,10.372,4.120
3.85833,107.817,91.462,78.391,47.567,32.652,17.649,10.333,4.144
3.86250,107.945,91.496,78.490,47.558,32.690,17.602,10.333,4.122
3.86667,108.095,91.537,78.464,47.667,32.721,17.612,10.319,4.097
3.87083,108.125,91.558,78.555,47.700,32.680,17.590,10.365,4.075
3.87500,108.302,91.630,78.500,47.720,32.764,17.599,10.420,4.163
3.87917,108.361,91.754,78.634,47.771,32.770,17.616,10.407,4.106
3.88333,108.450,91.835,78.738,47.830,32.863,17.576,10.393,4.166
3.88750,108.607,91.858,78.710,47.871,32.802,17.582,10.457,4.199
3.89167,108.691,91.932,78.904,47.992,32.906,17.585,10.371,4.151
3.89583,108.858,92.013,78.959,48.060,32.925,17.596,10.394,4.155
3.90000,109.015,92.142,79.014,48.105,32.936,17.590,10.417,4.116
3.90417,109.116,92.251,79.108,48.191,33.043,17.575,10.409,4.184
3.90833,109.244,92.329,79.158,48.257,33.074,17.643,10.401,4.187
3.91250,109.356,92.425,79.266,48.252,33.093,17.565,10.426,4.174
3.91667,109.480,92.558,79.331,48.309,33.110,17.613,10.492,4.166
3.92083,109.615,92.639,79.457,48.372,33.146,17.613,10.402,4.153
3.92500,109.755,92.724,79.609,48.504,33.193,17.662,10.506,4.201
3.92917,109.897,92.861,79.694,48.441,33.294,17.669,10.518,4.239
3.93333,110.000,92.985,79.742,48.576,33.321,17.673,10.562,4.221
3.93750,110.236,93.136,79.796,48.660,33.265,17.687,10.520,4.208
3.94167,110.325,93.168,79.946,48.705,33.430,17.752,10.547,4.228
3.94583,110.484,93.394,80.074,48.813,33.333,17.760,10.530,4.227
3.95000,110.623,93.484,80.195,48.765,33.376,17.736,10.606,4.239
3.95417,110.752,93.547,80.294,48.912,33.488,17.785,10.617,4.273
3.95833,110.898,93.603,80.388,48.944,33.506,17.771,10.600,4.275
3.96250,111.026,93.833,80.474,49.063,33.560,17.766,10.580,4.127
3.96667,111.203,93.857,80.545,49.115,33.618,17.883,10.669,4.285
3.97083,111.327,94.021,80.597,49.129,33.656,17.846,10.606,4.273
3.97500,111.435,94.101,80.747,49.204,33.733,17.856,10.655,4.301
3.97917,111.636,94.331,80.860,49.256,33.714,17.918,10.650,4.236
3.98333,111.777,94.422,80.992,49.325,33.796,17.924,10.677,4.221
3.98750,111.888,94.509,81.064,49.422,33.897,17.903,10.738,4.276
3.99167,112.019,94.633,81.133,49.495,33.899,18.016,10.674,4.273
3.99583,112.220,94.763,81.276,49.543,33.963,17.997,10.698,4.326
4.00000,112.321,94.907,81.396,49.647,34.002,18.096,10.722,4.238
4.00417,112.462,95.070,81.549,49.715,33.978,18.081,10.751,4.280
4.00833,112.701,95.148,81.639,49.725,34.070,18.076,10.825,4.286
4.01250,112.801,95.296,81.728,49.827,34.129,18.137,10.714,4.264
4.01667,112.953,95.414,81.841,49.848,34.182,18.114,10.779,4.346
4.02083,113.028,95.502,81.952,49.942,34.190,18.193,10.776,4.387
4.02500,113.231,95.662,82.028,50.011,34.200,18.141,10.832,4.378
4.02917,113.340,95.755,82.163,50.092,34.239,18.206,10.754,4.373
4.03333,113.522,95.911,82.201,50.235,34.351,18.185,10.801,4.281
4.03750,113.547,95.968,82.411,50.187,34.387,18.220,10.868,4.393
4.04167,113.836,96.094,82.463,50.273,34.410,18.272,10.818,4.367
4.04583,114.016,96.239,82.608,50.352,34.482,18.307,10.848,4.358
4.05000,114.140,96.346,82.669,50.425,34.489,18.301,10.843,4.409
4.05417,114.218,96.498,82.815,50.446,34.532,18.375,10.852,4.367
4.05833,114.424,96.713,82.918,50.557,34.572,18.385,10.955,4.349
4.06250,114.654,96.758,82.937,50.661,34.663,18.423,10.944,4.410
4.06667,114.701,96.845,83.070,50.640,34.705,18.499,10.913,4.417
4.07083,114.842,97.036,83.144,50.699,34.738,18.450,10.977,4.371
4.07500,115.041,97.136,83.296,50.769,34.729,18.511,10.963,4.446
4.07917,115.188,97.402,83.391,50.879,34.797,18.432,10.968,4.436
4.08333,115.349,97.344,83.513,50.898,34.918,18.557,10.939,4.394
4.08750,115.428,97.540,83.618,51.037,34.909,18.582,11.019,4.471
4.09167,115.522,97.658,83.717,51.032,34.947,18.558,11.020,4.468
4.09583,115.706,97.826,83.842,51.098,35.015,18.519,10.991,4.433
4.10000,115.911,97.915,83.947,51.190,35.028,18.626,11.029,4.406
4.10417,116.132,98.030,84.091,51.287,35.101,18.648,11.016,4.445
4.10833,116.190,98.162,84.142,51.308,35.112,18.664,11.127,4.511
4.11250,116.358,98.308,84.258,51.427,35.184,18.675,11.130,4.484
4.11667,116.460,98.427,84.364,51.453,35.215,18.715,11.110,4.487
4.12083,116.599,98.490,84.494,51.605,35.201,18.745,11.150,4.431
4.12500,116.820,98.705,84.621,51.586,35.315,18.809,11.098,4.485
4.12917,116.951,98.776,84.760,51.702,35.352,18.816,11.108,4.469
4.13333,117.007,98.916,84.785,51.712,35.389,18.830,11.115,4.407
4.13750,117.199,99.060,84.902,51.841,35.466,18.860,11.219,4.517
4.14167,117.410,99.254,84.985,51.914,35.412,18.859,11.219,4.508
4.14583,117.486,99.266,85.112,51.923,35.543,18.872,11.181,4.497
4.15000,117.682,99.445,85.189,52.041,35.576,18.919,11.235,4.460
4.15417,117.825,99.616,85.364,52.083,35.657,18.998,11.241,4.529
4.15833,117.981,99.715,85.420,52.180,35.632,18.917,11.243,4.499
4.16250,118.046,99.876,85.551,52.189,35.759,19.005,11.241,4.539
4.16667,118.302,99.901,85.630,52.244,35.816,19.046,11.157,4.553
4.17083,118.407,100.104,85.742,52.348,35.764,19.063,11.326,4.602
4.17500,118.531,100.217,85.931,52.335,35.893,19.114,11.317,4.540
4.17917,118.666,100.323,86.006,52.449,35.893,19.068,11.330,4.574
4.18333,118.885,100.484,86.095,52.517,35.896,19.063,11.270,4.571
4.18750,118.994,100.641,86.213,52.693,35.946,19.170,11.329,4.586
4.19167,119.094,100.834,86.289,52.653,36.017,19.176,11.334,4.572
4.19583,119.255,100.816,86.429,52.742,36.019,19.128,11.354,4.621
4.20000,119.461,100.946,86.482,52.810,36.207,19.209,11.438,4.604
4.20417,119.601,101.129,86.642,52.911,36.159,19.261,11.410,4.627
4.20833,119.805,101.232,86.712,52.986,36.149,19.199,11.484,4.643
4.21250,119.903,101.341,86.849,53.045,36.180,19.249,11.405,4.593
4.21667,120.071,101.514,87.017,53.127,36.287,19.360,11.472,4.682
4.22083,120.238,101.580,87.045,53.099,36.364,19.343,11.408,4.600
4.22500,120.299,101.765,87.187,53.199,36.394,19.371,11.419,4.649
4.22917,120.513,101.871,87.305,53.287,36.402,19.358,11.499,4.654
4.23333,120.654,102.055,87.413,53.325,36.472,19.404,11.489,4.635
4.23750,120.813,102.122,87.480,53.451,36.493,19.493,11.433,4.621
4.24167,120.907,102.259,87.520,53.477,36.556,19.497,11.486,4.665
4.24583,121.097,102.379,87.686,53.586,36.562,19.465,11.517,4.685
4.25000,121.343,102.548,87.827,53.584,36.630,19.505,11.559,4.711
4.25417,121.420,102.602,87.888,53.720,36.650,19.507,11.575,4.709
4.25833,121.589,102.816,88.054,53.728,36.728,19.502,11.575,4.683
4.26250,121.744,102.938,88.115,53.834,36.823,19.551,11.616,4.638
4.26667,121.887,102.983,88.302,53.875,36.837,19.574,11.594,4.710
4.27083,122.025,103.153,88.327,53.965,36.901,19.704,11.665,4.693
4.27500,122.180,103.304,88.440,54.081,36.948,19.643,11.635,4.705
4.27917,122.302,103.450,88.588,54.139,36.962,19.708,11.591,4.775
4.28333,122.436,103.560,88.725,54.144,36.985,19.726,11.635,4.661
4.28750,122.660,103.690,88.821,54.271,36.996,19.759,11.681,4.778
4.29167,122.755,103.806,88.903,54.376,37.128,19.791,11.705,4.795
4.29583,122.930,103.921,88.995,54.383,37.206,19.822,11.732,4.839
4.30000,123.061,104.148,89.161,54.453,37.207,19.793,11.623,4.728
4.30417,123.245,104.259,89.261,54.536,37.277,19.828,11.743,4.783
4.30833,123.427,104.359,89.317,54.590,37.263,19.844,11.727,4.739
4.31250,123.536,104.476,89.453,54.700,37.394,19.912,11.731,4.797
4.31667,123.685,104.635,89.614,54.647,37.354,19.920,11.765,4.742
4.32083,123.821,104.800,89.674,54.785,37.481,19.942,11.744,4.791
4.32500,123.973,104.830,89.757,54.851,37.513,19.927,11.796,4.730
4.32917,124.182,105.020,89.925,54.954,37.563,19.970,11.794,4.785
4.33333,124.242,105.143,89.981,55.028,37.527,20.036,11.807,4.802
4.33750,124.479,105.241,90.122,55.008,37.601,20.062,11.829,4.806
4.34167,124.604,105.360,90.291,55.138,37.692,20.040,11.837,4.796
4.34583,124.724,105.514,90.406,55.271,37.638,20.133,11.848,4.837
4.35000,124.944,105.692,90.475,55.297,37.705,20.064,11.835,4.803
4.35417,125.099,105.809,90.556,55.341,37.750,20.139,11.936,4.850
4.35833,125.216,105.916,90.708,55.403,37.852,20.134,11.960,4.819
4.36250,125.387,105.992,90.830,55.515,37.861,20.199,11.907,4.821
4.36667,125.487,106.055,90.927,55.546,37.917,20.264,11.945,4.840
4.37083,125.676,106.250,91.010,55.641,37.951,20.253,11.907,4.851
4.37500,125.861,106.435,91.115,55.698,38.059,20.276,11.951,4.850
4.37917,125.943,106.500,91.178,55.736,38.045,20.290,11.968,4.873
4.38333,126.098,106.748,91.229,55.800,38.148,20.328,12.025,4.809
4.38750,126.317,106.786,91.474,55.885,38.172,20.312,11.960,4.876
4.39167,126.487,106.950,91.522,55.972,38.208,20.401,12.081,4.812
4.39583,126.575,107.082,91.661,56.047,38.302,20.364,12.061,4.878
4.40000,126.655,107.276,91.758,56.087,38.394,20.435,12.022,4.913
4.40417,126.893,107.339,91.896,56.224,38.373,20.410,12.053,4.952
4.40833,127.048,107.385,91.932,56.298,38.452,20.498,12.053,4.971
4.41250,127.190,107.561,92.063,56.352,38.408,20.468,12.070,4.910
4.41667,127.286,107.708,92.235,56.338,38.434,20.488,12.134,4.869
4.42083,127.524,107.835,92.375,56.440,38.504,20.546,12.113,4.886
4.42500,127.660,108.055,92.428,56.528,38.585,20.557,12.099,4.837
4.42917,127.825,108.125,92.559,56.582,38.692,20.603,12.121,4.921
4.43333,127.862,108.248,92.604,56.691,38.674,20.555,12.173,4.922
4.43750,128.137,108.468,92.750,56.741,38.709,20.646,12.061,4.935
4.44167,128.224,108.455,92.841,56.772,38.763,20.671,12.207,4.974
4.44583,128.383,108.632,92.880,56.858,38.880,20.731,12.215,4.932
4.45000,128.510,108.804,93.117,56.961,38.844,20.740,12.155,4.998
4.45417,128.716,108.874,93.197,57.035,38.929,20.691,12.249,5.004
4.45833,128.857,109.023,93.313,57.045,38.968,20.716,12.205,4.995
4.46250,129.041,109.195,93.429,57.164,38.959,20.786,12.244,4.972
4.46667,129.149,109.313,93.595,57.242,39.039,20.816,12.292,4.963
4.47083,129.315,109.446,93.619,57.239,39.146,20.852,12.301,4.998
4.47500,129.547,109.502,93.696,57.390,39.121,20.857,12.281,5.045
4.47917,129.654,109.623,93.927,57.441,39.159,20.905,12.275,5.003
4.48333,129.832,109.822,94.046,57.489,39.249,20.948,12.347,5.019
4.48750,129.900,109.961,94.085,57.555,39.294,20.980,12.312,5.019
4.49167,130.061,110.119,94.180,57.657,39.334,21.021,12.309,5.002
4.49583,130.237,110.212,94.249,57.693,39.372,20.990,12.354,5.039
4.50000,130.465,110.317,94.454,57.812,39.453,21.050,12.373,5.063
4.50417,130.539,110.432,94.510,57.825,39.443,21.012,12.380,5.031
4.50833,130.672,110.570,94.638,57.853,39.520,21.078,12.396,5.010
4.51250,130.803,110.776,94.725,57.947,39.448,21.101,12.355,5.066
4.51667,131.035,110.867,94.866,57.995,39.587,21.065,12.477,5.051
4.52083,131.150,110.975,94.975,58.107,39.675,21.213,12.451,5.048
4.52500,131.210,111.221,95.021,58.148,39.678,21.204,12.424,5.065
4.52917,131.446,111.306,95.215,58.292,39.745,21.186,12.450,5.038
4.53333,131.654,111.372,95.359,58.272,39.779,21.236,12.417,5.094
4.53750,131.818,111.538,95.339,58.398,39.859,21.264,12.461,5.071
4.54167,131.899,111.645,95.491,58.415,39.841,21.299,12.513,5.126
4.54583,132.069,111.783,95.610,58.564,39.965,21.324,12.580,5.116
4.55000,132.204,111.897,95.787,58.610,39.952,21.328,12.498,5.085
4.55417,132.415,112.045,95.833,58.674,40.042,21.309,12.607,5.092
4.55833,132.482,112.194,96.010,58.649,39.997,21.432,12.556,5.137
4.56250,132.727,112.325,96.015,58.785,40.119,21.359,12.588,5.146
4.56667,132.859,112.454,96.207,58.816,40.152,21.437,12.641,5.167
4.57083,133.061,112.602,96.278,58.917,40.050,21.471,12.601,5.125
4.57500,133.123,112.729,96.415,59.035,40.270,21.551,12.675,5.165
4.57917,133.276,112.824,96.512,59.051,40.309,21.485,12.548,5.172
4.58333,133.436,112.982,96.597,59.097,40.353,21.524,12.655,5.129
4.58750,133.550,113.092,96.709,59.229,40.345,21.539,12.621,5.192
4.59167,133.783,113.211,96.881,59.286,40.374,21.619,12.628,5.177
4.59583,133.930,113.357,96.971,59.353,40.462,21.631,12.717,5.178
4.60000,134.060,113.444,97.098,59.392,40.497,21.659,12.663,5.186
4.60417,134.142,113.609,97.231,59.450,40.486,21.672,12.760,5.096
4.60833,134.293,113.764,97.276,59.544,40.616,21.732,12.761,5.237
4.61250,134.538,113.928,97.376,59.696,40.724,21.735,12.768,5.139
4.61667,134.653,113.937,97.465,59.665,40.737,21.729,12.749,5.209
4.62083,134.786,114.155,97.700,59.756,40.751,21.801,12.722,5.260
4.62500,134.962,114.296,97.765,59.786,40.797,21.805,12.825,5.257
4.62917,135.048,114.411,97.846,59.930,40.864,21.823,12.771,5.223
4.63333,135.314,114.559,97.976,60.007,40.860,21.826,12.827,5.286
4.63750,135.488,114.691,98.064,60.068,40.935,21.811,12.760,5.306
4.64167,135.599,114.824,98.075,60.086,41.016,21.856,12.792,5.242
4.64583,135.830,114.911,98.242,60.193,41.033,21.926,12.929,5.187
4.65000,135.970,115.101,98.386,60.260,41.102,21.988,12.885,5.276
4.65417,136.067,115.188,98.552,60.332,41.068,21.897,12.911,5.262
4.65833,136.212,115.346,98.579,60.449,41.175,21.992,12.926,5.319
4.66250,136.399,115.446,98.786,60.446,41.244,21.998,12.923,5.267
4.66667,136.485,115.603,98.805,60.542,41.263,22.034,12.921,5.277
4.67083,136.721,115.774,98.992,60.589,41.283,22.074,12.964,5.272
4.67500,136.855,115.918,99.085,60.633,41.371,22.056,12.969,5.306
4.67917,136.940,115.955,99.160,60.730,41.404,22.149,12.909,5.324
4.68333,137.204,116.136,99.279,60.884,41.467,22.119,12.949,5.319
4.68750,137.304,116.257,99.377,60.914,41.546,22.153,12.971,5.333
4.69167,137.460,116.390,99.447,60.975,41.495,22.250,13.042,5.333
4.69583,137.627,116.567,99.637,61.007,41.589,22.212,13.026,5.410
4.70000,137.772,116.634,99.627,61.075,41.590,22.220,13.050,5.353
4.70417,137.952,116.766,99.816,61.153,41.710,22.291,13.039,5.313
4.70833,138.081,116.895,99.998,61.253,41.703,22.354,13.073,5.329
4.71250,138.203,117.074,100.040,61.289,41.765,22.401,13.065,5.371
4.71667,138.383,117.193,100.084,61.373,41.790,22.335,13.083,5.311
4.72083,138.490,117.316,100.247,61.362,41.891,22.361,13.160,5.337
4.72500,138.590,117.476,100.351,61.537,41.938,22.356,13.105,5.308
4.72917,138.907,117.547,100.483,61.590,41.996,22.464,13.163,5.371
4.73333,138.951,117.719,100.594,61.628,41.952,22.465,13.071,5.400
4.73750,139.120,117.798,100.717,61.796,42.049,22.454,13.140,5.401
4.74167,139.313,117.926,100.789,61.830,42.088,22.504,13.122,5.394
4.74583,139.419,118.126,100.957,61.910,42.184,22.502,13.155,5.414
4.75000,139.632,118.180,101.017,61.946,42.174,22.512,13.209,5.400
4.75417,139.765,118.382,101.170,61.870,42.260,22.564,13.175,5.411
4.75833,139.919,118.452,101.265,62.093,42.256,22.615,13.199,5.398
4.76250,140.143,118.658,101.399,62.107,42.319,22.606,13.245,5.437
4.76667,140.274,118.706,101.462,62.169,42.343,22.676,13.278,5.433
4.77083,140.397,118.901,101.586,62.261,42.421,22.721,13.253,5.411
4.77500,140.513,118.991,101.687,62.304,42.474,22.677,13.337,5.493
4.77917,140.675,119.206,101.823,62.409,42.506,22.747,13.300,5.477
4.78333,140.850,119.287,101.889,62.476,42.584,22.756,13.351,5.470
4.78750,140.967,119.409,102.039,62.563,42.638,22.850,13.320,5.531
4.79167,141.123,119.485,102.123,62.593,42.598,22.833,13.381,5.471
4.79583,141.365,119.583,102.273,62.682,42.662,22.852,13.368,5.484
4.80000,141.387,119.792,102.384,62.769,42.726,22.859,13.397,5.466
4.80417,141.606,119.975,102.459,62.750,42.756,22.915,13.395,5.503
4.80833,141.717,120.078,102.566,62.911,42.831,22.887,13.344,5.484
4.81250,141.948,120.255,102.762,62.958,42.836,22.943,13.433,5.492
4.81667,142.033,120.344,102.797,63.035,42.945,22.947,13.472,5.473
4.82083,142.177,120.449,102.957,63.038,42.959,23.066,13.418,5.466
4.82500,142.397,120.599,103.081,63.153,43.005,22.985,13.485,5.578
4.82917,142.498,120.666,103.114,63.233,43.013,23.025,13.467,5.515
4.83333,142.683,120.830,103.241,63.264,43.124,23.074,13.390,5.476
4.83750,142.805,120.966,103.368,63.321,43.181,23.059,13.511,5.523
4.84167,142.965,121.098,103.522,63.444,43.180,23.142,13.518,5.533
4.84583,143.126,121.313,103.571,63.534,43.251,23.162,13.517,5.541
4.85000,143.241,121.365,103.692,63.560,43.309,23.136,13.518,5.542
4.85417,143.427,121.533,103.845,63.667,43.300,23.174,13.515,5.597
4.85833,143.556,121.585,103.858,63.757,43.394,23.240,13.549,5.577
4.86250,143.750,121.806,104.028,63.772,43.404,23.265,13.551,5.623
4.86667,143.901,121.878,104.160,63.864,43.447,23.280,13.607,5.573
4.87083,144.067,122.022,104.292,63.940,43.539,23.256,13.598,5.555
4.87500,144.187,122.184,104.314,64.019,43.574,23.316,13.643,5.651
4.87917,144.315,122.332,104.425,64.066,43.624,23.405,13.531,5.629
4.88333,144.527,122.356,104.565,64.136,43.642,23.304,13.605,5.628
4.88750,144.616,122.559,104.707,64.161,43.773,23.365,13.609,5.611
4.89167,144.779,122.668,104.771,64.228,43.850,23.375,13.689,5.656
4.89583,144.974,122.876,104.976,64.297,43.747,23.451,13.708,5.617
4.90000,145.116,122.929,105.043,64.434,43.856,23.472,13.689,5.649
4.90417,145.214,123.094,105.153,64.530,43.847,23.479,13.699,5.657
4.90833,145.402,123.156,105.313,64.489,43.993,23.446,13.724,5.588
4.91250,145.546,123.339,105.374,64.601,44.076,23.531,13.761,5.624
4.91667,145.733,123.449,105.467,64.639,44.011,23.596,13.766,5.696
4.92083,145.884,123.591,105.612,64.720,44.071,23.575,13.748,5.622
4.92500,146.015,123.687,105.688,64.807,44.137,23.684,13.787,5.622
4.92917,146.244,123.865,105.757,64.940,44.109,23.621,13.740,5.662
4.93333,146.332,124.021,105.965,64.956,44.277,23.631,13.780,5.716
4.93750,146.494,124.108,106.010,65.046,44.288,23.656,13.799,5.686
4.94167,146.643,124.240,106.196,65.131,44.296,23.775,13.879,5.690
4.94583,146.773,124.376,106.276,65.122,44.361,23.728,13.837,5.661
4.95000,146.937,124.500,106.425,65.252,44.448,23.760,13.859,5.734
4.95417,147.134,124.648,106.487,65.324,44.450,23.773,13.910,5.718
4.95833,147.223,124.704,106.538,65.344,44.506,23.837,13.933,5.730
4.96250,147.445,124.948,106.711,65.399,44.601,23.890,13.893,5.717
4.96667,147.558,124.995,106.823,65.496,44.550,23.841,13.947,5.794
4.97083,147.692,125.201,106.884,65.582,44.560,23.908,13.894,5.728
4.97500,147.870,125.312,106.983,65.715,44.697,23.985,13.973,5.773
4.97917,148.097,125.398,107.141,65.730,44.703,23.876,13.989,5.682
4.98333,148.137,125.540,107.218,65.760,44.715,23.991,13.927,5.731
4.98750,148.310,125.696,107.352,65.901,44.870,23.995,14.016,5.739
4.99167,148.424,125.887,107.474,65.907,44.851,23.996,14.011,5.802
4.99583,148.653,125.984,107.574,66.024,44.922,24.039,14.017,5.809
5.00000,148.823,126.055,107.640,66.051,44.891,24.097,14.071,5.784
5.00417,148.940,126.230,107.776,66.139,44.954,24.073,14.097,5.740
5.00833,149.070,126.460,107.898,66.141,44.997,24.144,14.000,5.801
5.01250,149.217,126.487,107.958,66.315,45.079,24.157,14.026,5.824
5.01667,149.331,126.626,108.039,66.318,45.167,24.115,14.096,5.738
5.02083,149.565,126.766,108.143,66.382,45.186,24.260,14.126,5.832
5.02500,149.765,126.883,108.288,66.553,45.256,24.303,14.145,5.868
5.02917,149.870,126.933,108.463,66.578,45.286,24.260,14.146,5.853
5.03333,149.965,127.149,108.552,66.628,45.327,24.281,14.112,5.869
5.03750,150.136,127.263,108.698,66.665,45.362,24.267,14.154,5.804
5.04167,150.259,127.390,108.744,66.818,45.415,24.328,14.175,5.833
5.04583,150.494,127.540,108.912,66.785,45.445,24.332,14.223,5.864
5.05000,150.560,127.676,109.036,66.817,45.479,24.378,14.203,5.851
5.05417,150.797,127.774,109.136,67.021,45.543,24.422,14.174,5.949
5.05833,150.942,127.954,109.227,66.968,45.682,24.422,14.230,5.897
5.06250,151.087,128.055,109.368,67.068,45.622,24.421,14.180,5.875
5.06667,151.163,128.124,109.457,67.185,45.667,24.490,14.280,5.852
5.07083,151.354,128.308,109.538,67.222,45.695,24.559,14.231,5.801
5.07500,151.491,128.464,109.583,67.309,45.807,24.542,14.277,5.866
5.07917,151.678,128.583,109.792,67.377,45.849,24.548,14.278,5.835
5.08333,151.809,128.673,109.880,67.481,45.860,24.595,14.295,5.903
5.08750,151.950,128.880,109.908,67.453,45.966,24.667,14.295,5.869
5.09167,152.171,128.939,110.100,67.566,45.964,24.554,14.272,5.939
5.09583,152.235,129.076,110.215,67.637,46.034,24.642,14.330,5.936
5.10000,152.437,129.164,110.270,67.752,46.008,24.653,14.416,5.893
5.10417,152.533,129.372,110.406,67.815,46.110,24.742,14.350,5.903
5.10833,152.753,129.485,110.560,67.842,46.106,24.720,14.443,5.933
5.11250,152.900,129.570,110.678,67.949,46.242,24.805,14.424,5.891
5.11667,152.992,129.681,110.766,67.986,46.296,24.771,14.434,5.961
5.12083,153.161,129.906,110.837,68.084,46.311,24.844,14.459,5.967
5.12500,153.357,130.004,110.981,68.103,46.400,24.813,14.395,5.963
5.12917,153.482,130.080,111.081,68.182,46.357,24.860,14.513,5.939
5.13333,153.615,130.236,111.138,68.323,46.433,24.913,14.511,5.973
5.13750,153.697,130.394,111.214,68.415,46.436,24.946,14.505,5.973
5.14167,153.961,130.540,111.429,68.386,46.544,25.021,14.493,5.962
5.14583,154.094,130.595,111.525,68.495,46.571,24.944,14.533,6.058
5.15000,154.263,130.764,111.657,68.539,46.578,24.998,14.582,6.019
5.15417,154.365,130.933,111.689,68.643,46.669,25.061,14.554,5.942
5.15833,154.570,131.043,111.873,68.696,46.700,25.054,14.607,6.022
5.16250,154.697,131.191,111.952,68.705,46.767,25.017,14.563,6.039
5.16667,154.836,131.223,112.007,68.788,46.768,25.099,14.569,6.022
5.17083,155.020,131.394,112.181,68.885,46.816,25.115,14.601,5.989
5.17500,155.155,131.521,112.255,68.941,46.881,25.151,14.563,6.056
5.17917,155.261,131.677,112.363,68.987,46.925,25.248,14.660,6.017
5.18333,155.384,131.755,112.498,69.041,47.012,25.121,14.569,6.024
5.18750,155.659,131.931,112.514,69.152,46.999,25.265,14.653,6.086
5.19167,155.751,132.065,112.721,69.191,46.983,25.250,14.710,5.983
5.19583,155.872,132.131,112.733,69.301,47.141,25.275,14.598,6.055
5.20000,155.974,132.346,112.953,69.326,47.154,25.243,14.729,6.051
5.20417,156.198,132.398,113.012,69.462,47.198,25.336,14.689,6.088
5.20833,156.407,132.546,113.151,69.533,47.281,25.307,14.640,6.067
5.21250,156.507,132.727,113.246,69.597,47.290,25.339,14.701,6.059
5.21667,156.670,132.830,113.309,69.713,47.341,25.409,14.773,6.081
5.22083,156.825,132.989,113.517,69.682,47.443,25.471,14.766,6.135
5.22500,156.928,133.096,113.599,69.762,47.424,25.465,14.706,6.090
5.22917,157.093,133.206,113.737,69.866,47.461,25.455,14.784,6.087
5.23333,157.264,133.293,113.880,69.856,47.493,25.422,14.841,6.143
5.23750,157.399,133.503,113.925,70.004,47.521,25.534,14.809,6.118
5.24167,157.569,133.629,114.051,70.045,47.640,25.499,14.804,6.124
5.24583,157.710,133.795,114.151,70.080,47.642,25.556,14.825,6.155
5.25000,157.863,133.840,114.226,70.138,47.706,25.545,14.853,6.150
5.25417,157.974,133.998,114.359,70.195,47.718,25.648,14.841,6.124
5.25833,158.138,134.170,114.475,70.363,47.711,25.672,14.890,6.170
5.26250,158.268,134.271,114.624,70.393,47.885,25.635,14.858,6.188
5.26667,158.464,134.356,114.714,70.463,47.889,25.713,14.975,6.181
5.27083,158.683,134.473,114.813,70.633,47.978,25.699,14.880,6.156
5.27500,158.839,134.623,114.864,70.680,48.007,25.709,14.969,6.133
5.27917,159.002,134.811,115.107,70.819,48.043,25.776,14.952,6.230
5.28333,159.139,134.979,115.302,71.018,48.113,25.749,14.957,6.124
5.28750,159.342,135.181,115.496,71.197,48.211,25.807,14.937,6.215
5.29167,159.518,135.379,115.615,71.503,48.364,25.849,14.955,6.243
5.29583,159.801,135.599,115.901,71.878,48.501,25.904,15.026,6.200
5.30000,160.101,135.866,116.229,72.400,48.682,25.945,14.970,6.185
5.30417,160.408,136.247,116.775,73.041,48.952,25.938,15.054,6.220
5.30833,160.759,136.624,117.296,73.990,49.304,26.069,15.009,6.262
5.31250,161.258,137.150,118.094,75.169,49.696,26.034,15.061,6.205
5.31667,161.856,137.863,118.978,76.823,50.231,26.100,15.147,6.242
5.32083,162.646,138.685,120.336,78.926,51.096,26.220,15.111,6.305
5.32500,163.647,139.832,121.975,81.809,52.104,26.189,15.185,6.280
5.32917,164.902,141.156,124.097,85.465,53.297,26.292,15.186,6.264
5.33333,166.395,142.911,126.807,90.223,54.944,26.424,15.296,6.333
5.33750,168.307,145.109,130.236,96.208,57.004,26.625,15.265,6.309
5.34167,170.684,147.828,134.490,103.656,59.546,26.784,15.339,6.293
5.34583,173.566,151.131,139.744,112.948,62.787,27.020,15.377,6.339
5.35000,177.034,155.190,146.128,124.147,66.667,27.260,15.516,6.351
5.35417,181.240,160.034,153.805,137.740,71.254,27.570,15.518,6.315
5.35833,186.236,165.839,162.849,153.948,76.795,27.816,15.602,6.354
5.36250,192.035,172.585,173.598,172.972,83.338,28.273,15.708,6.324
5.36667,198.753,180.331,185.883,194.925,90.901,28.767,15.864,6.433
5.37083,206.423,189.222,200.148,219.970,99.528,29.224,16.075,6.433
5.37500,215.071,199.258,216.012,248.202,109.156,29.902,16.112,6.529
5.37917,224.625,210.396,233.680,279.521,119.904,30.535,16.249,6.519
5.38333,235.058,222.607,252.995,313.739,131.665,31.214,16.437,6.520
5.38750,246.256,235.663,273.693,350.565,144.330,32.018,16.708,6.574
5.39167,258.213,249.511,295.890,389.603,158.003,32.938,16.919,6.678
5.39583,270.689,264.049,318.963,430.212,172.061,33.750,17.081,6.686
5.40000,283.527,279.011,342.594,471.821,186.667,34.580,17.406,6.807
5.40417,296.540,294.086,366.518,513.720,201.355,35.468,17.569,6.732
5.40833,309.420,309.016,390.131,554.937,215.809,36.317,17.798,6.890
5.41250,321.820,323.516,413.028,594.748,230.004,37.232,18.038,6.830
5.41667,333.636,337.269,434.698,632.262,243.380,38.076,18.292,6.918
5.42083,344.547,349.942,454.620,666.723,255.662,38.803,18.484,6.985
5.42500,354.327,361.354,472.557,697.289,266.776,39.456,18.637,7.018
5.42917,362.747,371.127,487.986,723.536,276.257,40.082,18.839,7.049
5.43333,369.726,379.144,500.413,744.892,284.043,40.562,18.917,7.086
5.43750,374.975,385.216,509.930,760.900,289.946,40.910,18.993,7.117
5.44167,378.542,389.300,516.298,771.494,293.782,41.222,19.070,7.110
5.44583,380.287,391.257,519.305,776.528,295.715,41.308,19.197,7.130
5.45000,380.189,391.211,519.114,776.073,295.599,41.350,19.185,7.170
5.45417,378.538,389.135,515.755,770.247,293.485,41.367,19.137,7.075
5.45833,375.151,385.163,509.448,759.420,289.562,40.976,19.094,7.123
5.46250,370.273,379.540,500.468,744.013,283.904,40.692,19.004,7.143
5.46667,364.193,372.338,489.022,724.402,276.700,40.333,18.941,7.141
5.47083,357.003,363.906,475.566,701.145,268.404,39.788,18.825,7.064
5.47500,348.820,354.233,460.386,674.940,258.973,39.321,18.707,6.991
5.47917,339.985,343.875,443.907,646.386,248.662,38.738,18.515,7.137
5.48333,330.624,332.973,426.361,615.961,237.848,38.107,18.418,7.087
5.48750,320.907,321.636,408.253,584.400,226.737,37.429,18.279,6.970
5.49167,311.048,310.101,389.912,552.200,215.347,36.788,18.024,7.013
5.49583,301.257,298.535,371.586,520.001,204.022,36.145,17.994,6.912
5.50000,291.545,287.290,353.488,488.078,192.886,35.463,17.761,6.919
5.50417,282.123,276.243,335.903,456.948,182.062,34.817,17.569,6.836
5.50833,273.187,265.634,318.823,426.925,171.594,34.208,17.438,6.833
5.51250,264.545,255.540,302.727,398.188,161.552,33.635,17.378,6.825
5.51667,256.366,245.967,287.344,370.934,152.193,33.171,17.185,6.846
5.52083,248.685,237.043,273.017,345.337,143.297,32.666,17.133,6.809
5.52500,241.612,228.716,259.592,321.455,135.083,32.156,16.997,6.736
5.52917,235.079,220.948,247.146,299.160,127.498,31.756,16.900,6.812
5.53333,229.007,213.824,235.706,278.647,120.405,31.462,16.837,6.796
5.53750,223.464,207.252,225.065,259.766,114.007,31.011,16.750,6.767
5.54167,218.317,201.249,215.502,242.432,108.059,30.693,16.684,6.713
5.54583,213.684,195.870,206.709,226.604,102.631,30.361,16.514,6.700
5.55000,209.549,190.903,198.653,212.187,97.784,30.143,16.391,6.710
5.55417,205.677,186.364,191.359,199.001,93.288,29.889,16.435,6.760
5.55833,202.295,182.318,184.872,187.129,89.198,29.721,16.426,6.756
5.56250,199.237,178.681,178.865,176.371,85.542,29.416,16.297,6.711
5.56667,196.408,175.348,173.357,166.513,82.207,29.188,16.363,6.700
5.57083,193.802,172.411,168.540,157.753,79.241,29.135,16.289,6.682
5.57500,191.629,169.711,164.078,149.809,76.503,28.990,16.218,6.665
5.57917,189.602,167.276,160.209,142.587,74.088,28.918,16.234,6.698
5.58333,187.722,165.091,156.620,136.028,71.942,28.800,16.269,6.723
5.58750,186.132,163.126,153.405,130.270,69.877,28.598,16.226,6.636
5.59167,184.656,161.396,150.466,124.962,68.183,28.650,16.186,6.670
5.59583,183.352,159.878,147.892,120.188,66.527,28.501,16.259,6.690
5.60000,182.190,158.435,145.520,115.880,65.158,28.474,16.210,6.668
5.60417,181.168,157.212,143.502,112.070,63.874,28.344,16.209,6.692
5.60833,180.240,156.051,141.629,108.578,62.648,28.323,16.172,6.665
5.61250,179.421,155.141,139.896,105.416,61.594,28.347,16.201,6.686
5.61667,178.700,154.215,138.414,102.618,60.683,28.286,16.141,6.693
5.62083,178.093,153.381,137.062,100.043,59.850,28.276,16.114,6.675
5.62500,177.601,152.689,135.827,97.782,59.032,28.189,16.111,6.705
5.62917,177.139,152.132,134.775,95.698,58.395,28.252,16.275,6.668
5.63333,176.596,151.567,133.799,93.846,57.752,28.160,16.158,6.693
5.63750,176.222,151.088,132.969,92.305,57.222,28.190,16.185,6.757
5.64167,175.909,150.663,132.174,90.682,56.764,28.148,16.189,6.679
5.64583,175.658,150.274,131.468,89.360,56.289,28.153,16.187,6.710
5.65000,175.470,149.992,130.906,88.157,55.927,28.175,16.135,6.740
5.65417,175.314,149.748,130.316,87.140,55.554,28.125,16.175,6.728
5.65833,175.042,149.456,129.929,86.174,55.251,28.163,16.238,6.742
5.66250,174.886,149.282,129.535,85.264,54.998,28.230,16.151,6.695
5.66667,174.744,149.098,129.078,84.467,54.706,28.170,16.213,6.778
5.67083,174.765,148.933,128.778,83.835,54.508,28.147,16.178,6.716
5.67500,174.616,148.828,128.474,83.222,54.300,28.234,16.213,6.768
5.67917,174.634,148.738,128.309,82.600,54.195,28.152,16.245,6.783
5.68333,174.604,148.712,128.014,82.179,54.068,28.174,16.193,6.823
5.68750,174.524,148.571,127.902,81.714,53.888,28.187,16.271,6.804
5.69167,174.621,148.591,127.784,81.340,53.789,28.229,16.262,6.716
5.69583,174.650,148.618,127.616,81.060,53.689,28.259,16.254,6.810
5.70000,174.734,148.605,127.597,80.713,53.565,28.276,16.340,6.718
5.70417,174.762,148.558,127.385,80.488,53.516,28.292,16.244,6.784
5.70833,174.795,148.584,127.408,80.213,53.489,28.311,16.350,6.784
5.71250,174.856,148.578,127.294,79.979,53.427,28.307,16.360,6.815
5.71667,174.922,148.710,127.228,79.826,53.453,28.332,16.311,6.776
5.72083,174.898,148.709,127.243,79.649,53.337,28.369,16.297,6.789
5.72500,175.025,148.759,127.279,79.582,53.424,28.435,16.354,6.859
5.72917,175.092,148.836,127.249,79.325,53.296,28.441,16.359,6.778
5.73333,175.258,148.858,127.263,79.313,53.296,28.479,16.381,6.837
5.73750,175.342,148.957,127.274,79.190,53.288,28.468,16.386,6.843
5.74167,175.415,149.015,127.344,79.167,53.316,28.470,16.438,6.815
5.74583,175.526,149.174,127.382,79.168,53.294,28.475,16.428,6.764
5.75000,175.611,149.167,127.372,79.065,53.299,28.570,16.358,6.865
5.75417,175.802,149.299,127.471,79.017,53.307,28.520,16.466,6.921
5.75833,175.907,149.346,127.506,79.058,53.353,28.557,16.429,6.853
5.76250,175.967,149.453,127.529,79.031,53.314,28.580,16.514,6.872
5.76667,176.097,149.559,127.660,79.001,53.369,28.675,16.471,6.894
5.77083,176.285,149.661,127.684,78.967,53.400,28.644,16.486,6.903
5.77500,176.380,149.723,127.727,78.981,53.446,28.587,16.509,6.861
5.77917,176.457,149.892,127.802,79.008,53.485,28.746,16.508,6.843
5.78333,176.661,149.958,127.917,79.018,53.438,28.734,16.538,6.976
5.78750,176.728,150.021,127.981,79.024,53.464,28.779,16.562,6.911
5.79167,176.836,150.178,128.063,79.064,53.525,28.721,16.567,6.937
5.79583,176.993,150.306,128.087,79.109,53.557,28.791,16.582,6.938
5.80000,177.140,150.322,128.218,79.169,53.617,28.796,16.587,6.975
5.80417,177.280,150.493,128.357,79.177,53.652,28.793,16.637,6.917
5.80833,177.402,150.534,128.417,79.291,53.671,28.810,16.605,6.927
5.81250,177.424,150.687,128.527,79.235,53.720,28.844,16.604,6.891
5.81667,177.614,150.858,128.592,79.242,53.767,28.911,16.628,6.934
5.82083,177.813,150.974,128.679,79.391,53.734,28.925,16.637,6.969
5.82500,177.913,151.072,128.783,79.418,53.793,28.921,16.646,6.992
5.82917,178.044,151.199,128.810,79.415,53.839,28.932,16.721,6.948
5.83333,178.236,151.315,128.930,79.382,53.904,28.937,16.679,6.915
5.83750,178.333,151.396,129.069,79.588,53.847,28.936,16.707,6.979
5.84167,178.478,151.456,129.089,79.546,53.945,28.983,16.740,6.964
5.84583,178.606,151.631,129.248,79.685,54.007,29.021,16.746,6.955
5.85000,178.696,151.710,129.353,79.690,53.981,29.053,16.742,6.985
5.85417,178.836,151.809,129.418,79.775,53.979,29.081,16.733,6.973
5.85833,179.050,151.948,129.506,79.865,54.077,29.078,16.810,6.999
5.86250,179.201,152.122,129.630,79.899,54.104,29.080,16.733,7.013
5.86667,179.315,152.224,129.723,79.916,54.166,29.152,16.777,6.984
5.87083,179.415,152.354,129.840,79.892,54.216,29.150,16.861,7.000
5.87500,179.619,152.490,129.968,80.034,54.241,29.191,16.757,7.099
5.87917,179.687,152.525,130.061,80.044,54.285,29.266,16.846,7.013
5.88333,179.843,152.666,130.130,80.148,54.361,29.272,16.809,7.033
5.88750,179.924,152.820,130.201,80.309,54.432,29.268,16.921,6.985
5.89167,180.145,152.904,130.261,80.274,54.441,29.297,16.870,6.995
5.89583,180.227,153.097,130.374,80.290,54.510,29.407,16.833,6.988
5.90000,180.405,153.153,130.556,80.399,54.536,29.360,16.864,7.011
5.90417,180.528,153.211,130.569,80.467,54.585,29.307,16.905,7.055
5.90833,180.698,153.410,130.689,80.506,54.588,29.384,16.915,7.103
5.91250,180.874,153.568,130.797,80.599,54.646,29.424,16.936,7.097
5.91667,180.935,153.670,130.912,80.635,54.638,29.403,16.908,7.052
5.92083,181.080,153.785,131.035,80.713,54.727,29.469,16.990,7.015
5.92500,181.228,153.883,131.097,80.779,54.813,29.498,16.969,7.052
5.92917,181.356,153.995,131.214,80.855,54.826,29.530,17.026,7.100
5.93333,181.534,154.076,131.331,80.862,54.834,29.511,16.997,7.130
5.93750,181.654,154.128,131.400,80.913,54.894,29.597,17.061,7.117
5.94167,181.786,154.268,131.544,81.050,54.907,29.591,17.012,7.107
5.94583,181.901,154.421,131.608,81.037,54.941,29.587,17.032,7.066
5.95000,182.074,154.596,131.704,81.143,54.960,29.559,17.062,7.149
5.95417,182.241,154.664,131.762,81.167,55.022,29.585,17.021,7.078
5.95833,182.284,154.809,131.860,81.260,55.039,29.667,17.148,7.148
5.96250,182.390,154.934,132.039,81.300,55.166,29.683,17.098,7.106
5.96667,182.611,155.053,132.114,81.397,55.161,29.722,17.099,7.115
5.97083,182.737,155.114,132.218,81.410,55.138,29.712,17.079,7.100
5.97500,182.891,155.263,132.265,81.535,55.246,29.760,17.144,7.124
5.97917,183.055,155.425,132.346,81.527,55.310,29.801,17.151,7.180
5.98333,183.125,155.486,132.507,81.554,55.321,29.794,17.144,7.197
5.98750,183.243,155.593,132.613,81.665,55.433,29.819,17.220,7.170
5.99167,183.424,155.738,132.694,81.762,55.446,29.779,17.181,7.133
5.99583,183.533,155.890,132.761,81.799,55.441,29.854,17.107,7.150
6.00000,183.637,155.947,132.908,81.844,55.482,29.839,17.174,7.142
6.00417,183.823,156.121,132.993,81.897,55.496,29.882,17.249,7.180
6.00833,183.960,156.179,133.061,82.014,55.524,29.905,17.279,7.204
6.01250,184.068,156.306,133.164,82.070,55.606,29.913,17.231,7.165
6.01667,184.282,156.434,133.336,82.123,55.640,29.972,17.264,7.267
6.02083,184.375,156.544,133.362,82.234,55.679,29.978,17.194,7.153
6.02500,184.448,156.670,133.480,82.274,55.794,29.992,17.289,7.226
6.02917,184.606,156.832,133.485,82.294,55.796,30.037,17.358,7.209
6.03333,184.752,156.932,133.685,82.357,55.809,30.031,17.246,7.216
6.03750,184.880,156.979,133.841,82.461,55.809,30.060,17.361,7.214
6.04167,185.078,157.142,133.848,82.531,55.909,30.055,17.328,7.220
6.04583,185.094,157.217,133.947,82.535,55.970,30.183,17.276,7.209
6.05000,185.334,157.335,134.008,82.541,55.988,30.183,17.266,7.258
6.05417,185.457,157.459,134.082,82.689,56.027,30.116,17.315,7.241
6.05833,185.542,157.643,134.289,82.701,56.082,30.210,17.381,7.188
6.06250,185.716,157.694,134.376,82.772,56.039,30.250,17.429,7.276
6.06667,185.849,157.846,134.470,82.783,56.122,30.234,17.393,7.256
6.07083,186.010,157.927,134.591,82.888,56.160,30.291,17.384,7.319
6.07500,186.174,158.042,134.624,82.963,56.181,30.312,17.396,7.322
6.07917,186.270,158.164,134.744,82.988,56.223,30.343,17.422,7.226
6.08333,186.414,158.286,134.811,83.152,56.343,30.348,17.422,7.300
6.08750,186.494,158.406,134.855,83.182,56.352,30.354,17.423,7.288
6.09167,186.661,158.570,135.024,83.222,56.423,30.439,17.457,7.258
6.09583,186.792,158.594,135.083,83.217,56.500,30.336,17.497,7.345
6.10000,186.974,158.748,135.175,83.317,56.434,30.388,17.441,7.313
6.10417,187.096,158.865,135.329,83.422,56.531,30.440,17.418,7.348
6.10833,187.223,158.951,135.389,83.467,56.580,30.412,17.572,7.397
6.11250,187.360,159.122,135.557,83.548,56.603,30.534,17.512,7.314
6.11667,187.436,159.170,135.586,83.612,56.607,30.522,17.493,7.362
6.12083,187.604,159.310,135.708,83.690,56.655,30.471,17.510,7.274
6.12500,187.760,159.420,135.795,83.730,56.634,30.566,17.554,7.337
6.12917,187.901,159.575,135.939,83.731,56.793,30.509,17.584,7.360
6.13333,188.018,159.678,135.998,83.852,56.764,30.592,17.596,7.382
6.13750,188.108,159.738,136.095,83.872,56.851,30.616,17.581,7.416
6.14167,188.336,159.905,136.204,83.897,56.888,30.637,17.550,7.393
6.14583,188.492,160.107,136.249,84.006,56.957,30.675,17.663,7.350
6.15000,188.499,160.176,136.372,84.063,57.007,30.680,17.655,7.373
6.15417,188.663,160.261,136.469,84.082,57.013,30.642,17.691,7.408
6.15833,188.799,160.358,136.602,84.186,57.081,30.808,17.669,7.436
6.16250,188.997,160.475,136.680,84.243,57.116,30.794,17.717,7.364
6.16667,189.065,160.609,136.774,84.376,57.100,30.811,17.699,7.421
6.17083,189.233,160.725,136.923,84.342,57.151,30.813,17.697,7.360
6.17500,189.295,160.818,136.999,84.427,57.147,30.819,17.679,7.342
6.17917,189.491,161.010,137.102,84.544,57.241,30.834,17.668,7.410
6.18333,189.608,161.021,137.181,84.581,57.318,30.810,17.745,7.490
6.18750,189.758,161.152,137.260,84.659,57.322,30.929,17.698,7.429
6.19167,189.928,161.301,137.366,84.650,57.400,30.956,17.699,7.443
6.19583,189.971,161.442,137.521,84.712,57.410,30.932,17.787,7.409
6.20000,190.130,161.521,137.603,84.763,57.456,30.960,17.727,7.412
6.20417,190.313,161.583,137.576,84.873,57.514,30.975,17.805,7.372
6.20833,190.428,161.723,137.711,84.969,57.565,31.003,17.790,7.483
6.21250,190.589,161.836,137.875,84.949,57.588,30.972,17.870,7.417
6.21667,190.676,161.907,137.932,85.051,57.551,31.078,17.855,7.493
6.22083,190.839,162.109,137.998,85.091,57.656,31.057,17.857,7.451
6.22500,190.971,162.197,138.071,85.153,57.635,31.132,17.857,7.470
6.22917,191.089,162.293,138.242,85.182,57.792,31.056,17.890,7.470
6.23333,191.212,162.482,138.346,85.295,57.804,31.160,17.880,7.472
6.23750,191.334,162.472,138.397,85.292,57.795,31.178,17.927,7.442
6.24167,191.453,162.583,138.526,85.423,57.850,31.222,17.913,7.475
6.24583,191.610,162.725,138.681,85.456,57.838,31.175,17.842,7.506
6.25000,191.721,162.883,138.705,85.533,57.926,31.233,17.949,7.482
6.25417,191.875,162.917,138.801,85.550,58.011,31.263,17.998,7.499
6.25833,192.032,162.988,138.891,85.641,57.991,31.285,17.998,7.492
6.26250,192.153,163.166,138.990,85.691,58.041,31.314,17.968,7.551
6.26667,192.237,163.312,139.092,85.686,58.104,31.264,17.946,7.524
6.27083,192.415,163.477,139.208,85.814,58.159,31.391,18.008,7.559
6.27500,192.521,163.588,139.256,85.837,58.121,31.386,17.963,7.569
6.27917,192.686,163.697,139.394,85.954,58.226,31.448,18.040,7.537
6.28333,192.844,163.812,139.473,86.003,58.274,31.418,18.100,7.515
6.28750,192.941,163.893,139.509,86.037,58.309,31.369,17.992,7.528
6.29167,193.080,163.955,139.621,86.085,58.312,31.439,18.101,7.549
6.29583,193.211,164.073,139.764,86.180,58.386,31.471,18.051,7.538
6.30000,193.353,164.188,139.858,86.227,58.451,31.502,18.142,7.616
6.30417,193.436,164.346,139.927,86.378,58.435,31.535,18.077,7.609
6.30833,193.571,164.430,140.035,86.380,58.533,31.470,18.094,7.504
6.31250,193.674,164.548,140.160,86.419,58.491,31.519,18.069,7.592
6.31667,193.856,164.672,140.171,86.453,58.637,31.589,18.121,7.580
6.32083,193.955,164.859,140.306,86.430,58.607,31.627,18.202,7.576
6.32500,194.105,164.924,140.378,86.566,58.609,31.573,18.145,7.575
6.32917,194.193,165.008,140.483,86.642,58.665,31.579,18.198,7.622
6.33333,194.354,165.098,140.600,86.710,58.744,31.643,18.170,7.639
6.33750,194.504,165.177,140.712,86.778,58.740,31.657,18.138,7.676
6.34167,194.576,165.300,140.742,86.825,58.833,31.712,18.178,7.700
6.34583,194.785,165.451,140.880,86.899,58.846,31.730,18.223,7.696
6.35000,194.885,165.621,140.983,86.939,58.877,31.708,18.178,7.658
6.35417,195.048,165.647,141.094,87.015,58.871,31.796,18.259,7.603
6.35833,195.090,165.845,141.207,87.059,58.939,31.761,18.261,7.648
6.36250,195.244,165.845,141.216,87.020,58.951,31.758,18.202,7.619
6.36667,195.388,165.980,141.286,87.216,59.062,31.791,18.282,7.657
6.37083,195.583,166.069,141.425,87.206,59.012,31.883,18.299,7.615
6.37500,195.648,166.209,141.559,87.208,59.101,31.894,18.254,7.708
6.37917,195.759,166.326,141.647,87.342,59.165,31.941,18.226,7.654
6.38333,195.884,166.444,141.675,87.410,59.137,31.922,18.285,7.565
6.38750,196.030,166.547,141.852,87.460,59.239,31.994,18.343,7.658
6.39167,196.165,166.721,141.929,87.569,59.272,31.979,18.284,7.667
6.39583,196.301,166.759,141.988,87.537,59.281,31.977,18.292,7.664
6.40000,196.498,166.909,142.092,87.654,59.331,32.021,18.366,7.727
6.40417,196.578,167.020,142.221,87.667,59.386,32.006,18.305,7.774
6.40833,196.650,167.115,142.276,87.847,59.500,32.028,18.440,7.701
6.41250,196.834,167.257,142.394,87.808,59.434,32.060,18.330,7.767
6.41667,196.968,167.317,142.513,87.905,59.487,32.051,18.446,7.732
6.42083,197.145,167.472,142.553,87.936,59.523,32.077,18.417,7.724
6.42500,197.213,167.530,142.601,87.977,59.518,32.167,18.443,7.746
6.42917,197.270,167.614,142.781,88.048,59.573,32.175,18.503,7.692
6.43333,197.431,167.810,142.850,88.099,59.713,32.173,18.450,7.726
6.43750,197.599,167.875,142.926,88.156,59.733,32.205,18.457,7.751
6.44167,197.698,167.986,143.000,88.228,59.754,32.151,18.580,7.757
6.44583,197.830,168.087,143.156,88.346,59.826,32.257,18.462,7.710
6.45000,197.985,168.236,143.249,88.379,59.853,32.255,18.512,7.806
6.45417,198.077,168.322,143.333,88.437,59.847,32.266,18.485,7.861
6.45833,198.297,168.424,143.413,88.456,59.918,32.333,18.539,7.800
6.46250,198.401,168.578,143.478,88.543,59.925,32.311,18.510,7.805
6.46667,198.508,168.659,143.619,88.527,59.898,32.376,18.459,7.747
6.47083,198.687,168.807,143.634,88.658,60.049,32.391,18.533,7.787
6.47500,198.742,168.832,143.787,88.665,60.056,32.418,18.602,7.858
6.47917,198.918,168.987,143.874,88.715,60.120,32.416,18.581,7.712
6.48333,198.928,169.099,143.995,88.820,60.135,32.456,18.533,7.808
6.48750,199.125,169.191,144.027,88.888,60.124,32.468,18.646,7.861
6.49167,199.263,169.340,144.114,88.891,60.232,32.497,18.648,7.743
6.49583,199.441,169.516,144.216,89.016,60.258,32.520,18.674,7.870
6.50000,199.559,169.506,144.383,89.063,60.291,32.596,18.629,7.794
6.50417,199.662,169.634,144.395,89.122,60.366,32.551,18.663,7.800
6.50833,199.774,169.745,144.474,89.211,60.357,32.575,18.705,7.899
6.51250,199.910,169.911,144.638,89.210,60.354,32.521,18.716,7.792
6.51667,200.039,169.988,144.716,89.308,60.443,32.558,18.666,7.866
6.52083,200.160,170.079,144.779,89.392,60.488,32.600,18.633,7.820
6.52500,200.237,170.176,144.888,89.381,60.534,32.650,18.697,7.819
6.52917,200.398,170.323,145.077,89.442,60.557,32.612,18.681,7.836
6.53333,200.567,170.445,145.031,89.604,60.546,32.680,18.759,7.868
6.53750,200.742,170.544,145.118,89.549,60.601,32.717,18.711,7.838
6.54167,200.814,170.576,145.246,89.613,60.684,32.777,18.770,7.869
6.54583,200.912,170.763,145.346,89.734,60.708,32.787,18.796,7.866
6.55000,201.042,170.852,145.458,89.738,60.764,32.731,18.746,7.899
6.55417,201.178,170.951,145.536,89.768,60.814,32.801,18.808,7.858
6.55833,201.315,171.071,145.671,89.887,60.786,32.838,18.764,7.872
6.56250,201.434,171.254,145.656,89.923,60.873,32.883,18.757,7.893
6.56667,201.590,171.257,145.800,89.994,60.941,32.865,18.808,7.915
6.57083,201.660,171.428,145.962,89.982,60.968,32.909,18.811,7.883
6.57500,201.805,171.465,145.972,90.065,60.980,32.914,18.921,7.932
6.57917,201.895,171.634,146.031,90.185,60.944,32.893,18.814,7.916
6.58333,202.081,171.710,146.125,90.167,60.959,32.962,18.863,7.844
6.58750,202.226,171.806,146.195,90.217,61.087,32.922,18.869,7.929
6.59167,202.361,171.927,146.383,90.299,61.095,32.958,18.885,7.976
6.59583,202.457,172.072,146.437,90.369,61.152,32.989,18.875,7.909
6.60000,202.579,172.182,146.531,90.435,61.169,33.019,18.927,7.930
6.60417,202.682,172.187,146.655,90.499,61.208,33.030,18.938,7.882
6.60833,202.828,172.399,146.744,90.473,61.282,33.027,18.942,7.973
6.61250,203.000,172.493,146.801,90.545,61.335,33.120,18.950,7.967
6.61667,203.050,172.598,146.923,90.625,61.372,33.093,18.960,7.951
6.62083,203.252,172.679,146.998,90.649,61.428,33.123,18.969,7.996
6.62500,203.302,172.813,147.076,90.756,61.477,33.172,19.014,8.050
6.62917,203.477,172.901,147.164,90.801,61.505,33.104,18.994,8.011
6.63333,203.579,172.961,147.231,90.886,61.545,33.191,19.020,8.010
6.63750,203.709,173.158,147.364,91.004,61.596,33.238,19.014,7.937
6.64167,203.861,173.240,147.463,90.968,61.579,33.223,19.016,8.033
6.64583,203.982,173.391,147.556,91.062,61.636,33.201,19.050,8.016
6.65000,204.048,173.469,147.612,91.136,61.674,33.345,19.086,7.991
6.65417,204.225,173.581,147.741,91.133,61.712,33.362,19.071,7.992
6.65833,204.319,173.671,147.791,91.177,61.730,33.340,19.059,7.996
6.66250,204.513,173.807,147.902,91.276,61.779,33.337,19.131,8.033
6.66667,204.632,173.856,147.956,91.333,61.848,33.364,19.153,8.017
6.67083,204.708,173.995,148.148,91.390,61.794,33.364,19.151,8.027
6.67500,204.899,174.138,148.230,91.484,61.878,33.407,19.121,8.031
6.67917,204.956,174.272,148.279,91.561,61.932,33.376,19.178,7.989
6.68333,205.069,174.376,148.363,91.576,61.988,33.556,19.234,8.029
6.68750,205.275,174.451,148.502,91.619,62.004,33.460,19.170,8.049
6.69167,205.413,174.556,148.564,91.687,62.131,33.548,19.202,8.000
6.69583,205.530,174.697,148.704,91.797,62.188,33.559,19.199,8.059
6.70000,205.660,174.860,148.806,91.854,62.175,33.564,19.189,8.122
6.70417,205.888,174.985,148.925,91.998,62.320,33.573,19.267,8.050
6.70833,206.065,175.131,149.098,92.069,62.343,33.646,19.275,8.101
6.71250,206.164,175.257,149.239,92.258,62.511,33.694,19.394,8.036
6.71667,206.377,175.442,149.384,92.429,62.616,33.707,19.491,8.077
6.72083,206.636,175.611,149.590,92.582,62.707,33.825,19.533,8.104
6.72500,206.924,175.925,149.863,92.881,62.955,34.022,19.710,8.108
6.72917,207.249,176.133,150.110,93.153,63.244,34.069,19.819,8.122
6.73333,207.646,176.485,150.516,93.617,63.586,34.247,20.043,8.132
6.73750,207.986,176.737,150.945,94.131,63.960,34.492,20.325,8.164
6.74167,208.608,177.304,151.421,94.702,64.400,34.686,20.601,8.159
6.74583,209.186,177.892,152.057,95.494,65.074,35.069,21.062,8.118
6.75000,209.974,178.550,152.871,96.455,65.907,35.490,21.573,8.190
6.75417,210.916,179.355,153.791,97.653,66.783,35.849,22.150,8.227
6.75833,211.959,180.233,154.846,98.988,68.010,36.534,23.035,8.190
6.76250,213.252,181.401,156.266,100.781,69.340,37.192,23.968,8.287
6.76667,214.885,182.715,157.859,102.854,71.019,38.128,25.035,8.277
6.77083,216.696,184.319,159.700,105.234,72.925,39.060,26.371,8.334
6.77500,218.755,186.077,161.852,107.991,75.211,40.166,27.959,8.350
6.77917,221.083,188.090,164.366,111.146,77.811,41.554,29.732,8.426
6.78333,223.875,190.475,167.157,114.887,80.833,43.117,31.792,8.416
6.78750,226.843,193.110,170.320,119.069,84.158,44.854,34.083,8.511
6.79167,230.256,196.000,173.828,123.604,87.930,46.733,36.659,8.526
6.79583,233.940,199.203,177.770,128.717,92.089,48.848,39.416,8.652
6.80000,238.051,202.679,182.040,134.304,96.633,51.160,42.601,8.694
6.80417,242.306,206.432,186.552,140.144,101.405,53.641,45.968,8.803
6.80833,246.955,210.390,191.418,146.540,106.572,56.214,49.445,8.842
6.81250,251.687,214.639,196.480,153.261,111.977,58.989,53.131,8.929
6.81667,256.769,218.900,201.706,160.013,117.576,61.870,57.023,8.999
6.82083,261.790,223.236,207.040,166.946,123.228,64.784,60.861,9.153
6.82500,266.874,227.657,212.389,173.878,128.959,67.704,64.758,9.147
6.82917,271.873,231.986,217.639,180.763,134.532,70.552,68.611,9.318
6.83333,276.755,236.113,222.664,187.484,139.971,73.301,72.377,9.401
6.83750,281.347,240.063,227.572,193.732,145.200,75.977,75.952,9.425
6.84167,285.606,243.816,232.039,199.598,149.981,78.473,79.204,9.491
6.84583,289.525,247.123,236.138,204.931,154.339,80.621,82.190,9.499
6.85000,292.928,250.075,239.692,209.630,158.124,82.579,84.806,9.601
6.85417,295.796,252.571,242.815,213.552,161.298,84.257,87.028,9.758
6.85833,298.165,254.653,245.170,216.677,163.815,85.555,88.688,9.708
6.86250,299.819,256.127,246.902,218.911,165.663,86.477,90.091,9.756
6.86667,300.960,257.003,248.045,220.305,166.853,87.073,90.807,9.820
6.87083,301.408,257.452,248.496,220.883,167.164,87.343,91.006,9.831
6.87500,301.259,257.298,248.251,220.520,167.024,87.114,90.836,9.793
6.87917,300.471,256.666,247.428,219.421,166.016,86.631,90.194,9.797
6.88333,299.208,255.528,246.052,217.482,164.485,85.877,88.965,9.787
6.88750,297.395,253.930,244.092,214.839,162.228,84.755,87.543,9.727
6.89167,295.085,251.958,241.641,211.552,159.530,83.370,85.724,9.795
6.89583,292.511,249.725,238.793,207.722,156.425,81.740,83.523,9.637
6.90000,289.492,247.180,235.596,203.486,152.912,79.954,80.986,9.642
6.90417,286.318,244.346,232.137,198.807,149.197,77.995,78.371,9.603
6.90833,282.835,241.391,228.522,193.913,145.107,76.014,75.689,9.551
6.91250,279.278,238.293,224.649,188.791,140.952,73.886,72.798,9.498
6.91667,275.696,235.207,220.756,183.641,136.713,71.677,69.850,9.354
6.92083,272.003,232.028,216.883,178.395,132.405,69.552,66.894,9.327
6.92500,268.365,228.966,212.969,173.195,128.218,67.345,63.919,9.293
6.92917,264.798,225.762,209.141,168.094,124.029,65.185,60.993,9.190
6.93333,261.378,222.884,205.469,163.171,119.941,63.126,58.216,9.204
6.93750,258.051,219.991,201.879,158.333,116.051,61.122,55.538,9.122
6.94167,254.842,217.214,198.453,153.851,112.284,59.240,52.886,9.069
6.94583,251.773,214.604,195.104,149.442,108.708,57.388,50.418,9.003
6.95000,248.979,212.168,192.147,145.363,105.333,55.649,48.089,8.996
6.95417,246.291,209.823,189.247,141.450,102.164,54.106,45.901,8.919
6.95833,243.808,207.664,186.557,137.786,99.207,52.559,43.859,8.879
6.96250,241.462,205.637,184.086,134.537,96.482,51.158,41.917,8.800
6.96667,239.264,203.774,181.760,131.341,93.860,49.836,40.086,8.883
6.97083,237.286,202.100,179.647,128.465,91.425,48.647,38.499,8.771
6.97500,235.464,200.497,177.619,125.777,89.361,47.498,36.983,8.721
6.97917,233.832,199.037,175.829,123.323,87.289,46.491,35.546,8.733
6.98333,232.261,197.665,174.070,121.051,85.487,45.545,34.228,8.704
6.98750,230.794,196.499,172.596,118.939,83.707,44.655,33.067,8.663
6.99167,229.623,195.425,171.216,117.078,82.153,43.853,31.946,8.620
6.99583,228.398,194.393,169.916,115.323,80.722,43.104,31.003,8.671
7.00000,227.340,193.471,168.797,113.662,79.394,42.467,30.043,8.617
7.00417,226.424,192.664,167.668,112.292,78.200,41.888,29.192,8.652
7.00833,225.561,191.910,166.707,110.915,77.046,41.318,28.454,8.608
7.01250,224.737,191.221,165.878,109.707,76.129,40.767,27.673,8.614
7.01667,224.036,190.619,165.068,108.575,75.230,40.273,27.041,8.620
7.02083,223.423,189.998,164.371,107.580,74.350,39.937,26.495,8.574
7.02500,222.836,189.584,163.715,106.601,73.601,39.464,25.961,8.604
7.02917,222.365,189.092,163.114,105.893,72.931,39.171,25.479,8.630
7.03333,221.871,188.701,162.580,105.041,72.348,38.809,25.005,8.594
7.03750,221.485,188.369,162.134,104.423,71.727,38.506,24.585,8.562
7.04167,221.069,188.104,161.704,103.750,71.190,38.301,24.208,8.614
7.04583,220.796,187.791,161.243,103.211,70.722,38.040,23.879,8.610
7.05000,220.460,187.561,160.957,102.705,70.314,37.820,23.565,8.556
7.05417,220.290,187.305,160.612,102.308,69.960,37.664,23.312,8.600
7.05833,220.017,187.084,160.335,101.687,69.589,37.470,23.110,8.570
7.06250,219.778,186.942,160.165,101.412,69.243,37.308,22.879,8.567
7.06667,219.635,186.818,159.845,101.032,68.901,37.183,22.594,8.520
7.07083,219.459,186.720,159.730,100.774,68.756,37.021,22.452,8.623
7.07500,219.457,186.606,159.580,100.483,68.417,36.936,22.241,8.565
7.07917,219.245,186.490,159.388,100.254,68.239,36.830,22.081,8.592
7.08333,219.213,186.436,159.316,100.024,68.078,36.699,21.918,8.598
7.08750,219.148,186.399,159.155,99.793,67.872,36.609,21.795,8.524
7.09167,219.217,186.365,159.055,99.632,67.760,36.595,21.645,8.530
7.09583,219.153,186.356,158.970,99.436,67.560,36.470,21.567,8.566
7.10000,219.158,186.299,158.962,99.343,67.472,36.499,21.506,8.546
7.10417,219.095,186.373,158.947,99.219,67.356,36.417,21.378,8.618
7.10833,219.130,186.365,158.895,99.099,67.360,36.321,21.290,8.603
7.11250,219.118,186.379,158.875,99.016,67.210,36.316,21.249,8.596
7.11667,219.182,186.357,158.836,98.863,67.110,36.262,21.163,8.581
7.12083,219.148,186.329,158.844,98.914,67.096,36.207,21.100,8.587
7.12500,219.251,186.398,158.851,98.788,66.980,36.222,21.046,8.632
7.12917,219.277,186.457,158.850,98.734,66.927,36.153,20.959,8.577
7.13333,219.354,186.533,158.875,98.756,66.869,36.129,20.986,8.663
7.13750,219.426,186.494,158.866,98.693,66.871,36.177,20.905,8.637
7.14167,219.454,186.684,158.959,98.628,66.810,36.112,20.896,8.659
7.14583,219.535,186.710,158.962,98.651,66.783,36.011,20.834,8.589
7.15000,219.587,186.741,158.993,98.568,66.827,36.050,20.841,8.643
7.15417,219.663,186.844,159.096,98.555,66.771,36.082,20.812,8.634
7.15833,219.722,186.905,159.147,98.612,66.737,36.071,20.788,8.625
7.16250,219.820,186.986,159.166,98.621,66.765,36.004,20.782,8.650
7.16667,219.950,187.058,159.242,98.609,66.708,36.077,20.729,8.654
7.17083,220.078,187.147,159.340,98.718,66.769,36.069,20.688,8.597
7.17500,220.128,187.236,159.343,98.666,66.774,36.031,20.724,8.598
7.17917,220.312,187.257,159.349,98.630,66.767,36.037,20.750,8.684
7.18333,220.360,187.379,159.481,98.718,66.867,36.156,20.668,8.672
7.18750,220.442,187.521,159.537,98.728,66.803,36.138,20.667,8.561
7.19167,220.516,187.560,159.647,98.763,66.825,36.098,20.676,8.632
7.19583,220.707,187.617,159.628,98.830,66.804,36.160,20.655,8.627
7.20000,220.794,187.717,159.751,98.766,66.788,36.127,20.621,8.699
7.20417,220.843,187.860,159.831,98.851,66.842,36.202,20.695,8.707
7.20833,220.945,187.996,159.919,98.907,66.885,36.171,20.717,8.661
7.21250,221.113,188.032,160.009,98.977,66.950,36.199,20.693,8.675
7.21667,221.235,188.097,160.074,98.962,67.033,36.199,20.598,8.704
7.22083,221.392,188.241,160.150,98.971,66.956,36.215,20.698,8.737
7.22500,221.431,188.339,160.143,99.069,67.045,36.199,20.670,8.746
7.22917,221.597,188.420,160.207,99.195,67.036,36.288,20.666,8.750
7.23333,221.680,188.536,160.314,99.183,67.044,36.219,20.682,8.726
7.23750,221.828,188.676,160.459,99.241,67.117,36.256,20.735,8.724
7.24167,221.866,188.779,160.518,99.240,67.084,36.281,20.685,8.759
7.24583,222.042,188.818,160.652,99.312,67.149,36.322,20.706,8.730
7.25000,222.129,188.874,160.742,99.379,67.150,36.298,20.754,8.805
7.25417,222.279,189.026,160.793,99.357,67.228,36.302,20.749,8.746
7.25833,222.375,189.182,160.895,99.486,67.248,36.267,20.764,8.746
7.26250,222.467,189.240,160.990,99.492,67.263,36.348,20.798,8.725
7.26667,222.626,189.325,161.022,99.526,67.279,36.385,20.772,8.773
7.27083,222.734,189.420,161.164,99.662,67.395,36.404,20.747,8.774
7.27500,222.854,189.599,161.205,99.596,67.356,36.441,20.788,8.802
7.27917,223.052,189.656,161.319,99.701,67.406,36.417,20.814,8.757
7.28333,223.144,189.790,161.367,99.710,67.445,36.461,20.824,8.748
7.28750,223.245,189.887,161.506,99.795,67.529,36.514,20.821,8.783
7.29167,223.393,189.935,161.526,99.887,67.512,36.504,20.784,8.763
7.29583,223.494,190.084,161.634,99.967,67.461,36.511,20.851,8.751
7.30000,223.612,190.164,161.804,100.021,67.578,36.489,20.841,8.820
7.30417,223.755,190.344,161.861,100.023,67.663,36.530,20.826,8.851
7.30833,223.900,190.429,161.924,100.088,67.677,36.565,20.845,8.817
7.31250,223.972,190.478,162.007,100.139,67.674,36.628,20.892,8.815
7.31667,224.146,190.643,162.104,100.244,67.762,36.694,20.898,8.823
7.32083,224.197,190.675,162.254,100.182,67.829,36.638,20.844,8.847
7.32500,224.427,190.814,162.253,100.312,67.796,36.739,20.901,8.761
7.32917,224.511,190.949,162.347,100.395,67.905,36.751,20.913,8.892
7.33333,224.589,191.126,162.518,100.454,67.885,36.722,20.900,8.858
7.33750,224.772,191.151,162.535,100.509,67.890,36.702,20.942,8.831
7.34167,224.833,191.229,162.643,100.540,68.016,36.708,21.013,8.832
7.34583,225.009,191.390,162.736,100.580,68.035,36.841,20.959,8.811
7.35000,225.124,191.517,162.878,100.629,68.020,36.808,20.964,8.809
7.35417,225.255,191.632,162.902,100.663,68.088,36.771,20.929,8.857
7.35833,225.374,191.722,162.963,100.783,68.138,36.763,20.985,8.857
7.36250,225.516,191.779,163.084,100.777,68.136,36.866,20.958,8.889
7.36667,225.562,191.900,163.172,100.835,68.213,36.883,21.001,8.863
7.37083,225.753,192.040,163.263,100.926,68.219,36.921,21.030,8.839
7.37500,225.866,192.134,163.389,101.020,68.279,36.964,20.986,8.920
7.37917,225.977,192.196,163.454,101.045,68.359,36.899,21.077,8.832
7.38333,226.106,192.385,163.550,101.123,68.307,36.974,21.040,8.868
7.38750,226.281,192.470,163.653,101.130,68.315,36.975,21.034,8.904
7.39167,226.397,192.610,163.704,101.226,68.476,36.949,21.119,8.892
7.39583,226.495,192.765,163.808,101.277,68.462,37.010,21.084,8.875
7.40000,226.628,192.821,163.957,101.304,68.507,37.027,21.138,8.899
7.40417,226.806,192.976,164.031,101.392,68.471,37.063,21.073,8.951
7.40833,226.860,192.997,164.118,101.505,68.497,37.071,21.156,8.968
7.41250,227.000,193.163,164.209,101.552,68.621,37.141,21.153,8.997
7.41667,227.101,193.237,164.255,101.547,68.614,37.110,21.167,9.001
7.42083,227.307,193.346,164.378,101.686,68.748,37.153,21.136,8.919
7.42500,227.378,193.462,164.475,101.669,68.698,37.163,21.161,8.924
7.42917,227.584,193.592,164.551,101.737,68.767,37.201,21.165,8.968
7.43333,227.700,193.680,164.621,101.772,68.794,37.216,21.196,8.941
7.43750,227.746,193.764,164.754,101.894,68.780,37.207,21.211,8.903
7.44167,227.947,193.860,164.856,101.920,68.960,37.249,21.210,8.927
7.44583,227.958,193.926,164.950,101.971,68.908,37.259,21.258,8.965
7.45000,228.194,194.034,165.014,101.981,68.880,37.309,21.205,8.951
7.45417,228.294,194.192,165.172,102.030,68.939,37.356,21.257,8.963
7.45833,228.448,194.340,165.213,102.085,69.052,37.376,21.252,8.920
7.46250,228.556,194.322,165.283,102.245,69.063,37.467,21.353,9.021
7.46667,228.746,194.577,165.427,102.321,69.114,37.349,21.318,8.989
7.47083,228.871,194.614,165.487,102.304,69.161,37.380,21.280,8.956
7.47500,228.916,194.771,165.595,102.364,69.233,37.356,21.344,9.043
7.47917,229.080,194.852,165.727,102.401,69.211,37.434,21.293,9.010
7.48333,229.244,195.023,165.803,102.467,69.262,37.480,21.409,8.992
7.48750,229.280,195.072,165.932,102.571,69.308,37.506,21.356,8.999
7.49167,229.456,195.212,165.983,102.542,69.361,37.544,21.433,9.007
7.49583,229.665,195.266,166.036,102.660,69.470,37.579,21.363,8.964
7.50000,229.756,195.451,166.163,102.731,69.441,37.606,21.392,9.114
7.50417,229.908,195.495,166.231,102.742,69.521,37.569,21.422,9.045
7.50833,230.035,195.647,166.325,102.853,69.512,37.623,21.318,9.037
7.51250,230.179,195.750,166.457,102.970,69.557,37.631,21.413,9.054
7.51667,230.226,195.860,166.514,102.910,69.552,37.619,21.481,9.091
7.52083,230.369,195.973,166.592,103.001,69.586,37.664,21.401,9.109
7.52500,230.522,196.084,166.745,103.082,69.670,37.606,21.485,9.064
7.52917,230.544,196.165,166.842,103.023,69.781,37.683,21.468,9.085
7.53333,230.808,196.296,166.940,103.226,69.742,37.685,21.448,9.085
7.53750,230.894,196.449,167.031,103.268,69.767,37.714,21.522,9.125
7.54167,231.055,196.519,167.147,103.392,69.858,37.739,21.454,9.087
7.54583,231.128,196.683,167.238,103.368,69.898,37.810,21.573,9.159
7.55000,231.247,196.720,167.223,103.361,69.885,37.850,21.563,9.046
7.55417,231.432,196.837,167.374,103.493,69.924,37.817,21.552,9.082
7.55833,231.534,196.972,167.464,103.524,69.905,37.878,21.563,9.094
7.56250,231.652,197.089,167.645,103.594,69.995,37.899,21.533,9.120
7.56667,231.736,197.245,167.615,103.712,70.057,37.944,21.506,9.133
7.57083,231.915,197.342,167.728,103.720,70.117,37.951,21.585,9.092
7.57500,232.069,197.439,167.810,103.845,70.166,37.935,21.603,9.159
7.57917,232.175,197.514,167.879,103.923,70.157,38.013,21.592,9.193
7.58333,232.361,197.611,168.005,103.904,70.206,38.009,21.667,9.092
7.58750,232.397,197.751,168.160,103.974,70.289,37.992,21.642,9.089
7.59167,232.545,197.864,168.184,104.022,70.291,37.997,21.650,9.118
7.59583,232.746,198.021,168.335,104.111,70.337,38.023,21.706,9.152
7.60000,232.861,198.106,168.417,104.132,70.316,38.089,21.625,9.195
7.60417,232.966,198.265,168.553,104.204,70.448,38.025,21.613,9.253
7.60833,233.088,198.335,168.630,104.279,70.491,38.074,21.701,9.191
7.61250,233.291,198.429,168.648,104.319,70.532,38.134,21.682,9.195
7.61667,233.338,198.566,168.779,104.358,70.548,38.177,21.689,9.212
7.62083,233.514,198.675,168.895,104.420,70.574,38.149,21.734,9.274
7.62500,233.658,198.793,168.972,104.488,70.571,38.234,21.747,9.206
7.62917,233.752,198.842,169.113,104.514,70.675,38.183,21.762,9.230
7.63333,233.945,198.957,169.150,104.664,70.668,38.233,21.767,9.193
7.63750,234.044,199.143,169.253,104.619,70.770,38.283,21.777,9.249
7.64167,234.156,199.284,169.361,104.766,70.768,38.269,21.774,9.210
7.64583,234.301,199.268,169.440,104.740,70.779,38.284,21.808,9.191
7.65000,234.417,199.430,169.578,104.871,70.864,38.326,21.780,9.268
7.65417,234.577,199.550,169.684,104.913,70.852,38.356,21.749,9.216
7.65833,234.687,199.674,169.690,104.971,70.912,38.417,21.844,9.280
7.66250,234.798,199.755,169.849,105.082,70.963,38.390,21.811,9.316
7.66667,234.918,199.900,169.881,105.159,70.999,38.397,21.863,9.245
7.67083,235.089,199.941,170.049,105.147,71.076,38.493,21.927,9.255
7.67500,235.242,200.120,170.161,105.184,70.991,38.442,21.905,9.263
7.67917,235.366,200.205,170.270,105.271,71.116,38.518,21.852,9.255
7.68333,235.477,200.406,170.283,105.373,71.134,38.592,21.910,9.282
7.68750,235.649,200.527,170.406,105.342,71.281,38.530,21.881,9.299
7.69167,235.729,200.616,170.459,105.394,71.235,38.651,21.942,9.291
7.69583,235.865,200.675,170.580,105.552,71.241,38.535,22.016,9.337
7.70000,236.028,200.857,170.680,105.599,71.343,38.582,21.882,9.283
7.70417,236.163,200.915,170.745,105.678,71.347,38.639,21.925,9.317
7.70833,236.318,201.059,170.925,105.717,71.380,38.633,21.977,9.320
7.71250,236.399,201.200,170.979,105.781,71.474,38.678,21.999,9.346
7.71667,236.514,201.224,171.059,105.819,71.485,38.613,22.042,9.341
7.72083,236.698,201.350,171.214,105.878,71.475,38.695,22.059,9.333
7.72500,236.813,201.483,171.281,105.947,71.524,38.751,22.083,9.356
7.72917,236.958,201.578,171.394,106.015,71.608,38.759,22.032,9.394
7.73333,237.096,201.701,171.447,106.099,71.684,38.819,22.105,9.251
7.73750,237.181,201.811,171.597,106.141,71.605,38.781,22.112,9.370
7.74167,237.318,201.963,171.619,106.164,71.818,38.873,22.056,9.406
7.74583,237.457,202.152,171.788,106.264,71.764,38.872,22.054,9.352
7.75000,237.614,202.179,171.871,106.303,71.845,38.910,22.163,9.337
7.75417,237.745,202.321,171.880,106.382,71.808,38.833,22.098,9.401
7.75833,237.812,202.433,172.013,106.396,71.880,39.005,22.098,9.359
7.76250,237.953,202.598,172.164,106.506,71.993,38.893,22.174,9.364
7.76667,238.131,202.708,172.216,106.552,71.977,38.962,22.086,9.366
7.77083,238.290,202.778,172.338,106.652,72.025,39.001,22.174,9.360
7.77500,238.414,202.839,172.421,106.705,72.110,38.976,22.159,9.403
7.77917,238.579,202.956,172.569,106.765,72.068,39.023,22.210,9.474
7.78333,238.691,203.123,172.611,106.809,72.132,39.094,22.179,9.456
7.78750,238.831,203.227,172.725,106.788,72.186,39.040,22.146,9.401
7.79167,238.963,203.386,172.837,106.957,72.159,39.055,22.256,9.461
7.79583,239.135,203.421,172.977,106.967,72.292,39.170,22.236,9.396
7.80000,239.194,203.529,172.949,107.047,72.315,39.118,22.249,9.427
7.80417,239.359,203.707,173.124,107.107,72.354,39.255,22.307,9.434
7.80833,239.485,203.823,173.197,107.146,72.368,39.175,22.240,9.464
7.81250,239.658,203.937,173.303,107.234,72.471,39.244,22.248,9.438
7.81667,239.810,204.044,173.460,107.329,72.479,39.260,22.329,9.483
7.82083,239.883,204.124,173.580,107.353,72.503,39.343,22.319,9.481
7.82500,240.054,204.247,173.609,107.397,72.567,39.287,22.303,9.504
7.82917,240.141,204.357,173.676,107.460,72.623,39.361,22.319,9.448
7.83333,240.326,204.471,173.831,107.446,72.659,39.283,22.279,9.501
7.83750,240.475,204.644,173.907,107.501,72.737,39.349,22.350,9.465
7.84167,240.632,204.754,173.991,107.628,72.662,39.380,22.422,9.500
7.84583,240.745,204.861,174.072,107.745,72.706,39.386,22.433,9.437
7.85000,240.884,204.927,174.242,107.776,72.829,39.441,22.384,9.562
7.85417,241.011,205.073,174.309,107.853,72.843,39.446,22.432,9.472
7.85833,241.163,205.230,174.337,107.907,72.924,39.393,22.456,9.410
7.86250,241.244,205.352,174.523,108.018,72.955,39.493,22.427,9.543
7.86667,241.403,205.410,174.622,108.010,73.008,39.455,22.458,9.526
7.87083,241.616,205.573,174.614,108.141,72.986,39.515,22.461,9.483
7.87500,241.756,205.660,174.869,108.095,73.021,39.581,22.461,9.540
7.87917,241.823,205.856,174.921,108.189,73.110,39.603,22.508,9.488
7.88333,241.970,205.861,175.020,108.252,73.063,39.603,22.514,9.585
7.88750,242.111,206.079,175.130,108.309,73.140,39.572,22.490,9.515
7.89167,242.260,206.131,175.287,108.459,73.249,39.634,22.468,9.529
7.89583,242.355,206.272,175.274,108.452,73.217,39.715,22.619,9.520
7.90000,242.515,206.388,175.453,108.546,73.325,39.777,22.545,9.575
7.90417,242.683,206.449,175.548,108.525,73.290,39.751,22.545,9.592
7.90833,242.810,206.609,175.618,108.681,73.379,39.724,22.535,9.524
7.91250,242.964,206.779,175.681,108.715,73.434,39.838,22.620,9.640
7.91667,243.083,206.872,175.772,108.779,73.477,39.815,22.574,9.560
7.92083,243.246,206.980,175.903,108.907,73.529,39.805,22.680,9.588
7.92500,243.356,207.054,176.030,108.940,73.525,39.835,22.563,9.567
7.92917,243.493,207.168,176.087,108.979,73.567,39.893,22.658,9.627
7.93333,243.682,207.345,176.239,108.959,73.642,39.909,22.673,9.571
7.93750,243.727,207.491,176.299,109.096,73.662,39.904,22.670,9.664
7.94167,243.995,207.559,176.461,109.107,73.706,39.919,22.641,9.604
7.94583,244.009,207.728,176.547,109.161,73.852,40.009,22.737,9.702
7.95000,244.181,207.878,176.604,109.289,73.789,40.004,22.708,9.605
7.95417,244.350,207.963,176.730,109.365,73.827,40.000,22.710,9.602
7.95833,244.486,208.067,176.817,109.367,73.876,40.073,22.706,9.597
7.96250,244.633,208.213,176.993,109.490,73.954,40.061,22.665,9.642
7.96667,244.761,208.329,177.028,109.528,73.998,40.068,22.706,9.692
7.97083,244.864,208.378,177.129,109.551,74.058,40.064,22.815,9.678
7.97500,245.025,208.557,177.262,109.625,74.064,40.159,22.767,9.691
7.97917,245.204,208.663,177.318,109.759,74.112,40.097,22.772,9.660
7.98333,245.360,208.706,177.496,109.810,74.098,40.158,22.844,9.679
7.98750,245.453,208.925,177.533,109.852,74.199,40.160,22.782,9.731
7.99167,245.569,209.000,177.641,109.961,74.261,40.167,22.803,9.717
7.99583,245.767,209.184,177.773,109.975,74.238,40.227,22.782,9.709
8.00000,245.876,209.286,177.865,110.037,74.303,40.191,22.882,9.717
8.00417,245.962,209.389,177.950,110.178,74.319,40.280,22.840,9.692
8.00833,246.157,209.583,178.047,110.123,74.389,40.355,22.834,9.691
8.01250,246.320,209.593,178.164,110.223,74.461,40.276,22.945,9.667
8.01667,246.443,209.750,178.257,110.242,74.488,40.350,22.921,9.708
8.02083,246.549,209.859,178.370,110.366,74.500,40.359,22.887,9.751
8.02500,246.700,210.050,178.402,110.473,74.548,40.381,22.865,9.796
8.02917,246.858,210.163,178.512,110.564,74.630,40.455,23.014,9.792
8.03333,246.999,210.199,178.666,110.608,74.616,40.454,22.943,9.687
8.03750,247.154,210.372,178.735,110.652,74.750,40.438,23.041,9.729
8.04167,247.335,210.471,178.870,110.664,74.778,40.462,23.065,9.798
8.04583,247.467,210.607,178.950,110.816,74.801,40.527,23.106,9.761
8.05000,247.669,210.718,179.088,110.894,74.884,40.543,23.015,9.769
8.05417,247.698,210.860,179.172,111.005,74.922,40.541,23.129,9.815
8.05833,247.868,210.972,179.334,111.023,74.959,40.627,23.038,9.767
8.06250,248.067,211.187,179.470,111.196,75.035,40.597,23.184,9.820
8.06667,248.246,211.298,179.681,111.336,75.044,40.667,23.229,9.842
8.07083,248.450,211.442,179.761,111.433,75.203,40.728,23.273,10.050
8.07500,248.648,211.687,179.910,111.584,75.233,40.774,23.364,9.967
8.07917,248.879,211.882,180.170,111.800,75.333,40.829,23.521,10.123
8.08333,249.174,212.076,180.391,112.059,75.573,40.974,23.626,10.312
8.08750,249.441,212.333,180.716,112.414,75.610,41.054,23.808,10.404
8.09167,249.743,212.644,181.044,112.741,75.750,41.154,24.109,10.677
8.09583,250.178,213.032,181.459,113.246,76.070,41.274,24.497,10.974
8.10000,250.678,213.502,181.951,113.963,76.358,41.524,24.967,11.351
8.10417,251.267,213.967,182.618,114.695,76.683,41.682,25.523,11.730
8.10833,251.967,214.701,183.467,115.704,77.165,42.007,26.252,12.353
8.11250,252.831,215.464,184.409,116.970,77.645,42.442,27.227,13.075
8.11667,253.846,216.397,185.611,118.415,78.411,42.803,28.320,14.136
8.12083,255.145,217.490,187.001,120.382,79.193,43.339,29.883,15.262
8.12500,256.586,218.837,188.769,122.600,80.169,44.074,31.576,16.766
8.12917,258.386,220.414,190.901,125.449,81.412,44.842,33.685,18.467
8.13333,260.417,222.365,193.328,128.638,82.932,45.853,36.211,20.504
8.13750,262.904,224.685,196.302,132.616,84.526,46.924,39.246,22.971
8.14167,265.874,227.338,199.768,137.252,86.578,48.333,42.889,25.986
8.14583,269.199,230.400,203.812,142.624,88.898,49.859,47.084,29.430
8.15000,273.123,234.032,208.496,148.885,91.527,51.774,51.997,33.356
8.15417,277.516,238.032,213.753,156.031,94.714,53.774,57.460,37.871
8.15833,282.485,242.627,219.774,164.083,98.145,56.201,63.803,43.096
8.16250,288.042,247.778,226.542,173.112,102.153,58.796,70.858,48.908
8.16667,294.298,253.457,233.993,183.263,106.494,61.799,78.616,55.309
8.17083,301.104,259.740,242.198,194.291,111.273,65.038,87.381,62.443
8.17500,308.448,266.525,251.136,206.295,116.441,68.540,96.820,70.173
8.17917,316.374,273.778,260.737,219.253,122.129,72.362,106.870,78.518
8.18333,324.870,281.697,270.959,233.035,128.126,76.410,117.704,87.335
8.18750,333.793,289.796,281.787,247.627,134.368,80.661,129.117,96.786
8.19167,343.028,298.299,292.980,262.642,141.018,85.034,140.871,106.507
8.19583,352.559,307.016,304.413,278.226,147.724,89.666,153.087,116.489
8.20000,362.157,315.959,316.099,293.895,154.598,94.295,165.338,126.605
8.20417,371.796,324.875,327.822,309.682,161.443,98.909,177.747,136.756
8.20833,381.329,333.612,339.374,325.268,168.241,103.481,190.014,146.903
8.21250,390.667,342.188,350.646,340.424,174.862,107.981,201.916,156.593
8.21667,399.562,350.475,361.412,354.944,181.125,112.238,213.299,165.966
8.22083,407.894,358.139,371.463,368.433,187.084,116.252,224.023,174.828
8.22500,415.620,365.133,380.798,380.877,192.573,119.924,233.927,182.908
8.22917,422.421,371.608,389.205,392.220,197.549,123.292,242.670,190.116
8.23333,428.551,377.164,396.482,401.955,201.768,126.149,250.275,196.464
8.23750,433.627,381.819,402.479,410.090,205.384,128.555,256.716,201.758
8.24167,437.654,385.546,407.377,416.487,208.233,130.440,261.759,205.867
8.24583,440.576,388.257,410.842,421.189,210.227,131.991,265.495,208.869
8.25000,442.401,389.949,413.098,424.047,211.442,132.763,267.714,210.698
8.25417,443.059,390.625,413.907,425.024,212.031,133.067,268.481,211.380
8.25833,442.854,390.276,413.326,424.343,211.702,132.863,267.847,210.780
8.26250,441.448,388.911,411.628,421.887,210.602,132.084,265.938,209.152
8.26667,439.173,386.779,408.643,417.866,208.927,130.955,262.619,206.455
8.27083,435.827,383.744,404.638,412.324,206.503,129.327,258.208,202.853
8.27500,431.859,379.995,399.658,405.494,203.538,127.233,252.779,198.343
8.27917,426.986,375.567,393.776,397.485,199.986,124.887,246.455,193.118
8.28333,421.678,370.693,387.150,388.375,196.115,122.248,239.227,187.146
8.28750,415.723,365.135,379.874,378.521,191.733,119.381,231.424,180.622
8.29167,409.514,359.377,372.104,367.965,187.211,116.246,223.132,173.741
8.29583,402.876,353.338,363.981,356.900,182.479,113.051,214.415,166.498
8.30000,396.118,347.008,355.694,345.603,177.503,109.595,205.436,159.128
8.30417,389.272,340.682,347.311,334.012,172.475,106.277,196.406,151.524
8.30833,382.479,334.288,338.686,322.397,167.560,102.839,187.294,143.955
8.31250,375.696,328.140,330.362,310.955,162.600,99.570,178.386,136.460
8.31667,369.017,321.889,322.199,299.726,157.832,96.254,169.598,129.009
8.32083,362.629,315.996,314.111,288.715,153.172,93.120,161.144,121.774
8.32500,356.483,310.195,306.378,278.187,148.588,90.132,153.019,114.840
8.32917,350.545,304.852,298.980,268.045,144.305,87.242,145.247,108.102
8.33333,344.992,299.613,291.946,258.439,140.343,84.498,138.035,101.644
8.33750,339.852,294.796,285.292,249.295,136.496,81.958,131.324,95.608
8.34167,335.001,290.299,279.168,240.772,133.035,79.563,125.042,89.828
8.34583,330.548,286.135,273.342,232.775,129.740,77.419,119.284,84.415
8.35000,326.598,282.449,268.028,225.412,126.909,75.370,114.108,79.365
8.35417,323.000,278.947,263.175,218.582,124.219,73.637,109.574,74.568
8.35833,319.863,275.980,258.667,212.355,121.848,71.997,105.504,70.264
8.36250,316.996,273.161,254.683,206.777,119.794,70.621,102.061,66.151
8.36667,314.671,270.826,251.111,201.662,117.940,69.416,99.032,62.459
8.37083,312.698,268.894,248.012,197.143,116.409,68.415,96.590,59.030
8.37500,310.884,267.092,245.162,193.105,115.166,67.620,94.732,55.841
8.37917,309.648,265.736,242.710,189.541,114.152,66.883,93.303,52.939
8.38333,308.616,264.599,240.701,186.455,113.346,66.407,92.248,50.352
8.38750,307.892,263.816,238.938,183.736,112.702,66.099,91.661,47.950
8.39167,307.475,263.208,237.404,181.401,112.264,65.798,91.427,45.786
8.39583,307.322,262.752,236.145,179.396,112.085,65.607,91.521,43.843
8.40000,307.336,262.570,235.159,177.782,111.946,65.603,91.755,41.978
8.40417,307.366,262.459,234.328,176.367,111.948,65.665,92.403,40.296
8.40833,307.651,262.514,233.689,175.145,112.060,65.681,93.053,38.904
8.41250,307.932,262.570,233.062,174.139,112.204,65.866,93.907,37.543
8.41667,308.343,262.741,232.615,173.284,112.396,66.094,94.718,36.313
8.42083,308.725,263.010,232.335,172.501,112.598,66.205,95.508,35.186
8.42500,309.122,263.148,231.918,171.707,112.726,66.390,96.217,34.206
8.42917,309.436,263.259,231.603,171.025,112.876,66.537,96.847,33.110
8.43333,309.685,263.365,231.287,170.338,112.977,66.537,97.304,32.239
8.43750,309.764,263.405,230.880,169.683,113.001,66.622,97.530,31.423
8.44167,309.819,263.310,230.411,168.787,112.955,66.504,97.578,30.523
8.44583,309.674,263.034,229.878,167.939,112.698,66.439,97.421,29.678
8.45000,309.397,262.796,229.199,167.001,112.510,66.274,96.934,28.941
8.45417,308.891,262.345,228.577,165.896,112.120,65.960,96.256,28.202
8.45833,308.345,261.792,227.825,164.798,111.632,65.634,95.254,27.465
8.46250,307.607,261.005,226.914,163.595,110.996,65.177,94.004,26.826
8.46667,306.681,260.287,225.939,162.249,110.258,64.745,92.518,26.060
8.47083,305.598,259.401,224.849,160.870,109.421,64.139,90.744,25.327
8.47500,304.445,258.333,223.883,159.351,108.665,63.505,88.826,24.543
8.47917,303.122,257.275,222.654,157.777,107.660,62.803,86.677,23.874
8.48333,301.833,255.996,221.396,156.215,106.582,62.120,84.508,23.197
8.48750,300.346,254.956,220.180,154.505,105.567,61.414,82.047,22.547
8.49167,298.844,253.692,218.808,152.863,104.438,60.568,79.551,21.903
8.49583,297.299,252.409,217.523,151.250,103.359,59.783,77.007,21.187
8.50000,295.794,251.119,216.312,149.517,102.181,58.983,74.400,20.585
8.50417,294.218,249.868,214.987,147.898,101.087,58.217,71.851,20.046
8.50833,292.741,248.618,213.790,146.251,99.937,57.421,69.232,19.400
8.51250,291.209,247.299,212.480,144.669,98.808,56.673,66.635,18.860
8.51667,289.745,246.109,211.381,143.142,97.695,55.805,64.249,18.339
8.52083,288.323,244.906,210.188,141.661,96.673,55.091,61.781,17.782
8.52500,286.966,243.846,209.088,140.174,95.681,54.384,59.440,17.233
8.52917,285.649,242.698,207.977,138.852,94.653,53.671,57.182,16.828
8.53333,284.406,241.615,207.087,137.527,93.767,53.021,55.003,16.410
8.53750,283.245,240.730,206.084,136.331,92.939,52.422,52.995,15.999
8.54167,282.146,239.810,205.210,135.211,92.035,51.808,51.012,15.623
8.54583,281.105,239.008,204.356,134.099,91.266,51.214,49.237,15.232
8.55000,280.117,238.142,203.609,133.116,90.531,50.748,47.479,14.832
8.55417,279.269,237.457,202.843,132.145,89.794,50.282,45.899,14.581
8.55833,278.452,236.757,202.187,131.263,89.197,49.805,44.374,14.305
8.56250,277.658,236.145,201.635,130.411,88.617,49.375,42.972,14.024
8.56667,276.981,235.566,201.024,129.736,88.037,48.961,41.673,13.732
8.57083,276.297,235.062,200.525,129.069,87.512,48.672,40.464,13.577
8.57500,275.733,234.562,200.044,128.360,87.061,48.299,39.272,13.300
8.57917,275.167,234.170,199.637,127.777,86.586,48.024,38.221,13.120
8.58333,274.691,233.799,199.232,127.180,86.255,47.612,37.226,12.936
8.58750,274.358,233.334,198.784,126.719,85.881,47.378,36.297,12.800
8.59167,273.867,233.074,198.427,126.272,85.535,47.151,35.509,12.625
8.59583,273.537,232.758,198.240,125.799,85.171,47.018,34.725,12.418
8.60000,273.173,232.527,198.026,125.493,84.876,46.715,34.004,12.359
8.60417,272.946,232.212,197.775,125.035,84.739,46.620,33.335,12.213
8.60833,272.658,232.122,197.483,124.784,84.434,46.388,32.741,12.048
8.61250,272.466,231.861,197.379,124.496,84.261,46.233,32.199,11.967
8.61667,272.284,231.722,197.175,124.246,84.036,46.134,31.615,11.878
8.62083,272.056,231.672,197.046,123.987,83.810,45.891,31.119,11.834
8.62500,271.956,231.487,196.950,123.777,83.672,45.793,30.726,11.668
8.62917,271.809,231.427,196.908,123.539,83.647,45.729,30.302,11.641
8.63333,271.659,231.262,196.706,123.380,83.446,45.536,29.873,11.578
8.63750,271.609,231.219,196.621,123.253,83.287,45.420,29.483,11.524
8.64167,271.558,231.203,196.597,123.091,83.185,45.429,29.190,11.408
8.64583,271.536,231.169,196.593,123.009,83.072,45.391,28.868,11.388
8.65000,271.497,231.146,196.547,122.903,82.994,45.322,28.650,11.319
8.65417,271.487,231.150,196.491,122.737,83.032,45.213,28.282,11.290
8.65833,271.524,231.161,196.494,122.638,82.850,45.233,28.084,11.238
8.66250,271.504,231.142,196.435,122.630,82.842,45.083,27.853,11.251
8.66667,271.522,231.168,196.482,122.556,82.821,45.161,27.679,11.256
8.67083,271.516,231.172,196.500,122.465,82.676,45.053,27.502,11.181
8.67500,271.582,231.193,196.531,122.459,82.699,45.087,27.341,11.107
8.67917,271.621,231.249,196.478,122.372,82.674,45.000,27.193,11.064
8.68333,271.658,231.357,196.570,122.399,82.547,44.896,27.040,11.018
8.68750,271.751,231.402,196.596,122.388,82.612,44.931,26.924,11.059
8.69167,271.820,231.472,196.707,122.364,82.634,44.884,26.797,10.982
8.69583,271.842,231.535,196.728,122.306,82.657,44.957,26.614,10.991
8.70000,271.983,231.648,196.796,122.375,82.579,44.934,26.571,10.959
8.70417,272.068,231.698,196.883,122.314,82.544,44.913,26.449,11.009
8.70833,272.129,231.753,196.934,122.352,82.646,44.938,26.390,11.040
8.71250,272.208,231.857,196.966,122.470,82.650,44.882,26.319,10.952
8.71667,272.322,231.981,196.960,122.394,82.626,44.900,26.314,10.908
8.72083,272.460,232.006,197.085,122.431,82.637,44.905,26.179,10.928
8.72500,272.563,232.101,197.096,122.418,82.591,44.903,26.148,10.879
8.72917,272.696,232.213,197.336,122.442,82.728,44.933,26.054,10.903
8.73333,272.793,232.421,197.334,122.536,82.643,44.879,26.022,10.899
8.73750,272.932,232.380,197.403,122.553,82.731,44.970,25.988,10.941
8.74167,273.028,232.549,197.491,122.566,82.764,44.936,25.923,10.845
8.74583,273.248,232.651,197.639,122.676,82.707,44.954,25.935,10.869
8.75000,273.232,232.748,197.686,122.678,82.753,44.950,25.862,10.880
8.75417,273.436,232.881,197.733,122.716,82.838,44.895,25.859,10.894
8.75833,273.576,232.967,197.884,122.769,82.836,44.949,25.851,10.866
8.76250,273.690,233.116,198.061,122.839,82.940,44.977,25.823,10.951
8.76667,273.853,233.245,198.110,122.806,82.900,44.973,25.777,10.887
8.77083,273.913,233.313,198.198,122.982,82.934,45.021,25.733,10.846
8.77500,274.071,233.462,198.255,123.027,83.005,45.027,25.770,10.905
8.77917,274.236,233.555,198.383,122.997,83.006,45.004,25.771,10.883
8.78333,274.410,233.701,198.509,123.107,83.043,45.069,25.787,10.944
8.78750,274.496,233.753,198.560,123.176,83.067,45.172,25.751,10.844
8.79167,274.707,233.924,198.712,123.191,83.094,45.020,25.723,10.917
8.79583,274.833,234.085,198.753,123.244,83.159,45.081,25.692,10.870
8.80000,274.889,234.185,198.851,123.340,83.195,45.135,25.807,10.816
8.80417,275.064,234.297,198.999,123.413,83.291,45.201,25.768,10.936
8.80833,275.171,234.404,199.094,123.457,83.245,45.256,25.766,10.933
8.81250,275.295,234.538,199.171,123.501,83.316,45.219,25.791,10.926
8.81667,275.609,234.690,199.344,123.529,83.347,45.236,25.724,10.924
8.82083,275.731,234.781,199.363,123.645,83.370,45.257,25.677,10.931
8.82500,275.783,234.875,199.495,123.720,83.443,45.309,25.783,10.931
8.82917,275.960,235.141,199.591,123.764,83.502,45.277,25.658,10.902
8.83333,276.130,235.269,199.724,123.838,83.559,45.318,25.683,10.965
8.83750,276.292,235.366,199.760,123.972,83.597,45.319,25.705,11.020
8.84167,276.440,235.495,199.928,123.950,83.575,45.348,25.706,10.917
8.84583,276.596,235.604,200.110,124.084,83.635,45.430,25.691,10.903
8.85000,276.712,235.695,200.126,124.057,83.701,45.403,25.760,10.998
8.85417,276.906,235.811,200.276,124.189,83.780,45.447,25.739,11.036
8.85833,277.048,236.008,200.450,124.159,83.804,45.493,25.800,11.012
8.86250,277.214,236.086,200.495,124.275,83.823,45.556,25.741,10.941
8.86667,277.348,236.245,200.661,124.363,83.896,45.557,25.744,11.012
8.87083,277.487,236.439,200.748,124.470,83.908,45.537,25.816,10.985
8.87500,277.654,236.528,200.798,124.548,83.962,45.569,25.809,10.997
8.87917,277.779,236.624,200.934,124.554,84.034,45.647,25.796,11.001
8.88333,277.947,236.771,201.049,124.715,84.062,45.600,25.789,11.027
8.88750,278.111,236.925,201.194,124.724,84.065,45.656,25.865,11.006
8.89167,278.290,237.052,201.292,124.793,84.122,45.637,25.897,10.950
8.89583,278.505,237.189,201.379,124.803,84.205,45.721,25.840,10.966
8.90000,278.591,237.322,201.450,124.960,84.208,45.733,25.878,11.017
8.90417,278.767,237.332,201.658,125.030,84.326,45.805,25.876,10.981
8.90833,278.940,237.607,201.699,125.002,84.369,45.792,25.882,11.089
8.91250,279.052,237.641,201.915,125.152,84.323,45.817,25.902,11.087
8.91667,279.216,237.837,201.921,125.195,84.462,45.879,25.963,11.075
8.92083,279.366,238.016,202.025,125.251,84.504,45.885,25.949,11.109
8.92500,279.441,238.087,202.151,125.343,84.472,45.801,25.990,11.053
8.92917,279.656,238.237,202.250,125.333,84.651,45.933,26.001,11.039
8.93333,279.808,238.437,202.373,125.527,84.667,45.964,25.926,11.078
8.93750,279.991,238.471,202.484,125.592,84.706,45.974,25.947,11.127
8.94167,280.162,238.639,202.603,125.579,84.706,45.965,26.052,11.106
8.94583,280.289,238.812,202.749,125.697,84.730,46.019,26.030,11.069
8.95000,280.406,238.854,202.819,125.745,84.815,46.070,26.063,11.123
8.95417,280.617,239.017,202.966,125.830,84.874,46.086,26.027,11.120
8.95833,280.715,239.141,203.123,125.886,84.927,46.080,26.084,11.143
8.96250,280.933,239.318,203.201,126.013,84.978,46.110,26.003,11.090
8.96667,281.071,239.426,203.299,126.057,84.978,46.108,26.080,11.118
8.97083,281.178,239.530,203.408,126.139,85.049,46.189,26.093,11.178
8.97500,281.349,239.736,203.502,126.227,85.100,46.208,26.117,11.136
8.97917,281.586,239.811,203.576,126.242,85.139,46.230,26.131,11.124
8.98333,281.722,240.020,203.752,126.412,85.201,46.280,26.168,11.104
8.98750,281.843,240.065,203.825,126.417,85.266,46.302,26.171,11.205
8.99167,282.017,240.263,204.017,126.465,85.287,46.279,26.179,11.153
8.99583,282.124,240.323,204.080,126.613,85.254,46.314,26.156,11.221
9.00000,282.365,240.482,204.164,126.595,85.364,46.342,26.257,11.171
9.00417,282.493,240.631,204.286,126.696,85.454,46.379,26.231,11.179
9.00833,282.628,240.774,204.416,126.807,85.459,46.392,26.239,11.146
9.01250,282.820,240.855,204.553,126.782,85.508,46.451,26.249,11.204
9.01667,282.975,240.975,204.595,126.902,85.593,46.467,26.225,11.230
9.02083,283.091,241.183,204.750,126.985,85.670,46.510,26.319,11.240
9.02500,283.280,241.277,204.881,126.990,85.631,46.470,26.302,11.226
9.02917,283.404,241.429,204.980,127.139,85.708,46.560,26.313,11.208
9.03333,283.552,241.559,205.145,127.180,85.729,46.470,26.260,11.237
9.03750,283.697,241.731,205.159,127.162,85.777,46.562,26.267,11.154
9.04167,283.821,241.820,205.321,127.279,85.879,46.592,26.260,11.279
9.04583,283.958,241.971,205.451,127.348,85.854,46.701,26.245,11.271
9.05000,284.197,242.141,205.552,127.362,85.934,46.660,26.375,11.269
9.05417,284.317,242.245,205.657,127.546,86.003,46.677,26.246,11.317
9.05833,284.497,242.391,205.764,127.566,86.036,46.710,26.405,11.245
9.06250,284.655,242.455,205.892,127.599,86.047,46.729,26.454,11.271
9.06667,284.778,242.673,205.987,127.698,86.072,46.792,26.433,11.313
9.07083,284.898,242.740,206.066,127.777,86.160,46.736,26.432,11.206
9.07500,285.133,242.906,206.146,127.792,86.203,46.831,26.395,11.385
9.07917,285.189,242.967,206.342,127.925,86.277,46.824,26.462,11.318
9.08333,285.361,243.122,206.405,127.997,86.330,46.856,26.460,11.327
9.08750,285.504,243.310,206.550,128.108,86.404,46.931,26.388,11.256
9.09167,285.700,243.445,206.577,128.143,86.399,46.901,26.520,11.285
9.09583,285.909,243.528,206.813,128.207,86.446,46.977,26.548,11.406
9.10000,285.954,243.698,206.958,128.322,86.486,46.898,26.524,11.350
9.10417,286.166,243.785,207.058,128.396,86.622,46.943,26.552,11.298
9.10833,286.288,243.955,207.100,128.378,86.614,47.016,26.555,11.353
9.11250,286.519,244.039,207.242,128.521,86.646,47.015,26.592,11.317
9.11667,286.665,244.161,207.308,128.547,86.736,47.061,26.554,11.321
9.12083,286.760,244.270,207.464,128.646,86.750,47.090,26.601,11.392
9.12500,286.905,244.472,207.542,128.752,86.799,47.121,26.660,11.406
9.12917,287.040,244.610,207.691,128.803,86.819,47.169,26.592,11.439
9.13333,287.204,244.738,207.766,128.862,86.844,47.146,26.674,11.402
9.13750,287.346,244.899,207.848,128.901,86.910,47.179,26.697,11.387
9.14167,287.526,244.990,208.015,129.024,86.957,47.219,26.663,11.351
9.14583,287.707,245.119,208.143,129.096,86.953,47.178,26.708,11.483
9.15000,287.876,245.244,208.196,129.119,86.964,47.267,26.694,11.387
9.15417,288.001,245.375,208.307,129.166,87.144,47.372,26.700,11.446
9.15833,288.101,245.495,208.472,129.270,87.150,47.328,26.687,11.408
9.16250,288.308,245.607,208.523,129.364,87.182,47.404,26.794,11.487
9.16667,288.395,245.806,208.690,129.398,87.258,47.375,26.713,11.425
9.17083,288.553,245.908,208.734,129.473,87.292,47.423,26.724,11.463
9.17500,288.757,245.983,208.944,129.613,87.313,47.425,26.749,11.464
9.17917,288.885,246.228,208.970,129.630,87.363,47.481,26.745,11.440
9.18333,289.034,246.306,209.075,129.668,87.407,47.479,26.856,11.402
9.18750,289.240,246.376,209.234,129.761,87.517,47.502,26.815,11.471
9.19167,289.342,246.471,209.321,129.849,87.532,47.526,26.852,11.450
9.19583,289.509,246.697,209.414,129.875,87.601,47.570,26.873,11.495
9.20000,289.653,246.838,209.555,129.968,87.573,47.662,26.833,11.474
9.20417,289.848,246.910,209.648,130.008,87.717,47.592,26.827,11.496
9.20833,289.962,247.088,209.738,130.047,87.681,47.606,26.878,11.501
9.21250,290.166,247.226,209.822,130.188,87.699,47.638,26.877,11.510
9.21667,290.250,247.334,210.051,130.210,87.808,47.667,26.937,11.500
9.22083,290.398,247.465,210.118,130.342,87.889,47.698,26.964,11.491
9.22500,290.604,247.583,210.192,130.349,87.883,47.721,26.977,11.547
9.22917,290.689,247.714,210.283,130.403,87.930,47.775,26.997,11.516
9.23333,290.871,247.817,210.362,130.530,87.998,47.841,26.971,11.514
9.23750,291.056,248.027,210.561,130.517,88.102,47.808,26.959,11.550
9.24167,291.139,248.112,210.596,130.640,88.095,47.813,27.040,11.578
9.24583,291.291,248.275,210.738,130.708,88.123,47.834,26.975,11.523
9.25000,291.439,248.336,210.844,130.811,88.153,47.874,26.988,11.548
9.25417,291.671,248.503,210.972,130.891,88.253,47.874,27.146,11.576
9.25833,291.803,248.606,211.010,130.897,88.241,47.845,27.123,11.537
9.26250,292.002,248.733,211.138,130.971,88.349,47.940,27.094,11.601
9.26667,292.041,248.873,211.227,131.021,88.341,47.948,27.082,11.532
9.27083,292.221,248.985,211.366,131.149,88.381,48.016,27.103,11.595
9.27500,292.330,249.061,211.511,131.141,88.442,48.018,27.075,11.606
9.27917,292.482,249.274,211.577,131.227,88.487,48.051,27.117,11.612
9.28333,292.658,249.345,211.696,131.293,88.522,48.071,27.109,11.541
9.28750,292.843,249.398,211.794,131.346,88.604,48.110,27.155,11.613
9.29167,292.938,249.624,211.960,131.508,88.658,48.158,27.188,11.600
9.29583,293.101,249.755,212.032,131.464,88.652,48.169,27.139,11.609
9.30000,293.302,249.854,212.065,131.554,88.703,48.196,27.127,11.685
9.30417,293.324,250.027,212.209,131.693,88.737,48.238,27.171,11.698
9.30833,293.472,250.176,212.314,131.721,88.763,48.223,27.180,11.645
9.31250,293.614,250.234,212.452,131.785,88.874,48.298,27.255,11.648
9.31667,293.836,250.406,212.566,131.902,88.894,48.289,27.252,11.633
9.32083,293.984,250.560,212.669,131.920,88.904,48.305,27.250,11.653
9.32500,294.148,250.599,212.826,132.012,88.960,48.313,27.244,11.701
9.32917,294.285,250.805,212.885,132.072,89.017,48.389,27.223,11.626
9.33333,294.394,250.943,213.052,132.148,89.127,48.342,27.246,11.696
9.33750,294.509,251.042,213.098,132.199,89.065,48.434,27.353,11.639
9.34167,294.701,251.160,213.153,132.301,89.124,48.461,27.342,11.680
9.34583,294.854,251.311,213.309,132.310,89.221,48.430,27.355,11.675
9.35000,295.006,251.361,213.337,132.357,89.261,48.456,27.367,11.617
9.35417,295.164,251.541,213.527,132.449,89.332,48.566,27.310,11.695
9.35833,295.330,251.667,213.657,132.568,89.254,48.531,27.346,11.670
9.36250,295.445,251.747,213.726,132.627,89.319,48.544,27.308,11.685
9.36667,295.596,251.791,213.809,132.599,89.364,48.504,27.423,11.720
9.37083,295.743,252.042,213.981,132.699,89.422,48.631,27.431,11.686
9.37500,295.835,252.145,214.028,132.764,89.505,48.604,27.469,11.737
9.37917,296.075,252.280,214.115,132.841,89.603,48.617,27.455,11.763
9.38333,296.190,252.353,214.232,132.870,89.593,48.661,27.497,11.698
9.38750,296.239,252.483,214.353,132.958,89.608,48.662,27.491,11.767
9.39167,296.473,252.695,214.434,133.013,89.679,48.709,27.479,11.732
9.39583,296.616,252.761,214.601,133.081,89.688,48.755,27.460,11.765
9.40000,296.735,252.930,214.699,133.166,89.776,48.758,27.516,11.730
9.40417,296.951,253.048,214.756,133.251,89.800,48.822,27.545,11.771
9.40833,297.077,253.156,214.868,133.384,89.843,48.832,27.518,11.791
9.41250,297.194,253.286,214.980,133.334,89.989,48.757,27.528,11.784
9.41667,297.312,253.392,215.117,133.455,89.954,48.896,27.598,11.795
9.42083,297.448,253.498,215.156,133.501,90.022,48.924,27.570,11.826
9.42500,297.578,253.596,215.287,133.532,90.007,48.910,27.587,11.828
9.42917,297.737,253.775,215.354,133.634,90.035,48.915,27.573,11.782
9.43333,297.881,253.904,215.574,133.697,90.098,48.987,27.683,11.832
9.43750,298.078,253.949,215.594,133.790,90.190,48.986,27.600,11.798
9.44167,298.151,254.148,215.688,133.777,90.186,48.985,27.635,11.791
9.44583,298.304,254.214,215.799,133.904,90.184,49.006,27.656,11.842
9.45000,298.418,254.357,215.879,133.945,90.305,49.032,27.667,11.864
9.45417,298.601,254.464,215.953,134.008,90.285,49.209,27.705,11.920
9.45833,298.732,254.538,216.094,134.126,90.335,49.092,27.693,11.849
9.46250,298.825,254.717,216.209,134.135,90.399,49.122,27.650,11.866
9.46667,298.938,254.867,216.300,134.260,90.506,49.203,27.688,11.824
9.47083,299.219,255.012,216.492,134.279,90.581,49.219,27.768,11.865
9.47500,299.337,255.134,216.562,134.409,90.528,49.137,27.706,11.857
9.47917,299.443,255.209,216.626,134.418,90.582,49.213,27.723,11.881
9.48333,299.482,255.319,216.662,134.473,90.576,49.263,27.753,11.892
9.48750,299.684,255.441,216.888,134.554,90.695,49.269,27.742,11.892
9.49167,299.842,255.589,216.956,134.613,90.682,49.255,27.742,11.852
9.49583,299.922,255.746,217.029,134.684,90.757,49.306,27.714,11.927
9.50000,300.135,255.838,217.065,134.668,90.801,49.383,27.813,11.833
9.50417,300.310,255.927,217.225,134.772,90.795,49.432,27.846,11.921
9.50833,300.422,256.006,217.370,134.779,90.860,49.340,27.857,11.953
9.51250,300.613,256.138,217.446,134.918,90.896,49.371,27.884,11.894
9.51667,300.729,256.312,217.519,134.934,90.983,49.360,27.834,11.956
9.52083,300.819,256.397,217.595,135.071,90.978,49.474,27.890,11.899
9.52500,300.987,256.546,217.715,135.043,91.056,49.523,27.940,11.935
9.52917,301.107,256.598,217.832,135.122,91.108,49.482,27.910,11.968
9.53333,301.253,256.647,217.996,135.209,91.100,49.478,27.923,11.939
9.53750,301.424,256.869,218.059,135.273,91.177,49.626,27.932,11.917
9.54167,301.483,257.000,218.090,135.338,91.243,49.589,27.989,11.981
9.54583,301.673,257.173,218.168,135.456,91.319,49.582,27.958,11.971
9.55000,301.807,257.226,218.240,135.481,91.296,49.632,27.955,11.973
9.55417,301.903,257.341,218.423,135.539,91.298,49.659,27.990,11.964
9.55833,301.991,257.451,218.502,135.589,91.344,49.642,28.000,11.944
9.56250,302.191,257.570,218.642,135.685,91.472,49.667,27.955,11.993
9.56667,302.319,257.712,218.765,135.782,91.392,49.709,28.024,11.922
9.57083,302.429,257.808,218.822,135.724,91.446,49.750,28.061,12.000
9.57500,302.578,257.899,218.969,135.873,91.574,49.806,28.044,11.975
9.57917,302.741,258.042,218.990,135.916,91.572,49.816,28.013,11.951
9.58333,302.922,258.127,219.123,135.988,91.663,49.730,28.015,11.994
9.58750,302.999,258.276,219.231,136.069,91.711,49.808,28.098,12.005
9.59167,303.156,258.419,219.320,136.093,91.723,49.829,28.111,12.073
9.59583,303.286,258.458,219.442,136.168,91.787,49.909,28.138,12.031
9.60000,303.422,258.616,219.494,136.193,91.852,49.919,28.102,12.022
9.60417,303.567,258.752,219.590,136.283,91.866,49.964,28.117,12.078
9.60833,303.626,258.876,219.671,136.356,91.893,49.888,28.116,12.026
9.61250,303.819,259.030,219.782,136.431,91.877,49.999,28.185,12.066
9.61667,303.951,259.067,219.917,136.460,92.001,50.011,28.146,12.097
9.62083,304.106,259.179,220.035,136.575,92.065,49.986,28.115,12.067
9.62500,304.218,259.248,220.030,136.569,92.010,49.990,28.144,12.134
9.62917,304.376,259.474,220.168,136.615,92.023,50.027,28.159,12.097
9.63333,304.450,259.494,220.293,136.630,92.107,50.082,28.166,12.048
9.63750,304.630,259.618,220.399,136.761,92.215,50.105,28.200,12.116
9.64167,304.734,259.684,220.425,136.835,92.139,50.158,28.209,12.090
9.64583,304.902,259.866,220.554,136.888,92.222,50.166,28.227,12.154
9.65000,305.017,259.999,220.620,136.903,92.313,50.221,28.247,12.109
9.65417,305.205,260.119,220.750,136.951,92.280,50.137,28.294,12.068
9.65833,305.235,260.256,220.820,137.079,92.333,50.146,28.299,12.097
9.66250,305.393,260.279,220.934,137.106,92.343,50.205,28.326,12.093
9.66667,305.485,260.426,220.997,137.210,92.473,50.202,28.335,12.094
9.67083,305.695,260.548,221.161,137.216,92.500,50.237,28.326,12.117
9.67500,305.770,260.584,221.201,137.265,92.501,50.265,28.318,12.104
9.67917,305.954,260.757,221.229,137.371,92.559,50.281,28.369,12.144
9.68333,306.021,260.859,221.378,137.396,92.620,50.329,28.358,12.113
9.68750,306.155,260.956,221.503,137.468,92.537,50.349,28.357,12.080
9.69167,306.308,261.099,221.565,137.533,92.645,50.321,28.398,12.212
9.69583,306.452,261.234,221.744,137.585,92.724,50.436,28.349,12.195
9.70000,306.537,261.270,221.800,137.619,92.752,50.408,28.412,12.172
9.70417,306.739,261.433,221.895,137.664,92.830,50.492,28.429,12.164
9.70833,306.819,261.555,221.932,137.733,92.815,50.416,28.420,12.168
9.71250,306.923,261.675,222.042,137.813,92.876,50.492,28.432,12.166
9.71667,307.067,261.736,222.130,137.933,92.895,50.532,28.454,12.179
9.72083,307.272,261.827,222.276,137.904,92.951,50.518,28.436,12.215
9.72500,307.294,261.964,222.363,138.069,93.004,50.532,28.480,12.207
9.72917,307.436,262.105,222.394,138.014,92.993,50.638,28.490,12.279
9.73333,307.551,262.157,222.522,138.146,93.124,50.556,28.477,12.158
9.73750,307.727,262.321,222.656,138.168,93.145,50.581,28.541,12.271
9.74167,307.845,262.374,222.707,138.165,93.062,50.631,28.524,12.203
9.74583,307.911,262.495,222.743,138.215,93.240,50.656,28.512,12.207
9.75000,308.014,262.621,222.887,138.371,93.196,50.656,28.536,12.212
9.75417,308.154,262.718,222.999,138.346,93.260,50.746,28.556,12.238
9.75833,308.290,262.786,223.070,138.471,93.291,50.713,28.574,12.295
9.76250,308.473,262.939,223.123,138.535,93.394,50.723,28.577,12.218
9.76667,308.567,263.040,223.174,138.553,93.418,50.760,28.593,12.249
9.77083,308.700,263.203,223.329,138.638,93.396,50.754,28.565,12.264
9.77500,308.805,263.247,223.331,138.642,93.474,50.807,28.630,12.315
9.77917,308.999,263.311,223.514,138.711,93.442,50.838,28.661,12.247
9.78333,309.087,263.485,223.587,138.787,93.547,50.827,28.670,12.276
9.78750,309.171,263.592,223.648,138.802,93.528,50.926,28.624,12.260
9.79167,309.250,263.685,223.763,138.939,93.530,50.880,28.653,12.208
9.79583,309.461,263.723,223.830,138.946,93.671,50.925,28.636,12.287
9.80000,309.605,263.880,223.979,139.018,93.728,50.876,28.698,12.302
9.80417,309.739,264.066,224.077,139.051,93.727,50.930,28.698,12.279
9.80833,309.792,264.096,224.111,139.134,93.729,50.953,28.692,12.287
9.81250,309.988,264.183,224.224,139.169,93.803,51.011,28.703,12.319
9.81667,310.088,264.356,224.331,139.272,93.772,50.948,28.718,12.349
9.82083,310.141,264.361,224.394,139.286,93.907,51.055,28.687,12.304
9.82500,310.297,264.540,224.422,139.293,93.875,51.091,28.723,12.306
9.82917,310.417,264.580,224.564,139.407,93.956,51.107,28.748,12.245
9.83333,310.530,264.712,224.613,139.478,93.954,51.125,28.769,12.373
9.83750,310.640,264.785,224.716,139.491,94.088,51.161,28.800,12.312
9.84167,310.744,264.951,224.813,139.592,94.057,51.123,28.787,12.360
9.84583,310.926,265.041,224.882,139.688,94.032,51.164,28.762,12.300
9.85000,310.964,265.136,224.996,139.721,94.094,51.135,28.759,12.360
9.85417,311.114,265.158,225.094,139.723,94.094,51.202,28.887,12.376
9.85833,311.239,265.312,225.198,139.748,94.236,51.154,28.850,12.376
9.86250,311.360,265.418,225.244,139.893,94.210,51.237,28.842,12.372
9.86667,311.488,265.566,225.286,139.909,94.232,51.206,28.890,12.359
9.87083,311.566,265.719,225.431,139.924,94.276,51.288,28.862,12.403
9.87500,311.711,265.790,225.491,140.001,94.364,51.251,28.851,12.400
9.87917,311.804,265.848,225.610,140.038,94.405,51.311,28.855,12.356
9.88333,311.899,265.888,225.661,140.101,94.382,51.277,28.865,12.362
9.88750,312.063,266.026,225.810,140.095,94.385,51.384,28.883,12.383
9.89167,312.216,266.115,225.837,140.129,94.453,51.325,28.911,12.359
9.89583,312.295,266.169,225.924,140.323,94.430,51.337,28.929,12.388
9.90000,312.352,266.330,226.045,140.258,94.565,51.469,28.994,12.405
9.90417,312.565,266.428,226.106,140.357,94.615,51.399,28.922,12.448
9.90833,312.597,266.562,226.177,140.459,94.633,51.444,28.870,12.404
9.91250,312.759,266.598,226.295,140.432,94.633,51.443,28.954,12.403
9.91667,312.823,266.639,226.387,140.510,94.663,51.425,28.967,12.412
9.92083,313.058,266.838,226.473,140.584,94.702,51.483,29.031,12.425
9.92500,313.062,266.914,226.601,140.671,94.752,51.479,28.935,12.406
9.92917,313.252,266.981,226.553,140.671,94.782,51.506,28.987,12.389
9.93333,313.316,267.187,226.644,140.712,94.879,51.542,28.980,12.444
9.93750,313.470,267.211,226.761,140.805,94.904,51.587,29.038,12.483
9.94167,313.529,267.328,226.834,140.853,94.868,51.559,29.029,12.447
9.94583,313.726,267.388,226.964,140.825,94.891,51.549,29.011,12.410
9.95000,313.773,267.474,226.984,140.965,94.930,51.600,29.010,12.448
9.95417,313.911,267.578,227.108,140.944,95.015,51.634,29.047,12.418
9.95833,314.052,267.652,227.195,141.110,95.029,51.668,29.089,12.392
9.96250,314.130,267.829,227.247,141.111,95.069,51.678,29.051,12.510
9.96667,314.193,267.906,227.376,141.146,95.049,51.726,29.054,12.477
9.97083,314.246,267.954,227.413,141.213,95.118,51.805,29.141,12.476
9.97500,314.464,268.082,227.557,141.197,95.188,51.740,29.143,12.512
9.97917,314.579,268.200,227.539,141.325,95.216,51.829,29.117,12.469
9.98333,314.638,268.269,227.652,141.350,95.257,51.806,29.141,12.488
9.98750,314.789,268.410,227.722,141.420,95.277,51.821,29.184,12.499
9.99167,314.896,268.413,227.907,141.464,95.233,51.833,29.113,12.528
9.99583,315.000,268.599,227.889,141.450,95.324,51.781,29.188,12.503
10.00000,315.133,268.655,228.023,141.566,95.418,51.810,29.178,12.518
10.00417,315.191,268.775,228.037,141.543,95.330,51.896,29.191,12.486
10.00833,315.338,268.833,228.070,141.642,95.391,51.914,29.223,12.532
10.01250,315.400,268.970,228.192,141.669,95.476,51.990,29.239,12.503
10.01667,315.545,269.008,228.257,141.741,95.470,51.929,29.178,12.529
10.02083,315.679,269.109,228.328,141.802,95.510,51.929,29.288,12.513
10.02500,315.743,269.179,228.485,141.857,95.596,51.924,29.272,12.545
10.02917,315.912,269.354,228.506,141.865,95.626,51.985,29.270,12.458
10.03333,315.971,269.418,228.579,141.851,95.628,51.953,29.204,12.570
10.03750,316.031,269.486,228.666,141.979,95.664,51.980,29.246,12.486
10.04167,316.142,269.588,228.735,142.002,95.765,52.083,29.298,12.596
10.04583,316.274,269.717,228.838,142.140,95.725,52.030,29.336,12.517
10.05000,316.413,269.702,228.943,142.068,95.712,52.059,29.321,12.564
10.05417,316.520,269.836,228.977,142.170,95.783,52.084,29.318,12.531
10.05833,316.661,269.995,229.024,142.223,95.830,52.116,29.309,12.565
10.06250,316.758,270.016,229.098,142.258,95.880,52.179,29.336,12.607
10.06667,316.829,270.122,229.228,142.390,95.926,52.138,29.276,12.645
10.07083,316.931,270.178,229.296,142.366,95.927,52.147,29.367,12.559
10.07500,316.976,270.262,229.377,142.452,95.925,52.170,29.327,12.600
10.07917,317.100,270.458,229.511,142.553,95.989,52.152,29.384,12.640
10.08333,317.159,270.471,229.539,142.512,95.977,52.168,29.365,12.564
10.08750,317.350,270.517,229.574,142.606,96.046,52.222,29.393,12.631
10.09167,317.407,270.663,229.663,142.547,96.094,52.203,29.431,12.631
10.09583,317.603,270.728,229.785,142.638,96.138,52.327,29.472,12.626
10.10000,317.648,270.849,229.821,142.696,96.136,52.338,29.402,12.621
10.10417,317.757,270.908,229.893,142.702,96.183,52.341,29.445,12.580
10.10833,317.869,270.977,230.009,142.782,96.151,52.221,29.499,12.658
10.11250,317.974,271.108,230.107,142.875,96.190,52.334,29.506,12.700
10.11667,318.038,271.184,230.110,142.910,96.256,52.373,29.461,12.644
10.12083,318.168,271.268,230.200,142.921,96.285,52.377,29.444,12.640
10.12500,318.247,271.419,230.282,142.983,96.333,52.387,29.474,12.685
10.12917,318.426,271.482,230.346,143.032,96.395,52.361,29.537,12.622
10.13333,318.525,271.516,230.471,143.052,96.359,52.368,29.473,12.660
10.13750,318.618,271.611,230.491,143.101,96.382,52.409,29.457,12.704
10.14167,318.716,271.731,230.521,143.154,96.398,52.464,29.530,12.644
10.14583,318.836,271.786,230.672,143.195,96.434,52.412,29.512,12.637
10.15000,318.847,271.867,230.721,143.245,96.568,52.507,29.510,12.714
10.15417,318.946,271.953,230.785,143.304,96.443,52.464,29.538,12.701
10.15833,319.013,272.060,230.848,143.382,96.545,52.537,29.507,12.701
10.16250,319.218,272.118,230.983,143.412,96.560,52.533,29.509,12.688
10.16667,319.188,272.145,230.949,143.461,96.631,52.506,29.557,12.725
10.17083,319.418,272.338,231.049,143.468,96.654,52.572,29.546,12.688
10.17500,319.463,272.295,231.145,143.520,96.738,52.607,29.655,12.651
10.17917,319.548,272.433,231.170,143.572,96.653,52.561,29.582,12.666
10.18333,319.713,272.568,231.238,143.602,96.631,52.589,29.696,12.689
10.18750,319.751,272.607,231.292,143.608,96.809,52.586,29.603,12.717
10.19167,319.861,272.766,231.348,143.671,96.812,52.676,29.682,12.728
10.19583,319.971,272.769,231.447,143.686,96.812,52.584,29.655,12.752
10.20000,320.053,272.848,231.519,143.722,96.842,52.688,29.650,12.657
10.20417,320.096,272.996,231.603,143.823,96.896,52.691,29.630,12.723
10.20833,320.169,273.022,231.674,143.905,96.851,52.708,29.616,12.747
10.21250,320.323,273.161,231.768,143.928,96.866,52.719,29.669,12.790
10.21667,320.390,273.201,231.853,143.952,96.995,52.751,29.634,12.675
10.22083,320.486,273.216,231.951,144.032,97.114,52.778,29.700,12.737
10.22500,320.572,273.388,231.951,144.026,97.051,52.821,29.651,12.697
10.22917,320.746,273.449,232.070,144.138,96.993,52.791,29.604,12.698
10.23333,320.769,273.539,232.080,144.172,97.161,52.819,29.630,12.797
10.23750,320.906,273.584,232.129,144.180,97.111,52.813,29.708,12.716
10.24167,320.926,273.710,232.281,144.200,97.184,52.892,29.751,12.767
10.24583,321.084,273.768,232.353,144.238,97.144,52.860,29.750,12.772
10.25000,321.161,273.899,232.369,144.293,97.202,52.850,29.694,12.780
10.25417,321.231,273.918,232.448,144.369,97.171,52.831,29.741,12.807
10.25833,321.313,273.965,232.415,144.430,97.298,52.876,29.737,12.735
10.26250,321.489,274.085,232.594,144.423,97.336,52.879,29.744,12.766
10.26667,321.620,274.106,232.642,144.447,97.322,52.937,29.750,12.807
10.27083,321.722,274.235,232.741,144.519,97.372,52.980,29.825,12.735
10.27500,321.703,274.294,232.749,144.589,97.354,52.942,29.801,12.884
10.27917,321.837,274.410,232.860,144.635,97.408,52.981,29.830,12.762
10.28333,321.887,274.512,232.881,144.628,97.442,52.946,29.777,12.750
10.28750,321.945,274.554,233.031,144.700,97.493,52.981,29.822,12.845
10.29167,322.024,274.590,232.982,144.695,97.488,52.941,29.863,12.829
10.29583,322.188,274.786,233.073,144.710,97.517,53.000,29.795,12.778
10.30000,322.294,274.721,233.114,144.803,97.628,53.071,29.824,12.850
10.30417,322.361,274.874,233.227,144.836,97.546,53.067,29.865,12.835
10.30833,322.419,274.921,233.295,144.881,97.572,53.089,29.842,12.827
10.31250,322.531,275.006,233.312,144.944,97.588,53.066,29.882,12.759
10.31667,322.614,275.103,233.391,144.966,97.607,53.070,29.920,12.799
10.32083,322.708,275.146,233.486,145.028,97.699,53.102,29.974,12.806
10.32500,322.768,275.255,233.543,145.036,97.667,53.102,29.892,12.787
10.32917,322.900,275.307,233.632,145.100,97.714,53.175,29.922,12.859
10.33333,322.994,275.395,233.661,145.088,97.792,53.173,29.929,12.840
10.33750,323.098,275.531,233.766,145.107,97.779,53.173,29.919,12.848
10.34167,323.110,275.482,233.754,145.225,97.797,53.174,29.890,12.897
10.34583,323.196,275.599,233.849,145.257,97.802,53.204,29.895,12.868
10.35000,323.308,275.685,233.942,145.244,97.843,53.240,29.923,12.792
10.35417,323.470,275.756,234.030,145.305,97.908,53.223,29.972,12.891
10.35833,323.550,275.819,234.089,145.392,97.866,53.238,29.905,12.792
10.36250,323.551,275.901,234.154,145.394,97.956,53.286,29.943,12.887
10.36667,323.668,276.045,234.206,145.375,98.001,53.246,29.910,12.871
10.37083,323.768,276.071,234.227,145.498,97.988,53.315,29.999,12.894
10.37500,323.912,276.160,234.331,145.529,98.009,53.342,30.022,12.880
10.37917,323.904,276.237,234.352,145.589,98.063,53.284,30.002,12.865
10.38333,323.980,276.255,234.431,145.556,98.082,53.305,29.963,12.783
10.38750,324.171,276.383,234.512,145.628,98.052,53.338,29.956,12.857
10.39167,324.091,276.457,234.525,145.627,98.132,53.347,30.091,12.908
10.39583,324.207,276.492,234.630,145.744,98.165,53.388,29.998,12.873
10.40000,324.296,276.629,234.673,145.756,98.165,53.408,30.012,12.837
10.40417,324.490,276.641,234.683,145.808,98.269,53.435,30.009,12.918
10.40833,324.499,276.741,234.785,145.752,98.257,53.449,30.105,12.939
10.41250,324.603,276.839,234.874,145.881,98.212,53.484,30.031,12.905
10.41667,324.609,276.881,234.917,145.862,98.238,53.435,30.086,12.921
10.42083,324.751,276.999,234.885,145.997,98.352,53.475,30.125,12.915
10.42500,324.775,276.956,235.084,145.939,98.343,53.473,30.101,12.882
10.42917,324.974,277.062,235.027,145.989,98.356,53.512,30.054,12.860
10.43333,324.943,277.241,235.090,146.032,98.378,53.541,30.086,12.913
10.43750,325.066,277.283,235.225,146.034,98.414,53.585,30.063,12.929
10.44167,325.125,277.227,235.292,146.084,98.463,53.483,30.165,12.943
10.44583,325.163,277.336,235.310,146.203,98.403,53.544,30.124,12.957
10.45000,325.379,277.394,235.309,146.194,98.463,53.577,30.072,12.929
10.45417,325.413,277.463,235.443,146.223,98.533,53.628,30.168,12.933
10.45833,325.462,277.542,235.457,146.348,98.481,53.588,30.150,12.891
10.46250,325.517,277.677,235.529,146.255,98.502,53.584,30.182,12.941
10.46667,325.626,277.712,235.616,146.328,98.572,53.644,30.107,12.973
10.47083,325.760,277.782,235.684,146.410,98.587,53.638,30.174,12.980
10.47500,325.815,277.807,235.717,146.427,98.630,53.663,30.156,12.930
10.47917,325.833,277.898,235.733,146.426,98.598,53.631,30.158,13.028
10.48333,325.911,277.995,235.825,146.520,98.696,53.690,30.202,12.932
10.48750,326.012,278.021,235.860,146.470,98.681,53.674,30.163,12.946
10.49167,326.133,278.068,235.877,146.451,98.706,53.688,30.189,13.002
10.49583,326.171,278.186,235.988,146.618,98.760,53.692,30.171,12.930
10.50000,326.199,278.242,236.008,146.603,98.754,53.743,30.209,12.981
10.50417,326.249,278.315,236.102,146.622,98.788,53.780,30.203,12.924
10.50833,326.376,278.317,236.143,146.703,98.858,53.744,30.247,13.015
10.51250,326.504,278.356,236.190,146.733,98.861,53.800,30.240,12.981
10.51667,326.536,278.502,236.297,146.824,98.899,53.737,30.220,12.985
10.52083,326.632,278.563,236.298,146.828,98.854,53.775,30.266,13.010
10.52500,326.790,278.642,236.370,146.878,98.914,53.778,30.330,12.930
10.52917,326.832,278.663,236.423,146.808,98.902,53.808,30.260,13.032
10.53333,326.834,278.756,236.546,146.937,98.930,53.863,30.285,12.979
10.53750,326.905,278.775,236.579,147.014,98.935,53.831,30.285,13.009
10.54167,326.991,278.833,236.587,147.035,98.983,53.769,30.237,12.961
10.54583,327.127,278.885,236.626,147.017,99.039,53.912,30.306,12.977
10.55000,327.189,279.023,236.721,147.058,99.000,53.913,30.286,13.050
10.55417,327.228,279.061,236.780,147.067,99.196,53.904,30.313,13.036
10.55833,327.285,279.130,236.828,147.098,99.092,53.888,30.367,13.059
10.56250,327.372,279.216,236.854,147.157,99.084,53.917,30.248,12.978
10.56667,327.401,279.234,236.968,147.170,99.150,53.896,30.345,13.000
10.57083,327.546,279.334,236.968,147.155,99.136,53.978,30.391,13.047
10.57500,327.650,279.372,237.026,147.196,99.195,53.948,30.323,13.043
10.57917,327.648,279.468,237.096,147.255,99.183,53.936,30.370,12.971
10.58333,327.800,279.451,237.139,147.344,99.230,53.963,30.329,13.035
10.58750,327.805,279.568,237.180,147.322,99.240,53.973,30.413,13.003
10.59167,327.807,279.639,237.292,147.371,99.311,53.971,30.383,13.008
10.59583,327.969,279.754,237.252,147.392,99.232,54.032,30.390,13.034
10.60000,328.051,279.824,237.331,147.412,99.206,54.014,30.371,13.127
10.60417,328.132,279.819,237.421,147.456,99.361,54.021,30.349,13.093
10.60833,328.178,279.815,237.426,147.553,99.385,54.080,30.430,13.070
10.61250,328.241,279.886,237.524,147.543,99.393,54.048,30.423,13.089
10.61667,328.373,279.978,237.521,147.517,99.392,54.134,30.434,13.094
10.62083,328.391,280.062,237.598,147.567,99.387,54.151,30.397,13.065
10.62500,328.459,280.096,237.661,147.609,99.444,54.044,30.427,13.103
10.62917,328.528,280.200,237.678,147.679,99.500,54.120,30.399,13.090
10.63333,328.568,280.256,237.719,147.711,99.437,54.081,30.533,13.067
10.63750,328.702,280.227,237.861,147.668,99.522,54.081,30.422,13.061
10.64167,328.707,280.313,237.837,147.770,99.499,54.119,30.397,13.074
10.64583,328.819,280.394,237.858,147.795,99.490,54.059,30.423,13.080
10.65000,328.910,280.415,237.930,147.839,99.486,54.172,30.436,13.058
10.65417,328.932,280.575,237.979,147.859,99.548,54.103,30.442,13.043
10.65833,329.008,280.548,238.057,147.861,99.559,54.217,30.414,13.084
10.66250,329.071,280.663,238.071,147.865,99.590,54.239,30.472,13.040
10.66667,329.117,280.633,238.162,147.976,99.571,54.188,30.445,13.046
10.67083,329.258,280.772,238.236,147.982,99.677,54.180,30.498,13.137
10.67500,329.266,280.766,238.224,147.982,99.678,54.203,30.554,13.091
10.67917,329.399,280.916,238.264,148.052,99.692,54.248,30.467,13.064
10.68333,329.445,280.945,238.416,148.060,99.767,54.235,30.487,13.159
10.68750,329.492,280.992,238.367,148.076,99.753,54.265,30.483,13.160
10.69167,329.541,280.968,238.399,148.137,99.783,54.249,30.555,13.140
10.69583,329.594,281.093,238.482,148.192,99.747,54.277,30.505,13.088
10.70000,329.672,281.145,238.497,148.187,99.823,54.306,30.562,13.123
10.70417,329.714,281.196,238.612,148.190,99.811,54.345,30.500,13.137
10.70833,329.767,281.325,238.657,148.214,99.807,54.268,30.500,13.123
10.71250,329.886,281.309,238.647,148.280,99.913,54.333,30.572,13.078
10.71667,329.919,281.353,238.729,148.304,99.904,54.329,30.499,13.138
10.72083,330.001,281.426,238.697,148.319,99.878,54.424,30.498,13.119
10.72500,330.068,281.488,238.760,148.326,99.895,54.292,30.551,13.090
10.72917,330.127,281.587,238.852,148.364,99.867,54.410,30.603,13.062
10.73333,330.214,281.576,238.923,148.432,99.923,54.370,30.651,13.101
10.73750,330.224,281.653,238.951,148.462,99.975,54.426,30.630,13.096
10.74167,330.311,281.671,238.964,148.485,100.018,54.424,30.572,13.129
10.74583,330.431,281.759,239.044,148.553,100.011,54.418,30.578,13.139
10.75000,330.438,281.815,239.020,148.506,100.046,54.440,30.618,13.124
10.75417,330.494,281.884,239.178,148.594,100.060,54.400,30.612,13.171
10.75833,330.556,281.882,239.247,148.607,100.099,54.470,30.616,13.196
10.76250,330.672,281.938,239.171,148.672,100.082,54.446,30.706,13.216
10.76667,330.667,282.078,239.345,148.609,100.128,54.445,30.594,13.092
10.77083,330.754,282.120,239.385,148.706,100.131,54.540,30.640,13.121
10.77500,330.838,282.143,239.348,148.660,100.152,54.487,30.694,13.157
10.77917,330.896,282.196,239.412,148.740,100.119,54.533,30.671,13.144
10.78333,330.921,282.309,239.500,148.722,100.195,54.514,30.573,13.206
10.78750,331.008,282.296,239.498,148.740,100.201,54.551,30.638,13.143
10.79167,331.087,282.330,239.548,148.836,100.218,54.506,30.613,13.133
10.79583,331.119,282.397,239.562,148.829,100.228,54.519,30.606,13.134
10.80000,331.184,282.413,239.615,148.902,100.282,54.550,30.680,13.149
10.80417,331.225,282.472,239.723,148.839,100.289,54.577,30.664,13.184
10.80833,331.329,282.555,239.694,148.896,100.307,54.540,30.719,13.232
10.81250,331.439,282.578,239.799,148.959,100.281,54.603,30.649,13.203
10.81667,331.441,282.642,239.862,148.988,100.344,54.518,30.664,13.181
10.82083,331.428,282.708,239.871,148.974,100.367,54.619,30.720,13.139
10.82500,331.484,282.781,239.896,149.053,100.398,54.522,30.737,13.213
10.82917,331.580,282.867,239.913,149.090,100.422,54.638,30.676,13.211
10.83333,331.752,282.939,239.919,149.054,100.385,54.688,30.702,13.135
10.83750,331.762,282.949,240.055,149.108,100.373,54.677,30.685,13.205
10.84167,331.714,282.979,240.081,149.132,100.430,54.658,30.680,13.154
10.84583,331.852,282.975,240.143,149.126,100.465,54.655,30.718,13.202
10.85000,331.893,283.053,240.087,149.190,100.456,54.687,30.735,13.212
10.85417,331.888,283.099,240.224,149.181,100.518,54.657,30.717,13.178
10.85833,332.016,283.134,240.276,149.208,100.492,54.719,30.728,13.225
10.86250,331.989,283.239,240.257,149.243,100.474,54.714,30.768,13.229
10.86667,332.107,283.243,240.290,149.295,100.541,54.694,30.752,13.190
10.87083,332.216,283.303,240.386,149.361,100.583,54.751,30.767,13.189
10.87500,332.150,283.295,240.431,149.329,100.612,54.715,30.685,13.244
10.87917,332.253,283.342,240.386,149.363,100.629,54.702,30.771,13.181
10.88333,332.304,283.488,240.456,149.450,100.614,54.711,30.739,13.262
10.88750,332.362,283.465,240.464,149.433,100.594,54.741,30.744,13.179
10.89167,332.496,283.534,240.553,149.489,100.624,54.783,30.759,13.235
10.89583,332.529,283.666,240.634,149.479,100.599,54.791,30.721,13.189
10.90000,332.526,283.613,240.659,149.457,100.617,54.784,30.786,13.220
10.90417,332.665,283.700,240.626,149.517,100.665,54.819,30.829,13.191
10.90833,332.659,283.774,240.766,149.621,100.813,54.805,30.785,13.261
10.91250,332.735,283.811,240.778,149.630,100.766,54.815,30.820,13.205
10.91667,332.786,283.843,240.836,149.623,100.756,54.794,30.800,13.264
10.92083,332.878,283.940,240.818,149.696,100.769,54.839,30.831,13.314
10.92500,332.874,283.913,240.869,149.656,100.802,54.824,30.807,13.155
10.92917,332.952,283.970,240.897,149.699,100.823,54.809,30.739,13.204
10.93333,332.981,283.952,240.901,149.715,100.809,54.870,30.834,13.212
10.93750,333.054,284.073,240.992,149.758,100.861,54.929,30.851,13.293
10.94167,333.071,284.095,241.012,149.768,100.863,54.862,30.843,13.255
10.94583,333.088,284.147,241.030,149.795,100.835,54.904,30.815,13.252
10.95000,333.196,284.198,241.097,149.802,100.971,54.925,30.872,13.279
10.95417,333.255,284.165,241.172,149.855,100.928,54.875,30.884,13.220
10.95833,333.336,284.279,241.181,149.826,100.900,54.974,30.837,13.280
10.96250,333.361,284.384,241.193,149.855,100.885,54.863,30.789,13.291
10.96667,333.419,284.451,241.321,149.865,100.918,54.928,30.896,13.194
10.97083,333.468,284.404,241.320,149.897,100.980,54.900,30.874,13.251
10.97500,333.555,284.534,241.333,149.922,100.921,54.925,30.879,13.272
10.97917,333.574,284.472,241.355,149.976,101.014,54.969,30.831,13.269
10.98333,333.644,284.535,241.443,150.079,101.102,55.020,30.885,13.303
10.98750,333.682,284.532,241.450,149.986,101.040,54.943,30.943,13.273
10.99167,333.722,284.674,241.465,150.026,101.053,54.944,30.938,13.310
10.99583,333.776,284.656,241.518,150.107,101.060,54.990,30.897,13.302
11.00000,333.794,284.757,241.541,150.049,101.043,54.993,30.923,13.276
11.00417,333.892,284.747,241.515,150.121,101.065,54.991,30.880,13.294
11.00833,333.917,284.831,241.628,150.153,101.077,55.023,30.881,13.268
11.01250,333.913,284.853,241.677,150.149,101.134,55.038,30.889,13.245
11.01667,334.101,284.951,241.781,150.162,101.084,54.973,30.951,13.265
11.02083,334.025,284.927,241.778,150.201,101.137,54.969,30.941,13.253
11.02500,334.131,285.071,241.773,150.194,101.154,54.980,30.928,13.294
11.02917,334.193,285.082,241.794,150.224,101.171,55.031,30.882,13.247
11.03333,334.171,285.017,241.888,150.209,101.272,55.042,30.904,13.306
11.03750,334.273,285.101,241.897,150.321,101.200,55.136,30.971,13.249
11.04167,334.263,285.205,241.931,150.352,101.230,55.060,30.961,13.287
11.04583,334.325,285.157,241.967,150.391,101.244,55.050,30.875,13.350
11.05000,334.417,285.272,241.969,150.403,101.223,55.062,30.967,13.286
11.05417,334.394,285.282,242.003,150.330,101.263,55.137,30.980,13.252
11.05833,334.555,285.358,242.074,150.404,101.306,55.154,31.008,13.343
11.06250,334.579,285.392,242.028,150.369,101.303,55.073,30.969,13.291
11.06667,334.623,285.445,242.073,150.448,101.382,55.084,30.971,13.321
11.07083,334.634,285.439,242.179,150.499,101.349,55.155,30.938,13.287
11.07500,334.715,285.431,242.210,150.493,101.296,55.148,30.985,13.341
11.07917,334.787,285.548,242.156,150.517,101.383,55.171,31.034,13.350
11.08333,334.793,285.604,242.260,150.493,101.400,55.208,30.964,13.334
11.08750,334.836,285.627,242.277,150.569,101.407,55.183,30.963,13.343
11.09167,334.908,285.663,242.320,150.505,101.347,55.246,30.958,13.310
11.09583,334.980,285.678,242.279,150.615,101.436,55.214,30.943,13.350
11.10000,335.042,285.755,242.401,150.638,101.419,55.220,31.014,13.340
11.10417,335.077,285.777,242.482,150.577,101.447,55.167,31.056,13.351
11.10833,335.071,285.774,242.426,150.663,101.416,55.183,31.010,13.340
11.11250,335.120,285.883,242.473,150.597,101.532,55.237,31.040,13.339
11.11667,335.179,285.823,242.485,150.678,101.469,55.171,30.967,13.342
11.12083,335.214,285.905,242.628,150.786,101.490,55.221,31.043,13.333
11.12500,335.267,285.881,242.585,150.797,101.521,55.203,30.985,13.350
11.12917,335.332,285.980,242.654,150.747,101.551,55.246,31.086,13.351
11.13333,335.331,285.960,242.731,150.753,101.531,55.281,31.004,13.390
11.13750,335.394,286.050,242.711,150.789,101.545,55.327,30.980,13.322
11.14167,335.442,286.100,242.698,150.795,101.508,55.241,31.077,13.352
11.14583,335.510,286.127,242.764,150.818,101.571,55.356,31.108,13.322
11.15000,335.493,286.192,242.799,150.843,101.569,55.319,31.078,13.330
11.15417,335.542,286.191,242.778,150.896,101.591,55.299,31.076,13.339
11.15833,335.623,286.243,242.866,150.855,101.647,55.321,31.074,13.359
11.16250,335.716,286.238,242.900,150.875,101.708,55.271,31.081,13.366
11.16667,335.620,286.358,242.937,150.904,101.697,55.334,31.108,13.311
11.17083,335.785,286.402,242.914,150.917,101.661,55.384,31.062,13.329
11.17500,335.784,286.430,242.985,150.982,101.694,55.358,31.133,13.405
11.17917,335.820,286.480,243.002,151.038,101.657,55.301,31.110,13.404
11.18333,335.831,286.466,243.037,150.942,101.727,55.300,31.123,13.362
11.18750,335.915,286.540,243.147,151.065,101.741,55.369,31.084,13.366
11.19167,335.934,286.573,243.102,151.116,101.717,55.340,31.081,13.375
11.19583,335.934,286.566,243.144,151.031,101.750,55.351,31.085,13.348
11.20000,336.044,286.638,243.162,151.121,101.705,55.322,31.107,13.332
11.20417,336.149,286.657,243.225,151.085,101.706,55.369,31.099,13.379
11.20833,336.097,286.635,243.260,151.142,101.766,55.410,31.125,13.279
11.21250,336.184,286.679,243.269,151.136,101.757,55.434,31.142,13.346
11.21667,336.195,286.735,243.269,151.134,101.778,55.368,31.102,13.404
11.22083,336.298,286.802,243.322,151.172,101.862,55.325,31.101,13.352
11.22500,336.294,286.872,243.312,151.196,101.801,55.431,31.152,13.315
11.22917,336.361,286.828,243.365,151.276,101.800,55.436,31.142,13.311
11.23333,336.375,286.953,243.370,151.194,101.830,55.408,31.163,13.397
11.23750,336.320,286.943,243.393,151.256,101.867,55.425,31.168,13.319
11.24167,336.459,286.988,243.453,151.244,101.959,55.405,31.182,13.387
11.24583,336.493,287.042,243.489,151.317,101.887,55.485,31.063,13.380
11.25000,336.550,287.072,243.558,151.327,101.868,55.465,31.177,13.402
11.25417,336.596,287.036,243.530,151.312,101.926,55.459,31.169,13.300
11.25833,336.593,287.137,243.577,151.320,101.903,55.456,31.125,13.464
11.26250,336.616,287.140,243.621,151.395,101.936,55.450,31.146,13.458
11.26667,336.731,287.164,243.648,151.340,101.848,55.449,31.229,13.383
11.27083,336.781,287.253,243.693,151.395,101.950,55.509,31.111,13.485
11.27500,336.843,287.275,243.687,151.443,101.990,55.548,31.158,13.356
11.27917,336.825,287.254,243.688,151.439,101.946,55.487,31.146,13.385
11.28333,336.759,287.320,243.720,151.417,102.018,55.514,31.161,13.389
11.28750,336.926,287.356,243.805,151.433,101.986,55.521,31.200,13.441
11.29167,336.912,287.398,243.826,151.514,101.989,55.524,31.138,13.365
11.29583,337.019,287.373,243.842,151.491,102.044,55.596,31.223,13.382
11.30000,337.021,287.451,243.858,151.590,102.062,55.571,31.241,13.406
11.30417,337.091,287.498,243.931,151.538,102.060,55.546,31.211,13.407
11.30833,337.079,287.541,243.900,151.604,102.045,55.613,31.258,13.381
11.31250,337.116,287.566,243.955,151.566,102.041,55.549,31.207,13.379
11.31667,337.163,287.572,243.968,151.591,102.119,55.453,31.173,13.462
11.32083,337.252,287.616,244.030,151.605,102.101,55.526,31.237,13.396
11.32500,337.272,287.616,244.001,151.710,102.050,55.495,31.175,13.414
11.32917,337.264,287.689,243.995,151.696,102.114,55.523,31.248,13.421
11.33333,337.266,287.653,244.113,151.680,102.132,55.574,31.231,13.445
11.33750,337.299,287.727,244.047,151.708,102.191,55.527,31.195,13.452
11.34167,337.351,287.795,244.184,151.629,102.130,55.588,31.257,13.460
11.34583,337.414,287.779,244.203,151.667,102.249,55.535,31.267,13.431
11.35000,337.459,287.874,244.174,151.811,102.167,55.592,31.261,13.450
11.35417,337.504,287.871,244.235,151.734,102.171,55.573,31.263,13.395
11.35833,337.530,287.933,244.265,151.705,102.159,55.543,31.228,13.408
11.36250,337.538,287.926,244.279,151.820,102.210,55.645,31.260,13.438
11.36667,337.617,287.938,244.293,151.783,102.146,55.648,31.253,13.465
11.37083,337.668,287.955,244.348,151.820,102.200,55.686,31.286,13.466
11.37500,337.684,288.040,244.306,151.795,102.189,55.599,31.288,13.375
11.37917,337.664,288.076,244.374,151.823,102.175,55.637,31.291,13.414
11.38333,337.702,288.095,244.361,151.870,102.274,55.692,31.299,13.446
11.38750,337.784,288.075,244.397,151.894,102.308,55.598,31.249,13.440
11.39167,337.827,288.188,244.405,151.858,102.255,55.659,31.264,13.425
11.39583,337.843,288.193,244.414,151.883,102.287,55.558,31.288,13.421
11.40000,337.845,288.205,244.551,151.906,102.332,55.634,31.333,13.399
11.40417,337.914,288.235,244.505,151.994,102.314,55.694,31.267,13.457
11.40833,338.001,288.215,244.541,152.011,102.315,55.702,31.350,13.423
11.41250,337.983,288.267,244.592,151.955,102.340,55.656,31.250,13.479
11.41667,338.071,288.341,244.618,151.996,102.288,55.693,31.282,13.449
11.42083,338.060,288.309,244.609,152.001,102.390,55.675,31.298,13.434
11.42500,338.129,288.426,244.662,152.061,102.358,55.682,31.293,13.420
11.42917,338.041,288.386,244.651,152.001,102.446,55.758,31.285,13.456
11.43333,338.171,288.462,244.724,152.067,102.453,55.701,31.264,13.374
11.43750,338.169,288.501,244.732,152.108,102.389,55.741,31.345,13.469
11.44167,338.309,288.543,244.752,152.125,102.371,55.694,31.301,13.387
11.44583,338.233,288.455,244.767,152.135,102.389,55.736,31.303,13.509
11.45000,338.237,288.488,244.853,152.110,102.386,55.788,31.365,13.419
11.45417,338.312,288.559,244.863,152.126,102.403,55.772,31.243,13.432
11.45833,338.350,288.588,244.830,152.145,102.417,55.753,31.364,13.449
11.46250,338.435,288.560,244.836,152.139,102.481,55.753,31.315,13.428
11.46667,338.423,288.694,244.890,152.188,102.462,55.835,31.376,13.423
11.47083,338.413,288.691,244.950,152.203,102.432,55.733,31.340,13.514
11.47500,338.522,288.744,244.870,152.186,102.484,55.723,31.362,13.564
11.47917,338.581,288.745,244.972,152.214,102.460,55.847,31.341,13.508
11.48333,338.534,288.755,244.945,152.265,102.534,55.813,31.373,13.477
11.48750,338.656,288.851,244.972,152.238,102.538,55.786,31.337,13.450
11.49167,338.620,288.855,245.048,152.283,102.533,55.789,31.311,13.459
11.49583,338.575,288.899,245.020,152.272,102.597,55.801,31.371,13.436
11.50000,338.702,288.836,245.092,152.242,102.546,55.793,31.390,13.465
11.50417,338.722,288.878,245.097,152.363,102.527,55.804,31.308,13.499
11.50833,338.770,288.988,245.122,152.343,102.524,55.834,31.347,13.468
11.51250,338.816,288.992,245.173,152.311,102.593,55.860,31.318,13.470
11.51667,338.820,288.999,245.186,152.348,102.628,55.832,31.401,13.455
11.52083,338.858,289.003,245.172,152.398,102.586,55.845,31.331,13.504
11.52500,338.883,289.053,245.199,152.374,102.592,55.835,31.271,13.479
11.52917,338.867,289.064,245.249,152.384,102.595,55.879,31.329,13.428
11.53333,338.966,289.118,245.272,152.411,102.639,55.881,31.403,13.445
11.53750,338.897,289.073,245.252,152.464,102.641,55.860,31.420,13.466
11.54167,338.976,289.132,245.320,152.450,102.636,55.733,31.392,13.534
11.54583,339.008,289.143,245.339,152.471,102.622,55.826,31.394,13.515
11.55000,339.065,289.205,245.379,152.488,102.617,55.848,31.321,13.495
11.55417,339.087,289.192,245.418,152.488,102.705,55.832,31.389,13.525
11.55833,339.076,289.242,245.433,152.508,102.746,55.860,31.407,13.481
11.56250,339.181,289.320,245.383,152.530,102.680,55.866,31.453,13.491
11.56667,339.160,289.317,245.389,152.521,102.689,55.944,31.334,13.530
11.57083,339.170,289.326,245.472,152.538,102.726,55.928,31.380,13.511
11.57500,339.230,289.332,245.437,152.667,102.776,55.900,31.360,13.484
11.57917,339.269,289.343,245.468,152.609,102.700,55.918,31.389,13.499
11.58333,339.252,289.374,245.416,152.571,102.703,55.864,31.396,13.504
11.58750,339.303,289.423,245.570,152.557,102.801,55.921,31.442,13.530
11.59167,339.325,289.464,245.531,152.611,102.797,55.876,31.412,13.489
11.59583,339.365,289.451,245.552,152.606,102.818,55.938,31.405,13.468
11.60000,339.384,289.477,245.568,152.648,102.755,55.917,31.375,13.496
11.60417,339.417,289.491,245.584,152.633,102.705,56.015,31.417,13.505
11.60833,339.424,289.540,245.654,152.638,102.823,55.945,31.421,13.479
11.61250,339.456,289.613,245.639,152.667,102.789,55.999,31.400,13.493
11.61667,339.515,289.605,245.737,152.627,102.751,55.967,31.410,13.472
11.62083,339.524,289.679,245.657,152.748,102.838,55.935,31.446,13.562
11.62500,339.544,289.695,245.779,152.684,102.783,55.952,31.509,13.477
11.62917,339.589,289.626,245.624,152.704,102.799,55.949,31.433,13.506
11.63333,339.615,289.717,245.738,152.727,102.844,55.957,31.491,13.459
11.63750,339.646,289.714,245.784,152.750,102.857,55.946,31.477,13.473
11.64167,339.690,289.687,245.858,152.791,102.888,55.971,31.431,13.501
11.64583,339.734,289.806,245.809,152.717,102.850,56.011,31.406,13.543
11.65000,339.762,289.834,245.808,152.794,102.900,56.040,31.465,13.493
11.65417,339.760,289.798,245.894,152.780,102.832,55.970,31.392,13.500
11.65833,339.802,289.842,245.905,152.787,102.927,56.015,31.422,13.523
11.66250,339.760,289.848,245.911,152.811,102.950,55.972,31.451,13.509
11.66667,339.819,289.901,245.919,152.795,102.955,55.978,31.472,13.519
11.67083,339.900,289.953,245.921,152.852,102.935,55.977,31.465,13.519
11.67500,339.829,289.879,246.003,152.865,102.870,56.012,31.492,13.523
11.67917,339.930,289.897,245.984,152.870,102.986,56.008,31.438,13.491
11.68333,339.897,289.977,246.006,152.871,102.952,56.034,31.456,13.502
11.68750,339.927,290.078,246.037,152.899,102.907,56.048,31.483,13.560
11.69167,340.016,290.039,246.008,152.867,102.933,56.067,31.490,13.545
11.69583,339.984,290.055,246.087,152.910,102.968,56.061,31.468,13.560
11.70000,340.065,290.065,246.106,152.946,103.020,56.058,31.459,13.535
11.70417,340.107,290.154,246.051,152.896,102.929,56.015,31.546,13.607
11.70833,340.134,290.120,246.122,152.949,102.972,56.081,31.458,13.526
11.71250,340.115,290.131,246.099,152.965,102.986,56.034,31.478,13.572
11.71667,340.080,290.108,246.203,153.007,102.947,56.069,31.478,13.535
11.72083,340.235,290.177,246.143,152.991,102.968,56.076,31.500,13.539
11.72500,340.173,290.202,246.220,153.033,103.001,56.047,31.454,13.543
11.72917,340.270,290.197,246.247,152.956,103.006,56.030,31.485,13.503
11.73333,340.268,290.249,246.221,152.937,103.081,56.092,31.484,13.561
11.73750,340.292,290.245,246.206,153.022,103.066,56.053,31.515,13.534
11.74167,340.359,290.276,246.290,153.001,103.025,56.078,31.506,13.519
11.74583,340.355,290.314,246.271,153.031,103.074,56.045,31.472,13.567
11.75000,340.432,290.315,246.403,153.073,103.030,56.062,31.481,13.534
11.75417,340.384,290.331,246.344,153.038,103.119,56.113,31.524,13.564
11.75833,340.419,290.397,246.348,153.045,103.080,56.169,31.520,13.526
11.76250,340.449,290.439,246.379,153.175,103.114,56.153,31.501,13.550
11.76667,340.466,290.392,246.317,153.117,103.152,56.111,31.545,13.578
11.77083,340.524,290.440,246.373,153.124,103.125,56.069,31.524,13.525
11.77500,340.486,290.453,246.411,153.187,103.103,56.132,31.469,13.608
11.77917,340.540,290.517,246.436,153.145,103.057,56.140,31.473,13.646
11.78333,340.533,290.523,246.394,153.199,103.129,56.106,31.511,13.553
11.78750,340.586,290.455,246.463,153.148,103.037,56.130,31.475,13.535
11.79167,340.610,290.533,246.503,153.211,103.084,56.146,31.481,13.597
11.79583,340.615,290.568,246.426,153.205,103.118,56.135,31.566,13.534
11.80000,340.650,290.568,246.576,153.238,103.135,56.103,31.508,13.535
11.80417,340.624,290.630,246.537,153.244,103.143,56.210,31.561,13.529
11.80833,340.701,290.657,246.589,153.204,103.162,56.222,31.558,13.552
11.81250,340.678,290.706,246.580,153.291,103.239,56.152,31.481,13.566
11.81667,340.763,290.691,246.601,153.237,103.134,56.177,31.525,13.552
11.82083,340.744,290.742,246.622,153.291,103.140,56.190,31.528,13.540
11.82500,340.805,290.668,246.616,153.225,103.204,56.163,31.527,13.512
11.82917,340.902,290.694,246.610,153.202,103.204,56.169,31.551,13.571
11.83333,340.888,290.736,246.651,153.234,103.249,56.196,31.638,13.585
11.83750,340.860,290.783,246.688,153.308,103.209,56.193,31.564,13.591
11.84167,340.858,290.838,246.749,153.335,103.247,56.227,31.540,13.518
11.84583,340.834,290.852,246.690,153.255,103.220,56.174,31.538,13.539
11.85000,340.970,290.802,246.644,153.313,103.214,56.223,31.552,13.568
11.85417,340.921,290.849,246.771,153.308,103.254,56.157,31.562,13.577
11.85833,341.014,290.887,246.770,153.310,103.170,56.200,31.537,13.553
11.86250,341.003,290.847,246.736,153.360,103.250,56.182,31.546,13.613
11.86667,341.070,290.934,246.793,153.382,103.229,56.220,31.580,13.565
11.87083,340.993,290.898,246.759,153.368,103.270,56.165,31.567,13.533
11.87500,340.966,290.973,246.791,153.359,103.275,56.248,31.593,13.591
11.87917,341.061,290.986,246.845,153.366,103.244,56.221,31.571,13.578
11.88333,341.068,290.946,246.842,153.391,103.244,56.182,31.606,13.565
11.88750,341.160,291.031,246.804,153.491,103.277,56.278,31.569,13.572
11.89167,341.242,291.016,246.854,153.390,103.323,56.240,31.557,13.584
11.89583,341.205,291.038,246.880,153.421,103.317,56.231,31.573,13.565
11.90000,341.153,291.017,246.885,153.405,103.334,56.229,31.638,13.593
11.90417,341.300,291.051,246.936,153.415,103.379,56.247,31.597,13.593
11.90833,341.228,291.096,247.040,153.443,103.359,56.212,31.604,13.624
11.91250,341.265,290.986,246.935,153.510,103.348,56.194,31.576,13.564
11.91667,341.232,291.057,247.023,153.516,103.362,56.328,31.559,13.583
11.92083,341.353,291.098,246.972,153.520,103.363,56.325,31.629,13.624
11.92500,341.307,291.158,247.053,153.483,103.349,56.248,31.599,13.563
11.92917,341.354,291.122,246.985,153.498,103.433,56.240,31.554,13.552
11.93333,341.357,291.204,247.048,153.488,103.360,56.259,31.611,13.611
11.93750,341.360,291.250,247.041,153.462,103.372,56.270,31.635,13.552
11.94167,341.407,291.218,247.062,153.551,103.323,56.261,31.596,13.561
11.94583,341.424,291.285,247.008,153.550,103.415,56.268,31.625,13.637
11.95000,341.397,291.242,247.040,153.602,103.325,56.282,31.580,13.534
11.95417,341.448,291.318,247.089,153.560,103.443,56.296,31.587,13.590
11.95833,341.492,291.352,247.141,153.557,103.385,56.314,31.594,13.621
11.96250,341.533,291.350,247.073,153.600,103.427,56.279,31.614,13.610
11.96667,341.460,291.329,247.141,153.593,103.421,56.312,31.577,13.547
11.97083,341.589,291.334,247.111,153.540,103.405,56.313,31.613,13.651
11.97500,341.572,291.372,247.184,153.600,103.400,56.300,31.620,13.612
11.97917,341.570,291.443,247.131,153.618,103.482,56.264,31.690,13.579
11.98333,341.629,291.403,247.200,153.639,103.408,56.307,31.608,13.579
11.98750,341.622,291.387,247.278,153.599,103.408,56.247,31.633,13.578
11.99167,341.672,291.473,247.276,153.624,103.401,56.324,31.635,13.598
11.99583,341.666,291.434,247.319,153.683,103.428,56.300,31.633,13.628
12.00000,341.662,291.435,247.244,153.704,103.434,56.361,31.603,13.563
