time_min,A246_mAU,A254_mAU,A261_mAU,A273_mAU,A290_mAU,A324_mAU,A350_mAU,A445_mAU
0.00000,31.582,26.589,21.873,14.698,10.080,4.354,3.707,1.634
0.00417,31.637,26.551,21.903,14.730,10.169,4.421,3.773,1.637
0.00833,31.630,26.613,21.938,14.749,10.180,4.392,3.723,1.684
0.01250,31.677,26.662,21.985,14.731,10.105,4.346,3.691,1.697
0.01667,31.627,26.648,21.923,14.722,10.184,4.361,3.774,1.618
0.02083,31.733,26.684,21.983,14.754,10.140,4.320,3.766,1.619
0.02500,31.692,26.760,22.032,14.785,10.149,4.379,3.709,1.696
0.02917,31.764,26.758,22.042,14.751,10.227,4.386,3.710,1.696
0.03333,31.813,26.781,22.036,14.840,10.159,4.520,3.715,1.708
0.03750,31.845,26.751,22.109,14.792,10.190,4.368,3.734,1.640
0.04167,31.793,26.774,22.119,14.795,10.169,4.447,3.775,1.656
0.04583,31.962,26.850,22.112,14.879,10.173,4.340,3.781,1.651
0.05000,31.949,26.832,22.164,14.827,10.232,4.456,3.753,1.661
0.05417,31.903,26.873,22.165,14.803,10.242,4.438,3.808,1.703
0.05833,32.002,26.911,22.195,14.897,10.277,4.411,3.775,1.632
0.06250,31.944,27.016,22.255,14.958,10.281,4.433,3.800,1.677
0.06667,32.098,26.957,22.136,14.915,10.240,4.396,3.759,1.733
0.07083,32.052,27.032,22.214,14.956,10.263,4.430,3.817,1.667
0.07500,32.075,26.993,22.241,14.943,10.299,4.454,3.757,1.674
0.07917,32.117,27.064,22.305,14.927,10.257,4.445,3.811,1.688
0.08333,32.181,27.042,22.332,14.916,10.374,4.503,3.827,1.649
0.08750,32.152,27.069,22.276,14.993,10.291,4.516,3.819,1.655
0.09167,32.270,27.098,22.328,14.939,10.260,4.432,3.849,1.756
0.09583,32.250,27.098,22.374,14.967,10.353,4.492,3.798,1.762
0.10000,32.237,27.189,22.371,15.002,10.346,4.530,3.891,1.676
0.10417,32.295,27.218,22.407,15.073,10.376,4.451,3.770,1.725
0.10833,32.249,27.279,22.451,15.024,10.290,4.472,3.788,1.718
0.11250,32.322,27.239,22.474,15.111,10.409,4.484,3.795,1.614
0.11667,32.382,27.256,22.466,15.069,10.397,4.476,3.762,1.747
0.12083,32.464,27.311,22.519,15.062,10.356,4.541,3.815,1.663
0.12500,32.422,27.374,22.543,15.153,10.371,4.487,3.854,1.702
0.12917,32.522,27.326,22.567,15.083,10.357,4.567,3.825,1.673
0.13333,32.483,27.400,22.638,15.131,10.367,4.478,3.771,1.693
0.13750,32.546,27.400,22.557,15.111,10.350,4.489,3.781,1.730
0.14167,32.595,27.365,22.640,15.147,10.414,4.538,3.851,1.688
0.14583,32.549,27.482,22.604,15.191,10.447,4.550,3.842,1.701
0.15000,32.663,27.489,22.667,15.242,10.442,4.561,3.812,1.645
0.15417,32.663,27.489,22.718,15.200,10.455,4.566,3.834,1.792
0.15833,32.666,27.578,22.713,15.217,10.503,4.554,3.827,1.703
0.16250,32.681,27.606,22.699,15.283,10.489,4.551,3.850,1.711
0.16667,32.697,27.604,22.779,15.254,10.492,4.550,3.906,1.740
0.17083,32.844,27.611,22.807,15.260,10.506,4.596,3.869,1.710
0.17500,32.838,27.613,22.801,15.293,10.485,4.565,3.901,1.748
0.17917,32.800,27.672,22.791,15.239,10.542,4.580,3.752,1.778
0.18333,32.910,27.756,22.844,15.296,10.534,4.537,3.875,1.720
0.18750,32.985,27.731,22.841,15.346,10.554,4.598,3.837,1.747
0.19167,32.925,27.759,22.853,15.335,10.502,4.603,3.844,1.677
0.19583,32.905,27.776,22.902,15.330,10.521,4.613,3.848,1.742
0.20000,33.031,27.833,22.910,15.388,10.552,4.573,3.881,1.780
0.20417,33.022,27.807,22.986,15.357,10.450,4.642,3.868,1.781
0.20833,33.111,27.817,22.980,15.381,10.577,4.595,3.958,1.713
0.21250,33.117,27.859,23.015,15.351,10.597,4.642,3.947,1.745
0.21667,33.157,27.870,23.037,15.383,10.546,4.628,3.914,1.777
0.22083,33.144,27.995,23.059,15.386,10.602,4.603,3.932,1.747
0.22500,33.195,27.987,23.079,15.449,10.652,4.563,3.937,1.660
0.22917,33.221,27.973,23.077,15.463,10.583,4.621,3.897,1.712
0.23333,33.214,28.010,23.052,15.473,10.650,4.702,3.879,1.747
0.23750,33.358,28.101,23.068,15.526,10.654,4.669,3.857,1.773
0.24167,33.346,28.146,23.101,15.435,10.732,4.698,3.926,1.825
0.24583,33.400,28.128,23.121,15.525,10.690,4.637,3.903,1.699
0.25000,33.428,28.078,23.208,15.571,10.719,4.688,3.962,1.753
0.25417,33.457,28.196,23.204,15.568,10.676,4.637,3.864,1.741
0.25833,33.471,28.205,23.308,15.601,10.666,4.625,3.869,1.725
0.26250,33.510,28.208,23.288,15.619,10.736,4.627,3.916,1.760
0.26667,33.455,28.205,23.329,15.622,10.726,4.704,3.913,1.680
0.27083,33.572,28.265,23.346,15.584,10.641,4.680,3.928,1.829
0.27500,33.649,28.272,23.393,15.648,10.751,4.731,3.976,1.782
0.27917,33.618,28.378,23.411,15.608,10.712,4.686,3.983,1.714
0.28333,33.645,28.406,23.335,15.616,10.744,4.699,3.977,1.771
0.28750,33.708,28.366,23.442,15.688,10.686,4.687,3.930,1.715
0.29167,33.675,28.369,23.454,15.713,10.733,4.737,3.906,1.746
0.29583,33.778,28.423,23.486,15.719,10.769,4.742,3.955,1.675
0.30000,33.779,28.568,23.462,15.765,10.754,4.704,3.987,1.721
0.30417,33.794,28.493,23.520,15.710,10.794,4.740,4.024,1.714
0.30833,33.851,28.573,23.526,15.742,10.875,4.774,3.917,1.814
0.31250,33.849,28.514,23.537,15.749,10.775,4.751,3.905,1.706
0.31667,33.925,28.524,23.580,15.789,10.790,4.741,3.990,1.798
0.32083,33.982,28.615,23.595,15.791,10.787,4.818,3.934,1.752
0.32500,33.910,28.711,23.585,15.821,10.813,4.781,3.998,1.733
0.32917,33.978,28.656,23.735,15.840,10.910,4.725,4.015,1.757
0.33333,34.084,28.694,23.643,15.897,10.919,4.826,3.960,1.779
0.33750,34.068,28.756,23.697,15.834,10.860,4.791,3.945,1.736
0.34167,34.076,28.795,23.728,15.878,10.868,4.756,3.951,1.814
0.34583,34.192,28.809,23.745,15.861,10.877,4.789,3.994,1.765
0.35000,34.256,28.825,23.785,15.923,10.911,4.776,3.979,1.802
0.35417,34.212,28.774,23.736,15.941,10.937,4.763,3.960,1.738
0.35833,34.177,28.887,23.866,15.840,10.900,4.795,4.004,1.806
0.36250,34.318,28.893,23.907,15.958,10.977,4.901,3.969,1.767
0.36667,34.329,28.984,23.941,15.928,10.914,4.819,4.047,1.751
0.37083,34.412,28.987,23.885,15.997,10.950,4.868,4.025,1.747
0.37500,34.370,29.047,23.887,15.932,10.944,4.851,4.032,1.826
0.37917,34.375,29.003,24.004,15.930,10.985,4.819,4.037,1.801
0.38333,34.472,29.044,23.989,15.977,10.914,4.855,3.986,1.799
0.38750,34.497,29.118,23.959,16.040,10.999,4.891,4.026,1.837
0.39167,34.559,29.089,24.063,16.069,10.994,4.821,4.075,1.712
0.39583,34.598,29.162,24.049,16.049,10.968,4.865,3.982,1.784
0.40000,34.572,29.128,24.025,16.062,11.055,4.771,4.020,1.691
0.40417,34.578,29.188,24.116,16.095,10.980,4.897,3.955,1.801
0.40833,34.713,29.270,24.136,16.065,11.036,4.897,4.081,1.752
0.41250,34.665,29.275,24.190,16.154,11.105,4.852,4.025,1.759
0.41667,34.749,29.284,24.197,16.186,11.101,4.953,4.099,1.782
0.42083,34.797,29.340,24.226,16.078,11.111,4.965,4.077,1.823
0.42500,34.833,29.377,24.252,16.145,11.053,4.956,4.044,1.824
0.42917,34.912,29.358,24.245,16.216,11.154,4.857,4.036,1.764
0.43333,34.870,29.368,24.266,16.175,11.112,4.860,4.035,1.721
0.43750,34.912,29.511,24.373,16.299,11.114,4.898,4.085,1.756
0.44167,35.071,29.458,24.350,16.304,11.104,4.884,4.078,1.851
0.44583,35.002,29.475,24.370,16.271,11.164,4.943,3.998,1.812
0.45000,34.995,29.502,24.324,16.291,11.138,4.952,4.088,1.838
0.45417,35.106,29.552,24.475,16.326,11.217,4.899,4.013,1.866
0.45833,35.137,29.566,24.506,16.271,11.189,4.909,4.055,1.815
0.46250,35.151,29.691,24.441,16.299,11.155,4.888,4.088,1.796
0.46667,35.180,29.705,24.525,16.366,11.210,4.908,4.065,1.820
0.47083,35.324,29.735,24.578,16.338,11.279,5.001,4.025,1.833
0.47500,35.274,29.736,24.540,16.386,11.228,4.948,4.060,1.825
0.47917,35.275,29.808,24.547,16.382,11.193,4.917,4.049,1.811
0.48333,35.361,29.814,24.559,16.424,11.221,5.017,4.134,1.886
0.48750,35.387,29.779,24.611,16.492,11.199,5.006,4.094,1.866
0.49167,35.496,29.900,24.657,16.457,11.234,4.950,4.084,1.798
0.49583,35.452,29.863,24.608,16.402,11.273,4.964,4.090,1.791
0.50000,35.452,29.919,24.733,16.369,11.340,5.003,4.088,1.863
0.50417,35.619,29.981,24.762,16.447,11.347,5.010,4.139,1.866
0.50833,35.567,30.074,24.786,16.464,11.317,5.048,4.102,1.838
0.51250,35.580,30.014,24.788,16.516,11.341,5.018,4.140,1.778
0.51667,35.630,29.988,24.809,16.598,11.323,5.042,4.090,1.868
0.52083,35.695,30.122,24.889,16.573,11.315,5.050,4.102,1.799
0.52500,35.706,30.128,24.876,16.574,11.355,5.079,4.088,1.822
0.52917,35.798,30.175,24.934,16.589,11.429,5.033,4.110,1.847
0.53333,35.765,30.234,24.899,16.588,11.419,5.015,4.033,1.810
0.53750,35.831,30.224,24.925,16.538,11.396,5.109,4.163,1.805
0.54167,35.859,30.270,25.002,16.646,11.439,5.083,4.094,1.878
0.54583,35.912,30.209,25.020,16.670,11.454,5.027,4.119,1.850
0.55000,35.923,30.323,25.015,16.652,11.415,5.003,4.097,1.844
0.55417,35.995,30.321,25.071,16.721,11.445,5.111,4.136,1.905
0.55833,36.047,30.431,25.086,16.739,11.477,5.113,4.147,1.791
0.56250,36.059,30.380,25.100,16.744,11.499,5.068,4.155,1.850
0.56667,36.143,30.439,25.152,16.789,11.464,5.064,4.201,1.874
0.57083,36.160,30.519,25.175,16.794,11.541,5.042,4.133,1.851
0.57500,36.184,30.538,25.178,16.758,11.516,5.132,4.137,1.867
0.57917,36.262,30.574,25.263,16.831,11.523,5.126,4.184,1.889
0.58333,36.234,30.576,25.245,16.785,11.568,5.168,4.126,1.850
0.58750,36.335,30.608,25.324,16.792,11.546,5.141,4.187,1.845
0.59167,36.354,30.640,25.291,16.821,11.536,5.125,4.174,1.883
0.59583,36.345,30.670,25.311,16.843,11.566,5.097,4.120,1.865
0.60000,36.441,30.669,25.373,16.873,11.543,5.130,4.178,1.822
0.60417,36.485,30.766,25.416,16.920,11.534,5.229,4.174,1.842
0.60833,36.444,30.777,25.430,17.000,11.570,5.194,4.133,1.828
0.61250,36.530,30.851,25.490,16.902,11.597,5.142,4.175,1.863
0.61667,36.536,30.859,25.467,17.001,11.586,5.202,4.155,1.872
0.62083,36.572,30.935,25.553,16.983,11.568,5.202,4.192,1.899
0.62500,36.664,30.870,25.555,17.021,11.678,5.207,4.174,1.908
0.62917,36.677,31.003,25.625,16.952,11.660,5.211,4.208,1.897
0.63333,36.697,31.018,25.624,17.048,11.643,5.214,4.233,1.841
0.63750,36.723,31.061,25.655,17.045,11.694,5.237,4.269,1.917
0.64167,36.819,31.022,25.689,17.083,11.644,5.249,4.297,1.876
0.64583,36.903,31.022,25.673,17.125,11.699,5.210,4.215,1.966
0.65000,36.830,31.160,25.747,17.051,11.736,5.156,4.223,1.878
0.65417,36.899,31.149,25.802,17.171,11.714,5.233,4.272,1.794
0.65833,37.004,31.190,25.782,17.135,11.724,5.248,4.276,1.908
0.66250,37.099,31.233,25.845,17.096,11.792,5.274,4.238,1.917
0.66667,37.051,31.324,25.903,17.144,11.707,5.310,4.256,1.950
0.67083,37.110,31.302,25.909,17.181,11.761,5.238,4.282,1.867
0.67500,37.153,31.273,25.898,17.215,11.752,5.269,4.189,1.851
0.67917,37.188,31.373,25.973,17.169,11.764,5.315,4.235,1.923
0.68333,37.237,31.466,26.039,17.309,11.809,5.312,4.181,1.890
0.68750,37.225,31.452,26.002,17.261,11.887,5.295,4.266,1.937
0.69167,37.310,31.446,26.064,17.276,11.835,5.316,4.328,1.888
0.69583,37.259,31.555,26.065,17.304,11.859,5.298,4.275,1.902
0.70000,37.409,31.548,26.074,17.297,11.901,5.355,4.313,1.910
0.70417,37.412,31.564,26.129,17.379,11.823,5.363,4.244,1.853
0.70833,37.545,31.612,26.192,17.388,11.850,5.345,4.264,1.851
0.71250,37.488,31.665,26.148,17.442,11.840,5.366,4.290,1.870
0.71667,37.541,31.697,26.182,17.384,11.921,5.422,4.349,1.885
0.72083,37.620,31.755,26.244,17.408,11.939,5.348,4.249,1.886
0.72500,37.678,31.754,26.287,17.383,11.956,5.348,4.242,1.937
0.72917,37.650,31.800,26.331,17.445,11.907,5.356,4.249,1.850
0.73333,37.712,31.935,26.331,17.459,11.920,5.365,4.265,1.900
0.73750,37.795,31.820,26.371,17.517,11.969,5.331,4.295,1.982
0.74167,37.752,31.929,26.400,17.536,11.975,5.468,4.287,1.968
0.74583,37.876,31.909,26.430,17.558,11.967,5.354,4.289,1.944
0.75000,37.868,31.942,26.419,17.586,12.044,5.442,4.356,1.854
0.75417,37.964,32.046,26.442,17.559,11.970,5.450,4.358,1.918
0.75833,37.985,32.009,26.478,17.661,12.066,5.407,4.256,1.891
0.76250,37.923,32.170,26.517,17.663,12.101,5.448,4.334,1.962
0.76667,38.035,32.038,26.542,17.651,12.045,5.474,4.303,1.897
0.77083,38.083,32.203,26.593,17.614,12.103,5.386,4.338,1.944
0.77500,38.198,32.250,26.738,17.719,12.068,5.443,4.349,1.896
0.77917,38.191,32.293,26.662,17.719,12.041,5.394,4.351,1.904
0.78333,38.233,32.269,26.721,17.743,12.121,5.532,4.373,1.879
0.78750,38.332,32.397,26.702,17.749,12.106,5.454,4.364,1.971
0.79167,38.403,32.342,26.759,17.758,12.202,5.501,4.396,1.979
0.79583,38.398,32.377,26.729,17.851,12.091,5.486,4.306,1.934
0.80000,38.434,32.412,26.793,17.772,12.197,5.481,4.320,1.939
0.80417,38.479,32.447,26.869,17.822,12.123,5.545,4.343,1.928
0.80833,38.500,32.573,26.885,17.893,12.173,5.495,4.465,1.953
0.81250,38.567,32.528,26.940,17.789,12.191,5.485,4.378,1.987
0.81667,38.584,32.574,26.992,17.911,12.193,5.516,4.381,1.979
0.82083,38.643,32.633,27.050,17.940,12.249,5.491,4.369,1.901
0.82500,38.663,32.622,26.998,17.870,12.241,5.550,4.456,1.915
0.82917,38.805,32.794,27.087,17.955,12.220,5.604,4.401,2.040
0.83333,38.757,32.779,27.063,17.877,12.227,5.521,4.445,1.981
0.83750,38.783,32.825,27.114,17.944,12.338,5.556,4.406,1.957
0.84167,38.885,32.902,27.097,18.002,12.237,5.488,4.436,1.964
0.84583,38.872,32.840,27.148,17.972,12.381,5.582,4.364,1.952
0.85000,38.963,32.877,27.267,18.003,12.348,5.622,4.440,1.922
0.85417,39.014,32.876,27.251,18.082,12.378,5.577,4.446,1.961
0.85833,39.076,32.923,27.238,18.124,12.362,5.604,4.362,1.935
0.86250,39.133,32.978,27.315,18.061,12.321,5.627,4.380,1.952
0.86667,39.147,33.050,27.333,18.078,12.379,5.665,4.460,2.003
0.87083,39.160,33.076,27.382,18.128,12.354,5.602,4.424,1.968
0.87500,39.314,33.190,27.392,18.137,12.449,5.602,4.436,1.960
0.87917,39.286,33.178,27.441,18.195,12.458,5.571,4.426,1.955
0.88333,39.314,33.217,27.471,18.213,12.464,5.625,4.465,1.993
0.88750,39.415,33.247,27.486,18.243,12.440,5.653,4.483,2.006
0.89167,39.373,33.323,27.479,18.224,12.391,5.677,4.424,1.951
0.89583,39.463,33.337,27.591,18.242,12.509,5.684,4.494,1.966
0.90000,39.487,33.334,27.629,18.291,12.529,5.697,4.466,2.077
0.90417,39.579,33.388,27.649,18.403,12.546,5.667,4.477,1.986
0.90833,39.629,33.511,27.634,18.332,12.526,5.682,4.507,2.051
0.91250,39.648,33.532,27.679,18.294,12.554,5.694,4.543,2.009
0.91667,39.749,33.511,27.731,18.428,12.557,5.760,4.483,1.983
0.92083,39.780,33.599,27.758,18.382,12.559,5.695,4.503,1.998
0.92500,39.850,33.637,27.783,18.480,12.607,5.830,4.496,2.016
0.92917,39.843,33.605,27.894,18.405,12.651,5.809,4.469,2.017
0.93333,39.906,33.724,27.933,18.491,12.710,5.805,4.497,2.004
0.93750,39.974,33.784,27.929,18.421,12.573,5.759,4.578,1.987
0.94167,39.955,33.809,27.983,18.455,12.628,5.757,4.539,2.020
0.94583,40.073,33.834,27.987,18.531,12.670,5.763,4.437,2.061
0.95000,40.102,33.881,28.043,18.607,12.663,5.708,4.492,2.043
0.95417,40.104,33.917,28.018,18.597,12.638,5.790,4.480,2.008
0.95833,40.178,33.943,28.106,18.576,12.747,5.795,4.484,1.951
0.96250,40.221,34.007,28.089,18.620,12.700,5.823,4.554,2.093
0.96667,40.304,34.060,28.187,18.588,12.722,5.735,4.567,1.985
0.97083,40.350,34.151,28.178,18.651,12.785,5.787,4.493,2.041
0.97500,40.354,34.096,28.208,18.673,12.758,5.810,4.558,2.050
0.97917,40.445,34.142,28.245,18.735,12.827,5.807,4.500,2.039
0.98333,40.521,34.277,28.314,18.728,12.779,5.789,4.553,2.042
0.98750,40.543,34.234,28.348,18.765,12.851,5.769,4.532,2.006
0.99167,40.557,34.301,28.415,18.718,12.837,5.878,4.530,2.020
0.99583,40.641,34.328,28.458,18.827,12.836,5.882,4.558,2.030
1.00000,40.758,34.336,28.462,18.786,12.833,5.857,4.542,2.007
1.00417,40.706,34.435,28.468,18.782,12.877,5.916,4.555,2.038
1.00833,40.783,34.488,28.472,18.801,12.886,5.864,4.599,1.944
1.01250,40.826,34.487,28.569,18.890,12.943,5.841,4.600,1.989
1.01667,40.834,34.615,28.610,18.891,12.902,5.882,4.585,2.079
1.02083,40.957,34.548,28.697,18.890,12.846,5.867,4.617,2.007
1.02500,40.978,34.648,28.733,19.017,12.941,5.903,4.551,2.118
1.02917,41.124,34.663,28.666,19.001,12.952,5.906,4.539,2.077
1.03333,41.145,34.725,28.731,19.041,12.964,5.969,4.598,2.085
1.03750,41.208,34.729,28.793,18.976,12.983,5.956,4.588,2.036
1.04167,41.230,34.877,28.869,19.067,13.002,5.900,4.635,2.025
1.04583,41.264,34.937,28.847,19.063,13.040,5.915,4.596,2.035
1.05000,41.318,34.933,28.908,19.115,13.038,5.967,4.651,2.007
1.05417,41.421,34.917,28.981,19.045,13.022,5.972,4.611,2.098
1.05833,41.354,35.024,28.965,19.079,13.044,5.906,4.591,2.021
1.06250,41.502,35.057,29.027,19.160,13.132,6.000,4.691,2.080
1.06667,41.477,35.148,29.024,19.150,13.117,5.960,4.625,2.088
1.07083,41.573,35.206,29.083,19.204,13.082,6.009,4.654,2.035
1.07500,41.652,35.227,29.154,19.205,13.106,6.031,4.674,2.063
1.07917,41.728,35.251,29.156,19.237,13.055,6.046,4.683,2.095
1.08333,41.730,35.331,29.226,19.271,13.184,6.022,4.696,2.071
1.08750,41.787,35.331,29.291,19.310,13.162,6.071,4.695,2.073
1.09167,41.894,35.424,29.359,19.347,13.139,6.024,4.698,2.054
1.09583,41.998,35.454,29.414,19.370,13.162,5.980,4.718,2.094
1.10000,42.030,35.519,29.419,19.418,13.206,6.087,4.673,2.064
1.10417,42.109,35.578,29.448,19.371,13.245,6.106,4.682,2.077
1.10833,42.142,35.622,29.525,19.428,13.193,6.052,4.678,2.094
1.11250,42.227,35.697,29.539,19.418,13.270,6.106,4.683,2.080
1.11667,42.249,35.778,29.585,19.456,13.190,6.084,4.646,2.066
1.12083,42.434,35.866,29.637,19.481,13.318,6.097,4.657,2.077
1.12500,42.395,35.846,29.658,19.537,13.255,6.171,4.735,2.137
1.12917,42.567,35.947,29.745,19.489,13.313,6.169,4.746,2.170
1.13333,42.577,36.069,29.734,19.493,13.305,6.089,4.748,2.127
1.13750,42.675,36.104,29.783,19.586,13.314,6.108,4.709,2.055
1.14167,42.665,36.143,29.926,19.660,13.360,6.152,4.771,2.110
1.14583,42.791,36.216,29.908,19.632,13.382,6.133,4.740,2.083
1.15000,42.924,36.256,30.034,19.681,13.397,6.133,4.746,2.127
1.15417,42.955,36.323,30.062,19.685,13.448,6.185,4.684,2.088
1.15833,43.079,36.401,30.140,19.738,13.494,6.103,4.731,2.155
1.16250,43.193,36.553,30.193,19.698,13.481,6.187,4.787,2.102
1.16667,43.194,36.529,30.213,19.868,13.491,6.254,4.767,2.089
1.17083,43.389,36.657,30.304,19.804,13.446,6.158,4.761,2.088
1.17500,43.448,36.822,30.333,19.790,13.504,6.219,4.815,2.100
1.17917,43.491,36.727,30.392,19.907,13.536,6.277,4.765,2.144
1.18333,43.585,36.926,30.526,19.938,13.569,6.291,4.756,2.095
1.18750,43.662,37.011,30.545,19.869,13.536,6.247,4.747,2.115
1.19167,43.881,37.087,30.632,19.920,13.606,6.233,4.779,2.099
1.19583,43.920,37.146,30.723,19.955,13.576,6.257,4.767,2.106
1.20000,44.009,37.330,30.837,19.994,13.629,6.308,4.756,2.150
1.20417,44.141,37.390,30.875,20.015,13.605,6.264,4.853,2.053
1.20833,44.276,37.507,30.982,20.114,13.613,6.275,4.823,2.120
1.21250,44.323,37.638,30.994,20.023,13.669,6.248,4.797,2.174
1.21667,44.497,37.723,31.192,20.120,13.652,6.336,4.814,2.167
1.22083,44.664,37.821,31.168,20.139,13.654,6.390,4.837,2.131
1.22500,44.779,38.008,31.335,20.202,13.705,6.390,4.857,2.127
1.22917,44.976,38.152,31.464,20.207,13.724,6.372,4.818,2.117
1.23333,45.143,38.189,31.580,20.228,13.801,6.330,4.818,2.158
1.23750,45.256,38.402,31.571,20.264,13.671,6.407,4.815,2.182
1.24167,45.469,38.516,31.754,20.252,13.722,6.335,4.818,2.096
1.24583,45.616,38.753,31.852,20.378,13.759,6.428,4.855,2.167
1.25000,45.760,38.857,31.979,20.353,13.823,6.381,4.892,2.211
1.25417,45.941,39.041,32.130,20.474,13.794,6.391,4.834,2.205
1.25833,46.127,39.254,32.200,20.443,13.847,6.388,4.864,2.215
1.26250,46.411,39.408,32.385,20.465,13.855,6.384,4.873,2.204
1.26667,46.565,39.646,32.499,20.502,13.956,6.403,4.912,2.152
1.27083,46.859,39.810,32.738,20.552,13.903,6.518,4.904,2.125
1.27500,47.096,39.941,32.806,20.597,13.928,6.445,4.919,2.166
1.27917,47.320,40.212,33.037,20.644,13.962,6.466,4.857,2.136
1.28333,47.558,40.397,33.099,20.644,13.960,6.494,4.926,2.189
1.28750,47.833,40.695,33.358,20.711,13.945,6.545,4.900,2.178
1.29167,48.094,40.947,33.483,20.771,14.044,6.509,4.901,2.166
1.29583,48.444,41.155,33.707,20.824,14.013,6.527,4.864,2.184
1.30000,48.775,41.484,33.919,20.840,14.074,6.505,4.927,2.264
1.30417,49.033,41.744,34.083,20.880,14.124,6.500,4.932,2.159
1.30833,49.394,42.042,34.360,20.968,14.098,6.504,4.924,2.205
1.31250,49.739,42.293,34.565,20.962,14.069,6.564,4.921,2.197
1.31667,50.081,42.682,34.815,21.056,14.119,6.528,4.966,2.187
1.32083,50.536,43.039,35.112,21.125,14.097,6.578,4.932,2.226
1.32500,50.898,43.364,35.359,21.195,14.185,6.606,4.929,2.201
1.32917,51.343,43.830,35.599,21.264,14.236,6.560,4.952,2.206
1.33333,51.814,44.181,35.917,21.267,14.241,6.573,4.913,2.201
1.33750,52.242,44.754,36.169,21.287,14.190,6.602,4.955,2.157
1.34167,52.789,45.063,36.556,21.438,14.191,6.653,4.996,2.267
1.34583,53.202,45.536,36.884,21.438,14.285,6.640,5.030,2.211
1.35000,53.810,46.011,37.192,21.479,14.338,6.673,4.994,2.237
1.35417,54.379,46.467,37.568,21.610,14.301,6.663,4.945,2.146
1.35833,54.978,47.033,37.968,21.600,14.380,6.652,4.989,2.225
1.36250,55.591,47.579,38.355,21.663,14.317,6.626,4.986,2.184
1.36667,56.270,48.199,38.819,21.775,14.370,6.654,5.004,2.221
1.37083,56.902,48.811,39.182,21.871,14.418,6.676,5.020,2.162
1.37500,57.552,49.407,39.610,21.889,14.470,6.733,5.029,2.163
1.37917,58.372,50.109,40.153,22.061,14.460,6.707,5.065,2.260
1.38333,59.097,50.814,40.626,22.026,14.518,6.699,5.037,2.205
1.38750,59.908,51.471,41.097,22.132,14.567,6.819,5.026,2.277
1.39167,60.697,52.315,41.697,22.227,14.549,6.693,4.975,2.231
1.39583,61.609,52.983,42.324,22.287,14.593,6.792,5.065,2.239
1.40000,62.564,53.912,42.877,22.429,14.597,6.788,5.031,2.212
1.40417,63.500,54.715,43.461,22.503,14.690,6.756,5.041,2.208
1.40833,64.464,55.671,44.182,22.579,14.653,6.809,5.083,2.250
1.41250,65.551,56.650,44.848,22.741,14.703,6.807,5.095,2.255
1.41667,66.631,57.606,45.494,22.802,14.662,6.791,5.083,2.251
1.42083,67.754,58.675,46.275,22.920,14.816,6.864,5.113,2.302
1.42500,69.026,59.722,47.045,22.998,14.773,6.890,5.130,2.283
1.42917,70.248,60.830,47.908,23.103,14.791,6.895,5.115,2.214
1.43333,71.540,62.031,48.672,23.286,14.847,6.888,5.079,2.212
1.43750,72.851,63.200,49.547,23.450,14.889,6.865,5.142,2.284
1.44167,74.258,64.454,50.470,23.585,14.939,6.940,5.111,2.311
1.44583,75.696,65.791,51.401,23.735,15.015,6.935,5.069,2.256
1.45000,77.268,67.203,52.371,23.817,15.000,6.965,5.145,2.318
1.45417,78.808,68.667,53.398,23.945,15.044,6.958,5.142,2.230
1.45833,80.481,70.118,54.484,24.045,15.111,6.981,5.134,2.321
1.46250,82.258,71.622,55.543,24.259,15.115,6.965,5.170,2.275
1.46667,84.022,73.270,56.696,24.449,15.192,7.011,5.109,2.314
1.47083,85.871,75.011,57.872,24.539,15.230,6.978,5.202,2.296
1.47500,87.829,76.686,59.164,24.738,15.208,7.067,5.193,2.346
1.47917,89.837,78.544,60.446,24.926,15.319,6.998,5.215,2.301
1.48333,91.844,80.407,61.782,25.069,15.381,7.081,5.211,2.311
1.48750,94.048,82.329,63.227,25.300,15.372,7.076,5.250,2.304
1.49167,96.345,84.352,64.641,25.499,15.463,7.087,5.205,2.259
1.49583,98.662,86.482,66.134,25.697,15.481,7.107,5.175,2.325
1.50000,101.034,88.736,67.687,25.912,15.472,7.130,5.252,2.280
1.50417,103.581,90.948,69.260,26.054,15.555,7.217,5.223,2.341
1.50833,106.156,93.348,70.986,26.356,15.632,7.175,5.256,2.288
1.51250,108.846,95.741,72.705,26.530,15.668,7.224,5.275,2.286
1.51667,111.599,98.310,74.490,26.721,15.734,7.195,5.247,2.318
1.52083,114.519,100.847,76.311,26.960,15.791,7.230,5.244,2.322
1.52500,117.431,103.533,78.206,27.242,15.865,7.277,5.287,2.340
1.52917,120.558,106.320,80.231,27.457,15.856,7.315,5.250,2.364
1.53333,123.753,109.221,82.273,27.786,15.905,7.301,5.287,2.309
1.53750,127.067,112.218,84.352,28.086,16.025,7.299,5.285,2.328
1.54167,130.464,115.317,86.642,28.377,16.031,7.324,5.299,2.330
1.54583,134.008,118.545,88.821,28.556,16.168,7.343,5.280,2.364
1.55000,137.662,121.834,91.249,28.838,16.217,7.373,5.338,2.330
1.55417,141.355,125.197,93.636,29.234,16.269,7.341,5.295,2.385
1.55833,145.246,128.742,96.096,29.562,16.302,7.484,5.423,2.329
1.56250,149.342,132.325,98.688,29.887,16.372,7.377,5.414,2.331
1.56667,153.356,136.035,101.316,30.241,16.485,7.509,5.368,2.374
1.57083,157.584,139.867,104.079,30.560,16.534,7.476,5.364,2.333
1.57500,162.064,143.789,106.874,30.893,16.594,7.515,5.398,2.350
1.57917,166.552,147.985,109.768,31.329,16.686,7.567,5.350,2.324
1.58333,171.098,152.123,112.749,31.635,16.732,7.517,5.398,2.423
1.58750,175.879,156.496,115.818,32.046,16.753,7.613,5.418,2.373
1.59167,180.802,160.878,118.972,32.437,16.880,7.633,5.452,2.411
1.59583,185.811,165.466,122.231,32.869,16.956,7.599,5.374,2.359
1.60000,191.027,170.166,125.570,33.247,17.102,7.729,5.472,2.420
1.60417,196.373,174.970,128.948,33.631,17.116,7.666,5.483,2.408
1.60833,201.819,179.921,132.524,34.106,17.219,7.728,5.468,2.412
1.61250,207.462,185.067,136.134,34.616,17.319,7.755,5.513,2.336
1.61667,213.178,190.205,139.859,35.041,17.433,7.791,5.532,2.311
1.62083,219.099,195.572,143.588,35.510,17.474,7.740,5.515,2.331
1.62500,225.138,201.023,147.473,35.947,17.652,7.895,5.503,2.376
1.62917,231.332,206.594,151.520,36.442,17.678,7.880,5.570,2.383
1.63333,237.716,212.423,155.578,37.008,17.796,7.943,5.545,2.385
1.63750,244.198,218.347,159.813,37.504,17.902,7.895,5.563,2.365
1.64167,250.775,224.294,163.997,38.056,17.935,7.956,5.647,2.476
1.64583,257.598,230.463,168.419,38.595,18.112,7.981,5.581,2.396
1.65000,264.616,236.788,172.912,39.116,18.234,8.000,5.588,2.365
1.65417,271.674,243.149,177.548,39.760,18.198,8.099,5.599,2.401
1.65833,278.953,249.764,182.183,40.362,18.287,8.174,5.631,2.368
1.66250,286.322,256.525,186.946,40.887,18.498,8.034,5.616,2.403
1.66667,293.935,263.347,191.820,41.462,18.619,8.201,5.680,2.384
1.67083,301.651,270.337,196.856,42.071,18.730,8.206,5.660,2.318
1.67500,309.515,277.512,201.847,42.725,18.881,8.259,5.718,2.395
1.67917,317.470,284.709,207.087,43.391,18.936,8.251,5.750,2.383
1.68333,325.638,292.167,212.365,44.001,19.090,8.273,5.779,2.393
1.68750,333.969,299.715,217.742,44.699,19.204,8.288,5.744,2.438
1.69167,342.390,307.334,223.172,45.456,19.245,8.399,5.717,2.506
1.69583,350.999,315.190,228.782,45.975,19.417,8.394,5.746,2.425
1.70000,359.719,323.096,234.503,46.747,19.615,8.405,5.741,2.397
1.70417,368.598,331.121,240.209,47.434,19.737,8.530,5.797,2.472
1.70833,377.677,339.407,246.049,48.144,19.871,8.525,5.775,2.425
1.71250,386.856,347.684,252.022,48.922,20.003,8.538,5.808,2.403
1.71667,396.100,356.129,258.003,49.616,20.129,8.602,5.844,2.455
1.72083,405.568,364.714,264.079,50.356,20.250,8.684,5.866,2.447
1.72500,415.109,373.396,270.349,51.107,20.414,8.635,5.874,2.437
1.72917,424.821,382.163,276.623,51.854,20.499,8.768,5.876,2.454
1.73333,434.593,391.151,283.071,52.694,20.630,8.751,5.871,2.452
1.73750,444.509,400.146,289.478,53.563,20.778,8.747,5.933,2.416
1.74167,454.601,409.306,296.059,54.286,20.927,8.885,5.893,2.461
1.74583,464.663,418.547,302.610,55.080,21.099,8.851,5.915,2.483
1.75000,475.043,427.813,309.244,55.949,21.211,8.881,5.976,2.465
1.75417,485.387,437.276,316.101,56.793,21.441,9.016,5.979,2.460
1.75833,495.857,446.816,322.891,57.629,21.552,9.053,6.059,2.478
1.76250,506.467,456.356,329.848,58.443,21.658,9.068,6.035,2.440
1.76667,517.098,466.096,336.759,59.309,21.912,9.126,6.032,2.419
1.77083,527.743,475.878,343.820,60.183,22.054,9.103,6.072,2.505
1.77500,538.573,485.731,350.852,60.990,22.194,9.237,6.050,2.468
1.77917,549.525,495.720,357.962,61.918,22.315,9.268,6.153,2.470
1.78333,560.436,505.646,365.183,62.805,22.469,9.291,6.106,2.554
1.78750,571.452,515.757,372.481,63.686,22.604,9.359,6.164,2.520
1.79167,582.451,525.811,379.708,64.609,22.779,9.408,6.161,2.504
1.79583,593.639,535.992,387.037,65.498,22.982,9.434,6.188,2.491
1.80000,604.782,546.239,394.326,66.417,23.201,9.474,6.177,2.465
1.80417,616.019,556.367,401.788,67.329,23.279,9.569,6.233,2.488
1.80833,627.212,566.600,409.175,68.246,23.557,9.531,6.227,2.516
1.81250,638.422,576.905,416.665,69.141,23.591,9.694,6.274,2.470
1.81667,649.705,587.270,424.140,70.075,23.760,9.708,6.272,2.513
1.82083,660.946,597.488,431.603,70.985,24.006,9.661,6.283,2.491
1.82500,672.216,607.876,439.109,71.974,24.139,9.814,6.319,2.548
1.82917,683.502,618.173,446.620,72.848,24.341,9.885,6.322,2.542
1.83333,694.664,628.568,454.068,73.828,24.411,9.845,6.340,2.524
1.83750,705.924,638.870,461.572,74.776,24.583,9.949,6.294,2.512
1.84167,717.122,649.056,469.069,75.685,24.790,10.037,6.388,2.515
1.84583,728.309,659.313,476.553,76.676,25.054,10.019,6.356,2.501
1.85000,739.391,669.530,484.036,77.592,25.097,10.044,6.401,2.536
1.85417,750.420,679.648,491.423,78.506,25.314,10.125,6.419,2.501
1.85833,761.430,689.771,498.863,79.430,25.505,10.210,6.477,2.536
1.86250,772.363,699.805,506.179,80.379,25.630,10.209,6.443,2.514
1.86667,783.207,709.845,513.517,81.249,25.725,10.254,6.530,2.542
1.87083,793.885,719.772,520.885,82.188,25.859,10.319,6.441,2.596
1.87500,804.592,729.537,528.123,83.111,26.075,10.423,6.524,2.567
1.87917,815.158,739.401,535.332,84.030,26.241,10.408,6.599,2.593
1.88333,825.641,749.097,542.415,84.967,26.423,10.470,6.509,2.546
1.88750,836.076,758.739,549.571,85.810,26.607,10.514,6.541,2.552
1.89167,846.300,768.222,556.625,86.763,26.794,10.566,6.595,2.505
1.89583,856.515,777.561,563.626,87.680,26.968,10.657,6.674,2.610
1.90000,866.722,786.965,570.693,88.669,27.150,10.629,6.635,2.607
1.90417,876.654,796.229,577.554,89.682,27.321,10.710,6.511,2.536
1.90833,886.719,805.456,584.629,90.790,27.551,10.764,6.664,2.572
1.91250,896.725,814.682,591.715,91.867,27.832,10.774,6.707,2.575
1.91667,906.795,823.922,598.947,93.131,28.162,10.877,6.680,2.587
1.92083,917.092,833.256,606.390,94.703,28.509,10.952,6.766,2.570
1.92500,927.715,842.819,614.264,96.498,29.004,11.096,6.797,2.644
1.92917,938.750,852.690,622.505,98.780,29.650,11.184,6.862,2.612
1.93333,950.506,863.006,631.618,101.603,30.365,11.241,6.876,2.672
1.93750,963.086,874.025,641.713,105.037,31.407,11.575,6.948,2.643
1.94167,976.920,885.723,652.945,109.645,32.795,11.748,7.000,2.691
1.94583,992.260,898.623,665.860,115.148,34.491,12.116,7.141,2.691
1.95000,1009.292,912.710,680.576,122.082,36.575,12.424,7.312,2.714
1.95417,1028.500,928.360,697.488,130.769,39.284,12.890,7.409,2.673
1.95833,1049.850,945.713,716.800,141.052,42.482,13.477,7.628,2.766
1.96250,1073.691,964.775,738.822,153.396,46.403,14.154,7.813,2.796
1.96667,1099.843,985.846,763.659,167.784,51.013,14.882,8.070,2.857
1.97083,1128.450,1008.641,791.263,184.138,56.272,15.834,8.473,2.964
1.97500,1158.915,1033.107,821.292,202.640,62.115,16.804,8.735,2.994
1.97917,1190.894,1058.884,853.452,222.806,68.601,17.903,9.150,3.075
1.98333,1223.659,1085.630,887.141,244.554,75.503,19.080,9.508,3.150
1.98750,1256.441,1112.564,921.661,267.071,82.775,20.319,9.977,3.254
1.99167,1288.325,1139.227,956.016,289.964,90.161,21.585,10.375,3.322
1.99583,1318.451,1164.951,989.408,312.512,97.473,22.793,10.747,3.353
2.00000,1345.987,1188.988,1020.636,333.837,104.353,23.948,11.109,3.480
2.00417,1370.365,1210.541,1048.864,353.456,110.719,25.125,11.456,3.516
2.00833,1391.012,1229.301,1073.267,370.405,116.202,26.059,11.822,3.652
2.01250,1407.612,1244.712,1093.242,384.317,120.683,26.737,12.108,3.655
2.01667,1420.088,1256.611,1108.200,394.454,124.010,27.286,12.247,3.734
2.02083,1428.202,1264.664,1117.917,400.636,126.093,27.602,12.375,3.746
2.02500,1432.280,1268.961,1122.347,402.714,126.647,27.843,12.346,3.707
2.02917,1432.162,1269.428,1121.511,400.806,126.019,27.715,12.461,3.757
2.03333,1428.279,1266.452,1115.669,394.860,124.074,27.402,12.302,3.699
2.03750,1420.816,1260.159,1105.307,385.529,120.894,26.940,12.148,3.700
2.04167,1410.072,1251.077,1090.840,373.143,116.801,26.179,11.823,3.658
2.04583,1396.444,1239.498,1073.045,358.244,111.931,25.370,11.633,3.600
2.05000,1380.498,1225.944,1052.474,341.580,106.456,24.555,11.315,3.536
2.05417,1362.526,1210.904,1029.905,323.737,100.645,23.549,11.029,3.427
2.05833,1343.154,1194.907,1006.248,305.196,94.540,22.525,10.701,3.427
2.06250,1322.956,1178.409,981.914,286.499,88.440,21.485,10.418,3.362
2.06667,1302.467,1161.907,957.764,268.224,82.445,20.535,10.034,3.278
2.07083,1282.185,1145.646,934.209,250.679,76.788,19.590,9.741,3.240
2.07500,1262.429,1129.994,911.794,234.171,71.415,18.661,9.373,3.141
2.07917,1243.459,1115.223,890.638,218.907,66.506,17.931,9.171,3.128
2.08333,1225.738,1101.292,871.142,204.909,61.956,17.135,8.982,3.152
2.08750,1209.289,1088.499,853.155,192.275,57.958,16.518,8.688,3.026
2.09167,1194.033,1076.732,836.883,180.922,54.288,15.880,8.446,2.935
2.09583,1180.137,1065.904,822.317,170.991,51.019,15.338,8.355,2.933
2.10000,1167.579,1056.153,809.176,162.180,48.238,14.893,8.191,2.939
2.10417,1156.165,1047.240,797.409,154.560,45.802,14.455,8.066,2.915
2.10833,1145.709,1039.113,786.878,147.893,43.702,14.108,7.980,2.857
2.11250,1136.299,1031.680,777.605,142.110,41.805,13.832,7.868,2.882
2.11667,1127.679,1024.699,769.059,137.150,40.337,13.567,7.744,2.861
2.12083,1119.667,1018.249,761.549,132.807,38.904,13.378,7.728,2.795
2.12500,1112.332,1012.332,754.609,129.103,37.773,13.185,7.585,2.805
2.12917,1105.457,1006.529,748.203,125.921,36.754,13.027,7.626,2.866
2.13333,1098.932,1001.085,742.335,123.104,35.991,12.909,7.564,2.872
2.13750,1092.751,995.669,736.876,120.622,35.218,12.798,7.492,2.802
2.14167,1086.709,990.536,731.681,118.612,34.666,12.678,7.433,2.824
2.14583,1080.849,985.378,726.682,116.767,34.069,12.552,7.471,2.763
2.15000,1075.066,980.303,721.960,115.055,33.663,12.561,7.404,2.820
2.15417,1069.391,975.260,717.332,113.588,33.194,12.472,7.417,2.801
2.15833,1063.690,970.135,712.815,112.421,32.871,12.450,7.448,2.763
2.16250,1058.127,964.967,708.424,111.296,32.696,12.434,7.379,2.786
2.16667,1052.456,959.833,704.156,110.286,32.455,12.327,7.358,2.791
2.17083,1046.962,954.674,700.027,109.580,32.304,12.309,7.399,2.824
2.17500,1041.511,949.559,695.878,108.958,32.174,12.298,7.431,2.798
2.17917,1036.183,944.381,692.036,108.562,32.145,12.275,7.385,2.780
2.18333,1031.035,939.414,688.492,108.430,32.228,12.356,7.411,2.759
2.18750,1026.069,934.557,685.242,108.628,32.344,12.355,7.411,2.802
2.19167,1021.620,929.973,682.524,109.212,32.673,12.461,7.485,2.837
2.19583,1017.908,925.807,680.337,110.283,33.123,12.500,7.480,2.814
2.20000,1014.694,922.233,678.971,111.933,33.855,12.558,7.534,2.869
2.20417,1012.546,919.134,678.619,114.408,34.625,12.679,7.553,2.903
2.20833,1011.545,916.993,679.475,117.680,35.916,12.979,7.598,2.861
2.21250,1011.901,915.845,681.817,122.059,37.395,13.244,7.719,2.925
2.21667,1013.799,915.695,685.584,127.562,39.210,13.522,7.770,2.907
2.22083,1017.500,916.854,691.172,134.220,41.570,13.882,8.012,2.909
2.22500,1022.950,919.253,698.567,142.204,44.233,14.321,8.079,2.990
2.22917,1030.284,923.074,707.840,151.524,47.354,14.828,8.243,3.024
2.23333,1039.358,928.168,718.842,162.107,50.957,15.456,8.429,3.046
2.23750,1049.902,934.305,731.400,173.896,54.814,16.146,8.663,3.121
2.24167,1061.569,941.308,745.174,186.443,59.001,16.805,8.915,3.086
2.24583,1074.143,949.032,759.888,199.690,63.477,17.636,9.183,3.214
2.25000,1086.830,956.962,774.893,213.256,67.964,18.278,9.451,3.262
2.25417,1099.248,964.626,789.714,226.735,72.537,19.076,9.651,3.350
2.25833,1110.701,971.742,803.724,239.608,76.767,19.858,9.929,3.344
2.26250,1120.560,977.654,816.293,251.569,80.767,20.474,10.145,3.466
2.26667,1128.339,982.191,826.956,262.046,84.267,21.066,10.352,3.558
2.27083,1133.455,984.852,835.206,270.790,87.232,21.505,10.502,3.527
2.27500,1135.631,985.563,840.834,277.586,89.515,21.911,10.568,3.551
2.27917,1134.598,984.049,843.844,282.061,90.896,22.140,10.749,3.585
2.28333,1130.482,980.617,844.209,284.430,91.694,22.172,10.791,3.619
2.28750,1122.978,975.191,842.379,284.718,91.658,22.183,10.820,3.682
2.29167,1112.579,968.525,839.023,283.199,90.866,22.069,10.790,3.583
2.29583,1099.564,960.973,834.904,280.209,89.589,21.773,10.629,3.603
2.30000,1084.513,953.386,831.102,276.406,87.734,21.524,10.528,3.577
2.30417,1068.246,946.587,828.922,272.084,85.629,21.040,10.447,3.635
2.30833,1051.246,941.513,829.518,268.153,83.253,20.552,10.251,3.555
2.31250,1034.526,939.196,834.535,265.237,80.983,20.136,10.094,3.505
2.31667,1018.904,940.530,844.993,263.762,78.871,19.678,9.926,3.506
2.32083,1005.103,946.389,862.194,264.403,77.097,19.193,9.808,3.504
2.32500,993.770,957.271,886.598,267.723,75.786,18.802,9.716,3.553
2.32917,985.477,973.727,918.918,273.898,74.809,18.478,9.653,3.596
2.33333,980.444,995.501,958.760,283.107,74.585,18.231,9.532,3.618
2.33750,978.750,1022.388,1005.295,295.342,74.971,18.053,9.614,3.645
2.34167,980.274,1053.575,1057.347,310.306,75.868,17.994,9.536,3.698
2.34583,984.680,1087.850,1112.836,327.703,77.344,17.892,9.642,3.806
2.35000,991.199,1123.833,1169.441,346.806,79.135,18.018,9.665,3.825
2.35417,999.127,1160.013,1224.932,366.810,81.384,18.064,9.716,3.920
2.35833,1007.581,1194.751,1276.620,386.842,83.802,18.148,9.803,3.980
2.36250,1015.568,1226.351,1322.709,406.033,86.033,18.352,9.910,4.050
2.36667,1022.363,1253.709,1361.758,423.435,88.105,18.398,9.885,4.162
2.37083,1026.880,1275.687,1392.827,438.140,89.968,18.456,10.034,4.205
2.37500,1028.501,1291.429,1415.623,449.477,91.231,18.586,10.006,4.206
2.37917,1026.474,1300.394,1429.795,457.014,92.079,18.605,10.071,4.278
2.38333,1020.578,1302.270,1435.634,460.094,92.126,18.634,10.074,4.320
2.38750,1010.397,1296.812,1433.031,458.618,91.608,18.363,10.027,4.321
2.39167,995.930,1283.917,1422.037,452.752,90.353,18.263,9.908,4.238
2.39583,977.324,1263.757,1402.605,442.608,88.397,18.001,9.827,4.252
2.40000,954.800,1236.541,1374.331,428.537,85.870,17.734,9.743,4.211
2.40417,928.868,1202.534,1337.547,411.139,82.864,17.387,9.632,4.146
2.40833,900.061,1162.532,1292.270,391.093,79.456,17.071,9.521,4.100
2.41250,869.023,1117.425,1239.515,368.911,75.672,16.603,9.330,4.018
2.41667,836.345,1068.282,1180.137,345.442,71.743,16.167,9.157,3.938
2.42083,802.888,1016.370,1115.751,321.256,67.764,15.732,8.984,3.879
2.42500,769.254,962.854,1048.185,297.049,63.741,15.335,8.865,3.810
2.42917,735.906,909.014,979.057,273.329,59.837,14.896,8.621,3.678
2.43333,703.502,856.080,910.339,250.440,56.034,14.462,8.516,3.602
2.43750,672.229,804.765,843.446,228.790,52.563,14.103,8.365,3.559
2.44167,642.682,755.904,779.552,208.539,49.254,13.740,8.124,3.480
2.44583,614.637,710.050,719.515,190.019,46.246,13.450,8.061,3.486
2.45000,588.528,667.319,663.857,173.068,43.487,13.156,7.969,3.407
2.45417,564.258,628.074,612.776,157.819,40.976,12.863,7.888,3.386
2.45833,541.847,592.094,566.539,144.211,38.910,12.609,7.768,3.354
2.46250,521.120,559.496,524.789,132.050,36.872,12.506,7.731,3.303
2.46667,502.048,529.906,487.465,121.368,35.209,12.276,7.603,3.193
2.47083,484.557,503.279,454.178,111.985,33.738,12.112,7.650,3.192
2.47500,468.368,479.125,424.422,103.688,32.385,11.966,7.546,3.222
2.47917,453.461,457.461,398.168,96.510,31.164,11.790,7.521,3.152
2.48333,439.594,437.725,374.776,90.277,30.239,11.698,7.528,3.158
2.48750,426.739,420.062,354.046,84.836,29.336,11.585,7.429,3.140
2.49167,414.801,403.906,335.625,80.068,28.604,11.560,7.396,3.127
2.49583,403.593,389.227,319.154,75.925,27.991,11.480,7.371,3.162
2.50000,393.202,375.870,304.475,72.305,27.345,11.415,7.272,3.171
2.50417,383.296,363.544,291.400,69.125,26.913,11.363,7.349,3.175
2.50833,373.972,352.168,279.506,66.356,26.469,11.266,7.331,3.124
2.51250,365.168,341.797,268.870,63.935,26.123,11.262,7.307,3.129
2.51667,356.734,332.034,259.100,61.757,25.855,11.207,7.287,3.140
2.52083,348.717,322.932,250.272,59.877,25.494,11.237,7.298,3.145
2.52500,341.008,314.447,242.234,58.179,25.260,11.210,7.261,3.083
2.52917,333.724,306.479,234.753,56.747,25.105,11.180,7.281,3.063
2.53333,326.683,298.797,227.963,55.306,24.871,11.217,7.370,3.141
2.53750,319.825,291.742,221.623,54.241,24.770,11.134,7.343,3.126
2.54167,313.201,284.886,215.746,53.208,24.527,11.154,7.249,3.102
2.54583,306.884,278.432,210.091,52.124,24.433,11.101,7.302,3.112
2.55000,300.691,272.183,204.964,51.333,24.266,11.122,7.266,3.141
2.55417,294.726,266.328,200.047,50.511,24.168,11.118,7.281,3.171
2.55833,288.963,260.527,195.344,49.794,24.081,11.115,7.310,3.126
2.56250,283.326,255.111,190.944,49.071,24.026,11.104,7.250,3.176
2.56667,277.899,249.793,186.853,48.523,23.864,11.098,7.300,3.168
2.57083,272.499,244.614,182.848,47.945,23.937,11.100,7.248,3.159
2.57500,267.317,239.711,179.068,47.382,23.719,11.150,7.248,3.174
2.57917,262.296,234.913,175.371,46.946,23.761,11.129,7.346,3.186
2.58333,257.388,230.352,171.874,46.451,23.683,11.164,7.277,3.189
2.58750,252.662,225.866,168.535,46.062,23.647,11.110,7.345,3.211
2.59167,247.973,221.476,165.271,45.594,23.627,11.119,7.340,3.206
2.59583,243.379,217.213,162.162,45.227,23.551,11.053,7.280,3.197
2.60000,238.874,213.130,159.041,44.912,23.542,11.063,7.293,3.150
2.60417,234.654,209.142,156.140,44.556,23.532,11.038,7.278,3.145
2.60833,230.372,205.173,153.323,44.200,23.475,11.123,7.294,3.205
2.61250,226.226,201.385,150.507,43.830,23.463,11.092,7.339,3.175
2.61667,222.187,197.656,147.836,43.573,23.378,11.104,7.383,3.210
2.62083,218.266,194.073,145.207,43.308,23.490,11.132,7.336,3.156
2.62500,214.434,190.527,142.721,42.991,23.336,11.114,7.285,3.164
2.62917,210.705,187.198,140.213,42.749,23.355,11.083,7.344,3.210
2.63333,207.082,183.794,137.906,42.465,23.341,11.059,7.371,3.166
2.63750,203.529,180.573,135.595,42.240,23.330,11.170,7.409,3.166
2.64167,200.133,177.413,133.324,41.966,23.301,11.129,7.356,3.178
2.64583,196.700,174.320,131.112,41.725,23.315,11.103,7.402,3.232
2.65000,193.491,171.348,128.961,41.598,23.354,11.193,7.335,3.178
2.65417,190.220,168.385,126.886,41.371,23.233,11.170,7.398,3.265
2.65833,187.084,165.490,124.853,41.083,23.238,11.190,7.420,3.252
2.66250,184.069,162.804,122.871,40.977,23.308,11.178,7.340,3.184
2.66667,181.133,160.062,121.001,40.771,23.250,11.182,7.444,3.272
2.67083,178.187,157.479,119.199,40.566,23.352,11.165,7.457,3.209
2.67500,175.425,154.819,117.324,40.402,23.288,11.185,7.420,3.256
2.67917,172.603,152.379,115.609,40.172,23.196,11.168,7.432,3.209
2.68333,169.948,149.893,113.767,40.046,23.123,11.204,7.422,3.185
2.68750,167.384,147.556,112.146,39.908,23.265,11.249,7.410,3.237
2.69167,164.786,145.209,110.538,39.708,23.242,11.214,7.357,3.282
2.69583,162.319,143.100,108.875,39.605,23.181,11.226,7.473,3.286
2.70000,159.948,140.877,107.336,39.450,23.222,11.203,7.455,3.217
2.70417,157.576,138.710,105.877,39.318,23.204,11.249,7.492,3.295
2.70833,155.323,136.643,104.431,39.230,23.187,11.302,7.430,3.223
2.71250,153.075,134.700,103.066,39.023,23.213,11.255,7.449,3.355
2.71667,150.943,132.693,101.666,38.930,23.262,11.313,7.502,3.289
2.72083,148.879,130.806,100.399,38.853,23.209,11.345,7.468,3.321
2.72500,146.826,128.946,99.002,38.684,23.230,11.353,7.465,3.240
2.72917,144.869,127.108,97.747,38.648,23.261,11.348,7.501,3.256
2.73333,142.961,125.335,96.562,38.480,23.345,11.353,7.466,3.345
2.73750,141.096,123.628,95.365,38.383,23.241,11.388,7.556,3.298
2.74167,139.230,121.989,94.167,38.273,23.244,11.295,7.545,3.388
2.74583,137.502,120.466,93.079,38.228,23.350,11.361,7.536,3.313
2.75000,135.735,118.866,91.970,38.044,23.332,11.389,7.490,3.286
2.75417,134.132,117.370,90.915,38.030,23.320,11.396,7.544,3.368
2.75833,132.473,115.863,89.854,37.887,23.303,11.356,7.606,3.353
2.76250,130.876,114.449,88.858,37.824,23.332,11.460,7.570,3.278
2.76667,129.353,112.980,87.995,37.791,23.445,11.484,7.556,3.368
2.77083,127.916,111.707,86.895,37.667,23.349,11.491,7.611,3.371
2.77500,126.501,110.407,86.011,37.628,23.445,11.459,7.581,3.353
2.77917,125.109,109.119,85.177,37.498,23.358,11.429,7.586,3.323
2.78333,123.645,107.949,84.371,37.466,23.412,11.493,7.621,3.378
2.78750,122.422,106.658,83.495,37.394,23.389,11.552,7.558,3.351
2.79167,121.067,105.559,82.701,37.375,23.411,11.494,7.602,3.350
2.79583,119.874,104.406,81.896,37.375,23.392,11.543,7.675,3.381
2.80000,118.733,103.319,81.106,37.280,23.513,11.546,7.628,3.371
2.80417,117.530,102.273,80.387,37.252,23.552,11.577,7.668,3.440
2.80833,116.370,101.283,79.659,37.197,23.492,11.611,7.675,3.409
2.81250,115.239,100.233,79.022,37.109,23.643,11.610,7.730,3.429
2.81667,114.284,99.290,78.349,37.120,23.576,11.594,7.783,3.363
2.82083,113.211,98.337,77.636,37.069,23.568,11.620,7.669,3.367
2.82500,112.206,97.503,77.046,37.086,23.588,11.644,7.771,3.386
2.82917,111.228,96.545,76.443,37.039,23.622,11.668,7.700,3.370
2.83333,110.316,95.711,75.864,36.912,23.638,11.678,7.699,3.425
2.83750,109.442,94.874,75.282,36.919,23.628,11.667,7.766,3.504
2.84167,108.514,94.041,74.659,36.956,23.673,11.683,7.711,3.370
2.84583,107.700,93.287,74.183,36.919,23.774,11.674,7.730,3.489
2.85000,106.842,92.535,73.718,36.961,23.734,11.680,7.713,3.454
2.85417,106.144,91.818,73.135,36.867,23.750,11.758,7.787,3.450
2.85833,105.299,91.132,72.598,36.779,23.765,11.762,7.765,3.422
2.86250,104.643,90.467,72.201,36.798,23.861,11.760,7.799,3.467
2.86667,103.829,89.780,71.761,36.859,23.800,11.834,7.776,3.443
2.87083,103.203,89.222,71.330,36.805,23.850,11.779,7.803,3.459
2.87500,102.502,88.506,70.840,36.799,23.944,11.817,7.856,3.410
2.87917,101.866,87.943,70.541,36.877,23.908,11.803,7.828,3.442
2.88333,101.219,87.406,70.096,36.805,23.952,11.850,7.807,3.495
2.88750,100.651,86.873,69.749,36.791,24.001,11.893,7.837,3.499
2.89167,100.134,86.248,69.328,36.856,23.897,11.891,7.834,3.450
2.89583,99.466,85.758,68.983,36.832,24.015,11.927,7.858,3.518
2.90000,98.962,85.283,68.659,36.788,24.012,11.937,7.813,3.461
2.90417,98.408,84.775,68.325,36.840,24.053,11.962,7.905,3.494
2.90833,97.865,84.369,68.001,36.793,24.041,12.008,7.891,3.519
2.91250,97.405,83.908,67.745,36.766,24.046,11.992,7.874,3.473
2.91667,96.985,83.463,67.452,36.874,24.106,12.019,7.926,3.526
2.92083,96.509,83.023,67.175,36.860,24.184,12.019,7.814,3.466
2.92500,96.071,82.628,66.891,36.850,24.168,12.048,7.943,3.493
2.92917,95.622,82.242,66.659,36.844,24.229,12.050,7.910,3.553
2.93333,95.254,81.849,66.375,36.923,24.246,12.088,7.927,3.538
2.93750,94.789,81.556,66.096,36.919,24.245,12.125,7.939,3.565
2.94167,94.450,81.160,65.898,36.959,24.291,12.109,7.967,3.576
2.94583,94.035,80.827,65.645,36.946,24.364,12.110,7.901,3.597
2.95000,93.730,80.534,65.441,36.912,24.347,12.101,7.965,3.556
2.95417,93.455,80.201,65.280,37.007,24.386,12.088,7.968,3.544
2.95833,93.088,79.905,65.062,36.942,24.370,12.201,7.921,3.576
2.96250,92.756,79.626,64.842,36.913,24.483,12.208,7.946,3.592
2.96667,92.426,79.347,64.684,36.999,24.428,12.183,8.092,3.491
2.97083,92.165,79.136,64.502,37.036,24.498,12.189,8.020,3.572
2.97500,91.903,78.895,64.351,37.019,24.586,12.255,8.030,3.574
2.97917,91.720,78.653,64.153,37.074,24.592,12.298,8.069,3.562
2.98333,91.433,78.405,64.048,37.101,24.591,12.256,8.082,3.584
2.98750,91.136,78.120,63.906,37.147,24.608,12.330,8.118,3.573
2.99167,90.866,77.987,63.786,37.189,24.610,12.367,8.070,3.642
2.99583,90.777,77.714,63.621,37.222,24.687,12.350,8.169,3.529
3.00000,90.535,77.500,63.504,37.219,24.701,12.356,8.113,3.594
3.00417,90.224,77.320,63.344,37.271,24.797,12.324,8.087,3.608
3.00833,90.094,77.201,63.242,37.243,24.747,12.423,8.133,3.582
3.01250,90.027,77.055,63.178,37.397,24.812,12.470,8.162,3.603
3.01667,89.725,76.843,63.041,37.345,24.860,12.464,8.124,3.695
3.02083,89.606,76.691,62.951,37.413,24.924,12.419,8.140,3.571
3.02500,89.539,76.505,62.832,37.386,24.839,12.474,8.178,3.627
3.02917,89.300,76.355,62.826,37.439,24.910,12.476,8.156,3.612
3.03333,89.185,76.334,62.702,37.514,24.952,12.555,8.195,3.625
3.03750,89.005,76.181,62.717,37.489,24.957,12.518,8.193,3.608
3.04167,88.896,76.033,62.538,37.580,25.090,12.587,8.262,3.619
3.04583,88.792,75.937,62.527,37.593,25.046,12.493,8.214,3.711
3.05000,88.695,75.834,62.444,37.655,25.070,12.629,8.244,3.676
3.05417,88.622,75.739,62.426,37.674,25.120,12.653,8.168,3.664
3.05833,88.552,75.642,62.381,37.705,25.143,12.594,8.241,3.644
3.06250,88.411,75.498,62.290,37.777,25.209,12.608,8.231,3.693
3.06667,88.312,75.474,62.270,37.763,25.239,12.648,8.252,3.666
3.07083,88.288,75.422,62.223,37.844,25.224,12.714,8.170,3.684
3.07500,88.146,75.336,62.158,37.785,25.359,12.732,8.234,3.714
3.07917,88.099,75.243,62.143,37.868,25.387,12.750,8.320,3.720
3.08333,88.045,75.162,62.124,37.938,25.365,12.735,8.259,3.686
3.08750,87.967,75.131,62.010,37.950,25.402,12.811,8.330,3.659
3.09167,87.943,75.120,62.073,37.964,25.411,12.799,8.381,3.724
3.09583,87.926,74.993,62.100,38.055,25.476,12.764,8.349,3.718
3.10000,87.847,74.973,62.093,38.190,25.504,12.848,8.316,3.653
3.10417,87.831,75.029,62.085,38.180,25.584,12.833,8.295,3.768
3.10833,87.807,74.908,61.974,38.237,25.568,12.884,8.315,3.677
3.11250,87.850,74.874,62.032,38.231,25.661,12.908,8.397,3.751
3.11667,87.757,74.880,62.051,38.252,25.619,12.904,8.407,3.686
3.12083,87.809,74.848,61.964,38.301,25.673,12.943,8.369,3.715
3.12500,87.714,74.748,62.008,38.408,25.720,12.918,8.498,3.728
3.12917,87.723,74.866,62.006,38.376,25.719,12.931,8.477,3.713
3.13333,87.722,74.777,62.041,38.442,25.783,12.990,8.426,3.681
3.13750,87.674,74.827,62.032,38.496,25.731,13.001,8.472,3.784
3.14167,87.707,74.802,62.057,38.501,25.876,13.064,8.490,3.768
3.14583,87.747,74.832,62.044,38.598,25.919,13.036,8.445,3.762
3.15000,87.780,74.801,62.038,38.640,25.916,13.056,8.490,3.808
3.15417,87.731,74.883,62.091,38.673,25.969,13.064,8.493,3.825
3.15833,87.774,74.845,62.150,38.768,25.986,13.085,8.480,3.821
3.16250,87.844,74.829,62.168,38.749,26.035,13.135,8.542,3.794
3.16667,87.817,74.766,62.218,38.861,26.065,13.107,8.552,3.828
3.17083,87.815,74.887,62.191,38.849,26.100,13.135,8.547,3.798
3.17500,87.900,74.848,62.251,38.901,26.149,13.165,8.577,3.805
3.17917,87.969,74.874,62.247,38.908,26.215,13.205,8.560,3.842
3.18333,87.995,74.951,62.315,38.994,26.231,13.279,8.563,3.761
3.18750,88.007,74.981,62.347,39.027,26.263,13.273,8.597,3.775
3.19167,88.021,75.089,62.377,39.066,26.290,13.249,8.576,3.844
3.19583,88.108,75.066,62.389,39.148,26.304,13.320,8.560,3.826
3.20000,88.196,75.045,62.408,39.197,26.379,13.354,8.621,3.861
3.20417,88.179,75.174,62.404,39.261,26.390,13.333,8.643,3.915
3.20833,88.207,75.179,62.486,39.346,26.390,13.306,8.683,3.914
3.21250,88.283,75.176,62.523,39.399,26.465,13.319,8.644,3.827
3.21667,88.353,75.275,62.663,39.405,26.518,13.382,8.649,3.883
3.22083,88.464,75.241,62.618,39.488,26.562,13.425,8.645,3.836
3.22500,88.453,75.333,62.721,39.543,26.537,13.405,8.696,3.860
3.22917,88.531,75.421,62.776,39.608,26.607,13.463,8.687,3.899
3.23333,88.580,75.438,62.823,39.595,26.640,13.470,8.718,3.879
3.23750,88.606,75.495,62.812,39.731,26.705,13.507,8.786,3.870
3.24167,88.742,75.591,62.920,39.719,26.720,13.499,8.691,3.904
3.24583,88.810,75.624,62.948,39.753,26.795,13.568,8.807,3.848
3.25000,88.891,75.570,63.013,39.854,26.824,13.519,8.758,3.941
3.25417,88.951,75.745,63.105,39.840,26.819,13.543,8.711,3.882
3.25833,89.020,75.755,63.173,39.963,26.878,13.605,8.799,3.868
3.26250,89.077,75.899,63.185,39.977,26.943,13.619,8.747,3.880
3.26667,89.145,75.894,63.301,40.058,26.979,13.606,8.854,3.967
3.27083,89.158,75.965,63.241,40.111,26.969,13.682,8.786,3.896
3.27500,89.322,76.006,63.359,40.188,27.006,13.672,8.798,3.899
3.27917,89.399,76.139,63.426,40.124,27.042,13.603,8.839,3.907
3.28333,89.487,76.225,63.460,40.254,27.136,13.706,8.833,3.888
3.28750,89.560,76.237,63.615,40.343,27.173,13.727,8.854,3.985
3.29167,89.639,76.278,63.611,40.369,27.207,13.766,8.869,3.875
3.29583,89.767,76.459,63.691,40.446,27.265,13.757,8.811,3.951
3.30000,89.827,76.441,63.778,40.467,27.278,13.770,8.864,3.917
3.30417,89.984,76.529,63.863,40.575,27.330,13.814,8.948,3.938
3.30833,89.975,76.521,63.886,40.611,27.354,13.876,9.002,3.958
3.31250,90.170,76.675,64.006,40.604,27.349,13.905,8.899,4.002
3.31667,90.189,76.857,64.086,40.737,27.398,13.909,8.939,3.997
3.32083,90.304,76.887,64.061,40.690,27.458,13.938,8.957,3.997
3.32500,90.427,76.962,64.202,40.826,27.494,13.920,8.985,3.993
3.32917,90.528,77.030,64.260,40.893,27.603,13.937,8.934,4.020
3.33333,90.607,77.163,64.313,40.960,27.574,13.974,9.059,3.997
3.33750,90.625,77.053,64.444,40.927,27.557,14.030,9.020,3.920
3.34167,90.761,77.284,64.529,41.044,27.651,13.991,9.034,4.052
3.34583,90.901,77.457,64.546,41.100,27.689,14.021,9.030,3.992
3.35000,90.995,77.493,64.625,41.135,27.744,14.029,9.029,3.990
3.35417,91.130,77.558,64.667,41.233,27.716,14.019,9.012,4.001
3.35833,91.158,77.573,64.791,41.236,27.813,14.062,9.000,4.029
3.36250,91.282,77.692,64.823,41.332,27.845,14.163,9.067,4.034
3.36667,91.440,77.849,64.994,41.378,27.828,14.160,9.004,4.021
3.37083,91.525,77.896,65.024,41.486,27.928,14.116,9.090,4.061
3.37500,91.648,78.000,65.104,41.526,27.948,14.164,9.097,4.082
3.37917,91.757,78.124,65.203,41.565,27.997,14.232,9.125,4.082
3.38333,91.853,78.172,65.273,41.585,28.006,14.267,9.129,4.057
3.38750,92.046,78.282,65.392,41.668,28.044,14.265,9.111,4.083
3.39167,92.055,78.339,65.401,41.716,28.161,14.274,9.193,4.097
3.39583,92.185,78.388,65.487,41.786,28.128,14.290,9.108,4.035
3.40000,92.311,78.508,65.537,41.928,28.182,14.263,9.156,4.058
3.40417,92.478,78.634,65.667,41.943,28.198,14.327,9.221,4.088
3.40833,92.515,78.697,65.691,41.899,28.277,14.357,9.217,4.168
3.41250,92.583,78.857,65.852,42.062,28.263,14.325,9.180,4.021
3.41667,92.774,78.975,65.924,42.106,28.342,14.352,9.162,4.151
3.42083,92.855,79.029,66.029,42.111,28.357,14.501,9.241,4.108
3.42500,92.981,79.077,66.133,42.227,28.423,14.488,9.182,4.121
3.42917,93.091,79.265,66.198,42.295,28.422,14.436,9.248,4.195
3.43333,93.143,79.265,66.278,42.320,28.509,14.441,9.290,4.165
3.43750,93.307,79.481,66.439,42.367,28.537,14.496,9.344,4.112
3.44167,93.444,79.526,66.440,42.482,28.545,14.488,9.315,4.178
3.44583,93.568,79.597,66.503,42.537,28.626,14.585,9.320,4.208
3.45000,93.666,79.786,66.602,42.514,28.652,14.591,9.316,4.230
3.45417,93.843,79.819,66.727,42.562,28.742,14.539,9.297,4.130
3.45833,93.918,79.969,66.757,42.667,28.758,14.671,9.344,4.112
3.46250,94.023,80.065,66.851,42.764,28.814,14.740,9.352,4.129
3.46667,94.208,80.137,67.054,42.796,28.822,14.694,9.360,4.148
3.47083,94.327,80.226,67.125,42.898,28.845,14.644,9.331,4.185
3.47500,94.422,80.434,67.258,42.928,28.917,14.736,9.406,4.218
3.47917,94.618,80.579,67.315,42.989,28.981,14.764,9.403,4.156
3.48333,94.779,80.761,67.477,43.007,29.018,14.891,9.511,4.171
3.48750,94.979,80.999,67.618,43.182,29.105,14.984,9.481,4.240
3.49167,95.239,81.363,67.874,43.260,29.164,15.031,9.453,4.184
3.49583,95.542,81.738,68.181,43.415,29.318,15.264,9.565,4.231
3.50000,96.004,82.260,68.617,43.539,29.365,15.495,9.635,4.217
3.50417,96.442,82.999,69.189,43.858,29.551,15.851,9.648,4.232
3.50833,97.099,84.154,69.943,44.114,29.772,16.478,9.724,4.277
3.51250,97.996,85.487,70.933,44.412,30.094,17.168,9.830,4.179
3.51667,99.197,87.445,72.342,45.001,30.533,18.171,10.077,4.211
3.52083,100.763,90.037,74.163,45.681,31.007,19.615,10.291,4.260
3.52500,102.877,93.514,76.616,46.489,31.736,21.436,10.667,4.234
3.52917,105.718,98.160,79.907,47.646,32.653,23.959,11.054,4.251
3.53333,109.268,104.154,84.104,49.179,33.819,27.164,11.722,4.268
3.53750,113.833,111.775,89.562,51.101,35.395,31.337,12.433,4.268
3.54167,119.658,121.435,96.368,53.546,37.292,36.547,13.297,4.307
3.54583,126.804,133.371,104.857,56.574,39.656,43.105,14.497,4.368
3.55000,135.528,148.060,115.240,60.204,42.565,51.203,15.901,4.441
3.55417,145.971,165.770,127.739,64.532,46.031,60.756,17.586,4.461
3.55833,158.360,186.606,142.426,69.690,50.029,72.132,19.613,4.486
3.56250,172.704,210.725,159.571,75.705,54.853,85.309,21.899,4.573
3.56667,189.106,238.266,179.171,82.612,60.397,100.482,24.579,4.634
3.57083,207.581,269.232,201.012,90.244,66.513,117.432,27.550,4.675
3.57500,227.768,303.327,225.124,98.692,73.172,136.111,30.794,4.723
3.57917,249.599,339.948,251.189,107.881,80.480,156.348,34.377,4.838
3.58333,272.752,378.685,278.870,117.575,88.170,177.784,38.089,4.915
3.58750,296.668,418.810,307.304,127.693,96.251,199.991,42.092,5.019
3.59167,320.937,459.291,336.272,137.870,104.369,222.523,46.023,5.102
3.59583,344.966,499.183,364.903,148.030,112.409,244.820,49.983,5.182
3.60000,368.209,537.630,392.449,157.784,120.229,266.296,53.733,5.284
3.60417,389.798,573.311,418.100,166.888,127.540,286.338,57.349,5.329
3.60833,409.344,605.495,441.298,175.179,134.075,304.495,60.530,5.414
3.61250,426.198,633.150,461.312,182.335,139.834,320.135,63.330,5.421
3.61667,439.963,655.478,477.614,188.166,144.488,332.922,65.591,5.532
3.62083,450.236,672.250,489.834,192.614,147.938,342.350,67.275,5.605
3.62500,456.675,682.709,497.413,195.318,150.208,348.319,68.372,5.542
3.62917,459.419,687.010,500.633,196.530,151.134,350.747,68.817,5.652
3.63333,458.303,685.206,499.257,196.003,150.719,349.716,68.602,5.566
3.63750,453.607,677.324,493.558,193.995,149.141,345.127,67.782,5.614
3.64167,445.415,663.972,483.843,190.637,146.357,337.401,66.366,5.604
3.64583,434.279,645.569,470.529,185.835,142.556,326.916,64.613,5.521
3.65000,420.529,622.879,454.079,180.011,137.938,314.000,62.331,5.517
3.65417,404.716,596.659,435.189,173.266,132.617,299.019,59.710,5.497
3.65833,387.268,567.795,414.340,165.939,126.633,282.672,56.768,5.337
3.66250,368.655,536.883,392.125,158.089,120.361,265.300,53.726,5.410
3.66667,349.452,504.820,369.129,150.003,113.923,247.259,50.567,5.361
3.67083,330.111,472.379,345.966,141.868,107.381,229.119,47.338,5.276
3.67500,310.890,440.279,323.007,133.760,101.011,211.117,44.190,5.153
3.67917,292.247,408.787,300.617,125.933,94.688,193.675,41.083,5.150
3.68333,274.313,378.552,279.140,118.361,88.640,176.833,38.129,5.051
3.68750,257.307,350.053,258.815,111.240,82.967,160.879,35.394,5.061
3.69167,241.379,323.190,239.797,104.611,77.590,146.100,32.799,4.936
3.69583,226.722,298.331,222.147,98.470,72.730,132.300,30.373,4.896
3.70000,213.265,275.440,205.984,92.788,68.248,119.633,28.120,4.772
3.70417,201.021,254.623,191.192,87.710,64.132,108.183,26.200,4.741
3.70833,189.847,235.761,177.891,83.092,60.440,97.688,24.282,4.804
3.71250,179.857,218.740,165.804,78.877,57.135,88.415,22.719,4.778
3.71667,170.906,203.546,155.087,75.163,54.139,79.901,21.215,4.697
3.72083,162.995,189.990,145.464,71.884,51.479,72.440,20.058,4.721
3.72500,155.902,177.890,137.026,68.910,49.086,65.765,18.789,4.698
3.72917,149.646,167.189,129.419,66.196,47.132,59.872,17.706,4.601
3.73333,144.167,157.773,122.745,64.027,45.198,54.673,16.883,4.601
3.73750,139.357,149.384,116.932,62.013,43.591,50.023,16.133,4.588
3.74167,135.020,142.074,111.703,60.312,42.247,46.007,15.387,4.654
3.74583,131.315,135.698,107.210,58.715,40.963,42.461,14.817,4.581
3.75000,128.021,130.038,103.234,57.264,39.857,39.302,14.215,4.637
3.75417,125.212,124.982,99.768,56.142,38.906,36.526,13.777,4.609
3.75833,122.743,120.669,96.647,55.036,38.091,34.106,13.321,4.664
3.76250,120.408,116.810,94.009,54.186,37.356,31.951,13.000,4.536
3.76667,118.562,113.532,91.682,53.354,36.733,30.044,12.677,4.573
3.77083,116.957,110.525,89.591,52.716,36.162,28.477,12.429,4.547
3.77500,115.416,107.885,87.813,52.156,35.675,26.971,12.095,4.557
3.77917,114.275,105.735,86.197,51.606,35.267,25.788,11.907,4.622
3.78333,113.204,103.830,84.858,51.186,34.911,24.632,11.729,4.678
3.78750,112.156,102.027,83.705,50.749,34.653,23.597,11.651,4.667
3.79167,111.399,100.611,82.652,50.499,34.300,22.792,11.407,4.594
3.79583,110.663,99.326,81.771,50.222,34.108,22.048,11.289,4.610
3.80000,110.118,98.199,80.975,49.889,33.894,21.372,11.179,4.646
3.80417,109.679,97.275,80.343,49.761,33.699,20.837,11.119,4.699
3.80833,109.176,96.457,79.777,49.600,33.553,20.295,11.060,4.632
3.81250,108.863,95.708,79.309,49.416,33.453,19.885,10.975,4.623
3.81667,108.595,95.144,78.859,49.238,33.354,19.512,10.981,4.611
3.82083,108.343,94.509,78.537,49.264,33.242,19.110,10.962,4.663
3.82500,108.084,94.104,78.209,49.127,33.163,18.927,10.834,4.654
3.82917,107.977,93.704,77.958,49.125,33.136,18.573,10.751,4.654
3.83333,107.867,93.422,77.755,49.007,33.120,18.444,10.751,4.670
3.83750,107.788,93.225,77.587,49.007,33.167,18.188,10.684,4.691
3.84167,107.681,92.935,77.438,48.953,33.031,18.000,10.724,4.683
3.84583,107.635,92.748,77.349,48.926,33.079,17.895,10.707,4.689
3.85000,107.680,92.658,77.238,48.909,33.110,17.835,10.719,4.698
3.85417,107.627,92.483,77.202,48.983,32.991,17.736,10.745,4.667
3.85833,107.645,92.436,77.230,48.935,32.989,17.622,10.668,4.715
3.86250,107.743,92.413,77.070,49.025,33.050,17.533,10.666,4.678
3.86667,107.794,92.377,77.132,49.083,33.120,17.502,10.661,4.747
3.87083,107.816,92.301,77.087,49.008,33.152,17.416,10.652,4.709
3.87500,107.917,92.264,77.158,49.129,33.104,17.417,10.658,4.727
3.87917,108.018,92.343,77.226,49.208,33.145,17.340,10.653,4.702
3.88333,108.080,92.330,77.149,49.205,33.184,17.323,10.644,4.714
3.88750,108.153,92.376,77.256,49.209,33.176,17.299,10.734,4.753
3.89167,108.345,92.438,77.281,49.264,33.125,17.317,10.711,4.723
3.89583,108.363,92.512,77.429,49.351,33.181,17.195,10.634,4.692
3.90000,108.457,92.541,77.458,49.370,33.177,17.305,10.700,4.712
3.90417,108.616,92.695,77.528,49.521,33.273,17.252,10.729,4.705
3.90833,108.744,92.734,77.616,49.503,33.379,17.269,10.749,4.756
3.91250,108.861,92.852,77.666,49.541,33.330,17.306,10.697,4.765
3.91667,109.005,92.877,77.761,49.620,33.369,17.271,10.680,4.778
3.92083,109.080,92.973,77.812,49.630,33.424,17.241,10.773,4.726
3.92500,109.210,93.158,77.911,49.706,33.535,17.325,10.723,4.735
3.92917,109.335,93.211,78.083,49.828,33.476,17.277,10.728,4.763
3.93333,109.448,93.299,78.087,49.820,33.512,17.261,10.715,4.789
3.93750,109.654,93.446,78.241,49.870,33.604,17.337,10.811,4.719
3.94167,109.770,93.520,78.250,49.968,33.616,17.310,10.812,4.762
3.94583,109.958,93.705,78.378,50.027,33.689,17.352,10.799,4.785
3.95000,110.072,93.717,78.440,50.113,33.720,17.353,10.766,4.788
3.95417,110.196,93.857,78.592,50.169,33.767,17.413,10.839,4.820
3.95833,110.301,93.982,78.677,50.159,33.815,17.439,10.847,4.790
3.96250,110.463,94.091,78.781,50.269,33.797,17.517,10.844,4.775
3.96667,110.624,94.170,78.869,50.320,33.884,17.524,10.920,4.882
3.97083,110.680,94.313,78.943,50.446,33.922,17.494,10.899,4.897
3.97500,110.885,94.411,79.110,50.492,33.981,17.510,10.843,4.818
3.97917,111.000,94.517,79.128,50.538,33.959,17.530,10.889,4.775
3.98333,111.150,94.699,79.258,50.667,34.021,17.568,10.894,4.841
3.98750,111.290,94.849,79.387,50.663,34.030,17.545,10.982,4.783
3.99167,111.482,94.934,79.481,50.809,34.117,17.528,10.964,4.901
3.99583,111.632,95.094,79.593,50.759,34.171,17.602,10.965,4.878
4.00000,111.755,95.203,79.718,50.839,34.246,17.617,10.983,4.917
4.00417,111.888,95.275,79.803,50.969,34.311,17.651,11.020,4.923
4.00833,112.007,95.467,79.917,51.010,34.280,17.669,11.040,4.903
4.01250,112.173,95.531,79.992,51.040,34.317,17.692,11.000,4.888
4.01667,112.308,95.670,80.109,51.105,34.419,17.734,11.126,4.900
4.02083,112.511,95.849,80.189,51.148,34.464,17.776,11.029,4.899
4.02500,112.640,95.939,80.366,51.238,34.474,17.772,11.082,4.969
4.02917,112.789,96.076,80.406,51.360,34.528,17.829,11.076,4.943
4.03333,112.954,96.164,80.534,51.451,34.579,17.811,11.118,4.929
4.03750,113.067,96.277,80.726,51.484,34.618,17.866,11.127,4.930
4.04167,113.243,96.433,80.684,51.496,34.690,17.912,11.068,4.965
4.04583,113.377,96.579,80.825,51.630,34.663,17.862,11.114,4.953
4.05000,113.493,96.729,80.983,51.617,34.799,17.903,11.061,4.986
4.05417,113.606,96.828,81.057,51.703,34.705,18.001,11.149,4.974
4.05833,113.798,96.908,81.122,51.715,34.816,17.915,11.192,4.961
4.06250,113.896,97.125,81.239,51.813,34.914,17.989,11.163,5.000
4.06667,114.061,97.226,81.357,51.910,34.935,17.996,11.154,4.943
4.07083,114.178,97.328,81.520,51.979,34.984,18.034,11.223,4.948
4.07500,114.406,97.455,81.607,52.017,35.028,18.109,11.206,5.007
4.07917,114.558,97.535,81.706,52.123,35.041,18.105,11.229,4.985
4.08333,114.704,97.676,81.795,52.237,35.051,18.079,11.249,4.949
4.08750,114.827,97.828,81.946,52.242,35.168,18.102,11.256,4.998
4.09167,114.988,97.942,81.989,52.270,35.184,18.161,11.272,5.008
4.09583,115.113,98.000,82.111,52.400,35.332,18.181,11.214,4.986
4.10000,115.295,98.184,82.275,52.475,35.272,18.289,11.300,5.039
4.10417,115.402,98.328,82.273,52.523,35.405,18.237,11.276,5.070
4.10833,115.621,98.434,82.462,52.578,35.311,18.297,11.345,5.079
4.11250,115.745,98.537,82.552,52.682,35.381,18.275,11.342,5.007
4.11667,115.822,98.741,82.667,52.798,35.510,18.282,11.427,5.057
4.12083,116.020,98.807,82.815,52.800,35.482,18.332,11.312,5.016
4.12500,116.208,98.943,82.897,52.853,35.545,18.400,11.393,5.082
4.12917,116.265,99.027,83.020,52.868,35.573,18.349,11.406,5.090
4.13333,116.455,99.192,83.135,52.992,35.645,18.363,11.378,5.070
4.13750,116.647,99.336,83.127,53.075,35.670,18.491,11.389,5.076
4.14167,116.756,99.448,83.293,53.110,35.678,18.448,11.407,5.141
4.14583,116.922,99.636,83.475,53.146,35.743,18.465,11.462,5.114
4.15000,117.027,99.756,83.536,53.279,35.833,18.584,11.447,5.087
4.15417,117.227,99.875,83.589,53.317,35.873,18.542,11.463,5.051
4.15833,117.367,99.991,83.754,53.375,35.913,18.562,11.528,5.141
4.16250,117.486,100.102,83.817,53.502,35.930,18.620,11.511,5.125
4.16667,117.641,100.226,84.011,53.429,36.002,18.626,11.510,5.164
4.17083,117.783,100.378,84.059,53.592,36.033,18.620,11.536,5.190
4.17500,117.952,100.520,84.225,53.607,36.069,18.639,11.530,5.093
4.17917,118.113,100.619,84.233,53.720,36.171,18.651,11.570,5.141
4.18333,118.252,100.733,84.348,53.873,36.118,18.734,11.607,5.068
4.18750,118.447,100.811,84.520,53.848,36.254,18.782,11.579,5.164
4.19167,118.590,100.991,84.595,53.947,36.300,18.777,11.618,5.163
4.19583,118.686,101.197,84.718,54.013,36.290,18.779,11.687,5.204
4.20000,118.892,101.285,84.803,54.109,36.400,18.803,11.592,5.159
4.20417,118.991,101.394,84.945,54.174,36.473,18.804,11.646,5.185
4.20833,119.240,101.469,84.990,54.155,36.425,18.858,11.578,5.208
4.21250,119.329,101.625,85.128,54.287,36.470,18.902,11.733,5.228
4.21667,119.479,101.771,85.238,54.320,36.560,18.866,11.620,5.236
4.22083,119.628,101.945,85.411,54.414,36.638,19.008,11.733,5.167
4.22500,119.700,101.960,85.468,54.483,36.666,18.944,11.702,5.243
4.22917,119.855,102.124,85.616,54.508,36.639,19.012,11.678,5.193
4.23333,120.082,102.215,85.685,54.595,36.717,18.997,11.709,5.271
4.23750,120.238,102.419,85.758,54.709,36.741,19.013,11.766,5.230
4.24167,120.377,102.546,85.875,54.737,36.863,19.084,11.765,5.238
4.24583,120.426,102.617,86.041,54.775,36.816,19.056,11.811,5.237
4.25000,120.656,102.779,86.092,54.860,36.884,19.144,11.755,5.199
4.25417,120.817,102.958,86.162,54.902,36.917,19.180,11.838,5.328
4.25833,120.961,103.038,86.328,54.979,36.919,19.152,11.844,5.277
4.26250,121.039,103.096,86.405,55.071,37.130,19.208,11.866,5.234
4.26667,121.331,103.267,86.538,55.120,37.132,19.180,11.869,5.313
4.27083,121.427,103.446,86.686,55.205,37.127,19.187,11.871,5.320
4.27500,121.514,103.539,86.827,55.262,37.159,19.198,11.903,5.297
4.27917,121.733,103.713,86.869,55.302,37.260,19.316,11.940,5.300
4.28333,121.870,103.827,86.986,55.508,37.273,19.281,11.902,5.230
4.28750,122.041,103.967,87.002,55.504,37.301,19.313,11.823,5.276
4.29167,122.205,104.091,87.226,55.531,37.343,19.337,11.950,5.257
4.29583,122.279,104.235,87.333,55.617,37.368,19.365,12.028,5.275
4.30000,122.451,104.357,87.401,55.699,37.454,19.412,11.919,5.308
4.30417,122.628,104.469,87.515,55.775,37.482,19.434,11.990,5.351
4.30833,122.807,104.611,87.597,55.866,37.513,19.481,11.944,5.283
4.31250,122.929,104.733,87.750,55.883,37.600,19.502,11.984,5.312
4.31667,123.057,104.871,87.911,55.978,37.620,19.544,12.018,5.281
4.32083,123.217,104.987,87.952,56.088,37.761,19.487,12.062,5.377
4.32500,123.441,105.110,87.992,55.999,37.742,19.495,12.005,5.344
4.32917,123.467,105.238,88.227,56.099,37.802,19.608,12.024,5.345
4.33333,123.611,105.323,88.326,56.162,37.772,19.654,12.072,5.317
4.33750,123.856,105.498,88.391,56.247,37.794,19.668,12.058,5.438
4.34167,123.982,105.673,88.447,56.391,37.911,19.699,12.066,5.359
4.34583,124.075,105.758,88.656,56.435,37.962,19.679,12.116,5.382
4.35000,124.285,105.836,88.755,56.499,38.038,19.710,12.078,5.381
4.35417,124.416,106.073,88.843,56.518,38.058,19.740,12.162,5.339
4.35833,124.590,106.166,88.984,56.637,38.144,19.723,12.074,5.383
4.36250,124.769,106.214,89.023,56.683,38.119,19.782,12.199,5.406
4.36667,124.878,106.396,89.171,56.749,38.243,19.879,12.229,5.392
4.37083,124.999,106.457,89.211,56.855,38.181,19.805,12.193,5.461
4.37500,125.171,106.625,89.346,56.920,38.269,19.858,12.179,5.411
4.37917,125.332,106.761,89.557,57.006,38.317,19.827,12.232,5.471
4.38333,125.491,106.902,89.585,57.038,38.377,19.898,12.281,5.455
4.38750,125.669,107.052,89.713,57.157,38.449,19.979,12.245,5.459
4.39167,125.775,107.160,89.840,57.176,38.534,19.992,12.237,5.431
4.39583,125.973,107.317,89.936,57.279,38.492,20.030,12.351,5.476
4.40000,126.156,107.520,90.074,57.363,38.595,19.963,12.309,5.438
4.40417,126.205,107.574,90.162,57.442,38.619,20.055,12.303,5.471
4.40833,126.414,107.732,90.267,57.480,38.615,19.967,12.326,5.472
4.41250,126.639,107.841,90.356,57.539,38.667,20.127,12.300,5.473
4.41667,126.687,107.922,90.495,57.598,38.722,20.092,12.403,5.394
4.42083,126.807,108.085,90.607,57.748,38.799,20.165,12.355,5.457
4.42500,127.012,108.299,90.696,57.739,38.801,20.096,12.364,5.534
4.42917,127.159,108.389,90.807,57.844,38.843,20.210,12.444,5.457
4.43333,127.339,108.474,90.898,57.883,38.902,20.143,12.345,5.507
4.43750,127.473,108.622,91.092,57.917,38.990,20.125,12.390,5.504
4.44167,127.568,108.717,91.129,58.013,38.910,20.290,12.438,5.585
4.44583,127.746,108.889,91.190,58.093,39.060,20.239,12.475,5.560
4.45000,127.845,109.007,91.362,58.234,39.159,20.273,12.442,5.556
4.45417,128.080,109.096,91.520,58.207,39.205,20.362,12.420,5.520
4.45833,128.241,109.279,91.613,58.275,39.137,20.348,12.480,5.575
4.46250,128.382,109.375,91.693,58.356,39.240,20.413,12.514,5.637
4.46667,128.503,109.600,91.807,58.452,39.233,20.519,12.503,5.572
4.47083,128.673,109.545,91.893,58.498,39.329,20.504,12.546,5.591
4.47500,128.830,109.787,91.988,58.604,39.388,20.540,12.505,5.585
4.47917,128.973,109.996,92.154,58.630,39.447,20.426,12.547,5.600
4.48333,129.148,110.076,92.227,58.733,39.440,20.494,12.562,5.602
4.48750,129.302,110.214,92.315,58.749,39.514,20.519,12.600,5.614
4.49167,129.473,110.346,92.425,58.850,39.568,20.546,12.579,5.585
4.49583,129.637,110.453,92.539,58.895,39.595,20.594,12.619,5.602
4.50000,129.761,110.554,92.689,59.032,39.596,20.592,12.622,5.626
4.50417,129.902,110.708,92.791,59.009,39.675,20.653,12.586,5.597
4.50833,129.977,110.842,92.903,59.190,39.731,20.695,12.649,5.718
4.51250,130.244,110.939,92.955,59.166,39.853,20.681,12.627,5.616
4.51667,130.391,111.151,93.131,59.357,39.845,20.670,12.658,5.624
4.52083,130.570,111.238,93.203,59.336,39.865,20.789,12.616,5.598
4.52500,130.702,111.354,93.344,59.472,39.927,20.770,12.722,5.673
4.52917,130.856,111.449,93.436,59.499,39.941,20.753,12.718,5.612
4.53333,131.003,111.613,93.558,59.550,40.078,20.813,12.710,5.629
4.53750,131.159,111.781,93.635,59.556,40.096,20.860,12.651,5.635
4.54167,131.346,111.946,93.758,59.686,40.086,20.874,12.763,5.680
4.54583,131.390,112.077,93.945,59.805,40.180,20.869,12.777,5.699
4.55000,131.615,112.172,93.999,59.789,40.166,20.921,12.795,5.715
4.55417,131.762,112.287,94.156,59.814,40.239,21.037,12.789,5.746
4.55833,131.895,112.406,94.205,59.941,40.326,20.993,12.760,5.702
4.56250,132.081,112.504,94.277,60.024,40.352,21.028,12.792,5.678
4.56667,132.199,112.669,94.443,60.095,40.365,21.004,12.781,5.782
4.57083,132.443,112.784,94.534,60.149,40.385,21.010,12.930,5.713
4.57500,132.571,112.965,94.644,60.245,40.482,21.131,12.911,5.669
4.57917,132.716,113.066,94.773,60.303,40.546,21.037,12.902,5.706
4.58333,132.842,113.185,94.876,60.378,40.554,21.058,12.909,5.632
4.58750,132.921,113.352,95.018,60.450,40.636,21.156,12.928,5.715
4.59167,133.105,113.399,95.085,60.566,40.668,21.132,12.899,5.711
4.59583,133.310,113.617,95.247,60.580,40.737,21.165,12.938,5.783
4.60000,133.426,113.702,95.377,60.585,40.755,21.260,12.976,5.785
4.60417,133.563,113.860,95.444,60.712,40.776,21.176,12.998,5.712
4.60833,133.644,113.936,95.566,60.799,40.901,21.335,12.969,5.766
4.61250,133.933,114.103,95.621,60.857,40.945,21.339,12.987,5.773
4.61667,134.068,114.219,95.754,60.961,40.910,21.335,13.017,5.799
4.62083,134.193,114.417,95.852,60.996,41.036,21.368,13.036,5.815
4.62500,134.414,114.495,95.984,61.078,41.026,21.365,13.048,5.808
4.62917,134.484,114.600,96.125,61.138,41.136,21.372,13.119,5.758
4.63333,134.598,114.826,96.247,61.201,41.073,21.396,13.042,5.807
4.63750,134.833,114.931,96.341,61.238,41.167,21.484,13.132,5.818
4.64167,134.945,115.018,96.434,61.348,41.181,21.477,13.099,5.851
4.64583,135.114,115.118,96.567,61.385,41.296,21.540,13.133,5.854
4.65000,135.278,115.338,96.688,61.534,41.344,21.558,13.066,5.844
4.65417,135.398,115.376,96.760,61.482,41.343,21.519,13.215,5.835
4.65833,135.643,115.560,96.864,61.648,41.386,21.604,13.130,5.888
4.66250,135.698,115.683,96.956,61.675,41.481,21.605,13.155,5.843
4.66667,135.865,115.839,97.032,61.755,41.540,21.645,13.174,5.886
4.67083,135.992,115.962,97.220,61.844,41.545,21.663,13.211,5.865
4.67500,136.127,116.070,97.285,61.946,41.580,21.692,13.175,5.919
4.67917,136.312,116.190,97.383,62.003,41.621,21.735,13.230,5.850
4.68333,136.494,116.327,97.612,62.059,41.699,21.814,13.302,5.955
4.68750,136.680,116.445,97.663,62.110,41.729,21.717,13.185,5.920
4.69167,136.849,116.574,97.787,62.211,41.724,21.758,13.246,5.888
4.69583,136.945,116.736,97.841,62.300,41.814,21.746,13.248,5.912
4.70000,137.099,116.898,97.945,62.314,41.852,21.818,13.247,5.887
4.70417,137.256,117.053,98.108,62.351,41.854,21.809,13.229,5.892
4.70833,137.413,117.158,98.190,62.417,41.917,21.916,13.284,5.884
4.71250,137.538,117.317,98.326,62.519,41.972,21.894,13.320,6.004
4.71667,137.694,117.386,98.372,62.657,42.064,22.012,13.308,5.993
4.72083,137.938,117.556,98.533,62.677,42.115,21.956,13.377,5.973
4.72500,138.012,117.647,98.579,62.736,42.146,21.942,13.333,5.983
4.72917,138.245,117.756,98.707,62.779,42.204,21.958,13.395,5.978
4.73333,138.333,117.915,98.875,62.861,42.216,22.020,13.376,5.950
4.73750,138.490,118.019,98.994,62.914,42.245,22.080,13.371,5.972
4.74167,138.673,118.181,99.039,63.045,42.263,22.058,13.420,6.000
4.74583,138.792,118.302,99.243,63.149,42.405,22.138,13.471,5.951
4.75000,138.930,118.368,99.281,63.153,42.491,22.122,13.435,5.978
4.75417,139.120,118.559,99.366,63.197,42.528,22.206,13.477,5.987
4.75833,139.269,118.745,99.561,63.315,42.524,22.173,13.489,6.029
4.76250,139.442,118.780,99.668,63.341,42.605,22.252,13.507,6.032
4.76667,139.617,118.981,99.701,63.479,42.620,22.252,13.425,5.981
4.77083,139.680,119.172,99.870,63.452,42.681,22.319,13.450,5.989
4.77500,139.846,119.210,99.950,63.547,42.665,22.320,13.577,6.073
4.77917,140.044,119.411,100.095,63.686,42.726,22.292,13.508,6.083
4.78333,140.193,119.469,100.227,63.719,42.782,22.344,13.565,6.032
4.78750,140.350,119.580,100.315,63.805,42.825,22.360,13.615,6.001
4.79167,140.482,119.788,100.341,63.840,42.857,22.433,13.563,6.064
4.79583,140.654,119.880,100.440,63.904,42.942,22.476,13.659,6.091
4.80000,140.784,120.044,100.642,63.992,42.974,22.426,13.570,6.124
4.80417,140.950,120.201,100.749,64.092,43.060,22.483,13.591,6.043
4.80833,141.101,120.312,100.844,64.113,43.088,22.524,13.673,6.068
4.81250,141.267,120.410,100.968,64.279,43.111,22.471,13.731,6.112
4.81667,141.403,120.551,101.068,64.240,43.109,22.538,13.702,6.045
4.82083,141.534,120.641,101.183,64.350,43.208,22.579,13.640,6.025
4.82500,141.692,120.798,101.341,64.358,43.250,22.625,13.732,6.069
4.82917,141.860,120.917,101.393,64.384,43.329,22.671,13.780,6.092
4.83333,141.980,121.060,101.515,64.546,43.310,22.643,13.680,6.066
4.83750,142.200,121.143,101.639,64.603,43.381,22.700,13.743,6.117
4.84167,142.247,121.328,101.734,64.650,43.433,22.654,13.722,6.125
4.84583,142.439,121.466,101.803,64.734,43.480,22.736,13.762,6.194
4.85000,142.629,121.559,101.953,64.809,43.503,22.732,13.748,6.128
4.85417,142.789,121.706,102.017,64.903,43.625,22.863,13.717,6.111
4.85833,142.934,121.870,102.160,64.938,43.698,22.777,13.828,6.166
4.86250,143.102,122.039,102.211,65.021,43.651,22.819,13.846,6.135
4.86667,143.292,122.077,102.421,65.044,43.717,22.864,13.859,6.159
4.87083,143.487,122.260,102.563,65.133,43.758,22.847,13.900,6.147
4.87500,143.587,122.375,102.616,65.209,43.824,22.859,13.772,6.156
4.87917,143.745,122.499,102.744,65.291,43.870,22.913,13.891,6.173
4.88333,143.874,122.698,102.866,65.369,43.902,22.958,13.936,6.194
4.88750,144.004,122.720,102.943,65.434,43.968,22.942,13.897,6.174
4.89167,144.173,122.896,103.044,65.495,43.934,23.021,13.959,6.179
4.89583,144.388,123.003,103.148,65.586,44.046,23.010,13.916,6.187
4.90000,144.448,123.197,103.289,65.612,44.101,23.056,13.897,6.153
4.90417,144.627,123.322,103.403,65.709,44.124,23.088,14.019,6.192
4.90833,144.861,123.424,103.435,65.738,44.186,23.111,13.949,6.256
4.91250,144.892,123.565,103.571,65.807,44.209,23.171,14.020,6.190
4.91667,145.114,123.734,103.708,65.841,44.235,23.228,14.045,6.236
4.92083,145.219,123.834,103.917,65.981,44.349,23.197,14.025,6.179
4.92500,145.339,123.972,104.019,66.049,44.399,23.225,14.049,6.307
4.92917,145.580,124.054,104.067,66.075,44.448,23.236,14.022,6.220
4.93333,145.701,124.204,104.115,66.207,44.446,23.256,14.071,6.218
4.93750,145.827,124.373,104.272,66.265,44.504,23.311,14.047,6.247
4.94167,146.051,124.478,104.432,66.354,44.520,23.272,14.112,6.295
4.94583,146.089,124.584,104.506,66.470,44.594,23.270,14.068,6.169
4.95000,146.270,124.702,104.590,66.519,44.683,23.354,14.134,6.290
4.95417,146.556,124.878,104.675,66.496,44.688,23.396,14.125,6.319
4.95833,146.643,125.006,104.825,66.520,44.714,23.401,14.139,6.324
4.96250,146.750,125.135,104.882,66.700,44.773,23.403,14.162,6.246
4.96667,146.872,125.249,105.042,66.695,44.837,23.433,14.168,6.273
4.97083,147.105,125.381,105.169,66.759,44.842,23.455,14.213,6.236
4.97500,147.226,125.503,105.199,66.896,44.974,23.534,14.096,6.328
4.97917,147.355,125.652,105.424,66.954,44.924,23.604,14.218,6.297
4.98333,147.566,125.802,105.524,67.008,44.997,23.577,14.182,6.325
4.98750,147.670,125.864,105.597,67.088,44.972,23.624,14.243,6.324
4.99167,147.849,126.059,105.736,67.160,45.132,23.543,14.223,6.334
4.99583,147.989,126.203,105.820,67.272,45.155,23.658,14.232,6.273
5.00000,148.183,126.260,105.888,67.290,45.230,23.629,14.234,6.387
5.00417,148.256,126.413,106.037,67.327,45.245,23.687,14.317,6.377
5.00833,148.447,126.601,106.131,67.468,45.322,23.713,14.240,6.314
5.01250,148.561,126.685,106.278,67.488,45.355,23.731,14.298,6.348
5.01667,148.750,126.823,106.359,67.537,45.355,23.762,14.298,6.312
5.02083,148.878,126.975,106.476,67.645,45.393,23.812,14.387,6.410
5.02500,149.014,127.080,106.586,67.703,45.501,23.818,14.413,6.354
5.02917,149.164,127.231,106.687,67.821,45.566,23.869,14.387,6.381
5.03333,149.298,127.372,106.770,67.779,45.545,23.890,14.459,6.430
5.03750,149.498,127.498,106.899,67.919,45.623,23.874,14.419,6.414
5.04167,149.690,127.578,107.031,68.003,45.630,23.941,14.461,6.422
5.04583,149.802,127.694,107.114,68.052,45.701,23.941,14.424,6.390
5.05000,149.956,127.884,107.294,68.144,45.730,23.988,14.409,6.393
5.05417,150.142,127.977,107.379,68.166,45.776,23.982,14.484,6.457
5.05833,150.212,128.005,107.479,68.291,45.818,24.062,14.442,6.441
5.06250,150.370,128.237,107.556,68.295,45.848,24.002,14.512,6.451
5.06667,150.550,128.394,107.661,68.408,45.920,24.068,14.494,6.502
5.07083,150.719,128.469,107.790,68.406,45.934,24.084,14.499,6.489
5.07500,150.924,128.658,107.859,68.509,46.023,24.076,14.485,6.460
5.07917,151.027,128.735,108.010,68.609,46.051,24.181,14.562,6.470
5.08333,151.214,128.863,108.090,68.744,46.082,24.232,14.576,6.457
5.08750,151.365,128.968,108.183,68.798,46.159,24.178,14.525,6.463
5.09167,151.456,129.150,108.386,68.815,46.203,24.237,14.551,6.480
5.09583,151.638,129.335,108.429,68.872,46.201,24.235,14.582,6.438
5.10000,151.813,129.436,108.536,68.933,46.295,24.237,14.595,6.452
5.10417,151.924,129.608,108.617,69.029,46.312,24.350,14.638,6.464
5.10833,152.090,129.651,108.792,69.043,46.399,24.358,14.581,6.509
5.11250,152.192,129.804,108.891,69.198,46.432,24.312,14.618,6.471
5.11667,152.349,129.905,109.014,69.109,46.434,24.408,14.669,6.484
5.12083,152.497,130.099,109.151,69.279,46.461,24.380,14.671,6.573
5.12500,152.698,130.220,109.194,69.361,46.545,24.448,14.729,6.537
5.12917,152.779,130.293,109.305,69.415,46.688,24.439,14.712,6.519
5.13333,153.005,130.441,109.508,69.478,46.720,24.517,14.728,6.578
5.13750,153.086,130.621,109.509,69.572,46.674,24.513,14.741,6.587
5.14167,153.331,130.660,109.666,69.627,46.725,24.517,14.786,6.554
5.14583,153.389,130.756,109.753,69.709,46.767,24.504,14.781,6.605
5.15000,153.565,130.953,109.807,69.779,46.787,24.546,14.809,6.566
5.15417,153.787,131.122,109.952,69.854,46.920,24.664,14.730,6.578
5.15833,153.841,131.209,110.072,69.918,46.857,24.641,14.781,6.543
5.16250,153.957,131.347,110.195,69.984,46.971,24.657,14.796,6.625
5.16667,154.212,131.479,110.312,70.005,47.055,24.669,14.833,6.586
5.17083,154.300,131.631,110.439,70.095,47.080,24.683,14.760,6.575
5.17500,154.550,131.740,110.522,70.123,47.132,24.752,14.868,6.604
5.17917,154.635,131.868,110.606,70.203,47.176,24.763,14.831,6.621
5.18333,154.741,131.980,110.712,70.259,47.230,24.777,14.835,6.646
5.18750,154.966,132.123,110.837,70.416,47.236,24.787,14.827,6.646
5.19167,155.091,132.274,110.936,70.448,47.261,24.823,14.942,6.652
5.19583,155.213,132.349,111.048,70.490,47.288,24.875,14.883,6.635
5.20000,155.393,132.422,111.139,70.652,47.410,24.854,15.004,6.597
5.20417,155.484,132.704,111.272,70.658,47.423,24.869,14.938,6.716
5.20833,155.658,132.732,111.371,70.769,47.471,24.956,14.938,6.644
5.21250,155.894,132.877,111.449,70.744,47.506,24.999,15.011,6.594
5.21667,156.034,133.041,111.620,70.808,47.567,24.976,14.945,6.693
5.22083,156.076,133.216,111.738,70.977,47.643,25.014,15.025,6.713
5.22500,156.284,133.353,111.775,70.986,47.651,24.996,14.979,6.670
5.22917,156.440,133.433,111.900,71.079,47.643,25.006,15.039,6.713
5.23333,156.545,133.528,111.989,71.129,47.740,25.101,15.098,6.706
5.23750,156.669,133.694,112.140,71.157,47.798,25.108,15.016,6.693
5.24167,156.872,133.769,112.222,71.205,47.868,25.148,15.100,6.693
5.24583,157.033,133.948,112.362,71.391,47.884,25.178,15.011,6.725
5.25000,157.151,134.077,112.420,71.388,47.913,25.132,15.144,6.755
5.25417,157.371,134.165,112.505,71.469,47.958,25.202,15.071,6.775
5.25833,157.535,134.225,112.638,71.516,48.014,25.202,15.152,6.792
5.26250,157.643,134.372,112.772,71.549,48.049,25.175,15.126,6.776
5.26667,157.788,134.627,112.946,71.715,48.127,25.276,15.141,6.715
5.27083,157.940,134.699,113.002,71.772,48.144,25.324,15.153,6.767
5.27500,158.050,134.862,113.092,71.794,48.235,25.360,15.267,6.714
5.27917,158.230,135.020,113.270,71.926,48.267,25.305,15.189,6.702
5.28333,158.416,135.126,113.364,72.033,48.294,25.413,15.226,6.761
5.28750,158.577,135.302,113.508,72.268,48.423,25.358,15.192,6.731
5.29167,158.702,135.437,113.714,72.376,48.495,25.467,15.289,6.796
5.29583,158.949,135.635,113.920,72.532,48.589,25.507,15.298,6.783
5.30000,159.163,135.856,114.150,72.867,48.718,25.497,15.300,6.808
5.30417,159.506,136.019,114.421,73.253,48.848,25.492,15.236,6.735
5.30833,159.690,136.351,114.833,73.827,48.990,25.529,15.261,6.809
5.31250,160.051,136.757,115.295,74.506,49.308,25.576,15.252,6.837
5.31667,160.436,137.130,115.849,75.448,49.612,25.620,15.350,6.783
5.32083,160.982,137.635,116.661,76.778,50.120,25.697,15.335,6.785
5.32500,161.558,138.344,117.668,78.459,50.729,25.754,15.383,6.816
5.32917,162.390,139.296,118.973,80.665,51.535,25.879,15.410,6.861
5.33333,163.432,140.452,120.685,83.541,52.495,25.871,15.380,6.851
5.33750,164.659,141.804,122.892,87.419,53.844,25.996,15.487,6.826
5.34167,166.211,143.650,125.590,92.184,55.553,26.090,15.459,6.878
5.34583,168.179,145.785,129.064,98.286,57.591,26.289,15.496,6.930
5.35000,170.553,148.588,133.337,105.843,60.152,26.437,15.559,6.919
5.35417,173.501,151.994,138.663,115.179,63.399,26.602,15.672,6.879
5.35833,177.026,156.029,145.093,126.469,67.283,26.852,15.747,6.969
5.36250,181.138,160.894,152.734,140.117,71.939,27.224,15.882,6.915
5.36667,186.136,166.580,161.783,156.166,77.394,27.554,15.892,6.971
5.37083,191.874,173.232,172.495,174.964,83.914,27.910,15.965,6.945
5.37500,198.454,181.001,184.657,196.592,91.325,28.412,16.145,7.050
5.37917,206.001,189.730,198.459,221.237,99.751,28.819,16.282,7.013
5.38333,214.455,199.439,214.041,248.779,109.261,29.447,16.421,7.030
5.38750,223.692,210.229,231.173,279.224,119.668,30.125,16.593,7.094
5.39167,233.834,222.041,249.916,312.340,131.116,30.789,16.859,7.162
5.39583,244.651,234.561,269.890,347.810,143.377,31.568,17.008,7.117
5.40000,256.112,247.976,291.044,385.138,156.277,32.380,17.164,7.283
5.40417,268.018,261.826,313.006,423.900,169.821,33.231,17.323,7.286
5.40833,280.238,275.935,335.496,463.238,183.535,34.056,17.562,7.368
5.41250,292.423,290.133,357.928,502.696,197.365,34.876,17.775,7.382
5.41667,304.358,304.076,380.014,541.322,210.904,35.715,18.047,7.380
5.42083,315.973,317.573,401.316,578.279,223.921,36.483,18.227,7.518
5.42500,326.798,330.231,421.281,612.958,236.309,37.270,18.402,7.500
5.42917,336.828,341.748,439.528,644.491,247.575,38.006,18.555,7.593
5.43333,345.655,352.024,455.688,672.157,257.550,38.593,18.731,7.608
5.43750,353.138,360.689,469.379,695.578,265.984,39.106,18.858,7.532
5.44167,359.152,367.744,480.320,714.227,272.804,39.504,19.098,7.715
5.44583,363.661,372.827,488.341,727.776,277.728,39.840,19.146,7.699
5.45000,366.407,376.057,493.330,736.148,280.719,40.053,19.157,7.678
5.45417,367.507,377.324,495.040,739.221,281.924,40.105,19.166,7.712
5.45833,366.943,376.566,494.006,737.044,281.172,40.082,19.186,7.697
5.46250,364.804,374.092,489.798,730.015,278.603,39.962,19.182,7.680
5.46667,361.193,369.724,483.008,718.176,274.357,39.745,19.135,7.654
5.47083,356.292,364.016,473.748,702.260,268.504,39.453,19.107,7.709
5.47500,350.161,356.860,462.378,682.499,261.414,38.995,19.011,7.618
5.47917,343.008,348.472,449.132,659.553,253.228,38.605,18.823,7.652
5.48333,335.136,339.224,434.337,633.838,244.075,38.080,18.730,7.611
5.48750,326.641,329.238,418.416,606.128,234.192,37.455,18.599,7.617
5.49167,317.677,318.739,401.713,576.967,223.969,36.797,18.461,7.566
5.49583,308.486,308.018,384.537,546.981,213.296,36.251,18.267,7.560
5.50000,299.216,297.178,367.204,516.431,202.613,35.625,18.163,7.554
5.50417,290.093,286.415,349.944,486.087,191.968,35.038,18.052,7.550
5.50833,280.962,275.809,333.093,456.088,181.564,34.339,17.868,7.479
5.51250,272.329,265.538,316.660,427.067,171.510,33.831,17.744,7.455
5.51667,263.891,255.696,300.855,399.153,161.752,33.284,17.607,7.447
5.52083,255.939,246.416,285.890,372.448,152.605,32.763,17.523,7.392
5.52500,248.425,237.630,271.756,347.305,143.899,32.255,17.319,7.344
5.52917,241.404,229.379,258.465,323.649,135.734,31.778,17.249,7.420
5.53333,234.850,221.690,246.091,301.542,128.165,31.322,17.213,7.403
5.53750,228.847,214.634,234.712,281.191,121.176,31.027,17.024,7.325
5.54167,223.264,208.027,224.232,262.322,114.743,30.618,16.957,7.289
5.54583,218.203,202.113,214.511,244.964,108.798,30.279,16.888,7.309
5.55000,213.603,196.573,205.721,229.158,103.364,30.007,16.825,7.216
5.55417,209.340,191.682,197.726,214.677,98.450,29.719,16.801,7.331
5.55833,205.519,187.121,190.373,201.482,94.000,29.481,16.709,7.256
5.56250,202.087,183.016,183.698,189.488,89.894,29.330,16.710,7.245
5.56667,198.952,179.353,177.670,178.674,86.178,29.023,16.574,7.225
5.57083,196.148,176.009,172.299,168.797,82.761,28.911,16.606,7.283
5.57500,193.561,172.967,167.387,159.894,79.768,28.757,16.564,7.251
5.57917,191.231,170.269,162.909,151.830,77.081,28.614,16.507,7.334
5.58333,189.275,167.854,158.871,144.545,74.589,28.421,16.488,7.187
5.58750,187.425,165.637,155.349,138.025,72.407,28.363,16.443,7.250
5.59167,185.731,163.646,152.085,132.123,70.424,28.275,16.384,7.296
5.59583,184.318,161.933,149.147,126.760,68.582,28.192,16.484,7.254
5.60000,182.963,160.343,146.569,121.997,66.986,28.131,16.431,7.266
5.60417,181.802,158.957,144.091,117.591,65.475,28.056,16.457,7.299
5.60833,180.675,157.638,142.058,113.696,64.206,27.953,16.421,7.203
5.61250,179.823,156.550,140.163,110.219,63.045,27.899,16.378,7.291
5.61667,178.959,155.519,138.447,107.022,61.971,27.893,16.391,7.265
5.62083,178.257,154.615,136.912,104.163,61.033,27.856,16.426,7.222
5.62500,177.598,153.789,135.585,101.628,60.188,27.829,16.427,7.313
5.62917,177.060,153.091,134.297,99.326,59.383,27.774,16.442,7.293
5.63333,176.538,152.544,133.226,97.254,58.728,27.884,16.453,7.268
5.63750,176.108,151.897,132.225,95.384,58.135,27.802,16.404,7.257
5.64167,175.798,151.416,131.327,93.731,57.555,27.767,16.390,7.312
5.64583,175.450,151.018,130.592,92.179,57.074,27.767,16.441,7.303
5.65000,175.176,150.683,129.919,90.783,56.675,27.785,16.437,7.240
5.65417,174.905,150.261,129.282,89.669,56.156,27.829,16.424,7.310
5.65833,174.687,150.033,128.809,88.477,55.807,27.727,16.437,7.236
5.66250,174.535,149.790,128.278,87.556,55.567,27.790,16.443,7.348
5.66667,174.408,149.572,127.799,86.693,55.310,27.783,16.450,7.333
5.67083,174.281,149.444,127.449,85.888,54.994,27.688,16.549,7.307
5.67500,174.201,149.234,127.218,85.125,54.798,27.770,16.470,7.306
5.67917,174.095,149.147,126.881,84.558,54.674,27.783,16.429,7.346
5.68333,174.064,149.087,126.731,83.962,54.418,27.746,16.551,7.321
5.68750,174.125,148.947,126.366,83.511,54.340,27.899,16.545,7.297
5.69167,174.079,148.968,126.297,83.090,54.147,27.820,16.531,7.340
5.69583,174.001,148.897,126.063,82.655,54.142,27.856,16.476,7.364
5.70000,174.169,148.903,125.939,82.343,54.004,27.895,16.582,7.328
5.70417,174.122,148.811,125.837,82.026,53.860,27.934,16.551,7.351
5.70833,174.142,148.829,125.764,81.769,53.802,27.905,16.566,7.388
5.71250,174.276,148.896,125.638,81.497,53.723,27.929,16.546,7.408
5.71667,174.185,148.905,125.690,81.267,53.604,27.906,16.613,7.390
5.72083,174.361,148.993,125.667,81.062,53.650,27.900,16.651,7.376
5.72500,174.375,148.966,125.551,80.946,53.679,27.952,16.581,7.415
5.72917,174.511,149.079,125.677,80.819,53.664,28.000,16.632,7.295
5.73333,174.600,149.094,125.546,80.722,53.597,27.996,16.653,7.394
5.73750,174.691,149.188,125.601,80.614,53.662,28.023,16.572,7.407
5.74167,174.794,149.281,125.657,80.471,53.603,28.069,16.740,7.404
5.74583,174.817,149.296,125.606,80.478,53.597,28.103,16.657,7.453
5.75000,174.956,149.407,125.624,80.385,53.544,28.071,16.652,7.382
5.75417,175.088,149.450,125.775,80.361,53.580,28.083,16.785,7.438
5.75833,175.193,149.538,125.779,80.337,53.572,28.115,16.675,7.449
5.76250,175.271,149.681,125.819,80.305,53.571,28.099,16.742,7.405
5.76667,175.463,149.811,125.906,80.318,53.593,28.253,16.698,7.437
5.77083,175.527,149.876,125.944,80.238,53.621,28.242,16.736,7.438
5.77500,175.670,149.882,126.023,80.248,53.643,28.195,16.710,7.469
5.77917,175.760,150.044,126.081,80.216,53.675,28.287,16.719,7.506
5.78333,175.909,150.142,126.144,80.259,53.660,28.242,16.870,7.451
5.78750,176.068,150.205,126.171,80.268,53.742,28.325,16.789,7.519
5.79167,176.152,150.303,126.330,80.276,53.731,28.313,16.797,7.466
5.79583,176.271,150.541,126.413,80.327,53.780,28.296,16.885,7.510
5.80000,176.471,150.585,126.427,80.336,53.870,28.354,16.913,7.462
5.80417,176.577,150.627,126.613,80.418,53.868,28.370,16.894,7.480
5.80833,176.673,150.815,126.606,80.481,53.896,28.424,16.842,7.573
5.81250,176.839,150.978,126.667,80.464,53.906,28.403,16.847,7.504
5.81667,176.931,151.014,126.780,80.436,53.937,28.396,16.927,7.487
5.82083,177.163,151.103,126.937,80.594,54.005,28.535,16.825,7.468
5.82500,177.239,151.268,126.949,80.573,54.022,28.466,16.933,7.508
5.82917,177.422,151.313,127.057,80.632,54.137,28.485,16.957,7.531
5.83333,177.528,151.501,127.146,80.671,54.036,28.537,16.870,7.567
5.83750,177.640,151.520,127.262,80.669,54.078,28.534,16.907,7.542
5.84167,177.745,151.671,127.300,80.831,54.136,28.556,17.007,7.510
5.84583,177.858,151.791,127.430,80.810,54.246,28.590,16.978,7.592
5.85000,178.056,151.946,127.560,80.854,54.281,28.645,16.995,7.546
5.85417,178.081,152.064,127.663,80.977,54.264,28.686,16.985,7.533
5.85833,178.384,152.141,127.791,81.060,54.312,28.649,16.956,7.530
5.86250,178.481,152.232,127.835,81.081,54.391,28.677,17.030,7.564
5.86667,178.614,152.316,127.941,81.118,54.424,28.671,17.048,7.682
5.87083,178.738,152.510,128.053,81.151,54.427,28.788,17.095,7.600
5.87500,178.838,152.645,128.082,81.181,54.458,28.743,17.079,7.543
5.87917,179.075,152.731,128.209,81.281,54.534,28.814,17.053,7.605
5.88333,179.162,152.870,128.262,81.314,54.563,28.800,17.094,7.612
5.88750,179.294,152.930,128.392,81.441,54.592,28.853,17.126,7.622
5.89167,179.444,153.057,128.463,81.418,54.633,28.859,17.137,7.608
5.89583,179.590,153.253,128.597,81.540,54.695,28.884,17.094,7.595
5.90000,179.731,153.340,128.720,81.583,54.670,28.878,17.110,7.599
5.90417,179.848,153.408,128.825,81.653,54.741,28.954,17.213,7.657
5.90833,179.993,153.564,128.926,81.732,54.847,28.919,17.130,7.640
5.91250,180.098,153.632,129.053,81.773,54.815,28.963,17.221,7.589
5.91667,180.245,153.783,129.139,81.873,54.931,28.983,17.145,7.700
5.92083,180.354,153.897,129.203,81.849,54.914,29.087,17.180,7.614
5.92500,180.569,154.071,129.300,81.935,55.053,29.070,17.195,7.622
5.92917,180.613,154.213,129.435,81.984,54.976,29.079,17.278,7.606
5.93333,180.765,154.229,129.485,82.088,55.079,29.038,17.259,7.672
5.93750,180.918,154.413,129.576,82.124,55.086,29.070,17.269,7.686
5.94167,181.063,154.493,129.661,82.169,55.101,29.044,17.267,7.675
5.94583,181.232,154.605,129.825,82.246,55.184,29.167,17.340,7.656
5.95000,181.309,154.752,129.964,82.327,55.259,29.119,17.297,7.642
5.95417,181.422,154.761,130.033,82.414,55.160,29.209,17.323,7.661
5.95833,181.621,154.940,130.091,82.467,55.287,29.232,17.351,7.670
5.96250,181.738,155.113,130.213,82.507,55.337,29.231,17.333,7.702
5.96667,181.913,155.211,130.259,82.515,55.447,29.290,17.295,7.675
5.97083,182.022,155.241,130.377,82.629,55.396,29.368,17.303,7.687
5.97500,182.140,155.452,130.506,82.713,55.487,29.295,17.352,7.656
5.97917,182.267,155.519,130.556,82.738,55.480,29.341,17.355,7.846
5.98333,182.385,155.664,130.659,82.825,55.554,29.410,17.437,7.701
5.98750,182.554,155.789,130.765,82.878,55.585,29.324,17.343,7.775
5.99167,182.692,155.871,130.835,82.940,55.603,29.386,17.402,7.765
5.99583,182.825,156.002,131.026,83.041,55.689,29.438,17.376,7.738
6.00000,182.893,156.123,131.048,83.029,55.756,29.438,17.455,7.844
6.00417,183.095,156.319,131.117,83.098,55.759,29.443,17.434,7.710
6.00833,183.210,156.360,131.250,83.210,55.732,29.527,17.456,7.785
6.01250,183.351,156.443,131.313,83.244,55.802,29.480,17.486,7.813
6.01667,183.572,156.651,131.514,83.334,55.808,29.578,17.377,7.759
6.02083,183.629,156.736,131.536,83.304,55.949,29.553,17.500,7.747
6.02500,183.787,156.852,131.688,83.422,55.976,29.629,17.491,7.812
6.02917,183.898,156.904,131.719,83.542,56.041,29.615,17.519,7.796
6.03333,184.084,157.094,131.867,83.523,56.025,29.639,17.541,7.814
6.03750,184.138,157.126,131.868,83.596,56.056,29.709,17.533,7.857
6.04167,184.351,157.336,132.076,83.682,56.113,29.659,17.551,7.827
6.04583,184.503,157.385,132.091,83.751,56.168,29.662,17.541,7.822
6.05000,184.694,157.526,132.300,83.802,56.157,29.743,17.594,7.794
6.05417,184.599,157.709,132.338,83.887,56.226,29.801,17.636,7.834
6.05833,184.911,157.786,132.504,83.912,56.254,29.859,17.622,7.835
6.06250,184.975,157.854,132.516,83.927,56.321,29.841,17.567,7.857
6.06667,185.189,158.028,132.640,84.045,56.370,29.881,17.662,7.827
6.07083,185.315,158.172,132.811,84.095,56.392,29.896,17.658,7.837
6.07500,185.447,158.235,132.845,84.143,56.431,29.811,17.744,7.877
6.07917,185.545,158.354,132.983,84.244,56.476,29.867,17.722,7.879
6.08333,185.611,158.413,133.016,84.269,56.503,29.922,17.712,7.859
6.08750,185.779,158.557,133.137,84.382,56.567,29.916,17.728,7.843
6.09167,185.972,158.635,133.251,84.383,56.543,29.962,17.710,7.893
6.09583,186.067,158.813,133.248,84.456,56.657,29.946,17.713,7.881
6.10000,186.235,159.006,133.422,84.553,56.742,29.948,17.731,7.908
6.10417,186.371,159.014,133.548,84.527,56.712,30.018,17.743,7.875
6.10833,186.489,159.141,133.671,84.558,56.692,30.079,17.768,7.866
6.11250,186.567,159.260,133.771,84.669,56.810,30.099,17.751,7.840
6.11667,186.800,159.360,133.829,84.737,56.800,30.132,17.848,7.916
6.12083,186.819,159.513,133.862,84.808,56.958,30.084,17.837,7.968
6.12500,186.938,159.590,134.007,84.907,56.938,30.148,17.782,7.927
6.12917,187.200,159.739,134.077,84.925,57.008,30.095,17.811,7.917
6.13333,187.294,159.859,134.168,85.013,57.017,30.178,17.875,7.957
6.13750,187.431,159.920,134.293,85.032,57.067,30.202,17.835,7.960
6.14167,187.598,160.018,134.345,85.103,57.076,30.204,17.825,7.980
6.14583,187.764,160.247,134.447,85.221,57.149,30.235,17.839,7.931
6.15000,187.822,160.307,134.556,85.196,57.206,30.184,17.920,8.006
6.15417,187.952,160.430,134.703,85.295,57.233,30.327,17.807,8.033
6.15833,188.093,160.518,134.793,85.376,57.251,30.324,17.970,7.958
6.16250,188.286,160.580,134.921,85.387,57.312,30.297,17.855,8.025
6.16667,188.386,160.750,134.981,85.462,57.413,30.377,17.871,7.961
6.17083,188.537,160.867,135.027,85.470,57.450,30.344,17.943,7.985
6.17500,188.555,160.941,135.219,85.676,57.380,30.446,17.927,7.949
6.17917,188.746,161.105,135.270,85.680,57.493,30.432,17.893,7.976
6.18333,188.869,161.211,135.321,85.767,57.556,30.486,17.987,8.027
6.18750,189.068,161.338,135.428,85.769,57.487,30.407,18.000,8.008
6.19167,189.141,161.514,135.530,85.871,57.544,30.486,17.969,7.975
6.19583,189.221,161.594,135.646,85.882,57.599,30.461,18.010,8.087
6.20000,189.426,161.665,135.754,85.902,57.690,30.547,18.025,8.047
6.20417,189.544,161.893,135.856,85.978,57.699,30.557,18.045,8.079
6.20833,189.672,161.844,135.934,86.045,57.755,30.646,18.052,8.059
6.21250,189.814,162.026,136.065,86.202,57.784,30.607,18.082,8.046
6.21667,190.006,162.072,136.172,86.197,57.779,30.654,18.072,8.045
6.22083,190.090,162.161,136.196,86.259,57.831,30.678,18.084,8.050
6.22500,190.196,162.335,136.338,86.304,57.967,30.653,18.044,8.025
6.22917,190.359,162.407,136.424,86.473,57.944,30.685,18.148,8.045
6.23333,190.475,162.579,136.558,86.468,57.950,30.655,18.127,8.064
6.23750,190.650,162.610,136.619,86.526,58.017,30.799,18.114,8.083
6.24167,190.747,162.782,136.702,86.569,58.010,30.734,18.177,8.069
6.24583,190.901,162.948,136.837,86.691,58.162,30.682,18.134,8.020
6.25000,191.087,163.006,136.898,86.699,58.121,30.803,18.120,8.051
6.25417,191.169,163.158,136.964,86.800,58.228,30.836,18.146,8.082
6.25833,191.297,163.237,137.078,86.824,58.258,30.832,18.163,8.085
6.26250,191.412,163.388,137.125,86.853,58.240,30.831,18.189,8.079
6.26667,191.524,163.545,137.280,86.946,58.231,30.905,18.299,8.104
6.27083,191.640,163.554,137.337,86.955,58.330,30.951,18.191,8.139
6.27500,191.804,163.718,137.492,87.083,58.341,30.971,18.243,8.152
6.27917,191.939,163.825,137.564,87.121,58.389,30.993,18.231,8.070
6.28333,191.993,163.966,137.647,87.146,58.453,30.900,18.201,8.132
6.28750,192.210,164.038,137.768,87.261,58.539,30.998,18.267,8.129
6.29167,192.393,164.151,137.819,87.202,58.469,31.046,18.315,8.102
6.29583,192.388,164.259,137.920,87.361,58.534,30.995,18.313,8.152
6.30000,192.526,164.342,138.031,87.422,58.600,31.085,18.376,8.144
6.30417,192.636,164.512,138.160,87.459,58.655,31.108,18.362,8.154
6.30833,192.866,164.586,138.125,87.586,58.728,31.076,18.335,8.088
6.31250,193.034,164.795,138.284,87.600,58.696,31.172,18.359,8.188
6.31667,193.115,164.817,138.389,87.625,58.742,31.125,18.274,8.161
6.32083,193.254,164.990,138.479,87.646,58.766,31.189,18.387,8.170
6.32500,193.413,164.999,138.595,87.791,58.792,31.170,18.422,8.150
6.32917,193.522,165.205,138.696,87.775,58.855,31.175,18.445,8.166
6.33333,193.603,165.267,138.791,87.879,58.884,31.147,18.398,8.186
6.33750,193.735,165.436,138.930,87.965,58.987,31.249,18.421,8.257
6.34167,193.875,165.404,138.960,87.984,59.037,31.206,18.421,8.269
6.34583,193.984,165.595,139.079,88.040,58.967,31.257,18.417,8.219
6.35000,194.143,165.740,139.104,88.117,59.069,31.344,18.474,8.206
6.35417,194.306,165.776,139.246,88.152,59.125,31.333,18.472,8.274
6.35833,194.386,165.969,139.368,88.244,59.206,31.341,18.453,8.219
6.36250,194.541,166.022,139.401,88.232,59.180,31.375,18.529,8.201
6.36667,194.699,166.175,139.538,88.369,59.237,31.412,18.497,8.195
6.37083,194.724,166.239,139.600,88.434,59.246,31.438,18.495,8.226
6.37500,194.932,166.345,139.789,88.521,59.327,31.375,18.504,8.213
6.37917,195.054,166.496,139.756,88.547,59.354,31.452,18.511,8.232
6.38333,195.212,166.553,139.910,88.561,59.374,31.541,18.618,8.346
6.38750,195.350,166.730,140.023,88.615,59.447,31.568,18.531,8.208
6.39167,195.471,166.825,140.132,88.718,59.421,31.505,18.575,8.230
6.39583,195.597,166.869,140.220,88.767,59.537,31.554,18.588,8.295
6.40000,195.723,167.038,140.307,88.806,59.559,31.592,18.616,8.241
6.40417,195.869,167.161,140.335,88.876,59.632,31.629,18.581,8.315
6.40833,195.915,167.267,140.441,88.905,59.700,31.648,18.561,8.186
6.41250,196.093,167.313,140.552,88.987,59.753,31.699,18.596,8.301
6.41667,196.155,167.490,140.637,89.068,59.662,31.665,18.633,8.240
6.42083,196.372,167.670,140.770,89.244,59.825,31.737,18.699,8.304
6.42500,196.441,167.670,140.825,89.229,59.784,31.729,18.597,8.294
6.42917,196.629,167.791,140.876,89.243,59.846,31.749,18.636,8.352
6.43333,196.760,167.866,140.980,89.301,59.862,31.699,18.669,8.327
6.43750,196.855,168.033,141.093,89.335,59.943,31.720,18.646,8.338
6.44167,196.949,168.158,141.239,89.410,59.951,31.754,18.739,8.365
6.44583,197.111,168.253,141.314,89.413,59.996,31.776,18.738,8.328
6.45000,197.247,168.414,141.391,89.518,60.040,31.876,18.753,8.340
6.45417,197.368,168.474,141.517,89.581,60.079,31.891,18.753,8.346
6.45833,197.523,168.552,141.591,89.640,60.129,31.859,18.778,8.354
6.46250,197.645,168.684,141.659,89.660,60.172,31.914,18.738,8.348
6.46667,197.788,168.800,141.783,89.795,60.114,31.958,18.822,8.266
6.47083,197.861,168.926,141.886,89.804,60.138,31.923,18.712,8.351
6.47500,198.011,169.049,141.962,89.867,60.227,32.000,18.843,8.419
6.47917,198.080,169.069,141.945,89.876,60.321,31.981,18.838,8.407
6.48333,198.205,169.255,142.138,89.967,60.322,32.046,18.809,8.381
6.48750,198.365,169.402,142.176,90.011,60.379,32.065,18.820,8.368
6.49167,198.490,169.441,142.278,90.103,60.407,32.039,18.887,8.423
6.49583,198.690,169.567,142.426,90.130,60.434,32.093,18.876,8.386
6.50000,198.783,169.695,142.496,90.267,60.474,32.123,18.887,8.384
6.50417,198.896,169.772,142.598,90.309,60.549,32.159,18.884,8.424
6.50833,199.023,169.905,142.653,90.286,60.578,32.059,18.867,8.477
6.51250,199.157,170.026,142.817,90.395,60.606,32.181,18.924,8.465
6.51667,199.292,170.090,142.907,90.456,60.613,32.156,18.964,8.454
6.52083,199.399,170.180,142.969,90.553,60.647,32.236,18.949,8.474
6.52500,199.558,170.419,143.052,90.592,60.603,32.290,18.927,8.470
6.52917,199.705,170.497,143.165,90.589,60.824,32.253,18.930,8.409
6.53333,199.838,170.572,143.256,90.615,60.786,32.288,19.011,8.440
6.53750,199.909,170.665,143.354,90.648,60.853,32.255,18.989,8.378
6.54167,200.021,170.788,143.388,90.794,60.888,32.273,19.003,8.498
6.54583,200.232,170.872,143.509,90.828,60.893,32.305,19.007,8.466
6.55000,200.286,170.980,143.576,90.960,60.980,32.358,18.962,8.479
6.55417,200.389,171.123,143.757,90.981,60.984,32.343,19.096,8.384
6.55833,200.552,171.202,143.812,91.052,60.949,32.335,19.014,8.485
6.56250,200.659,171.300,143.928,91.031,61.026,32.445,19.061,8.490
6.56667,200.816,171.442,143.977,91.168,61.113,32.438,19.109,8.540
6.57083,200.935,171.542,144.094,91.132,61.087,32.439,19.037,8.465
6.57500,201.064,171.631,144.146,91.275,61.132,32.442,19.072,8.492
6.57917,201.211,171.779,144.253,91.390,61.205,32.536,19.080,8.445
6.58333,201.295,171.842,144.317,91.370,61.186,32.541,19.118,8.520
6.58750,201.419,171.997,144.425,91.444,61.283,32.585,19.065,8.566
6.59167,201.581,172.108,144.594,91.449,61.333,32.573,19.085,8.434
6.59583,201.733,172.231,144.586,91.557,61.420,32.643,19.059,8.505
6.60000,201.881,172.249,144.711,91.604,61.395,32.603,19.126,8.506
6.60417,201.964,172.393,144.814,91.657,61.437,32.639,19.162,8.514
6.60833,202.053,172.505,144.854,91.660,61.490,32.592,19.206,8.524
6.61250,202.182,172.713,144.958,91.816,61.529,32.657,19.194,8.509
6.61667,202.320,172.694,145.045,91.851,61.581,32.656,19.209,8.501
6.62083,202.412,172.843,145.173,91.875,61.598,32.666,19.195,8.544
6.62500,202.631,172.982,145.299,91.930,61.628,32.734,19.191,8.520
6.62917,202.769,173.121,145.316,91.983,61.690,32.734,19.263,8.567
6.63333,202.844,173.148,145.415,92.070,61.681,32.809,19.250,8.556
6.63750,202.983,173.283,145.517,92.117,61.804,32.774,19.209,8.587
6.64167,203.121,173.399,145.596,92.207,61.770,32.796,19.305,8.580
6.64583,203.282,173.441,145.734,92.220,61.865,32.852,19.303,8.548
6.65000,203.306,173.571,145.784,92.243,61.845,32.843,19.289,8.576
6.65417,203.525,173.779,145.847,92.347,61.859,32.852,19.267,8.560
6.65833,203.580,173.790,146.005,92.431,61.907,32.883,19.325,8.614
6.66250,203.747,173.916,146.103,92.439,61.958,32.877,19.338,8.575
6.66667,203.827,174.025,146.164,92.540,62.098,32.931,19.304,8.687
6.67083,203.996,174.164,146.273,92.509,62.054,32.948,19.385,8.564
6.67500,204.102,174.233,146.295,92.623,62.077,32.987,19.280,8.653
6.67917,204.303,174.382,146.501,92.732,62.143,33.034,19.383,8.642
6.68333,204.390,174.401,146.559,92.743,62.151,33.020,19.415,8.586
6.68750,204.438,174.602,146.573,92.780,62.188,33.052,19.424,8.621
6.69167,204.723,174.730,146.761,92.954,62.264,33.064,19.466,8.691
6.69583,204.758,174.832,146.823,92.918,62.316,33.083,19.421,8.604
6.70000,204.921,174.907,146.928,93.059,62.387,33.128,19.445,8.628
6.70417,205.092,175.073,147.079,93.202,62.487,33.206,19.511,8.663
6.70833,205.226,175.231,147.216,93.280,62.521,33.256,19.545,8.658
6.71250,205.403,175.324,147.394,93.428,62.587,33.259,19.647,8.690
6.71667,205.627,175.610,147.549,93.470,62.699,33.311,19.587,8.669
6.72083,205.828,175.653,147.721,93.662,62.848,33.413,19.835,8.643
6.72500,206.121,175.965,147.941,94.004,63.157,33.482,19.903,8.720
6.72917,206.365,176.231,148.283,94.270,63.363,33.632,20.037,8.648
6.73333,206.770,176.518,148.644,94.670,63.707,33.821,20.237,8.674
6.73750,207.221,176.906,149.087,95.151,64.064,33.930,20.464,8.723
6.74167,207.759,177.386,149.592,95.796,64.561,34.242,20.903,8.667
6.74583,208.446,177.930,150.219,96.693,65.276,34.578,21.336,8.742
6.75000,209.297,178.696,151.026,97.696,66.056,35.031,21.810,8.783
6.75417,210.264,179.504,152.080,98.932,67.118,35.491,22.563,8.795
6.75833,211.424,180.487,153.286,100.481,68.295,36.173,23.363,8.771
6.76250,212.911,181.813,154.785,102.421,69.987,37.007,24.455,8.765
6.76667,214.689,183.327,156.589,104.726,71.728,37.987,25.713,8.839
6.77083,216.637,185.128,158.755,107.520,74.127,39.174,27.253,8.815
6.77500,219.166,187.211,161.289,110.836,76.721,40.437,29.130,8.943
6.77917,222.037,189.683,164.307,114.659,79.934,42.070,31.264,9.002
6.78333,225.251,192.597,167.700,119.249,83.576,43.970,33.820,9.088
6.78750,229.107,195.864,171.691,124.437,87.806,46.126,36.703,9.130
6.79167,233.381,199.511,176.228,130.244,92.622,48.587,39.953,9.164
6.79583,238.185,203.699,181.305,136.955,98.040,51.317,43.682,9.264
6.80000,243.587,208.276,186.937,144.271,104.010,54.423,47.764,9.413
6.80417,249.442,213.373,193.141,152.378,110.609,57.785,52.347,9.419
6.80833,255.803,218.768,199.762,161.091,117.797,61.462,57.265,9.664
6.81250,262.602,224.664,206.877,170.499,125.370,65.342,62.532,9.651
6.81667,269.731,230.858,214.463,180.402,133.488,69.445,68.105,9.814
6.82083,277.252,237.375,222.340,190.716,141.998,73.737,73.807,9.960
6.82500,284.861,243.900,230.480,201.293,150.595,78.251,79.790,10.063
6.82917,292.664,250.669,238.667,212.017,159.444,82.719,85.839,10.179
6.83333,300.478,257.338,246.824,222.733,168.076,87.178,91.887,10.389
6.83750,307.998,263.893,254.792,233.230,176.711,91.574,97.900,10.442
6.84167,315.336,270.210,262.572,243.328,185.020,95.809,103.496,10.636
6.84583,322.200,276.160,269.739,252.934,192.770,99.781,108.902,10.759
6.85000,328.573,281.708,276.515,261.671,199.920,103.487,113.744,10.825
6.85417,334.351,286.681,282.525,269.524,206.367,106.710,118.241,10.895
6.85833,339.256,290.939,287.726,276.361,211.951,109.656,122.054,11.017
6.86250,343.351,294.492,292.065,281.937,216.473,111.979,125.200,11.162
6.86667,346.544,297.255,295.423,286.302,220.071,113.889,127.694,11.139
6.87083,348.879,299.207,297.753,289.342,222.548,115.085,129.353,11.179
6.87500,350.128,300.354,299.096,291.031,223.909,115.762,130.290,11.166
6.87917,350.394,300.641,299.417,291.399,224.254,115.909,130.505,11.197
6.88333,349.832,300.044,298.741,290.506,223.378,115.514,129.866,11.182
6.88750,348.319,298.782,297.121,288.190,221.578,114.585,128.641,11.259
6.89167,345.966,296.773,294.571,284.825,218.797,113.141,126.657,11.126
6.89583,342.932,294.072,291.266,280.444,215.139,111.398,124.123,11.093
6.90000,339.100,290.774,287.242,275.028,210.757,109.056,121.051,11.060
6.90417,334.738,287.060,282.611,268.945,205.705,106.499,117.547,11.020
6.90833,329.992,282.916,277.516,262.084,200.157,103.607,113.712,10.898
6.91250,324.853,278.493,271.970,254.790,194.133,100.503,109.533,10.819
6.91667,319.482,273.785,266.148,246.981,187.780,97.336,105.165,10.688
6.92083,313.881,268.989,260.132,239.115,181.316,93.930,100.650,10.605
6.92500,308.172,264.021,254.068,231.024,174.634,90.568,96.115,10.554
6.92917,302.371,259.096,248.013,222.885,167.999,87.183,91.524,10.502
6.93333,296.721,254.217,242.038,214.886,161.451,83.850,86.926,10.305
6.93750,291.220,249.495,236.137,207.112,155.067,80.581,82.541,10.187
6.94167,285.869,244.749,230.378,199.456,148.786,77.336,78.234,10.231
6.94583,280.742,240.367,224.783,192.126,142.762,74.326,73.978,10.082
6.95000,275.797,236.103,219.672,185.150,137.073,71.313,69.997,10.001
6.95417,271.173,231.998,214.533,178.529,131.660,68.595,66.276,9.856
6.95833,266.767,228.187,209.857,172.216,126.573,65.998,62.745,9.862
6.96250,262.704,224.740,205.500,166.299,121.675,63.492,59.407,9.786
6.96667,258.758,221.419,201.306,160.785,117.173,61.193,56.288,9.723
6.97083,255.214,218.210,197.480,155.645,113.027,59.086,53.303,9.684
6.97500,251.814,215.359,193.973,150.931,109.083,57.059,50.636,9.652
6.97917,248.818,212.705,190.655,146.530,105.478,55.237,48.219,9.588
6.98333,245.944,210.323,187.585,142.388,102.124,53.498,45.869,9.527
6.98750,243.309,208.113,184.815,138.710,99.048,51.864,43.765,9.496
6.99167,240.994,205.992,182.257,135.267,96.252,50.529,41.744,9.457
6.99583,238.828,204.083,179.881,132.062,93.687,49.202,40.034,9.419
7.00000,236.817,202.456,177.795,129.148,91.314,47.993,38.369,9.402
7.00417,234.998,200.856,175.782,126.520,89.126,46.892,36.803,9.400
7.00833,233.314,199.365,173.920,124.088,87.121,45.873,35.425,9.379
7.01250,231.797,198.107,172.337,121.841,85.316,44.933,34.161,9.309
7.01667,230.471,196.894,170.861,119.786,83.589,44.086,32.953,9.314
7.02083,229.150,195.855,169.471,118.009,82.095,43.283,31.944,9.362
7.02500,228.109,194.851,168.255,116.233,80.730,42.594,30.928,9.265
7.02917,227.083,193.962,167.063,114.728,79.394,41.907,30.036,9.170
7.03333,226.122,193.149,166.086,113.280,78.246,41.342,29.193,9.219
7.03750,225.335,192.517,165.126,112.040,77.175,40.815,28.477,9.221
7.04167,224.523,191.815,164.235,110.754,76.239,40.371,27.802,9.250
7.04583,223.818,191.108,163.519,109.753,75.348,39.891,27.144,9.218
7.05000,223.251,190.726,162.871,108.751,74.557,39.473,26.612,9.220
7.05417,222.620,190.229,162.226,107.861,73.770,39.106,26.088,9.227
7.05833,222.193,189.801,161.648,107.125,73.097,38.737,25.663,9.167
7.06250,221.769,189.383,161.203,106.377,72.552,38.432,25.219,9.169
7.06667,221.315,189.048,160.674,105.716,71.926,38.196,24.801,9.139
7.07083,220.975,188.789,160.314,105.118,71.443,37.888,24.431,9.159
7.07500,220.677,188.504,159.942,104.489,70.956,37.677,24.060,9.163
7.07917,220.487,188.271,159.581,104.080,70.574,37.455,23.737,9.184
7.08333,220.176,188.083,159.356,103.578,70.188,37.206,23.553,9.188
7.08750,220.016,187.874,159.038,103.157,69.876,37.132,23.246,9.141
7.09167,219.822,187.745,158.801,102.813,69.576,36.991,23.038,9.116
7.09583,219.719,187.656,158.604,102.515,69.293,36.846,22.886,9.173
7.10000,219.629,187.510,158.415,102.179,69.000,36.715,22.633,9.144
7.10417,219.499,187.411,158.285,101.924,68.890,36.587,22.490,9.149
7.10833,219.308,187.339,158.101,101.709,68.605,36.464,22.248,9.170
7.11250,219.314,187.265,157.999,101.469,68.416,36.421,22.215,9.077
7.11667,219.276,187.142,157.913,101.252,68.269,36.243,22.099,9.231
7.12083,219.221,187.158,157.797,101.079,68.077,36.153,21.933,9.123
7.12500,219.187,187.124,157.722,101.042,67.998,36.160,21.873,9.147
7.12917,219.095,187.132,157.778,100.768,67.859,36.107,21.741,9.161
7.13333,219.150,187.104,157.742,100.666,67.773,36.075,21.667,9.218
7.13750,219.101,187.178,157.707,100.609,67.691,36.078,21.612,9.177
7.14167,219.199,187.184,157.633,100.467,67.633,35.992,21.492,9.279
7.14583,219.231,187.140,157.649,100.413,67.508,35.947,21.473,9.133
7.15000,219.201,187.206,157.611,100.317,67.448,35.984,21.390,9.221
7.15417,219.311,187.255,157.707,100.265,67.403,35.833,21.319,9.185
7.15833,219.326,187.325,157.634,100.245,67.399,35.798,21.275,9.165
7.16250,219.356,187.332,157.619,100.240,67.290,35.792,21.183,9.203
7.16667,219.492,187.390,157.664,100.148,67.297,35.796,21.210,9.232
7.17083,219.527,187.424,157.731,100.151,67.245,35.760,21.142,9.210
7.17500,219.620,187.506,157.719,100.149,67.268,35.830,21.157,9.166
7.17917,219.738,187.632,157.822,100.124,67.259,35.705,21.108,9.194
7.18333,219.789,187.679,157.823,100.096,67.244,35.769,21.108,9.250
7.18750,219.858,187.676,157.855,100.172,67.190,35.781,21.148,9.197
7.19167,219.958,187.813,157.862,100.176,67.231,35.732,21.108,9.282
7.19583,219.976,187.880,157.959,100.122,67.219,35.791,21.042,9.178
7.20000,220.141,187.951,158.024,100.175,67.256,35.766,21.033,9.255
7.20417,220.290,188.031,157.995,100.140,67.301,35.759,21.075,9.265
7.20833,220.303,188.129,158.133,100.270,67.241,35.799,21.041,9.235
7.21250,220.496,188.218,158.234,100.278,67.222,35.756,21.030,9.316
7.21667,220.519,188.266,158.372,100.288,67.238,35.846,20.978,9.249
7.22083,220.693,188.460,158.404,100.289,67.314,35.824,20.980,9.241
7.22500,220.780,188.465,158.460,100.357,67.345,35.813,20.995,9.269
7.22917,220.826,188.653,158.537,100.416,67.304,35.831,21.005,9.324
7.23333,220.938,188.687,158.545,100.450,67.352,35.858,21.063,9.260
7.23750,221.085,188.805,158.679,100.405,67.322,35.857,21.039,9.305
7.24167,221.252,188.899,158.683,100.482,67.392,35.855,20.999,9.295
7.24583,221.301,188.967,158.843,100.440,67.455,35.896,21.001,9.309
7.25000,221.433,189.055,158.853,100.549,67.398,35.868,20.990,9.325
7.25417,221.568,189.196,158.941,100.657,67.413,35.954,21.010,9.303
7.25833,221.668,189.240,159.103,100.700,67.510,35.978,21.076,9.333
7.26250,221.777,189.415,159.103,100.712,67.556,35.960,21.036,9.282
7.26667,221.891,189.488,159.212,100.751,67.525,36.015,21.004,9.289
7.27083,221.988,189.614,159.364,100.827,67.635,35.982,20.986,9.309
7.27500,222.082,189.657,159.382,100.893,67.616,36.049,21.045,9.377
7.27917,222.261,189.813,159.468,100.927,67.659,35.996,20.995,9.363
7.28333,222.410,189.826,159.609,100.915,67.597,36.068,21.080,9.287
7.28750,222.482,190.002,159.664,101.062,67.717,36.093,21.124,9.424
7.29167,222.638,190.148,159.713,101.037,67.730,36.088,21.052,9.313
7.29583,222.704,190.174,159.847,101.069,67.718,36.109,21.097,9.325
7.30000,222.888,190.294,159.973,101.210,67.829,36.136,21.125,9.390
7.30417,223.013,190.433,160.001,101.219,67.852,36.094,21.126,9.375
7.30833,223.167,190.514,160.043,101.302,67.876,36.161,21.120,9.357
7.31250,223.215,190.571,160.170,101.359,67.898,36.205,21.116,9.313
7.31667,223.324,190.693,160.271,101.324,67.964,36.199,21.130,9.364
7.32083,223.471,190.910,160.337,101.462,68.013,36.252,21.090,9.353
7.32500,223.593,190.963,160.530,101.439,68.106,36.253,21.132,9.296
7.32917,223.709,191.054,160.543,101.544,68.047,36.232,21.200,9.414
7.33333,223.774,191.147,160.632,101.595,68.108,36.258,21.194,9.363
7.33750,223.997,191.228,160.756,101.701,68.154,36.305,21.178,9.385
7.34167,224.100,191.430,160.792,101.644,68.244,36.327,21.156,9.487
7.34583,224.205,191.488,160.897,101.755,68.186,36.347,21.225,9.443
7.35000,224.266,191.544,161.040,101.825,68.254,36.307,21.222,9.445
7.35417,224.474,191.640,161.088,101.851,68.353,36.415,21.244,9.418
7.35833,224.659,191.807,161.218,101.914,68.303,36.390,21.220,9.452
7.36250,224.778,191.890,161.247,101.999,68.346,36.429,21.207,9.469
7.36667,224.839,191.948,161.381,102.041,68.353,36.452,21.250,9.408
7.37083,224.958,192.165,161.464,102.130,68.429,36.486,21.236,9.451
7.37500,225.162,192.221,161.547,102.148,68.534,36.394,21.289,9.451
7.37917,225.204,192.354,161.574,102.166,68.487,36.477,21.246,9.459
7.38333,225.422,192.402,161.701,102.270,68.444,36.482,21.318,9.448
7.38750,225.510,192.583,161.803,102.295,68.565,36.536,21.282,9.446
7.39167,225.613,192.633,161.946,102.406,68.590,36.606,21.370,9.522
7.39583,225.748,192.792,161.966,102.400,68.650,36.632,21.326,9.489
7.40000,225.894,192.848,162.071,102.498,68.706,36.647,21.372,9.504
7.40417,226.021,192.933,162.148,102.475,68.756,36.612,21.361,9.503
7.40833,226.132,193.093,162.228,102.617,68.812,36.716,21.386,9.490
7.41250,226.302,193.192,162.350,102.659,68.746,36.647,21.347,9.550
7.41667,226.373,193.289,162.420,102.711,68.866,36.769,21.424,9.506
7.42083,226.473,193.432,162.536,102.781,68.880,36.693,21.436,9.561
7.42500,226.613,193.495,162.564,102.861,68.932,36.783,21.416,9.567
7.42917,226.739,193.637,162.785,102.915,69.010,36.673,21.449,9.482
7.43333,226.884,193.738,162.822,102.985,69.040,36.764,21.427,9.494
7.43750,226.984,193.853,162.840,102.966,69.029,36.858,21.453,9.467
7.44167,227.128,193.930,162.996,103.088,69.093,36.828,21.438,9.523
7.44583,227.266,194.138,163.076,103.174,69.059,36.776,21.471,9.518
7.45000,227.440,194.232,163.197,103.178,69.085,36.800,21.410,9.526
7.45417,227.526,194.260,163.241,103.296,69.158,36.866,21.479,9.512
7.45833,227.622,194.363,163.414,103.373,69.253,36.934,21.526,9.546
7.46250,227.758,194.536,163.438,103.368,69.332,36.945,21.507,9.578
7.46667,227.805,194.591,163.504,103.379,69.319,36.995,21.532,9.608
7.47083,227.994,194.675,163.711,103.471,69.388,37.026,21.505,9.594
7.47500,228.081,194.849,163.738,103.549,69.353,36.936,21.538,9.669
7.47917,228.235,194.956,163.900,103.646,69.453,37.013,21.557,9.528
7.48333,228.487,195.057,163.926,103.650,69.454,37.035,21.575,9.588
7.48750,228.493,195.190,164.080,103.704,69.555,37.035,21.621,9.561
7.49167,228.683,195.300,164.181,103.750,69.497,37.110,21.602,9.595
7.49583,228.800,195.411,164.215,103.823,69.600,37.174,21.535,9.610
7.50000,228.923,195.489,164.296,103.862,69.631,37.100,21.568,9.637
7.50417,229.115,195.586,164.351,103.943,69.621,37.121,21.674,9.630
7.50833,229.215,195.752,164.523,103.980,69.710,37.227,21.646,9.613
7.51250,229.349,195.890,164.564,104.011,69.745,37.149,21.645,9.621
7.51667,229.482,195.988,164.674,104.090,69.737,37.213,21.714,9.569
7.52083,229.577,196.096,164.810,104.154,69.807,37.131,21.661,9.578
7.52500,229.696,196.206,164.867,104.295,69.818,37.158,21.687,9.648
7.52917,229.905,196.295,164.927,104.308,69.906,37.303,21.705,9.637
7.53333,229.936,196.346,164.967,104.272,69.935,37.274,21.750,9.698
7.53750,230.107,196.561,165.057,104.380,69.977,37.281,21.753,9.663
7.54167,230.212,196.611,165.238,104.491,69.980,37.301,21.761,9.638
7.54583,230.342,196.741,165.293,104.484,70.030,37.315,21.736,9.682
7.55000,230.457,196.835,165.388,104.609,70.092,37.306,21.789,9.610
7.55417,230.630,197.003,165.474,104.659,70.152,37.362,21.789,9.686
7.55833,230.686,197.035,165.563,104.719,70.201,37.395,21.809,9.665
7.56250,230.916,197.217,165.700,104.777,70.168,37.408,21.822,9.653
7.56667,230.984,197.333,165.855,104.743,70.240,37.487,21.852,9.689
7.57083,231.205,197.426,165.905,104.856,70.240,37.568,21.823,9.655
7.57500,231.244,197.479,165.966,105.016,70.299,37.498,21.906,9.716
7.57917,231.431,197.620,166.145,105.031,70.376,37.510,21.784,9.697
7.58333,231.532,197.742,166.155,105.058,70.430,37.545,21.906,9.727
7.58750,231.618,197.838,166.255,105.156,70.416,37.565,21.867,9.807
7.59167,231.749,197.959,166.309,105.212,70.494,37.556,21.904,9.704
7.59583,231.899,198.041,166.448,105.194,70.487,37.617,21.851,9.696
7.60000,232.032,198.156,166.583,105.282,70.563,37.686,21.874,9.725
7.60417,232.162,198.296,166.650,105.373,70.631,37.610,21.855,9.770
7.60833,232.243,198.378,166.848,105.432,70.597,37.636,21.911,9.703
7.61250,232.404,198.522,166.851,105.489,70.656,37.628,21.986,9.715
7.61667,232.559,198.620,166.902,105.510,70.736,37.739,21.881,9.731
7.62083,232.687,198.719,167.029,105.603,70.763,37.722,21.963,9.800
7.62500,232.796,198.895,167.149,105.636,70.809,37.750,22.024,9.758
7.62917,232.927,198.929,167.176,105.639,70.859,37.791,22.031,9.723
7.63333,233.098,199.025,167.309,105.751,70.883,37.837,22.002,9.803
7.63750,233.230,199.171,167.437,105.831,70.917,37.879,22.044,9.737
7.64167,233.362,199.323,167.510,105.888,70.908,37.908,22.041,9.820
7.64583,233.473,199.454,167.665,105.942,71.007,37.838,22.020,9.803
7.65000,233.631,199.474,167.675,105.990,71.032,37.917,22.069,9.772
7.65417,233.724,199.636,167.850,106.024,71.134,37.904,22.083,9.772
7.65833,233.860,199.756,167.897,106.068,71.060,37.923,21.989,9.784
7.66250,234.043,199.913,167.982,106.184,71.138,37.975,22.020,9.848
7.66667,234.113,200.001,168.028,106.215,71.227,38.059,22.118,9.781
7.67083,234.229,200.075,168.122,106.319,71.261,37.986,22.068,9.880
7.67500,234.453,200.183,168.179,106.390,71.332,38.051,22.159,9.844
7.67917,234.506,200.304,168.337,106.459,71.278,38.068,22.142,9.845
7.68333,234.711,200.374,168.489,106.462,71.368,38.108,22.166,9.826
7.68750,234.861,200.555,168.517,106.605,71.471,38.094,22.249,9.853
7.69167,234.906,200.691,168.600,106.593,71.444,38.194,22.174,9.851
7.69583,235.024,200.846,168.761,106.667,71.473,38.136,22.171,9.832
7.70000,235.184,200.853,168.872,106.738,71.514,38.150,22.170,9.842
7.70417,235.334,201.051,168.890,106.724,71.580,38.184,22.172,9.905
7.70833,235.453,201.120,169.009,106.853,71.586,38.222,22.287,9.843
7.71250,235.581,201.231,169.184,106.909,71.651,38.247,22.206,9.877
7.71667,235.741,201.427,169.192,107.033,71.616,38.240,22.263,9.889
7.72083,235.798,201.453,169.208,107.084,71.660,38.263,22.200,9.897
7.72500,235.988,201.619,169.444,107.062,71.784,38.322,22.253,9.927
7.72917,236.143,201.713,169.505,107.050,71.811,38.275,22.307,9.898
7.73333,236.262,201.853,169.573,107.217,71.889,38.319,22.295,9.885
7.73750,236.446,201.907,169.618,107.221,71.827,38.386,22.339,9.907
7.74167,236.473,202.043,169.827,107.336,71.938,38.388,22.292,9.872
7.74583,236.597,202.104,169.878,107.358,71.988,38.388,22.319,9.880
7.75000,236.875,202.219,169.976,107.413,71.974,38.415,22.330,9.929
7.75417,236.956,202.440,170.082,107.507,72.003,38.470,22.358,9.979
7.75833,237.078,202.457,170.188,107.590,72.131,38.455,22.331,9.943
7.76250,237.220,202.626,170.275,107.606,72.149,38.497,22.353,9.925
7.76667,237.324,202.742,170.367,107.668,72.155,38.538,22.366,9.950
7.77083,237.535,202.877,170.510,107.769,72.211,38.581,22.443,9.892
7.77500,237.586,202.959,170.597,107.836,72.207,38.567,22.433,9.945
7.77917,237.743,203.084,170.689,107.892,72.330,38.627,22.400,9.989
7.78333,237.929,203.214,170.776,107.896,72.277,38.590,22.417,9.938
7.78750,237.977,203.336,170.857,108.015,72.394,38.648,22.452,9.992
7.79167,238.135,203.380,170.914,108.011,72.415,38.629,22.416,10.006
7.79583,238.321,203.637,171.109,108.055,72.466,38.729,22.507,9.984
7.80000,238.451,203.625,171.195,108.211,72.495,38.718,22.493,9.957
7.80417,238.554,203.784,171.323,108.285,72.553,38.702,22.513,10.016
7.80833,238.716,203.902,171.398,108.285,72.512,38.730,22.528,10.021
7.81250,238.913,204.050,171.431,108.401,72.596,38.756,22.494,10.094
7.81667,239.004,204.120,171.513,108.426,72.643,38.796,22.482,10.036
7.82083,239.113,204.220,171.574,108.490,72.706,38.860,22.551,10.004
7.82500,239.251,204.307,171.730,108.487,72.743,38.846,22.589,10.026
7.82917,239.344,204.520,171.893,108.644,72.804,38.892,22.574,10.081
7.83333,239.431,204.576,171.952,108.666,72.775,38.879,22.555,10.013
7.83750,239.645,204.744,172.030,108.661,72.873,38.945,22.629,10.083
7.84167,239.793,204.789,172.123,108.789,72.853,38.884,22.634,10.048
7.84583,239.961,204.918,172.225,108.868,72.960,38.907,22.606,10.025
7.85000,240.012,205.101,172.380,108.905,72.991,38.946,22.673,10.018
7.85417,240.178,205.245,172.482,108.979,73.003,39.069,22.659,10.034
7.85833,240.301,205.285,172.562,109.084,73.056,39.003,22.589,10.125
7.86250,240.417,205.453,172.661,109.073,73.099,39.082,22.665,10.078
7.86667,240.570,205.555,172.682,109.151,73.185,39.121,22.695,10.053
7.87083,240.747,205.679,172.911,109.211,73.109,39.089,22.704,10.089
7.87500,240.869,205.754,172.932,109.263,73.249,39.124,22.684,10.009
7.87917,241.040,205.887,173.102,109.310,73.298,39.089,22.695,10.149
7.88333,241.132,205.981,173.154,109.382,73.308,39.123,22.734,10.130
7.88750,241.242,206.095,173.281,109.434,73.354,39.162,22.722,10.133
7.89167,241.421,206.300,173.344,109.490,73.412,39.181,22.702,10.161
7.89583,241.639,206.357,173.394,109.631,73.456,39.180,22.787,10.100
7.90000,241.626,206.438,173.551,109.710,73.440,39.250,22.715,10.090
7.90417,241.880,206.633,173.571,109.746,73.511,39.262,22.818,10.135
7.90833,241.932,206.667,173.692,109.798,73.571,39.295,22.776,10.102
7.91250,242.109,206.844,173.828,109.869,73.589,39.332,22.794,10.086
7.91667,242.224,206.963,173.934,109.903,73.655,39.428,22.866,10.193
7.92083,242.434,207.090,174.052,110.012,73.662,39.369,22.882,10.152
7.92500,242.463,207.186,174.125,109.955,73.735,39.402,22.885,10.129
7.92917,242.668,207.322,174.234,110.120,73.794,39.441,22.872,10.191
7.93333,242.738,207.343,174.317,110.158,73.843,39.485,22.889,10.144
7.93750,242.983,207.522,174.442,110.233,73.825,39.411,22.920,10.119
7.94167,243.066,207.607,174.508,110.317,73.939,39.443,22.947,10.236
7.94583,243.245,207.782,174.703,110.310,73.908,39.571,22.923,10.154
7.95000,243.358,207.859,174.754,110.441,73.968,39.565,22.912,10.167
7.95417,243.547,208.034,174.809,110.514,74.111,39.518,22.907,10.214
7.95833,243.641,208.170,174.930,110.601,74.069,39.621,22.948,10.264
7.96250,243.823,208.217,175.012,110.623,74.177,39.613,22.993,10.223
7.96667,243.912,208.438,175.132,110.720,74.143,39.668,22.977,10.194
7.97083,244.057,208.472,175.189,110.759,74.203,39.568,22.964,10.206
7.97500,244.217,208.654,175.306,110.855,74.238,39.634,23.016,10.198
7.97917,244.367,208.748,175.473,110.863,74.329,39.666,23.054,10.303
7.98333,244.454,208.900,175.561,110.900,74.259,39.661,23.022,10.291
7.98750,244.605,208.957,175.631,110.993,74.348,39.674,22.998,10.245
7.99167,244.760,209.090,175.753,111.057,74.409,39.759,23.017,10.253
7.99583,244.908,209.268,175.873,111.087,74.452,39.855,23.122,10.298
8.00000,245.090,209.337,176.014,111.133,74.499,39.851,23.095,10.219
8.00417,245.193,209.442,176.031,111.228,74.530,39.817,23.120,10.239
8.00833,245.361,209.560,176.203,111.311,74.622,39.900,23.096,10.308
8.01250,245.442,209.710,176.237,111.365,74.604,39.963,23.177,10.280
8.01667,245.635,209.871,176.373,111.483,74.634,39.901,23.131,10.366
8.02083,245.723,209.953,176.480,111.458,74.738,39.922,23.075,10.298
8.02500,245.840,210.036,176.603,111.611,74.773,39.955,23.188,10.273
8.02917,246.052,210.174,176.725,111.692,74.819,39.996,23.142,10.331
8.03333,246.257,210.273,176.722,111.711,74.889,40.010,23.186,10.289
8.03750,246.389,210.442,176.916,111.704,74.911,40.018,23.176,10.329
8.04167,246.414,210.569,176.966,111.867,74.939,40.058,23.232,10.355
8.04583,246.628,210.656,177.064,111.946,74.996,40.062,23.240,10.436
8.05000,246.831,210.817,177.208,111.960,75.062,40.086,23.276,10.364
8.05417,246.883,210.889,177.365,112.087,75.033,40.027,23.249,10.381
8.05833,247.098,211.067,177.487,112.125,75.162,40.199,23.263,10.391
8.06250,247.260,211.169,177.528,112.299,75.225,40.151,23.377,10.384
8.06667,247.384,211.370,177.701,112.356,75.267,40.200,23.363,10.478
8.07083,247.573,211.544,177.891,112.487,75.264,40.262,23.494,10.583
8.07500,247.744,211.703,177.990,112.664,75.379,40.390,23.582,10.607
8.07917,247.962,211.955,178.216,112.815,75.540,40.407,23.684,10.600
8.08333,248.178,212.114,178.497,113.044,75.656,40.414,23.822,10.815
8.08750,248.523,212.316,178.718,113.362,75.774,40.590,23.973,10.909
8.09167,248.823,212.621,179.011,113.674,75.958,40.674,24.217,11.084
8.09583,249.192,212.993,179.467,114.258,76.172,40.837,24.605,11.314
8.10000,249.716,213.409,179.968,114.811,76.361,40.975,24.970,11.686
8.10417,250.291,213.917,180.539,115.508,76.750,41.234,25.555,12.140
8.10833,250.945,214.531,181.266,116.470,77.160,41.494,26.261,12.761
8.11250,251.766,215.246,182.265,117.697,77.627,41.767,27.177,13.552
8.11667,252.760,216.087,183.353,119.171,78.372,42.196,28.366,14.439
8.12083,253.995,217.355,184.863,121.089,79.186,42.843,29.664,15.565
8.12500,255.516,218.724,186.556,123.350,80.241,43.519,31.518,17.065
8.12917,257.325,220.402,188.751,126.303,81.409,44.369,33.792,18.860
8.13333,259.625,222.447,191.416,129.699,82.913,45.313,36.396,21.066
8.13750,262.164,224.790,194.545,133.914,84.783,46.632,39.577,23.623
8.14167,265.220,227.695,198.236,138.859,86.983,48.011,43.506,26.876
8.14583,269.054,231.044,202.636,144.775,89.494,49.723,48.097,30.669
8.15000,273.296,235.036,207.828,151.729,92.518,51.794,53.542,35.036
8.15417,278.304,239.600,213.787,159.816,96.037,54.183,59.842,40.272
8.15833,283.974,244.916,220.728,169.135,100.072,56.861,67.098,46.199
8.16250,290.525,250.865,228.717,179.719,104.647,60.054,75.320,52.929
8.16667,297.940,257.622,237.612,191.729,109.849,63.460,84.749,60.678
8.17083,306.057,265.190,247.507,205.148,115.654,67.432,95.159,69.292
8.17500,315.162,273.563,258.591,219.927,122.229,71.767,106.786,78.860
8.17917,325.153,282.768,270.514,236.169,129.117,76.514,119.495,89.196
8.18333,336.003,292.591,283.614,253.763,136.799,81.669,133.410,100.682
8.18750,347.451,303.284,297.672,272.707,145.013,87.156,148.225,112.736
8.19167,359.694,314.538,312.437,292.643,153.716,93.141,163.857,125.640
8.19583,372.461,326.330,327.957,313.639,162.839,99.319,180.391,139.315
8.20000,385.726,338.557,344.029,335.433,172.245,105.695,197.394,153.348
8.20417,399.369,351.121,360.529,357.470,181.973,112.198,214.859,167.664
8.20833,413.064,363.711,377.196,379.922,191.763,118.883,232.531,182.152
8.21250,426.737,376.342,393.772,402.263,201.484,125.507,250.139,196.682
8.21667,440.128,388.660,410.001,424.141,211.140,131.969,267.438,210.806
8.22083,453.120,400.674,425.817,445.285,220.473,138.291,284.120,224.706
8.22500,465.459,412.082,440.732,465.328,229.230,144.293,299.994,237.737
8.22917,476.947,422.691,454.613,484.064,237.471,149.803,314.859,249.993
8.23333,487.499,432.422,467.392,501.136,245.042,154.951,328.352,261.102
8.23750,496.874,441.135,478.612,516.210,251.743,159.548,340.395,271.002
8.24167,504.931,448.538,488.392,529.221,257.566,163.481,350.671,279.618
8.24583,511.600,454.669,496.357,539.942,262.327,166.659,359.110,286.567
8.25000,516.698,459.382,502.553,548.150,265.945,169.052,365.654,291.947
8.25417,520.366,462.754,506.887,553.875,268.508,170.823,370.258,295.659
8.25833,522.366,464.594,509.262,556.939,269.870,171.831,372.688,297.649
8.26250,522.729,465.066,509.797,557.556,270.198,172.012,373.169,298.074
8.26667,521.797,464.095,508.433,555.665,269.439,171.420,371.630,296.804
8.27083,519.332,461.743,505.370,551.506,267.562,170.212,368.226,293.954
8.27500,515.440,458.222,500.678,545.163,264.719,168.219,363.050,289.712
8.27917,510.447,453.540,494.407,536.669,261.022,165.706,356.311,284.153
8.28333,504.223,447.826,486.855,526.415,256.477,162.635,348.181,277.304
8.28750,497.174,441.227,478.084,514.599,251.265,159.079,338.602,269.496
8.29167,489.187,433.941,468.374,501.345,245.440,155.147,328.175,260.782
8.29583,480.603,425.911,457.813,487.059,239.216,150.892,316.793,251.307
8.30000,471.490,417.450,446.636,471.874,232.489,146.395,304.823,241.303
8.30417,462.053,408.611,434.978,456.083,225.606,141.659,292.339,230.959
8.30833,452.327,399.648,423.006,439.935,218.548,136.886,279.530,220.180
8.31250,442.560,390.572,410.925,423.497,211.455,132.027,266.675,209.410
8.31667,432.718,381.618,398.887,407.158,204.429,127.282,253.865,198.577
8.32083,423.157,372.660,386.969,390.953,197.444,122.510,241.211,187.988
8.32500,413.797,363.899,375.248,375.108,190.496,117.953,228.931,177.479
8.32917,404.685,355.503,363.983,359.629,183.961,113.386,217.026,167.327
8.33333,396.017,347.437,353.111,344.830,177.644,109.195,205.758,157.358
8.33750,387.780,339.772,342.690,330.706,171.679,105.157,195.076,147.934
8.34167,380.003,332.621,332.932,317.242,166.133,101.333,185.057,139.044
8.34583,372.873,325.871,323.661,304.536,160.845,97.843,175.733,130.369
8.35000,366.276,319.718,315.069,292.700,156.037,94.601,167.256,122.417
8.35417,360.246,313.959,307.196,281.717,151.640,91.641,159.591,114.836
8.35833,354.812,308.846,299.829,271.595,147.659,88.962,152.624,107.753
8.36250,350.010,304.178,293.152,262.283,144.086,86.561,146.685,101.277
8.36667,345.735,300.172,287.139,253.900,141.027,84.512,141.532,95.107
8.37083,342.073,296.548,281.749,246.297,138.341,82.702,137.102,89.547
8.37500,339.079,293.548,276.954,239.499,135.981,81.173,133.538,84.319
8.37917,336.546,290.921,272.771,233.376,134.123,79.954,130.720,79.631
8.38333,334.568,288.864,269.130,228.103,132.590,78.999,128.746,75.319
8.38750,333.155,287.276,265.969,223.534,131.414,78.207,127.428,71.393
8.39167,332.115,286.006,263.382,219.516,130.596,77.733,126.652,67.807
8.39583,331.535,285.125,261.198,216.167,130.034,77.373,126.562,64.467
8.40000,331.218,284.667,259.403,213.311,129.838,77.246,126.976,61.555
8.40417,331.418,284.411,257.970,210.992,129.725,77.333,127.821,58.909
8.40833,331.778,284.360,256.908,208.992,129.903,77.521,129.002,56.518
8.41250,332.424,284.646,256.015,207.424,130.193,77.834,130.525,54.378
8.41667,333.066,284.976,255.341,206.066,130.651,78.111,132.097,52.399
8.42083,333.926,285.388,254.823,204.940,131.096,78.498,133.773,50.593
8.42500,334.833,285.873,254.444,204.058,131.546,78.818,135.523,49.013
8.42917,335.604,286.350,254.172,203.147,132.051,79.225,137.162,47.503
8.43333,336.361,286.702,253.888,202.428,132.484,79.569,138.673,46.074
8.43750,336.975,287.119,253.481,201.561,132.861,79.875,139.862,44.727
8.44167,337.429,287.291,253.160,200.678,133.060,80.064,140.936,43.471
8.44583,337.679,287.397,252.571,199.851,133.183,80.106,141.405,42.205
8.45000,337.724,287.321,251.998,198.723,133.077,80.127,141.636,41.134
8.45417,337.413,286.926,251.206,197.499,132.898,79.999,141.379,40.028
8.45833,336.966,286.401,250.289,196.140,132.478,79.644,140.630,38.927
8.46250,336.215,285.724,249.246,194.602,131.831,79.260,139.608,37.888
8.46667,335.146,284.738,248.011,192.829,131.012,78.719,137.990,36.737
8.47083,333.834,283.599,246.575,191.024,129.985,77.941,135.951,35.771
8.47500,332.347,282.342,245.060,188.903,128.813,77.222,133.509,34.640
8.47917,330.536,280.705,243.414,186.685,127.590,76.336,130.610,33.635
8.48333,328.543,279.068,241.567,184.412,126.099,75.286,127.538,32.543
8.48750,326.480,277.299,239.661,181.907,124.591,74.219,124.107,31.523
8.49167,324.173,275.325,237.735,179.330,122.827,72.985,120.329,30.455
8.49583,321.715,273.356,235.651,176.728,121.092,71.797,116.585,29.469
8.50000,319.239,271.291,233.605,174.013,119.374,70.500,112.512,28.496
8.50417,316.704,269.207,231.546,171.353,117.534,69.182,108.437,27.463
8.50833,314.207,266.989,229.300,168.731,115.641,67.913,104.312,26.494
8.51250,311.555,264.867,227.239,166.029,113.814,66.588,100.060,25.640
8.51667,309.029,262.745,225.237,163.422,111.986,65.321,95.927,24.699
8.52083,306.583,260.753,223.140,160.931,110.107,63.990,91.870,23.886
8.52500,304.085,258.661,221.232,158.394,108.435,62.736,87.785,23.069
8.52917,301.745,256.772,219.367,156.056,106.724,61.600,83.931,22.303
8.53333,299.533,254.908,217.476,153.789,105.127,60.429,80.219,21.498
8.53750,297.294,253.126,215.765,151.627,103.422,59.337,76.654,20.802
8.54167,295.341,251.396,214.180,149.564,101.952,58.296,73.172,20.141
8.54583,293.330,249.830,212.643,147.539,100.500,57.235,69.941,19.517
8.55000,291.493,248.245,211.163,145.676,99.169,56.336,66.865,18.899
8.55417,289.820,246.869,209.763,143.955,97.938,55.397,63.890,18.395
8.55833,288.156,245.566,208.584,142.434,96.766,54.560,61.206,17.899
8.56250,286.657,244.279,207.326,140.836,95.599,53.743,58.532,17.363
8.56667,285.189,243.115,206.210,139.444,94.558,53.008,56.125,16.879
8.57083,283.928,242.112,205.168,138.061,93.664,52.343,53.962,16.496
8.57500,282.802,241.125,204.272,136.851,92.821,51.686,51.845,16.153
8.57917,281.674,240.175,203.389,135.816,91.829,51.086,49.910,15.770
8.58333,280.640,239.308,202.553,134.727,91.112,50.565,48.089,15.368
8.58750,279.688,238.548,201.813,133.718,90.351,49.972,46.390,15.101
8.59167,278.866,237.851,201.146,132.840,89.825,49.563,44.850,14.792
8.59583,278.040,237.197,200.474,132.071,89.154,49.140,43.387,14.534
8.60000,277.378,236.655,199.928,131.271,88.583,48.719,42.020,14.336
8.60417,276.682,236.125,199.451,130.510,88.076,48.301,40.813,14.003
8.60833,276.119,235.636,198.892,129.963,87.582,48.020,39.655,13.819
8.61250,275.535,235.184,198.514,129.319,87.137,47.718,38.561,13.639
8.61667,275.044,234.761,198.126,128.785,86.744,47.385,37.534,13.445
8.62083,274.679,234.413,197.843,128.289,86.331,47.134,36.682,13.331
8.62500,274.237,234.146,197.447,127.877,86.015,46.934,35.837,13.167
8.62917,273.870,233.809,197.207,127.387,85.788,46.749,34.972,12.975
8.63333,273.583,233.616,196.962,127.067,85.479,46.489,34.304,12.949
8.63750,273.282,233.374,196.671,126.655,85.248,46.294,33.691,12.751
8.64167,273.047,233.187,196.490,126.356,84.961,46.142,33.012,12.592
8.64583,272.848,233.084,196.297,126.178,84.698,45.952,32.417,12.554
8.65000,272.555,232.811,196.166,125.839,84.551,45.835,31.945,12.451
8.65417,272.470,232.701,196.004,125.626,84.382,45.710,31.489,12.391
8.65833,272.366,232.526,195.920,125.421,84.203,45.594,31.007,12.264
8.66250,272.219,232.497,195.797,125.249,84.088,45.511,30.606,12.190
8.66667,272.133,232.429,195.729,125.096,83.916,45.352,30.231,12.187
8.67083,271.984,232.383,195.608,124.933,83.828,45.250,29.841,12.048
8.67500,271.925,232.282,195.617,124.756,83.683,45.136,29.481,12.040
8.67917,271.908,232.263,195.476,124.619,83.645,45.120,29.211,11.954
8.68333,271.827,232.165,195.528,124.523,83.519,45.075,28.935,11.924
8.68750,271.837,232.202,195.425,124.448,83.455,44.967,28.685,11.886
8.69167,271.848,232.262,195.418,124.403,83.365,44.897,28.519,11.867
8.69583,271.796,232.208,195.471,124.359,83.373,44.868,28.235,11.812
8.70000,271.877,232.311,195.419,124.261,83.323,44.827,28.057,11.784
8.70417,271.907,232.319,195.478,124.234,83.248,44.795,27.844,11.706
8.70833,271.943,232.341,195.489,124.195,83.217,44.746,27.734,11.625
8.71250,272.040,232.408,195.562,124.111,83.268,44.789,27.522,11.719
8.71667,271.998,232.445,195.588,124.033,83.189,44.742,27.371,11.684
8.72083,272.096,232.457,195.576,124.009,83.157,44.690,27.220,11.632
8.72500,272.216,232.586,195.608,124.050,83.096,44.723,27.153,11.622
8.72917,272.193,232.747,195.675,124.002,83.095,44.736,26.987,11.665
8.73333,272.277,232.693,195.721,123.998,83.146,44.616,26.922,11.632
8.73750,272.448,232.779,195.862,124.066,83.102,44.610,26.837,11.524
8.74167,272.478,232.924,195.903,124.104,83.109,44.654,26.795,11.600
8.74583,272.586,232.943,195.924,124.100,83.156,44.630,26.694,11.576
8.75000,272.640,233.009,196.046,124.064,83.148,44.691,26.629,11.575
8.75417,272.859,233.075,196.145,124.118,83.198,44.687,26.480,11.551
8.75833,272.944,233.219,196.212,124.222,83.223,44.677,26.466,11.538
8.76250,273.036,233.377,196.285,124.130,83.211,44.642,26.430,11.485
8.76667,273.119,233.453,196.285,124.188,83.194,44.737,26.350,11.507
8.77083,273.264,233.538,196.412,124.194,83.297,44.702,26.349,11.561
8.77500,273.510,233.626,196.551,124.313,83.259,44.679,26.301,11.502
8.77917,273.525,233.752,196.545,124.311,83.343,44.652,26.280,11.538
8.78333,273.673,233.813,196.698,124.391,83.291,44.730,26.268,11.479
8.78750,273.780,233.929,196.766,124.463,83.385,44.709,26.126,11.554
8.79167,273.938,234.115,196.899,124.441,83.370,44.767,26.194,11.514
8.79583,274.104,234.200,196.978,124.496,83.417,44.671,26.183,11.498
8.80000,274.170,234.271,197.062,124.609,83.416,44.784,26.109,11.494
8.80417,274.356,234.394,197.154,124.650,83.437,44.791,26.158,11.498
8.80833,274.490,234.571,197.215,124.665,83.427,44.792,26.184,11.550
8.81250,274.561,234.660,197.373,124.700,83.529,44.827,26.081,11.481
8.81667,274.773,234.784,197.513,124.761,83.598,44.878,26.142,11.486
8.82083,274.846,234.898,197.560,124.845,83.593,44.870,26.094,11.507
8.82500,275.045,234.950,197.643,124.920,83.700,44.914,26.047,11.520
8.82917,275.163,235.238,197.785,124.929,83.664,44.961,26.067,11.527
8.83333,275.352,235.248,197.882,124.958,83.706,44.957,26.049,11.525
8.83750,275.483,235.417,197.994,125.165,83.765,44.943,26.076,11.490
8.84167,275.627,235.550,198.108,125.111,83.849,44.976,26.062,11.572
8.84583,275.699,235.663,198.151,125.131,83.834,45.023,26.063,11.485
8.85000,275.933,235.883,198.297,125.310,83.874,45.045,26.030,11.598
8.85417,276.084,235.874,198.425,125.358,83.948,45.064,25.991,11.549
8.85833,276.240,236.044,198.603,125.418,84.011,45.057,26.055,11.562
8.86250,276.339,236.201,198.662,125.442,84.014,45.078,26.099,11.557
8.86667,276.469,236.264,198.764,125.531,84.090,45.129,26.074,11.500
8.87083,276.584,236.410,198.833,125.565,84.168,45.097,26.126,11.568
8.87500,276.832,236.643,198.999,125.617,84.162,45.111,26.060,11.547
8.87917,276.963,236.693,199.022,125.674,84.225,45.123,26.066,11.641
8.88333,277.076,236.832,199.176,125.831,84.310,45.190,26.015,11.604
8.88750,277.289,236.941,199.276,125.825,84.287,45.238,26.116,11.527
8.89167,277.464,237.130,199.448,125.933,84.387,45.252,26.077,11.594
8.89583,277.570,237.228,199.538,125.972,84.315,45.204,26.100,11.614
8.90000,277.687,237.415,199.661,126.017,84.420,45.287,26.122,11.538
8.90417,277.860,237.445,199.661,126.111,84.493,45.307,26.174,11.663
8.90833,278.029,237.575,199.889,126.191,84.503,45.359,26.107,11.632
8.91250,278.172,237.770,199.953,126.253,84.573,45.332,26.102,11.656
8.91667,278.363,237.841,200.099,126.280,84.634,45.329,26.221,11.630
8.92083,278.428,238.007,200.167,126.382,84.643,45.457,26.192,11.648
8.92500,278.662,238.091,200.315,126.478,84.659,45.424,26.159,11.640
8.92917,278.778,238.212,200.395,126.466,84.744,45.485,26.159,11.659
8.93333,278.938,238.404,200.457,126.502,84.763,45.470,26.209,11.597
8.93750,279.104,238.506,200.607,126.668,84.766,45.494,26.272,11.644
8.94167,279.174,238.696,200.744,126.811,84.969,45.525,26.287,11.630
8.94583,279.425,238.800,200.794,126.821,84.914,45.546,26.225,11.669
8.95000,279.531,238.979,200.901,126.768,84.970,45.617,26.235,11.663
8.95417,279.716,239.058,201.029,126.900,85.042,45.642,26.280,11.679
8.95833,279.899,239.152,201.166,126.971,85.165,45.652,26.285,11.719
8.96250,279.988,239.306,201.295,127.069,85.160,45.655,26.354,11.681
8.96667,280.184,239.408,201.358,127.189,85.176,45.704,26.298,11.720
8.97083,280.322,239.627,201.492,127.261,85.222,45.727,26.378,11.692
8.97500,280.482,239.730,201.597,127.235,85.281,45.706,26.323,11.704
8.97917,280.638,239.836,201.755,127.393,85.329,45.832,26.333,11.642
8.98333,280.742,239.974,201.857,127.449,85.395,45.792,26.401,11.744
8.98750,280.972,240.120,201.980,127.548,85.479,45.858,26.404,11.702
8.99167,281.145,240.220,202.112,127.542,85.490,45.856,26.416,11.692
8.99583,281.263,240.405,202.227,127.674,85.478,45.894,26.326,11.798
9.00000,281.398,240.524,202.340,127.815,85.602,45.890,26.418,11.756
9.00417,281.529,240.609,202.398,127.755,85.624,45.976,26.462,11.740
9.00833,281.678,240.826,202.483,127.894,85.662,45.867,26.466,11.801
9.01250,281.932,240.952,202.652,127.890,85.666,45.976,26.448,11.763
9.01667,282.028,241.056,202.774,128.017,85.730,46.011,26.465,11.728
9.02083,282.226,241.164,202.892,128.040,85.767,46.061,26.546,11.776
9.02500,282.399,241.359,202.970,128.147,85.825,46.032,26.468,11.817
9.02917,282.494,241.423,203.103,128.218,85.933,46.093,26.521,11.765
9.03333,282.635,241.585,203.254,128.237,85.925,46.128,26.461,11.737
9.03750,282.879,241.667,203.279,128.344,85.996,46.196,26.645,11.778
9.04167,282.934,241.819,203.413,128.419,86.084,46.146,26.625,11.764
9.04583,283.111,241.993,203.465,128.519,86.136,46.139,26.596,11.781
9.05000,283.307,242.053,203.615,128.529,86.067,46.237,26.572,11.832
9.05417,283.457,242.295,203.729,128.683,86.190,46.253,26.577,11.847
9.05833,283.616,242.326,203.843,128.678,86.187,46.242,26.595,11.787
9.06250,283.754,242.502,203.951,128.788,86.268,46.280,26.574,11.852
9.06667,283.945,242.588,204.017,128.807,86.275,46.424,26.703,11.867
9.07083,284.016,242.760,204.218,128.862,86.362,46.317,26.703,11.861
9.07500,284.158,242.883,204.289,128.943,86.349,46.396,26.649,11.846
9.07917,284.345,243.032,204.393,129.015,86.483,46.312,26.675,11.885
9.08333,284.488,243.181,204.523,129.138,86.416,46.402,26.658,11.859
9.08750,284.716,243.287,204.591,129.185,86.536,46.491,26.748,11.834
9.09167,284.836,243.391,204.731,129.265,86.571,46.461,26.787,11.887
9.09583,284.955,243.537,204.883,129.320,86.596,46.490,26.662,11.920
9.10000,285.104,243.678,204.949,129.352,86.643,46.554,26.738,11.892
9.10417,285.284,243.792,205.070,129.467,86.740,46.569,26.763,11.853
9.10833,285.433,243.948,205.225,129.520,86.782,46.579,26.774,11.928
9.11250,285.608,244.027,205.274,129.611,86.802,46.532,26.734,11.942
9.11667,285.763,244.237,205.387,129.622,86.841,46.683,26.852,11.934
9.12083,285.914,244.356,205.560,129.678,86.855,46.685,26.845,11.948
9.12500,286.032,244.453,205.611,129.837,86.935,46.718,26.791,11.937
9.12917,286.215,244.652,205.750,129.829,86.971,46.671,26.902,11.928
9.13333,286.404,244.696,205.883,129.923,87.041,46.667,26.875,11.939
9.13750,286.499,244.929,205.939,130.021,87.104,46.758,26.849,11.972
9.14167,286.643,244.950,206.083,130.072,87.081,46.757,26.897,11.948
9.14583,286.766,245.096,206.140,130.164,87.222,46.687,26.945,11.942
9.15000,286.980,245.240,206.287,130.132,87.196,46.813,26.873,11.859
9.15417,287.123,245.444,206.361,130.273,87.272,46.853,26.920,12.014
9.15833,287.295,245.516,206.452,130.399,87.281,46.877,26.925,12.025
9.16250,287.400,245.666,206.578,130.424,87.339,46.921,26.945,11.922
9.16667,287.484,245.767,206.719,130.497,87.388,46.926,26.905,12.008
9.17083,287.720,245.869,206.861,130.546,87.471,46.935,26.990,11.999
9.17500,287.834,246.081,206.932,130.662,87.473,46.936,26.947,11.967
9.17917,288.026,246.210,207.064,130.651,87.553,47.073,26.993,11.992
9.18333,288.161,246.277,207.173,130.806,87.565,47.034,26.974,11.971
9.18750,288.249,246.419,207.254,130.884,87.644,47.079,27.045,11.994
9.19167,288.532,246.534,207.420,130.939,87.674,47.050,27.065,12.024
9.19583,288.610,246.713,207.489,131.009,87.736,47.077,27.056,12.054
9.20000,288.809,246.778,207.638,131.036,87.773,47.157,27.100,11.972
9.20417,288.872,246.972,207.744,131.142,87.781,47.177,27.123,12.038
9.20833,289.091,247.051,207.875,131.187,87.914,47.242,27.128,12.051
9.21250,289.170,247.198,207.911,131.270,87.954,47.227,27.104,12.042
9.21667,289.372,247.334,207.995,131.351,87.906,47.231,27.205,12.078
9.22083,289.488,247.466,208.135,131.405,88.072,47.266,27.144,12.063
9.22500,289.677,247.630,208.206,131.423,88.050,47.298,27.186,12.049
9.22917,289.834,247.766,208.349,131.488,88.080,47.303,27.226,12.155
9.23333,289.939,247.866,208.472,131.602,88.081,47.331,27.224,12.082
9.23750,290.063,247.891,208.575,131.725,88.234,47.355,27.140,12.049
9.24167,290.289,248.033,208.676,131.712,88.122,47.375,27.269,12.141
9.24583,290.418,248.201,208.824,131.769,88.301,47.410,27.256,12.132
9.25000,290.611,248.379,208.923,131.887,88.285,47.389,27.229,12.088
9.25417,290.754,248.475,208.950,131.927,88.317,47.515,27.248,12.152
9.25833,290.817,248.577,209.157,132.005,88.443,47.446,27.217,12.136
9.26250,290.915,248.729,209.233,132.106,88.457,47.435,27.315,12.164
9.26667,291.173,248.801,209.323,132.152,88.469,47.535,27.313,12.127
9.27083,291.311,248.955,209.470,132.229,88.592,47.543,27.276,12.160
9.27500,291.463,249.173,209.568,132.273,88.598,47.633,27.329,12.114
9.27917,291.585,249.279,209.678,132.389,88.646,47.618,27.337,12.145
9.28333,291.771,249.379,209.705,132.418,88.635,47.634,27.387,12.133
9.28750,291.916,249.454,209.832,132.551,88.744,47.699,27.334,12.149
9.29167,292.126,249.581,209.952,132.513,88.749,47.695,27.380,12.135
9.29583,292.230,249.703,210.072,132.599,88.778,47.722,27.362,12.204
9.30000,292.337,249.837,210.201,132.707,88.835,47.684,27.431,12.218
9.30417,292.483,250.005,210.309,132.751,88.970,47.729,27.428,12.173
9.30833,292.544,250.163,210.425,132.852,88.939,47.760,27.442,12.198
9.31250,292.839,250.312,210.530,132.927,89.012,47.794,27.455,12.195
9.31667,292.965,250.417,210.574,132.993,89.048,47.899,27.440,12.202
9.32083,293.104,250.539,210.732,133.027,89.148,47.887,27.426,12.247
9.32500,293.129,250.718,210.820,133.110,89.148,47.866,27.526,12.256
9.32917,293.381,250.731,210.919,133.104,89.108,47.949,27.534,12.223
9.33333,293.539,250.913,211.065,133.226,89.236,47.902,27.507,12.259
9.33750,293.593,250.964,211.162,133.253,89.248,47.950,27.575,12.173
9.34167,293.786,251.146,211.254,133.286,89.314,47.972,27.486,12.246
9.34583,294.024,251.309,211.410,133.498,89.384,47.989,27.508,12.260
9.35000,294.089,251.403,211.436,133.490,89.448,47.947,27.594,12.241
9.35417,294.247,251.527,211.591,133.572,89.463,48.077,27.576,12.237
9.35833,294.381,251.670,211.650,133.595,89.514,48.057,27.668,12.287
9.36250,294.529,251.739,211.749,133.715,89.565,48.056,27.681,12.275
9.36667,294.725,251.977,211.983,133.726,89.541,48.078,27.632,12.239
9.37083,294.849,252.068,212.021,133.872,89.653,48.156,27.613,12.327
9.37500,294.952,252.150,212.095,133.863,89.622,48.183,27.654,12.290
9.37917,295.141,252.228,212.182,133.941,89.708,48.205,27.671,12.317
9.38333,295.251,252.439,212.300,134.044,89.792,48.255,27.676,12.373
9.38750,295.434,252.522,212.395,134.098,89.830,48.311,27.643,12.325
9.39167,295.564,252.603,212.524,134.066,89.812,48.283,27.684,12.234
9.39583,295.615,252.779,212.624,134.212,89.938,48.302,27.716,12.309
9.40000,295.822,252.817,212.715,134.274,89.904,48.387,27.691,12.336
9.40417,295.990,253.005,212.806,134.355,89.957,48.303,27.738,12.312
9.40833,296.065,253.162,212.994,134.456,90.106,48.321,27.697,12.305
9.41250,296.269,253.259,213.014,134.463,90.010,48.380,27.777,12.375
9.41667,296.381,253.367,213.126,134.558,90.071,48.411,27.806,12.450
9.42083,296.511,253.535,213.235,134.559,90.147,48.434,27.806,12.363
9.42500,296.660,253.676,213.325,134.713,90.221,48.438,27.778,12.392
9.42917,296.870,253.711,213.476,134.755,90.204,48.453,27.850,12.373
9.43333,297.005,253.897,213.596,134.774,90.250,48.525,27.834,12.397
9.43750,297.092,253.951,213.642,134.865,90.365,48.555,27.784,12.458
9.44167,297.227,254.130,213.731,134.903,90.419,48.514,27.893,12.411
9.44583,297.323,254.233,213.865,135.000,90.412,48.509,27.888,12.412
9.45000,297.554,254.321,213.981,135.003,90.451,48.637,27.946,12.388
9.45417,297.708,254.475,214.101,135.052,90.472,48.671,27.911,12.437
9.45833,297.874,254.587,214.189,135.168,90.547,48.631,27.899,12.449
9.46250,297.959,254.735,214.266,135.251,90.574,48.752,27.914,12.423
9.46667,298.041,254.874,214.358,135.312,90.665,48.679,27.910,12.452
9.47083,298.245,254.908,214.449,135.316,90.672,48.752,27.937,12.427
9.47500,298.394,255.066,214.634,135.417,90.657,48.725,28.006,12.381
9.47917,298.521,255.201,214.694,135.456,90.747,48.704,27.943,12.426
9.48333,298.677,255.325,214.822,135.586,90.772,48.806,28.030,12.425
9.48750,298.798,255.418,214.887,135.670,90.881,48.857,28.061,12.488
9.49167,298.949,255.577,214.979,135.643,90.865,48.816,28.048,12.504
9.49583,299.059,255.716,215.083,135.800,90.853,48.840,28.048,12.464
9.50000,299.249,255.827,215.090,135.791,90.950,48.889,28.002,12.455
9.50417,299.397,255.871,215.252,135.903,90.993,48.891,28.014,12.449
9.50833,299.518,256.033,215.390,135.972,91.047,48.908,28.038,12.465
9.51250,299.600,256.150,215.530,135.953,91.036,48.997,28.085,12.451
9.51667,299.837,256.268,215.560,136.036,91.070,48.884,28.098,12.479
9.52083,299.950,256.436,215.695,136.129,91.205,49.050,28.079,12.495
9.52500,300.030,256.498,215.752,136.151,91.149,48.981,28.110,12.541
9.52917,300.130,256.600,215.919,136.324,91.261,49.105,28.119,12.511
9.53333,300.384,256.735,215.943,136.318,91.292,49.027,28.101,12.487
9.53750,300.481,256.871,216.086,136.434,91.308,49.102,28.149,12.549
9.54167,300.575,256.895,216.175,136.410,91.337,49.118,28.159,12.514
9.54583,300.676,257.086,216.243,136.522,91.448,49.153,28.163,12.531
9.55000,300.884,257.252,216.365,136.515,91.471,49.132,28.212,12.528
9.55417,301.002,257.301,216.470,136.641,91.491,49.136,28.222,12.561
9.55833,301.098,257.509,216.594,136.673,91.570,49.198,28.219,12.561
9.56250,301.262,257.603,216.723,136.709,91.568,49.256,28.141,12.613
9.56667,301.361,257.648,216.724,136.827,91.675,49.221,28.231,12.589
9.57083,301.628,257.841,216.880,136.931,91.695,49.200,28.235,12.548
9.57500,301.680,257.932,217.017,136.913,91.721,49.270,28.253,12.541
9.57917,301.827,258.028,217.124,137.015,91.733,49.342,28.307,12.535
9.58333,301.931,258.178,217.194,137.096,91.796,49.330,28.294,12.508
9.58750,302.178,258.215,217.260,137.151,91.864,49.340,28.250,12.549
9.59167,302.196,258.421,217.360,137.190,91.861,49.393,28.282,12.608
9.59583,302.327,258.543,217.450,137.280,91.884,49.365,28.354,12.579
9.60000,302.524,258.624,217.532,137.330,91.922,49.488,28.352,12.609
9.60417,302.645,258.760,217.708,137.274,91.972,49.450,28.348,12.640
9.60833,302.728,258.862,217.723,137.458,91.971,49.454,28.374,12.627
9.61250,302.951,258.890,217.851,137.535,92.034,49.519,28.287,12.598
9.61667,303.021,259.018,217.928,137.511,92.126,49.567,28.440,12.654
9.62083,303.129,259.204,218.016,137.586,92.133,49.574,28.392,12.636
9.62500,303.274,259.255,218.190,137.664,92.164,49.521,28.408,12.614
9.62917,303.377,259.388,218.238,137.668,92.250,49.607,28.425,12.684
9.63333,303.576,259.501,218.293,137.768,92.295,49.638,28.463,12.617
9.63750,303.790,259.609,218.398,137.805,92.291,49.640,28.428,12.611
9.64167,303.740,259.729,218.467,137.885,92.367,49.693,28.423,12.606
9.64583,304.021,259.813,218.599,137.919,92.413,49.623,28.502,12.638
9.65000,304.050,259.934,218.733,138.029,92.435,49.638,28.507,12.662
9.65417,304.206,260.112,218.806,138.038,92.436,49.688,28.498,12.728
9.65833,304.314,260.234,218.909,138.131,92.479,49.752,28.514,12.638
9.66250,304.504,260.261,219.031,138.183,92.531,49.747,28.543,12.657
9.66667,304.624,260.380,219.134,138.297,92.574,49.710,28.535,12.710
9.67083,304.706,260.466,219.136,138.287,92.643,49.852,28.578,12.689
9.67500,304.853,260.622,219.222,138.348,92.653,49.812,28.632,12.726
9.67917,305.063,260.754,219.375,138.363,92.723,49.805,28.565,12.703
9.68333,305.114,260.885,219.436,138.469,92.726,49.818,28.544,12.717
9.68750,305.268,260.969,219.562,138.560,92.776,49.927,28.546,12.672
9.69167,305.433,261.053,219.692,138.667,92.821,49.880,28.645,12.635
9.69583,305.455,261.201,219.716,138.658,92.927,49.853,28.580,12.693
9.70000,305.622,261.270,219.770,138.780,92.977,49.914,28.574,12.688
9.70417,305.768,261.413,219.870,138.814,92.906,49.990,28.626,12.676
9.70833,305.927,261.536,220.044,138.796,92.884,50.001,28.623,12.727
9.71250,306.023,261.657,220.094,138.922,92.939,49.996,28.691,12.775
9.71667,306.101,261.810,220.160,138.966,92.987,50.078,28.718,12.762
9.72083,306.166,261.847,220.255,139.040,93.088,50.032,28.659,12.764
9.72500,306.382,261.913,220.392,139.075,93.112,50.091,28.721,12.778
9.72917,306.518,262.046,220.452,139.108,93.107,50.071,28.736,12.760
9.73333,306.712,262.193,220.564,139.205,93.209,50.143,28.709,12.727
9.73750,306.782,262.215,220.659,139.187,93.257,50.078,28.757,12.669
9.74167,306.859,262.370,220.716,139.287,93.232,50.162,28.726,12.822
9.74583,307.022,262.471,220.780,139.362,93.296,50.213,28.807,12.848
9.75000,307.094,262.605,220.917,139.377,93.372,50.182,28.719,12.805
9.75417,307.298,262.671,221.059,139.461,93.427,50.204,28.777,12.833
9.75833,307.384,262.788,221.082,139.529,93.463,50.244,28.708,12.827
9.76250,307.486,262.913,221.268,139.507,93.502,50.265,28.768,12.762
9.76667,307.642,263.075,221.298,139.639,93.496,50.282,28.768,12.873
9.77083,307.773,263.062,221.393,139.682,93.609,50.324,28.837,12.862
9.77500,307.872,263.243,221.527,139.743,93.581,50.347,28.854,12.796
9.77917,308.090,263.316,221.566,139.868,93.604,50.316,28.834,12.861
9.78333,308.104,263.367,221.618,139.870,93.589,50.333,28.882,12.891
9.78750,308.279,263.520,221.752,139.962,93.601,50.413,28.850,12.790
9.79167,308.384,263.594,221.788,140.016,93.767,50.430,28.893,12.809
9.79583,308.511,263.800,221.942,140.010,93.704,50.461,28.909,12.828
9.80000,308.610,263.900,222.034,140.089,93.821,50.450,28.905,12.855
9.80417,308.813,263.993,222.147,140.202,93.917,50.496,28.923,12.965
9.80833,308.901,264.022,222.147,140.200,93.878,50.446,28.967,12.839
9.81250,309.029,264.193,222.263,140.205,93.974,50.512,28.983,12.859
9.81667,309.165,264.247,222.386,140.259,93.978,50.524,28.952,12.885
9.82083,309.211,264.276,222.411,140.385,93.991,50.614,29.000,12.878
9.82500,309.387,264.449,222.533,140.393,94.030,50.555,28.954,12.903
9.82917,309.485,264.550,222.604,140.511,94.035,50.595,28.978,12.835
9.83333,309.574,264.706,222.701,140.503,94.057,50.632,28.973,12.916
9.83750,309.757,264.850,222.772,140.549,94.124,50.651,29.003,12.827
9.84167,309.789,264.895,222.855,140.673,94.168,50.601,28.989,12.892
9.84583,309.902,264.971,222.953,140.607,94.283,50.667,29.044,12.911
9.85000,310.076,265.071,223.042,140.765,94.264,50.713,29.089,12.933
9.85417,310.200,265.184,223.100,140.827,94.308,50.725,28.995,12.926
9.85833,310.317,265.275,223.187,140.868,94.359,50.690,29.044,12.866
9.86250,310.410,265.418,223.266,140.934,94.321,50.763,28.994,12.934
9.86667,310.529,265.506,223.410,140.964,94.427,50.775,29.109,12.929
9.87083,310.681,265.610,223.499,141.015,94.433,50.722,29.128,12.946
9.87500,310.749,265.678,223.552,141.040,94.515,50.854,29.037,12.938
9.87917,310.878,265.755,223.677,141.195,94.476,50.772,29.112,12.954
9.88333,311.013,265.903,223.689,141.273,94.550,50.876,29.025,12.875
9.88750,311.098,266.035,223.802,141.248,94.516,50.853,29.123,13.025
9.89167,311.247,266.089,223.789,141.260,94.580,50.933,29.131,12.955
9.89583,311.413,266.173,224.028,141.355,94.663,50.935,29.116,12.912
9.90000,311.463,266.321,224.037,141.412,94.739,50.984,29.169,12.970
9.90417,311.614,266.411,224.118,141.470,94.745,50.927,29.224,12.942
9.90833,311.695,266.444,224.274,141.518,94.759,50.916,29.110,13.034
9.91250,311.849,266.642,224.299,141.527,94.813,50.906,29.150,12.947
9.91667,312.022,266.791,224.419,141.611,94.863,50.993,29.201,12.979
9.92083,312.001,266.797,224.510,141.653,94.807,50.996,29.202,12.903
9.92500,312.187,266.901,224.618,141.653,94.855,51.005,29.187,13.003
9.92917,312.331,266.951,224.626,141.742,94.902,51.051,29.254,13.033
9.93333,312.384,267.100,224.679,141.774,94.997,51.094,29.266,13.019
9.93750,312.494,267.197,224.875,141.899,95.003,51.061,29.307,13.033
9.94167,312.645,267.234,224.886,141.859,95.011,51.119,29.275,13.016
9.94583,312.720,267.365,224.966,141.982,95.083,51.101,29.273,13.018
9.95000,312.862,267.518,225.043,142.072,95.063,51.155,29.300,13.001
9.95417,312.903,267.619,225.087,142.174,95.156,51.201,29.334,13.035
9.95833,313.096,267.650,225.167,142.160,95.128,51.197,29.326,13.002
9.96250,313.184,267.796,225.335,142.123,95.266,51.256,29.318,13.050
9.96667,313.323,267.826,225.344,142.262,95.251,51.158,29.354,13.063
9.97083,313.475,267.928,225.454,142.244,95.268,51.293,29.249,13.076
9.97500,313.488,268.082,225.572,142.294,95.326,51.248,29.313,13.023
9.97917,313.535,268.150,225.562,142.360,95.303,51.272,29.366,13.046
9.98333,313.706,268.293,225.663,142.400,95.414,51.336,29.421,12.951
9.98750,313.814,268.392,225.755,142.453,95.424,51.256,29.338,13.061
9.99167,313.947,268.420,225.838,142.567,95.422,51.317,29.333,13.039
9.99583,314.051,268.516,225.959,142.583,95.466,51.427,29.393,13.066
10.00000,314.116,268.598,226.062,142.631,95.486,51.383,29.476,13.031
10.00417,314.252,268.695,226.122,142.626,95.534,51.347,29.447,13.042
10.00833,314.363,268.830,226.136,142.737,95.577,51.401,29.459,13.082
10.01250,314.474,268.847,226.289,142.765,95.613,51.424,29.390,13.094
10.01667,314.544,268.945,226.327,142.886,95.652,51.431,29.461,13.124
10.02083,314.735,269.071,226.465,142.851,95.720,51.451,29.516,13.090
10.02500,314.827,269.196,226.474,142.939,95.684,51.480,29.500,13.105
10.02917,314.914,269.269,226.600,142.982,95.713,51.501,29.448,13.078
10.03333,315.003,269.379,226.665,143.001,95.759,51.516,29.527,13.113
10.03750,315.121,269.501,226.708,143.077,95.827,51.549,29.469,13.074
10.04167,315.276,269.576,226.812,143.089,95.793,51.602,29.520,13.126
10.04583,315.318,269.670,226.855,143.192,95.849,51.555,29.498,13.087
10.05000,315.390,269.661,227.003,143.170,95.959,51.614,29.528,13.065
10.05417,315.576,269.832,227.012,143.176,95.951,51.627,29.561,13.176
10.05833,315.604,269.914,227.087,143.251,95.986,51.598,29.528,13.103
10.06250,315.828,269.966,227.173,143.295,96.020,51.688,29.553,13.146
10.06667,315.803,270.125,227.284,143.348,95.980,51.634,29.603,13.135
10.07083,316.025,270.188,227.352,143.437,96.092,51.716,29.559,13.144
10.07500,316.148,270.268,227.436,143.512,96.101,51.736,29.576,13.195
10.07917,316.183,270.380,227.500,143.533,96.084,51.736,29.553,13.158
10.08333,316.352,270.449,227.547,143.566,96.225,51.766,29.618,13.183
10.08750,316.426,270.493,227.572,143.632,96.138,51.823,29.592,13.128
10.09167,316.464,270.645,227.662,143.656,96.135,51.779,29.626,13.144
10.09583,316.628,270.703,227.815,143.717,96.258,51.781,29.640,13.103
10.10000,316.688,270.814,227.905,143.770,96.290,51.817,29.636,13.183
10.10417,316.786,270.873,227.899,143.889,96.265,51.838,29.628,13.169
10.10833,316.939,270.993,227.969,143.898,96.326,51.835,29.618,13.222
10.11250,316.990,271.073,228.100,143.984,96.375,51.844,29.695,13.232
10.11667,317.096,271.131,228.136,144.013,96.388,51.921,29.648,13.227
10.12083,317.251,271.203,228.282,143.977,96.460,51.928,29.678,13.211
10.12500,317.280,271.302,228.286,144.133,96.516,51.921,29.736,13.224
10.12917,317.450,271.409,228.411,144.152,96.477,51.897,29.653,13.190
10.13333,317.525,271.529,228.407,144.190,96.548,51.883,29.703,13.224
10.13750,317.646,271.598,228.456,144.225,96.587,51.939,29.713,13.247
10.14167,317.751,271.644,228.591,144.264,96.512,51.982,29.765,13.231
10.14583,317.807,271.726,228.717,144.309,96.623,52.010,29.732,13.251
10.15000,318.000,271.885,228.767,144.333,96.585,52.017,29.750,13.255
10.15417,318.036,271.911,228.780,144.406,96.645,52.051,29.761,13.238
10.15833,318.089,272.029,228.935,144.365,96.671,52.032,29.769,13.250
10.16250,318.229,272.134,228.955,144.459,96.777,52.041,29.720,13.278
10.16667,318.276,272.189,229.024,144.499,96.779,52.038,29.785,13.257
10.17083,318.385,272.261,229.013,144.531,96.790,52.116,29.805,13.273
10.17500,318.481,272.346,229.158,144.546,96.876,52.140,29.774,13.161
10.17917,318.600,272.399,229.272,144.610,96.895,52.121,29.871,13.240
10.18333,318.694,272.488,229.316,144.701,96.902,52.134,29.811,13.245
10.18750,318.848,272.586,229.424,144.672,96.962,52.175,29.836,13.274
10.19167,318.943,272.686,229.482,144.748,96.975,52.181,29.783,13.296
10.19583,319.021,272.687,229.550,144.788,96.988,52.204,29.864,13.280
10.20000,319.043,272.851,229.647,144.903,97.046,52.158,29.864,13.273
10.20417,319.239,272.927,229.651,144.895,97.060,52.237,29.874,13.302
10.20833,319.236,273.050,229.679,144.946,97.035,52.191,29.870,13.348
10.21250,319.356,273.084,229.842,144.930,97.107,52.262,29.815,13.256
10.21667,319.498,273.233,229.838,145.049,97.149,52.232,29.924,13.349
10.22083,319.577,273.238,229.947,145.074,97.153,52.243,29.991,13.253
10.22500,319.733,273.278,230.020,145.077,97.117,52.251,29.891,13.269
10.22917,319.742,273.395,230.096,145.156,97.227,52.360,29.911,13.288
10.23333,319.867,273.523,230.163,145.212,97.288,52.333,29.929,13.283
10.23750,320.014,273.559,230.214,145.257,97.269,52.342,29.896,13.336
10.24167,320.041,273.643,230.275,145.292,97.259,52.317,29.958,13.314
10.24583,320.178,273.703,230.299,145.319,97.330,52.386,29.987,13.286
10.25000,320.211,273.738,230.426,145.354,97.366,52.430,29.934,13.331
10.25417,320.323,273.811,230.443,145.412,97.413,52.448,30.006,13.307
10.25833,320.408,274.010,230.539,145.542,97.433,52.431,29.966,13.373
10.26250,320.562,274.063,230.673,145.519,97.484,52.373,29.968,13.336
10.26667,320.581,274.155,230.680,145.542,97.429,52.473,30.005,13.402
10.27083,320.716,274.201,230.708,145.528,97.528,52.451,30.001,13.375
10.27500,320.771,274.263,230.858,145.639,97.482,52.515,30.015,13.346
10.27917,320.862,274.373,230.894,145.695,97.539,52.562,30.004,13.392
10.28333,320.942,274.443,230.921,145.692,97.572,52.570,30.022,13.358
10.28750,321.061,274.489,230.965,145.734,97.661,52.521,30.054,13.369
10.29167,321.124,274.621,231.121,145.791,97.627,52.560,30.113,13.335
10.29583,321.173,274.630,231.121,145.813,97.666,52.591,30.083,13.349
10.30000,321.304,274.815,231.189,145.847,97.686,52.614,30.015,13.353
10.30417,321.382,274.850,231.243,145.899,97.672,52.567,30.070,13.359
10.30833,321.483,274.966,231.264,145.997,97.726,52.601,30.063,13.372
10.31250,321.556,274.983,231.366,145.968,97.724,52.620,30.136,13.409
10.31667,321.713,275.003,231.437,146.071,97.820,52.644,30.129,13.374
10.32083,321.680,275.155,231.559,146.093,97.858,52.650,30.148,13.351
10.32500,321.845,275.254,231.624,146.169,97.867,52.649,30.080,13.315
10.32917,322.003,275.256,231.603,146.157,97.863,52.702,30.101,13.429
10.33333,322.034,275.293,231.721,146.172,97.925,52.686,30.125,13.397
10.33750,322.172,275.413,231.734,146.308,97.903,52.731,30.147,13.401
10.34167,322.183,275.528,231.874,146.309,97.980,52.710,30.144,13.430
10.34583,322.239,275.615,231.914,146.314,98.007,52.767,30.168,13.383
10.35000,322.299,275.630,231.993,146.389,98.048,52.785,30.209,13.438
10.35417,322.470,275.796,232.011,146.436,98.021,52.808,30.142,13.402
10.35833,322.617,275.788,232.095,146.503,98.072,52.805,30.196,13.399
10.36250,322.625,275.891,232.106,146.525,98.087,52.824,30.205,13.421
10.36667,322.705,275.988,232.214,146.507,98.085,52.792,30.168,13.496
10.37083,322.819,276.066,232.357,146.529,98.142,52.764,30.145,13.479
10.37500,322.848,276.088,232.331,146.549,98.119,52.864,30.266,13.428
10.37917,322.941,276.100,232.370,146.623,98.186,52.889,30.237,13.434
10.38333,323.072,276.224,232.437,146.669,98.170,52.855,30.195,13.347
10.38750,323.123,276.253,232.509,146.711,98.258,52.816,30.231,13.498
10.39167,323.247,276.382,232.588,146.718,98.238,52.927,30.173,13.400
10.39583,323.290,276.479,232.660,146.795,98.358,52.918,30.259,13.411
10.40000,323.444,276.523,232.745,146.794,98.332,52.922,30.252,13.432
10.40417,323.442,276.637,232.697,146.879,98.355,52.984,30.263,13.450
10.40833,323.537,276.667,232.806,146.854,98.361,53.012,30.243,13.473
10.41250,323.652,276.766,232.874,146.920,98.329,52.915,30.307,13.450
10.41667,323.758,276.799,233.011,146.933,98.401,53.008,30.256,13.458
10.42083,323.793,276.838,232.999,147.024,98.406,52.996,30.273,13.546
10.42500,323.849,276.954,233.066,147.020,98.535,53.055,30.264,13.506
10.42917,323.952,277.031,233.112,147.027,98.523,53.047,30.316,13.470
10.43333,324.083,277.069,233.232,147.090,98.549,53.007,30.329,13.444
10.43750,324.102,277.108,233.196,147.153,98.556,53.102,30.272,13.482
10.44167,324.187,277.222,233.250,147.208,98.536,53.114,30.327,13.507
10.44583,324.297,277.329,233.398,147.228,98.632,53.056,30.332,13.447
10.45000,324.327,277.375,233.380,147.228,98.629,53.079,30.314,13.489
10.45417,324.432,277.456,233.454,147.328,98.663,53.134,30.361,13.487
10.45833,324.540,277.511,233.533,147.331,98.682,53.121,30.370,13.418
10.46250,324.601,277.593,233.580,147.410,98.695,53.125,30.357,13.495
10.46667,324.719,277.646,233.622,147.448,98.763,53.094,30.376,13.510
10.47083,324.749,277.714,233.730,147.402,98.738,53.156,30.442,13.549
10.47500,324.876,277.740,233.755,147.539,98.721,53.182,30.393,13.543
10.47917,324.870,277.838,233.863,147.530,98.774,53.201,30.421,13.521
10.48333,325.018,277.896,233.850,147.606,98.808,53.225,30.376,13.551
10.48750,325.091,277.960,233.937,147.643,98.833,53.217,30.388,13.482
10.49167,325.125,278.053,234.013,147.614,98.830,53.248,30.510,13.543
10.49583,325.221,278.117,233.996,147.641,98.867,53.317,30.432,13.530
10.50000,325.264,278.163,234.143,147.649,98.885,53.280,30.395,13.534
10.50417,325.376,278.261,234.145,147.734,98.916,53.239,30.451,13.529
10.50833,325.491,278.314,234.203,147.787,98.920,53.331,30.443,13.572
10.51250,325.522,278.402,234.286,147.815,98.981,53.292,30.425,13.545
10.51667,325.736,278.452,234.343,147.907,99.014,53.270,30.473,13.560
10.52083,325.659,278.457,234.404,147.909,99.037,53.337,30.496,13.561
10.52500,325.770,278.538,234.382,147.902,99.008,53.311,30.484,13.579
10.52917,325.841,278.666,234.462,147.921,99.066,53.319,30.469,13.491
10.53333,325.950,278.657,234.539,147.950,99.012,53.404,30.470,13.601
10.53750,325.980,278.749,234.543,148.045,99.007,53.422,30.484,13.546
10.54167,326.068,278.792,234.603,148.046,99.184,53.400,30.492,13.539
10.54583,326.159,278.854,234.685,148.054,99.173,53.418,30.492,13.546
10.55000,326.228,278.876,234.717,148.150,99.227,53.388,30.514,13.592
10.55417,326.277,279.054,234.759,148.186,99.178,53.463,30.538,13.617
10.55833,326.331,279.165,234.887,148.159,99.197,53.489,30.535,13.557
10.56250,326.454,279.162,234.866,148.174,99.276,53.447,30.517,13.597
10.56667,326.512,279.220,234.938,148.260,99.279,53.450,30.524,13.569
10.57083,326.549,279.268,234.985,148.242,99.268,53.499,30.538,13.583
10.57500,326.622,279.386,235.009,148.296,99.287,53.442,30.635,13.537
10.57917,326.683,279.338,235.184,148.359,99.327,53.528,30.549,13.610
10.58333,326.816,279.426,235.138,148.410,99.347,53.465,30.602,13.653
10.58750,326.850,279.563,235.224,148.495,99.377,53.548,30.589,13.658
10.59167,326.909,279.573,235.257,148.464,99.408,53.524,30.559,13.568
10.59583,326.988,279.515,235.248,148.473,99.427,53.556,30.617,13.661
10.60000,327.064,279.732,235.444,148.547,99.367,53.531,30.578,13.568
10.60417,327.148,279.785,235.470,148.510,99.452,53.486,30.595,13.617
10.60833,327.154,279.827,235.514,148.633,99.445,53.563,30.582,13.604
10.61250,327.310,279.886,235.498,148.615,99.453,53.596,30.560,13.599
10.61667,327.381,279.949,235.616,148.630,99.505,53.682,30.603,13.589
10.62083,327.407,279.976,235.667,148.678,99.546,53.626,30.600,13.650
10.62500,327.524,280.067,235.670,148.739,99.595,53.630,30.599,13.619
10.62917,327.521,280.086,235.697,148.717,99.581,53.636,30.636,13.582
10.63333,327.636,280.194,235.793,148.781,99.634,53.635,30.620,13.596
10.63750,327.719,280.188,235.823,148.790,99.688,53.676,30.624,13.633
10.64167,327.756,280.310,235.885,148.811,99.576,53.679,30.625,13.668
10.64583,327.789,280.365,235.880,148.891,99.699,53.662,30.707,13.643
10.65000,327.940,280.424,235.940,148.915,99.625,53.733,30.716,13.620
10.65417,327.944,280.501,236.013,148.914,99.682,53.682,30.669,13.597
10.65833,328.055,280.535,236.130,148.994,99.764,53.807,30.692,13.579
10.66250,328.204,280.576,236.106,148.947,99.768,53.734,30.644,13.655
10.66667,328.201,280.684,236.234,149.079,99.827,53.725,30.729,13.615
10.67083,328.245,280.729,236.288,149.032,99.810,53.765,30.650,13.689
10.67500,328.368,280.743,236.270,149.073,99.846,53.772,30.709,13.678
10.67917,328.415,280.780,236.292,149.092,99.809,53.805,30.740,13.701
10.68333,328.419,280.855,236.370,149.162,99.918,53.813,30.701,13.653
10.68750,328.512,280.912,236.420,149.139,99.912,53.831,30.719,13.661
10.69167,328.609,280.964,236.413,149.128,99.888,53.796,30.780,13.707
10.69583,328.653,281.023,236.494,149.219,99.903,53.789,30.740,13.647
10.70000,328.697,281.118,236.594,149.317,99.929,53.856,30.771,13.710
10.70417,328.766,281.174,236.615,149.277,99.988,53.812,30.753,13.705
10.70833,328.835,281.208,236.639,149.347,99.933,53.846,30.749,13.676
10.71250,328.919,281.307,236.725,149.375,100.021,53.877,30.735,13.673
10.71667,329.000,281.309,236.706,149.329,99.968,53.848,30.764,13.670
10.72083,329.056,281.360,236.833,149.443,100.058,53.852,30.718,13.738
10.72500,329.070,281.374,236.857,149.398,100.042,53.844,30.823,13.674
10.72917,329.157,281.511,236.914,149.459,100.120,53.910,30.777,13.696
10.73333,329.298,281.528,236.970,149.482,100.094,53.927,30.840,13.699
10.73750,329.302,281.616,236.984,149.461,100.144,53.901,30.761,13.702
10.74167,329.388,281.745,237.035,149.520,100.130,53.919,30.824,13.674
10.74583,329.430,281.712,237.031,149.607,100.155,53.896,30.806,13.706
10.75000,329.497,281.819,237.117,149.539,100.169,53.938,30.788,13.731
10.75417,329.522,281.815,237.157,149.649,100.215,53.971,30.759,13.740
10.75833,329.536,281.803,237.175,149.607,100.231,53.982,30.810,13.716
10.76250,329.624,281.898,237.246,149.684,100.174,54.009,30.830,13.725
10.76667,329.661,281.986,237.249,149.731,100.262,54.080,30.837,13.691
10.77083,329.781,282.038,237.338,149.678,100.285,53.975,30.836,13.712
10.77500,329.819,282.057,237.447,149.774,100.315,53.999,30.859,13.698
10.77917,329.916,282.153,237.406,149.747,100.265,54.040,30.871,13.664
10.78333,329.943,282.186,237.445,149.756,100.356,54.036,30.858,13.690
10.78750,330.066,282.259,237.594,149.862,100.403,54.046,30.792,13.722
10.79167,330.049,282.270,237.535,149.867,100.356,54.077,30.853,13.724
10.79583,330.084,282.316,237.656,149.994,100.395,54.055,30.902,13.694
10.80000,330.196,282.375,237.687,149.969,100.350,54.064,30.846,13.741
10.80417,330.253,282.414,237.757,149.972,100.353,54.117,30.889,13.714
10.80833,330.329,282.466,237.764,149.986,100.421,54.072,30.874,13.695
10.81250,330.355,282.522,237.782,150.025,100.460,54.004,30.954,13.727
10.81667,330.452,282.669,237.851,150.027,100.537,54.088,30.909,13.726
10.82083,330.552,282.722,237.860,150.066,100.521,54.085,30.882,13.755
10.82500,330.580,282.694,237.895,150.061,100.540,54.196,30.866,13.700
10.82917,330.651,282.756,237.913,150.116,100.582,54.182,30.912,13.703
10.83333,330.697,282.851,237.961,150.178,100.523,54.146,30.885,13.770
10.83750,330.749,282.828,238.104,150.193,100.535,54.122,30.893,13.739
10.84167,330.810,282.822,238.131,150.182,100.584,54.183,30.996,13.712
10.84583,330.862,282.950,238.079,150.297,100.600,54.177,30.883,13.734
10.85000,330.915,283.009,238.178,150.315,100.641,54.203,30.964,13.717
10.85417,330.975,282.992,238.143,150.268,100.605,54.220,30.924,13.784
10.85833,331.052,283.108,238.215,150.336,100.644,54.230,30.937,13.766
10.86250,331.150,283.179,238.281,150.379,100.642,54.151,30.918,13.813
10.86667,331.225,283.220,238.330,150.297,100.703,54.207,30.920,13.778
10.87083,331.188,283.271,238.343,150.376,100.692,54.294,30.895,13.823
10.87500,331.308,283.301,238.440,150.381,100.766,54.292,30.969,13.765
10.87917,331.332,283.325,238.443,150.399,100.734,54.223,30.994,13.829
10.88333,331.326,283.426,238.457,150.462,100.779,54.267,30.962,13.810
10.88750,331.450,283.435,238.630,150.526,100.742,54.274,31.058,13.822
10.89167,331.506,283.567,238.586,150.537,100.777,54.240,30.925,13.849
10.89583,331.541,283.494,238.685,150.592,100.820,54.252,31.039,13.781
10.90000,331.563,283.619,238.653,150.581,100.856,54.311,30.983,13.836
10.90417,331.644,283.595,238.736,150.630,100.806,54.315,31.000,13.800
10.90833,331.745,283.745,238.625,150.608,100.856,54.354,31.085,13.847
10.91250,331.745,283.758,238.752,150.651,100.845,54.395,31.089,13.750
10.91667,331.817,283.696,238.812,150.624,100.854,54.338,30.970,13.848
10.92083,331.893,283.781,238.906,150.668,100.915,54.333,31.011,13.737
10.92500,331.939,283.801,238.890,150.754,100.920,54.407,31.045,13.893
10.92917,332.040,283.889,238.993,150.775,100.921,54.368,31.039,13.840
10.93333,332.057,283.996,239.009,150.781,100.906,54.423,30.979,13.861
10.93750,332.080,283.980,238.992,150.781,100.977,54.389,31.068,13.806
10.94167,332.114,284.113,239.085,150.833,100.929,54.375,31.074,13.786
10.94583,332.212,284.130,239.146,150.848,100.983,54.378,31.057,13.807
10.95000,332.224,284.123,239.079,150.863,100.996,54.489,31.026,13.821
10.95417,332.283,284.154,239.128,150.887,101.038,54.408,31.041,13.817
10.95833,332.320,284.150,239.231,150.926,100.936,54.470,31.112,13.798
10.96250,332.364,284.263,239.247,150.942,101.015,54.441,31.045,13.827
10.96667,332.447,284.271,239.276,150.962,101.048,54.467,31.129,13.778
10.97083,332.505,284.413,239.302,150.976,101.088,54.436,31.161,13.761
10.97500,332.508,284.391,239.326,151.047,101.062,54.484,31.091,13.854
10.97917,332.635,284.428,239.437,151.046,101.086,54.489,31.056,13.773
10.98333,332.620,284.504,239.374,151.100,101.147,54.555,31.177,13.845
10.98750,332.723,284.509,239.469,151.106,101.190,54.444,31.123,13.885
10.99167,332.729,284.638,239.457,151.112,101.180,54.452,31.107,13.833
10.99583,332.802,284.637,239.545,151.150,101.194,54.563,31.124,13.881
11.00000,332.857,284.701,239.596,151.204,101.187,54.540,31.169,13.881
11.00417,332.878,284.727,239.612,151.176,101.221,54.513,31.117,13.858
11.00833,332.929,284.699,239.663,151.293,101.230,54.497,31.085,13.790
11.01250,333.049,284.801,239.698,151.199,101.254,54.569,31.099,13.810
11.01667,333.025,284.884,239.716,151.174,101.267,54.579,31.176,13.795
11.02083,333.131,284.858,239.729,151.295,101.316,54.543,31.186,13.834
11.02500,333.158,284.909,239.759,151.264,101.316,54.549,31.172,13.846
11.02917,333.196,284.950,239.864,151.334,101.330,54.615,31.174,13.867
11.03333,333.299,285.009,239.864,151.332,101.382,54.597,31.138,13.892
11.03750,333.326,285.050,239.908,151.351,101.339,54.617,31.151,13.828
11.04167,333.334,285.032,239.930,151.330,101.383,54.549,31.179,13.834
11.04583,333.381,285.199,239.973,151.342,101.398,54.654,31.184,13.862
11.05000,333.451,285.235,240.033,151.414,101.371,54.625,31.219,13.861
11.05417,333.529,285.219,239.998,151.481,101.354,54.576,31.128,13.919
11.05833,333.585,285.226,240.108,151.432,101.400,54.632,31.188,13.858
11.06250,333.611,285.244,240.147,151.519,101.406,54.645,31.216,13.912
11.06667,333.656,285.405,240.140,151.586,101.464,54.659,31.189,13.832
11.07083,333.659,285.367,240.206,151.525,101.449,54.643,31.118,13.806
11.07500,333.745,285.383,240.205,151.551,101.452,54.709,31.204,13.914
11.07917,333.751,285.424,240.256,151.584,101.497,54.701,31.218,13.898
11.08333,333.829,285.474,240.303,151.665,101.519,54.637,31.202,13.899
11.08750,333.822,285.547,240.324,151.557,101.509,54.686,31.253,13.914
11.09167,333.883,285.556,240.372,151.658,101.537,54.695,31.187,13.825
11.09583,333.965,285.579,240.387,151.673,101.490,54.717,31.238,13.863
11.10000,333.973,285.694,240.400,151.725,101.555,54.728,31.249,13.902
11.10417,334.044,285.672,240.452,151.651,101.686,54.761,31.268,13.911
11.10833,334.039,285.742,240.511,151.713,101.607,54.774,31.223,13.864
11.11250,334.108,285.695,240.542,151.689,101.674,54.771,31.213,13.922
11.11667,334.240,285.794,240.460,151.773,101.625,54.769,31.222,13.903
11.12083,334.214,285.928,240.601,151.755,101.652,54.730,31.304,13.890
11.12500,334.300,285.836,240.585,151.840,101.647,54.771,31.291,13.895
11.12917,334.369,285.956,240.696,151.805,101.713,54.785,31.250,13.885
11.13333,334.458,285.941,240.617,151.878,101.681,54.736,31.265,13.957
11.13750,334.402,285.995,240.716,151.867,101.687,54.793,31.249,13.926
11.14167,334.423,286.104,240.744,151.842,101.694,54.824,31.235,13.962
11.14583,334.516,286.056,240.808,151.863,101.792,54.833,31.243,13.929
11.15000,334.539,286.056,240.836,151.865,101.733,54.804,31.259,13.930
11.15417,334.595,286.090,240.845,151.948,101.712,54.800,31.300,13.925
11.15833,334.558,286.175,240.850,151.957,101.827,54.806,31.284,13.902
11.16250,334.735,286.240,240.881,151.957,101.690,54.854,31.276,13.922
11.16667,334.736,286.206,240.877,151.959,101.764,54.800,31.310,13.967
11.17083,334.750,286.311,240.959,152.016,101.803,54.794,31.269,13.921
11.17500,334.768,286.352,240.983,152.041,101.797,54.847,31.293,13.968
11.17917,334.867,286.312,240.984,152.049,101.874,54.835,31.325,13.890
11.18333,334.907,286.382,241.073,152.057,101.777,54.844,31.352,13.940
11.18750,334.950,286.466,241.054,152.094,101.865,54.851,31.322,13.884
11.19167,334.998,286.448,241.159,152.146,101.784,54.885,31.336,13.898
11.19583,334.936,286.500,241.112,152.145,101.839,54.846,31.430,13.957
11.20000,335.011,286.468,241.110,152.126,101.866,54.914,31.402,13.916
11.20417,335.094,286.536,241.199,152.068,101.887,54.937,31.353,13.932
11.20833,335.136,286.545,241.251,152.166,101.872,54.922,31.298,13.962
11.21250,335.178,286.700,241.292,152.207,101.922,54.880,31.327,13.911
11.21667,335.259,286.703,241.347,152.173,101.919,54.862,31.359,13.986
11.22083,335.279,286.796,241.357,152.267,101.967,54.916,31.373,13.918
11.22500,335.298,286.756,241.292,152.234,101.956,54.964,31.357,13.945
11.22917,335.345,286.776,241.382,152.334,102.004,54.916,31.353,13.918
11.23333,335.355,286.803,241.419,152.320,101.915,54.889,31.274,13.988
11.23750,335.438,286.961,241.426,152.350,101.990,55.013,31.378,13.971
11.24167,335.497,286.881,241.443,152.283,102.013,54.956,31.349,13.961
11.24583,335.529,286.940,241.556,152.392,102.043,54.971,31.374,14.001
11.25000,335.633,286.984,241.627,152.355,102.061,55.007,31.352,13.953
11.25417,335.547,287.049,241.524,152.379,102.021,55.054,31.397,13.937
11.25833,335.656,287.096,241.568,152.399,102.092,54.976,31.312,13.953
11.26250,335.712,287.067,241.639,152.435,102.055,54.990,31.343,13.973
11.26667,335.678,287.083,241.639,152.416,102.056,55.016,31.386,13.984
11.27083,335.758,287.197,241.721,152.428,102.113,55.088,31.420,13.921
11.27500,335.776,287.215,241.701,152.508,102.022,54.961,31.367,13.953
11.27917,335.859,287.255,241.722,152.519,102.084,54.942,31.410,13.952
11.28333,335.878,287.214,241.720,152.463,102.125,54.995,31.471,14.009
11.28750,335.879,287.304,241.825,152.506,102.136,55.082,31.378,13.957
11.29167,335.963,287.331,241.853,152.538,102.176,55.037,31.376,13.933
11.29583,335.984,287.338,241.869,152.543,102.145,55.042,31.422,13.935
11.30000,336.097,287.408,241.914,152.580,102.178,55.041,31.431,13.860
11.30417,336.062,287.398,241.973,152.625,102.210,55.086,31.334,13.959
11.30833,336.034,287.481,241.933,152.678,102.180,55.069,31.441,13.968
11.31250,336.186,287.498,241.955,152.580,102.252,55.112,31.379,14.014
11.31667,336.126,287.551,242.063,152.715,102.251,55.059,31.403,13.965
11.32083,336.213,287.573,242.002,152.697,102.264,55.154,31.419,14.008
11.32500,336.242,287.541,242.081,152.712,102.257,55.121,31.369,13.999
11.32917,336.307,287.626,242.023,152.696,102.263,55.119,31.442,14.000
11.33333,336.323,287.636,242.185,152.704,102.223,55.083,31.406,13.980
11.33750,336.394,287.712,242.113,152.781,102.300,55.067,31.364,13.997
11.34167,336.378,287.697,242.156,152.746,102.284,55.137,31.406,14.048
11.34583,336.401,287.741,242.213,152.796,102.238,55.167,31.455,14.004
11.35000,336.534,287.815,242.223,152.803,102.366,55.136,31.471,13.976
11.35417,336.484,287.891,242.233,152.858,102.335,55.190,31.460,14.017
11.35833,336.532,287.846,242.289,152.831,102.342,55.163,31.428,13.967
11.36250,336.626,287.874,242.303,152.829,102.319,55.156,31.376,14.014
11.36667,336.639,287.908,242.311,152.857,102.307,55.118,31.448,14.032
11.37083,336.633,287.938,242.395,152.921,102.412,55.212,31.468,13.950
11.37500,336.723,287.940,242.373,152.883,102.337,55.156,31.450,14.016
11.37917,336.704,288.010,242.385,152.932,102.402,55.161,31.492,13.998
11.38333,336.749,288.038,242.382,152.941,102.407,55.209,31.560,13.970
11.38750,336.789,288.075,242.411,152.889,102.412,55.215,31.479,14.016
11.39167,336.808,288.074,242.478,153.003,102.425,55.221,31.476,13.982
11.39583,336.811,288.179,242.469,153.009,102.433,55.161,31.532,14.009
11.40000,336.911,288.120,242.524,152.926,102.418,55.184,31.500,13.946
11.40417,336.947,288.175,242.572,153.088,102.429,55.192,31.478,14.032
11.40833,337.010,288.180,242.643,152.998,102.470,55.258,31.523,13.938
11.41250,336.992,288.259,242.593,153.046,102.465,55.201,31.543,13.951
11.41667,337.002,288.183,242.623,153.035,102.478,55.274,31.432,13.973
11.42083,337.084,288.263,242.634,153.056,102.507,55.266,31.523,14.013
11.42500,337.075,288.271,242.621,153.168,102.514,55.213,31.563,14.004
11.42917,337.138,288.300,242.694,153.071,102.535,55.264,31.483,13.962
11.43333,337.140,288.398,242.728,153.122,102.524,55.295,31.542,14.024
11.43750,337.244,288.367,242.700,153.124,102.509,55.222,31.491,14.010
11.44167,337.240,288.409,242.768,153.140,102.588,55.328,31.532,14.025
11.44583,337.246,288.498,242.766,153.185,102.543,55.303,31.527,13.976
11.45000,337.300,288.476,242.791,153.141,102.521,55.251,31.525,14.078
11.45417,337.386,288.538,242.821,153.178,102.523,55.216,31.529,14.047
11.45833,337.370,288.513,242.878,153.201,102.590,55.277,31.556,14.041
11.46250,337.357,288.577,242.835,153.213,102.675,55.313,31.583,14.021
11.46667,337.425,288.621,242.941,153.170,102.626,55.305,31.606,14.002
11.47083,337.524,288.628,242.960,153.289,102.605,55.312,31.562,14.049
11.47500,337.551,288.698,242.993,153.269,102.672,55.348,31.513,14.003
11.47917,337.557,288.746,242.890,153.308,102.617,55.309,31.551,13.987
11.48333,337.531,288.717,243.002,153.296,102.621,55.322,31.562,13.978
11.48750,337.636,288.729,243.073,153.316,102.655,55.391,31.542,14.038
11.49167,337.644,288.854,243.026,153.347,102.704,55.382,31.525,14.063
11.49583,337.690,288.767,243.107,153.297,102.667,55.317,31.589,14.035
11.50000,337.693,288.780,243.074,153.323,102.686,55.346,31.629,14.093
11.50417,337.738,288.883,243.104,153.316,102.723,55.342,31.530,14.041
11.50833,337.751,288.881,243.116,153.366,102.753,55.362,31.524,14.034
11.51250,337.787,288.927,243.178,153.423,102.730,55.324,31.606,14.064
11.51667,337.818,288.873,243.197,153.403,102.701,55.414,31.560,14.055
11.52083,337.827,288.937,243.176,153.416,102.699,55.367,31.551,14.023
11.52500,337.927,289.019,243.264,153.495,102.724,55.434,31.556,14.058
11.52917,337.849,288.993,243.256,153.477,102.749,55.469,31.605,14.039
11.53333,337.958,289.014,243.338,153.449,102.699,55.397,31.539,14.061
11.53750,337.963,289.087,243.292,153.478,102.739,55.316,31.578,14.020
11.54167,337.961,289.068,243.306,153.525,102.737,55.364,31.610,14.064
11.54583,338.000,289.105,243.369,153.523,102.815,55.408,31.635,14.016
11.55000,338.045,289.151,243.402,153.573,102.800,55.406,31.574,14.061
11.55417,338.159,289.132,243.385,153.558,102.832,55.460,31.633,14.090
11.55833,338.148,289.234,243.438,153.507,102.789,55.428,31.561,14.060
11.56250,338.131,289.232,243.450,153.576,102.885,55.419,31.582,14.061
11.56667,338.123,289.230,243.461,153.520,102.799,55.444,31.611,14.087
11.57083,338.213,289.248,243.478,153.594,102.785,55.416,31.615,14.057
11.57500,338.196,289.240,243.609,153.662,102.867,55.378,31.674,14.069
11.57917,338.190,289.332,243.473,153.624,102.892,55.468,31.593,14.104
11.58333,338.288,289.300,243.536,153.644,102.813,55.446,31.647,14.053
11.58750,338.371,289.400,243.528,153.633,102.830,55.375,31.646,14.126
11.59167,338.383,289.445,243.560,153.708,102.886,55.427,31.621,14.076
11.59583,338.380,289.399,243.588,153.695,102.862,55.420,31.610,14.061
11.60000,338.428,289.413,243.596,153.662,102.896,55.459,31.561,14.054
11.60417,338.447,289.428,243.621,153.666,102.895,55.473,31.606,14.093
11.60833,338.503,289.451,243.602,153.672,102.906,55.446,31.647,14.133
11.61250,338.490,289.509,243.678,153.768,102.954,55.440,31.639,14.008
11.61667,338.527,289.548,243.714,153.791,102.920,55.526,31.646,14.033
11.62083,338.582,289.587,243.728,153.731,102.947,55.480,31.615,14.018
11.62500,338.655,289.577,243.771,153.772,102.985,55.477,31.738,14.027
11.62917,338.657,289.651,243.749,153.778,102.973,55.504,31.710,14.091
11.63333,338.637,289.609,243.748,153.834,102.959,55.482,31.684,14.052
11.63750,338.682,289.688,243.785,153.802,103.032,55.540,31.632,14.093
11.64167,338.706,289.700,243.788,153.792,102.962,55.490,31.656,14.133
11.64583,338.738,289.761,243.877,153.848,102.987,55.511,31.679,14.106
11.65000,338.763,289.700,243.846,153.821,103.015,55.543,31.628,14.056
11.65417,338.737,289.754,243.869,153.836,102.989,55.432,31.700,14.057
11.65833,338.797,289.818,243.897,153.856,103.043,55.546,31.667,14.100
11.66250,338.798,289.815,243.959,153.765,103.035,55.572,31.668,14.115
11.66667,338.923,289.835,243.930,153.897,103.033,55.554,31.726,14.083
11.67083,338.906,289.800,243.937,153.884,103.028,55.526,31.678,14.130
11.67500,338.873,289.891,244.003,153.920,103.062,55.535,31.667,14.039
11.67917,338.942,289.919,243.977,153.891,103.046,55.538,31.685,14.108
11.68333,338.977,289.931,244.076,153.913,103.068,55.618,31.650,13.996
11.68750,339.022,289.908,244.059,153.953,103.080,55.509,31.669,14.064
11.69167,339.100,289.933,244.111,154.054,103.066,55.540,31.719,14.111
11.69583,339.067,289.957,244.058,153.947,103.093,55.532,31.685,14.037
11.70000,339.109,289.942,244.070,153.907,103.085,55.563,31.632,14.053
11.70417,339.116,290.030,244.147,153.964,103.128,55.576,31.684,14.053
11.70833,339.125,290.129,244.163,154.018,103.116,55.536,31.755,14.102
11.71250,339.161,290.090,244.148,154.002,103.145,55.570,31.712,14.105
11.71667,339.156,290.143,244.169,154.093,103.124,55.651,31.673,14.055
11.72083,339.211,290.133,244.171,154.074,103.124,55.555,31.718,14.139
11.72500,339.230,290.125,244.174,154.072,103.083,55.600,31.684,14.023
11.72917,339.258,290.122,244.260,154.038,103.229,55.602,31.637,14.117
11.73333,339.302,290.172,244.236,154.119,103.072,55.609,31.694,14.099
11.73750,339.297,290.226,244.284,154.052,103.271,55.590,31.708,14.118
11.74167,339.276,290.217,244.257,154.111,103.241,55.586,31.746,14.106
11.74583,339.416,290.245,244.293,154.091,103.198,55.600,31.785,14.107
11.75000,339.367,290.251,244.359,154.084,103.156,55.627,31.709,14.070
11.75417,339.472,290.298,244.332,154.184,103.184,55.546,31.734,14.104
11.75833,339.446,290.306,244.380,154.164,103.205,55.639,31.768,14.077
11.76250,339.394,290.333,244.354,154.123,103.222,55.634,31.747,14.157
11.76667,339.524,290.319,244.411,154.178,103.209,55.570,31.735,14.111
11.77083,339.505,290.387,244.415,154.193,103.254,55.639,31.770,14.103
11.77500,339.515,290.376,244.383,154.203,103.245,55.657,31.825,14.102
11.77917,339.498,290.460,244.502,154.211,103.235,55.621,31.742,14.182
11.78333,339.579,290.383,244.363,154.256,103.293,55.589,31.771,14.144
11.78750,339.610,290.452,244.472,154.224,103.271,55.695,31.727,14.102
11.79167,339.635,290.484,244.493,154.257,103.217,55.610,31.690,14.063
11.79583,339.599,290.437,244.464,154.213,103.248,55.620,31.733,14.162
11.80000,339.655,290.543,244.547,154.222,103.310,55.694,31.785,14.091
11.80417,339.692,290.550,244.523,154.278,103.342,55.699,31.722,14.133
11.80833,339.718,290.634,244.545,154.230,103.309,55.696,31.734,14.142
11.81250,339.732,290.525,244.526,154.313,103.315,55.774,31.771,14.156
11.81667,339.769,290.588,244.622,154.320,103.351,55.634,31.811,14.130
11.82083,339.876,290.603,244.602,154.334,103.280,55.624,31.733,14.037
11.82500,339.815,290.699,244.589,154.297,103.354,55.654,31.817,14.165
11.82917,339.898,290.674,244.652,154.323,103.335,55.753,31.713,14.116
11.83333,339.921,290.678,244.721,154.371,103.389,55.673,31.792,14.102
11.83750,339.837,290.712,244.679,154.345,103.367,55.700,31.790,14.084
11.84167,339.948,290.677,244.725,154.434,103.389,55.701,31.746,14.136
11.84583,339.972,290.694,244.689,154.334,103.359,55.646,31.763,14.110
11.85000,339.928,290.749,244.688,154.372,103.304,55.725,31.794,14.087
11.85417,340.021,290.764,244.700,154.432,103.357,55.692,31.748,14.154
11.85833,340.004,290.805,244.732,154.357,103.405,55.758,31.739,14.139
11.86250,340.006,290.800,244.774,154.435,103.354,55.732,31.809,14.135
11.86667,340.017,290.909,244.784,154.411,103.344,55.669,31.753,14.172
11.87083,340.078,290.874,244.818,154.419,103.367,55.687,31.802,14.238
11.87500,340.072,290.844,244.828,154.492,103.348,55.754,31.822,14.165
11.87917,340.121,290.847,244.778,154.444,103.454,55.732,31.846,14.117
11.88333,340.143,290.891,244.841,154.504,103.407,55.715,31.717,14.188
11.88750,340.162,290.928,244.881,154.436,103.403,55.717,31.782,14.109
11.89167,340.162,290.977,244.924,154.526,103.402,55.730,31.816,14.109
11.89583,340.181,290.980,244.903,154.398,103.399,55.772,31.754,14.106
11.90000,340.190,290.954,244.911,154.426,103.461,55.706,31.777,14.130
11.90417,340.242,290.955,244.906,154.601,103.464,55.841,31.746,14.167
11.90833,340.260,291.072,244.879,154.518,103.441,55.738,31.807,14.158
11.91250,340.218,290.981,244.971,154.539,103.522,55.791,31.849,14.179
11.91667,340.314,291.013,244.952,154.528,103.481,55.685,31.753,14.143
11.92083,340.281,291.081,245.008,154.548,103.467,55.749,31.755,14.088
11.92500,340.410,291.075,244.998,154.574,103.509,55.792,31.824,14.118
11.92917,340.349,291.142,245.088,154.558,103.484,55.777,31.832,14.134
11.93333,340.373,291.075,244.976,154.615,103.484,55.815,31.849,14.172
11.93750,340.352,291.106,245.022,154.598,103.515,55.867,31.796,14.199
11.94167,340.395,291.147,245.122,154.630,103.467,55.815,31.860,14.151
11.94583,340.442,291.193,245.119,154.598,103.545,55.772,31.787,14.217
11.95000,340.491,291.275,245.121,154.582,103.529,55.801,31.847,14.170
11.95417,340.515,291.261,245.067,154.597,103.528,55.832,31.782,14.140
11.95833,340.532,291.249,245.162,154.640,103.475,55.821,31.806,14.166
11.96250,340.461,291.230,245.136,154.649,103.470,55.807,31.883,14.114
11.96667,340.552,291.225,245.136,154.638,103.622,55.813,31.811,14.162
11.97083,340.546,291.272,245.190,154.650,103.552,55.774,31.822,14.194
11.97500,340.549,291.334,245.164,154.637,103.546,55.809,31.789,14.219
11.97917,340.513,291.275,245.211,154.741,103.608,55.794,31.846,14.183
11.98333,340.602,291.360,245.207,154.686,103.571,55.812,31.829,14.150
11.98750,340.587,291.371,245.234,154.711,103.558,55.853,31.771,14.150
11.99167,340.660,291.306,245.307,154.662,103.580,55.755,31.831,14.107
11.99583,340.661,291.399,245.260,154.696,103.627,55.919,31.893,14.201
12.00000,340.684,291.405,245.257,154.706,103.605,55.807,31.865,14.135
