time_min,A246_mAU,A254_mAU,A261_mAU,A273_mAU,A290_mAU,A324_mAU,A350_mAU,A445_mAU
0.00000,31.181,27.811,22.189,14.897,9.224,5.531,3.811,1.414
0.00333,31.158,27.847,22.154,14.873,9.337,5.519,3.859,1.348
0.00667,31.186,27.843,22.224,14.895,9.322,5.521,3.769,1.341
0.01000,31.262,27.876,22.181,14.925,9.367,5.533,3.767,1.376
0.01333,31.189,27.839,22.193,14.884,9.389,5.550,3.831,1.350
0.01667,31.326,27.896,22.329,14.927,9.350,5.494,3.860,1.399
0.02000,31.322,27.932,22.272,14.977,9.332,5.528,3.790,1.373
0.02333,31.354,27.890,22.324,14.971,9.337,5.550,3.919,1.405
0.02667,31.316,27.955,22.220,14.951,9.401,5.607,3.814,1.397
0.03000,31.391,27.945,22.316,14.981,9.393,5.613,3.810,1.383
0.03333,31.433,27.954,22.299,15.066,9.427,5.573,3.835,1.372
0.03667,31.436,28.030,22.379,15.073,9.344,5.571,3.848,1.331
0.04000,31.446,27.998,22.349,15.075,9.422,5.608,3.842,1.341
0.04333,31.466,28.057,22.433,15.034,9.384,5.554,3.822,1.320
0.04667,31.423,28.050,22.419,15.001,9.438,5.619,3.890,1.393
0.05000,31.559,28.071,22.400,15.013,9.420,5.622,3.828,1.375
0.05333,31.466,28.183,22.440,15.043,9.428,5.585,3.854,1.367
0.05667,31.594,28.202,22.500,14.998,9.486,5.627,3.843,1.398
0.06000,31.504,28.180,22.526,15.103,9.433,5.575,3.878,1.334
0.06333,31.625,28.160,22.503,15.076,9.515,5.586,3.773,1.383
0.06667,31.710,28.245,22.528,15.047,9.344,5.605,3.844,1.358
0.07000,31.599,28.272,22.572,15.102,9.461,5.595,3.888,1.341
0.07333,31.657,28.215,22.541,15.097,9.510,5.621,3.866,1.362
0.07667,31.655,28.288,22.565,15.080,9.429,5.605,3.870,1.401
0.08000,31.790,28.255,22.579,15.164,9.487,5.631,3.921,1.405
0.08333,31.730,28.281,22.607,15.134,9.479,5.669,3.869,1.385
0.08667,31.764,28.294,22.632,15.206,9.518,5.581,3.875,1.370
0.09000,31.832,28.370,22.597,15.147,9.512,5.713,3.911,1.385
0.09333,31.796,28.349,22.603,15.120,9.573,5.575,3.921,1.413
0.09667,31.832,28.448,22.613,15.163,9.544,5.586,3.888,1.387
0.10000,31.855,28.418,22.686,15.250,9.483,5.683,3.938,1.404
0.10333,31.948,28.380,22.746,15.282,9.554,5.666,3.932,1.342
0.10667,31.892,28.423,22.781,15.238,9.528,5.632,3.881,1.404
0.11000,31.927,28.430,22.777,15.207,9.589,5.597,3.881,1.397
0.11333,31.991,28.439,22.747,15.272,9.528,5.596,3.975,1.328
0.11667,32.009,28.517,22.794,15.246,9.535,5.700,3.907,1.407
0.12000,32.040,28.538,22.842,15.285,9.662,5.707,3.843,1.403
0.12333,32.035,28.530,22.770,15.313,9.581,5.722,3.871,1.390
0.12667,32.035,28.542,22.822,15.302,9.522,5.641,3.845,1.414
0.13000,32.082,28.628,22.864,15.336,9.633,5.668,3.879,1.446
0.13333,32.087,28.564,22.924,15.305,9.622,5.704,3.899,1.408
0.13667,32.190,28.622,22.888,15.271,9.613,5.721,3.854,1.419
0.14000,32.145,28.613,22.896,15.340,9.579,5.673,3.930,1.397
0.14333,32.223,28.683,22.880,15.303,9.640,5.699,3.977,1.343
0.14667,32.253,28.798,22.899,15.399,9.649,5.749,3.915,1.338
0.15000,32.179,28.715,22.924,15.342,9.638,5.735,3.893,1.393
0.15333,32.263,28.754,22.982,15.402,9.574,5.699,3.915,1.342
0.15667,32.257,28.758,22.995,15.375,9.654,5.756,3.834,1.393
0.16000,32.265,28.792,23.036,15.425,9.615,5.750,3.885,1.480
0.16333,32.291,28.778,23.045,15.400,9.571,5.748,3.948,1.389
0.16667,32.346,28.822,23.040,15.437,9.673,5.655,3.936,1.394
0.17000,32.365,28.866,23.049,15.432,9.683,5.706,3.912,1.375
0.17333,32.429,28.888,23.033,15.409,9.739,5.748,3.950,1.471
0.17667,32.430,28.873,23.074,15.483,9.704,5.725,3.896,1.444
0.18000,32.446,28.950,23.127,15.463,9.699,5.725,3.983,1.422
0.18333,32.483,28.950,23.184,15.446,9.728,5.812,3.965,1.430
0.18667,32.502,28.935,23.143,15.446,9.747,5.746,4.019,1.424
0.19000,32.561,28.999,23.147,15.441,9.827,5.760,3.930,1.379
0.19333,32.548,29.003,23.194,15.513,9.722,5.801,3.921,1.343
0.19667,32.534,28.955,23.206,15.527,9.779,5.758,3.947,1.437
0.20000,32.631,29.087,23.253,15.539,9.776,5.776,3.915,1.327
0.20333,32.670,29.007,23.168,15.621,9.785,5.739,3.965,1.435
0.20667,32.715,29.115,23.279,15.532,9.783,5.766,3.974,1.379
0.21000,32.702,29.133,23.338,15.526,9.798,5.817,3.931,1.387
0.21333,32.682,29.138,23.276,15.585,9.771,5.757,3.924,1.392
0.21667,32.722,29.106,23.368,15.596,9.834,5.758,3.957,1.345
0.22000,32.770,29.175,23.300,15.555,9.797,5.797,3.913,1.414
0.22333,32.856,29.188,23.299,15.602,9.805,5.814,4.039,1.484
0.22667,32.794,29.245,23.375,15.638,9.816,5.784,4.045,1.409
0.23000,32.843,29.257,23.394,15.693,9.837,5.799,3.993,1.374
0.23333,32.837,29.257,23.431,15.698,9.845,5.798,4.033,1.376
0.23667,32.848,29.264,23.408,15.625,9.769,5.827,3.953,1.439
0.24000,32.898,29.289,23.427,15.724,9.896,5.815,3.970,1.447
0.24333,32.871,29.342,23.431,15.611,9.793,5.817,3.966,1.417
0.24667,32.925,29.344,23.487,15.736,9.845,5.778,3.914,1.477
0.25000,33.019,29.406,23.517,15.714,9.885,5.839,3.982,1.445
0.25333,32.972,29.405,23.535,15.684,9.913,5.798,4.006,1.475
0.25667,33.078,29.441,23.483,15.723,9.910,5.862,4.025,1.427
0.26000,33.039,29.403,23.578,15.714,9.865,5.884,3.981,1.390
0.26333,33.067,29.464,23.556,15.661,9.865,5.875,3.996,1.413
0.26667,33.154,29.496,23.604,15.803,9.850,5.842,4.028,1.434
0.27000,33.159,29.523,23.585,15.861,9.864,5.852,3.996,1.407
0.27333,33.195,29.504,23.683,15.853,10.017,5.878,3.999,1.443
0.27667,33.083,29.533,23.691,15.743,9.854,5.848,3.953,1.446
0.28000,33.259,29.525,23.694,15.798,9.916,5.897,4.000,1.505
0.28333,33.246,29.571,23.731,15.849,9.939,5.890,4.028,1.460
0.28667,33.283,29.607,23.687,15.865,10.083,5.901,3.965,1.434
0.29000,33.292,29.694,23.702,15.832,10.003,5.908,4.020,1.378
0.29333,33.344,29.680,23.757,15.894,10.037,5.863,4.069,1.448
0.29667,33.345,29.631,23.770,15.849,10.000,5.904,3.997,1.412
0.30000,33.412,29.718,23.761,15.873,9.979,5.928,4.037,1.465
0.30333,33.413,29.716,23.742,15.901,9.998,5.928,3.961,1.387
0.30667,33.414,29.799,23.802,15.933,10.062,5.925,3.995,1.429
0.31000,33.484,29.809,23.875,15.930,10.025,5.931,4.031,1.475
0.31333,33.513,29.838,23.857,15.906,9.991,5.953,4.013,1.437
0.31667,33.526,29.837,23.893,15.995,9.956,5.882,4.025,1.448
0.32000,33.502,29.867,23.905,16.001,9.964,5.944,3.999,1.419
0.32333,33.535,29.834,23.883,15.971,10.036,5.960,4.062,1.452
0.32667,33.618,29.889,23.911,15.962,9.958,5.904,4.125,1.502
0.33000,33.590,29.919,23.926,16.039,10.041,5.962,4.051,1.440
0.33333,33.638,29.943,23.941,15.938,10.117,5.908,4.019,1.407
0.33667,33.719,29.995,23.984,15.944,10.106,5.959,4.006,1.458
0.34000,33.725,29.952,24.083,16.016,10.084,5.964,4.070,1.449
0.34333,33.763,30.015,24.031,16.015,10.073,5.966,4.063,1.462
0.34667,33.798,30.021,24.093,16.055,10.076,5.900,4.072,1.478
0.35000,33.785,30.085,24.098,16.051,10.096,5.979,4.094,1.449
0.35333,33.772,30.045,24.126,16.020,10.147,5.991,4.047,1.466
0.35667,33.859,30.072,24.125,16.078,10.142,5.987,4.085,1.453
0.36000,33.916,30.146,24.138,16.130,10.081,5.955,4.070,1.458
0.36333,33.891,30.114,24.121,16.106,10.141,5.931,4.087,1.399
0.36667,33.945,30.169,24.209,16.191,10.054,5.967,4.047,1.451
0.37000,33.996,30.193,24.204,16.073,10.184,6.045,4.057,1.461
0.37333,33.965,30.213,24.270,16.101,10.204,6.008,4.080,1.493
0.37667,34.024,30.188,24.221,16.122,10.148,5.952,4.082,1.409
0.38000,34.052,30.329,24.237,16.197,10.161,5.944,4.093,1.389
0.38333,34.008,30.333,24.264,16.181,10.234,5.974,4.108,1.516
0.38667,34.165,30.342,24.274,16.272,10.210,5.995,4.096,1.508
0.39000,34.147,30.333,24.384,16.201,10.197,5.980,4.106,1.467
0.39333,34.136,30.340,24.287,16.251,10.243,5.992,4.037,1.535
0.39667,34.176,30.372,24.321,16.236,10.199,6.074,4.122,1.446
0.40000,34.238,30.431,24.428,16.246,10.220,6.020,4.140,1.451
0.40333,34.185,30.451,24.331,16.285,10.281,6.036,4.083,1.499
0.40667,34.242,30.460,24.414,16.318,10.242,6.015,4.183,1.477
0.41000,34.307,30.457,24.470,16.237,10.219,6.008,4.119,1.547
0.41333,34.347,30.535,24.448,16.375,10.303,6.020,4.111,1.533
0.41667,34.322,30.586,24.509,16.307,10.280,6.062,4.131,1.529
0.42000,34.365,30.503,24.498,16.330,10.318,6.089,4.131,1.488
0.42333,34.382,30.595,24.536,16.299,10.363,6.038,4.145,1.426
0.42667,34.425,30.577,24.598,16.340,10.276,5.998,4.082,1.468
0.43000,34.460,30.610,24.530,16.385,10.349,6.151,4.129,1.526
0.43333,34.567,30.690,24.566,16.359,10.375,6.125,4.176,1.514
0.43667,34.500,30.711,24.595,16.361,10.333,6.086,4.087,1.476
0.44000,34.583,30.744,24.654,16.436,10.326,6.136,4.129,1.492
0.44333,34.565,30.746,24.634,16.430,10.340,6.079,4.112,1.491
0.44667,34.570,30.720,24.680,16.456,10.366,6.155,4.100,1.455
0.45000,34.657,30.765,24.652,16.440,10.332,6.063,4.124,1.491
0.45333,34.641,30.750,24.764,16.474,10.325,6.167,4.184,1.517
0.45667,34.683,30.852,24.786,16.463,10.396,6.103,4.159,1.516
0.46000,34.774,30.840,24.736,16.474,10.391,6.124,4.168,1.557
0.46333,34.810,30.897,24.774,16.485,10.376,6.149,4.137,1.505
0.46667,34.757,30.880,24.785,16.506,10.453,6.117,4.115,1.489
0.47000,34.795,30.961,24.784,16.539,10.495,6.151,4.162,1.509
0.47333,34.929,30.969,24.876,16.493,10.419,6.150,4.209,1.548
0.47667,34.923,30.961,24.827,16.605,10.388,6.107,4.152,1.524
0.48000,34.919,31.000,24.954,16.581,10.456,6.197,4.192,1.497
0.48333,34.966,31.113,24.923,16.598,10.411,6.127,4.131,1.495
0.48667,34.980,31.045,24.941,16.583,10.430,6.165,4.133,1.482
0.49000,35.001,31.073,24.935,16.641,10.398,6.176,4.151,1.533
0.49333,35.050,31.170,25.014,16.611,10.491,6.131,4.160,1.492
0.49667,35.015,31.120,24.999,16.667,10.462,6.232,4.256,1.492
0.50000,35.075,31.160,25.094,16.701,10.482,6.207,4.218,1.523
0.50333,35.120,31.203,25.023,16.635,10.501,6.167,4.206,1.490
0.50667,35.093,31.282,25.113,16.705,10.571,6.189,4.196,1.469
0.51000,35.153,31.258,25.096,16.720,10.530,6.215,4.211,1.445
0.51333,35.207,31.252,25.060,16.737,10.533,6.275,4.253,1.424
0.51667,35.237,31.336,25.108,16.660,10.589,6.181,4.178,1.488
0.52000,35.274,31.335,25.083,16.703,10.607,6.151,4.192,1.465
0.52333,35.268,31.343,25.160,16.734,10.585,6.216,4.219,1.556
0.52667,35.368,31.358,25.145,16.785,10.581,6.190,4.183,1.497
0.53000,35.328,31.398,25.133,16.778,10.576,6.178,4.233,1.480
0.53333,35.389,31.436,25.287,16.828,10.552,6.206,4.213,1.547
0.53667,35.446,31.410,25.207,16.789,10.601,6.239,4.186,1.531
0.54000,35.429,31.466,25.309,16.839,10.565,6.173,4.204,1.504
0.54333,35.472,31.478,25.257,16.860,10.593,6.192,4.222,1.559
0.54667,35.546,31.542,25.318,16.764,10.590,6.258,4.206,1.521
0.55000,35.584,31.590,25.374,16.870,10.646,6.219,4.228,1.495
0.55333,35.498,31.571,25.349,16.855,10.665,6.308,4.247,1.543
0.55667,35.667,31.624,25.307,16.897,10.689,6.294,4.228,1.520
0.56000,35.614,31.651,25.412,16.897,10.670,6.246,4.193,1.563
0.56333,35.749,31.641,25.421,16.948,10.701,6.259,4.221,1.446
0.56667,35.707,31.761,25.402,17.010,10.648,6.278,4.266,1.498
0.57000,35.713,31.707,25.480,16.966,10.688,6.305,4.187,1.595
0.57333,35.806,31.771,25.437,16.974,10.715,6.295,4.232,1.535
0.57667,35.787,31.777,25.583,16.976,10.738,6.310,4.224,1.503
0.58000,35.816,31.786,25.556,17.027,10.755,6.304,4.267,1.525
0.58333,35.878,31.767,25.577,16.985,10.778,6.286,4.193,1.580
0.58667,35.905,31.833,25.594,17.053,10.712,6.360,4.186,1.506
0.59000,35.874,31.936,25.628,17.003,10.786,6.397,4.316,1.545
0.59333,35.923,31.858,25.650,16.999,10.758,6.339,4.227,1.497
0.59667,35.994,31.962,25.623,17.078,10.765,6.303,4.281,1.570
0.60000,36.062,31.967,25.681,17.045,10.771,6.395,4.288,1.535
0.60333,36.040,31.907,25.768,17.136,10.783,6.343,4.260,1.512
0.60667,36.057,32.003,25.672,17.124,10.814,6.303,4.298,1.579
0.61000,36.129,32.033,25.737,17.139,10.794,6.347,4.245,1.501
0.61333,36.144,32.108,25.799,17.142,10.823,6.329,4.266,1.486
0.61667,36.189,32.104,25.808,17.171,10.823,6.345,4.246,1.498
0.62000,36.203,32.113,25.755,17.135,10.837,6.365,4.208,1.571
0.62333,36.238,32.138,25.779,17.129,10.826,6.333,4.297,1.558
0.62667,36.292,32.182,25.898,17.202,10.858,6.328,4.310,1.586
0.63000,36.265,32.230,25.958,17.280,10.948,6.395,4.341,1.536
0.63333,36.386,32.254,25.908,17.225,10.842,6.421,4.289,1.599
0.63667,36.350,32.265,25.993,17.230,10.878,6.372,4.288,1.585
0.64000,36.369,32.279,25.914,17.235,10.913,6.366,4.314,1.573
0.64333,36.436,32.299,25.911,17.274,10.861,6.428,4.312,1.561
0.64667,36.463,32.284,26.023,17.232,10.884,6.414,4.366,1.570
0.65000,36.494,32.396,25.981,17.282,10.912,6.461,4.329,1.593
0.65333,36.549,32.401,26.064,17.280,10.890,6.413,4.348,1.564
0.65667,36.520,32.417,26.061,17.388,10.952,6.416,4.322,1.541
0.66000,36.507,32.482,26.111,17.356,10.955,6.405,4.330,1.531
0.66333,36.628,32.508,26.119,17.341,10.997,6.455,4.353,1.598
0.66667,36.675,32.499,26.165,17.291,10.941,6.433,4.424,1.514
0.67000,36.659,32.510,26.200,17.375,11.007,6.398,4.280,1.545
0.67333,36.836,32.596,26.215,17.387,10.993,6.420,4.364,1.503
0.67667,36.752,32.620,26.244,17.497,11.014,6.428,4.285,1.514
0.68000,36.801,32.649,26.245,17.380,10.994,6.436,4.352,1.622
0.68333,36.858,32.645,26.287,17.421,10.997,6.480,4.341,1.604
0.68667,36.826,32.633,26.269,17.441,11.036,6.445,4.336,1.620
0.69000,36.894,32.722,26.353,17.489,11.008,6.480,4.341,1.616
0.69333,36.943,32.767,26.273,17.468,11.048,6.487,4.294,1.548
0.69667,36.990,32.757,26.319,17.534,11.077,6.441,4.349,1.615
0.70000,36.985,32.800,26.304,17.539,11.124,6.427,4.323,1.568
0.70333,37.055,32.783,26.384,17.545,11.109,6.548,4.344,1.596
0.70667,37.008,32.869,26.483,17.568,11.071,6.483,4.420,1.603
0.71000,37.047,32.834,26.419,17.530,11.103,6.584,4.316,1.621
0.71333,37.143,32.823,26.431,17.605,11.088,6.574,4.363,1.522
0.71667,37.099,32.952,26.488,17.547,11.139,6.547,4.338,1.612
0.72000,37.201,32.981,26.505,17.560,11.113,6.488,4.350,1.583
0.72333,37.226,32.974,26.506,17.656,11.133,6.487,4.328,1.620
0.72667,37.253,33.021,26.604,17.668,11.173,6.514,4.374,1.655
0.73000,37.279,33.166,26.599,17.682,11.094,6.550,4.349,1.611
0.73333,37.312,33.036,26.629,17.618,11.090,6.622,4.417,1.628
0.73667,37.360,33.136,26.607,17.668,11.218,6.610,4.364,1.624
0.74000,37.386,33.125,26.678,17.677,11.172,6.566,4.393,1.670
0.74333,37.389,33.156,26.745,17.671,11.210,6.635,4.342,1.570
0.74667,37.420,33.220,26.692,17.731,11.222,6.534,4.417,1.606
0.75000,37.463,33.257,26.691,17.739,11.197,6.557,4.449,1.601
0.75333,37.586,33.253,26.799,17.769,11.325,6.545,4.362,1.597
0.75667,37.572,33.264,26.750,17.750,11.262,6.601,4.373,1.608
0.76000,37.660,33.264,26.754,17.739,11.261,6.631,4.423,1.592
0.76333,37.639,33.376,26.854,17.815,11.211,6.610,4.475,1.605
0.76667,37.670,33.368,26.856,17.823,11.205,6.559,4.456,1.606
0.77000,37.687,33.430,26.919,17.867,11.365,6.620,4.465,1.642
0.77333,37.743,33.370,26.922,17.888,11.308,6.635,4.400,1.537
0.77667,37.723,33.442,26.954,17.884,11.312,6.619,4.385,1.587
0.78000,37.801,33.535,26.940,17.870,11.306,6.661,4.486,1.551
0.78333,37.823,33.502,27.043,17.925,11.377,6.681,4.359,1.608
0.78667,37.856,33.565,26.963,17.944,11.346,6.614,4.457,1.636
0.79000,37.895,33.579,26.999,17.945,11.363,6.653,4.410,1.638
0.79333,37.953,33.679,27.045,17.978,11.443,6.661,4.496,1.607
0.79667,38.038,33.647,27.078,17.969,11.349,6.632,4.461,1.590
0.80000,38.068,33.715,27.087,17.986,11.317,6.718,4.423,1.645
0.80333,38.124,33.673,27.169,18.010,11.373,6.632,4.426,1.619
0.80667,38.087,33.719,27.190,18.042,11.399,6.731,4.462,1.682
0.81000,38.071,33.765,27.186,18.066,11.364,6.632,4.438,1.674
0.81333,38.194,33.764,27.199,18.031,11.448,6.768,4.475,1.625
0.81667,38.164,33.837,27.252,18.089,11.482,6.619,4.445,1.643
0.82000,38.260,33.816,27.303,18.030,11.422,6.712,4.499,1.678
0.82333,38.246,33.909,27.285,18.073,11.425,6.697,4.489,1.579
0.82667,38.285,33.920,27.393,18.101,11.403,6.754,4.463,1.644
0.83000,38.328,33.981,27.302,18.131,11.414,6.723,4.475,1.622
0.83333,38.367,34.042,27.433,18.136,11.381,6.753,4.450,1.680
0.83667,38.359,34.013,27.389,18.168,11.529,6.685,4.399,1.652
0.84000,38.448,34.108,27.454,18.189,11.477,6.763,4.469,1.621
0.84333,38.502,34.064,27.461,18.149,11.579,6.732,4.538,1.668
0.84667,38.492,34.101,27.511,18.219,11.567,6.766,4.513,1.651
0.85000,38.578,34.206,27.536,18.187,11.506,6.728,4.544,1.652
0.85333,38.559,34.161,27.564,18.265,11.604,6.758,4.463,1.628
0.85667,38.650,34.174,27.534,18.288,11.601,6.704,4.430,1.678
0.86000,38.648,34.258,27.637,18.290,11.566,6.821,4.582,1.627
0.86333,38.661,34.314,27.728,18.327,11.568,6.765,4.526,1.664
0.86667,38.619,34.323,27.706,18.349,11.605,6.783,4.491,1.598
0.87000,38.729,34.315,27.673,18.264,11.595,6.788,4.573,1.635
0.87333,38.818,34.357,27.666,18.286,11.576,6.785,4.477,1.622
0.87667,38.939,34.424,27.730,18.294,11.642,6.799,4.466,1.675
0.88000,38.870,34.445,27.704,18.416,11.614,6.785,4.568,1.643
0.88333,38.956,34.396,27.803,18.408,11.656,6.809,4.487,1.659
0.88667,38.969,34.496,27.863,18.398,11.596,6.828,4.447,1.704
0.89000,38.957,34.482,27.811,18.404,11.668,6.814,4.563,1.661
0.89333,39.034,34.569,27.820,18.434,11.657,6.788,4.523,1.634
0.89667,39.085,34.537,27.880,18.484,11.674,6.802,4.604,1.678
0.90000,39.122,34.594,27.955,18.499,11.708,6.871,4.562,1.690
0.90333,39.101,34.607,27.927,18.533,11.676,6.866,4.557,1.677
0.90667,39.171,34.673,27.943,18.522,11.674,6.908,4.525,1.568
0.91000,39.235,34.781,27.983,18.474,11.749,6.852,4.559,1.669
0.91333,39.206,34.716,27.951,18.485,11.782,6.914,4.575,1.647
0.91667,39.275,34.825,28.015,18.560,11.756,6.862,4.596,1.631
0.92000,39.385,34.817,28.051,18.549,11.775,6.870,4.600,1.687
0.92333,39.362,34.898,28.114,18.687,11.773,6.893,4.565,1.716
0.92667,39.389,34.888,28.197,18.616,11.812,6.896,4.573,1.665
0.93000,39.513,34.952,28.117,18.676,11.769,6.944,4.537,1.719
0.93333,39.466,34.888,28.138,18.562,11.781,6.960,4.521,1.708
0.93667,39.508,34.913,28.226,18.643,11.810,6.912,4.596,1.651
0.94000,39.500,34.915,28.235,18.663,11.855,6.949,4.615,1.700
0.94333,39.603,35.015,28.284,18.609,11.816,6.977,4.608,1.684
0.94667,39.602,35.024,28.274,18.686,11.842,6.963,4.633,1.688
0.95000,39.717,35.040,28.315,18.746,11.832,6.979,4.548,1.660
0.95333,39.698,35.097,28.411,18.788,11.936,6.929,4.549,1.664
0.95667,39.715,35.088,28.397,18.711,11.908,6.955,4.514,1.744
0.96000,39.861,35.148,28.497,18.717,11.867,6.953,4.552,1.727
0.96333,39.848,35.230,28.402,18.818,11.919,6.972,4.592,1.743
0.96667,39.824,35.301,28.502,18.860,11.864,6.986,4.624,1.742
0.97000,39.939,35.298,28.563,18.803,11.992,6.951,4.662,1.678
0.97333,39.978,35.357,28.550,18.871,11.943,6.941,4.621,1.716
0.97667,40.015,35.329,28.528,18.813,12.045,6.992,4.638,1.705
0.98000,39.997,35.367,28.574,18.811,12.038,6.937,4.607,1.685
0.98333,40.038,35.436,28.648,18.908,11.965,6.978,4.611,1.683
0.98667,40.154,35.501,28.646,18.850,12.021,6.984,4.613,1.731
0.99000,40.103,35.511,28.678,18.903,12.005,7.003,4.642,1.707
0.99333,40.156,35.507,28.705,18.981,12.019,6.993,4.652,1.724
0.99667,40.227,35.585,28.706,18.980,12.076,7.057,4.693,1.712
1.00000,40.218,35.530,28.704,18.994,12.036,7.062,4.637,1.712
1.00333,40.266,35.644,28.685,19.023,12.091,7.056,4.648,1.682
1.00667,40.361,35.663,28.746,18.994,12.153,7.079,4.672,1.749
1.01000,40.329,35.710,28.879,19.040,12.169,7.016,4.657,1.701
1.01333,40.445,35.780,28.780,19.141,12.087,7.017,4.635,1.704
1.01667,40.472,35.710,28.858,19.087,12.192,7.110,4.641,1.693
1.02000,40.500,35.749,28.866,19.097,12.180,7.104,4.638,1.763
1.02333,40.512,35.827,28.968,19.144,12.107,7.059,4.643,1.734
1.02667,40.600,35.815,28.985,19.150,12.092,7.083,4.663,1.735
1.03000,40.651,35.947,28.998,19.130,12.151,7.033,4.688,1.761
1.03333,40.646,35.995,29.050,19.215,12.153,7.011,4.622,1.748
1.03667,40.722,35.954,29.117,19.177,12.166,7.122,4.659,1.740
1.04000,40.745,36.033,29.030,19.185,12.259,7.087,4.699,1.735
1.04333,40.744,36.020,29.121,19.238,12.144,7.100,4.741,1.774
1.04667,40.771,36.083,29.131,19.218,12.220,7.128,4.731,1.699
1.05000,40.854,36.137,29.106,19.227,12.198,7.096,4.666,1.809
1.05333,40.969,36.124,29.118,19.315,12.245,7.123,4.659,1.783
1.05667,40.946,36.233,29.223,19.307,12.304,7.192,4.754,1.768
1.06000,40.898,36.198,29.254,19.279,12.286,7.162,4.705,1.770
1.06333,41.001,36.201,29.322,19.298,12.168,7.103,4.700,1.800
1.06667,41.024,36.267,29.278,19.368,12.305,7.125,4.662,1.800
1.07000,41.037,36.289,29.357,19.324,12.297,7.189,4.723,1.736
1.07333,41.153,36.326,29.388,19.469,12.335,7.158,4.698,1.752
1.07667,41.164,36.410,29.430,19.477,12.332,7.233,4.703,1.758
1.08000,41.253,36.422,29.423,19.410,12.414,7.196,4.707,1.690
1.08333,41.320,36.432,29.490,19.401,12.383,7.209,4.768,1.654
1.08667,41.307,36.504,29.548,19.438,12.317,7.219,4.717,1.782
1.09000,41.305,36.506,29.552,19.464,12.361,7.213,4.789,1.815
1.09333,41.398,36.650,29.547,19.552,12.363,7.250,4.762,1.808
1.09667,41.420,36.573,29.580,19.520,12.427,7.275,4.736,1.771
1.10000,41.481,36.573,29.623,19.500,12.392,7.179,4.690,1.752
1.10333,41.557,36.634,29.672,19.571,12.471,7.229,4.774,1.737
1.10667,41.607,36.680,29.671,19.529,12.489,7.290,4.730,1.815
1.11000,41.603,36.803,29.697,19.560,12.478,7.277,4.794,1.789
1.11333,41.635,36.795,29.734,19.585,12.496,7.291,4.759,1.744
1.11667,41.676,36.752,29.697,19.649,12.502,7.268,4.747,1.758
1.12000,41.733,36.845,29.845,19.612,12.490,7.323,4.790,1.771
1.12333,41.731,36.923,29.859,19.697,12.442,7.306,4.776,1.728
1.12667,41.809,36.893,29.819,19.676,12.461,7.301,4.780,1.849
1.13000,41.865,36.962,29.885,19.733,12.502,7.232,4.815,1.831
1.13333,41.903,36.979,29.956,19.730,12.549,7.335,4.746,1.805
1.13667,41.960,37.040,29.893,19.742,12.580,7.339,4.812,1.782
1.14000,41.947,37.092,29.960,19.733,12.618,7.320,4.812,1.796
1.14333,42.012,37.034,30.077,19.776,12.588,7.281,4.799,1.813
1.14667,41.979,37.170,30.082,19.832,12.598,7.333,4.833,1.783
1.15000,42.099,37.160,30.031,19.844,12.594,7.356,4.835,1.733
1.15333,42.114,37.252,30.148,19.783,12.604,7.374,4.835,1.777
1.15667,42.173,37.275,30.154,19.829,12.596,7.379,4.819,1.859
1.16000,42.241,37.338,30.167,19.884,12.651,7.359,4.824,1.783
1.16333,42.272,37.319,30.215,19.904,12.687,7.374,4.847,1.790
1.16667,42.344,37.326,30.153,19.920,12.697,7.385,4.851,1.781
1.17000,42.436,37.406,30.244,19.934,12.707,7.395,4.842,1.826
1.17333,42.445,37.426,30.210,19.859,12.699,7.425,4.852,1.788
1.17667,42.435,37.501,30.319,19.955,12.697,7.381,4.844,1.769
1.18000,42.507,37.530,30.384,19.983,12.630,7.402,4.779,1.835
1.18333,42.559,37.503,30.445,19.974,12.766,7.479,4.872,1.875
1.18667,42.545,37.570,30.377,20.053,12.696,7.331,4.806,1.822
1.19000,42.652,37.590,30.454,20.119,12.740,7.347,4.847,1.835
1.19333,42.634,37.686,30.430,20.110,12.749,7.422,4.867,1.825
1.19667,42.710,37.680,30.544,20.052,12.750,7.452,4.828,1.821
1.20000,42.756,37.759,30.467,20.103,12.824,7.518,4.899,1.805
1.20333,42.788,37.773,30.576,20.145,12.847,7.389,4.845,1.806
1.20667,42.881,37.796,30.562,20.124,12.830,7.459,4.849,1.813
1.21000,42.888,37.825,30.662,20.183,12.818,7.481,4.876,1.797
1.21333,42.907,37.816,30.676,20.217,12.874,7.532,4.917,1.825
1.21667,42.975,37.894,30.722,20.213,12.857,7.505,4.843,1.786
1.22000,43.007,37.883,30.752,20.265,12.865,7.458,4.848,1.891
1.22333,43.122,37.981,30.722,20.304,12.881,7.471,4.934,1.827
1.22667,43.148,38.026,30.813,20.254,12.896,7.506,4.956,1.801
1.23000,43.155,38.009,30.839,20.342,12.952,7.522,4.909,1.832
1.23333,43.232,38.166,30.890,20.273,12.929,7.588,4.883,1.873
1.23667,43.210,38.146,30.836,20.338,12.937,7.517,4.867,1.823
1.24000,43.290,38.162,30.934,20.299,12.925,7.483,4.908,1.838
1.24333,43.376,38.209,30.911,20.363,13.034,7.540,4.906,1.870
1.24667,43.360,38.307,31.006,20.381,13.031,7.505,4.935,1.812
1.25000,43.420,38.285,31.002,20.407,12.965,7.543,4.935,1.843
1.25333,43.469,38.387,31.052,20.512,13.107,7.586,4.919,1.766
1.25667,43.523,38.389,31.044,20.395,13.025,7.557,4.906,1.844
1.26000,43.538,38.414,31.089,20.481,13.059,7.596,5.013,1.829
1.26333,43.534,38.523,31.154,20.466,13.072,7.617,4.922,1.818
1.26667,43.713,38.447,31.144,20.546,13.050,7.628,4.990,1.882
1.27000,43.693,38.475,31.266,20.552,13.077,7.590,4.934,1.923
1.27333,43.710,38.536,31.243,20.539,13.079,7.559,4.954,1.872
1.27667,43.757,38.621,31.191,20.564,13.095,7.635,4.953,1.879
1.28000,43.797,38.666,31.357,20.583,13.164,7.644,4.982,1.881
1.28333,43.868,38.655,31.376,20.583,13.119,7.639,5.057,1.938
1.28667,43.975,38.718,31.372,20.615,13.145,7.634,4.942,1.850
1.29000,43.957,38.709,31.379,20.692,13.118,7.696,5.018,1.812
1.29333,43.970,38.812,31.416,20.707,13.181,7.654,4.955,1.884
1.29667,44.057,38.870,31.429,20.728,13.205,7.618,4.997,1.781
1.30000,44.062,38.866,31.513,20.736,13.265,7.626,5.011,1.840
1.30333,44.168,38.898,31.511,20.693,13.266,7.694,5.067,1.859
1.30667,44.224,38.988,31.596,20.811,13.195,7.679,4.968,1.852
1.31000,44.209,38.999,31.622,20.787,13.300,7.742,4.971,1.845
1.31333,44.287,39.052,31.608,20.835,13.292,7.679,4.994,1.903
1.31667,44.348,39.125,31.587,20.794,13.265,7.772,4.991,1.908
1.32000,44.422,39.118,31.742,20.801,13.267,7.695,5.013,1.890
1.32333,44.481,39.199,31.780,20.903,13.312,7.794,5.017,1.927
1.32667,44.500,39.145,31.728,20.836,13.330,7.771,4.994,1.884
1.33000,44.527,39.234,31.751,20.972,13.330,7.702,5.079,1.853
1.33333,44.570,39.276,31.849,20.982,13.338,7.669,5.026,1.873
1.33667,44.641,39.269,31.826,20.932,13.414,7.831,5.078,1.899
1.34000,44.613,39.357,31.939,20.874,13.415,7.834,5.057,1.926
1.34333,44.734,39.400,32.047,20.962,13.392,7.728,4.993,1.946
1.34667,44.725,39.401,32.024,21.023,13.442,7.737,5.078,1.936
1.35000,44.828,39.445,32.015,20.938,13.435,7.767,5.082,1.909
1.35333,44.855,39.407,32.029,21.109,13.390,7.762,4.938,1.838
1.35667,44.847,39.559,32.103,21.069,13.451,7.804,5.064,1.904
1.36000,44.966,39.615,32.117,21.109,13.511,7.761,5.070,1.917
1.36333,45.031,39.603,32.102,21.121,13.450,7.868,5.093,1.919
1.36667,45.050,39.652,32.179,21.111,13.486,7.881,5.047,1.935
1.37000,45.053,39.685,32.158,21.180,13.506,7.873,5.053,1.951
1.37333,45.105,39.805,32.226,21.167,13.500,7.840,5.031,1.885
1.37667,45.126,39.841,32.273,21.199,13.522,7.835,5.084,1.845
1.38000,45.250,39.823,32.281,21.159,13.548,7.862,5.050,1.907
1.38333,45.248,39.828,32.362,21.213,13.557,7.798,5.032,1.915
1.38667,45.315,39.985,32.392,21.294,13.561,7.904,5.099,1.929
1.39000,45.389,39.931,32.465,21.291,13.635,7.876,5.176,1.969
1.39333,45.492,40.033,32.424,21.277,13.574,7.860,5.123,1.927
1.39667,45.417,40.009,32.508,21.324,13.620,7.849,5.129,1.903
1.40000,45.494,40.023,32.480,21.376,13.671,7.869,5.127,1.924
1.40333,45.555,40.185,32.612,21.407,13.669,7.885,5.111,1.881
1.40667,45.610,40.225,32.570,21.415,13.719,7.922,5.110,1.946
1.41000,45.644,40.245,32.651,21.362,13.693,7.942,5.138,1.984
1.41333,45.729,40.282,32.710,21.451,13.698,7.937,5.213,1.955
1.41667,45.726,40.294,32.688,21.510,13.797,7.964,5.091,1.966
1.42000,45.815,40.309,32.717,21.527,13.688,7.988,5.107,1.968
1.42333,45.880,40.352,32.745,21.547,13.727,7.853,5.152,1.966
1.42667,45.865,40.410,32.816,21.568,13.740,7.989,5.197,1.901
1.43000,45.930,40.476,32.842,21.550,13.742,7.971,5.128,1.861
1.43333,46.002,40.554,32.843,21.651,13.812,7.979,5.138,1.955
1.43667,46.047,40.569,32.944,21.653,13.819,7.989,5.119,1.927
1.44000,46.110,40.582,32.917,21.563,13.808,7.912,5.099,1.935
1.44333,46.114,40.581,32.974,21.684,13.802,8.022,5.119,1.967
1.44667,46.187,40.655,33.020,21.653,13.854,8.033,5.215,1.999
1.45000,46.246,40.685,33.070,21.670,13.860,8.021,5.206,1.954
1.45333,46.328,40.783,33.101,21.694,13.846,7.972,5.168,2.013
1.45667,46.379,40.821,33.090,21.736,13.946,8.105,5.267,2.005
1.46000,46.435,40.895,33.189,21.713,13.928,8.072,5.186,1.924
1.46333,46.483,40.877,33.188,21.786,13.932,8.108,5.189,1.996
1.46667,46.448,40.967,33.272,21.802,13.908,8.086,5.230,1.993
1.47000,46.553,40.958,33.303,21.827,13.982,8.132,5.287,1.972
1.47333,46.635,41.036,33.236,21.848,13.932,8.097,5.283,1.945
1.47667,46.639,41.159,33.348,21.883,13.939,8.131,5.234,1.997
1.48000,46.723,41.142,33.381,21.912,13.951,8.134,5.232,1.984
1.48333,46.799,41.118,33.461,21.937,14.082,8.100,5.197,1.971
1.48667,46.825,41.251,33.445,21.934,14.028,8.096,5.211,2.060
1.49000,46.859,41.208,33.491,21.957,14.045,8.111,5.288,1.977
1.49333,46.869,41.270,33.526,22.018,14.019,8.155,5.270,2.022
1.49667,47.050,41.340,33.568,22.047,14.050,8.141,5.234,1.922
1.50000,46.965,41.354,33.601,22.026,14.109,8.171,5.210,1.950
1.50333,47.071,41.422,33.583,22.093,14.065,8.212,5.228,1.979
1.50667,47.065,41.437,33.710,22.139,14.089,8.217,5.263,2.030
1.51000,47.143,41.557,33.712,22.066,14.094,8.146,5.232,2.066
1.51333,47.208,41.487,33.782,22.112,14.118,8.133,5.349,1.981
1.51667,47.296,41.592,33.781,22.137,14.129,8.209,5.227,2.041
1.52000,47.343,41.671,33.811,22.177,14.163,8.210,5.277,2.000
1.52333,47.388,41.619,33.776,22.178,14.233,8.189,5.294,2.015
1.52667,47.432,41.719,33.909,22.242,14.207,8.298,5.328,2.032
1.53000,47.490,41.759,33.865,22.257,14.231,8.206,5.382,2.033
1.53333,47.494,41.839,33.916,22.232,14.196,8.293,5.330,1.973
1.53667,47.501,41.789,34.028,22.228,14.218,8.180,5.310,2.009
1.54000,47.675,41.916,34.051,22.272,14.231,8.216,5.289,2.021
1.54333,47.656,41.908,34.094,22.267,14.221,8.290,5.281,2.035
1.54667,47.797,41.948,34.164,22.353,14.391,8.282,5.333,2.062
1.55000,47.784,42.066,34.146,22.402,14.259,8.272,5.325,2.047
1.55333,47.869,42.124,34.264,22.427,14.385,8.319,5.333,2.007
1.55667,47.863,42.131,34.175,22.407,14.367,8.325,5.348,2.010
1.56000,47.928,42.130,34.236,22.438,14.323,8.292,5.344,2.012
1.56333,48.016,42.196,34.343,22.519,14.363,8.344,5.312,2.093
1.56667,48.026,42.160,34.361,22.500,14.346,8.351,5.302,2.030
1.57000,48.088,42.249,34.365,22.476,14.365,8.307,5.331,2.028
1.57333,48.130,42.294,34.413,22.513,14.455,8.316,5.364,2.025
1.57667,48.189,42.371,34.481,22.616,14.442,8.392,5.354,2.069
1.58000,48.286,42.446,34.484,22.526,14.491,8.295,5.328,2.018
1.58333,48.283,42.455,34.469,22.626,14.444,8.337,5.395,2.092
1.58667,48.320,42.490,34.570,22.676,14.464,8.326,5.286,2.069
1.59000,48.391,42.622,34.542,22.631,14.440,8.397,5.437,2.026
1.59333,48.424,42.632,34.619,22.661,14.575,8.388,5.399,2.048
1.59667,48.525,42.642,34.703,22.708,14.489,8.435,5.399,2.048
1.60000,48.591,42.651,34.680,22.706,14.522,8.427,5.421,2.089
1.60333,48.585,42.718,34.754,22.727,14.528,8.441,5.441,2.017
1.60667,48.671,42.805,34.812,22.766,14.564,8.476,5.415,2.108
1.61000,48.662,42.842,34.836,22.737,14.621,8.521,5.416,2.026
1.61333,48.797,42.891,34.917,22.801,14.605,8.380,5.423,1.981
1.61667,48.819,42.903,34.904,22.874,14.639,8.471,5.423,2.144
1.62000,48.904,42.958,34.962,22.914,14.688,8.448,5.377,2.074
1.62333,48.930,43.067,34.976,22.861,14.662,8.476,5.432,2.074
1.62667,48.994,43.068,35.110,22.908,14.650,8.476,5.391,2.027
1.63000,49.064,43.146,35.061,22.945,14.651,8.457,5.362,2.057
1.63333,49.112,43.196,35.080,22.994,14.644,8.461,5.418,2.040
1.63667,49.196,43.206,35.127,22.971,14.679,8.554,5.515,2.040
1.64000,49.252,43.221,35.192,23.043,14.760,8.473,5.557,1.997
1.64333,49.277,43.314,35.256,23.026,14.784,8.515,5.438,2.094
1.64667,49.271,43.331,35.289,23.101,14.785,8.554,5.474,2.070
1.65000,49.394,43.374,35.332,23.069,14.775,8.550,5.457,2.126
1.65333,49.458,43.405,35.375,23.149,14.848,8.523,5.412,2.094
1.65667,49.492,43.479,35.378,23.159,14.798,8.578,5.528,2.079
1.66000,49.520,43.523,35.447,23.196,14.791,8.586,5.479,2.038
1.66333,49.569,43.566,35.460,23.227,14.865,8.557,5.508,2.061
1.66667,49.622,43.597,35.540,23.214,14.851,8.564,5.480,2.086
1.67000,49.669,43.621,35.577,23.235,14.932,8.579,5.497,2.078
1.67333,49.773,43.751,35.646,23.235,14.897,8.555,5.488,2.097
1.67667,49.820,43.823,35.655,23.285,15.007,8.639,5.496,2.091
1.68000,49.884,43.801,35.711,23.270,14.996,8.640,5.484,2.076
1.68333,49.988,43.818,35.689,23.269,14.996,8.648,5.547,2.076
1.68667,50.002,43.957,35.744,23.348,15.004,8.614,5.550,2.140
1.69000,50.073,44.002,35.780,23.398,14.971,8.680,5.494,2.066
1.69333,50.142,43.998,35.804,23.396,14.953,8.679,5.550,2.109
1.69667,50.159,44.112,35.879,23.446,15.006,8.617,5.486,2.136
1.70000,50.238,44.025,35.914,23.527,15.101,8.666,5.500,2.114
1.70333,50.301,44.178,35.991,23.540,15.077,8.717,5.533,2.093
1.70667,50.390,44.175,35.973,23.511,15.143,8.713,5.537,2.061
1.71000,50.350,44.255,36.101,23.554,15.056,8.756,5.660,2.135
1.71333,50.392,44.300,36.045,23.568,15.085,8.761,5.546,2.120
1.71667,50.566,44.370,36.130,23.621,15.193,8.759,5.531,2.128
1.72000,50.592,44.408,36.121,23.628,15.111,8.760,5.577,2.077
1.72333,50.613,44.503,36.205,23.632,15.139,8.708,5.558,2.154
1.72667,50.701,44.423,36.201,23.616,15.146,8.725,5.555,2.181
1.73000,50.716,44.523,36.302,23.695,15.168,8.769,5.659,2.122
1.73333,50.784,44.560,36.205,23.725,15.256,8.803,5.590,2.115
1.73667,50.888,44.609,36.387,23.771,15.213,8.829,5.617,2.104
1.74000,50.954,44.649,36.345,23.793,15.315,8.797,5.690,2.212
1.74333,50.960,44.734,36.444,23.815,15.296,8.809,5.561,2.166
1.74667,50.958,44.814,36.503,23.772,15.301,8.803,5.661,2.135
1.75000,51.088,44.821,36.451,23.868,15.328,8.800,5.560,2.124
1.75333,51.121,44.902,36.569,23.884,15.337,8.832,5.590,2.085
1.75667,51.207,44.905,36.630,23.943,15.342,8.826,5.597,2.112
1.76000,51.229,45.035,36.695,23.916,15.371,8.820,5.604,2.099
1.76333,51.264,44.980,36.697,24.010,15.331,8.862,5.696,2.217
1.76667,51.374,45.101,36.724,23.927,15.370,8.876,5.653,2.118
1.77000,51.376,45.133,36.766,23.998,15.399,8.934,5.635,2.139
1.77333,51.467,45.195,36.795,24.039,15.412,8.942,5.685,2.110
1.77667,51.487,45.229,36.813,24.093,15.491,8.977,5.689,2.166
1.78000,51.533,45.325,36.871,24.126,15.437,8.880,5.709,2.182
1.78333,51.680,45.318,36.938,24.093,15.500,8.980,5.596,2.171
1.78667,51.639,45.393,37.068,24.113,15.475,8.949,5.634,2.202
1.79000,51.767,45.346,36.971,24.139,15.478,8.970,5.625,2.176
1.79333,51.797,45.441,36.997,24.210,15.543,8.948,5.755,2.225
1.79667,51.938,45.510,37.105,24.191,15.550,8.951,5.685,2.148
1.80000,51.979,45.508,37.247,24.223,15.563,8.930,5.712,2.125
1.80333,51.987,45.668,37.150,24.304,15.562,9.020,5.701,2.169
1.80667,52.041,45.669,37.254,24.319,15.628,8.981,5.657,2.219
1.81000,52.112,45.745,37.297,24.333,15.595,9.055,5.733,2.243
1.81333,52.173,45.780,37.252,24.259,15.612,8.965,5.661,2.235
1.81667,52.253,45.840,37.394,24.380,15.629,8.985,5.740,2.176
1.82000,52.269,45.854,37.364,24.374,15.596,9.015,5.775,2.215
1.82333,52.379,45.948,37.527,24.396,15.682,8.986,5.718,2.220
1.82667,52.446,45.980,37.501,24.443,15.661,9.111,5.729,2.253
1.83000,52.482,46.067,37.520,24.422,15.694,9.024,5.744,2.203
1.83333,52.540,46.071,37.618,24.471,15.791,9.026,5.696,2.219
1.83667,52.585,46.095,37.648,24.552,15.806,9.026,5.823,2.233
1.84000,52.664,46.251,37.653,24.525,15.814,9.125,5.783,2.204
1.84333,52.679,46.253,37.702,24.537,15.832,9.079,5.793,2.207
1.84667,52.742,46.295,37.776,24.624,15.822,9.134,5.746,2.277
1.85000,52.849,46.313,37.857,24.648,15.830,9.138,5.786,2.149
1.85333,52.870,46.432,37.794,24.688,15.810,9.116,5.777,2.232
1.85667,52.959,46.467,37.870,24.732,15.948,9.185,5.790,2.272
1.86000,52.986,46.465,37.952,24.762,15.847,9.173,5.803,2.306
1.86333,53.072,46.505,37.987,24.753,15.899,9.168,5.741,2.242
1.86667,53.105,46.605,38.022,24.769,15.844,9.253,5.835,2.285
1.87000,53.206,46.635,38.100,24.774,15.933,9.150,5.837,2.217
1.87333,53.231,46.657,38.108,24.811,15.977,9.131,5.849,2.233
1.87667,53.284,46.745,38.148,24.848,16.038,9.137,5.750,2.212
1.88000,53.383,46.835,38.202,24.880,15.984,9.232,5.852,2.216
1.88333,53.471,46.892,38.225,24.968,15.989,9.274,5.929,2.259
1.88667,53.499,46.850,38.331,24.965,15.988,9.206,5.821,2.272
1.89000,53.599,46.953,38.341,24.920,16.060,9.293,5.810,2.302
1.89333,53.638,46.978,38.332,25.003,16.171,9.285,5.835,2.316
1.89667,53.717,47.168,38.382,25.003,16.128,9.295,5.836,2.221
1.90000,53.722,47.094,38.467,25.013,16.124,9.268,5.845,2.323
1.90333,53.804,47.190,38.489,25.082,16.096,9.231,5.855,2.279
1.90667,53.834,47.263,38.506,25.139,16.151,9.252,5.925,2.218
1.91000,53.905,47.288,38.568,25.153,16.205,9.262,5.887,2.259
1.91333,53.945,47.391,38.650,25.156,16.227,9.299,5.885,2.301
1.91667,54.084,47.305,38.740,25.193,16.196,9.315,5.881,2.265
1.92000,54.072,47.378,38.679,25.248,16.256,9.329,5.894,2.259
1.92333,54.185,47.461,38.751,25.249,16.198,9.308,5.885,2.301
1.92667,54.252,47.526,38.815,25.284,16.277,9.394,5.860,2.292
1.93000,54.276,47.579,38.873,25.320,16.248,9.328,5.898,2.193
1.93333,54.296,47.649,38.904,25.370,16.337,9.352,5.896,2.251
1.93667,54.400,47.703,38.903,25.349,16.312,9.386,5.913,2.301
1.94000,54.473,47.732,38.978,25.398,16.355,9.390,5.979,2.316
1.94333,54.487,47.780,39.038,25.425,16.337,9.383,5.952,2.312
1.94667,54.604,47.857,39.094,25.459,16.345,9.420,5.959,2.311
1.95000,54.704,47.914,39.152,25.498,16.371,9.450,5.897,2.318
1.95333,54.804,48.022,39.161,25.465,16.421,9.393,5.918,2.308
1.95667,54.808,47.984,39.201,25.553,16.386,9.485,5.942,2.267
1.96000,54.855,48.108,39.226,25.566,16.481,9.438,6.000,2.345
1.96333,54.951,48.155,39.271,25.608,16.487,9.499,5.913,2.275
1.96667,54.951,48.127,39.321,25.643,16.457,9.469,5.923,2.320
1.97000,55.039,48.288,39.363,25.599,16.553,9.415,6.037,2.312
1.97333,55.105,48.306,39.417,25.661,16.478,9.498,5.861,2.324
1.97667,55.239,48.390,39.538,25.699,16.593,9.483,5.996,2.272
1.98000,55.190,48.466,39.590,25.744,16.624,9.491,6.028,2.280
1.98333,55.299,48.516,39.587,25.800,16.598,9.550,5.994,2.305
1.98667,55.372,48.498,39.661,25.861,16.570,9.476,6.012,2.294
1.99000,55.554,48.635,39.726,25.881,16.705,9.520,6.006,2.341
1.99333,55.622,48.715,39.867,25.918,16.637,9.525,5.973,2.355
1.99667,55.745,48.781,39.925,25.951,16.668,9.556,6.038,2.285
2.00000,55.958,48.895,40.072,26.036,16.730,9.589,6.055,2.382
2.00333,56.038,49.084,40.165,26.221,16.792,9.566,6.058,2.336
2.00667,56.440,49.256,40.488,26.300,16.818,9.646,6.090,2.395
2.01000,56.738,49.548,40.749,26.575,16.877,9.649,6.043,2.415
2.01333,57.234,49.874,41.224,26.785,17.040,9.620,6.102,2.363
2.01667,57.946,50.332,41.830,27.136,17.155,9.649,6.086,2.336
2.02000,58.861,50.997,42.597,27.650,17.276,9.688,6.099,2.387
2.02333,60.031,51.863,43.611,28.330,17.520,9.786,6.112,2.409
2.02667,61.636,53.027,45.011,29.194,17.837,9.839,6.064,2.330
2.03000,63.765,54.547,46.916,30.365,18.220,9.851,6.151,2.372
2.03333,66.641,56.482,49.359,31.993,18.665,9.994,6.197,2.419
2.03667,70.270,59.027,52.539,34.027,19.412,10.115,6.264,2.411
2.04000,74.901,62.349,56.652,36.586,20.266,10.291,6.252,2.444
2.04333,80.853,66.464,61.812,39.951,21.323,10.466,6.361,2.376
2.04667,88.198,71.670,68.380,44.149,22.650,10.699,6.406,2.434
2.05000,97.423,78.165,76.523,49.284,24.371,10.959,6.534,2.501
2.05333,108.624,86.062,86.420,55.540,26.350,11.366,6.629,2.520
2.05667,122.283,95.610,98.327,63.159,28.862,11.730,6.841,2.495
2.06000,138.425,106.967,112.595,72.253,31.694,12.156,6.918,2.499
2.06333,157.519,120.271,129.314,82.949,35.168,12.826,7.185,2.599
2.06667,179.480,135.881,148.770,95.439,39.275,13.463,7.350,2.656
2.07000,204.839,153.532,171.133,109.571,43.822,14.217,7.670,2.716
2.07333,233.402,173.584,196.180,125.635,48.965,15.125,7.993,2.753
2.07667,264.982,195.870,224.158,143.558,54.760,16.130,8.267,2.813
2.08000,299.707,220.313,254.740,163.101,61.158,17.170,8.631,2.884
2.08333,337.069,246.716,287.799,184.329,67.998,18.289,8.996,2.995
2.08667,376.805,274.669,322.935,206.899,75.267,19.578,9.407,3.029
2.09000,418.281,304.104,359.606,230.463,82.902,20.830,9.797,3.131
2.09333,460.855,334.309,397.305,254.714,90.824,22.110,10.305,3.284
2.09667,503.736,364.741,435.385,279.272,98.786,23.531,10.692,3.330
2.10000,545.999,394.880,472.851,303.552,106.793,24.837,11.206,3.409
2.10333,586.752,424.152,509.247,327.113,114.491,26.144,11.665,3.476
2.10667,625.343,451.793,543.503,349.465,121.776,27.341,12.100,3.562
2.11000,660.629,477.186,575.108,370.061,128.539,28.582,12.465,3.635
2.11333,692.028,499.861,603.179,388.449,134.590,29.515,12.781,3.780
2.11667,718.736,519.223,627.074,404.177,139.706,30.358,13.053,3.808
2.12000,740.157,534.889,646.340,416.858,143.919,31.135,13.300,3.815
2.12333,756.021,546.604,660.603,426.267,147.009,31.722,13.491,3.932
2.12667,766.097,553.833,669.709,432.238,149.025,31.983,13.616,3.845
2.13000,770.201,556.872,673.325,434.663,149.870,32.181,13.631,3.962
2.13333,768.371,555.587,671.668,433.563,149.448,32.061,13.636,3.891
2.13667,760.714,550.012,664.750,428.988,148.000,31.834,13.611,3.974
2.14000,747.683,540.511,653.116,421.311,145.424,31.415,13.433,3.874
2.14333,729.604,527.315,636.796,410.571,141.901,30.891,13.211,3.846
2.14667,707.067,510.937,616.544,397.256,137.567,30.162,12.954,3.814
2.15000,680.587,491.622,592.780,381.627,132.447,29.283,12.734,3.731
2.15333,650.894,470.282,566.227,364.285,126.754,28.372,12.418,3.721
2.15667,618.681,447.093,537.394,345.506,120.627,27.301,12.084,3.642
2.16000,584.512,422.688,507.080,325.739,114.178,26.237,11.658,3.573
2.16333,549.384,397.542,475.746,305.366,107.572,25.146,11.324,3.471
2.16667,513.646,372.115,443.972,284.854,100.892,24.038,10.917,3.401
2.17000,478.166,346.865,412.487,264.464,94.287,22.963,10.531,3.310
2.17333,443.243,321.988,381.485,244.495,87.762,21.833,10.313,3.264
2.17667,409.482,298.095,351.552,225.183,81.522,20.813,9.927,3.208
2.18000,377.078,275.291,322.954,206.811,75.557,19.822,9.595,3.184
2.18333,346.534,253.678,295.781,189.406,69.948,18.898,9.276,3.076
2.18667,317.873,233.438,270.444,173.099,64.684,18.028,9.057,2.982
2.19000,291.147,214.670,246.950,158.086,59.889,17.226,8.688,2.948
2.19333,266.603,197.417,225.190,144.190,55.402,16.470,8.499,2.989
2.19667,244.144,181.563,205.333,131.508,51.296,15.825,8.270,2.951
2.20000,223.688,167.204,187.257,119.957,47.613,15.199,8.030,2.793
2.20333,205.118,154.259,170.909,109.466,44.162,14.640,7.854,2.764
2.20667,188.543,142.555,156.267,100.162,41.236,14.167,7.699,2.791
2.21000,173.603,132.070,143.091,91.701,38.467,13.738,7.528,2.727
2.21333,160.313,122.729,131.373,84.200,36.082,13.225,7.393,2.642
2.21667,148.500,114.552,120.955,77.537,33.987,12.954,7.358,2.707
2.22000,138.047,107.155,111.658,71.655,32.088,12.670,7.183,2.658
2.22333,128.689,100.665,103.438,66.408,30.418,12.393,7.144,2.548
2.22667,120.502,94.967,96.287,61.847,28.990,12.232,7.048,2.702
2.23000,113.347,89.811,89.822,57.697,27.660,11.964,7.000,2.598
2.23333,106.914,85.416,84.268,54.201,26.450,11.750,6.907,2.609
2.23667,101.288,81.506,79.288,51.006,25.480,11.650,6.841,2.607
2.24000,96.454,78.076,74.913,48.270,24.603,11.462,6.815,2.608
2.24333,92.100,75.097,71.124,45.846,23.800,11.322,6.761,2.599
2.24667,88.349,72.447,67.771,43.654,23.158,11.249,6.748,2.575
2.25000,85.035,70.088,64.851,41.884,22.610,11.173,6.745,2.562
2.25333,82.146,68.094,62.354,40.215,22.014,11.058,6.750,2.562
2.25667,79.578,66.388,59.998,38.767,21.674,11.027,6.715,2.572
2.26000,77.398,64.776,58.085,37.524,21.160,10.940,6.733,2.552
2.26333,75.406,63.431,56.382,36.451,20.934,10.875,6.690,2.577
2.26667,73.692,62.251,54.879,35.454,20.643,10.909,6.655,2.608
2.27000,72.247,61.208,53.576,34.587,20.320,10.785,6.641,2.637
2.27333,71.017,60.406,52.458,33.903,20.062,10.821,6.675,2.540
2.27667,69.826,59.613,51.371,33.191,19.900,10.706,6.665,2.524
2.28000,68.910,58.812,50.566,32.662,19.740,10.822,6.688,2.578
2.28333,68.033,58.351,49.746,32.158,19.644,10.713,6.605,2.549
2.28667,67.348,57.836,49.061,31.773,19.500,10.725,6.605,2.578
2.29000,66.682,57.434,48.583,31.464,19.378,10.760,6.619,2.590
2.29333,66.132,57.026,48.113,31.127,19.287,10.658,6.604,2.528
2.29667,65.604,56.618,47.643,30.822,19.192,10.683,6.593,2.556
2.30000,65.232,56.423,47.270,30.577,19.195,10.728,6.624,2.581
2.30333,64.922,56.144,46.943,30.423,19.043,10.652,6.644,2.608
2.30667,64.558,55.935,46.699,30.271,19.055,10.682,6.583,2.609
2.31000,64.301,55.835,46.397,30.062,19.070,10.719,6.645,2.575
2.31333,64.154,55.786,46.229,30.026,18.963,10.754,6.573,2.624
2.31667,63.932,55.659,46.110,29.802,19.029,10.716,6.654,2.619
2.32000,63.826,55.473,45.952,29.751,18.910,10.691,6.659,2.627
2.32333,63.720,55.396,45.867,29.692,18.958,10.726,6.626,2.613
2.32667,63.626,55.429,45.755,29.642,18.959,10.740,6.615,2.595
2.33000,63.527,55.259,45.639,29.561,18.924,10.737,6.627,2.619
2.33333,63.482,55.367,45.590,29.583,18.871,10.759,6.647,2.569
2.33667,63.391,55.303,45.577,29.462,18.819,10.670,6.715,2.625
2.34000,63.353,55.263,45.511,29.503,18.947,10.701,6.705,2.588
2.34333,63.410,55.257,45.522,29.485,18.901,10.752,6.631,2.671
2.34667,63.358,55.259,45.503,29.462,18.927,10.732,6.642,2.631
2.35000,63.429,55.262,45.513,29.447,18.925,10.776,6.763,2.614
2.35333,63.425,55.257,45.513,29.460,18.973,10.769,6.738,2.622
2.35667,63.422,55.355,45.542,29.501,18.952,10.786,6.653,2.594
2.36000,63.428,55.399,45.510,29.434,19.003,10.841,6.709,2.648
2.36333,63.523,55.395,45.560,29.436,18.996,10.814,6.730,2.611
2.36667,63.519,55.506,45.564,29.461,19.017,10.856,6.714,2.669
2.37000,63.511,55.475,45.533,29.529,19.035,10.862,6.742,2.666
2.37333,63.650,55.514,45.613,29.535,19.022,10.858,6.707,2.626
2.37667,63.723,55.614,45.558,29.513,19.124,10.803,6.681,2.684
2.38000,63.660,55.688,45.602,29.582,19.119,10.858,6.775,2.700
2.38333,63.786,55.681,45.715,29.587,19.120,10.953,6.763,2.678
2.38667,63.834,55.796,45.793,29.602,19.117,10.921,6.741,2.686
2.39000,63.857,55.811,45.780,29.681,19.152,10.916,6.820,2.677
2.39333,63.958,55.861,45.833,29.623,19.170,10.942,6.763,2.688
2.39667,64.035,55.899,45.882,29.674,19.158,10.916,6.826,2.698
2.40000,64.163,56.012,45.902,29.706,19.160,10.958,6.774,2.669
2.40333,64.202,56.056,45.963,29.720,19.219,11.006,6.823,2.621
2.40667,64.191,56.115,46.018,29.864,19.255,11.000,6.757,2.663
2.41000,64.304,56.165,46.085,29.795,19.306,11.081,6.828,2.666
2.41333,64.386,56.171,46.136,29.811,19.347,10.974,6.832,2.710
2.41667,64.432,56.290,46.127,29.889,19.343,10.977,6.851,2.680
2.42000,64.515,56.339,46.283,29.868,19.286,11.003,6.865,2.647
2.42333,64.625,56.459,46.278,29.918,19.336,11.088,6.804,2.630
2.42667,64.660,56.494,46.377,30.003,19.345,11.074,6.835,2.652
2.43000,64.727,56.578,46.391,30.017,19.341,11.094,6.868,2.716
2.43333,64.817,56.609,46.447,30.051,19.435,11.088,6.845,2.640
2.43667,64.891,56.639,46.523,30.047,19.460,11.013,6.875,2.688
2.44000,64.947,56.749,46.614,30.102,19.462,11.091,6.909,2.736
2.44333,65.024,56.831,46.658,30.187,19.527,11.150,6.913,2.754
2.44667,65.149,56.883,46.670,30.170,19.521,11.158,6.857,2.682
2.45000,65.222,56.902,46.666,30.309,19.599,11.158,6.938,2.706
2.45333,65.267,56.961,46.770,30.237,19.505,11.207,6.930,2.737
2.45667,65.341,57.049,46.818,30.277,19.596,11.221,6.926,2.682
2.46000,65.438,57.140,46.929,30.271,19.594,11.200,6.946,2.815
2.46333,65.518,57.204,46.886,30.366,19.559,11.244,6.914,2.711
2.46667,65.596,57.273,47.015,30.366,19.666,11.290,6.870,2.698
2.47000,65.672,57.293,47.105,30.455,19.645,11.294,6.941,2.715
2.47333,65.727,57.419,47.075,30.464,19.697,11.174,6.928,2.697
2.47667,65.803,57.454,47.114,30.473,19.710,11.349,6.926,2.734
2.48000,65.946,57.543,47.220,30.548,19.729,11.272,6.972,2.704
2.48333,65.958,57.615,47.303,30.514,19.784,11.323,6.934,2.754
2.48667,66.038,57.723,47.340,30.668,19.793,11.270,6.985,2.737
2.49000,66.111,57.734,47.412,30.692,19.824,11.359,6.946,2.786
2.49333,66.227,57.861,47.461,30.655,19.858,11.311,6.932,2.748
2.49667,66.330,57.858,47.490,30.721,19.889,11.383,6.966,2.762
2.50000,66.415,57.918,47.581,30.693,19.946,11.407,6.957,2.760
2.50333,66.491,58.010,47.608,30.747,19.916,11.390,7.062,2.742
2.50667,66.528,58.097,47.674,30.826,19.916,11.405,7.015,2.805
2.51000,66.544,58.201,47.726,30.841,19.926,11.405,6.991,2.803
2.51333,66.658,58.206,47.827,30.896,19.996,11.404,6.961,2.749
2.51667,66.753,58.317,47.824,30.929,20.003,11.437,7.022,2.767
2.52000,66.813,58.351,47.867,31.013,20.012,11.471,6.976,2.778
2.52333,66.962,58.454,47.969,31.032,20.098,11.414,7.028,2.801
2.52667,67.024,58.472,48.112,31.009,20.106,11.479,6.997,2.782
2.53000,67.036,58.465,48.052,31.103,20.078,11.459,7.096,2.817
2.53333,67.201,58.538,48.057,31.128,20.125,11.478,7.098,2.797
2.53667,67.218,58.726,48.256,31.103,20.160,11.512,7.096,2.896
2.54000,67.319,58.742,48.204,31.199,20.221,11.469,7.081,2.820
2.54333,67.379,58.749,48.332,31.242,20.194,11.460,7.103,2.818
2.54667,67.518,58.855,48.297,31.274,20.237,11.569,7.110,2.887
2.55000,67.520,58.940,48.390,31.256,20.265,11.535,7.183,2.719
2.55333,67.672,59.073,48.492,31.363,20.274,11.561,7.155,2.808
2.55667,67.690,59.144,48.560,31.422,20.368,11.586,7.137,2.812
2.56000,67.824,59.156,48.602,31.374,20.379,11.626,7.122,2.800
2.56333,67.875,59.193,48.589,31.478,20.339,11.598,7.132,2.788
2.56667,67.979,59.298,48.724,31.361,20.372,11.624,7.199,2.785
2.57000,68.090,59.346,48.774,31.554,20.440,11.599,7.154,2.813
2.57333,68.178,59.457,48.822,31.490,20.375,11.698,7.156,2.864
2.57667,68.239,59.458,48.849,31.544,20.408,11.602,7.185,2.852
2.58000,68.303,59.538,48.864,31.614,20.480,11.626,7.129,2.832
2.58333,68.414,59.622,48.981,31.635,20.471,11.642,7.224,2.858
2.58667,68.464,59.707,48.995,31.667,20.516,11.672,7.180,2.886
2.59000,68.564,59.783,49.153,31.730,20.494,11.726,7.163,2.857
2.59333,68.605,59.932,49.231,31.747,20.524,11.702,7.246,2.839
2.59667,68.649,59.944,49.232,31.805,20.608,11.675,7.204,2.817
2.60000,68.768,59.985,49.268,31.794,20.628,11.847,7.230,2.784
2.60333,68.890,60.073,49.344,31.870,20.649,11.832,7.251,2.946
2.60667,68.973,60.154,49.409,31.918,20.683,11.768,7.244,2.852
2.61000,68.995,60.165,49.497,31.943,20.699,11.820,7.295,2.835
2.61333,69.060,60.263,49.517,32.067,20.761,11.821,7.292,2.850
2.61667,69.217,60.374,49.531,31.979,20.738,11.830,7.256,2.891
2.62000,69.302,60.420,49.639,32.050,20.794,11.807,7.274,2.932
2.62333,69.375,60.537,49.744,32.020,20.792,11.886,7.243,2.870
2.62667,69.423,60.647,49.748,32.192,20.860,11.906,7.303,2.863
2.63000,69.552,60.621,49.781,32.177,20.842,11.872,7.284,2.843
2.63333,69.616,60.712,49.859,32.237,20.901,11.869,7.227,2.897
2.63667,69.674,60.731,49.931,32.308,20.944,11.854,7.276,2.937
2.64000,69.792,60.828,50.018,32.306,20.923,11.871,7.315,2.946
2.64333,69.868,60.883,50.038,32.271,20.913,11.933,7.356,2.923
2.64667,69.918,60.923,50.139,32.329,20.953,11.906,7.292,2.976
2.65000,70.035,61.029,50.187,32.414,21.059,11.937,7.361,2.906
2.65333,70.146,61.143,50.257,32.485,21.013,11.903,7.330,2.895
2.65667,70.218,61.176,50.274,32.465,21.051,11.911,7.297,2.907
2.66000,70.221,61.319,50.411,32.493,21.022,11.965,7.387,2.900
2.66333,70.331,61.300,50.490,32.580,21.157,12.081,7.339,2.890
2.66667,70.447,61.418,50.443,32.553,21.113,12.012,7.414,2.916
2.67000,70.538,61.419,50.506,32.661,21.164,12.009,7.319,2.958
2.67333,70.610,61.583,50.571,32.695,21.167,12.044,7.348,2.939
2.67667,70.727,61.600,50.690,32.737,21.249,12.116,7.346,2.880
2.68000,70.805,61.786,50.724,32.757,21.189,12.136,7.410,2.946
2.68333,70.893,61.779,50.820,32.762,21.327,12.029,7.346,2.952
2.68667,70.945,61.856,50.817,32.833,21.279,12.074,7.410,2.875
2.69000,71.013,61.901,50.928,32.904,21.336,12.108,7.397,2.946
2.69333,71.178,61.980,51.045,32.945,21.367,12.119,7.394,2.985
2.69667,71.241,62.059,51.044,32.956,21.350,12.202,7.333,2.947
2.70000,71.312,62.102,51.083,32.993,21.401,12.177,7.478,2.954
2.70333,71.425,62.219,51.135,32.994,21.430,12.175,7.451,2.968
2.70667,71.446,62.269,51.205,33.010,21.444,12.160,7.484,3.023
2.71000,71.539,62.368,51.336,33.131,21.511,12.243,7.477,2.959
2.71333,71.639,62.386,51.334,33.088,21.493,12.194,7.518,2.969
2.71667,71.726,62.400,51.401,33.192,21.529,12.248,7.358,2.933
2.72000,71.779,62.499,51.510,33.168,21.556,12.219,7.501,2.943
2.72333,71.845,62.638,51.556,33.306,21.569,12.249,7.524,3.034
2.72667,71.958,62.722,51.585,33.308,21.555,12.300,7.502,2.963
2.73000,72.058,62.789,51.647,33.361,21.641,12.320,7.541,2.999
2.73333,72.142,62.906,51.656,33.313,21.597,12.236,7.514,3.024
2.73667,72.216,62.864,51.778,33.343,21.708,12.305,7.478,2.993
2.74000,72.314,62.979,51.865,33.377,21.641,12.270,7.542,3.058
2.74333,72.363,63.075,51.931,33.468,21.661,12.356,7.479,2.990
2.74667,72.494,63.128,51.933,33.490,21.805,12.414,7.561,3.034
2.75000,72.578,63.238,52.039,33.496,21.782,12.383,7.568,2.989
2.75333,72.638,63.339,52.080,33.580,21.728,12.394,7.493,2.994
2.75667,72.817,63.437,52.097,33.668,21.800,12.402,7.606,2.999
2.76000,72.774,63.456,52.182,33.710,21.857,12.426,7.584,3.046
2.76333,72.921,63.537,52.224,33.701,21.852,12.432,7.624,2.980
2.76667,72.990,63.619,52.318,33.684,21.932,12.483,7.635,2.988
2.77000,73.150,63.751,52.385,33.770,21.983,12.350,7.658,3.027
2.77333,73.163,63.725,52.471,33.899,21.906,12.483,7.664,3.093
2.77667,73.310,63.798,52.512,33.827,22.091,12.512,7.619,3.069
2.78000,73.357,63.877,52.567,33.898,22.002,12.417,7.621,2.983
2.78333,73.429,64.051,52.665,33.977,21.970,12.593,7.614,3.061
2.78667,73.523,63.997,52.749,33.908,22.097,12.554,7.664,3.117
2.79000,73.574,64.096,52.758,33.951,22.086,12.540,7.675,3.036
2.79333,73.727,64.236,52.859,34.018,22.121,12.606,7.642,3.127
2.79667,73.779,64.227,52.925,34.065,22.187,12.590,7.641,3.033
2.80000,73.910,64.386,52.936,34.124,22.121,12.629,7.710,3.031
2.80333,73.960,64.477,53.054,34.273,22.186,12.536,7.646,3.076
2.80667,74.059,64.558,53.111,34.186,22.206,12.662,7.698,3.080
2.81000,74.216,64.600,53.194,34.268,22.227,12.735,7.727,3.106
2.81333,74.219,64.665,53.201,34.330,22.287,12.684,7.680,3.021
2.81667,74.326,64.736,53.255,34.380,22.301,12.683,7.722,3.111
2.82000,74.361,64.800,53.404,34.401,22.289,12.655,7.748,3.078
2.82333,74.502,64.828,53.462,34.360,22.391,12.705,7.688,3.093
2.82667,74.625,64.931,53.494,34.479,22.380,12.660,7.700,3.083
2.83000,74.755,65.082,53.492,34.472,22.370,12.721,7.754,3.073
2.83333,74.785,65.075,53.638,34.563,22.469,12.696,7.756,3.124
2.83667,74.823,65.177,53.685,34.575,22.494,12.704,7.814,3.110
2.84000,74.933,65.311,53.677,34.566,22.418,12.833,7.752,3.095
2.84333,75.058,65.357,53.794,34.661,22.469,12.828,7.825,3.118
2.84667,75.077,65.399,53.924,34.699,22.505,12.787,7.789,3.058
2.85000,75.237,65.519,53.906,34.691,22.583,12.816,7.792,3.162
2.85333,75.306,65.588,53.975,34.782,22.569,12.870,7.868,3.182
2.85667,75.394,65.664,54.061,34.849,22.577,12.888,7.825,3.115
2.86000,75.415,65.757,54.160,34.872,22.615,12.926,7.916,3.099
2.86333,75.560,65.830,54.181,34.970,22.604,12.900,7.823,3.140
2.86667,75.670,65.866,54.303,34.942,22.650,12.897,7.894,3.153
2.87000,75.789,65.973,54.321,35.010,22.753,12.924,7.829,3.133
2.87333,75.881,66.011,54.393,35.066,22.740,12.975,7.901,3.126
2.87667,75.914,66.132,54.417,35.046,22.781,12.940,7.894,3.173
2.88000,76.064,66.123,54.554,35.143,22.766,12.929,7.952,3.118
2.88333,76.095,66.289,54.633,35.122,22.892,12.970,7.906,3.124
2.88667,76.238,66.337,54.619,35.156,22.844,13.010,7.910,3.132
2.89000,76.298,66.395,54.699,35.218,22.908,12.941,7.911,3.155
2.89333,76.380,66.552,54.790,35.254,22.868,13.007,7.927,3.174
2.89667,76.543,66.549,54.897,35.324,23.008,13.041,7.933,3.131
2.90000,76.598,66.625,54.896,35.337,22.953,13.049,7.892,3.166
2.90333,76.690,66.757,54.912,35.359,22.978,12.998,7.964,3.150
2.90667,76.720,66.858,55.019,35.404,23.127,13.087,7.888,3.173
2.91000,76.853,66.852,55.105,35.444,23.087,13.101,8.018,3.199
2.91333,76.930,66.998,55.141,35.519,23.111,13.135,7.925,3.168
2.91667,76.990,67.011,55.215,35.567,23.080,13.112,7.995,3.242
2.92000,77.122,67.156,55.267,35.608,23.089,13.154,7.894,3.202
2.92333,77.193,67.241,55.344,35.650,23.189,13.099,7.948,3.190
2.92667,77.307,67.235,55.425,35.676,23.197,13.111,7.910,3.247
2.93000,77.408,67.323,55.508,35.700,23.187,13.129,7.983,3.157
2.93333,77.464,67.428,55.546,35.829,23.205,13.190,7.986,3.201
2.93667,77.557,67.510,55.616,35.798,23.292,13.213,8.019,3.130
2.94000,77.755,67.603,55.688,35.836,23.315,13.145,8.065,3.232
2.94333,77.794,67.652,55.712,35.926,23.368,13.243,7.990,3.197
2.94667,77.848,67.677,55.821,35.928,23.380,13.262,8.041,3.252
2.95000,77.950,67.799,55.894,35.958,23.414,13.285,8.043,3.172
2.95333,78.061,67.892,55.895,35.966,23.355,13.272,8.055,3.187
2.95667,78.155,68.007,56.026,36.017,23.469,13.282,8.043,3.235
2.96000,78.246,68.018,56.077,36.129,23.439,13.263,7.998,3.266
2.96333,78.361,68.195,56.190,36.052,23.495,13.345,8.079,3.198
2.96667,78.407,68.223,56.266,36.164,23.523,13.375,8.059,3.246
2.97000,78.520,68.290,56.366,36.203,23.616,13.338,8.068,3.283
2.97333,78.575,68.420,56.367,36.215,23.549,13.362,8.087,3.189
2.97667,78.659,68.447,56.457,36.310,23.613,13.399,8.229,3.251
2.98000,78.774,68.615,56.467,36.353,23.642,13.395,8.097,3.263
2.98333,78.821,68.627,56.584,36.416,23.675,13.382,8.227,3.233
2.98667,78.995,68.690,56.639,36.440,23.624,13.371,8.115,3.296
2.99000,79.048,68.745,56.677,36.502,23.717,13.414,8.177,3.269
2.99333,79.142,68.854,56.776,36.516,23.769,13.449,8.161,3.253
2.99667,79.269,68.891,56.853,36.551,23.813,13.516,8.147,3.288
3.00000,79.368,69.036,56.888,36.576,23.849,13.521,8.168,3.251
3.00333,79.454,69.089,56.958,36.647,23.800,13.536,8.192,3.278
3.00667,79.536,69.208,56.994,36.694,23.839,13.528,8.188,3.331
3.01000,79.656,69.235,57.051,36.710,23.860,13.547,8.209,3.274
3.01333,79.731,69.285,57.185,36.763,23.885,13.563,8.214,3.307
3.01667,79.761,69.389,57.224,36.827,23.938,13.574,8.209,3.299
3.02000,79.943,69.533,57.352,36.879,23.912,13.614,8.217,3.350
3.02333,80.043,69.618,57.343,36.862,23.961,13.544,8.250,3.375
3.02667,80.114,69.605,57.443,36.950,24.051,13.665,8.245,3.313
3.03000,80.153,69.679,57.496,36.933,24.018,13.710,8.253,3.287
3.03333,80.218,69.843,57.574,37.092,24.074,13.678,8.236,3.294
3.03667,80.402,69.925,57.666,37.064,24.086,13.688,8.308,3.307
3.04000,80.475,70.015,57.669,37.141,24.138,13.662,8.233,3.338
3.04333,80.528,70.104,57.852,37.169,24.170,13.648,8.229,3.363
3.04667,80.714,70.151,57.855,37.206,24.231,13.744,8.318,3.316
3.05000,80.791,70.261,57.927,37.238,24.243,13.714,8.286,3.366
3.05333,80.821,70.285,58.001,37.290,24.189,13.708,8.355,3.376
3.05667,80.948,70.392,58.051,37.282,24.275,13.766,8.340,3.362
3.06000,81.028,70.503,58.181,37.308,24.312,13.792,8.360,3.316
3.06333,81.155,70.504,58.170,37.463,24.352,13.844,8.318,3.447
3.06667,81.295,70.633,58.264,37.474,24.324,13.837,8.410,3.346
3.07000,81.278,70.708,58.317,37.481,24.437,13.883,8.344,3.395
3.07333,81.434,70.789,58.474,37.562,24.453,13.845,8.368,3.381
3.07667,81.501,70.945,58.420,37.553,24.467,13.873,8.331,3.357
3.08000,81.591,71.009,58.595,37.662,24.518,13.883,8.390,3.431
3.08333,81.767,71.121,58.683,37.697,24.541,13.864,8.367,3.417
3.08667,81.837,71.162,58.668,37.682,24.556,13.919,8.433,3.373
3.09000,81.924,71.255,58.805,37.769,24.549,13.912,8.427,3.391
3.09333,82.021,71.286,58.869,37.849,24.679,13.962,8.390,3.387
3.09667,82.136,71.348,58.881,37.842,24.594,13.971,8.465,3.455
3.10000,82.221,71.491,58.993,37.877,24.649,13.912,8.432,3.408
3.10333,82.269,71.565,58.994,37.929,24.725,13.993,8.382,3.412
3.10667,82.472,71.666,59.113,37.959,24.744,14.025,8.424,3.396
3.11000,82.422,71.700,59.130,38.023,24.737,14.028,8.440,3.417
3.11333,82.580,71.767,59.252,38.109,24.762,14.112,8.465,3.449
3.11667,82.682,71.819,59.292,38.119,24.802,13.978,8.404,3.448
3.12000,82.764,72.013,59.321,38.159,24.773,14.073,8.561,3.401
3.12333,82.857,72.035,59.517,38.192,24.778,14.144,8.472,3.429
3.12667,83.023,72.165,59.563,38.221,24.887,14.092,8.515,3.480
3.13000,83.020,72.163,59.656,38.355,24.986,14.143,8.514,3.515
3.13333,83.178,72.276,59.698,38.304,24.930,14.148,8.499,3.502
3.13667,83.267,72.389,59.707,38.357,24.943,14.185,8.539,3.447
3.14000,83.340,72.465,59.753,38.453,25.001,14.146,8.515,3.436
3.14333,83.530,72.508,59.890,38.528,24.940,14.181,8.571,3.471
3.14667,83.607,72.642,59.975,38.554,25.056,14.156,8.537,3.505
3.15000,83.644,72.742,59.968,38.611,25.039,14.232,8.534,3.428
3.15333,83.837,72.745,60.160,38.659,25.146,14.299,8.604,3.472
3.15667,83.866,72.888,60.167,38.620,25.143,14.220,8.591,3.488
3.16000,83.963,72.989,60.273,38.682,25.224,14.257,8.593,3.460
3.16333,84.026,73.054,60.269,38.672,25.263,14.257,8.613,3.497
3.16667,84.205,73.094,60.382,38.801,25.189,14.322,8.628,3.475
3.17000,84.250,73.195,60.461,38.872,25.302,14.329,8.623,3.462
3.17333,84.369,73.297,60.461,38.844,25.248,14.275,8.673,3.486
3.17667,84.468,73.387,60.521,38.895,25.359,14.388,8.694,3.496
3.18000,84.593,73.489,60.568,38.990,25.302,14.345,8.655,3.453
3.18333,84.590,73.574,60.718,38.994,25.412,14.374,8.607,3.487
3.18667,84.723,73.711,60.745,39.065,25.369,14.333,8.696,3.494
3.19000,84.864,73.773,60.788,39.089,25.480,14.387,8.645,3.472
3.19333,84.945,73.866,60.941,39.119,25.531,14.444,8.694,3.485
3.19667,85.027,73.915,61.037,39.115,25.532,14.424,8.701,3.530
3.20000,85.145,74.012,61.081,39.257,25.536,14.505,8.700,3.524
3.20333,85.233,74.007,61.186,39.286,25.570,14.523,8.778,3.482
3.20667,85.366,74.188,61.246,39.371,25.605,14.477,8.723,3.522
3.21000,85.445,74.269,61.282,39.360,25.597,14.536,8.763,3.451
3.21333,85.540,74.307,61.376,39.403,25.721,14.538,8.707,3.562
3.21667,85.639,74.431,61.465,39.456,25.616,14.502,8.745,3.547
3.22000,85.734,74.523,61.534,39.482,25.739,14.593,8.736,3.545
3.22333,85.851,74.651,61.547,39.534,25.797,14.541,8.754,3.568
3.22667,85.981,74.688,61.660,39.605,25.733,14.574,8.843,3.566
3.23000,85.989,74.755,61.717,39.623,25.790,14.609,8.772,3.469
3.23333,86.124,74.917,61.839,39.690,25.810,14.585,8.735,3.567
3.23667,86.228,74.918,61.910,39.740,25.862,14.616,8.808,3.558
3.24000,86.280,75.032,61.929,39.735,25.886,14.680,8.800,3.574
3.24333,86.460,75.049,62.027,39.788,25.933,14.761,8.817,3.557
3.24667,86.628,75.195,62.081,39.832,25.954,14.656,8.823,3.605
3.25000,86.632,75.250,62.215,39.968,26.055,14.749,8.850,3.609
3.25333,86.824,75.380,62.229,39.907,26.030,14.724,8.909,3.571
3.25667,86.856,75.407,62.387,39.990,26.044,14.769,8.846,3.570
3.26000,87.082,75.592,62.425,40.007,26.023,14.755,8.880,3.563
3.26333,87.086,75.613,62.469,40.099,26.056,14.787,8.843,3.598
3.26667,87.197,75.670,62.477,40.142,26.109,14.780,8.917,3.571
3.27000,87.251,75.777,62.543,40.119,26.171,14.835,8.905,3.560
3.27333,87.376,75.889,62.663,40.196,26.201,14.768,8.934,3.620
3.27667,87.526,76.048,62.728,40.306,26.184,14.847,8.916,3.632
3.28000,87.559,76.073,62.841,40.359,26.229,14.874,8.891,3.642
3.28333,87.664,76.148,62.892,40.365,26.345,14.906,8.943,3.553
3.28667,87.785,76.276,63.040,40.393,26.311,14.868,8.924,3.662
3.29000,87.918,76.302,62.991,40.440,26.382,14.968,9.000,3.666
3.29333,87.998,76.410,63.170,40.465,26.368,14.953,8.924,3.677
3.29667,88.107,76.479,63.197,40.541,26.366,14.938,8.980,3.662
3.30000,88.149,76.611,63.259,40.611,26.468,14.939,8.956,3.617
3.30333,88.286,76.626,63.335,40.634,26.504,14.973,8.950,3.595
3.30667,88.402,76.753,63.442,40.700,26.541,15.010,9.013,3.646
3.31000,88.561,76.851,63.459,40.719,26.626,14.975,9.033,3.656
3.31333,88.601,76.941,63.555,40.679,26.564,15.045,9.009,3.652
3.31667,88.711,76.998,63.624,40.823,26.620,15.024,9.046,3.646
3.32000,88.793,77.139,63.689,40.874,26.641,15.071,9.044,3.728
3.32333,88.893,77.195,63.793,40.969,26.690,14.997,8.980,3.731
3.32667,89.060,77.288,63.889,41.011,26.715,15.089,9.039,3.666
3.33000,89.131,77.342,63.934,40.979,26.773,15.083,9.079,3.659
3.33333,89.205,77.467,63.995,41.027,26.819,15.130,9.016,3.734
3.33667,89.274,77.548,64.132,41.016,26.765,15.156,9.061,3.703
3.34000,89.412,77.555,64.163,41.185,26.840,15.225,9.099,3.696
3.34333,89.503,77.744,64.256,41.160,26.912,15.177,9.036,3.634
3.34667,89.588,77.860,64.315,41.227,26.855,15.202,9.147,3.717
3.35000,89.699,77.917,64.444,41.281,26.919,15.215,9.144,3.683
3.35333,89.826,78.029,64.492,41.230,26.969,15.267,9.125,3.706
3.35667,89.983,78.082,64.495,41.401,27.014,15.182,9.099,3.710
3.36000,90.053,78.202,64.598,41.373,26.953,15.285,9.153,3.728
3.36333,90.118,78.225,64.701,41.465,27.033,15.240,9.183,3.719
3.36667,90.257,78.357,64.770,41.559,27.103,15.331,9.152,3.697
3.37000,90.357,78.499,64.908,41.566,27.072,15.353,9.213,3.726
3.37333,90.468,78.554,64.928,41.558,27.175,15.415,9.215,3.750
3.37667,90.544,78.608,64.954,41.659,27.189,15.338,9.190,3.739
3.38000,90.577,78.711,65.049,41.698,27.182,15.360,9.170,3.719
3.38333,90.756,78.813,65.079,41.745,27.245,15.385,9.132,3.742
3.38667,90.859,78.927,65.226,41.804,27.343,15.505,9.218,3.743
3.39000,90.958,78.991,65.277,41.859,27.320,15.404,9.177,3.722
3.39333,91.122,79.053,65.454,41.956,27.320,15.415,9.208,3.795
3.39667,91.178,79.189,65.438,41.989,27.367,15.485,9.249,3.764
3.40000,91.268,79.215,65.582,41.966,27.384,15.478,9.269,3.743
3.40333,91.461,79.359,65.582,42.036,27.407,15.492,9.197,3.732
3.40667,91.506,79.431,65.701,42.090,27.471,15.500,9.278,3.791
3.41000,91.690,79.559,65.724,42.137,27.502,15.549,9.319,3.836
3.41333,91.682,79.657,65.802,42.169,27.478,15.523,9.353,3.804
3.41667,91.810,79.679,65.882,42.241,27.549,15.610,9.250,3.778
3.42000,91.897,79.768,66.016,42.211,27.609,15.600,9.290,3.726
3.42333,92.010,79.818,66.043,42.292,27.605,15.575,9.311,3.853
3.42667,92.135,79.917,66.133,42.462,27.612,15.607,9.395,3.787
3.43000,92.162,80.037,66.208,42.411,27.659,15.637,9.344,3.799
3.43333,92.352,80.173,66.188,42.465,27.761,15.585,9.387,3.818
3.43667,92.449,80.238,66.391,42.533,27.685,15.619,9.369,3.790
3.44000,92.518,80.332,66.406,42.552,27.772,15.666,9.361,3.843
3.44333,92.689,80.408,66.464,42.688,27.910,15.791,9.318,3.803
3.44667,92.781,80.511,66.584,42.615,27.884,15.689,9.352,3.862
3.45000,92.874,80.615,66.685,42.722,27.900,15.766,9.370,3.797
3.45333,93.018,80.750,66.798,42.793,27.964,15.828,9.400,3.847
3.45667,93.124,80.762,66.789,42.825,27.935,15.708,9.419,3.819
3.46000,93.146,80.901,66.925,42.841,27.938,15.778,9.371,3.822
3.46333,93.291,80.969,66.916,42.880,27.946,15.792,9.427,3.830
3.46667,93.419,81.040,67.078,42.937,28.032,15.767,9.489,3.873
3.47000,93.615,81.146,67.126,42.932,28.040,15.858,9.401,3.850
3.47333,93.650,81.274,67.167,43.090,28.033,15.911,9.453,3.843
3.47667,93.727,81.391,67.247,43.089,28.130,15.884,9.471,3.837
3.48000,93.840,81.455,67.320,43.153,28.167,15.871,9.509,3.875
3.48333,93.938,81.440,67.460,43.146,28.298,15.967,9.486,3.843
3.48667,94.060,81.543,67.460,43.221,28.277,15.926,9.492,3.841
3.49000,94.123,81.753,67.540,43.289,28.334,15.972,9.453,3.886
3.49333,94.291,81.824,67.662,43.394,28.356,15.959,9.443,3.977
3.49667,94.362,81.830,67.729,43.387,28.313,16.065,9.516,3.884
3.50000,94.447,81.988,67.815,43.460,28.338,15.977,9.576,3.889
3.50333,94.554,81.993,67.805,43.434,28.360,16.028,9.578,3.939
3.50667,94.682,82.246,67.940,43.547,28.397,16.037,9.544,3.898
3.51000,94.773,82.265,68.028,43.613,28.483,16.143,9.619,3.906
3.51333,94.890,82.347,68.125,43.564,28.491,16.058,9.596,3.936
3.51667,95.034,82.448,68.206,43.704,28.531,16.091,9.551,3.895
3.52000,95.122,82.509,68.268,43.725,28.547,16.112,9.559,3.933
3.52333,95.219,82.629,68.384,43.724,28.559,16.082,9.644,3.945
3.52667,95.352,82.691,68.430,43.829,28.699,16.162,9.613,3.931
3.53000,95.508,82.760,68.534,43.911,28.583,16.135,9.703,3.949
3.53333,95.498,82.913,68.607,43.892,28.741,16.209,9.618,3.891
3.53667,95.644,83.014,68.622,43.938,28.636,16.148,9.586,3.978
3.54000,95.740,83.117,68.765,43.953,28.701,16.221,9.711,4.013
3.54333,95.840,83.128,68.780,44.063,28.773,16.211,9.630,3.906
3.54667,95.988,83.304,68.916,44.095,28.773,16.284,9.673,4.018
3.55000,96.108,83.417,69.044,44.162,28.872,16.308,9.686,4.020
3.55333,96.219,83.423,69.019,44.154,28.909,16.232,9.709,3.947
3.55667,96.329,83.609,69.099,44.241,28.851,16.284,9.706,3.955
3.56000,96.457,83.657,69.203,44.328,28.982,16.365,9.716,3.925
3.56333,96.515,83.770,69.264,44.319,28.999,16.335,9.643,4.011
3.56667,96.615,83.842,69.384,44.430,29.015,16.378,9.730,3.996
3.57000,96.741,83.955,69.469,44.422,29.131,16.454,9.732,3.969
3.57333,96.851,84.080,69.522,44.518,29.031,16.365,9.775,4.001
3.57667,96.942,84.162,69.516,44.596,29.118,16.392,9.817,3.990
3.58000,97.072,84.200,69.724,44.570,29.195,16.466,9.819,3.914
3.58333,97.174,84.310,69.772,44.640,29.165,16.517,9.819,4.017
3.58667,97.316,84.371,69.832,44.717,29.181,16.459,9.804,4.001
3.59000,97.398,84.492,69.897,44.682,29.220,16.471,9.767,4.083
3.59333,97.564,84.590,69.940,44.818,29.215,16.447,9.776,4.009
3.59667,97.570,84.646,70.071,44.840,29.267,16.509,9.768,4.023
3.60000,97.788,84.728,70.179,44.888,29.327,16.514,9.814,4.010
3.60333,97.838,84.860,70.271,44.952,29.350,16.558,9.834,3.985
3.60667,97.997,84.872,70.300,45.040,29.444,16.557,9.885,4.067
3.61000,98.025,85.057,70.433,45.042,29.475,16.621,9.874,4.033
3.61333,98.184,85.066,70.466,45.133,29.457,16.598,9.885,4.051
3.61667,98.322,85.211,70.559,45.091,29.509,16.611,9.847,4.055
3.62000,98.440,85.308,70.618,45.200,29.573,16.699,9.920,3.993
3.62333,98.460,85.439,70.711,45.193,29.548,16.684,9.982,4.015
3.62667,98.555,85.498,70.768,45.299,29.650,16.702,9.896,4.097
3.63000,98.725,85.633,70.898,45.337,29.601,16.678,9.923,4.081
3.63333,98.862,85.700,70.876,45.416,29.658,16.727,9.921,4.114
3.63667,98.907,85.798,71.035,45.396,29.727,16.763,9.956,4.098
3.64000,99.009,85.912,71.061,45.468,29.714,16.843,9.943,4.087
3.64333,99.206,85.994,71.172,45.584,29.781,16.842,9.951,4.111
3.64667,99.323,86.042,71.288,45.585,29.818,16.779,9.939,4.036
3.65000,99.389,86.140,71.314,45.713,29.846,16.812,10.003,4.013
3.65333,99.464,86.207,71.459,45.664,29.867,16.807,9.985,4.090
3.65667,99.614,86.395,71.557,45.749,29.874,16.824,9.960,4.090
3.66000,99.712,86.469,71.604,45.770,29.917,16.853,9.968,4.137
3.66333,99.828,86.507,71.677,45.851,29.951,16.884,10.005,4.136
3.66667,99.960,86.678,71.712,45.869,29.935,16.867,10.024,4.067
3.67000,100.056,86.781,71.855,45.968,30.027,16.939,10.009,4.182
3.67333,100.177,86.852,71.907,45.979,30.111,16.944,10.067,4.106
3.67667,100.310,86.919,72.021,46.035,30.074,17.016,10.030,4.126
3.68000,100.468,87.004,72.064,46.082,30.121,16.978,10.116,4.136
3.68333,100.498,87.148,72.125,46.144,30.164,17.071,10.113,4.110
3.68667,100.651,87.197,72.253,46.167,30.234,17.024,10.110,4.170
3.69000,100.691,87.355,72.314,46.190,30.239,17.011,10.108,4.159
3.69333,100.833,87.430,72.341,46.277,30.285,17.060,10.101,4.185
3.69667,100.944,87.467,72.392,46.377,30.334,17.041,10.114,4.112
3.70000,100.990,87.619,72.574,46.362,30.318,17.088,10.139,4.171
3.70333,101.138,87.649,72.635,46.454,30.377,17.167,10.105,4.127
3.70667,101.326,87.804,72.700,46.444,30.432,17.171,10.205,4.154
3.71000,101.328,87.823,72.798,46.543,30.417,17.150,10.151,4.152
3.71333,101.540,87.915,72.905,46.566,30.488,17.245,10.209,4.138
3.71667,101.602,88.036,72.992,46.663,30.487,17.235,10.212,4.243
3.72000,101.657,88.170,72.992,46.719,30.532,17.210,10.174,4.246
3.72333,101.834,88.289,73.134,46.679,30.496,17.210,10.224,4.232
3.72667,101.923,88.371,73.152,46.739,30.596,17.253,10.194,4.273
3.73000,102.046,88.407,73.274,46.819,30.585,17.269,10.197,4.160
3.73333,102.177,88.518,73.357,46.912,30.717,17.316,10.180,4.213
3.73667,102.275,88.685,73.350,47.028,30.777,17.326,10.261,4.169
3.74000,102.403,88.818,73.514,46.972,30.767,17.337,10.262,4.220
3.74333,102.563,88.834,73.623,47.067,30.720,17.326,10.258,4.221
3.74667,102.652,88.971,73.719,47.066,30.771,17.352,10.235,4.186
3.75000,102.748,89.026,73.717,47.105,30.792,17.345,10.353,4.247
3.75333,102.855,89.227,73.889,47.237,30.847,17.413,10.302,4.213
3.75667,102.960,89.181,73.970,47.239,30.895,17.392,10.317,4.221
3.76000,103.047,89.355,73.934,47.264,30.934,17.420,10.253,4.229
3.76333,103.212,89.448,74.116,47.360,31.001,17.462,10.331,4.196
3.76667,103.286,89.522,74.187,47.328,30.962,17.493,10.345,4.220
3.77000,103.472,89.566,74.247,47.481,30.975,17.499,10.310,4.260
3.77333,103.462,89.726,74.379,47.501,31.084,17.492,10.359,4.216
3.77667,103.688,89.848,74.410,47.596,31.080,17.564,10.346,4.325
3.78000,103.706,89.913,74.506,47.642,31.133,17.500,10.432,4.193
3.78333,103.828,89.993,74.518,47.630,31.196,17.521,10.411,4.284
3.78667,103.972,90.133,74.646,47.752,31.201,17.634,10.496,4.298
3.79000,104.095,90.171,74.746,47.760,31.246,17.557,10.368,4.267
3.79333,104.199,90.255,74.854,47.810,31.286,17.621,10.399,4.276
3.79667,104.311,90.407,74.965,47.846,31.358,17.620,10.381,4.278
3.80000,104.422,90.470,74.946,47.946,31.326,17.696,10.483,4.268
3.80333,104.578,90.540,75.023,47.982,31.378,17.665,10.431,4.295
3.80667,104.561,90.702,75.188,47.992,31.406,17.687,10.477,4.265
3.81000,104.812,90.827,75.237,48.083,31.430,17.722,10.472,4.309
3.81333,104.860,90.865,75.329,48.127,31.490,17.728,10.422,4.364
3.81667,104.988,90.974,75.369,48.210,31.492,17.790,10.501,4.298
3.82000,105.097,91.069,75.489,48.213,31.574,17.777,10.490,4.286
3.82333,105.285,91.230,75.550,48.300,31.615,17.782,10.517,4.301
3.82667,105.322,91.214,75.640,48.381,31.650,17.767,10.525,4.340
3.83000,105.498,91.400,75.664,48.334,31.645,17.878,10.570,4.330
3.83333,105.579,91.463,75.848,48.433,31.683,17.871,10.576,4.367
3.83667,105.721,91.551,75.898,48.465,31.699,17.852,10.538,4.384
3.84000,105.779,91.662,75.935,48.612,31.757,17.861,10.608,4.360
3.84333,105.873,91.749,76.078,48.587,31.780,17.884,10.515,4.359
3.84667,106.082,91.840,76.147,48.640,31.780,17.914,10.629,4.348
3.85000,106.188,91.977,76.216,48.683,31.890,17.963,10.581,4.368
3.85333,106.254,92.058,76.304,48.713,31.896,17.973,10.661,4.367
3.85667,106.425,92.127,76.443,48.841,31.957,17.939,10.671,4.453
3.86000,106.487,92.229,76.481,48.796,31.938,18.035,10.689,4.314
3.86333,106.685,92.326,76.584,48.966,32.003,18.006,10.612,4.408
3.86667,106.684,92.537,76.631,48.935,32.101,18.046,10.655,4.377
3.87000,106.785,92.533,76.666,49.012,32.054,18.036,10.706,4.355
3.87333,106.974,92.651,76.787,49.036,32.090,18.043,10.631,4.420
3.87667,107.117,92.770,76.876,49.065,32.115,18.114,10.694,4.396
3.88000,107.158,92.841,77.039,49.169,32.172,18.151,10.693,4.428
3.88333,107.346,92.936,77.053,49.274,32.171,18.116,10.724,4.389
3.88667,107.449,93.034,77.104,49.242,32.241,18.164,10.723,4.397
3.89000,107.550,93.152,77.185,49.298,32.287,18.167,10.763,4.404
3.89333,107.700,93.208,77.264,49.408,32.274,18.186,10.681,4.442
3.89667,107.773,93.361,77.383,49.339,32.411,18.171,10.766,4.443
3.90000,107.878,93.437,77.480,49.485,32.392,18.303,10.783,4.461
3.90333,108.038,93.521,77.572,49.513,32.406,18.206,10.774,4.372
3.90667,108.085,93.612,77.625,49.576,32.432,18.236,10.740,4.516
3.91000,108.205,93.695,77.752,49.636,32.567,18.238,10.776,4.486
3.91333,108.319,93.842,77.796,49.676,32.542,18.347,10.804,4.453
3.91667,108.461,93.971,77.896,49.735,32.552,18.330,10.816,4.435
3.92000,108.625,94.013,77.954,49.799,32.643,18.367,10.817,4.450
3.92333,108.619,94.146,78.049,49.822,32.670,18.376,10.799,4.470
3.92667,108.852,94.213,78.136,49.888,32.683,18.383,10.830,4.465
3.93000,108.915,94.306,78.220,49.891,32.719,18.399,10.809,4.523
3.93333,109.039,94.419,78.318,49.958,32.720,18.369,10.793,4.435
3.93667,109.127,94.541,78.343,49.992,32.782,18.431,10.859,4.542
3.94000,109.282,94.651,78.523,50.080,32.793,18.426,10.878,4.476
3.94333,109.359,94.727,78.572,50.086,32.821,18.468,10.895,4.492
3.94667,109.549,94.883,78.670,50.227,32.880,18.514,10.886,4.514
3.95000,109.645,94.868,78.722,50.237,32.913,18.500,10.898,4.525
3.95333,109.733,95.054,78.817,50.325,32.965,18.603,10.910,4.541
3.95667,109.841,95.101,78.935,50.400,33.017,18.542,10.908,4.533
3.96000,109.946,95.189,78.982,50.387,32.994,18.536,10.943,4.534
3.96333,110.032,95.299,79.083,50.459,33.035,18.570,10.862,4.462
3.96667,110.280,95.480,79.123,50.499,33.074,18.656,10.916,4.510
3.97000,110.326,95.520,79.182,50.590,33.076,18.625,10.937,4.528
3.97333,110.455,95.570,79.304,50.647,33.177,18.621,10.958,4.507
3.97667,110.535,95.799,79.504,50.700,33.174,18.702,10.975,4.542
3.98000,110.660,95.830,79.508,50.804,33.278,18.688,10.966,4.580
3.98333,110.728,95.899,79.571,50.736,33.279,18.751,11.046,4.526
3.98667,110.897,96.032,79.652,50.839,33.320,18.712,11.085,4.498
3.99000,111.010,96.115,79.699,50.884,33.364,18.706,11.013,4.650
3.99333,111.216,96.217,79.840,50.908,33.406,18.719,11.029,4.550
3.99667,111.276,96.332,79.914,50.945,33.377,18.806,11.069,4.551
4.00000,111.384,96.417,79.976,51.021,33.380,18.848,11.060,4.600
4.00333,111.445,96.491,80.147,51.043,33.501,18.865,11.010,4.514
4.00667,111.692,96.611,80.117,51.155,33.545,18.800,11.146,4.603
4.01000,111.809,96.716,80.215,51.218,33.498,18.906,11.072,4.568
4.01333,111.792,96.760,80.366,51.210,33.601,18.959,11.096,4.546
4.01667,111.944,96.926,80.351,51.294,33.651,18.945,11.133,4.594
4.02000,112.069,97.067,80.547,51.388,33.713,18.949,11.109,4.647
4.02333,112.253,97.098,80.552,51.415,33.715,18.931,11.153,4.600
4.02667,112.308,97.171,80.674,51.461,33.795,18.912,11.171,4.597
4.03000,112.491,97.363,80.785,51.552,33.721,19.041,11.177,4.612
4.03333,112.588,97.428,80.857,51.557,33.797,18.976,11.136,4.647
4.03667,112.693,97.522,80.951,51.670,33.831,19.032,11.131,4.659
4.04000,112.781,97.649,80.993,51.673,33.847,19.022,11.165,4.617
4.04333,112.893,97.759,81.121,51.794,33.910,19.026,11.173,4.654
4.04667,112.983,97.796,81.128,51.853,33.919,19.036,11.247,4.592
4.05000,113.054,97.995,81.252,51.827,33.974,19.117,11.221,4.651
4.05333,113.271,98.057,81.383,51.888,33.975,19.085,11.268,4.648
4.05667,113.347,98.132,81.422,51.935,34.030,19.150,11.206,4.684
4.06000,113.518,98.240,81.520,52.025,34.045,19.193,11.213,4.678
4.06333,113.539,98.345,81.586,52.059,34.122,19.145,11.318,4.684
4.06667,113.717,98.453,81.729,52.139,34.174,19.149,11.220,4.692
4.07000,113.854,98.531,81.828,52.167,34.173,19.195,11.288,4.656
4.07333,113.963,98.619,81.900,52.163,34.261,19.187,11.306,4.669
4.07667,114.115,98.750,81.939,52.204,34.226,19.253,11.293,4.668
4.08000,114.251,98.864,82.032,52.335,34.293,19.278,11.341,4.714
4.08333,114.255,98.927,82.136,52.388,34.346,19.257,11.285,4.718
4.08667,114.468,99.020,82.184,52.438,34.344,19.307,11.330,4.710
4.09000,114.525,99.161,82.279,52.510,34.412,19.336,11.316,4.709
4.09333,114.610,99.241,82.335,52.515,34.420,19.311,11.312,4.713
4.09667,114.858,99.363,82.416,52.516,34.459,19.309,11.380,4.709
4.10000,114.880,99.438,82.485,52.667,34.564,19.418,11.425,4.670
4.10333,115.064,99.571,82.681,52.683,34.483,19.405,11.421,4.731
4.10667,115.160,99.625,82.706,52.758,34.568,19.486,11.386,4.732
4.11000,115.243,99.735,82.809,52.752,34.594,19.479,11.461,4.716
4.11333,115.405,99.874,82.930,52.913,34.620,19.451,11.477,4.754
4.11667,115.488,99.851,83.004,52.875,34.639,19.427,11.448,4.750
4.12000,115.627,100.084,83.099,52.943,34.762,19.530,11.407,4.765
4.12333,115.794,100.127,83.179,53.073,34.697,19.448,11.442,4.794
4.12667,115.876,100.267,83.285,53.100,34.764,19.548,11.466,4.688
4.13000,115.913,100.365,83.344,53.148,34.767,19.501,11.444,4.772
4.13333,116.157,100.464,83.388,53.149,34.896,19.628,11.466,4.723
4.13667,116.201,100.565,83.492,53.205,34.906,19.619,11.489,4.817
4.14000,116.410,100.655,83.635,53.359,34.948,19.692,11.558,4.825
4.14333,116.439,100.782,83.665,53.331,34.915,19.642,11.525,4.773
4.14667,116.594,100.872,83.785,53.427,34.967,19.705,11.467,4.773
4.15000,116.653,100.980,83.834,53.481,35.025,19.685,11.507,4.760
4.15333,116.758,101.065,83.920,53.528,35.070,19.713,11.543,4.853
4.15667,116.872,101.168,83.973,53.529,35.092,19.698,11.592,4.820
4.16000,116.987,101.260,84.094,53.622,35.192,19.722,11.587,4.781
4.16333,117.158,101.378,84.161,53.622,35.151,19.764,11.568,4.823
4.16667,117.298,101.450,84.332,53.762,35.236,19.848,11.603,4.842
4.17000,117.396,101.599,84.402,53.728,35.278,19.793,11.566,4.754
4.17333,117.499,101.708,84.449,53.844,35.287,19.832,11.617,4.826
4.17667,117.587,101.798,84.512,53.906,35.312,19.873,11.725,4.841
4.18000,117.820,101.883,84.594,53.934,35.415,19.862,11.689,4.795
4.18333,117.873,101.989,84.698,53.995,35.423,19.891,11.661,4.872
4.18667,118.044,102.038,84.756,54.040,35.442,19.898,11.695,4.819
4.19000,118.091,102.223,84.893,54.109,35.495,19.970,11.725,4.830
4.19333,118.204,102.296,84.953,54.187,35.529,19.897,11.695,4.878
4.19667,118.366,102.391,85.007,54.236,35.565,19.999,11.741,4.850
4.20000,118.526,102.551,85.154,54.312,35.617,20.046,11.703,4.867
4.20333,118.574,102.642,85.208,54.362,35.641,20.084,11.710,4.826
4.20667,118.737,102.755,85.311,54.393,35.673,20.017,11.696,4.841
4.21000,118.852,102.835,85.424,54.427,35.602,20.070,11.742,4.866
4.21333,119.003,102.982,85.516,54.449,35.759,20.106,11.765,4.907
4.21667,119.104,103.025,85.565,54.584,35.706,20.128,11.717,4.855
4.22000,119.192,103.111,85.638,54.605,35.762,20.162,11.735,4.860
4.22333,119.330,103.230,85.811,54.664,35.849,20.159,11.765,4.868
4.22667,119.434,103.354,85.808,54.641,35.852,20.191,11.837,4.901
4.23000,119.530,103.436,85.957,54.824,35.873,20.168,11.799,4.887
4.23333,119.737,103.488,86.005,54.746,36.030,20.215,11.765,4.895
4.23667,119.868,103.671,86.089,54.872,36.051,20.134,11.781,4.836
4.24000,119.965,103.788,86.158,54.923,35.991,20.256,11.799,4.907
4.24333,120.042,103.873,86.259,55.005,36.014,20.252,11.846,4.887
4.24667,120.244,103.956,86.402,55.043,36.082,20.269,11.877,4.861
4.25000,120.327,104.035,86.490,55.079,36.139,20.371,11.856,4.865
4.25333,120.399,104.151,86.500,55.054,36.161,20.311,11.828,4.946
4.25667,120.527,104.297,86.578,55.160,36.157,20.380,11.939,4.980
4.26000,120.624,104.432,86.684,55.339,36.246,20.316,11.900,4.879
4.26333,120.781,104.515,86.711,55.282,36.341,20.408,11.986,4.920
4.26667,120.902,104.562,86.881,55.315,36.413,20.428,11.993,4.917
4.27000,121.034,104.643,86.945,55.410,36.352,20.332,11.925,4.951
4.27333,121.119,104.793,87.053,55.474,36.401,20.419,11.947,4.932
4.27667,121.229,104.902,87.146,55.467,36.361,20.491,11.894,5.036
4.28000,121.370,104.986,87.198,55.581,36.452,20.471,11.958,4.989
4.28333,121.416,105.053,87.338,55.652,36.504,20.408,12.034,4.985
4.28667,121.683,105.184,87.416,55.698,36.570,20.594,12.044,5.022
4.29000,121.756,105.263,87.492,55.692,36.536,20.544,12.000,4.958
4.29333,121.805,105.420,87.577,55.743,36.683,20.536,12.019,5.016
4.29667,121.988,105.578,87.734,55.787,36.635,20.562,12.029,5.059
4.30000,122.074,105.615,87.721,55.891,36.699,20.530,11.969,4.999
4.30333,122.277,105.725,87.831,55.934,36.692,20.657,12.028,5.002
4.30667,122.385,105.863,87.940,56.039,36.735,20.597,12.047,5.031
4.31000,122.461,105.841,88.085,56.056,36.800,20.624,12.068,5.074
4.31333,122.613,105.989,88.086,56.056,36.810,20.638,12.027,4.942
4.31667,122.748,106.186,88.237,56.224,36.858,20.693,12.114,5.088
4.32000,122.825,106.262,88.286,56.209,36.864,20.703,12.121,5.048
4.32333,122.925,106.311,88.331,56.264,36.936,20.691,12.110,5.042
4.32667,123.076,106.468,88.384,56.389,36.943,20.776,12.129,5.059
4.33000,123.170,106.559,88.538,56.426,36.976,20.763,12.123,5.011
4.33333,123.304,106.660,88.603,56.496,37.058,20.807,12.100,5.045
4.33667,123.371,106.761,88.724,56.454,37.105,20.817,12.143,5.034
4.34000,123.612,106.798,88.809,56.548,37.068,20.864,12.197,5.065
4.34333,123.652,106.979,88.872,56.589,37.138,20.838,12.206,5.061
4.34667,123.846,107.110,88.950,56.697,37.167,20.942,12.148,5.089
4.35000,123.957,107.141,89.117,56.739,37.263,20.922,12.263,5.077
4.35333,124.093,107.257,89.166,56.815,37.194,20.889,12.309,5.135
4.35667,124.165,107.450,89.278,56.804,37.289,20.977,12.261,5.090
4.36000,124.238,107.530,89.307,56.862,37.317,20.975,12.219,5.106
4.36333,124.386,107.620,89.462,56.932,37.339,20.986,12.284,5.121
4.36667,124.566,107.700,89.481,56.992,37.397,20.986,12.227,5.117
4.37000,124.580,107.800,89.603,57.051,37.480,21.075,12.256,5.097
4.37333,124.816,107.832,89.664,57.132,37.412,21.001,12.287,5.121
4.37667,124.909,108.051,89.806,57.142,37.561,21.053,12.303,5.144
4.38000,125.021,108.148,89.853,57.206,37.528,21.069,12.309,5.127
4.38333,125.082,108.148,89.866,57.255,37.553,21.159,12.312,5.054
4.38667,125.243,108.280,89.997,57.303,37.661,21.138,12.304,5.127
4.39000,125.354,108.376,90.109,57.311,37.647,21.105,12.312,5.184
4.39333,125.501,108.599,90.190,57.462,37.707,21.136,12.380,5.139
4.39667,125.572,108.600,90.262,57.557,37.806,21.116,12.358,5.144
4.40000,125.770,108.798,90.390,57.517,37.729,21.171,12.356,5.137
4.40333,125.884,108.808,90.438,57.598,37.774,21.171,12.404,5.133
4.40667,125.979,108.969,90.574,57.669,37.797,21.260,12.380,5.166
4.41000,126.178,109.048,90.600,57.683,37.869,21.239,12.399,5.162
4.41333,126.184,109.156,90.744,57.764,37.965,21.222,12.441,5.146
4.41667,126.353,109.241,90.804,57.801,37.963,21.297,12.440,5.223
4.42000,126.487,109.283,90.888,57.864,37.978,21.387,12.418,5.147
4.42333,126.638,109.473,91.016,57.930,38.043,21.360,12.444,5.193
4.42667,126.699,109.565,91.035,57.935,38.014,21.372,12.445,5.211
4.43000,126.924,109.657,91.138,58.042,38.142,21.346,12.427,5.151
4.43333,126.917,109.764,91.194,58.080,38.136,21.408,12.449,5.211
4.43667,127.092,109.859,91.360,58.182,38.231,21.433,12.492,5.268
4.44000,127.258,109.955,91.414,58.185,38.185,21.394,12.495,5.253
4.44333,127.351,110.109,91.466,58.246,38.251,21.435,12.532,5.261
4.44667,127.388,110.204,91.601,58.280,38.292,21.500,12.567,5.193
4.45000,127.630,110.304,91.694,58.393,38.376,21.471,12.529,5.221
4.45333,127.694,110.347,91.825,58.437,38.400,21.473,12.578,5.260
4.45667,127.835,110.475,91.882,58.495,38.359,21.550,12.539,5.291
4.46000,127.968,110.587,91.913,58.536,38.430,21.520,12.570,5.301
4.46333,128.045,110.762,92.057,58.574,38.452,21.584,12.538,5.260
4.46667,128.223,110.751,92.123,58.639,38.516,21.607,12.663,5.249
4.47000,128.316,110.887,92.280,58.661,38.522,21.600,12.617,5.205
4.47333,128.393,111.060,92.298,58.818,38.538,21.615,12.592,5.180
4.47667,128.496,111.096,92.364,58.832,38.636,21.647,12.632,5.243
4.48000,128.634,111.224,92.439,58.894,38.642,21.679,12.648,5.318
4.48333,128.753,111.340,92.609,58.940,38.689,21.649,12.653,5.307
4.48667,128.922,111.482,92.568,58.951,38.751,21.720,12.659,5.258
4.49000,129.040,111.542,92.774,59.057,38.739,21.759,12.677,5.378
4.49333,129.171,111.724,92.810,59.077,38.811,21.759,12.657,5.317
4.49667,129.321,111.695,92.881,59.119,38.830,21.771,12.638,5.291
4.50000,129.465,111.844,93.016,59.154,38.838,21.781,12.662,5.229
4.50333,129.530,112.012,93.083,59.226,38.890,21.765,12.702,5.311
4.50667,129.668,112.091,93.167,59.288,38.872,21.847,12.706,5.279
4.51000,129.784,112.184,93.312,59.381,38.939,21.849,12.702,5.307
4.51333,129.872,112.265,93.344,59.311,39.005,21.856,12.793,5.335
4.51667,130.107,112.304,93.431,59.446,39.067,21.938,12.752,5.290
4.52000,130.111,112.509,93.560,59.422,39.136,21.958,12.775,5.365
4.52333,130.261,112.556,93.629,59.553,39.145,21.895,12.820,5.307
4.52667,130.396,112.719,93.790,59.651,39.137,21.915,12.767,5.303
4.53000,130.449,112.799,93.821,59.674,39.244,22.017,12.817,5.393
4.53333,130.697,112.955,93.850,59.774,39.225,21.980,12.803,5.338
4.53667,130.681,113.064,94.005,59.782,39.263,22.020,12.895,5.386
4.54000,130.889,113.156,94.140,59.837,39.334,22.062,12.817,5.342
4.54333,130.975,113.190,94.125,59.901,39.396,22.048,12.829,5.361
4.54667,131.148,113.297,94.221,60.003,39.395,22.083,12.883,5.334
4.55000,131.165,113.428,94.386,60.022,39.464,22.151,12.939,5.358
4.55333,131.404,113.484,94.430,60.102,39.500,22.143,12.926,5.335
4.55667,131.504,113.658,94.493,60.154,39.448,22.165,12.901,5.428
4.56000,131.591,113.697,94.574,60.259,39.610,22.163,12.841,5.383
4.56333,131.725,113.849,94.620,60.248,39.569,22.152,12.898,5.419
4.56667,131.878,113.894,94.765,60.323,39.572,22.257,12.896,5.421
4.57000,131.995,114.074,94.922,60.377,39.715,22.206,12.964,5.341
4.57333,132.099,114.122,94.920,60.380,39.702,22.205,12.967,5.455
4.57667,132.190,114.310,95.027,60.454,39.743,22.240,12.909,5.456
4.58000,132.349,114.353,95.106,60.531,39.721,22.334,12.938,5.395
4.58333,132.502,114.470,95.244,60.573,39.816,22.260,12.991,5.454
4.58667,132.580,114.611,95.277,60.652,39.824,22.317,12.986,5.428
4.59000,132.671,114.692,95.415,60.750,39.934,22.312,13.047,5.454
4.59333,132.868,114.833,95.426,60.706,39.864,22.371,12.952,5.427
4.59667,132.940,114.923,95.594,60.796,39.940,22.343,13.041,5.400
4.60000,133.091,115.036,95.591,60.856,39.952,22.411,12.978,5.414
4.60333,133.181,115.149,95.741,60.900,40.012,22.426,13.058,5.409
4.60667,133.320,115.162,95.911,60.958,40.036,22.392,13.061,5.464
4.61000,133.433,115.276,95.956,60.988,40.141,22.447,13.098,5.418
4.61333,133.618,115.436,95.992,61.091,40.168,22.447,13.020,5.488
4.61667,133.738,115.519,96.062,61.122,40.183,22.534,13.067,5.490
4.62000,133.836,115.608,96.182,61.167,40.193,22.523,13.093,5.510
4.62333,133.986,115.729,96.250,61.248,40.257,22.549,13.035,5.530
4.62667,134.060,115.830,96.366,61.352,40.248,22.548,13.131,5.456
4.63000,134.214,115.971,96.422,61.361,40.282,22.617,13.100,5.520
4.63333,134.326,116.041,96.564,61.360,40.336,22.593,13.116,5.519
4.63667,134.425,116.229,96.616,61.477,40.344,22.645,13.129,5.506
4.64000,134.593,116.233,96.779,61.459,40.374,22.685,13.160,5.458
4.64333,134.670,116.367,96.798,61.555,40.414,22.661,13.127,5.497
4.64667,134.740,116.475,96.926,61.633,40.535,22.706,13.133,5.504
4.65000,134.969,116.553,97.040,61.661,40.550,22.695,13.164,5.489
4.65333,135.069,116.692,97.100,61.827,40.537,22.700,13.239,5.570
4.65667,135.186,116.776,97.118,61.755,40.654,22.724,13.143,5.511
4.66000,135.291,116.920,97.243,61.849,40.689,22.751,13.230,5.539
4.66333,135.391,116.998,97.332,61.960,40.686,22.837,13.178,5.489
4.66667,135.547,117.139,97.435,61.925,40.736,22.825,13.296,5.528
4.67000,135.636,117.207,97.559,62.058,40.771,22.819,13.241,5.568
4.67333,135.864,117.314,97.551,62.097,40.825,22.795,13.265,5.616
4.67667,135.889,117.365,97.610,62.102,40.867,22.882,13.414,5.501
4.68000,135.962,117.481,97.768,62.189,40.927,22.913,13.334,5.615
4.68333,136.137,117.638,97.865,62.266,40.851,22.883,13.337,5.599
4.68667,136.264,117.780,97.975,62.298,40.922,22.915,13.330,5.581
4.69000,136.377,117.843,98.054,62.333,40.941,22.936,13.324,5.569
4.69333,136.497,118.007,98.140,62.356,40.966,23.009,13.340,5.548
4.69667,136.682,118.070,98.228,62.476,41.028,22.970,13.345,5.551
4.70000,136.803,118.161,98.286,62.533,41.041,23.032,13.276,5.594
4.70333,136.929,118.216,98.368,62.560,41.136,23.053,13.334,5.583
4.70667,136.970,118.340,98.468,62.668,41.160,23.054,13.391,5.574
4.71000,137.125,118.445,98.539,62.650,41.217,23.068,13.445,5.567
4.71333,137.251,118.569,98.651,62.720,41.293,23.120,13.425,5.604
4.71667,137.393,118.763,98.734,62.825,41.277,23.136,13.439,5.603
4.72000,137.523,118.773,98.881,62.876,41.331,23.147,13.415,5.582
4.72333,137.569,118.909,98.935,62.971,41.321,23.139,13.430,5.594
4.72667,137.792,119.016,99.024,62.989,41.389,23.146,13.438,5.576
4.73000,137.892,119.126,99.044,63.019,41.465,23.220,13.446,5.633
4.73333,137.989,119.259,99.171,63.132,41.467,23.249,13.423,5.630
4.73667,138.155,119.355,99.293,63.096,41.476,23.226,13.452,5.659
4.74000,138.262,119.408,99.314,63.190,41.561,23.211,13.442,5.608
4.74333,138.432,119.502,99.452,63.220,41.602,23.306,13.544,5.645
4.74667,138.461,119.652,99.536,63.324,41.550,23.281,13.567,5.699
4.75000,138.581,119.744,99.667,63.348,41.610,23.359,13.585,5.664
4.75333,138.722,119.781,99.740,63.339,41.627,23.344,13.583,5.685
4.75667,138.866,119.951,99.855,63.486,41.771,23.353,13.555,5.616
4.76000,138.982,120.053,99.891,63.517,41.776,23.350,13.569,5.692
4.76333,139.097,120.140,99.951,63.535,41.760,23.406,13.571,5.677
4.76667,139.168,120.298,100.047,63.603,41.799,23.415,13.578,5.725
4.77000,139.366,120.344,100.218,63.668,41.834,23.455,13.542,5.674
4.77333,139.438,120.471,100.230,63.690,41.923,23.422,13.582,5.718
4.77667,139.659,120.552,100.389,63.746,41.980,23.494,13.560,5.682
4.78000,139.718,120.652,100.438,63.888,42.020,23.555,13.584,5.652
4.78333,139.800,120.820,100.571,63.915,42.041,23.525,13.672,5.738
4.78667,139.962,120.918,100.614,63.924,42.002,23.602,13.688,5.768
4.79000,140.163,120.951,100.638,63.990,42.120,23.606,13.617,5.729
4.79333,140.201,121.135,100.812,64.072,42.150,23.604,13.636,5.700
4.79667,140.289,121.173,100.876,64.116,42.191,23.599,13.689,5.815
4.80000,140.386,121.285,101.007,64.149,42.143,23.594,13.708,5.743
4.80333,140.543,121.374,101.042,64.246,42.287,23.604,13.643,5.737
4.80667,140.721,121.492,101.153,64.307,42.287,23.683,13.674,5.732
4.81000,140.830,121.603,101.232,64.375,42.362,23.718,13.723,5.814
4.81333,140.875,121.723,101.356,64.450,42.396,23.709,13.772,5.757
4.81667,141.082,121.797,101.427,64.481,42.380,23.693,13.736,5.763
4.82000,141.241,121.911,101.490,64.580,42.398,23.694,13.809,5.796
4.82333,141.339,122.090,101.527,64.612,42.424,23.801,13.820,5.767
4.82667,141.478,122.246,101.681,64.688,42.501,23.831,13.790,5.800
4.83000,141.556,122.230,101.745,64.658,42.492,23.817,13.807,5.810
4.83333,141.692,122.288,101.856,64.728,42.581,23.804,13.784,5.830
4.83667,141.746,122.411,101.951,64.732,42.581,23.868,13.816,5.771
4.84000,141.945,122.563,101.976,64.813,42.635,23.897,13.834,5.738
4.84333,142.024,122.624,102.095,64.917,42.716,23.878,13.786,5.802
4.84667,142.126,122.783,102.231,64.976,42.747,23.919,13.857,5.790
4.85000,142.286,122.865,102.272,65.011,42.754,23.897,13.859,5.761
4.85333,142.400,122.939,102.428,65.086,42.760,23.957,13.893,5.851
4.85667,142.527,123.087,102.534,65.126,42.894,24.016,13.859,5.855
4.86000,142.644,123.165,102.561,65.189,42.864,23.989,13.950,5.866
4.86333,142.720,123.320,102.630,65.238,42.930,23.995,13.920,5.831
4.86667,142.869,123.466,102.704,65.311,42.979,23.978,13.984,5.915
4.87000,143.042,123.562,102.805,65.367,43.025,24.074,13.939,5.863
4.87333,143.140,123.633,102.847,65.399,43.041,24.064,13.901,5.822
4.87667,143.223,123.758,102.967,65.471,43.101,24.061,13.987,5.828
4.88000,143.395,123.906,103.124,65.484,43.090,24.106,14.028,5.831
4.88333,143.496,123.933,103.216,65.558,43.209,24.144,13.957,5.881
4.88667,143.568,123.951,103.232,65.597,43.183,24.106,13.996,5.886
4.89000,143.714,124.146,103.398,65.674,43.203,24.208,13.989,5.957
4.89333,143.931,124.164,103.456,65.716,43.305,24.235,14.019,5.914
4.89667,144.041,124.323,103.576,65.752,43.269,24.235,14.058,5.849
4.90000,144.153,124.471,103.559,65.806,43.370,24.252,14.013,5.888
4.90333,144.337,124.566,103.724,65.960,43.288,24.304,14.061,5.868
4.90667,144.373,124.635,103.773,65.906,43.451,24.312,14.060,5.879
4.91000,144.499,124.749,103.798,66.027,43.451,24.305,14.090,5.949
4.91333,144.649,124.854,104.015,66.091,43.406,24.335,13.996,5.917
4.91667,144.740,124.927,103.992,66.104,43.484,24.365,14.105,5.957
4.92000,144.877,125.045,104.152,66.176,43.482,24.417,14.146,5.901
4.92333,144.921,125.216,104.243,66.229,43.589,24.342,14.098,5.900
4.92667,145.137,125.276,104.311,66.264,43.625,24.401,14.102,5.921
4.93000,145.249,125.454,104.300,66.370,43.599,24.412,14.135,5.944
4.93333,145.351,125.554,104.508,66.500,43.673,24.438,14.126,5.962
4.93667,145.455,125.593,104.615,66.441,43.758,24.358,14.171,5.922
4.94000,145.547,125.767,104.659,66.460,43.763,24.447,14.150,5.979
4.94333,145.697,125.874,104.706,66.545,43.854,24.510,14.183,5.921
4.94667,145.859,125.892,104.864,66.608,43.872,24.505,14.198,5.924
4.95000,145.982,126.040,104.966,66.679,43.854,24.576,14.201,5.948
4.95333,146.123,126.104,105.059,66.707,43.917,24.570,14.239,5.896
4.95667,146.205,126.247,105.162,66.765,43.942,24.582,14.182,5.945
4.96000,146.307,126.287,105.193,66.848,43.973,24.591,14.237,6.058
4.96333,146.371,126.434,105.219,66.915,44.050,24.606,14.156,5.975
4.96667,146.588,126.585,105.411,66.939,44.021,24.614,14.348,6.012
4.97000,146.753,126.682,105.440,66.996,44.077,24.617,14.257,6.043
4.97333,146.787,126.748,105.511,67.034,44.084,24.705,14.280,6.035
4.97667,146.922,126.819,105.654,67.119,44.216,24.644,14.324,5.959
4.98000,147.038,127.025,105.726,67.159,44.177,24.745,14.281,5.960
4.98333,147.203,127.051,105.850,67.230,44.215,24.756,14.367,6.027
4.98667,147.225,127.162,105.849,67.268,44.277,24.773,14.270,5.947
4.99000,147.409,127.311,105.982,67.334,44.373,24.744,14.299,5.953
4.99333,147.615,127.371,106.067,67.359,44.347,24.785,14.355,5.982
4.99667,147.672,127.499,106.201,67.442,44.317,24.883,14.333,5.995
5.00000,147.745,127.592,106.276,67.525,44.357,24.836,14.358,6.019
5.00333,147.878,127.665,106.376,67.569,44.411,24.954,14.375,6.064
5.00667,147.987,127.784,106.458,67.552,44.489,24.874,14.393,6.051
5.01000,148.130,127.969,106.497,67.667,44.528,24.919,14.338,6.055
5.01333,148.258,127.983,106.584,67.767,44.545,24.949,14.393,6.028
5.01667,148.361,128.141,106.708,67.712,44.630,24.936,14.442,6.056
5.02000,148.470,128.233,106.808,67.877,44.672,24.946,14.484,6.044
5.02333,148.574,128.303,106.855,67.860,44.674,25.033,14.407,6.042
5.02667,148.740,128.502,106.961,67.903,44.780,25.048,14.414,6.104
5.03000,148.824,128.508,107.041,67.956,44.745,25.091,14.440,6.091
5.03333,148.974,128.630,107.088,67.996,44.774,25.050,14.514,6.074
5.03667,149.156,128.732,107.232,68.087,44.868,24.980,14.444,6.060
5.04000,149.212,128.860,107.314,68.163,44.814,25.095,14.494,6.112
5.04333,149.378,128.887,107.367,68.186,44.933,25.049,14.549,6.118
5.04667,149.473,129.039,107.516,68.250,44.960,25.155,14.549,6.117
5.05000,149.611,129.141,107.578,68.336,44.958,25.169,14.530,6.063
5.05333,149.727,129.253,107.628,68.366,44.985,25.167,14.573,6.093
5.05667,149.851,129.384,107.747,68.389,45.030,25.236,14.585,6.154
5.06000,149.943,129.475,107.857,68.474,45.039,25.163,14.517,6.176
5.06333,150.077,129.530,107.908,68.548,45.089,25.233,14.561,6.132
5.06667,150.206,129.672,107.995,68.646,45.172,25.237,14.534,6.084
5.07000,150.325,129.801,108.067,68.636,45.232,25.236,14.580,6.197
5.07333,150.420,129.851,108.206,68.698,45.188,25.265,14.595,6.172
5.07667,150.528,130.006,108.254,68.682,45.241,25.386,14.669,6.134
5.08000,150.717,130.084,108.393,68.870,45.252,25.314,14.621,6.142
5.08333,150.859,130.168,108.481,68.860,45.306,25.354,14.672,6.192
5.08667,150.939,130.264,108.512,68.899,45.362,25.353,14.596,6.152
5.09000,151.047,130.367,108.641,68.976,45.407,25.434,14.714,6.159
5.09333,151.118,130.471,108.697,69.017,45.426,25.442,14.649,6.189
5.09667,151.373,130.644,108.789,69.161,45.446,25.420,14.673,6.229
5.10000,151.418,130.659,108.936,69.120,45.474,25.444,14.701,6.142
5.10333,151.550,130.852,108.956,69.153,45.506,25.493,14.708,6.210
5.10667,151.645,130.922,109.057,69.263,45.605,25.511,14.702,6.182
5.11000,151.740,130.964,109.172,69.350,45.609,25.587,14.750,6.159
5.11333,151.891,131.111,109.216,69.327,45.665,25.469,14.651,6.242
5.11667,151.978,131.157,109.316,69.387,45.708,25.597,14.803,6.139
5.12000,152.165,131.333,109.407,69.426,45.732,25.594,14.732,6.178
5.12333,152.268,131.445,109.543,69.526,45.756,25.652,14.809,6.199
5.12667,152.398,131.529,109.585,69.597,45.852,25.670,14.792,6.276
5.13000,152.515,131.598,109.614,69.633,45.847,25.591,14.786,6.296
5.13333,152.692,131.768,109.754,69.682,45.944,25.673,14.701,6.246
5.13667,152.768,131.770,109.902,69.726,45.910,25.674,14.851,6.276
5.14000,152.846,131.989,109.943,69.823,45.979,25.709,14.857,6.249
5.14333,152.973,132.060,110.017,69.866,45.952,25.712,14.785,6.238
5.14667,153.093,132.154,110.113,69.888,46.018,25.659,14.789,6.251
5.15000,153.237,132.292,110.197,69.972,46.055,25.750,14.896,6.244
5.15333,153.363,132.338,110.239,70.011,46.081,25.798,14.874,6.350
5.15667,153.508,132.469,110.359,70.114,46.067,25.822,14.841,6.241
5.16000,153.620,132.578,110.461,70.102,46.158,25.832,14.891,6.302
5.16333,153.761,132.711,110.576,70.227,46.224,25.801,14.931,6.285
5.16667,153.893,132.844,110.603,70.244,46.218,25.844,14.968,6.276
5.17000,153.996,132.902,110.721,70.256,46.274,25.840,14.921,6.261
5.17333,154.022,132.939,110.831,70.335,46.320,25.917,14.927,6.250
5.17667,154.153,133.087,110.838,70.366,46.334,25.911,14.904,6.320
5.18000,154.221,133.211,110.941,70.461,46.357,25.955,14.980,6.278
5.18333,154.471,133.299,111.035,70.497,46.390,25.971,15.005,6.343
5.18667,154.539,133.326,111.163,70.517,46.484,25.997,14.990,6.298
5.19000,154.713,133.457,111.228,70.608,46.491,25.983,14.967,6.327
5.19333,154.823,133.633,111.367,70.745,46.473,26.041,14.961,6.363
5.19667,154.906,133.648,111.388,70.740,46.578,26.043,15.048,6.321
5.20000,155.025,133.826,111.509,70.848,46.547,26.024,15.106,6.333
5.20333,155.207,133.847,111.599,70.913,46.651,26.065,15.036,6.309
5.20667,155.256,134.053,111.649,70.926,46.649,26.066,15.086,6.281
5.21000,155.371,134.097,111.823,70.947,46.742,26.097,15.061,6.342
5.21333,155.541,134.195,111.839,71.019,46.782,26.162,15.063,6.330
5.21667,155.667,134.273,111.898,71.026,46.806,26.150,15.064,6.400
5.22000,155.681,134.381,112.027,71.083,46.777,26.196,15.044,6.323
5.22333,155.841,134.529,112.152,71.125,46.876,26.242,15.128,6.392
5.22667,156.060,134.613,112.191,71.143,46.894,26.222,15.118,6.381
5.23000,156.148,134.713,112.236,71.218,46.968,26.253,15.124,6.362
5.23333,156.237,134.857,112.412,71.365,47.016,26.249,15.177,6.404
5.23667,156.344,134.921,112.504,71.376,47.023,26.250,15.123,6.380
5.24000,156.467,135.000,112.533,71.459,47.083,26.310,15.234,6.398
5.24333,156.555,135.170,112.608,71.480,47.092,26.360,15.178,6.319
5.24667,156.742,135.227,112.685,71.550,47.137,26.397,15.197,6.391
5.25000,156.874,135.337,112.788,71.569,47.187,26.360,15.177,6.447
5.25333,156.961,135.447,112.883,71.619,47.121,26.321,15.150,6.428
5.25667,157.054,135.560,113.011,71.664,47.268,26.414,15.204,6.372
5.26000,157.230,135.642,113.076,71.752,47.237,26.420,15.265,6.336
5.26333,157.322,135.806,113.151,71.795,47.311,26.490,15.219,6.404
5.26667,157.422,135.881,113.267,71.899,47.286,26.457,15.197,6.455
5.27000,157.555,135.987,113.311,71.924,47.407,26.401,15.192,6.469
5.27333,157.667,136.032,113.472,71.989,47.439,26.499,15.231,6.417
5.27667,157.726,136.122,113.530,71.986,47.431,26.447,15.258,6.468
5.28000,157.914,136.220,113.654,72.093,47.508,26.493,15.295,6.404
5.28333,158.065,136.350,113.595,72.112,47.505,26.557,15.279,6.495
5.28667,158.197,136.432,113.727,72.149,47.571,26.609,15.294,6.460
5.29000,158.255,136.591,113.859,72.214,47.548,26.628,15.299,6.497
5.29333,158.379,136.680,113.928,72.291,47.619,26.569,15.275,6.440
5.29667,158.482,136.786,113.978,72.358,47.669,26.600,15.361,6.499
5.30000,158.654,136.901,114.110,72.412,47.716,26.688,15.315,6.494
5.30333,158.841,137.008,114.230,72.483,47.713,26.656,15.381,6.535
5.30667,158.818,137.075,114.323,72.538,47.737,26.683,15.395,6.530
5.31000,159.009,137.177,114.345,72.577,47.786,26.730,15.323,6.546
5.31333,159.127,137.281,114.464,72.617,47.785,26.700,15.399,6.498
5.31667,159.206,137.370,114.548,72.710,47.889,26.756,15.434,6.540
5.32000,159.438,137.462,114.628,72.759,47.913,26.771,15.377,6.541
5.32333,159.495,137.617,114.659,72.757,47.904,26.845,15.391,6.457
5.32667,159.562,137.685,114.777,72.819,47.930,26.789,15.367,6.581
5.33000,159.694,137.816,114.861,72.905,48.023,26.805,15.368,6.552
5.33333,159.853,137.839,114.948,72.937,48.043,26.822,15.421,6.516
5.33667,160.010,137.980,115.003,73.018,48.021,26.795,15.485,6.563
5.34000,160.122,138.080,115.097,73.085,48.111,26.856,15.452,6.492
5.34333,160.177,138.086,115.241,73.025,48.128,26.930,15.484,6.555
5.34667,160.322,138.242,115.329,73.108,48.180,26.874,15.449,6.600
5.35000,160.397,138.366,115.372,73.254,48.217,26.932,15.581,6.484
5.35333,160.608,138.513,115.456,73.274,48.235,26.937,15.584,6.534
5.35667,160.653,138.621,115.524,73.303,48.289,27.018,15.485,6.552
5.36000,160.759,138.681,115.630,73.382,48.328,26.994,15.452,6.572
5.36333,160.911,138.752,115.761,73.430,48.363,26.922,15.541,6.566
5.36667,161.010,138.928,115.851,73.432,48.441,27.042,15.617,6.586
5.37000,161.105,138.983,115.824,73.501,48.446,27.101,15.533,6.618
5.37333,161.203,139.107,115.932,73.567,48.524,27.118,15.633,6.522
5.37667,161.368,139.273,116.099,73.676,48.577,27.117,15.545,6.554
5.38000,161.500,139.316,116.224,73.660,48.519,27.073,15.628,6.577
5.38333,161.594,139.419,116.281,73.769,48.608,27.153,15.639,6.658
5.38667,161.693,139.512,116.251,73.787,48.562,27.226,15.617,6.665
5.39000,161.852,139.596,116.434,73.884,48.648,27.155,15.681,6.558
5.39333,161.954,139.704,116.479,73.899,48.674,27.211,15.707,6.625
5.39667,162.108,139.775,116.549,73.997,48.822,27.200,15.686,6.609
5.40000,162.207,139.895,116.651,74.061,48.793,27.295,15.678,6.647
5.40333,162.329,139.993,116.762,74.021,48.760,27.252,15.679,6.584
5.40667,162.398,140.162,116.840,74.081,48.810,27.268,15.718,6.593
5.41000,162.578,140.218,116.904,74.186,48.813,27.320,15.719,6.608
5.41333,162.631,140.339,117.009,74.234,48.848,27.346,15.675,6.632
5.41667,162.788,140.415,117.086,74.236,48.920,27.401,15.682,6.664
5.42000,162.878,140.516,117.207,74.338,48.972,27.408,15.707,6.621
5.42333,162.957,140.661,117.269,74.348,48.998,27.395,15.742,6.688
5.42667,163.127,140.713,117.315,74.437,49.048,27.420,15.812,6.665
5.43000,163.314,140.805,117.438,74.514,49.092,27.417,15.792,6.683
5.43333,163.335,141.026,117.551,74.543,49.127,27.408,15.788,6.664
5.43667,163.563,141.037,117.633,74.642,49.147,27.474,15.852,6.580
5.44000,163.624,141.102,117.731,74.641,49.185,27.454,15.891,6.698
5.44333,163.741,141.212,117.733,74.703,49.195,27.559,15.779,6.682
5.44667,163.828,141.300,117.904,74.747,49.201,27.481,15.827,6.685
5.45000,163.900,141.431,117.954,74.842,49.307,27.610,15.782,6.683
5.45333,164.105,141.604,118.047,74.926,49.277,27.543,15.784,6.721
5.45667,164.227,141.675,118.124,74.937,49.353,27.589,15.855,6.675
5.46000,164.313,141.754,118.219,74.981,49.435,27.582,15.875,6.635
5.46333,164.372,141.869,118.290,75.015,49.429,27.645,15.865,6.723
5.46667,164.616,141.944,118.392,75.080,49.466,27.597,15.898,6.662
5.47000,164.667,142.089,118.487,75.121,49.495,27.635,15.842,6.673
5.47333,164.775,142.139,118.522,75.186,49.540,27.642,15.946,6.741
5.47667,164.860,142.226,118.617,75.195,49.555,27.624,15.979,6.735
5.48000,165.053,142.385,118.643,75.301,49.633,27.724,15.941,6.742
5.48333,165.193,142.414,118.679,75.376,49.616,27.730,15.927,6.759
5.48667,165.320,142.476,118.844,75.411,49.667,27.708,15.968,6.692
5.49000,165.300,142.679,118.895,75.418,49.765,27.765,15.971,6.760
5.49333,165.479,142.712,119.007,75.495,49.823,27.760,15.949,6.766
5.49667,165.640,142.864,119.122,75.519,49.821,27.860,15.972,6.724
5.50000,165.731,142.900,119.198,75.621,49.826,27.769,15.988,6.758
5.50333,165.790,143.022,119.284,75.634,49.853,27.797,15.963,6.782
5.50667,165.919,143.107,119.450,75.703,49.905,27.870,16.049,6.732
5.51000,166.044,143.128,119.446,75.749,49.930,27.854,16.030,6.826
5.51333,166.195,143.366,119.528,75.842,50.014,27.873,16.042,6.772
5.51667,166.263,143.383,119.678,75.931,49.999,27.977,16.030,6.794
5.52000,166.402,143.474,119.696,75.926,49.985,27.923,16.066,6.855
5.52333,166.523,143.661,119.763,75.968,50.140,27.952,16.039,6.816
5.52667,166.678,143.709,119.887,75.977,50.146,27.918,16.089,6.749
5.53000,166.754,143.877,119.933,76.046,50.093,28.023,16.097,6.765
5.53333,166.838,143.956,120.016,76.078,50.228,28.093,16.125,6.830
5.53667,166.990,143.964,120.167,76.206,50.214,28.025,16.053,6.828
5.54000,167.098,144.098,120.209,76.239,50.254,28.035,16.134,6.809
5.54333,167.238,144.174,120.305,76.289,50.277,28.062,16.125,6.782
5.54667,167.365,144.339,120.348,76.383,50.327,28.139,16.146,6.824
5.55000,167.477,144.424,120.480,76.354,50.388,28.103,16.123,6.876
5.55333,167.532,144.512,120.566,76.398,50.338,28.147,16.212,6.810
5.55667,167.670,144.599,120.618,76.490,50.440,28.145,16.168,6.809
5.56000,167.787,144.719,120.739,76.473,50.506,28.185,16.235,6.856
5.56333,167.937,144.794,120.795,76.636,50.441,28.203,16.219,6.844
5.56667,167.995,144.967,120.897,76.634,50.533,28.249,16.223,6.934
5.57000,168.111,145.093,120.979,76.725,50.553,28.236,16.258,6.875
5.57333,168.220,145.136,121.034,76.805,50.627,28.246,16.247,6.880
5.57667,168.440,145.217,121.142,76.800,50.653,28.245,16.262,6.849
5.58000,168.514,145.311,121.270,76.814,50.678,28.248,16.251,6.850
5.58333,168.639,145.407,121.294,76.942,50.704,28.377,16.219,6.892
5.58667,168.729,145.558,121.326,76.956,50.741,28.340,16.241,6.866
5.59000,168.830,145.550,121.463,76.942,50.807,28.378,16.258,6.933
5.59333,168.970,145.760,121.548,77.096,50.772,28.327,16.244,6.907
5.59667,169.010,145.831,121.627,77.126,50.844,28.373,16.288,6.863
5.60000,169.178,145.931,121.700,77.202,50.860,28.426,16.288,6.959
5.60333,169.254,145.968,121.793,77.211,50.867,28.387,16.365,6.917
5.60667,169.437,146.147,121.886,77.308,50.953,28.460,16.264,6.934
5.61000,169.522,146.127,121.981,77.324,50.959,28.441,16.384,6.983
5.61333,169.642,146.340,122.055,77.446,51.088,28.485,16.329,6.933
5.61667,169.763,146.456,122.191,77.424,51.087,28.449,16.358,6.892
5.62000,169.924,146.496,122.190,77.489,51.027,28.487,16.334,6.933
5.62333,170.038,146.619,122.329,77.521,51.091,28.534,16.356,6.901
5.62667,170.119,146.738,122.395,77.600,51.150,28.537,16.397,6.949
5.63000,170.247,146.816,122.507,77.686,51.205,28.580,16.364,6.949
5.63333,170.341,146.885,122.584,77.685,51.214,28.596,16.427,6.924
5.63667,170.436,146.973,122.607,77.781,51.242,28.620,16.444,6.925
5.64000,170.552,147.075,122.715,77.813,51.287,28.634,16.409,6.963
5.64333,170.676,147.190,122.812,77.854,51.296,28.682,16.462,7.001
5.64667,170.777,147.276,122.967,77.978,51.347,28.683,16.433,6.957
5.65000,170.923,147.404,122.908,77.945,51.413,28.754,16.486,6.940
5.65333,171.030,147.459,122.987,77.991,51.520,28.729,16.473,6.965
5.65667,171.157,147.633,123.134,78.025,51.486,28.748,16.464,6.994
5.66000,171.229,147.602,123.180,78.127,51.499,28.792,16.476,6.979
5.66333,171.385,147.786,123.292,78.143,51.586,28.766,16.471,6.999
5.66667,171.444,147.926,123.359,78.197,51.570,28.865,16.548,6.956
5.67000,171.597,147.980,123.445,78.339,51.544,28.766,16.536,6.950
5.67333,171.666,147.995,123.508,78.323,51.607,28.866,16.580,6.959
5.67667,171.819,148.130,123.586,78.365,51.696,28.851,16.531,6.928
5.68000,171.846,148.258,123.646,78.402,51.727,28.865,16.511,7.002
5.68333,172.000,148.412,123.771,78.530,51.746,28.822,16.566,7.022
5.68667,172.203,148.441,123.826,78.543,51.760,28.928,16.657,7.006
5.69000,172.368,148.611,124.004,78.596,51.818,28.953,16.612,7.024
5.69333,172.407,148.651,124.010,78.676,51.825,28.913,16.601,7.015
5.69667,172.494,148.724,124.098,78.649,51.872,28.940,16.602,6.981
5.70000,172.597,148.846,124.200,78.738,51.926,28.995,16.652,7.034
5.70333,172.759,148.935,124.326,78.805,51.929,28.999,16.572,7.053
5.70667,172.857,149.011,124.306,78.817,51.900,29.008,16.602,7.011
5.71000,172.986,149.183,124.408,78.865,52.057,28.986,16.627,7.061
5.71333,173.037,149.198,124.570,78.929,52.028,29.039,16.707,7.044
5.71667,173.177,149.308,124.581,78.992,52.029,29.040,16.656,7.066
5.72000,173.334,149.454,124.688,79.009,52.138,29.119,16.698,7.102
5.72333,173.381,149.509,124.758,79.080,52.168,29.101,16.740,7.121
5.72667,173.495,149.654,124.944,79.110,52.235,29.078,16.668,7.093
5.73000,173.618,149.733,124.939,79.229,52.167,29.164,16.699,7.070
5.73333,173.795,149.792,125.036,79.271,52.211,29.114,16.760,7.061
5.73667,173.827,149.819,125.070,79.268,52.300,29.169,16.714,7.093
5.74000,173.913,150.033,125.255,79.379,52.342,29.199,16.682,7.070
5.74333,174.074,150.158,125.260,79.450,52.334,29.193,16.699,7.036
5.74667,174.223,150.155,125.348,79.430,52.381,29.316,16.708,7.118
5.75000,174.349,150.312,125.395,79.464,52.411,29.309,16.814,7.071
5.75333,174.430,150.438,125.480,79.543,52.486,29.248,16.718,7.160
5.75667,174.503,150.499,125.551,79.558,52.468,29.322,16.844,7.107
5.76000,174.660,150.600,125.645,79.639,52.574,29.344,16.834,7.051
5.76333,174.802,150.662,125.737,79.719,52.562,29.386,16.793,7.191
5.76667,174.893,150.773,125.801,79.747,52.565,29.419,16.839,7.171
5.77000,174.955,150.933,125.964,79.775,52.635,29.411,16.933,7.112
5.77333,175.156,150.933,126.076,79.851,52.648,29.346,16.837,7.156
5.77667,175.169,151.117,126.091,79.821,52.714,29.425,16.895,7.172
5.78000,175.392,151.192,126.170,80.004,52.708,29.479,16.827,7.142
5.78333,175.465,151.282,126.207,80.003,52.827,29.449,16.849,7.093
5.78667,175.559,151.394,126.286,80.066,52.807,29.458,16.894,7.112
5.79000,175.646,151.445,126.388,80.157,52.825,29.486,16.863,7.109
5.79333,175.781,151.554,126.485,80.176,52.839,29.456,16.889,7.184
5.79667,175.918,151.617,126.544,80.238,52.873,29.491,16.902,7.179
5.80000,175.978,151.727,126.636,80.295,52.910,29.544,16.875,7.204
5.80333,176.101,151.847,126.738,80.345,52.994,29.558,16.901,7.135
5.80667,176.217,151.900,126.794,80.356,53.026,29.527,16.934,7.202
5.81000,176.380,152.050,126.904,80.443,53.071,29.583,16.950,7.143
5.81333,176.408,152.089,127.050,80.464,53.094,29.566,16.921,7.166
5.81667,176.594,152.191,127.074,80.483,53.092,29.649,16.916,7.235
5.82000,176.717,152.285,127.084,80.625,53.161,29.642,16.943,7.240
5.82333,176.771,152.437,127.209,80.588,53.134,29.693,17.009,7.167
5.82667,176.843,152.508,127.269,80.696,53.233,29.697,17.017,7.229
5.83000,177.096,152.628,127.372,80.722,53.235,29.685,16.975,7.264
5.83333,177.117,152.702,127.432,80.718,53.308,29.738,16.954,7.169
5.83667,177.238,152.801,127.541,80.766,53.322,29.689,17.065,7.212
5.84000,177.361,152.813,127.596,80.940,53.367,29.701,17.087,7.179
5.84333,177.360,152.945,127.674,80.944,53.385,29.815,17.130,7.209
5.84667,177.657,153.107,127.744,81.021,53.388,29.750,17.051,7.233
5.85000,177.707,153.195,127.881,80.982,53.391,29.844,17.065,7.277
5.85333,177.779,153.218,127.958,81.071,53.525,29.834,17.083,7.201
5.85667,177.943,153.344,127.998,81.139,53.544,29.907,17.080,7.222
5.86000,178.014,153.436,128.078,81.160,53.539,29.933,17.145,7.250
5.86333,178.092,153.539,128.191,81.252,53.550,29.886,17.068,7.313
5.86667,178.212,153.685,128.246,81.332,53.623,29.926,17.137,7.278
5.87000,178.376,153.781,128.332,81.294,53.677,29.937,17.115,7.222
5.87333,178.439,153.832,128.400,81.404,53.691,29.881,17.071,7.225
5.87667,178.541,153.987,128.505,81.392,53.733,29.966,17.136,7.267
5.88000,178.663,154.030,128.543,81.459,53.773,29.998,17.126,7.248
5.88333,178.833,154.134,128.679,81.530,53.764,29.982,17.131,7.293
5.88667,178.935,154.251,128.697,81.562,53.720,30.056,17.192,7.243
5.89000,178.980,154.365,128.826,81.638,53.823,30.059,17.184,7.259
5.89333,179.107,154.415,128.896,81.678,53.826,30.061,17.234,7.330
5.89667,179.294,154.506,128.918,81.739,53.845,30.062,17.180,7.311
5.90000,179.307,154.583,129.093,81.835,53.930,30.115,17.191,7.333
5.90333,179.478,154.687,129.149,81.810,53.980,30.130,17.253,7.380
5.90667,179.556,154.855,129.210,81.877,53.948,30.084,17.188,7.270
5.91000,179.723,154.991,129.329,81.921,54.052,30.206,17.315,7.318
5.91333,179.815,155.030,129.353,81.993,54.065,30.173,17.208,7.324
5.91667,179.879,155.081,129.452,82.016,54.133,30.132,17.290,7.366
5.92000,179.999,155.185,129.586,82.084,54.144,30.188,17.283,7.391
5.92333,180.015,155.259,129.632,82.120,54.187,30.227,17.255,7.325
5.92667,180.208,155.345,129.687,82.236,54.206,30.248,17.323,7.332
5.93000,180.358,155.507,129.833,82.215,54.237,30.270,17.318,7.351
5.93333,180.437,155.517,129.806,82.334,54.287,30.338,17.337,7.352
5.93667,180.605,155.648,129.951,82.296,54.350,30.346,17.326,7.370
5.94000,180.658,155.782,129.984,82.385,54.370,30.383,17.384,7.347
5.94333,180.800,155.861,130.133,82.443,54.429,30.394,17.436,7.378
5.94667,180.891,155.916,130.147,82.473,54.477,30.372,17.362,7.390
5.95000,181.021,156.047,130.229,82.591,54.402,30.387,17.420,7.330
5.95333,181.114,156.078,130.319,82.532,54.502,30.394,17.368,7.383
5.95667,181.244,156.255,130.401,82.630,54.489,30.396,17.429,7.348
5.96000,181.298,156.311,130.425,82.707,54.525,30.459,17.425,7.315
5.96333,181.414,156.414,130.625,82.693,54.574,30.451,17.356,7.416
5.96667,181.594,156.538,130.641,82.711,54.580,30.476,17.371,7.415
5.97000,181.647,156.604,130.716,82.908,54.643,30.400,17.436,7.416
5.97333,181.726,156.712,130.824,82.830,54.672,30.512,17.423,7.397
5.97667,181.901,156.824,130.865,82.973,54.719,30.552,17.461,7.430
5.98000,181.993,156.939,130.949,82.969,54.740,30.480,17.463,7.394
5.98333,182.107,157.020,131.026,83.020,54.758,30.601,17.464,7.419
5.98667,182.251,157.011,131.100,83.106,54.752,30.550,17.456,7.478
5.99000,182.342,157.167,131.221,83.200,54.864,30.538,17.448,7.468
5.99333,182.366,157.278,131.252,83.208,54.891,30.583,17.487,7.465
5.99667,182.549,157.397,131.394,83.212,54.854,30.598,17.524,7.450
6.00000,182.634,157.402,131.375,83.251,54.953,30.609,17.437,7.465
6.00333,182.750,157.601,131.492,83.337,54.928,30.647,17.524,7.494
6.00667,182.879,157.599,131.649,83.312,55.075,30.676,17.556,7.416
6.01000,182.957,157.752,131.685,83.434,55.021,30.718,17.518,7.421
6.01333,183.079,157.824,131.728,83.468,55.102,30.722,17.561,7.466
6.01667,183.152,157.863,131.836,83.552,55.098,30.727,17.585,7.445
6.02000,183.338,158.069,131.872,83.571,55.138,30.772,17.607,7.461
6.02333,183.431,158.061,132.016,83.658,55.193,30.741,17.631,7.452
6.02667,183.452,158.132,132.070,83.642,55.226,30.830,17.584,7.518
6.03000,183.639,158.233,132.114,83.764,55.255,30.859,17.599,7.459
6.03333,183.718,158.356,132.163,83.769,55.300,30.752,17.609,7.478
6.03667,183.886,158.478,132.253,83.838,55.317,30.842,17.643,7.525
6.04000,183.956,158.522,132.334,83.787,55.328,30.829,17.647,7.462
6.04333,184.035,158.628,132.405,83.920,55.407,30.856,17.629,7.429
6.04667,184.131,158.714,132.548,83.935,55.378,30.933,17.640,7.492
6.05000,184.342,158.871,132.619,84.040,55.464,30.907,17.690,7.547
6.05333,184.390,158.918,132.727,83.982,55.478,30.904,17.637,7.540
6.05667,184.506,159.024,132.768,84.079,55.495,30.943,17.642,7.482
6.06000,184.587,159.095,132.889,84.090,55.546,30.943,17.732,7.499
6.06333,184.724,159.142,132.934,84.185,55.589,31.040,17.762,7.517
6.06667,184.838,159.288,132.953,84.190,55.574,30.970,17.688,7.507
6.07000,184.935,159.377,133.108,84.317,55.659,30.957,17.701,7.559
6.07333,185.041,159.442,133.145,84.320,55.666,31.038,17.708,7.537
6.07667,185.077,159.533,133.194,84.437,55.661,31.122,17.733,7.571
6.08000,185.270,159.700,133.334,84.459,55.780,31.044,17.749,7.553
6.08333,185.382,159.734,133.414,84.461,55.734,31.033,17.780,7.577
6.08667,185.509,159.794,133.454,84.565,55.785,31.121,17.801,7.551
6.09000,185.571,159.947,133.535,84.558,55.834,31.112,17.717,7.547
6.09333,185.664,160.059,133.643,84.665,55.869,31.164,17.778,7.550
6.09667,185.828,160.119,133.631,84.723,55.864,31.151,17.757,7.635
6.10000,185.861,160.209,133.792,84.741,55.952,31.211,17.816,7.590
6.10333,185.983,160.309,133.884,84.777,55.947,31.168,17.798,7.572
6.10667,186.136,160.397,133.890,84.741,56.007,31.237,17.852,7.623
6.11000,186.218,160.512,134.035,84.851,55.976,31.191,17.825,7.566
6.11333,186.334,160.628,134.097,84.881,56.050,31.180,17.868,7.558
6.11667,186.423,160.662,134.233,84.976,56.098,31.245,17.917,7.583
6.12000,186.567,160.800,134.297,85.034,56.192,31.333,17.828,7.588
6.12333,186.594,160.857,134.343,85.090,56.155,31.266,17.917,7.694
6.12667,186.751,160.998,134.430,85.143,56.173,31.363,17.888,7.569
6.13000,186.887,161.020,134.511,85.205,56.183,31.318,17.946,7.635
6.13333,186.959,161.111,134.531,85.197,56.208,31.365,17.886,7.572
6.13667,187.028,161.223,134.592,85.229,56.233,31.366,17.906,7.621
6.14000,187.103,161.274,134.744,85.356,56.356,31.410,17.922,7.576
6.14333,187.317,161.383,134.808,85.404,56.327,31.397,17.913,7.678
6.14667,187.379,161.474,134.885,85.366,56.355,31.445,17.971,7.626
6.15000,187.477,161.525,134.930,85.481,56.424,31.455,17.932,7.638
6.15333,187.629,161.679,135.001,85.468,56.478,31.473,17.998,7.671
6.15667,187.745,161.773,135.066,85.504,56.509,31.489,17.977,7.689
6.16000,187.853,161.915,135.129,85.583,56.557,31.514,18.071,7.692
6.16333,187.930,161.973,135.228,85.632,56.518,31.502,17.986,7.673
6.16667,188.008,161.995,135.306,85.778,56.599,31.523,18.050,7.698
6.17000,188.070,162.181,135.363,85.774,56.593,31.539,17.996,7.635
6.17333,188.298,162.275,135.433,85.848,56.551,31.599,18.018,7.665
6.17667,188.342,162.324,135.581,85.914,56.691,31.546,18.063,7.737
6.18000,188.497,162.454,135.657,85.892,56.713,31.597,18.051,7.715
6.18333,188.548,162.478,135.671,85.941,56.670,31.677,18.105,7.679
6.18667,188.658,162.609,135.745,86.041,56.761,31.653,18.043,7.716
6.19000,188.773,162.657,135.839,86.053,56.804,31.686,18.093,7.664
6.19333,188.834,162.796,135.949,86.082,56.763,31.695,18.021,7.707
6.19667,188.953,162.905,136.044,86.189,56.867,31.674,18.135,7.667
6.20000,189.109,162.992,136.110,86.178,56.882,31.700,18.178,7.653
6.20333,189.157,163.117,136.185,86.260,56.923,31.693,18.098,7.727
6.20667,189.279,163.142,136.274,86.258,56.999,31.767,18.106,7.722
6.21000,189.466,163.289,136.304,86.341,56.964,31.777,18.128,7.728
6.21333,189.438,163.372,136.397,86.377,57.060,31.718,18.152,7.718
6.21667,189.611,163.439,136.459,86.446,57.008,31.765,18.211,7.712
6.22000,189.763,163.548,136.548,86.437,57.058,31.806,18.227,7.747
6.22333,189.870,163.626,136.665,86.613,57.080,31.849,18.227,7.755
6.22667,189.945,163.656,136.687,86.538,57.151,31.834,18.226,7.731
6.23000,190.059,163.722,136.810,86.615,57.153,31.831,18.194,7.758
6.23333,190.187,163.921,136.875,86.681,57.193,31.947,18.170,7.688
6.23667,190.288,163.987,136.885,86.660,57.235,31.901,18.212,7.763
6.24000,190.373,164.052,137.004,86.710,57.266,31.897,18.245,7.767
6.24333,190.470,164.097,137.020,86.837,57.326,31.987,18.234,7.784
6.24667,190.560,164.195,137.179,86.869,57.343,32.012,18.222,7.799
6.25000,190.715,164.358,137.233,86.883,57.371,32.024,18.300,7.790
6.25333,190.827,164.371,137.320,86.935,57.413,32.029,18.246,7.789
6.25667,190.908,164.522,137.408,87.047,57.463,32.038,18.199,7.706
6.26000,191.040,164.584,137.481,87.094,57.517,32.025,18.262,7.800
6.26333,191.122,164.702,137.545,87.160,57.517,32.084,18.267,7.771
6.26667,191.243,164.758,137.618,87.109,57.502,32.100,18.303,7.872
6.27000,191.368,164.802,137.730,87.114,57.586,32.109,18.307,7.761
6.27333,191.416,164.959,137.841,87.272,57.610,32.087,18.314,7.773
6.27667,191.492,165.059,137.833,87.342,57.637,32.087,18.305,7.805
6.28000,191.676,165.128,137.910,87.294,57.710,32.078,18.335,7.808
6.28333,191.702,165.222,138.004,87.374,57.681,32.093,18.287,7.803
6.28667,191.826,165.331,138.081,87.418,57.727,32.107,18.339,7.849
6.29000,191.957,165.351,138.152,87.407,57.775,32.174,18.394,7.790
6.29333,192.085,165.513,138.209,87.563,57.753,32.142,18.417,7.807
6.29667,192.146,165.554,138.326,87.559,57.816,32.200,18.405,7.773
6.30000,192.305,165.640,138.325,87.538,57.872,32.290,18.362,7.825
6.30333,192.419,165.795,138.434,87.642,57.882,32.214,18.442,7.793
6.30667,192.463,165.806,138.503,87.690,57.936,32.279,18.428,7.906
6.31000,192.567,165.905,138.617,87.775,57.980,32.255,18.428,7.788
6.31333,192.690,166.064,138.662,87.824,57.957,32.269,18.426,7.858
6.31667,192.803,166.066,138.729,87.855,57.999,32.413,18.388,7.865
6.32000,192.872,166.185,138.782,87.933,58.049,32.355,18.413,7.896
6.32333,192.920,166.238,138.940,87.901,58.067,32.397,18.452,7.915
6.32667,193.122,166.357,138.966,87.956,58.105,32.369,18.430,7.926
6.33000,193.181,166.521,139.058,88.025,58.076,32.398,18.476,7.793
6.33333,193.353,166.566,139.126,88.135,58.154,32.434,18.469,7.895
6.33667,193.323,166.687,139.181,88.132,58.221,32.457,18.527,7.938
6.34000,193.489,166.737,139.262,88.206,58.232,32.501,18.487,7.889
6.34333,193.606,166.806,139.400,88.231,58.228,32.472,18.492,7.938
6.34667,193.743,166.934,139.408,88.279,58.264,32.492,18.548,7.867
6.35000,193.889,167.004,139.493,88.343,58.273,32.487,18.543,7.925
6.35333,194.007,167.085,139.500,88.380,58.353,32.489,18.585,7.926
6.35667,194.048,167.163,139.585,88.386,58.448,32.489,18.612,7.891
6.36000,194.164,167.290,139.784,88.511,58.475,32.572,18.544,7.881
6.36333,194.225,167.396,139.749,88.519,58.493,32.579,18.563,7.857
6.36667,194.366,167.454,139.905,88.470,58.449,32.639,18.569,7.876
6.37000,194.451,167.540,139.957,88.639,58.522,32.536,18.554,7.938
6.37333,194.559,167.624,140.011,88.680,58.550,32.676,18.553,7.928
6.37667,194.631,167.697,140.103,88.701,58.514,32.656,18.579,8.007
6.38000,194.754,167.778,140.149,88.728,58.615,32.664,18.610,7.951
6.38333,194.884,167.928,140.250,88.788,58.572,32.654,18.601,7.910
6.38667,195.043,167.988,140.353,88.798,58.666,32.690,18.631,8.094
6.39000,195.048,168.057,140.353,88.823,58.684,32.717,18.649,7.985
6.39333,195.171,168.204,140.499,88.937,58.694,32.731,18.661,7.955
6.39667,195.309,168.225,140.579,89.050,58.755,32.706,18.642,7.940
6.40000,195.410,168.327,140.626,88.986,58.770,32.808,18.673,7.933
6.40333,195.461,168.440,140.649,89.077,58.819,32.767,18.666,7.978
6.40667,195.583,168.555,140.765,89.109,58.837,32.802,18.729,7.980
6.41000,195.626,168.617,140.900,89.128,58.917,32.806,18.776,7.925
6.41333,195.755,168.785,140.959,89.303,58.935,32.835,18.716,8.039
6.41667,195.889,168.756,140.982,89.249,59.040,32.823,18.677,8.017
6.42000,196.005,168.901,141.082,89.313,59.024,32.835,18.725,7.992
6.42333,196.056,168.959,141.154,89.342,59.052,32.885,18.714,7.979
6.42667,196.162,169.079,141.161,89.417,59.031,32.906,18.732,8.012
6.43000,196.295,169.155,141.286,89.432,59.070,32.923,18.836,8.033
6.43333,196.388,169.211,141.363,89.461,59.084,32.948,18.785,8.030
6.43667,196.523,169.255,141.442,89.556,59.171,33.000,18.781,7.933
6.44000,196.674,169.332,141.519,89.642,59.181,32.959,18.860,8.071
6.44333,196.707,169.486,141.585,89.623,59.186,32.982,18.775,7.964
6.44667,196.830,169.601,141.665,89.743,59.244,33.081,18.800,7.970
6.45000,196.932,169.695,141.629,89.716,59.222,32.995,18.880,7.974
6.45333,197.021,169.776,141.893,89.813,59.325,33.078,18.850,8.015
6.45667,197.039,169.817,141.971,89.795,59.370,33.060,18.847,8.031
6.46000,197.293,169.894,141.984,89.861,59.334,33.024,18.849,8.037
6.46333,197.366,170.040,142.002,89.953,59.356,33.044,18.834,8.097
6.46667,197.457,170.150,142.117,89.939,59.390,33.144,18.850,8.042
6.47000,197.584,170.176,142.207,89.978,59.470,33.162,18.876,8.070
6.47333,197.683,170.299,142.243,90.078,59.444,33.211,18.937,8.029
6.47667,197.732,170.350,142.331,90.079,59.495,33.140,18.901,8.019
6.48000,197.805,170.417,142.423,90.127,59.548,33.190,18.911,8.086
6.48333,198.009,170.617,142.508,90.185,59.535,33.159,18.842,8.025
6.48667,198.055,170.651,142.573,90.197,59.570,33.146,18.921,8.049
6.49000,198.134,170.726,142.674,90.268,59.588,33.210,18.915,8.103
6.49333,198.192,170.831,142.690,90.287,59.659,33.276,18.892,8.152
6.49667,198.309,170.918,142.791,90.352,59.718,33.242,18.967,8.123
6.50000,198.472,171.016,142.817,90.408,59.748,33.261,18.975,8.075
6.50333,198.551,170.998,142.963,90.414,59.720,33.309,18.988,8.123
6.50667,198.671,171.163,142.928,90.492,59.827,33.223,18.975,8.101
6.51000,198.807,171.224,143.091,90.569,59.853,33.374,18.973,8.090
6.51333,198.900,171.283,143.211,90.612,59.887,33.362,19.015,8.082
6.51667,199.040,171.453,143.246,90.640,59.895,33.292,19.024,8.144
6.52000,199.081,171.466,143.301,90.686,59.861,33.373,19.065,8.141
6.52333,199.182,171.532,143.352,90.785,59.939,33.440,19.035,8.133
6.52667,199.244,171.632,143.462,90.774,59.994,33.360,19.023,8.072
6.53000,199.424,171.794,143.571,90.954,60.070,33.404,19.038,8.096
6.53333,199.448,171.840,143.644,90.866,60.021,33.453,19.017,8.157
6.53667,199.565,171.920,143.667,90.971,60.071,33.459,19.069,8.167
6.54000,199.741,171.999,143.741,90.963,60.103,33.431,19.055,8.110
6.54333,199.782,172.074,143.716,91.081,60.119,33.486,19.121,8.151
6.54667,199.904,172.191,143.903,91.131,60.136,33.570,19.147,8.158
6.55000,200.039,172.322,144.015,91.188,60.129,33.544,19.081,8.187
6.55333,200.067,172.394,143.976,91.172,60.196,33.529,19.044,8.172
6.55667,200.193,172.457,144.090,91.232,60.232,33.547,19.125,8.233
6.56000,200.315,172.529,144.158,91.245,60.260,33.600,19.097,8.200
6.56333,200.404,172.668,144.213,91.391,60.245,33.563,19.167,8.172
6.56667,200.533,172.687,144.349,91.326,60.310,33.578,19.169,8.153
6.57000,200.580,172.805,144.382,91.358,60.364,33.665,19.129,8.222
6.57333,200.686,172.880,144.485,91.433,60.394,33.640,19.223,8.091
6.57667,200.777,172.999,144.565,91.518,60.451,33.655,19.154,8.190
6.58000,200.887,173.086,144.654,91.569,60.437,33.629,19.187,8.232
6.58333,200.968,173.263,144.702,91.587,60.471,33.675,19.203,8.189
6.58667,201.091,173.263,144.799,91.638,60.575,33.738,19.224,8.138
6.59000,201.206,173.340,144.845,91.680,60.528,33.699,19.179,8.199
6.59333,201.373,173.428,144.931,91.629,60.585,33.764,19.236,8.179
6.59667,201.391,173.516,144.942,91.787,60.585,33.760,19.205,8.157
6.60000,201.532,173.641,145.098,91.840,60.692,33.771,19.221,8.165
6.60333,201.573,173.678,145.149,91.906,60.634,33.855,19.234,8.253
6.60667,201.755,173.769,145.177,91.919,60.677,33.862,19.230,8.209
6.61000,201.810,173.899,145.257,91.992,60.657,33.863,19.285,8.238
6.61333,201.916,173.953,145.372,92.044,60.707,33.841,19.308,8.190
6.61667,202.019,174.024,145.446,92.016,60.763,33.835,19.331,8.226
6.62000,202.153,174.168,145.448,92.052,60.817,33.887,19.290,8.245
6.62333,202.200,174.282,145.611,92.136,60.924,33.893,19.302,8.238
6.62667,202.320,174.367,145.653,92.229,60.907,33.977,19.354,8.264
6.63000,202.475,174.389,145.710,92.203,60.908,33.983,19.304,8.199
6.63333,202.503,174.489,145.852,92.267,60.962,33.965,19.367,8.273
6.63667,202.675,174.599,145.932,92.284,61.000,33.903,19.328,8.272
6.64000,202.684,174.638,145.900,92.350,61.015,34.047,19.310,8.247
6.64333,202.873,174.742,146.040,92.329,61.132,34.017,19.356,8.278
6.64667,202.943,174.818,146.066,92.503,61.078,34.086,19.369,8.258
6.65000,202.946,174.948,146.180,92.525,61.097,34.045,19.451,8.317
6.65333,203.176,174.965,146.276,92.539,61.183,34.010,19.411,8.242
6.65667,203.202,175.128,146.366,92.580,61.182,34.082,19.401,8.313
6.66000,203.321,175.215,146.425,92.689,61.198,34.103,19.396,8.269
6.66333,203.388,175.240,146.441,92.708,61.231,34.125,19.329,8.282
6.66667,203.558,175.330,146.459,92.761,61.218,34.141,19.415,8.329
6.67000,203.660,175.422,146.612,92.811,61.319,34.071,19.452,8.355
6.67333,203.709,175.516,146.666,92.778,61.334,34.155,19.457,8.338
6.67667,203.839,175.606,146.628,92.866,61.392,34.167,19.455,8.212
6.68000,203.903,175.680,146.910,92.933,61.325,34.190,19.442,8.293
6.68333,204.084,175.754,146.855,92.981,61.393,34.181,19.491,8.378
6.68667,204.144,175.841,146.918,92.952,61.421,34.197,19.453,8.274
6.69000,204.239,175.957,147.075,93.077,61.511,34.224,19.519,8.329
6.69333,204.346,176.025,147.096,93.098,61.545,34.252,19.482,8.326
6.69667,204.473,176.141,147.136,93.154,61.523,34.260,19.501,8.318
6.70000,204.491,176.208,147.277,93.208,61.537,34.267,19.523,8.362
6.70333,204.602,176.267,147.328,93.235,61.599,34.289,19.518,8.386
6.70667,204.736,176.374,147.362,93.296,61.627,34.299,19.578,8.314
6.71000,204.874,176.492,147.448,93.297,61.666,34.363,19.555,8.330
6.71333,204.936,176.551,147.554,93.386,61.701,34.308,19.601,8.370
6.71667,205.051,176.655,147.664,93.540,61.768,34.366,19.585,8.385
6.72000,205.135,176.723,147.643,93.455,61.712,34.420,19.567,8.387
6.72333,205.272,176.762,147.793,93.517,61.780,34.416,19.596,8.367
6.72667,205.339,176.872,147.844,93.558,61.769,34.397,19.561,8.354
6.73000,205.433,176.965,147.949,93.524,61.812,34.484,19.692,8.449
6.73333,205.535,176.995,147.950,93.643,61.797,34.472,19.588,8.403
6.73667,205.646,177.198,147.990,93.678,61.947,34.510,19.631,8.394
6.74000,205.748,177.196,148.149,93.725,61.916,34.510,19.628,8.328
6.74333,205.793,177.296,148.144,93.869,61.975,34.523,19.602,8.367
6.74667,205.936,177.325,148.282,93.803,62.018,34.522,19.669,8.358
6.75000,206.063,177.499,148.336,93.894,61.950,34.479,19.636,8.416
6.75333,206.172,177.592,148.443,93.895,61.992,34.519,19.602,8.382
6.75667,206.261,177.676,148.460,93.954,62.089,34.502,19.723,8.401
6.76000,206.348,177.750,148.593,93.966,62.098,34.704,19.657,8.393
6.76333,206.429,177.781,148.649,94.031,62.116,34.634,19.671,8.415
6.76667,206.663,177.933,148.737,94.139,62.175,34.628,19.731,8.412
6.77000,206.661,177.963,148.862,94.145,62.179,34.620,19.686,8.410
6.77333,206.752,178.059,148.850,94.212,62.245,34.684,19.704,8.456
6.77667,206.801,178.159,148.933,94.171,62.222,34.676,19.771,8.436
6.78000,206.965,178.233,148.950,94.256,62.277,34.689,19.706,8.407
6.78333,206.995,178.338,149.036,94.347,62.358,34.711,19.761,8.444
6.78667,207.172,178.455,149.234,94.362,62.374,34.705,19.771,8.474
6.79000,207.264,178.493,149.187,94.441,62.455,34.793,19.737,8.479
6.79333,207.393,178.618,149.281,94.426,62.443,34.722,19.774,8.461
6.79667,207.401,178.641,149.334,94.440,62.409,34.691,19.802,8.422
6.80000,207.522,178.791,149.451,94.561,62.445,34.792,19.825,8.436
6.80333,207.605,178.844,149.454,94.641,62.503,34.847,19.765,8.461
6.80667,207.751,178.986,149.617,94.632,62.515,34.827,19.810,8.421
6.81000,207.873,179.003,149.689,94.661,62.565,34.870,19.812,8.390
6.81333,207.965,179.085,149.735,94.739,62.565,34.877,19.752,8.486
6.81667,208.028,179.210,149.790,94.779,62.638,34.885,19.820,8.438
6.82000,208.170,179.250,149.915,94.833,62.687,34.897,19.803,8.557
6.82333,208.297,179.341,149.974,94.862,62.654,34.903,19.807,8.522
6.82667,208.318,179.502,149.997,94.907,62.673,34.924,19.859,8.490
6.83000,208.490,179.548,150.090,94.997,62.761,34.953,19.838,8.489
6.83333,208.506,179.598,150.092,94.982,62.774,34.933,19.866,8.559
6.83667,208.688,179.715,150.245,95.032,62.793,35.008,19.859,8.513
6.84000,208.709,179.815,150.296,95.040,62.851,34.952,19.950,8.517
6.84333,208.831,179.807,150.403,95.157,62.898,35.012,19.940,8.523
6.84667,208.922,179.952,150.423,95.239,62.878,34.956,19.901,8.539
6.85000,209.095,180.023,150.562,95.163,62.925,35.043,19.893,8.563
6.85333,209.134,180.179,150.579,95.238,62.960,35.116,19.901,8.505
6.85667,209.282,180.185,150.656,95.319,62.951,35.078,19.914,8.527
6.86000,209.402,180.263,150.762,95.304,62.986,35.116,19.972,8.549
6.86333,209.440,180.349,150.789,95.371,63.038,35.080,19.919,8.496
6.86667,209.622,180.503,150.888,95.426,63.052,35.105,19.932,8.500
6.87000,209.735,180.572,150.921,95.499,63.094,35.117,19.928,8.517
6.87333,209.802,180.681,150.939,95.503,63.149,35.081,20.028,8.637
6.87667,209.915,180.762,151.072,95.599,63.210,35.176,19.998,8.530
6.88000,209.966,180.823,151.105,95.633,63.169,35.171,19.977,8.541
6.88333,210.011,180.850,151.157,95.715,63.215,35.283,20.049,8.563
6.88667,210.141,180.913,151.308,95.679,63.318,35.124,20.009,8.523
6.89000,210.215,181.066,151.418,95.792,63.319,35.281,20.002,8.588
6.89333,210.259,181.132,151.436,95.801,63.331,35.255,20.096,8.515
6.89667,210.511,181.203,151.527,95.822,63.345,35.286,20.048,8.551
6.90000,210.535,181.403,151.594,95.914,63.364,35.362,20.039,8.563
6.90333,210.648,181.466,151.667,95.942,63.366,35.320,20.064,8.588
6.90667,210.771,181.484,151.758,96.016,63.439,35.298,20.094,8.537
6.91000,210.785,181.643,151.800,96.026,63.560,35.245,20.111,8.544
6.91333,210.981,181.683,151.931,96.115,63.459,35.349,20.085,8.613
6.91667,210.995,181.780,151.906,96.132,63.499,35.391,20.045,8.617
6.92000,211.143,181.836,151.989,96.095,63.584,35.417,20.141,8.645
6.92333,211.269,181.927,152.092,96.212,63.645,35.402,20.114,8.604
6.92667,211.393,182.088,152.103,96.248,63.617,35.485,20.114,8.639
6.93000,211.436,182.097,152.287,96.370,63.549,35.370,20.149,8.604
6.93333,211.464,182.157,152.312,96.323,63.712,35.450,20.131,8.595
6.93667,211.652,182.264,152.409,96.403,63.667,35.488,20.101,8.612
6.94000,211.829,182.318,152.413,96.407,63.800,35.496,20.221,8.594
6.94333,211.857,182.449,152.523,96.452,63.730,35.474,20.114,8.649
6.94667,211.928,182.575,152.628,96.501,63.841,35.495,20.205,8.584
6.95000,212.027,182.577,152.684,96.547,63.844,35.509,20.194,8.653
6.95333,212.107,182.687,152.801,96.641,63.857,35.528,20.171,8.621
6.95667,212.268,182.743,152.834,96.598,63.900,35.558,20.202,8.657
6.96000,212.357,182.880,152.891,96.740,63.886,35.560,20.232,8.593
6.96333,212.429,182.936,152.929,96.742,63.989,35.579,20.232,8.683
6.96667,212.509,182.975,153.083,96.788,64.012,35.680,20.215,8.605
6.97000,212.596,183.090,153.102,96.827,64.009,35.635,20.283,8.630
6.97333,212.777,183.242,153.119,96.865,64.093,35.672,20.282,8.619
6.97667,212.809,183.299,153.193,96.897,64.007,35.682,20.241,8.711
6.98000,212.955,183.346,153.311,96.939,64.063,35.683,20.255,8.645
6.98333,213.036,183.426,153.357,96.989,64.092,35.723,20.270,8.756
6.98667,213.135,183.565,153.497,97.093,64.182,35.724,20.350,8.681
6.99000,213.263,183.648,153.516,97.155,64.167,35.742,20.286,8.675
6.99333,213.253,183.698,153.598,97.180,64.226,35.732,20.373,8.665
6.99667,213.433,183.840,153.677,97.177,64.288,35.720,20.337,8.739
7.00000,213.579,183.923,153.689,97.250,64.310,35.810,20.313,8.713
7.00333,213.625,184.020,153.827,97.355,64.303,35.793,20.316,8.714
7.00667,213.727,184.093,153.893,97.397,64.368,35.802,20.386,8.648
7.01000,213.834,184.118,153.981,97.418,64.400,35.810,20.376,8.722
7.01333,213.917,184.219,154.066,97.407,64.499,35.894,20.364,8.746
7.01667,214.034,184.363,154.127,97.428,64.447,35.897,20.423,8.673
7.02000,214.173,184.437,154.111,97.517,64.454,35.808,20.320,8.717
7.02333,214.214,184.505,154.227,97.595,64.501,35.900,20.343,8.730
7.02667,214.280,184.522,154.388,97.603,64.531,35.876,20.414,8.661
7.03000,214.456,184.581,154.454,97.647,64.573,35.932,20.449,8.783
7.03333,214.525,184.671,154.451,97.687,64.562,35.893,20.373,8.697
7.03667,214.599,184.816,154.529,97.764,64.589,35.951,20.462,8.739
7.04000,214.730,184.894,154.555,97.740,64.674,35.998,20.396,8.791
7.04333,214.840,184.981,154.678,97.799,64.679,36.017,20.437,8.758
7.04667,214.910,185.073,154.734,97.872,64.686,36.001,20.488,8.822
7.05000,215.003,185.198,154.848,97.961,64.734,36.033,20.480,8.774
7.05333,215.126,185.278,154.926,98.010,64.762,36.066,20.415,8.751
7.05667,215.183,185.293,154.965,97.985,64.759,36.089,20.420,8.749
7.06000,215.268,185.441,155.011,98.055,64.795,36.048,20.479,8.797
7.06333,215.388,185.558,155.080,98.076,64.853,36.110,20.483,8.767
7.06667,215.517,185.580,155.182,98.160,64.865,36.161,20.512,8.814
7.07000,215.669,185.679,155.245,98.176,64.877,36.101,20.535,8.841
7.07333,215.689,185.720,155.354,98.208,64.924,36.106,20.554,8.802
7.07667,215.766,185.832,155.339,98.302,64.969,36.159,20.500,8.818
7.08000,215.981,185.940,155.485,98.346,65.045,36.212,20.562,8.773
7.08333,216.037,186.009,155.549,98.370,65.055,36.170,20.598,8.788
7.08667,216.110,186.064,155.600,98.469,65.023,36.220,20.518,8.797
7.09000,216.225,186.154,155.695,98.391,65.140,36.267,20.575,8.816
7.09333,216.260,186.292,155.791,98.509,65.084,36.288,20.482,8.824
7.09667,216.388,186.389,155.781,98.557,65.160,36.249,20.561,8.802
7.10000,216.557,186.453,155.936,98.611,65.158,36.292,20.683,8.832
7.10333,216.609,186.509,155.989,98.660,65.173,36.324,20.614,8.866
7.10667,216.720,186.591,156.048,98.671,65.239,36.378,20.592,8.761
7.11000,216.790,186.716,156.079,98.745,65.275,36.278,20.604,8.772
7.11333,216.902,186.805,156.180,98.747,65.349,36.348,20.636,8.831
7.11667,217.057,186.857,156.240,98.834,65.276,36.404,20.581,8.834
7.12000,217.084,186.960,156.354,98.848,65.383,36.365,20.660,8.809
7.12333,217.210,187.069,156.426,98.853,65.394,36.422,20.645,8.808
7.12667,217.334,187.120,156.410,98.973,65.445,36.363,20.696,8.892
7.13000,217.358,187.223,156.615,98.974,65.462,36.457,20.687,8.876
7.13333,217.503,187.344,156.662,99.090,65.483,36.452,20.696,8.880
7.13667,217.593,187.377,156.669,99.123,65.481,36.442,20.760,8.896
7.14000,217.703,187.521,156.741,99.145,65.585,36.447,20.698,8.942
7.14333,217.833,187.598,156.855,99.114,65.601,36.477,20.702,8.883
7.14667,217.874,187.613,156.947,99.218,65.612,36.554,20.722,8.856
7.15000,218.023,187.727,156.998,99.314,65.600,36.523,20.770,8.920
7.15333,218.084,187.866,157.040,99.304,65.704,36.554,20.791,8.858
7.15667,218.206,187.934,157.090,99.404,65.732,36.582,20.745,8.957
7.16000,218.298,188.061,157.162,99.435,65.773,36.612,20.794,8.896
7.16333,218.431,188.088,157.339,99.511,65.758,36.624,20.791,8.917
7.16667,218.429,188.156,157.362,99.494,65.812,36.578,20.809,8.886
7.17000,218.669,188.256,157.452,99.602,65.727,36.711,20.812,8.871
7.17333,218.728,188.313,157.492,99.598,65.868,36.681,20.820,8.868
7.17667,218.786,188.375,157.607,99.633,65.896,36.684,20.853,8.937
7.18000,218.921,188.509,157.639,99.707,65.942,36.715,20.853,8.901
7.18333,219.046,188.562,157.748,99.742,65.917,36.756,20.764,8.898
7.18667,219.070,188.673,157.740,99.796,66.042,36.693,20.838,8.855
7.19000,219.187,188.684,157.881,99.804,65.970,36.674,20.842,8.848
7.19333,219.331,188.900,157.910,99.854,65.981,36.749,20.829,8.866
7.19667,219.428,188.926,158.005,99.921,66.085,36.816,20.833,8.920
7.20000,219.517,189.000,158.108,99.991,66.059,36.786,20.876,8.857
7.20333,219.624,189.061,158.183,99.969,66.156,36.834,20.885,8.874
7.20667,219.699,189.157,158.174,100.061,66.143,36.771,20.821,8.953
7.21000,219.814,189.309,158.321,100.100,66.224,36.830,20.928,8.966
7.21333,219.856,189.366,158.316,100.183,66.133,36.819,20.931,8.912
7.21667,219.972,189.508,158.472,100.156,66.244,36.835,20.945,8.931
7.22000,220.154,189.449,158.546,100.229,66.274,36.873,20.986,8.990
7.22333,220.252,189.556,158.553,100.259,66.286,36.906,20.895,8.960
7.22667,220.324,189.699,158.660,100.354,66.378,36.921,20.980,8.965
7.23000,220.406,189.818,158.772,100.375,66.348,36.908,20.998,8.946
7.23333,220.509,189.870,158.812,100.428,66.406,36.962,20.935,8.963
7.23667,220.645,189.979,158.821,100.410,66.433,37.051,20.948,8.954
7.24000,220.722,190.029,158.952,100.499,66.498,37.024,20.937,8.944
7.24333,220.769,190.126,159.044,100.566,66.480,36.912,20.991,9.051
7.24667,220.946,190.181,159.073,100.598,66.509,36.979,21.006,8.974
7.25000,221.059,190.306,159.215,100.657,66.607,37.051,21.006,8.961
7.25333,221.125,190.393,159.230,100.743,66.606,37.037,20.986,8.959
7.25667,221.242,190.427,159.334,100.706,66.668,37.077,21.010,9.031
7.26000,221.307,190.558,159.333,100.805,66.654,37.056,21.056,9.058
7.26333,221.355,190.637,159.429,100.868,66.659,37.068,21.099,9.001
7.26667,221.481,190.700,159.491,100.847,66.726,37.121,21.040,9.005
7.27000,221.601,190.789,159.622,100.891,66.715,37.172,21.076,8.999
7.27333,221.705,190.848,159.709,100.981,66.717,37.143,21.131,8.944
7.27667,221.837,190.952,159.690,101.027,66.839,37.149,21.032,9.019
7.28000,221.911,191.094,159.795,101.063,66.833,37.169,21.041,9.028
7.28333,222.055,191.185,159.887,101.057,66.890,37.249,21.165,9.119
7.28667,222.103,191.280,160.012,101.182,66.892,37.234,21.143,9.054
7.29000,222.218,191.384,160.007,101.145,66.935,37.204,21.167,9.029
7.29333,222.328,191.367,160.046,101.205,66.953,37.232,21.179,9.057
7.29667,222.465,191.485,160.199,101.285,66.984,37.311,21.080,9.087
7.30000,222.557,191.553,160.203,101.349,67.010,37.266,21.145,9.038
7.30333,222.585,191.671,160.329,101.337,67.022,37.236,21.173,9.043
7.30667,222.769,191.774,160.360,101.387,67.038,37.300,21.161,9.081
7.31000,222.823,191.873,160.495,101.454,67.064,37.349,21.200,9.062
7.31333,222.906,191.944,160.545,101.559,67.098,37.365,21.176,9.084
7.31667,223.026,192.026,160.621,101.536,67.176,37.391,21.213,9.120
7.32000,223.112,192.134,160.731,101.638,67.134,37.370,21.162,9.082
7.32333,223.267,192.211,160.750,101.551,67.284,37.399,21.199,9.075
7.32667,223.322,192.295,160.808,101.697,67.192,37.388,21.207,9.091
7.33000,223.445,192.390,160.905,101.756,67.311,37.479,21.206,9.076
7.33333,223.568,192.516,160.964,101.822,67.298,37.434,21.271,9.116
7.33667,223.673,192.512,161.059,101.868,67.325,37.436,21.269,9.153
7.34000,223.761,192.574,161.094,101.898,67.369,37.511,21.340,9.050
7.34333,223.858,192.785,161.179,101.950,67.402,37.514,21.221,9.113
7.34667,223.944,192.742,161.221,101.945,67.362,37.598,21.258,9.105
7.35000,224.054,192.913,161.386,101.935,67.463,37.550,21.282,9.175
7.35333,224.159,193.005,161.393,102.078,67.469,37.576,21.310,9.076
7.35667,224.220,193.069,161.487,102.071,67.566,37.560,21.354,9.136
7.36000,224.345,193.205,161.559,102.208,67.551,37.572,21.340,9.048
7.36333,224.458,193.221,161.592,102.205,67.586,37.554,21.356,9.139
7.36667,224.471,193.359,161.689,102.224,67.613,37.645,21.309,9.126
7.37000,224.601,193.427,161.752,102.267,67.632,37.705,21.388,9.139
7.37333,224.763,193.522,161.944,102.321,67.604,37.653,21.330,9.101
7.37667,224.841,193.540,161.912,102.376,67.687,37.684,21.333,9.148
7.38000,224.961,193.634,161.944,102.457,67.769,37.737,21.407,9.196
7.38333,225.043,193.816,162.093,102.493,67.775,37.733,21.407,9.155
7.38667,225.152,193.816,162.181,102.475,67.800,37.720,21.383,9.144
7.39000,225.304,193.956,162.221,102.580,67.930,37.739,21.445,9.212
7.39333,225.401,194.033,162.309,102.670,67.850,37.726,21.377,9.182
7.39667,225.512,194.143,162.392,102.604,67.850,37.791,21.413,9.167
7.40000,225.513,194.253,162.422,102.607,67.907,37.789,21.428,9.154
7.40333,225.726,194.290,162.524,102.746,67.910,37.796,21.412,9.211
7.40667,225.762,194.394,162.526,102.836,67.954,37.865,21.419,9.211
7.41000,225.852,194.436,162.675,102.854,67.999,37.864,21.435,9.173
7.41333,225.954,194.572,162.747,102.890,68.023,37.833,21.471,9.182
7.41667,226.110,194.674,162.752,102.954,68.071,37.830,21.512,9.252
7.42000,226.209,194.743,162.871,103.004,68.101,37.848,21.459,9.252
7.42333,226.244,194.773,162.994,103.043,68.187,37.867,21.527,9.205
7.42667,226.396,194.915,163.063,103.093,68.117,37.924,21.460,9.145
7.43000,226.536,194.987,163.116,103.144,68.222,37.957,21.531,9.267
7.43333,226.565,195.085,163.225,103.166,68.217,37.954,21.555,9.249
7.43667,226.688,195.099,163.252,103.198,68.266,37.985,21.545,9.200
7.44000,226.773,195.229,163.354,103.247,68.368,38.014,21.561,9.266
7.44333,226.872,195.328,163.432,103.289,68.321,38.033,21.476,9.146
7.44667,226.983,195.416,163.474,103.394,68.376,38.005,21.528,9.197
7.45000,227.116,195.502,163.561,103.425,68.304,38.014,21.595,9.245
7.45333,227.212,195.609,163.586,103.487,68.373,38.116,21.601,9.279
7.45667,227.317,195.652,163.718,103.537,68.446,38.082,21.523,9.311
7.46000,227.451,195.734,163.825,103.572,68.412,38.064,21.640,9.189
7.46333,227.576,195.823,163.811,103.472,68.473,38.152,21.614,9.219
7.46667,227.618,195.967,163.919,103.619,68.583,38.108,21.601,9.185
7.47000,227.734,195.953,163.969,103.689,68.565,38.115,21.651,9.312
7.47333,227.785,196.190,164.111,103.672,68.577,38.133,21.680,9.273
7.47667,227.929,196.170,164.189,103.841,68.617,38.182,21.617,9.268
7.48000,227.978,196.296,164.206,103.873,68.593,38.242,21.658,9.253
7.48333,228.139,196.410,164.278,103.898,68.739,38.246,21.663,9.305
7.48667,228.265,196.531,164.335,103.915,68.687,38.222,21.661,9.344
7.49000,228.302,196.620,164.380,103.893,68.768,38.227,21.691,9.295
7.49333,228.421,196.606,164.540,104.069,68.817,38.212,21.656,9.314
7.49667,228.545,196.738,164.521,103.993,68.810,38.280,21.698,9.317
7.50000,228.647,196.849,164.709,104.156,68.842,38.312,21.764,9.309
7.50333,228.717,196.869,164.750,104.145,68.852,38.329,21.663,9.313
7.50667,228.899,197.038,164.778,104.165,68.996,38.266,21.701,9.278
7.51000,228.971,197.097,164.860,104.277,68.969,38.302,21.703,9.372
7.51333,229.039,197.134,164.994,104.296,68.955,38.369,21.750,9.303
7.51667,229.155,197.195,165.013,104.343,69.025,38.467,21.754,9.343
7.52000,229.240,197.320,165.080,104.331,69.060,38.396,21.773,9.379
7.52333,229.276,197.480,165.209,104.429,69.126,38.466,21.745,9.327
7.52667,229.451,197.553,165.252,104.449,69.196,38.487,21.800,9.414
7.53000,229.610,197.629,165.368,104.562,69.120,38.439,21.777,9.382
7.53333,229.683,197.695,165.323,104.611,69.185,38.486,21.776,9.384
7.53667,229.810,197.808,165.462,104.642,69.209,38.469,21.765,9.344
7.54000,229.864,197.943,165.581,104.653,69.252,38.500,21.808,9.374
7.54333,230.012,197.955,165.648,104.657,69.279,38.482,21.797,9.359
7.54667,230.143,198.013,165.717,104.786,69.272,38.543,21.857,9.288
7.55000,230.182,198.184,165.807,104.837,69.224,38.563,21.900,9.361
7.55333,230.318,198.222,165.895,104.834,69.373,38.649,21.826,9.413
7.55667,230.355,198.306,165.941,104.848,69.355,38.583,21.875,9.332
7.56000,230.497,198.377,166.012,104.938,69.444,38.651,21.870,9.406
7.56333,230.553,198.481,166.086,105.013,69.499,38.577,21.931,9.394
7.56667,230.738,198.697,166.144,105.050,69.439,38.595,21.858,9.404
7.57000,230.791,198.703,166.256,105.099,69.539,38.617,21.942,9.409
7.57333,230.908,198.789,166.276,105.164,69.528,38.695,21.935,9.416
7.57667,231.043,198.830,166.414,105.143,69.576,38.710,21.920,9.451
7.58000,231.149,198.979,166.419,105.196,69.554,38.674,21.955,9.502
7.58333,231.223,199.051,166.524,105.227,69.632,38.763,21.949,9.367
7.58667,231.337,199.131,166.621,105.312,69.671,38.798,21.953,9.425
7.59000,231.437,199.215,166.693,105.390,69.682,38.784,21.999,9.363
7.59333,231.543,199.311,166.751,105.400,69.779,38.792,21.948,9.517
7.59667,231.636,199.368,166.918,105.520,69.825,38.790,22.077,9.413
7.60000,231.791,199.478,166.908,105.501,69.786,38.819,21.936,9.448
7.60333,231.869,199.643,166.970,105.580,69.832,38.887,21.950,9.488
7.60667,231.956,199.612,167.101,105.596,69.868,38.825,22.011,9.457
7.61000,232.009,199.743,167.145,105.614,69.894,38.906,22.008,9.475
7.61333,232.121,199.847,167.270,105.757,69.938,38.866,22.046,9.417
7.61667,232.252,199.962,167.312,105.740,69.945,38.893,21.980,9.455
7.62000,232.380,199.961,167.348,105.757,69.981,38.917,22.045,9.467
7.62333,232.514,200.114,167.417,105.829,70.087,38.937,22.067,9.396
7.62667,232.534,200.241,167.496,105.911,70.088,38.914,22.079,9.441
7.63000,232.753,200.251,167.608,105.896,70.096,38.961,22.090,9.454
7.63333,232.818,200.421,167.692,105.971,70.158,38.978,22.098,9.503
7.63667,232.898,200.472,167.831,106.009,70.153,39.011,22.033,9.492
7.64000,232.960,200.587,167.793,106.038,70.201,39.012,22.038,9.402
7.64333,233.183,200.628,167.934,106.096,70.135,39.034,22.150,9.516
7.64667,233.161,200.726,168.037,106.167,70.230,39.000,22.119,9.481
7.65000,233.302,200.899,168.029,106.173,70.267,39.049,22.095,9.502
7.65333,233.483,200.989,168.148,106.249,70.319,39.047,22.136,9.510
7.65667,233.584,201.090,168.248,106.371,70.334,39.214,22.162,9.515
7.66000,233.627,201.068,168.356,106.358,70.382,39.170,22.173,9.516
7.66333,233.706,201.234,168.412,106.441,70.388,39.194,22.138,9.466
7.66667,233.899,201.317,168.457,106.443,70.455,39.199,22.177,9.541
7.67000,233.948,201.377,168.523,106.555,70.471,39.186,22.236,9.589
7.67333,234.063,201.568,168.599,106.575,70.515,39.214,22.181,9.475
7.67667,234.205,201.565,168.674,106.612,70.521,39.295,22.189,9.539
7.68000,234.209,201.613,168.750,106.695,70.591,39.202,22.230,9.504
7.68333,234.423,201.718,168.848,106.731,70.641,39.241,22.272,9.576
7.68667,234.473,201.903,168.954,106.757,70.660,39.308,22.242,9.574
7.69000,234.606,201.929,168.960,106.737,70.633,39.319,22.313,9.479
7.69333,234.685,202.017,169.027,106.868,70.636,39.285,22.275,9.631
7.69667,234.800,202.151,169.152,106.872,70.728,39.325,22.246,9.607
7.70000,234.925,202.229,169.163,106.948,70.751,39.328,22.271,9.546
7.70333,234.999,202.309,169.322,106.996,70.772,39.369,22.315,9.600
7.70667,235.074,202.439,169.393,107.070,70.804,39.431,22.260,9.564
7.71000,235.238,202.534,169.443,107.085,70.861,39.363,22.352,9.558
7.71333,235.304,202.562,169.485,107.136,70.902,39.470,22.333,9.591
7.71667,235.365,202.690,169.568,107.190,70.900,39.397,22.308,9.576
7.72000,235.520,202.854,169.643,107.254,71.041,39.477,22.366,9.596
7.72333,235.716,202.843,169.746,107.302,70.954,39.487,22.306,9.571
7.72667,235.796,202.944,169.776,107.387,71.009,39.415,22.355,9.604
7.73000,235.850,203.050,169.892,107.414,71.100,39.525,22.391,9.535
7.73333,236.042,203.056,169.966,107.457,71.088,39.475,22.424,9.581
7.73667,236.076,203.196,170.075,107.501,71.101,39.483,22.406,9.625
7.74000,236.182,203.345,170.166,107.525,71.123,39.581,22.448,9.629
7.74333,236.279,203.427,170.251,107.613,71.146,39.620,22.375,9.600
7.74667,236.382,203.388,170.254,107.616,71.197,39.565,22.307,9.669
7.75000,236.536,203.595,170.391,107.661,71.287,39.595,22.444,9.600
7.75333,236.623,203.719,170.498,107.656,71.280,39.624,22.431,9.659
7.75667,236.688,203.798,170.511,107.701,71.286,39.611,22.448,9.686
7.76000,236.800,203.939,170.642,107.809,71.298,39.662,22.494,9.581
7.76333,236.925,204.013,170.686,107.919,71.398,39.684,22.438,9.680
7.76667,237.044,204.059,170.705,107.856,71.450,39.647,22.480,9.652
7.77000,237.148,204.130,170.840,108.011,71.504,39.721,22.514,9.660
7.77333,237.321,204.265,170.866,108.002,71.482,39.765,22.452,9.624
7.77667,237.326,204.343,171.011,108.078,71.545,39.771,22.537,9.693
7.78000,237.484,204.470,171.084,108.145,71.529,39.810,22.530,9.642
7.78333,237.599,204.477,171.142,108.108,71.570,39.808,22.501,9.628
7.78667,237.650,204.572,171.217,108.199,71.604,39.787,22.518,9.689
7.79000,237.831,204.727,171.291,108.241,71.634,39.808,22.554,9.594
7.79333,237.951,204.798,171.355,108.307,71.661,39.839,22.499,9.640
7.79667,238.019,204.852,171.423,108.377,71.668,39.860,22.622,9.706
7.80000,238.144,204.922,171.524,108.399,71.747,39.925,22.533,9.647
7.80333,238.197,205.002,171.621,108.475,71.791,39.956,22.570,9.725
7.80667,238.363,205.184,171.655,108.570,71.746,39.958,22.605,9.641
7.81000,238.406,205.277,171.711,108.594,71.803,39.907,22.622,9.666
7.81333,238.615,205.379,171.871,108.552,71.873,39.963,22.581,9.711
7.81667,238.671,205.430,171.909,108.608,71.897,39.937,22.680,9.690
7.82000,238.805,205.594,172.031,108.654,71.966,40.041,22.648,9.736
7.82333,238.872,205.616,172.085,108.752,71.964,39.972,22.673,9.747
7.82667,239.012,205.673,172.214,108.812,71.982,40.070,22.666,9.710
7.83000,239.139,205.823,172.241,108.896,72.069,40.001,22.639,9.749
7.83333,239.154,205.894,172.310,108.923,72.060,40.105,22.677,9.700
7.83667,239.307,205.990,172.418,108.979,72.118,40.055,22.653,9.704
7.84000,239.469,206.110,172.494,108.949,72.063,40.140,22.727,9.784
7.84333,239.598,206.119,172.633,109.127,72.174,40.125,22.711,9.684
7.84667,239.675,206.319,172.655,109.067,72.218,40.134,22.713,9.733
7.85000,239.765,206.379,172.712,109.146,72.273,40.183,22.674,9.753
7.85333,239.924,206.524,172.794,109.197,72.258,40.164,22.699,9.743
7.85667,239.970,206.517,172.945,109.222,72.250,40.165,22.729,9.776
7.86000,240.104,206.611,172.966,109.298,72.339,40.243,22.717,9.785
7.86333,240.290,206.736,173.031,109.314,72.348,40.219,22.751,9.717
7.86667,240.273,206.861,173.117,109.386,72.387,40.237,22.767,9.796
7.87000,240.436,206.944,173.151,109.503,72.445,40.256,22.770,9.818
7.87333,240.532,207.003,173.298,109.632,72.484,40.301,22.786,9.784
7.87667,240.716,207.128,173.350,109.545,72.459,40.278,22.790,9.770
7.88000,240.787,207.257,173.411,109.573,72.505,40.323,22.798,9.877
7.88333,240.825,207.259,173.488,109.674,72.561,40.283,22.784,9.777
7.88667,240.944,207.425,173.630,109.719,72.636,40.409,22.851,9.884
7.89000,241.074,207.514,173.672,109.728,72.633,40.395,22.843,9.867
7.89333,241.153,207.626,173.807,109.733,72.620,40.380,22.790,9.798
7.89667,241.301,207.704,173.836,109.794,72.639,40.476,22.848,9.871
7.90000,241.442,207.797,173.872,109.919,72.768,40.446,22.781,9.855
7.90333,241.530,207.903,173.991,109.969,72.740,40.526,22.897,9.828
7.90667,241.624,207.983,174.008,109.997,72.818,40.475,22.807,9.926
7.91000,241.791,208.006,174.119,110.113,72.786,40.451,22.857,9.810
7.91333,241.810,208.123,174.228,110.039,72.813,40.470,22.862,9.902
7.91667,241.941,208.265,174.366,110.143,72.928,40.491,22.957,9.806
7.92000,242.064,208.340,174.429,110.205,72.845,40.515,22.939,9.892
7.92333,242.182,208.419,174.530,110.259,73.005,40.569,22.936,9.851
7.92667,242.319,208.547,174.579,110.351,72.942,40.639,22.942,9.887
7.93000,242.430,208.571,174.634,110.381,73.008,40.620,22.981,9.866
7.93333,242.533,208.728,174.714,110.467,73.064,40.706,22.923,9.918
7.93667,242.656,208.806,174.844,110.509,73.203,40.698,23.000,9.840
7.94000,242.755,208.937,174.937,110.528,73.189,40.630,23.017,9.882
7.94333,242.876,209.094,175.000,110.488,73.130,40.712,22.969,9.866
7.94667,242.936,209.150,175.039,110.554,73.196,40.698,23.045,9.836
7.95000,243.079,209.243,175.103,110.658,73.233,40.682,23.054,9.962
7.95333,243.157,209.380,175.177,110.665,73.236,40.758,22.956,9.922
7.95667,243.326,209.390,175.276,110.762,73.212,40.701,23.007,9.910
7.96000,243.428,209.476,175.310,110.788,73.406,40.776,23.068,9.918
7.96333,243.541,209.601,175.420,110.857,73.367,40.764,23.097,9.898
7.96667,243.660,209.713,175.493,111.011,73.404,40.779,22.987,9.898
7.97000,243.771,209.813,175.640,110.978,73.441,40.865,23.032,9.914
7.97333,243.848,209.879,175.663,111.061,73.516,40.846,23.134,9.878
7.97667,244.046,209.991,175.721,111.084,73.478,40.875,23.105,9.943
7.98000,244.085,210.042,175.811,111.071,73.616,40.916,23.114,9.975
7.98333,244.215,210.192,175.923,111.161,73.567,40.950,23.110,9.946
7.98667,244.295,210.213,176.010,111.159,73.678,40.935,23.129,9.956
7.99000,244.454,210.444,176.052,111.295,73.662,40.930,23.187,9.937
7.99333,244.518,210.475,176.172,111.386,73.665,40.973,23.070,9.977
7.99667,244.689,210.498,176.274,111.324,73.675,40.934,23.179,9.995
8.00000,244.762,210.625,176.331,111.398,73.798,41.062,23.204,9.948
8.00333,244.927,210.740,176.485,111.407,73.796,41.019,23.276,10.017
8.00667,245.000,210.882,176.471,111.477,73.828,41.040,23.202,10.008
8.01000,245.142,210.932,176.558,111.538,73.837,41.011,23.161,9.935
8.01333,245.187,211.017,176.670,111.660,73.835,41.022,23.245,9.977
8.01667,245.323,211.129,176.789,111.705,73.903,41.087,23.323,9.986
8.02000,245.431,211.208,176.820,111.707,73.882,41.124,23.234,9.958
8.02333,245.617,211.343,176.881,111.742,73.966,41.062,23.280,9.999
8.02667,245.649,211.393,176.987,111.855,74.026,41.156,23.283,9.988
8.03000,245.888,211.541,177.044,111.906,74.032,41.129,23.285,10.056
8.03333,245.919,211.628,177.145,111.976,74.132,41.222,23.281,10.022
8.03667,246.023,211.719,177.216,111.916,74.085,41.215,23.304,9.994
8.04000,246.099,211.782,177.301,112.023,74.111,41.245,23.228,10.014
8.04333,246.219,211.971,177.317,112.096,74.166,41.306,23.313,10.007
8.04667,246.371,212.072,177.458,112.141,74.287,41.280,23.354,10.068
8.05000,246.425,212.112,177.564,112.152,74.254,41.279,23.349,10.014
8.05333,246.636,212.177,177.675,112.241,74.253,41.279,23.317,10.034
8.05667,246.676,212.292,177.780,112.283,74.351,41.343,23.322,10.050
8.06000,246.808,212.378,177.867,112.369,74.371,41.372,23.332,10.057
8.06333,246.919,212.501,177.943,112.356,74.411,41.380,23.346,10.032
8.06667,247.022,212.580,177.951,112.474,74.479,41.458,23.316,10.066
8.07000,247.173,212.673,178.045,112.564,74.375,41.436,23.400,10.091
8.07333,247.237,212.734,178.251,112.526,74.474,41.417,23.423,10.067
8.07667,247.345,212.907,178.221,112.611,74.558,41.422,23.390,10.123
8.08000,247.524,212.904,178.314,112.649,74.573,41.401,23.363,10.118
8.08333,247.594,213.123,178.329,112.736,74.668,41.413,23.407,10.071
8.08667,247.732,213.097,178.495,112.735,74.664,41.498,23.432,10.118
8.09000,247.968,213.325,178.537,112.848,74.688,41.561,23.428,10.080
8.09333,247.902,213.353,178.621,112.833,74.711,41.508,23.403,10.108
8.09667,248.039,213.493,178.699,112.941,74.720,41.527,23.495,10.157
8.10000,248.141,213.566,178.758,112.951,74.801,41.576,23.487,10.107
8.10333,248.321,213.619,178.906,112.992,74.821,41.629,23.504,10.072
8.10667,248.417,213.741,179.018,112.994,74.858,41.654,23.546,10.149
8.11000,248.503,213.917,179.072,113.095,74.859,41.635,23.492,10.214
8.11333,248.636,213.938,179.112,113.203,74.945,41.682,23.521,10.167
8.11667,248.743,214.124,179.192,113.239,74.946,41.670,23.567,10.149
8.12000,248.932,214.172,179.294,113.331,75.043,41.665,23.595,10.082
8.12333,248.955,214.336,179.370,113.331,75.050,41.722,23.623,10.101
8.12667,249.101,214.375,179.498,113.409,75.139,41.751,23.530,10.198
8.13000,249.264,214.530,179.552,113.384,75.042,41.816,23.589,10.063
8.13333,249.339,214.536,179.641,113.502,75.171,41.726,23.570,10.139
8.13667,249.520,214.658,179.728,113.605,75.154,41.723,23.659,10.176
8.14000,249.573,214.788,179.772,113.571,75.253,41.805,23.587,10.122
8.14333,249.756,214.896,179.941,113.641,75.219,41.826,23.659,10.169
8.14667,249.815,214.971,179.960,113.660,75.286,41.875,23.623,10.221
8.15000,249.915,215.074,180.050,113.823,75.261,41.870,23.656,10.216
8.15333,250.055,215.159,180.083,113.783,75.270,41.933,23.670,10.212
8.15667,250.101,215.302,180.236,113.875,75.377,41.917,23.707,10.159
8.16000,250.255,215.353,180.304,113.916,75.388,41.892,23.783,10.177
8.16333,250.392,215.441,180.382,113.981,75.407,41.977,23.713,10.206
8.16667,250.497,215.610,180.475,114.096,75.482,41.903,23.694,10.203
8.17000,250.623,215.633,180.585,114.098,75.544,41.962,23.697,10.154
8.17333,250.763,215.830,180.642,114.084,75.554,41.950,23.724,10.223
8.17667,250.821,215.828,180.743,114.164,75.564,42.058,23.665,10.192
8.18000,250.956,215.982,180.836,114.283,75.627,41.991,23.774,10.219
8.18333,251.084,215.994,180.883,114.267,75.670,42.000,23.714,10.163
8.18667,251.215,216.169,181.011,114.305,75.655,42.080,23.757,10.210
8.19000,251.335,216.367,181.061,114.358,75.748,42.113,23.815,10.187
8.19333,251.410,216.374,181.216,114.444,75.769,42.179,23.789,10.225
8.19667,251.474,216.487,181.239,114.580,75.799,42.044,23.857,10.279
8.20000,251.723,216.601,181.328,114.621,75.867,42.123,23.815,10.233
8.20333,251.841,216.646,181.387,114.633,75.878,42.215,23.796,10.263
8.20667,251.887,216.778,181.491,114.710,75.912,42.191,23.778,10.160
8.21000,252.039,216.875,181.582,114.709,75.871,42.262,23.881,10.204
8.21333,252.160,217.014,181.661,114.802,75.980,42.246,23.906,10.245
8.21667,252.244,217.009,181.744,114.850,75.994,42.211,23.913,10.205
8.22000,252.385,217.210,181.812,114.867,76.030,42.279,23.850,10.313
8.22333,252.524,217.256,181.926,114.938,76.123,42.266,23.922,10.243
8.22667,252.574,217.449,182.049,114.977,76.100,42.280,23.885,10.337
8.23000,252.651,217.511,182.046,115.058,76.161,42.340,23.895,10.314
8.23333,252.823,217.623,182.163,115.036,76.180,42.295,23.935,10.249
8.23667,252.913,217.644,182.228,115.136,76.230,42.344,23.977,10.298
8.24000,253.019,217.752,182.283,115.181,76.330,42.374,23.930,10.291
8.24333,253.221,217.913,182.394,115.266,76.352,42.419,23.946,10.325
8.24667,253.303,218.003,182.568,115.302,76.331,42.411,23.913,10.317
8.25000,253.398,218.001,182.607,115.354,76.453,42.470,24.015,10.364
8.25333,253.617,218.154,182.697,115.448,76.409,42.432,23.972,10.268
8.25667,253.657,218.294,182.773,115.483,76.437,42.477,23.973,10.269
8.26000,253.848,218.350,182.852,115.524,76.458,42.518,23.996,10.356
8.26333,253.875,218.478,182.938,115.565,76.512,42.565,24.000,10.289
8.26667,253.995,218.570,183.056,115.599,76.561,42.498,23.969,10.333
8.27000,254.111,218.687,183.056,115.712,76.586,42.567,24.034,10.291
8.27333,254.225,218.834,183.190,115.705,76.623,42.624,24.044,10.341
8.27667,254.387,218.878,183.344,115.830,76.574,42.583,24.072,10.375
8.28000,254.500,218.952,183.365,115.839,76.674,42.588,24.072,10.376
8.28333,254.622,219.099,183.444,115.888,76.771,42.677,24.038,10.379
8.28667,254.702,219.138,183.549,116.019,76.787,42.678,24.062,10.455
8.29000,254.884,219.289,183.572,116.009,76.809,42.640,24.082,10.396
8.29333,254.968,219.372,183.678,116.100,76.866,42.728,24.113,10.311
8.29667,255.095,219.469,183.817,116.058,76.884,42.723,24.106,10.316
8.30000,255.197,219.563,183.879,116.164,76.944,42.687,24.131,10.349
8.30333,255.328,219.685,183.998,116.247,76.960,42.771,24.091,10.407
8.30667,255.473,219.819,184.072,116.244,77.006,42.793,24.180,10.409
8.31000,255.570,219.928,184.140,116.265,77.023,42.752,24.136,10.401
8.31333,255.705,219.943,184.227,116.372,77.052,42.794,24.247,10.358
8.31667,255.825,220.153,184.316,116.449,77.069,42.877,24.200,10.403
8.32000,255.884,220.158,184.430,116.403,77.158,42.883,24.275,10.438
8.32333,256.030,220.378,184.552,116.494,77.095,42.873,24.175,10.369
8.32667,256.151,220.426,184.582,116.605,77.140,42.881,24.152,10.417
8.33000,256.308,220.531,184.663,116.665,77.229,42.909,24.218,10.422
8.33333,256.438,220.662,184.761,116.667,77.271,42.931,24.250,10.378
8.33667,256.479,220.786,184.858,116.696,77.317,42.937,24.242,10.511
8.34000,256.702,220.911,184.915,116.792,77.329,42.974,24.263,10.361
8.34333,256.728,220.895,185.040,116.839,77.338,42.968,24.264,10.404
8.34667,256.891,221.011,185.143,116.904,77.433,43.001,24.287,10.434
8.35000,256.979,221.133,185.162,117.016,77.464,43.035,24.254,10.481
8.35333,257.133,221.240,185.313,116.989,77.442,43.158,24.327,10.461
8.35667,257.213,221.408,185.360,117.073,77.497,43.062,24.317,10.533
8.36000,257.328,221.472,185.428,117.146,77.543,43.067,24.359,10.446
8.36333,257.463,221.568,185.519,117.223,77.585,43.189,24.368,10.550
8.36667,257.598,221.667,185.616,117.300,77.655,43.161,24.304,10.493
8.37000,257.736,221.768,185.789,117.325,77.718,43.185,24.379,10.467
8.37333,257.841,221.854,185.802,117.291,77.756,43.241,24.312,10.492
8.37667,257.966,221.959,185.871,117.467,77.731,43.231,24.424,10.514
8.38000,258.075,222.116,185.980,117.507,77.769,43.238,24.409,10.562
8.38333,258.216,222.194,186.057,117.550,77.847,43.280,24.387,10.478
8.38667,258.337,222.291,186.184,117.607,77.812,43.284,24.398,10.530
8.39000,258.444,222.412,186.218,117.645,77.893,43.298,24.408,10.510
8.39333,258.528,222.442,186.342,117.696,77.944,43.318,24.365,10.496
8.39667,258.691,222.619,186.371,117.803,77.988,43.311,24.455,10.539
8.40000,258.822,222.688,186.506,117.730,78.034,43.342,24.480,10.563
8.40333,258.892,222.872,186.588,117.858,78.016,43.374,24.508,10.553
8.40667,259.081,222.829,186.681,117.936,78.113,43.375,24.502,10.545
8.41000,259.145,223.014,186.788,117.997,78.158,43.434,24.431,10.501
8.41333,259.337,223.117,186.834,118.054,78.162,43.402,24.499,10.564
8.41667,259.396,223.253,186.871,118.140,78.207,43.473,24.504,10.603
8.42000,259.559,223.306,186.999,118.037,78.202,43.465,24.506,10.565
8.42333,259.607,223.373,187.207,118.228,78.218,43.457,24.576,10.568
8.42667,259.739,223.560,187.215,118.221,78.353,43.507,24.519,10.665
8.43000,259.957,223.610,187.299,118.286,78.387,43.545,24.583,10.533
8.43333,260.074,223.750,187.397,118.352,78.359,43.539,24.554,10.584
8.43667,260.149,223.876,187.458,118.394,78.467,43.561,24.557,10.618
8.44000,260.241,224.013,187.557,118.483,78.428,43.637,24.653,10.599
8.44333,260.429,224.099,187.645,118.467,78.522,43.614,24.624,10.603
8.44667,260.469,224.134,187.706,118.575,78.526,43.623,24.555,10.597
8.45000,260.638,224.280,187.839,118.608,78.566,43.710,24.635,10.539
8.45333,260.745,224.326,187.940,118.693,78.541,43.698,24.701,10.609
8.45667,260.898,224.490,188.033,118.760,78.690,43.731,24.715,10.564
8.46000,260.923,224.551,188.106,118.812,78.661,43.681,24.645,10.630
8.46333,261.127,224.667,188.128,118.892,78.767,43.691,24.670,10.618
8.46667,261.234,224.822,188.282,118.885,78.732,43.772,24.708,10.673
8.47000,261.339,224.810,188.320,118.945,78.765,43.795,24.665,10.621
8.47333,261.531,225.018,188.492,119.079,78.825,43.726,24.765,10.595
8.47667,261.622,225.096,188.538,119.160,78.878,43.795,24.682,10.644
8.48000,261.672,225.178,188.613,119.131,78.902,43.824,24.726,10.634
8.48333,261.898,225.349,188.660,119.174,78.958,43.914,24.786,10.632
8.48667,262.010,225.418,188.745,119.223,78.942,43.931,24.706,10.680
8.49000,262.115,225.519,188.876,119.276,79.005,43.906,24.761,10.638
8.49333,262.204,225.699,188.944,119.354,79.069,43.894,24.803,10.659
8.49667,262.376,225.752,189.105,119.446,79.143,43.984,24.801,10.678
8.50000,262.424,225.843,189.178,119.525,79.096,43.948,24.781,10.695
8.50333,262.558,225.882,189.277,119.523,79.127,43.938,24.772,10.721
8.50667,262.718,226.038,189.352,119.591,79.167,43.941,24.844,10.686
8.51000,262.832,226.108,189.461,119.623,79.232,44.042,24.793,10.719
8.51333,262.921,226.287,189.482,119.699,79.225,44.032,24.793,10.685
8.51667,263.024,226.396,189.587,119.752,79.331,44.080,24.867,10.722
8.52000,263.243,226.481,189.645,119.767,79.314,44.048,24.926,10.698
8.52333,263.381,226.568,189.760,119.785,79.339,44.089,24.870,10.702
8.52667,263.487,226.713,189.864,119.920,79.413,44.118,24.829,10.717
8.53000,263.530,226.833,189.889,119.981,79.432,44.119,24.924,10.685
8.53333,263.684,226.917,190.093,119.977,79.418,44.186,24.902,10.770
8.53667,263.768,226.997,190.169,120.061,79.539,44.202,24.893,10.719
8.54000,263.990,227.130,190.244,120.137,79.599,44.220,24.899,10.738
8.54333,264.086,227.163,190.296,120.157,79.584,44.204,24.970,10.718
8.54667,264.247,227.282,190.426,120.268,79.630,44.237,24.900,10.799
8.55000,264.315,227.424,190.519,120.287,79.692,44.284,24.954,10.701
8.55333,264.453,227.507,190.533,120.396,79.729,44.270,24.899,10.771
8.55667,264.635,227.651,190.646,120.442,79.764,44.311,24.948,10.762
8.56000,264.718,227.724,190.710,120.462,79.773,44.371,24.978,10.769
8.56333,264.816,227.846,190.877,120.496,79.772,44.313,25.049,10.790
8.56667,265.024,227.914,190.973,120.480,79.835,44.340,25.072,10.777
8.57000,265.054,228.074,191.016,120.619,79.934,44.370,24.990,10.749
8.57333,265.170,228.139,191.132,120.714,79.948,44.378,25.048,10.781
8.57667,265.293,228.239,191.236,120.677,79.975,44.370,25.073,10.839
8.58000,265.391,228.330,191.319,120.804,79.949,44.476,25.045,10.859
8.58333,265.577,228.432,191.394,120.833,80.064,44.536,25.125,10.818
8.58667,265.646,228.625,191.466,120.925,80.039,44.532,25.044,10.810
8.59000,265.792,228.707,191.526,120.978,80.155,44.471,25.112,10.792
8.59333,265.878,228.826,191.629,121.074,80.253,44.536,25.125,10.823
8.59667,266.078,228.941,191.778,121.070,80.160,44.542,25.097,10.861
8.60000,266.198,228.992,191.800,121.175,80.203,44.573,25.139,10.837
8.60333,266.379,229.076,191.925,121.225,80.283,44.579,25.138,10.772
8.60667,266.464,229.262,191.933,121.271,80.294,44.675,25.216,10.830
8.61000,266.495,229.366,192.098,121.403,80.354,44.648,25.231,10.874
8.61333,266.715,229.462,192.214,121.336,80.451,44.665,25.155,10.819
8.61667,266.777,229.542,192.288,121.400,80.489,44.733,25.216,10.845
8.62000,266.926,229.656,192.392,121.458,80.464,44.637,25.261,10.872
8.62333,266.964,229.769,192.502,121.559,80.564,44.645,25.234,10.873
8.62667,267.168,229.886,192.539,121.553,80.543,44.781,25.282,10.885
8.63000,267.282,229.965,192.648,121.647,80.611,44.728,25.200,10.841
8.63333,267.420,230.102,192.754,121.702,80.615,44.780,25.268,10.888
8.63667,267.469,230.187,192.833,121.788,80.642,44.805,25.300,10.894
8.64000,267.684,230.343,192.897,121.796,80.663,44.760,25.287,10.865
8.64333,267.716,230.364,192.947,121.800,80.738,44.885,25.303,10.837
8.64667,267.941,230.549,193.041,121.952,80.787,44.834,25.260,10.868
8.65000,268.004,230.688,193.199,121.928,80.810,44.875,25.308,10.925
8.65333,268.194,230.661,193.237,122.061,80.844,44.935,25.303,10.952
8.65667,268.295,230.811,193.354,122.166,80.846,44.981,25.305,10.922
8.66000,268.382,230.893,193.465,122.174,80.937,44.978,25.354,10.916
8.66333,268.574,231.035,193.558,122.196,80.986,44.963,25.396,10.895
8.66667,268.668,231.147,193.686,122.258,80.962,44.984,25.337,10.951
8.67000,268.803,231.173,193.701,122.308,81.035,45.000,25.447,10.886
8.67333,268.923,231.326,193.815,122.345,81.042,45.044,25.385,10.964
8.67667,269.028,231.420,193.865,122.403,81.068,45.038,25.422,10.887
8.68000,269.162,231.503,193.943,122.502,81.164,45.029,25.423,10.915
8.68333,269.270,231.660,194.062,122.528,81.180,45.097,25.416,10.975
8.68667,269.364,231.784,194.127,122.625,81.230,45.177,25.399,10.952
8.69000,269.505,231.918,194.234,122.728,81.252,45.127,25.420,10.958
8.69333,269.626,232.023,194.338,122.707,81.307,45.102,25.429,10.983
8.69667,269.829,232.011,194.428,122.769,81.361,45.159,25.478,10.964
8.70000,269.907,232.228,194.569,122.865,81.403,45.248,25.533,11.000
8.70333,270.017,232.343,194.689,122.924,81.374,45.280,25.523,10.961
8.70667,270.132,232.456,194.690,122.950,81.460,45.213,25.528,10.924
8.71000,270.260,232.544,194.856,123.076,81.537,45.236,25.534,10.999
8.71333,270.439,232.687,194.835,123.068,81.487,45.268,25.519,11.028
8.71667,270.581,232.659,195.012,123.117,81.474,45.303,25.545,10.944
8.72000,270.645,232.859,195.090,123.197,81.616,45.292,25.530,11.002
8.72333,270.805,232.974,195.186,123.262,81.655,45.302,25.563,11.002
8.72667,270.895,232.999,195.270,123.354,81.718,45.358,25.573,11.000
8.73000,271.007,233.190,195.376,123.404,81.718,45.362,25.544,11.018
8.73333,271.119,233.307,195.406,123.422,81.719,45.337,25.581,11.093
8.73667,271.306,233.370,195.488,123.545,81.780,45.374,25.616,11.070
8.74000,271.426,233.457,195.591,123.488,81.820,45.452,25.629,11.064
8.74333,271.513,233.641,195.683,123.497,81.836,45.494,25.661,11.051
8.74667,271.681,233.704,195.833,123.578,81.932,45.496,25.659,11.080
8.75000,271.715,233.817,195.960,123.668,81.964,45.449,25.581,11.023
8.75333,271.909,233.951,195.989,123.746,81.941,45.548,25.624,11.127
8.75667,272.050,234.017,196.082,123.891,81.990,45.569,25.663,11.079
8.76000,272.151,234.125,196.137,123.825,82.085,45.578,25.634,11.028
8.76333,272.292,234.240,196.241,123.894,82.128,45.599,25.713,11.057
8.76667,272.433,234.341,196.309,123.949,82.106,45.621,25.707,11.078
8.77000,272.577,234.463,196.390,124.004,82.168,45.666,25.673,11.107
8.77333,272.599,234.601,196.537,124.135,82.222,45.650,25.697,11.121
8.77667,272.808,234.691,196.605,124.255,82.352,45.660,25.687,11.143
8.78000,272.911,234.804,196.711,124.181,82.332,45.725,25.809,11.099
8.78333,273.070,234.908,196.798,124.251,82.376,45.727,25.732,11.100
8.78667,273.173,234.998,196.882,124.369,82.360,45.689,25.742,11.184
8.79000,273.265,235.114,197.037,124.389,82.384,45.789,25.796,11.115
8.79333,273.386,235.184,197.117,124.444,82.485,45.733,25.792,11.110
8.79667,273.519,235.333,197.097,124.513,82.480,45.795,25.807,11.068
8.80000,273.688,235.451,197.267,124.512,82.522,45.738,25.781,11.137
8.80333,273.830,235.523,197.315,124.591,82.615,45.959,25.870,11.126
8.80667,273.901,235.595,197.475,124.713,82.547,45.916,25.838,11.162
8.81000,273.973,235.755,197.544,124.679,82.632,45.904,25.891,11.217
8.81333,274.131,235.834,197.623,124.768,82.685,45.845,25.887,11.187
8.81667,274.266,236.003,197.731,124.823,82.670,45.927,25.905,11.088
8.82000,274.424,236.066,197.812,124.851,82.762,45.927,25.868,11.166
8.82333,274.544,236.170,197.879,124.944,82.776,45.995,25.949,11.059
8.82667,274.633,236.313,197.964,125.007,82.809,45.992,25.983,11.212
8.83000,274.784,236.411,198.059,125.035,82.898,46.057,25.927,11.238
8.83333,274.944,236.489,198.108,125.108,82.908,46.095,25.919,11.198
8.83667,274.986,236.620,198.210,125.170,82.941,46.036,26.007,11.243
8.84000,275.149,236.777,198.361,125.242,82.954,46.055,25.984,11.183
8.84333,275.277,236.842,198.452,125.306,83.116,46.172,25.986,11.147
8.84667,275.403,236.950,198.547,125.324,83.156,46.142,25.984,11.218
8.85000,275.593,237.036,198.625,125.372,83.072,46.131,26.048,11.214
8.85333,275.644,237.177,198.671,125.486,83.097,46.179,26.001,11.201
8.85667,275.817,237.245,198.761,125.519,83.164,46.117,26.105,11.206
8.86000,275.935,237.388,198.856,125.657,83.243,46.183,25.998,11.199
8.86333,275.998,237.469,198.973,125.650,83.226,46.275,26.065,11.193
8.86667,276.149,237.545,199.071,125.623,83.271,46.233,26.057,11.232
8.87000,276.362,237.741,199.161,125.735,83.329,46.271,26.039,11.264
8.87333,276.398,237.775,199.276,125.801,83.329,46.262,25.986,11.260
8.87667,276.491,237.991,199.315,125.842,83.489,46.314,26.083,11.298
8.88000,276.654,237.956,199.449,125.932,83.398,46.362,26.081,11.290
8.88333,276.764,238.091,199.517,125.908,83.413,46.348,26.106,11.271
8.88667,276.871,238.243,199.596,125.979,83.508,46.343,26.096,11.242
8.89000,277.075,238.366,199.659,126.014,83.555,46.459,26.097,11.263
8.89333,277.191,238.395,199.792,126.132,83.540,46.381,26.187,11.191
8.89667,277.291,238.513,199.907,126.243,83.636,46.475,26.180,11.321
8.90000,277.441,238.580,199.923,126.247,83.650,46.470,26.110,11.295
8.90333,277.494,238.759,200.143,126.325,83.657,46.443,26.158,11.241
8.90667,277.673,238.794,200.089,126.388,83.771,46.467,26.142,11.259
8.91000,277.786,239.005,200.239,126.455,83.745,46.510,26.214,11.297
8.91333,277.840,239.061,200.344,126.480,83.819,46.629,26.152,11.248
8.91667,278.102,239.188,200.429,126.548,83.811,46.529,26.217,11.339
8.92000,278.153,239.232,200.489,126.636,83.894,46.610,26.206,11.286
8.92333,278.243,239.378,200.644,126.649,83.912,46.645,26.278,11.325
8.92667,278.352,239.523,200.701,126.677,83.972,46.654,26.276,11.348
8.93000,278.533,239.612,200.797,126.758,84.055,46.655,26.247,11.380
8.93333,278.667,239.723,200.901,126.779,84.067,46.645,26.275,11.308
8.93667,278.828,239.809,200.929,126.870,84.087,46.658,26.302,11.347
8.94000,278.964,239.907,201.079,126.930,84.147,46.676,26.256,11.339
8.94333,279.048,240.058,201.192,126.981,84.144,46.835,26.345,11.354
8.94667,279.176,240.071,201.281,127.082,84.156,46.748,26.344,11.331
8.95000,279.286,240.258,201.333,127.090,84.296,46.761,26.270,11.367
8.95333,279.391,240.318,201.432,127.168,84.239,46.809,26.316,11.329
8.95667,279.500,240.511,201.497,127.133,84.287,46.758,26.295,11.387
8.96000,279.647,240.521,201.582,127.271,84.333,46.817,26.334,11.384
8.96333,279.882,240.676,201.650,127.319,84.393,46.827,26.408,11.317
8.96667,279.919,240.781,201.772,127.376,84.450,46.850,26.370,11.388
8.97000,280.028,240.901,201.866,127.471,84.440,46.930,26.423,11.404
8.97333,280.123,241.022,201.991,127.499,84.500,46.888,26.430,11.394
8.97667,280.277,241.090,202.008,127.599,84.465,46.945,26.450,11.414
8.98000,280.492,241.150,202.105,127.603,84.525,47.019,26.398,11.429
8.98333,280.501,241.305,202.171,127.681,84.555,47.025,26.448,11.459
8.98667,280.615,241.363,202.297,127.691,84.613,47.048,26.523,11.390
8.99000,280.815,241.543,202.410,127.800,84.635,47.046,26.467,11.377
8.99333,280.886,241.683,202.485,127.902,84.718,47.045,26.465,11.419
8.99667,281.037,241.689,202.552,127.856,84.695,47.022,26.498,11.427
9.00000,281.139,241.812,202.680,127.976,84.804,47.089,26.493,11.421
9.00333,281.254,241.890,202.703,128.030,84.838,47.100,26.452,11.491
9.00667,281.361,242.056,202.832,128.122,84.876,47.174,26.523,11.426
9.01000,281.499,242.210,202.941,128.127,84.873,47.138,26.449,11.453
9.01333,281.650,242.279,203.100,128.168,84.976,47.192,26.594,11.453
9.01667,281.727,242.379,203.090,128.292,84.976,47.114,26.504,11.442
9.02000,281.854,242.488,203.206,128.272,85.041,47.211,26.599,11.491
9.02333,282.023,242.653,203.304,128.360,85.065,47.257,26.561,11.440
9.02667,282.192,242.733,203.336,128.382,85.087,47.290,26.588,11.447
9.03000,282.240,242.827,203.463,128.505,85.151,47.237,26.665,11.498
9.03333,282.443,242.849,203.603,128.591,85.135,47.329,26.613,11.459
9.03667,282.436,243.043,203.681,128.591,85.211,47.310,26.666,11.525
9.04000,282.613,243.066,203.754,128.637,85.187,47.319,26.642,11.429
9.04333,282.788,243.240,203.895,128.711,85.270,47.326,26.603,11.517
9.04667,282.847,243.359,203.927,128.657,85.330,47.401,26.672,11.479
9.05000,283.091,243.453,203.996,128.724,85.431,47.396,26.648,11.470
9.05333,283.101,243.532,204.063,128.858,85.420,47.298,26.745,11.495
9.05667,283.276,243.624,204.178,128.913,85.424,47.465,26.684,11.504
9.06000,283.438,243.760,204.298,128.959,85.457,47.512,26.700,11.541
9.06333,283.426,243.900,204.384,128.998,85.529,47.418,26.728,11.511
9.06667,283.631,244.022,204.421,129.039,85.510,47.510,26.725,11.550
9.07000,283.764,244.104,204.578,129.168,85.516,47.482,26.717,11.550
9.07333,283.884,244.169,204.634,129.234,85.612,47.518,26.786,11.569
9.07667,284.002,244.306,204.754,129.237,85.616,47.628,26.788,11.516
9.08000,284.092,244.396,204.815,129.276,85.674,47.523,26.764,11.558
9.08333,284.221,244.502,204.829,129.239,85.650,47.563,26.791,11.510
9.08667,284.397,244.597,204.966,129.447,85.774,47.584,26.792,11.563
9.09000,284.532,244.721,205.061,129.443,85.793,47.679,26.767,11.583
9.09333,284.575,244.812,205.222,129.548,85.858,47.583,26.834,11.606
9.09667,284.785,244.973,205.246,129.599,85.907,47.673,26.793,11.544
9.10000,284.791,245.080,205.361,129.635,85.932,47.673,26.854,11.621
9.10333,284.982,245.199,205.485,129.753,85.873,47.722,26.830,11.524
9.10667,285.078,245.270,205.559,129.710,85.999,47.801,26.902,11.602
9.11000,285.173,245.359,205.641,129.831,86.074,47.691,26.881,11.639
9.11333,285.339,245.475,205.659,129.866,86.025,47.795,26.891,11.622
9.11667,285.493,245.596,205.829,129.932,86.109,47.848,26.889,11.537
9.12000,285.577,245.637,205.823,129.949,86.119,47.779,26.914,11.591
9.12333,285.707,245.661,206.034,130.023,86.166,47.803,26.921,11.624
9.12667,285.792,245.855,206.002,130.069,86.182,47.916,26.922,11.578
9.13000,286.006,245.958,206.096,130.122,86.181,47.852,26.913,11.601
9.13333,286.017,246.095,206.248,130.156,86.284,47.924,26.934,11.650
9.13667,286.255,246.165,206.269,130.273,86.342,47.944,26.960,11.645
9.14000,286.298,246.279,206.418,130.284,86.332,47.947,26.974,11.648
9.14333,286.430,246.424,206.518,130.280,86.379,47.987,27.036,11.660
9.14667,286.513,246.540,206.597,130.392,86.458,48.010,26.985,11.650
9.15000,286.625,246.564,206.690,130.444,86.471,48.002,26.998,11.668
9.15333,286.811,246.717,206.705,130.467,86.548,48.049,27.032,11.602
9.15667,286.893,246.777,206.914,130.557,86.549,48.069,27.102,11.608
9.16000,287.056,246.918,206.936,130.619,86.593,48.054,27.054,11.723
9.16333,287.149,246.978,207.109,130.724,86.577,48.073,26.999,11.688
9.16667,287.331,247.084,207.126,130.736,86.689,48.118,27.043,11.696
9.17000,287.456,247.287,207.212,130.752,86.697,48.094,27.091,11.684
9.17333,287.538,247.347,207.266,130.879,86.764,48.161,27.118,11.689
9.17667,287.587,247.400,207.374,130.986,86.792,48.177,27.095,11.724
9.18000,287.819,247.558,207.473,130.951,86.758,48.158,27.102,11.731
9.18333,287.883,247.607,207.635,131.030,86.849,48.207,27.132,11.699
9.18667,288.016,247.723,207.704,131.035,86.848,48.220,27.143,11.722
9.19000,288.146,247.896,207.719,131.095,86.918,48.299,27.106,11.670
9.19333,288.281,247.996,207.803,131.156,86.977,48.272,27.136,11.703
9.19667,288.366,247.989,207.931,131.274,87.044,48.258,27.165,11.767
9.20000,288.479,248.131,208.026,131.260,87.040,48.343,27.173,11.754
9.20333,288.575,248.297,208.093,131.364,87.127,48.379,27.185,11.716
9.20667,288.733,248.339,208.154,131.417,87.091,48.352,27.207,11.777
9.21000,288.860,248.468,208.227,131.455,87.149,48.419,27.236,11.812
9.21333,288.985,248.528,208.335,131.524,87.153,48.300,27.190,11.742
9.21667,289.112,248.611,208.457,131.546,87.253,48.387,27.237,11.759
9.22000,289.185,248.766,208.527,131.623,87.199,48.443,27.225,11.822
9.22333,289.296,248.826,208.676,131.586,87.266,48.487,27.195,11.827
9.22667,289.472,249.027,208.705,131.782,87.300,48.521,27.252,11.726
9.23000,289.533,249.093,208.758,131.808,87.343,48.507,27.254,11.762
9.23333,289.725,249.167,208.896,131.841,87.405,48.503,27.293,11.783
9.23667,289.800,249.305,208.969,131.963,87.416,48.493,27.297,11.751
9.24000,289.944,249.373,209.012,131.950,87.455,48.636,27.259,11.797
9.24333,290.045,249.457,209.142,131.985,87.525,48.588,27.325,11.835
9.24667,290.143,249.611,209.223,132.049,87.593,48.618,27.289,11.928
9.25000,290.394,249.665,209.369,132.149,87.619,48.575,27.298,11.717
9.25333,290.392,249.832,209.355,132.171,87.571,48.659,27.321,11.790
9.25667,290.560,249.852,209.491,132.182,87.636,48.678,27.338,11.806
9.26000,290.681,250.001,209.517,132.297,87.731,48.656,27.348,11.837
9.26333,290.779,250.114,209.636,132.276,87.745,48.679,27.343,11.825
9.26667,290.842,250.211,209.705,132.389,87.765,48.711,27.376,11.848
9.27000,291.028,250.267,209.820,132.415,87.778,48.670,27.398,11.831
9.27333,291.122,250.351,209.816,132.503,87.838,48.740,27.447,11.892
9.27667,291.182,250.513,209.999,132.602,87.797,48.781,27.457,11.835
9.28000,291.326,250.706,210.074,132.623,87.914,48.904,27.454,11.843
9.28333,291.456,250.740,210.173,132.685,87.977,48.779,27.443,11.847
9.28667,291.607,250.831,210.290,132.719,87.977,48.813,27.461,11.854
9.29000,291.807,250.926,210.349,132.737,88.027,48.893,27.479,11.872
9.29333,291.856,251.029,210.397,132.812,87.987,48.936,27.509,11.851
9.29667,292.023,251.208,210.489,132.789,88.100,48.833,27.540,11.840
9.30000,292.067,251.211,210.618,132.922,88.107,48.917,27.504,11.845
9.30333,292.261,251.338,210.671,133.014,88.121,48.945,27.576,11.912
9.30667,292.390,251.431,210.805,133.049,88.171,48.981,27.542,11.874
9.31000,292.454,251.569,210.835,133.099,88.233,48.996,27.585,11.880
9.31333,292.596,251.632,210.954,133.107,88.250,48.998,27.495,11.918
9.31667,292.713,251.762,211.036,133.137,88.293,49.046,27.594,11.923
9.32000,292.762,251.812,211.082,133.262,88.343,49.024,27.554,11.938
9.32333,292.882,251.912,211.151,133.310,88.360,49.093,27.542,11.941
9.32667,293.029,252.019,211.231,133.379,88.384,49.111,27.596,11.864
9.33000,293.199,252.129,211.360,133.424,88.486,49.164,27.652,11.943
9.33333,293.256,252.246,211.418,133.486,88.487,49.059,27.599,11.931
9.33667,293.411,252.373,211.500,133.568,88.515,49.138,27.671,11.943
9.34000,293.504,252.461,211.611,133.561,88.545,49.142,27.631,11.931
9.34333,293.583,252.497,211.706,133.664,88.633,49.194,27.568,11.944
9.34667,293.756,252.682,211.774,133.640,88.666,49.216,27.624,11.978
9.35000,293.898,252.744,211.909,133.770,88.656,49.240,27.683,11.900
9.35333,294.012,252.887,211.961,133.714,88.691,49.250,27.707,11.957
9.35667,294.052,253.000,212.101,133.808,88.747,49.280,27.662,11.981
9.36000,294.207,253.068,212.089,133.914,88.743,49.236,27.699,11.931
9.36333,294.325,253.218,212.183,133.922,88.801,49.237,27.721,12.017
9.36667,294.418,253.266,212.250,133.938,88.795,49.273,27.700,11.980
9.37000,294.569,253.369,212.362,134.089,88.838,49.282,27.705,11.996
9.37333,294.632,253.459,212.466,134.081,88.894,49.357,27.763,11.955
9.37667,294.816,253.496,212.603,134.207,88.927,49.377,27.721,12.072
9.38000,294.836,253.584,212.655,134.246,89.019,49.380,27.758,11.976
9.38333,295.072,253.739,212.728,134.279,88.981,49.469,27.801,12.007
9.38667,295.137,253.959,212.789,134.325,89.021,49.435,27.751,11.955
9.39000,295.273,254.050,212.901,134.333,89.054,49.399,27.758,12.063
9.39333,295.373,254.024,212.911,134.406,89.099,49.432,27.846,12.016
9.39667,295.414,254.107,213.051,134.474,89.095,49.469,27.787,12.034
9.40000,295.544,254.234,213.117,134.583,89.236,49.476,27.827,12.052
9.40333,295.695,254.378,213.241,134.560,89.223,49.501,27.809,12.070
9.40667,295.833,254.426,213.222,134.598,89.217,49.502,27.879,12.060
9.41000,295.894,254.470,213.352,134.606,89.308,49.538,27.834,12.006
9.41333,296.046,254.620,213.428,134.756,89.297,49.621,27.898,12.054
9.41667,296.167,254.734,213.552,134.815,89.346,49.609,27.840,12.065
9.42000,296.213,254.804,213.583,134.801,89.354,49.609,27.934,12.049
9.42333,296.399,254.882,213.680,134.865,89.355,49.632,27.880,11.991
9.42667,296.453,254.991,213.787,134.949,89.515,49.675,27.916,12.064
9.43000,296.681,255.053,213.902,134.993,89.462,49.630,27.895,12.034
9.43333,296.760,255.211,213.955,135.037,89.532,49.651,27.959,12.029
9.43667,296.832,255.374,214.008,135.055,89.524,49.694,27.907,12.026
9.44000,296.956,255.392,214.145,135.103,89.601,49.685,27.969,12.097
9.44333,297.002,255.472,214.189,135.225,89.622,49.685,27.937,12.027
9.44667,297.222,255.595,214.278,135.241,89.653,49.732,27.983,12.113
9.45000,297.278,255.697,214.361,135.270,89.743,49.765,28.039,12.099
9.45333,297.341,255.847,214.479,135.319,89.709,49.829,27.935,12.155
9.45667,297.561,255.873,214.544,135.407,89.794,49.777,27.997,12.141
9.46000,297.592,256.017,214.612,135.460,89.789,49.841,28.034,12.089
9.46333,297.760,256.038,214.689,135.557,89.817,49.785,28.019,12.074
9.46667,297.857,256.213,214.746,135.564,89.853,49.901,28.027,12.100
9.47000,298.005,256.342,214.864,135.637,89.938,49.836,28.013,12.154
9.47333,298.082,256.379,214.950,135.642,89.961,49.952,27.997,12.134
9.47667,298.176,256.349,215.020,135.709,89.980,49.944,28.041,12.069
9.48000,298.345,256.585,215.075,135.793,89.984,49.918,28.058,12.108
9.48333,298.454,256.593,215.151,135.828,90.002,49.960,28.073,12.129
9.48667,298.456,256.737,215.282,135.882,90.075,50.020,28.074,12.140
9.49000,298.583,256.843,215.346,135.933,90.166,49.956,28.091,12.080
9.49333,298.733,256.961,215.468,136.019,90.147,49.971,28.102,12.182
9.49667,298.880,256.954,215.466,136.020,90.225,50.082,28.124,12.144
9.50000,298.966,257.172,215.614,136.056,90.217,50.067,28.135,12.159
9.50333,299.003,257.240,215.758,136.100,90.259,50.131,28.127,12.220
9.50667,299.173,257.367,215.753,136.156,90.240,50.117,28.130,12.167
9.51000,299.284,257.441,215.757,136.261,90.354,50.147,28.154,12.188
9.51333,299.370,257.530,215.934,136.287,90.377,50.129,28.168,12.197
9.51667,299.554,257.561,215.977,136.297,90.390,50.156,28.138,12.185
9.52000,299.583,257.711,216.030,136.368,90.475,50.195,28.111,12.145
9.52333,299.720,257.759,216.122,136.413,90.489,50.182,28.248,12.249
9.52667,299.863,257.861,216.199,136.463,90.505,50.178,28.222,12.177
9.53000,299.989,257.985,216.384,136.530,90.507,50.289,28.252,12.126
9.53333,300.117,258.143,216.347,136.542,90.511,50.225,28.233,12.188
9.53667,300.203,258.183,216.470,136.590,90.609,50.266,28.298,12.174
9.54000,300.264,258.241,216.532,136.710,90.667,50.288,28.240,12.211
9.54333,300.379,258.422,216.680,136.726,90.656,50.338,28.307,12.211
9.54667,300.513,258.411,216.631,136.724,90.676,50.272,28.326,12.220
9.55000,300.660,258.607,216.792,136.851,90.690,50.299,28.315,12.191
9.55333,300.687,258.645,216.825,136.831,90.721,50.366,28.335,12.288
9.55667,300.865,258.767,216.889,136.933,90.738,50.412,28.234,12.225
9.56000,300.973,258.858,217.016,136.981,90.827,50.410,28.368,12.277
9.56333,301.039,258.893,217.133,137.066,90.884,50.391,28.294,12.282
9.56667,301.148,259.006,217.178,137.019,90.905,50.419,28.323,12.165
9.57000,301.308,259.143,217.280,137.161,90.828,50.500,28.319,12.227
9.57333,301.391,259.183,217.305,137.140,90.904,50.429,28.370,12.288
9.57667,301.486,259.322,217.390,137.221,90.941,50.466,28.324,12.264
9.58000,301.612,259.357,217.452,137.207,91.017,50.484,28.358,12.243
9.58333,301.723,259.497,217.568,137.296,91.059,50.538,28.399,12.268
9.58667,301.852,259.546,217.640,137.405,91.107,50.477,28.378,12.298
9.59000,301.957,259.666,217.696,137.317,91.098,50.574,28.412,12.343
9.59333,302.037,259.707,217.829,137.458,91.190,50.570,28.343,12.288
9.59667,302.138,259.813,217.885,137.478,91.126,50.666,28.382,12.303
9.60000,302.168,259.936,217.948,137.535,91.257,50.607,28.394,12.238
9.60333,302.316,259.986,218.027,137.582,91.209,50.605,28.447,12.293
9.60667,302.433,260.063,218.086,137.665,91.252,50.597,28.344,12.241
9.61000,302.532,260.196,218.156,137.676,91.282,50.658,28.471,12.265
9.61333,302.687,260.373,218.238,137.750,91.357,50.704,28.533,12.309
9.61667,302.797,260.403,218.331,137.829,91.419,50.612,28.510,12.319
9.62000,302.868,260.512,218.409,137.899,91.398,50.776,28.506,12.304
9.62333,302.982,260.514,218.471,137.873,91.464,50.749,28.482,12.337
9.62667,303.108,260.722,218.561,137.908,91.475,50.782,28.520,12.390
9.63000,303.190,260.758,218.665,137.975,91.513,50.765,28.523,12.354
9.63333,303.296,260.922,218.676,138.126,91.423,50.776,28.468,12.359
9.63667,303.400,260.940,218.734,138.071,91.623,50.819,28.572,12.344
9.64000,303.535,261.063,218.947,138.152,91.572,50.773,28.549,12.325
9.64333,303.676,261.125,218.987,138.125,91.638,50.863,28.557,12.369
9.64667,303.738,261.250,219.081,138.172,91.670,50.834,28.587,12.340
9.65000,303.776,261.313,219.122,138.298,91.702,50.899,28.554,12.364
9.65333,303.971,261.411,219.169,138.218,91.684,50.907,28.590,12.435
9.65667,304.030,261.549,219.260,138.389,91.766,50.912,28.633,12.343
9.66000,304.199,261.586,219.345,138.335,91.725,50.906,28.538,12.419
9.66333,304.208,261.684,219.416,138.409,91.800,51.004,28.580,12.410
9.66667,304.336,261.768,219.497,138.515,91.827,50.985,28.612,12.376
9.67000,304.495,261.848,219.491,138.490,91.890,51.018,28.599,12.378
9.67333,304.603,261.914,219.628,138.554,91.895,51.026,28.583,12.399
9.67667,304.667,262.054,219.757,138.692,91.887,51.014,28.660,12.409
9.68000,304.708,262.037,219.779,138.720,92.052,51.099,28.623,12.304
9.68333,304.897,262.134,219.858,138.783,92.050,51.089,28.692,12.416
9.68667,304.934,262.329,219.966,138.767,92.076,51.062,28.644,12.464
9.69000,305.038,262.359,220.021,138.891,92.005,51.088,28.742,12.442
9.69333,305.193,262.503,220.103,138.958,92.088,51.105,28.682,12.467
9.69667,305.246,262.556,220.171,138.922,92.102,51.154,28.678,12.408
9.70000,305.357,262.689,220.201,138.972,92.139,51.202,28.654,12.410
9.70333,305.383,262.710,220.226,139.016,92.210,51.227,28.729,12.427
9.70667,305.605,262.785,220.336,139.018,92.126,51.155,28.730,12.451
9.71000,305.693,262.824,220.440,139.090,92.268,51.180,28.841,12.374
9.71333,305.812,262.980,220.447,139.131,92.317,51.222,28.799,12.421
9.71667,305.937,263.044,220.527,139.234,92.286,51.290,28.772,12.361
9.72000,305.949,263.113,220.669,139.256,92.327,51.228,28.765,12.483
9.72333,306.093,263.236,220.731,139.340,92.419,51.219,28.725,12.455
9.72667,306.161,263.324,220.791,139.344,92.395,51.208,28.784,12.403
9.73000,306.276,263.449,220.924,139.388,92.470,51.320,28.777,12.440
9.73333,306.384,263.510,220.973,139.498,92.486,51.345,28.817,12.471
9.73667,306.493,263.613,221.013,139.472,92.589,51.274,28.819,12.509
9.74000,306.532,263.671,221.191,139.566,92.544,51.367,28.825,12.491
9.74333,306.753,263.718,221.127,139.566,92.567,51.378,28.894,12.463
9.74667,306.865,263.918,221.253,139.546,92.605,51.387,28.879,12.510
9.75000,306.910,263.937,221.333,139.640,92.622,51.366,28.913,12.411
9.75333,307.005,264.050,221.387,139.694,92.617,51.437,28.835,12.455
9.75667,307.071,264.163,221.532,139.778,92.645,51.417,28.855,12.482
9.76000,307.208,264.183,221.525,139.816,92.766,51.421,28.854,12.541
9.76333,307.292,264.245,221.569,139.921,92.750,51.459,28.964,12.513
9.76667,307.360,264.314,221.700,139.906,92.780,51.500,28.927,12.532
9.77000,307.505,264.481,221.692,139.935,92.830,51.529,28.900,12.573
9.77333,307.636,264.519,221.855,140.024,92.863,51.594,28.895,12.479
9.77667,307.698,264.581,221.915,140.004,92.875,51.494,28.941,12.467
9.78000,307.775,264.611,221.979,140.060,92.897,51.527,28.914,12.522
9.78333,307.917,264.813,222.037,140.120,92.952,51.525,28.942,12.511
9.78667,308.034,264.903,222.155,140.154,92.965,51.631,28.975,12.512
9.79000,308.034,264.900,222.183,140.254,92.961,51.668,28.911,12.544
9.79333,308.182,265.117,222.223,140.305,93.068,51.597,28.994,12.514
9.79667,308.293,265.140,222.289,140.272,93.030,51.639,28.934,12.563
9.80000,308.424,265.249,222.403,140.324,93.063,51.591,29.011,12.554
9.80333,308.432,265.269,222.444,140.393,93.107,51.645,29.059,12.563
9.80667,308.503,265.298,222.533,140.442,93.203,51.711,28.952,12.589
9.81000,308.647,265.512,222.651,140.501,93.168,51.771,29.050,12.588
9.81333,308.754,265.543,222.678,140.530,93.142,51.736,29.040,12.588
9.81667,308.800,265.587,222.765,140.626,93.209,51.732,29.045,12.596
9.82000,308.930,265.723,222.782,140.649,93.260,51.795,29.049,12.566
9.82333,309.064,265.784,222.901,140.600,93.262,51.808,29.101,12.618
9.82667,309.161,265.839,222.941,140.706,93.269,51.818,29.119,12.548
9.83000,309.245,265.937,223.018,140.777,93.326,51.759,29.064,12.580
9.83333,309.382,266.083,223.104,140.741,93.347,51.823,29.112,12.586
9.83667,309.488,266.100,223.100,140.796,93.364,51.765,29.083,12.579
9.84000,309.587,266.150,223.257,140.849,93.419,51.847,29.023,12.596
9.84333,309.654,266.343,223.343,140.909,93.452,51.781,29.045,12.566
9.84667,309.678,266.366,223.359,140.978,93.482,51.880,29.176,12.576
9.85000,309.805,266.498,223.439,141.037,93.608,51.930,29.127,12.581
9.85333,309.876,266.537,223.477,141.055,93.540,51.865,29.105,12.573
9.85667,310.028,266.631,223.614,141.127,93.569,51.919,29.168,12.617
9.86000,310.114,266.673,223.647,141.086,93.613,51.867,29.170,12.643
9.86333,310.182,266.708,223.728,141.203,93.558,51.967,29.172,12.618
9.86667,310.297,266.889,223.772,141.176,93.657,51.966,29.187,12.645
9.87000,310.355,266.912,223.855,141.231,93.683,51.948,29.197,12.572
9.87333,310.382,266.997,223.929,141.292,93.631,51.972,29.151,12.636
9.87667,310.593,267.087,223.967,141.395,93.727,51.969,29.268,12.624
9.88000,310.595,267.170,224.039,141.360,93.817,52.006,29.191,12.723
9.88333,310.780,267.243,224.143,141.474,93.811,52.037,29.195,12.549
9.88667,310.867,267.364,224.243,141.564,93.797,52.100,29.236,12.677
9.89000,310.996,267.427,224.280,141.500,93.884,52.080,29.263,12.683
9.89333,311.003,267.514,224.341,141.614,93.848,52.082,29.267,12.659
9.89667,311.157,267.571,224.364,141.552,93.865,52.109,29.221,12.604
9.90000,311.238,267.720,224.565,141.606,93.984,52.165,29.264,12.643
9.90333,311.344,267.704,224.470,141.674,93.949,52.148,29.266,12.683
9.90667,311.443,267.819,224.573,141.781,93.993,52.193,29.270,12.692
9.91000,311.489,267.916,224.713,141.809,94.031,52.201,29.316,12.690
9.91333,311.555,267.911,224.794,141.781,94.062,52.183,29.311,12.653
9.91667,311.667,268.023,224.760,141.859,94.101,52.208,29.289,12.651
9.92000,311.810,268.145,224.831,141.890,94.156,52.233,29.286,12.702
9.92333,311.890,268.150,224.989,141.887,94.156,52.238,29.305,12.681
9.92667,311.927,268.256,225.002,141.965,94.213,52.242,29.340,12.700
9.93000,312.061,268.383,225.102,142.039,94.178,52.325,29.370,12.652
9.93333,312.120,268.426,225.103,142.064,94.223,52.312,29.331,12.739
9.93667,312.241,268.506,225.218,142.106,94.298,52.275,29.418,12.714
9.94000,312.348,268.613,225.231,142.184,94.247,52.246,29.348,12.669
9.94333,312.368,268.662,225.399,142.129,94.340,52.329,29.399,12.721
9.94667,312.532,268.706,225.410,142.254,94.342,52.293,29.367,12.672
9.95000,312.608,268.821,225.443,142.278,94.382,52.304,29.426,12.737
9.95333,312.650,268.907,225.533,142.332,94.400,52.442,29.394,12.745
9.95667,312.701,269.018,225.603,142.342,94.412,52.314,29.440,12.724
9.96000,312.939,269.018,225.670,142.350,94.518,52.378,29.414,12.749
9.96333,312.948,269.119,225.760,142.427,94.506,52.386,29.447,12.751
9.96667,313.030,269.199,225.764,142.433,94.495,52.444,29.440,12.669
9.97000,313.106,269.302,225.863,142.480,94.486,52.411,29.441,12.721
9.97333,313.258,269.372,225.919,142.571,94.550,52.396,29.404,12.797
9.97667,313.279,269.433,226.023,142.589,94.594,52.423,29.487,12.746
9.98000,313.316,269.544,226.059,142.634,94.584,52.516,29.457,12.731
9.98333,313.487,269.628,226.176,142.667,94.627,52.463,29.529,12.713
9.98667,313.581,269.712,226.172,142.642,94.638,52.456,29.483,12.759
9.99000,313.683,269.749,226.309,142.737,94.686,52.586,29.465,12.759
9.99333,313.760,269.783,226.304,142.859,94.692,52.480,29.526,12.734
9.99667,313.871,269.921,226.372,142.839,94.793,52.503,29.491,12.777
10.00000,313.903,270.029,226.483,142.894,94.729,52.578,29.527,12.801
10.00333,313.951,270.056,226.511,142.966,94.788,52.569,29.429,12.816
10.00667,314.112,270.050,226.549,142.893,94.799,52.652,29.457,12.836
10.01000,314.239,270.193,226.559,143.010,94.870,52.569,29.549,12.800
10.01333,314.249,270.256,226.664,142.987,94.858,52.609,29.588,12.839
10.01667,314.356,270.407,226.742,143.056,94.935,52.552,29.540,12.866
10.02000,314.434,270.381,226.764,143.154,94.912,52.685,29.585,12.720
10.02333,314.549,270.509,226.837,143.182,94.969,52.719,29.542,12.819
10.02667,314.662,270.603,226.918,143.137,94.981,52.626,29.629,12.803
10.03000,314.734,270.645,226.939,143.226,95.041,52.757,29.556,12.761
10.03333,314.785,270.697,227.034,143.281,95.029,52.751,29.601,12.752
10.03667,314.883,270.748,227.147,143.321,95.025,52.667,29.585,12.862
10.04000,315.000,270.836,227.192,143.304,95.129,52.759,29.534,12.820
10.04333,315.072,270.936,227.225,143.372,95.144,52.775,29.563,12.802
10.04667,315.158,270.990,227.272,143.384,95.144,52.798,29.600,12.827
10.05000,315.196,271.022,227.386,143.411,95.198,52.740,29.614,12.784
10.05333,315.221,271.130,227.406,143.525,95.126,52.787,29.590,12.830
10.05667,315.395,271.214,227.437,143.592,95.164,52.831,29.645,12.902
10.06000,315.420,271.331,227.536,143.612,95.253,52.879,29.628,12.807
10.06333,315.582,271.426,227.619,143.618,95.234,52.858,29.564,12.827
10.06667,315.648,271.418,227.649,143.742,95.323,52.924,29.650,12.845
10.07000,315.703,271.540,227.727,143.715,95.283,52.903,29.677,12.877
10.07333,315.762,271.603,227.839,143.770,95.329,52.862,29.695,12.837
10.07667,315.915,271.670,227.826,143.786,95.331,52.855,29.745,12.825
10.08000,315.919,271.708,227.898,143.843,95.419,52.892,29.722,12.847
10.08333,316.056,271.781,227.915,143.821,95.353,52.957,29.654,12.844
10.08667,316.091,271.835,227.988,143.905,95.379,52.989,29.705,12.851
10.09000,316.226,271.911,228.088,143.920,95.374,53.007,29.734,12.870
10.09333,316.293,272.026,228.185,144.010,95.500,52.977,29.637,12.918
10.09667,316.440,272.050,228.210,143.995,95.517,53.016,29.739,12.873
10.10000,316.441,272.158,228.286,143.993,95.538,53.030,29.771,12.876
10.10333,316.520,272.178,228.365,144.074,95.542,53.037,29.713,12.829
10.10667,316.661,272.281,228.436,144.130,95.564,53.038,29.735,12.882
10.11000,316.720,272.413,228.438,144.167,95.564,53.060,29.782,12.922
10.11333,316.769,272.415,228.454,144.155,95.601,53.139,29.718,12.835
10.11667,316.837,272.539,228.566,144.212,95.683,53.073,29.775,12.863
10.12000,317.001,272.588,228.601,144.257,95.675,53.088,29.838,12.968
10.12333,316.956,272.650,228.644,144.326,95.726,53.158,29.827,12.887
10.12667,317.089,272.586,228.736,144.396,95.742,53.060,29.797,12.915
10.13000,317.102,272.769,228.817,144.351,95.726,53.129,29.774,12.862
10.13333,317.311,272.855,228.864,144.385,95.789,53.139,29.819,12.921
10.13667,317.296,272.946,228.939,144.465,95.865,53.161,29.840,12.976
10.14000,317.463,272.980,228.999,144.488,95.849,53.187,29.784,12.945
10.14333,317.560,272.995,228.980,144.481,95.934,53.199,29.822,12.881
10.14667,317.649,273.136,229.119,144.586,95.831,53.262,29.825,12.979
10.15000,317.638,273.115,229.112,144.554,95.878,53.155,29.829,12.880
10.15333,317.756,273.270,229.245,144.557,95.897,53.223,29.931,12.880
10.15667,317.857,273.351,229.252,144.662,95.923,53.243,29.868,12.936
10.16000,317.895,273.381,229.333,144.776,95.981,53.228,29.851,12.925
10.16333,317.958,273.461,229.476,144.782,96.012,53.204,29.895,12.997
10.16667,318.113,273.532,229.425,144.724,96.052,53.294,29.848,12.972
10.17000,318.175,273.565,229.483,144.775,96.012,53.296,29.844,12.987
10.17333,318.141,273.668,229.544,144.843,96.064,53.263,29.904,12.937
10.17667,318.300,273.770,229.643,144.902,96.062,53.282,29.906,12.970
10.18000,318.360,273.769,229.646,144.871,96.127,53.281,29.877,12.930
10.18333,318.436,273.801,229.723,144.953,96.180,53.362,29.931,12.919
10.18667,318.523,273.897,229.742,144.925,96.193,53.334,29.957,12.990
10.19000,318.567,273.977,229.861,144.977,96.201,53.382,29.929,12.999
10.19333,318.655,274.105,229.932,145.007,96.223,53.332,29.944,12.987
10.19667,318.790,274.189,230.005,145.091,96.270,53.364,29.969,12.980
10.20000,318.826,274.205,229.982,145.142,96.286,53.405,29.937,12.962
10.20333,318.877,274.284,230.045,145.140,96.263,53.393,29.968,12.959
10.20667,318.987,274.333,230.122,145.213,96.236,53.384,29.996,12.977
10.21000,319.098,274.410,230.175,145.295,96.384,53.489,29.963,12.995
10.21333,319.143,274.441,230.272,145.194,96.321,53.455,30.001,12.989
10.21667,319.232,274.514,230.290,145.384,96.349,53.497,29.993,12.996
10.22000,319.301,274.610,230.371,145.370,96.413,53.505,29.966,12.998
10.22333,319.404,274.680,230.408,145.362,96.463,53.500,29.998,13.011
10.22667,319.401,274.709,230.417,145.399,96.473,53.497,29.970,12.981
10.23000,319.586,274.831,230.456,145.404,96.524,53.532,30.037,12.974
10.23333,319.641,274.813,230.505,145.494,96.465,53.589,30.033,13.026
10.23667,319.619,274.940,230.587,145.416,96.561,53.571,30.029,13.025
10.24000,319.681,274.980,230.650,145.561,96.509,53.624,30.068,13.038
10.24333,319.799,274.998,230.702,145.553,96.546,53.578,30.064,13.014
10.24667,319.853,275.061,230.808,145.577,96.580,53.592,30.063,12.955
10.25000,319.964,275.204,230.825,145.667,96.576,53.593,30.095,12.927
10.25333,320.104,275.268,230.913,145.697,96.566,53.632,30.066,12.965
10.25667,320.083,275.355,230.949,145.687,96.667,53.583,30.062,12.981
10.26000,320.194,275.356,230.968,145.721,96.671,53.659,30.072,13.028
10.26333,320.219,275.456,230.988,145.766,96.710,53.651,30.068,12.949
10.26667,320.340,275.431,231.062,145.775,96.742,53.674,30.017,13.029
10.27000,320.478,275.565,231.179,145.858,96.712,53.639,30.007,13.027
10.27333,320.475,275.589,231.159,145.867,96.728,53.713,30.080,13.081
10.27667,320.589,275.637,231.213,145.968,96.774,53.662,30.127,13.059
10.28000,320.684,275.749,231.279,145.916,96.815,53.790,30.168,13.008
10.28333,320.663,275.784,231.393,145.962,96.803,53.714,30.152,13.053
10.28667,320.790,275.828,231.415,145.964,96.908,53.801,30.127,13.073
10.29000,320.868,275.868,231.429,146.038,96.912,53.786,30.143,12.995
10.29333,320.918,275.949,231.546,146.039,96.884,53.740,30.136,13.083
10.29667,321.014,276.043,231.620,146.127,96.941,53.804,30.160,13.070
10.30000,321.077,276.111,231.567,146.131,96.920,53.762,30.165,13.107
10.30333,321.075,276.183,231.737,146.138,97.013,53.830,30.196,13.100
10.30667,321.166,276.286,231.749,146.239,96.983,53.813,30.191,13.040
10.31000,321.292,276.345,231.714,146.289,96.986,53.779,30.228,13.054
10.31333,321.365,276.306,231.783,146.268,97.079,53.855,30.128,13.094
10.31667,321.432,276.453,231.837,146.266,97.047,53.842,30.208,13.108
10.32000,321.480,276.454,231.916,146.309,97.123,53.802,30.210,13.087
10.32333,321.495,276.531,232.052,146.338,97.101,53.894,30.200,13.090
10.32667,321.685,276.559,231.963,146.364,97.020,53.858,30.247,13.033
10.33000,321.745,276.667,232.126,146.484,97.149,53.917,30.137,13.130
10.33333,321.770,276.657,232.093,146.398,97.142,53.820,30.254,13.104
10.33667,321.819,276.793,232.119,146.444,97.215,53.971,30.210,13.124
10.34000,321.873,276.855,232.250,146.522,97.174,53.876,30.181,13.107
10.34333,321.965,276.865,232.266,146.528,97.209,53.925,30.258,13.112
10.34667,322.032,276.943,232.297,146.615,97.181,53.944,30.180,13.088
10.35000,322.169,276.988,232.366,146.666,97.267,53.926,30.239,13.110
10.35333,322.244,277.080,232.406,146.646,97.318,53.942,30.251,13.067
10.35667,322.299,277.135,232.477,146.659,97.303,53.973,30.289,13.107
10.36000,322.351,277.151,232.546,146.729,97.315,54.037,30.219,13.080
10.36333,322.430,277.226,232.561,146.675,97.358,54.036,30.294,13.061
10.36667,322.450,277.215,232.614,146.731,97.357,54.055,30.330,13.183
10.37000,322.563,277.365,232.586,146.737,97.358,53.987,30.320,13.144
10.37333,322.590,277.422,232.695,146.827,97.371,54.002,30.319,13.134
10.37667,322.646,277.559,232.775,146.877,97.450,54.075,30.281,13.138
10.38000,322.775,277.579,232.820,146.912,97.499,54.096,30.310,13.122
10.38333,322.789,277.532,232.932,146.977,97.425,54.027,30.300,13.136
10.38667,322.861,277.618,232.908,146.896,97.467,54.070,30.318,13.173
10.39000,322.930,277.709,232.974,146.949,97.453,54.075,30.308,13.202
10.39333,323.007,277.777,232.997,147.006,97.496,54.089,30.299,13.112
10.39667,323.126,277.850,233.016,147.019,97.545,54.126,30.314,13.183
10.40000,323.151,277.940,233.057,147.068,97.564,54.132,30.350,13.135
10.40333,323.174,277.910,233.134,147.132,97.545,54.069,30.400,13.125
10.40667,323.261,277.977,233.171,147.080,97.545,54.134,30.337,13.230
10.41000,323.351,278.045,233.298,147.119,97.628,54.192,30.392,13.158
10.41333,323.399,278.122,233.245,147.174,97.605,54.229,30.335,13.143
10.41667,323.483,278.165,233.348,147.213,97.691,54.137,30.324,13.141
10.42000,323.453,278.166,233.408,147.277,97.688,54.205,30.377,13.173
10.42333,323.612,278.216,233.420,147.284,97.834,54.160,30.389,13.172
10.42667,323.607,278.350,233.519,147.346,97.754,54.205,30.421,13.121
10.43000,323.684,278.406,233.547,147.329,97.764,54.191,30.441,13.179
10.43333,323.793,278.444,233.538,147.353,97.745,54.245,30.439,13.190
10.43667,323.815,278.520,233.622,147.376,97.821,54.226,30.408,13.149
10.44000,323.932,278.546,233.698,147.377,97.863,54.231,30.410,13.215
10.44333,323.955,278.599,233.698,147.448,97.779,54.223,30.428,13.234
10.44667,324.037,278.702,233.820,147.540,97.825,54.266,30.434,13.225
10.45000,324.138,278.773,233.812,147.534,97.943,54.297,30.415,13.198
10.45333,324.171,278.841,233.906,147.547,97.920,54.239,30.488,13.135
10.45667,324.263,278.867,233.933,147.575,97.895,54.303,30.432,13.094
10.46000,324.386,278.885,233.961,147.610,97.974,54.280,30.436,13.201
10.46333,324.382,278.931,233.960,147.664,97.951,54.337,30.485,13.200
10.46667,324.393,278.985,234.045,147.692,97.932,54.292,30.486,13.228
10.47000,324.446,279.073,234.036,147.706,97.915,54.372,30.425,13.154
10.47333,324.534,279.128,234.161,147.696,97.949,54.363,30.508,13.186
10.47667,324.641,279.121,234.263,147.758,97.990,54.372,30.483,13.178
10.48000,324.692,279.163,234.195,147.688,98.111,54.413,30.504,13.150
10.48333,324.734,279.250,234.312,147.732,98.107,54.409,30.445,13.263
10.48667,324.843,279.293,234.361,147.813,98.023,54.459,30.492,13.223
10.49000,324.873,279.301,234.320,147.877,98.094,54.372,30.509,13.243
10.49333,324.974,279.417,234.326,147.958,98.155,54.393,30.538,13.236
10.49667,325.006,279.518,234.434,147.867,98.164,54.455,30.525,13.256
10.50000,325.048,279.541,234.463,147.909,98.129,54.448,30.555,13.246
10.50333,325.154,279.572,234.568,148.004,98.203,54.472,30.522,13.239
10.50667,325.223,279.677,234.649,147.987,98.153,54.454,30.513,13.268
10.51000,325.271,279.717,234.617,148.026,98.219,54.522,30.533,13.178
10.51333,325.311,279.789,234.661,148.039,98.168,54.454,30.553,13.252
10.51667,325.324,279.807,234.776,148.123,98.253,54.496,30.536,13.223
10.52000,325.408,279.833,234.782,148.136,98.262,54.453,30.545,13.286
10.52333,325.501,279.892,234.874,148.149,98.303,54.501,30.616,13.275
10.52667,325.588,279.950,234.885,148.214,98.376,54.482,30.539,13.189
10.53000,325.558,280.032,234.892,148.239,98.262,54.556,30.637,13.213
10.53333,325.646,280.097,234.928,148.200,98.311,54.514,30.519,13.240
10.53667,325.695,280.116,235.041,148.278,98.395,54.512,30.620,13.195
10.54000,325.763,280.187,234.980,148.262,98.389,54.552,30.570,13.259
10.54333,325.825,280.181,235.056,148.290,98.438,54.604,30.575,13.242
10.54667,325.934,280.267,235.054,148.327,98.409,54.607,30.573,13.248
10.55000,325.963,280.264,235.170,148.400,98.425,54.515,30.670,13.243
10.55333,325.988,280.361,235.183,148.388,98.454,54.682,30.606,13.283
10.55667,326.087,280.352,235.295,148.449,98.477,54.540,30.635,13.270
10.56000,326.147,280.435,235.277,148.510,98.456,54.654,30.686,13.274
10.56333,326.220,280.466,235.331,148.409,98.492,54.619,30.701,13.266
10.56667,326.250,280.557,235.392,148.532,98.531,54.575,30.672,13.239
10.57000,326.286,280.610,235.380,148.557,98.594,54.656,30.619,13.312
10.57333,326.335,280.701,235.468,148.580,98.554,54.651,30.597,13.315
10.57667,326.399,280.698,235.543,148.600,98.514,54.733,30.597,13.281
10.58000,326.481,280.774,235.595,148.531,98.622,54.696,30.716,13.312
10.58333,326.550,280.796,235.574,148.638,98.629,54.724,30.634,13.275
10.58667,326.638,280.863,235.594,148.675,98.696,54.715,30.735,13.315
10.59000,326.669,280.877,235.625,148.709,98.639,54.785,30.631,13.254
10.59333,326.724,280.950,235.701,148.712,98.654,54.726,30.651,13.326
10.59667,326.769,280.972,235.781,148.633,98.643,54.765,30.637,13.302
10.60000,326.783,281.032,235.773,148.716,98.637,54.769,30.694,13.317
10.60333,326.919,281.114,235.893,148.815,98.676,54.705,30.658,13.315
10.60667,326.900,281.167,235.880,148.842,98.734,54.819,30.695,13.237
10.61000,327.055,281.200,235.938,148.849,98.807,54.760,30.762,13.286
10.61333,327.147,281.214,235.926,148.839,98.795,54.831,30.667,13.324
10.61667,327.059,281.290,236.003,148.867,98.726,54.745,30.727,13.312
10.62000,327.167,281.371,236.028,148.875,98.929,54.814,30.681,13.310
10.62333,327.239,281.390,236.032,148.983,98.837,54.771,30.730,13.347
10.62667,327.333,281.521,236.084,148.986,98.864,54.825,30.673,13.364
10.63000,327.353,281.458,236.188,149.049,98.767,54.845,30.743,13.328
10.63333,327.362,281.533,236.159,149.064,98.870,54.825,30.749,13.363
10.63667,327.462,281.585,236.196,148.996,98.900,54.889,30.731,13.271
10.64000,327.466,281.638,236.255,149.093,98.941,54.786,30.749,13.311
10.64333,327.551,281.637,236.225,149.074,98.865,54.851,30.767,13.269
10.64667,327.663,281.712,236.296,149.118,98.967,54.807,30.760,13.359
10.65000,327.656,281.744,236.403,149.165,98.952,54.864,30.713,13.346
10.65333,327.789,281.845,236.467,149.181,99.026,54.898,30.762,13.358
10.65667,327.796,281.908,236.391,149.211,98.972,54.938,30.747,13.283
10.66000,327.813,281.861,236.581,149.299,99.053,54.858,30.753,13.389
10.66333,327.862,281.952,236.500,149.184,99.004,54.951,30.791,13.387
10.66667,327.973,282.008,236.555,149.252,99.067,54.871,30.788,13.332
10.67000,327.982,282.051,236.614,149.357,99.020,54.918,30.753,13.301
10.67333,328.027,282.083,236.638,149.223,99.034,54.917,30.784,13.365
10.67667,328.108,282.212,236.672,149.308,99.051,54.976,30.735,13.397
10.68000,328.175,282.128,236.686,149.332,99.078,54.979,30.807,13.403
10.68333,328.212,282.203,236.797,149.374,99.127,54.953,30.772,13.412
10.68667,328.247,282.334,236.907,149.320,99.190,55.022,30.792,13.377
10.69000,328.303,282.335,236.855,149.492,99.158,55.037,30.810,13.372
10.69333,328.292,282.325,236.916,149.407,99.199,55.063,30.837,13.341
10.69667,328.373,282.377,236.975,149.494,99.165,55.026,30.772,13.328
10.70000,328.427,282.475,236.941,149.477,99.245,55.041,30.816,13.443
10.70333,328.471,282.490,236.996,149.478,99.168,54.987,30.852,13.353
10.70667,328.618,282.529,237.047,149.534,99.235,54.993,30.815,13.295
10.71000,328.634,282.613,237.121,149.593,99.278,55.099,30.825,13.418
10.71333,328.666,282.575,237.106,149.525,99.257,55.039,30.858,13.351
10.71667,328.712,282.670,237.148,149.610,99.234,55.067,30.861,13.359
10.72000,328.831,282.765,237.238,149.651,99.277,55.095,30.795,13.399
10.72333,328.858,282.783,237.264,149.640,99.359,55.095,30.899,13.330
10.72667,328.900,282.812,237.289,149.686,99.286,55.069,30.866,13.391
10.73000,328.934,282.830,237.378,149.697,99.348,55.134,30.846,13.323
10.73333,328.998,282.947,237.308,149.725,99.368,55.078,30.902,13.411
10.73667,329.011,282.950,237.428,149.776,99.389,55.083,30.883,13.363
10.74000,329.097,282.962,237.396,149.788,99.375,55.071,30.895,13.376
10.74333,329.131,282.995,237.536,149.919,99.442,55.121,30.928,13.383
10.74667,329.182,283.054,237.481,149.930,99.449,55.190,30.960,13.414
10.75000,329.272,283.132,237.554,149.781,99.445,55.189,30.922,13.348
10.75333,329.313,283.115,237.492,149.895,99.412,55.158,30.914,13.452
10.75667,329.387,283.186,237.658,149.913,99.452,55.126,30.881,13.375
10.76000,329.401,283.216,237.585,149.950,99.517,55.169,30.872,13.406
10.76333,329.399,283.245,237.617,149.951,99.410,55.192,30.980,13.414
10.76667,329.524,283.309,237.719,150.014,99.565,55.193,30.959,13.455
10.77000,329.506,283.375,237.752,149.996,99.545,55.218,30.946,13.395
10.77333,329.627,283.373,237.771,150.005,99.593,55.233,30.932,13.436
10.77667,329.676,283.501,237.844,149.970,99.566,55.252,30.946,13.391
10.78000,329.693,283.509,237.882,150.051,99.559,55.275,30.939,13.477
10.78333,329.750,283.493,237.891,150.108,99.579,55.180,30.983,13.418
10.78667,329.708,283.557,237.958,150.124,99.586,55.222,30.976,13.474
10.79000,329.847,283.669,238.006,150.115,99.670,55.270,30.990,13.421
10.79333,329.841,283.692,237.935,150.201,99.636,55.204,30.953,13.455
10.79667,329.894,283.716,238.019,150.220,99.627,55.182,30.935,13.439
10.80000,330.014,283.719,238.074,150.170,99.638,55.258,31.014,13.399
10.80333,330.027,283.821,238.064,150.183,99.682,55.328,31.026,13.455
10.80667,330.137,283.801,238.225,150.223,99.725,55.351,30.954,13.450
10.81000,330.120,283.949,238.226,150.252,99.674,55.312,30.944,13.402
10.81333,330.187,283.951,238.164,150.265,99.691,55.338,30.926,13.418
10.81667,330.198,284.000,238.251,150.307,99.676,55.371,31.003,13.423
10.82000,330.256,284.022,238.245,150.294,99.751,55.300,30.920,13.464
10.82333,330.342,284.011,238.291,150.360,99.756,55.385,30.940,13.413
10.82667,330.397,284.084,238.339,150.360,99.745,55.394,31.010,13.509
10.83000,330.406,284.102,238.315,150.356,99.836,55.371,30.989,13.466
10.83333,330.476,284.170,238.404,150.432,99.777,55.282,31.019,13.443
10.83667,330.549,284.135,238.362,150.437,99.753,55.354,31.016,13.463
10.84000,330.483,284.265,238.518,150.477,99.830,55.383,30.940,13.461
10.84333,330.656,284.277,238.458,150.464,99.862,55.411,31.040,13.490
10.84667,330.677,284.291,238.480,150.469,99.877,55.420,31.044,13.475
10.85000,330.692,284.347,238.606,150.516,99.854,55.382,31.028,13.570
10.85333,330.661,284.368,238.682,150.506,99.865,55.376,31.059,13.399
10.85667,330.787,284.374,238.645,150.614,99.860,55.392,31.051,13.382
10.86000,330.828,284.427,238.651,150.561,99.918,55.389,31.048,13.489
10.86333,330.893,284.504,238.645,150.577,99.946,55.434,31.029,13.473
10.86667,330.913,284.575,238.772,150.648,99.946,55.386,31.053,13.477
10.87000,330.881,284.552,238.755,150.677,99.959,55.447,31.120,13.504
10.87333,331.006,284.657,238.799,150.680,99.972,55.415,31.040,13.461
10.87667,331.008,284.660,238.865,150.693,100.001,55.507,31.060,13.508
10.88000,330.991,284.716,238.809,150.734,100.015,55.430,31.018,13.432
10.88333,331.147,284.703,238.841,150.732,100.054,55.471,31.061,13.456
10.88667,331.223,284.765,238.946,150.773,99.982,55.517,31.069,13.484
10.89000,331.250,284.858,239.036,150.805,100.052,55.523,31.009,13.492
10.89333,331.292,284.922,239.036,150.819,99.979,55.467,31.080,13.456
10.89667,331.340,284.860,239.043,150.755,100.164,55.516,31.114,13.429
10.90000,331.300,284.876,239.117,150.797,100.136,55.447,31.104,13.512
10.90333,331.397,284.932,239.065,150.879,100.118,55.545,31.080,13.454
10.90667,331.467,285.012,239.150,150.858,100.132,55.538,31.192,13.570
10.91000,331.492,285.039,239.183,150.965,100.121,55.598,31.180,13.532
10.91333,331.538,285.136,239.241,150.892,100.157,55.567,31.053,13.458
10.91667,331.559,285.130,239.280,150.887,100.155,55.516,31.149,13.521
10.92000,331.609,285.183,239.258,151.000,100.266,55.559,31.109,13.511
10.92333,331.705,285.203,239.210,151.016,100.097,55.560,31.071,13.493
10.92667,331.656,285.177,239.307,150.970,100.218,55.586,31.125,13.439
10.93000,331.812,285.250,239.348,150.961,100.183,55.601,31.154,13.507
10.93333,331.773,285.324,239.382,151.080,100.222,55.541,31.127,13.469
10.93667,331.794,285.345,239.423,151.041,100.190,55.593,31.170,13.457
10.94000,331.891,285.410,239.411,151.094,100.216,55.655,31.164,13.496
10.94333,331.927,285.457,239.495,151.115,100.231,55.616,31.117,13.555
10.94667,331.954,285.393,239.488,151.072,100.299,55.593,31.137,13.541
10.95000,332.034,285.539,239.558,151.135,100.300,55.610,31.135,13.440
10.95333,332.017,285.593,239.583,151.100,100.276,55.581,31.193,13.560
10.95667,332.118,285.596,239.581,151.146,100.309,55.609,31.176,13.512
10.96000,332.141,285.666,239.603,151.183,100.321,55.592,31.174,13.488
10.96333,332.134,285.621,239.703,151.166,100.285,55.661,31.151,13.524
10.96667,332.199,285.635,239.714,151.178,100.380,55.644,31.148,13.502
10.97000,332.266,285.754,239.821,151.239,100.371,55.622,31.252,13.543
10.97333,332.306,285.721,239.665,151.224,100.353,55.637,31.204,13.524
10.97667,332.310,285.806,239.754,151.273,100.255,55.691,31.149,13.526
10.98000,332.394,285.847,239.834,151.219,100.385,55.676,31.148,13.532
10.98333,332.444,285.868,239.906,151.299,100.413,55.660,31.219,13.543
10.98667,332.481,285.928,239.833,151.262,100.454,55.739,31.259,13.496
10.99000,332.542,285.966,239.895,151.328,100.383,55.755,31.220,13.515
10.99333,332.543,285.911,239.951,151.333,100.437,55.711,31.186,13.533
10.99667,332.641,285.963,239.976,151.419,100.486,55.695,31.206,13.529
11.00000,332.566,285.990,239.999,151.364,100.444,55.689,31.224,13.540
11.00333,332.663,286.061,240.063,151.430,100.510,55.781,31.225,13.523
11.00667,332.682,286.051,240.051,151.449,100.526,55.705,31.224,13.528
11.01000,332.775,286.111,240.165,151.526,100.566,55.790,31.183,13.521
11.01333,332.770,286.158,240.131,151.466,100.500,55.755,31.255,13.577
11.01667,332.847,286.179,240.124,151.399,100.490,55.754,31.193,13.529
11.02000,332.885,286.207,240.165,151.538,100.499,55.746,31.293,13.560
11.02333,332.916,286.193,240.149,151.525,100.509,55.747,31.201,13.533
11.02667,332.956,286.281,240.198,151.501,100.599,55.825,31.271,13.529
11.03000,332.978,286.328,240.235,151.501,100.572,55.710,31.221,13.575
11.03333,333.059,286.295,240.344,151.539,100.583,55.831,31.235,13.565
11.03667,333.033,286.482,240.284,151.621,100.658,55.781,31.297,13.592
11.04000,333.064,286.371,240.311,151.598,100.644,55.769,31.297,13.534
11.04333,333.110,286.467,240.384,151.612,100.623,55.815,31.223,13.583
11.04667,333.176,286.542,240.399,151.640,100.668,55.744,31.311,13.533
11.05000,333.226,286.550,240.397,151.676,100.652,55.795,31.305,13.570
11.05333,333.286,286.557,240.374,151.693,100.607,55.791,31.240,13.589
11.05667,333.304,286.621,240.556,151.676,100.646,55.798,31.337,13.589
11.06000,333.312,286.660,240.478,151.710,100.629,55.774,31.300,13.608
11.06333,333.355,286.693,240.527,151.859,100.687,55.806,31.320,13.602
11.06667,333.459,286.662,240.559,151.744,100.700,55.876,31.278,13.597
11.07000,333.422,286.723,240.531,151.728,100.742,55.857,31.258,13.562
11.07333,333.512,286.757,240.581,151.807,100.775,55.838,31.282,13.552
11.07667,333.497,286.837,240.679,151.774,100.706,55.832,31.326,13.549
11.08000,333.552,286.846,240.683,151.813,100.802,55.905,31.362,13.566
11.08333,333.586,286.831,240.687,151.814,100.734,55.872,31.340,13.643
11.08667,333.595,286.824,240.758,151.891,100.775,55.903,31.295,13.583
11.09000,333.639,286.893,240.677,151.856,100.764,55.924,31.331,13.607
11.09333,333.734,286.955,240.754,151.918,100.756,55.853,31.308,13.604
11.09667,333.703,287.007,240.790,151.892,100.794,55.933,31.340,13.639
11.10000,333.755,287.050,240.835,151.909,100.844,55.910,31.326,13.638
11.10333,333.842,287.110,240.802,151.963,100.854,55.883,31.342,13.531
11.10667,333.795,287.074,240.817,151.978,100.804,55.865,31.308,13.597
11.11000,333.932,287.089,240.872,151.952,100.832,55.930,31.393,13.537
11.11333,333.963,287.127,240.963,152.003,100.834,55.917,31.327,13.563
11.11667,333.940,287.122,240.952,152.011,100.870,55.868,31.374,13.578
11.12000,333.982,287.204,241.028,152.106,100.843,55.946,31.251,13.604
11.12333,334.040,287.252,240.998,152.078,100.832,55.928,31.383,13.562
11.12667,334.075,287.256,240.993,151.994,100.901,56.016,31.299,13.601
11.13000,334.122,287.277,241.065,152.065,100.918,55.969,31.370,13.613
11.13333,334.114,287.317,241.107,152.182,100.926,55.964,31.385,13.613
11.13667,334.216,287.358,241.113,152.097,100.913,55.997,31.376,13.559
11.14000,334.213,287.424,241.139,152.163,100.936,56.030,31.462,13.600
11.14333,334.298,287.404,241.182,152.157,100.985,55.969,31.353,13.551
11.14667,334.257,287.522,241.216,152.115,100.984,55.974,31.390,13.559
11.15000,334.248,287.493,241.135,152.245,100.998,55.999,31.381,13.577
11.15333,334.357,287.464,241.228,152.196,100.987,55.980,31.403,13.557
11.15667,334.424,287.473,241.260,152.225,100.982,56.061,31.319,13.619
11.16000,334.372,287.605,241.218,152.226,100.981,55.994,31.376,13.566
11.16333,334.446,287.588,241.348,152.231,100.984,56.021,31.381,13.618
11.16667,334.491,287.606,241.318,152.237,101.103,56.021,31.312,13.644
11.17000,334.608,287.613,241.378,152.256,101.050,56.013,31.407,13.656
11.17333,334.558,287.666,241.424,152.281,101.064,56.066,31.391,13.645
11.17667,334.604,287.712,241.501,152.335,101.108,56.033,31.354,13.670
11.18000,334.643,287.754,241.412,152.329,101.054,56.046,31.431,13.589
11.18333,334.661,287.749,241.511,152.348,101.076,56.059,31.381,13.601
11.18667,334.740,287.787,241.491,152.354,101.170,56.058,31.443,13.660
11.19000,334.705,287.768,241.506,152.357,101.092,56.103,31.338,13.580
11.19333,334.790,287.901,241.570,152.360,101.149,56.122,31.408,13.652
11.19667,334.831,287.874,241.548,152.467,101.124,56.088,31.414,13.615
11.20000,334.865,287.890,241.555,152.426,101.120,56.074,31.457,13.675
11.20333,334.868,288.003,241.552,152.452,101.207,56.093,31.380,13.585
11.20667,334.915,287.970,241.659,152.342,101.119,56.145,31.416,13.590
11.21000,334.953,287.992,241.687,152.526,101.147,56.169,31.429,13.620
11.21333,334.949,287.998,241.667,152.512,101.175,56.045,31.424,13.665
11.21667,335.048,288.105,241.686,152.468,101.187,56.049,31.397,13.630
11.22000,335.094,288.040,241.726,152.473,101.205,56.160,31.457,13.661
11.22333,335.083,288.147,241.761,152.540,101.155,56.117,31.451,13.654
11.22667,335.110,288.170,241.830,152.503,101.255,56.140,31.423,13.607
11.23000,335.181,288.169,241.783,152.554,101.242,56.175,31.448,13.637
11.23333,335.159,288.234,241.826,152.546,101.218,56.203,31.410,13.649
11.23667,335.135,288.222,241.868,152.636,101.250,56.176,31.404,13.651
11.24000,335.236,288.306,241.812,152.584,101.251,56.131,31.457,13.674
11.24333,335.257,288.255,241.848,152.593,101.263,56.116,31.439,13.636
11.24667,335.232,288.369,241.950,152.595,101.258,56.147,31.447,13.628
11.25000,335.273,288.345,242.005,152.638,101.274,56.205,31.523,13.653
11.25333,335.340,288.329,241.954,152.631,101.245,56.151,31.456,13.570
11.25667,335.374,288.324,241.989,152.679,101.285,56.155,31.443,13.634
11.26000,335.450,288.459,241.952,152.648,101.326,56.232,31.505,13.613
11.26333,335.476,288.552,242.097,152.663,101.299,56.203,31.462,13.659
11.26667,335.514,288.509,242.012,152.680,101.295,56.223,31.482,13.617
11.27000,335.418,288.426,242.076,152.694,101.348,56.198,31.475,13.670
11.27333,335.563,288.533,242.080,152.771,101.355,56.140,31.490,13.597
11.27667,335.595,288.518,242.128,152.744,101.348,56.185,31.511,13.628
11.28000,335.514,288.539,242.165,152.785,101.349,56.183,31.458,13.654
11.28333,335.631,288.629,242.162,152.727,101.345,56.218,31.491,13.612
11.28667,335.686,288.632,242.182,152.778,101.389,56.211,31.432,13.604
11.29000,335.706,288.715,242.107,152.802,101.398,56.256,31.567,13.673
11.29333,335.718,288.724,242.270,152.807,101.382,56.276,31.549,13.634
11.29667,335.802,288.743,242.297,152.878,101.344,56.251,31.543,13.664
11.30000,335.753,288.740,242.296,152.808,101.425,56.270,31.515,13.641
11.30333,335.823,288.777,242.285,152.802,101.404,56.261,31.564,13.673
11.30667,335.823,288.753,242.315,152.881,101.447,56.335,31.493,13.707
11.31000,335.963,288.753,242.371,152.842,101.398,56.260,31.423,13.700
11.31333,335.864,288.846,242.409,152.839,101.483,56.330,31.520,13.564
11.31667,335.942,288.889,242.403,152.956,101.474,56.264,31.485,13.698
11.32000,335.989,288.844,242.449,152.923,101.420,56.265,31.505,13.677
11.32333,336.044,288.947,242.445,152.922,101.559,56.362,31.514,13.680
11.32667,335.998,288.952,242.451,152.935,101.498,56.337,31.477,13.701
11.33000,336.069,289.014,242.510,152.945,101.472,56.340,31.514,13.706
11.33333,336.125,289.050,242.504,152.966,101.541,56.292,31.530,13.663
11.33667,336.114,288.981,242.546,152.942,101.524,56.385,31.530,13.645
11.34000,336.143,289.028,242.545,152.978,101.557,56.284,31.533,13.689
11.34333,336.157,289.051,242.516,153.041,101.546,56.282,31.510,13.641
11.34667,336.274,289.026,242.571,152.997,101.537,56.324,31.522,13.740
11.35000,336.271,289.097,242.677,152.974,101.570,56.320,31.545,13.619
11.35333,336.268,289.115,242.657,153.055,101.580,56.320,31.532,13.669
11.35667,336.272,289.176,242.688,153.123,101.594,56.366,31.560,13.658
11.36000,336.387,289.269,242.666,153.079,101.680,56.348,31.609,13.637
11.36333,336.355,289.239,242.667,153.075,101.535,56.345,31.474,13.706
11.36667,336.429,289.170,242.727,153.143,101.653,56.392,31.618,13.685
11.37000,336.436,289.249,242.766,153.137,101.581,56.360,31.513,13.710
11.37333,336.377,289.305,242.743,153.139,101.624,56.386,31.546,13.699
11.37667,336.503,289.338,242.716,153.156,101.672,56.347,31.597,13.680
11.38000,336.458,289.352,242.801,153.185,101.668,56.394,31.594,13.748
11.38333,336.571,289.378,242.821,153.200,101.666,56.357,31.520,13.687
11.38667,336.635,289.382,242.839,153.119,101.662,56.407,31.601,13.654
11.39000,336.574,289.444,242.841,153.199,101.664,56.408,31.592,13.705
11.39333,336.605,289.427,242.883,153.215,101.653,56.401,31.591,13.697
11.39667,336.698,289.447,242.970,153.189,101.682,56.388,31.519,13.733
11.40000,336.652,289.484,242.965,153.205,101.692,56.421,31.587,13.695
11.40333,336.708,289.533,243.005,153.232,101.698,56.409,31.568,13.733
11.40667,336.674,289.546,242.941,153.282,101.736,56.426,31.514,13.681
11.41000,336.799,289.551,243.020,153.279,101.704,56.366,31.605,13.706
11.41333,336.791,289.557,242.989,153.319,101.750,56.411,31.530,13.743
11.41667,336.806,289.646,243.052,153.273,101.806,56.380,31.555,13.747
11.42000,336.804,289.660,243.003,153.378,101.806,56.480,31.625,13.764
11.42333,336.952,289.643,243.018,153.344,101.722,56.428,31.640,13.827
11.42667,336.876,289.673,243.079,153.371,101.810,56.422,31.613,13.754
11.43000,336.924,289.747,243.090,153.368,101.766,56.488,31.602,13.683
11.43333,336.959,289.747,243.168,153.333,101.797,56.445,31.657,13.706
11.43667,336.891,289.778,243.169,153.326,101.774,56.481,31.636,13.747
11.44000,337.056,289.790,243.141,153.400,101.779,56.436,31.656,13.671
11.44333,337.026,289.752,243.186,153.492,101.838,56.438,31.682,13.734
11.44667,337.064,289.836,243.264,153.460,101.819,56.439,31.620,13.694
11.45000,337.140,289.867,243.213,153.430,101.885,56.455,31.595,13.770
11.45333,337.113,289.854,243.209,153.430,101.782,56.533,31.590,13.744
11.45667,337.053,289.878,243.315,153.424,101.849,56.438,31.630,13.656
11.46000,337.100,289.943,243.225,153.488,101.821,56.453,31.642,13.722
11.46333,337.170,289.908,243.259,153.487,101.833,56.392,31.611,13.696
11.46667,337.218,289.994,243.293,153.553,101.823,56.491,31.599,13.702
11.47000,337.239,289.958,243.387,153.507,101.890,56.447,31.664,13.690
11.47333,337.292,289.988,243.340,153.591,101.836,56.471,31.639,13.733
11.47667,337.358,290.072,243.413,153.523,101.897,56.463,31.701,13.733
11.48000,337.312,290.043,243.397,153.532,101.881,56.464,31.600,13.737
11.48333,337.295,290.018,243.404,153.566,101.899,56.553,31.668,13.722
11.48667,337.384,290.111,243.366,153.569,101.875,56.485,31.671,13.681
11.49000,337.349,290.084,243.384,153.513,101.922,56.506,31.641,13.705
11.49333,337.439,290.112,243.491,153.548,101.913,56.557,31.708,13.722
11.49667,337.465,290.188,243.533,153.635,101.936,56.478,31.733,13.703
11.50000,337.466,290.218,243.445,153.637,101.947,56.583,31.635,13.705
11.50333,337.601,290.174,243.506,153.691,101.917,56.603,31.703,13.764
11.50667,337.552,290.239,243.493,153.593,101.914,56.522,31.703,13.742
11.51000,337.515,290.239,243.501,153.643,101.931,56.550,31.692,13.741
11.51333,337.481,290.272,243.546,153.690,101.962,56.552,31.679,13.739
11.51667,337.636,290.259,243.614,153.655,101.976,56.574,31.629,13.725
11.52000,337.576,290.343,243.621,153.665,102.027,56.610,31.689,13.793
11.52333,337.642,290.361,243.585,153.741,102.007,56.670,31.736,13.710
11.52667,337.720,290.311,243.543,153.680,102.008,56.527,31.666,13.725
11.53000,337.668,290.338,243.643,153.705,101.995,56.544,31.692,13.641
11.53333,337.711,290.451,243.678,153.698,102.061,56.557,31.668,13.750
11.53667,337.751,290.436,243.665,153.708,102.022,56.566,31.647,13.808
11.54000,337.732,290.422,243.698,153.738,102.040,56.563,31.750,13.759
11.54333,337.807,290.438,243.761,153.726,102.023,56.586,31.611,13.775
11.54667,337.767,290.489,243.799,153.707,102.112,56.634,31.710,13.725
11.55000,337.888,290.463,243.797,153.778,102.057,56.609,31.731,13.784
11.55333,337.857,290.505,243.764,153.772,102.089,56.604,31.657,13.711
11.55667,337.883,290.412,243.827,153.783,102.049,56.609,31.728,13.667
11.56000,337.931,290.556,243.877,153.778,102.013,56.628,31.682,13.788
11.56333,337.930,290.595,243.874,153.860,102.076,56.624,31.794,13.761
11.56667,337.970,290.632,243.887,153.792,102.071,56.626,31.711,13.696
11.57000,337.953,290.613,243.954,153.822,102.110,56.639,31.687,13.734
11.57333,337.975,290.678,243.871,153.859,102.087,56.548,31.691,13.732
11.57667,337.963,290.697,243.907,153.786,102.139,56.593,31.697,13.737
11.58000,338.099,290.677,243.918,153.900,102.138,56.588,31.756,13.711
11.58333,338.068,290.695,243.977,153.885,102.099,56.681,31.751,13.791
11.58667,338.051,290.689,243.983,153.966,102.168,56.643,31.727,13.751
11.59000,338.151,290.748,243.963,153.895,102.176,56.629,31.725,13.669
11.59333,338.144,290.790,244.028,153.938,102.186,56.646,31.744,13.813
11.59667,338.197,290.754,243.980,153.964,102.170,56.658,31.741,13.742
11.60000,338.193,290.792,244.046,153.923,102.124,56.631,31.760,13.757
11.60333,338.198,290.825,244.086,153.915,102.127,56.637,31.735,13.763
11.60667,338.256,290.824,244.072,153.959,102.183,56.638,31.724,13.736
11.61000,338.234,290.834,244.125,153.986,102.181,56.668,31.726,13.791
11.61333,338.262,290.904,244.078,153.951,102.148,56.625,31.756,13.782
11.61667,338.275,290.911,244.122,153.977,102.241,56.588,31.698,13.769
11.62000,338.320,290.895,244.098,153.977,102.168,56.691,31.691,13.693
11.62333,338.382,290.939,244.116,154.024,102.181,56.669,31.768,13.761
11.62667,338.268,290.984,244.166,154.119,102.237,56.716,31.750,13.771
11.63000,338.435,290.920,244.187,154.049,102.218,56.694,31.766,13.775
11.63333,338.433,291.008,244.214,153.992,102.225,56.645,31.740,13.768
11.63667,338.513,290.950,244.276,154.067,102.211,56.678,31.736,13.812
11.64000,338.391,291.091,244.163,154.048,102.230,56.671,31.743,13.766
11.64333,338.480,291.042,244.235,154.035,102.246,56.735,31.767,13.794
11.64667,338.455,291.065,244.233,154.060,102.328,56.736,31.774,13.789
11.65000,338.528,291.158,244.349,154.075,102.273,56.740,31.758,13.798
11.65333,338.534,291.066,244.284,154.108,102.223,56.751,31.717,13.781
11.65667,338.580,291.123,244.332,154.092,102.290,56.780,31.757,13.734
11.66000,338.567,291.100,244.366,154.129,102.257,56.661,31.762,13.779
11.66333,338.638,291.167,244.324,154.087,102.290,56.725,31.799,13.751
11.66667,338.658,291.135,244.362,154.151,102.327,56.750,31.738,13.772
11.67000,338.664,291.224,244.374,154.095,102.325,56.726,31.813,13.760
11.67333,338.690,291.198,244.398,154.152,102.340,56.683,31.798,13.769
11.67667,338.704,291.282,244.370,154.106,102.393,56.772,31.776,13.802
11.68000,338.731,291.245,244.397,154.199,102.269,56.756,31.738,13.816
11.68333,338.666,291.252,244.435,154.227,102.402,56.817,31.711,13.788
11.68667,338.740,291.322,244.429,154.213,102.330,56.742,31.827,13.811
11.69000,338.839,291.298,244.443,154.171,102.340,56.737,31.806,13.739
11.69333,338.732,291.360,244.495,154.234,102.352,56.795,31.791,13.755
11.69667,338.809,291.345,244.455,154.195,102.387,56.775,31.748,13.762
11.70000,338.830,291.321,244.483,154.246,102.342,56.793,31.755,13.744
11.70333,338.906,291.377,244.514,154.296,102.360,56.745,31.780,13.767
11.70667,338.864,291.440,244.516,154.276,102.406,56.768,31.778,13.727
11.71000,338.930,291.382,244.599,154.327,102.381,56.757,31.817,13.803
11.71333,338.952,291.448,244.586,154.321,102.419,56.767,31.755,13.817
11.71667,338.928,291.476,244.584,154.283,102.413,56.785,31.791,13.779
11.72000,338.930,291.472,244.642,154.282,102.378,56.877,31.780,13.818
11.72333,339.023,291.519,244.537,154.297,102.345,56.760,31.798,13.840
11.72667,339.044,291.528,244.639,154.278,102.443,56.823,31.772,13.792
11.73000,339.013,291.566,244.650,154.314,102.483,56.781,31.749,13.806
11.73333,338.995,291.557,244.652,154.374,102.416,56.817,31.797,13.840
11.73667,339.070,291.576,244.669,154.321,102.417,56.827,31.785,13.770
11.74000,339.066,291.612,244.657,154.384,102.457,56.834,31.799,13.755
11.74333,339.155,291.588,244.686,154.356,102.436,56.789,31.858,13.739
11.74667,339.073,291.594,244.763,154.410,102.429,56.792,31.816,13.776
11.75000,339.155,291.579,244.749,154.355,102.465,56.813,31.811,13.793
11.75333,339.168,291.707,244.702,154.438,102.463,56.773,31.792,13.796
11.75667,339.148,291.623,244.769,154.354,102.446,56.817,31.812,13.812
11.76000,339.247,291.660,244.736,154.409,102.456,56.796,31.839,13.777
11.76333,339.205,291.674,244.731,154.362,102.510,56.788,31.740,13.764
11.76667,339.243,291.730,244.801,154.453,102.487,56.821,31.783,13.805
11.77000,339.297,291.713,244.766,154.367,102.467,56.904,31.828,13.810
11.77333,339.248,291.716,244.791,154.458,102.458,56.827,31.815,13.770
11.77667,339.288,291.759,244.803,154.444,102.483,56.787,31.812,13.786
11.78000,339.320,291.769,244.851,154.426,102.485,56.822,31.846,13.789
11.78333,339.335,291.742,244.879,154.490,102.521,56.873,31.811,13.870
11.78667,339.383,291.744,244.880,154.443,102.525,56.837,31.800,13.817
11.79000,339.428,291.865,244.886,154.477,102.597,56.845,31.861,13.753
11.79333,339.370,291.849,244.918,154.460,102.581,56.883,31.859,13.849
11.79667,339.485,291.829,244.877,154.490,102.501,56.902,31.834,13.831
11.80000,339.432,291.895,244.936,154.489,102.561,56.896,31.827,13.791
11.80333,339.420,291.878,244.938,154.471,102.553,56.839,31.782,13.807
11.80667,339.558,291.900,244.958,154.495,102.536,56.890,31.857,13.813
11.81000,339.486,291.936,245.066,154.507,102.588,56.884,31.848,13.803
11.81333,339.537,291.943,244.984,154.546,102.545,56.897,31.856,13.811
11.81667,339.511,291.948,244.972,154.550,102.504,56.880,31.859,13.825
11.82000,339.587,291.952,244.993,154.472,102.577,56.851,31.903,13.850
11.82333,339.653,291.970,245.053,154.563,102.572,56.885,31.870,13.820
11.82667,339.623,292.028,245.056,154.629,102.637,56.876,31.925,13.811
11.83000,339.519,292.013,245.049,154.563,102.557,56.958,31.864,13.787
11.83333,339.607,292.026,245.097,154.578,102.578,56.884,31.872,13.839
11.83667,339.609,292.049,245.105,154.574,102.605,56.910,31.888,13.836
11.84000,339.656,292.054,245.073,154.573,102.600,56.890,31.917,13.849
11.84333,339.726,292.085,245.068,154.611,102.662,56.974,31.919,13.821
11.84667,339.721,292.103,245.090,154.615,102.601,56.945,31.819,13.807
11.85000,339.691,292.163,245.222,154.608,102.617,56.844,31.860,13.796
11.85333,339.707,292.118,245.088,154.626,102.542,56.953,31.919,13.870
11.85667,339.775,292.063,245.215,154.687,102.630,56.947,31.805,13.757
11.86000,339.748,292.157,245.113,154.667,102.567,56.929,31.844,13.818
11.86333,339.729,292.180,245.215,154.746,102.641,56.915,31.883,13.820
11.86667,339.790,292.161,245.228,154.648,102.636,56.956,31.809,13.786
11.87000,339.820,292.167,245.193,154.691,102.623,56.940,31.918,13.827
11.87333,339.853,292.197,245.228,154.674,102.695,56.970,31.867,13.825
11.87667,339.815,292.236,245.247,154.703,102.685,56.878,31.853,13.809
11.88000,339.885,292.159,245.234,154.716,102.694,56.887,31.886,13.841
11.88333,339.850,292.225,245.229,154.792,102.734,56.944,31.923,13.786
11.88667,339.887,292.331,245.256,154.696,102.693,56.950,31.903,13.912
11.89000,339.958,292.299,245.273,154.752,102.644,56.967,31.908,13.772
11.89333,339.927,292.318,245.335,154.715,102.711,56.959,31.964,13.847
11.89667,339.950,292.230,245.367,154.740,102.652,56.933,31.951,13.858
11.90000,339.925,292.342,245.304,154.782,102.693,56.986,31.793,13.852
11.90333,339.946,292.308,245.317,154.717,102.691,56.965,31.886,13.886
11.90667,339.994,292.395,245.389,154.807,102.690,56.921,31.827,13.932
11.91000,340.061,292.365,245.365,154.756,102.761,56.927,31.863,13.868
11.91333,339.986,292.399,245.381,154.797,102.683,56.989,31.930,13.827
11.91667,340.057,292.430,245.451,154.804,102.729,56.934,31.907,13.853
11.92000,340.016,292.450,245.367,154.799,102.728,56.991,31.938,13.811
11.92333,340.109,292.385,245.380,154.756,102.822,56.940,31.915,13.883
11.92667,340.103,292.487,245.475,154.807,102.706,56.935,31.892,13.875
11.93000,340.056,292.430,245.421,154.757,102.761,56.942,31.890,13.818
11.93333,340.113,292.474,245.420,154.810,102.773,56.986,31.889,13.842
11.93667,340.163,292.558,245.526,154.781,102.785,56.966,31.994,13.857
11.94000,340.185,292.523,245.452,154.777,102.770,56.979,31.936,13.792
11.94333,340.199,292.510,245.465,154.862,102.758,56.942,31.906,13.863
11.94667,340.144,292.553,245.545,154.875,102.742,57.006,31.868,13.837
11.95000,340.236,292.455,245.479,154.848,102.754,56.938,31.882,13.793
11.95333,340.294,292.545,245.443,154.940,102.761,56.914,31.921,13.832
11.95667,340.263,292.558,245.514,154.921,102.792,57.020,31.962,13.853
11.96000,340.248,292.565,245.540,154.897,102.863,57.024,31.995,13.806
11.96333,340.311,292.613,245.613,154.895,102.757,57.008,31.933,13.858
11.96667,340.279,292.547,245.548,154.861,102.839,56.979,31.934,13.852
11.97000,340.319,292.716,245.591,154.914,102.876,57.003,31.904,13.885
11.97333,340.282,292.676,245.606,154.912,102.811,56.992,31.935,13.846
11.97667,340.268,292.638,245.624,154.935,102.829,56.962,31.930,13.845
11.98000,340.415,292.695,245.683,154.929,102.782,57.128,31.895,13.858
11.98333,340.415,292.641,245.675,154.901,102.823,56.975,31.920,13.868
11.98667,340.397,292.692,245.670,154.956,102.770,57.056,31.957,13.891
11.99000,340.357,292.705,245.626,154.968,102.840,57.022,31.931,13.888
11.99333,340.468,292.726,245.612,154.987,102.828,56.975,31.935,13.845
11.99667,340.429,292.798,245.637,155.033,102.835,57.039,31.939,13.872
12.00000,340.457,292.717,245.701,154.995,102.814,57.010,31.878,13.830
