time_min,A246_mAU,A254_mAU,A261_mAU,A273_mAU,A290_mAU,A324_mAU,A350_mAU,A445_mAU
0.00000,32.370,27.320,23.559,13.740,9.642,6.018,1.986,2.004
0.00333,32.310,27.320,23.580,13.758,9.707,6.082,1.992,1.977
0.00667,32.291,27.412,23.642,13.733,9.653,6.125,1.953,2.067
0.01000,32.362,27.381,23.579,13.810,9.682,6.124,1.979,1.957
0.01333,32.354,27.464,23.585,13.718,9.745,6.044,1.995,2.027
0.01667,32.411,27.436,23.662,13.829,9.630,6.072,2.033,1.984
0.02000,32.405,27.507,23.652,13.796,9.713,6.083,2.011,2.036
0.02333,32.432,27.462,23.638,13.797,9.700,6.142,1.990,1.958
0.02667,32.462,27.546,23.682,13.791,9.731,6.061,1.989,1.995
0.03000,32.539,27.591,23.706,13.823,9.726,6.051,2.077,1.971
0.03333,32.492,27.520,23.713,13.838,9.693,6.105,1.966,1.915
0.03667,32.486,27.622,23.701,13.820,9.659,6.115,2.004,2.024
0.04000,32.592,27.612,23.769,13.797,9.736,6.159,2.065,1.976
0.04333,32.567,27.537,23.788,13.826,9.763,6.146,2.017,1.982
0.04667,32.597,27.630,23.761,13.889,9.734,6.167,2.006,1.917
0.05000,32.619,27.630,23.836,13.859,9.775,6.100,2.038,1.980
0.05333,32.680,27.677,23.794,13.878,9.724,6.161,2.028,2.004
0.05667,32.656,27.684,23.824,13.964,9.776,6.071,2.082,1.923
0.06000,32.702,27.649,23.871,13.949,9.733,6.182,2.072,2.059
0.06333,32.707,27.745,23.858,13.952,9.750,6.046,2.065,2.050
0.06667,32.775,27.771,23.877,13.929,9.756,6.070,2.011,1.915
0.07000,32.755,27.763,23.958,13.911,9.791,6.106,2.069,1.967
0.07333,32.785,27.818,23.855,13.954,9.779,6.158,2.051,2.046
0.07667,32.808,27.812,23.981,14.005,9.724,6.148,2.039,1.990
0.08000,32.870,27.848,23.936,13.964,9.814,6.203,2.063,1.977
0.08333,32.817,27.810,23.954,14.031,9.810,6.177,2.106,1.972
0.08667,32.944,27.887,23.983,13.985,9.805,6.196,2.027,1.984
0.09000,32.902,27.846,23.993,14.009,9.913,6.116,2.082,1.981
0.09333,32.926,27.896,24.030,14.053,9.855,6.203,2.054,1.966
0.09667,32.981,27.933,24.045,14.060,9.796,6.226,2.046,1.964
0.10000,33.022,27.913,24.100,14.013,9.818,6.145,2.077,1.940
0.10333,32.932,28.003,24.080,14.062,9.810,6.177,2.039,2.016
0.10667,33.054,27.966,24.080,14.104,9.833,6.096,2.057,2.008
0.11000,33.051,28.038,24.072,14.078,9.832,6.215,2.048,2.082
0.11333,33.022,27.963,24.124,14.110,9.852,6.186,2.084,1.963
0.11667,33.080,28.082,24.203,14.034,9.855,6.271,2.096,1.988
0.12000,33.126,28.070,24.201,14.075,9.865,6.212,2.109,2.058
0.12333,33.165,28.022,24.214,14.137,9.879,6.179,2.121,2.021
0.12667,33.175,28.077,24.161,14.133,9.938,6.203,2.073,1.999
0.13000,33.215,28.128,24.164,14.084,9.879,6.233,2.157,2.065
0.13333,33.184,28.133,24.226,14.148,9.950,6.290,2.074,2.007
0.13667,33.287,28.170,24.218,14.157,9.926,6.228,2.129,1.985
0.14000,33.288,28.186,24.268,14.184,9.949,6.260,2.130,1.919
0.14333,33.307,28.190,24.245,14.175,9.998,6.205,2.116,2.046
0.14667,33.348,28.214,24.289,14.205,9.931,6.248,2.138,2.011
0.15000,33.334,28.258,24.326,14.184,9.956,6.249,2.136,1.972
0.15333,33.399,28.283,24.309,14.205,9.908,6.243,2.077,2.005
0.15667,33.386,28.300,24.353,14.228,9.954,6.323,2.143,2.070
0.16000,33.439,28.320,24.423,14.222,9.974,6.246,2.112,2.048
0.16333,33.408,28.303,24.438,14.218,9.981,6.299,2.104,2.018
0.16667,33.506,28.346,24.464,14.252,9.952,6.239,2.109,1.979
0.17000,33.572,28.359,24.395,14.180,9.956,6.266,2.155,2.085
0.17333,33.540,28.437,24.453,14.294,10.005,6.238,2.097,2.017
0.17667,33.547,28.400,24.412,14.278,9.974,6.283,2.152,2.091
0.18000,33.576,28.425,24.493,14.239,10.046,6.262,2.155,2.030
0.18333,33.591,28.459,24.530,14.323,10.031,6.287,2.222,2.005
0.18667,33.656,28.439,24.572,14.326,10.071,6.250,2.100,2.059
0.19000,33.584,28.509,24.540,14.365,10.118,6.290,2.093,2.036
0.19333,33.697,28.510,24.576,14.390,9.969,6.304,2.156,2.022
0.19667,33.773,28.509,24.590,14.403,10.056,6.258,2.107,2.057
0.20000,33.776,28.605,24.589,14.366,10.030,6.298,2.147,2.020
0.20333,33.723,28.583,24.604,14.382,10.085,6.288,2.162,2.063
0.20667,33.733,28.601,24.656,14.377,10.113,6.331,2.169,2.018
0.21000,33.797,28.602,24.598,14.352,10.125,6.337,2.063,2.053
0.21333,33.814,28.635,24.638,14.465,10.050,6.318,2.135,2.017
0.21667,33.849,28.698,24.656,14.444,10.067,6.384,2.177,2.078
0.22000,33.901,28.660,24.744,14.424,10.122,6.298,2.184,2.066
0.22333,33.870,28.752,24.733,14.425,10.075,6.344,2.054,2.024
0.22667,33.907,28.746,24.669,14.491,10.075,6.384,2.187,2.042
0.23000,33.965,28.726,24.763,14.485,10.110,6.349,2.232,2.040
0.23333,33.981,28.817,24.758,14.537,10.187,6.429,2.044,2.018
0.23667,33.932,28.823,24.827,14.424,10.188,6.301,2.177,2.082
0.24000,34.023,28.825,24.849,14.524,10.181,6.367,2.176,2.061
0.24333,34.105,28.833,24.865,14.522,10.178,6.325,2.217,1.990
0.24667,34.067,28.838,24.880,14.543,10.188,6.353,2.066,2.085
0.25000,34.083,28.867,24.882,14.571,10.203,6.396,2.207,2.062
0.25333,34.101,28.898,24.905,14.537,10.153,6.338,2.150,2.060
0.25667,34.200,28.923,24.933,14.552,10.155,6.379,2.138,2.086
0.26000,34.120,28.958,24.899,14.592,10.200,6.315,2.141,2.029
0.26333,34.242,28.958,24.966,14.595,10.183,6.373,2.142,2.078
0.26667,34.294,29.099,24.899,14.584,10.184,6.377,2.191,1.987
0.27000,34.231,29.088,25.012,14.625,10.275,6.347,2.144,1.988
0.27333,34.316,29.074,25.045,14.628,10.248,6.438,2.165,2.053
0.27667,34.289,29.080,25.036,14.627,10.219,6.454,2.236,2.051
0.28000,34.352,29.092,25.033,14.598,10.293,6.444,2.173,1.997
0.28333,34.367,29.114,25.053,14.715,10.269,6.415,2.201,2.131
0.28667,34.408,29.075,25.126,14.722,10.250,6.401,2.147,2.093
0.29000,34.436,29.169,25.216,14.704,10.218,6.446,2.165,2.039
0.29333,34.403,29.179,25.115,14.733,10.302,6.365,2.151,2.047
0.29667,34.477,29.214,25.151,14.681,10.312,6.467,2.197,1.981
0.30000,34.474,29.244,25.164,14.687,10.301,6.418,2.178,2.057
0.30333,34.496,29.261,25.198,14.701,10.311,6.439,2.210,2.062
0.30667,34.585,29.240,25.183,14.772,10.246,6.466,2.167,2.126
0.31000,34.586,29.304,25.226,14.686,10.283,6.439,2.224,2.065
0.31333,34.628,29.379,25.233,14.774,10.266,6.469,2.181,2.087
0.31667,34.631,29.369,25.229,14.803,10.274,6.431,2.228,2.018
0.32000,34.704,29.462,25.254,14.797,10.389,6.486,2.179,2.145
0.32333,34.730,29.429,25.280,14.819,10.404,6.498,2.248,2.068
0.32667,34.737,29.426,25.318,14.863,10.361,6.397,2.256,2.107
0.33000,34.704,29.406,25.339,14.877,10.418,6.487,2.216,2.017
0.33333,34.783,29.515,25.283,14.830,10.343,6.462,2.254,2.076
0.33667,34.777,29.459,25.380,14.819,10.390,6.468,2.204,2.043
0.34000,34.821,29.542,25.387,14.826,10.433,6.484,2.289,2.046
0.34333,34.916,29.522,25.415,14.852,10.424,6.431,2.218,2.047
0.34667,34.859,29.571,25.428,14.887,10.451,6.527,2.267,2.092
0.35000,34.916,29.582,25.430,14.935,10.414,6.502,2.228,2.027
0.35333,34.961,29.581,25.478,14.915,10.410,6.487,2.239,2.037
0.35667,34.961,29.628,25.505,14.984,10.416,6.528,2.240,2.071
0.36000,35.016,29.639,25.538,14.931,10.522,6.520,2.240,2.113
0.36333,34.986,29.648,25.545,14.980,10.400,6.536,2.197,2.056
0.36667,35.052,29.723,25.507,14.985,10.473,6.539,2.175,2.072
0.37000,35.069,29.743,25.594,15.016,10.504,6.567,2.264,2.028
0.37333,35.102,29.785,25.494,15.017,10.492,6.469,2.218,2.140
0.37667,35.171,29.827,25.653,15.026,10.546,6.464,2.277,2.099
0.38000,35.088,29.788,25.634,15.070,10.500,6.508,2.242,2.053
0.38333,35.175,29.803,25.631,15.050,10.501,6.515,2.240,2.074
0.38667,35.249,29.858,25.698,15.091,10.567,6.549,2.266,2.081
0.39000,35.247,29.860,25.702,15.027,10.529,6.534,2.238,2.101
0.39333,35.265,29.866,25.693,15.058,10.552,6.590,2.220,2.077
0.39667,35.356,29.976,25.747,15.107,10.458,6.478,2.328,2.169
0.40000,35.274,29.943,25.739,15.130,10.544,6.497,2.299,2.126
0.40333,35.363,29.928,25.775,15.085,10.624,6.619,2.283,2.127
0.40667,35.383,30.040,25.858,15.107,10.581,6.580,2.255,2.095
0.41000,35.470,30.023,25.836,15.154,10.538,6.531,2.295,2.040
0.41333,35.458,30.067,25.818,15.158,10.623,6.601,2.298,2.135
0.41667,35.438,30.050,25.812,15.163,10.575,6.592,2.278,2.133
0.42000,35.535,30.134,25.820,15.227,10.647,6.609,2.305,2.137
0.42333,35.484,30.111,25.925,15.155,10.619,6.608,2.320,2.056
0.42667,35.505,30.169,25.938,15.178,10.559,6.639,2.298,2.010
0.43000,35.632,30.192,25.978,15.203,10.648,6.628,2.298,2.152
0.43333,35.591,30.129,25.919,15.222,10.563,6.626,2.305,2.109
0.43667,35.591,30.188,25.969,15.275,10.680,6.624,2.257,2.134
0.44000,35.710,30.230,26.029,15.215,10.665,6.605,2.303,2.114
0.44333,35.659,30.294,25.987,15.231,10.638,6.675,2.284,2.119
0.44667,35.746,30.306,26.024,15.253,10.657,6.603,2.281,2.113
0.45000,35.827,30.279,26.049,15.262,10.683,6.580,2.295,2.142
0.45333,35.811,30.353,26.100,15.297,10.625,6.639,2.260,2.091
0.45667,35.803,30.375,26.094,15.371,10.663,6.623,2.317,2.103
0.46000,35.848,30.410,26.100,15.294,10.688,6.692,2.337,2.181
0.46333,35.869,30.381,26.142,15.393,10.699,6.670,2.323,2.047
0.46667,35.899,30.464,26.162,15.343,10.752,6.646,2.338,2.120
0.47000,35.938,30.427,26.208,15.424,10.696,6.680,2.309,2.122
0.47333,35.918,30.481,26.174,15.390,10.826,6.724,2.360,2.115
0.47667,35.943,30.531,26.189,15.401,10.786,6.633,2.304,2.166
0.48000,36.069,30.564,26.270,15.361,10.719,6.757,2.318,2.105
0.48333,36.098,30.554,26.305,15.430,10.747,6.698,2.375,2.093
0.48667,36.145,30.544,26.239,15.415,10.727,6.686,2.291,2.184
0.49000,36.121,30.607,26.318,15.459,10.735,6.657,2.359,2.174
0.49333,36.180,30.644,26.308,15.423,10.808,6.796,2.379,2.126
0.49667,36.220,30.628,26.332,15.445,10.783,6.708,2.324,2.073
0.50000,36.223,30.696,26.398,15.409,10.779,6.734,2.356,2.135
0.50333,36.235,30.751,26.371,15.496,10.784,6.719,2.345,2.169
0.50667,36.240,30.727,26.372,15.480,10.873,6.710,2.344,2.161
0.51000,36.296,30.771,26.481,15.563,10.898,6.712,2.386,2.130
0.51333,36.348,30.855,26.473,15.555,10.875,6.691,2.375,2.187
0.51667,36.323,30.830,26.499,15.555,10.870,6.718,2.397,2.138
0.52000,36.348,30.874,26.498,15.514,10.879,6.719,2.385,2.138
0.52333,36.430,30.924,26.486,15.548,10.826,6.736,2.371,2.149
0.52667,36.430,30.897,26.491,15.569,10.890,6.746,2.394,2.081
0.53000,36.486,30.847,26.526,15.642,10.913,6.792,2.322,2.113
0.53333,36.510,30.989,26.610,15.593,10.845,6.867,2.412,2.186
0.53667,36.553,30.955,26.651,15.652,10.889,6.805,2.384,2.214
0.54000,36.556,30.995,26.640,15.620,10.895,6.755,2.373,2.094
0.54333,36.682,31.005,26.718,15.666,10.951,6.814,2.466,2.129
0.54667,36.564,31.122,26.705,15.714,10.917,6.718,2.399,2.192
0.55000,36.676,31.097,26.690,15.691,10.921,6.799,2.340,2.147
0.55333,36.663,31.144,26.752,15.693,10.990,6.765,2.398,2.189
0.55667,36.757,31.116,26.768,15.772,10.974,6.802,2.402,2.119
0.56000,36.781,31.211,26.832,15.809,11.000,6.798,2.367,2.197
0.56333,36.804,31.238,26.761,15.735,10.914,6.815,2.480,2.183
0.56667,36.887,31.171,26.797,15.751,10.963,6.781,2.378,2.200
0.57000,36.797,31.284,26.833,15.775,10.929,6.812,2.382,2.137
0.57333,36.925,31.250,26.826,15.724,11.031,6.862,2.442,2.099
0.57667,36.884,31.236,26.938,15.787,10.989,6.801,2.429,2.141
0.58000,36.954,31.325,26.968,15.786,11.040,6.822,2.473,2.174
0.58333,37.013,31.324,27.000,15.841,11.030,6.905,2.426,2.141
0.58667,37.021,31.358,26.973,15.902,11.049,6.890,2.353,2.145
0.59000,37.031,31.360,26.988,15.817,11.048,6.849,2.376,2.171
0.59333,36.988,31.395,26.996,15.853,11.106,6.850,2.411,2.155
0.59667,37.146,31.427,27.055,15.903,11.057,6.803,2.437,2.210
0.60000,37.125,31.479,27.072,15.937,11.086,6.868,2.458,2.081
0.60333,37.137,31.525,27.091,15.846,11.133,6.877,2.455,2.129
0.60667,37.165,31.565,27.164,15.958,11.124,6.908,2.404,2.141
0.61000,37.282,31.523,27.072,15.912,11.098,6.934,2.451,2.234
0.61333,37.279,31.594,27.143,15.895,11.094,6.881,2.466,2.101
0.61667,37.321,31.673,27.156,15.974,11.185,6.865,2.431,2.185
0.62000,37.336,31.636,27.192,15.993,11.117,6.949,2.416,2.201
0.62333,37.322,31.754,27.226,16.000,11.179,6.920,2.462,2.165
0.62667,37.362,31.776,27.206,16.024,11.113,6.920,2.386,2.217
0.63000,37.399,31.719,27.211,16.059,11.199,6.920,2.460,2.155
0.63333,37.475,31.733,27.325,16.027,11.220,6.960,2.461,2.142
0.63667,37.417,31.832,27.338,16.050,11.183,6.973,2.481,2.157
0.64000,37.488,31.814,27.304,16.123,11.194,6.944,2.494,2.198
0.64333,37.558,31.837,27.373,16.084,11.275,6.974,2.501,2.208
0.64667,37.622,31.876,27.386,16.040,11.224,6.940,2.457,2.147
0.65000,37.596,31.843,27.366,16.120,11.291,6.947,2.475,2.176
0.65333,37.630,31.941,27.414,16.113,11.273,6.930,2.458,2.169
0.65667,37.671,31.909,27.472,16.178,11.275,6.994,2.477,2.134
0.66000,37.679,31.981,27.489,16.163,11.214,6.960,2.423,2.192
0.66333,37.750,32.065,27.505,16.252,11.304,7.014,2.497,2.230
0.66667,37.757,32.126,27.522,16.247,11.287,6.959,2.475,2.187
0.67000,37.826,32.087,27.505,16.188,11.365,7.024,2.463,2.246
0.67333,37.803,32.124,27.595,16.241,11.234,6.904,2.468,2.226
0.67667,37.889,32.101,27.572,16.207,11.319,6.940,2.550,2.204
0.68000,37.897,32.176,27.549,16.272,11.388,6.966,2.547,2.248
0.68333,37.988,32.241,27.669,16.300,11.330,6.984,2.483,2.161
0.68667,37.989,32.212,27.703,16.268,11.398,7.029,2.487,2.222
0.69000,37.944,32.199,27.694,16.336,11.332,7.079,2.528,2.244
0.69333,38.014,32.280,27.672,16.264,11.324,7.026,2.533,2.236
0.69667,38.027,32.302,27.758,16.304,11.360,7.046,2.505,2.182
0.70000,38.138,32.339,27.692,16.396,11.386,7.016,2.529,2.149
0.70333,38.182,32.308,27.761,16.360,11.355,6.991,2.552,2.146
0.70667,38.138,32.327,27.827,16.394,11.458,7.040,2.557,2.176
0.71000,38.214,32.368,27.797,16.347,11.387,7.077,2.573,2.196
0.71333,38.271,32.435,27.803,16.462,11.416,7.076,2.556,2.206
0.71667,38.266,32.394,27.867,16.432,11.482,7.045,2.582,2.174
0.72000,38.271,32.477,27.841,16.421,11.381,7.078,2.460,2.252
0.72333,38.323,32.512,27.939,16.522,11.447,7.075,2.564,2.166
0.72667,38.370,32.606,27.927,16.472,11.473,7.086,2.592,2.204
0.73000,38.371,32.587,27.944,16.460,11.525,7.105,2.531,2.249
0.73333,38.460,32.631,28.009,16.514,11.476,7.088,2.574,2.172
0.73667,38.489,32.648,28.046,16.561,11.515,7.148,2.647,2.229
0.74000,38.459,32.670,28.043,16.593,11.436,7.123,2.558,2.186
0.74333,38.642,32.656,28.068,16.581,11.509,7.055,2.547,2.266
0.74667,38.540,32.702,28.089,16.536,11.536,7.112,2.564,2.197
0.75000,38.562,32.695,28.089,16.557,11.559,7.130,2.509,2.195
0.75333,38.637,32.741,28.157,16.653,11.514,7.160,2.561,2.232
0.75667,38.653,32.873,28.210,16.659,11.583,7.091,2.552,2.273
0.76000,38.684,32.832,28.190,16.584,11.605,7.139,2.595,2.293
0.76333,38.775,32.870,28.191,16.663,11.633,7.132,2.606,2.303
0.76667,38.833,32.869,28.173,16.634,11.639,7.142,2.627,2.188
0.77000,38.827,32.925,28.259,16.640,11.625,7.136,2.580,2.272
0.77333,38.854,32.976,28.305,16.717,11.618,7.169,2.581,2.250
0.77667,38.873,32.968,28.396,16.766,11.578,7.143,2.556,2.192
0.78000,38.901,33.016,28.341,16.691,11.653,7.217,2.580,2.269
0.78333,38.972,33.007,28.352,16.689,11.617,7.132,2.576,2.183
0.78667,39.013,33.083,28.423,16.710,11.618,7.213,2.584,2.234
0.79000,39.024,33.157,28.422,16.718,11.693,7.176,2.593,2.292
0.79333,39.031,33.137,28.471,16.841,11.713,7.182,2.602,2.299
0.79667,39.077,33.198,28.485,16.760,11.685,7.223,2.579,2.199
0.80000,39.206,33.184,28.492,16.800,11.715,7.187,2.695,2.177
0.80333,39.208,33.183,28.556,16.838,11.667,7.249,2.548,2.301
0.80667,39.247,33.229,28.535,16.902,11.708,7.277,2.659,2.261
0.81000,39.269,33.273,28.535,16.887,11.698,7.263,2.585,2.275
0.81333,39.291,33.399,28.637,16.839,11.716,7.205,2.646,2.296
0.81667,39.313,33.358,28.584,16.854,11.792,7.185,2.678,2.285
0.82000,39.326,33.318,28.674,16.914,11.721,7.270,2.632,2.281
0.82333,39.441,33.470,28.660,16.960,11.752,7.286,2.655,2.207
0.82667,39.419,33.487,28.774,16.994,11.755,7.263,2.633,2.270
0.83000,39.456,33.424,28.772,16.890,11.807,7.241,2.697,2.273
0.83333,39.456,33.467,28.781,16.969,11.767,7.283,2.687,2.289
0.83667,39.476,33.563,28.816,17.045,11.758,7.252,2.676,2.249
0.84000,39.528,33.571,28.819,17.004,11.795,7.224,2.695,2.303
0.84333,39.567,33.621,28.827,17.039,11.780,7.307,2.656,2.304
0.84667,39.679,33.626,28.804,17.013,11.862,7.303,2.641,2.243
0.85000,39.667,33.638,28.931,17.073,11.837,7.285,2.663,2.241
0.85333,39.738,33.620,28.883,17.048,11.849,7.230,2.696,2.265
0.85667,39.704,33.665,28.898,17.123,11.878,7.250,2.626,2.282
0.86000,39.745,33.774,28.938,17.104,11.901,7.305,2.689,2.181
0.86333,39.841,33.877,28.948,17.212,11.821,7.307,2.663,2.254
0.86667,39.827,33.815,29.006,17.104,11.899,7.315,2.638,2.296
0.87000,39.933,33.862,29.031,17.132,11.970,7.374,2.541,2.268
0.87333,39.903,33.903,29.080,17.149,11.942,7.299,2.728,2.303
0.87667,39.974,33.891,29.100,17.176,11.992,7.358,2.646,2.249
0.88000,39.991,33.890,29.093,17.164,11.957,7.352,2.710,2.305
0.88333,40.091,33.969,29.158,17.217,11.924,7.358,2.687,2.380
0.88667,40.061,34.020,29.219,17.252,11.986,7.330,2.736,2.260
0.89000,40.093,34.045,29.183,17.239,11.971,7.350,2.697,2.355
0.89333,40.158,34.067,29.148,17.264,12.000,7.371,2.640,2.315
0.89667,40.197,34.111,29.276,17.272,12.015,7.393,2.744,2.335
0.90000,40.221,34.176,29.252,17.292,11.969,7.387,2.723,2.217
0.90333,40.304,34.165,29.314,17.256,12.036,7.390,2.712,2.275
0.90667,40.252,34.197,29.317,17.283,12.013,7.387,2.638,2.316
0.91000,40.338,34.240,29.364,17.347,12.035,7.428,2.738,2.317
0.91333,40.334,34.279,29.430,17.393,12.097,7.426,2.677,2.337
0.91667,40.369,34.311,29.433,17.403,12.082,7.468,2.747,2.261
0.92000,40.413,34.364,29.437,17.435,12.129,7.419,2.722,2.272
0.92333,40.480,34.316,29.454,17.395,12.122,7.408,2.732,2.341
0.92667,40.578,34.342,29.467,17.461,12.085,7.463,2.737,2.334
0.93000,40.499,34.425,29.479,17.408,12.106,7.426,2.698,2.330
0.93333,40.596,34.403,29.559,17.455,12.053,7.455,2.729,2.325
0.93667,40.617,34.486,29.513,17.450,12.153,7.533,2.741,2.358
0.94000,40.679,34.488,29.571,17.552,12.197,7.479,2.777,2.278
0.94333,40.718,34.568,29.642,17.498,12.172,7.425,2.696,2.289
0.94667,40.778,34.643,29.707,17.546,12.180,7.431,2.790,2.360
0.95000,40.787,34.653,29.667,17.602,12.180,7.420,2.743,2.268
0.95333,40.771,34.720,29.749,17.529,12.204,7.524,2.797,2.316
0.95667,40.875,34.687,29.781,17.593,12.245,7.495,2.781,2.311
0.96000,40.969,34.668,29.755,17.602,12.283,7.525,2.753,2.302
0.96333,40.956,34.794,29.797,17.659,12.266,7.406,2.773,2.391
0.96667,40.988,34.739,29.839,17.620,12.231,7.560,2.784,2.347
0.97000,41.087,34.806,29.874,17.711,12.345,7.489,2.744,2.342
0.97333,41.054,34.866,29.893,17.718,12.274,7.529,2.789,2.341
0.97667,41.095,34.962,29.915,17.708,12.244,7.500,2.779,2.299
0.98000,41.110,34.945,29.970,17.659,12.358,7.504,2.743,2.361
0.98333,41.199,34.944,29.959,17.691,12.291,7.556,2.763,2.378
0.98667,41.216,34.958,29.997,17.781,12.290,7.553,2.808,2.359
0.99000,41.284,34.981,30.033,17.768,12.374,7.540,2.802,2.306
0.99333,41.362,35.012,30.060,17.768,12.325,7.560,2.819,2.397
0.99667,41.413,35.077,30.161,17.826,12.366,7.530,2.754,2.333
1.00000,41.301,35.085,30.130,17.805,12.393,7.558,2.775,2.337
1.00333,41.374,35.128,30.117,17.779,12.382,7.549,2.812,2.312
1.00667,41.395,35.227,30.141,17.819,12.386,7.536,2.865,2.337
1.01000,41.473,35.179,30.150,17.889,12.438,7.564,2.829,2.364
1.01333,41.478,35.231,30.226,17.905,12.431,7.535,2.864,2.333
1.01667,41.622,35.331,30.269,17.894,12.422,7.638,2.855,2.357
1.02000,41.614,35.306,30.203,17.908,12.385,7.602,2.794,2.335
1.02333,41.690,35.305,30.366,17.950,12.418,7.608,2.772,2.360
1.02667,41.732,35.426,30.302,17.933,12.444,7.634,2.866,2.353
1.03000,41.762,35.369,30.331,17.973,12.484,7.606,2.818,2.384
1.03333,41.778,35.491,30.313,18.097,12.499,7.606,2.809,2.332
1.03667,41.778,35.502,30.451,17.907,12.482,7.639,2.852,2.298
1.04000,41.879,35.500,30.467,18.055,12.510,7.628,2.851,2.402
1.04333,41.834,35.566,30.485,18.096,12.608,7.604,2.886,2.289
1.04667,41.942,35.607,30.536,18.084,12.490,7.712,2.848,2.354
1.05000,41.992,35.703,30.533,18.063,12.507,7.736,2.900,2.334
1.05333,42.075,35.619,30.525,18.186,12.546,7.659,2.853,2.317
1.05667,42.033,35.687,30.656,18.119,12.537,7.640,2.887,2.395
1.06000,42.093,35.769,30.626,18.126,12.578,7.746,2.925,2.416
1.06333,42.136,35.785,30.628,18.182,12.542,7.611,2.817,2.424
1.06667,42.157,35.855,30.688,18.179,12.579,7.665,2.943,2.310
1.07000,42.245,35.882,30.700,18.199,12.617,7.667,2.899,2.378
1.07333,42.278,35.818,30.709,18.306,12.592,7.685,2.892,2.422
1.07667,42.268,35.938,30.792,18.247,12.623,7.736,2.875,2.349
1.08000,42.306,35.965,30.833,18.267,12.681,7.772,2.941,2.305
1.08333,42.398,35.911,30.798,18.285,12.685,7.754,2.880,2.383
1.08667,42.430,36.026,30.903,18.292,12.692,7.718,2.947,2.397
1.09000,42.466,36.101,30.823,18.359,12.702,7.742,2.974,2.331
1.09333,42.500,36.143,30.900,18.305,12.765,7.780,2.926,2.368
1.09667,42.536,36.098,30.975,18.304,12.734,7.764,2.898,2.406
1.10000,42.556,36.110,31.009,18.267,12.694,7.765,2.915,2.344
1.10333,42.626,36.206,30.975,18.382,12.700,7.785,2.966,2.393
1.10667,42.684,36.188,31.025,18.420,12.784,7.818,2.985,2.413
1.11000,42.727,36.279,31.087,18.412,12.805,7.825,2.923,2.391
1.11333,42.781,36.303,31.155,18.429,12.735,7.791,2.900,2.395
1.11667,42.792,36.301,31.107,18.502,12.864,7.878,2.945,2.426
1.12000,42.818,36.371,31.174,18.448,12.837,7.861,3.033,2.379
1.12333,42.909,36.383,31.164,18.420,12.816,7.786,2.989,2.413
1.12667,42.920,36.464,31.222,18.512,12.884,7.774,2.910,2.409
1.13000,42.971,36.510,31.227,18.571,12.882,7.827,2.959,2.395
1.13333,43.030,36.591,31.301,18.600,12.905,7.850,2.975,2.423
1.13667,43.065,36.525,31.254,18.582,12.904,7.842,2.979,2.372
1.14000,43.112,36.601,31.412,18.633,12.850,7.853,2.940,2.380
1.14333,43.119,36.645,31.364,18.613,12.889,7.844,2.938,2.368
1.14667,43.183,36.631,31.382,18.634,12.907,7.826,3.017,2.400
1.15000,43.222,36.686,31.436,18.696,12.912,7.824,2.942,2.398
1.15333,43.265,36.699,31.424,18.696,12.944,7.964,2.993,2.410
1.15667,43.333,36.733,31.506,18.705,12.946,7.829,2.987,2.425
1.16000,43.335,36.779,31.541,18.635,12.987,7.855,3.068,2.400
1.16333,43.370,36.897,31.524,18.718,13.016,7.923,3.026,2.407
1.16667,43.470,36.880,31.629,18.733,12.981,7.955,3.059,2.447
1.17000,43.434,36.902,31.577,18.721,12.953,7.907,3.056,2.372
1.17333,43.578,36.934,31.657,18.831,12.976,7.859,2.979,2.433
1.17667,43.542,36.956,31.666,18.836,13.017,7.912,2.976,2.469
1.18000,43.556,37.072,31.753,18.867,13.018,7.919,3.047,2.481
1.18333,43.674,37.049,31.754,18.874,12.949,7.926,3.062,2.441
1.18667,43.710,37.121,31.781,18.924,13.109,7.941,3.091,2.504
1.19000,43.747,37.142,31.811,18.875,13.063,7.946,3.096,2.438
1.19333,43.746,37.165,31.811,18.915,13.081,7.963,2.954,2.397
1.19667,43.843,37.204,31.848,18.911,13.138,7.901,3.013,2.461
1.20000,43.901,37.244,31.959,18.915,13.102,8.020,3.025,2.452
1.20333,43.884,37.300,31.951,19.001,13.130,7.952,3.021,2.374
1.20667,43.914,37.352,32.010,18.945,13.064,7.994,3.039,2.447
1.21000,44.012,37.388,31.923,18.944,13.122,8.016,3.052,2.380
1.21333,43.984,37.430,32.070,18.995,13.163,8.021,3.067,2.471
1.21667,44.058,37.453,32.038,19.075,13.186,8.012,3.068,2.401
1.22000,44.083,37.439,32.125,19.026,13.262,8.059,3.071,2.493
1.22333,44.215,37.525,32.145,19.041,13.173,8.006,3.090,2.464
1.22667,44.249,37.570,32.132,19.134,13.192,8.033,3.085,2.468
1.23000,44.192,37.637,32.147,19.078,13.237,8.056,3.010,2.471
1.23333,44.291,37.605,32.249,19.172,13.296,7.993,3.085,2.455
1.23667,44.353,37.688,32.234,19.130,13.271,8.094,3.093,2.473
1.24000,44.416,37.696,32.304,19.134,13.236,8.034,3.037,2.443
1.24333,44.474,37.773,32.303,19.198,13.316,8.078,3.121,2.518
1.24667,44.486,37.737,32.352,19.138,13.311,8.049,3.114,2.480
1.25000,44.530,37.820,32.297,19.228,13.276,8.090,3.090,2.422
1.25333,44.559,37.836,32.425,19.232,13.296,8.111,3.103,2.458
1.25667,44.699,37.888,32.402,19.313,13.371,8.162,3.093,2.450
1.26000,44.659,37.948,32.466,19.322,13.319,8.111,3.093,2.457
1.26333,44.730,37.968,32.540,19.367,13.367,8.138,3.042,2.472
1.26667,44.736,37.990,32.576,19.320,13.385,8.175,3.120,2.472
1.27000,44.803,38.001,32.582,19.340,13.376,8.101,3.144,2.470
1.27333,44.864,38.126,32.610,19.387,13.469,8.189,3.106,2.446
1.27667,44.898,38.113,32.697,19.402,13.491,8.137,3.183,2.411
1.28000,44.945,38.091,32.659,19.437,13.427,8.203,3.107,2.500
1.28333,45.027,38.165,32.699,19.468,13.480,8.150,3.121,2.473
1.28667,45.052,38.239,32.758,19.431,13.464,8.180,3.167,2.464
1.29000,45.074,38.312,32.805,19.456,13.499,8.171,3.194,2.449
1.29333,45.107,38.331,32.784,19.474,13.528,8.206,3.160,2.513
1.29667,45.167,38.271,32.829,19.515,13.494,8.177,3.152,2.516
1.30000,45.188,38.422,32.867,19.518,13.602,8.275,3.130,2.475
1.30333,45.309,38.463,32.881,19.579,13.546,8.291,3.119,2.468
1.30667,45.281,38.414,32.953,19.634,13.582,8.242,3.191,2.422
1.31000,45.334,38.542,32.995,19.596,13.574,8.246,3.179,2.537
1.31333,45.401,38.466,32.971,19.615,13.552,8.262,3.176,2.459
1.31667,45.357,38.593,33.085,19.690,13.602,8.233,3.260,2.512
1.32000,45.450,38.635,33.023,19.673,13.623,8.212,3.179,2.521
1.32333,45.492,38.685,33.128,19.665,13.603,8.245,3.163,2.470
1.32667,45.553,38.727,33.160,19.757,13.643,8.298,3.189,2.566
1.33000,45.590,38.825,33.229,19.723,13.691,8.274,3.224,2.546
1.33333,45.623,38.819,33.282,19.796,13.642,8.224,3.206,2.571
1.33667,45.737,38.823,33.294,19.760,13.664,8.239,3.264,2.518
1.34000,45.786,38.864,33.274,19.829,13.640,8.292,3.214,2.489
1.34333,45.824,38.871,33.351,19.856,13.732,8.349,3.170,2.524
1.34667,45.934,38.991,33.370,19.812,13.746,8.341,3.184,2.528
1.35000,45.926,38.966,33.381,19.866,13.662,8.315,3.300,2.486
1.35333,45.893,38.977,33.399,19.881,13.687,8.354,3.306,2.504
1.35667,45.959,39.126,33.472,19.967,13.753,8.352,3.236,2.564
1.36000,46.017,39.065,33.471,19.951,13.767,8.322,3.285,2.543
1.36333,46.091,39.139,33.491,19.938,13.787,8.335,3.227,2.565
1.36667,46.123,39.237,33.550,19.952,13.727,8.405,3.243,2.574
1.37000,46.169,39.230,33.587,19.906,13.884,8.346,3.274,2.505
1.37333,46.228,39.328,33.626,20.023,13.854,8.425,3.278,2.573
1.37667,46.264,39.281,33.684,20.043,13.871,8.366,3.291,2.530
1.38000,46.284,39.382,33.661,20.046,13.834,8.428,3.260,2.592
1.38333,46.368,39.415,33.722,20.094,13.809,8.416,3.290,2.545
1.38667,46.477,39.510,33.753,20.117,13.859,8.407,3.288,2.503
1.39000,46.476,39.485,33.738,20.200,13.826,8.401,3.302,2.634
1.39333,46.555,39.499,33.862,20.085,13.974,8.458,3.306,2.562
1.39667,46.608,39.600,33.853,20.181,13.921,8.477,3.318,2.550
1.40000,46.653,39.567,33.896,20.155,13.947,8.503,3.337,2.580
1.40333,46.679,39.671,33.879,20.241,13.970,8.394,3.270,2.573
1.40667,46.652,39.732,33.976,20.256,13.936,8.494,3.324,2.459
1.41000,46.802,39.730,34.013,20.295,13.997,8.445,3.299,2.529
1.41333,46.820,39.786,34.101,20.261,13.977,8.400,3.335,2.563
1.41667,46.874,39.847,34.041,20.357,14.033,8.498,3.238,2.537
1.42000,46.862,39.867,34.092,20.345,14.058,8.486,3.319,2.508
1.42333,47.007,39.915,34.166,20.339,14.052,8.491,3.314,2.529
1.42667,47.043,40.001,34.181,20.353,14.078,8.536,3.299,2.567
1.43000,47.096,40.016,34.193,20.396,14.091,8.534,3.347,2.539
1.43333,47.110,40.044,34.176,20.407,14.060,8.551,3.350,2.559
1.43667,47.168,40.106,34.345,20.474,14.063,8.561,3.370,2.576
1.44000,47.189,40.115,34.285,20.453,14.170,8.535,3.384,2.585
1.44333,47.272,40.181,34.399,20.486,14.071,8.490,3.362,2.568
1.44667,47.360,40.194,34.367,20.450,14.191,8.502,3.375,2.607
1.45000,47.324,40.299,34.439,20.553,14.120,8.537,3.336,2.532
1.45333,47.485,40.266,34.486,20.512,14.217,8.584,3.386,2.603
1.45667,47.417,40.336,34.484,20.592,14.113,8.569,3.347,2.584
1.46000,47.586,40.413,34.510,20.609,14.241,8.600,3.385,2.592
1.46333,47.589,40.419,34.520,20.586,14.221,8.618,3.401,2.642
1.46667,47.656,40.446,34.618,20.591,14.242,8.583,3.442,2.519
1.47000,47.622,40.574,34.617,20.648,14.218,8.670,3.430,2.610
1.47333,47.723,40.501,34.649,20.670,14.292,8.588,3.411,2.578
1.47667,47.767,40.620,34.717,20.751,14.332,8.651,3.362,2.596
1.48000,47.780,40.641,34.747,20.760,14.258,8.582,3.365,2.565
1.48333,47.868,40.706,34.806,20.780,14.388,8.689,3.379,2.582
1.48667,47.866,40.766,34.874,20.846,14.340,8.670,3.433,2.615
1.49000,47.930,40.722,34.818,20.795,14.320,8.677,3.368,2.606
1.49333,48.025,40.789,34.851,20.788,14.338,8.622,3.415,2.596
1.49667,48.074,40.825,34.940,20.824,14.445,8.702,3.423,2.611
1.50000,48.122,40.921,34.908,20.887,14.397,8.737,3.409,2.714
1.50333,48.193,40.889,35.047,20.899,14.357,8.660,3.415,2.582
1.50667,48.236,40.978,35.053,20.938,14.483,8.697,3.392,2.602
1.51000,48.280,41.015,35.078,20.945,14.403,8.737,3.490,2.586
1.51333,48.327,41.020,35.091,20.954,14.458,8.771,3.429,2.609
1.51667,48.376,41.059,35.172,20.943,14.447,8.665,3.547,2.657
1.52000,48.445,41.126,35.177,20.966,14.525,8.749,3.472,2.614
1.52333,48.508,41.229,35.250,20.989,14.510,8.773,3.436,2.598
1.52667,48.585,41.255,35.264,21.025,14.528,8.759,3.460,2.629
1.53000,48.623,41.279,35.260,21.142,14.500,8.786,3.512,2.616
1.53333,48.578,41.394,35.317,21.129,14.526,8.738,3.491,2.606
1.53667,48.682,41.342,35.370,21.056,14.521,8.793,3.442,2.587
1.54000,48.746,41.412,35.478,21.087,14.623,8.750,3.460,2.662
1.54333,48.807,41.472,35.487,21.176,14.610,8.822,3.484,2.611
1.54667,48.879,41.535,35.439,21.201,14.549,8.810,3.503,2.698
1.55000,48.882,41.515,35.507,21.203,14.636,8.762,3.473,2.621
1.55333,48.937,41.541,35.516,21.154,14.643,8.881,3.454,2.642
1.55667,49.029,41.601,35.608,21.298,14.686,8.870,3.474,2.595
1.56000,49.047,41.770,35.617,21.261,14.671,8.761,3.489,2.596
1.56333,49.116,41.780,35.597,21.269,14.729,8.847,3.523,2.625
1.56667,49.121,41.741,35.759,21.291,14.653,8.826,3.530,2.705
1.57000,49.221,41.801,35.814,21.338,14.702,8.871,3.515,2.642
1.57333,49.301,41.834,35.785,21.368,14.771,8.860,3.562,2.662
1.57667,49.172,41.888,35.749,21.364,14.726,8.912,3.515,2.686
1.58000,49.438,41.938,35.821,21.466,14.786,8.908,3.550,2.617
1.58333,49.440,41.993,35.887,21.399,14.818,8.915,3.545,2.638
1.58667,49.524,42.054,35.936,21.520,14.863,8.887,3.508,2.662
1.59000,49.498,42.088,35.926,21.423,14.793,8.843,3.584,2.689
1.59333,49.675,42.149,36.003,21.478,14.811,8.877,3.544,2.605
1.59667,49.576,42.216,36.029,21.553,14.808,8.943,3.575,2.682
1.60000,49.744,42.199,36.124,21.598,14.848,8.906,3.589,2.658
1.60333,49.751,42.200,36.107,21.623,14.860,8.951,3.544,2.668
1.60667,49.780,42.333,36.173,21.597,14.929,9.005,3.663,2.671
1.61000,49.862,42.346,36.170,21.633,14.906,8.930,3.582,2.673
1.61333,49.895,42.394,36.216,21.702,14.904,8.933,3.597,2.617
1.61667,49.968,42.414,36.340,21.625,14.949,8.997,3.643,2.702
1.62000,50.021,42.496,36.360,21.703,14.931,8.974,3.605,2.713
1.62333,50.087,42.490,36.334,21.758,14.987,8.982,3.603,2.764
1.62667,50.085,42.617,36.399,21.734,15.047,9.051,3.589,2.701
1.63000,50.235,42.579,36.468,21.771,15.100,9.066,3.657,2.698
1.63333,50.263,42.675,36.487,21.786,15.041,9.039,3.601,2.732
1.63667,50.258,42.766,36.503,21.825,15.034,9.038,3.705,2.687
1.64000,50.272,42.730,36.625,21.864,15.038,9.035,3.623,2.707
1.64333,50.314,42.826,36.633,21.775,14.998,9.036,3.620,2.737
1.64667,50.418,42.856,36.680,21.827,15.139,9.045,3.630,2.711
1.65000,50.548,42.887,36.622,21.901,15.077,9.023,3.624,2.725
1.65333,50.510,43.006,36.722,21.881,15.165,9.072,3.581,2.718
1.65667,50.621,42.944,36.708,21.976,15.174,9.123,3.685,2.754
1.66000,50.667,43.090,36.731,22.012,15.121,9.020,3.725,2.667
1.66333,50.707,43.057,36.770,22.035,15.142,9.097,3.655,2.812
1.66667,50.785,43.097,36.874,22.096,15.229,9.099,3.590,2.758
1.67000,50.878,43.178,36.950,22.104,15.214,9.139,3.629,2.703
1.67333,50.890,43.271,36.935,22.119,15.243,9.175,3.703,2.712
1.67667,50.925,43.356,36.990,22.064,15.217,9.168,3.692,2.753
1.68000,50.991,43.327,37.057,22.118,15.245,9.206,3.661,2.805
1.68333,51.031,43.371,37.000,22.208,15.262,9.145,3.714,2.706
1.68667,51.038,43.409,37.089,22.229,15.292,9.145,3.714,2.749
1.69000,51.138,43.448,37.218,22.200,15.297,9.153,3.746,2.749
1.69333,51.187,43.534,37.203,22.254,15.313,9.273,3.741,2.737
1.69667,51.219,43.584,37.204,22.244,15.341,9.222,3.673,2.782
1.70000,51.322,43.630,37.284,22.254,15.352,9.215,3.666,2.735
1.70333,51.379,43.697,37.314,22.377,15.349,9.304,3.693,2.737
1.70667,51.421,43.724,37.343,22.346,15.348,9.151,3.758,2.675
1.71000,51.464,43.786,37.421,22.409,15.411,9.290,3.748,2.744
1.71333,51.521,43.833,37.438,22.419,15.353,9.252,3.734,2.710
1.71667,51.614,43.820,37.448,22.503,15.464,9.209,3.703,2.703
1.72000,51.709,43.870,37.536,22.466,15.406,9.307,3.729,2.799
1.72333,51.726,44.001,37.573,22.528,15.446,9.346,3.794,2.733
1.72667,51.698,44.021,37.562,22.522,15.516,9.260,3.716,2.725
1.73000,51.863,44.048,37.646,22.549,15.536,9.271,3.738,2.785
1.73333,51.849,44.126,37.652,22.571,15.476,9.303,3.811,2.720
1.73667,51.980,44.183,37.760,22.577,15.549,9.311,3.769,2.719
1.74000,51.973,44.157,37.784,22.652,15.601,9.363,3.777,2.799
1.74333,52.066,44.244,37.803,22.630,15.554,9.379,3.768,2.759
1.74667,52.113,44.311,37.852,22.616,15.590,9.307,3.729,2.764
1.75000,52.164,44.291,37.880,22.668,15.672,9.382,3.732,2.749
1.75333,52.229,44.368,37.916,22.695,15.632,9.315,3.792,2.742
1.75667,52.272,44.450,37.938,22.701,15.636,9.414,3.763,2.786
1.76000,52.357,44.461,38.044,22.746,15.681,9.382,3.765,2.823
1.76333,52.401,44.555,38.012,22.783,15.633,9.304,3.751,2.818
1.76667,52.472,44.537,38.110,22.806,15.679,9.416,3.790,2.746
1.77000,52.549,44.628,38.147,22.848,15.729,9.426,3.898,2.758
1.77333,52.582,44.724,38.181,22.817,15.671,9.400,3.800,2.811
1.77667,52.623,44.780,38.278,22.893,15.744,9.429,3.887,2.831
1.78000,52.723,44.793,38.286,22.936,15.795,9.418,3.829,2.827
1.78333,52.769,44.874,38.271,22.969,15.784,9.456,3.840,2.762
1.78667,52.794,44.903,38.321,22.980,15.841,9.407,3.865,2.799
1.79000,52.860,44.940,38.382,23.005,15.797,9.493,3.848,2.849
1.79333,52.960,45.075,38.421,23.065,15.878,9.487,3.817,2.814
1.79667,53.033,45.022,38.444,23.076,15.739,9.488,3.841,2.787
1.80000,53.049,45.070,38.524,23.080,15.891,9.498,3.853,2.734
1.80333,53.095,45.142,38.550,23.165,15.853,9.458,3.875,2.740
1.80667,53.153,45.194,38.611,23.178,15.928,9.501,3.906,2.837
1.81000,53.218,45.228,38.588,23.175,15.939,9.482,3.886,2.857
1.81333,53.305,45.326,38.651,23.114,15.946,9.500,3.916,2.780
1.81667,53.325,45.366,38.709,23.198,15.934,9.595,3.864,2.785
1.82000,53.370,45.401,38.769,23.225,16.028,9.546,3.858,2.797
1.82333,53.392,45.456,38.818,23.288,16.025,9.548,3.910,2.794
1.82667,53.522,45.486,38.834,23.305,15.994,9.582,3.906,2.816
1.83000,53.613,45.496,38.940,23.259,16.081,9.564,3.946,2.845
1.83333,53.624,45.585,38.947,23.353,15.953,9.628,3.925,2.861
1.83667,53.649,45.610,38.957,23.361,16.102,9.577,3.934,2.854
1.84000,53.787,45.739,39.023,23.423,16.114,9.673,3.994,2.854
1.84333,53.772,45.816,39.103,23.397,16.115,9.631,3.949,2.838
1.84667,53.810,45.785,39.142,23.452,16.082,9.638,4.037,2.841
1.85000,53.949,45.910,39.160,23.528,16.123,9.664,3.952,2.830
1.85333,53.966,45.947,39.180,23.489,16.156,9.607,3.953,2.807
1.85667,53.935,46.017,39.227,23.534,16.229,9.657,3.984,2.859
1.86000,54.155,46.024,39.231,23.553,16.246,9.636,3.980,2.878
1.86333,54.184,46.028,39.354,23.582,16.283,9.683,3.938,2.840
1.86667,54.294,46.106,39.283,23.638,16.217,9.734,4.003,2.870
1.87000,54.276,46.215,39.468,23.653,16.232,9.704,3.961,2.870
1.87333,54.363,46.294,39.508,23.667,16.282,9.788,4.066,2.918
1.87667,54.407,46.275,39.516,23.694,16.301,9.681,3.987,2.844
1.88000,54.483,46.340,39.594,23.750,16.355,9.748,4.026,2.922
1.88333,54.501,46.374,39.622,23.711,16.298,9.794,4.009,2.847
1.88667,54.639,46.456,39.661,23.740,16.344,9.768,3.891,2.844
1.89000,54.635,46.531,39.638,23.798,16.349,9.806,4.069,2.826
1.89333,54.731,46.544,39.691,23.842,16.363,9.816,4.036,2.813
1.89667,54.735,46.622,39.796,23.885,16.437,9.791,4.066,2.917
1.90000,54.920,46.584,39.857,23.909,16.395,9.817,4.086,2.912
1.90333,54.949,46.741,39.790,23.870,16.465,9.820,4.073,2.896
1.90667,54.995,46.728,39.860,23.939,16.471,9.775,4.014,2.870
1.91000,55.059,46.760,39.916,23.998,16.477,9.878,4.108,2.912
1.91333,55.122,46.859,39.946,24.020,16.453,9.852,4.104,2.951
1.91667,55.188,46.860,40.037,24.005,16.547,9.868,4.110,2.842
1.92000,55.209,46.953,40.058,24.049,16.491,9.854,4.053,2.892
1.92333,55.317,47.004,40.134,24.066,16.627,9.790,4.116,2.898
1.92667,55.288,47.020,40.211,24.104,16.548,9.840,4.106,2.918
1.93000,55.294,47.112,40.237,24.134,16.570,9.874,4.082,2.898
1.93333,55.436,47.191,40.297,24.158,16.594,9.907,4.048,2.871
1.93667,55.565,47.255,40.322,24.150,16.626,9.959,4.114,2.851
1.94000,55.651,47.220,40.364,24.233,16.662,9.921,4.136,2.890
1.94333,55.665,47.317,40.413,24.198,16.627,9.956,4.097,2.857
1.94667,55.750,47.345,40.416,24.263,16.720,9.913,4.049,2.938
1.95000,55.809,47.466,40.458,24.271,16.683,9.968,4.155,2.923
1.95333,55.772,47.439,40.517,24.392,16.722,9.944,4.150,2.989
1.95667,55.841,47.556,40.565,24.357,16.757,9.907,4.094,2.958
1.96000,55.968,47.582,40.556,24.377,16.757,10.000,4.181,2.918
1.96333,56.073,47.617,40.642,24.395,16.810,9.990,4.197,2.862
1.96667,56.085,47.748,40.728,24.456,16.747,9.990,4.153,2.913
1.97000,56.171,47.737,40.767,24.540,16.749,10.054,4.159,2.916
1.97333,56.257,47.765,40.763,24.490,16.781,10.044,4.113,2.969
1.97667,56.252,47.806,40.851,24.500,16.794,10.057,4.189,2.993
1.98000,56.348,47.951,40.923,24.514,16.886,10.051,4.201,2.959
1.98333,56.337,47.980,40.925,24.594,16.862,10.054,4.129,2.900
1.98667,56.473,48.059,41.080,24.596,16.810,9.999,4.161,2.936
1.99000,56.500,48.087,41.082,24.604,16.907,10.085,4.165,2.948
1.99333,56.603,48.089,41.072,24.668,16.985,10.122,4.200,2.925
1.99667,56.705,48.189,41.188,24.704,16.993,10.074,4.187,2.955
2.00000,56.752,48.257,41.169,24.754,16.956,10.089,4.181,2.956
2.00333,56.845,48.303,41.203,24.812,16.934,10.118,4.265,2.941
2.00667,56.804,48.334,41.299,24.787,17.005,10.126,4.209,2.969
2.01000,56.955,48.378,41.318,24.816,17.065,10.142,4.256,2.986
2.01333,57.003,48.490,41.348,24.843,17.035,10.158,4.217,3.025
2.01667,57.093,48.476,41.379,24.878,17.090,10.135,4.201,2.984
2.02000,57.134,48.566,41.425,24.902,17.060,10.188,4.265,2.941
2.02333,57.251,48.633,41.442,24.927,17.048,10.155,4.221,2.976
2.02667,57.208,48.672,41.562,24.917,17.159,10.256,4.190,3.019
2.03000,57.302,48.755,41.523,24.990,17.187,10.238,4.316,2.954
2.03333,57.375,48.797,41.665,24.981,17.158,10.227,4.289,2.960
2.03667,57.442,48.905,41.708,25.045,17.180,10.212,4.237,2.969
2.04000,57.522,48.907,41.773,25.097,17.275,10.232,4.261,2.995
2.04333,57.621,49.016,41.785,25.088,17.154,10.306,4.276,3.032
2.04667,57.621,48.988,41.841,25.142,17.153,10.275,4.285,3.017
2.05000,57.731,49.088,41.899,25.170,17.263,10.239,4.279,3.012
2.05333,57.787,49.130,41.938,25.155,17.243,10.224,4.252,3.000
2.05667,57.775,49.183,41.970,25.229,17.298,10.269,4.336,3.004
2.06000,57.928,49.227,42.029,25.236,17.302,10.276,4.351,2.975
2.06333,58.012,49.290,42.021,25.257,17.366,10.318,4.283,3.040
2.06667,58.056,49.366,42.113,25.315,17.379,10.369,4.294,3.001
2.07000,58.069,49.344,42.191,25.286,17.393,10.312,4.279,2.989
2.07333,58.169,49.442,42.234,25.372,17.409,10.277,4.351,2.998
2.07667,58.236,49.512,42.226,25.409,17.424,10.457,4.378,2.977
2.08000,58.325,49.646,42.320,25.470,17.490,10.389,4.374,3.028
2.08333,58.425,49.651,42.327,25.455,17.453,10.381,4.343,2.972
2.08667,58.390,49.727,42.377,25.473,17.437,10.404,4.326,2.996
2.09000,58.464,49.787,42.400,25.571,17.486,10.395,4.305,3.064
2.09333,58.555,49.862,42.477,25.540,17.507,10.428,4.413,3.045
2.09667,58.744,49.870,42.559,25.578,17.544,10.451,4.417,2.983
2.10000,58.679,49.948,42.582,25.605,17.559,10.423,4.412,3.006
2.10333,58.741,49.953,42.683,25.682,17.541,10.459,4.394,3.016
2.10667,58.798,50.058,42.650,25.728,17.579,10.440,4.444,3.071
2.11000,58.897,50.057,42.724,25.692,17.703,10.493,4.400,2.980
2.11333,58.929,50.170,42.817,25.691,17.620,10.540,4.384,3.098
2.11667,59.110,50.218,42.847,25.864,17.680,10.487,4.367,3.001
2.12000,59.148,50.308,42.882,25.819,17.679,10.573,4.431,3.007
2.12333,59.166,50.339,42.920,25.770,17.712,10.534,4.370,3.026
2.12667,59.179,50.407,42.980,25.824,17.743,10.490,4.436,3.076
2.13000,59.275,50.453,42.977,25.957,17.720,10.500,4.481,3.065
2.13333,59.370,50.481,43.105,25.859,17.780,10.514,4.496,3.043
2.13667,59.456,50.565,43.086,25.985,17.834,10.543,4.463,3.004
2.14000,59.559,50.606,43.192,26.008,17.840,10.557,4.421,3.010
2.14333,59.526,50.693,43.239,26.043,17.887,10.596,4.455,3.042
2.14667,59.586,50.721,43.218,26.076,17.822,10.592,4.446,3.104
2.15000,59.749,50.800,43.379,26.099,17.816,10.620,4.450,3.029
2.15333,59.734,50.867,43.379,26.123,17.869,10.587,4.508,3.135
2.15667,59.849,50.933,43.399,26.157,17.940,10.597,4.480,3.031
2.16000,59.918,50.953,43.468,26.233,17.928,10.590,4.499,3.070
2.16333,59.960,51.008,43.518,26.202,17.997,10.676,4.482,3.037
2.16667,59.972,51.123,43.622,26.249,17.957,10.625,4.461,3.062
2.17000,60.093,51.135,43.682,26.246,18.006,10.663,4.501,3.078
2.17333,60.177,51.210,43.678,26.331,18.001,10.646,4.499,3.108
2.17667,60.303,51.272,43.698,26.298,18.074,10.738,4.493,3.054
2.18000,60.342,51.314,43.758,26.353,18.039,10.679,4.598,3.160
2.18333,60.400,51.396,43.779,26.395,18.126,10.715,4.543,3.119
2.18667,60.492,51.411,43.824,26.422,18.108,10.716,4.527,3.070
2.19000,60.534,51.487,43.914,26.443,18.171,10.757,4.630,3.123
2.19333,60.543,51.621,43.920,26.505,18.160,10.747,4.499,3.121
2.19667,60.664,51.563,44.051,26.521,18.156,10.796,4.538,3.108
2.20000,60.749,51.692,44.053,26.540,18.156,10.790,4.541,3.166
2.20333,60.771,51.760,44.141,26.551,18.226,10.792,4.609,3.066
2.20667,60.892,51.803,44.114,26.640,18.236,10.727,4.614,3.140
2.21000,60.997,51.847,44.161,26.640,18.248,10.771,4.595,3.128
2.21333,61.037,51.946,44.256,26.724,18.197,10.834,4.617,3.156
2.21667,61.117,51.978,44.312,26.727,18.253,10.867,4.609,3.105
2.22000,61.177,51.995,44.346,26.789,18.328,10.806,4.558,3.057
2.22333,61.333,52.203,44.335,26.826,18.324,10.888,4.638,3.130
2.22667,61.365,52.205,44.488,26.824,18.360,10.824,4.648,3.142
2.23000,61.467,52.222,44.536,26.866,18.405,10.882,4.632,3.197
2.23333,61.435,52.350,44.608,26.888,18.434,10.920,4.530,3.093
2.23667,61.507,52.317,44.662,26.928,18.427,10.941,4.626,3.221
2.24000,61.641,52.439,44.653,26.972,18.533,10.907,4.581,3.190
2.24333,61.751,52.474,44.768,26.920,18.493,10.921,4.662,3.175
2.24667,61.756,52.479,44.760,27.009,18.476,10.885,4.690,3.153
2.25000,61.811,52.591,44.848,27.051,18.472,10.941,4.713,3.142
2.25333,61.858,52.726,44.866,27.053,18.527,10.928,4.687,3.186
2.25667,61.966,52.780,44.926,27.018,18.605,10.895,4.683,3.167
2.26000,62.038,52.851,45.035,27.136,18.596,10.930,4.697,3.109
2.26333,62.132,52.884,45.059,27.148,18.608,11.026,4.733,3.161
2.26667,62.137,52.921,45.087,27.168,18.668,10.984,4.727,3.120
2.27000,62.268,53.038,45.155,27.208,18.670,11.032,4.697,3.185
2.27333,62.335,53.042,45.245,27.231,18.643,11.130,4.724,3.162
2.27667,62.408,53.195,45.295,27.293,18.652,11.007,4.725,3.245
2.28000,62.501,53.192,45.279,27.342,18.631,11.099,4.758,3.180
2.28333,62.416,53.230,45.309,27.364,18.750,11.012,4.793,3.166
2.28667,62.650,53.274,45.394,27.394,18.690,11.056,4.705,3.170
2.29000,62.683,53.415,45.474,27.349,18.773,11.075,4.689,3.263
2.29333,62.709,53.409,45.540,27.461,18.782,11.106,4.786,3.209
2.29667,62.738,53.437,45.576,27.501,18.834,11.109,4.811,3.175
2.30000,62.916,53.548,45.661,27.496,18.758,11.150,4.758,3.199
2.30333,62.925,53.584,45.648,27.527,18.902,11.135,4.721,3.185
2.30667,63.020,53.587,45.772,27.629,18.866,11.172,4.768,3.220
2.31000,63.120,53.683,45.823,27.622,18.867,11.085,4.760,3.192
2.31333,63.186,53.832,45.806,27.597,18.926,11.153,4.787,3.207
2.31667,63.275,53.832,45.844,27.714,18.924,11.200,4.784,3.209
2.32000,63.300,53.838,45.876,27.742,18.953,11.217,4.837,3.265
2.32333,63.452,53.986,45.980,27.718,19.002,11.252,4.783,3.168
2.32667,63.474,54.019,46.073,27.854,18.973,11.176,4.759,3.153
2.33000,63.569,54.069,46.012,27.827,19.060,11.223,4.816,3.261
2.33333,63.667,54.133,46.190,27.904,19.110,11.281,4.762,3.263
2.33667,63.747,54.182,46.168,27.863,19.128,11.292,4.841,3.202
2.34000,63.710,54.303,46.272,27.889,19.094,11.325,4.830,3.230
2.34333,63.892,54.304,46.325,27.959,19.067,11.269,4.807,3.228
2.34667,63.930,54.350,46.364,28.014,19.084,11.316,4.885,3.268
2.35000,64.006,54.503,46.379,28.008,19.128,11.289,4.792,3.231
2.35333,64.092,54.584,46.453,28.042,19.167,11.316,4.815,3.243
2.35667,64.108,54.585,46.525,28.170,19.224,11.363,4.855,3.228
2.36000,64.268,54.786,46.509,28.131,19.202,11.359,4.895,3.224
2.36333,64.299,54.731,46.600,28.138,19.228,11.335,4.872,3.281
2.36667,64.357,54.784,46.696,28.148,19.263,11.382,4.928,3.264
2.37000,64.412,54.831,46.689,28.230,19.321,11.397,4.879,3.255
2.37333,64.568,54.939,46.791,28.272,19.319,11.431,4.870,3.297
2.37667,64.679,54.969,46.825,28.268,19.396,11.461,4.872,3.294
2.38000,64.651,55.084,46.859,28.338,19.384,11.435,4.891,3.301
2.38333,64.706,55.144,46.947,28.369,19.362,11.479,4.971,3.347
2.38667,64.823,55.229,47.018,28.391,19.373,11.498,4.900,3.212
2.39000,64.905,55.301,47.022,28.384,19.458,11.457,4.987,3.282
2.39333,64.971,55.364,47.077,28.452,19.473,11.426,4.944,3.322
2.39667,65.015,55.440,47.202,28.493,19.451,11.474,4.897,3.298
2.40000,65.194,55.456,47.287,28.505,19.515,11.498,4.911,3.314
2.40333,65.237,55.455,47.305,28.540,19.475,11.563,4.990,3.283
2.40667,65.301,55.596,47.313,28.649,19.566,11.562,4.950,3.229
2.41000,65.327,55.650,47.376,28.606,19.640,11.468,4.945,3.346
2.41333,65.422,55.639,47.492,28.658,19.597,11.553,5.014,3.235
2.41667,65.510,55.821,47.520,28.724,19.639,11.508,5.007,3.331
2.42000,65.578,55.857,47.640,28.718,19.670,11.606,4.993,3.267
2.42333,65.698,55.829,47.680,28.789,19.671,11.643,5.019,3.306
2.42667,65.791,55.977,47.729,28.804,19.743,11.677,5.055,3.314
2.43000,65.845,55.997,47.779,28.872,19.690,11.619,5.066,3.328
2.43333,65.858,56.157,47.723,28.818,19.732,11.528,5.017,3.337
2.43667,65.946,56.209,47.850,28.955,19.764,11.594,5.022,3.336
2.44000,66.034,56.227,47.908,28.985,19.780,11.694,5.083,3.355
2.44333,66.030,56.324,47.943,28.963,19.807,11.699,5.112,3.350
2.44667,66.169,56.335,47.990,28.995,19.849,11.696,5.044,3.307
2.45000,66.265,56.428,48.063,29.081,19.828,11.675,5.117,3.329
2.45333,66.377,56.523,48.127,29.074,19.869,11.689,5.053,3.366
2.45667,66.477,56.610,48.141,29.058,19.822,11.716,5.050,3.317
2.46000,66.543,56.639,48.232,29.121,19.968,11.723,5.110,3.382
2.46333,66.616,56.672,48.255,29.210,19.931,11.799,5.068,3.333
2.46667,66.663,56.760,48.338,29.233,20.023,11.726,5.097,3.327
2.47000,66.768,56.809,48.333,29.265,19.998,11.723,5.147,3.385
2.47333,66.761,56.891,48.465,29.310,20.037,11.793,5.137,3.398
2.47667,66.914,56.972,48.530,29.315,20.078,11.775,5.167,3.373
2.48000,67.029,57.019,48.572,29.394,20.042,11.872,5.093,3.401
2.48333,67.056,57.035,48.636,29.417,19.988,11.834,5.123,3.343
2.48667,67.108,57.129,48.681,29.470,20.069,11.803,5.188,3.344
2.49000,67.227,57.243,48.697,29.505,20.173,11.869,5.168,3.370
2.49333,67.319,57.319,48.741,29.498,20.132,11.840,5.140,3.350
2.49667,67.372,57.380,48.837,29.539,20.216,11.887,5.204,3.364
2.50000,67.424,57.442,48.882,29.572,20.157,11.885,5.190,3.364
2.50333,67.490,57.434,48.952,29.550,20.208,11.866,5.211,3.335
2.50667,67.569,57.531,48.986,29.638,20.218,11.826,5.240,3.340
2.51000,67.685,57.669,49.123,29.676,20.293,11.915,5.236,3.392
2.51333,67.835,57.711,49.113,29.760,20.310,11.986,5.210,3.394
2.51667,67.865,57.725,49.171,29.765,20.393,12.027,5.208,3.402
2.52000,67.897,57.824,49.299,29.752,20.326,11.959,5.266,3.368
2.52333,68.000,57.848,49.230,29.943,20.411,11.961,5.187,3.402
2.52667,68.096,58.023,49.269,29.831,20.407,12.060,5.224,3.375
2.53000,68.158,58.041,49.472,29.899,20.404,11.985,5.262,3.460
2.53333,68.279,58.058,49.528,29.904,20.445,12.003,5.256,3.362
2.53667,68.373,58.192,49.481,29.979,20.389,11.984,5.230,3.363
2.54000,68.344,58.240,49.549,29.972,20.492,12.032,5.217,3.408
2.54333,68.451,58.344,49.654,30.001,20.489,12.057,5.302,3.441
2.54667,68.560,58.395,49.701,30.037,20.518,12.099,5.330,3.446
2.55000,68.625,58.465,49.763,30.082,20.623,12.059,5.243,3.455
2.55333,68.710,58.501,49.835,30.160,20.604,12.104,5.329,3.411
2.55667,68.849,58.535,49.887,30.192,20.649,12.063,5.275,3.404
2.56000,68.821,58.692,49.888,30.298,20.601,12.118,5.328,3.417
2.56333,68.981,58.757,50.019,30.285,20.698,12.133,5.338,3.499
2.56667,69.047,58.790,50.032,30.284,20.637,12.177,5.325,3.517
2.57000,69.128,58.814,50.143,30.302,20.736,12.161,5.404,3.468
2.57333,69.250,58.919,50.164,30.344,20.786,12.182,5.313,3.428
2.57667,69.284,59.024,50.270,30.355,20.702,12.145,5.350,3.463
2.58000,69.382,59.040,50.331,30.443,20.784,12.216,5.348,3.458
2.58333,69.465,59.152,50.339,30.433,20.807,12.181,5.370,3.430
2.58667,69.553,59.141,50.385,30.461,20.908,12.228,5.327,3.457
2.59000,69.589,59.231,50.428,30.572,20.805,12.291,5.338,3.455
2.59333,69.728,59.317,50.497,30.671,20.903,12.283,5.426,3.512
2.59667,69.816,59.435,50.627,30.668,20.884,12.237,5.311,3.519
2.60000,69.835,59.477,50.635,30.608,20.908,12.292,5.371,3.543
2.60333,69.955,59.594,50.696,30.747,20.931,12.286,5.408,3.461
2.60667,69.974,59.581,50.768,30.704,20.978,12.304,5.420,3.490
2.61000,70.085,59.732,50.828,30.766,21.030,12.332,5.418,3.460
2.61333,70.244,59.805,50.862,30.775,21.013,12.310,5.423,3.526
2.61667,70.246,59.840,50.931,30.861,21.089,12.349,5.432,3.503
2.62000,70.346,59.932,50.985,30.869,21.070,12.355,5.413,3.513
2.62333,70.483,59.999,51.069,30.851,21.061,12.349,5.445,3.553
2.62667,70.499,60.075,51.118,30.982,21.132,12.355,5.471,3.512
2.63000,70.598,60.093,51.188,30.943,21.152,12.384,5.452,3.504
2.63333,70.760,60.166,51.226,31.122,21.191,12.458,5.438,3.564
2.63667,70.766,60.277,51.284,31.050,21.156,12.431,5.502,3.581
2.64000,70.840,60.306,51.345,31.072,21.139,12.441,5.477,3.544
2.64333,70.894,60.395,51.418,31.157,21.218,12.436,5.552,3.513
2.64667,71.005,60.461,51.488,31.183,21.248,12.523,5.539,3.530
2.65000,71.141,60.540,51.537,31.230,21.315,12.420,5.512,3.534
2.65333,71.158,60.629,51.583,31.282,21.344,12.493,5.456,3.592
2.65667,71.255,60.675,51.651,31.327,21.347,12.464,5.566,3.537
2.66000,71.361,60.796,51.647,31.332,21.416,12.528,5.564,3.513
2.66333,71.425,60.851,51.817,31.305,21.318,12.545,5.512,3.614
2.66667,71.564,60.993,51.830,31.437,21.465,12.590,5.497,3.512
2.67000,71.645,61.000,51.896,31.427,21.467,12.606,5.534,3.544
2.67333,71.636,61.080,51.949,31.506,21.536,12.516,5.532,3.518
2.67667,71.690,61.144,52.034,31.539,21.522,12.561,5.565,3.557
2.68000,71.890,61.130,52.131,31.577,21.500,12.603,5.547,3.532
2.68333,71.938,61.293,52.067,31.561,21.517,12.638,5.574,3.565
2.68667,72.051,61.340,52.195,31.614,21.522,12.687,5.557,3.548
2.69000,72.100,61.463,52.245,31.664,21.578,12.649,5.573,3.512
2.69333,72.205,61.449,52.279,31.744,21.654,12.681,5.596,3.641
2.69667,72.356,61.535,52.421,31.749,21.685,12.624,5.627,3.559
2.70000,72.399,61.662,52.510,31.769,21.688,12.683,5.668,3.533
2.70333,72.488,61.724,52.458,31.793,21.670,12.697,5.631,3.561
2.70667,72.585,61.796,52.561,31.889,21.705,12.733,5.571,3.550
2.71000,72.680,61.876,52.627,31.922,21.732,12.760,5.561,3.639
2.71333,72.730,61.993,52.710,31.933,21.766,12.751,5.651,3.574
2.71667,72.838,62.057,52.733,32.018,21.766,12.738,5.645,3.619
2.72000,72.880,62.137,52.793,31.978,21.795,12.759,5.642,3.646
2.72333,72.914,62.178,52.898,32.007,21.885,12.742,5.673,3.615
2.72667,73.029,62.176,52.954,32.095,21.931,12.857,5.645,3.575
2.73000,73.115,62.349,53.051,32.120,21.979,12.829,5.707,3.593
2.73333,73.255,62.406,53.053,32.211,21.951,12.835,5.728,3.591
2.73667,73.230,62.456,53.093,32.189,22.007,12.822,5.679,3.611
2.74000,73.380,62.524,53.193,32.273,22.014,12.856,5.723,3.719
2.74333,73.575,62.596,53.233,32.247,22.043,12.897,5.788,3.625
2.74667,73.534,62.677,53.322,32.341,22.099,12.847,5.778,3.616
2.75000,73.630,62.684,53.315,32.330,22.091,12.905,5.724,3.627
2.75333,73.720,62.766,53.361,32.350,22.099,12.892,5.731,3.656
2.75667,73.852,62.975,53.492,32.454,22.139,12.946,5.774,3.650
2.76000,73.913,62.967,53.614,32.515,22.174,12.935,5.776,3.608
2.76333,73.996,63.040,53.622,32.548,22.152,12.963,5.791,3.660
2.76667,74.169,63.130,53.660,32.536,22.206,13.012,5.779,3.601
2.77000,74.149,63.205,53.768,32.546,22.190,13.006,5.803,3.648
2.77333,74.190,63.269,53.822,32.681,22.237,12.998,5.766,3.625
2.77667,74.319,63.316,53.867,32.631,22.292,13.075,5.794,3.664
2.78000,74.437,63.378,53.922,32.712,22.266,13.065,5.776,3.686
2.78333,74.508,63.483,54.064,32.751,22.303,13.089,5.828,3.643
2.78667,74.664,63.492,54.091,32.795,22.373,13.028,5.829,3.638
2.79000,74.741,63.669,54.166,32.839,22.323,13.067,5.932,3.680
2.79333,74.784,63.717,54.226,32.862,22.398,13.051,5.854,3.674
2.79667,74.890,63.744,54.223,32.912,22.312,13.107,5.939,3.669
2.80000,74.983,63.949,54.292,32.928,22.439,13.105,5.835,3.718
2.80333,75.043,63.942,54.348,32.938,22.509,13.156,5.919,3.710
2.80667,75.076,64.056,54.461,33.072,22.524,13.146,5.841,3.716
2.81000,75.240,64.022,54.526,33.112,22.534,13.145,5.854,3.692
2.81333,75.348,64.112,54.635,33.177,22.610,13.190,5.807,3.707
2.81667,75.420,64.220,54.617,33.136,22.550,13.209,5.920,3.726
2.82000,75.475,64.323,54.669,33.186,22.704,13.182,5.960,3.665
2.82333,75.636,64.380,54.805,33.257,22.647,13.191,5.948,3.689
2.82667,75.619,64.457,54.807,33.358,22.646,13.298,5.910,3.762
2.83000,75.762,64.541,54.886,33.306,22.764,13.203,5.912,3.724
2.83333,75.855,64.621,54.976,33.342,22.758,13.239,5.987,3.722
2.83667,75.943,64.697,55.027,33.407,22.800,13.324,5.959,3.731
2.84000,76.052,64.777,55.090,33.448,22.773,13.313,5.927,3.712
2.84333,76.149,64.798,55.133,33.443,22.813,13.295,6.005,3.784
2.84667,76.165,64.909,55.183,33.527,22.843,13.326,5.924,3.698
2.85000,76.290,65.001,55.294,33.565,22.867,13.384,5.983,3.680
2.85333,76.394,65.129,55.280,33.717,22.899,13.420,5.951,3.701
2.85667,76.505,65.094,55.407,33.597,22.974,13.407,5.990,3.753
2.86000,76.542,65.216,55.505,33.639,22.917,13.410,5.989,3.769
2.86333,76.696,65.307,55.509,33.699,22.931,13.461,5.999,3.699
2.86667,76.744,65.416,55.549,33.788,23.035,13.393,5.960,3.697
2.87000,76.805,65.495,55.681,33.829,22.990,13.473,6.095,3.813
2.87333,76.938,65.546,55.781,33.863,23.048,13.421,5.993,3.802
2.87667,77.069,65.669,55.824,33.840,23.113,13.432,5.995,3.759
2.88000,77.078,65.719,55.849,33.910,23.137,13.503,6.025,3.729
2.88333,77.203,65.779,55.936,33.904,23.106,13.495,6.036,3.832
2.88667,77.331,65.839,56.029,34.044,23.204,13.460,6.089,3.815
2.89000,77.419,65.917,56.048,34.049,23.168,13.516,6.083,3.745
2.89333,77.459,66.000,56.096,34.079,23.191,13.566,6.077,3.837
2.89667,77.575,65.999,56.140,34.126,23.262,13.504,6.097,3.779
2.90000,77.644,66.155,56.239,34.188,23.281,13.582,6.091,3.788
2.90333,77.766,66.234,56.339,34.194,23.276,13.526,6.092,3.751
2.90667,77.828,66.331,56.395,34.232,23.356,13.598,6.100,3.760
2.91000,77.904,66.368,56.483,34.310,23.375,13.600,6.103,3.795
2.91333,77.978,66.408,56.526,34.326,23.304,13.597,6.110,3.805
2.91667,78.118,66.553,56.585,34.393,23.394,13.695,6.057,3.790
2.92000,78.194,66.570,56.668,34.483,23.481,13.709,6.101,3.812
2.92333,78.311,66.735,56.797,34.444,23.474,13.634,6.156,3.783
2.92667,78.370,66.798,56.778,34.565,23.477,13.691,6.121,3.775
2.93000,78.468,66.824,56.807,34.467,23.546,13.667,6.193,3.818
2.93333,78.504,66.928,56.909,34.616,23.459,13.754,6.150,3.780
2.93667,78.624,66.989,56.957,34.664,23.469,13.783,6.211,3.821
2.94000,78.796,67.090,57.110,34.693,23.673,13.709,6.217,3.779
2.94333,78.837,67.230,57.142,34.732,23.658,13.812,6.187,3.765
2.94667,78.925,67.212,57.221,34.759,23.572,13.842,6.250,3.851
2.95000,79.014,67.383,57.231,34.772,23.676,13.756,6.186,3.834
2.95333,79.059,67.420,57.323,34.837,23.718,13.836,6.212,3.842
2.95667,79.231,67.450,57.367,34.862,23.745,13.855,6.178,3.886
2.96000,79.299,67.638,57.486,34.872,23.770,13.831,6.229,3.877
2.96333,79.464,67.658,57.461,34.964,23.761,13.866,6.252,3.848
2.96667,79.502,67.713,57.593,34.930,23.771,13.870,6.225,3.843
2.97000,79.566,67.807,57.695,35.072,23.833,13.848,6.279,3.856
2.97333,79.658,67.884,57.693,35.073,23.889,13.867,6.311,3.830
2.97667,79.836,67.980,57.728,35.131,23.885,13.923,6.287,3.835
2.98000,79.913,68.084,57.827,35.181,23.955,13.918,6.339,3.841
2.98333,79.925,68.124,57.955,35.179,23.963,13.912,6.297,3.861
2.98667,80.063,68.167,57.936,35.238,24.013,13.944,6.373,3.871
2.99000,80.164,68.321,58.013,35.290,24.014,13.984,6.396,3.858
2.99333,80.240,68.428,58.092,35.275,24.039,13.998,6.241,3.848
2.99667,80.325,68.513,58.134,35.440,24.095,14.054,6.278,3.891
3.00000,80.422,68.531,58.253,35.419,24.069,14.007,6.369,3.892
3.00333,80.562,68.603,58.352,35.506,24.136,14.103,6.375,3.856
3.00667,80.574,68.724,58.422,35.493,24.206,14.100,6.391,3.907
3.01000,80.768,68.752,58.461,35.577,24.097,14.136,6.379,4.006
3.01333,80.758,68.778,58.496,35.603,24.201,14.136,6.384,3.873
3.01667,80.939,68.925,58.561,35.547,24.246,14.134,6.401,3.877
3.02000,81.020,68.991,58.667,35.681,24.277,14.133,6.369,3.922
3.02333,81.109,69.054,58.723,35.704,24.290,14.148,6.439,3.884
3.02667,81.118,69.127,58.776,35.762,24.325,14.190,6.383,3.947
3.03000,81.265,69.259,58.814,35.824,24.347,14.134,6.423,3.888
3.03333,81.432,69.353,58.916,35.844,24.365,14.159,6.391,3.904
3.03667,81.500,69.417,58.980,35.892,24.418,14.212,6.440,3.939
3.04000,81.560,69.469,59.051,35.926,24.469,14.204,6.428,3.930
3.04333,81.681,69.557,59.150,35.933,24.449,14.239,6.442,3.973
3.04667,81.726,69.717,59.248,35.931,24.534,14.220,6.469,3.910
3.05000,81.860,69.706,59.252,36.055,24.563,14.308,6.515,3.954
3.05333,81.938,69.815,59.305,36.128,24.530,14.361,6.546,3.969
3.05667,82.014,69.857,59.393,36.101,24.602,14.207,6.464,3.949
3.06000,82.145,70.025,59.483,36.188,24.600,14.317,6.487,3.953
3.06333,82.214,70.092,59.499,36.197,24.672,14.302,6.513,3.972
3.06667,82.307,70.143,59.585,36.315,24.679,14.297,6.503,4.020
3.07000,82.448,70.304,59.636,36.320,24.612,14.328,6.511,4.021
3.07333,82.496,70.293,59.727,36.311,24.709,14.384,6.572,3.950
3.07667,82.619,70.413,59.809,36.418,24.793,14.394,6.561,3.962
3.08000,82.730,70.472,59.904,36.477,24.839,14.390,6.568,4.032
3.08333,82.826,70.563,59.982,36.531,24.795,14.437,6.589,4.036
3.08667,82.855,70.582,60.021,36.559,24.840,14.424,6.548,4.049
3.09000,83.066,70.726,60.075,36.567,24.910,14.408,6.535,4.033
3.09333,83.092,70.734,60.163,36.532,24.848,14.494,6.578,4.006
3.09667,83.161,70.937,60.331,36.660,24.890,14.483,6.693,4.017
3.10000,83.286,71.001,60.321,36.715,24.946,14.514,6.658,4.061
3.10333,83.337,71.073,60.406,36.804,24.925,14.520,6.547,4.004
3.10667,83.466,71.215,60.459,36.790,25.058,14.550,6.575,3.989
3.11000,83.558,71.246,60.584,36.876,25.059,14.554,6.613,4.010
3.11333,83.670,71.305,60.509,36.869,25.085,14.522,6.708,4.069
3.11667,83.766,71.380,60.630,36.942,25.113,14.616,6.629,4.096
3.12000,83.852,71.458,60.705,36.971,25.113,14.588,6.677,4.065
3.12333,83.919,71.544,60.788,37.063,25.192,14.641,6.706,4.047
3.12667,84.067,71.665,60.931,37.054,25.200,14.647,6.662,4.040
3.13000,84.207,71.759,61.040,37.152,25.220,14.592,6.660,4.117
3.13333,84.279,71.802,61.007,37.108,25.261,14.647,6.650,4.027
3.13667,84.375,71.863,61.074,37.222,25.295,14.627,6.667,4.106
3.14000,84.457,71.934,61.216,37.256,25.350,14.781,6.721,4.069
3.14333,84.597,72.022,61.185,37.337,25.341,14.701,6.688,4.071
3.14667,84.702,72.167,61.275,37.379,25.411,14.691,6.775,4.060
3.15000,84.736,72.181,61.326,37.367,25.416,14.703,6.796,4.085
3.15333,84.912,72.306,61.431,37.390,25.387,14.696,6.825,4.096
3.15667,84.916,72.409,61.426,37.382,25.423,14.791,6.752,4.076
3.16000,85.100,72.477,61.556,37.490,25.446,14.842,6.831,4.077
3.16333,85.134,72.569,61.662,37.536,25.547,14.852,6.821,4.134
3.16667,85.260,72.686,61.737,37.657,25.509,14.843,6.774,4.159
3.17000,85.381,72.704,61.766,37.618,25.589,14.813,6.821,4.131
3.17333,85.396,72.809,61.849,37.641,25.564,14.813,6.804,4.058
3.17667,85.550,72.860,61.913,37.629,25.642,14.776,6.761,4.093
3.18000,85.630,72.988,61.973,37.767,25.707,14.918,6.783,4.159
3.18333,85.734,73.023,62.124,37.769,25.689,14.878,6.824,4.166
3.18667,85.810,73.204,62.168,37.911,25.747,14.890,6.858,4.113
3.19000,85.863,73.233,62.228,37.910,25.789,14.928,6.813,4.124
3.19333,86.008,73.300,62.344,37.939,25.757,14.953,6.865,4.102
3.19667,86.188,73.408,62.434,37.974,25.854,15.010,6.884,4.145
3.20000,86.259,73.554,62.448,38.049,25.879,14.983,6.866,4.189
3.20333,86.342,73.582,62.478,38.086,25.803,14.995,6.945,4.131
3.20667,86.456,73.685,62.562,38.097,25.931,15.010,6.878,4.219
3.21000,86.553,73.744,62.676,38.164,25.916,15.029,6.867,4.130
3.21333,86.728,73.815,62.748,38.241,26.046,15.071,6.928,4.121
3.21667,86.703,73.946,62.826,38.230,26.002,15.066,6.891,4.155
3.22000,86.841,73.927,62.881,38.333,26.066,15.045,6.928,4.191
3.22333,86.906,74.026,62.896,38.334,26.077,15.144,6.981,4.152
3.22667,87.079,74.167,62.962,38.440,26.024,15.050,6.978,4.128
3.23000,87.140,74.241,63.077,38.441,26.150,15.158,6.955,4.077
3.23333,87.233,74.398,63.197,38.505,26.143,15.201,6.920,4.163
3.23667,87.299,74.406,63.264,38.470,26.138,15.192,6.974,4.164
3.24000,87.398,74.519,63.300,38.554,26.250,15.109,6.963,4.184
3.24333,87.556,74.618,63.394,38.684,26.195,15.145,6.977,4.137
3.24667,87.707,74.689,63.465,38.673,26.290,15.179,6.927,4.156
3.25000,87.762,74.813,63.509,38.703,26.318,15.294,7.018,4.206
3.25333,87.826,74.905,63.603,38.793,26.295,15.215,7.043,4.219
3.25667,87.965,74.913,63.629,38.823,26.386,15.242,6.967,4.206
3.26000,88.020,75.009,63.729,38.870,26.407,15.261,7.058,4.257
3.26333,88.133,75.155,63.797,38.922,26.407,15.284,7.037,4.229
3.26667,88.197,75.218,63.910,39.007,26.425,15.326,7.038,4.280
3.27000,88.361,75.286,63.979,39.008,26.493,15.341,7.117,4.232
3.27333,88.461,75.394,63.978,39.110,26.470,15.398,7.063,4.193
3.27667,88.535,75.483,64.074,39.152,26.581,15.405,7.115,4.233
3.28000,88.672,75.502,64.136,39.151,26.545,15.417,7.078,4.216
3.28333,88.807,75.647,64.260,39.245,26.632,15.395,7.057,4.225
3.28667,88.825,75.752,64.314,39.204,26.590,15.467,7.102,4.229
3.29000,88.923,75.867,64.427,39.249,26.668,15.426,7.113,4.244
3.29333,89.052,75.885,64.519,39.284,26.702,15.442,7.143,4.283
3.29667,89.159,76.016,64.516,39.355,26.726,15.500,7.121,4.296
3.30000,89.273,76.066,64.676,39.411,26.781,15.463,7.116,4.266
3.30333,89.369,76.182,64.709,39.456,26.820,15.488,7.131,4.286
3.30667,89.429,76.248,64.754,39.532,26.843,15.521,7.147,4.270
3.31000,89.518,76.388,64.852,39.541,26.842,15.545,7.267,4.268
3.31333,89.689,76.426,64.930,39.605,26.910,15.539,7.213,4.295
3.31667,89.753,76.573,64.998,39.607,26.933,15.550,7.262,4.254
3.32000,89.936,76.596,65.061,39.651,26.879,15.586,7.152,4.362
3.32333,89.991,76.691,65.128,39.714,26.987,15.594,7.211,4.278
3.32667,89.989,76.695,65.271,39.787,27.019,15.628,7.205,4.252
3.33000,90.222,76.842,65.226,39.844,27.024,15.640,7.255,4.320
3.33333,90.255,76.905,65.360,39.875,27.062,15.668,7.214,4.337
3.33667,90.454,77.057,65.479,39.933,27.003,15.748,7.230,4.308
3.34000,90.541,77.083,65.499,39.951,27.100,15.682,7.289,4.329
3.34333,90.563,77.230,65.530,40.017,27.206,15.688,7.255,4.332
3.34667,90.684,77.314,65.670,40.027,27.186,15.750,7.249,4.227
3.35000,90.777,77.404,65.705,40.039,27.201,15.756,7.278,4.362
3.35333,90.917,77.512,65.810,40.068,27.275,15.792,7.327,4.356
3.35667,91.043,77.544,65.889,40.187,27.271,15.752,7.312,4.334
3.36000,91.086,77.666,65.936,40.239,27.341,15.844,7.302,4.283
3.36333,91.221,77.768,66.017,40.368,27.418,15.843,7.313,4.376
3.36667,91.345,77.884,66.074,40.310,27.416,15.807,7.331,4.359
3.37000,91.417,77.916,66.229,40.404,27.382,15.873,7.344,4.304
3.37333,91.497,78.069,66.236,40.390,27.491,15.921,7.323,4.335
3.37667,91.642,78.138,66.373,40.460,27.449,15.878,7.377,4.385
3.38000,91.702,78.246,66.371,40.555,27.486,15.910,7.346,4.416
3.38333,91.868,78.271,66.447,40.565,27.505,15.890,7.341,4.342
3.38667,91.917,78.426,66.534,40.624,27.566,15.913,7.393,4.460
3.39000,92.047,78.454,66.615,40.678,27.622,15.953,7.379,4.402
3.39333,92.126,78.575,66.638,40.774,27.613,15.964,7.422,4.394
3.39667,92.279,78.697,66.824,40.734,27.638,15.953,7.477,4.391
3.40000,92.332,78.659,66.849,40.807,27.684,15.980,7.407,4.395
3.40333,92.441,78.829,66.980,40.845,27.703,16.029,7.388,4.403
3.40667,92.586,78.941,66.996,40.866,27.708,16.016,7.422,4.425
3.41000,92.726,79.012,67.060,40.937,27.748,16.028,7.476,4.360
3.41333,92.771,79.035,67.153,40.980,27.815,16.148,7.452,4.412
3.41667,92.879,79.181,67.170,41.101,27.790,16.060,7.481,4.361
3.42000,92.946,79.315,67.296,41.057,27.833,16.093,7.487,4.468
3.42333,93.057,79.365,67.348,41.159,27.898,16.152,7.463,4.432
3.42667,93.232,79.419,67.465,41.125,27.972,16.081,7.522,4.495
3.43000,93.297,79.503,67.585,41.241,27.978,16.126,7.526,4.383
3.43333,93.370,79.567,67.575,41.334,27.978,16.199,7.490,4.472
3.43667,93.520,79.743,67.701,41.330,28.033,16.176,7.564,4.442
3.44000,93.561,79.861,67.746,41.408,28.029,16.219,7.538,4.511
3.44333,93.819,79.903,67.836,41.439,28.128,16.213,7.515,4.478
3.44667,93.828,80.059,67.883,41.459,28.125,16.218,7.604,4.456
3.45000,93.940,80.068,67.973,41.529,28.174,16.302,7.513,4.440
3.45333,94.063,80.128,68.080,41.646,28.144,16.255,7.566,4.477
3.45667,94.175,80.310,68.177,41.666,28.252,16.280,7.609,4.451
3.46000,94.257,80.336,68.237,41.580,28.243,16.352,7.585,4.464
3.46333,94.423,80.428,68.322,41.645,28.331,16.316,7.613,4.496
3.46667,94.436,80.534,68.374,41.755,28.256,16.304,7.649,4.500
3.47000,94.564,80.578,68.485,41.862,28.372,16.361,7.586,4.451
3.47333,94.666,80.735,68.584,41.828,28.381,16.417,7.560,4.507
3.47667,94.780,80.892,68.603,41.922,28.406,16.428,7.610,4.546
3.48000,94.858,80.960,68.660,41.940,28.482,16.439,7.708,4.407
3.48333,94.971,81.026,68.776,42.000,28.465,16.477,7.615,4.513
3.48667,95.107,81.137,68.845,41.998,28.467,16.391,7.632,4.535
3.49000,95.219,81.188,68.907,42.076,28.520,16.435,7.620,4.484
3.49333,95.282,81.266,69.002,42.147,28.538,16.539,7.721,4.459
3.49667,95.453,81.444,69.038,42.213,28.673,16.509,7.799,4.481
3.50000,95.581,81.440,69.176,42.312,28.645,16.507,7.741,4.462
3.50333,95.654,81.555,69.255,42.339,28.642,16.550,7.719,4.513
3.50667,95.749,81.639,69.304,42.339,28.659,16.553,7.741,4.526
3.51000,95.880,81.719,69.403,42.420,28.754,16.583,7.752,4.537
3.51333,95.949,81.840,69.448,42.418,28.784,16.584,7.754,4.564
3.51667,96.108,81.894,69.567,42.418,28.757,16.569,7.754,4.540
3.52000,96.211,82.092,69.613,42.577,28.874,16.624,7.835,4.537
3.52333,96.247,82.125,69.716,42.603,28.867,16.687,7.771,4.516
3.52667,96.423,82.191,69.764,42.636,28.940,16.694,7.805,4.512
3.53000,96.508,82.303,69.848,42.684,28.960,16.666,7.713,4.520
3.53333,96.657,82.420,69.898,42.714,28.966,16.718,7.790,4.571
3.53667,96.724,82.474,70.024,42.802,29.012,16.629,7.787,4.576
3.54000,96.806,82.594,70.094,42.851,29.030,16.758,7.818,4.634
3.54333,96.992,82.656,70.124,42.926,29.037,16.804,7.869,4.553
3.54667,96.985,82.754,70.258,42.873,29.111,16.729,7.836,4.512
3.55000,97.159,82.833,70.264,43.004,29.130,16.866,7.848,4.579
3.55333,97.241,82.924,70.337,43.012,29.096,16.836,7.869,4.577
3.55667,97.329,83.051,70.548,43.105,29.246,16.823,7.870,4.562
3.56000,97.477,83.128,70.564,43.084,29.219,16.856,7.916,4.607
3.56333,97.656,83.211,70.583,43.152,29.363,16.933,7.883,4.665
3.56667,97.656,83.336,70.638,43.194,29.307,16.858,7.805,4.544
3.57000,97.856,83.402,70.765,43.289,29.316,16.903,7.936,4.662
3.57333,97.978,83.513,70.812,43.337,29.385,16.948,7.910,4.606
3.57667,98.008,83.515,70.918,43.276,29.446,16.929,7.877,4.629
3.58000,98.094,83.641,71.047,43.413,29.475,16.994,7.893,4.631
3.58333,98.255,83.717,71.043,43.500,29.437,16.936,7.891,4.663
3.58667,98.361,83.889,71.145,43.457,29.497,16.998,8.021,4.625
3.59000,98.513,83.957,71.265,43.597,29.584,17.060,7.968,4.615
3.59333,98.561,83.998,71.306,43.577,29.568,16.975,7.967,4.661
3.59667,98.690,84.135,71.423,43.684,29.605,17.091,7.955,4.643
3.60000,98.776,84.253,71.502,43.692,29.621,17.035,7.941,4.726
3.60333,98.956,84.366,71.577,43.704,29.649,17.079,8.016,4.654
3.60667,99.049,84.372,71.601,43.823,29.637,17.115,8.067,4.662
3.61000,99.098,84.542,71.733,43.828,29.762,17.102,8.069,4.723
3.61333,99.209,84.648,71.807,43.965,29.755,17.136,8.076,4.732
3.61667,99.326,84.705,71.888,43.988,29.771,17.160,8.038,4.667
3.62000,99.467,84.863,71.952,44.077,29.727,17.175,7.978,4.741
3.62333,99.650,84.866,72.025,44.084,29.880,17.145,8.135,4.669
3.62667,99.731,85.003,72.153,44.099,29.930,17.207,8.066,4.728
3.63000,99.778,85.116,72.231,44.187,29.910,17.189,8.130,4.672
3.63333,99.924,85.192,72.318,44.264,30.035,17.207,8.088,4.707
3.63667,100.046,85.288,72.344,44.230,29.920,17.345,8.127,4.658
3.64000,100.115,85.380,72.447,44.255,30.046,17.234,8.177,4.672
3.64333,100.189,85.516,72.628,44.310,30.057,17.293,8.175,4.697
3.64667,100.278,85.556,72.615,44.361,30.065,17.373,8.180,4.693
3.65000,100.461,85.661,72.735,44.483,30.137,17.287,8.154,4.690
3.65333,100.598,85.782,72.787,44.483,30.192,17.363,8.166,4.725
3.65667,100.639,85.857,72.832,44.558,30.197,17.402,8.153,4.662
3.66000,100.798,85.916,72.926,44.614,30.232,17.368,8.155,4.764
3.66333,100.879,86.085,72.978,44.654,30.279,17.383,8.161,4.697
3.66667,100.987,86.063,73.033,44.740,30.310,17.468,8.218,4.769
3.67000,101.127,86.231,73.199,44.743,30.297,17.405,8.181,4.735
3.67333,101.242,86.301,73.209,44.780,30.330,17.435,8.175,4.737
3.67667,101.332,86.392,73.292,44.783,30.441,17.507,8.308,4.748
3.68000,101.479,86.498,73.488,44.888,30.360,17.483,8.251,4.758
3.68333,101.563,86.549,73.476,44.992,30.460,17.527,8.213,4.802
3.68667,101.663,86.661,73.580,44.980,30.524,17.566,8.252,4.805
3.69000,101.763,86.769,73.709,45.050,30.585,17.545,8.271,4.804
3.69333,101.864,86.945,73.766,45.123,30.625,17.559,8.258,4.815
3.69667,101.948,86.959,73.809,45.093,30.534,17.552,8.325,4.799
3.70000,102.124,87.105,73.932,45.210,30.593,17.691,8.261,4.759
3.70333,102.203,87.157,73.933,45.267,30.673,17.630,8.273,4.797
3.70667,102.331,87.279,74.037,45.311,30.733,17.624,8.302,4.789
3.71000,102.450,87.335,74.155,45.320,30.782,17.667,8.331,4.728
3.71333,102.546,87.513,74.220,45.408,30.741,17.666,8.293,4.737
3.71667,102.653,87.585,74.286,45.491,30.823,17.741,8.386,4.797
3.72000,102.741,87.596,74.383,45.518,30.839,17.766,8.373,4.782
3.72333,102.868,87.721,74.470,45.540,30.930,17.721,8.368,4.756
3.72667,103.036,87.797,74.531,45.596,30.842,17.749,8.370,4.782
3.73000,103.165,87.893,74.569,45.677,30.939,17.827,8.434,4.796
3.73333,103.224,88.073,74.719,45.694,30.964,17.768,8.388,4.844
3.73667,103.318,88.078,74.774,45.722,31.026,17.866,8.466,4.808
3.74000,103.455,88.257,74.883,45.823,31.062,17.919,8.403,4.858
3.74333,103.622,88.294,74.956,45.892,31.075,17.892,8.449,4.814
3.74667,103.643,88.398,75.066,45.946,31.030,17.893,8.447,4.755
3.75000,103.737,88.553,75.077,45.938,31.134,17.824,8.431,4.869
3.75333,103.933,88.573,75.160,45.972,31.238,17.920,8.425,4.891
3.75667,103.987,88.717,75.241,46.060,31.195,17.962,8.537,4.797
3.76000,104.154,88.811,75.354,46.095,31.202,17.908,8.532,4.853
3.76333,104.231,88.914,75.420,46.160,31.243,17.920,8.469,4.871
3.76667,104.376,89.031,75.511,46.213,31.293,17.989,8.483,4.890
3.77000,104.459,89.115,75.609,46.286,31.322,18.036,8.535,4.878
3.77333,104.590,89.143,75.671,46.277,31.362,18.102,8.482,4.895
3.77667,104.801,89.305,75.769,46.393,31.413,18.049,8.485,4.888
3.78000,104.826,89.406,75.853,46.453,31.439,18.037,8.584,4.886
3.78333,104.935,89.480,75.920,46.475,31.438,18.108,8.562,4.883
3.78667,105.075,89.562,75.932,46.467,31.594,18.083,8.534,4.927
3.79000,105.125,89.630,76.039,46.574,31.551,18.158,8.554,4.871
3.79333,105.238,89.719,76.162,46.618,31.606,18.201,8.590,4.899
3.79667,105.343,89.869,76.223,46.685,31.590,18.129,8.594,4.914
3.80000,105.548,89.955,76.388,46.682,31.688,18.221,8.699,4.911
3.80333,105.643,90.056,76.426,46.745,31.717,18.152,8.711,4.944
3.80667,105.659,90.217,76.515,46.829,31.668,18.201,8.675,4.970
3.81000,105.820,90.272,76.544,46.856,31.780,18.173,8.635,4.917
3.81333,105.968,90.363,76.660,46.917,31.769,18.239,8.670,4.887
3.81667,106.069,90.492,76.785,46.934,31.825,18.251,8.629,4.957
3.82000,106.154,90.580,76.812,47.061,31.877,18.277,8.666,4.972
3.82333,106.296,90.655,76.904,47.080,31.874,18.326,8.657,4.892
3.82667,106.440,90.720,77.002,47.197,31.972,18.403,8.636,4.950
3.83000,106.578,90.828,77.068,47.124,31.934,18.389,8.732,4.897
3.83333,106.720,90.950,77.091,47.328,32.000,18.327,8.709,4.938
3.83667,106.737,91.030,77.239,47.320,32.078,18.422,8.721,4.917
3.84000,106.857,91.157,77.281,47.349,31.989,18.420,8.747,4.969
3.84333,106.901,91.230,77.411,47.375,32.079,18.487,8.782,4.940
3.84667,107.080,91.333,77.413,47.416,32.124,18.514,8.731,4.994
3.85000,107.209,91.467,77.627,47.554,32.243,18.468,8.729,4.967
3.85333,107.316,91.497,77.636,47.548,32.129,18.459,8.834,4.963
3.85667,107.454,91.632,77.703,47.585,32.182,18.498,8.777,4.985
3.86000,107.560,91.734,77.806,47.677,32.292,18.559,8.858,5.060
3.86333,107.631,91.889,77.873,47.723,32.270,18.502,8.754,5.036
3.86667,107.777,91.917,77.970,47.698,32.354,18.467,8.847,5.025
3.87000,107.921,91.991,78.102,47.860,32.345,18.501,8.769,5.036
3.87333,108.015,92.095,78.120,47.884,32.383,18.595,8.822,4.983
3.87667,108.112,92.175,78.223,47.995,32.461,18.581,8.875,5.070
3.88000,108.266,92.323,78.345,47.940,32.464,18.683,8.830,5.042
3.88333,108.428,92.365,78.344,48.048,32.447,18.643,8.862,4.999
3.88667,108.491,92.505,78.488,48.036,32.512,18.618,8.823,5.080
3.89000,108.584,92.643,78.553,48.117,32.575,18.738,8.929,4.987
3.89333,108.718,92.683,78.568,48.163,32.611,18.722,8.941,5.006
3.89667,108.848,92.811,78.720,48.208,32.608,18.784,8.884,5.073
3.90000,109.033,92.938,78.748,48.302,32.662,18.738,8.899,5.020
3.90333,109.030,93.038,78.873,48.312,32.700,18.768,8.855,5.079
3.90667,109.118,93.120,78.955,48.296,32.835,18.812,8.944,5.002
3.91000,109.305,93.175,79.016,48.464,32.830,18.786,8.973,5.075
3.91333,109.413,93.347,79.202,48.485,32.811,18.866,8.972,5.049
3.91667,109.555,93.366,79.194,48.552,32.902,18.909,8.941,5.089
3.92000,109.555,93.527,79.297,48.618,32.943,18.854,8.893,5.059
3.92333,109.745,93.598,79.342,48.684,32.918,18.838,8.993,5.105
3.92667,109.888,93.674,79.477,48.691,32.925,18.912,8.993,5.072
3.93000,109.982,93.813,79.599,48.738,32.968,18.933,8.988,5.052
3.93333,110.035,93.907,79.729,48.742,33.045,18.923,9.069,5.150
3.93667,110.151,94.028,79.725,48.831,33.083,18.936,9.016,5.134
3.94000,110.346,94.072,79.859,48.907,33.138,18.985,9.040,5.071
3.94333,110.479,94.255,79.898,48.959,33.105,19.109,9.043,5.099
3.94667,110.531,94.258,79.957,49.003,33.185,19.038,9.067,5.132
3.95000,110.666,94.442,80.027,49.061,33.187,19.034,9.123,5.136
3.95333,110.771,94.506,80.158,49.078,33.255,19.038,9.068,5.171
3.95667,110.892,94.576,80.257,49.177,33.315,19.114,9.028,5.110
3.96000,111.025,94.648,80.336,49.268,33.313,19.049,9.096,5.126
3.96333,111.160,94.861,80.349,49.298,33.318,19.111,9.082,5.113
3.96667,111.281,94.914,80.511,49.347,33.422,19.092,9.084,5.096
3.97000,111.373,95.013,80.532,49.388,33.387,19.179,9.107,5.211
3.97333,111.474,95.105,80.608,49.459,33.461,19.167,9.179,5.094
3.97667,111.563,95.221,80.738,49.492,33.544,19.114,9.191,5.090
3.98000,111.746,95.254,80.774,49.534,33.473,19.207,9.158,5.230
3.98333,111.795,95.391,80.911,49.597,33.513,19.171,9.194,5.158
3.98667,111.951,95.523,80.976,49.633,33.633,19.339,9.201,5.193
3.99000,112.077,95.628,81.022,49.729,33.685,19.241,9.236,5.210
3.99333,112.125,95.787,81.185,49.718,33.645,19.296,9.254,5.236
3.99667,112.310,95.784,81.203,49.783,33.746,19.335,9.228,5.241
4.00000,112.375,95.830,81.363,49.842,33.790,19.315,9.209,5.243
4.00333,112.508,95.996,81.366,49.911,33.785,19.362,9.229,5.154
4.00667,112.699,96.090,81.552,49.996,33.831,19.359,9.257,5.157
4.01000,112.740,96.177,81.624,50.035,33.852,19.431,9.275,5.152
4.01333,112.917,96.367,81.636,50.006,33.925,19.417,9.249,5.170
4.01667,112.985,96.442,81.729,50.073,33.920,19.412,9.248,5.225
4.02000,113.127,96.516,81.816,50.178,33.932,19.385,9.274,5.239
4.02333,113.268,96.609,81.872,50.227,33.981,19.441,9.320,5.275
4.02667,113.393,96.699,81.994,50.215,33.926,19.499,9.325,5.234
4.03000,113.462,96.816,82.080,50.337,34.072,19.448,9.323,5.257
4.03333,113.619,96.950,82.184,50.362,34.072,19.566,9.322,5.185
4.03667,113.736,97.002,82.282,50.392,34.121,19.580,9.290,5.208
4.04000,113.839,97.113,82.263,50.482,34.148,19.530,9.409,5.235
4.04333,113.977,97.203,82.431,50.558,34.185,19.629,9.456,5.235
4.04667,114.091,97.216,82.504,50.573,34.213,19.600,9.395,5.222
4.05000,114.187,97.464,82.588,50.684,34.310,19.634,9.409,5.221
4.05333,114.325,97.506,82.716,50.728,34.256,19.558,9.455,5.236
4.05667,114.427,97.622,82.751,50.700,34.302,19.658,9.390,5.213
4.06000,114.459,97.705,82.816,50.846,34.329,19.659,9.415,5.250
4.06333,114.657,97.860,82.910,50.858,34.442,19.723,9.391,5.265
4.06667,114.839,97.857,82.976,50.909,34.401,19.733,9.478,5.304
4.07000,114.880,98.115,83.119,50.988,34.477,19.740,9.326,5.301
4.07333,115.012,98.131,83.160,51.020,34.578,19.754,9.505,5.257
4.07667,115.099,98.321,83.269,51.077,34.522,19.791,9.541,5.282
4.08000,115.250,98.316,83.372,51.195,34.584,19.790,9.484,5.336
4.08333,115.395,98.472,83.393,51.125,34.704,19.826,9.461,5.298
4.08667,115.509,98.545,83.562,51.264,34.653,19.787,9.529,5.320
4.09000,115.560,98.622,83.630,51.308,34.780,19.821,9.479,5.289
4.09333,115.686,98.683,83.706,51.407,34.742,19.895,9.542,5.327
4.09667,115.858,98.829,83.765,51.375,34.714,19.871,9.579,5.315
4.10000,115.978,98.940,83.854,51.420,34.840,19.881,9.539,5.309
4.10333,116.101,99.038,83.888,51.490,34.833,19.896,9.519,5.385
4.10667,116.282,99.099,84.055,51.521,34.877,19.950,9.583,5.373
4.11000,116.315,99.243,84.092,51.616,34.913,19.984,9.550,5.321
4.11333,116.422,99.349,84.184,51.682,34.907,20.002,9.582,5.381
4.11667,116.577,99.447,84.309,51.750,34.980,20.005,9.577,5.338
4.12000,116.708,99.584,84.366,51.762,34.946,20.002,9.623,5.318
4.12333,116.783,99.630,84.492,51.801,35.058,20.045,9.639,5.392
4.12667,116.921,99.758,84.584,51.911,35.091,20.073,9.694,5.306
4.13000,117.035,99.828,84.600,51.924,35.148,20.142,9.640,5.393
4.13333,117.107,99.937,84.710,51.952,35.121,20.052,9.650,5.332
4.13667,117.273,100.036,84.812,51.995,35.234,20.107,9.641,5.376
4.14000,117.400,100.081,84.884,52.063,35.226,20.160,9.727,5.416
4.14333,117.532,100.231,84.962,52.206,35.330,20.180,9.673,5.461
4.14667,117.666,100.349,85.059,52.212,35.248,20.212,9.717,5.500
4.15000,117.736,100.511,85.083,52.291,35.328,20.167,9.725,5.363
4.15333,117.939,100.542,85.260,52.262,35.334,20.246,9.779,5.467
4.15667,117.928,100.676,85.300,52.341,35.424,20.167,9.702,5.378
4.16000,118.145,100.760,85.354,52.429,35.377,20.253,9.796,5.405
4.16333,118.218,100.877,85.522,52.549,35.477,20.274,9.748,5.484
4.16667,118.386,101.006,85.578,52.503,35.449,20.295,9.779,5.460
4.17000,118.452,101.097,85.612,52.592,35.552,20.361,9.788,5.416
4.17333,118.571,101.149,85.726,52.721,35.570,20.354,9.730,5.370
4.17667,118.673,101.325,85.880,52.747,35.736,20.397,9.794,5.402
4.18000,118.818,101.419,85.935,52.768,35.601,20.393,9.802,5.478
4.18333,118.941,101.508,85.995,52.859,35.728,20.382,9.787,5.497
4.18667,119.082,101.632,86.108,52.863,35.718,20.445,9.860,5.424
4.19000,119.201,101.674,86.142,52.950,35.728,20.482,9.863,5.538
4.19333,119.348,101.809,86.277,52.972,35.816,20.465,9.778,5.507
4.19667,119.424,101.843,86.347,53.001,35.817,20.487,9.841,5.495
4.20000,119.569,101.988,86.434,53.087,35.877,20.548,9.877,5.425
4.20333,119.709,102.079,86.527,53.157,35.958,20.564,9.915,5.481
4.20667,119.791,102.135,86.663,53.206,36.011,20.532,9.850,5.469
4.21000,119.892,102.352,86.713,53.185,35.982,20.589,9.874,5.480
4.21333,120.047,102.342,86.802,53.278,36.025,20.634,9.936,5.449
4.21667,120.141,102.519,86.819,53.297,36.087,20.667,9.964,5.498
4.22000,120.264,102.592,86.952,53.386,36.059,20.604,9.995,5.544
4.22333,120.393,102.716,87.076,53.484,36.116,20.647,10.003,5.517
4.22667,120.530,102.868,87.205,53.526,36.139,20.688,9.966,5.479
4.23000,120.633,102.958,87.181,53.537,36.245,20.651,9.973,5.596
4.23333,120.707,103.039,87.287,53.601,36.241,20.746,9.992,5.528
4.23667,120.838,103.159,87.373,53.672,36.272,20.771,10.064,5.529
4.24000,120.959,103.192,87.464,53.725,36.332,20.743,9.970,5.607
4.24333,121.113,103.332,87.580,53.798,36.383,20.761,10.053,5.589
4.24667,121.232,103.480,87.706,53.850,36.337,20.852,9.993,5.543
4.25000,121.313,103.546,87.815,53.888,36.469,20.820,10.106,5.556
4.25333,121.432,103.628,87.882,53.892,36.460,20.795,10.075,5.553
4.25667,121.578,103.744,87.946,54.030,36.530,20.871,10.074,5.562
4.26000,121.706,103.896,88.034,53.999,36.555,20.853,10.062,5.564
4.26333,121.816,103.959,88.108,54.142,36.626,20.892,10.021,5.542
4.26667,121.948,104.153,88.154,54.150,36.642,20.920,10.091,5.539
4.27000,122.078,104.068,88.291,54.175,36.637,20.921,10.115,5.608
4.27333,122.198,104.281,88.433,54.238,36.685,20.956,10.124,5.584
4.27667,122.288,104.406,88.446,54.288,36.686,20.980,10.147,5.541
4.28000,122.417,104.460,88.481,54.354,36.786,20.970,10.094,5.606
4.28333,122.598,104.577,88.612,54.499,36.841,20.976,10.147,5.613
4.28667,122.741,104.690,88.702,54.509,36.854,21.038,10.199,5.573
4.29000,122.822,104.745,88.781,54.492,36.930,21.079,10.165,5.628
4.29333,122.938,104.910,88.846,54.606,36.896,21.113,10.172,5.657
4.29667,123.059,105.040,88.989,54.631,36.923,21.074,10.233,5.617
4.30000,123.155,105.016,89.076,54.714,36.965,21.087,10.220,5.635
4.30333,123.230,105.171,89.185,54.796,37.022,21.114,10.269,5.631
4.30667,123.393,105.297,89.251,54.843,37.019,21.132,10.235,5.631
4.31000,123.460,105.414,89.306,54.877,37.086,21.068,10.240,5.649
4.31333,123.649,105.442,89.388,54.990,37.095,21.153,10.225,5.683
4.31667,123.768,105.578,89.578,55.013,37.084,21.211,10.182,5.648
4.32000,123.895,105.675,89.574,54.991,37.143,21.193,10.252,5.682
4.32333,123.992,105.869,89.667,55.095,37.266,21.274,10.220,5.683
4.32667,124.097,105.954,89.771,55.158,37.302,21.263,10.286,5.604
4.33000,124.274,106.026,89.907,55.247,37.357,21.277,10.308,5.663
4.33333,124.342,106.086,89.871,55.248,37.379,21.329,10.406,5.656
4.33667,124.444,106.205,90.039,55.287,37.363,21.306,10.259,5.677
4.34000,124.539,106.343,90.118,55.314,37.358,21.317,10.281,5.717
4.34333,124.708,106.488,90.222,55.441,37.394,21.357,10.307,5.666
4.34667,124.854,106.528,90.333,55.521,37.487,21.358,10.371,5.686
4.35000,124.962,106.630,90.390,55.550,37.538,21.420,10.408,5.696
4.35333,125.093,106.745,90.471,55.640,37.535,21.403,10.312,5.673
4.35667,125.205,106.837,90.545,55.600,37.585,21.402,10.429,5.688
4.36000,125.318,106.931,90.611,55.725,37.640,21.416,10.424,5.704
4.36333,125.453,106.981,90.681,55.739,37.577,21.483,10.450,5.667
4.36667,125.581,107.130,90.825,55.726,37.694,21.507,10.455,5.726
4.37000,125.640,107.279,90.861,55.851,37.729,21.609,10.396,5.662
4.37333,125.840,107.361,90.946,55.908,37.753,21.479,10.428,5.716
4.37667,125.964,107.485,91.077,55.960,37.838,21.630,10.414,5.767
4.38000,126.111,107.571,91.093,56.072,37.854,21.539,10.493,5.708
4.38333,126.191,107.658,91.227,56.107,37.878,21.665,10.552,5.818
4.38667,126.329,107.800,91.329,56.112,37.947,21.664,10.463,5.674
4.39000,126.414,107.841,91.343,56.173,37.945,21.631,10.587,5.764
4.39333,126.602,107.943,91.522,56.220,38.012,21.683,10.522,5.765
4.39667,126.693,108.096,91.578,56.296,37.980,21.622,10.556,5.692
4.40000,126.805,108.146,91.659,56.345,38.109,21.667,10.511,5.713
4.40333,126.901,108.312,91.773,56.387,38.122,21.704,10.472,5.801
4.40667,127.002,108.387,91.837,56.461,38.148,21.733,10.573,5.768
4.41000,127.129,108.497,91.942,56.538,38.174,21.816,10.503,5.790
4.41333,127.300,108.623,92.030,56.608,38.218,21.794,10.566,5.769
4.41667,127.409,108.728,92.070,56.547,38.211,21.815,10.605,5.788
4.42000,127.539,108.844,92.203,56.624,38.283,21.816,10.595,5.795
4.42333,127.618,108.968,92.241,56.645,38.344,21.876,10.649,5.847
4.42667,127.775,109.055,92.471,56.798,38.348,21.920,10.655,5.822
4.43000,127.938,109.081,92.492,56.840,38.380,21.879,10.674,5.777
4.43333,127.989,109.263,92.544,56.894,38.444,21.891,10.699,5.780
4.43667,128.201,109.359,92.649,56.958,38.476,21.993,10.640,5.867
4.44000,128.239,109.482,92.703,56.961,38.493,21.935,10.663,5.826
4.44333,128.373,109.478,92.844,57.101,38.492,21.916,10.672,5.774
4.44667,128.489,109.630,92.861,57.099,38.615,21.967,10.697,5.812
4.45000,128.571,109.785,92.977,57.133,38.618,22.016,10.654,5.869
4.45333,128.688,109.854,93.052,57.224,38.617,22.082,10.738,5.826
4.45667,128.863,109.916,93.123,57.283,38.688,22.061,10.716,5.804
4.46000,128.946,110.049,93.278,57.289,38.730,22.048,10.793,5.888
4.46333,129.044,110.145,93.361,57.436,38.791,22.099,10.788,5.857
4.46667,129.292,110.335,93.437,57.474,38.792,22.152,10.808,5.852
4.47000,129.348,110.429,93.548,57.516,38.840,22.087,10.752,5.908
4.47333,129.521,110.515,93.663,57.526,38.910,22.175,10.772,5.823
4.47667,129.624,110.585,93.728,57.607,38.956,22.178,10.823,5.843
4.48000,129.704,110.690,93.811,57.707,38.995,22.236,10.811,5.858
4.48333,129.863,110.817,93.889,57.747,38.975,22.182,10.792,5.896
4.48667,129.990,110.869,93.947,57.818,39.026,22.244,10.811,5.929
4.49000,130.130,111.053,94.041,57.854,39.018,22.277,10.896,5.931
4.49333,130.165,111.101,94.077,57.946,39.100,22.255,10.807,5.862
4.49667,130.348,111.187,94.256,57.944,39.110,22.349,10.850,5.956
4.50000,130.505,111.311,94.287,58.006,39.174,22.248,10.967,5.866
4.50333,130.578,111.430,94.344,58.051,39.141,22.319,10.824,5.975
4.50667,130.664,111.550,94.523,58.071,39.268,22.339,10.912,5.944
4.51000,130.774,111.721,94.520,58.131,39.330,22.343,10.958,5.857
4.51333,130.933,111.780,94.653,58.249,39.338,22.428,10.943,5.990
4.51667,131.029,111.821,94.785,58.306,39.350,22.358,10.897,5.918
4.52000,131.099,111.943,94.875,58.255,39.441,22.416,10.895,5.914
4.52333,131.278,112.107,94.938,58.410,39.465,22.470,10.949,5.989
4.52667,131.428,112.127,95.047,58.450,39.459,22.503,10.951,5.921
4.53000,131.595,112.215,95.058,58.482,39.464,22.523,11.003,5.979
4.53333,131.699,112.371,95.172,58.586,39.575,22.506,10.925,6.009
4.53667,131.825,112.533,95.281,58.589,39.576,22.530,10.964,5.977
4.54000,131.964,112.519,95.361,58.699,39.588,22.548,11.017,6.004
4.54333,132.053,112.685,95.442,58.722,39.624,22.591,11.010,5.974
4.54667,132.131,112.750,95.603,58.789,39.702,22.606,11.079,6.051
4.55000,132.251,112.874,95.645,58.842,39.694,22.657,11.002,5.961
4.55333,132.482,112.980,95.763,58.880,39.734,22.700,11.042,6.006
4.55667,132.538,113.081,95.805,58.865,39.761,22.658,10.999,5.994
4.56000,132.654,113.196,95.866,58.960,39.862,22.641,11.033,5.983
4.56333,132.781,113.350,96.003,58.998,39.867,22.728,11.065,6.000
4.56667,132.902,113.442,96.057,59.072,39.984,22.708,11.051,5.986
4.57000,133.044,113.480,96.160,59.170,39.936,22.755,11.053,5.980
4.57333,133.115,113.688,96.237,59.182,39.942,22.707,11.205,6.030
4.57667,133.260,113.717,96.363,59.279,39.986,22.806,11.114,6.070
4.58000,133.310,113.853,96.431,59.262,40.034,22.801,11.099,5.987
4.58333,133.474,113.942,96.539,59.402,40.140,22.815,11.156,5.977
4.58667,133.651,114.116,96.633,59.429,40.179,22.850,11.100,5.994
4.59000,133.747,114.101,96.685,59.502,40.140,22.828,11.102,6.052
4.59333,133.827,114.253,96.780,59.591,40.176,22.884,11.174,6.022
4.59667,134.046,114.384,96.905,59.626,40.208,22.848,11.172,6.067
4.60000,134.104,114.478,96.914,59.616,40.222,22.925,11.238,6.038
4.60333,134.337,114.535,97.051,59.690,40.327,23.001,11.209,6.068
4.60667,134.354,114.735,97.170,59.724,40.282,22.948,11.191,6.044
4.61000,134.518,114.778,97.245,59.731,40.346,22.984,11.197,6.123
4.61333,134.549,114.864,97.335,59.901,40.438,23.028,11.274,6.108
4.61667,134.709,115.053,97.426,59.969,40.442,23.052,11.253,6.050
4.62000,134.885,115.077,97.512,60.004,40.499,23.033,11.212,6.111
4.62333,134.988,115.200,97.572,60.081,40.539,23.030,11.265,6.071
4.62667,135.163,115.339,97.666,60.068,40.592,23.114,11.305,6.074
4.63000,135.212,115.416,97.794,60.126,40.599,23.059,11.341,6.107
4.63333,135.345,115.494,97.832,60.168,40.603,23.232,11.325,6.114
4.63667,135.474,115.566,97.938,60.263,40.699,23.132,11.278,6.160
4.64000,135.569,115.785,98.021,60.351,40.743,23.186,11.284,6.097
4.64333,135.708,115.900,98.089,60.312,40.778,23.191,11.325,6.138
4.64667,135.857,115.895,98.182,60.441,40.830,23.165,11.374,6.122
4.65000,135.918,116.075,98.295,60.482,40.817,23.224,11.337,6.087
4.65333,136.093,116.109,98.389,60.533,40.852,23.271,11.408,6.126
4.65667,136.243,116.210,98.433,60.563,40.875,23.234,11.352,6.153
4.66000,136.275,116.341,98.615,60.676,40.962,23.386,11.390,6.161
4.66333,136.432,116.433,98.630,60.759,40.984,23.281,11.430,6.057
4.66667,136.555,116.550,98.692,60.731,41.001,23.355,11.432,6.139
4.67000,136.672,116.618,98.826,60.894,41.079,23.371,11.428,6.156
4.67333,136.832,116.765,98.904,60.870,41.030,23.367,11.442,6.121
4.67667,136.911,116.828,99.011,60.949,41.164,23.413,11.502,6.147
4.68000,137.054,116.954,99.014,61.026,41.114,23.412,11.485,6.160
4.68333,137.211,117.092,99.126,61.060,41.183,23.426,11.477,6.162
4.68667,137.354,117.149,99.301,61.093,41.244,23.447,11.478,6.178
4.69000,137.426,117.321,99.363,61.154,41.240,23.433,11.472,6.156
4.69333,137.612,117.381,99.409,61.173,41.283,23.531,11.508,6.249
4.69667,137.679,117.517,99.596,61.241,41.390,23.568,11.574,6.222
4.70000,137.793,117.603,99.560,61.350,41.376,23.539,11.511,6.188
4.70333,137.911,117.696,99.712,61.474,41.410,23.569,11.565,6.124
4.70667,138.051,117.802,99.775,61.403,41.456,23.541,11.569,6.223
4.71000,138.156,117.944,99.957,61.441,41.454,23.628,11.597,6.266
4.71333,138.308,118.056,100.014,61.572,41.550,23.568,11.522,6.219
4.71667,138.383,118.167,99.990,61.542,41.658,23.605,11.585,6.241
4.72000,138.566,118.231,100.201,61.630,41.627,23.581,11.635,6.222
4.72333,138.652,118.333,100.280,61.716,41.620,23.682,11.544,6.280
4.72667,138.759,118.560,100.302,61.791,41.643,23.699,11.594,6.303
4.73000,138.884,118.498,100.395,61.831,41.695,23.727,11.600,6.302
4.73333,138.996,118.699,100.489,61.832,41.734,23.672,11.710,6.213
4.73667,139.164,118.763,100.630,61.947,41.760,23.789,11.640,6.235
4.74000,139.292,118.922,100.674,62.013,41.898,23.802,11.688,6.227
4.74333,139.380,118.981,100.782,62.040,41.948,23.800,11.707,6.283
4.74667,139.510,119.029,100.865,62.071,41.900,23.878,11.713,6.305
4.75000,139.684,119.170,100.962,62.134,41.882,23.872,11.733,6.278
4.75333,139.767,119.278,101.076,62.286,41.958,23.832,11.736,6.340
4.75667,139.934,119.475,101.131,62.258,42.013,23.845,11.774,6.303
4.76000,139.945,119.465,101.235,62.356,42.035,23.947,11.763,6.273
4.76333,140.088,119.596,101.276,62.436,42.043,23.913,11.682,6.272
4.76667,140.274,119.760,101.456,62.429,42.098,23.949,11.731,6.298
4.77000,140.397,119.813,101.491,62.471,42.179,23.994,11.757,6.298
4.77333,140.476,119.979,101.605,62.560,42.238,23.990,11.767,6.329
4.77667,140.610,120.053,101.658,62.591,42.172,23.985,11.754,6.264
4.78000,140.754,120.193,101.746,62.675,42.268,23.998,11.805,6.373
4.78333,140.850,120.247,101.828,62.695,42.297,24.102,11.789,6.350
4.78667,140.895,120.386,101.890,62.782,42.324,24.060,11.786,6.402
4.79000,141.083,120.427,102.021,62.805,42.414,24.070,11.824,6.318
4.79333,141.200,120.544,102.096,62.869,42.412,24.114,11.900,6.357
4.79667,141.417,120.644,102.213,62.963,42.406,24.157,11.884,6.406
4.80000,141.458,120.740,102.263,62.984,42.533,24.126,11.805,6.356
4.80333,141.636,120.836,102.351,63.023,42.528,24.182,11.853,6.334
4.80667,141.746,121.022,102.459,63.084,42.598,24.149,11.917,6.352
4.81000,141.805,121.022,102.554,63.127,42.548,24.241,11.875,6.342
4.81333,141.930,121.276,102.638,63.187,42.640,24.217,11.907,6.302
4.81667,142.068,121.259,102.709,63.192,42.703,24.267,11.921,6.377
4.82000,142.170,121.462,102.825,63.311,42.722,24.323,11.948,6.356
4.82333,142.248,121.536,102.934,63.371,42.769,24.265,11.909,6.385
4.82667,142.473,121.658,103.000,63.400,42.754,24.291,11.890,6.427
4.83000,142.588,121.674,103.035,63.476,42.784,24.400,12.005,6.372
4.83333,142.654,121.816,103.189,63.507,42.885,24.381,11.953,6.413
4.83667,142.879,121.974,103.284,63.590,42.864,24.352,11.960,6.454
4.84000,143.007,122.071,103.273,63.624,42.944,24.427,11.997,6.456
4.84333,143.027,122.114,103.381,63.756,42.971,24.417,11.956,6.482
4.84667,143.250,122.215,103.528,63.721,42.992,24.440,11.983,6.371
4.85000,143.261,122.295,103.610,63.828,43.027,24.418,12.024,6.469
4.85333,143.401,122.432,103.718,63.866,43.086,24.520,11.992,6.458
4.85667,143.554,122.496,103.808,63.926,43.038,24.468,12.085,6.471
4.86000,143.653,122.641,103.849,63.902,43.084,24.492,12.127,6.364
4.86333,143.765,122.726,103.914,64.021,43.216,24.546,12.113,6.493
4.86667,143.964,122.871,104.048,64.047,43.260,24.545,12.089,6.471
4.87000,144.013,122.926,104.141,64.114,43.248,24.568,12.099,6.522
4.87333,144.147,123.131,104.234,64.171,43.236,24.639,12.094,6.510
4.87667,144.258,123.152,104.278,64.197,43.287,24.609,12.160,6.549
4.88000,144.438,123.281,104.332,64.266,43.352,24.607,12.176,6.469
4.88333,144.464,123.429,104.470,64.367,43.402,24.633,12.193,6.558
4.88667,144.681,123.491,104.593,64.342,43.466,24.605,12.190,6.539
4.89000,144.845,123.605,104.625,64.455,43.425,24.687,12.176,6.466
4.89333,144.956,123.727,104.718,64.582,43.530,24.737,12.191,6.553
4.89667,145.077,123.794,104.857,64.573,43.580,24.704,12.181,6.481
4.90000,145.161,123.893,104.912,64.677,43.611,24.706,12.146,6.465
4.90333,145.258,124.052,105.048,64.753,43.680,24.785,12.199,6.506
4.90667,145.404,124.093,105.090,64.735,43.726,24.812,12.202,6.533
4.91000,145.569,124.229,105.154,64.826,43.725,24.872,12.265,6.576
4.91333,145.619,124.339,105.301,64.889,43.733,24.885,12.288,6.485
4.91667,145.736,124.452,105.312,64.923,43.795,24.798,12.266,6.538
4.92000,145.820,124.505,105.408,64.946,43.862,24.845,12.249,6.545
4.92333,145.959,124.644,105.601,65.074,43.857,24.878,12.250,6.520
4.92667,146.108,124.758,105.599,65.088,43.905,24.838,12.262,6.564
4.93000,146.272,124.827,105.688,65.156,43.929,24.940,12.341,6.534
4.93333,146.388,124.981,105.823,65.198,43.965,24.979,12.371,6.518
4.93667,146.526,125.135,105.869,65.261,43.948,24.952,12.277,6.635
4.94000,146.628,125.152,106.001,65.324,43.972,25.039,12.360,6.557
4.94333,146.682,125.260,106.034,65.378,44.115,24.996,12.300,6.514
4.94667,146.836,125.354,106.102,65.400,44.074,25.013,12.288,6.601
4.95000,146.970,125.470,106.226,65.426,44.175,25.069,12.369,6.668
4.95333,147.095,125.550,106.394,65.536,44.156,25.087,12.373,6.582
4.95667,147.213,125.642,106.407,65.519,44.212,25.093,12.442,6.612
4.96000,147.296,125.858,106.483,65.553,44.271,25.111,12.417,6.592
4.96333,147.444,125.939,106.611,65.723,44.325,25.161,12.383,6.656
4.96667,147.606,125.989,106.759,65.798,44.328,25.148,12.387,6.606
4.97000,147.712,126.083,106.744,65.820,44.395,25.182,12.474,6.565
4.97333,147.788,126.177,106.812,65.872,44.332,25.174,12.511,6.654
4.97667,147.982,126.330,106.898,65.899,44.407,25.211,12.461,6.610
4.98000,148.061,126.391,107.030,65.916,44.462,25.272,12.459,6.621
4.98333,148.224,126.551,107.116,65.985,44.527,25.251,12.464,6.642
4.98667,148.292,126.623,107.222,66.085,44.573,25.196,12.482,6.594
4.99000,148.386,126.761,107.294,66.121,44.565,25.358,12.508,6.693
4.99333,148.575,126.880,107.365,66.125,44.670,25.358,12.486,6.658
4.99667,148.687,126.976,107.446,66.184,44.655,25.327,12.478,6.687
5.00000,148.810,127.049,107.558,66.299,44.693,25.308,12.540,6.646
5.00333,148.893,127.103,107.612,66.341,44.735,25.414,12.532,6.669
5.00667,149.062,127.272,107.757,66.431,44.803,25.361,12.555,6.676
5.01000,149.148,127.333,107.879,66.420,44.763,25.423,12.534,6.671
5.01333,149.278,127.471,107.893,66.494,44.873,25.438,12.555,6.686
5.01667,149.380,127.491,107.966,66.611,44.913,25.454,12.597,6.752
5.02000,149.591,127.661,108.067,66.627,44.927,25.491,12.590,6.641
5.02333,149.657,127.833,108.182,66.673,44.936,25.479,12.631,6.655
5.02667,149.812,127.915,108.271,66.722,44.940,25.521,12.615,6.736
5.03000,149.918,127.897,108.280,66.845,45.056,25.528,12.611,6.667
5.03333,150.004,128.046,108.424,66.851,45.040,25.563,12.596,6.614
5.03667,150.150,128.208,108.576,66.869,45.125,25.656,12.620,6.665
5.04000,150.248,128.246,108.595,66.947,45.153,25.666,12.667,6.730
5.04333,150.412,128.408,108.678,66.963,45.180,25.666,12.658,6.712
5.04667,150.514,128.482,108.795,67.047,45.253,25.670,12.681,6.676
5.05000,150.614,128.602,108.886,67.117,45.272,25.678,12.688,6.688
5.05333,150.741,128.691,108.911,67.239,45.249,25.675,12.701,6.712
5.05667,150.863,128.810,109.011,67.261,45.295,25.746,12.740,6.705
5.06000,150.961,128.891,109.207,67.315,45.239,25.746,12.758,6.738
5.06333,151.160,129.081,109.144,67.368,45.375,25.717,12.740,6.699
5.06667,151.269,129.069,109.319,67.437,45.453,25.825,12.822,6.752
5.07000,151.339,129.173,109.318,67.453,45.491,25.753,12.765,6.786
5.07333,151.525,129.324,109.514,67.537,45.535,25.843,12.766,6.778
5.07667,151.560,129.443,109.581,67.534,45.600,25.829,12.791,6.735
5.08000,151.655,129.499,109.666,67.548,45.555,25.811,12.857,6.823
5.08333,151.854,129.638,109.705,67.719,45.612,25.852,12.828,6.738
5.08667,151.920,129.691,109.790,67.711,45.644,25.915,12.863,6.747
5.09000,152.044,129.853,109.941,67.727,45.755,25.909,12.868,6.842
5.09333,152.213,129.999,110.007,67.811,45.702,25.893,12.855,6.823
5.09667,152.318,130.022,110.093,67.930,45.762,25.968,12.820,6.747
5.10000,152.528,130.131,110.203,67.956,45.768,26.059,12.863,6.772
5.10333,152.546,130.202,110.285,68.037,45.825,26.038,12.850,6.801
5.10667,152.703,130.369,110.382,68.016,45.857,25.986,12.869,6.804
5.11000,152.835,130.457,110.472,68.105,45.960,26.042,12.967,6.835
5.11333,152.861,130.638,110.530,68.189,45.865,26.073,12.914,6.880
5.11667,153.038,130.635,110.643,68.244,45.950,26.109,12.863,6.831
5.12000,153.110,130.803,110.732,68.283,46.038,26.047,12.898,6.810
5.12333,153.248,130.886,110.801,68.309,46.045,26.138,12.980,6.794
5.12667,153.388,131.002,110.856,68.374,46.070,26.092,12.945,6.856
5.13000,153.579,131.138,110.988,68.433,46.115,26.167,13.007,6.825
5.13333,153.697,131.169,111.064,68.417,46.148,26.206,13.001,6.891
5.13667,153.772,131.288,111.183,68.510,46.209,26.158,12.973,6.884
5.14000,153.893,131.426,111.229,68.589,46.197,26.186,13.032,6.842
5.14333,153.979,131.506,111.315,68.673,46.256,26.277,12.979,6.886
5.14667,154.194,131.624,111.462,68.697,46.368,26.284,13.017,6.844
5.15000,154.299,131.752,111.477,68.800,46.318,26.214,13.017,6.846
5.15333,154.420,131.774,111.504,68.797,46.337,26.293,13.071,6.873
5.15667,154.443,131.930,111.652,68.938,46.414,26.278,13.050,6.880
5.16000,154.666,131.994,111.690,68.855,46.422,26.321,13.044,6.916
5.16333,154.758,132.087,111.875,68.965,46.511,26.351,13.039,6.945
5.16667,154.844,132.182,111.965,69.050,46.550,26.340,13.010,6.951
5.17000,154.994,132.321,112.023,69.099,46.571,26.385,13.083,6.856
5.17333,155.098,132.389,112.150,69.118,46.606,26.426,13.079,6.920
5.17667,155.243,132.512,112.142,69.167,46.638,26.447,13.100,6.948
5.18000,155.327,132.606,112.314,69.211,46.630,26.515,13.136,6.829
5.18333,155.445,132.655,112.397,69.338,46.715,26.424,13.186,6.918
5.18667,155.533,132.883,112.392,69.446,46.733,26.453,13.175,6.916
5.19000,155.673,132.903,112.511,69.418,46.775,26.497,13.112,6.886
5.19333,155.793,133.026,112.649,69.533,46.852,26.542,13.231,6.915
5.19667,155.933,133.161,112.735,69.431,46.818,26.586,13.149,6.950
5.20000,156.017,133.252,112.848,69.616,46.898,26.555,13.195,6.927
5.20333,156.105,133.356,112.871,69.653,46.915,26.547,13.154,6.960
5.20667,156.272,133.440,112.917,69.667,46.964,26.599,13.188,6.976
5.21000,156.436,133.567,113.068,69.742,47.033,26.635,13.209,6.954
5.21333,156.615,133.670,113.184,69.825,47.057,26.737,13.200,6.933
5.21667,156.647,133.708,113.255,69.844,47.080,26.724,13.254,6.999
5.22000,156.760,133.891,113.315,69.890,47.047,26.697,13.287,6.945
5.22333,156.895,133.974,113.446,69.930,47.092,26.691,13.255,6.979
5.22667,157.010,134.104,113.530,69.958,47.167,26.694,13.277,7.023
5.23000,157.133,134.150,113.540,69.996,47.215,26.710,13.283,7.024
5.23333,157.242,134.331,113.669,70.127,47.252,26.766,13.319,7.006
5.23667,157.445,134.363,113.763,70.173,47.284,26.776,13.224,7.014
5.24000,157.506,134.527,113.802,70.244,47.368,26.720,13.330,6.984
5.24333,157.612,134.608,113.954,70.274,47.354,26.808,13.289,6.991
5.24667,157.669,134.685,113.973,70.375,47.382,26.854,13.345,6.972
5.25000,157.915,134.784,114.087,70.416,47.424,26.855,13.353,7.038
5.25333,157.993,134.902,114.208,70.426,47.434,26.875,13.409,6.988
5.25667,158.139,135.001,114.225,70.489,47.525,26.881,13.397,7.019
5.26000,158.203,135.109,114.350,70.502,47.507,26.924,13.335,7.055
5.26333,158.302,135.219,114.413,70.712,47.517,27.007,13.374,6.978
5.26667,158.447,135.273,114.557,70.626,47.621,26.879,13.372,7.049
5.27000,158.518,135.438,114.612,70.706,47.592,27.009,13.432,7.052
5.27333,158.702,135.448,114.736,70.731,47.735,27.031,13.429,7.093
5.27667,158.817,135.552,114.806,70.836,47.776,27.063,13.459,7.084
5.28000,158.941,135.702,114.869,70.917,47.750,27.044,13.469,7.060
5.28333,159.061,135.777,114.967,70.897,47.740,27.074,13.476,7.086
5.28667,159.188,135.881,115.004,70.957,47.841,27.065,13.477,7.008
5.29000,159.267,136.025,115.110,71.031,47.838,27.127,13.469,7.087
5.29333,159.453,136.116,115.220,71.099,47.859,27.111,13.502,7.051
5.29667,159.556,136.230,115.282,71.144,47.903,27.153,13.486,7.065
5.30000,159.620,136.348,115.391,71.162,47.939,27.174,13.494,7.134
5.30333,159.710,136.461,115.434,71.266,48.021,27.216,13.548,7.119
5.30667,159.901,136.482,115.451,71.306,48.019,27.146,13.551,7.131
5.31000,159.972,136.618,115.650,71.385,48.060,27.278,13.539,7.145
5.31333,160.130,136.709,115.788,71.460,48.096,27.296,13.603,7.205
5.31667,160.240,136.807,115.822,71.482,48.120,27.297,13.588,7.071
5.32000,160.371,136.867,115.903,71.502,48.206,27.263,13.531,7.119
5.32333,160.470,136.986,115.974,71.567,48.202,27.320,13.586,7.145
5.32667,160.599,137.155,116.134,71.688,48.285,27.349,13.588,7.172
5.33000,160.667,137.254,116.136,71.689,48.284,27.286,13.593,7.127
5.33333,160.826,137.328,116.269,71.776,48.364,27.358,13.605,7.181
5.33667,160.920,137.378,116.310,71.812,48.344,27.433,13.651,7.142
5.34000,161.044,137.572,116.434,71.819,48.430,27.425,13.678,7.161
5.34333,161.218,137.649,116.482,71.859,48.380,27.386,13.644,7.084
5.34667,161.318,137.767,116.610,71.892,48.516,27.428,13.642,7.140
5.35000,161.461,137.781,116.698,72.012,48.520,27.447,13.744,7.164
5.35333,161.556,137.906,116.766,72.000,48.453,27.471,13.680,7.129
5.35667,161.689,138.025,116.887,72.136,48.643,27.495,13.708,7.173
5.36000,161.776,138.104,116.993,72.182,48.638,27.482,13.698,7.175
5.36333,161.927,138.194,116.983,72.250,48.663,27.591,13.712,7.148
5.36667,161.975,138.366,117.103,72.273,48.716,27.581,13.686,7.164
5.37000,162.154,138.477,117.190,72.252,48.737,27.581,13.782,7.128
5.37333,162.214,138.531,117.294,72.355,48.780,27.587,13.817,7.146
5.37667,162.389,138.615,117.307,72.418,48.802,27.635,13.786,7.240
5.38000,162.444,138.721,117.454,72.444,48.811,27.694,13.780,7.243
5.38333,162.612,138.846,117.530,72.547,48.898,27.671,13.801,7.258
5.38667,162.738,138.957,117.583,72.549,48.870,27.671,13.795,7.220
5.39000,162.868,139.038,117.651,72.603,48.952,27.661,13.874,7.180
5.39333,162.885,139.216,117.854,72.659,48.902,27.736,13.798,7.220
5.39667,163.111,139.258,117.857,72.750,48.994,27.716,13.838,7.239
5.40000,163.183,139.349,117.998,72.781,49.081,27.746,13.831,7.244
5.40333,163.333,139.447,118.061,72.888,49.046,27.781,13.787,7.297
5.40667,163.442,139.577,118.189,72.856,49.116,27.774,13.865,7.244
5.41000,163.611,139.675,118.202,72.930,49.213,27.822,13.875,7.186
5.41333,163.674,139.724,118.332,73.000,49.195,27.789,13.885,7.214
5.41667,163.765,139.927,118.352,73.007,49.273,27.862,13.887,7.304
5.42000,164.006,139.940,118.466,73.145,49.272,27.840,13.916,7.168
5.42333,164.029,140.085,118.548,73.254,49.268,27.898,13.943,7.337
5.42667,164.146,140.167,118.636,73.227,49.315,27.834,13.851,7.286
5.43000,164.267,140.308,118.730,73.283,49.405,27.912,13.878,7.294
5.43333,164.383,140.403,118.860,73.347,49.350,27.990,13.952,7.278
5.43667,164.487,140.438,118.868,73.403,49.477,28.004,13.896,7.296
5.44000,164.652,140.550,118.986,73.450,49.484,28.005,14.018,7.272
5.44333,164.674,140.656,119.062,73.477,49.596,28.000,14.004,7.257
5.44667,164.819,140.830,119.134,73.532,49.544,28.050,14.011,7.266
5.45000,164.966,140.827,119.163,73.585,49.581,28.099,13.954,7.252
5.45333,165.105,141.043,119.377,73.678,49.634,28.071,14.049,7.311
5.45667,165.202,141.103,119.439,73.676,49.636,28.081,14.011,7.346
5.46000,165.289,141.180,119.466,73.761,49.653,28.123,14.062,7.297
5.46333,165.400,141.223,119.512,73.855,49.670,28.176,14.049,7.245
5.46667,165.591,141.442,119.639,73.883,49.761,28.154,14.064,7.289
5.47000,165.666,141.465,119.748,73.994,49.755,28.151,14.086,7.410
5.47333,165.815,141.521,119.772,74.009,49.827,28.137,14.071,7.367
5.47667,165.896,141.724,119.878,74.035,49.855,28.194,14.048,7.322
5.48000,165.974,141.780,119.978,74.045,49.895,28.219,14.040,7.429
5.48333,166.113,141.865,120.036,74.101,49.909,28.250,14.076,7.387
5.48667,166.207,141.939,120.205,74.193,49.954,28.230,14.098,7.304
5.49000,166.351,142.087,120.262,74.255,49.990,28.321,14.113,7.349
5.49333,166.508,142.210,120.381,74.342,50.073,28.306,14.213,7.330
5.49667,166.595,142.255,120.426,74.338,50.127,28.329,14.208,7.334
5.50000,166.692,142.391,120.492,74.369,50.077,28.332,14.138,7.395
5.50333,166.846,142.430,120.637,74.453,50.132,28.367,14.200,7.352
5.50667,167.054,142.513,120.679,74.461,50.170,28.376,14.180,7.457
5.51000,167.092,142.659,120.774,74.578,50.260,28.400,14.194,7.367
5.51333,167.230,142.761,120.835,74.614,50.276,28.402,14.192,7.408
5.51667,167.284,142.898,120.867,74.610,50.221,28.407,14.248,7.396
5.52000,167.343,142.950,121.012,74.722,50.249,28.411,14.226,7.461
5.52333,167.510,143.092,121.033,74.790,50.390,28.470,14.164,7.458
5.52667,167.635,143.152,121.189,74.822,50.389,28.458,14.248,7.405
5.53000,167.746,143.272,121.213,74.908,50.388,28.462,14.253,7.430
5.53333,167.902,143.333,121.324,74.951,50.490,28.571,14.252,7.404
5.53667,167.964,143.445,121.368,74.943,50.498,28.627,14.239,7.410
5.54000,168.068,143.562,121.537,75.020,50.499,28.602,14.294,7.414
5.54333,168.214,143.645,121.531,75.010,50.552,28.551,14.347,7.448
5.54667,168.282,143.761,121.685,75.177,50.612,28.584,14.301,7.422
5.55000,168.481,143.826,121.779,75.168,50.640,28.663,14.259,7.429
5.55333,168.595,144.011,121.843,75.247,50.604,28.594,14.275,7.462
5.55667,168.688,144.103,121.921,75.275,50.685,28.618,14.354,7.483
5.56000,168.809,144.090,122.037,75.347,50.754,28.707,14.306,7.479
5.56333,168.932,144.262,122.018,75.425,50.764,28.778,14.306,7.452
5.56667,169.008,144.387,122.175,75.417,50.798,28.741,14.346,7.465
5.57000,169.171,144.464,122.294,75.423,50.865,28.668,14.346,7.418
5.57333,169.252,144.531,122.325,75.481,50.926,28.814,14.426,7.423
5.57667,169.368,144.625,122.401,75.658,50.957,28.781,14.403,7.503
5.58000,169.485,144.778,122.478,75.594,50.910,28.782,14.377,7.455
5.58333,169.634,144.786,122.609,75.785,51.020,28.850,14.439,7.437
5.58667,169.780,144.982,122.691,75.748,51.003,28.881,14.474,7.512
5.59000,169.812,145.029,122.781,75.788,51.017,28.850,14.407,7.491
5.59333,169.919,145.103,122.797,75.891,51.081,28.856,14.491,7.540
5.59667,170.065,145.231,122.940,75.872,51.107,28.848,14.490,7.472
5.60000,170.145,145.327,123.037,75.998,51.169,28.915,14.484,7.496
5.60333,170.340,145.390,123.044,75.965,51.158,28.887,14.474,7.514
5.60667,170.394,145.553,123.152,76.034,51.289,28.965,14.512,7.523
5.61000,170.502,145.602,123.306,76.095,51.261,28.972,14.500,7.606
5.61333,170.691,145.808,123.265,76.199,51.267,28.975,14.435,7.511
5.61667,170.804,145.779,123.418,76.253,51.323,29.006,14.466,7.515
5.62000,170.894,145.942,123.475,76.314,51.372,29.092,14.536,7.536
5.62333,170.992,146.002,123.591,76.357,51.415,29.056,14.533,7.560
5.62667,171.168,146.128,123.654,76.388,51.481,29.092,14.526,7.483
5.63000,171.165,146.248,123.735,76.454,51.517,29.106,14.605,7.574
5.63333,171.330,146.350,123.852,76.469,51.541,29.128,14.516,7.558
5.63667,171.393,146.445,123.975,76.517,51.525,29.170,14.636,7.590
5.64000,171.623,146.501,124.044,76.647,51.616,29.151,14.626,7.563
5.64333,171.671,146.623,124.086,76.638,51.653,29.148,14.607,7.567
5.64667,171.760,146.674,124.177,76.668,51.671,29.227,14.592,7.566
5.65000,171.895,146.820,124.279,76.722,51.614,29.140,14.638,7.544
5.65333,172.037,146.958,124.364,76.736,51.664,29.211,14.664,7.630
5.65667,172.151,147.001,124.485,76.828,51.756,29.230,14.572,7.652
5.66000,172.200,147.125,124.475,76.878,51.805,29.237,14.721,7.601
5.66333,172.334,147.215,124.631,76.937,51.840,29.284,14.650,7.622
5.66667,172.498,147.328,124.666,76.970,51.859,29.288,14.653,7.606
5.67000,172.593,147.418,124.711,77.098,51.828,29.314,14.657,7.577
5.67333,172.657,147.520,124.832,77.094,51.947,29.302,14.699,7.648
5.67667,172.875,147.612,124.854,77.192,51.925,29.347,14.687,7.674
5.68000,172.915,147.673,125.024,77.172,52.002,29.404,14.687,7.638
5.68333,173.050,147.796,125.043,77.205,52.019,29.434,14.707,7.626
5.68667,173.200,147.886,125.171,77.287,52.065,29.398,14.704,7.712
5.69000,173.280,147.964,125.255,77.295,52.091,29.417,14.793,7.594
5.69333,173.354,148.084,125.251,77.451,52.122,29.418,14.775,7.577
5.69667,173.574,148.237,125.429,77.480,52.158,29.428,14.822,7.673
5.70000,173.637,148.296,125.442,77.482,52.160,29.485,14.731,7.719
5.70333,173.703,148.386,125.562,77.545,52.238,29.576,14.773,7.695
5.70667,173.849,148.479,125.706,77.612,52.295,29.565,14.739,7.635
5.71000,174.014,148.535,125.706,77.714,52.279,29.554,14.725,7.665
5.71333,174.069,148.670,125.827,77.672,52.360,29.545,14.878,7.712
5.71667,174.239,148.682,125.940,77.779,52.337,29.622,14.770,7.658
5.72000,174.317,148.803,126.024,77.824,52.422,29.613,14.818,7.716
5.72333,174.394,148.910,126.021,77.825,52.420,29.684,14.875,7.699
5.72667,174.542,149.083,126.084,77.901,52.501,29.681,14.913,7.744
5.73000,174.642,149.107,126.278,77.949,52.517,29.737,14.902,7.668
5.73333,174.788,149.237,126.310,78.038,52.504,29.707,14.885,7.767
5.73667,174.821,149.396,126.411,78.117,52.556,29.728,14.906,7.703
5.74000,174.984,149.437,126.438,78.078,52.548,29.665,14.917,7.734
5.74333,175.140,149.643,126.526,78.227,52.687,29.797,14.885,7.680
5.74667,175.195,149.651,126.711,78.286,52.671,29.752,14.903,7.748
5.75000,175.302,149.745,126.714,78.313,52.704,29.790,14.995,7.701
5.75333,175.476,149.801,126.809,78.350,52.729,29.766,14.894,7.718
5.75667,175.547,149.942,126.885,78.415,52.781,29.817,14.895,7.756
5.76000,175.630,149.948,126.994,78.444,52.849,29.824,14.983,7.754
5.76333,175.862,150.117,127.049,78.497,52.766,29.871,14.919,7.724
5.76667,175.854,150.254,127.146,78.514,52.857,29.919,14.977,7.747
5.77000,175.980,150.321,127.173,78.554,52.870,29.925,14.993,7.740
5.77333,176.169,150.414,127.281,78.677,52.956,29.855,14.992,7.731
5.77667,176.202,150.521,127.329,78.649,52.957,29.898,15.001,7.784
5.78000,176.296,150.607,127.473,78.718,53.014,29.926,14.999,7.752
5.78333,176.440,150.740,127.483,78.830,52.989,29.942,15.046,7.786
5.78667,176.522,150.781,127.613,78.864,53.114,30.009,15.013,7.761
5.79000,176.628,150.878,127.693,78.933,53.085,30.077,15.072,7.791
5.79333,176.742,150.975,127.730,78.940,53.183,30.022,15.058,7.828
5.79667,176.791,151.085,127.833,78.988,53.188,30.044,15.037,7.846
5.80000,176.975,151.149,127.843,79.041,53.190,30.071,15.112,7.869
5.80333,177.134,151.272,127.952,78.996,53.213,30.068,15.080,7.795
5.80667,177.284,151.401,128.102,79.136,53.320,30.095,15.080,7.807
5.81000,177.319,151.379,128.160,79.209,53.346,30.112,15.152,7.837
5.81333,177.433,151.565,128.251,79.235,53.354,30.195,15.109,7.820
5.81667,177.560,151.714,128.274,79.298,53.361,30.107,15.125,7.770
5.82000,177.699,151.771,128.448,79.348,53.428,30.221,15.203,7.814
5.82333,177.739,151.815,128.508,79.462,53.477,30.143,15.143,7.818
5.82667,177.898,151.913,128.624,79.376,53.462,30.245,15.241,7.925
5.83000,178.030,152.047,128.643,79.517,53.476,30.230,15.181,7.815
5.83333,178.137,152.179,128.668,79.587,53.565,30.236,15.184,7.781
5.83667,178.200,152.175,128.812,79.571,53.539,30.289,15.170,7.780
5.84000,178.355,152.321,128.885,79.693,53.620,30.237,15.260,7.827
5.84333,178.431,152.431,128.966,79.667,53.632,30.286,15.224,7.825
5.84667,178.541,152.504,129.014,79.692,53.691,30.317,15.249,7.807
5.85000,178.701,152.711,129.124,79.817,53.713,30.377,15.284,7.866
5.85333,178.783,152.746,129.186,79.886,53.692,30.398,15.260,7.892
5.85667,178.905,152.806,129.299,79.923,53.777,30.398,15.227,7.940
5.86000,179.036,152.932,129.326,79.958,53.836,30.374,15.261,7.856
5.86333,179.172,153.025,129.445,79.973,53.864,30.388,15.301,7.911
5.86667,179.230,153.093,129.524,80.008,53.931,30.422,15.332,7.926
5.87000,179.329,153.160,129.599,80.034,53.892,30.460,15.328,7.918
5.87333,179.450,153.270,129.694,80.165,53.942,30.402,15.304,7.944
5.87667,179.548,153.336,129.741,80.193,54.008,30.518,15.270,7.870
5.88000,179.644,153.501,129.846,80.244,54.020,30.525,15.303,7.977
5.88333,179.796,153.536,129.948,80.354,54.053,30.525,15.325,7.894
5.88667,179.889,153.693,129.995,80.371,54.068,30.528,15.358,7.955
5.89000,180.099,153.753,130.104,80.391,54.141,30.479,15.391,7.983
5.89333,180.122,153.826,130.157,80.468,54.126,30.578,15.369,7.919
5.89667,180.166,153.931,130.245,80.518,54.103,30.540,15.365,7.879
5.90000,180.322,153.979,130.309,80.569,54.205,30.565,15.384,7.978
5.90333,180.466,154.108,130.373,80.653,54.277,30.624,15.353,7.913
5.90667,180.541,154.275,130.507,80.667,54.345,30.698,15.339,7.973
5.91000,180.630,154.319,130.607,80.738,54.323,30.634,15.392,7.902
5.91333,180.738,154.367,130.644,80.738,54.384,30.701,15.435,7.920
5.91667,180.919,154.528,130.755,80.779,54.444,30.680,15.508,7.950
5.92000,180.988,154.570,130.770,80.891,54.445,30.710,15.448,7.933
5.92333,181.171,154.719,130.892,80.874,54.463,30.712,15.441,8.010
5.92667,181.202,154.848,131.017,80.973,54.460,30.785,15.480,7.930
5.93000,181.380,154.876,131.032,81.020,54.542,30.711,15.479,8.048
5.93333,181.459,154.980,131.127,81.043,54.590,30.819,15.538,7.963
5.93667,181.555,155.079,131.270,81.111,54.609,30.838,15.472,7.966
5.94000,181.701,155.172,131.277,81.176,54.521,30.816,15.525,7.999
5.94333,181.754,155.248,131.370,81.223,54.688,30.844,15.465,7.986
5.94667,181.900,155.346,131.439,81.280,54.723,30.799,15.528,7.984
5.95000,181.983,155.464,131.457,81.324,54.722,30.836,15.593,8.074
5.95333,182.056,155.523,131.615,81.372,54.744,30.982,15.488,7.925
5.95667,182.298,155.667,131.689,81.442,54.821,30.910,15.602,8.063
5.96000,182.343,155.715,131.750,81.468,54.767,30.953,15.590,8.017
5.96333,182.453,155.814,131.860,81.511,54.852,30.966,15.512,8.003
5.96667,182.495,155.925,131.890,81.571,54.853,30.932,15.571,7.930
5.97000,182.715,156.069,132.001,81.641,54.939,30.939,15.591,8.068
5.97333,182.764,156.184,132.095,81.619,55.005,30.984,15.602,8.021
5.97667,182.913,156.242,132.165,81.707,54.996,30.969,15.608,7.989
5.98000,183.010,156.305,132.212,81.785,55.043,31.085,15.628,8.037
5.98333,183.047,156.356,132.346,81.797,55.046,31.069,15.659,8.039
5.98667,183.242,156.501,132.433,81.805,55.113,31.117,15.655,8.070
5.99000,183.354,156.556,132.435,81.867,55.110,31.064,15.606,8.028
5.99333,183.510,156.683,132.530,81.907,55.223,31.156,15.645,8.035
5.99667,183.598,156.764,132.626,81.961,55.149,31.060,15.599,8.059
6.00000,183.658,156.829,132.697,82.026,55.252,31.112,15.664,8.025
6.00333,183.676,156.955,132.783,82.131,55.280,31.167,15.719,8.055
6.00667,183.874,157.058,132.878,82.149,55.339,31.196,15.708,8.131
6.01000,183.973,157.144,132.919,82.189,55.337,31.232,15.796,8.099
6.01333,184.104,157.257,133.057,82.256,55.385,31.226,15.776,8.013
6.01667,184.169,157.342,133.133,82.270,55.377,31.213,15.716,8.074
6.02000,184.273,157.422,133.226,82.316,55.408,31.229,15.718,8.075
6.02333,184.451,157.592,133.287,82.289,55.428,31.264,15.737,8.084
6.02667,184.496,157.635,133.357,82.414,55.506,31.324,15.715,8.076
6.03000,184.629,157.646,133.405,82.493,55.575,31.318,15.768,8.047
6.03333,184.699,157.711,133.486,82.552,55.564,31.316,15.810,8.129
6.03667,184.845,157.911,133.612,82.555,55.625,31.289,15.708,8.079
6.04000,184.894,157.954,133.618,82.625,55.642,31.446,15.791,8.066
6.04333,185.033,158.099,133.737,82.689,55.677,31.372,15.848,8.134
6.04667,185.207,158.127,133.782,82.693,55.655,31.365,15.834,8.076
6.05000,185.311,158.243,133.911,82.802,55.774,31.462,15.816,8.156
6.05333,185.301,158.343,133.988,82.863,55.755,31.426,15.864,8.144
6.05667,185.499,158.421,134.053,82.888,55.711,31.432,15.778,8.127
6.06000,185.675,158.586,134.111,82.935,55.856,31.474,15.925,8.114
6.06333,185.718,158.621,134.216,83.012,55.858,31.436,15.831,8.108
6.06667,185.845,158.750,134.349,83.022,55.880,31.511,15.860,8.156
6.07000,185.927,158.786,134.378,83.078,55.918,31.513,15.912,8.197
6.07333,186.027,158.921,134.399,83.153,55.919,31.561,15.897,8.154
6.07667,186.091,159.010,134.559,83.188,55.929,31.534,15.870,8.140
6.08000,186.232,159.106,134.657,83.269,56.046,31.652,15.933,8.182
6.08333,186.330,159.123,134.677,83.354,56.083,31.595,15.972,8.168
6.08667,186.415,159.283,134.679,83.288,56.073,31.612,15.958,8.270
6.09000,186.614,159.458,134.779,83.372,56.097,31.597,15.944,8.165
6.09333,186.652,159.456,134.912,83.448,56.115,31.626,16.004,8.238
6.09667,186.788,159.570,134.959,83.416,56.186,31.711,15.941,8.217
6.10000,186.901,159.634,135.071,83.497,56.209,31.672,15.979,8.159
6.10333,186.954,159.709,135.081,83.536,56.232,31.758,16.018,8.270
6.10667,187.065,159.825,135.206,83.699,56.216,31.718,15.960,8.208
6.11000,187.227,159.899,135.270,83.680,56.315,31.779,16.008,8.176
6.11333,187.237,160.050,135.363,83.675,56.280,31.777,16.002,8.289
6.11667,187.447,160.136,135.477,83.774,56.487,31.759,16.058,8.162
6.12000,187.522,160.215,135.563,83.876,56.400,31.804,16.037,8.303
6.12333,187.662,160.280,135.599,83.895,56.398,31.842,15.999,8.202
6.12667,187.724,160.367,135.659,83.926,56.461,31.904,16.095,8.277
6.13000,187.833,160.493,135.757,83.980,56.575,31.844,16.055,8.226
6.13333,187.944,160.528,135.802,83.960,56.535,31.757,16.116,8.243
6.13667,188.069,160.672,135.902,84.026,56.558,31.918,16.093,8.268
6.14000,188.195,160.781,135.948,84.105,56.464,31.936,16.147,8.225
6.14333,188.212,160.835,136.034,84.169,56.616,31.956,16.147,8.263
6.14667,188.375,160.932,136.124,84.167,56.659,31.964,16.110,8.334
6.15000,188.504,161.038,136.224,84.251,56.662,31.932,16.089,8.264
6.15333,188.620,161.143,136.286,84.284,56.723,32.038,16.179,8.235
6.15667,188.665,161.178,136.413,84.325,56.806,32.044,16.191,8.246
6.16000,188.847,161.344,136.448,84.397,56.782,32.043,16.152,8.291
6.16333,188.959,161.442,136.489,84.379,56.823,32.056,16.226,8.271
6.16667,189.062,161.509,136.620,84.542,56.772,32.099,16.224,8.355
6.17000,189.094,161.543,136.635,84.548,56.913,32.045,16.145,8.230
6.17333,189.282,161.705,136.754,84.622,56.925,32.070,16.209,8.288
6.17667,189.343,161.727,136.820,84.650,56.943,32.099,16.217,8.344
6.18000,189.468,161.862,136.886,84.695,56.964,32.131,16.221,8.305
6.18333,189.597,161.918,137.026,84.721,57.065,32.073,16.242,8.359
6.18667,189.655,162.028,137.030,84.786,56.946,32.121,16.229,8.298
6.19000,189.734,162.135,137.191,84.838,57.071,32.198,16.290,8.303
6.19333,189.866,162.191,137.186,84.911,57.105,32.160,16.268,8.300
6.19667,190.000,162.338,137.257,84.936,57.078,32.195,16.265,8.361
6.20000,190.089,162.455,137.369,84.980,57.162,32.206,16.256,8.320
6.20333,190.203,162.477,137.433,85.051,57.181,32.280,16.264,8.358
6.20667,190.268,162.618,137.533,85.061,57.217,32.281,16.365,8.322
6.21000,190.418,162.643,137.581,85.195,57.270,32.231,16.315,8.307
6.21333,190.487,162.686,137.658,85.188,57.248,32.316,16.314,8.306
6.21667,190.596,162.886,137.749,85.232,57.345,32.297,16.349,8.326
6.22000,190.688,163.017,137.908,85.199,57.367,32.263,16.355,8.303
6.22333,190.831,162.999,137.899,85.326,57.429,32.389,16.380,8.367
6.22667,190.946,163.172,137.984,85.304,57.466,32.392,16.375,8.380
6.23000,191.042,163.183,138.073,85.412,57.438,32.390,16.361,8.357
6.23333,191.128,163.243,138.166,85.469,57.517,32.433,16.413,8.353
6.23667,191.272,163.332,138.199,85.489,57.488,32.416,16.319,8.351
6.24000,191.377,163.486,138.287,85.593,57.613,32.467,16.423,8.347
6.24333,191.429,163.575,138.412,85.621,57.539,32.465,16.323,8.361
6.24667,191.615,163.632,138.440,85.665,57.638,32.488,16.362,8.317
6.25000,191.691,163.734,138.527,85.675,57.676,32.516,16.424,8.339
6.25333,191.775,163.945,138.585,85.750,57.650,32.530,16.402,8.425
6.25667,191.906,163.948,138.743,85.839,57.710,32.522,16.462,8.439
6.26000,191.960,164.065,138.723,85.795,57.685,32.540,16.515,8.376
6.26333,192.110,164.085,138.819,85.854,57.766,32.601,16.427,8.356
6.26667,192.183,164.207,138.925,85.949,57.838,32.590,16.489,8.423
6.27000,192.347,164.328,139.026,85.915,57.814,32.582,16.496,8.329
6.27333,192.380,164.367,139.044,86.066,57.908,32.579,16.471,8.411
6.27667,192.517,164.479,139.104,86.055,57.877,32.651,16.483,8.328
6.28000,192.606,164.603,139.200,86.155,57.943,32.651,16.500,8.438
6.28333,192.732,164.645,139.287,86.141,58.015,32.672,16.514,8.436
6.28667,192.809,164.812,139.378,86.210,57.930,32.681,16.530,8.411
6.29000,192.983,164.804,139.443,86.263,58.035,32.711,16.500,8.390
6.29333,192.992,164.898,139.478,86.263,58.093,32.687,16.509,8.420
6.29667,193.108,165.058,139.558,86.348,58.077,32.778,16.540,8.427
6.30000,193.227,165.104,139.628,86.376,58.142,32.694,16.556,8.441
6.30333,193.320,165.166,139.745,86.510,58.146,32.749,16.553,8.413
6.30667,193.410,165.283,139.849,86.486,58.112,32.789,16.595,8.504
6.31000,193.525,165.399,139.863,86.534,58.205,32.812,16.526,8.412
6.31333,193.649,165.389,139.956,86.564,58.352,32.811,16.591,8.508
6.31667,193.733,165.560,139.998,86.697,58.279,32.874,16.600,8.470
6.32000,193.853,165.637,140.076,86.652,58.352,32.819,16.579,8.544
6.32333,193.947,165.700,140.275,86.715,58.403,32.905,16.623,8.469
6.32667,194.062,165.841,140.207,86.772,58.389,32.951,16.680,8.427
6.33000,194.169,165.856,140.254,86.834,58.380,32.870,16.603,8.519
6.33333,194.328,166.053,140.359,86.900,58.476,32.944,16.661,8.502
6.33667,194.364,166.071,140.498,86.902,58.435,32.930,16.640,8.508
6.34000,194.534,166.181,140.538,86.917,58.486,32.928,16.697,8.466
6.34333,194.592,166.322,140.671,87.018,58.520,33.014,16.649,8.530
6.34667,194.706,166.349,140.727,87.049,58.559,32.942,16.702,8.486
6.35000,194.877,166.414,140.794,87.129,58.614,33.004,16.678,8.544
6.35333,194.917,166.588,140.870,87.124,58.660,33.007,16.694,8.526
6.35667,195.046,166.639,140.934,87.196,58.637,33.082,16.784,8.536
6.36000,195.144,166.689,141.020,87.234,58.710,33.085,16.753,8.502
6.36333,195.257,166.795,141.122,87.367,58.676,33.104,16.744,8.574
6.36667,195.379,166.861,141.193,87.376,58.795,33.104,16.733,8.513
6.37000,195.446,166.990,141.189,87.442,58.804,33.131,16.755,8.545
6.37333,195.528,167.034,141.319,87.447,58.825,33.193,16.733,8.526
6.37667,195.673,167.117,141.395,87.479,58.812,33.190,16.794,8.582
6.38000,195.735,167.241,141.466,87.483,58.895,33.223,16.803,8.519
6.38333,195.924,167.370,141.557,87.564,58.891,33.217,16.796,8.564
6.38667,195.939,167.430,141.568,87.642,58.932,33.254,16.827,8.519
6.39000,196.027,167.542,141.684,87.658,58.931,33.207,16.801,8.573
6.39333,196.227,167.552,141.764,87.735,58.988,33.217,16.795,8.578
6.39667,196.258,167.689,141.794,87.814,59.033,33.299,16.843,8.565
6.40000,196.387,167.785,141.843,87.828,59.088,33.318,16.848,8.583
6.40333,196.453,167.855,142.008,87.920,59.117,33.261,16.877,8.544
6.40667,196.578,167.953,142.037,87.913,59.169,33.305,16.909,8.574
6.41000,196.701,167.989,142.073,87.947,59.057,33.387,16.879,8.597
6.41333,196.736,168.172,142.214,87.932,59.235,33.301,16.897,8.626
6.41667,196.919,168.196,142.314,88.042,59.187,33.405,16.903,8.587
6.42000,196.976,168.315,142.397,88.141,59.253,33.349,16.853,8.624
6.42333,197.065,168.384,142.422,88.196,59.315,33.406,16.915,8.644
6.42667,197.268,168.505,142.492,88.153,59.361,33.436,16.948,8.643
6.43000,197.245,168.559,142.619,88.254,59.354,33.460,16.974,8.597
6.43333,197.362,168.656,142.728,88.280,59.438,33.483,16.864,8.646
6.43667,197.462,168.757,142.713,88.317,59.372,33.441,16.924,8.623
6.44000,197.582,168.799,142.814,88.369,59.465,33.439,16.957,8.605
6.44333,197.670,168.914,142.841,88.409,59.486,33.487,16.998,8.667
6.44667,197.838,169.051,142.978,88.456,59.484,33.542,17.019,8.586
6.45000,197.879,169.096,142.987,88.537,59.521,33.459,17.016,8.689
6.45333,198.028,169.160,143.131,88.528,59.499,33.563,17.002,8.621
6.45667,198.109,169.272,143.178,88.555,59.570,33.622,16.966,8.634
6.46000,198.287,169.362,143.213,88.628,59.618,33.570,17.042,8.693
6.46333,198.397,169.424,143.330,88.739,59.662,33.590,17.003,8.659
6.46667,198.390,169.515,143.379,88.725,59.708,33.645,17.011,8.663
6.47000,198.574,169.614,143.480,88.791,59.759,33.612,17.090,8.616
6.47333,198.612,169.711,143.495,88.919,59.805,33.616,16.986,8.629
6.47667,198.763,169.818,143.586,88.913,59.735,33.635,17.037,8.642
6.48000,198.885,169.819,143.705,88.869,59.838,33.660,17.035,8.737
6.48333,198.938,169.922,143.709,88.975,59.902,33.733,17.071,8.669
6.48667,199.010,170.026,143.861,89.022,59.901,33.768,17.095,8.648
6.49000,199.155,170.233,143.895,89.005,59.871,33.724,17.106,8.707
6.49333,199.202,170.210,144.001,89.071,59.928,33.779,17.125,8.702
6.49667,199.399,170.269,143.999,89.075,59.984,33.823,17.097,8.676
6.50000,199.448,170.366,144.093,89.296,59.987,33.763,17.112,8.706
6.50333,199.523,170.467,144.208,89.284,60.018,33.816,17.165,8.732
6.50667,199.613,170.546,144.294,89.335,60.086,33.825,17.215,8.690
6.51000,199.681,170.608,144.357,89.332,60.082,33.834,17.149,8.720
6.51333,199.891,170.754,144.430,89.451,60.118,33.885,17.238,8.687
6.51667,199.956,170.818,144.460,89.440,60.207,33.879,17.125,8.775
6.52000,200.022,170.900,144.591,89.500,60.180,33.885,17.118,8.712
6.52333,200.156,171.004,144.650,89.509,60.251,33.930,17.198,8.692
6.52667,200.271,171.072,144.656,89.640,60.167,33.972,17.177,8.712
6.53000,200.328,171.106,144.824,89.677,60.276,33.927,17.218,8.762
6.53333,200.450,171.319,144.835,89.650,60.299,33.990,17.216,8.698
6.53667,200.546,171.395,144.972,89.711,60.300,33.906,17.218,8.714
6.54000,200.650,171.459,144.995,89.723,60.377,33.977,17.317,8.785
6.54333,200.756,171.511,145.136,89.853,60.415,34.019,17.265,8.718
6.54667,200.824,171.597,145.116,89.838,60.449,34.009,17.273,8.743
6.55000,200.961,171.712,145.210,89.876,60.473,34.026,17.273,8.766
6.55333,201.095,171.802,145.317,89.921,60.459,34.068,17.221,8.777
6.55667,201.254,171.927,145.355,90.003,60.475,34.094,17.249,8.690
6.56000,201.286,171.969,145.436,89.987,60.508,34.121,17.232,8.774
6.56333,201.415,172.060,145.510,90.095,60.592,34.117,17.293,8.737
6.56667,201.519,172.181,145.638,90.179,60.607,34.108,17.269,8.761
6.57000,201.543,172.255,145.693,90.154,60.706,34.166,17.372,8.796
6.57333,201.691,172.381,145.687,90.195,60.591,34.107,17.374,8.715
6.57667,201.752,172.384,145.771,90.288,60.714,34.142,17.351,8.771
6.58000,201.887,172.458,145.950,90.276,60.703,34.205,17.342,8.761
6.58333,202.012,172.568,145.945,90.323,60.767,34.244,17.393,8.789
6.58667,202.080,172.701,146.061,90.414,60.774,34.280,17.341,8.812
6.59000,202.233,172.748,146.103,90.448,60.812,34.189,17.415,8.719
6.59333,202.311,172.860,146.170,90.446,60.795,34.353,17.354,8.779
6.59667,202.399,172.889,146.299,90.620,60.896,34.327,17.426,8.836
6.60000,202.513,173.041,146.322,90.566,60.914,34.274,17.369,8.810
6.60333,202.616,173.117,146.408,90.657,60.928,34.324,17.389,8.877
6.60667,202.630,173.209,146.498,90.692,60.982,34.302,17.405,8.828
6.61000,202.815,173.301,146.510,90.730,61.029,34.328,17.450,8.790
6.61333,202.847,173.415,146.658,90.807,61.063,34.332,17.446,8.805
6.61667,203.028,173.489,146.684,90.829,61.070,34.362,17.431,8.879
6.62000,203.067,173.556,146.794,90.848,61.055,34.400,17.395,8.847
6.62333,203.194,173.640,146.814,90.959,61.159,34.472,17.441,8.886
6.62667,203.286,173.681,146.945,90.956,61.157,34.441,17.524,8.839
6.63000,203.368,173.822,146.992,91.033,61.258,34.466,17.510,8.878
6.63333,203.483,173.905,147.070,91.050,61.200,34.402,17.509,8.892
6.63667,203.599,173.863,147.125,91.142,61.274,34.457,17.532,8.894
6.64000,203.687,174.017,147.240,91.133,61.278,34.518,17.546,8.924
6.64333,203.879,174.135,147.288,91.214,61.342,34.522,17.551,8.920
6.64667,203.904,174.246,147.270,91.204,61.256,34.505,17.536,8.970
6.65000,204.028,174.342,147.397,91.222,61.377,34.567,17.548,8.849
6.65333,204.130,174.445,147.480,91.313,61.384,34.518,17.588,8.966
6.65667,204.181,174.417,147.564,91.422,61.437,34.560,17.532,8.850
6.66000,204.299,174.535,147.632,91.484,61.455,34.565,17.624,8.887
6.66333,204.447,174.675,147.720,91.375,61.472,34.595,17.617,8.905
6.66667,204.543,174.717,147.824,91.447,61.535,34.642,17.603,8.929
6.67000,204.584,174.858,147.950,91.587,61.565,34.641,17.610,8.913
6.67333,204.756,174.858,147.981,91.556,61.605,34.639,17.633,8.899
6.67667,204.827,174.974,148.037,91.656,61.667,34.700,17.649,8.860
6.68000,204.963,175.069,148.102,91.629,61.672,34.761,17.680,8.930
6.68333,205.065,175.220,148.162,91.768,61.674,34.636,17.638,8.923
6.68667,205.107,175.266,148.274,91.777,61.715,34.714,17.657,8.926
6.69000,205.175,175.345,148.327,91.806,61.787,34.724,17.604,8.945
6.69333,205.340,175.381,148.372,91.847,61.757,34.765,17.706,8.856
6.69667,205.400,175.546,148.419,91.934,61.739,34.793,17.658,8.943
6.70000,205.532,175.721,148.521,92.006,61.848,34.824,17.668,8.953
6.70333,205.628,175.665,148.558,92.038,61.870,34.803,17.689,8.918
6.70667,205.759,175.771,148.683,92.006,61.903,34.855,17.682,8.978
6.71000,205.829,175.861,148.768,92.058,61.853,34.849,17.703,8.977
6.71333,205.933,175.975,148.791,92.145,61.895,34.921,17.703,8.967
6.71667,206.029,176.050,148.834,92.167,61.996,34.851,17.752,9.026
6.72000,206.086,176.164,148.909,92.247,62.005,34.865,17.770,8.934
6.72333,206.247,176.232,149.024,92.250,62.047,34.908,17.708,8.940
6.72667,206.383,176.288,149.088,92.304,62.044,34.887,17.717,8.980
6.73000,206.454,176.350,149.177,92.412,62.090,34.986,17.766,8.971
6.73333,206.498,176.524,149.223,92.420,62.082,34.916,17.755,9.020
6.73667,206.566,176.536,149.260,92.426,62.123,34.933,17.727,8.983
6.74000,206.770,176.656,149.424,92.488,62.178,34.996,17.820,8.966
6.74333,206.881,176.712,149.455,92.521,62.249,35.026,17.807,8.991
6.74667,206.944,176.793,149.469,92.577,62.245,35.037,17.798,8.968
6.75000,206.996,176.897,149.587,92.662,62.306,35.068,17.823,9.007
6.75333,207.135,176.993,149.673,92.621,62.288,35.086,17.880,9.069
6.75667,207.207,177.072,149.743,92.763,62.366,35.125,17.829,9.044
6.76000,207.304,177.148,149.836,92.764,62.376,35.134,17.885,9.000
6.76333,207.488,177.272,149.889,92.871,62.385,35.123,17.880,8.989
6.76667,207.540,177.338,149.979,92.840,62.561,35.035,17.816,9.030
6.77000,207.655,177.392,150.053,92.979,62.450,35.165,17.865,9.020
6.77333,207.680,177.527,150.104,92.923,62.528,35.152,17.912,9.061
6.77667,207.837,177.647,150.185,93.056,62.469,35.207,17.897,9.063
6.78000,207.932,177.692,150.221,93.005,62.532,35.217,17.840,9.034
6.78333,208.030,177.795,150.313,93.074,62.555,35.234,17.895,9.048
6.78667,208.114,177.870,150.380,93.137,62.616,35.246,17.944,9.044
6.79000,208.210,177.895,150.418,93.174,62.640,35.213,17.929,9.044
6.79333,208.280,177.992,150.524,93.205,62.673,35.200,17.927,9.047
6.79667,208.465,178.124,150.563,93.223,62.738,35.298,17.982,9.032
6.80000,208.532,178.151,150.721,93.277,62.689,35.287,17.987,9.022
6.80333,208.703,178.301,150.726,93.371,62.751,35.365,17.970,9.065
6.80667,208.729,178.380,150.829,93.403,62.808,35.373,17.967,9.063
6.81000,208.835,178.418,150.932,93.520,62.811,35.351,17.989,9.019
6.81333,208.957,178.504,150.948,93.459,62.832,35.362,17.982,9.094
6.81667,209.054,178.640,151.040,93.500,62.900,35.408,17.976,9.071
6.82000,209.182,178.692,151.126,93.585,62.879,35.416,17.962,9.075
6.82333,209.245,178.759,151.176,93.607,62.975,35.438,18.039,9.125
6.82667,209.350,178.858,151.274,93.707,63.045,35.432,18.029,9.144
6.83000,209.481,178.943,151.307,93.774,63.083,35.386,18.029,9.085
6.83333,209.498,179.015,151.360,93.729,63.084,35.468,18.067,9.130
6.83667,209.623,179.126,151.470,93.761,63.019,35.465,18.067,9.111
6.84000,209.628,179.172,151.504,93.841,63.116,35.484,18.024,9.116
6.84333,209.790,179.261,151.631,93.949,63.135,35.499,18.001,9.061
6.84667,209.912,179.338,151.684,93.990,63.165,35.613,18.089,9.111
6.85000,210.036,179.429,151.806,93.966,63.207,35.532,18.049,9.131
6.85333,210.062,179.519,151.851,94.086,63.227,35.542,18.084,9.180
6.85667,210.250,179.601,151.910,94.076,63.261,35.604,18.123,9.105
6.86000,210.299,179.713,151.979,94.096,63.307,35.526,18.105,9.173
6.86333,210.427,179.776,152.051,94.143,63.338,35.572,18.088,9.138
6.86667,210.533,179.935,152.180,94.223,63.354,35.587,18.173,9.100
6.87000,210.558,179.954,152.204,94.230,63.353,35.684,18.178,9.033
6.87333,210.687,180.104,152.254,94.344,63.429,35.686,18.094,9.102
6.87667,210.814,180.186,152.321,94.360,63.471,35.678,18.120,9.183
6.88000,210.893,180.239,152.403,94.397,63.491,35.723,18.166,9.167
6.88333,211.040,180.354,152.543,94.438,63.454,35.681,18.141,9.181
6.88667,211.053,180.339,152.592,94.409,63.472,35.731,18.243,9.163
6.89000,211.209,180.517,152.711,94.555,63.588,35.798,18.170,9.066
6.89333,211.271,180.543,152.659,94.586,63.558,35.724,18.257,9.197
6.89667,211.427,180.636,152.740,94.645,63.594,35.689,18.219,9.153
6.90000,211.488,180.789,152.838,94.671,63.660,35.829,18.189,9.180
6.90333,211.603,180.924,152.976,94.688,63.718,35.789,18.187,9.245
6.90667,211.770,180.905,152.996,94.793,63.715,35.778,18.240,9.188
6.91000,211.838,181.031,153.087,94.811,63.755,35.859,18.303,9.220
6.91333,211.875,181.111,153.170,94.845,63.737,35.860,18.255,9.184
6.91667,211.982,181.128,153.198,94.947,63.798,35.849,18.282,9.183
6.92000,212.145,181.275,153.395,94.917,63.803,35.887,18.324,9.212
6.92333,212.205,181.397,153.381,94.950,63.853,35.996,18.366,9.203
6.92667,212.315,181.478,153.442,95.015,63.915,35.907,18.297,9.253
6.93000,212.459,181.475,153.470,95.037,63.953,35.984,18.325,9.172
6.93333,212.444,181.610,153.522,95.075,64.025,35.919,18.360,9.205
6.93667,212.600,181.683,153.655,95.186,64.017,36.024,18.295,9.268
6.94000,212.723,181.815,153.747,95.149,64.061,36.060,18.325,9.220
6.94333,212.861,181.815,153.786,95.235,64.026,36.007,18.373,9.247
6.94667,212.853,181.926,153.940,95.234,64.068,36.055,18.389,9.187
6.95000,213.013,182.039,153.981,95.307,64.149,36.052,18.371,9.216
6.95333,213.118,182.116,154.003,95.385,64.117,36.055,18.356,9.264
6.95667,213.233,182.246,154.072,95.396,64.157,36.141,18.362,9.251
6.96000,213.344,182.248,154.179,95.478,64.173,36.074,18.450,9.294
6.96333,213.433,182.407,154.192,95.501,64.274,36.059,18.375,9.244
6.96667,213.477,182.387,154.298,95.626,64.226,36.089,18.426,9.298
6.97000,213.576,182.537,154.400,95.623,64.277,36.164,18.464,9.224
6.97333,213.711,182.593,154.410,95.625,64.345,36.188,18.389,9.311
6.97667,213.849,182.698,154.499,95.708,64.365,36.120,18.429,9.295
6.98000,213.787,182.771,154.628,95.710,64.382,36.133,18.355,9.254
6.98333,213.926,182.817,154.619,95.796,64.385,36.306,18.448,9.285
6.98667,214.131,182.995,154.722,95.877,64.373,36.225,18.450,9.339
6.99000,214.161,183.094,154.769,95.891,64.397,36.263,18.457,9.310
6.99333,214.296,183.119,154.910,95.909,64.456,36.251,18.454,9.312
6.99667,214.337,183.244,154.892,96.015,64.513,36.270,18.544,9.418
7.00000,214.468,183.349,154.971,96.074,64.507,36.342,18.463,9.251
7.00333,214.641,183.455,155.066,96.033,64.602,36.366,18.522,9.298
7.00667,214.757,183.460,155.118,96.096,64.640,36.318,18.531,9.287
7.01000,214.821,183.565,155.193,96.167,64.655,36.347,18.508,9.290
7.01333,214.896,183.640,155.310,96.181,64.670,36.305,18.547,9.305
7.01667,215.001,183.744,155.375,96.208,64.694,36.379,18.602,9.364
7.02000,215.128,183.795,155.421,96.327,64.724,36.397,18.583,9.318
7.02333,215.149,183.915,155.512,96.370,64.766,36.432,18.499,9.298
7.02667,215.307,184.016,155.577,96.376,64.819,36.423,18.525,9.325
7.03000,215.405,184.125,155.651,96.384,64.800,36.479,18.630,9.330
7.03333,215.466,184.185,155.709,96.506,64.915,36.443,18.563,9.397
7.03667,215.550,184.228,155.874,96.469,64.873,36.444,18.547,9.397
7.04000,215.697,184.351,155.887,96.562,64.943,36.534,18.615,9.321
7.04333,215.786,184.436,155.956,96.662,64.940,36.499,18.600,9.349
7.04667,215.818,184.534,155.987,96.610,65.008,36.512,18.609,9.376
7.05000,215.969,184.548,156.091,96.639,64.984,36.570,18.603,9.358
7.05333,216.100,184.678,156.196,96.793,65.081,36.607,18.641,9.365
7.05667,216.201,184.688,156.175,96.758,65.060,36.581,18.670,9.360
7.06000,216.253,184.865,156.320,96.846,65.094,36.533,18.704,9.366
7.06333,216.354,184.944,156.323,96.857,65.098,36.623,18.638,9.414
7.06667,216.473,185.026,156.446,96.944,65.137,36.637,18.615,9.407
7.07000,216.613,185.079,156.521,96.988,65.193,36.616,18.653,9.396
7.07333,216.710,185.147,156.653,97.020,65.166,36.697,18.718,9.405
7.07667,216.825,185.247,156.608,97.033,65.237,36.717,18.694,9.485
7.08000,216.896,185.371,156.750,97.127,65.287,36.699,18.755,9.453
7.08333,217.009,185.412,156.788,97.136,65.334,36.677,18.757,9.432
7.08667,217.046,185.544,156.890,97.225,65.324,36.731,18.737,9.399
7.09000,217.162,185.622,156.969,97.194,65.415,36.739,18.745,9.402
7.09333,217.281,185.655,156.985,97.244,65.364,36.687,18.790,9.463
7.09667,217.322,185.779,157.108,97.298,65.367,36.755,18.820,9.418
7.10000,217.447,185.874,157.133,97.409,65.420,36.709,18.808,9.450
7.10333,217.532,185.952,157.295,97.503,65.532,36.816,18.788,9.479
7.10667,217.671,186.029,157.247,97.462,65.528,36.757,18.837,9.447
7.11000,217.735,186.152,157.476,97.512,65.462,36.887,18.805,9.508
7.11333,217.914,186.168,157.412,97.583,65.522,36.838,18.826,9.479
7.11667,217.997,186.269,157.497,97.621,65.639,36.891,18.799,9.420
7.12000,218.092,186.452,157.553,97.624,65.608,36.918,18.889,9.431
7.12333,218.173,186.391,157.642,97.687,65.695,36.966,18.828,9.456
7.12667,218.343,186.536,157.750,97.782,65.628,36.923,18.841,9.425
7.13000,218.429,186.565,157.912,97.774,65.733,36.930,18.820,9.452
7.13333,218.495,186.667,157.899,97.832,65.748,36.967,18.815,9.472
7.13667,218.545,186.799,157.931,97.865,65.822,36.939,18.872,9.493
7.14000,218.651,186.895,158.032,97.962,65.832,37.079,18.831,9.428
7.14333,218.777,186.968,158.033,97.987,65.850,36.907,18.846,9.560
7.14667,218.916,187.013,158.191,97.990,65.863,37.061,18.869,9.563
7.15000,218.991,187.109,158.272,98.055,65.900,37.106,18.849,9.477
7.15333,219.104,187.240,158.329,98.135,65.926,37.149,18.872,9.487
7.15667,219.161,187.293,158.422,98.095,65.966,37.092,18.873,9.535
7.16000,219.199,187.360,158.493,98.162,65.992,37.069,18.948,9.500
7.16333,219.398,187.453,158.521,98.225,66.011,37.145,19.006,9.457
7.16667,219.415,187.523,158.589,98.259,66.092,37.163,18.995,9.481
7.17000,219.541,187.604,158.723,98.311,66.019,37.142,18.913,9.528
7.17333,219.613,187.757,158.749,98.336,66.144,37.164,18.896,9.500
7.17667,219.804,187.896,158.827,98.466,66.164,37.138,18.883,9.451
7.18000,219.807,187.869,158.855,98.467,66.156,37.207,18.979,9.473
7.18333,219.940,187.978,158.953,98.518,66.251,37.160,18.964,9.557
7.18667,220.089,188.125,159.004,98.605,66.285,37.205,19.000,9.572
7.19000,220.156,188.205,159.142,98.641,66.285,37.173,18.987,9.586
7.19333,220.322,188.246,159.229,98.600,66.297,37.231,18.990,9.501
7.19667,220.394,188.360,159.191,98.708,66.319,37.202,19.035,9.581
7.20000,220.410,188.409,159.352,98.769,66.282,37.291,19.058,9.561
7.20333,220.544,188.453,159.405,98.810,66.349,37.290,19.049,9.512
7.20667,220.611,188.637,159.496,98.858,66.449,37.252,19.048,9.579
7.21000,220.853,188.672,159.593,98.861,66.472,37.342,19.110,9.561
7.21333,220.872,188.779,159.586,98.942,66.475,37.380,19.078,9.557
7.21667,220.958,188.858,159.701,98.930,66.467,37.415,19.114,9.549
7.22000,221.020,188.939,159.721,99.038,66.550,37.366,19.092,9.559
7.22333,221.193,189.047,159.790,99.040,66.522,37.457,19.136,9.605
7.22667,221.268,189.066,159.912,99.037,66.580,37.438,19.124,9.565
7.23000,221.320,189.223,159.912,99.180,66.541,37.429,19.187,9.574
7.23333,221.485,189.246,160.080,99.190,66.696,37.432,19.101,9.587
7.23667,221.594,189.336,160.135,99.241,66.726,37.468,19.118,9.594
7.24000,221.624,189.445,160.199,99.288,66.768,37.500,19.152,9.574
7.24333,221.806,189.573,160.277,99.356,66.719,37.546,19.176,9.637
7.24667,221.794,189.632,160.306,99.378,66.838,37.559,19.223,9.617
7.25000,221.962,189.706,160.452,99.423,66.792,37.531,19.153,9.622
7.25333,222.032,189.786,160.464,99.418,66.866,37.543,19.165,9.566
7.25667,222.177,189.878,160.598,99.524,66.873,37.531,19.252,9.590
7.26000,222.228,190.013,160.619,99.550,66.901,37.597,19.238,9.591
7.26333,222.371,190.018,160.710,99.645,66.982,37.616,19.235,9.597
7.26667,222.511,190.197,160.837,99.667,66.952,37.583,19.220,9.619
7.27000,222.524,190.239,160.803,99.728,66.980,37.611,19.175,9.630
7.27333,222.644,190.277,160.973,99.630,67.034,37.634,19.275,9.614
7.27667,222.788,190.395,161.008,99.756,66.988,37.670,19.276,9.595
7.28000,222.826,190.520,161.022,99.826,67.074,37.717,19.280,9.553
7.28333,222.910,190.602,161.110,99.842,67.171,37.666,19.229,9.615
7.28667,223.059,190.670,161.212,99.947,67.208,37.691,19.230,9.629
7.29000,223.190,190.761,161.275,99.944,67.191,37.720,19.277,9.692
7.29333,223.236,190.790,161.389,100.059,67.193,37.745,19.265,9.641
7.29667,223.480,190.934,161.457,100.055,67.228,37.748,19.337,9.684
7.30000,223.429,190.995,161.501,100.193,67.268,37.786,19.431,9.665
7.30333,223.591,191.108,161.617,100.130,67.283,37.829,19.309,9.693
7.30667,223.687,191.160,161.650,100.114,67.352,37.830,19.264,9.671
7.31000,223.785,191.238,161.751,100.262,67.381,37.837,19.327,9.713
7.31333,223.874,191.339,161.804,100.297,67.395,37.868,19.338,9.736
7.31667,223.915,191.505,161.862,100.316,67.414,37.905,19.375,9.695
7.32000,224.062,191.478,161.980,100.388,67.455,37.911,19.400,9.640
7.32333,224.206,191.556,162.025,100.418,67.548,37.912,19.450,9.660
7.32667,224.271,191.699,162.064,100.489,67.584,37.878,19.374,9.643
7.33000,224.361,191.790,162.164,100.484,67.531,37.950,19.366,9.644
7.33333,224.436,191.805,162.267,100.575,67.550,37.984,19.468,9.704
7.33667,224.604,191.905,162.256,100.602,67.603,38.013,19.479,9.740
7.34000,224.664,192.047,162.373,100.673,67.658,38.008,19.415,9.749
7.34333,224.771,192.075,162.396,100.706,67.643,37.956,19.383,9.743
7.34667,224.889,192.227,162.450,100.746,67.736,38.075,19.466,9.738
7.35000,225.030,192.282,162.609,100.758,67.690,38.058,19.460,9.762
7.35333,225.098,192.365,162.700,100.824,67.769,38.027,19.454,9.775
7.35667,225.199,192.567,162.779,100.836,67.734,38.048,19.432,9.718
7.36000,225.350,192.600,162.772,100.919,67.807,38.110,19.468,9.729
7.36333,225.432,192.696,162.908,100.964,67.814,38.141,19.474,9.726
7.36667,225.451,192.769,162.958,101.044,67.909,38.132,19.495,9.773
7.37000,225.646,192.806,163.072,101.084,67.898,38.112,19.554,9.827
7.37333,225.695,192.907,163.127,101.136,67.914,38.155,19.517,9.783
7.37667,225.802,193.031,163.235,101.162,67.963,38.164,19.588,9.718
7.38000,225.890,193.098,163.292,101.180,67.933,38.098,19.519,9.745
7.38333,226.039,193.186,163.325,101.229,68.009,38.271,19.515,9.786
7.38667,226.101,193.217,163.400,101.284,68.100,38.212,19.545,9.792
7.39000,226.275,193.361,163.534,101.337,68.092,38.257,19.568,9.852
7.39333,226.300,193.447,163.578,101.351,68.128,38.260,19.560,9.750
7.39667,226.410,193.547,163.608,101.450,68.073,38.242,19.626,9.769
7.40000,226.495,193.639,163.675,101.493,68.249,38.298,19.596,9.769
7.40333,226.593,193.714,163.773,101.516,68.176,38.309,19.579,9.734
7.40667,226.795,193.795,163.796,101.516,68.219,38.325,19.611,9.786
7.41000,226.834,193.874,163.919,101.571,68.308,38.335,19.637,9.755
7.41333,226.928,193.940,164.003,101.700,68.287,38.400,19.623,9.812
7.41667,227.036,194.091,164.030,101.751,68.370,38.389,19.670,9.798
7.42000,227.151,194.114,164.138,101.812,68.389,38.429,19.593,9.812
7.42333,227.268,194.216,164.211,101.766,68.435,38.458,19.674,9.880
7.42667,227.276,194.252,164.300,101.839,68.419,38.420,19.693,9.859
7.43000,227.414,194.381,164.411,101.964,68.487,38.450,19.667,9.817
7.43333,227.547,194.455,164.416,101.925,68.525,38.458,19.681,9.807
7.43667,227.569,194.519,164.513,102.002,68.503,38.499,19.677,9.796
7.44000,227.689,194.671,164.576,102.041,68.553,38.514,19.693,9.882
7.44333,227.906,194.784,164.660,102.081,68.588,38.532,19.682,9.836
7.44667,227.942,194.857,164.685,102.182,68.574,38.526,19.692,9.834
7.45000,228.066,194.949,164.846,102.193,68.611,38.538,19.775,9.835
7.45333,228.159,194.978,164.873,102.173,68.652,38.625,19.788,9.803
7.45667,228.245,195.037,164.987,102.283,68.675,38.583,19.776,9.895
7.46000,228.338,195.116,165.010,102.290,68.754,38.571,19.758,9.883
7.46333,228.486,195.247,165.139,102.283,68.779,38.630,19.865,9.899
7.46667,228.516,195.381,165.229,102.401,68.731,38.630,19.771,9.888
7.47000,228.636,195.450,165.218,102.424,68.815,38.673,19.798,9.880
7.47333,228.737,195.572,165.335,102.454,68.868,38.627,19.861,9.937
7.47667,228.859,195.581,165.420,102.565,68.881,38.654,19.844,9.902
7.48000,229.033,195.737,165.458,102.622,68.967,38.675,19.836,9.927
7.48333,229.068,195.756,165.645,102.652,68.908,38.677,19.836,9.941
7.48667,229.130,195.900,165.612,102.683,69.053,38.717,19.886,9.894
7.49000,229.209,196.068,165.682,102.749,69.006,38.732,19.899,9.875
7.49333,229.369,196.015,165.744,102.726,69.006,38.756,19.867,9.907
7.49667,229.487,196.173,165.819,102.825,69.095,38.794,19.907,9.891
7.50000,229.600,196.217,165.921,102.854,69.117,38.861,19.870,9.990
7.50333,229.691,196.315,166.015,102.949,69.231,38.786,19.862,9.945
7.50667,229.756,196.434,166.114,102.892,69.132,38.846,19.929,9.934
7.51000,229.896,196.535,166.192,102.983,69.238,38.868,19.917,9.860
7.51333,229.983,196.604,166.260,103.100,69.260,38.874,19.965,9.900
7.51667,230.044,196.626,166.240,103.118,69.369,38.973,19.899,9.949
7.52000,230.183,196.819,166.342,103.153,69.297,38.917,19.946,9.923
7.52333,230.370,196.840,166.499,103.171,69.377,38.907,19.925,9.902
7.52667,230.403,196.931,166.419,103.260,69.329,38.956,19.943,9.981
7.53000,230.489,197.090,166.566,103.351,69.427,39.017,19.951,9.947
7.53333,230.569,197.100,166.745,103.401,69.415,38.934,19.904,9.953
7.53667,230.773,197.230,166.832,103.357,69.411,39.027,19.966,10.016
7.54000,230.780,197.328,166.835,103.439,69.519,39.011,19.966,9.978
7.54333,230.999,197.437,166.919,103.463,69.565,39.059,20.018,9.985
7.54667,231.059,197.423,166.935,103.494,69.568,39.065,20.000,9.964
7.55000,231.167,197.608,167.069,103.582,69.597,39.098,20.069,10.038
7.55333,231.246,197.645,167.102,103.635,69.587,39.094,19.954,10.004
7.55667,231.305,197.771,167.179,103.672,69.701,39.132,20.006,9.999
7.56000,231.434,197.797,167.228,103.683,69.665,39.090,20.070,10.020
7.56333,231.513,197.901,167.353,103.677,69.770,39.102,20.077,9.990
7.56667,231.626,198.000,167.400,103.809,69.722,39.140,20.049,9.955
7.57000,231.764,198.098,167.489,103.873,69.743,39.222,20.040,10.005
7.57333,231.805,198.228,167.547,103.874,69.844,39.152,20.010,9.972
7.57667,231.977,198.289,167.627,103.952,69.882,39.239,20.061,10.014
7.58000,232.091,198.356,167.776,104.035,69.872,39.202,20.132,9.981
7.58333,232.228,198.427,167.800,104.104,69.883,39.298,20.137,9.985
7.58667,232.297,198.580,167.910,104.076,69.931,39.224,20.113,10.074
7.59000,232.397,198.646,167.982,104.160,69.970,39.308,20.150,10.036
7.59333,232.526,198.726,167.993,104.198,69.960,39.267,20.094,10.029
7.59667,232.627,198.788,168.101,104.232,70.043,39.297,20.106,10.091
7.60000,232.742,198.892,168.168,104.317,70.069,39.356,20.114,10.040
7.60333,232.853,199.022,168.262,104.273,70.043,39.347,20.217,10.032
7.60667,232.879,199.097,168.375,104.390,70.131,39.381,20.164,10.096
7.61000,233.027,199.199,168.425,104.459,70.174,39.420,20.213,10.065
7.61333,233.061,199.208,168.418,104.524,70.262,39.354,20.193,10.052
7.61667,233.273,199.300,168.536,104.520,70.312,39.435,20.201,10.093
7.62000,233.365,199.494,168.575,104.605,70.280,39.485,20.177,10.109
7.62333,233.533,199.512,168.668,104.604,70.247,39.471,20.217,10.124
7.62667,233.531,199.631,168.755,104.659,70.307,39.464,20.239,10.060
7.63000,233.673,199.671,168.878,104.727,70.332,39.508,20.258,10.060
7.63333,233.762,199.788,168.933,104.765,70.368,39.502,20.226,10.132
7.63667,233.858,199.839,169.054,104.848,70.392,39.515,20.258,10.076
7.64000,233.951,200.075,169.075,104.852,70.462,39.506,20.253,10.049
7.64333,234.046,200.049,169.142,104.952,70.502,39.548,20.252,10.137
7.64667,234.186,200.129,169.188,105.017,70.543,39.506,20.297,10.057
7.65000,234.278,200.276,169.255,104.995,70.531,39.605,20.295,10.129
7.65333,234.342,200.395,169.390,104.988,70.497,39.656,20.380,10.084
7.65667,234.453,200.461,169.482,105.059,70.645,39.604,20.298,10.176
7.66000,234.532,200.468,169.594,105.173,70.604,39.658,20.338,10.117
7.66333,234.673,200.614,169.562,105.173,70.643,39.656,20.349,10.187
7.66667,234.821,200.816,169.675,105.179,70.682,39.723,20.356,10.118
7.67000,234.896,200.790,169.774,105.275,70.801,39.690,20.353,10.113
7.67333,234.958,200.897,169.931,105.350,70.691,39.766,20.286,10.125
7.67667,235.111,201.005,169.889,105.352,70.768,39.698,20.405,10.156
7.68000,235.195,201.060,169.980,105.413,70.869,39.735,20.391,10.172
7.68333,235.402,201.142,170.122,105.465,70.895,39.771,20.334,10.130
7.68667,235.467,201.231,170.076,105.499,70.923,39.792,20.359,10.128
7.69000,235.549,201.297,170.267,105.558,70.980,39.802,20.421,10.178
7.69333,235.665,201.476,170.226,105.635,70.968,39.818,20.410,10.170
7.69667,235.795,201.511,170.395,105.714,71.021,39.859,20.479,10.160
7.70000,235.846,201.656,170.422,105.657,71.027,39.820,20.443,10.117
7.70333,235.976,201.661,170.582,105.794,71.013,39.871,20.490,10.130
7.70667,236.110,201.832,170.600,105.802,71.061,39.843,20.458,10.105
7.71000,236.177,201.909,170.726,105.880,71.167,39.883,20.418,10.219
7.71333,236.295,201.994,170.779,105.973,71.123,39.938,20.436,10.165
7.71667,236.384,202.022,170.848,105.885,71.126,39.967,20.498,10.163
7.72000,236.529,202.144,170.915,106.073,71.233,39.906,20.513,10.187
7.72333,236.661,202.278,171.022,106.034,71.248,40.025,20.513,10.217
7.72667,236.734,202.327,171.104,106.127,71.268,39.979,20.507,10.252
7.73000,236.820,202.377,171.147,106.127,71.363,40.034,20.481,10.164
7.73333,236.959,202.542,171.171,106.211,71.318,40.035,20.562,10.230
7.73667,237.035,202.613,171.295,106.265,71.378,40.036,20.532,10.207
7.74000,237.162,202.760,171.363,106.277,71.393,40.099,20.570,10.188
7.74333,237.172,202.831,171.441,106.400,71.433,40.072,20.556,10.281
7.74667,237.277,202.870,171.465,106.403,71.487,40.138,20.620,10.265
7.75000,237.465,203.030,171.661,106.451,71.515,40.127,20.607,10.264
7.75333,237.556,203.107,171.754,106.460,71.567,40.148,20.607,10.251
7.75667,237.742,203.193,171.789,106.480,71.631,40.213,20.601,10.276
7.76000,237.728,203.317,171.849,106.585,71.618,40.200,20.613,10.299
7.76333,237.930,203.324,171.957,106.634,71.623,40.205,20.584,10.259
7.76667,238.049,203.356,171.974,106.701,71.603,40.187,20.598,10.248
7.77000,238.110,203.530,172.042,106.773,71.709,40.215,20.663,10.261
7.77333,238.229,203.617,172.179,106.744,71.681,40.271,20.664,10.271
7.77667,238.296,203.701,172.265,106.871,71.714,40.249,20.719,10.322
7.78000,238.405,203.823,172.281,106.833,71.798,40.261,20.612,10.267
7.78333,238.579,203.875,172.391,106.916,71.865,40.343,20.665,10.301
7.78667,238.718,204.026,172.402,106.946,71.831,40.340,20.675,10.237
7.79000,238.788,204.130,172.581,106.960,71.902,40.310,20.669,10.289
7.79333,238.901,204.225,172.633,107.093,71.966,40.359,20.733,10.265
7.79667,238.944,204.302,172.685,107.190,72.041,40.410,20.719,10.328
7.80000,239.076,204.347,172.742,107.205,72.056,40.352,20.735,10.323
7.80333,239.180,204.443,172.887,107.219,72.045,40.382,20.788,10.278
7.80667,239.295,204.525,172.935,107.323,72.027,40.441,20.765,10.306
7.81000,239.444,204.648,173.021,107.302,72.084,40.423,20.718,10.340
7.81333,239.529,204.706,173.137,107.336,72.207,40.410,20.779,10.285
7.81667,239.665,204.848,173.193,107.388,72.204,40.514,20.751,10.291
7.82000,239.717,204.860,173.237,107.495,72.163,40.492,20.823,10.345
7.82333,239.859,205.012,173.298,107.533,72.160,40.498,20.820,10.345
7.82667,240.009,205.088,173.415,107.551,72.261,40.518,20.799,10.289
7.83000,239.998,205.197,173.509,107.632,72.259,40.523,20.806,10.347
7.83333,240.194,205.298,173.555,107.675,72.309,40.526,20.821,10.362
7.83667,240.283,205.376,173.611,107.749,72.393,40.608,20.833,10.344
7.84000,240.394,205.457,173.746,107.804,72.391,40.596,20.858,10.402
7.84333,240.478,205.597,173.820,107.800,72.377,40.592,20.840,10.380
7.84667,240.593,205.689,173.905,107.812,72.476,40.677,20.887,10.396
7.85000,240.728,205.817,173.965,107.963,72.433,40.678,20.871,10.393
7.85333,240.800,205.833,174.058,107.944,72.503,40.666,20.915,10.351
7.85667,240.977,205.927,174.104,108.034,72.540,40.716,20.952,10.387
7.86000,241.017,206.017,174.147,108.069,72.637,40.665,20.899,10.393
7.86333,241.100,206.171,174.291,108.094,72.602,40.809,20.917,10.427
7.86667,241.251,206.306,174.363,108.102,72.647,40.761,20.859,10.362
7.87000,241.398,206.326,174.450,108.249,72.653,40.786,20.930,10.386
7.87333,241.456,206.442,174.522,108.358,72.746,40.848,20.904,10.439
7.87667,241.592,206.537,174.588,108.260,72.731,40.811,20.953,10.433
7.88000,241.677,206.661,174.718,108.339,72.677,40.861,21.024,10.393
7.88333,241.880,206.706,174.784,108.425,72.829,40.816,20.945,10.445
7.88667,241.873,206.772,174.854,108.450,72.857,40.847,20.927,10.414
7.89000,242.029,206.896,174.965,108.518,72.886,40.890,21.009,10.419
7.89333,242.154,207.003,175.005,108.554,72.934,40.888,21.003,10.387
7.89667,242.212,207.052,175.030,108.568,72.984,40.959,21.004,10.449
7.90000,242.330,207.133,175.212,108.702,72.981,40.899,20.990,10.469
7.90333,242.504,207.275,175.190,108.766,72.956,40.862,21.064,10.502
7.90667,242.607,207.371,175.345,108.767,73.038,40.925,21.045,10.544
7.91000,242.693,207.449,175.399,108.805,73.096,40.991,21.119,10.461
7.91333,242.868,207.670,175.563,108.890,73.128,41.035,21.139,10.429
7.91667,242.893,207.633,175.571,108.920,73.141,41.001,21.052,10.476
7.92000,243.018,207.761,175.610,108.994,73.168,41.058,21.068,10.504
7.92333,243.098,207.812,175.679,108.990,73.213,41.033,21.120,10.548
7.92667,243.217,207.972,175.805,109.073,73.246,41.169,21.107,10.355
7.93000,243.423,208.071,175.835,109.102,73.296,41.147,21.109,10.454
7.93333,243.420,208.113,175.918,109.140,73.304,41.135,21.171,10.513
7.93667,243.584,208.258,176.041,109.197,73.429,41.178,21.144,10.510
7.94000,243.679,208.246,176.155,109.280,73.339,41.243,21.108,10.490
7.94333,243.872,208.387,176.197,109.361,73.371,41.141,21.216,10.474
7.94667,243.922,208.510,176.312,109.397,73.486,41.237,21.228,10.526
7.95000,244.024,208.573,176.323,109.395,73.485,41.156,21.199,10.532
7.95333,244.112,208.681,176.497,109.457,73.511,41.224,21.183,10.451
7.95667,244.192,208.760,176.555,109.491,73.547,41.226,21.174,10.513
7.96000,244.317,208.885,176.662,109.593,73.677,41.250,21.210,10.503
7.96333,244.481,208.982,176.775,109.622,73.664,41.228,21.258,10.523
7.96667,244.581,209.081,176.778,109.681,73.639,41.245,21.255,10.521
7.97000,244.709,209.271,176.828,109.763,73.725,41.325,21.248,10.557
7.97333,244.762,209.298,176.940,109.768,73.775,41.401,21.234,10.587
7.97667,244.921,209.456,177.016,109.887,73.744,41.379,21.206,10.538
7.98000,245.071,209.477,177.096,109.918,73.761,41.434,21.270,10.605
7.98333,245.132,209.557,177.142,109.930,73.848,41.345,21.295,10.527
7.98667,245.279,209.609,177.292,110.006,73.823,41.424,21.262,10.560
7.99000,245.369,209.748,177.306,110.001,73.895,41.436,21.325,10.623
7.99333,245.482,209.823,177.339,109.992,73.909,41.437,21.272,10.507
7.99667,245.561,209.960,177.543,110.186,73.943,41.592,21.377,10.458
8.00000,245.702,210.015,177.526,110.135,73.995,41.510,21.319,10.506
8.00333,245.862,210.142,177.634,110.268,73.983,41.562,21.365,10.628
8.00667,245.970,210.280,177.787,110.320,74.086,41.562,21.326,10.595
8.01000,246.067,210.336,177.812,110.289,74.102,41.542,21.341,10.565
8.01333,246.160,210.432,177.974,110.353,74.088,41.661,21.427,10.608
8.01667,246.324,210.537,177.990,110.481,74.123,41.570,21.377,10.556
8.02000,246.358,210.566,178.082,110.510,74.258,41.608,21.441,10.619
8.02333,246.561,210.729,178.210,110.559,74.296,41.655,21.404,10.596
8.02667,246.582,210.863,178.233,110.660,74.344,41.686,21.401,10.656
8.03000,246.744,210.915,178.273,110.642,74.230,41.667,21.406,10.581
8.03333,246.839,211.012,178.450,110.685,74.331,41.669,21.406,10.622
8.03667,246.976,211.119,178.545,110.741,74.339,41.723,21.456,10.594
8.04000,247.094,211.207,178.574,110.802,74.497,41.764,21.504,10.594
8.04333,247.164,211.314,178.666,110.809,74.463,41.691,21.526,10.658
8.04667,247.265,211.460,178.754,110.930,74.586,41.824,21.516,10.608
8.05000,247.463,211.475,178.882,111.034,74.512,41.793,21.543,10.667
8.05333,247.587,211.620,178.941,111.064,74.594,41.828,21.520,10.752
8.05667,247.708,211.742,178.951,111.079,74.615,41.893,21.534,10.705
8.06000,247.810,211.867,179.119,111.105,74.625,41.874,21.607,10.758
8.06333,247.865,211.934,179.189,111.252,74.753,41.880,21.659,10.820
8.06667,248.035,212.000,179.406,111.300,74.743,41.946,21.617,10.760
8.07000,248.236,212.216,179.402,111.467,74.773,41.918,21.756,10.787
8.07333,248.337,212.297,179.622,111.588,74.915,42.011,21.754,10.871
8.07667,248.524,212.474,179.790,111.691,74.878,42.079,21.832,10.877
8.08000,248.664,212.608,179.828,111.871,75.015,42.118,21.898,10.873
8.08333,248.893,212.799,180.027,112.016,75.083,41.990,22.030,11.006
8.08667,249.031,212.965,180.204,112.197,75.157,42.223,22.088,11.161
8.09000,249.301,213.126,180.416,112.443,75.256,42.282,22.260,11.246
8.09333,249.530,213.388,180.643,112.773,75.449,42.387,22.487,11.436
8.09667,249.815,213.674,180.964,112.999,75.530,42.448,22.706,11.580
8.10000,250.227,213.893,181.331,113.459,75.736,42.560,22.994,11.767
8.10333,250.567,214.273,181.729,113.955,75.948,42.746,23.361,12.043
8.10667,250.910,214.602,182.175,114.511,76.281,42.968,23.756,12.386
8.11000,251.438,215.040,182.727,115.169,76.556,43.055,24.296,12.826
8.11333,251.992,215.562,183.359,115.901,76.955,43.300,24.860,13.220
8.11667,252.632,216.231,184.093,116.869,77.252,43.624,25.545,13.891
8.12000,253.430,216.853,184.925,117.971,77.798,43.884,26.398,14.578
8.12333,254.207,217.630,185.837,119.187,78.409,44.262,27.363,15.385
8.12667,255.186,218.506,187.046,120.791,79.018,44.758,28.522,16.280
8.13000,256.370,219.596,188.372,122.408,79.732,45.239,29.778,17.391
8.13333,257.655,220.733,189.902,124.436,80.661,45.879,31.268,18.572
8.13667,259.168,222.150,191.527,126.710,81.627,46.535,33.068,20.029
8.14000,260.782,223.606,193.579,129.319,82.846,47.257,35.058,21.676
8.14333,262.612,225.328,195.746,132.213,83.995,48.067,37.339,23.584
8.14667,264.646,227.213,198.190,135.565,85.488,49.040,39.868,25.616
8.15000,266.965,229.312,200.935,139.217,87.102,50.211,42.740,27.909
8.15333,269.539,231.669,204.071,143.282,88.876,51.238,45.916,30.568
8.15667,272.327,234.217,207.401,147.803,90.904,52.701,49.444,33.453
8.16000,275.452,237.115,211.186,152.812,92.919,54.116,53.318,36.625
8.16333,278.814,240.195,215.103,158.273,95.367,55.690,57.509,40.096
8.16667,282.509,243.579,219.586,164.144,97.833,57.408,62.093,43.858
8.17000,286.441,247.134,224.329,170.432,100.631,59.324,67.050,47.881
8.17333,290.548,251.006,229.277,177.234,103.554,61.255,72.339,52.335
8.17667,294.961,255.033,234.599,184.463,106.692,63.327,77.973,56.866
8.18000,299.602,259.338,240.304,192.011,109.923,65.592,83.849,61.775
8.18333,304.605,263.832,246.159,199.957,113.455,67.920,90.047,66.819
8.18667,309.629,268.541,252.396,208.279,117.014,70.325,96.545,72.106
8.19000,314.914,273.308,258.708,216.786,120.699,72.815,103.200,77.525
8.19333,320.253,278.301,265.187,225.473,124.479,75.420,110.050,83.145
8.19667,325.700,283.382,271.775,234.359,128.362,77.949,116.998,88.911
8.20000,331.223,288.336,278.428,243.300,132.208,80.519,124.018,94.679
8.20333,336.745,293.412,285.071,252.267,136.165,83.279,130.953,100.443
8.20667,342.225,298.456,291.685,261.109,140.041,85.827,137.953,106.080
8.21000,347.520,303.386,298.146,269.817,143.732,88.369,144.781,111.732
8.21333,352.745,308.137,304.401,278.234,147.468,90.830,151.344,117.099
8.21667,357.678,312.765,310.390,286.350,150.982,93.291,157.692,122.384
8.22000,362.409,317.130,316.123,294.038,154.332,95.526,163.656,127.193
8.22333,366.867,321.147,321.526,301.266,157.425,97.657,169.280,131.866
8.22667,371.008,324.964,326.460,307.865,160.337,99.567,174.438,136.125
8.23000,374.673,328.324,330.824,313.780,163.063,101.385,179.164,139.981
8.23333,378.058,331.384,334.793,319.088,165.278,102.948,183.363,143.416
8.23667,380.896,334.037,338.224,323.652,167.278,104.254,186.873,146.264
8.24000,383.217,336.231,341.073,327.431,168.902,105.388,189.878,148.731
8.24333,385.100,337.978,343.326,330.401,170.229,106.226,192.151,150.631
8.24667,386.439,339.228,344.942,332.534,171.141,106.902,193.788,151.997
8.25000,387.346,340.023,346.007,333.783,171.738,107.250,194.769,152.878
8.25333,387.689,340.386,346.380,334.333,171.910,107.373,195.229,153.103
8.25667,387.659,340.255,346.215,334.060,171.820,107.318,194.923,152.895
8.26000,387.104,339.642,345.414,333.023,171.391,106.977,193.985,152.118
8.26333,385.975,338.816,344.122,331.103,170.626,106.534,192.561,150.895
8.26667,384.601,337.376,342.254,328.528,169.501,105.770,190.473,149.216
8.27000,382.690,335.673,339.922,325.345,168.089,104.742,187.993,147.189
8.27333,380.515,333.629,337.166,321.486,166.454,103.620,184.863,144.592
8.27667,377.891,331.213,333.978,317.081,164.583,102.378,181.338,141.773
8.28000,375.003,328.581,330.376,312.194,162.473,100.913,177.441,138.516
8.28333,371.909,325.633,326.540,306.873,160.140,99.397,173.270,135.142
8.28667,368.504,322.567,322.418,301.306,157.752,97.820,168.793,131.328
8.29000,365.017,319.363,318.078,295.268,155.152,96.002,164.079,127.498
8.29333,361.292,315.895,313.506,289.001,152.495,94.102,159.097,123.463
8.29667,357.597,312.438,308.873,282.730,149.742,92.246,154.090,119.253
8.30000,353.734,308.797,304.055,276.236,146.843,90.348,148.899,114.975
8.30333,349.714,305.254,299.278,269.669,144.060,88.466,143.744,110.708
8.30667,345.874,301.702,294.405,263.005,141.182,86.568,138.496,106.449
8.31000,341.983,297.974,289.661,256.424,138.349,84.638,133.293,102.151
8.31333,338.088,294.469,284.801,249.902,135.560,82.671,128.105,97.879
8.31667,334.261,290.990,280.094,243.479,132.733,80.752,123.064,93.702
8.32000,330.604,287.473,275.562,237.267,130.086,78.988,118.064,89.633
8.32333,326.975,284.204,271.153,231.050,127.477,77.155,113.220,85.651
8.32667,323.424,280.892,266.762,225.079,124.904,75.437,108.485,81.752
8.33000,320.026,277.758,262.499,219.390,122.367,73.754,103.933,78.078
8.33333,316.792,274.696,258.448,213.783,119.958,72.117,99.548,74.406
8.33667,313.559,271.878,254.586,208.421,117.674,70.607,95.307,70.868
8.34000,310.590,269.076,250.855,203.330,115.443,68.992,91.241,67.602
8.34333,307.698,266.454,247.354,198.471,113.378,67.611,87.392,64.373
8.34667,304.961,263.935,243.834,193.774,111.363,66.211,83.740,61.367
8.35000,302.424,261.432,240.711,189.311,109.494,64.986,80.201,58.434
8.35333,299.895,259.195,237.546,185.051,107.624,63.808,76.715,55.704
8.35667,297.515,257.036,234.686,181.103,105.936,62.557,73.578,53.087
8.36000,295.397,255.013,231.917,177.256,104.281,61.487,70.632,50.591
8.36333,293.335,253.055,229.344,173.682,102.735,60.499,67.762,48.312
8.36667,291.381,251.230,226.838,170.293,101.288,59.463,65.098,46.067
8.37000,289.502,249.598,224.582,167.131,99.940,58.578,62.534,43.910
8.37333,287.817,247.991,222.356,164.055,98.635,57.676,60.163,41.969
8.37667,286.200,246.462,220.316,161.301,97.393,56.841,57.895,40.212
8.38000,284.662,245.103,218.459,158.645,96.295,56.150,55.776,38.392
8.38333,283.243,243.740,216.602,156.131,95.255,55.362,53.790,36.777
8.38667,281.855,242.494,214.912,153.778,94.247,54.684,51.914,35.230
8.39000,280.688,241.299,213.403,151.539,93.311,54.008,50.188,33.723
8.39333,279.464,240.280,211.934,149.472,92.464,53.390,48.490,32.359
8.39667,278.397,239.242,210.605,147.479,91.542,52.879,46.872,31.095
8.40000,277.300,238.238,209.222,145.697,90.770,52.336,45.384,29.897
8.40333,276.322,237.423,208.005,143.941,90.116,51.778,44.035,28.784
8.40667,275.506,236.533,206.866,142.370,89.452,51.365,42.796,27.748
8.41000,274.694,235.772,205.790,140.867,88.757,50.947,41.545,26.692
8.41333,273.970,235.082,204.792,139.456,88.201,50.540,40.412,25.746
8.41667,273.171,234.439,203.825,138.074,87.627,50.166,39.364,24.871
8.42000,272.584,233.847,203.018,136.892,87.072,49.790,38.369,24.015
8.42333,271.952,233.246,202.192,135.722,86.610,49.417,37.407,23.262
8.42667,271.391,232.797,201.459,134.662,86.104,49.161,36.518,22.554
8.43000,270.818,232.230,200.756,133.635,85.740,48.864,35.708,21.839
8.43333,270.372,231.749,200.059,132.630,85.307,48.606,34.878,21.134
8.43667,269.852,231.294,199.399,131.782,84.956,48.365,34.138,20.581
8.44000,269.436,230.991,198.871,130.842,84.617,48.097,33.556,19.997
8.44333,269.110,230.554,198.386,130.121,84.265,47.895,32.884,19.464
8.44667,268.764,230.267,197.884,129.395,83.973,47.736,32.246,19.035
8.45000,268.382,229.898,197.374,128.721,83.725,47.456,31.752,18.522
8.45333,268.156,229.611,197.051,128.047,83.433,47.270,31.164,18.156
8.45667,267.771,229.354,196.606,127.486,83.201,47.092,30.675,17.633
8.46000,267.566,229.221,196.282,126.939,82.933,46.953,30.123,17.315
8.46333,267.441,229.020,195.891,126.476,82.781,46.765,29.749,16.955
8.46667,267.156,228.762,195.606,125.910,82.545,46.663,29.272,16.538
8.47000,267.002,228.548,195.282,125.470,82.344,46.497,28.899,16.251
8.47333,266.763,228.436,195.082,125.034,82.202,46.412,28.596,15.980
8.47667,266.650,228.239,194.767,124.685,82.021,46.284,28.307,15.676
8.48000,266.577,228.120,194.625,124.352,81.936,46.191,27.986,15.338
8.48333,266.388,228.076,194.419,124.009,81.817,46.130,27.615,15.177
8.48667,266.357,227.949,194.227,123.660,81.695,46.028,27.375,14.898
8.49000,266.298,227.861,194.042,123.359,81.555,45.879,27.077,14.724
8.49333,266.213,227.795,193.920,123.161,81.413,45.887,26.843,14.523
8.49667,266.148,227.758,193.825,122.871,81.293,45.826,26.606,14.312
8.50000,266.051,227.637,193.653,122.633,81.235,45.771,26.369,14.111
8.50333,266.041,227.623,193.507,122.443,81.212,45.673,26.272,13.983
8.50667,265.941,227.598,193.400,122.197,81.147,45.619,26.025,13.843
8.51000,265.957,227.554,193.332,122.082,81.106,45.562,25.870,13.645
8.51333,265.996,227.589,193.257,121.890,81.096,45.520,25.713,13.493
8.51667,265.909,227.529,193.167,121.674,80.950,45.500,25.566,13.400
8.52000,265.913,227.527,193.155,121.608,80.909,45.473,25.370,13.309
8.52333,265.952,227.562,193.135,121.469,80.821,45.421,25.291,13.164
8.52667,266.065,227.515,193.071,121.266,80.823,45.406,25.126,13.120
8.53000,266.046,227.597,193.046,121.273,80.748,45.375,25.006,12.973
8.53333,266.103,227.536,193.040,121.129,80.810,45.349,24.859,12.842
8.53667,266.134,227.596,192.973,121.038,80.751,45.328,24.864,12.728
8.54000,266.111,227.660,193.025,120.954,80.731,45.264,24.729,12.649
8.54333,266.190,227.656,193.032,120.845,80.733,45.258,24.645,12.638
8.54667,266.210,227.728,192.986,120.799,80.692,45.288,24.584,12.583
8.55000,266.272,227.738,193.003,120.775,80.629,45.263,24.515,12.533
8.55333,266.394,227.751,192.985,120.749,80.668,45.247,24.450,12.419
8.55667,266.345,227.833,193.028,120.637,80.635,45.228,24.305,12.333
8.56000,266.477,227.941,192.999,120.645,80.642,45.239,24.286,12.278
8.56333,266.499,227.974,193.070,120.612,80.669,45.224,24.227,12.267
8.56667,266.665,228.042,193.068,120.643,80.666,45.189,24.113,12.204
8.57000,266.724,228.087,193.173,120.571,80.735,45.266,24.061,12.103
8.57333,266.752,228.170,193.109,120.624,80.616,45.224,24.077,12.110
8.57667,266.833,228.274,193.178,120.485,80.662,45.234,24.073,11.987
8.58000,266.986,228.283,193.265,120.539,80.633,45.301,23.964,12.052
8.58333,266.971,228.381,193.317,120.514,80.737,45.241,24.008,12.002
8.58667,267.150,228.475,193.335,120.470,80.709,45.236,23.945,11.973
8.59000,267.216,228.537,193.409,120.529,80.792,45.254,23.932,11.885
8.59333,267.318,228.553,193.465,120.554,80.743,45.240,23.890,11.881
8.59667,267.421,228.685,193.502,120.553,80.757,45.277,23.829,11.858
8.60000,267.519,228.811,193.462,120.599,80.753,45.254,23.823,11.889
8.60333,267.608,228.853,193.634,120.591,80.766,45.251,23.737,11.803
8.60667,267.700,228.943,193.662,120.625,80.852,45.280,23.781,11.874
8.61000,267.788,229.005,193.684,120.639,80.842,45.317,23.745,11.811
8.61333,267.848,229.128,193.767,120.696,80.874,45.329,23.745,11.834
8.61667,268.015,229.244,193.906,120.609,80.874,45.381,23.776,11.740
8.62000,268.100,229.251,193.943,120.677,80.871,45.368,23.779,11.764
8.62333,268.159,229.368,194.034,120.753,80.965,45.272,23.700,11.656
8.62667,268.329,229.450,194.028,120.758,80.984,45.339,23.653,11.748
8.63000,268.458,229.523,194.120,120.784,81.024,45.375,23.693,11.757
8.63333,268.550,229.612,194.189,120.795,81.036,45.361,23.711,11.750
8.63667,268.581,229.716,194.291,120.849,81.006,45.357,23.709,11.703
8.64000,268.837,229.879,194.392,120.897,81.080,45.443,23.705,11.658
8.64333,268.867,229.980,194.445,120.950,81.107,45.427,23.689,11.689
8.64667,268.969,229.999,194.563,120.927,81.109,45.440,23.652,11.652
8.65000,269.179,230.127,194.684,121.024,81.162,45.481,23.677,11.675
8.65333,269.236,230.200,194.670,121.010,81.249,45.560,23.677,11.708
8.65667,269.320,230.325,194.740,121.069,81.338,45.507,23.635,11.707
8.66000,269.425,230.386,194.876,121.143,81.284,45.453,23.751,11.644
8.66333,269.612,230.510,194.927,121.202,81.364,45.529,23.757,11.660
8.66667,269.709,230.605,194.959,121.220,81.307,45.525,23.653,11.726
8.67000,269.805,230.748,195.068,121.236,81.367,45.580,23.630,11.629
8.67333,269.977,230.781,195.169,121.296,81.444,45.576,23.651,11.656
8.67667,270.063,230.952,195.235,121.320,81.355,45.564,23.688,11.650
8.68000,270.146,230.997,195.341,121.371,81.440,45.603,23.731,11.650
8.68333,270.279,231.141,195.400,121.486,81.515,45.607,23.629,11.693
8.68667,270.383,231.148,195.513,121.460,81.466,45.722,23.721,11.621
8.69000,270.538,231.302,195.622,121.567,81.547,45.701,23.713,11.632
8.69333,270.611,231.344,195.620,121.614,81.596,45.697,23.706,11.746
8.69667,270.726,231.568,195.687,121.640,81.592,45.706,23.727,11.728
8.70000,270.826,231.608,195.821,121.664,81.707,45.750,23.707,11.696
8.70333,271.037,231.685,195.982,121.809,81.697,45.753,23.731,11.709
8.70667,271.160,231.817,196.030,121.766,81.761,45.734,23.741,11.687
8.71000,271.208,231.971,196.136,121.822,81.825,45.802,23.745,11.645
8.71333,271.337,232.093,196.145,121.953,81.819,45.844,23.754,11.601
8.71667,271.463,232.129,196.302,121.937,81.769,45.813,23.770,11.657
8.72000,271.540,232.243,196.354,121.986,81.885,45.905,23.778,11.675
8.72333,271.769,232.417,196.394,122.013,81.920,45.875,23.732,11.670
8.72667,271.815,232.480,196.523,122.054,81.981,45.873,23.702,11.615
8.73000,271.994,232.571,196.643,122.154,81.987,45.867,23.784,11.609
8.73333,272.111,232.656,196.709,122.215,82.007,45.914,23.815,11.657
8.73667,272.293,232.832,196.739,122.276,82.029,45.893,23.832,11.714
8.74000,272.336,232.862,196.913,122.309,82.091,45.947,23.816,11.647
8.74333,272.470,233.030,196.890,122.344,82.172,46.035,23.822,11.642
8.74667,272.572,233.164,197.060,122.392,82.204,46.016,23.787,11.695
8.75000,272.764,233.228,197.110,122.419,82.259,46.024,23.817,11.708
8.75333,272.870,233.373,197.302,122.530,82.262,46.106,23.882,11.682
8.75667,272.960,233.445,197.382,122.610,82.312,46.132,23.870,11.675
8.76000,273.038,233.510,197.345,122.649,82.263,46.114,23.854,11.687
8.76333,273.189,233.632,197.476,122.713,82.257,46.062,23.857,11.651
8.76667,273.328,233.688,197.623,122.779,82.334,46.161,23.879,11.731
8.77000,273.461,233.829,197.684,122.785,82.421,46.141,23.917,11.748
8.77333,273.611,233.931,197.786,122.868,82.443,46.138,23.914,11.756
8.77667,273.761,234.070,197.868,122.859,82.455,46.198,23.982,11.805
8.78000,273.859,234.126,197.930,122.954,82.587,46.218,23.920,11.659
8.78333,273.965,234.243,198.090,122.998,82.596,46.191,23.960,11.760
8.78667,274.101,234.399,198.123,123.114,82.601,46.234,23.912,11.776
8.79000,274.172,234.509,198.166,123.122,82.639,46.280,23.938,11.752
8.79333,274.314,234.582,198.300,123.201,82.674,46.231,23.957,11.742
8.79667,274.450,234.644,198.443,123.251,82.709,46.299,23.984,11.789
8.80000,274.650,234.795,198.515,123.318,82.807,46.335,23.955,11.745
8.80333,274.726,234.964,198.576,123.432,82.767,46.316,24.010,11.794
8.80667,274.837,235.015,198.658,123.401,82.894,46.309,24.006,11.839
8.81000,274.980,235.164,198.720,123.495,82.829,46.407,23.985,11.743
8.81333,275.078,235.239,198.822,123.578,82.949,46.416,24.048,11.755
8.81667,275.169,235.324,198.900,123.555,82.958,46.458,24.019,11.725
8.82000,275.372,235.480,199.087,123.628,82.997,46.437,23.942,11.800
8.82333,275.464,235.573,199.134,123.716,82.990,46.467,23.999,11.741
8.82667,275.612,235.665,199.244,123.726,83.092,46.446,23.997,11.791
8.83000,275.719,235.762,199.281,123.863,83.143,46.443,24.115,11.837
8.83333,275.808,235.950,199.354,123.849,83.184,46.520,24.093,11.825
8.83667,275.950,235.991,199.477,123.862,83.195,46.557,24.070,11.828
8.84000,276.047,236.042,199.632,124.016,83.199,46.619,24.140,11.854
8.84333,276.259,236.157,199.707,124.004,83.287,46.658,24.122,11.778
8.84667,276.348,236.371,199.752,124.114,83.295,46.671,24.055,11.825
8.85000,276.513,236.318,199.801,124.119,83.352,46.702,24.197,11.819
8.85333,276.571,236.525,199.984,124.255,83.376,46.631,24.199,11.775
8.85667,276.743,236.628,199.965,124.245,83.353,46.688,24.157,11.880
8.86000,276.826,236.791,200.108,124.343,83.420,46.720,24.140,11.837
8.86333,276.993,236.808,200.202,124.428,83.485,46.752,24.248,11.897
8.86667,277.021,236.932,200.308,124.419,83.524,46.774,24.210,11.805
8.87000,277.209,237.081,200.335,124.542,83.577,46.795,24.168,11.824
8.87333,277.354,237.138,200.486,124.527,83.555,46.854,24.215,11.863
8.87667,277.448,237.317,200.500,124.712,83.580,46.859,24.195,11.831
8.88000,277.584,237.423,200.686,124.621,83.707,46.868,24.258,11.858
8.88333,277.696,237.424,200.773,124.705,83.754,46.911,24.292,11.889
8.88667,277.874,237.576,200.821,124.780,83.725,46.815,24.310,11.936
8.89000,277.980,237.656,200.948,124.799,83.832,46.894,24.218,11.907
8.89333,278.060,237.775,200.976,124.930,83.841,46.894,24.305,11.886
8.89667,278.169,237.862,201.106,124.928,83.877,46.912,24.338,11.855
8.90000,278.316,238.010,201.138,125.004,83.882,46.892,24.352,11.887
8.90333,278.497,238.131,201.296,125.045,83.938,47.001,24.373,11.913
8.90667,278.636,238.255,201.331,125.192,83.990,46.997,24.308,11.895
8.91000,278.652,238.307,201.399,125.180,84.026,47.004,24.272,11.940
8.91333,278.811,238.420,201.518,125.191,84.125,47.042,24.346,11.933
8.91667,279.006,238.536,201.612,125.292,84.123,46.999,24.419,11.912
8.92000,279.012,238.695,201.651,125.328,84.119,47.093,24.361,11.894
8.92333,279.232,238.806,201.828,125.455,84.192,47.070,24.333,11.919
8.92667,279.273,238.883,201.896,125.436,84.209,47.093,24.355,11.897
8.93000,279.477,238.987,201.960,125.479,84.306,47.139,24.435,11.968
8.93333,279.506,239.080,202.090,125.614,84.313,47.163,24.416,11.917
8.93667,279.690,239.194,202.101,125.615,84.307,47.183,24.433,11.909
8.94000,279.811,239.280,202.231,125.712,84.366,47.230,24.400,11.940
8.94333,279.887,239.408,202.360,125.663,84.403,47.274,24.466,11.944
8.94667,280.016,239.505,202.470,125.808,84.458,47.231,24.472,11.944
8.95000,280.201,239.670,202.465,125.782,84.482,47.295,24.452,11.964
8.95333,280.279,239.711,202.642,125.916,84.526,47.255,24.479,11.994
8.95667,280.521,239.857,202.730,125.981,84.560,47.316,24.502,11.955
8.96000,280.585,239.945,202.835,125.984,84.540,47.382,24.508,11.971
8.96333,280.676,240.072,202.897,126.148,84.574,47.388,24.568,12.000
8.96667,280.856,240.225,203.078,126.114,84.628,47.403,24.550,12.009
8.97000,280.938,240.276,203.063,126.166,84.709,47.406,24.568,11.984
8.97333,281.018,240.362,203.165,126.264,84.744,47.464,24.624,12.022
8.97667,281.177,240.458,203.254,126.326,84.734,47.452,24.615,12.050
8.98000,281.331,240.550,203.336,126.266,84.840,47.474,24.609,12.034
8.98333,281.356,240.714,203.438,126.444,84.847,47.486,24.565,12.008
8.98667,281.567,240.759,203.503,126.433,84.863,47.473,24.651,12.054
8.99000,281.692,240.859,203.552,126.574,84.865,47.518,24.599,12.046
8.99333,281.721,241.024,203.763,126.583,84.920,47.516,24.587,12.024
8.99667,281.902,241.092,203.808,126.579,84.990,47.517,24.669,12.091
9.00000,282.067,241.154,203.872,126.669,85.063,47.552,24.618,12.106
9.00333,282.219,241.293,203.991,126.754,85.051,47.597,24.674,12.103
9.00667,282.257,241.364,204.075,126.876,85.095,47.628,24.747,12.029
9.01000,282.404,241.502,204.233,126.864,85.194,47.596,24.725,12.068
9.01333,282.567,241.648,204.220,126.957,85.249,47.713,24.708,12.079
9.01667,282.687,241.752,204.328,127.043,85.162,47.672,24.676,12.093
9.02000,282.794,241.895,204.444,127.050,85.309,47.722,24.690,12.065
9.02333,282.907,241.970,204.524,127.104,85.278,47.738,24.748,12.052
9.02667,283.067,242.073,204.560,127.161,85.333,47.724,24.680,12.070
9.03000,283.138,242.228,204.679,127.233,85.359,47.784,24.736,12.084
9.03333,283.250,242.292,204.749,127.313,85.432,47.846,24.743,12.112
9.03667,283.395,242.415,204.913,127.318,85.477,47.791,24.721,12.152
9.04000,283.552,242.525,204.965,127.336,85.479,47.818,24.787,12.145
9.04333,283.683,242.632,205.066,127.399,85.556,47.802,24.804,12.089
9.04667,283.769,242.700,205.129,127.492,85.583,47.900,24.840,12.166
9.05000,283.878,242.752,205.257,127.532,85.651,47.902,24.839,12.152
9.05333,284.047,242.875,205.321,127.606,85.645,47.889,24.821,12.125
9.05667,284.149,243.027,205.407,127.677,85.714,47.900,24.865,12.144
9.06000,284.310,243.136,205.528,127.748,85.699,48.000,24.835,12.155
9.06333,284.360,243.221,205.589,127.752,85.789,47.909,24.854,12.127
9.06667,284.557,243.357,205.729,127.840,85.797,47.954,24.904,12.126
9.07000,284.691,243.454,205.780,127.882,85.823,47.990,24.900,12.141
9.07333,284.801,243.537,205.883,127.891,85.872,48.061,24.858,12.197
9.07667,284.888,243.658,205.935,127.964,85.901,48.085,24.936,12.160
9.08000,285.032,243.798,206.097,128.020,86.027,48.094,24.934,12.159
9.08333,285.143,243.886,206.186,128.105,85.935,48.045,24.939,12.213
9.08667,285.246,243.916,206.227,128.185,86.054,48.187,24.978,12.175
9.09000,285.391,244.073,206.278,128.217,86.020,48.147,24.974,12.192
9.09333,285.490,244.197,206.387,128.277,86.041,48.179,24.904,12.193
9.09667,285.611,244.354,206.476,128.328,86.127,48.181,24.947,12.130
9.10000,285.744,244.401,206.542,128.391,86.162,48.146,24.997,12.228
9.10333,285.861,244.560,206.745,128.431,86.169,48.157,25.007,12.148
9.10667,285.981,244.600,206.721,128.495,86.216,48.248,24.979,12.249
9.11000,286.159,244.715,206.851,128.563,86.310,48.221,25.065,12.215
9.11333,286.202,244.816,206.914,128.630,86.367,48.350,25.043,12.172
9.11667,286.432,244.980,207.022,128.681,86.352,48.317,25.148,12.166
9.12000,286.516,245.021,207.119,128.765,86.381,48.374,24.990,12.260
9.12333,286.598,245.152,207.183,128.766,86.415,48.335,25.039,12.228
9.12667,286.757,245.211,207.273,128.845,86.435,48.347,25.081,12.323
9.13000,286.875,245.324,207.374,128.938,86.522,48.361,25.093,12.211
9.13333,286.960,245.453,207.454,128.917,86.475,48.406,25.098,12.248
9.13667,287.042,245.494,207.513,128.965,86.603,48.387,25.142,12.221
9.14000,287.280,245.666,207.601,129.058,86.610,48.428,25.064,12.230
9.14333,287.321,245.823,207.761,129.054,86.670,48.394,25.179,12.291
9.14667,287.466,245.871,207.798,129.115,86.754,48.495,25.166,12.291
9.15000,287.564,245.909,207.847,129.253,86.709,48.479,25.194,12.273
9.15333,287.711,246.119,207.978,129.307,86.754,48.524,25.155,12.306
9.15667,287.806,246.144,208.128,129.342,86.768,48.509,25.221,12.300
9.16000,287.941,246.288,208.203,129.335,86.772,48.546,25.122,12.301
9.16333,288.128,246.401,208.231,129.521,86.911,48.548,25.234,12.305
9.16667,288.243,246.474,208.344,129.448,86.959,48.615,25.212,12.310
9.17000,288.394,246.612,208.396,129.554,86.906,48.622,25.227,12.255
9.17333,288.396,246.677,208.483,129.584,86.942,48.603,25.278,12.338
9.17667,288.565,246.868,208.627,129.651,87.002,48.630,25.291,12.240
9.18000,288.718,246.959,208.713,129.708,87.092,48.682,25.251,12.358
9.18333,288.773,246.994,208.756,129.790,87.077,48.709,25.261,12.306
9.18667,288.985,247.108,208.928,129.798,87.122,48.717,25.339,12.299
9.19000,289.021,247.246,208.839,129.853,87.108,48.755,25.282,12.321
9.19333,289.131,247.342,209.022,129.935,87.184,48.775,25.362,12.349
9.19667,289.306,247.404,209.132,130.019,87.242,48.783,25.323,12.366
9.20000,289.371,247.487,209.212,130.029,87.249,48.853,25.360,12.429
9.20333,289.527,247.593,209.288,130.100,87.349,48.906,25.305,12.379
9.20667,289.610,247.766,209.454,130.140,87.357,48.878,25.358,12.353
9.21000,289.797,247.830,209.429,130.229,87.367,48.924,25.360,12.332
9.21333,289.841,247.941,209.562,130.264,87.411,48.909,25.361,12.374
9.21667,289.965,248.050,209.668,130.317,87.478,48.883,25.352,12.326
9.22000,290.112,248.096,209.706,130.421,87.475,48.933,25.376,12.390
9.22333,290.233,248.189,209.889,130.432,87.502,48.925,25.407,12.426
9.22667,290.373,248.299,209.975,130.440,87.604,48.948,25.430,12.387
9.23000,290.522,248.445,210.024,130.535,87.590,48.985,25.375,12.394
9.23333,290.583,248.522,210.105,130.521,87.577,49.015,25.407,12.411
9.23667,290.745,248.672,210.111,130.678,87.695,49.035,25.446,12.442
9.24000,290.895,248.758,210.316,130.733,87.728,48.998,25.506,12.362
9.24333,290.938,248.914,210.302,130.774,87.753,49.064,25.451,12.369
9.24667,291.097,248.984,210.419,130.761,87.785,49.121,25.499,12.448
9.25000,291.243,249.036,210.511,130.868,87.834,49.136,25.472,12.427
9.25333,291.346,249.113,210.574,130.942,87.933,49.135,25.506,12.416
9.25667,291.385,249.218,210.666,130.998,87.864,49.144,25.455,12.449
9.26000,291.518,249.398,210.737,131.028,87.909,49.198,25.481,12.474
9.26333,291.715,249.410,210.926,131.103,87.929,49.211,25.550,12.468
9.26667,291.791,249.528,211.021,131.126,88.008,49.162,25.473,12.446
9.27000,291.893,249.699,211.059,131.182,88.096,49.214,25.585,12.514
9.27333,292.037,249.799,211.063,131.318,88.085,49.260,25.602,12.429
9.27667,292.173,249.844,211.192,131.299,88.128,49.238,25.594,12.414
9.28000,292.205,249.940,211.283,131.391,88.075,49.301,25.542,12.440
9.28333,292.420,250.068,211.365,131.444,88.234,49.317,25.656,12.497
9.28667,292.549,250.189,211.507,131.524,88.213,49.353,25.575,12.451
9.29000,292.682,250.292,211.544,131.491,88.234,49.366,25.641,12.469
9.29333,292.759,250.426,211.616,131.563,88.240,49.396,25.653,12.481
9.29667,292.865,250.512,211.660,131.632,88.349,49.405,25.637,12.480
9.30000,292.889,250.620,211.811,131.623,88.352,49.472,25.666,12.535
9.30333,293.116,250.704,211.908,131.784,88.435,49.490,25.692,12.544
9.30667,293.234,250.755,211.972,131.791,88.397,49.390,25.687,12.540
9.31000,293.395,250.909,212.062,131.790,88.461,49.436,25.740,12.540
9.31333,293.441,250.981,212.206,131.953,88.477,49.491,25.659,12.555
9.31667,293.582,251.110,212.298,131.929,88.594,49.478,25.706,12.539
9.32000,293.681,251.183,212.359,131.943,88.581,49.526,25.723,12.478
9.32333,293.874,251.282,212.426,132.089,88.622,49.541,25.759,12.518
9.32667,293.936,251.441,212.527,132.056,88.628,49.629,25.748,12.556
9.33000,294.042,251.472,212.566,132.161,88.691,49.578,25.762,12.471
9.33333,294.163,251.540,212.672,132.214,88.737,49.559,25.763,12.544
9.33667,294.235,251.762,212.766,132.243,88.751,49.681,25.810,12.566
9.34000,294.326,251.758,212.835,132.326,88.723,49.629,25.770,12.554
9.34333,294.532,251.861,212.891,132.422,88.860,49.702,25.827,12.521
9.34667,294.605,251.971,212.988,132.467,88.835,49.629,25.803,12.506
9.35000,294.787,252.076,213.107,132.402,88.930,49.682,25.825,12.575
9.35333,294.867,252.203,213.143,132.538,88.919,49.687,25.883,12.547
9.35667,294.966,252.321,213.247,132.610,88.943,49.745,25.818,12.547
9.36000,295.089,252.403,213.391,132.635,89.006,49.737,25.790,12.462
9.36333,295.226,252.467,213.417,132.705,89.072,49.796,25.755,12.629
9.36667,295.311,252.578,213.510,132.758,89.019,49.786,25.850,12.557
9.37000,295.477,252.679,213.649,132.762,89.101,49.813,25.865,12.599
9.37333,295.561,252.769,213.668,132.831,89.184,49.807,25.899,12.548
9.37667,295.728,252.941,213.740,132.900,89.193,49.897,25.867,12.625
9.38000,295.777,252.966,213.886,132.930,89.172,49.954,25.834,12.587
9.38333,295.903,253.092,213.858,133.008,89.283,49.870,25.902,12.634
9.38667,295.943,253.196,214.021,133.077,89.263,49.916,25.944,12.537
9.39000,296.160,253.237,214.117,133.063,89.301,49.977,25.887,12.562
9.39333,296.244,253.392,214.143,133.125,89.323,50.030,25.972,12.656
9.39667,296.349,253.450,214.233,133.186,89.355,49.992,25.915,12.618
9.40000,296.425,253.540,214.278,133.245,89.385,49.990,25.973,12.651
9.40333,296.493,253.660,214.443,133.304,89.494,49.996,25.957,12.618
9.40667,296.754,253.750,214.448,133.355,89.467,49.976,25.976,12.628
9.41000,296.826,253.860,214.608,133.460,89.524,49.999,25.979,12.675
9.41333,296.979,253.987,214.678,133.485,89.554,50.067,25.995,12.690
9.41667,297.056,254.094,214.732,133.476,89.546,49.986,26.020,12.674
9.42000,297.191,254.192,214.771,133.540,89.598,50.141,26.013,12.679
9.42333,297.228,254.236,214.943,133.592,89.658,50.128,26.103,12.656
9.42667,297.376,254.376,214.997,133.655,89.731,50.155,26.049,12.668
9.43000,297.478,254.478,215.011,133.729,89.703,50.213,26.156,12.676
9.43333,297.640,254.597,215.142,133.834,89.757,50.192,26.009,12.675
9.43667,297.724,254.671,215.272,133.824,89.837,50.232,26.083,12.614
9.44000,297.792,254.822,215.375,133.841,89.878,50.181,26.117,12.691
9.44333,298.016,254.866,215.399,134.003,89.868,50.238,26.146,12.745
9.44667,298.113,254.904,215.534,133.911,89.946,50.221,26.119,12.740
9.45000,298.193,255.098,215.541,134.066,89.962,50.265,26.154,12.758
9.45333,298.311,255.104,215.666,134.093,89.946,50.295,26.143,12.677
9.45667,298.401,255.233,215.707,134.114,90.002,50.377,26.167,12.719
9.46000,298.469,255.362,215.838,134.154,90.022,50.328,26.146,12.665
9.46333,298.643,255.445,215.907,134.217,90.087,50.380,26.175,12.706
9.46667,298.729,255.542,216.032,134.274,90.171,50.364,26.188,12.720
9.47000,298.837,255.619,216.080,134.360,90.131,50.427,26.249,12.768
9.47333,298.936,255.681,216.178,134.441,90.158,50.452,26.232,12.762
9.47667,299.059,255.775,216.197,134.414,90.251,50.433,26.164,12.733
9.48000,299.157,255.902,216.304,134.507,90.211,50.437,26.217,12.720
9.48333,299.228,256.011,216.402,134.567,90.243,50.530,26.223,12.733
9.48667,299.405,256.088,216.470,134.578,90.302,50.522,26.302,12.714
9.49000,299.555,256.230,216.549,134.651,90.329,50.472,26.260,12.731
9.49333,299.669,256.259,216.640,134.677,90.355,50.520,26.237,12.820
9.49667,299.790,256.399,216.707,134.731,90.430,50.595,26.318,12.704
9.50000,299.827,256.484,216.763,134.834,90.374,50.510,26.266,12.787
9.50333,299.997,256.544,216.889,134.884,90.482,50.607,26.293,12.799
9.50667,300.025,256.677,216.966,134.923,90.480,50.546,26.262,12.748
9.51000,300.138,256.729,217.089,134.945,90.516,50.598,26.383,12.815
9.51333,300.284,256.894,217.064,135.044,90.613,50.608,26.273,12.752
9.51667,300.376,256.910,217.198,135.053,90.559,50.607,26.298,12.790
9.52000,300.532,257.025,217.230,135.140,90.674,50.634,26.380,12.787
9.52333,300.644,257.141,217.360,135.167,90.663,50.627,26.382,12.819
9.52667,300.733,257.260,217.447,135.222,90.719,50.731,26.360,12.831
9.53000,300.802,257.280,217.496,135.260,90.739,50.770,26.365,12.786
9.53333,300.958,257.431,217.591,135.191,90.838,50.705,26.342,12.840
9.53667,301.064,257.496,217.617,135.318,90.823,50.774,26.347,12.819
9.54000,301.238,257.585,217.787,135.429,90.939,50.775,26.373,12.802
9.54333,301.253,257.742,217.856,135.448,90.935,50.844,26.455,12.787
9.54667,301.341,257.781,217.962,135.460,90.939,50.778,26.432,12.850
9.55000,301.500,257.916,217.952,135.550,91.006,50.867,26.447,12.826
9.55333,301.678,258.003,218.066,135.628,90.981,50.873,26.450,12.803
9.55667,301.764,258.075,218.214,135.642,91.016,50.957,26.456,12.813
9.56000,301.892,258.146,218.210,135.709,91.078,50.888,26.435,12.812
9.56333,301.895,258.287,218.297,135.744,91.076,50.891,26.456,12.885
9.56667,302.034,258.350,218.360,135.734,91.097,50.949,26.471,12.832
9.57000,302.176,258.456,218.504,135.918,91.156,50.895,26.559,12.858
9.57333,302.277,258.540,218.508,135.879,91.142,50.971,26.511,12.871
9.57667,302.385,258.594,218.562,135.997,91.227,51.035,26.519,12.844
9.58000,302.479,258.740,218.701,135.963,91.176,51.017,26.460,12.881
9.58333,302.583,258.834,218.815,136.040,91.295,51.066,26.518,12.850
9.58667,302.750,258.888,218.825,136.085,91.341,51.008,26.542,12.889
9.59000,302.812,259.060,218.943,136.178,91.365,51.075,26.503,12.908
9.59333,302.882,259.035,218.999,136.217,91.336,51.098,26.580,12.914
9.59667,303.071,259.204,219.065,136.261,91.334,51.056,26.562,12.887
9.60000,303.099,259.305,219.165,136.326,91.366,51.074,26.556,12.865
9.60333,303.270,259.415,219.223,136.353,91.487,51.063,26.603,12.868
9.60667,303.337,259.459,219.335,136.377,91.523,51.107,26.638,12.910
9.61000,303.467,259.573,219.404,136.456,91.535,51.232,26.645,12.991
9.61333,303.524,259.644,219.469,136.473,91.584,51.138,26.647,12.916
9.61667,303.656,259.719,219.567,136.553,91.603,51.162,26.634,12.901
9.62000,303.805,259.892,219.584,136.557,91.705,51.181,26.619,12.901
9.62333,303.906,259.912,219.582,136.647,91.643,51.250,26.691,12.913
9.62667,303.981,260.033,219.835,136.655,91.745,51.260,26.701,12.961
9.63000,304.081,260.062,219.913,136.726,91.707,51.199,26.657,12.918
9.63333,304.151,260.173,219.934,136.792,91.772,51.215,26.674,12.949
9.63667,304.366,260.241,220.036,136.795,91.834,51.331,26.724,12.978
9.64000,304.395,260.394,220.069,136.872,91.784,51.278,26.704,12.953
9.64333,304.473,260.547,220.148,136.901,91.899,51.410,26.657,13.003
9.64667,304.631,260.569,220.121,137.008,91.901,51.306,26.758,13.014
9.65000,304.704,260.682,220.256,137.018,91.977,51.402,26.738,12.885
9.65333,304.816,260.781,220.420,137.016,91.988,51.402,26.718,13.013
9.65667,304.890,260.829,220.450,137.118,91.955,51.434,26.722,12.988
9.66000,305.017,260.920,220.540,137.122,92.071,51.379,26.799,12.983
9.66333,305.079,261.026,220.610,137.192,92.001,51.421,26.728,12.974
9.66667,305.235,261.144,220.637,137.286,92.138,51.482,26.812,12.972
9.67000,305.330,261.133,220.709,137.238,92.122,51.490,26.837,12.964
9.67333,305.478,261.302,220.816,137.300,92.140,51.464,26.882,12.995
9.67667,305.599,261.386,220.918,137.410,92.136,51.462,26.862,12.942
9.68000,305.641,261.447,220.937,137.435,92.187,51.558,26.825,13.034
9.68333,305.745,261.513,221.045,137.502,92.237,51.575,26.828,13.046
9.68667,305.824,261.666,221.105,137.544,92.277,51.532,26.839,12.973
9.69000,305.944,261.742,221.251,137.595,92.280,51.639,26.798,12.971
9.69333,306.083,261.789,221.355,137.597,92.344,51.612,26.927,13.015
9.69667,306.105,261.907,221.331,137.709,92.325,51.605,26.909,13.021
9.70000,306.269,261.932,221.438,137.638,92.431,51.687,26.906,13.079
9.70333,306.404,262.098,221.468,137.709,92.450,51.661,26.871,13.021
9.70667,306.409,262.156,221.541,137.805,92.459,51.693,26.887,12.977
9.71000,306.526,262.254,221.667,137.882,92.555,51.695,26.967,13.042
9.71333,306.705,262.330,221.690,137.870,92.546,51.744,26.863,13.014
9.71667,306.780,262.383,221.819,137.928,92.574,51.684,26.933,13.043
9.72000,306.855,262.553,221.915,138.121,92.618,51.744,26.905,13.011
9.72333,306.979,262.615,221.976,138.036,92.613,51.778,26.917,13.067
9.72667,307.135,262.678,222.044,138.103,92.642,51.739,26.955,13.087
9.73000,307.173,262.799,222.103,138.130,92.692,51.769,26.991,13.076
9.73333,307.316,262.889,222.252,138.207,92.783,51.771,26.968,13.066
9.73667,307.326,262.922,222.270,138.224,92.746,51.840,27.004,13.114
9.74000,307.521,263.030,222.329,138.266,92.796,51.813,27.051,13.140
9.74333,307.602,263.063,222.379,138.353,92.762,51.848,26.982,13.079
9.74667,307.741,263.256,222.468,138.326,92.809,51.878,27.030,13.081
9.75000,307.766,263.247,222.524,138.355,92.837,51.828,27.042,13.067
9.75333,307.880,263.390,222.581,138.486,92.907,51.902,27.027,13.149
9.75667,307.921,263.454,222.651,138.504,92.932,51.939,27.073,13.159
9.76000,308.086,263.582,222.780,138.582,92.951,51.944,27.077,13.052
9.76333,308.177,263.629,222.843,138.636,93.019,51.937,27.019,13.124
9.76667,308.235,263.708,222.908,138.629,93.011,51.984,27.086,13.129
9.77000,308.290,263.747,222.970,138.706,93.023,51.923,27.106,13.100
9.77333,308.475,263.958,223.041,138.733,93.055,51.998,27.085,13.124
9.77667,308.583,264.024,223.051,138.736,93.077,52.034,27.096,13.095
9.78000,308.633,264.039,223.241,138.833,93.069,52.013,27.152,13.123
9.78333,308.780,264.106,223.283,138.866,93.187,52.077,27.108,13.145
9.78667,308.827,264.224,223.374,138.903,93.227,52.124,27.109,13.145
9.79000,308.918,264.332,223.453,138.921,93.214,52.095,27.130,13.175
9.79333,309.130,264.415,223.518,139.000,93.244,52.176,27.173,13.199
9.79667,309.129,264.451,223.569,139.016,93.301,52.168,27.131,13.145
9.80000,309.285,264.586,223.556,139.083,93.327,52.116,27.136,13.159
9.80333,309.419,264.621,223.632,139.160,93.339,52.193,27.170,13.168
9.80667,309.483,264.740,223.756,139.119,93.383,52.218,27.155,13.166
9.81000,309.579,264.797,223.814,139.171,93.429,52.154,27.265,13.180
9.81333,309.629,264.822,223.877,139.243,93.434,52.243,27.187,13.135
9.81667,309.683,264.931,223.906,139.308,93.492,52.259,27.212,13.159
9.82000,309.820,265.069,224.053,139.285,93.432,52.245,27.275,13.114
9.82333,309.981,265.144,224.130,139.425,93.564,52.278,27.264,13.230
9.82667,310.036,265.260,224.148,139.461,93.551,52.286,27.234,13.170
9.83000,310.076,265.285,224.197,139.525,93.495,52.237,27.225,13.182
9.83333,310.288,265.421,224.316,139.517,93.595,52.303,27.229,13.168
9.83667,310.301,265.498,224.312,139.565,93.670,52.447,27.229,13.257
9.84000,310.438,265.603,224.413,139.579,93.630,52.260,27.239,13.244
9.84333,310.513,265.700,224.502,139.621,93.639,52.384,27.282,13.222
9.84667,310.594,265.781,224.567,139.677,93.776,52.369,27.242,13.250
9.85000,310.736,265.818,224.621,139.735,93.784,52.401,27.299,13.175
9.85333,310.772,265.921,224.748,139.800,93.831,52.402,27.225,13.224
9.85667,310.884,265.975,224.797,139.834,93.802,52.437,27.280,13.211
9.86000,310.979,265.991,224.877,139.825,93.793,52.443,27.293,13.126
9.86333,311.074,266.206,224.922,139.922,93.870,52.417,27.278,13.204
9.86667,311.167,266.203,225.020,139.951,93.854,52.489,27.342,13.171
9.87000,311.291,266.285,225.044,139.990,93.891,52.405,27.253,13.259
9.87333,311.390,266.359,225.141,140.064,93.949,52.419,27.325,13.215
9.87667,311.440,266.458,225.224,140.086,93.984,52.457,27.349,13.250
9.88000,311.624,266.535,225.235,140.073,93.990,52.488,27.351,13.274
9.88333,311.570,266.612,225.391,140.170,94.021,52.564,27.377,13.265
9.88667,311.757,266.688,225.419,140.270,94.042,52.546,27.405,13.235
9.89000,311.930,266.778,225.488,140.261,94.057,52.590,27.382,13.275
9.89333,311.941,266.823,225.568,140.321,94.134,52.545,27.405,13.318
9.89667,311.950,266.959,225.624,140.334,94.137,52.626,27.348,13.270
9.90000,312.107,266.984,225.611,140.399,94.201,52.649,27.489,13.272
9.90333,312.202,267.053,225.761,140.487,94.242,52.680,27.416,13.309
9.90667,312.251,267.154,225.783,140.472,94.284,52.627,27.438,13.259
9.91000,312.390,267.205,225.819,140.455,94.231,52.601,27.386,13.264
9.91333,312.486,267.302,225.854,140.557,94.333,52.629,27.508,13.350
9.91667,312.569,267.431,226.056,140.664,94.293,52.676,27.422,13.303
9.92000,312.698,267.439,226.101,140.599,94.294,52.717,27.389,13.311
9.92333,312.792,267.558,226.100,140.656,94.378,52.672,27.400,13.309
9.92667,312.846,267.668,226.193,140.655,94.403,52.663,27.523,13.298
9.93000,312.945,267.673,226.288,140.757,94.447,52.736,27.564,13.222
9.93333,313.073,267.813,226.322,140.792,94.462,52.749,27.498,13.282
9.93667,313.082,267.946,226.451,140.847,94.500,52.803,27.515,13.411
9.94000,313.274,267.927,226.482,140.888,94.510,52.811,27.468,13.287
9.94333,313.358,267.983,226.496,140.918,94.612,52.850,27.525,13.352
9.94667,313.377,268.115,226.608,140.945,94.554,52.826,27.480,13.280
9.95000,313.489,268.125,226.637,140.988,94.654,52.839,27.510,13.349
9.95333,313.546,268.225,226.712,141.013,94.645,52.828,27.512,13.351
9.95667,313.712,268.398,226.837,141.087,94.608,52.917,27.500,13.349
9.96000,313.701,268.426,226.870,141.116,94.658,52.887,27.538,13.329
9.96333,313.828,268.490,226.898,141.138,94.682,52.888,27.536,13.362
9.96667,313.963,268.500,226.933,141.138,94.805,52.874,27.619,13.292
9.97000,314.009,268.626,227.055,141.186,94.745,52.944,27.591,13.358
9.97333,314.109,268.647,227.100,141.313,94.767,52.962,27.562,13.299
9.97667,314.192,268.770,227.129,141.302,94.865,52.967,27.580,13.324
9.98000,314.311,268.805,227.250,141.340,94.823,52.991,27.622,13.331
9.98333,314.340,268.994,227.333,141.385,94.823,52.953,27.636,13.351
9.98667,314.462,269.027,227.388,141.473,94.848,53.071,27.625,13.411
9.99000,314.555,269.049,227.449,141.441,94.860,53.027,27.652,13.345
9.99333,314.716,269.172,227.459,141.532,94.947,53.072,27.597,13.416
9.99667,314.662,269.188,227.548,141.508,94.985,53.077,27.678,13.362
10.00000,314.769,269.343,227.647,141.614,95.001,53.092,27.674,13.379
10.00333,314.903,269.372,227.687,141.642,94.970,53.106,27.704,13.387
10.00667,314.936,269.434,227.695,141.679,95.074,53.163,27.669,13.369
10.01000,315.052,269.474,227.719,141.726,95.007,53.126,27.638,13.358
10.01333,315.135,269.691,227.903,141.787,95.139,53.182,27.757,13.390
10.01667,315.223,269.737,227.960,141.841,95.141,53.186,27.697,13.351
10.02000,315.331,269.741,227.981,141.833,95.162,53.103,27.709,13.394
10.02333,315.404,269.758,228.106,141.913,95.174,53.189,27.710,13.381
10.02667,315.530,269.891,228.075,141.910,95.260,53.162,27.688,13.468
10.03000,315.604,269.991,228.127,142.002,95.217,53.182,27.767,13.471
10.03333,315.660,270.042,228.254,142.010,95.240,53.232,27.733,13.375
10.03667,315.726,270.124,228.291,142.080,95.292,53.276,27.741,13.411
10.04000,315.826,270.166,228.378,142.069,95.265,53.236,27.800,13.485
10.04333,315.897,270.278,228.419,142.120,95.380,53.265,27.793,13.415
10.04667,315.994,270.395,228.482,142.189,95.306,53.321,27.767,13.442
10.05000,316.160,270.439,228.484,142.230,95.419,53.311,27.798,13.364
10.05333,316.143,270.509,228.496,142.347,95.462,53.247,27.780,13.442
10.05667,316.288,270.634,228.686,142.294,95.398,53.330,27.817,13.391
10.06000,316.341,270.658,228.731,142.252,95.517,53.332,27.769,13.462
10.06333,316.499,270.695,228.796,142.362,95.494,53.357,27.803,13.413
10.06667,316.504,270.744,228.842,142.407,95.524,53.377,27.853,13.483
10.07000,316.571,270.840,228.932,142.454,95.552,53.365,27.798,13.462
10.07333,316.682,270.983,229.026,142.447,95.563,53.405,27.831,13.448
10.07667,316.825,271.087,229.037,142.471,95.615,53.358,27.844,13.462
10.08000,316.876,271.078,229.055,142.538,95.634,53.452,27.834,13.439
10.08333,316.955,271.114,229.177,142.555,95.636,53.382,27.819,13.490
10.08667,317.000,271.172,229.283,142.602,95.680,53.448,27.816,13.407
10.09000,317.054,271.249,229.262,142.649,95.767,53.452,27.851,13.467
10.09333,317.186,271.377,229.415,142.718,95.671,53.484,27.793,13.407
10.09667,317.259,271.427,229.444,142.716,95.757,53.494,27.868,13.510
10.10000,317.283,271.498,229.454,142.794,95.751,53.431,27.885,13.464
10.10333,317.454,271.539,229.571,142.824,95.838,53.480,27.921,13.448
10.10667,317.514,271.606,229.573,142.836,95.826,53.520,27.969,13.513
10.11000,317.608,271.675,229.661,142.865,95.811,53.570,27.959,13.476
10.11333,317.577,271.777,229.713,142.918,95.890,53.530,27.958,13.475
10.11667,317.797,271.836,229.818,142.983,95.878,53.495,27.926,13.503
10.12000,317.861,271.919,229.868,142.931,95.907,53.538,27.899,13.508
10.12333,317.884,271.955,229.819,142.995,96.028,53.664,27.926,13.571
10.12667,317.949,271.977,229.895,143.000,96.001,53.660,27.947,13.487
10.13000,318.041,272.088,229.948,143.164,96.012,53.670,27.980,13.473
10.13333,318.125,272.189,230.088,143.096,95.985,53.682,27.976,13.525
10.13667,318.231,272.238,230.085,143.192,95.978,53.543,27.994,13.535
10.14000,318.270,272.334,230.201,143.195,96.038,53.692,28.000,13.504
10.14333,318.380,272.417,230.181,143.268,96.042,53.677,28.003,13.552
10.14667,318.489,272.507,230.320,143.337,96.157,53.707,27.989,13.533
10.15000,318.555,272.525,230.280,143.274,96.130,53.683,28.016,13.575
10.15333,318.664,272.608,230.406,143.391,96.143,53.711,28.036,13.527
10.15667,318.736,272.643,230.419,143.403,96.198,53.697,28.023,13.505
10.16000,318.788,272.758,230.556,143.415,96.280,53.767,27.984,13.567
10.16333,318.872,272.792,230.591,143.427,96.190,53.773,28.075,13.518
10.16667,318.976,272.910,230.607,143.473,96.293,53.771,28.023,13.592
10.17000,319.044,272.944,230.749,143.477,96.255,53.812,28.029,13.572
10.17333,319.080,273.059,230.749,143.594,96.305,53.838,28.085,13.551
10.17667,319.159,273.091,230.791,143.636,96.362,53.867,28.071,13.598
10.18000,319.252,273.135,230.848,143.650,96.401,53.871,28.097,13.524
10.18333,319.284,273.206,230.922,143.648,96.411,53.806,28.091,13.505
10.18667,319.388,273.240,230.983,143.683,96.488,53.787,28.127,13.597
10.19000,319.499,273.344,230.988,143.749,96.465,53.890,28.126,13.594
10.19333,319.539,273.416,231.068,143.725,96.449,53.854,28.090,13.629
10.19667,319.665,273.458,231.187,143.842,96.467,53.874,28.162,13.561
10.20000,319.806,273.579,231.232,143.818,96.450,53.897,28.064,13.570
10.20333,319.806,273.666,231.171,143.848,96.515,53.923,28.077,13.595
10.20667,319.803,273.675,231.290,143.925,96.567,53.888,28.195,13.540
10.21000,319.943,273.751,231.340,143.969,96.550,53.978,28.105,13.603
10.21333,320.004,273.800,231.348,143.961,96.619,53.972,28.137,13.605
10.21667,320.094,273.861,231.413,144.040,96.669,53.964,28.182,13.638
10.22000,320.163,273.913,231.547,144.065,96.650,54.052,28.239,13.610
10.22333,320.144,274.020,231.605,144.076,96.643,53.957,28.124,13.603
10.22667,320.323,274.003,231.623,144.156,96.663,53.996,28.168,13.681
10.23000,320.413,274.109,231.691,144.149,96.779,54.044,28.133,13.613
10.23333,320.508,274.174,231.764,144.247,96.769,54.032,28.154,13.575
10.23667,320.535,274.263,231.799,144.176,96.743,54.048,28.238,13.605
10.24000,320.600,274.312,231.800,144.201,96.774,54.129,28.151,13.614
10.24333,320.664,274.358,231.912,144.354,96.777,54.071,28.135,13.661
10.24667,320.796,274.480,231.976,144.323,96.786,54.071,28.194,13.675
10.25000,320.849,274.519,231.970,144.399,96.863,54.104,28.205,13.619
10.25333,320.959,274.564,232.057,144.429,96.879,54.093,28.192,13.597
10.25667,321.004,274.692,232.083,144.421,96.924,54.096,28.228,13.632
10.26000,321.099,274.708,232.091,144.487,96.945,54.164,28.234,13.648
10.26333,321.144,274.793,232.189,144.482,96.914,54.097,28.195,13.670
10.26667,321.172,274.841,232.264,144.562,97.002,54.122,28.296,13.655
10.27000,321.269,274.840,232.346,144.541,96.982,54.201,28.246,13.620
10.27333,321.378,274.952,232.400,144.508,96.994,54.176,28.299,13.669
10.27667,321.402,275.041,232.449,144.629,97.023,54.155,28.228,13.674
10.28000,321.509,275.025,232.538,144.680,97.075,54.171,28.344,13.612
10.28333,321.579,275.174,232.523,144.743,97.101,54.247,28.309,13.644
10.28667,321.634,275.212,232.610,144.712,97.036,54.145,28.284,13.718
10.29000,321.761,275.257,232.712,144.798,97.119,54.210,28.352,13.622
10.29333,321.816,275.295,232.705,144.791,97.158,54.247,28.312,13.620
10.29667,321.871,275.342,232.703,144.828,97.165,54.264,28.307,13.704
10.30000,321.943,275.432,232.833,144.834,97.239,54.273,28.315,13.692
10.30333,322.002,275.520,232.851,144.892,97.176,54.227,28.350,13.628
10.30667,322.065,275.581,232.953,144.897,97.176,54.324,28.329,13.690
10.31000,322.158,275.612,232.955,144.929,97.215,54.378,28.335,13.678
10.31333,322.225,275.731,232.973,145.009,97.247,54.338,28.358,13.727
10.31667,322.270,275.790,233.069,145.068,97.299,54.358,28.341,13.647
10.32000,322.367,275.772,233.142,145.077,97.315,54.303,28.365,13.631
10.32333,322.429,275.859,233.144,145.077,97.304,54.338,28.257,13.718
10.32667,322.411,275.950,233.255,145.102,97.406,54.386,28.365,13.707
10.33000,322.608,275.960,233.243,145.121,97.318,54.367,28.352,13.680
10.33333,322.680,276.090,233.367,145.211,97.341,54.383,28.385,13.692
10.33667,322.694,276.080,233.323,145.189,97.400,54.400,28.408,13.772
10.34000,322.801,276.197,233.457,145.248,97.362,54.477,28.354,13.657
10.34333,322.916,276.223,233.534,145.271,97.481,54.439,28.291,13.745
10.34667,322.871,276.277,233.557,145.281,97.406,54.418,28.338,13.646
10.35000,323.070,276.357,233.527,145.357,97.438,54.495,28.414,13.736
10.35333,323.077,276.424,233.620,145.315,97.533,54.475,28.396,13.746
10.35667,323.125,276.495,233.662,145.439,97.482,54.446,28.466,13.784
10.36000,323.240,276.565,233.679,145.489,97.575,54.547,28.443,13.661
10.36333,323.234,276.558,233.752,145.461,97.570,54.473,28.458,13.741
10.36667,323.361,276.644,233.737,145.529,97.592,54.554,28.429,13.740
10.37000,323.353,276.667,233.845,145.492,97.670,54.555,28.394,13.751
10.37333,323.513,276.756,233.873,145.584,97.695,54.532,28.432,13.674
10.37667,323.559,276.878,233.973,145.587,97.630,54.623,28.479,13.812
10.38000,323.569,276.846,234.011,145.622,97.692,54.529,28.385,13.720
10.38333,323.665,276.964,234.044,145.686,97.652,54.595,28.513,13.770
10.38667,323.738,276.983,234.094,145.678,97.714,54.575,28.502,13.750
10.39000,323.806,277.006,234.128,145.681,97.784,54.603,28.444,13.804
10.39333,323.898,277.096,234.174,145.728,97.760,54.512,28.502,13.722
10.39667,323.972,277.100,234.249,145.743,97.814,54.539,28.550,13.732
10.40000,323.938,277.185,234.262,145.822,97.817,54.631,28.502,13.757
10.40333,324.083,277.263,234.318,145.847,97.866,54.580,28.449,13.782
10.40667,324.162,277.422,234.393,145.847,97.801,54.565,28.584,13.763
10.41000,324.235,277.339,234.507,145.933,97.822,54.570,28.540,13.773
10.41333,324.313,277.454,234.508,145.941,97.849,54.630,28.494,13.745
10.41667,324.341,277.447,234.536,145.971,97.933,54.641,28.508,13.808
10.42000,324.436,277.576,234.568,145.939,97.910,54.665,28.540,13.789
10.42333,324.464,277.564,234.675,145.983,97.999,54.684,28.550,13.836
10.42667,324.468,277.599,234.668,146.053,97.938,54.695,28.471,13.729
10.43000,324.574,277.695,234.686,146.028,97.973,54.698,28.584,13.802
10.43333,324.715,277.775,234.727,146.079,98.014,54.715,28.554,13.802
10.43667,324.768,277.862,234.808,146.114,98.029,54.712,28.583,13.766
10.44000,324.785,277.875,234.906,146.187,98.033,54.717,28.618,13.768
10.44333,324.800,277.997,234.914,146.189,98.032,54.689,28.577,13.817
10.44667,324.877,278.008,234.983,146.204,98.053,54.770,28.565,13.796
10.45000,324.973,278.038,235.063,146.294,98.060,54.772,28.598,13.798
10.45333,325.084,278.141,235.023,146.310,98.153,54.782,28.652,13.797
10.45667,325.147,278.179,235.124,146.294,98.136,54.774,28.541,13.831
10.46000,325.149,278.174,235.196,146.337,98.172,54.847,28.591,13.832
10.46333,325.199,278.287,235.176,146.346,98.203,54.800,28.604,13.822
10.46667,325.300,278.321,235.226,146.370,98.239,54.826,28.606,13.833
10.47000,325.328,278.436,235.382,146.399,98.134,54.838,28.618,13.780
10.47333,325.402,278.451,235.402,146.495,98.323,54.861,28.656,13.804
10.47667,325.460,278.455,235.306,146.492,98.253,54.823,28.714,13.771
10.48000,325.539,278.558,235.415,146.514,98.273,54.944,28.669,13.861
10.48333,325.593,278.610,235.457,146.541,98.407,54.894,28.657,13.856
10.48667,325.676,278.680,235.437,146.569,98.309,54.907,28.598,13.846
10.49000,325.722,278.699,235.583,146.584,98.307,54.918,28.665,13.831
10.49333,325.880,278.725,235.575,146.658,98.348,54.939,28.662,13.805
10.49667,325.821,278.803,235.672,146.615,98.369,54.923,28.651,13.845
10.50000,325.888,278.891,235.697,146.700,98.392,54.932,28.684,13.838
10.50333,326.056,278.885,235.732,146.701,98.430,54.938,28.615,13.839
10.50667,326.052,278.954,235.764,146.758,98.433,54.934,28.694,13.800
10.51000,326.105,279.050,235.826,146.759,98.517,54.900,28.670,13.846
10.51333,326.249,279.033,235.855,146.795,98.538,54.988,28.698,13.836
10.51667,326.289,279.161,235.873,146.774,98.529,54.981,28.715,13.816
10.52000,326.212,279.158,235.988,146.896,98.507,54.962,28.701,13.887
10.52333,326.370,279.232,236.005,146.877,98.562,55.046,28.761,13.877
10.52667,326.497,279.248,236.037,146.925,98.616,55.056,28.733,13.856
10.53000,326.495,279.319,236.037,146.932,98.540,55.037,28.731,13.878
10.53333,326.518,279.406,236.132,146.900,98.616,55.077,28.710,13.859
10.53667,326.551,279.397,236.125,146.989,98.593,54.986,28.785,13.908
10.54000,326.623,279.447,236.243,147.053,98.683,55.054,28.740,13.909
10.54333,326.730,279.520,236.225,147.065,98.697,54.993,28.739,13.876
10.54667,326.750,279.610,236.292,147.125,98.685,55.082,28.768,13.852
10.55000,326.826,279.672,236.404,147.136,98.618,55.081,28.700,13.923
10.55333,326.846,279.702,236.429,147.150,98.717,55.106,28.780,13.837
10.55667,326.919,279.776,236.376,147.204,98.672,55.093,28.750,13.970
10.56000,326.982,279.688,236.471,147.151,98.782,55.081,28.765,13.915
10.56333,326.988,279.832,236.577,147.212,98.786,55.147,28.779,13.890
10.56667,327.137,279.946,236.567,147.288,98.783,55.117,28.766,13.934
10.57000,327.188,279.984,236.577,147.321,98.761,55.167,28.829,13.805
10.57333,327.171,280.000,236.676,147.348,98.851,55.172,28.797,13.921
10.57667,327.304,280.027,236.746,147.284,98.758,55.127,28.830,13.893
10.58000,327.328,280.093,236.726,147.388,98.877,55.185,28.839,13.874
10.58333,327.461,280.146,236.714,147.353,98.827,55.237,28.858,13.850
10.58667,327.490,280.120,236.772,147.330,98.828,55.206,28.794,13.962
10.59000,327.579,280.222,236.839,147.439,98.953,55.226,28.828,13.920
10.59333,327.596,280.264,236.906,147.416,98.904,55.241,28.816,13.948
10.59667,327.609,280.270,236.895,147.453,98.922,55.296,28.817,13.969
10.60000,327.724,280.379,236.929,147.442,98.955,55.259,28.909,13.904
10.60333,327.729,280.482,237.055,147.514,98.976,55.325,28.816,13.880
10.60667,327.902,280.470,237.086,147.557,98.975,55.254,28.854,13.924
10.61000,327.923,280.523,237.136,147.588,99.017,55.250,28.872,13.943
10.61333,327.945,280.625,237.201,147.574,98.990,55.274,28.875,13.867
10.61667,327.952,280.637,237.144,147.595,99.041,55.321,28.782,13.941
10.62000,328.070,280.667,237.210,147.614,99.021,55.368,28.861,13.892
10.62333,328.037,280.804,237.315,147.648,99.037,55.358,28.869,13.906
10.62667,328.150,280.825,237.346,147.683,99.074,55.378,28.844,13.880
10.63000,328.182,280.821,237.401,147.728,99.108,55.302,28.851,13.926
10.63333,328.212,280.846,237.364,147.747,99.148,55.336,28.866,13.902
10.63667,328.289,280.920,237.480,147.751,99.093,55.340,28.928,13.965
10.64000,328.409,280.967,237.510,147.774,99.159,55.301,28.875,13.972
10.64333,328.377,281.040,237.485,147.839,99.129,55.330,28.917,14.018
10.64667,328.548,281.054,237.512,147.889,99.115,55.323,28.907,13.908
10.65000,328.492,281.069,237.615,147.850,99.240,55.374,28.937,13.962
10.65333,328.573,281.199,237.670,147.811,99.160,55.394,28.899,13.968
10.65667,328.643,281.180,237.672,147.940,99.188,55.390,28.919,14.005
10.66000,328.672,281.298,237.736,147.923,99.294,55.330,29.005,13.958
10.66333,328.746,281.295,237.760,147.981,99.246,55.366,28.968,13.971
10.66667,328.761,281.378,237.833,147.996,99.316,55.395,28.910,13.963
10.67000,328.866,281.399,237.928,148.076,99.294,55.406,29.009,13.926
10.67333,328.926,281.420,237.836,148.074,99.307,55.442,28.937,13.905
10.67667,328.952,281.484,237.887,148.045,99.297,55.454,28.969,13.956
10.68000,329.019,281.507,237.941,148.095,99.281,55.434,28.990,13.980
10.68333,329.086,281.530,237.980,148.135,99.361,55.485,28.969,13.966
10.68667,329.079,281.652,237.987,148.138,99.355,55.452,28.955,14.001
10.69000,329.171,281.682,238.056,148.202,99.449,55.450,28.992,13.999
10.69333,329.225,281.722,238.098,148.273,99.313,55.515,28.959,13.953
10.69667,329.270,281.718,238.125,148.209,99.380,55.515,28.951,13.956
10.70000,329.364,281.808,238.107,148.242,99.445,55.567,28.996,13.945
10.70333,329.391,281.782,238.159,148.293,99.522,55.458,29.006,13.985
10.70667,329.428,281.885,238.259,148.321,99.427,55.515,28.954,13.983
10.71000,329.496,281.910,238.321,148.336,99.473,55.557,28.954,14.025
10.71333,329.504,281.940,238.280,148.346,99.502,55.549,29.002,14.000
10.71667,329.583,281.958,238.381,148.319,99.530,55.576,29.035,13.915
10.72000,329.585,282.065,238.380,148.353,99.559,55.564,28.992,14.010
10.72333,329.706,282.087,238.460,148.471,99.514,55.565,29.069,14.033
10.72667,329.816,282.135,238.450,148.422,99.554,55.594,29.034,13.967
10.73000,329.774,282.150,238.471,148.484,99.554,55.597,29.023,13.983
10.73333,329.866,282.227,238.550,148.428,99.575,55.585,29.063,14.014
10.73667,329.872,282.278,238.578,148.509,99.664,55.648,28.980,14.018
10.74000,329.958,282.350,238.608,148.528,99.662,55.593,29.016,14.004
10.74333,329.975,282.378,238.686,148.567,99.664,55.658,29.043,13.941
10.74667,330.042,282.446,238.750,148.586,99.693,55.585,29.019,14.035
10.75000,330.092,282.445,238.731,148.586,99.701,55.688,29.008,14.031
10.75333,330.120,282.453,238.717,148.622,99.803,55.630,29.044,13.983
10.75667,330.221,282.534,238.831,148.678,99.658,55.631,29.068,14.059
10.76000,330.248,282.557,238.771,148.653,99.717,55.645,29.101,13.995
10.76333,330.341,282.622,238.806,148.681,99.687,55.619,29.089,14.070
10.76667,330.327,282.660,238.938,148.686,99.714,55.636,29.113,14.034
10.77000,330.382,282.754,238.973,148.767,99.816,55.738,29.101,14.031
10.77333,330.429,282.807,238.961,148.723,99.805,55.690,29.090,14.033
10.77667,330.510,282.776,239.057,148.824,99.761,55.720,29.165,13.949
10.78000,330.616,282.882,239.045,148.758,99.795,55.724,29.105,13.999
10.78333,330.621,282.857,239.169,148.782,99.805,55.651,29.124,14.076
10.78667,330.618,282.886,239.112,148.830,99.827,55.751,29.113,14.004
10.79000,330.698,282.918,239.116,148.883,99.775,55.761,29.118,14.010
10.79333,330.823,282.978,239.188,148.853,99.803,55.752,29.170,14.051
10.79667,330.814,283.044,239.184,148.932,99.860,55.753,29.111,14.031
10.80000,330.871,283.078,239.212,148.919,99.919,55.767,29.133,14.022
10.80333,330.903,283.109,239.301,148.926,99.864,55.762,29.127,14.031
10.80667,330.919,283.121,239.356,149.051,99.877,55.750,29.120,14.089
10.81000,330.924,283.150,239.328,148.981,99.995,55.821,29.106,14.041
10.81333,330.982,283.257,239.443,148.995,99.927,55.847,29.154,14.019
10.81667,331.064,283.278,239.446,148.985,99.956,55.847,29.221,14.046
10.82000,331.130,283.335,239.432,149.049,99.900,55.843,29.121,14.062
10.82333,331.215,283.357,239.538,149.093,100.038,55.828,29.221,14.122
10.82667,331.213,283.453,239.555,149.080,100.041,55.833,29.123,14.071
10.83000,331.285,283.448,239.530,149.136,100.023,55.845,29.195,14.049
10.83333,331.269,283.471,239.632,149.126,100.042,55.826,29.175,14.068
10.83667,331.383,283.523,239.660,149.167,100.019,55.862,29.208,13.994
10.84000,331.401,283.599,239.681,149.201,100.027,55.848,29.179,14.072
10.84333,331.407,283.652,239.708,149.189,100.075,55.841,29.175,14.068
10.84667,331.386,283.667,239.728,149.241,100.131,55.847,29.278,14.050
10.85000,331.540,283.696,239.767,149.279,100.027,55.795,29.143,14.043
10.85333,331.623,283.734,239.828,149.285,100.148,55.887,29.222,14.086
10.85667,331.664,283.756,239.877,149.328,100.090,55.901,29.234,14.030
10.86000,331.654,283.858,239.848,149.316,100.129,55.931,29.254,14.073
10.86333,331.738,283.896,239.838,149.351,100.203,55.867,29.202,14.070
10.86667,331.778,283.909,239.884,149.385,100.160,55.901,29.236,14.120
10.87000,331.804,283.926,239.979,149.396,100.192,55.963,29.151,14.051
10.87333,331.832,284.030,240.013,149.391,100.178,55.907,29.281,14.042
10.87667,331.907,283.972,240.114,149.386,100.178,55.929,29.233,14.120
10.88000,331.933,283.975,240.035,149.464,100.165,55.994,29.222,14.076
10.88333,331.945,284.051,240.086,149.419,100.226,55.999,29.214,14.134
10.88667,332.055,284.077,240.096,149.418,100.254,55.937,29.220,14.054
10.89000,332.071,284.054,240.185,149.441,100.261,55.976,29.271,14.078
10.89333,332.152,284.191,240.234,149.504,100.317,55.981,29.252,14.109
10.89667,332.233,284.237,240.172,149.584,100.211,56.076,29.274,14.127
10.90000,332.192,284.246,240.264,149.541,100.357,55.981,29.273,14.102
10.90333,332.247,284.254,240.229,149.508,100.382,55.990,29.271,14.103
10.90667,332.298,284.308,240.316,149.583,100.268,55.990,29.334,14.049
10.91000,332.400,284.406,240.319,149.659,100.326,55.978,29.280,14.112
10.91333,332.380,284.376,240.443,149.669,100.343,56.046,29.256,14.076
10.91667,332.472,284.466,240.396,149.614,100.375,56.079,29.318,14.108
10.92000,332.526,284.469,240.463,149.713,100.422,56.066,29.294,14.090
10.92333,332.517,284.492,240.466,149.675,100.388,56.066,29.334,14.051
10.92667,332.533,284.614,240.593,149.709,100.484,55.978,29.314,14.096
10.93000,332.619,284.584,240.533,149.763,100.454,56.083,29.306,14.157
10.93333,332.647,284.648,240.599,149.759,100.452,56.064,29.287,14.122
10.93667,332.688,284.666,240.636,149.794,100.477,56.101,29.295,14.134
10.94000,332.690,284.704,240.581,149.742,100.495,56.078,29.304,14.110
10.94333,332.780,284.736,240.657,149.822,100.457,56.092,29.338,14.134
10.94667,332.800,284.815,240.696,149.832,100.490,56.108,29.355,14.090
10.95000,332.866,284.785,240.720,149.873,100.485,56.137,29.276,14.095
10.95333,332.916,284.790,240.716,149.858,100.499,56.072,29.312,14.114
10.95667,332.920,284.918,240.747,149.913,100.499,56.110,29.325,14.156
10.96000,332.964,284.959,240.803,149.880,100.547,56.137,29.340,14.179
10.96333,333.055,284.986,240.777,149.915,100.597,56.102,29.307,14.075
10.96667,333.042,284.975,240.906,149.971,100.603,56.117,29.320,14.160
10.97000,333.195,285.105,240.812,150.021,100.608,56.100,29.322,14.124
10.97333,333.177,284.996,240.913,149.995,100.664,56.170,29.419,14.102
10.97667,333.210,285.129,240.980,149.965,100.587,56.155,29.294,14.111
10.98000,333.256,285.173,241.014,150.000,100.647,56.155,29.381,14.057
10.98333,333.239,285.199,240.970,150.033,100.636,56.104,29.429,14.194
10.98667,333.349,285.217,241.077,150.112,100.720,56.186,29.362,14.148
10.99000,333.360,285.243,241.075,150.042,100.614,56.199,29.405,14.143
10.99333,333.431,285.284,241.090,150.160,100.717,56.235,29.383,14.226
10.99667,333.421,285.350,241.193,150.235,100.677,56.257,29.409,14.167
11.00000,333.493,285.357,241.192,150.110,100.726,56.204,29.401,14.086
11.00333,333.505,285.449,241.230,150.168,100.771,56.256,29.346,14.192
11.00667,333.552,285.446,241.241,150.133,100.677,56.242,29.369,14.160
11.01000,333.625,285.490,241.268,150.192,100.771,56.199,29.386,14.158
11.01333,333.634,285.460,241.275,150.284,100.711,56.255,29.440,14.192
11.01667,333.646,285.549,241.232,150.218,100.782,56.255,29.456,14.132
11.02000,333.732,285.476,241.359,150.234,100.788,56.229,29.350,14.147
11.02333,333.721,285.587,241.332,150.288,100.803,56.252,29.345,14.094
11.02667,333.795,285.593,241.434,150.287,100.765,56.274,29.404,14.191
11.03000,333.821,285.635,241.379,150.273,100.800,56.280,29.415,14.091
11.03333,333.876,285.648,241.515,150.252,100.794,56.270,29.438,14.169
11.03667,333.890,285.695,241.466,150.334,100.841,56.260,29.473,14.162
11.04000,333.968,285.801,241.553,150.325,100.837,56.279,29.359,14.133
11.04333,334.081,285.787,241.545,150.367,100.863,56.284,29.400,14.189
11.04667,334.035,285.801,241.507,150.405,100.830,56.268,29.431,14.158
11.05000,334.121,285.840,241.560,150.413,100.888,56.329,29.456,14.149
11.05333,334.130,285.911,241.636,150.374,100.868,56.272,29.380,14.170
11.05667,334.167,285.946,241.701,150.439,100.927,56.335,29.415,14.116
11.06000,334.224,285.997,241.742,150.449,100.889,56.347,29.466,14.145
11.06333,334.290,285.963,241.681,150.432,100.896,56.304,29.421,14.211
11.06667,334.250,286.005,241.786,150.486,100.920,56.324,29.461,14.144
11.07000,334.268,286.076,241.722,150.488,100.931,56.368,29.461,14.219
11.07333,334.359,286.104,241.853,150.543,100.996,56.419,29.460,14.200
11.07667,334.424,286.080,241.807,150.562,100.965,56.339,29.448,14.223
11.08000,334.350,286.131,241.952,150.525,101.015,56.310,29.474,14.169
11.08333,334.475,286.215,241.896,150.571,101.003,56.439,29.488,14.209
11.08667,334.498,286.224,241.914,150.604,100.936,56.468,29.455,14.222
11.09000,334.545,286.245,241.935,150.580,100.984,56.356,29.470,14.149
11.09333,334.518,286.198,241.965,150.632,101.005,56.379,29.463,14.210
11.09667,334.606,286.267,241.960,150.627,101.032,56.373,29.404,14.230
11.10000,334.654,286.339,242.054,150.686,101.025,56.345,29.460,14.221
11.10333,334.629,286.403,242.012,150.685,101.028,56.432,29.445,14.232
11.10667,334.762,286.463,242.042,150.657,101.098,56.439,29.476,14.202
11.11000,334.797,286.428,242.089,150.758,101.084,56.413,29.491,14.152
11.11333,334.774,286.445,242.034,150.735,101.114,56.452,29.453,14.236
11.11667,334.826,286.499,242.123,150.725,101.084,56.414,29.453,14.217
11.12000,334.905,286.533,242.239,150.791,101.154,56.465,29.498,14.172
11.12333,334.874,286.538,242.216,150.717,101.186,56.413,29.508,14.189
11.12667,334.910,286.588,242.259,150.836,101.188,56.454,29.431,14.208
11.13000,334.951,286.627,242.240,150.794,101.191,56.386,29.546,14.256
11.13333,334.961,286.640,242.243,150.812,101.113,56.513,29.499,14.207
11.13667,335.034,286.684,242.309,150.847,101.139,56.511,29.533,14.178
11.14000,335.051,286.686,242.326,150.872,101.166,56.473,29.477,14.198
11.14333,335.148,286.715,242.341,150.868,101.200,56.463,29.476,14.189
11.14667,335.158,286.761,242.417,150.913,101.213,56.451,29.508,14.151
11.15000,335.197,286.811,242.374,150.901,101.268,56.495,29.499,14.207
11.15333,335.244,286.775,242.435,150.899,101.233,56.494,29.524,14.248
11.15667,335.208,286.890,242.461,150.975,101.243,56.509,29.490,14.218
11.16000,335.251,286.934,242.516,150.954,101.182,56.513,29.501,14.229
11.16333,335.357,286.887,242.545,150.946,101.266,56.529,29.545,14.237
11.16667,335.331,286.987,242.522,150.988,101.293,56.498,29.554,14.150
11.17000,335.364,286.949,242.569,151.033,101.289,56.557,29.530,14.240
11.17333,335.423,286.998,242.575,151.006,101.333,56.544,29.576,14.224
11.17667,335.510,287.030,242.645,151.019,101.306,56.499,29.572,14.202
11.18000,335.473,287.078,242.580,151.037,101.365,56.502,29.565,14.265
11.18333,335.552,287.059,242.642,151.086,101.302,56.539,29.561,14.228
11.18667,335.543,287.090,242.620,151.126,101.291,56.541,29.569,14.215
11.19000,335.631,287.202,242.756,151.050,101.386,56.546,29.604,14.316
11.19333,335.699,287.218,242.718,151.110,101.297,56.616,29.559,14.250
11.19667,335.636,287.174,242.786,151.088,101.373,56.612,29.572,14.203
11.20000,335.679,287.259,242.842,151.166,101.451,56.546,29.588,14.239
11.20333,335.813,287.364,242.820,151.188,101.431,56.605,29.549,14.258
11.20667,335.748,287.269,242.826,151.154,101.391,56.586,29.576,14.231
11.21000,335.759,287.298,242.812,151.152,101.359,56.572,29.601,14.198
11.21333,335.839,287.341,242.911,151.181,101.471,56.669,29.544,14.236
11.21667,335.814,287.395,242.877,151.252,101.465,56.664,29.576,14.274
11.22000,335.900,287.464,242.940,151.178,101.442,56.655,29.582,14.309
11.22333,335.907,287.455,242.951,151.323,101.493,56.578,29.587,14.182
11.22667,335.947,287.436,242.986,151.231,101.452,56.658,29.618,14.263
11.23000,335.998,287.485,242.999,151.309,101.468,56.621,29.529,14.242
11.23333,336.030,287.525,243.020,151.334,101.448,56.649,29.561,14.258
11.23667,336.066,287.504,243.004,151.279,101.509,56.700,29.587,14.281
11.24000,336.041,287.615,243.102,151.304,101.459,56.689,29.618,14.312
11.24333,336.056,287.639,243.067,151.395,101.562,56.645,29.588,14.248
11.24667,336.187,287.630,243.088,151.374,101.462,56.700,29.602,14.270
11.25000,336.265,287.701,243.116,151.402,101.635,56.630,29.610,14.323
11.25333,336.225,287.662,243.204,151.361,101.607,56.668,29.607,14.246
11.25667,336.217,287.765,243.235,151.420,101.545,56.687,29.620,14.243
11.26000,336.274,287.776,243.209,151.442,101.597,56.674,29.633,14.270
11.26333,336.287,287.792,243.246,151.379,101.564,56.677,29.711,14.244
11.26667,336.334,287.858,243.270,151.438,101.554,56.692,29.677,14.299
11.27000,336.423,287.855,243.215,151.474,101.534,56.735,29.654,14.246
11.27333,336.402,287.874,243.362,151.443,101.610,56.669,29.633,14.344
11.27667,336.435,287.852,243.310,151.471,101.547,56.767,29.651,14.223
11.28000,336.479,287.962,243.398,151.502,101.594,56.696,29.610,14.219
11.28333,336.532,287.915,243.366,151.471,101.568,56.748,29.642,14.284
11.28667,336.507,287.914,243.400,151.477,101.675,56.730,29.618,14.225
11.29000,336.465,288.041,243.428,151.490,101.673,56.805,29.657,14.283
11.29333,336.616,288.079,243.457,151.545,101.672,56.754,29.664,14.221
11.29667,336.615,288.071,243.474,151.510,101.666,56.734,29.755,14.218
11.30000,336.705,288.074,243.490,151.568,101.689,56.721,29.720,14.271
11.30333,336.769,288.062,243.516,151.571,101.650,56.767,29.713,14.325
11.30667,336.750,288.125,243.463,151.569,101.670,56.775,29.640,14.288
11.31000,336.726,288.153,243.600,151.581,101.679,56.792,29.687,14.367
11.31333,336.766,288.198,243.567,151.573,101.638,56.775,29.637,14.314
11.31667,336.792,288.227,243.597,151.671,101.718,56.835,29.716,14.220
11.32000,336.873,288.212,243.600,151.684,101.708,56.814,29.687,14.252
11.32333,336.885,288.176,243.586,151.747,101.683,56.761,29.663,14.294
11.32667,336.809,288.312,243.651,151.681,101.791,56.750,29.740,14.275
11.33000,336.951,288.343,243.658,151.699,101.766,56.740,29.674,14.272
11.33333,336.924,288.281,243.718,151.731,101.747,56.738,29.688,14.243
11.33667,336.940,288.347,243.687,151.756,101.797,56.723,29.653,14.329
11.34000,336.897,288.365,243.736,151.802,101.729,56.871,29.710,14.290
11.34333,337.031,288.403,243.798,151.699,101.826,56.866,29.697,14.306
11.34667,337.036,288.448,243.757,151.794,101.812,56.795,29.689,14.290
11.35000,337.108,288.468,243.806,151.778,101.761,56.845,29.734,14.308
11.35333,337.192,288.503,243.838,151.809,101.836,56.829,29.676,14.306
11.35667,337.195,288.499,243.808,151.816,101.826,56.858,29.739,14.268
11.36000,337.185,288.498,243.898,151.779,101.908,56.830,29.714,14.264
11.36333,337.199,288.563,243.881,151.857,101.897,56.788,29.695,14.346
11.36667,337.208,288.621,243.893,151.934,101.880,56.840,29.771,14.244
11.37000,337.191,288.610,243.938,151.837,101.904,56.848,29.711,14.261
11.37333,337.214,288.652,243.905,151.826,101.840,56.843,29.723,14.313
11.37667,337.324,288.662,243.960,151.884,101.828,56.818,29.682,14.327
11.38000,337.364,288.644,243.926,151.939,101.898,56.870,29.723,14.286
11.38333,337.364,288.718,244.020,151.928,101.818,56.857,29.762,14.321
11.38667,337.367,288.748,244.021,151.907,101.873,56.884,29.776,14.326
11.39000,337.441,288.716,244.050,151.923,101.909,56.928,29.767,14.286
11.39333,337.479,288.848,244.057,151.942,101.894,56.899,29.772,14.320
11.39667,337.554,288.761,244.112,151.997,101.960,56.901,29.719,14.309
11.40000,337.545,288.850,244.111,151.960,101.903,56.869,29.706,14.307
11.40333,337.547,288.889,244.146,152.053,101.996,56.872,29.730,14.341
11.40667,337.562,288.863,244.164,152.024,101.935,56.877,29.757,14.337
11.41000,337.597,288.971,244.181,152.006,101.940,56.841,29.775,14.347
11.41333,337.688,288.917,244.245,152.072,101.991,56.929,29.733,14.389
11.41667,337.785,288.926,244.175,152.039,101.952,56.921,29.741,14.326
11.42000,337.716,288.959,244.275,152.065,101.998,56.930,29.737,14.320
11.42333,337.707,288.944,244.294,152.075,101.956,56.924,29.794,14.292
11.42667,337.749,289.102,244.314,152.081,102.020,56.921,29.754,14.310
11.43000,337.780,289.047,244.289,152.144,101.996,56.963,29.763,14.265
11.43333,337.734,289.098,244.291,152.081,101.987,56.846,29.767,14.369
11.43667,337.796,289.096,244.413,152.050,102.034,56.935,29.775,14.275
11.44000,337.788,289.123,244.272,152.170,102.085,56.942,29.817,14.309
11.44333,337.951,289.166,244.401,152.196,102.056,56.931,29.782,14.294
11.44667,337.902,289.060,244.414,152.096,102.037,56.997,29.774,14.354
11.45000,337.943,289.189,244.390,152.158,102.074,56.968,29.770,14.298
11.45333,337.954,289.166,244.407,152.138,102.039,56.977,29.766,14.274
11.45667,337.933,289.191,244.459,152.217,102.130,57.069,29.844,14.376
11.46000,337.979,289.235,244.459,152.187,102.114,56.977,29.818,14.338
11.46333,338.005,289.259,244.499,152.195,102.086,56.989,29.758,14.291
11.46667,338.062,289.290,244.539,152.234,102.086,57.011,29.801,14.337
11.47000,338.175,289.255,244.533,152.305,102.089,56.980,29.814,14.356
11.47333,338.111,289.380,244.535,152.227,102.093,56.991,29.817,14.389
11.47667,338.102,289.382,244.558,152.196,102.138,57.004,29.804,14.300
11.48000,338.223,289.410,244.616,152.268,102.125,56.999,29.761,14.300
11.48333,338.229,289.368,244.581,152.243,102.136,56.986,29.790,14.308
11.48667,338.219,289.438,244.637,152.298,102.185,57.024,29.781,14.231
11.49000,338.261,289.457,244.655,152.263,102.172,57.005,29.781,14.368
11.49333,338.231,289.514,244.685,152.325,102.147,57.032,29.873,14.340
11.49667,338.304,289.519,244.646,152.272,102.216,56.968,29.832,14.377
11.50000,338.308,289.548,244.698,152.357,102.141,57.095,29.807,14.344
11.50333,338.404,289.521,244.665,152.329,102.183,57.040,29.847,14.337
11.50667,338.410,289.553,244.740,152.356,102.174,57.012,29.756,14.382
11.51000,338.344,289.615,244.694,152.388,102.211,57.009,29.744,14.387
11.51333,338.413,289.519,244.775,152.338,102.224,57.001,29.869,14.397
11.51667,338.473,289.621,244.731,152.374,102.190,57.030,29.772,14.403
11.52000,338.495,289.678,244.829,152.345,102.190,57.081,29.866,14.385
11.52333,338.455,289.638,244.783,152.491,102.170,57.026,29.883,14.373
11.52667,338.511,289.728,244.850,152.445,102.146,56.989,29.830,14.282
11.53000,338.522,289.726,244.806,152.469,102.229,57.042,29.814,14.361
11.53333,338.580,289.751,244.885,152.475,102.305,57.106,29.882,14.325
11.53667,338.610,289.715,244.821,152.414,102.208,57.064,29.888,14.279
11.54000,338.593,289.785,244.863,152.508,102.201,57.060,29.808,14.330
11.54333,338.630,289.835,244.915,152.429,102.266,57.070,29.880,14.308
11.54667,338.613,289.875,244.941,152.535,102.316,57.076,29.812,14.374
11.55000,338.680,289.770,244.891,152.487,102.311,57.101,29.866,14.320
11.55333,338.702,289.814,244.950,152.505,102.264,57.109,29.832,14.375
11.55667,338.759,289.877,245.054,152.538,102.304,57.133,29.804,14.361
11.56000,338.738,289.885,244.994,152.508,102.301,57.087,29.827,14.355
11.56333,338.772,289.902,244.964,152.513,102.326,57.117,29.872,14.322
11.56667,338.791,289.949,245.047,152.536,102.384,57.075,29.873,14.393
11.57000,338.839,289.960,244.989,152.495,102.321,57.111,29.925,14.363
11.57333,338.897,289.987,245.077,152.552,102.382,57.096,29.821,14.325
11.57667,338.890,290.012,245.065,152.579,102.364,57.082,29.871,14.344
11.58000,338.877,290.025,245.075,152.621,102.372,57.109,29.840,14.346
11.58333,338.922,289.988,245.113,152.614,102.336,57.083,29.821,14.389
11.58667,339.005,290.050,245.156,152.625,102.449,57.116,29.831,14.389
11.59000,338.951,290.112,245.152,152.686,102.334,57.158,29.947,14.379
11.59333,338.960,290.092,245.182,152.624,102.368,57.135,29.862,14.354
11.59667,339.018,290.083,245.194,152.734,102.381,57.096,29.861,14.371
11.60000,339.118,290.089,245.258,152.704,102.332,57.110,29.960,14.342
11.60333,339.057,290.209,245.235,152.675,102.388,57.063,29.902,14.296
11.60667,339.184,290.161,245.214,152.631,102.402,57.165,29.934,14.382
11.61000,339.052,290.205,245.273,152.667,102.408,57.168,29.896,14.385
11.61333,339.119,290.210,245.230,152.693,102.412,57.155,29.930,14.372
11.61667,339.083,290.262,245.292,152.682,102.458,57.193,29.890,14.353
11.62000,339.207,290.222,245.281,152.744,102.562,57.148,29.885,14.343
11.62333,339.172,290.210,245.298,152.698,102.428,57.207,29.924,14.394
11.62667,339.237,290.309,245.395,152.702,102.404,57.170,29.945,14.318
11.63000,339.216,290.317,245.348,152.797,102.455,57.211,29.978,14.399
11.63333,339.241,290.351,245.354,152.757,102.411,57.150,29.985,14.393
11.63667,339.281,290.366,245.367,152.787,102.477,57.145,29.847,14.395
11.64000,339.249,290.363,245.412,152.811,102.481,57.211,29.870,14.387
11.64333,339.364,290.372,245.429,152.794,102.457,57.098,29.863,14.377
11.64667,339.330,290.389,245.444,152.809,102.418,57.226,29.916,14.383
11.65000,339.386,290.416,245.507,152.888,102.511,57.227,29.863,14.370
11.65333,339.336,290.484,245.466,152.761,102.509,57.175,29.904,14.335
11.65667,339.441,290.471,245.486,152.876,102.567,57.201,29.896,14.391
11.66000,339.422,290.470,245.529,152.855,102.553,57.205,29.883,14.397
11.66333,339.494,290.499,245.504,152.885,102.508,57.213,29.911,14.407
11.66667,339.501,290.562,245.555,152.880,102.503,57.240,29.895,14.408
11.67000,339.485,290.567,245.557,152.840,102.577,57.193,29.936,14.393
11.67333,339.434,290.515,245.569,152.902,102.497,57.277,29.960,14.400
11.67667,339.588,290.523,245.551,152.878,102.547,57.178,29.908,14.386
11.68000,339.586,290.596,245.641,152.930,102.562,57.241,29.994,14.392
11.68333,339.578,290.640,245.628,152.948,102.553,57.259,29.897,14.422
11.68667,339.619,290.681,245.640,152.964,102.532,57.214,29.891,14.391
11.69000,339.656,290.677,245.609,152.954,102.560,57.212,29.904,14.421
11.69333,339.654,290.633,245.624,152.973,102.562,57.241,29.920,14.447
11.69667,339.664,290.689,245.684,152.889,102.600,57.246,29.889,14.419
11.70000,339.713,290.690,245.656,153.007,102.608,57.311,29.924,14.381
11.70333,339.655,290.679,245.642,152.996,102.572,57.252,29.953,14.397
11.70667,339.795,290.722,245.703,152.937,102.633,57.261,29.895,14.435
11.71000,339.825,290.768,245.809,152.988,102.598,57.204,29.963,14.395
11.71333,339.743,290.715,245.768,152.994,102.648,57.289,30.000,14.445
11.71667,339.775,290.664,245.774,152.940,102.646,57.315,30.039,14.395
11.72000,339.818,290.761,245.752,153.025,102.594,57.363,29.971,14.454
11.72333,339.812,290.748,245.773,153.017,102.661,57.318,29.943,14.402
11.72667,339.884,290.826,245.775,153.108,102.629,57.289,30.011,14.416
11.73000,339.910,290.942,245.823,152.997,102.665,57.288,29.958,14.408
11.73333,339.914,290.910,245.802,153.010,102.637,57.312,29.959,14.423
11.73667,339.943,290.859,245.774,153.058,102.623,57.350,30.021,14.420
11.74000,339.979,290.913,245.881,153.097,102.726,57.261,29.979,14.377
11.74333,339.952,290.906,245.865,153.127,102.711,57.295,29.977,14.445
11.74667,339.978,290.947,245.877,153.089,102.661,57.344,30.040,14.362
11.75000,340.008,290.996,245.958,153.084,102.716,57.309,29.964,14.394
11.75333,339.960,290.958,245.879,153.162,102.754,57.302,29.981,14.409
11.75667,340.024,290.976,245.859,153.142,102.679,57.371,29.949,14.424
11.76000,340.041,290.999,245.940,153.165,102.693,57.318,30.005,14.429
11.76333,340.169,290.985,245.982,153.136,102.728,57.312,29.927,14.413
11.76667,340.161,291.049,245.945,153.196,102.765,57.343,29.979,14.389
11.77000,340.121,291.084,246.005,153.173,102.729,57.372,29.993,14.358
11.77333,340.087,291.086,246.037,153.127,102.656,57.413,29.989,14.455
11.77667,340.205,291.090,245.986,153.153,102.723,57.394,29.982,14.393
11.78000,340.198,291.064,246.018,153.176,102.749,57.358,30.001,14.499
11.78333,340.211,291.088,246.039,153.218,102.780,57.355,29.981,14.415
11.78667,340.215,291.112,246.033,153.208,102.747,57.356,30.019,14.459
11.79000,340.289,291.127,245.954,153.213,102.815,57.350,29.981,14.395
11.79333,340.217,291.149,246.072,153.180,102.755,57.342,29.993,14.468
11.79667,340.312,291.146,246.165,153.245,102.745,57.315,30.015,14.446
11.80000,340.236,291.220,246.085,153.275,102.825,57.394,30.015,14.480
11.80333,340.323,291.206,246.146,153.211,102.798,57.358,30.013,14.467
11.80667,340.273,291.240,246.177,153.174,102.800,57.322,29.965,14.408
11.81000,340.409,291.197,246.144,153.207,102.800,57.337,29.985,14.482
11.81333,340.287,291.259,246.142,153.239,102.826,57.293,30.001,14.442
11.81667,340.336,291.285,246.136,153.233,102.786,57.392,30.009,14.407
11.82000,340.400,291.314,246.178,153.265,102.796,57.341,30.017,14.397
11.82333,340.379,291.341,246.236,153.211,102.823,57.414,30.065,14.421
11.82667,340.444,291.259,246.219,153.295,102.860,57.399,30.011,14.417
11.83000,340.475,291.315,246.161,153.328,102.788,57.376,29.968,14.470
11.83333,340.488,291.312,246.178,153.288,102.870,57.316,29.988,14.423
11.83667,340.535,291.382,246.295,153.365,102.764,57.366,30.007,14.488
11.84000,340.518,291.409,246.225,153.324,102.861,57.455,30.020,14.376
11.84333,340.564,291.392,246.309,153.358,102.829,57.387,30.041,14.448
11.84667,340.553,291.422,246.298,153.420,102.816,57.457,30.041,14.423
11.85000,340.605,291.401,246.264,153.355,102.880,57.472,30.008,14.462
11.85333,340.542,291.498,246.337,153.421,102.864,57.400,30.043,14.461
11.85667,340.554,291.467,246.396,153.393,102.877,57.370,29.987,14.440
11.86000,340.606,291.466,246.394,153.384,102.965,57.432,29.958,14.429
11.86333,340.646,291.521,246.372,153.448,102.903,57.455,29.998,14.508
11.86667,340.667,291.477,246.335,153.426,102.855,57.428,30.104,14.403
11.87000,340.683,291.470,246.404,153.422,102.851,57.435,30.051,14.373
11.87333,340.698,291.506,246.388,153.431,102.884,57.391,30.078,14.347
11.87667,340.681,291.582,246.457,153.392,102.872,57.462,29.979,14.422
11.88000,340.702,291.565,246.435,153.358,102.883,57.433,30.005,14.489
11.88333,340.777,291.576,246.452,153.421,102.919,57.436,30.086,14.393
11.88667,340.742,291.563,246.424,153.436,103.014,57.439,30.116,14.483
11.89000,340.764,291.628,246.406,153.497,102.966,57.475,30.055,14.406
11.89333,340.804,291.675,246.523,153.536,102.919,57.494,30.033,14.494
11.89667,340.820,291.621,246.521,153.495,102.934,57.481,29.927,14.433
11.90000,340.869,291.708,246.511,153.486,102.911,57.467,30.039,14.470
11.90333,340.787,291.712,246.504,153.476,102.928,57.425,30.047,14.456
11.90667,340.939,291.658,246.541,153.527,102.937,57.397,30.108,14.427
11.91000,340.888,291.715,246.583,153.515,102.983,57.483,30.045,14.460
11.91333,340.920,291.719,246.600,153.497,102.945,57.449,30.039,14.435
11.91667,340.961,291.735,246.550,153.521,102.957,57.488,30.047,14.399
11.92000,340.985,291.731,246.571,153.501,102.989,57.507,30.063,14.422
11.92333,340.947,291.751,246.539,153.538,102.976,57.468,30.042,14.446
11.92667,341.013,291.746,246.618,153.651,102.967,57.443,30.067,14.472
11.93000,341.016,291.776,246.606,153.549,102.974,57.504,30.083,14.441
11.93333,340.953,291.820,246.665,153.582,103.019,57.449,30.069,14.401
11.93667,341.033,291.858,246.675,153.604,103.008,57.489,29.996,14.452
11.94000,340.967,291.875,246.671,153.577,102.992,57.505,30.074,14.418
11.94333,341.004,291.857,246.672,153.579,102.980,57.483,30.115,14.464
11.94667,341.076,291.853,246.642,153.626,102.988,57.444,30.082,14.438
11.95000,341.049,291.915,246.697,153.615,103.010,57.542,30.095,14.492
11.95333,341.119,291.943,246.693,153.548,103.025,57.434,30.026,14.406
11.95667,341.077,291.933,246.692,153.654,103.032,57.449,30.093,14.483
11.96000,341.154,291.885,246.723,153.636,103.074,57.544,30.054,14.547
11.96333,341.166,291.907,246.724,153.598,103.028,57.501,30.060,14.477
11.96667,341.149,291.924,246.730,153.588,103.052,57.492,30.042,14.489
11.97000,341.157,291.916,246.749,153.610,103.074,57.578,30.080,14.451
11.97333,341.187,291.975,246.808,153.634,103.096,57.488,30.091,14.429
11.97667,341.237,291.977,246.821,153.690,103.095,57.513,30.048,14.488
11.98000,341.234,292.005,246.792,153.665,103.074,57.560,30.063,14.534
11.98333,341.220,291.981,246.882,153.659,103.120,57.529,30.085,14.464
11.98667,341.274,291.996,246.862,153.661,103.014,57.535,30.109,14.488
11.99000,341.314,292.050,246.937,153.677,103.054,57.505,30.169,14.478
11.99333,341.262,292.100,246.884,153.639,103.057,57.609,30.120,14.476
11.99667,341.275,292.060,246.825,153.698,103.075,57.559,29.983,14.422
12.00000,341.328,292.073,246.849,153.707,103.119,57.530,30.030,14.466
