time_min,A246_mAU,A254_mAU,A261_mAU,A273_mAU,A290_mAU,A324_mAU,A350_mAU,A445_mAU
0.00000,30.916,27.035,23.155,14.307,10.253,5.472,2.336,1.274
0.00333,31.013,27.032,23.146,14.313,10.201,5.451,2.443,1.243
0.00667,30.996,26.993,23.215,14.331,10.253,5.472,2.463,1.220
0.01000,31.036,27.130,23.224,14.309,10.278,5.515,2.374,1.236
0.01333,31.059,27.073,23.231,14.338,10.289,5.472,2.462,1.240
0.01667,31.042,27.169,23.257,14.352,10.342,5.489,2.411,1.197
0.02000,31.124,27.192,23.243,14.343,10.299,5.494,2.422,1.218
0.02333,31.176,27.170,23.279,14.301,10.290,5.484,2.453,1.206
0.02667,31.176,27.211,23.357,14.390,10.317,5.528,2.425,1.219
0.03000,31.216,27.154,23.334,14.325,10.324,5.495,2.495,1.176
0.03333,31.206,27.265,23.322,14.421,10.316,5.494,2.485,1.248
0.03667,31.187,27.252,23.391,14.412,10.331,5.491,2.504,1.234
0.04000,31.178,27.270,23.332,14.432,10.375,5.535,2.461,1.200
0.04333,31.321,27.317,23.366,14.378,10.376,5.531,2.429,1.271
0.04667,31.313,27.256,23.311,14.365,10.404,5.510,2.415,1.249
0.05000,31.291,27.322,23.379,14.464,10.362,5.577,2.474,1.176
0.05333,31.323,27.364,23.439,14.378,10.358,5.581,2.456,1.194
0.05667,31.356,27.353,23.441,14.447,10.356,5.546,2.431,1.239
0.06000,31.315,27.369,23.509,14.480,10.366,5.567,2.511,1.187
0.06333,31.418,27.416,23.543,14.459,10.406,5.600,2.455,1.258
0.06667,31.455,27.464,23.516,14.446,10.355,5.551,2.380,1.247
0.07000,31.473,27.415,23.572,14.471,10.438,5.624,2.487,1.206
0.07333,31.510,27.456,23.520,14.534,10.406,5.556,2.474,1.291
0.07667,31.449,27.553,23.465,14.518,10.426,5.545,2.507,1.239
0.08000,31.524,27.514,23.579,14.528,10.387,5.537,2.468,1.260
0.08333,31.619,27.557,23.601,14.555,10.493,5.598,2.465,1.286
0.08667,31.614,27.539,23.606,14.526,10.463,5.556,2.480,1.240
0.09000,31.542,27.601,23.653,14.598,10.449,5.529,2.497,1.240
0.09333,31.615,27.605,23.648,14.517,10.454,5.581,2.426,1.236
0.09667,31.632,27.655,23.725,14.578,10.497,5.650,2.442,1.183
0.10000,31.687,27.659,23.729,14.597,10.486,5.643,2.552,1.285
0.10333,31.679,27.728,23.708,14.607,10.466,5.600,2.459,1.217
0.10667,31.687,27.628,23.715,14.570,10.525,5.657,2.528,1.296
0.11000,31.723,27.663,23.724,14.654,10.523,5.570,2.445,1.291
0.11333,31.788,27.661,23.762,14.650,10.452,5.602,2.498,1.294
0.11667,31.739,27.709,23.773,14.663,10.503,5.569,2.508,1.303
0.12000,31.778,27.798,23.823,14.644,10.550,5.587,2.495,1.281
0.12333,31.823,27.793,23.787,14.585,10.484,5.582,2.482,1.247
0.12667,31.874,27.808,23.819,14.697,10.496,5.652,2.464,1.255
0.13000,31.911,27.826,23.797,14.733,10.513,5.636,2.480,1.250
0.13333,31.916,27.861,23.868,14.681,10.557,5.631,2.541,1.291
0.13667,31.956,27.884,23.857,14.727,10.608,5.619,2.491,1.322
0.14000,31.913,27.857,23.935,14.700,10.538,5.594,2.538,1.280
0.14333,31.972,27.867,23.922,14.721,10.593,5.632,2.489,1.282
0.14667,31.999,27.923,23.952,14.759,10.587,5.620,2.532,1.293
0.15000,32.048,27.945,23.919,14.754,10.587,5.626,2.574,1.278
0.15333,32.027,28.045,23.959,14.755,10.644,5.714,2.551,1.267
0.15667,32.039,28.028,23.929,14.784,10.628,5.632,2.497,1.297
0.16000,32.056,28.098,23.995,14.770,10.600,5.638,2.526,1.336
0.16333,32.099,27.973,24.007,14.751,10.603,5.640,2.515,1.273
0.16667,32.217,27.994,24.046,14.805,10.573,5.712,2.555,1.257
0.17000,32.216,28.151,24.048,14.840,10.686,5.667,2.561,1.288
0.17333,32.195,28.065,24.117,14.834,10.604,5.650,2.451,1.308
0.17667,32.200,28.092,24.088,14.863,10.678,5.689,2.488,1.332
0.18000,32.305,28.120,24.052,14.903,10.735,5.676,2.528,1.309
0.18333,32.309,28.145,24.169,14.869,10.650,5.693,2.537,1.302
0.18667,32.345,28.174,24.120,14.857,10.639,5.681,2.502,1.288
0.19000,32.406,28.216,24.138,14.813,10.705,5.697,2.551,1.262
0.19333,32.382,28.182,24.198,14.972,10.608,5.683,2.522,1.270
0.19667,32.365,28.243,24.215,14.914,10.638,5.673,2.595,1.258
0.20000,32.430,28.268,24.283,14.994,10.704,5.743,2.551,1.253
0.20333,32.457,28.253,24.230,14.965,10.692,5.733,2.591,1.285
0.20667,32.426,28.342,24.252,14.941,10.703,5.739,2.526,1.261
0.21000,32.469,28.361,24.264,14.968,10.742,5.693,2.599,1.252
0.21333,32.522,28.373,24.350,14.954,10.701,5.766,2.492,1.375
0.21667,32.520,28.410,24.309,14.999,10.754,5.771,2.595,1.257
0.22000,32.592,28.411,24.312,14.969,10.775,5.717,2.581,1.247
0.22333,32.644,28.447,24.311,14.952,10.786,5.751,2.551,1.347
0.22667,32.620,28.468,24.338,15.048,10.785,5.719,2.542,1.321
0.23000,32.606,28.433,24.358,15.021,10.659,5.804,2.552,1.389
0.23333,32.654,28.500,24.365,15.015,10.766,5.824,2.598,1.249
0.23667,32.738,28.482,24.354,15.052,10.692,5.747,2.525,1.312
0.24000,32.686,28.522,24.419,15.092,10.766,5.753,2.525,1.313
0.24333,32.750,28.547,24.418,15.032,10.859,5.805,2.602,1.356
0.24667,32.786,28.530,24.494,15.067,10.798,5.798,2.515,1.294
0.25000,32.810,28.595,24.526,15.112,10.804,5.764,2.625,1.305
0.25333,32.896,28.666,24.514,15.119,10.806,5.729,2.566,1.275
0.25667,32.821,28.636,24.487,15.169,10.872,5.807,2.533,1.298
0.26000,32.901,28.620,24.520,15.114,10.819,5.796,2.615,1.280
0.26333,32.854,28.699,24.518,15.173,10.827,5.839,2.604,1.295
0.26667,32.902,28.704,24.600,15.154,10.853,5.831,2.574,1.311
0.27000,33.003,28.701,24.575,15.168,10.883,5.817,2.572,1.355
0.27333,32.987,28.727,24.618,15.100,10.847,5.825,2.587,1.295
0.27667,32.967,28.761,24.577,15.231,10.893,5.789,2.572,1.334
0.28000,32.999,28.749,24.685,15.190,10.875,5.843,2.639,1.300
0.28333,32.984,28.759,24.645,15.201,10.916,5.803,2.575,1.301
0.28667,33.065,28.822,24.620,15.208,10.858,5.804,2.573,1.364
0.29000,33.138,28.819,24.702,15.236,10.945,5.869,2.558,1.278
0.29333,33.184,28.879,24.735,15.135,10.975,5.824,2.652,1.310
0.29667,33.167,28.922,24.727,15.243,10.940,5.845,2.564,1.288
0.30000,33.200,28.955,24.818,15.346,10.880,5.789,2.658,1.381
0.30333,33.245,28.980,24.758,15.248,10.986,5.833,2.612,1.299
0.30667,33.290,28.989,24.821,15.294,10.946,5.842,2.664,1.359
0.31000,33.289,28.960,24.836,15.230,10.961,5.844,2.633,1.345
0.31333,33.289,29.051,24.758,15.354,10.912,5.872,2.622,1.333
0.31667,33.416,29.042,24.815,15.311,10.963,5.874,2.639,1.413
0.32000,33.345,29.092,24.933,15.414,10.993,5.912,2.637,1.307
0.32333,33.341,29.119,24.938,15.342,11.001,5.912,2.635,1.353
0.32667,33.406,29.105,24.919,15.400,10.952,5.934,2.661,1.347
0.33000,33.463,29.169,24.924,15.384,10.983,5.932,2.669,1.342
0.33333,33.412,29.172,24.907,15.460,11.107,5.857,2.629,1.304
0.33667,33.527,29.248,25.012,15.432,11.009,5.899,2.624,1.300
0.34000,33.504,29.262,25.036,15.400,11.036,5.964,2.615,1.324
0.34333,33.558,29.252,25.009,15.437,11.036,5.897,2.622,1.335
0.34667,33.570,29.315,25.104,15.412,11.057,5.879,2.651,1.349
0.35000,33.588,29.331,25.092,15.439,11.115,5.914,2.653,1.362
0.35333,33.662,29.262,25.076,15.407,11.075,5.943,2.668,1.264
0.35667,33.667,29.324,25.065,15.445,11.038,5.930,2.624,1.417
0.36000,33.764,29.359,25.120,15.494,11.042,5.952,2.704,1.362
0.36333,33.656,29.369,25.121,15.492,11.133,5.893,2.589,1.386
0.36667,33.726,29.357,25.151,15.566,11.081,5.948,2.662,1.310
0.37000,33.826,29.438,25.128,15.511,11.077,6.018,2.690,1.319
0.37333,33.792,29.392,25.192,15.507,11.132,5.911,2.667,1.397
0.37667,33.831,29.466,25.164,15.581,11.209,5.964,2.669,1.414
0.38000,33.787,29.524,25.231,15.530,11.157,5.964,2.629,1.360
0.38333,33.918,29.508,25.280,15.586,11.151,5.968,2.742,1.366
0.38667,33.901,29.512,25.289,15.620,11.226,5.958,2.676,1.368
0.39000,33.903,29.604,25.271,15.641,11.111,5.957,2.717,1.365
0.39333,33.958,29.625,25.339,15.645,11.223,6.057,2.700,1.324
0.39667,34.015,29.664,25.327,15.724,11.171,5.929,2.715,1.409
0.40000,34.130,29.635,25.439,15.601,11.176,5.989,2.655,1.440
0.40333,34.089,29.667,25.396,15.676,11.185,5.950,2.661,1.303
0.40667,34.045,29.761,25.387,15.652,11.209,5.917,2.710,1.396
0.41000,34.124,29.706,25.411,15.732,11.209,6.011,2.713,1.352
0.41333,34.168,29.803,25.444,15.725,11.230,6.008,2.729,1.404
0.41667,34.109,29.770,25.420,15.705,11.265,5.990,2.680,1.354
0.42000,34.174,29.808,25.563,15.755,11.189,6.090,2.687,1.347
0.42333,34.222,29.761,25.534,15.795,11.210,6.072,2.626,1.310
0.42667,34.260,29.864,25.507,15.752,11.296,5.950,2.656,1.345
0.43000,34.282,29.868,25.545,15.794,11.271,5.994,2.713,1.357
0.43333,34.265,29.848,25.591,15.805,11.259,5.956,2.747,1.356
0.43667,34.324,29.925,25.619,15.798,11.243,6.026,2.710,1.334
0.44000,34.352,29.943,25.576,15.791,11.251,6.015,2.694,1.314
0.44333,34.406,29.947,25.565,15.812,11.322,6.044,2.775,1.339
0.44667,34.442,29.969,25.672,15.763,11.297,5.992,2.743,1.373
0.45000,34.417,30.023,25.694,15.906,11.260,6.088,2.738,1.401
0.45333,34.536,30.020,25.721,15.856,11.304,6.075,2.702,1.427
0.45667,34.535,30.090,25.735,15.849,11.323,6.116,2.666,1.409
0.46000,34.556,30.122,25.733,15.836,11.356,6.053,2.750,1.362
0.46333,34.612,30.102,25.753,15.876,11.357,6.070,2.778,1.390
0.46667,34.623,30.105,25.806,15.926,11.402,6.070,2.758,1.438
0.47000,34.640,30.140,25.850,15.965,11.376,6.070,2.788,1.367
0.47333,34.686,30.160,25.868,15.961,11.356,6.070,2.709,1.416
0.47667,34.695,30.181,25.797,15.934,11.415,6.106,2.709,1.425
0.48000,34.719,30.243,25.881,15.946,11.405,6.025,2.748,1.352
0.48333,34.798,30.205,25.911,16.004,11.414,6.033,2.706,1.433
0.48667,34.804,30.315,25.902,15.981,11.460,6.085,2.740,1.432
0.49000,34.832,30.318,25.934,15.998,11.437,6.122,2.794,1.393
0.49333,34.895,30.358,25.952,16.058,11.373,6.098,2.752,1.416
0.49667,34.847,30.362,26.059,16.020,11.411,6.101,2.784,1.339
0.50000,34.933,30.400,25.995,16.054,11.379,6.193,2.787,1.393
0.50333,34.894,30.431,25.988,16.043,11.439,6.138,2.748,1.426
0.50667,34.933,30.478,25.981,16.136,11.468,6.143,2.844,1.413
0.51000,34.979,30.454,26.099,16.102,11.545,6.194,2.832,1.357
0.51333,35.020,30.473,26.053,16.135,11.531,6.109,2.735,1.366
0.51667,35.084,30.556,26.152,16.097,11.471,6.189,2.771,1.375
0.52000,35.073,30.520,26.132,16.141,11.522,6.150,2.775,1.415
0.52333,35.116,30.547,26.119,16.153,11.519,6.165,2.716,1.434
0.52667,35.093,30.560,26.128,16.248,11.524,6.182,2.733,1.450
0.53000,35.137,30.583,26.207,16.128,11.509,6.148,2.700,1.353
0.53333,35.235,30.656,26.174,16.190,11.577,6.167,2.850,1.348
0.53667,35.232,30.627,26.286,16.142,11.517,6.198,2.822,1.389
0.54000,35.269,30.669,26.238,16.174,11.574,6.207,2.793,1.419
0.54333,35.303,30.683,26.345,16.254,11.604,6.200,2.763,1.428
0.54667,35.393,30.756,26.309,16.212,11.580,6.204,2.761,1.403
0.55000,35.362,30.745,26.329,16.286,11.587,6.243,2.806,1.375
0.55333,35.468,30.778,26.359,16.289,11.523,6.185,2.786,1.428
0.55667,35.432,30.831,26.395,16.292,11.590,6.236,2.823,1.420
0.56000,35.458,30.862,26.360,16.288,11.640,6.221,2.855,1.407
0.56333,35.489,30.927,26.522,16.264,11.612,6.261,2.831,1.359
0.56667,35.514,30.927,26.381,16.332,11.613,6.167,2.805,1.454
0.57000,35.539,30.971,26.585,16.379,11.622,6.201,2.808,1.495
0.57333,35.498,31.009,26.487,16.348,11.673,6.223,2.819,1.454
0.57667,35.512,31.029,26.489,16.378,11.616,6.199,2.854,1.406
0.58000,35.687,31.055,26.551,16.381,11.606,6.202,2.899,1.448
0.58333,35.645,31.007,26.513,16.362,11.684,6.313,2.815,1.482
0.58667,35.679,31.043,26.597,16.429,11.737,6.256,2.819,1.433
0.59000,35.704,31.095,26.601,16.412,11.722,6.247,2.898,1.448
0.59333,35.775,31.203,26.614,16.457,11.723,6.245,2.821,1.356
0.59667,35.757,31.157,26.695,16.423,11.760,6.232,2.763,1.427
0.60000,35.841,31.223,26.668,16.432,11.728,6.238,2.832,1.418
0.60333,35.838,31.161,26.666,16.444,11.752,6.238,2.869,1.373
0.60667,35.874,31.278,26.670,16.501,11.781,6.310,2.817,1.384
0.61000,35.912,31.224,26.765,16.511,11.759,6.272,2.933,1.380
0.61333,35.931,31.304,26.747,16.566,11.721,6.354,2.862,1.433
0.61667,35.999,31.323,26.788,16.557,11.752,6.290,2.939,1.477
0.62000,36.001,31.345,26.791,16.533,11.753,6.273,2.785,1.426
0.62333,36.000,31.346,26.819,16.510,11.809,6.313,2.895,1.415
0.62667,36.045,31.363,26.901,16.606,11.790,6.269,2.873,1.441
0.63000,36.082,31.367,26.872,16.562,11.775,6.365,2.893,1.375
0.63333,36.113,31.455,26.922,16.619,11.884,6.309,2.841,1.485
0.63667,36.153,31.426,26.927,16.676,11.837,6.331,2.925,1.428
0.64000,36.187,31.514,26.941,16.576,11.850,6.309,2.912,1.480
0.64333,36.308,31.557,26.981,16.644,11.893,6.333,2.913,1.486
0.64667,36.249,31.533,26.954,16.576,11.861,6.328,2.910,1.451
0.65000,36.302,31.648,27.075,16.660,11.854,6.412,2.872,1.428
0.65333,36.409,31.650,27.080,16.688,11.932,6.381,2.953,1.466
0.65667,36.402,31.696,27.072,16.697,11.894,6.395,2.901,1.478
0.66000,36.397,31.647,27.045,16.707,11.911,6.406,2.919,1.501
0.66333,36.441,31.709,27.090,16.762,11.879,6.372,2.888,1.467
0.66667,36.517,31.721,27.102,16.737,11.941,6.314,2.901,1.452
0.67000,36.557,31.783,27.177,16.782,11.961,6.471,2.880,1.424
0.67333,36.555,31.748,27.202,16.827,11.958,6.372,2.956,1.438
0.67667,36.649,31.820,27.222,16.800,11.921,6.397,2.964,1.475
0.68000,36.558,31.860,27.220,16.876,11.941,6.428,2.895,1.415
0.68333,36.689,31.908,27.237,16.876,11.931,6.401,2.957,1.481
0.68667,36.546,31.894,27.241,16.851,11.987,6.445,2.943,1.478
0.69000,36.710,31.948,27.283,16.873,12.028,6.491,2.961,1.418
0.69333,36.755,31.938,27.293,16.907,12.044,6.439,2.967,1.478
0.69667,36.762,31.968,27.344,16.906,12.039,6.445,2.920,1.429
0.70000,36.800,31.999,27.367,16.876,12.099,6.410,2.933,1.486
0.70333,36.797,32.091,27.416,16.918,12.057,6.438,2.981,1.496
0.70667,36.916,32.101,27.458,17.001,12.068,6.535,2.910,1.471
0.71000,36.894,32.072,27.448,16.975,12.076,6.503,2.984,1.483
0.71333,36.930,32.144,27.504,16.933,12.100,6.456,2.979,1.456
0.71667,37.006,32.165,27.450,16.932,12.045,6.429,2.979,1.513
0.72000,36.993,32.212,27.517,16.929,12.126,6.463,2.956,1.523
0.72333,37.012,32.153,27.566,16.988,12.074,6.477,2.941,1.476
0.72667,37.051,32.188,27.537,17.036,12.026,6.423,2.886,1.530
0.73000,37.059,32.298,27.568,16.997,12.057,6.483,3.023,1.547
0.73333,37.126,32.318,27.612,17.089,12.042,6.540,2.911,1.491
0.73667,37.177,32.317,27.676,17.117,12.201,6.501,3.004,1.462
0.74000,37.207,32.359,27.644,17.060,12.159,6.518,2.996,1.495
0.74333,37.241,32.374,27.722,17.046,12.191,6.598,2.970,1.532
0.74667,37.345,32.496,27.737,17.065,12.138,6.482,2.959,1.510
0.75000,37.359,32.419,27.717,17.141,12.218,6.563,2.942,1.521
0.75333,37.347,32.485,27.830,17.165,12.192,6.500,3.025,1.426
0.75667,37.416,32.506,27.787,17.167,12.201,6.549,2.986,1.454
0.76000,37.444,32.558,27.777,17.162,12.176,6.527,2.935,1.466
0.76333,37.433,32.513,27.864,17.180,12.219,6.603,2.984,1.502
0.76667,37.447,32.600,27.902,17.238,12.265,6.542,3.029,1.461
0.77000,37.632,32.609,27.890,17.240,12.230,6.532,3.086,1.498
0.77333,37.576,32.602,28.008,17.189,12.283,6.575,3.067,1.521
0.77667,37.644,32.712,27.966,17.238,12.212,6.593,2.995,1.468
0.78000,37.575,32.714,27.907,17.227,12.247,6.590,3.092,1.501
0.78333,37.631,32.747,28.018,17.295,12.211,6.578,3.047,1.502
0.78667,37.713,32.799,28.009,17.366,12.293,6.638,3.004,1.524
0.79000,37.750,32.764,28.002,17.296,12.238,6.596,3.037,1.547
0.79333,37.809,32.846,28.035,17.325,12.236,6.594,3.007,1.533
0.79667,37.804,32.827,28.083,17.381,12.356,6.673,3.006,1.509
0.80000,37.844,32.859,28.134,17.363,12.237,6.579,3.001,1.521
0.80333,37.878,32.929,28.163,17.393,12.355,6.593,3.005,1.463
0.80667,37.895,32.951,28.155,17.373,12.375,6.580,3.040,1.508
0.81000,37.872,32.964,28.157,17.405,12.401,6.655,3.055,1.488
0.81333,38.008,33.005,28.243,17.424,12.390,6.575,3.027,1.486
0.81667,37.932,33.063,28.257,17.461,12.373,6.609,3.014,1.588
0.82000,38.095,33.077,28.209,17.421,12.421,6.649,3.004,1.532
0.82333,38.103,33.210,28.320,17.424,12.399,6.595,3.042,1.477
0.82667,38.104,33.047,28.236,17.496,12.426,6.672,3.075,1.521
0.83000,38.153,33.168,28.291,17.510,12.430,6.637,3.092,1.507
0.83333,38.179,33.188,28.399,17.572,12.455,6.690,3.051,1.503
0.83667,38.214,33.304,28.381,17.510,12.366,6.682,3.075,1.531
0.84000,38.232,33.267,28.380,17.564,12.492,6.638,3.086,1.555
0.84333,38.292,33.279,28.428,17.509,12.537,6.696,3.024,1.584
0.84667,38.336,33.341,28.446,17.611,12.439,6.704,3.117,1.512
0.85000,38.344,33.431,28.513,17.670,12.444,6.672,3.112,1.571
0.85333,38.410,33.496,28.553,17.593,12.488,6.735,3.120,1.451
0.85667,38.523,33.445,28.512,17.648,12.422,6.729,3.087,1.526
0.86000,38.513,33.450,28.551,17.560,12.440,6.710,3.121,1.517
0.86333,38.444,33.429,28.624,17.677,12.552,6.711,3.118,1.553
0.86667,38.558,33.502,28.657,17.634,12.552,6.639,3.050,1.574
0.87000,38.624,33.520,28.665,17.709,12.546,6.748,3.113,1.471
0.87333,38.618,33.573,28.690,17.805,12.594,6.722,3.125,1.599
0.87667,38.678,33.623,28.734,17.746,12.606,6.756,3.061,1.599
0.88000,38.687,33.650,28.722,17.708,12.590,6.842,3.102,1.559
0.88333,38.706,33.643,28.781,17.739,12.626,6.758,3.074,1.583
0.88667,38.764,33.756,28.832,17.832,12.628,6.763,3.115,1.514
0.89000,38.854,33.779,28.826,17.782,12.590,6.758,3.151,1.534
0.89333,38.861,33.769,28.838,17.784,12.634,6.781,3.118,1.498
0.89667,38.944,33.829,28.866,17.838,12.674,6.741,3.075,1.585
0.90000,38.940,33.805,28.871,17.864,12.651,6.814,3.212,1.545
0.90333,38.987,33.915,28.868,17.893,12.697,6.772,3.081,1.583
0.90667,39.040,33.881,28.993,17.894,12.757,6.853,3.135,1.573
0.91000,39.090,33.912,28.977,17.885,12.717,6.754,3.138,1.532
0.91333,39.104,33.950,29.005,17.903,12.715,6.790,3.141,1.561
0.91667,39.064,34.041,28.984,17.943,12.656,6.829,3.077,1.489
0.92000,39.095,34.003,29.032,18.003,12.736,6.829,3.180,1.576
0.92333,39.204,34.020,29.071,17.942,12.732,6.800,3.118,1.591
0.92667,39.212,34.065,29.154,17.931,12.757,6.850,3.100,1.562
0.93000,39.284,34.154,29.148,17.953,12.789,6.850,3.202,1.529
0.93333,39.258,34.201,29.136,18.024,12.757,6.819,3.172,1.596
0.93667,39.374,34.148,29.220,18.010,12.749,6.873,3.163,1.546
0.94000,39.424,34.220,29.184,18.050,12.845,6.866,3.144,1.574
0.94333,39.418,34.295,29.229,18.073,12.855,6.810,3.213,1.588
0.94667,39.436,34.256,29.362,18.093,12.774,6.868,3.266,1.551
0.95000,39.448,34.361,29.299,18.123,12.777,6.891,3.230,1.556
0.95333,39.566,34.326,29.347,18.109,12.823,6.829,3.150,1.599
0.95667,39.498,34.371,29.371,18.110,12.870,6.923,3.194,1.584
0.96000,39.630,34.470,29.355,18.169,12.884,6.907,3.225,1.582
0.96333,39.634,34.485,29.400,18.206,12.952,6.838,3.230,1.587
0.96667,39.714,34.466,29.483,18.215,12.837,6.956,3.154,1.665
0.97000,39.765,34.475,29.441,18.230,12.874,6.893,3.236,1.562
0.97333,39.789,34.543,29.506,18.230,12.881,6.842,3.169,1.590
0.97667,39.805,34.597,29.468,18.249,12.874,6.914,3.242,1.590
0.98000,39.806,34.635,29.496,18.217,12.925,6.955,3.237,1.567
0.98333,39.897,34.693,29.557,18.367,13.015,6.977,3.204,1.573
0.98667,39.898,34.662,29.618,18.319,12.983,6.999,3.264,1.624
0.99000,39.954,34.720,29.700,18.335,12.959,6.975,3.236,1.616
0.99333,39.940,34.701,29.697,18.360,12.900,6.960,3.237,1.597
0.99667,40.051,34.791,29.758,18.297,13.021,7.005,3.206,1.565
1.00000,40.078,34.781,29.764,18.388,12.940,6.942,3.220,1.588
1.00333,40.105,34.857,29.714,18.449,12.979,6.999,3.232,1.595
1.00667,40.119,34.875,29.722,18.415,13.032,6.974,3.198,1.580
1.01000,40.197,34.884,29.780,18.443,13.049,6.993,3.256,1.618
1.01333,40.238,34.963,29.931,18.464,13.052,7.007,3.260,1.671
1.01667,40.266,35.024,29.898,18.494,13.008,7.002,3.280,1.639
1.02000,40.331,35.041,29.942,18.516,13.083,7.044,3.246,1.631
1.02333,40.353,35.097,29.978,18.545,13.040,6.980,3.268,1.691
1.02667,40.374,35.096,29.955,18.498,13.106,7.019,3.323,1.591
1.03000,40.473,35.194,30.004,18.557,13.139,7.055,3.319,1.587
1.03333,40.464,35.135,30.078,18.530,13.180,6.989,3.315,1.660
1.03667,40.523,35.235,29.995,18.561,13.176,7.032,3.260,1.613
1.04000,40.550,35.223,30.111,18.595,13.141,7.013,3.247,1.555
1.04333,40.589,35.258,30.077,18.620,13.162,7.094,3.275,1.572
1.04667,40.673,35.275,30.149,18.589,13.116,7.072,3.315,1.611
1.05000,40.624,35.338,30.210,18.667,13.220,7.084,3.337,1.622
1.05333,40.725,35.396,30.249,18.659,13.216,7.090,3.314,1.593
1.05667,40.719,35.332,30.182,18.658,13.178,7.123,3.296,1.602
1.06000,40.780,35.443,30.258,18.688,13.245,7.072,3.305,1.600
1.06333,40.789,35.412,30.231,18.710,13.259,7.150,3.312,1.592
1.06667,40.888,35.487,30.335,18.740,13.231,7.072,3.245,1.687
1.07000,40.963,35.578,30.365,18.821,13.289,7.124,3.316,1.652
1.07333,40.984,35.626,30.384,18.733,13.293,7.148,3.340,1.589
1.07667,41.017,35.589,30.431,18.798,13.308,7.067,3.334,1.604
1.08000,41.066,35.679,30.428,18.762,13.280,7.147,3.298,1.607
1.08333,41.116,35.695,30.523,18.824,13.222,7.110,3.390,1.653
1.08667,41.131,35.681,30.502,18.871,13.300,7.204,3.324,1.615
1.09000,41.216,35.736,30.563,18.893,13.289,7.171,3.310,1.597
1.09333,41.276,35.784,30.528,18.829,13.320,7.175,3.393,1.593
1.09667,41.212,35.895,30.576,18.848,13.332,7.197,3.391,1.579
1.10000,41.240,35.847,30.597,18.959,13.362,7.194,3.406,1.588
1.10333,41.331,35.878,30.632,18.984,13.456,7.191,3.429,1.673
1.10667,41.350,35.959,30.718,18.932,13.422,7.235,3.313,1.666
1.11000,41.442,35.978,30.667,18.987,13.384,7.112,3.329,1.586
1.11333,41.409,36.021,30.707,18.986,13.467,7.202,3.399,1.698
1.11667,41.510,36.096,30.770,19.015,13.433,7.249,3.409,1.610
1.12000,41.501,36.057,30.816,19.022,13.421,7.245,3.385,1.642
1.12333,41.591,36.228,30.838,19.064,13.483,7.205,3.265,1.692
1.12667,41.634,36.141,30.852,19.095,13.496,7.218,3.411,1.660
1.13000,41.656,36.164,30.824,19.107,13.503,7.223,3.368,1.716
1.13333,41.719,36.243,30.932,19.125,13.506,7.263,3.351,1.709
1.13667,41.765,36.255,30.955,19.160,13.479,7.280,3.356,1.721
1.14000,41.818,36.319,30.948,19.114,13.509,7.292,3.386,1.704
1.14333,41.842,36.332,31.038,19.193,13.527,7.284,3.436,1.718
1.14667,41.911,36.396,30.995,19.137,13.571,7.255,3.407,1.701
1.15000,41.971,36.453,31.079,19.250,13.504,7.382,3.422,1.606
1.15333,42.014,36.461,31.059,19.158,13.533,7.275,3.393,1.672
1.15667,41.963,36.472,31.122,19.266,13.594,7.316,3.433,1.674
1.16000,42.018,36.487,31.136,19.260,13.566,7.304,3.407,1.668
1.16333,42.030,36.571,31.167,19.290,13.616,7.337,3.452,1.659
1.16667,42.128,36.594,31.203,19.342,13.607,7.316,3.392,1.677
1.17000,42.242,36.609,31.271,19.322,13.609,7.431,3.429,1.679
1.17333,42.226,36.650,31.285,19.286,13.625,7.276,3.482,1.661
1.17667,42.263,36.732,31.259,19.356,13.658,7.333,3.361,1.714
1.18000,42.323,36.685,31.349,19.380,13.658,7.408,3.435,1.675
1.18333,42.339,36.758,31.364,19.388,13.679,7.347,3.465,1.700
1.18667,42.396,36.851,31.375,19.421,13.674,7.394,3.369,1.701
1.19000,42.469,36.891,31.450,19.519,13.697,7.364,3.421,1.655
1.19333,42.490,36.898,31.481,19.435,13.738,7.327,3.470,1.673
1.19667,42.632,36.897,31.488,19.496,13.749,7.379,3.399,1.705
1.20000,42.536,37.018,31.577,19.464,13.686,7.386,3.502,1.638
1.20333,42.652,37.031,31.579,19.497,13.719,7.411,3.481,1.657
1.20667,42.691,37.021,31.561,19.498,13.777,7.374,3.473,1.748
1.21000,42.726,37.069,31.629,19.516,13.831,7.430,3.534,1.707
1.21333,42.805,37.098,31.658,19.521,13.794,7.457,3.490,1.668
1.21667,42.799,37.180,31.640,19.637,13.867,7.424,3.454,1.659
1.22000,42.836,37.151,31.729,19.632,13.721,7.439,3.479,1.731
1.22333,42.884,37.242,31.782,19.628,13.856,7.467,3.482,1.742
1.22667,42.927,37.190,31.756,19.638,13.852,7.511,3.509,1.721
1.23000,43.023,37.246,31.883,19.626,13.789,7.473,3.547,1.737
1.23333,43.039,37.241,31.881,19.641,13.880,7.431,3.498,1.674
1.23667,43.005,37.367,31.907,19.689,13.876,7.482,3.507,1.765
1.24000,43.137,37.440,31.909,19.705,13.935,7.491,3.537,1.728
1.24333,43.134,37.506,31.916,19.767,13.934,7.485,3.516,1.643
1.24667,43.148,37.461,32.007,19.815,13.942,7.480,3.566,1.630
1.25000,43.148,37.533,31.983,19.856,13.917,7.464,3.483,1.723
1.25333,43.268,37.574,32.068,19.853,13.991,7.498,3.504,1.745
1.25667,43.419,37.607,32.070,19.851,13.974,7.498,3.517,1.765
1.26000,43.410,37.595,32.142,19.875,14.037,7.499,3.551,1.716
1.26333,43.406,37.639,32.151,19.913,13.989,7.613,3.546,1.773
1.26667,43.455,37.720,32.206,19.882,13.988,7.540,3.476,1.667
1.27000,43.492,37.759,32.190,19.951,14.008,7.580,3.567,1.775
1.27333,43.526,37.822,32.231,19.899,14.044,7.499,3.578,1.780
1.27667,43.605,37.841,32.284,19.925,13.987,7.564,3.564,1.755
1.28000,43.662,37.892,32.273,19.972,14.107,7.588,3.543,1.767
1.28333,43.716,37.947,32.370,20.023,14.064,7.510,3.553,1.725
1.28667,43.706,37.990,32.402,19.903,14.048,7.545,3.578,1.734
1.29000,43.741,38.067,32.384,20.008,14.157,7.590,3.619,1.761
1.29333,43.890,37.971,32.454,20.084,14.093,7.610,3.578,1.771
1.29667,43.879,38.035,32.450,20.081,14.150,7.594,3.543,1.717
1.30000,43.895,38.135,32.490,20.133,14.168,7.648,3.650,1.794
1.30333,43.948,38.207,32.572,20.196,14.234,7.612,3.518,1.785
1.30667,44.004,38.183,32.578,20.182,14.195,7.635,3.617,1.800
1.31000,44.074,38.165,32.607,20.144,14.135,7.571,3.646,1.720
1.31333,44.112,38.268,32.590,20.200,14.237,7.669,3.665,1.765
1.31667,44.160,38.299,32.711,20.174,14.239,7.681,3.649,1.682
1.32000,44.236,38.312,32.711,20.167,14.239,7.629,3.600,1.762
1.32333,44.207,38.414,32.754,20.254,14.197,7.672,3.625,1.750
1.32667,44.332,38.451,32.763,20.199,14.260,7.664,3.570,1.859
1.33000,44.371,38.514,32.826,20.279,14.291,7.680,3.573,1.756
1.33333,44.329,38.510,32.849,20.280,14.252,7.692,3.629,1.822
1.33667,44.493,38.572,32.879,20.339,14.326,7.790,3.673,1.801
1.34000,44.458,38.603,32.875,20.351,14.348,7.724,3.630,1.814
1.34333,44.464,38.620,32.924,20.377,14.292,7.746,3.670,1.762
1.34667,44.614,38.713,33.002,20.403,14.332,7.720,3.604,1.812
1.35000,44.710,38.665,32.934,20.383,14.334,7.760,3.667,1.781
1.35333,44.677,38.721,33.069,20.376,14.363,7.744,3.687,1.798
1.35667,44.698,38.780,33.042,20.483,14.418,7.689,3.669,1.798
1.36000,44.759,38.751,33.039,20.490,14.346,7.795,3.617,1.766
1.36333,44.792,38.871,33.151,20.422,14.382,7.784,3.713,1.708
1.36667,44.812,38.938,33.086,20.539,14.407,7.841,3.705,1.763
1.37000,44.916,38.943,33.235,20.518,14.473,7.825,3.655,1.785
1.37333,44.942,38.998,33.206,20.610,14.512,7.837,3.742,1.775
1.37667,44.947,39.038,33.261,20.635,14.460,7.796,3.678,1.778
1.38000,45.079,39.055,33.341,20.591,14.522,7.832,3.701,1.782
1.38333,45.132,39.036,33.359,20.603,14.476,7.839,3.725,1.857
1.38667,45.141,39.138,33.393,20.665,14.523,7.798,3.782,1.767
1.39000,45.156,39.223,33.432,20.628,14.517,7.849,3.639,1.797
1.39333,45.248,39.225,33.453,20.666,14.572,7.804,3.665,1.839
1.39667,45.291,39.295,33.498,20.680,14.569,7.839,3.665,1.781
1.40000,45.351,39.334,33.530,20.745,14.544,7.819,3.736,1.823
1.40333,45.380,39.344,33.590,20.780,14.590,7.818,3.678,1.869
1.40667,45.446,39.368,33.547,20.807,14.605,7.959,3.797,1.818
1.41000,45.437,39.452,33.616,20.793,14.644,7.932,3.729,1.826
1.41333,45.564,39.491,33.626,20.833,14.637,7.870,3.785,1.789
1.41667,45.571,39.537,33.672,20.921,14.710,7.918,3.738,1.876
1.42000,45.551,39.539,33.769,20.815,14.654,7.924,3.710,1.824
1.42333,45.697,39.596,33.785,20.965,14.708,7.844,3.694,1.802
1.42667,45.668,39.672,33.788,20.919,14.664,7.873,3.718,1.801
1.43000,45.801,39.689,33.814,20.914,14.741,7.951,3.694,1.781
1.43333,45.847,39.748,33.861,20.999,14.785,7.998,3.747,1.748
1.43667,45.905,39.795,33.918,21.020,14.807,7.922,3.781,1.819
1.44000,45.983,39.821,34.001,20.959,14.730,7.904,3.775,1.775
1.44333,45.966,39.837,34.020,21.012,14.788,7.948,3.834,1.837
1.44667,46.077,39.919,33.979,21.033,14.756,7.987,3.753,1.880
1.45000,46.078,39.936,34.089,21.126,14.823,8.021,3.738,1.835
1.45333,46.181,39.977,34.140,21.193,14.794,7.927,3.748,1.877
1.45667,46.147,40.049,34.154,21.036,14.856,8.014,3.746,1.822
1.46000,46.296,40.092,34.180,21.214,14.821,7.980,3.784,1.790
1.46333,46.288,40.059,34.177,21.110,14.886,7.952,3.756,1.855
1.46667,46.349,40.186,34.258,21.192,14.860,8.041,3.770,1.855
1.47000,46.299,40.223,34.252,21.223,14.928,8.085,3.766,1.790
1.47333,46.454,40.288,34.314,21.297,14.960,8.030,3.790,1.881
1.47667,46.474,40.274,34.362,21.295,14.881,8.064,3.800,1.898
1.48000,46.505,40.349,34.369,21.334,14.927,8.055,3.867,1.774
1.48333,46.588,40.392,34.414,21.281,14.989,8.056,3.840,1.809
1.48667,46.535,40.468,34.463,21.312,15.007,8.022,3.826,1.799
1.49000,46.701,40.453,34.529,21.334,14.983,8.091,3.871,1.886
1.49333,46.715,40.521,34.523,21.372,15.071,8.111,3.853,1.856
1.49667,46.771,40.619,34.554,21.400,14.985,8.031,3.829,1.837
1.50000,46.806,40.572,34.634,21.453,15.007,8.114,3.855,1.855
1.50333,46.892,40.658,34.594,21.457,15.072,8.129,3.928,1.893
1.50667,46.899,40.718,34.671,21.424,15.019,8.085,3.848,1.884
1.51000,47.030,40.712,34.738,21.408,15.089,8.113,3.814,1.936
1.51333,47.019,40.783,34.715,21.520,15.097,8.215,3.819,1.872
1.51667,47.118,40.820,34.729,21.587,15.078,8.145,3.846,1.810
1.52000,47.134,40.872,34.844,21.571,15.119,8.221,3.878,1.880
1.52333,47.190,40.940,34.864,21.565,15.124,8.110,3.888,1.887
1.52667,47.237,40.935,34.825,21.558,15.154,8.104,3.831,1.862
1.53000,47.253,40.979,35.002,21.674,15.169,8.139,3.860,1.899
1.53333,47.386,41.065,34.930,21.714,15.202,8.181,3.874,1.904
1.53667,47.407,41.086,34.963,21.648,15.248,8.209,3.945,1.877
1.54000,47.428,41.157,35.033,21.643,15.156,8.111,3.883,1.937
1.54333,47.447,41.185,35.139,21.654,15.126,8.212,3.859,1.875
1.54667,47.515,41.161,35.072,21.762,15.252,8.236,3.910,1.903
1.55000,47.573,41.234,35.154,21.766,15.257,8.267,3.861,1.879
1.55333,47.650,41.266,35.208,21.756,15.278,8.207,3.882,1.898
1.55667,47.693,41.338,35.257,21.829,15.329,8.162,3.946,1.921
1.56000,47.740,41.412,35.215,21.825,15.360,8.268,3.971,1.879
1.56333,47.776,41.419,35.295,21.807,15.346,8.270,3.925,1.869
1.56667,47.855,41.468,35.334,21.889,15.336,8.352,3.978,1.855
1.57000,47.935,41.512,35.374,21.893,15.412,8.277,3.903,1.857
1.57333,47.957,41.579,35.431,21.975,15.378,8.272,3.989,1.924
1.57667,48.077,41.614,35.474,21.900,15.394,8.241,3.929,1.946
1.58000,48.078,41.686,35.553,21.945,15.378,8.352,3.944,1.922
1.58333,48.141,41.703,35.514,21.978,15.417,8.351,3.952,1.945
1.58667,48.168,41.718,35.620,21.984,15.458,8.356,3.949,1.962
1.59000,48.180,41.809,35.575,21.977,15.474,8.287,3.967,1.905
1.59333,48.299,41.846,35.670,22.050,15.528,8.354,3.948,1.932
1.59667,48.267,41.890,35.649,22.081,15.518,8.380,3.955,1.947
1.60000,48.413,41.914,35.708,22.162,15.507,8.331,3.977,1.983
1.60333,48.486,41.936,35.803,22.100,15.479,8.354,3.958,1.921
1.60667,48.506,42.036,35.798,22.196,15.530,8.333,3.993,1.926
1.61000,48.559,42.016,35.843,22.182,15.590,8.387,4.013,1.951
1.61333,48.583,42.155,35.875,22.211,15.543,8.423,4.013,1.965
1.61667,48.640,42.210,35.966,22.252,15.576,8.408,4.032,2.012
1.62000,48.685,42.176,36.041,22.228,15.612,8.396,3.942,1.963
1.62333,48.749,42.285,36.011,22.297,15.640,8.419,4.011,1.960
1.62667,48.795,42.321,36.038,22.265,15.547,8.468,4.041,1.956
1.63000,48.851,42.316,36.060,22.362,15.642,8.456,4.078,1.928
1.63333,48.909,42.391,36.148,22.349,15.634,8.464,4.065,2.000
1.63667,48.933,42.442,36.184,22.342,15.673,8.445,4.035,1.924
1.64000,49.077,42.507,36.133,22.393,15.613,8.464,4.043,1.938
1.64333,49.074,42.541,36.240,22.456,15.692,8.510,4.066,1.980
1.64667,49.148,42.520,36.258,22.490,15.683,8.444,4.055,1.949
1.65000,49.209,42.584,36.280,22.535,15.727,8.442,4.068,1.993
1.65333,49.267,42.689,36.363,22.517,15.737,8.481,4.050,1.977
1.65667,49.307,42.696,36.389,22.526,15.792,8.560,4.126,1.972
1.66000,49.391,42.762,36.418,22.551,15.836,8.455,4.130,1.998
1.66333,49.442,42.827,36.476,22.607,15.784,8.461,4.087,1.982
1.66667,49.412,42.885,36.483,22.618,15.841,8.545,4.050,2.022
1.67000,49.565,42.936,36.543,22.627,15.943,8.503,4.009,2.026
1.67333,49.620,42.894,36.551,22.639,15.854,8.546,4.102,2.011
1.67667,49.696,42.985,36.606,22.701,15.840,8.528,4.113,1.990
1.68000,49.732,42.986,36.707,22.691,15.885,8.578,4.126,1.989
1.68333,49.763,43.080,36.689,22.777,15.902,8.589,4.200,2.002
1.68667,49.795,43.162,36.680,22.743,15.875,8.553,4.083,2.025
1.69000,49.922,43.152,36.832,22.823,15.947,8.659,4.095,1.991
1.69333,49.950,43.226,36.808,22.767,15.960,8.549,4.174,2.004
1.69667,49.898,43.302,36.885,22.830,15.998,8.628,4.088,1.972
1.70000,50.078,43.338,36.911,22.872,16.019,8.660,4.202,1.956
1.70333,50.061,43.366,36.903,22.943,15.946,8.578,4.168,1.997
1.70667,50.146,43.407,36.995,22.926,16.039,8.649,4.132,1.972
1.71000,50.193,43.497,37.070,22.884,15.990,8.649,4.146,1.997
1.71333,50.250,43.570,37.093,22.990,16.122,8.663,4.153,1.986
1.71667,50.279,43.611,37.136,23.021,16.027,8.714,4.146,1.988
1.72000,50.352,43.657,37.198,23.017,16.043,8.676,4.197,2.062
1.72333,50.431,43.593,37.186,23.034,16.157,8.665,4.191,1.973
1.72667,50.494,43.722,37.165,23.091,16.139,8.736,4.130,2.025
1.73000,50.525,43.815,37.340,23.099,16.132,8.723,4.199,2.049
1.73333,50.575,43.843,37.309,23.163,16.152,8.767,4.244,2.036
1.73667,50.610,43.810,37.329,23.151,16.159,8.781,4.171,2.087
1.74000,50.693,43.817,37.365,23.121,16.188,8.722,4.226,1.956
1.74333,50.808,44.023,37.426,23.145,16.204,8.703,4.263,2.011
1.74667,50.834,44.064,37.502,23.258,16.179,8.834,4.182,1.969
1.75000,50.927,44.072,37.569,23.201,16.304,8.776,4.189,2.002
1.75333,51.021,44.154,37.520,23.237,16.310,8.822,4.245,2.097
1.75667,51.027,44.124,37.613,23.216,16.303,8.739,4.259,2.063
1.76000,51.115,44.204,37.617,23.269,16.301,8.838,4.210,2.033
1.76333,51.117,44.294,37.707,23.330,16.371,8.818,4.270,2.032
1.76667,51.155,44.268,37.720,23.387,16.306,8.786,4.277,2.017
1.77000,51.236,44.358,37.802,23.398,16.397,8.841,4.297,2.102
1.77333,51.233,44.424,37.787,23.429,16.422,8.886,4.324,2.077
1.77667,51.346,44.480,37.808,23.439,16.430,8.849,4.297,2.094
1.78000,51.370,44.563,37.942,23.557,16.369,8.898,4.234,2.058
1.78333,51.479,44.529,37.958,23.517,16.440,8.834,4.206,2.140
1.78667,51.471,44.613,37.930,23.470,16.427,8.800,4.247,2.122
1.79000,51.563,44.664,37.982,23.551,16.404,8.905,4.267,2.043
1.79333,51.646,44.717,38.039,23.556,16.440,8.924,4.288,2.130
1.79667,51.682,44.760,38.125,23.665,16.509,8.850,4.291,1.995
1.80000,51.785,44.789,38.151,23.684,16.575,8.901,4.200,2.076
1.80333,51.827,44.904,38.215,23.605,16.518,8.866,4.356,2.016
1.80667,51.846,44.976,38.262,23.715,16.558,8.950,4.319,2.076
1.81000,51.905,44.938,38.333,23.704,16.568,8.963,4.331,2.087
1.81333,51.961,44.984,38.317,23.712,16.581,8.950,4.323,2.082
1.81667,52.059,45.058,38.379,23.742,16.638,8.990,4.323,2.029
1.82000,52.105,45.107,38.369,23.776,16.636,8.977,4.311,2.081
1.82333,52.145,45.132,38.428,23.837,16.616,9.019,4.403,2.050
1.82667,52.143,45.222,38.505,23.845,16.661,8.962,4.342,2.108
1.83000,52.295,45.279,38.510,23.924,16.750,8.961,4.318,2.044
1.83333,52.317,45.354,38.567,23.925,16.688,9.007,4.346,2.109
1.83667,52.359,45.370,38.558,23.944,16.677,8.984,4.322,2.135
1.84000,52.482,45.378,38.707,23.969,16.695,9.055,4.324,2.130
1.84333,52.462,45.422,38.680,23.951,16.774,9.016,4.344,2.089
1.84667,52.550,45.525,38.779,24.052,16.793,9.018,4.323,2.126
1.85000,52.683,45.602,38.848,24.068,16.712,9.019,4.418,2.084
1.85333,52.705,45.599,38.831,24.102,16.808,9.047,4.415,2.110
1.85667,52.798,45.706,38.883,24.083,16.894,9.072,4.363,2.142
1.86000,52.903,45.724,38.932,24.103,16.823,9.119,4.378,2.136
1.86333,52.890,45.725,38.932,24.120,16.834,9.092,4.404,2.091
1.86667,52.998,45.776,38.942,24.200,16.857,9.139,4.455,2.038
1.87000,52.997,45.888,39.089,24.262,16.891,9.140,4.399,2.094
1.87333,53.049,45.931,39.137,24.233,16.861,9.134,4.404,2.152
1.87667,53.088,45.972,39.138,24.276,16.985,9.174,4.460,2.191
1.88000,53.179,46.042,39.173,24.291,16.916,9.184,4.447,2.164
1.88333,53.253,46.084,39.175,24.324,16.883,9.165,4.426,2.110
1.88667,53.287,46.111,39.210,24.259,16.977,9.168,4.418,2.133
1.89000,53.325,46.218,39.403,24.433,16.920,9.242,4.435,2.124
1.89333,53.464,46.238,39.390,24.451,17.066,9.175,4.406,2.149
1.89667,53.505,46.293,39.497,24.480,16.984,9.162,4.405,2.135
1.90000,53.607,46.323,39.499,24.510,17.084,9.199,4.452,2.137
1.90333,53.615,46.427,39.492,24.533,17.071,9.243,4.558,2.152
1.90667,53.692,46.393,39.554,24.550,17.096,9.199,4.481,2.130
1.91000,53.754,46.560,39.560,24.583,17.088,9.165,4.472,2.087
1.91333,53.776,46.612,39.541,24.657,17.121,9.196,4.500,2.162
1.91667,53.909,46.608,39.682,24.578,17.161,9.315,4.466,2.146
1.92000,53.954,46.657,39.704,24.654,17.189,9.304,4.513,2.136
1.92333,53.989,46.737,39.746,24.717,17.184,9.274,4.477,2.114
1.92667,54.065,46.722,39.812,24.691,17.199,9.354,4.509,2.133
1.93000,54.081,46.867,39.858,24.659,17.187,9.289,4.486,2.206
1.93333,54.221,46.908,39.935,24.743,17.212,9.268,4.484,2.123
1.93667,54.260,46.938,39.937,24.726,17.282,9.324,4.545,2.166
1.94000,54.339,46.988,40.008,24.766,17.307,9.379,4.519,2.245
1.94333,54.339,47.104,40.055,24.763,17.258,9.371,4.532,2.140
1.94667,54.462,47.083,40.051,24.820,17.305,9.382,4.610,2.204
1.95000,54.485,47.220,40.167,24.904,17.307,9.309,4.524,2.178
1.95333,54.604,47.156,40.188,24.952,17.231,9.381,4.530,2.245
1.95667,54.587,47.297,40.260,24.923,17.356,9.363,4.604,2.201
1.96000,54.688,47.297,40.215,24.957,17.388,9.391,4.649,2.160
1.96333,54.786,47.392,40.249,24.977,17.356,9.392,4.600,2.153
1.96667,54.798,47.500,40.394,25.089,17.421,9.421,4.557,2.157
1.97000,54.885,47.480,40.426,25.077,17.465,9.422,4.521,2.163
1.97333,54.979,47.464,40.435,25.120,17.451,9.454,4.586,2.195
1.97667,55.021,47.564,40.516,25.133,17.488,9.404,4.563,2.218
1.98000,55.094,47.610,40.541,25.119,17.487,9.457,4.594,2.199
1.98333,55.100,47.679,40.529,25.167,17.616,9.570,4.586,2.201
1.98667,55.171,47.747,40.623,25.160,17.508,9.447,4.644,2.175
1.99000,55.287,47.759,40.678,25.253,17.596,9.448,4.595,2.185
1.99333,55.272,47.879,40.773,25.276,17.555,9.506,4.626,2.198
1.99667,55.382,47.933,40.807,25.264,17.565,9.513,4.604,2.213
2.00000,55.449,47.861,40.704,25.290,17.602,9.548,4.620,2.253
2.00333,55.533,48.001,40.843,25.340,17.693,9.551,4.599,2.251
2.00667,55.606,48.101,40.900,25.387,17.653,9.553,4.696,2.194
2.01000,55.676,48.138,40.920,25.359,17.744,9.532,4.606,2.226
2.01333,55.705,48.189,40.957,25.389,17.670,9.556,4.748,2.184
2.01667,55.728,48.267,41.013,25.429,17.695,9.577,4.701,2.194
2.02000,55.880,48.340,41.069,25.447,17.720,9.618,4.680,2.275
2.02333,55.920,48.336,41.156,25.483,17.792,9.534,4.655,2.268
2.02667,55.984,48.406,41.164,25.544,17.864,9.631,4.678,2.240
2.03000,56.067,48.482,41.231,25.538,17.807,9.594,4.623,2.250
2.03333,56.040,48.481,41.229,25.666,17.842,9.621,4.741,2.213
2.03667,56.183,48.624,41.357,25.583,17.742,9.644,4.714,2.221
2.04000,56.180,48.630,41.329,25.657,17.840,9.625,4.715,2.249
2.04333,56.333,48.717,41.418,25.668,17.831,9.638,4.752,2.204
2.04667,56.348,48.732,41.424,25.714,17.915,9.668,4.780,2.206
2.05000,56.440,48.797,41.490,25.749,17.965,9.648,4.753,2.272
2.05333,56.488,48.796,41.554,25.742,17.928,9.696,4.661,2.250
2.05667,56.555,48.925,41.670,25.781,17.957,9.730,4.737,2.291
2.06000,56.625,48.956,41.677,25.876,17.972,9.707,4.774,2.188
2.06333,56.655,49.015,41.721,25.840,17.919,9.784,4.699,2.268
2.06667,56.809,49.088,41.731,25.889,18.005,9.752,4.769,2.250
2.07000,56.833,49.108,41.709,25.965,18.071,9.670,4.723,2.318
2.07333,56.887,49.246,41.818,25.957,18.053,9.820,4.736,2.219
2.07667,56.954,49.245,41.888,25.975,18.114,9.737,4.746,2.308
2.08000,57.070,49.307,41.962,25.997,18.026,9.741,4.706,2.273
2.08333,57.065,49.244,42.061,26.031,18.105,9.797,4.794,2.253
2.08667,57.183,49.433,42.053,26.083,18.084,9.786,4.785,2.271
2.09000,57.241,49.504,42.115,26.041,18.127,9.851,4.830,2.282
2.09333,57.251,49.537,42.206,26.148,18.154,9.848,4.878,2.330
2.09667,57.377,49.579,42.177,26.185,18.202,9.881,4.778,2.357
2.10000,57.368,49.594,42.182,26.122,18.241,9.860,4.742,2.328
2.10333,57.530,49.700,42.261,26.178,18.246,9.895,4.864,2.298
2.10667,57.544,49.745,42.326,26.263,18.205,9.868,4.757,2.290
2.11000,57.597,49.829,42.409,26.280,18.216,9.803,4.814,2.264
2.11333,57.700,49.864,42.420,26.369,18.289,9.878,4.834,2.269
2.11667,57.835,49.922,42.402,26.337,18.337,9.912,4.863,2.325
2.12000,57.807,49.994,42.487,26.411,18.344,9.970,4.787,2.382
2.12333,57.884,50.028,42.578,26.477,18.381,9.920,4.822,2.255
2.12667,57.967,50.107,42.621,26.406,18.373,9.951,4.820,2.400
2.13000,58.001,50.193,42.672,26.501,18.429,10.038,4.860,2.262
2.13333,58.116,50.199,42.724,26.504,18.432,9.971,4.781,2.313
2.13667,58.161,50.253,42.746,26.518,18.468,9.998,4.832,2.326
2.14000,58.185,50.317,42.743,26.589,18.399,9.956,4.888,2.269
2.14333,58.257,50.379,42.888,26.625,18.402,9.979,4.837,2.346
2.14667,58.341,50.399,42.855,26.593,18.442,10.062,4.885,2.370
2.15000,58.459,50.515,42.975,26.706,18.465,9.983,4.889,2.363
2.15333,58.574,50.590,43.077,26.672,18.547,10.021,4.855,2.344
2.15667,58.574,50.618,43.049,26.760,18.585,9.988,4.866,2.397
2.16000,58.600,50.668,43.089,26.788,18.512,10.113,4.947,2.335
2.16333,58.796,50.734,43.179,26.731,18.596,10.012,4.952,2.389
2.16667,58.813,50.823,43.215,26.851,18.623,10.063,4.863,2.315
2.17000,58.885,50.843,43.285,26.827,18.588,10.096,4.946,2.334
2.17333,58.886,50.984,43.301,26.894,18.643,10.080,4.922,2.331
2.17667,58.954,51.066,43.375,26.948,18.637,10.046,4.996,2.338
2.18000,59.090,51.006,43.413,26.938,18.760,10.112,4.966,2.346
2.18333,59.132,51.107,43.422,26.895,18.732,10.118,4.972,2.381
2.18667,59.190,51.164,43.447,26.971,18.822,10.132,4.944,2.388
2.19000,59.317,51.233,43.543,27.042,18.830,10.111,4.974,2.353
2.19333,59.366,51.256,43.622,27.046,18.758,10.133,4.993,2.322
2.19667,59.421,51.379,43.652,27.135,18.827,10.191,4.968,2.352
2.20000,59.516,51.386,43.648,27.140,18.790,10.213,4.985,2.349
2.20333,59.537,51.491,43.731,27.200,18.831,10.177,5.015,2.431
2.20667,59.575,51.462,43.885,27.192,18.844,10.190,5.007,2.411
2.21000,59.648,51.634,43.877,27.250,18.866,10.255,4.992,2.346
2.21333,59.752,51.685,43.980,27.257,18.905,10.253,5.009,2.412
2.21667,59.800,51.663,43.935,27.282,18.913,10.210,4.989,2.406
2.22000,59.945,51.750,44.011,27.330,18.929,10.248,5.016,2.389
2.22333,59.954,51.844,44.055,27.346,18.955,10.239,5.068,2.328
2.22667,60.003,51.929,44.090,27.410,18.909,10.310,5.040,2.375
2.23000,60.117,51.983,44.203,27.392,18.968,10.295,5.022,2.435
2.23333,60.171,52.010,44.225,27.454,19.045,10.375,5.138,2.360
2.23667,60.227,52.114,44.265,27.487,19.121,10.298,5.083,2.419
2.24000,60.335,52.184,44.436,27.506,19.173,10.341,5.046,2.401
2.24333,60.382,52.283,44.483,27.572,19.186,10.333,5.117,2.395
2.24667,60.555,52.388,44.567,27.617,19.115,10.414,5.102,2.475
2.25000,60.663,52.562,44.772,27.617,19.155,10.441,5.057,2.417
2.25333,60.811,52.669,44.861,27.721,19.225,10.381,5.082,2.438
2.25667,60.823,52.853,45.061,27.808,19.246,10.392,5.026,2.445
2.26000,60.964,52.971,45.379,27.967,19.169,10.359,5.047,2.442
2.26333,61.221,53.305,45.754,28.026,19.283,10.423,5.080,2.420
2.26667,61.475,53.769,46.219,28.258,19.338,10.413,5.094,2.385
2.27000,61.682,54.179,46.905,28.419,19.409,10.449,5.113,2.460
2.27333,62.143,54.860,47.872,28.742,19.472,10.490,5.151,2.509
2.27667,62.548,55.749,49.141,29.102,19.547,10.552,5.162,2.451
2.28000,63.216,56.892,50.737,29.551,19.620,10.518,5.121,2.432
2.28333,64.012,58.377,52.797,30.316,19.767,10.512,5.157,2.539
2.28667,64.952,60.331,55.611,31.084,19.916,10.537,5.177,2.455
2.29000,66.236,62.891,59.164,32.173,20.041,10.604,5.224,2.442
2.29333,67.844,66.027,63.612,33.558,20.302,10.640,5.225,2.423
2.29667,69.897,69.956,69.261,35.241,20.568,10.668,5.222,2.452
2.30000,72.281,74.917,76.163,37.396,20.968,10.762,5.285,2.450
2.30333,75.310,80.832,84.724,39.919,21.477,10.683,5.275,2.513
2.30667,78.912,88.130,95.064,43.021,21.908,10.806,5.280,2.521
2.31000,83.240,96.796,107.354,46.800,22.522,10.884,5.322,2.552
2.31333,88.325,107.006,121.810,51.208,23.198,10.963,5.337,2.531
2.31667,94.185,118.859,138.775,56.248,24.122,11.148,5.435,2.627
2.32000,100.969,132.511,158.220,62.170,25.067,11.168,5.457,2.534
2.32333,108.618,147.998,180.208,68.830,26.120,11.328,5.532,2.662
2.32667,117.242,165.333,204.927,76.217,27.316,11.432,5.565,2.621
2.33000,126.775,184.393,232.015,84.494,28.673,11.543,5.580,2.716
2.33333,137.037,205.209,261.593,93.501,30.119,11.775,5.724,2.762
2.33667,148.045,227.433,293.250,103.148,31.721,11.910,5.689,2.724
2.34000,159.839,251.011,326.681,113.395,33.391,12.132,5.838,2.806
2.34333,172.029,275.452,361.283,123.880,35.159,12.313,5.926,2.858
2.34667,184.453,300.333,396.623,134.667,36.766,12.484,6.003,2.842
2.35000,196.985,325.472,432.002,145.668,38.568,12.687,6.065,2.940
2.35333,209.357,350.158,466.764,156.358,40.280,12.863,6.120,2.968
2.35667,221.263,373.944,500.273,166.747,42.107,12.999,6.254,3.010
2.36000,232.475,396.365,531.729,176.522,43.595,13.284,6.297,3.016
2.36333,242.827,416.919,560.411,185.497,45.067,13.374,6.457,3.053
2.36667,251.968,435.128,585.910,193.502,46.423,13.576,6.367,3.064
2.37000,259.802,450.482,607.444,200.203,47.541,13.699,6.466,3.124
2.37333,266.088,462.878,624.659,205.641,48.403,13.741,6.552,3.114
2.37667,270.623,471.981,637.275,209.621,49.003,13.856,6.499,3.161
2.38000,273.501,477.616,645.071,212.105,49.492,13.944,6.615,3.213
2.38333,274.626,479.758,647.908,213.042,49.617,14.005,6.587,3.147
2.38667,274.003,478.282,645.881,212.481,49.498,13.967,6.619,3.197
2.39000,271.562,473.511,639.173,210.388,49.207,13.920,6.532,3.125
2.39333,267.589,465.472,627.970,206.813,48.679,13.847,6.519,3.082
2.39667,262.093,454.547,612.814,201.978,47.911,13.746,6.527,3.115
2.40000,255.350,441.048,593.881,196.185,47.006,13.725,6.476,3.097
2.40333,247.505,425.365,571.864,189.233,45.876,13.612,6.484,3.107
2.40667,238.838,407.765,547.238,181.624,44.719,13.488,6.437,3.005
2.41000,229.414,388.902,520.622,173.243,43.329,13.354,6.340,3.007
2.41333,219.471,368.837,492.510,164.626,41.987,13.198,6.343,3.057
2.41667,209.254,348.318,463.514,155.638,40.524,13.106,6.255,3.022
2.42000,198.911,327.592,434.188,146.622,39.145,13.017,6.227,2.967
2.42333,188.689,306.844,404.935,137.645,37.750,12.766,6.174,2.962
2.42667,178.690,286.642,376.124,128.814,36.297,12.649,6.130,2.884
2.43000,168.861,266.964,348.191,120.388,34.962,12.630,6.070,2.851
2.43333,159.689,248.019,321.427,112.256,33.675,12.440,6.004,2.834
2.43667,150.830,230.275,296.062,104.509,32.462,12.322,5.936,2.846
2.44000,142.547,213.476,272.159,97.314,31.300,12.187,5.935,2.769
2.44333,134.930,197.802,249.973,90.498,30.224,12.118,5.915,2.821
2.44667,127.712,183.330,229.247,84.322,29.237,12.005,5.914,2.744
2.45000,121.184,170.091,210.318,78.581,28.344,11.878,5.808,2.803
2.45333,115.277,158.027,192.977,73.311,27.612,11.820,5.781,2.732
2.45667,109.910,146.935,177.279,68.675,26.799,11.780,5.779,2.709
2.46000,105.004,137.033,163.082,64.438,26.114,11.726,5.686,2.777
2.46333,100.632,128.118,150.191,60.582,25.428,11.641,5.662,2.787
2.46667,96.732,120.082,138.713,57.075,24.957,11.638,5.659,2.691
2.47000,93.232,112.859,128.555,54.031,24.505,11.602,5.679,2.677
2.47333,90.165,106.471,119.321,51.291,24.087,11.560,5.734,2.656
2.47667,87.437,100.806,111.135,48.808,23.741,11.470,5.745,2.692
2.48000,84.914,95.752,103.882,46.708,23.374,11.500,5.704,2.701
2.48333,82.785,91.272,97.514,44.757,23.110,11.490,5.676,2.755
2.48667,80.893,87.431,91.886,43.038,22.874,11.449,5.664,2.750
2.49000,79.199,83.871,86.778,41.539,22.653,11.484,5.644,2.661
2.49333,77.757,80.767,82.378,40.335,22.438,11.386,5.664,2.672
2.49667,76.419,78.073,78.456,39.078,22.223,11.486,5.588,2.699
2.50000,75.280,75.612,74.998,38.036,22.188,11.443,5.606,2.650
2.50333,74.325,73.563,72.028,37.186,21.988,11.400,5.604,2.645
2.50667,73.430,71.654,69.264,36.417,21.901,11.412,5.624,2.656
2.51000,72.695,70.124,66.903,35.718,21.733,11.441,5.633,2.670
2.51333,72.071,68.653,64.832,35.052,21.705,11.454,5.648,2.643
2.51667,71.451,67.408,62.944,34.651,21.661,11.403,5.628,2.599
2.52000,70.913,66.301,61.467,34.096,21.558,11.461,5.615,2.685
2.52333,70.587,65.345,60.027,33.696,21.485,11.463,5.685,2.632
2.52667,70.177,64.542,58.717,33.349,21.513,11.410,5.701,2.641
2.53000,69.852,63.756,57.652,33.036,21.467,11.477,5.621,2.667
2.53333,69.612,63.116,56.673,32.841,21.424,11.450,5.667,2.736
2.53667,69.350,62.594,55.851,32.568,21.467,11.485,5.662,2.635
2.54000,69.132,62.061,55.154,32.362,21.441,11.453,5.732,2.660
2.54333,69.066,61.684,54.459,32.201,21.350,11.502,5.659,2.684
2.54667,68.912,61.310,53.918,32.048,21.387,11.478,5.697,2.695
2.55000,68.800,60.942,53.477,31.919,21.443,11.543,5.772,2.710
2.55333,68.661,60.763,53.032,31.761,21.399,11.456,5.699,2.713
2.55667,68.613,60.505,52.664,31.773,21.392,11.501,5.697,2.688
2.56000,68.563,60.318,52.350,31.635,21.434,11.580,5.764,2.693
2.56333,68.558,60.203,52.086,31.553,21.464,11.631,5.688,2.675
2.56667,68.608,60.018,51.875,31.537,21.376,11.614,5.805,2.737
2.57000,68.532,59.934,51.752,31.499,21.468,11.513,5.757,2.781
2.57333,68.548,59.779,51.467,31.430,21.525,11.597,5.741,2.659
2.57667,68.564,59.793,51.299,31.413,21.481,11.604,5.808,2.796
2.58000,68.570,59.748,51.200,31.448,21.446,11.518,5.807,2.745
2.58333,68.559,59.677,51.145,31.397,21.516,11.665,5.788,2.671
2.58667,68.641,59.640,51.051,31.392,21.556,11.625,5.703,2.763
2.59000,68.697,59.633,50.945,31.453,21.499,11.630,5.787,2.699
2.59333,68.764,59.586,51.033,31.409,21.532,11.639,5.837,2.717
2.59667,68.825,59.689,50.920,31.486,21.613,11.734,5.789,2.769
2.60000,68.780,59.647,50.834,31.375,21.546,11.685,5.778,2.767
2.60333,68.887,59.619,50.869,31.404,21.671,11.732,5.866,2.727
2.60667,68.946,59.698,50.833,31.421,21.626,11.758,5.811,2.704
2.61000,69.032,59.684,50.919,31.434,21.645,11.753,5.828,2.706
2.61333,69.033,59.775,50.903,31.512,21.644,11.726,5.833,2.746
2.61667,69.171,59.804,50.929,31.473,21.714,11.767,5.843,2.766
2.62000,69.245,59.840,50.914,31.583,21.767,11.739,5.875,2.753
2.62333,69.283,59.905,50.951,31.517,21.703,11.843,5.891,2.803
2.62667,69.379,59.954,50.992,31.601,21.759,11.815,5.931,2.755
2.63000,69.419,59.986,50.989,31.568,21.791,11.842,5.914,2.769
2.63333,69.513,60.052,51.040,31.669,21.803,11.825,5.961,2.728
2.63667,69.588,60.085,51.069,31.672,21.855,11.899,5.933,2.805
2.64000,69.681,60.149,51.114,31.703,21.930,11.902,5.891,2.779
2.64333,69.707,60.227,51.128,31.753,21.917,11.861,5.889,2.775
2.64667,69.791,60.229,51.155,31.851,21.959,11.816,5.929,2.820
2.65000,69.934,60.419,51.306,31.827,21.940,11.919,5.901,2.774
2.65333,69.917,60.454,51.356,31.866,21.974,12.011,5.945,2.888
2.65667,70.114,60.508,51.374,31.880,22.000,11.922,5.951,2.765
2.66000,70.186,60.575,51.340,31.898,22.045,11.901,5.931,2.806
2.66333,70.258,60.585,51.468,31.965,22.078,11.930,5.957,2.759
2.66667,70.267,60.701,51.508,32.017,22.088,11.967,5.925,2.815
2.67000,70.394,60.721,51.594,32.041,22.080,12.003,5.993,2.850
2.67333,70.403,60.841,51.611,32.058,22.116,11.952,5.935,2.795
2.67667,70.570,60.901,51.715,32.081,22.122,11.996,5.918,2.845
2.68000,70.604,60.933,51.745,32.181,22.213,12.019,5.978,2.817
2.68333,70.692,61.009,51.811,32.125,22.217,12.054,6.002,2.842
2.68667,70.778,61.112,51.896,32.152,22.187,11.993,6.002,2.899
2.69000,70.830,61.076,51.978,32.304,22.284,12.100,5.923,2.802
2.69333,70.994,61.248,52.021,32.245,22.237,12.088,5.977,2.828
2.69667,71.026,61.283,52.098,32.294,22.205,12.094,5.997,2.860
2.70000,71.119,61.339,52.144,32.349,22.363,12.081,5.997,2.844
2.70333,71.207,61.474,52.201,32.377,22.350,12.173,6.049,2.876
2.70667,71.321,61.600,52.257,32.512,22.410,12.131,6.098,2.838
2.71000,71.434,61.602,52.302,32.437,22.385,12.130,6.134,2.875
2.71333,71.462,61.711,52.313,32.477,22.427,12.166,6.076,2.850
2.71667,71.492,61.719,52.426,32.539,22.468,12.199,6.055,2.855
2.72000,71.651,61.828,52.477,32.587,22.482,12.159,5.982,2.896
2.72333,71.772,61.861,52.570,32.683,22.535,12.215,6.077,2.881
2.72667,71.740,61.927,52.533,32.611,22.536,12.242,6.121,2.867
2.73000,71.888,62.018,52.682,32.741,22.571,12.205,6.090,2.865
2.73333,71.993,62.079,52.708,32.691,22.524,12.244,6.059,2.853
2.73667,72.038,62.174,52.793,32.776,22.550,12.244,6.027,2.871
2.74000,72.144,62.262,52.793,32.869,22.675,12.240,6.171,2.818
2.74333,72.159,62.392,52.886,32.842,22.640,12.327,6.171,2.966
2.74667,72.358,62.333,53.011,32.951,22.654,12.327,6.178,2.879
2.75000,72.410,62.515,53.008,32.886,22.755,12.317,6.095,2.928
2.75333,72.523,62.470,53.103,33.009,22.733,12.374,6.177,2.897
2.75667,72.533,62.566,53.138,32.955,22.819,12.321,6.121,2.903
2.76000,72.667,62.722,53.178,33.094,22.790,12.347,6.129,2.885
2.76333,72.780,62.834,53.293,33.127,22.809,12.386,6.155,2.909
2.76667,72.893,62.793,53.350,33.111,22.828,12.415,6.164,2.944
2.77000,72.904,62.877,53.349,33.208,22.906,12.454,6.189,2.908
2.77333,72.983,63.002,53.500,33.186,22.926,12.370,6.215,2.930
2.77667,73.104,63.032,53.523,33.238,22.931,12.458,6.255,2.906
2.78000,73.230,63.128,53.553,33.298,22.941,12.470,6.161,2.918
2.78333,73.247,63.247,53.676,33.430,22.994,12.536,6.239,2.947
2.78667,73.442,63.249,53.711,33.414,23.031,12.449,6.230,2.904
2.79000,73.513,63.351,53.755,33.430,23.053,12.527,6.277,2.905
2.79333,73.535,63.412,53.883,33.397,23.026,12.580,6.249,2.940
2.79667,73.599,63.478,53.946,33.496,23.009,12.613,6.222,2.921
2.80000,73.643,63.637,53.958,33.528,23.111,12.495,6.237,2.997
2.80333,73.772,63.634,54.005,33.649,23.149,12.558,6.311,2.912
2.80667,73.776,63.688,54.092,33.603,23.167,12.553,6.349,2.948
2.81000,73.998,63.756,54.145,33.701,23.195,12.624,6.326,2.884
2.81333,74.049,63.874,54.219,33.695,23.170,12.558,6.223,3.036
2.81667,74.199,63.966,54.334,33.777,23.262,12.628,6.276,3.012
2.82000,74.199,64.076,54.423,33.819,23.269,12.646,6.333,3.043
2.82333,74.344,64.103,54.427,33.794,23.362,12.679,6.323,2.980
2.82667,74.441,64.179,54.484,33.831,23.323,12.678,6.387,3.000
2.83000,74.528,64.277,54.531,33.905,23.322,12.650,6.382,2.937
2.83333,74.633,64.353,54.672,33.977,23.394,12.731,6.293,3.021
2.83667,74.700,64.429,54.664,33.960,23.390,12.647,6.391,2.995
2.84000,74.828,64.510,54.723,34.027,23.421,12.752,6.383,3.007
2.84333,74.830,64.561,54.793,34.087,23.434,12.753,6.395,2.955
2.84667,74.972,64.644,54.880,34.077,23.462,12.737,6.370,2.967
2.85000,75.045,64.739,54.979,34.073,23.502,12.703,6.436,3.005
2.85333,75.136,64.818,55.021,34.129,23.567,12.809,6.388,3.045
2.85667,75.272,64.908,55.039,34.242,23.632,12.735,6.341,3.063
2.86000,75.297,64.971,55.152,34.216,23.670,12.756,6.385,3.034
2.86333,75.371,65.022,55.185,34.278,23.636,12.887,6.480,3.002
2.86667,75.485,65.063,55.258,34.369,23.651,12.873,6.527,2.997
2.87000,75.566,65.185,55.326,34.363,23.676,12.836,6.441,3.060
2.87333,75.671,65.248,55.319,34.440,23.694,12.906,6.427,3.036
2.87667,75.772,65.352,55.417,34.490,23.744,12.895,6.440,3.037
2.88000,75.822,65.445,55.501,34.527,23.813,12.895,6.521,3.041
2.88333,75.886,65.532,55.529,34.493,23.754,12.830,6.486,3.059
2.88667,76.025,65.591,55.675,34.555,23.842,12.980,6.479,3.054
2.89000,76.150,65.712,55.733,34.625,23.862,12.978,6.449,3.044
2.89333,76.141,65.750,55.780,34.596,23.844,12.958,6.530,3.045
2.89667,76.286,65.803,55.786,34.722,23.917,12.980,6.587,3.023
2.90000,76.334,65.881,55.901,34.776,23.951,12.901,6.512,3.075
2.90333,76.476,66.001,55.989,34.773,23.998,13.019,6.527,3.087
2.90667,76.579,65.964,56.006,34.843,23.963,13.010,6.540,3.109
2.91000,76.720,66.171,56.065,34.899,23.971,13.070,6.520,3.035
2.91333,76.787,66.198,56.198,34.945,23.995,13.102,6.530,3.125
2.91667,76.796,66.284,56.268,35.022,24.095,13.079,6.533,3.069
2.92000,76.933,66.326,56.301,35.028,24.110,13.129,6.579,3.128
2.92333,77.040,66.469,56.398,35.004,24.142,13.072,6.570,3.068
2.92667,77.129,66.498,56.437,35.075,24.201,13.084,6.575,3.078
2.93000,77.236,66.622,56.519,35.116,24.213,13.131,6.612,3.121
2.93333,77.288,66.640,56.510,35.153,24.194,13.157,6.616,3.084
2.93667,77.388,66.781,56.653,35.223,24.222,13.078,6.665,3.124
2.94000,77.534,66.853,56.729,35.206,24.245,13.101,6.607,3.144
2.94333,77.611,66.857,56.778,35.241,24.281,13.138,6.610,3.126
2.94667,77.747,66.944,56.915,35.276,24.311,13.206,6.610,3.168
2.95000,77.686,67.053,56.895,35.347,24.336,13.227,6.667,3.066
2.95333,77.885,67.118,56.996,35.422,24.434,13.200,6.659,3.168
2.95667,77.995,67.241,57.066,35.425,24.409,13.181,6.691,3.091
2.96000,78.067,67.313,57.152,35.496,24.408,13.289,6.678,3.166
2.96333,78.129,67.381,57.149,35.537,24.425,13.263,6.655,3.082
2.96667,78.276,67.488,57.263,35.552,24.419,13.340,6.585,3.130
2.97000,78.401,67.530,57.306,35.654,24.558,13.279,6.713,3.087
2.97333,78.397,67.611,57.375,35.712,24.580,13.320,6.677,3.114
2.97667,78.548,67.718,57.442,35.698,24.537,13.339,6.676,3.183
2.98000,78.651,67.833,57.444,35.686,24.597,13.399,6.710,3.119
2.98333,78.740,67.848,57.528,35.787,24.661,13.395,6.740,3.151
2.98667,78.828,67.913,57.668,35.836,24.679,13.358,6.752,3.159
2.99000,78.874,68.009,57.728,35.927,24.709,13.419,6.809,3.135
2.99333,78.993,68.063,57.763,35.888,24.653,13.431,6.761,3.096
2.99667,79.040,68.232,57.867,35.971,24.751,13.417,6.767,3.146
3.00000,79.179,68.276,57.901,36.007,24.821,13.451,6.779,3.153
3.00333,79.269,68.324,58.029,36.056,24.771,13.485,6.711,3.183
3.00667,79.408,68.429,58.045,36.094,24.820,13.521,6.727,3.202
3.01000,79.469,68.482,58.180,36.074,24.842,13.499,6.794,3.204
3.01333,79.530,68.552,58.173,36.187,24.916,13.555,6.859,3.165
3.01667,79.601,68.636,58.282,36.195,24.901,13.552,6.814,3.182
3.02000,79.795,68.764,58.290,36.265,24.965,13.621,6.830,3.202
3.02333,79.848,68.848,58.420,36.213,24.944,13.520,6.819,3.222
3.02667,79.915,68.931,58.462,36.293,24.980,13.582,6.863,3.177
3.03000,80.055,69.075,58.577,36.419,25.031,13.574,6.823,3.241
3.03333,80.161,69.076,58.539,36.411,25.045,13.611,6.841,3.237
3.03667,80.183,69.083,58.722,36.480,25.062,13.627,6.854,3.211
3.04000,80.327,69.280,58.690,36.455,25.066,13.593,6.900,3.247
3.04333,80.348,69.333,58.798,36.570,25.087,13.634,6.935,3.242
3.04667,80.477,69.395,58.856,36.659,25.172,13.652,6.844,3.240
3.05000,80.642,69.453,58.874,36.682,25.177,13.678,6.965,3.240
3.05333,80.681,69.482,59.040,36.700,25.192,13.754,6.924,3.240
3.05667,80.799,69.678,59.080,36.775,25.256,13.695,6.900,3.216
3.06000,80.862,69.741,59.112,36.781,25.209,13.756,6.953,3.220
3.06333,80.970,69.809,59.191,36.832,25.306,13.827,6.937,3.197
3.06667,81.046,69.868,59.295,36.866,25.294,13.838,6.963,3.201
3.07000,81.168,70.044,59.345,36.929,25.349,13.742,7.016,3.286
3.07333,81.332,70.061,59.447,37.008,25.358,13.755,6.977,3.223
3.07667,81.326,70.141,59.525,36.975,25.363,13.806,7.004,3.230
3.08000,81.420,70.172,59.552,37.023,25.461,13.871,6.924,3.309
3.08333,81.567,70.302,59.617,37.005,25.462,13.842,7.014,3.214
3.08667,81.688,70.323,59.705,37.079,25.506,13.911,6.989,3.255
3.09000,81.767,70.464,59.725,37.126,25.565,13.895,7.003,3.234
3.09333,81.852,70.526,59.794,37.247,25.598,13.911,6.997,3.204
3.09667,81.967,70.673,59.942,37.255,25.611,13.895,7.033,3.234
3.10000,81.997,70.728,59.917,37.304,25.630,13.905,6.981,3.305
3.10333,82.131,70.752,60.012,37.361,25.691,13.884,7.070,3.332
3.10667,82.231,70.922,60.120,37.348,25.644,13.970,7.029,3.309
3.11000,82.264,71.011,60.141,37.465,25.694,13.923,7.075,3.317
3.11333,82.353,71.086,60.285,37.452,25.798,14.004,7.044,3.344
3.11667,82.501,71.117,60.293,37.557,25.704,13.980,7.008,3.291
3.12000,82.636,71.198,60.388,37.520,25.785,14.014,7.068,3.316
3.12333,82.756,71.223,60.426,37.617,25.742,14.059,7.075,3.374
3.12667,82.782,71.368,60.544,37.643,25.890,14.035,7.138,3.254
3.13000,82.916,71.472,60.606,37.724,25.876,14.019,7.115,3.265
3.13333,83.020,71.555,60.645,37.681,25.871,14.077,7.086,3.287
3.13667,83.181,71.649,60.726,37.804,25.976,14.115,7.173,3.378
3.14000,83.229,71.758,60.802,37.774,26.034,14.060,7.133,3.350
3.14333,83.301,71.803,60.874,37.880,25.961,14.122,7.142,3.337
3.14667,83.374,71.877,60.960,37.948,26.068,14.167,7.166,3.303
3.15000,83.501,71.942,61.033,37.963,26.025,14.154,7.139,3.331
3.15333,83.544,72.069,61.078,38.006,25.992,14.233,7.181,3.347
3.15667,83.706,72.120,61.280,37.998,26.113,14.226,7.156,3.309
3.16000,83.774,72.178,61.214,38.017,26.135,14.200,7.215,3.328
3.16333,83.874,72.312,61.353,38.057,26.188,14.174,7.196,3.343
3.16667,84.019,72.320,61.378,38.199,26.225,14.180,7.165,3.342
3.17000,84.096,72.472,61.435,38.266,26.285,14.292,7.273,3.399
3.17333,84.169,72.550,61.506,38.232,26.270,14.251,7.214,3.408
3.17667,84.278,72.638,61.629,38.285,26.288,14.347,7.181,3.369
3.18000,84.363,72.728,61.726,38.277,26.322,14.341,7.219,3.335
3.18333,84.475,72.887,61.706,38.383,26.354,14.310,7.289,3.418
3.18667,84.568,72.926,61.811,38.406,26.453,14.351,7.238,3.409
3.19000,84.650,73.013,61.911,38.447,26.384,14.383,7.284,3.316
3.19333,84.753,73.063,61.985,38.551,26.494,14.407,7.308,3.396
3.19667,84.834,73.115,61.958,38.623,26.387,14.403,7.272,3.358
3.20000,84.977,73.246,62.090,38.603,26.439,14.397,7.259,3.430
3.20333,85.115,73.313,62.187,38.652,26.535,14.468,7.375,3.390
3.20667,85.186,73.457,62.233,38.657,26.587,14.474,7.349,3.384
3.21000,85.256,73.458,62.317,38.747,26.592,14.481,7.284,3.376
3.21333,85.352,73.577,62.405,38.829,26.600,14.511,7.324,3.460
3.21667,85.467,73.707,62.376,38.850,26.620,14.530,7.245,3.467
3.22000,85.560,73.721,62.535,38.908,26.689,14.486,7.370,3.420
3.22333,85.664,73.887,62.617,38.910,26.697,14.496,7.351,3.487
3.22667,85.794,73.870,62.615,39.001,26.688,14.534,7.383,3.382
3.23000,85.943,74.022,62.764,39.013,26.744,14.503,7.354,3.440
3.23333,86.023,74.071,62.807,39.103,26.785,14.541,7.387,3.367
3.23667,86.052,74.142,62.810,39.038,26.825,14.594,7.351,3.439
3.24000,86.190,74.266,62.888,39.181,26.883,14.673,7.430,3.416
3.24333,86.279,74.332,62.980,39.252,26.866,14.623,7.380,3.399
3.24667,86.393,74.418,63.148,39.243,26.951,14.629,7.408,3.444
3.25000,86.458,74.519,63.182,39.272,26.969,14.701,7.412,3.422
3.25333,86.616,74.638,63.230,39.322,26.972,14.702,7.380,3.524
3.25667,86.672,74.676,63.325,39.493,26.956,14.758,7.448,3.503
3.26000,86.799,74.739,63.454,39.445,26.992,14.689,7.531,3.489
3.26333,86.875,74.831,63.472,39.518,27.094,14.750,7.432,3.460
3.26667,86.926,74.988,63.539,39.623,27.132,14.687,7.492,3.500
3.27000,87.061,75.051,63.611,39.589,27.134,14.724,7.453,3.500
3.27333,87.228,75.077,63.734,39.658,27.204,14.821,7.438,3.488
3.27667,87.353,75.151,63.725,39.643,27.254,14.870,7.518,3.478
3.28000,87.395,75.307,63.878,39.641,27.244,14.847,7.481,3.561
3.28333,87.545,75.350,63.856,39.725,27.261,14.813,7.521,3.568
3.28667,87.590,75.517,63.934,39.759,27.319,14.856,7.601,3.480
3.29000,87.729,75.581,64.067,39.837,27.359,14.918,7.556,3.457
3.29333,87.811,75.686,64.106,39.868,27.342,14.849,7.530,3.577
3.29667,87.953,75.686,64.219,39.963,27.446,14.957,7.542,3.525
3.30000,88.009,75.744,64.221,39.961,27.388,14.946,7.556,3.491
3.30333,88.118,75.886,64.338,39.988,27.432,14.928,7.617,3.491
3.30667,88.214,75.988,64.383,40.141,27.517,14.949,7.568,3.481
3.31000,88.294,76.061,64.516,40.150,27.514,14.976,7.622,3.515
3.31333,88.407,76.188,64.555,40.082,27.508,14.917,7.580,3.555
3.31667,88.514,76.254,64.618,40.238,27.616,15.063,7.602,3.524
3.32000,88.544,76.369,64.724,40.205,27.633,15.051,7.688,3.590
3.32333,88.722,76.367,64.812,40.285,27.639,15.026,7.668,3.526
3.32667,88.828,76.471,64.871,40.384,27.680,15.062,7.703,3.498
3.33000,88.938,76.542,64.934,40.381,27.693,15.105,7.654,3.617
3.33333,89.070,76.674,64.955,40.413,27.856,15.097,7.657,3.622
3.33667,89.133,76.823,65.120,40.495,27.758,15.117,7.586,3.559
3.34000,89.278,76.920,65.186,40.475,27.769,15.106,7.682,3.554
3.34333,89.304,76.952,65.256,40.634,27.853,15.064,7.650,3.532
3.34667,89.439,77.064,65.278,40.627,27.792,15.144,7.718,3.533
3.35000,89.659,77.179,65.391,40.686,27.833,15.125,7.699,3.549
3.35333,89.736,77.255,65.456,40.666,27.900,15.188,7.693,3.591
3.35667,89.788,77.324,65.514,40.772,27.916,15.249,7.743,3.566
3.36000,89.889,77.379,65.594,40.877,27.972,15.176,7.691,3.522
3.36333,89.945,77.491,65.638,40.834,28.044,15.235,7.756,3.608
3.36667,90.069,77.561,65.749,40.851,28.039,15.267,7.715,3.578
3.37000,90.171,77.641,65.887,40.968,28.051,15.250,7.717,3.657
3.37333,90.322,77.831,65.885,41.022,28.035,15.260,7.728,3.625
3.37667,90.395,77.786,66.002,41.058,28.169,15.351,7.767,3.634
3.38000,90.489,77.957,66.107,41.105,28.218,15.253,7.746,3.641
3.38333,90.598,78.051,66.152,41.188,28.143,15.289,7.705,3.622
3.38667,90.700,78.113,66.163,41.222,28.274,15.324,7.808,3.595
3.39000,90.770,78.179,66.301,41.294,28.196,15.403,7.764,3.585
3.39333,90.896,78.246,66.354,41.324,28.299,15.378,7.816,3.667
3.39667,91.087,78.331,66.461,41.341,28.286,15.437,7.846,3.611
3.40000,91.129,78.485,66.510,41.364,28.399,15.398,7.803,3.630
3.40333,91.245,78.537,66.583,41.464,28.398,15.380,7.921,3.633
3.40667,91.346,78.707,66.670,41.408,28.390,15.445,7.942,3.656
3.41000,91.424,78.729,66.735,41.533,28.449,15.446,7.852,3.684
3.41333,91.522,78.860,66.833,41.522,28.528,15.511,7.895,3.641
3.41667,91.660,78.912,66.963,41.632,28.420,15.476,7.887,3.622
3.42000,91.739,79.068,67.025,41.674,28.545,15.480,7.895,3.668
3.42333,91.854,79.155,67.070,41.706,28.561,15.599,7.815,3.634
3.42667,91.973,79.198,67.120,41.780,28.637,15.526,7.906,3.677
3.43000,92.029,79.295,67.241,41.806,28.617,15.569,7.939,3.676
3.43333,92.189,79.407,67.244,41.835,28.706,15.592,7.920,3.727
3.43667,92.283,79.485,67.371,41.938,28.716,15.616,7.984,3.687
3.44000,92.311,79.542,67.429,41.967,28.719,15.594,8.012,3.691
3.44333,92.547,79.618,67.570,41.998,28.773,15.752,7.994,3.671
3.44667,92.607,79.797,67.540,42.096,28.769,15.708,8.016,3.708
3.45000,92.679,79.813,67.686,42.128,28.820,15.679,8.025,3.724
3.45333,92.772,79.928,67.732,42.145,28.850,15.703,8.002,3.724
3.45667,92.901,80.008,67.774,42.170,28.850,15.692,7.995,3.766
3.46000,93.004,80.125,67.863,42.199,28.977,15.765,8.000,3.684
3.46333,93.141,80.175,67.941,42.236,28.955,15.733,8.007,3.705
3.46667,93.302,80.271,68.093,42.311,28.997,15.783,8.047,3.782
3.47000,93.384,80.268,68.151,42.420,28.978,15.769,7.997,3.710
3.47333,93.456,80.559,68.241,42.483,29.053,15.810,8.043,3.751
3.47667,93.643,80.583,68.246,42.499,29.064,15.841,8.064,3.731
3.48000,93.661,80.644,68.361,42.517,29.088,15.874,8.027,3.761
3.48333,93.801,80.730,68.458,42.560,29.102,15.888,8.113,3.730
3.48667,93.873,80.844,68.522,42.653,29.188,15.923,8.123,3.708
3.49000,93.970,81.007,68.642,42.673,29.223,15.875,8.123,3.713
3.49333,94.104,81.051,68.683,42.693,29.215,15.977,8.110,3.802
3.49667,94.187,81.075,68.774,42.783,29.297,15.965,8.165,3.773
3.50000,94.323,81.212,68.821,42.786,29.280,15.936,8.147,3.809
3.50333,94.412,81.340,68.835,42.852,29.375,16.050,8.135,3.756
3.50667,94.535,81.421,68.990,42.857,29.360,15.938,8.167,3.783
3.51000,94.636,81.462,69.030,42.982,29.403,16.090,8.215,3.787
3.51333,94.722,81.566,69.103,43.030,29.470,15.961,8.116,3.707
3.51667,94.821,81.629,69.221,43.037,29.517,16.067,8.090,3.827
3.52000,94.912,81.795,69.299,43.152,29.467,16.056,8.214,3.839
3.52333,95.061,81.887,69.356,43.237,29.571,16.036,8.241,3.751
3.52667,95.172,81.950,69.403,43.233,29.509,16.042,8.192,3.790
3.53000,95.158,82.033,69.499,43.271,29.555,16.132,8.233,3.741
3.53333,95.408,82.137,69.614,43.310,29.590,16.138,8.272,3.821
3.53667,95.459,82.228,69.707,43.361,29.674,16.218,8.295,3.808
3.54000,95.635,82.314,69.746,43.406,29.763,16.131,8.306,3.809
3.54333,95.690,82.384,69.799,43.422,29.731,16.193,8.284,3.862
3.54667,95.852,82.498,69.858,43.508,29.795,16.200,8.299,3.876
3.55000,95.934,82.609,69.978,43.639,29.794,16.289,8.311,3.848
3.55333,96.065,82.657,70.064,43.563,29.840,16.220,8.302,3.854
3.55667,96.150,82.828,70.117,43.590,29.966,16.290,8.328,3.853
3.56000,96.242,82.934,70.210,43.643,29.862,16.226,8.326,3.783
3.56333,96.357,82.968,70.323,43.766,29.988,16.278,8.306,3.883
3.56667,96.463,83.009,70.416,43.741,29.977,16.350,8.327,3.843
3.57000,96.607,83.141,70.447,43.829,30.046,16.348,8.326,3.843
3.57333,96.696,83.214,70.471,43.895,30.044,16.375,8.383,3.901
3.57667,96.789,83.313,70.612,43.955,30.093,16.393,8.358,3.901
3.58000,96.902,83.342,70.730,44.017,30.077,16.348,8.372,3.918
3.58333,96.949,83.579,70.768,44.013,30.147,16.365,8.374,3.934
3.58667,97.075,83.627,70.849,44.109,30.109,16.449,8.348,3.880
3.59000,97.203,83.703,70.860,44.114,30.196,16.411,8.390,3.932
3.59333,97.330,83.789,70.973,44.241,30.180,16.412,8.345,3.846
3.59667,97.469,83.964,71.042,44.245,30.179,16.480,8.365,3.889
3.60000,97.629,83.932,71.177,44.269,30.242,16.477,8.465,3.842
3.60333,97.741,84.095,71.175,44.311,30.378,16.474,8.489,3.904
3.60667,97.782,84.216,71.344,44.424,30.367,16.566,8.440,3.903
3.61000,97.886,84.280,71.447,44.483,30.392,16.509,8.508,3.825
3.61333,97.999,84.273,71.435,44.508,30.444,16.492,8.453,3.927
3.61667,98.122,84.434,71.578,44.603,30.440,16.596,8.460,3.944
3.62000,98.278,84.581,71.655,44.552,30.481,16.598,8.481,3.988
3.62333,98.316,84.613,71.718,44.677,30.571,16.612,8.505,3.957
3.62667,98.485,84.793,71.783,44.716,30.512,16.587,8.473,3.905
3.63000,98.523,84.814,71.837,44.675,30.596,16.680,8.503,3.880
3.63333,98.697,84.963,71.979,44.805,30.627,16.697,8.576,3.983
3.63667,98.791,85.036,72.031,44.887,30.683,16.734,8.531,3.886
3.64000,98.911,85.111,72.146,44.886,30.687,16.780,8.540,3.949
3.64333,98.977,85.183,72.213,44.950,30.715,16.749,8.622,3.971
3.64667,99.040,85.368,72.277,44.959,30.743,16.742,8.571,3.927
3.65000,99.203,85.430,72.368,44.990,30.779,16.746,8.605,3.995
3.65333,99.283,85.462,72.458,45.136,30.818,16.773,8.576,3.951
3.65667,99.499,85.593,72.504,45.195,30.813,16.731,8.563,4.019
3.66000,99.505,85.686,72.574,45.218,30.851,16.756,8.637,4.058
3.66333,99.732,85.786,72.645,45.233,30.943,16.792,8.559,4.012
3.66667,99.865,85.924,72.720,45.327,30.969,16.862,8.629,3.966
3.67000,99.829,85.916,72.853,45.328,30.999,16.853,8.683,4.021
3.67333,100.063,86.099,72.886,45.321,30.987,16.929,8.701,4.034
3.67667,100.156,86.240,73.005,45.491,31.091,16.902,8.685,4.089
3.68000,100.191,86.305,73.058,45.510,31.068,16.896,8.657,4.056
3.68333,100.375,86.377,73.175,45.487,31.084,16.988,8.656,4.070
3.68667,100.455,86.473,73.228,45.619,31.103,16.990,8.687,4.056
3.69000,100.578,86.650,73.272,45.671,31.169,17.000,8.715,4.011
3.69333,100.685,86.648,73.409,45.720,31.243,16.999,8.656,4.006
3.69667,100.783,86.700,73.408,45.712,31.282,17.045,8.733,4.014
3.70000,100.874,86.817,73.499,45.849,31.254,17.096,8.654,3.991
3.70333,101.016,86.921,73.634,45.842,31.382,17.138,8.726,4.020
3.70667,101.116,86.983,73.726,45.875,31.378,17.085,8.790,4.096
3.71000,101.257,87.143,73.844,45.963,31.388,17.095,8.735,4.078
3.71333,101.372,87.150,73.904,45.964,31.389,17.128,8.754,4.051
3.71667,101.472,87.272,73.940,46.037,31.445,17.122,8.798,4.128
3.72000,101.564,87.355,74.062,46.135,31.474,17.130,8.757,4.104
3.72333,101.657,87.499,74.082,46.122,31.527,17.213,8.787,4.083
3.72667,101.829,87.624,74.165,46.174,31.537,17.157,8.792,4.029
3.73000,101.888,87.751,74.261,46.266,31.597,17.198,8.780,4.090
3.73333,102.088,87.765,74.398,46.324,31.609,17.288,8.816,4.083
3.73667,102.184,87.815,74.379,46.416,31.695,17.255,8.913,4.079
3.74000,102.196,88.051,74.548,46.400,31.742,17.286,8.871,4.128
3.74333,102.340,88.049,74.595,46.423,31.769,17.282,8.866,4.088
3.74667,102.447,88.160,74.695,46.475,31.776,17.336,8.937,4.113
3.75000,102.600,88.305,74.768,46.474,31.824,17.348,8.801,4.087
3.75333,102.705,88.384,74.850,46.622,31.788,17.389,8.886,4.144
3.75667,102.818,88.506,74.955,46.607,31.842,17.380,8.915,4.121
3.76000,102.902,88.578,75.029,46.679,31.878,17.385,8.914,4.089
3.76333,102.983,88.727,75.075,46.756,31.919,17.364,8.906,4.143
3.76667,103.133,88.790,75.229,46.845,31.972,17.474,8.950,4.150
3.77000,103.205,88.832,75.250,46.892,31.977,17.459,8.896,4.132
3.77333,103.337,88.937,75.358,46.908,32.043,17.458,8.901,4.201
3.77667,103.438,89.044,75.395,46.959,32.060,17.469,8.935,4.056
3.78000,103.605,89.126,75.512,46.997,32.117,17.531,9.004,4.155
3.78333,103.663,89.266,75.608,47.068,32.108,17.485,8.999,4.198
3.78667,103.824,89.366,75.751,47.063,32.165,17.571,9.003,4.127
3.79000,103.946,89.500,75.729,47.232,32.233,17.539,9.068,4.225
3.79333,104.082,89.534,75.880,47.231,32.210,17.592,8.998,4.150
3.79667,104.183,89.574,75.890,47.238,32.312,17.596,9.064,4.198
3.80000,104.341,89.755,76.041,47.328,32.339,17.590,9.053,4.184
3.80333,104.368,89.797,76.093,47.379,32.370,17.618,9.007,4.168
3.80667,104.500,89.930,76.154,47.381,32.369,17.680,9.050,4.188
3.81000,104.663,89.981,76.219,47.446,32.396,17.681,9.133,4.175
3.81333,104.789,90.155,76.314,47.490,32.456,17.705,9.048,4.205
3.81667,104.792,90.236,76.413,47.565,32.464,17.723,9.016,4.217
3.82000,104.915,90.341,76.549,47.629,32.500,17.802,9.155,4.205
3.82333,105.083,90.454,76.602,47.655,32.540,17.719,9.094,4.239
3.82667,105.181,90.513,76.611,47.692,32.585,17.794,9.104,4.175
3.83000,105.267,90.588,76.736,47.813,32.699,17.755,9.120,4.205
3.83333,105.422,90.629,76.805,47.809,32.652,17.805,9.097,4.267
3.83667,105.548,90.875,76.954,47.909,32.733,17.820,9.142,4.193
3.84000,105.664,90.909,76.947,47.887,32.751,17.785,9.186,4.212
3.84333,105.759,90.982,77.073,47.982,32.741,17.830,9.105,4.254
3.84667,105.781,91.102,77.124,48.088,32.775,17.883,9.145,4.228
3.85000,105.994,91.160,77.235,48.130,32.821,17.905,9.259,4.269
3.85333,106.094,91.296,77.281,48.190,32.874,17.966,9.215,4.233
3.85667,106.202,91.321,77.343,48.229,32.875,17.918,9.221,4.290
3.86000,106.333,91.481,77.425,48.274,32.994,17.977,9.242,4.215
3.86333,106.468,91.573,77.541,48.329,32.927,17.946,9.246,4.305
3.86667,106.511,91.677,77.617,48.443,32.946,18.011,9.345,4.270
3.87000,106.699,91.801,77.716,48.433,33.056,17.989,9.311,4.336
3.87333,106.775,91.866,77.768,48.431,33.053,18.028,9.320,4.282
3.87667,106.896,92.029,77.851,48.516,33.127,18.051,9.281,4.299
3.88000,107.019,92.092,77.986,48.552,33.116,18.069,9.250,4.187
3.88333,107.111,92.178,78.010,48.651,33.136,18.090,9.328,4.264
3.88667,107.288,92.296,78.154,48.652,33.214,18.094,9.317,4.288
3.89000,107.308,92.363,78.218,48.669,33.206,18.090,9.276,4.262
3.89333,107.481,92.477,78.313,48.778,33.272,18.166,9.370,4.313
3.89667,107.695,92.606,78.390,48.823,33.265,18.205,9.318,4.327
3.90000,107.760,92.642,78.487,48.893,33.401,18.212,9.311,4.303
3.90333,107.803,92.732,78.495,48.928,33.365,18.211,9.416,4.322
3.90667,107.936,92.854,78.634,48.941,33.507,18.203,9.363,4.354
3.91000,108.101,92.987,78.760,49.035,33.485,18.257,9.382,4.337
3.91333,108.194,93.068,78.793,49.098,33.493,18.307,9.414,4.310
3.91667,108.285,93.116,78.875,49.088,33.609,18.289,9.429,4.367
3.92000,108.383,93.318,78.970,49.141,33.560,18.324,9.395,4.363
3.92333,108.517,93.301,79.088,49.252,33.584,18.320,9.357,4.328
3.92667,108.665,93.504,79.144,49.273,33.654,18.328,9.456,4.371
3.93000,108.771,93.564,79.241,49.369,33.689,18.372,9.417,4.344
3.93333,108.870,93.632,79.313,49.391,33.686,18.465,9.497,4.356
3.93667,109.030,93.831,79.401,49.438,33.712,18.403,9.466,4.341
3.94000,109.099,93.830,79.480,49.544,33.757,18.380,9.500,4.345
3.94333,109.166,93.942,79.615,49.538,33.847,18.426,9.489,4.318
3.94667,109.367,94.136,79.675,49.609,33.812,18.381,9.512,4.323
3.95000,109.471,94.195,79.767,49.639,33.826,18.426,9.511,4.352
3.95333,109.586,94.265,79.830,49.660,33.883,18.512,9.565,4.398
3.95667,109.749,94.350,79.902,49.770,33.951,18.516,9.507,4.424
3.96000,109.773,94.477,80.034,49.817,33.976,18.494,9.561,4.414
3.96333,109.978,94.552,80.073,49.890,33.973,18.560,9.538,4.369
3.96667,110.030,94.720,80.117,49.983,34.040,18.532,9.515,4.426
3.97000,110.162,94.787,80.219,50.022,34.020,18.609,9.586,4.463
3.97333,110.281,94.877,80.267,50.031,34.224,18.581,9.576,4.402
3.97667,110.380,94.961,80.488,50.035,34.175,18.569,9.635,4.435
3.98000,110.503,95.105,80.542,50.190,34.281,18.682,9.563,4.465
3.98333,110.597,95.200,80.600,50.148,34.210,18.625,9.572,4.402
3.98667,110.707,95.280,80.690,50.246,34.276,18.676,9.630,4.449
3.99000,110.847,95.380,80.760,50.350,34.246,18.703,9.637,4.451
3.99333,111.018,95.495,80.860,50.347,34.326,18.692,9.711,4.514
3.99667,111.100,95.599,80.920,50.414,34.335,18.774,9.676,4.443
4.00000,111.203,95.637,80.981,50.485,34.365,18.758,9.642,4.436
4.00333,111.304,95.751,81.106,50.472,34.454,18.879,9.675,4.549
4.00667,111.390,95.868,81.215,50.591,34.489,18.787,9.694,4.510
4.01000,111.631,95.952,81.178,50.660,34.540,18.780,9.696,4.448
4.01333,111.718,96.081,81.368,50.659,34.550,18.860,9.638,4.418
4.01667,111.857,96.228,81.414,50.697,34.501,18.875,9.682,4.536
4.02000,111.931,96.267,81.504,50.800,34.599,18.877,9.677,4.456
4.02333,112.062,96.354,81.609,50.841,34.710,18.882,9.713,4.494
4.02667,112.147,96.427,81.660,50.873,34.663,18.962,9.762,4.470
4.03000,112.313,96.578,81.720,50.884,34.678,18.964,9.704,4.497
4.03333,112.435,96.695,81.857,50.919,34.733,18.987,9.786,4.531
4.03667,112.534,96.842,82.003,51.102,34.833,18.988,9.722,4.508
4.04000,112.624,96.861,82.052,51.070,34.812,18.984,9.807,4.502
4.04333,112.701,96.886,82.061,51.183,34.902,19.017,9.780,4.468
4.04667,112.862,97.137,82.112,51.202,34.972,19.052,9.835,4.489
4.05000,112.969,97.128,82.290,51.289,34.910,19.042,9.817,4.541
4.05333,113.149,97.252,82.398,51.309,34.949,19.059,9.884,4.497
4.05667,113.259,97.420,82.451,51.370,35.013,19.126,9.811,4.543
4.06000,113.335,97.483,82.502,51.453,35.053,19.025,9.813,4.555
4.06333,113.429,97.619,82.672,51.462,35.094,19.144,9.827,4.488
4.06667,113.531,97.721,82.694,51.535,35.150,19.193,9.873,4.534
4.07000,113.684,97.764,82.831,51.564,35.188,19.162,9.897,4.586
4.07333,113.776,97.894,82.907,51.575,35.172,19.193,9.855,4.570
4.07667,113.944,97.960,82.968,51.658,35.179,19.218,9.884,4.633
4.08000,114.018,98.071,83.106,51.763,35.221,19.262,9.903,4.574
4.08333,114.197,98.199,83.075,51.763,35.309,19.238,9.876,4.639
4.08667,114.335,98.253,83.176,51.800,35.320,19.291,9.991,4.613
4.09000,114.399,98.408,83.282,51.838,35.414,19.287,9.964,4.610
4.09333,114.580,98.536,83.392,51.953,35.425,19.338,10.022,4.578
4.09667,114.625,98.660,83.484,52.006,35.388,19.281,9.987,4.580
4.10000,114.783,98.672,83.564,52.050,35.481,19.337,10.022,4.575
4.10333,114.889,98.853,83.655,52.099,35.541,19.337,10.001,4.608
4.10667,115.031,98.862,83.736,52.181,35.496,19.413,9.980,4.617
4.11000,115.154,99.072,83.785,52.230,35.545,19.394,9.966,4.615
4.11333,115.166,99.123,83.942,52.232,35.609,19.429,9.987,4.591
4.11667,115.401,99.239,84.034,52.332,35.660,19.479,10.032,4.629
4.12000,115.450,99.244,84.102,52.345,35.649,19.410,10.031,4.616
4.12333,115.614,99.412,84.192,52.440,35.718,19.488,10.052,4.654
4.12667,115.719,99.514,84.234,52.534,35.779,19.559,10.074,4.649
4.13000,115.824,99.565,84.306,52.548,35.745,19.529,10.145,4.618
4.13333,115.909,99.759,84.408,52.529,35.727,19.508,10.072,4.658
4.13667,116.110,99.768,84.454,52.675,35.868,19.547,10.091,4.686
4.14000,116.173,99.963,84.570,52.683,35.895,19.538,10.133,4.624
4.14333,116.314,100.014,84.693,52.705,35.876,19.594,10.175,4.619
4.14667,116.491,100.118,84.731,52.744,36.007,19.611,10.198,4.651
4.15000,116.553,100.206,84.847,52.960,35.964,19.652,10.103,4.631
4.15333,116.604,100.335,84.897,52.936,36.055,19.664,10.142,4.652
4.15667,116.717,100.453,84.982,52.901,36.083,19.647,10.107,4.701
4.16000,116.896,100.514,85.125,53.090,36.148,19.716,10.151,4.712
4.16333,117.021,100.682,85.243,53.121,36.162,19.758,10.165,4.664
4.16667,117.100,100.734,85.294,53.153,36.196,19.736,10.218,4.731
4.17000,117.268,100.844,85.357,53.201,36.219,19.795,10.297,4.712
4.17333,117.416,100.946,85.503,53.204,36.230,19.805,10.193,4.689
4.17667,117.431,100.996,85.611,53.258,36.287,19.774,10.232,4.705
4.18000,117.624,101.163,85.609,53.394,36.337,19.813,10.213,4.697
4.18333,117.762,101.229,85.669,53.344,36.358,19.809,10.205,4.660
4.18667,117.859,101.399,85.835,53.495,36.364,19.900,10.304,4.727
4.19000,117.922,101.472,85.834,53.526,36.426,19.946,10.280,4.688
4.19333,118.127,101.553,85.954,53.545,36.473,19.917,10.219,4.692
4.19667,118.237,101.665,86.051,53.617,36.504,19.868,10.330,4.721
4.20000,118.315,101.740,86.154,53.630,36.578,19.901,10.252,4.742
4.20333,118.511,101.868,86.267,53.712,36.629,19.940,10.321,4.711
4.20667,118.607,101.993,86.311,53.762,36.563,20.020,10.316,4.761
4.21000,118.645,102.075,86.444,53.853,36.661,20.016,10.317,4.757
4.21333,118.855,102.156,86.490,53.884,36.742,20.056,10.317,4.742
4.21667,118.931,102.276,86.589,53.916,36.685,20.095,10.318,4.783
4.22000,119.020,102.396,86.712,53.996,36.744,20.005,10.367,4.772
4.22333,119.176,102.464,86.740,54.032,36.713,20.079,10.374,4.772
4.22667,119.300,102.584,86.785,54.102,36.852,20.082,10.322,4.687
4.23000,119.410,102.666,86.897,54.183,36.848,20.181,10.376,4.800
4.23333,119.570,102.783,86.983,54.151,36.903,20.150,10.459,4.775
4.23667,119.692,102.907,87.090,54.279,36.897,20.174,10.446,4.808
4.24000,119.789,103.046,87.116,54.350,37.017,20.119,10.392,4.777
4.24333,119.896,103.163,87.335,54.408,37.022,20.173,10.414,4.802
4.24667,120.008,103.202,87.398,54.437,37.021,20.232,10.516,4.820
4.25000,120.136,103.306,87.336,54.455,37.117,20.206,10.458,4.890
4.25333,120.295,103.410,87.476,54.550,37.111,20.250,10.465,4.836
4.25667,120.442,103.573,87.647,54.561,37.125,20.254,10.535,4.818
4.26000,120.546,103.626,87.682,54.606,37.177,20.241,10.520,4.824
4.26333,120.626,103.704,87.841,54.758,37.283,20.318,10.531,4.875
4.26667,120.721,103.840,87.848,54.782,37.219,20.314,10.484,4.850
4.27000,120.874,103.915,87.956,54.841,37.247,20.403,10.449,4.828
4.27333,120.952,104.011,88.039,54.815,37.365,20.455,10.534,4.839
4.27667,121.031,104.105,88.147,54.904,37.423,20.400,10.615,4.851
4.28000,121.252,104.247,88.202,54.928,37.446,20.448,10.579,4.881
4.28333,121.364,104.325,88.352,55.076,37.504,20.409,10.533,4.833
4.28667,121.454,104.379,88.379,55.135,37.484,20.494,10.574,4.810
4.29000,121.616,104.527,88.465,55.155,37.520,20.496,10.556,4.884
4.29333,121.656,104.634,88.524,55.166,37.535,20.462,10.600,4.880
4.29667,121.852,104.731,88.757,55.179,37.619,20.536,10.630,4.918
4.30000,121.951,104.946,88.742,55.236,37.617,20.511,10.606,4.940
4.30333,122.087,104.940,88.894,55.369,37.728,20.562,10.616,4.902
4.30667,122.180,105.034,88.905,55.379,37.624,20.560,10.608,4.867
4.31000,122.306,105.155,89.006,55.414,37.746,20.528,10.689,4.942
4.31333,122.403,105.317,89.060,55.508,37.737,20.646,10.642,4.957
4.31667,122.556,105.331,89.210,55.542,37.829,20.659,10.705,4.950
4.32000,122.711,105.441,89.226,55.645,37.807,20.724,10.717,4.906
4.32333,122.766,105.651,89.387,55.643,37.865,20.710,10.704,4.909
4.32667,122.921,105.689,89.441,55.726,37.949,20.692,10.732,4.923
4.33000,123.025,105.784,89.531,55.842,37.900,20.736,10.691,4.959
4.33333,123.165,105.869,89.629,55.799,38.014,20.710,10.805,4.889
4.33667,123.278,106.004,89.681,55.848,38.045,20.837,10.708,4.894
4.34000,123.361,106.150,89.838,55.941,38.004,20.803,10.746,4.932
4.34333,123.546,106.238,89.823,55.975,38.100,20.786,10.811,4.953
4.34667,123.651,106.290,89.935,56.027,38.168,20.747,10.759,4.950
4.35000,123.717,106.374,90.017,56.146,38.117,20.855,10.785,5.030
4.35333,123.911,106.556,90.196,56.111,38.133,20.849,10.795,4.896
4.35667,123.965,106.666,90.270,56.270,38.243,20.879,10.781,4.969
4.36000,124.162,106.701,90.325,56.262,38.307,20.861,10.841,4.992
4.36333,124.239,106.839,90.378,56.325,38.281,20.959,10.809,4.961
4.36667,124.385,106.970,90.540,56.418,38.314,20.990,10.854,5.041
4.37000,124.553,107.019,90.633,56.499,38.434,20.943,10.807,4.944
4.37333,124.608,107.125,90.664,56.519,38.409,20.890,10.866,4.983
4.37667,124.796,107.212,90.716,56.521,38.489,20.932,10.860,4.958
4.38000,124.829,107.304,90.832,56.597,38.526,21.085,10.846,5.012
4.38333,125.077,107.461,90.862,56.701,38.578,21.051,10.984,5.031
4.38667,125.103,107.552,91.030,56.654,38.559,21.041,10.971,5.054
4.39000,125.269,107.679,91.135,56.766,38.646,21.095,10.924,4.963
4.39333,125.378,107.779,91.213,56.826,38.697,21.057,10.962,5.140
4.39667,125.469,107.863,91.251,56.817,38.698,21.120,10.967,5.023
4.40000,125.603,108.045,91.339,56.901,38.748,21.167,10.987,5.050
4.40333,125.714,108.129,91.472,57.046,38.797,21.167,10.986,5.009
4.40667,125.833,108.141,91.534,57.101,38.778,21.175,11.023,5.072
4.41000,126.004,108.285,91.618,57.163,38.873,21.199,11.056,5.076
4.41333,126.061,108.389,91.716,57.205,38.851,21.176,11.003,5.053
4.41667,126.233,108.535,91.775,57.191,38.915,21.309,11.003,5.035
4.42000,126.325,108.593,91.920,57.242,38.983,21.265,11.056,5.025
4.42333,126.514,108.726,92.000,57.275,38.992,21.256,11.061,5.100
4.42667,126.582,108.795,92.050,57.378,39.010,21.328,11.080,5.104
4.43000,126.702,108.935,92.157,57.386,39.034,21.317,11.036,5.066
4.43333,126.758,109.030,92.260,57.433,39.082,21.298,11.035,5.042
4.43667,126.936,109.134,92.335,57.532,39.136,21.306,11.025,5.106
4.44000,127.084,109.290,92.438,57.549,39.151,21.364,11.109,5.139
4.44333,127.166,109.384,92.510,57.710,39.218,21.412,11.072,5.130
4.44667,127.267,109.409,92.604,57.747,39.251,21.422,11.072,5.071
4.45000,127.427,109.504,92.652,57.736,39.250,21.416,11.154,5.081
4.45333,127.577,109.646,92.753,57.902,39.331,21.401,11.121,5.139
4.45667,127.701,109.745,92.901,57.905,39.348,21.506,11.129,5.174
4.46000,127.833,109.845,92.922,57.960,39.387,21.578,11.192,5.162
4.46333,127.898,109.916,93.074,58.002,39.436,21.568,11.145,5.130
4.46667,128.065,110.078,93.133,58.062,39.462,21.593,11.096,5.145
4.47000,128.149,110.142,93.310,58.164,39.478,21.535,11.202,5.090
4.47333,128.236,110.314,93.373,58.087,39.557,21.603,11.233,5.138
4.47667,128.429,110.372,93.429,58.203,39.531,21.605,11.217,5.140
4.48000,128.550,110.503,93.444,58.273,39.545,21.645,11.232,5.123
4.48333,128.654,110.547,93.571,58.309,39.644,21.650,11.281,5.122
4.48667,128.776,110.758,93.637,58.344,39.656,21.695,11.261,5.133
4.49000,128.943,110.845,93.798,58.366,39.722,21.689,11.298,5.187
4.49333,128.967,110.909,93.820,58.475,39.718,21.680,11.275,5.205
4.49667,129.122,111.010,93.914,58.529,39.714,21.723,11.185,5.173
4.50000,129.241,111.122,93.944,58.605,39.767,21.734,11.270,5.193
4.50333,129.388,111.194,94.072,58.594,39.869,21.732,11.288,5.214
4.50667,129.525,111.306,94.158,58.663,39.880,21.738,11.354,5.221
4.51000,129.643,111.436,94.267,58.734,39.974,21.834,11.342,5.113
4.51333,129.767,111.488,94.440,58.848,40.009,21.770,11.391,5.122
4.51667,129.927,111.637,94.477,58.871,40.039,21.890,11.386,5.206
4.52000,129.921,111.755,94.530,58.904,39.984,21.908,11.386,5.176
4.52333,130.171,111.836,94.673,59.003,40.102,21.854,11.333,5.195
4.52667,130.254,111.950,94.712,59.023,40.125,21.902,11.394,5.195
4.53000,130.304,112.088,94.866,59.138,40.208,21.906,11.390,5.181
4.53333,130.467,112.151,94.925,59.146,40.230,21.932,11.412,5.234
4.53667,130.608,112.201,94.998,59.139,40.208,21.956,11.431,5.317
4.54000,130.704,112.478,95.077,59.275,40.198,22.007,11.400,5.203
4.54333,130.801,112.421,95.186,59.341,40.315,22.039,11.509,5.241
4.54667,130.937,112.554,95.269,59.348,40.286,22.056,11.507,5.275
4.55000,131.091,112.683,95.362,59.414,40.320,22.042,11.484,5.285
4.55333,131.208,112.855,95.453,59.464,40.387,22.093,11.501,5.244
4.55667,131.296,112.909,95.538,59.557,40.397,22.055,11.463,5.331
4.56000,131.406,113.020,95.597,59.606,40.458,22.069,11.445,5.308
4.56333,131.540,113.034,95.709,59.631,40.510,22.120,11.517,5.285
4.56667,131.718,113.191,95.788,59.642,40.588,22.144,11.548,5.325
4.57000,131.833,113.240,95.947,59.754,40.587,22.184,11.530,5.343
4.57333,131.980,113.370,95.936,59.771,40.643,22.212,11.550,5.277
4.57667,132.013,113.515,96.041,59.901,40.700,22.153,11.555,5.360
4.58000,132.200,113.619,96.089,59.896,40.662,22.262,11.549,5.301
4.58333,132.313,113.675,96.253,59.962,40.752,22.206,11.572,5.353
4.58667,132.433,113.876,96.295,60.019,40.703,22.288,11.533,5.387
4.59000,132.543,113.958,96.430,60.025,40.845,22.265,11.609,5.325
4.59333,132.682,114.072,96.521,60.161,40.891,22.276,11.637,5.281
4.59667,132.850,114.164,96.583,60.179,40.862,22.297,11.618,5.283
4.60000,132.904,114.308,96.706,60.270,40.915,22.335,11.618,5.350
4.60333,133.033,114.329,96.787,60.372,40.981,22.384,11.643,5.345
4.60667,133.124,114.534,96.839,60.354,41.005,22.405,11.619,5.387
4.61000,133.268,114.585,96.956,60.399,41.040,22.374,11.672,5.360
4.61333,133.446,114.748,97.033,60.426,41.099,22.413,11.708,5.317
4.61667,133.608,114.755,97.159,60.543,41.166,22.438,11.755,5.439
4.62000,133.622,114.863,97.184,60.597,41.182,22.468,11.682,5.333
4.62333,133.723,115.035,97.291,60.663,41.223,22.500,11.745,5.304
4.62667,133.920,115.060,97.401,60.768,41.258,22.530,11.737,5.339
4.63000,134.008,115.187,97.449,60.737,41.281,22.466,11.750,5.378
4.63333,134.171,115.366,97.564,60.884,41.253,22.541,11.794,5.426
4.63667,134.298,115.425,97.664,60.906,41.326,22.561,11.763,5.399
4.64000,134.390,115.583,97.730,60.926,41.399,22.607,11.720,5.355
4.64333,134.583,115.654,97.831,60.947,41.441,22.601,11.774,5.410
4.64667,134.595,115.760,97.913,61.007,41.428,22.627,11.803,5.342
4.65000,134.763,115.873,98.053,61.029,41.518,22.720,11.762,5.406
4.65333,134.842,115.943,98.077,61.174,41.513,22.618,11.814,5.450
4.65667,134.981,116.055,98.186,61.271,41.577,22.688,11.792,5.431
4.66000,135.086,116.199,98.299,61.273,41.657,22.727,11.899,5.449
4.66333,135.288,116.223,98.367,61.282,41.605,22.689,11.887,5.415
4.66667,135.383,116.317,98.415,61.394,41.683,22.748,11.768,5.375
4.67000,135.479,116.500,98.490,61.385,41.741,22.796,11.806,5.428
4.67333,135.590,116.576,98.621,61.514,41.690,22.800,11.798,5.437
4.67667,135.724,116.683,98.725,61.498,41.772,22.846,11.941,5.459
4.68000,135.874,116.769,98.847,61.576,41.878,22.834,11.883,5.457
4.68333,136.029,116.855,98.881,61.591,41.884,22.823,11.919,5.514
4.68667,136.101,117.019,98.961,61.613,41.881,22.886,11.915,5.493
4.69000,136.274,117.043,99.061,61.806,41.945,22.827,11.925,5.486
4.69333,136.411,117.201,99.133,61.795,42.055,22.927,11.912,5.424
4.69667,136.517,117.295,99.272,61.918,42.038,22.834,11.897,5.479
4.70000,136.616,117.382,99.360,61.921,42.035,22.958,12.015,5.416
4.70333,136.678,117.542,99.395,61.981,42.135,22.963,11.999,5.467
4.70667,136.868,117.648,99.542,62.081,42.121,22.999,11.953,5.498
4.71000,137.024,117.779,99.572,62.080,42.089,23.014,12.063,5.474
4.71333,137.070,117.843,99.577,62.075,42.182,23.024,11.957,5.485
4.71667,137.237,117.972,99.807,62.212,42.238,23.047,12.042,5.495
4.72000,137.385,118.082,99.850,62.223,42.284,23.097,12.018,5.492
4.72333,137.475,118.184,99.934,62.262,42.280,23.103,12.082,5.511
4.72667,137.574,118.218,100.016,62.363,42.337,23.117,12.072,5.501
4.73000,137.700,118.303,100.125,62.420,42.416,23.167,12.070,5.531
4.73333,137.813,118.423,100.221,62.515,42.427,23.188,12.051,5.501
4.73667,137.924,118.548,100.368,62.532,42.457,23.205,12.135,5.545
4.74000,138.099,118.657,100.425,62.630,42.495,23.213,12.066,5.556
4.74333,138.236,118.802,100.463,62.650,42.519,23.224,12.092,5.559
4.74667,138.249,118.916,100.608,62.736,42.581,23.242,12.083,5.542
4.75000,138.444,118.941,100.606,62.726,42.609,23.322,12.107,5.540
4.75333,138.610,119.115,100.762,62.805,42.604,23.259,12.212,5.548
4.75667,138.720,119.174,100.789,62.762,42.657,23.324,12.213,5.552
4.76000,138.850,119.319,100.934,62.885,42.699,23.296,12.115,5.533
4.76333,139.008,119.445,100.903,62.976,42.750,23.357,12.195,5.567
4.76667,139.033,119.516,101.106,63.060,42.761,23.442,12.182,5.576
4.77000,139.187,119.648,101.210,63.031,42.810,23.413,12.232,5.592
4.77333,139.319,119.782,101.336,63.205,42.913,23.403,12.170,5.565
4.77667,139.428,119.808,101.372,63.128,42.904,23.380,12.270,5.633
4.78000,139.519,119.930,101.446,63.252,42.887,23.420,12.236,5.654
4.78333,139.705,119.953,101.561,63.320,42.956,23.491,12.288,5.618
4.78667,139.794,120.222,101.602,63.302,43.032,23.431,12.276,5.593
4.79000,139.957,120.217,101.732,63.449,43.085,23.474,12.285,5.606
4.79333,140.000,120.382,101.800,63.416,43.116,23.596,12.315,5.643
4.79667,140.224,120.479,101.923,63.580,43.151,23.559,12.328,5.569
4.80000,140.250,120.499,102.031,63.606,43.192,23.617,12.282,5.582
4.80333,140.458,120.644,102.082,63.603,43.220,23.610,12.329,5.630
4.80667,140.534,120.771,102.187,63.643,43.250,23.659,12.296,5.607
4.81000,140.766,120.884,102.252,63.753,43.312,23.600,12.266,5.641
4.81333,140.845,121.026,102.383,63.788,43.265,23.718,12.358,5.715
4.81667,140.919,121.076,102.409,63.905,43.341,23.656,12.335,5.630
4.82000,141.026,121.173,102.495,63.902,43.343,23.693,12.326,5.574
4.82333,141.151,121.268,102.580,63.974,43.483,23.669,12.389,5.593
4.82667,141.249,121.405,102.735,64.016,43.429,23.737,12.383,5.641
4.83000,141.433,121.535,102.790,64.094,43.518,23.751,12.411,5.680
4.83333,141.467,121.652,102.866,64.155,43.510,23.786,12.395,5.695
4.83667,141.574,121.708,102.962,64.190,43.560,23.792,12.472,5.715
4.84000,141.837,121.793,103.043,64.234,43.578,23.829,12.404,5.666
4.84333,141.878,121.946,103.119,64.327,43.593,23.832,12.419,5.713
4.84667,141.981,122.039,103.266,64.324,43.674,23.915,12.437,5.667
4.85000,142.169,122.075,103.321,64.469,43.733,23.830,12.423,5.703
4.85333,142.252,122.246,103.392,64.469,43.768,23.879,12.420,5.746
4.85667,142.360,122.389,103.474,64.461,43.797,23.908,12.460,5.679
4.86000,142.492,122.470,103.616,64.582,43.858,23.961,12.490,5.744
4.86333,142.567,122.562,103.720,64.620,43.873,23.974,12.482,5.647
4.86667,142.721,122.712,103.769,64.711,43.818,24.029,12.533,5.697
4.87000,142.844,122.811,103.836,64.729,43.938,24.033,12.538,5.792
4.87333,143.026,122.916,103.945,64.811,43.962,23.972,12.496,5.738
4.87667,143.102,122.978,104.049,64.914,44.027,24.044,12.557,5.790
4.88000,143.286,123.119,104.080,64.903,44.082,24.086,12.533,5.785
4.88333,143.355,123.262,104.195,64.971,44.112,24.137,12.561,5.734
4.88667,143.456,123.258,104.312,65.049,44.149,24.117,12.568,5.721
4.89000,143.620,123.380,104.360,65.099,44.148,24.115,12.589,5.733
4.89333,143.733,123.469,104.479,65.139,44.182,24.140,12.658,5.740
4.89667,143.862,123.592,104.538,65.118,44.170,24.155,12.618,5.771
4.90000,143.973,123.742,104.650,65.257,44.247,24.138,12.640,5.778
4.90333,144.087,123.800,104.704,65.333,44.311,24.165,12.611,5.794
4.90667,144.176,123.873,104.841,65.337,44.374,24.250,12.677,5.778
4.91000,144.303,124.014,104.840,65.426,44.348,24.255,12.640,5.789
4.91333,144.498,124.109,105.032,65.483,44.496,24.244,12.655,5.831
4.91667,144.615,124.221,105.122,65.437,44.411,24.300,12.704,5.758
4.92000,144.743,124.372,105.201,65.493,44.526,24.323,12.679,5.781
4.92333,144.779,124.445,105.219,65.619,44.473,24.349,12.702,5.846
4.92667,144.987,124.563,105.345,65.743,44.564,24.365,12.693,5.750
4.93000,145.023,124.633,105.416,65.697,44.617,24.368,12.725,5.802
4.93333,145.206,124.793,105.432,65.798,44.557,24.405,12.740,5.809
4.93667,145.318,124.798,105.590,65.930,44.688,24.398,12.793,5.824
4.94000,145.455,124.978,105.703,65.945,44.718,24.463,12.770,5.813
4.94333,145.591,125.093,105.755,65.988,44.739,24.514,12.778,5.828
4.94667,145.629,125.169,105.824,65.951,44.758,24.455,12.811,5.896
4.95000,145.843,125.258,105.964,66.056,44.768,24.450,12.746,5.853
4.95333,145.893,125.441,106.027,66.154,44.847,24.566,12.865,5.825
4.95667,146.008,125.477,106.135,66.145,44.858,24.488,12.825,5.831
4.96000,146.122,125.615,106.200,66.240,44.929,24.522,12.911,5.897
4.96333,146.336,125.701,106.274,66.287,45.023,24.573,12.889,5.921
4.96667,146.430,125.805,106.434,66.331,44.982,24.571,12.832,5.894
4.97000,146.529,125.863,106.515,66.420,45.011,24.635,12.892,5.833
4.97333,146.564,126.016,106.539,66.390,45.168,24.671,12.823,5.832
4.97667,146.773,126.135,106.611,66.554,45.181,24.721,12.897,5.890
4.98000,146.917,126.211,106.749,66.583,45.084,24.751,12.861,5.944
4.98333,146.961,126.360,106.828,66.664,45.223,24.730,12.892,5.874
4.98667,147.176,126.435,106.956,66.629,45.221,24.751,12.892,5.880
4.99000,147.288,126.516,106.985,66.758,45.198,24.717,12.969,5.937
4.99333,147.419,126.677,107.051,66.800,45.276,24.764,12.931,5.912
4.99667,147.502,126.695,107.141,66.834,45.356,24.765,12.906,5.978
5.00000,147.656,126.787,107.272,66.933,45.309,24.807,12.950,5.932
5.00333,147.720,126.923,107.376,66.930,45.414,24.860,12.925,5.910
5.00667,147.925,127.080,107.475,67.028,45.430,24.811,12.970,5.935
5.01000,148.066,127.144,107.492,67.069,45.480,24.839,12.982,5.891
5.01333,148.117,127.293,107.652,67.071,45.463,24.883,12.981,5.957
5.01667,148.227,127.353,107.757,67.141,45.536,24.963,12.971,5.943
5.02000,148.334,127.475,107.831,67.307,45.544,24.883,13.099,5.935
5.02333,148.506,127.590,107.889,67.322,45.614,24.958,12.993,5.988
5.02667,148.610,127.711,107.993,67.359,45.665,24.943,13.076,5.997
5.03000,148.720,127.792,108.135,67.448,45.687,25.007,13.014,5.980
5.03333,148.873,127.838,108.166,67.459,45.760,25.033,12.999,6.015
5.03667,148.950,128.013,108.235,67.479,45.813,25.077,13.029,5.951
5.04000,149.142,128.101,108.288,67.568,45.808,25.075,13.024,5.976
5.04333,149.225,128.184,108.394,67.632,45.854,25.106,13.090,6.006
5.04667,149.370,128.279,108.510,67.652,45.901,25.037,13.145,6.016
5.05000,149.457,128.430,108.570,67.730,45.897,25.149,13.067,5.932
5.05333,149.531,128.482,108.674,67.782,45.954,25.123,13.143,5.944
5.05667,149.685,128.652,108.743,67.897,46.046,25.186,13.111,5.936
5.06000,149.793,128.720,108.880,67.843,46.021,25.123,13.158,6.026
5.06333,149.951,128.822,108.950,67.968,46.108,25.169,13.213,5.999
5.06667,150.093,128.941,109.077,67.987,46.122,25.157,13.121,5.992
5.07000,150.213,129.007,109.070,68.028,46.090,25.213,13.256,6.059
5.07333,150.234,129.082,109.168,68.129,46.187,25.150,13.241,6.001
5.07667,150.377,129.234,109.275,68.155,46.243,25.228,13.261,6.036
5.08000,150.588,129.349,109.391,68.222,46.234,25.280,13.259,6.031
5.08333,150.666,129.459,109.474,68.256,46.306,25.283,13.179,6.062
5.08667,150.826,129.520,109.551,68.311,46.326,25.300,13.210,5.998
5.09000,150.908,129.635,109.636,68.402,46.392,25.408,13.295,6.068
5.09333,151.026,129.762,109.770,68.436,46.401,25.382,13.327,6.044
5.09667,151.155,129.828,109.837,68.439,46.442,25.368,13.353,6.070
5.10000,151.294,129.935,109.897,68.551,46.424,25.365,13.257,6.081
5.10333,151.407,130.023,110.009,68.588,46.552,25.499,13.307,6.038
5.10667,151.546,130.151,110.119,68.662,46.523,25.416,13.337,6.095
5.11000,151.743,130.240,110.187,68.703,46.541,25.391,13.299,6.059
5.11333,151.731,130.374,110.259,68.794,46.588,25.529,13.359,6.094
5.11667,151.923,130.435,110.355,68.772,46.654,25.521,13.360,6.136
5.12000,151.970,130.614,110.470,68.894,46.719,25.496,13.333,6.104
5.12333,152.132,130.645,110.518,68.977,46.743,25.608,13.388,6.027
5.12667,152.198,130.763,110.584,68.953,46.691,25.532,13.326,6.111
5.13000,152.379,130.843,110.640,69.001,46.884,25.577,13.364,6.098
5.13333,152.444,130.999,110.818,69.084,46.848,25.653,13.449,6.132
5.13667,152.652,131.109,110.903,69.190,46.887,25.592,13.433,6.153
5.14000,152.692,131.150,110.913,69.199,46.900,25.679,13.402,6.056
5.14333,152.871,131.336,111.027,69.281,46.948,25.665,13.417,6.130
5.14667,152.956,131.380,111.185,69.314,47.009,25.681,13.448,6.055
5.15000,153.108,131.503,111.228,69.376,47.120,25.647,13.439,6.143
5.15333,153.162,131.563,111.337,69.403,47.084,25.710,13.467,6.118
5.15667,153.289,131.683,111.395,69.520,47.051,25.736,13.513,6.119
5.16000,153.454,131.794,111.452,69.523,47.123,25.768,13.519,6.145
5.16333,153.524,131.967,111.608,69.554,47.167,25.846,13.518,6.192
5.16667,153.732,132.067,111.725,69.680,47.216,25.790,13.511,6.148
5.17000,153.776,132.100,111.674,69.715,47.179,25.866,13.560,6.134
5.17333,153.929,132.265,111.837,69.756,47.245,25.827,13.569,6.210
5.17667,154.032,132.271,111.931,69.837,47.278,25.791,13.586,6.155
5.18000,154.178,132.528,111.964,69.878,47.324,25.902,13.568,6.161
5.18333,154.292,132.519,112.050,69.881,47.356,25.942,13.553,6.201
5.18667,154.451,132.599,112.114,69.919,47.370,25.897,13.571,6.209
5.19000,154.543,132.756,112.286,69.981,47.413,25.999,13.585,6.211
5.19333,154.642,132.873,112.388,70.078,47.492,25.980,13.596,6.146
5.19667,154.759,132.923,112.386,70.164,47.472,25.893,13.634,6.224
5.20000,154.902,133.094,112.494,70.157,47.512,25.996,13.697,6.207
5.20333,154.978,133.179,112.615,70.255,47.595,26.041,13.677,6.180
5.20667,155.157,133.235,112.731,70.303,47.698,26.064,13.696,6.217
5.21000,155.298,133.318,112.712,70.350,47.628,26.084,13.611,6.199
5.21333,155.387,133.463,112.837,70.437,47.720,26.107,13.646,6.203
5.21667,155.473,133.456,112.993,70.410,47.830,26.084,13.699,6.255
5.22000,155.599,133.661,113.030,70.482,47.819,26.073,13.636,6.236
5.22333,155.759,133.746,113.134,70.523,47.774,26.112,13.620,6.270
5.22667,155.812,133.823,113.180,70.610,47.942,26.179,13.764,6.216
5.23000,155.961,133.927,113.338,70.709,47.897,26.215,13.765,6.259
5.23333,156.044,134.139,113.401,70.695,47.936,26.216,13.685,6.322
5.23667,156.275,134.209,113.430,70.791,47.964,26.272,13.789,6.285
5.24000,156.313,134.340,113.618,70.793,47.975,26.199,13.755,6.322
5.24333,156.450,134.370,113.653,70.839,48.008,26.294,13.684,6.273
5.24667,156.576,134.445,113.734,71.016,48.051,26.269,13.798,6.310
5.25000,156.675,134.625,113.788,70.999,48.123,26.317,13.796,6.299
5.25333,156.842,134.668,113.935,71.084,48.144,26.299,13.840,6.355
5.25667,156.909,134.813,113.965,71.043,48.201,26.334,13.793,6.313
5.26000,157.036,134.851,114.085,71.153,48.227,26.334,13.803,6.321
5.26333,157.147,134.985,114.123,71.161,48.275,26.385,13.819,6.280
5.26667,157.262,135.113,114.256,71.252,48.282,26.425,13.812,6.269
5.27000,157.382,135.154,114.358,71.313,48.314,26.442,13.874,6.207
5.27333,157.540,135.276,114.452,71.382,48.456,26.430,13.931,6.320
5.27667,157.626,135.416,114.517,71.438,48.388,26.446,13.863,6.368
5.28000,157.769,135.588,114.610,71.506,48.459,26.475,13.861,6.321
5.28333,157.926,135.609,114.716,71.575,48.493,26.474,13.942,6.260
5.28667,158.053,135.707,114.805,71.650,48.508,26.498,13.924,6.325
5.29000,158.120,135.842,114.835,71.633,48.601,26.562,13.955,6.343
5.29333,158.240,135.910,114.913,71.726,48.621,26.572,13.920,6.428
5.29667,158.318,136.063,114.914,71.786,48.638,26.572,13.886,6.368
5.30000,158.518,136.204,115.179,71.790,48.591,26.595,13.921,6.377
5.30333,158.541,136.293,115.224,71.867,48.674,26.599,13.961,6.356
5.30667,158.706,136.326,115.292,71.926,48.704,26.683,13.950,6.422
5.31000,158.920,136.410,115.368,71.948,48.766,26.688,13.963,6.406
5.31333,158.922,136.527,115.451,72.030,48.804,26.681,13.917,6.376
5.31667,159.102,136.596,115.544,72.047,48.850,26.748,14.030,6.409
5.32000,159.228,136.773,115.628,72.100,48.787,26.725,13.984,6.323
5.32333,159.291,136.841,115.730,72.148,48.862,26.737,14.039,6.348
5.32667,159.452,136.984,115.783,72.209,48.910,26.750,14.000,6.384
5.33000,159.527,137.039,115.854,72.265,48.954,26.791,14.056,6.398
5.33333,159.670,137.142,115.940,72.369,49.049,26.855,14.090,6.464
5.33667,159.818,137.285,116.093,72.363,49.038,26.801,14.143,6.415
5.34000,159.931,137.358,116.215,72.473,49.115,26.854,14.024,6.412
5.34333,160.075,137.478,116.185,72.532,49.086,26.845,14.081,6.383
5.34667,160.184,137.594,116.256,72.510,49.160,26.910,14.081,6.407
5.35000,160.262,137.687,116.462,72.607,49.198,26.915,14.152,6.445
5.35333,160.339,137.741,116.489,72.666,49.206,26.932,14.107,6.476
5.35667,160.484,137.885,116.592,72.787,49.264,26.901,14.111,6.469
5.36000,160.617,137.952,116.688,72.788,49.328,26.900,14.176,6.481
5.36333,160.723,138.099,116.767,72.780,49.344,26.997,14.155,6.410
5.36667,160.867,138.225,116.790,72.893,49.351,26.914,14.114,6.489
5.37000,160.954,138.263,116.909,72.939,49.450,26.950,14.159,6.408
5.37333,161.140,138.353,116.986,72.975,49.488,27.030,14.185,6.508
5.37667,161.238,138.524,117.087,73.054,49.450,27.097,14.178,6.475
5.38000,161.367,138.571,117.153,73.074,49.560,27.076,14.192,6.495
5.38333,161.497,138.659,117.250,73.171,49.552,27.091,14.239,6.394
5.38667,161.533,138.755,117.352,73.225,49.524,27.150,14.233,6.524
5.39000,161.687,138.865,117.396,73.271,49.598,27.140,14.250,6.449
5.39333,161.815,138.885,117.526,73.243,49.683,27.083,14.191,6.515
5.39667,161.938,139.094,117.573,73.394,49.678,27.145,14.390,6.447
5.40000,162.043,139.184,117.699,73.445,49.769,27.124,14.265,6.461
5.40333,162.195,139.344,117.782,73.474,49.746,27.234,14.311,6.493
5.40667,162.315,139.419,117.872,73.550,49.784,27.246,14.250,6.484
5.41000,162.332,139.492,117.925,73.564,49.874,27.227,14.225,6.566
5.41333,162.508,139.600,117.961,73.656,49.894,27.244,14.336,6.553
5.41667,162.626,139.749,118.179,73.752,49.902,27.331,14.362,6.546
5.42000,162.729,139.778,118.183,73.673,49.941,27.270,14.303,6.481
5.42333,162.827,139.923,118.325,73.756,49.988,27.354,14.317,6.517
5.42667,163.023,139.990,118.367,73.832,49.993,27.302,14.334,6.534
5.43000,163.119,140.129,118.379,73.879,50.088,27.351,14.386,6.570
5.43333,163.238,140.160,118.525,73.974,50.097,27.363,14.411,6.510
5.43667,163.383,140.284,118.588,73.991,50.161,27.380,14.381,6.531
5.44000,163.513,140.401,118.659,74.074,50.160,27.476,14.410,6.552
5.44333,163.579,140.518,118.844,74.089,50.204,27.449,14.449,6.575
5.44667,163.701,140.566,118.780,74.165,50.189,27.457,14.430,6.590
5.45000,163.861,140.718,118.926,74.193,50.205,27.546,14.387,6.551
5.45333,163.884,140.794,119.010,74.296,50.295,27.513,14.410,6.622
5.45667,164.089,140.898,119.113,74.281,50.363,27.503,14.439,6.593
5.46000,164.124,141.051,119.299,74.323,50.332,27.616,14.481,6.593
5.46333,164.283,141.108,119.280,74.492,50.462,27.535,14.498,6.609
5.46667,164.410,141.145,119.377,74.469,50.394,27.627,14.561,6.594
5.47000,164.565,141.294,119.510,74.527,50.403,27.594,14.476,6.600
5.47333,164.652,141.435,119.585,74.599,50.487,27.617,14.470,6.655
5.47667,164.750,141.432,119.642,74.616,50.529,27.677,14.511,6.649
5.48000,164.832,141.624,119.701,74.691,50.577,27.613,14.535,6.584
5.48333,164.931,141.664,119.771,74.762,50.624,27.758,14.535,6.639
5.48667,165.169,141.734,119.868,74.812,50.670,27.644,14.529,6.614
5.49000,165.226,141.909,119.896,74.915,50.693,27.685,14.495,6.604
5.49333,165.341,142.103,120.049,74.933,50.792,27.775,14.567,6.585
5.49667,165.420,142.069,120.118,75.020,50.749,27.674,14.554,6.645
5.50000,165.620,142.266,120.204,74.994,50.741,27.745,14.559,6.647
5.50333,165.713,142.295,120.322,75.100,50.844,27.807,14.560,6.665
5.50667,165.820,142.412,120.355,75.077,50.775,27.803,14.629,6.632
5.51000,165.915,142.493,120.500,75.097,50.864,27.865,14.603,6.683
5.51333,166.089,142.579,120.600,75.302,50.886,27.816,14.583,6.631
5.51667,166.133,142.735,120.626,75.356,51.020,27.834,14.675,6.705
5.52000,166.251,142.799,120.760,75.333,50.973,27.889,14.650,6.675
5.52333,166.347,142.977,120.788,75.402,51.019,27.928,14.564,6.627
5.52667,166.536,142.967,120.905,75.446,51.014,27.882,14.635,6.711
5.53000,166.601,143.043,120.947,75.496,51.081,27.935,14.649,6.659
5.53333,166.753,143.173,121.068,75.556,51.206,27.997,14.685,6.706
5.53667,166.792,143.250,121.140,75.617,51.208,27.995,14.748,6.719
5.54000,166.943,143.325,121.237,75.632,51.230,28.021,14.713,6.675
5.54333,167.068,143.431,121.350,75.699,51.271,28.039,14.745,6.698
5.54667,167.256,143.574,121.398,75.771,51.295,28.037,14.722,6.754
5.55000,167.327,143.699,121.428,75.755,51.282,28.012,14.708,6.708
5.55333,167.442,143.789,121.553,75.852,51.431,28.097,14.786,6.661
5.55667,167.532,143.915,121.560,75.980,51.356,28.165,14.776,6.660
5.56000,167.664,144.023,121.710,75.914,51.421,28.147,14.757,6.681
5.56333,167.788,144.138,121.777,76.004,51.441,28.183,14.771,6.800
5.56667,167.836,144.218,121.933,76.087,51.483,28.144,14.767,6.727
5.57000,167.992,144.269,122.055,76.091,51.464,28.181,14.862,6.642
5.57333,168.073,144.408,122.115,76.165,51.560,28.275,14.835,6.774
5.57667,168.212,144.461,122.178,76.202,51.620,28.194,14.881,6.754
5.58000,168.413,144.581,122.267,76.273,51.631,28.276,14.870,6.658
5.58333,168.430,144.692,122.306,76.356,51.677,28.222,14.835,6.726
5.58667,168.562,144.766,122.373,76.382,51.660,28.351,14.846,6.775
5.59000,168.687,144.798,122.493,76.490,51.794,28.348,14.890,6.777
5.59333,168.778,144.988,122.598,76.493,51.829,28.310,14.921,6.754
5.59667,168.904,145.055,122.685,76.486,51.757,28.306,14.868,6.833
5.60000,169.063,145.216,122.678,76.575,51.870,28.387,14.933,6.725
5.60333,169.161,145.298,122.788,76.659,51.839,28.385,14.915,6.761
5.60667,169.328,145.351,122.915,76.691,51.868,28.416,14.956,6.805
5.61000,169.377,145.497,122.990,76.727,51.918,28.397,14.955,6.743
5.61333,169.487,145.552,123.037,76.792,52.028,28.364,14.960,6.826
5.61667,169.671,145.644,123.174,76.828,52.039,28.451,14.982,6.827
5.62000,169.676,145.759,123.233,76.917,51.985,28.465,14.885,6.826
5.62333,169.882,145.862,123.309,77.003,52.062,28.450,15.036,6.794
5.62667,169.932,146.000,123.415,77.001,52.116,28.465,15.043,6.856
5.63000,170.135,146.066,123.373,77.080,52.075,28.482,14.961,6.836
5.63333,170.219,146.168,123.545,77.105,52.174,28.558,14.983,6.811
5.63667,170.261,146.228,123.711,77.128,52.156,28.578,14.985,6.825
5.64000,170.485,146.341,123.711,77.191,52.280,28.651,15.001,6.821
5.64333,170.528,146.460,123.822,77.236,52.259,28.584,15.051,6.870
5.64667,170.623,146.544,123.945,77.326,52.289,28.591,15.054,6.873
5.65000,170.771,146.625,124.049,77.352,52.353,28.641,15.035,6.899
5.65333,170.831,146.754,123.978,77.390,52.411,28.728,15.066,6.857
5.65667,170.996,146.846,124.091,77.469,52.388,28.687,15.044,6.762
5.66000,171.106,146.970,124.199,77.533,52.471,28.721,15.075,6.865
5.66333,171.228,147.048,124.330,77.571,52.457,28.674,15.041,6.863
5.66667,171.336,147.152,124.414,77.645,52.458,28.762,15.086,6.855
5.67000,171.424,147.160,124.472,77.675,52.559,28.793,15.149,6.927
5.67333,171.563,147.280,124.574,77.749,52.568,28.834,15.183,6.898
5.67667,171.724,147.399,124.652,77.739,52.658,28.749,15.144,6.913
5.68000,171.815,147.497,124.699,77.755,52.676,28.800,15.188,6.952
5.68333,171.820,147.627,124.793,77.902,52.720,28.851,15.187,6.909
5.68667,172.012,147.705,124.898,77.937,52.789,28.839,15.159,6.810
5.69000,172.121,147.781,125.034,78.026,52.809,28.847,15.171,6.790
5.69333,172.263,147.940,125.070,78.042,52.820,28.925,15.177,6.950
5.69667,172.362,148.006,125.108,78.116,52.838,28.876,15.193,6.977
5.70000,172.487,148.136,125.246,78.122,52.870,28.952,15.207,6.872
5.70333,172.629,148.208,125.333,78.235,52.869,28.954,15.252,6.939
5.70667,172.776,148.302,125.372,78.255,52.903,28.972,15.276,6.887
5.71000,172.832,148.411,125.458,78.314,53.005,28.968,15.263,6.985
5.71333,172.917,148.516,125.573,78.414,53.045,29.003,15.286,6.946
5.71667,173.043,148.597,125.657,78.446,53.066,29.056,15.249,6.933
5.72000,173.099,148.729,125.719,78.461,53.043,29.086,15.233,6.932
5.72333,173.259,148.758,125.811,78.491,53.081,29.082,15.318,6.987
5.72667,173.407,148.869,125.915,78.543,53.106,29.016,15.360,6.956
5.73000,173.455,149.027,125.895,78.568,53.173,29.073,15.277,6.975
5.73333,173.618,149.086,125.982,78.621,53.214,29.137,15.344,6.968
5.73667,173.749,149.214,126.087,78.713,53.196,29.123,15.311,7.016
5.74000,173.845,149.275,126.203,78.785,53.262,29.114,15.311,6.980
5.74333,173.905,149.323,126.285,78.783,53.383,29.178,15.297,7.009
5.74667,174.086,149.417,126.375,78.857,53.344,29.211,15.368,6.906
5.75000,174.143,149.564,126.423,78.857,53.398,29.211,15.433,6.981
5.75333,174.298,149.729,126.512,78.968,53.418,29.287,15.324,6.946
5.75667,174.491,149.746,126.553,79.062,53.463,29.251,15.321,7.028
5.76000,174.521,149.884,126.688,79.013,53.479,29.292,15.405,6.943
5.76333,174.602,149.943,126.764,79.176,53.513,29.285,15.326,7.061
5.76667,174.760,150.075,126.821,79.195,53.581,29.297,15.430,6.992
5.77000,174.848,150.138,126.946,79.219,53.613,29.351,15.469,7.065
5.77333,174.954,150.301,126.996,79.285,53.602,29.365,15.450,6.980
5.77667,175.176,150.360,127.085,79.303,53.625,29.359,15.467,7.026
5.78000,175.151,150.417,127.197,79.410,53.683,29.369,15.457,7.081
5.78333,175.327,150.501,127.327,79.367,53.753,29.387,15.390,7.057
5.78667,175.437,150.652,127.368,79.435,53.746,29.382,15.501,7.077
5.79000,175.498,150.744,127.427,79.501,53.819,29.366,15.467,7.015
5.79333,175.642,150.760,127.522,79.546,53.818,29.477,15.595,7.088
5.79667,175.789,150.869,127.567,79.625,53.831,29.497,15.500,7.104
5.80000,175.902,151.058,127.618,79.713,53.848,29.513,15.467,7.083
5.80333,175.988,151.137,127.773,79.701,53.991,29.484,15.503,7.095
5.80667,176.101,151.250,127.779,79.728,53.970,29.504,15.494,7.055
5.81000,176.194,151.316,127.882,79.880,53.964,29.505,15.558,7.066
5.81333,176.289,151.416,127.948,79.840,54.016,29.557,15.521,7.100
5.81667,176.441,151.479,128.078,79.925,54.071,29.606,15.554,7.089
5.82000,176.456,151.571,128.138,79.912,54.116,29.645,15.567,7.044
5.82333,176.654,151.680,128.208,79.983,54.141,29.552,15.614,7.100
5.82667,176.773,151.823,128.330,80.062,54.097,29.653,15.535,7.059
5.83000,176.907,151.893,128.373,80.143,54.191,29.655,15.608,7.144
5.83333,177.047,152.010,128.492,80.190,54.227,29.689,15.583,7.092
5.83667,177.130,152.122,128.528,80.213,54.251,29.679,15.621,7.064
5.84000,177.235,152.126,128.634,80.282,54.303,29.672,15.655,7.150
5.84333,177.342,152.317,128.705,80.390,54.304,29.650,15.657,7.105
5.84667,177.418,152.344,128.770,80.398,54.362,29.724,15.618,7.116
5.85000,177.542,152.460,128.872,80.418,54.416,29.723,15.666,7.116
5.85333,177.713,152.606,128.945,80.434,54.407,29.740,15.707,7.118
5.85667,177.723,152.562,129.099,80.530,54.435,29.790,15.676,7.129
5.86000,177.911,152.781,129.176,80.512,54.455,29.866,15.661,7.150
5.86333,178.013,152.860,129.142,80.641,54.556,29.854,15.726,7.088
5.86667,178.101,152.906,129.238,80.787,54.523,29.885,15.788,7.131
5.87000,178.189,152.918,129.319,80.750,54.577,29.893,15.705,7.095
5.87333,178.307,153.105,129.450,80.796,54.635,29.919,15.696,7.165
5.87667,178.405,153.292,129.489,80.815,54.629,29.907,15.745,7.133
5.88000,178.640,153.308,129.606,80.835,54.702,29.941,15.753,7.149
5.88333,178.606,153.386,129.681,80.905,54.794,29.943,15.723,7.158
5.88667,178.777,153.443,129.745,81.058,54.790,29.963,15.808,7.152
5.89000,178.965,153.611,129.813,81.036,54.826,29.984,15.785,7.187
5.89333,178.973,153.602,129.914,81.046,54.824,29.974,15.831,7.264
5.89667,179.093,153.849,130.023,81.171,54.806,29.996,15.810,7.220
5.90000,179.172,153.890,130.049,81.218,54.888,30.105,15.800,7.211
5.90333,179.334,153.992,130.129,81.200,54.883,30.073,15.807,7.174
5.90667,179.422,154.050,130.216,81.263,54.968,30.146,15.888,7.178
5.91000,179.576,154.186,130.359,81.326,55.044,30.067,15.838,7.253
5.91333,179.621,154.239,130.416,81.401,55.016,30.141,15.885,7.181
5.91667,179.771,154.374,130.485,81.434,55.087,30.165,15.839,7.170
5.92000,179.901,154.429,130.565,81.493,55.085,30.141,15.882,7.231
5.92333,179.966,154.464,130.632,81.510,55.070,30.181,15.841,7.213
5.92667,180.110,154.632,130.710,81.592,55.210,30.176,15.837,7.275
5.93000,180.203,154.731,130.837,81.615,55.177,30.288,15.868,7.225
5.93333,180.351,154.808,130.800,81.649,55.178,30.245,15.874,7.239
5.93667,180.425,154.905,130.890,81.748,55.279,30.239,15.897,7.245
5.94000,180.606,155.077,130.964,81.744,55.311,30.287,15.938,7.248
5.94333,180.660,155.080,131.061,81.821,55.380,30.338,16.013,7.274
5.94667,180.682,155.174,131.150,81.872,55.326,30.329,15.949,7.211
5.95000,180.907,155.285,131.282,81.880,55.341,30.334,16.024,7.344
5.95333,180.934,155.359,131.420,82.000,55.421,30.311,15.965,7.247
5.95667,181.094,155.438,131.389,82.000,55.412,30.387,16.000,7.241
5.96000,181.238,155.645,131.525,82.115,55.526,30.337,16.039,7.302
5.96333,181.289,155.706,131.562,82.156,55.592,30.390,16.053,7.271
5.96667,181.400,155.740,131.646,82.207,55.612,30.410,16.009,7.324
5.97000,181.485,155.795,131.761,82.236,55.626,30.479,16.060,7.304
5.97333,181.663,156.032,131.830,82.249,55.596,30.408,16.037,7.253
5.97667,181.777,156.107,131.889,82.332,55.679,30.469,16.082,7.308
5.98000,181.885,156.174,131.962,82.420,55.701,30.553,16.078,7.286
5.98333,182.013,156.212,132.151,82.423,55.719,30.472,16.121,7.229
5.98667,182.081,156.352,132.109,82.509,55.826,30.562,16.101,7.313
5.99000,182.176,156.436,132.220,82.578,55.812,30.553,16.069,7.361
5.99333,182.317,156.490,132.349,82.569,55.829,30.571,16.086,7.319
5.99667,182.408,156.656,132.423,82.646,55.887,30.553,16.084,7.361
6.00000,182.544,156.715,132.435,82.719,55.894,30.553,16.183,7.348
6.00333,182.626,156.782,132.621,82.712,55.962,30.650,16.164,7.358
6.00667,182.795,156.898,132.594,82.754,55.961,30.686,16.176,7.303
6.01000,182.832,156.985,132.668,82.807,56.032,30.618,16.090,7.407
6.01333,182.935,157.046,132.790,82.859,55.994,30.655,16.192,7.361
6.01667,183.059,157.162,132.844,82.925,56.082,30.640,16.179,7.381
6.02000,183.156,157.287,132.941,83.011,56.152,30.689,16.157,7.357
6.02333,183.292,157.292,133.008,83.080,56.077,30.726,16.179,7.434
6.02667,183.385,157.450,133.071,83.084,56.144,30.683,16.273,7.412
6.03000,183.478,157.498,133.175,83.167,56.230,30.725,16.184,7.293
6.03333,183.618,157.647,133.205,83.164,56.205,30.749,16.218,7.377
6.03667,183.723,157.706,133.278,83.254,56.292,30.755,16.232,7.299
6.04000,183.848,157.813,133.366,83.276,56.358,30.786,16.273,7.406
6.04333,183.857,157.949,133.479,83.341,56.346,30.881,16.214,7.342
6.04667,184.042,158.022,133.503,83.354,56.337,30.847,16.215,7.332
6.05000,184.131,158.111,133.658,83.410,56.404,30.866,16.323,7.416
6.05333,184.225,158.200,133.685,83.495,56.386,30.897,16.262,7.370
6.05667,184.256,158.288,133.820,83.504,56.480,30.890,16.242,7.385
6.06000,184.460,158.410,133.837,83.530,56.489,30.890,16.258,7.411
6.06333,184.585,158.463,133.923,83.636,56.548,30.955,16.408,7.398
6.06667,184.737,158.571,134.063,83.692,56.510,30.949,16.332,7.376
6.07000,184.783,158.634,134.181,83.774,56.644,30.975,16.320,7.478
6.07333,184.889,158.778,134.180,83.757,56.646,30.983,16.334,7.426
6.07667,185.004,158.897,134.260,83.817,56.702,30.945,16.381,7.353
6.08000,185.112,158.935,134.261,83.820,56.682,31.024,16.371,7.440
6.08333,185.155,159.042,134.386,83.950,56.756,31.062,16.390,7.391
6.08667,185.312,159.101,134.520,83.934,56.772,31.058,16.448,7.412
6.09000,185.460,159.232,134.606,84.028,56.854,31.065,16.356,7.466
6.09333,185.527,159.331,134.684,84.056,56.857,31.194,16.416,7.464
6.09667,185.697,159.391,134.720,84.091,56.820,31.150,16.449,7.443
6.10000,185.769,159.501,134.811,84.227,56.934,31.161,16.350,7.512
6.10333,185.891,159.537,134.872,84.211,56.954,31.112,16.383,7.458
6.10667,185.945,159.740,134.924,84.259,56.931,31.152,16.469,7.456
6.11000,186.127,159.770,135.093,84.257,56.973,31.199,16.397,7.492
6.11333,186.227,159.901,135.136,84.332,57.024,31.221,16.451,7.475
6.11667,186.298,159.944,135.192,84.385,57.091,31.255,16.463,7.477
6.12000,186.434,160.056,135.247,84.429,57.043,31.300,16.500,7.592
6.12333,186.476,160.153,135.333,84.493,57.111,31.241,16.499,7.508
6.12667,186.560,160.236,135.385,84.525,57.081,31.298,16.558,7.457
6.13000,186.738,160.273,135.494,84.587,57.154,31.328,16.485,7.468
6.13333,186.785,160.359,135.601,84.658,57.253,31.298,16.542,7.504
6.13667,186.894,160.444,135.657,84.712,57.328,31.311,16.503,7.479
6.14000,187.098,160.566,135.727,84.803,57.233,31.356,16.493,7.498
6.14333,187.074,160.731,135.813,84.783,57.300,31.394,16.535,7.449
6.14667,187.243,160.774,135.887,84.833,57.287,31.418,16.541,7.527
6.15000,187.393,160.798,135.983,84.855,57.401,31.355,16.545,7.528
6.15333,187.426,161.005,136.032,84.913,57.432,31.459,16.531,7.505
6.15667,187.553,161.020,136.067,84.950,57.399,31.503,16.602,7.541
6.16000,187.680,161.175,136.201,85.017,57.554,31.427,16.663,7.536
6.16333,187.772,161.248,136.309,85.071,57.500,31.413,16.628,7.550
6.16667,187.904,161.357,136.298,85.096,57.563,31.493,16.623,7.530
6.17000,187.973,161.408,136.476,85.186,57.624,31.502,16.646,7.568
6.17333,188.104,161.454,136.462,85.216,57.606,31.503,16.618,7.517
6.17667,188.260,161.633,136.589,85.253,57.646,31.562,16.601,7.570
6.18000,188.355,161.689,136.645,85.338,57.621,31.496,16.600,7.634
6.18333,188.458,161.765,136.737,85.315,57.714,31.566,16.692,7.582
6.18667,188.637,161.907,136.790,85.432,57.756,31.634,16.683,7.645
6.19000,188.627,162.012,136.915,85.455,57.774,31.636,16.671,7.515
6.19333,188.711,162.094,136.935,85.504,57.779,31.571,16.653,7.557
6.19667,188.840,162.168,137.081,85.563,57.819,31.725,16.715,7.619
6.20000,188.953,162.224,137.098,85.611,57.862,31.644,16.777,7.613
6.20333,189.060,162.358,137.165,85.653,57.861,31.672,16.739,7.540
6.20667,189.139,162.449,137.330,85.622,57.879,31.641,16.711,7.541
6.21000,189.231,162.483,137.324,85.746,57.948,31.724,16.757,7.656
6.21333,189.445,162.582,137.418,85.795,58.005,31.805,16.765,7.626
6.21667,189.534,162.738,137.503,85.851,58.055,31.769,16.750,7.653
6.22000,189.558,162.742,137.604,85.800,58.046,31.796,16.740,7.574
6.22333,189.650,162.841,137.684,85.920,58.106,31.750,16.773,7.680
6.22667,189.848,162.956,137.761,85.943,58.063,31.726,16.875,7.661
6.23000,189.982,163.086,137.731,85.966,58.112,31.843,16.772,7.609
6.23333,190.019,163.158,137.864,86.066,58.158,31.777,16.783,7.591
6.23667,190.109,163.280,137.930,86.088,58.170,31.866,16.812,7.682
6.24000,190.193,163.341,137.996,86.192,58.198,31.909,16.814,7.642
6.24333,190.362,163.399,138.020,86.188,58.317,31.886,16.818,7.667
6.24667,190.440,163.530,138.178,86.226,58.282,31.930,16.791,7.611
6.25000,190.493,163.610,138.263,86.299,58.337,31.922,16.863,7.592
6.25333,190.644,163.699,138.317,86.362,58.431,31.921,16.926,7.642
6.25667,190.786,163.785,138.460,86.425,58.426,31.951,16.823,7.690
6.26000,190.848,163.867,138.468,86.475,58.466,31.961,16.864,7.631
6.26333,190.976,163.962,138.510,86.514,58.430,31.982,16.948,7.700
6.26667,191.097,164.049,138.632,86.531,58.417,32.075,16.938,7.641
6.27000,191.205,164.148,138.721,86.626,58.541,32.029,16.947,7.706
6.27333,191.283,164.233,138.778,86.662,58.554,32.006,16.895,7.690
6.27667,191.359,164.310,138.846,86.740,58.575,32.077,16.916,7.632
6.28000,191.531,164.449,138.973,86.713,58.635,32.119,16.922,7.653
6.28333,191.565,164.486,138.962,86.794,58.679,32.102,16.953,7.775
6.28667,191.724,164.575,139.112,86.884,58.676,32.121,17.024,7.742
6.29000,191.785,164.686,139.161,86.934,58.779,32.162,16.934,7.723
6.29333,191.937,164.768,139.265,86.888,58.695,32.151,17.007,7.686
6.29667,192.018,164.843,139.293,86.954,58.783,32.130,17.029,7.719
6.30000,192.163,164.891,139.437,87.075,58.775,32.245,16.955,7.723
6.30333,192.269,164.978,139.482,87.076,58.890,32.231,17.025,7.731
6.30667,192.331,165.102,139.534,87.133,58.879,32.249,17.007,7.694
6.31000,192.451,165.198,139.632,87.190,58.950,32.250,17.007,7.749
6.31333,192.541,165.318,139.736,87.225,58.934,32.278,17.003,7.746
6.31667,192.715,165.402,139.782,87.235,58.959,32.268,17.075,7.783
6.32000,192.834,165.543,139.852,87.305,58.997,32.327,17.014,7.675
6.32333,192.832,165.630,139.942,87.385,58.988,32.308,17.060,7.790
6.32667,192.993,165.682,139.999,87.390,59.072,32.311,17.041,7.763
6.33000,193.029,165.693,140.049,87.433,59.068,32.335,17.146,7.689
6.33333,193.161,165.794,140.165,87.482,59.152,32.294,17.107,7.728
6.33667,193.287,165.937,140.258,87.625,59.170,32.382,17.105,7.719
6.34000,193.414,165.984,140.228,87.662,59.210,32.378,17.071,7.783
6.34333,193.487,166.075,140.399,87.621,59.228,32.448,17.088,7.832
6.34667,193.628,166.171,140.396,87.730,59.307,32.437,17.169,7.729
6.35000,193.779,166.273,140.550,87.674,59.327,32.452,17.145,7.800
6.35333,193.768,166.363,140.600,87.692,59.350,32.463,17.133,7.765
6.35667,193.887,166.551,140.678,87.815,59.403,32.479,17.138,7.779
6.36000,194.040,166.557,140.750,87.770,59.251,32.537,17.226,7.775
6.36333,194.039,166.621,140.809,87.944,59.393,32.508,17.191,7.785
6.36667,194.214,166.757,140.881,87.981,59.456,32.550,17.166,7.815
6.37000,194.316,166.807,140.966,88.019,59.463,32.562,17.229,7.770
6.37333,194.418,166.863,141.060,88.109,59.516,32.552,17.193,7.789
6.37667,194.562,166.971,141.190,88.158,59.529,32.583,17.198,7.845
6.38000,194.654,167.156,141.269,88.131,59.574,32.671,17.232,7.745
6.38333,194.754,167.164,141.267,88.258,59.564,32.649,17.254,7.828
6.38667,194.855,167.265,141.349,88.261,59.670,32.692,17.278,7.789
6.39000,194.948,167.401,141.387,88.255,59.708,32.621,17.251,7.784
6.39333,194.953,167.415,141.521,88.373,59.753,32.711,17.258,7.846
6.39667,195.147,167.508,141.559,88.396,59.723,32.717,17.311,7.870
6.40000,195.239,167.642,141.663,88.449,59.716,32.730,17.282,7.825
6.40333,195.397,167.676,141.716,88.560,59.763,32.729,17.267,7.899
6.40667,195.432,167.734,141.803,88.573,59.827,32.764,17.285,7.767
6.41000,195.544,167.908,141.876,88.577,59.824,32.769,17.355,7.844
6.41333,195.682,168.016,141.937,88.614,59.916,32.798,17.314,7.824
6.41667,195.822,168.049,142.012,88.648,59.934,32.829,17.296,7.867
6.42000,195.873,168.178,142.126,88.734,59.982,32.842,17.314,7.844
6.42333,195.977,168.261,142.150,88.782,59.982,32.802,17.319,7.912
6.42667,196.089,168.295,142.194,88.832,60.004,32.878,17.386,7.836
6.43000,196.170,168.409,142.309,88.921,60.021,32.906,17.391,7.864
6.43333,196.375,168.487,142.385,88.850,60.060,32.880,17.370,7.850
6.43667,196.343,168.645,142.446,88.959,60.038,32.907,17.283,7.855
6.44000,196.564,168.690,142.522,89.028,60.067,32.917,17.410,7.943
6.44333,196.624,168.815,142.637,89.019,60.154,32.890,17.449,7.857
6.44667,196.731,168.871,142.670,89.086,60.184,32.888,17.431,7.883
6.45000,196.835,168.998,142.778,89.163,60.220,32.984,17.340,7.898
6.45333,196.910,168.999,142.887,89.185,60.174,33.004,17.419,7.926
6.45667,196.980,169.083,142.861,89.229,60.278,33.007,17.472,7.899
6.46000,197.194,169.243,143.013,89.279,60.277,33.051,17.461,7.922
6.46333,197.196,169.277,143.113,89.353,60.345,33.055,17.504,7.936
6.46667,197.326,169.396,143.167,89.430,60.389,33.091,17.461,7.946
6.47000,197.412,169.499,143.208,89.375,60.345,32.988,17.491,7.942
6.47333,197.559,169.554,143.329,89.487,60.440,33.066,17.481,7.929
6.47667,197.571,169.599,143.407,89.533,60.461,33.140,17.554,7.960
6.48000,197.729,169.760,143.461,89.528,60.470,33.103,17.512,7.900
6.48333,197.806,169.820,143.539,89.629,60.532,33.152,17.530,7.960
6.48667,197.973,170.009,143.566,89.671,60.589,33.175,17.555,7.878
6.49000,198.014,170.003,143.621,89.708,60.595,33.159,17.497,7.970
6.49333,198.143,170.136,143.730,89.807,60.676,33.172,17.505,7.932
6.49667,198.248,170.181,143.807,89.830,60.632,33.197,17.517,7.948
6.50000,198.343,170.220,143.858,89.881,60.679,33.285,17.538,7.965
6.50333,198.404,170.344,143.982,89.884,60.740,33.247,17.583,7.944
6.50667,198.494,170.493,143.999,89.960,60.798,33.301,17.638,8.055
6.51000,198.668,170.488,144.115,89.981,60.768,33.300,17.554,8.006
6.51333,198.742,170.600,144.206,89.993,60.833,33.325,17.635,7.973
6.51667,198.881,170.649,144.220,90.090,60.821,33.329,17.562,7.943
6.52000,198.947,170.767,144.306,90.111,60.837,33.393,17.646,7.970
6.52333,199.040,170.867,144.402,90.238,60.931,33.314,17.587,7.978
6.52667,199.139,170.968,144.527,90.240,61.026,33.273,17.651,8.079
6.53000,199.254,171.032,144.629,90.262,60.951,33.342,17.660,8.075
6.53333,199.345,171.148,144.640,90.288,60.987,33.430,17.694,8.071
6.53667,199.487,171.261,144.653,90.331,61.025,33.445,17.676,8.010
6.54000,199.529,171.267,144.770,90.373,61.009,33.437,17.667,8.065
6.54333,199.708,171.413,144.784,90.477,61.092,33.467,17.776,7.983
6.54667,199.782,171.398,144.876,90.479,61.103,33.434,17.683,7.989
6.55000,199.911,171.482,144.965,90.493,61.160,33.543,17.694,7.995
6.55333,199.958,171.636,145.064,90.602,61.215,33.467,17.712,8.064
6.55667,200.010,171.775,145.109,90.616,61.277,33.577,17.735,8.067
6.56000,200.176,171.883,145.157,90.644,61.216,33.508,17.729,7.987
6.56333,200.251,171.885,145.273,90.698,61.282,33.471,17.719,8.026
6.56667,200.441,172.005,145.369,90.740,61.273,33.529,17.739,8.043
6.57000,200.476,172.076,145.383,90.840,61.327,33.641,17.685,8.025
6.57333,200.514,172.208,145.483,90.860,61.301,33.564,17.745,8.076
6.57667,200.637,172.321,145.622,90.897,61.401,33.591,17.804,8.048
6.58000,200.786,172.387,145.630,90.967,61.394,33.665,17.778,8.086
6.58333,200.862,172.466,145.775,91.088,61.414,33.677,17.853,8.078
6.58667,200.986,172.471,145.765,91.018,61.501,33.671,17.821,8.104
6.59000,201.085,172.577,145.844,91.106,61.523,33.637,17.815,8.101
6.59333,201.138,172.708,145.963,91.115,61.562,33.694,17.773,8.125
6.59667,201.261,172.805,146.015,91.181,61.587,33.825,17.858,8.048
6.60000,201.367,172.837,146.128,91.205,61.634,33.745,17.852,8.036
6.60333,201.537,173.043,146.111,91.200,61.659,33.777,17.843,8.102
6.60667,201.567,173.076,146.199,91.268,61.625,33.771,17.856,8.083
6.61000,201.723,173.115,146.278,91.359,61.655,33.809,17.873,8.064
6.61333,201.842,173.136,146.384,91.388,61.744,33.789,17.853,8.143
6.61667,201.918,173.318,146.458,91.418,61.724,33.834,17.906,8.065
6.62000,201.950,173.407,146.521,91.446,61.797,33.848,17.888,8.065
6.62333,202.094,173.475,146.605,91.575,61.832,33.887,17.928,8.087
6.62667,202.168,173.539,146.710,91.596,61.847,33.886,17.938,8.118
6.63000,202.281,173.697,146.764,91.554,61.855,33.892,17.927,8.070
6.63333,202.402,173.680,146.829,91.647,61.918,33.934,17.923,8.113
6.63667,202.506,173.865,146.941,91.760,61.916,33.935,17.871,8.060
6.64000,202.609,173.913,147.008,91.767,61.999,33.943,17.947,8.161
6.64333,202.721,174.000,146.981,91.792,62.056,33.985,17.984,8.155
6.64667,202.801,174.097,147.155,91.925,62.075,33.959,18.018,8.139
6.65000,202.966,174.228,147.231,91.878,62.083,33.942,18.037,8.137
6.65333,202.977,174.234,147.256,91.978,62.098,33.941,17.970,8.178
6.65667,203.159,174.383,147.344,91.987,62.140,34.035,18.010,8.115
6.66000,203.165,174.454,147.384,92.057,62.167,34.030,17.982,8.135
6.66333,203.326,174.529,147.458,92.145,62.205,34.093,18.047,8.134
6.66667,203.416,174.546,147.584,92.109,62.239,33.986,18.108,8.213
6.67000,203.470,174.685,147.614,92.143,62.278,34.046,18.049,8.131
6.67333,203.607,174.777,147.743,92.263,62.287,34.145,17.967,8.170
6.67667,203.747,174.831,147.777,92.245,62.295,34.149,18.040,8.218
6.68000,203.855,174.982,147.839,92.347,62.389,34.106,18.068,8.170
6.68333,203.886,175.081,147.941,92.360,62.390,34.115,18.105,8.184
6.68667,204.056,175.115,147.961,92.404,62.399,34.185,18.071,8.210
6.69000,204.086,175.243,148.047,92.462,62.455,34.215,18.105,8.215
6.69333,204.205,175.375,148.095,92.487,62.400,34.246,18.094,8.184
6.69667,204.297,175.377,148.190,92.576,62.486,34.123,18.100,8.189
6.70000,204.416,175.463,148.287,92.572,62.514,34.315,18.122,8.195
6.70333,204.473,175.618,148.301,92.648,62.522,34.249,18.171,8.227
6.70667,204.580,175.642,148.424,92.722,62.629,34.213,18.151,8.260
6.71000,204.710,175.693,148.492,92.724,62.667,34.241,18.186,8.299
6.71333,204.809,175.782,148.613,92.740,62.596,34.265,18.114,8.169
6.71667,204.944,175.888,148.685,92.869,62.678,34.327,18.118,8.224
6.72000,204.989,175.952,148.686,92.843,62.700,34.285,18.223,8.274
6.72333,205.143,176.106,148.768,92.885,62.690,34.367,18.188,8.210
6.72667,205.227,176.183,148.870,92.893,62.740,34.342,18.193,8.260
6.73000,205.280,176.268,148.992,92.997,62.788,34.384,18.181,8.249
6.73333,205.442,176.347,148.998,93.059,62.840,34.381,18.122,8.230
6.73667,205.494,176.435,149.118,93.093,62.867,34.444,18.260,8.255
6.74000,205.611,176.447,149.136,93.150,62.869,34.433,18.214,8.234
6.74333,205.726,176.582,149.173,93.168,62.883,34.424,18.178,8.306
6.74667,205.832,176.650,149.257,93.207,62.964,34.484,18.267,8.236
6.75000,205.915,176.732,149.381,93.192,62.974,34.489,18.289,8.304
6.75333,206.049,176.863,149.399,93.290,62.983,34.547,18.256,8.248
6.75667,206.120,176.951,149.502,93.356,63.053,34.497,18.290,8.270
6.76000,206.210,177.033,149.629,93.464,63.032,34.506,18.292,8.317
6.76333,206.310,177.129,149.600,93.492,63.067,34.533,18.316,8.238
6.76667,206.410,177.176,149.707,93.505,63.191,34.575,18.355,8.243
6.77000,206.560,177.299,149.842,93.510,63.152,34.632,18.328,8.294
6.77333,206.614,177.359,149.907,93.615,63.233,34.614,18.275,8.314
6.77667,206.737,177.426,149.946,93.678,63.241,34.640,18.295,8.297
6.78000,206.815,177.560,150.009,93.706,63.256,34.675,18.352,8.287
6.78333,206.920,177.582,150.056,93.749,63.352,34.661,18.350,8.337
6.78667,206.999,177.690,150.133,93.818,63.294,34.667,18.401,8.322
6.79000,207.092,177.810,150.196,93.808,63.364,34.695,18.309,8.324
6.79333,207.201,177.789,150.354,93.913,63.339,34.682,18.380,8.271
6.79667,207.363,178.001,150.384,93.979,63.365,34.705,18.331,8.237
6.80000,207.362,178.113,150.454,93.948,63.406,34.729,18.395,8.371
6.80333,207.550,178.166,150.541,93.979,63.447,34.832,18.401,8.301
6.80667,207.634,178.165,150.548,94.029,63.522,34.829,18.410,8.319
6.81000,207.758,178.248,150.678,94.158,63.492,34.764,18.452,8.381
6.81333,207.852,178.414,150.720,94.132,63.547,34.871,18.396,8.348
6.81667,207.866,178.494,150.818,94.192,63.622,34.843,18.427,8.324
6.82000,208.074,178.531,150.849,94.276,63.637,34.825,18.440,8.387
6.82333,208.127,178.654,151.035,94.320,63.647,34.847,18.436,8.346
6.82667,208.232,178.661,151.044,94.346,63.663,34.825,18.477,8.412
6.83000,208.289,178.800,151.125,94.390,63.693,34.865,18.471,8.420
6.83333,208.391,178.888,151.193,94.381,63.718,34.920,18.501,8.365
6.83667,208.624,178.888,151.218,94.451,63.814,34.915,18.493,8.378
6.84000,208.670,179.073,151.281,94.471,63.796,34.902,18.455,8.375
6.84333,208.667,179.177,151.373,94.560,63.815,34.959,18.452,8.384
6.84667,208.836,179.283,151.412,94.575,63.925,34.941,18.464,8.374
6.85000,208.904,179.271,151.526,94.618,63.922,35.019,18.526,8.333
6.85333,208.992,179.409,151.565,94.653,63.947,34.990,18.567,8.401
6.85667,209.118,179.472,151.700,94.686,63.958,35.019,18.547,8.456
6.86000,209.213,179.638,151.748,94.840,63.980,34.980,18.600,8.343
6.86333,209.335,179.664,151.826,94.832,64.014,34.992,18.554,8.485
6.86667,209.430,179.722,151.942,94.857,64.051,35.045,18.540,8.382
6.87000,209.555,179.818,151.999,94.904,64.052,35.057,18.514,8.486
6.87333,209.642,179.905,152.029,94.958,64.051,35.116,18.592,8.417
6.87667,209.671,180.081,152.061,95.053,64.125,35.165,18.634,8.469
6.88000,209.825,180.032,152.208,95.139,64.159,35.099,18.591,8.387
6.88333,209.925,180.234,152.238,95.077,64.168,35.149,18.604,8.503
6.88667,210.092,180.284,152.328,95.122,64.266,35.106,18.632,8.440
6.89000,210.122,180.331,152.429,95.140,64.233,35.180,18.632,8.476
6.89333,210.211,180.408,152.486,95.242,64.295,35.159,18.599,8.400
6.89667,210.322,180.530,152.525,95.288,64.282,35.230,18.666,8.410
6.90000,210.421,180.601,152.657,95.334,64.369,35.206,18.603,8.484
6.90333,210.573,180.630,152.738,95.397,64.297,35.237,18.708,8.499
6.90667,210.573,180.767,152.746,95.433,64.423,35.298,18.667,8.405
6.91000,210.806,180.887,152.816,95.462,64.448,35.313,18.655,8.436
6.91333,210.786,180.918,152.940,95.507,64.466,35.255,18.714,8.492
6.91667,210.896,181.033,152.912,95.530,64.435,35.341,18.732,8.464
6.92000,211.080,181.116,153.059,95.587,64.500,35.365,18.764,8.515
6.92333,211.102,181.129,153.177,95.680,64.535,35.390,18.684,8.498
6.92667,211.171,181.331,153.231,95.709,64.649,35.438,18.766,8.494
6.93000,211.314,181.346,153.304,95.707,64.635,35.326,18.719,8.515
6.93333,211.403,181.465,153.287,95.788,64.671,35.373,18.727,8.525
6.93667,211.448,181.511,153.433,95.842,64.728,35.386,18.739,8.492
6.94000,211.609,181.650,153.466,95.803,64.691,35.384,18.744,8.549
6.94333,211.677,181.671,153.529,95.903,64.731,35.439,18.804,8.512
6.94667,211.784,181.829,153.602,95.904,64.814,35.490,18.784,8.509
6.95000,211.854,181.904,153.664,95.981,64.757,35.442,18.785,8.473
6.95333,211.994,181.965,153.742,96.011,64.798,35.493,18.785,8.472
6.95667,212.154,182.131,153.876,96.084,64.905,35.534,18.791,8.555
6.96000,212.246,182.121,153.936,96.136,64.929,35.533,18.878,8.515
6.96333,212.357,182.228,154.011,96.173,64.902,35.557,18.753,8.507
6.96667,212.494,182.327,154.019,96.149,64.893,35.598,18.770,8.550
6.97000,212.514,182.419,154.109,96.255,64.961,35.598,18.839,8.585
6.97333,212.697,182.513,154.196,96.314,64.933,35.618,18.858,8.593
6.97667,212.656,182.586,154.270,96.330,65.060,35.658,18.875,8.596
6.98000,212.804,182.640,154.366,96.357,65.047,35.659,18.878,8.527
6.98333,212.924,182.785,154.389,96.456,65.125,35.656,18.941,8.514
6.98667,213.091,182.777,154.523,96.461,65.194,35.634,18.848,8.592
6.99000,213.130,182.914,154.508,96.544,65.161,35.671,18.854,8.558
6.99333,213.222,182.977,154.614,96.571,65.184,35.714,18.945,8.620
6.99667,213.268,183.055,154.662,96.572,65.265,35.707,18.896,8.545
7.00000,213.353,183.192,154.731,96.627,65.248,35.723,18.901,8.634
7.00333,213.512,183.221,154.859,96.701,65.286,35.731,18.928,8.586
7.00667,213.656,183.269,154.961,96.747,65.321,35.721,18.907,8.587
7.01000,213.726,183.380,154.983,96.830,65.294,35.796,18.961,8.559
7.01333,213.812,183.587,155.042,96.851,65.335,35.865,18.949,8.620
7.01667,213.942,183.612,155.137,96.946,65.369,35.799,18.941,8.585
7.02000,214.066,183.684,155.203,96.916,65.385,35.877,18.977,8.700
7.02333,214.081,183.730,155.259,96.979,65.440,35.853,18.999,8.569
7.02667,214.196,183.835,155.363,97.045,65.547,35.866,18.976,8.565
7.03000,214.281,183.940,155.451,97.019,65.521,35.920,18.996,8.558
7.03333,214.394,184.035,155.447,97.083,65.530,35.907,19.025,8.598
7.03667,214.502,184.043,155.527,97.183,65.633,35.930,19.031,8.621
7.04000,214.553,184.184,155.644,97.155,65.599,35.925,19.067,8.632
7.04333,214.667,184.188,155.674,97.213,65.641,36.044,19.058,8.594
7.04667,214.775,184.336,155.782,97.314,65.657,35.959,19.133,8.649
7.05000,214.884,184.474,155.842,97.375,65.744,35.993,19.003,8.644
7.05333,214.958,184.518,155.957,97.395,65.728,35.991,19.075,8.658
7.05667,215.121,184.582,156.023,97.417,65.837,36.025,19.130,8.634
7.06000,215.213,184.682,156.134,97.441,65.760,36.077,19.074,8.629
7.06333,215.324,184.858,156.171,97.583,65.797,36.029,19.128,8.681
7.06667,215.350,184.844,156.245,97.571,65.862,36.061,19.139,8.628
7.07000,215.484,184.975,156.289,97.688,65.848,36.081,19.118,8.584
7.07333,215.603,185.108,156.365,97.706,65.883,36.085,19.107,8.578
7.07667,215.679,185.114,156.432,97.685,65.987,36.186,19.148,8.632
7.08000,215.777,185.261,156.462,97.701,65.978,36.137,19.223,8.704
7.08333,215.912,185.254,156.582,97.765,66.015,36.096,19.198,8.660
7.08667,216.017,185.406,156.612,97.860,66.071,36.170,19.188,8.725
7.09000,216.062,185.492,156.713,97.815,66.064,36.209,19.170,8.690
7.09333,216.195,185.643,156.842,97.986,66.138,36.266,19.200,8.673
7.09667,216.289,185.663,156.849,97.963,66.105,36.264,19.190,8.683
7.10000,216.454,185.705,156.913,98.040,66.126,36.250,19.184,8.692
7.10333,216.437,185.834,156.954,98.091,66.202,36.219,19.128,8.718
7.10667,216.578,185.893,157.023,98.085,66.195,36.175,19.281,8.695
7.11000,216.697,186.004,157.179,98.133,66.224,36.255,19.195,8.767
7.11333,216.772,186.076,157.245,98.216,66.224,36.281,19.275,8.682
7.11667,216.841,186.164,157.280,98.257,66.315,36.298,19.195,8.686
7.12000,216.984,186.346,157.351,98.298,66.359,36.341,19.221,8.746
7.12333,217.116,186.279,157.487,98.312,66.329,36.283,19.240,8.740
7.12667,217.118,186.389,157.487,98.407,66.377,36.357,19.272,8.704
7.13000,217.312,186.475,157.563,98.438,66.383,36.427,19.250,8.732
7.13333,217.422,186.550,157.663,98.454,66.469,36.420,19.240,8.802
7.13667,217.504,186.704,157.794,98.528,66.497,36.410,19.298,8.729
7.14000,217.534,186.731,157.795,98.626,66.433,36.443,19.301,8.792
7.14333,217.707,186.789,157.838,98.669,66.563,36.462,19.294,8.744
7.14667,217.766,186.927,157.956,98.617,66.569,36.581,19.324,8.754
7.15000,217.828,186.999,157.961,98.677,66.547,36.489,19.366,8.745
7.15333,217.983,187.129,158.063,98.753,66.645,36.476,19.343,8.731
7.15667,218.127,187.221,158.173,98.818,66.661,36.581,19.348,8.772
7.16000,218.200,187.301,158.238,98.782,66.723,36.475,19.430,8.775
7.16333,218.316,187.347,158.290,98.849,66.701,36.477,19.355,8.792
7.16667,218.399,187.415,158.342,98.897,66.687,36.667,19.405,8.822
7.17000,218.486,187.521,158.488,98.998,66.790,36.573,19.412,8.746
7.17333,218.625,187.607,158.487,98.938,66.855,36.618,19.440,8.737
7.17667,218.676,187.597,158.593,99.062,66.903,36.647,19.447,8.861
7.18000,218.801,187.752,158.706,99.075,66.901,36.675,19.434,8.765
7.18333,218.871,187.779,158.697,99.182,66.926,36.686,19.395,8.751
7.18667,218.990,187.933,158.796,99.195,66.941,36.718,19.421,8.801
7.19000,219.032,188.067,158.822,99.252,66.923,36.699,19.431,8.783
7.19333,219.141,188.103,158.920,99.270,66.994,36.760,19.439,8.826
7.19667,219.300,188.215,159.074,99.328,67.050,36.729,19.473,8.752
7.20000,219.413,188.273,159.039,99.330,67.097,36.712,19.464,8.820
7.20333,219.454,188.322,159.127,99.435,67.078,36.747,19.553,8.796
7.20667,219.593,188.511,159.208,99.436,67.094,36.809,19.509,8.757
7.21000,219.677,188.548,159.352,99.525,67.173,36.795,19.570,8.790
7.21333,219.775,188.637,159.412,99.631,67.210,36.777,19.569,8.864
7.21667,219.922,188.688,159.461,99.618,67.219,36.831,19.542,8.823
7.22000,219.941,188.818,159.560,99.640,67.229,36.777,19.425,8.843
7.22333,220.091,188.940,159.623,99.590,67.291,36.864,19.598,8.845
7.22667,220.131,189.028,159.663,99.768,67.258,36.802,19.556,8.849
7.23000,220.321,189.050,159.757,99.784,67.332,36.874,19.598,8.893
7.23333,220.347,189.138,159.824,99.851,67.356,36.875,19.554,8.892
7.23667,220.465,189.250,159.892,99.874,67.388,36.939,19.569,8.887
7.24000,220.599,189.335,159.955,99.953,67.432,36.885,19.574,8.869
7.24333,220.683,189.427,160.069,99.975,67.481,36.880,19.582,8.894
7.24667,220.810,189.522,160.127,100.098,67.498,36.989,19.597,8.852
7.25000,220.826,189.578,160.246,100.069,67.537,36.977,19.659,8.856
7.25333,220.977,189.681,160.278,100.098,67.573,36.968,19.652,8.833
7.25667,221.090,189.795,160.380,100.115,67.565,37.069,19.642,8.909
7.26000,221.176,189.850,160.374,100.238,67.611,37.036,19.718,8.864
7.26333,221.282,189.934,160.487,100.306,67.638,37.070,19.682,8.851
7.26667,221.398,190.016,160.474,100.236,67.647,37.009,19.670,8.893
7.27000,221.478,190.073,160.622,100.393,67.642,37.088,19.690,8.918
7.27333,221.634,190.167,160.737,100.402,67.742,37.150,19.639,8.920
7.27667,221.750,190.213,160.748,100.446,67.782,37.109,19.644,8.868
7.28000,221.816,190.309,160.881,100.469,67.771,37.104,19.754,8.933
7.28333,221.903,190.431,160.906,100.469,67.818,37.135,19.611,8.823
7.28667,221.987,190.602,160.956,100.580,67.798,37.183,19.736,8.937
7.29000,222.112,190.605,161.096,100.579,67.889,37.204,19.672,8.951
7.29333,222.223,190.719,161.168,100.585,67.905,37.193,19.741,8.930
7.29667,222.250,190.794,161.191,100.727,67.952,37.240,19.757,8.916
7.30000,222.400,190.884,161.264,100.725,67.961,37.337,19.776,8.941
7.30333,222.463,190.943,161.350,100.785,67.993,37.291,19.727,8.983
7.30667,222.614,191.029,161.459,100.847,67.987,37.292,19.824,8.935
7.31000,222.711,191.108,161.518,100.910,68.072,37.306,19.764,9.013
7.31333,222.788,191.180,161.600,100.893,68.103,37.301,19.765,8.958
7.31667,222.938,191.338,161.616,101.061,68.122,37.329,19.819,8.953
7.32000,223.005,191.380,161.715,100.968,68.141,37.337,19.849,8.922
7.32333,223.040,191.467,161.738,101.083,68.187,37.295,19.881,8.943
7.32667,223.210,191.505,161.830,101.079,68.254,37.385,19.851,9.008
7.33000,223.354,191.677,161.897,101.187,68.227,37.403,19.863,9.011
7.33333,223.350,191.670,162.046,101.269,68.287,37.394,19.807,9.031
7.33667,223.457,191.852,162.137,101.272,68.304,37.436,19.879,9.007
7.34000,223.606,191.924,162.138,101.339,68.267,37.411,19.901,9.015
7.34333,223.689,191.990,162.196,101.390,68.336,37.474,19.842,8.979
7.34667,223.767,192.143,162.323,101.383,68.367,37.470,19.846,9.023
7.35000,223.873,192.111,162.405,101.386,68.417,37.456,19.858,8.984
7.35333,224.039,192.214,162.468,101.490,68.470,37.523,19.967,8.998
7.35667,224.142,192.304,162.518,101.518,68.506,37.496,19.897,9.038
7.36000,224.157,192.430,162.676,101.604,68.523,37.532,19.918,9.032
7.36333,224.309,192.499,162.726,101.630,68.487,37.468,19.871,8.991
7.36667,224.396,192.558,162.768,101.616,68.576,37.572,19.955,8.970
7.37000,224.499,192.719,162.795,101.697,68.609,37.586,19.933,8.969
7.37333,224.668,192.783,162.879,101.757,68.617,37.642,19.917,9.055
7.37667,224.670,192.798,162.966,101.768,68.679,37.612,19.920,9.069
7.38000,224.832,192.947,163.043,101.819,68.730,37.665,19.930,8.979
7.38333,224.933,193.005,163.046,101.880,68.747,37.672,19.969,9.015
7.38667,225.042,193.173,163.153,101.909,68.776,37.680,19.987,9.087
7.39000,225.124,193.261,163.271,101.978,68.795,37.677,20.037,9.067
7.39333,225.173,193.322,163.297,101.989,68.816,37.722,19.982,9.131
7.39667,225.351,193.378,163.404,102.050,68.782,37.694,20.034,9.075
7.40000,225.406,193.443,163.457,102.134,68.900,37.746,20.028,9.067
7.40333,225.551,193.613,163.534,102.203,68.959,37.690,19.994,9.130
7.40667,225.580,193.622,163.603,102.208,68.895,37.765,19.993,9.042
7.41000,225.708,193.706,163.650,102.299,68.990,37.759,20.093,9.151
7.41333,225.850,193.850,163.779,102.270,69.026,37.830,20.061,9.116
7.41667,225.924,193.854,163.788,102.385,69.044,37.750,20.105,9.014
7.42000,226.081,194.018,163.902,102.386,69.043,37.866,20.065,9.050
7.42333,226.126,194.121,163.994,102.507,69.133,37.824,20.115,9.129
7.42667,226.195,194.170,164.104,102.477,69.164,37.946,20.107,9.035
7.43000,226.358,194.314,164.125,102.499,69.161,37.925,20.134,9.108
7.43333,226.430,194.356,164.160,102.622,69.196,37.879,20.090,9.063
7.43667,226.594,194.440,164.278,102.655,69.249,37.934,20.099,9.095
7.44000,226.664,194.537,164.360,102.580,69.248,37.947,20.113,9.081
7.44333,226.763,194.517,164.403,102.697,69.342,37.966,20.190,9.125
7.44667,226.919,194.730,164.510,102.807,69.338,37.943,20.207,9.101
7.45000,227.041,194.817,164.561,102.838,69.341,38.080,20.217,9.076
7.45333,227.036,194.867,164.721,102.942,69.368,38.066,20.149,9.113
7.45667,227.167,194.942,164.759,102.866,69.352,38.107,20.180,9.090
7.46000,227.356,195.036,164.755,102.926,69.427,38.009,20.211,9.168
7.46333,227.293,195.173,164.924,103.032,69.421,38.086,20.223,9.134
7.46667,227.453,195.159,164.996,103.014,69.488,38.056,20.194,9.151
7.47000,227.536,195.282,165.001,103.066,69.520,38.108,20.198,9.145
7.47333,227.667,195.387,165.067,103.110,69.507,38.124,20.205,9.138
7.47667,227.783,195.547,165.096,103.182,69.618,38.162,20.281,9.165
7.48000,227.906,195.564,165.216,103.240,69.625,38.194,20.280,9.187
7.48333,227.983,195.683,165.339,103.300,69.683,38.219,20.306,9.140
7.48667,228.139,195.772,165.382,103.277,69.742,38.206,20.248,9.109
7.49000,228.192,195.847,165.472,103.417,69.699,38.253,20.357,9.179
7.49333,228.257,195.936,165.495,103.411,69.777,38.250,20.258,9.205
7.49667,228.402,196.043,165.625,103.475,69.772,38.263,20.269,9.191
7.50000,228.560,196.133,165.685,103.523,69.811,38.209,20.315,9.123
7.50333,228.660,196.229,165.735,103.557,69.833,38.336,20.277,9.169
7.50667,228.739,196.261,165.866,103.624,69.894,38.221,20.367,9.190
7.51000,228.846,196.399,165.888,103.635,69.880,38.261,20.253,9.156
7.51333,228.940,196.464,166.011,103.706,69.973,38.343,20.331,9.194
7.51667,229.024,196.558,166.089,103.765,69.981,38.363,20.384,9.241
7.52000,229.124,196.660,166.148,103.798,69.993,38.368,20.371,9.212
7.52333,229.242,196.754,166.220,103.822,70.028,38.373,20.368,9.235
7.52667,229.296,196.821,166.287,103.904,70.076,38.372,20.405,9.181
7.53000,229.325,196.919,166.333,103.958,70.070,38.453,20.365,9.251
7.53333,229.566,196.975,166.522,104.006,70.120,38.485,20.324,9.195
7.53667,229.660,197.053,166.549,104.011,70.187,38.490,20.413,9.245
7.54000,229.705,197.207,166.548,104.109,70.207,38.449,20.399,9.277
7.54333,229.879,197.265,166.585,104.126,70.221,38.494,20.431,9.238
7.54667,229.899,197.330,166.682,104.211,70.275,38.499,20.440,9.261
7.55000,230.015,197.467,166.834,104.190,70.241,38.540,20.373,9.254
7.55333,230.156,197.475,166.931,104.309,70.320,38.459,20.427,9.219
7.55667,230.272,197.606,166.985,104.291,70.374,38.520,20.508,9.284
7.56000,230.324,197.733,167.012,104.344,70.411,38.520,20.514,9.229
7.56333,230.515,197.758,167.124,104.435,70.392,38.558,20.514,9.250
7.56667,230.577,197.929,167.243,104.458,70.514,38.612,20.519,9.240
7.57000,230.792,197.991,167.359,104.556,70.473,38.598,20.519,9.228
7.57333,230.720,198.130,167.321,104.654,70.528,38.604,20.494,9.296
7.57667,230.875,198.126,167.376,104.603,70.604,38.697,20.490,9.278
7.58000,230.978,198.197,167.540,104.641,70.595,38.687,20.531,9.281
7.58333,231.133,198.245,167.588,104.674,70.555,38.737,20.521,9.227
7.58667,231.206,198.410,167.697,104.734,70.529,38.748,20.635,9.291
7.59000,231.310,198.581,167.708,104.786,70.699,38.685,20.524,9.266
7.59333,231.381,198.614,167.746,104.874,70.707,38.721,20.588,9.298
7.59667,231.516,198.671,167.861,104.903,70.714,38.800,20.547,9.297
7.60000,231.676,198.841,167.972,104.918,70.759,38.800,20.597,9.351
7.60333,231.727,198.893,168.019,104.934,70.799,38.752,20.669,9.290
7.60667,231.835,198.925,168.112,105.055,70.844,38.852,20.622,9.316
7.61000,232.011,199.089,168.189,105.023,70.887,38.845,20.589,9.336
7.61333,232.065,199.140,168.247,105.145,70.871,38.863,20.607,9.355
7.61667,232.123,199.304,168.339,105.181,70.951,38.903,20.637,9.324
7.62000,232.274,199.265,168.405,105.218,70.903,38.891,20.706,9.324
7.62333,232.377,199.429,168.492,105.282,70.983,38.876,20.628,9.342
7.62667,232.461,199.460,168.549,105.381,71.062,38.948,20.708,9.407
7.63000,232.600,199.618,168.629,105.369,71.054,38.982,20.644,9.348
7.63333,232.704,199.693,168.665,105.394,71.084,38.971,20.710,9.358
7.63667,232.821,199.762,168.795,105.396,71.114,38.966,20.706,9.374
7.64000,232.818,199.872,168.889,105.478,71.124,38.988,20.743,9.377
7.64333,233.061,199.950,168.981,105.537,71.214,39.006,20.698,9.368
7.64667,233.126,200.054,169.018,105.628,71.166,39.044,20.708,9.368
7.65000,233.176,200.147,169.059,105.625,71.276,38.975,20.666,9.377
7.65333,233.344,200.239,169.162,105.687,71.358,39.049,20.698,9.382
7.65667,233.451,200.385,169.303,105.749,71.286,39.094,20.816,9.325
7.66000,233.435,200.395,169.311,105.817,71.389,39.048,20.703,9.353
7.66333,233.614,200.504,169.331,105.855,71.411,39.181,20.756,9.372
7.66667,233.717,200.609,169.423,105.834,71.441,39.165,20.768,9.398
7.67000,233.865,200.691,169.508,105.922,71.429,39.118,20.792,9.407
7.67333,233.914,200.757,169.645,105.987,71.478,39.158,20.815,9.363
7.67667,234.077,200.872,169.716,106.033,71.503,39.159,20.799,9.443
7.68000,234.222,201.000,169.733,106.102,71.528,39.239,20.789,9.404
7.68333,234.311,201.012,169.859,106.105,71.536,39.287,20.873,9.369
7.68667,234.350,201.152,169.968,106.191,71.610,39.259,20.901,9.423
7.69000,234.483,201.222,169.952,106.290,71.596,39.316,20.853,9.446
7.69333,234.538,201.290,170.081,106.251,71.737,39.269,20.803,9.391
7.69667,234.596,201.397,170.164,106.355,71.654,39.272,20.838,9.437
7.70000,234.777,201.510,170.147,106.345,71.760,39.221,20.828,9.479
7.70333,234.965,201.538,170.305,106.441,71.784,39.301,20.860,9.434
7.70667,234.963,201.690,170.444,106.509,71.772,39.294,20.925,9.442
7.71000,235.154,201.810,170.479,106.511,71.795,39.374,20.926,9.401
7.71333,235.187,201.882,170.527,106.613,71.776,39.324,20.923,9.487
7.71667,235.320,201.937,170.621,106.553,71.896,39.398,20.865,9.517
7.72000,235.443,202.066,170.651,106.667,71.891,39.409,20.916,9.407
7.72333,235.534,202.152,170.790,106.720,72.005,39.428,20.917,9.447
7.72667,235.735,202.155,170.854,106.763,72.026,39.444,20.919,9.440
7.73000,235.749,202.328,170.925,106.791,71.952,39.507,20.929,9.524
7.73333,235.876,202.460,171.027,106.830,72.009,39.504,20.861,9.525
7.73667,235.960,202.508,171.121,106.892,72.045,39.522,21.025,9.463
7.74000,236.067,202.625,171.175,107.018,72.074,39.495,20.969,9.474
7.74333,236.170,202.663,171.274,106.992,72.130,39.530,21.035,9.564
7.74667,236.252,202.755,171.351,106.992,72.123,39.576,20.931,9.460
7.75000,236.396,202.951,171.437,107.151,72.234,39.586,20.980,9.519
7.75333,236.522,202.939,171.477,107.140,72.240,39.564,21.023,9.550
7.75667,236.635,203.057,171.525,107.221,72.321,39.614,21.019,9.561
7.76000,236.648,203.094,171.619,107.178,72.351,39.662,21.053,9.522
7.76333,236.836,203.196,171.744,107.269,72.307,39.671,21.027,9.523
7.76667,236.976,203.356,171.794,107.321,72.339,39.701,21.097,9.508
7.77000,237.084,203.374,171.882,107.464,72.339,39.674,21.026,9.535
7.77333,237.159,203.514,171.912,107.425,72.438,39.757,21.076,9.580
7.77667,237.211,203.583,172.110,107.550,72.444,39.772,21.081,9.524
7.78000,237.392,203.735,172.123,107.497,72.489,39.773,21.135,9.538
7.78333,237.554,203.810,172.148,107.606,72.519,39.729,21.148,9.574
7.78667,237.551,203.914,172.232,107.606,72.598,39.749,21.140,9.540
7.79000,237.686,204.002,172.381,107.704,72.665,39.820,21.209,9.622
7.79333,237.778,204.088,172.393,107.735,72.656,39.860,21.115,9.592
7.79667,237.815,204.166,172.490,107.748,72.661,39.798,21.139,9.599
7.80000,238.059,204.298,172.534,107.802,72.659,39.807,21.144,9.552
7.80333,238.112,204.396,172.643,107.876,72.704,39.870,21.156,9.589
7.80667,238.262,204.399,172.703,107.994,72.799,39.908,21.216,9.570
7.81000,238.299,204.512,172.772,107.994,72.823,39.947,21.156,9.591
7.81333,238.468,204.631,172.861,108.036,72.822,39.924,21.177,9.553
7.81667,238.581,204.710,173.021,108.050,72.904,39.961,21.216,9.628
7.82000,238.636,204.818,173.055,108.117,72.920,39.904,21.226,9.620
7.82333,238.826,204.942,173.123,108.171,72.891,39.929,21.199,9.622
7.82667,238.896,205.033,173.275,108.258,72.967,40.009,21.238,9.580
7.83000,239.041,205.111,173.278,108.269,73.008,39.962,21.223,9.629
7.83333,239.103,205.205,173.425,108.285,73.024,40.043,21.254,9.657
7.83667,239.226,205.316,173.407,108.388,73.074,40.024,21.343,9.615
7.84000,239.343,205.348,173.523,108.445,73.118,40.081,21.320,9.671
7.84333,239.431,205.475,173.637,108.417,73.096,40.061,21.309,9.620
7.84667,239.505,205.558,173.649,108.553,73.176,40.103,21.346,9.637
7.85000,239.587,205.675,173.783,108.607,73.215,40.088,21.344,9.709
7.85333,239.786,205.730,173.905,108.662,73.230,40.179,21.338,9.593
7.85667,239.872,205.819,173.926,108.721,73.341,40.088,21.356,9.643
7.86000,239.994,205.910,173.976,108.703,73.274,40.181,21.301,9.617
7.86333,240.102,206.105,174.115,108.757,73.339,40.180,21.322,9.718
7.86667,240.168,206.195,174.103,108.847,73.368,40.216,21.336,9.635
7.87000,240.274,206.258,174.129,108.859,73.402,40.171,21.358,9.711
7.87333,240.438,206.298,174.315,108.952,73.438,40.229,21.376,9.682
7.87667,240.604,206.504,174.378,108.923,73.466,40.250,21.431,9.671
7.88000,240.634,206.489,174.415,109.050,73.486,40.337,21.368,9.661
7.88333,240.770,206.609,174.561,109.028,73.538,40.322,21.366,9.634
7.88667,240.889,206.745,174.678,109.074,73.631,40.347,21.433,9.684
7.89000,240.966,206.732,174.721,109.184,73.638,40.399,21.467,9.661
7.89333,241.034,206.870,174.782,109.206,73.592,40.375,21.441,9.682
7.89667,241.237,206.976,174.837,109.260,73.729,40.395,21.440,9.716
7.90000,241.327,207.106,174.973,109.394,73.697,40.434,21.502,9.674
7.90333,241.435,207.208,175.042,109.365,73.690,40.394,21.479,9.720
7.90667,241.508,207.219,175.100,109.420,73.695,40.470,21.548,9.713
7.91000,241.611,207.376,175.177,109.479,73.809,40.379,21.479,9.695
7.91333,241.693,207.423,175.212,109.500,73.829,40.485,21.525,9.784
7.91667,241.860,207.485,175.300,109.520,73.922,40.442,21.516,9.688
7.92000,241.979,207.666,175.437,109.598,73.851,40.483,21.577,9.720
7.92333,242.106,207.725,175.484,109.684,73.939,40.579,21.575,9.793
7.92667,242.212,207.852,175.604,109.728,74.027,40.502,21.582,9.724
7.93000,242.310,207.914,175.705,109.794,74.059,40.573,21.498,9.748
7.93333,242.342,208.057,175.717,109.827,74.082,40.528,21.561,9.778
7.93667,242.552,208.050,175.862,109.891,74.052,40.602,21.615,9.720
7.94000,242.647,208.192,175.878,109.936,74.134,40.624,21.572,9.725
7.94333,242.819,208.290,175.965,109.979,74.152,40.608,21.653,9.765
7.94667,242.817,208.421,176.103,110.046,74.125,40.651,21.626,9.815
7.95000,242.934,208.523,176.123,110.068,74.220,40.673,21.607,9.798
7.95333,243.039,208.597,176.247,110.158,74.204,40.704,21.619,9.807
7.95667,243.131,208.638,176.277,110.058,74.217,40.731,21.681,9.768
7.96000,243.339,208.766,176.410,110.197,74.296,40.724,21.642,9.796
7.96333,243.389,208.878,176.466,110.281,74.384,40.724,21.693,9.745
7.96667,243.490,208.936,176.532,110.340,74.400,40.806,21.700,9.757
7.97000,243.676,209.061,176.697,110.374,74.461,40.793,21.646,9.871
7.97333,243.757,209.175,176.712,110.370,74.464,40.808,21.739,9.780
7.97667,243.872,209.309,176.770,110.480,74.442,40.830,21.646,9.831
7.98000,243.933,209.346,176.821,110.532,74.495,40.857,21.745,9.808
7.98333,244.070,209.523,176.899,110.507,74.556,40.898,21.726,9.831
7.98667,244.245,209.554,177.076,110.662,74.540,40.871,21.677,9.859
7.99000,244.274,209.682,177.098,110.679,74.652,40.840,21.730,9.815
7.99333,244.450,209.781,177.148,110.708,74.661,40.832,21.774,9.786
7.99667,244.484,209.911,177.267,110.800,74.636,40.927,21.832,9.770
8.00000,244.632,209.949,177.373,110.868,74.727,40.959,21.738,9.841
8.00333,244.750,210.082,177.540,110.864,74.737,40.966,21.745,9.854
8.00667,244.849,210.243,177.570,110.945,74.731,40.991,21.770,9.868
8.01000,244.959,210.265,177.552,111.014,74.870,41.015,21.733,9.814
8.01333,245.146,210.324,177.679,111.052,74.834,41.053,21.792,9.869
8.01667,245.143,210.474,177.754,111.040,74.859,41.025,21.797,9.872
8.02000,245.320,210.558,177.867,111.103,74.880,41.009,21.839,9.862
8.02333,245.350,210.661,177.968,111.172,74.909,41.121,21.859,9.861
8.02667,245.554,210.695,178.078,111.290,74.921,41.121,21.868,9.908
8.03000,245.688,210.788,178.117,111.263,74.966,41.109,21.900,9.870
8.03333,245.765,210.867,178.164,111.427,75.084,41.095,21.925,9.919
8.03667,245.932,211.069,178.247,111.481,75.063,41.176,21.923,9.938
8.04000,245.964,211.122,178.346,111.456,75.102,41.207,21.915,9.862
8.04333,246.073,211.279,178.420,111.548,75.190,41.228,21.952,9.904
8.04667,246.220,211.323,178.571,111.589,75.183,41.239,21.925,9.889
8.05000,246.275,211.370,178.597,111.583,75.231,41.283,21.889,9.918
8.05333,246.451,211.445,178.743,111.666,75.289,41.225,21.952,9.907
8.05667,246.597,211.652,178.789,111.706,75.312,41.275,21.898,9.890
8.06000,246.629,211.688,178.826,111.742,75.388,41.277,22.011,9.938
8.06333,246.831,211.795,178.938,111.776,75.410,41.276,21.915,9.972
8.06667,246.960,211.907,178.992,111.844,75.417,41.340,21.978,9.921
8.07000,247.026,211.963,179.129,111.937,75.452,41.341,22.045,9.953
8.07333,247.124,212.060,179.180,112.001,75.434,41.471,21.963,9.954
8.07667,247.228,212.129,179.301,112.081,75.443,41.417,22.049,9.951
8.08000,247.384,212.326,179.390,112.047,75.521,41.458,21.977,9.891
8.08333,247.522,212.363,179.488,112.164,75.613,41.380,22.012,9.950
8.08667,247.581,212.479,179.503,112.151,75.610,41.439,22.094,9.927
8.09000,247.775,212.537,179.593,112.321,75.616,41.425,22.120,9.974
8.09333,247.797,212.729,179.718,112.258,75.677,41.525,22.078,9.982
8.09667,247.980,212.841,179.740,112.307,75.669,41.570,22.027,10.026
8.10000,248.059,212.888,179.818,112.390,75.738,41.512,22.118,9.979
8.10333,248.141,213.009,179.913,112.450,75.827,41.543,22.080,10.003
8.10667,248.230,213.120,179.978,112.528,75.816,41.558,22.116,10.007
8.11000,248.417,213.195,180.034,112.527,75.813,41.541,22.120,9.942
8.11333,248.540,213.220,180.181,112.615,75.853,41.612,22.126,9.998
8.11667,248.658,213.333,180.280,112.622,75.935,41.557,22.141,10.043
8.12000,248.703,213.541,180.391,112.715,75.932,41.665,22.155,10.009
8.12333,248.895,213.589,180.455,112.801,75.975,41.657,22.194,10.006
8.12667,248.975,213.591,180.505,112.773,76.039,41.726,22.138,10.045
8.13000,249.066,213.780,180.566,112.910,76.047,41.678,22.113,9.993
8.13333,249.219,213.847,180.689,112.876,76.164,41.637,22.242,10.036
8.13667,249.354,213.906,180.735,112.953,76.138,41.816,22.122,10.000
8.14000,249.432,214.030,180.824,112.971,76.147,41.802,22.156,10.019
8.14333,249.627,214.186,180.868,113.063,76.199,41.747,22.239,10.066
8.14667,249.690,214.266,180.995,113.103,76.209,41.797,22.232,10.030
8.15000,249.813,214.316,181.063,113.216,76.212,41.779,22.219,10.049
8.15333,249.869,214.462,181.223,113.186,76.336,41.835,22.278,10.051
8.15667,250.008,214.611,181.296,113.308,76.403,41.844,22.268,10.063
8.16000,250.145,214.672,181.378,113.318,76.404,41.858,22.256,10.069
8.16333,250.217,214.786,181.442,113.451,76.443,41.859,22.260,10.105
8.16667,250.367,214.791,181.486,113.416,76.487,41.910,22.289,10.103
8.17000,250.468,214.957,181.628,113.529,76.462,41.944,22.325,10.120
8.17333,250.628,215.026,181.630,113.558,76.498,41.923,22.359,10.077
8.17667,250.684,215.170,181.756,113.621,76.545,41.955,22.242,10.114
8.18000,250.843,215.246,181.799,113.599,76.651,41.933,22.312,10.134
8.18333,251.048,215.365,181.996,113.741,76.645,41.995,22.432,10.088
8.18667,251.026,215.466,182.073,113.795,76.713,42.012,22.370,10.090
8.19000,251.147,215.568,182.111,113.809,76.678,42.009,22.343,10.067
8.19333,251.327,215.603,182.156,113.878,76.641,42.074,22.409,10.121
8.19667,251.418,215.798,182.277,113.904,76.779,42.136,22.405,10.112
8.20000,251.542,215.791,182.357,113.981,76.795,42.114,22.430,10.101
8.20333,251.634,215.976,182.413,114.055,76.842,42.189,22.449,10.120
8.20667,251.782,216.111,182.534,114.126,76.887,42.142,22.402,10.157
8.21000,251.882,216.173,182.643,114.155,76.888,42.102,22.455,10.102
8.21333,252.044,216.263,182.734,114.246,76.942,42.225,22.491,10.156
8.21667,252.129,216.342,182.841,114.207,76.995,42.231,22.480,10.110
8.22000,252.245,216.463,182.873,114.320,77.008,42.238,22.423,10.024
8.22333,252.361,216.564,183.013,114.289,77.071,42.221,22.507,10.202
8.22667,252.488,216.622,183.080,114.439,77.055,42.282,22.517,10.112
8.23000,252.607,216.786,183.224,114.399,77.141,42.233,22.469,10.205
8.23333,252.712,216.891,183.226,114.553,77.159,42.287,22.548,10.139
8.23667,252.855,216.973,183.315,114.491,77.196,42.250,22.474,10.209
8.24000,252.915,217.077,183.409,114.590,77.209,42.332,22.565,10.192
8.24333,253.060,217.138,183.436,114.645,77.281,42.346,22.506,10.199
8.24667,253.192,217.262,183.568,114.682,77.227,42.358,22.564,10.196
8.25000,253.284,217.358,183.645,114.780,77.346,42.421,22.556,10.148
8.25333,253.402,217.480,183.765,114.826,77.409,42.447,22.627,10.199
8.25667,253.522,217.585,183.770,114.906,77.385,42.347,22.582,10.194
8.26000,253.613,217.706,183.888,114.990,77.416,42.507,22.625,10.191
8.26333,253.768,217.787,184.039,114.965,77.476,42.453,22.571,10.229
8.26667,253.949,217.897,184.066,115.085,77.486,42.537,22.598,10.183
8.27000,254.012,217.975,184.140,115.128,77.507,42.585,22.574,10.241
8.27333,254.162,218.101,184.259,115.165,77.637,42.473,22.619,10.249
8.27667,254.320,218.185,184.344,115.210,77.606,42.502,22.639,10.232
8.28000,254.438,218.289,184.489,115.214,77.664,42.607,22.655,10.213
8.28333,254.489,218.281,184.483,115.331,77.711,42.560,22.708,10.235
8.28667,254.522,218.469,184.603,115.389,77.775,42.640,22.628,10.260
8.29000,254.695,218.622,184.587,115.415,77.804,42.659,22.747,10.255
8.29333,254.893,218.695,184.761,115.501,77.841,42.650,22.722,10.221
8.29667,254.979,218.747,184.809,115.526,77.811,42.670,22.686,10.314
8.30000,255.048,218.956,184.924,115.609,77.873,42.678,22.712,10.236
8.30333,255.208,219.037,185.033,115.669,77.853,42.723,22.780,10.267
8.30667,255.364,219.109,185.143,115.657,77.936,42.752,22.743,10.300
8.31000,255.433,219.252,185.188,115.733,77.970,42.686,22.721,10.325
8.31333,255.577,219.287,185.227,115.780,78.016,42.766,22.809,10.247
8.31667,255.678,219.423,185.394,115.804,78.083,42.785,22.730,10.227
8.32000,255.820,219.476,185.396,115.862,78.130,42.874,22.784,10.249
8.32333,255.880,219.626,185.525,115.952,78.171,42.886,22.802,10.297
8.32667,256.072,219.700,185.584,115.964,78.116,42.807,22.869,10.277
8.33000,256.230,219.814,185.721,116.082,78.214,42.913,22.876,10.318
8.33333,256.333,219.960,185.768,116.111,78.177,42.896,22.838,10.372
8.33667,256.400,219.958,185.859,116.180,78.252,42.937,22.794,10.309
8.34000,256.546,220.179,185.960,116.199,78.231,42.940,22.832,10.335
8.34333,256.686,220.256,185.988,116.287,78.330,43.001,22.833,10.407
8.34667,256.706,220.322,186.178,116.269,78.302,42.939,22.908,10.338
8.35000,256.913,220.409,186.228,116.333,78.439,43.034,22.824,10.373
8.35333,256.990,220.531,186.304,116.419,78.530,43.014,22.887,10.307
8.35667,257.079,220.653,186.410,116.467,78.494,43.067,22.918,10.369
8.36000,257.267,220.729,186.582,116.510,78.492,43.087,23.009,10.310
8.36333,257.418,220.839,186.569,116.565,78.621,43.102,22.915,10.378
8.36667,257.534,220.927,186.623,116.613,78.637,43.115,22.966,10.341
8.37000,257.574,221.051,186.751,116.716,78.619,43.144,23.005,10.340
8.37333,257.729,221.149,186.851,116.795,78.652,43.149,22.997,10.333
8.37667,257.815,221.306,186.963,116.731,78.781,43.232,22.989,10.385
8.38000,257.992,221.406,186.977,116.916,78.762,43.141,23.003,10.376
8.38333,258.095,221.434,187.116,116.937,78.761,43.144,22.977,10.343
8.38667,258.196,221.629,187.148,116.999,78.813,43.243,23.048,10.427
8.39000,258.349,221.635,187.247,117.055,78.841,43.239,23.061,10.403
8.39333,258.460,221.837,187.320,117.139,78.951,43.263,23.071,10.386
8.39667,258.554,221.890,187.421,117.130,78.919,43.306,23.068,10.406
8.40000,258.682,221.956,187.563,117.265,78.993,43.332,23.072,10.439
8.40333,258.870,222.108,187.561,117.365,78.993,43.278,23.115,10.451
8.40667,258.860,222.221,187.686,117.266,79.051,43.344,23.059,10.374
8.41000,259.066,222.237,187.816,117.393,79.107,43.443,23.085,10.396
8.41333,259.172,222.400,187.931,117.447,79.137,43.387,23.092,10.461
8.41667,259.305,222.556,187.973,117.457,79.127,43.376,23.115,10.449
8.42000,259.451,222.599,188.027,117.535,79.228,43.442,23.111,10.427
8.42333,259.536,222.691,188.094,117.610,79.253,43.481,23.114,10.490
8.42667,259.642,222.823,188.258,117.650,79.262,43.399,23.153,10.435
8.43000,259.786,222.890,188.277,117.729,79.320,43.527,23.179,10.430
8.43333,259.846,223.066,188.405,117.828,79.281,43.541,23.193,10.469
8.43667,260.100,223.138,188.532,117.842,79.398,43.506,23.104,10.475
8.44000,260.195,223.220,188.581,117.822,79.397,43.625,23.226,10.454
8.44333,260.269,223.386,188.645,117.903,79.443,43.553,23.157,10.460
8.44667,260.427,223.455,188.791,117.984,79.525,43.588,23.208,10.451
8.45000,260.542,223.624,188.850,118.070,79.529,43.638,23.141,10.424
8.45333,260.593,223.712,188.922,118.096,79.560,43.579,23.227,10.438
8.45667,260.753,223.758,189.030,118.153,79.587,43.619,23.228,10.534
8.46000,260.831,223.848,189.093,118.219,79.675,43.723,23.325,10.533
8.46333,261.014,224.009,189.251,118.225,79.639,43.701,23.272,10.453
8.46667,261.075,224.059,189.279,118.300,79.656,43.767,23.261,10.522
8.47000,261.264,224.240,189.378,118.443,79.727,43.698,23.219,10.488
8.47333,261.363,224.335,189.536,118.472,79.767,43.702,23.325,10.517
8.47667,261.507,224.411,189.556,118.511,79.864,43.768,23.272,10.481
8.48000,261.663,224.514,189.634,118.567,79.877,43.758,23.242,10.576
8.48333,261.740,224.609,189.741,118.587,79.892,43.788,23.262,10.567
8.48667,261.854,224.718,189.887,118.698,79.911,43.822,23.297,10.590
8.49000,262.044,224.845,189.969,118.706,80.062,43.843,23.343,10.603
8.49333,262.125,224.853,190.048,118.760,79.988,43.889,23.375,10.599
8.49667,262.292,225.077,190.052,118.826,80.048,43.929,23.389,10.620
8.50000,262.350,225.094,190.104,118.907,80.026,43.965,23.334,10.578
8.50333,262.472,225.235,190.222,118.914,80.113,43.984,23.340,10.562
8.50667,262.585,225.365,190.349,119.009,80.228,43.944,23.399,10.574
8.51000,262.704,225.439,190.388,119.006,80.179,43.911,23.477,10.583
8.51333,262.833,225.577,190.576,119.104,80.198,44.015,23.417,10.567
8.51667,262.962,225.674,190.606,119.217,80.298,44.063,23.353,10.600
8.52000,263.130,225.706,190.736,119.175,80.312,44.072,23.424,10.550
8.52333,263.190,225.861,190.814,119.282,80.261,44.091,23.425,10.573
8.52667,263.363,225.976,190.918,119.303,80.375,44.112,23.440,10.587
8.53000,263.473,225.981,190.998,119.397,80.400,44.105,23.499,10.553
8.53333,263.609,226.187,191.126,119.437,80.492,44.085,23.560,10.632
8.53667,263.740,226.298,191.190,119.502,80.477,44.085,23.496,10.627
8.54000,263.877,226.383,191.240,119.625,80.502,44.165,23.492,10.642
8.54333,263.940,226.519,191.343,119.620,80.524,44.152,23.482,10.647
8.54667,264.132,226.583,191.444,119.713,80.600,44.235,23.565,10.640
8.55000,264.232,226.756,191.501,119.730,80.608,44.178,23.547,10.584
8.55333,264.342,226.802,191.622,119.849,80.641,44.264,23.604,10.598
8.55667,264.497,226.975,191.742,119.817,80.748,44.273,23.624,10.689
8.56000,264.605,227.076,191.755,119.922,80.793,44.284,23.675,10.633
8.56333,264.754,227.134,191.874,119.962,80.783,44.365,23.583,10.699
8.56667,264.794,227.231,191.975,120.053,80.777,44.368,23.602,10.631
8.57000,264.974,227.407,192.016,120.084,80.874,44.339,23.628,10.715
8.57333,265.052,227.509,192.139,120.137,80.902,44.387,23.686,10.652
8.57667,265.163,227.523,192.228,120.139,80.901,44.411,23.659,10.636
8.58000,265.298,227.708,192.337,120.276,80.935,44.401,23.692,10.742
8.58333,265.474,227.768,192.353,120.244,81.027,44.395,23.656,10.734
8.58667,265.592,227.847,192.530,120.325,81.108,44.420,23.652,10.758
8.59000,265.637,227.928,192.595,120.416,81.095,44.478,23.664,10.724
8.59333,265.822,228.040,192.664,120.476,81.100,44.502,23.695,10.685
8.59667,265.947,228.197,192.767,120.571,81.257,44.513,23.800,10.680
8.60000,266.074,228.275,192.815,120.557,81.156,44.519,23.703,10.747
8.60333,266.168,228.435,192.981,120.649,81.213,44.574,23.795,10.751
8.60667,266.310,228.464,193.051,120.671,81.288,44.598,23.775,10.714
8.61000,266.483,228.644,193.121,120.709,81.277,44.581,23.829,10.734
8.61333,266.557,228.697,193.197,120.750,81.405,44.619,23.844,10.768
8.61667,266.631,228.848,193.354,120.815,81.412,44.600,23.794,10.762
8.62000,266.857,228.912,193.353,120.923,81.436,44.723,23.755,10.731
8.62333,266.935,228.969,193.524,121.027,81.501,44.676,23.773,10.752
8.62667,267.024,229.171,193.559,120.992,81.408,44.701,23.835,10.818
8.63000,267.137,229.287,193.658,121.086,81.541,44.703,23.771,10.746
8.63333,267.305,229.438,193.819,121.148,81.560,44.762,23.847,10.759
8.63667,267.471,229.549,193.851,121.150,81.643,44.802,23.948,10.707
8.64000,267.538,229.547,193.965,121.316,81.668,44.800,23.883,10.686
8.64333,267.662,229.679,194.059,121.287,81.687,44.799,23.873,10.801
8.64667,267.767,229.791,194.220,121.342,81.717,44.789,23.840,10.799
8.65000,267.920,229.868,194.203,121.376,81.726,44.812,23.896,10.741
8.65333,268.093,230.014,194.290,121.444,81.805,44.854,23.893,10.794
8.65667,268.175,230.114,194.417,121.519,81.837,44.937,23.912,10.747
8.66000,268.253,230.261,194.521,121.606,81.858,44.880,23.923,10.748
8.66333,268.395,230.352,194.532,121.654,81.795,44.989,23.956,10.786
8.66667,268.530,230.449,194.619,121.736,81.900,44.973,23.978,10.793
8.67000,268.752,230.451,194.774,121.826,81.949,44.926,24.024,10.798
8.67333,268.822,230.648,194.778,121.774,81.950,45.085,23.998,10.767
8.67667,268.912,230.767,194.954,121.914,82.029,44.989,24.079,10.832
8.68000,269.095,230.823,195.059,121.922,82.120,45.016,24.010,10.869
8.68333,269.154,230.982,195.186,121.978,82.198,45.073,23.990,10.814
8.68667,269.213,231.032,195.272,122.055,82.143,45.053,24.013,10.868
8.69000,269.444,231.205,195.325,122.066,82.196,45.083,24.070,10.868
8.69333,269.575,231.253,195.417,122.103,82.328,45.139,24.155,10.918
8.69667,269.693,231.373,195.545,122.156,82.291,45.073,24.093,10.831
8.70000,269.766,231.506,195.581,122.255,82.336,45.180,24.078,10.857
8.70333,269.967,231.631,195.640,122.350,82.366,45.229,24.089,10.886
8.70667,270.036,231.761,195.732,122.380,82.386,45.171,24.086,10.905
8.71000,270.172,231.845,195.813,122.431,82.443,45.193,24.090,10.827
8.71333,270.328,231.938,195.896,122.466,82.503,45.252,24.187,10.867
8.71667,270.481,232.031,196.007,122.508,82.504,45.264,24.111,10.990
8.72000,270.550,232.135,196.146,122.549,82.575,45.230,24.134,10.868
8.72333,270.686,232.298,196.246,122.641,82.659,45.348,24.184,10.895
8.72667,270.712,232.429,196.317,122.737,82.650,45.302,24.164,10.886
8.73000,270.880,232.504,196.361,122.771,82.665,45.364,24.222,10.876
8.73333,271.097,232.585,196.478,122.819,82.750,45.361,24.142,10.950
8.73667,271.159,232.661,196.520,122.945,82.778,45.420,24.246,10.902
8.74000,271.275,232.831,196.674,122.953,82.850,45.402,24.193,10.848
8.74333,271.433,232.924,196.767,123.029,82.786,45.430,24.224,10.976
8.74667,271.531,232.995,196.860,123.027,82.907,45.461,24.273,10.923
8.75000,271.700,233.116,196.908,123.099,82.952,45.499,24.249,10.950
8.75333,271.795,233.236,197.074,123.218,82.964,45.479,24.327,10.918
8.75667,271.919,233.381,197.113,123.291,83.000,45.514,24.282,10.879
8.76000,272.090,233.463,197.198,123.273,82.986,45.552,24.219,10.921
8.76333,272.160,233.498,197.318,123.368,83.026,45.575,24.280,10.920
8.76667,272.260,233.644,197.385,123.426,83.103,45.527,24.284,10.976
8.77000,272.446,233.722,197.431,123.501,83.155,45.605,24.348,10.928
8.77333,272.535,233.805,197.531,123.498,83.170,45.622,24.355,10.952
8.77667,272.601,233.950,197.731,123.585,83.259,45.627,24.278,10.996
8.78000,272.770,234.078,197.762,123.662,83.272,45.661,24.388,10.941
8.78333,272.898,234.205,197.846,123.694,83.301,45.712,24.406,11.043
8.78667,273.045,234.211,197.894,123.748,83.335,45.678,24.371,11.043
8.79000,273.159,234.372,197.982,123.773,83.363,45.728,24.384,10.987
8.79333,273.323,234.435,198.072,123.860,83.455,45.674,24.389,11.010
8.79667,273.438,234.552,198.160,123.845,83.435,45.764,24.409,11.002
8.80000,273.575,234.768,198.293,123.936,83.526,45.789,24.492,10.954
8.80333,273.652,234.841,198.406,124.021,83.549,45.782,24.398,11.045
8.80667,273.853,234.922,198.455,124.082,83.497,45.827,24.445,10.937
8.81000,273.907,235.039,198.538,124.213,83.623,45.797,24.448,11.008
8.81333,274.094,235.131,198.638,124.165,83.670,45.906,24.465,11.043
8.81667,274.201,235.248,198.686,124.232,83.689,45.902,24.499,11.045
8.82000,274.248,235.322,198.844,124.299,83.745,45.934,24.440,11.107
8.82333,274.438,235.474,198.923,124.371,83.766,45.943,24.516,11.051
8.82667,274.553,235.607,198.962,124.418,83.839,45.922,24.479,11.132
8.83000,274.655,235.688,199.132,124.531,83.796,45.955,24.517,11.030
8.83333,274.714,235.813,199.191,124.511,83.881,45.959,24.550,11.096
8.83667,274.910,235.921,199.293,124.579,83.884,45.958,24.533,11.071
8.84000,275.055,236.070,199.406,124.608,83.918,46.049,24.581,11.044
8.84333,275.176,236.157,199.501,124.683,83.978,46.034,24.503,11.053
8.84667,275.263,236.215,199.558,124.767,83.947,46.110,24.544,11.141
8.85000,275.455,236.355,199.691,124.829,83.961,46.078,24.581,11.060
8.85333,275.564,236.453,199.689,124.954,84.034,46.137,24.650,11.096
8.85667,275.740,236.535,199.856,124.908,84.115,46.154,24.649,11.042
8.86000,275.788,236.680,199.844,124.930,84.191,46.140,24.667,11.078
8.86333,275.935,236.761,200.022,125.077,84.210,46.115,24.581,11.096
8.86667,276.080,236.877,200.098,125.140,84.277,46.173,24.652,11.139
8.87000,276.264,237.007,200.188,125.119,84.271,46.204,24.660,11.072
8.87333,276.286,237.087,200.276,125.212,84.359,46.286,24.632,11.146
8.87667,276.399,237.200,200.372,125.258,84.417,46.249,24.612,11.213
8.88000,276.584,237.304,200.421,125.344,84.325,46.253,24.603,11.124
8.88333,276.656,237.433,200.548,125.407,84.463,46.271,24.668,11.122
8.88667,276.771,237.590,200.619,125.464,84.479,46.396,24.714,11.125
8.89000,276.892,237.544,200.721,125.503,84.527,46.429,24.689,11.123
8.89333,277.034,237.742,200.805,125.531,84.574,46.387,24.678,11.213
8.89667,277.179,237.803,200.934,125.583,84.578,46.441,24.765,11.123
8.90000,277.307,237.935,200.956,125.712,84.649,46.371,24.749,11.158
8.90333,277.414,238.088,201.090,125.799,84.665,46.462,24.779,11.143
8.90667,277.526,238.160,201.249,125.806,84.725,46.480,24.771,11.179
8.91000,277.641,238.300,201.287,125.839,84.680,46.515,24.758,11.153
8.91333,277.827,238.402,201.350,125.896,84.708,46.527,24.825,11.183
8.91667,277.871,238.496,201.461,125.951,84.776,46.504,24.849,11.204
8.92000,278.064,238.563,201.542,125.991,84.843,46.480,24.829,11.212
8.92333,278.210,238.729,201.621,126.039,84.948,46.542,24.894,11.116
8.92667,278.293,238.837,201.711,126.185,84.934,46.597,24.846,11.201
8.93000,278.450,238.918,201.804,126.252,84.987,46.635,24.853,11.186
8.93333,278.577,239.055,201.920,126.252,84.987,46.633,24.947,11.212
8.93667,278.634,239.118,202.012,126.381,85.026,46.639,24.939,11.256
8.94000,278.790,239.253,202.090,126.361,85.099,46.650,24.870,11.219
8.94333,278.938,239.339,202.090,126.493,85.124,46.655,24.914,11.271
8.94667,279.073,239.449,202.248,126.470,85.149,46.679,24.883,11.194
8.95000,279.187,239.568,202.382,126.505,85.220,46.760,24.970,11.205
8.95333,279.333,239.630,202.464,126.619,85.189,46.737,24.918,11.180
8.95667,279.425,239.735,202.531,126.624,85.208,46.753,24.922,11.277
8.96000,279.539,239.852,202.605,126.709,85.270,46.771,24.950,11.199
8.96333,279.647,239.943,202.714,126.752,85.357,46.803,25.041,11.245
8.96667,279.813,240.087,202.810,126.798,85.359,46.817,25.001,11.335
8.97000,279.953,240.185,202.887,126.878,85.416,46.831,25.021,11.217
8.97333,280.044,240.363,202.952,126.875,85.505,46.861,25.066,11.300
8.97667,280.191,240.418,203.040,127.002,85.506,46.880,24.976,11.332
8.98000,280.321,240.537,203.234,127.016,85.515,46.890,25.030,11.300
8.98333,280.437,240.624,203.289,127.118,85.602,46.992,25.045,11.285
8.98667,280.585,240.706,203.327,127.144,85.630,47.004,25.068,11.201
8.99000,280.656,240.855,203.456,127.222,85.589,46.974,25.047,11.210
8.99333,280.799,240.954,203.507,127.341,85.643,47.008,25.102,11.306
8.99667,280.935,241.051,203.604,127.339,85.752,46.992,25.067,11.348
9.00000,281.102,241.136,203.752,127.332,85.808,47.050,25.092,11.347
9.00333,281.175,241.218,203.741,127.436,85.780,47.082,25.124,11.375
9.00667,281.303,241.383,203.893,127.498,85.850,47.089,25.182,11.292
9.01000,281.430,241.476,204.028,127.543,85.859,47.101,25.103,11.342
9.01333,281.535,241.534,204.059,127.611,85.887,47.147,25.192,11.328
9.01667,281.682,241.668,204.101,127.692,85.927,47.109,25.150,11.371
9.02000,281.776,241.770,204.226,127.727,86.000,47.137,25.166,11.353
9.02333,281.885,241.874,204.413,127.764,86.022,47.150,25.255,11.377
9.02667,282.096,241.984,204.469,127.872,85.974,47.186,25.215,11.328
9.03000,282.156,242.059,204.493,127.876,86.063,47.253,25.240,11.360
9.03333,282.283,242.304,204.591,127.931,86.168,47.202,25.229,11.408
9.03667,282.413,242.366,204.692,128.014,86.214,47.225,25.264,11.398
9.04000,282.525,242.402,204.752,128.072,86.145,47.269,25.229,11.418
9.04333,282.689,242.589,204.880,128.129,86.273,47.316,25.287,11.386
9.04667,282.789,242.636,204.921,128.198,86.360,47.257,25.291,11.433
9.05000,282.891,242.746,205.017,128.293,86.384,47.343,25.163,11.379
9.05333,282.985,242.868,205.168,128.250,86.402,47.398,25.305,11.401
9.05667,283.105,242.920,205.262,128.326,86.454,47.423,25.314,11.406
9.06000,283.290,243.061,205.314,128.393,86.449,47.423,25.301,11.408
9.06333,283.326,243.120,205.431,128.511,86.488,47.384,25.316,11.393
9.06667,283.545,243.278,205.506,128.523,86.542,47.391,25.356,11.469
9.07000,283.613,243.477,205.605,128.533,86.553,47.449,25.341,11.380
9.07333,283.738,243.460,205.707,128.624,86.662,47.514,25.408,11.412
9.07667,283.823,243.603,205.860,128.679,86.628,47.528,25.364,11.461
9.08000,284.050,243.685,205.870,128.663,86.711,47.509,25.312,11.463
9.08333,284.114,243.707,205.972,128.754,86.665,47.574,25.329,11.405
9.08667,284.206,243.870,206.075,128.856,86.720,47.576,25.450,11.455
9.09000,284.382,244.007,206.175,128.889,86.749,47.633,25.388,11.491
9.09333,284.561,244.151,206.230,128.895,86.797,47.647,25.420,11.453
9.09667,284.671,244.170,206.322,128.997,86.796,47.681,25.446,11.440
9.10000,284.758,244.372,206.374,129.003,86.916,47.621,25.470,11.485
9.10333,284.943,244.500,206.567,129.060,86.928,47.622,25.486,11.460
9.10667,284.998,244.540,206.546,129.180,86.990,47.698,25.511,11.518
9.11000,285.066,244.651,206.644,129.260,86.999,47.677,25.414,11.499
9.11333,285.175,244.746,206.764,129.354,87.019,47.712,25.512,11.498
9.11667,285.387,244.844,206.818,129.367,87.025,47.775,25.528,11.545
9.12000,285.520,244.965,206.976,129.401,87.107,47.764,25.510,11.513
9.12333,285.607,245.082,207.033,129.466,87.155,47.803,25.567,11.505
9.12667,285.723,245.211,207.065,129.520,87.114,47.887,25.548,11.473
9.13000,285.871,245.232,207.194,129.571,87.190,47.865,25.473,11.474
9.13333,286.022,245.343,207.304,129.620,87.276,47.928,25.490,11.530
9.13667,286.069,245.463,207.371,129.629,87.322,47.794,25.581,11.472
9.14000,286.172,245.594,207.414,129.713,87.384,47.932,25.545,11.479
9.14333,286.315,245.663,207.523,129.796,87.436,47.945,25.628,11.556
9.14667,286.401,245.711,207.683,129.805,87.430,47.939,25.603,11.568
9.15000,286.628,245.907,207.683,129.941,87.447,47.982,25.625,11.561
9.15333,286.720,246.020,207.793,129.926,87.477,47.954,25.613,11.590
9.15667,286.785,246.103,207.904,130.057,87.502,47.986,25.639,11.549
9.16000,286.903,246.245,208.023,130.103,87.560,48.033,25.605,11.503
9.16333,287.024,246.323,208.028,130.117,87.567,48.086,25.640,11.566
9.16667,287.180,246.424,208.171,130.185,87.713,48.084,25.622,11.616
9.17000,287.317,246.538,208.254,130.215,87.693,48.081,25.668,11.542
9.17333,287.443,246.592,208.311,130.255,87.674,48.132,25.722,11.515
9.17667,287.526,246.765,208.383,130.373,87.767,48.068,25.740,11.592
9.18000,287.692,246.878,208.556,130.362,87.778,48.214,25.690,11.555
9.18333,287.779,246.974,208.650,130.429,87.789,48.165,25.687,11.573
9.18667,287.930,247.006,208.651,130.512,87.805,48.174,25.695,11.592
9.19000,288.008,247.111,208.813,130.612,87.829,48.122,25.731,11.579
9.19333,288.200,247.246,208.947,130.585,87.902,48.265,25.738,11.560
9.19667,288.293,247.366,208.945,130.643,87.876,48.234,25.820,11.632
9.20000,288.442,247.444,209.009,130.714,87.967,48.237,25.710,11.662
9.20333,288.526,247.603,209.203,130.783,87.985,48.239,25.793,11.613
9.20667,288.674,247.710,209.265,130.872,88.049,48.292,25.835,11.625
9.21000,288.752,247.735,209.295,130.877,88.126,48.335,25.785,11.648
9.21333,288.832,247.875,209.327,130.874,88.161,48.379,25.826,11.660
9.21667,288.995,247.937,209.510,131.014,88.186,48.374,25.844,11.605
9.22000,289.047,248.063,209.549,131.000,88.191,48.398,25.815,11.658
9.22333,289.230,248.149,209.625,131.119,88.206,48.406,25.877,11.624
9.22667,289.363,248.263,209.748,131.137,88.356,48.508,25.875,11.620
9.23000,289.551,248.443,209.775,131.239,88.302,48.427,25.896,11.634
9.23333,289.623,248.501,209.893,131.321,88.343,48.439,25.884,11.606
9.23667,289.757,248.572,209.977,131.306,88.384,48.554,25.890,11.616
9.24000,289.823,248.665,210.086,131.319,88.414,48.578,25.921,11.709
9.24333,289.980,248.736,210.181,131.461,88.443,48.634,25.885,11.654
9.24667,290.078,248.818,210.249,131.520,88.466,48.607,25.943,11.667
9.25000,290.185,248.947,210.337,131.538,88.494,48.577,25.948,11.700
9.25333,290.311,249.142,210.393,131.539,88.529,48.605,26.010,11.615
9.25667,290.438,249.202,210.511,131.684,88.661,48.622,25.957,11.675
9.26000,290.533,249.317,210.598,131.701,88.696,48.630,26.000,11.682
9.26333,290.677,249.498,210.680,131.741,88.669,48.663,25.983,11.651
9.26667,290.836,249.531,210.775,131.813,88.727,48.641,26.005,11.757
9.27000,290.828,249.617,210.902,131.911,88.753,48.683,26.031,11.712
9.27333,291.074,249.680,210.887,131.952,88.773,48.634,26.029,11.746
9.27667,291.139,249.868,211.022,132.051,88.884,48.751,26.035,11.774
9.28000,291.281,249.885,211.133,131.995,88.816,48.764,26.075,11.774
9.28333,291.397,250.044,211.196,132.083,88.843,48.816,26.016,11.731
9.28667,291.501,250.120,211.260,132.102,88.927,48.790,26.026,11.695
9.29000,291.669,250.156,211.386,132.149,88.979,48.849,26.026,11.777
9.29333,291.705,250.318,211.498,132.225,89.008,48.846,26.122,11.735
9.29667,291.890,250.453,211.495,132.330,89.087,48.835,26.148,11.734
9.30000,291.995,250.551,211.632,132.295,89.031,48.881,26.161,11.746
9.30333,292.123,250.663,211.684,132.425,89.071,48.837,26.120,11.681
9.30667,292.201,250.715,211.816,132.450,89.146,48.912,26.037,11.761
9.31000,292.302,250.810,211.914,132.516,89.201,48.923,26.167,11.706
9.31333,292.398,250.897,212.015,132.583,89.266,48.892,26.149,11.772
9.31667,292.569,251.029,212.018,132.630,89.288,48.941,26.123,11.753
9.32000,292.610,251.124,212.189,132.706,89.343,48.930,26.131,11.804
9.32333,292.770,251.209,212.204,132.695,89.391,49.102,26.176,11.835
9.32667,292.937,251.349,212.311,132.784,89.376,49.022,26.214,11.716
9.33000,292.995,251.413,212.397,132.811,89.382,49.107,26.166,11.828
9.33333,293.219,251.479,212.485,132.872,89.465,49.066,26.183,11.867
9.33667,293.409,251.613,212.602,132.899,89.504,49.040,26.220,11.837
9.34000,293.392,251.836,212.601,132.967,89.552,49.140,26.293,11.810
9.34333,293.516,251.875,212.700,133.108,89.533,49.132,26.244,11.789
9.34667,293.674,251.970,212.822,133.129,89.573,49.146,26.145,11.817
9.35000,293.717,252.113,212.889,133.109,89.562,49.171,26.297,11.828
9.35333,293.833,252.163,213.034,133.265,89.638,49.225,26.268,11.853
9.35667,293.991,252.241,213.088,133.294,89.704,49.243,26.336,11.806
9.36000,294.070,252.333,213.140,133.302,89.707,49.182,26.320,11.852
9.36333,294.231,252.486,213.188,133.347,89.796,49.262,26.280,11.827
9.36667,294.302,252.530,213.319,133.388,89.771,49.258,26.336,11.914
9.37000,294.500,252.659,213.409,133.506,89.790,49.323,26.277,11.878
9.37333,294.544,252.735,213.539,133.557,89.869,49.300,26.316,11.784
9.37667,294.671,252.839,213.523,133.613,89.866,49.313,26.338,11.819
9.38000,294.809,252.974,213.681,133.627,89.948,49.356,26.369,11.878
9.38333,294.961,252.992,213.816,133.717,89.959,49.370,26.371,11.915
9.38667,295.027,253.125,213.857,133.763,89.959,49.355,26.383,11.891
9.39000,295.100,253.219,213.923,133.739,90.045,49.329,26.369,11.917
9.39333,295.214,253.304,214.014,133.882,90.062,49.413,26.355,11.922
9.39667,295.355,253.439,214.073,133.800,90.127,49.407,26.427,11.899
9.40000,295.482,253.487,214.195,133.950,90.216,49.464,26.431,11.911
9.40333,295.590,253.606,214.272,134.011,90.197,49.490,26.458,11.916
9.40667,295.684,253.747,214.310,134.047,90.144,49.561,26.472,11.922
9.41000,295.868,253.858,214.389,134.089,90.300,49.542,26.453,11.887
9.41333,295.933,253.907,214.518,134.181,90.220,49.525,26.448,11.959
9.41667,296.039,254.002,214.539,134.181,90.368,49.547,26.466,11.909
9.42000,296.121,254.162,214.681,134.264,90.374,49.574,26.595,11.934
9.42333,296.304,254.172,214.728,134.292,90.410,49.574,26.535,11.947
9.42667,296.337,254.294,214.904,134.353,90.377,49.570,26.464,11.905
9.43000,296.498,254.379,214.996,134.379,90.422,49.604,26.553,11.860
9.43333,296.583,254.512,214.972,134.443,90.513,49.675,26.524,11.948
9.43667,296.744,254.672,215.092,134.539,90.497,49.618,26.524,11.890
9.44000,296.793,254.777,215.165,134.541,90.563,49.635,26.583,11.951
9.44333,296.980,254.858,215.275,134.596,90.685,49.727,26.573,11.986
9.44667,297.025,254.856,215.269,134.691,90.672,49.761,26.558,11.966
9.45000,297.176,254.979,215.336,134.722,90.676,49.717,26.589,11.930
9.45333,297.315,255.082,215.518,134.740,90.720,49.782,26.545,11.993
9.45667,297.333,255.183,215.559,134.808,90.735,49.723,26.577,11.956
9.46000,297.499,255.286,215.612,134.856,90.823,49.776,26.575,12.047
9.46333,297.637,255.349,215.658,134.913,90.793,49.812,26.618,11.988
9.46667,297.791,255.506,215.822,135.023,90.882,49.805,26.649,12.014
9.47000,297.867,255.599,215.916,134.996,90.901,49.840,26.654,11.986
9.47333,297.984,255.702,216.011,135.121,90.914,49.897,26.690,11.963
9.47667,298.021,255.800,216.102,135.089,90.932,49.965,26.589,11.963
9.48000,298.201,255.849,216.111,135.227,90.962,49.874,26.644,12.078
9.48333,298.304,255.971,216.207,135.294,90.979,49.940,26.690,11.960
9.48667,298.480,255.997,216.273,135.205,90.980,49.989,26.658,11.992
9.49000,298.474,256.161,216.366,135.331,91.098,50.031,26.703,12.058
9.49333,298.589,256.256,216.441,135.365,91.115,50.032,26.726,12.035
9.49667,298.796,256.294,216.536,135.430,91.143,50.037,26.792,12.114
9.50000,298.872,256.408,216.667,135.466,91.154,49.967,26.758,12.082
9.50333,298.939,256.502,216.712,135.540,91.232,50.056,26.714,12.096
9.50667,299.107,256.612,216.766,135.670,91.200,50.070,26.720,12.034
9.51000,299.161,256.737,216.882,135.640,91.238,50.032,26.725,12.065
9.51333,299.325,256.819,216.969,135.702,91.318,50.113,26.791,12.034
9.51667,299.406,256.904,217.027,135.753,91.307,50.098,26.781,12.058
9.52000,299.540,257.026,217.107,135.807,91.428,50.114,26.800,12.048
9.52333,299.668,257.108,217.190,135.816,91.433,50.129,26.849,12.067
9.52667,299.788,257.180,217.255,135.857,91.453,50.160,26.793,12.115
9.53000,299.800,257.312,217.228,135.955,91.484,50.181,26.786,12.107
9.53333,299.930,257.325,217.398,135.926,91.460,50.187,26.798,12.063
9.53667,300.052,257.425,217.555,136.108,91.504,50.217,26.840,12.096
9.54000,300.156,257.604,217.564,136.154,91.593,50.264,26.792,12.115
9.54333,300.286,257.721,217.624,136.161,91.631,50.269,26.892,12.122
9.54667,300.356,257.771,217.775,136.253,91.665,50.314,26.864,12.088
9.55000,300.532,257.880,217.813,136.293,91.664,50.261,26.880,12.100
9.55333,300.601,257.921,217.859,136.291,91.725,50.301,26.875,12.109
9.55667,300.762,258.004,217.972,136.362,91.706,50.322,26.859,12.194
9.56000,300.806,258.172,218.143,136.317,91.788,50.354,26.907,12.108
9.56333,300.953,258.231,218.125,136.478,91.797,50.365,26.903,12.056
9.56667,301.056,258.280,218.260,136.452,91.868,50.382,26.967,12.168
9.57000,301.117,258.423,218.248,136.569,91.877,50.460,26.948,12.123
9.57333,301.262,258.551,218.397,136.572,91.912,50.398,26.968,12.134
9.57667,301.394,258.575,218.469,136.622,91.912,50.456,26.984,12.101
9.58000,301.500,258.754,218.547,136.620,91.991,50.473,26.923,12.155
9.58333,301.649,258.791,218.585,136.731,92.028,50.490,26.965,12.162
9.58667,301.751,258.922,218.691,136.721,92.029,50.524,26.933,12.179
9.59000,301.686,258.976,218.793,136.806,92.128,50.465,27.017,12.191
9.59333,301.876,259.067,218.852,136.834,92.114,50.553,27.042,12.141
9.59667,302.069,259.158,218.945,136.946,92.137,50.633,27.050,12.159
9.60000,302.111,259.233,218.935,136.997,92.179,50.494,27.075,12.152
9.60333,302.313,259.355,219.041,137.025,92.199,50.645,27.034,12.153
9.60667,302.382,259.471,219.097,137.074,92.205,50.600,26.986,12.190
9.61000,302.448,259.500,219.205,137.196,92.258,50.632,27.056,12.249
9.61333,302.554,259.625,219.280,137.138,92.313,50.708,27.054,12.200
9.61667,302.700,259.708,219.387,137.121,92.399,50.750,27.035,12.233
9.62000,302.733,259.798,219.456,137.184,92.395,50.706,27.076,12.261
9.62333,302.853,259.861,219.547,137.308,92.408,50.659,27.164,12.226
9.62667,303.020,259.905,219.535,137.373,92.459,50.694,27.130,12.148
9.63000,303.084,260.108,219.712,137.379,92.409,50.729,27.110,12.232
9.63333,303.198,260.150,219.745,137.462,92.528,50.738,27.080,12.201
9.63667,303.293,260.299,219.847,137.521,92.548,50.803,27.168,12.169
9.64000,303.424,260.354,219.903,137.455,92.526,50.770,27.132,12.253
9.64333,303.557,260.408,219.958,137.597,92.595,50.798,27.213,12.274
9.64667,303.582,260.563,220.068,137.650,92.624,50.804,27.153,12.230
9.65000,303.801,260.598,220.154,137.662,92.675,50.846,27.164,12.275
9.65333,303.828,260.684,220.188,137.693,92.698,50.860,27.191,12.315
9.65667,303.919,260.776,220.261,137.814,92.658,50.898,27.242,12.208
9.66000,304.032,260.858,220.418,137.879,92.693,50.825,27.229,12.257
9.66333,304.090,260.980,220.372,137.869,92.822,50.928,27.243,12.226
9.66667,304.208,261.049,220.531,137.875,92.790,50.904,27.233,12.236
9.67000,304.387,261.059,220.636,137.994,92.836,50.919,27.237,12.227
9.67333,304.446,261.183,220.720,138.041,92.854,50.983,27.237,12.288
9.67667,304.572,261.303,220.713,138.087,92.942,51.011,27.319,12.221
9.68000,304.649,261.413,220.889,138.097,92.929,50.992,27.251,12.314
9.68333,304.742,261.528,220.929,138.179,93.012,51.013,27.307,12.337
9.68667,304.844,261.633,221.059,138.233,93.033,51.011,27.274,12.291
9.69000,304.943,261.672,221.085,138.264,93.046,51.030,27.243,12.321
9.69333,305.082,261.746,221.085,138.287,93.043,51.078,27.259,12.300
9.69667,305.100,261.840,221.232,138.330,93.121,51.060,27.282,12.266
9.70000,305.178,261.946,221.272,138.341,93.076,51.123,27.370,12.323
9.70333,305.410,262.049,221.251,138.449,93.133,51.101,27.237,12.264
9.70667,305.496,262.107,221.410,138.487,93.181,51.111,27.290,12.330
9.71000,305.557,262.238,221.495,138.525,93.190,51.204,27.317,12.298
9.71333,305.594,262.348,221.620,138.602,93.286,51.211,27.336,12.357
9.71667,305.844,262.344,221.636,138.595,93.308,51.207,27.327,12.319
9.72000,305.908,262.535,221.672,138.681,93.343,51.206,27.354,12.357
9.72333,305.950,262.619,221.837,138.676,93.298,51.203,27.408,12.409
9.72667,306.137,262.671,221.860,138.827,93.398,51.150,27.395,12.306
9.73000,306.280,262.744,221.948,138.854,93.417,51.294,27.394,12.373
9.73333,306.340,262.781,221.994,138.939,93.487,51.243,27.437,12.376
9.73667,306.395,262.903,222.139,138.871,93.477,51.317,27.413,12.302
9.74000,306.470,262.937,222.185,138.955,93.546,51.232,27.405,12.330
9.74333,306.553,263.073,222.249,139.009,93.507,51.308,27.444,12.366
9.74667,306.669,263.195,222.291,139.017,93.552,51.313,27.415,12.340
9.75000,306.826,263.332,222.352,139.118,93.609,51.399,27.423,12.361
9.75333,306.928,263.345,222.432,139.107,93.567,51.354,27.445,12.376
9.75667,306.967,263.484,222.501,139.179,93.663,51.354,27.424,12.404
9.76000,307.124,263.497,222.623,139.239,93.718,51.445,27.478,12.370
9.76333,307.240,263.594,222.645,139.292,93.732,51.461,27.497,12.372
9.76667,307.296,263.647,222.724,139.319,93.737,51.447,27.533,12.443
9.77000,307.457,263.780,222.835,139.389,93.781,51.573,27.582,12.350
9.77333,307.505,263.882,222.861,139.411,93.830,51.436,27.540,12.428
9.77667,307.651,263.929,222.971,139.473,93.818,51.461,27.477,12.350
9.78000,307.726,263.962,223.063,139.484,93.876,51.478,27.580,12.399
9.78333,307.790,264.130,223.099,139.512,93.934,51.524,27.528,12.432
9.78667,307.910,264.202,223.134,139.607,93.981,51.518,27.540,12.396
9.79000,307.947,264.219,223.190,139.612,93.955,51.610,27.613,12.429
9.79333,308.086,264.309,223.322,139.777,94.020,51.602,27.537,12.424
9.79667,308.203,264.410,223.358,139.684,94.092,51.649,27.534,12.445
9.80000,308.270,264.541,223.465,139.770,94.018,51.594,27.579,12.420
9.80333,308.334,264.600,223.521,139.830,94.034,51.576,27.602,12.434
9.80667,308.421,264.674,223.566,139.854,94.078,51.609,27.596,12.413
9.81000,308.580,264.813,223.611,139.952,94.139,51.722,27.640,12.447
9.81333,308.641,264.827,223.760,139.910,94.180,51.665,27.588,12.451
9.81667,308.743,264.922,223.833,139.999,94.290,51.781,27.635,12.406
9.82000,308.924,264.966,223.875,140.099,94.189,51.724,27.657,12.452
9.82333,308.982,265.109,223.935,140.073,94.172,51.707,27.690,12.370
9.82667,309.088,265.224,224.051,140.142,94.247,51.746,27.641,12.448
9.83000,309.146,265.343,224.047,140.133,94.334,51.786,27.744,12.405
9.83333,309.200,265.346,224.175,140.253,94.375,51.779,27.675,12.473
9.83667,309.373,265.407,224.240,140.243,94.297,51.746,27.690,12.510
9.84000,309.408,265.525,224.272,140.282,94.447,51.764,27.709,12.434
9.84333,309.560,265.617,224.343,140.357,94.441,51.815,27.669,12.481
9.84667,309.739,265.677,224.465,140.381,94.429,51.802,27.792,12.462
9.85000,309.783,265.759,224.511,140.457,94.444,51.878,27.759,12.491
9.85333,309.829,265.786,224.541,140.550,94.424,51.877,27.701,12.478
9.85667,309.941,265.865,224.578,140.528,94.540,51.833,27.677,12.571
9.86000,310.030,266.021,224.678,140.556,94.555,51.872,27.715,12.462
9.86333,310.073,266.066,224.798,140.573,94.583,51.931,27.786,12.452
9.86667,310.217,266.159,224.781,140.624,94.675,51.932,27.729,12.525
9.87000,310.291,266.222,224.855,140.719,94.677,51.880,27.799,12.463
9.87333,310.359,266.384,224.978,140.729,94.684,51.951,27.801,12.500
9.87667,310.440,266.399,225.054,140.793,94.711,51.993,27.777,12.539
9.88000,310.578,266.410,225.153,140.796,94.695,51.950,27.853,12.556
9.88333,310.667,266.619,225.156,140.894,94.748,52.031,27.744,12.591
9.88667,310.785,266.646,225.257,140.909,94.860,52.029,27.803,12.531
9.89000,310.866,266.718,225.338,140.927,94.817,52.065,27.870,12.476
9.89333,310.906,266.823,225.338,140.965,94.835,52.068,27.897,12.502
9.89667,311.041,266.851,225.434,140.977,94.884,52.095,27.851,12.492
9.90000,311.193,266.974,225.514,141.074,94.937,52.092,27.887,12.557
9.90333,311.178,267.033,225.659,141.115,94.929,52.113,27.924,12.587
9.90667,311.319,267.149,225.637,141.181,94.959,52.125,27.937,12.597
9.91000,311.351,267.212,225.745,141.163,94.981,52.124,27.895,12.596
9.91333,311.524,267.326,225.723,141.197,94.981,52.139,27.924,12.544
9.91667,311.635,267.361,225.883,141.275,95.051,52.134,27.954,12.576
9.92000,311.695,267.445,225.907,141.333,95.069,52.188,27.914,12.567
9.92333,311.772,267.474,225.944,141.367,95.080,52.183,27.952,12.624
9.92667,311.882,267.569,226.030,141.355,95.180,52.232,27.923,12.537
9.93000,312.003,267.647,226.073,141.453,95.123,52.244,27.950,12.514
9.93333,312.073,267.734,226.158,141.495,95.105,52.214,27.967,12.598
9.93667,312.160,267.883,226.242,141.570,95.248,52.322,27.974,12.540
9.94000,312.289,267.859,226.311,141.633,95.255,52.233,27.958,12.589
9.94333,312.325,267.933,226.376,141.585,95.332,52.300,28.016,12.615
9.94667,312.404,268.040,226.459,141.627,95.306,52.291,27.976,12.620
9.95000,312.538,268.157,226.540,141.748,95.363,52.290,28.023,12.569
9.95333,312.549,268.183,226.554,141.770,95.276,52.404,28.035,12.622
9.95667,312.677,268.282,226.596,141.767,95.368,52.350,28.017,12.651
9.96000,312.724,268.400,226.675,141.778,95.453,52.331,28.017,12.617
9.96333,312.875,268.470,226.711,141.894,95.444,52.338,28.060,12.596
9.96667,312.954,268.488,226.795,141.926,95.367,52.446,28.006,12.590
9.97000,312.985,268.616,226.890,141.888,95.480,52.395,28.041,12.618
9.97333,313.167,268.695,226.919,141.982,95.544,52.419,28.098,12.653
9.97667,313.189,268.709,227.036,141.984,95.578,52.437,28.065,12.713
9.98000,313.308,268.866,227.095,142.100,95.629,52.420,28.075,12.640
9.98333,313.351,268.902,227.144,142.175,95.585,52.491,28.060,12.666
9.98667,313.401,268.953,227.245,142.196,95.600,52.495,28.088,12.662
9.99000,313.543,269.050,227.238,142.176,95.723,52.460,28.057,12.640
9.99333,313.648,269.129,227.353,142.208,95.740,52.508,28.139,12.617
9.99667,313.717,269.215,227.417,142.271,95.756,52.558,28.083,12.619
10.00000,313.745,269.255,227.461,142.302,95.734,52.554,28.102,12.661
10.00333,313.851,269.384,227.598,142.317,95.803,52.559,28.145,12.684
10.00667,313.999,269.415,227.647,142.404,95.751,52.598,28.144,12.664
10.01000,314.023,269.500,227.705,142.415,95.805,52.550,28.146,12.713
10.01333,314.120,269.587,227.767,142.479,95.801,52.589,28.165,12.661
10.01667,314.260,269.620,227.799,142.505,95.907,52.527,28.213,12.691
10.02000,314.417,269.806,227.865,142.656,95.928,52.616,28.176,12.608
10.02333,314.437,269.818,227.863,142.635,95.933,52.617,28.136,12.696
10.02667,314.470,269.896,227.983,142.580,95.918,52.666,28.187,12.658
10.03000,314.546,269.966,228.008,142.650,95.926,52.737,28.166,12.678
10.03333,314.662,270.062,228.057,142.680,95.995,52.725,28.155,12.650
10.03667,314.783,270.099,228.134,142.718,96.043,52.735,28.176,12.786
10.04000,314.891,270.136,228.226,142.782,96.017,52.660,28.245,12.682
10.04333,314.990,270.272,228.308,142.759,96.111,52.758,28.221,12.749
10.04667,315.014,270.306,228.331,142.815,96.076,52.758,28.299,12.686
10.05000,315.130,270.331,228.371,142.855,96.125,52.832,28.214,12.698
10.05333,315.186,270.528,228.509,142.918,96.135,52.735,28.224,12.672
10.05667,315.272,270.571,228.553,142.886,96.160,52.829,28.202,12.683
10.06000,315.316,270.577,228.545,142.939,96.194,52.817,28.247,12.679
10.06333,315.456,270.666,228.660,143.010,96.273,52.835,28.261,12.715
10.06667,315.563,270.751,228.734,143.112,96.202,52.796,28.234,12.785
10.07000,315.669,270.822,228.786,143.157,96.280,52.790,28.286,12.749
10.07333,315.657,270.936,228.811,143.205,96.327,52.791,28.237,12.765
10.07667,315.686,270.961,228.947,143.222,96.272,52.923,28.295,12.698
10.08000,315.916,271.100,228.969,143.208,96.374,52.845,28.308,12.771
10.08333,315.943,271.193,229.061,143.245,96.361,52.909,28.304,12.712
10.08667,316.028,271.208,229.116,143.341,96.416,52.939,28.337,12.731
10.09000,316.103,271.276,229.187,143.290,96.453,52.892,28.280,12.697
10.09333,316.153,271.363,229.148,143.395,96.402,52.968,28.305,12.723
10.09667,316.266,271.416,229.270,143.431,96.487,52.943,28.331,12.731
10.10000,316.366,271.448,229.262,143.427,96.564,52.962,28.304,12.736
10.10333,316.515,271.595,229.389,143.484,96.499,52.968,28.376,12.794
10.10667,316.506,271.620,229.431,143.508,96.561,52.933,28.383,12.739
10.11000,316.637,271.680,229.483,143.589,96.570,53.021,28.318,12.739
10.11333,316.670,271.744,229.569,143.554,96.614,53.045,28.375,12.761
10.11667,316.716,271.848,229.584,143.574,96.604,53.034,28.437,12.688
10.12000,316.857,271.848,229.597,143.687,96.638,53.085,28.337,12.729
10.12333,316.931,271.898,229.726,143.730,96.634,53.095,28.477,12.741
10.12667,317.016,272.029,229.824,143.716,96.699,53.076,28.391,12.820
10.13000,317.075,272.085,229.829,143.808,96.789,53.096,28.341,12.739
10.13333,317.170,272.180,229.874,143.825,96.736,53.109,28.406,12.737
10.13667,317.182,272.181,229.945,143.860,96.851,53.095,28.454,12.791
10.14000,317.368,272.278,230.023,143.901,96.722,53.174,28.363,12.856
10.14333,317.451,272.333,230.102,143.877,96.842,53.133,28.448,12.812
10.14667,317.513,272.466,230.149,143.970,96.888,53.155,28.487,12.789
10.15000,317.576,272.434,230.166,144.001,96.903,53.201,28.444,12.825
10.15333,317.644,272.582,230.217,144.072,96.903,53.159,28.451,12.844
10.15667,317.705,272.607,230.301,144.111,96.988,53.238,28.470,12.828
10.16000,317.828,272.728,230.376,144.109,96.950,53.218,28.479,12.865
10.16333,317.937,272.716,230.425,144.120,96.974,53.236,28.470,12.786
10.16667,318.003,272.862,230.506,144.240,97.027,53.235,28.457,12.877
10.17000,318.068,272.905,230.503,144.227,96.979,53.245,28.487,12.861
10.17333,318.114,272.934,230.531,144.219,97.089,53.288,28.481,12.839
10.17667,318.212,273.000,230.626,144.293,97.040,53.287,28.503,12.828
10.18000,318.332,273.112,230.644,144.336,97.073,53.204,28.492,12.838
10.18333,318.422,273.190,230.729,144.364,97.113,53.304,28.596,12.875
10.18667,318.392,273.246,230.857,144.455,97.156,53.374,28.530,12.909
10.19000,318.596,273.327,230.858,144.462,97.198,53.319,28.479,12.756
10.19333,318.584,273.333,231.005,144.459,97.184,53.391,28.474,12.809
10.19667,318.682,273.413,230.990,144.479,97.216,53.345,28.574,12.840
10.20000,318.670,273.487,231.023,144.591,97.238,53.362,28.515,12.844
10.20333,318.823,273.536,231.024,144.590,97.287,53.374,28.575,12.820
10.20667,318.861,273.628,231.123,144.635,97.213,53.413,28.536,12.927
10.21000,318.979,273.703,231.208,144.627,97.321,53.376,28.556,12.877
10.21333,319.057,273.820,231.270,144.731,97.354,53.421,28.562,12.892
10.21667,319.125,273.823,231.287,144.756,97.411,53.437,28.619,12.932
10.22000,319.255,273.877,231.405,144.768,97.369,53.428,28.684,12.888
10.22333,319.281,273.980,231.448,144.810,97.385,53.453,28.579,12.866
10.22667,319.319,274.016,231.475,144.788,97.423,53.438,28.535,12.899
10.23000,319.390,274.105,231.513,144.809,97.407,53.427,28.606,12.896
10.23333,319.542,274.152,231.596,144.827,97.449,53.468,28.669,12.877
10.23667,319.555,274.226,231.628,144.954,97.559,53.489,28.638,12.923
10.24000,319.674,274.310,231.719,144.904,97.486,53.521,28.612,12.933
10.24333,319.781,274.325,231.702,144.937,97.581,53.544,28.658,12.903
10.24667,319.801,274.393,231.876,145.073,97.534,53.558,28.645,12.842
10.25000,319.947,274.477,231.888,145.020,97.579,53.536,28.668,12.873
10.25333,319.985,274.571,231.871,145.109,97.560,53.527,28.697,12.964
10.25667,320.021,274.617,231.946,145.091,97.606,53.561,28.696,12.960
10.26000,320.071,274.660,231.975,145.136,97.634,53.621,28.664,12.913
10.26333,320.190,274.787,232.104,145.180,97.676,53.640,28.740,12.954
10.26667,320.237,274.739,232.112,145.208,97.675,53.587,28.688,12.929
10.27000,320.379,274.874,232.206,145.243,97.707,53.609,28.652,12.890
10.27333,320.363,274.939,232.259,145.308,97.716,53.648,28.756,12.873
10.27667,320.447,274.882,232.266,145.383,97.804,53.613,28.705,12.916
10.28000,320.536,275.066,232.304,145.293,97.855,53.669,28.678,12.894
10.28333,320.643,275.095,232.402,145.339,97.817,53.630,28.730,12.942
10.28667,320.655,275.132,232.433,145.454,97.869,53.728,28.732,12.910
10.29000,320.754,275.248,232.544,145.466,97.846,53.694,28.717,12.935
10.29333,320.895,275.312,232.486,145.486,97.795,53.711,28.731,12.907
10.29667,320.868,275.356,232.622,145.559,97.908,53.696,28.739,12.933
10.30000,321.051,275.497,232.591,145.541,97.898,53.730,28.714,12.971
10.30333,321.073,275.476,232.696,145.593,97.986,53.709,28.786,12.941
10.30667,321.162,275.568,232.763,145.637,97.949,53.780,28.823,12.909
10.31000,321.193,275.613,232.809,145.610,97.961,53.831,28.752,12.900
10.31333,321.211,275.688,232.857,145.775,97.978,53.831,28.835,12.998
10.31667,321.390,275.707,232.856,145.690,97.991,53.765,28.777,12.943
10.32000,321.405,275.780,233.009,145.764,97.997,53.797,28.863,13.000
10.32333,321.511,275.869,232.995,145.830,98.067,53.814,28.869,12.994
10.32667,321.512,275.874,233.025,145.789,98.083,53.821,28.814,13.047
10.33000,321.635,275.958,233.081,145.903,98.124,53.842,28.767,13.019
10.33333,321.746,276.073,233.160,145.924,98.122,53.861,28.826,13.006
10.33667,321.732,275.984,233.188,145.886,98.199,53.807,28.829,12.980
10.34000,321.831,276.173,233.206,145.965,98.220,53.889,28.883,13.030
10.34333,321.868,276.221,233.272,146.003,98.138,53.885,28.875,13.029
10.34667,322.015,276.275,233.418,146.027,98.200,53.926,28.850,12.917
10.35000,322.054,276.305,233.415,146.041,98.214,53.895,28.814,13.041
10.35333,322.091,276.331,233.494,146.092,98.279,53.960,28.847,12.999
10.35667,322.156,276.417,233.508,146.129,98.272,53.895,28.824,13.006
10.36000,322.238,276.496,233.639,146.119,98.305,53.880,28.929,13.033
10.36333,322.364,276.530,233.625,146.189,98.311,53.963,28.824,13.046
10.36667,322.362,276.571,233.649,146.174,98.347,53.975,28.914,12.998
10.37000,322.474,276.708,233.669,146.249,98.378,53.959,28.857,13.020
10.37333,322.488,276.715,233.845,146.253,98.384,54.006,28.856,12.963
10.37667,322.596,276.783,233.778,146.265,98.408,54.055,28.911,12.982
10.38000,322.669,276.851,233.837,146.276,98.396,54.064,28.928,13.022
10.38333,322.679,276.856,233.895,146.328,98.414,54.080,28.841,13.021
10.38667,322.771,276.972,233.969,146.424,98.442,54.060,28.872,12.983
10.39000,322.847,277.013,234.014,146.379,98.502,54.079,28.879,13.036
10.39333,322.944,277.102,234.034,146.401,98.465,54.087,28.896,13.034
10.39667,322.921,277.101,234.096,146.489,98.492,54.098,28.897,13.051
10.40000,322.984,277.224,234.137,146.553,98.517,54.081,28.966,13.031
10.40333,323.142,277.250,234.225,146.600,98.585,54.172,29.004,13.048
10.40667,323.149,277.380,234.231,146.589,98.571,54.082,28.969,13.054
10.41000,323.216,277.336,234.251,146.619,98.638,54.094,29.000,13.007
10.41333,323.303,277.416,234.313,146.657,98.574,54.114,28.994,12.966
10.41667,323.403,277.438,234.372,146.662,98.636,54.153,28.968,13.069
10.42000,323.432,277.519,234.423,146.747,98.604,54.078,28.998,13.001
10.42333,323.509,277.701,234.523,146.741,98.649,54.186,28.951,13.030
10.42667,323.556,277.644,234.617,146.721,98.704,54.188,28.980,13.034
10.43000,323.665,277.752,234.532,146.756,98.687,54.200,28.952,13.056
10.43333,323.719,277.761,234.642,146.775,98.723,54.203,28.989,13.103
10.43667,323.692,277.794,234.676,146.810,98.758,54.234,28.984,13.072
10.44000,323.889,277.873,234.740,146.846,98.739,54.233,29.019,13.064
10.44333,323.905,277.873,234.790,146.927,98.750,54.218,28.998,13.085
10.44667,323.998,277.981,234.835,146.889,98.833,54.247,29.032,13.047
10.45000,324.029,278.069,234.810,146.934,98.870,54.244,29.100,13.135
10.45333,324.086,278.040,234.925,146.986,98.846,54.240,28.957,13.098
10.45667,324.174,278.133,234.948,147.026,98.916,54.279,29.077,13.060
10.46000,324.170,278.153,235.012,147.034,98.887,54.372,29.089,13.078
10.46333,324.326,278.242,234.999,147.049,98.931,54.252,29.015,13.028
10.46667,324.350,278.287,235.106,147.077,98.929,54.272,29.116,13.082
10.47000,324.424,278.359,235.137,147.058,98.993,54.333,29.096,13.123
10.47333,324.514,278.489,235.178,147.129,98.997,54.293,29.022,13.054
10.47667,324.550,278.483,235.213,147.222,99.033,54.308,29.067,13.165
10.48000,324.531,278.572,235.272,147.168,98.997,54.309,29.040,13.029
10.48333,324.675,278.535,235.329,147.211,98.985,54.339,29.086,13.057
10.48667,324.701,278.638,235.318,147.246,99.035,54.396,29.061,13.120
10.49000,324.814,278.704,235.356,147.330,99.083,54.410,29.119,13.114
10.49333,324.843,278.744,235.400,147.380,99.082,54.374,29.088,13.093
10.49667,324.920,278.810,235.487,147.278,99.049,54.425,29.164,13.060
10.50000,324.907,278.835,235.538,147.420,99.095,54.356,29.074,13.123
10.50333,325.040,278.871,235.526,147.432,99.185,54.388,29.135,13.143
10.50667,325.092,278.941,235.646,147.452,99.131,54.431,29.101,13.082
10.51000,325.085,279.011,235.675,147.492,99.229,54.425,29.154,13.167
10.51333,325.211,279.038,235.739,147.513,99.157,54.385,29.137,13.150
10.51667,325.344,279.139,235.729,147.493,99.203,54.439,29.140,13.093
10.52000,325.298,279.126,235.780,147.556,99.245,54.443,29.152,13.135
10.52333,325.385,279.202,235.864,147.565,99.295,54.409,29.174,13.142
10.52667,325.452,279.241,235.874,147.543,99.333,54.518,29.198,13.138
10.53000,325.471,279.338,236.034,147.678,99.277,54.497,29.189,13.140
10.53333,325.568,279.324,235.923,147.699,99.307,54.489,29.153,13.162
10.53667,325.628,279.357,235.999,147.715,99.324,54.512,29.192,13.110
10.54000,325.694,279.498,236.101,147.674,99.300,54.552,29.159,13.137
10.54333,325.747,279.576,236.152,147.788,99.340,54.574,29.215,13.180
10.54667,325.772,279.554,236.157,147.902,99.436,54.574,29.182,13.122
10.55000,325.851,279.679,236.153,147.797,99.405,54.518,29.242,13.117
10.55333,325.975,279.676,236.207,147.811,99.410,54.581,29.239,13.201
10.55667,326.040,279.679,236.311,147.799,99.394,54.608,29.254,13.097
10.56000,326.054,279.758,236.356,147.853,99.449,54.548,29.201,13.148
10.56333,326.057,279.837,236.380,147.972,99.414,54.623,29.207,13.111
10.56667,326.215,279.864,236.433,147.934,99.492,54.620,29.221,13.111
10.57000,326.163,279.993,236.421,147.926,99.483,54.687,29.258,13.097
10.57333,326.280,279.967,236.542,147.961,99.538,54.635,29.252,13.120
10.57667,326.361,280.095,236.541,148.038,99.604,54.645,29.261,13.185
10.58000,326.349,280.105,236.533,148.047,99.598,54.639,29.229,13.133
10.58333,326.492,280.126,236.655,148.116,99.595,54.652,29.239,13.126
10.58667,326.497,280.194,236.629,148.140,99.604,54.643,29.288,13.242
10.59000,326.617,280.213,236.672,148.049,99.625,54.706,29.247,13.153
10.59333,326.615,280.208,236.724,148.137,99.633,54.733,29.378,13.101
10.59667,326.721,280.277,236.784,148.189,99.648,54.725,29.312,13.098
10.60000,326.748,280.407,236.783,148.187,99.652,54.777,29.229,13.135
10.60333,326.755,280.346,236.903,148.226,99.674,54.735,29.237,13.215
10.60667,326.831,280.463,236.963,148.253,99.686,54.709,29.306,13.193
10.61000,326.897,280.438,236.962,148.242,99.730,54.739,29.291,13.224
10.61333,326.958,280.523,237.001,148.290,99.712,54.761,29.352,13.197
10.61667,327.023,280.570,237.065,148.351,99.809,54.781,29.338,13.221
10.62000,327.036,280.695,237.013,148.346,99.770,54.677,29.323,13.179
10.62333,327.139,280.724,237.159,148.368,99.757,54.714,29.340,13.245
10.62667,327.195,280.708,237.170,148.425,99.812,54.761,29.293,13.259
10.63000,327.248,280.777,237.185,148.441,99.846,54.841,29.358,13.292
10.63333,327.283,280.817,237.224,148.387,99.826,54.769,29.369,13.243
10.63667,327.368,280.956,237.314,148.473,99.900,54.856,29.321,13.184
10.64000,327.469,280.943,237.313,148.456,99.871,54.815,29.317,13.241
10.64333,327.467,281.017,237.364,148.475,99.822,54.810,29.345,13.265
10.64667,327.571,280.996,237.376,148.594,99.940,54.800,29.383,13.175
10.65000,327.542,281.047,237.481,148.618,99.918,54.867,29.362,13.161
10.65333,327.576,281.168,237.517,148.621,99.915,54.850,29.408,13.245
10.65667,327.647,281.179,237.517,148.614,99.929,54.832,29.386,13.269
10.66000,327.760,281.202,237.544,148.571,100.003,54.776,29.366,13.237
10.66333,327.800,281.297,237.618,148.685,99.976,54.887,29.348,13.251
10.66667,327.757,281.350,237.613,148.683,99.984,54.890,29.374,13.205
10.67000,327.941,281.373,237.672,148.691,100.007,54.883,29.449,13.212
10.67333,327.902,281.461,237.742,148.762,100.030,54.901,29.361,13.187
10.67667,328.032,281.465,237.748,148.742,100.037,54.874,29.458,13.195
10.68000,328.081,281.383,237.765,148.787,100.143,54.904,29.429,13.299
10.68333,328.135,281.570,237.838,148.864,100.134,54.934,29.365,13.291
10.68667,328.188,281.569,237.876,148.820,100.118,54.958,29.424,13.254
10.69000,328.213,281.646,237.893,148.853,100.155,55.002,29.473,13.235
10.69333,328.233,281.745,237.977,148.989,100.133,55.000,29.433,13.202
10.69667,328.292,281.680,237.979,148.877,100.165,54.976,29.462,13.259
10.70000,328.354,281.758,238.046,148.914,100.156,54.968,29.437,13.276
10.70333,328.432,281.823,238.040,148.910,100.188,54.985,29.473,13.252
10.70667,328.488,281.849,238.141,149.027,100.134,54.990,29.468,13.264
10.71000,328.479,281.928,238.154,149.029,100.187,55.028,29.496,13.284
10.71333,328.567,281.988,238.134,149.062,100.268,54.999,29.469,13.294
10.71667,328.624,282.009,238.226,149.052,100.260,55.065,29.446,13.231
10.72000,328.709,282.083,238.291,149.048,100.324,55.070,29.503,13.243
10.72333,328.753,282.104,238.305,149.081,100.258,55.035,29.496,13.226
10.72667,328.779,282.090,238.318,149.083,100.297,55.083,29.501,13.194
10.73000,328.780,282.151,238.325,149.153,100.323,55.054,29.472,13.330
10.73333,328.866,282.262,238.300,149.165,100.358,55.085,29.487,13.284
10.73667,328.940,282.217,238.411,149.201,100.353,55.066,29.504,13.304
10.74000,329.028,282.318,238.454,149.202,100.352,55.103,29.486,13.289
10.74333,328.997,282.292,238.490,149.279,100.325,55.096,29.458,13.266
10.74667,329.162,282.376,238.598,149.264,100.396,55.212,29.527,13.202
10.75000,329.159,282.452,238.521,149.293,100.374,55.049,29.458,13.219
10.75333,329.264,282.557,238.568,149.286,100.409,55.062,29.528,13.246
10.75667,329.265,282.511,238.663,149.380,100.491,55.158,29.503,13.322
10.76000,329.300,282.581,238.725,149.388,100.484,55.128,29.571,13.275
10.76333,329.395,282.621,238.746,149.374,100.491,55.064,29.547,13.329
10.76667,329.402,282.630,238.821,149.398,100.501,55.171,29.532,13.242
10.77000,329.480,282.674,238.773,149.466,100.513,55.167,29.569,13.267
10.77333,329.519,282.748,238.848,149.451,100.537,55.154,29.615,13.192
10.77667,329.536,282.784,238.847,149.449,100.497,55.149,29.546,13.297
10.78000,329.617,282.854,238.917,149.494,100.511,55.204,29.607,13.235
10.78333,329.612,282.843,238.932,149.462,100.563,55.226,29.566,13.237
10.78667,329.689,282.886,239.054,149.473,100.565,55.217,29.564,13.289
10.79000,329.759,282.912,238.983,149.562,100.611,55.192,29.607,13.300
10.79333,329.760,282.986,239.054,149.536,100.692,55.175,29.539,13.287
10.79667,329.864,282.992,239.044,149.573,100.581,55.242,29.499,13.277
10.80000,329.918,283.085,239.118,149.583,100.632,55.220,29.584,13.352
10.80333,329.932,283.141,239.097,149.729,100.684,55.246,29.512,13.332
10.80667,329.992,283.168,239.190,149.688,100.674,55.275,29.632,13.264
10.81000,330.003,283.187,239.213,149.679,100.650,55.250,29.656,13.292
10.81333,330.066,283.178,239.256,149.714,100.683,55.277,29.597,13.298
10.81667,330.061,283.280,239.269,149.695,100.715,55.274,29.620,13.296
10.82000,330.175,283.311,239.295,149.715,100.739,55.291,29.619,13.291
10.82333,330.234,283.427,239.324,149.729,100.714,55.271,29.661,13.277
10.82667,330.234,283.361,239.404,149.818,100.760,55.366,29.560,13.338
10.83000,330.277,283.407,239.385,149.849,100.760,55.313,29.579,13.336
10.83333,330.348,283.444,239.485,149.837,100.791,55.283,29.634,13.310
10.83667,330.408,283.560,239.484,149.866,100.758,55.369,29.749,13.281
10.84000,330.413,283.463,239.499,149.864,100.716,55.412,29.603,13.374
10.84333,330.507,283.605,239.530,149.830,100.815,55.402,29.684,13.329
10.84667,330.564,283.665,239.557,149.900,100.790,55.347,29.666,13.376
10.85000,330.603,283.766,239.655,149.881,100.877,55.331,29.606,13.355
10.85333,330.719,283.772,239.649,150.004,100.879,55.340,29.604,13.343
10.85667,330.706,283.716,239.673,150.006,100.880,55.358,29.663,13.387
10.86000,330.677,283.741,239.727,149.991,100.904,55.356,29.711,13.341
10.86333,330.774,283.811,239.741,150.040,100.903,55.463,29.654,13.279
10.86667,330.813,283.857,239.747,150.064,100.979,55.366,29.672,13.356
10.87000,330.845,283.840,239.748,150.135,100.899,55.369,29.650,13.356
10.87333,330.896,283.939,239.884,150.070,100.883,55.408,29.658,13.371
10.87667,331.003,284.005,239.841,150.131,100.965,55.428,29.680,13.340
10.88000,331.011,283.966,239.912,150.122,101.038,55.460,29.678,13.363
10.88333,331.088,284.092,239.979,150.124,100.994,55.447,29.700,13.335
10.88667,331.113,284.117,239.973,150.119,100.990,55.351,29.654,13.293
10.89000,331.145,284.131,240.035,150.243,100.972,55.433,29.725,13.319
10.89333,331.190,284.175,240.078,150.179,101.054,55.435,29.685,13.355
10.89667,331.202,284.200,240.132,150.260,101.042,55.484,29.655,13.379
10.90000,331.247,284.201,240.074,150.243,100.997,55.486,29.676,13.301
10.90333,331.281,284.334,240.169,150.288,101.085,55.531,29.728,13.350
10.90667,331.290,284.330,240.181,150.272,101.069,55.453,29.689,13.376
10.91000,331.409,284.419,240.211,150.311,101.090,55.571,29.710,13.378
10.91333,331.531,284.392,240.240,150.361,101.134,55.477,29.735,13.426
10.91667,331.495,284.377,240.304,150.380,101.088,55.512,29.690,13.342
10.92000,331.541,284.463,240.307,150.404,101.158,55.530,29.740,13.369
10.92333,331.576,284.526,240.408,150.393,101.113,55.486,29.792,13.384
10.92667,331.612,284.571,240.354,150.418,101.219,55.526,29.767,13.379
10.93000,331.695,284.531,240.452,150.477,101.131,55.509,29.769,13.353
10.93333,331.645,284.534,240.466,150.455,101.150,55.555,29.734,13.415
10.93667,331.769,284.678,240.452,150.434,101.158,55.506,29.782,13.422
10.94000,331.825,284.702,240.457,150.560,101.250,55.569,29.765,13.380
10.94333,331.774,284.680,240.505,150.491,101.180,55.553,29.787,13.387
10.94667,331.875,284.783,240.531,150.476,101.223,55.593,29.683,13.405
10.95000,331.902,284.830,240.587,150.484,101.236,55.590,29.737,13.384
10.95333,331.975,284.880,240.613,150.475,101.321,55.602,29.777,13.413
10.95667,331.981,284.906,240.661,150.570,101.271,55.608,29.799,13.431
10.96000,332.029,284.924,240.654,150.590,101.302,55.628,29.751,13.373
10.96333,332.083,284.968,240.704,150.671,101.289,55.654,29.785,13.411
10.96667,332.067,284.981,240.749,150.651,101.272,55.546,29.789,13.391
10.97000,332.151,284.966,240.774,150.677,101.310,55.574,29.750,13.419
10.97333,332.215,284.967,240.823,150.696,101.359,55.606,29.819,13.360
10.97667,332.256,285.079,240.784,150.756,101.294,55.587,29.818,13.449
10.98000,332.243,285.094,240.899,150.710,101.399,55.569,29.859,13.417
10.98333,332.304,285.107,240.922,150.729,101.371,55.589,29.818,13.429
10.98667,332.402,285.211,240.927,150.780,101.405,55.589,29.844,13.452
10.99000,332.388,285.242,240.941,150.790,101.377,55.663,29.815,13.378
10.99333,332.472,285.261,240.961,150.796,101.376,55.672,29.835,13.467
10.99667,332.488,285.286,241.015,150.809,101.406,55.669,29.865,13.466
11.00000,332.539,285.332,241.073,150.839,101.414,55.660,29.860,13.392
11.00333,332.562,285.346,241.106,150.934,101.449,55.656,29.846,13.412
11.00667,332.579,285.408,241.108,150.872,101.426,55.684,29.888,13.420
11.01000,332.665,285.450,241.155,150.927,101.455,55.714,29.776,13.423
11.01333,332.728,285.506,241.123,150.840,101.410,55.709,29.856,13.429
11.01667,332.721,285.531,241.167,150.859,101.510,55.735,29.798,13.421
11.02000,332.833,285.513,241.181,150.964,101.572,55.649,29.829,13.438
11.02333,332.792,285.552,241.227,150.972,101.539,55.711,29.865,13.459
11.02667,332.882,285.522,241.330,151.039,101.619,55.721,29.857,13.470
11.03000,332.919,285.656,241.294,150.978,101.542,55.744,29.874,13.365
11.03333,332.915,285.648,241.344,151.048,101.499,55.685,29.831,13.414
11.03667,332.943,285.753,241.378,151.034,101.608,55.802,29.894,13.434
11.04000,332.969,285.747,241.438,151.107,101.588,55.776,29.876,13.409
11.04333,333.035,285.749,241.452,151.045,101.612,55.738,29.902,13.434
11.04667,333.089,285.847,241.460,151.081,101.659,55.841,29.861,13.477
11.05000,333.082,285.772,241.490,151.115,101.604,55.799,29.824,13.441
11.05333,333.156,285.874,241.536,151.168,101.668,55.739,29.842,13.447
11.05667,333.224,285.881,241.555,151.153,101.594,55.800,29.879,13.360
11.06000,333.127,285.936,241.575,151.173,101.688,55.731,29.855,13.446
11.06333,333.291,285.962,241.581,151.229,101.644,55.826,29.884,13.423
11.06667,333.326,286.007,241.594,151.195,101.673,55.794,29.943,13.540
11.07000,333.363,286.037,241.654,151.189,101.718,55.816,29.866,13.448
11.07333,333.367,286.027,241.672,151.234,101.700,55.819,29.941,13.365
11.07667,333.445,286.144,241.701,151.235,101.660,55.935,29.940,13.429
11.08000,333.472,286.191,241.778,151.279,101.704,55.818,29.905,13.434
11.08333,333.500,286.168,241.737,151.296,101.743,55.849,29.932,13.470
11.08667,333.540,286.192,241.779,151.271,101.737,55.830,29.895,13.466
11.09000,333.584,286.228,241.802,151.351,101.707,55.806,29.879,13.494
11.09333,333.626,286.283,241.835,151.329,101.761,55.882,29.927,13.460
11.09667,333.665,286.309,241.848,151.342,101.825,55.875,29.832,13.512
11.10000,333.716,286.300,241.887,151.345,101.865,55.851,29.993,13.461
11.10333,333.726,286.339,241.945,151.355,101.831,55.896,29.925,13.447
11.10667,333.732,286.399,241.949,151.425,101.778,55.887,29.920,13.487
11.11000,333.798,286.457,241.952,151.446,101.815,55.914,29.934,13.479
11.11333,333.816,286.512,241.962,151.423,101.824,55.886,29.935,13.538
11.11667,333.911,286.466,241.996,151.482,101.850,55.887,29.906,13.497
11.12000,333.885,286.539,241.998,151.500,101.804,55.926,29.933,13.523
11.12333,333.978,286.528,242.005,151.495,101.962,55.947,29.961,13.503
11.12667,334.011,286.617,242.116,151.415,101.864,55.954,30.014,13.471
11.13000,334.052,286.634,242.165,151.539,101.879,55.917,29.997,13.361
11.13333,334.071,286.671,242.121,151.502,101.835,55.949,29.980,13.423
11.13667,334.148,286.650,242.161,151.583,101.962,55.937,29.995,13.405
11.14000,334.171,286.766,242.199,151.588,101.952,55.973,29.987,13.448
11.14333,334.140,286.709,242.231,151.550,101.852,55.916,29.933,13.535
11.14667,334.192,286.832,242.208,151.639,101.962,55.977,30.008,13.500
11.15000,334.203,286.742,242.285,151.598,101.959,55.932,29.920,13.494
11.15333,334.272,286.836,242.268,151.569,101.945,55.911,29.971,13.486
11.15667,334.326,286.832,242.295,151.676,101.935,56.024,29.927,13.509
11.16000,334.300,286.879,242.329,151.719,101.993,55.959,29.933,13.499
11.16333,334.434,286.869,242.351,151.702,101.967,55.935,30.035,13.508
11.16667,334.344,286.931,242.463,151.657,102.017,56.008,29.991,13.526
11.17000,334.458,286.997,242.399,151.706,102.073,56.007,30.014,13.536
11.17333,334.508,287.023,242.399,151.645,102.006,55.954,29.887,13.478
11.17667,334.548,287.020,242.370,151.722,102.037,56.026,29.966,13.479
11.18000,334.584,287.031,242.518,151.802,102.036,56.030,30.033,13.501
11.18333,334.572,287.121,242.554,151.782,102.111,56.010,30.006,13.457
11.18667,334.563,287.084,242.581,151.804,102.097,56.047,30.010,13.499
11.19000,334.669,287.201,242.486,151.729,102.152,56.048,29.994,13.516
11.19333,334.712,287.163,242.579,151.847,102.072,55.966,29.986,13.485
11.19667,334.706,287.192,242.601,151.837,102.049,56.070,29.982,13.500
11.20000,334.742,287.259,242.646,151.846,102.104,56.015,29.999,13.510
11.20333,334.797,287.251,242.736,151.903,102.095,56.040,30.034,13.511
11.20667,334.866,287.235,242.650,151.884,102.097,56.019,30.036,13.474
11.21000,334.786,287.304,242.721,151.902,102.122,56.002,30.008,13.551
11.21333,334.908,287.365,242.710,151.953,102.141,56.107,30.043,13.545
11.21667,334.921,287.348,242.718,151.959,102.140,56.022,30.035,13.445
11.22000,334.907,287.450,242.784,151.920,102.219,56.084,30.032,13.488
11.22333,335.011,287.409,242.796,151.914,102.148,56.103,30.001,13.466
11.22667,335.093,287.489,242.837,151.991,102.188,56.130,29.963,13.526
11.23000,334.982,287.507,242.909,151.971,102.247,56.088,30.067,13.537
11.23333,335.021,287.476,242.867,151.998,102.186,56.138,30.045,13.458
11.23667,335.091,287.537,242.904,151.994,102.249,56.117,30.094,13.578
11.24000,335.182,287.552,242.978,152.009,102.285,56.078,30.073,13.518
11.24333,335.204,287.587,242.939,152.005,102.256,56.100,30.040,13.485
11.24667,335.216,287.632,242.969,152.062,102.225,56.133,30.115,13.488
11.25000,335.150,287.678,242.970,152.004,102.226,56.105,30.108,13.580
11.25333,335.284,287.649,243.038,152.053,102.234,56.149,30.133,13.441
11.25667,335.352,287.788,243.036,152.098,102.243,56.156,30.094,13.560
11.26000,335.293,287.789,242.995,152.105,102.275,56.184,30.084,13.578
11.26333,335.361,287.789,243.059,152.117,102.357,56.093,30.031,13.496
11.26667,335.399,287.853,243.192,152.155,102.309,56.187,30.028,13.538
11.27000,335.442,287.754,243.125,152.153,102.325,56.121,30.012,13.536
11.27333,335.468,287.835,243.131,152.133,102.399,56.170,30.065,13.489
11.27667,335.524,287.853,243.177,152.233,102.312,56.167,30.109,13.578
11.28000,335.508,287.911,243.259,152.128,102.316,56.177,30.094,13.536
11.28333,335.532,287.949,243.247,152.204,102.424,56.184,30.081,13.499
11.28667,335.620,288.012,243.206,152.210,102.382,56.164,30.092,13.559
11.29000,335.642,287.946,243.210,152.288,102.358,56.165,30.118,13.557
11.29333,335.662,288.058,243.349,152.262,102.384,56.238,30.088,13.554
11.29667,335.699,288.025,243.293,152.295,102.402,56.247,30.078,13.585
11.30000,335.693,288.056,243.314,152.303,102.426,56.207,30.128,13.553
11.30333,335.740,288.109,243.377,152.295,102.404,56.195,30.129,13.503
11.30667,335.801,288.154,243.410,152.277,102.429,56.273,30.099,13.569
11.31000,335.792,288.085,243.345,152.320,102.408,56.246,30.145,13.599
11.31333,335.832,288.174,243.416,152.361,102.488,56.250,30.176,13.477
11.31667,335.861,288.193,243.432,152.353,102.526,56.220,30.116,13.609
11.32000,335.890,288.215,243.443,152.345,102.438,56.248,30.190,13.568
11.32333,335.906,288.218,243.437,152.390,102.500,56.226,30.121,13.591
11.32667,335.966,288.223,243.516,152.400,102.493,56.247,30.096,13.574
11.33000,335.981,288.362,243.520,152.356,102.536,56.283,30.108,13.594
11.33333,336.025,288.318,243.532,152.406,102.464,56.323,30.147,13.582
11.33667,336.014,288.348,243.558,152.443,102.489,56.311,30.136,13.568
11.34000,336.104,288.342,243.600,152.436,102.572,56.235,30.103,13.574
11.34333,336.074,288.378,243.643,152.464,102.482,56.279,30.071,13.569
11.34667,336.124,288.432,243.671,152.430,102.528,56.259,30.111,13.516
11.35000,336.142,288.399,243.660,152.428,102.612,56.294,30.181,13.546
11.35333,336.235,288.454,243.656,152.481,102.603,56.326,30.205,13.540
11.35667,336.151,288.466,243.773,152.542,102.528,56.328,30.111,13.611
11.36000,336.244,288.517,243.763,152.552,102.597,56.308,30.161,13.561
11.36333,336.235,288.566,243.726,152.538,102.504,56.361,30.134,13.557
11.36667,336.239,288.590,243.725,152.541,102.607,56.310,30.195,13.565
11.37000,336.331,288.594,243.810,152.553,102.570,56.306,30.130,13.602
11.37333,336.386,288.597,243.833,152.611,102.614,56.303,30.121,13.567
11.37667,336.390,288.669,243.849,152.584,102.692,56.342,30.171,13.546
11.38000,336.398,288.617,243.842,152.668,102.577,56.298,30.252,13.638
11.38333,336.474,288.713,243.877,152.565,102.647,56.349,30.075,13.638
11.38667,336.404,288.756,243.863,152.570,102.649,56.334,30.144,13.560
11.39000,336.463,288.774,243.893,152.675,102.695,56.322,30.161,13.581
11.39333,336.486,288.811,243.864,152.605,102.625,56.344,30.177,13.556
11.39667,336.602,288.800,243.961,152.661,102.701,56.318,30.191,13.602
11.40000,336.651,288.765,244.019,152.682,102.677,56.297,30.215,13.562
11.40333,336.592,288.859,243.979,152.698,102.685,56.329,30.209,13.603
11.40667,336.651,288.906,244.021,152.703,102.664,56.380,30.209,13.588
11.41000,336.636,288.882,244.061,152.726,102.707,56.428,30.181,13.616
11.41333,336.694,288.877,243.993,152.777,102.678,56.381,30.189,13.604
11.41667,336.729,288.968,244.094,152.695,102.666,56.372,30.240,13.586
11.42000,336.733,288.977,244.111,152.780,102.686,56.372,30.265,13.593
11.42333,336.743,288.950,244.103,152.747,102.653,56.378,30.182,13.582
11.42667,336.824,289.040,244.082,152.804,102.752,56.425,30.226,13.556
11.43000,336.733,289.049,244.119,152.820,102.777,56.403,30.200,13.550
11.43333,336.856,289.028,244.184,152.856,102.757,56.363,30.145,13.586
11.43667,336.833,289.089,244.161,152.939,102.774,56.423,30.221,13.581
11.44000,336.926,289.095,244.248,152.859,102.759,56.434,30.280,13.576
11.44333,336.945,289.148,244.163,152.881,102.798,56.420,30.279,13.615
11.44667,336.964,289.152,244.261,152.850,102.719,56.381,30.245,13.577
11.45000,336.933,289.187,244.296,152.901,102.730,56.430,30.295,13.587
11.45333,337.063,289.164,244.287,152.884,102.768,56.433,30.260,13.594
11.45667,337.057,289.148,244.249,152.887,102.816,56.428,30.233,13.598
11.46000,336.975,289.222,244.375,152.877,102.793,56.461,30.257,13.615
11.46333,337.102,289.311,244.382,152.961,102.809,56.459,30.237,13.580
11.46667,337.121,289.214,244.335,152.989,102.799,56.418,30.225,13.536
11.47000,337.139,289.311,244.411,152.947,102.857,56.470,30.240,13.618
11.47333,337.233,289.332,244.433,152.933,102.865,56.460,30.301,13.615
11.47667,337.140,289.356,244.454,152.935,102.843,56.403,30.253,13.585
11.48000,337.177,289.417,244.477,152.981,102.854,56.460,30.322,13.619
11.48333,337.228,289.332,244.435,153.038,102.830,56.460,30.266,13.590
11.48667,337.260,289.395,244.542,153.042,102.882,56.527,30.237,13.633
11.49000,337.291,289.415,244.511,153.045,102.865,56.478,30.230,13.532
11.49333,337.335,289.455,244.537,153.021,102.915,56.497,30.196,13.619
11.49667,337.350,289.454,244.470,153.069,102.838,56.504,30.215,13.610
11.50000,337.367,289.501,244.533,153.058,102.914,56.485,30.202,13.587
11.50333,337.386,289.575,244.604,153.085,102.930,56.561,30.296,13.607
11.50667,337.436,289.574,244.633,153.044,102.936,56.502,30.320,13.600
11.51000,337.492,289.523,244.612,153.109,102.958,56.509,30.289,13.643
11.51333,337.493,289.564,244.652,153.080,102.911,56.534,30.282,13.578
11.51667,337.490,289.630,244.676,153.109,102.970,56.554,30.271,13.675
11.52000,337.594,289.590,244.634,153.083,102.938,56.552,30.256,13.631
11.52333,337.600,289.629,244.703,153.096,103.006,56.524,30.289,13.622
11.52667,337.593,289.722,244.738,153.106,103.014,56.522,30.284,13.624
11.53000,337.546,289.657,244.759,153.130,103.013,56.530,30.265,13.546
11.53333,337.647,289.726,244.767,153.186,102.955,56.512,30.305,13.641
11.53667,337.621,289.751,244.757,153.151,102.982,56.539,30.287,13.606
11.54000,337.656,289.738,244.777,153.169,103.059,56.544,30.323,13.644
11.54333,337.691,289.771,244.780,153.262,103.004,56.592,30.252,13.630
11.54667,337.675,289.788,244.758,153.157,103.000,56.596,30.287,13.597
11.55000,337.761,289.808,244.803,153.249,102.975,56.574,30.321,13.576
11.55333,337.803,289.837,244.872,153.265,103.001,56.559,30.307,13.637
11.55667,337.797,289.848,244.830,153.235,103.058,56.611,30.271,13.592
11.56000,337.809,289.828,244.894,153.298,103.043,56.549,30.315,13.677
11.56333,337.814,289.875,244.916,153.287,103.057,56.669,30.294,13.661
11.56667,337.948,289.938,244.945,153.274,103.067,56.543,30.298,13.665
11.57000,337.900,289.930,244.946,153.267,103.072,56.554,30.338,13.696
11.57333,337.892,289.943,244.912,153.273,103.039,56.601,30.438,13.615
11.57667,337.921,290.058,244.947,153.251,103.092,56.587,30.331,13.622
11.58000,338.012,289.980,244.985,153.329,103.052,56.547,30.380,13.658
11.58333,338.007,290.057,244.980,153.315,103.073,56.665,30.296,13.559
11.58667,338.020,290.030,245.039,153.357,103.057,56.615,30.363,13.686
11.59000,337.992,290.012,244.993,153.281,103.100,56.640,30.322,13.641
11.59333,338.048,290.046,245.022,153.327,103.076,56.594,30.235,13.694
11.59667,338.090,290.135,245.055,153.336,103.107,56.622,30.331,13.615
11.60000,338.162,290.066,245.050,153.346,103.107,56.553,30.387,13.630
11.60333,338.163,290.128,245.118,153.412,103.132,56.588,30.346,13.642
11.60667,338.086,290.182,245.079,153.382,103.185,56.692,30.337,13.676
11.61000,338.212,290.188,245.199,153.428,103.151,56.594,30.374,13.675
11.61333,338.207,290.227,245.088,153.416,103.192,56.618,30.314,13.679
11.61667,338.240,290.236,245.173,153.448,103.150,56.638,30.336,13.614
11.62000,338.290,290.253,245.155,153.448,103.150,56.621,30.368,13.647
11.62333,338.174,290.207,245.184,153.455,103.196,56.729,30.339,13.714
11.62667,338.225,290.297,245.190,153.445,103.222,56.649,30.324,13.715
11.63000,338.337,290.313,245.275,153.522,103.176,56.604,30.359,13.679
11.63333,338.326,290.283,245.184,153.476,103.161,56.653,30.359,13.672
11.63667,338.326,290.348,245.251,153.463,103.231,56.672,30.404,13.636
11.64000,338.369,290.333,245.262,153.485,103.265,56.737,30.376,13.604
11.64333,338.362,290.357,245.219,153.535,103.209,56.634,30.322,13.724
11.64667,338.417,290.415,245.261,153.577,103.199,56.617,30.362,13.645
11.65000,338.455,290.385,245.353,153.506,103.253,56.640,30.444,13.660
11.65333,338.463,290.415,245.315,153.513,103.260,56.676,30.369,13.652
11.65667,338.470,290.419,245.409,153.573,103.287,56.618,30.370,13.671
11.66000,338.488,290.506,245.365,153.566,103.304,56.774,30.394,13.708
11.66333,338.526,290.471,245.363,153.526,103.226,56.683,30.378,13.675
11.66667,338.561,290.492,245.417,153.500,103.277,56.697,30.426,13.676
11.67000,338.599,290.530,245.412,153.637,103.313,56.709,30.391,13.687
11.67333,338.672,290.524,245.455,153.565,103.275,56.691,30.353,13.678
11.67667,338.623,290.565,245.372,153.589,103.271,56.700,30.383,13.703
11.68000,338.641,290.578,245.442,153.619,103.273,56.708,30.398,13.694
11.68333,338.694,290.594,245.383,153.584,103.344,56.676,30.434,13.751
11.68667,338.680,290.630,245.486,153.648,103.232,56.736,30.394,13.649
11.69000,338.689,290.583,245.524,153.642,103.284,56.759,30.426,13.603
11.69333,338.719,290.650,245.492,153.559,103.307,56.769,30.402,13.680
11.69667,338.755,290.707,245.511,153.638,103.355,56.742,30.346,13.640
11.70000,338.762,290.749,245.580,153.668,103.339,56.696,30.405,13.691
11.70333,338.765,290.762,245.569,153.705,103.331,56.809,30.401,13.592
11.70667,338.813,290.714,245.608,153.695,103.393,56.773,30.377,13.645
11.71000,338.825,290.770,245.545,153.696,103.347,56.734,30.386,13.687
11.71333,338.860,290.750,245.599,153.764,103.362,56.754,30.408,13.628
11.71667,338.871,290.785,245.620,153.698,103.418,56.786,30.399,13.689
11.72000,338.748,290.796,245.654,153.746,103.355,56.738,30.435,13.660
11.72333,338.925,290.792,245.669,153.686,103.388,56.699,30.401,13.738
11.72667,338.929,290.851,245.667,153.784,103.379,56.731,30.386,13.664
11.73000,338.941,290.893,245.636,153.783,103.370,56.757,30.388,13.636
11.73333,338.945,290.918,245.669,153.751,103.428,56.769,30.456,13.658
11.73667,339.004,290.871,245.767,153.848,103.409,56.859,30.450,13.743
11.74000,339.059,290.826,245.685,153.747,103.466,56.774,30.405,13.633
11.74333,339.091,290.878,245.771,153.789,103.412,56.801,30.372,13.657
11.74667,339.024,290.908,245.769,153.840,103.428,56.757,30.409,13.749
11.75000,339.038,290.901,245.730,153.822,103.457,56.755,30.506,13.702
11.75333,339.111,290.916,245.786,153.854,103.420,56.803,30.416,13.680
11.75667,339.092,290.963,245.761,153.844,103.443,56.754,30.415,13.734
11.76000,339.093,291.013,245.850,153.857,103.431,56.794,30.494,13.622
11.76333,339.111,291.067,245.827,153.848,103.415,56.757,30.438,13.643
11.76667,339.155,291.072,245.879,153.803,103.472,56.836,30.411,13.729
11.77000,339.112,291.045,245.807,153.923,103.455,56.874,30.391,13.761
11.77333,339.232,291.028,245.870,153.909,103.428,56.786,30.374,13.717
11.77667,339.169,291.076,245.832,153.815,103.449,56.758,30.490,13.723
11.78000,339.205,291.072,245.936,153.886,103.489,56.827,30.442,13.674
11.78333,339.255,291.070,245.868,153.929,103.469,56.799,30.427,13.747
11.78667,339.247,291.129,245.906,153.912,103.493,56.813,30.383,13.673
11.79000,339.249,291.185,245.969,153.947,103.528,56.877,30.410,13.734
11.79333,339.329,291.126,245.963,153.892,103.536,56.833,30.480,13.744
11.79667,339.398,291.139,246.009,153.938,103.517,56.850,30.384,13.712
11.80000,339.351,291.166,246.012,153.963,103.541,56.810,30.427,13.700
11.80333,339.398,291.168,245.967,153.890,103.496,56.888,30.452,13.713
11.80667,339.360,291.176,245.957,153.999,103.551,56.797,30.438,13.665
11.81000,339.442,291.160,246.050,153.965,103.511,56.842,30.387,13.740
11.81333,339.416,291.298,246.065,153.988,103.526,56.824,30.460,13.704
11.81667,339.435,291.295,246.042,154.040,103.610,56.785,30.419,13.728
11.82000,339.461,291.297,246.068,154.025,103.554,56.880,30.460,13.656
11.82333,339.465,291.262,246.117,153.983,103.534,56.858,30.493,13.735
11.82667,339.546,291.335,246.085,154.006,103.613,56.859,30.456,13.703
11.83000,339.499,291.320,246.125,154.039,103.588,56.946,30.440,13.693
11.83333,339.486,291.351,246.202,154.062,103.549,56.880,30.406,13.687
11.83667,339.552,291.367,246.166,154.028,103.555,56.829,30.444,13.733
11.84000,339.645,291.359,246.163,154.104,103.652,56.860,30.475,13.641
11.84333,339.605,291.385,246.177,154.091,103.587,56.850,30.508,13.739
11.84667,339.555,291.379,246.138,154.016,103.578,56.855,30.451,13.709
11.85000,339.639,291.411,246.161,154.080,103.596,56.880,30.480,13.726
11.85333,339.696,291.507,246.168,154.153,103.528,56.855,30.505,13.719
11.85667,339.623,291.498,246.166,154.086,103.569,56.895,30.451,13.683
11.86000,339.668,291.475,246.240,154.128,103.547,56.887,30.532,13.700
11.86333,339.712,291.478,246.219,154.078,103.591,56.925,30.444,13.744
11.86667,339.645,291.425,246.262,154.149,103.644,56.919,30.473,13.745
11.87000,339.713,291.533,246.208,154.141,103.638,56.913,30.458,13.675
11.87333,339.733,291.551,246.253,154.144,103.690,56.884,30.415,13.754
11.87667,339.788,291.599,246.392,154.102,103.692,56.933,30.511,13.700
11.88000,339.743,291.589,246.295,154.109,103.636,56.863,30.456,13.736
11.88333,339.837,291.650,246.281,154.182,103.611,56.912,30.498,13.720
11.88667,339.715,291.542,246.341,154.200,103.674,56.911,30.495,13.691
11.89000,339.802,291.563,246.312,154.118,103.635,56.937,30.510,13.648
11.89333,339.914,291.586,246.376,154.155,103.675,56.891,30.384,13.751
11.89667,339.882,291.642,246.302,154.175,103.645,56.913,30.501,13.626
11.90000,339.905,291.616,246.453,154.141,103.671,56.936,30.463,13.723
11.90333,339.933,291.684,246.317,154.200,103.684,56.865,30.511,13.719
11.90667,339.907,291.670,246.397,154.187,103.721,56.972,30.430,13.716
11.91000,340.025,291.589,246.426,154.211,103.703,56.940,30.555,13.692
11.91333,339.994,291.735,246.424,154.224,103.708,56.949,30.529,13.711
11.91667,340.007,291.707,246.440,154.248,103.702,56.956,30.514,13.676
11.92000,340.011,291.715,246.478,154.241,103.647,56.978,30.487,13.768
11.92333,339.998,291.807,246.438,154.301,103.629,56.953,30.520,13.722
11.92667,339.977,291.797,246.499,154.232,103.682,56.906,30.544,13.755
11.93000,340.055,291.805,246.492,154.198,103.698,56.967,30.456,13.731
11.93333,340.098,291.796,246.433,154.244,103.749,56.940,30.554,13.722
11.93667,340.066,291.805,246.471,154.284,103.757,56.914,30.527,13.723
11.94000,340.061,291.880,246.442,154.222,103.733,56.907,30.456,13.696
11.94333,340.157,291.896,246.514,154.304,103.717,56.929,30.624,13.716
11.94667,340.126,291.857,246.486,154.282,103.810,57.014,30.539,13.746
11.95000,340.160,291.824,246.573,154.381,103.709,57.006,30.488,13.735
11.95333,340.162,291.881,246.555,154.366,103.769,56.963,30.538,13.683
11.95667,340.191,291.836,246.566,154.312,103.777,56.933,30.527,13.719
11.96000,340.189,291.912,246.637,154.315,103.749,56.982,30.556,13.720
11.96333,340.183,291.950,246.648,154.357,103.818,56.973,30.576,13.743
11.96667,340.250,291.966,246.572,154.347,103.799,56.976,30.444,13.699
11.97000,340.277,291.954,246.682,154.324,103.802,56.916,30.530,13.714
11.97333,340.285,291.963,246.609,154.357,103.850,56.963,30.530,13.725
11.97667,340.272,291.940,246.684,154.391,103.811,56.950,30.569,13.731
11.98000,340.245,291.998,246.639,154.397,103.778,57.016,30.545,13.754
11.98333,340.285,292.013,246.665,154.411,103.829,57.032,30.485,13.690
11.98667,340.311,292.091,246.684,154.383,103.797,57.011,30.543,13.772
11.99000,340.298,292.023,246.721,154.431,103.892,56.961,30.520,13.721
11.99333,340.397,292.042,246.692,154.458,103.864,57.020,30.590,13.778
11.99667,340.393,292.094,246.692,154.396,103.847,56.950,30.542,13.755
12.00000,340.419,292.048,246.738,154.440,103.869,57.041,30.532,13.719
